{"type":"Feature","properties":{"featurecla":"Admin-1 states provinces","scalerank":2,"adm1_code":"CAN-686","diss_me":686,"iso_3166_2":"CA-NL","wikipedia":"http://en.wikipedia.org/wiki/Newfoundland_and_Labrador","iso_a2":"CA","adm0_sr":6,"name":"Newfoundland and Labrador","name_alt":"Newfoundland|Terre-Neuve|Terre-Neuve-et-Labrador","name_local":null,"type":"Province","type_en":"Province","code_local":null,"code_hasc":"CA.NF","note":null,"hasc_maybe":null,"region":"Eastern Canada","region_cod":null,"provnum_ne":6,"gadm_level":1,"check_me":20,"datarank":2,"abbrev":"N.L.","postal":"NL","area_sqkm":0,"sameascity":-99,"labelrank":2,"name_len":25,"mapcolor9":2,"mapcolor13":2,"fips":"CA05","fips_alt":null,"woe_id":2344919,"woe_label":"Newfoundland and Labrador, CA, Canada","woe_name":"Newfoundland and Labrador","latitude":48.6598,"longitude":-56.2169,"sov_a3":"CAN","adm0_a3":"CAN","adm0_label":2,"admin":"Canada","geonunit":"Canada","gu_a3":"CAN","gn_id":6354959,"gn_name":"Newfoundland and Labrador","gns_id":-570103,"gns_name":"Newfoundland and Labrador, Province of","gn_level":1,"gn_region":null,"gn_a1_code":"CA.05","region_sub":"Atlantic Canada","sub_code":null,"gns_level":1,"gns_lang":"eng","gns_adm1":"CA05","gns_region":null,"min_label":3.5,"max_label":7.5,"min_zoom":2.0,"wikidataid":"Q2003","name_ar":"نيوفندلاند ولابرادور","name_bn":"নিউফাউন্ডল্যান্ড ও লাব্রাডর","name_de":"Neufundland und Labrador","name_en":"Newfoundland and Labrador","name_es":"Terranova y Labrador","name_fr":"Terre-Neuve-et-Labrador","name_el":"Νέα Γη και Λαμπραντόρ","name_hi":"न्यूफाउंडलैंड और लैब्राडोर","name_hu":"Új-Fundland és Labrador","name_id":"Newfoundland dan Labrador","name_it":"Terranova e Labrador","name_ja":"ニューファンドランド・ラブラドール州","name_ko":"뉴펀들랜드래브라도","name_nl":"Newfoundland en Labrador","name_pl":"Nowa Fundlandia i Labrador","name_pt":"Terra Nova e Labrador","name_ru":"Ньюфаундленд и Лабрадор","name_sv":"Newfoundland och Labrador","name_tr":"Newfoundland ve Labrador","name_vi":"Newfoundland và Labrador","name_zh":"纽芬兰-拉布拉多","ne_id":1159308713,"name_he":"ניופאונדלנד ולברדור","name_uk":"Ньюфаундленд і Лабрадор","name_ur":"نیو فاؤنڈ لینڈ اور لیبراڈور","name_fa":"نیوفاندلند و لابرادور","name_zht":"紐芬蘭-拉布拉多","FCLASS_ISO":null,"FCLASS_US":null,"FCLASS_FR":null,"FCLASS_RU":null,"FCLASS_ES":null,"FCLASS_CN":null,"FCLASS_TW":null,"FCLASS_IN":null,"FCLASS_NP":null,"FCLASS_PK":null,"FCLASS_DE":null,"FCLASS_GB":null,"FCLASS_BR":null,"FCLASS_IL":null,"FCLASS_PS":null,"FCLASS_SA":null,"FCLASS_EG":null,"FCLASS_MA":null,"FCLASS_PT":null,"FCLASS_AR":null,"FCLASS_JP":null,"FCLASS_KO":null,"FCLASS_VN":null,"FCLASS_TR":null,"FCLASS_ID":null,"FCLASS_PL":null,"FCLASS_GR":null,"FCLASS_IT":null,"FCLASS_NL":null,"FCLASS_SE":null,"FCLASS_BD":null,"FCLASS_UA":null,"FCLASS_TLC":null,"iso_id":"CA-NL","iso_name":"Newfoundland and Labrador"},"geometry":{"type":"MultiPolygon","coordinates":[[[[-64.531406,60.303901],[-64.533291,60.302573],[-64.558044,60.303348],[-64.581453,60.301384],[-64.628995,60.294098],[-64.65318,60.292625],[-64.702918,60.294615],[-64.727671,60.293788],[-64.764207,60.289602],[-64.808313,60.280765],[-64.844667,60.264125],[-64.858025,60.236324],[-64.842781,60.218857],[-64.809553,60.197721],[-64.773302,60.180203],[-64.748885,60.173614],[-64.707879,60.179815],[-64.669613,60.183407],[-64.635997,60.17426],[-64.608842,60.14204],[-64.602563,60.12925],[-64.599178,60.117829],[-64.602795,60.109639],[-64.617368,60.106461],[-64.723873,60.105892],[-64.74103,60.101422],[-64.7324,60.091604],[-64.704675,60.076178],[-64.705141,60.064215],[-64.716432,60.058557],[-64.746766,60.053854],[-64.781544,60.04357],[-64.799398,60.039927],[-64.817175,60.039281],[-64.835391,60.044397],[-64.856423,60.053311],[-64.877352,60.059745],[-64.895232,60.057316],[-64.904224,60.047756],[-64.899676,60.03954],[-64.877456,60.02259],[-64.870712,60.012229],[-64.861617,59.989388],[-64.855752,59.979233],[-64.845339,59.968278],[-64.835365,59.963937],[-64.823066,59.964971],[-64.805729,59.969983],[-64.7902,59.97174],[-64.776893,59.968175],[-64.751055,59.955617],[-64.722969,59.951328],[-64.690077,59.949054],[-64.663515,59.940373],[-64.654394,59.916679],[-64.670698,59.883374],[-64.701394,59.884019],[-64.737025,59.891848],[-64.767695,59.880066],[-64.767592,59.868852],[-64.744234,59.851489],[-64.747722,59.843169],[-64.764258,59.836658],[-64.798597,59.828441],[-64.8141,59.818985],[-64.804359,59.811802],[-64.801465,59.805394],[-64.801879,59.791441],[-64.810276,59.781261],[-64.811878,59.777282],[-64.810302,59.771907],[-64.798804,59.753666],[-64.78573,59.718138],[-64.774456,59.699216],[-64.825051,59.680538],[-64.86551,59.670773],[-64.885041,59.663797],[-64.901783,59.641475],[-64.903178,59.603807],[-64.893412,59.564743],[-64.854349,59.545211],[-64.82791,59.537378],[-64.826554,59.533602],[-64.802163,59.520088],[-64.778573,59.518202],[-64.771881,59.514249],[-64.770175,59.509288],[-64.774955,59.500942],[-64.77493,59.497299],[-64.755861,59.474639],[-64.731315,59.456319],[-64.702014,59.447276],[-64.671964,59.450325],[-64.579205,59.4773],[-64.484508,59.517866],[-64.45345,59.525876],[-64.414099,59.52908],[-64.376194,59.523499],[-64.349374,59.505102],[-64.346144,59.491925],[-64.35573,59.484225],[-64.390767,59.474096],[-64.455879,59.451204],[-64.49182,59.436424],[-64.503422,59.429525],[-64.506367,59.421076],[-64.485903,59.399527],[-64.492776,59.392292],[-64.521095,59.384179],[-64.537192,59.372707],[-64.505308,59.341727],[-64.509235,59.322736],[-64.528743,59.307285],[-64.536469,59.297363],[-64.538277,59.285632],[-64.532464,59.275788],[-64.512413,59.260698],[-64.507452,59.250079],[-64.512103,59.236436],[-64.532877,59.211347],[-64.533988,59.195302],[-64.52789,59.185664],[-64.498125,59.165743],[-64.489211,59.146778],[-64.491278,59.125926],[-64.489521,59.105721],[-64.469108,59.088383],[-64.44451,59.081872],[-64.390664,59.078332],[-64.364929,59.073345],[-64.348082,59.066214],[-64.332941,59.056912],[-64.304881,59.034433],[-64.292065,59.007251],[-64.318317,58.992213],[-64.358883,58.985392],[-64.413996,58.981982],[-64.437896,58.982912],[-64.461124,58.987433],[-64.48425,58.996709],[-64.502207,59.001567],[-64.539492,59.002394],[-64.576725,59.017948],[-64.639899,59.024976],[-64.655635,59.030144],[-64.665401,59.036604],[-64.684651,59.053967],[-64.715863,59.065697],[-64.754207,59.065077],[-64.792655,59.054587],[-64.824126,59.036759],[-64.863529,58.993686],[-64.861927,58.986116],[-64.838026,58.96715],[-64.8403,58.956324],[-64.855183,58.948056],[-64.872521,58.941364],[-64.882158,58.935059],[-64.875983,58.925292],[-64.85663,58.918161],[-64.822679,58.91134],[-64.791337,58.913665],[-64.732839,58.940899],[-64.701549,58.94232],[-64.667029,58.928961],[-64.605043,58.896405],[-64.567991,58.887259],[-64.543626,58.887465],[-64.495541,58.894803],[-64.471331,58.895889],[-64.447714,58.89284],[-64.401386,58.883848],[-64.377331,58.882814],[-64.346454,58.885062],[-64.31041,58.884675],[-64.278164,58.875166],[-64.258553,58.850052],[-64.25863,58.835169],[-64.269844,58.807729],[-64.269095,58.792846],[-64.261524,58.781787],[-64.249845,58.774346],[-64.23659,58.769591],[-64.15706,58.750781],[-64.126339,58.752486],[-64.091276,58.767834],[-64.056265,58.789642],[-64.020273,58.809408],[-63.982187,58.823335],[-63.94113,58.827417],[-63.891056,58.824394],[-63.865192,58.825169],[-63.841912,58.829794],[-63.827701,58.837262],[-63.806332,58.857855],[-63.794111,58.867312],[-63.760418,58.879094],[-63.72626,58.878525],[-63.692515,58.870154],[-63.659907,58.858604],[-63.637273,58.852532],[-63.5934,58.844264],[-63.571825,58.835272],[-63.555237,58.824782],[-63.508366,58.789694],[-63.483742,58.758636],[-63.497824,58.73719],[-63.533584,58.723496],[-63.574073,58.7159],[-63.630297,58.709543],[-63.800157,58.698433],[-63.820621,58.69833],[-63.880772,58.704996],[-63.900099,58.702205],[-63.935368,58.686599],[-63.953998,58.68324],[-63.993427,58.68479],[-64.028567,58.68231],[-64.059418,58.669029],[-64.086083,58.637816],[-64.096547,58.6142],[-64.099183,58.592083],[-64.093266,58.571412],[-64.077995,58.552034],[-64.052674,58.533172],[-64.030453,58.526764],[-64.006553,58.527952],[-63.976012,58.532138],[-63.948132,58.543352],[-63.919375,58.560198],[-63.89041,58.566839],[-63.861885,58.547538],[-63.857234,58.536686],[-63.852221,58.51493],[-63.842609,58.50661],[-63.825685,58.496481],[-63.818166,58.486043],[-63.819872,58.474106],[-63.830698,58.459507],[-63.864572,58.438294],[-63.901029,58.434935],[-63.939528,58.437519],[-63.979397,58.433979],[-64.002548,58.420827],[-64.030143,58.383388],[-64.050814,58.372303],[-64.105151,58.364655],[-64.132617,58.358635],[-64.15644,58.348118],[-64.16706,58.338765],[-64.171891,58.329308],[-64.185741,58.293858],[-64.191141,58.264196],[-64.197445,58.250347],[-64.209176,58.237996],[-64.224731,58.22748],[-64.241991,58.219806],[-64.258734,58.216033],[-64.303976,58.21301],[-64.350821,58.206447],[-64.38963,58.187715],[-64.410766,58.14826],[-64.428568,58.097023],[-64.427638,58.074802],[-64.404255,58.064518],[-64.34679,58.066068],[-64.327438,58.062839],[-64.292608,58.050669],[-64.276407,58.047284],[-64.255917,58.047878],[-64.221372,58.045243],[-64.213388,58.028138],[-64.216307,58.003256],[-64.214395,57.977547],[-64.201399,57.956618],[-64.164734,57.918015],[-64.149955,57.897552],[-64.129439,57.859931],[-64.094144,57.805955],[-64.053888,57.767895],[-64.018852,57.778127],[-64.016165,57.790581],[-64.015854,57.804534],[-64.010583,57.813681],[-63.992858,57.812027],[-63.939425,57.800968],[-63.922837,57.795646],[-63.911106,57.783243],[-63.901856,57.745726],[-63.891883,57.730352],[-63.878447,57.725521],[-63.847028,57.72379],[-63.836331,57.717149],[-63.825349,57.694153],[-63.81752,57.68852],[-63.802948,57.691724],[-63.788323,57.706452],[-63.779952,57.723505],[-63.769513,57.730533],[-63.748842,57.715056],[-63.716751,57.671829],[-63.695926,57.658961],[-63.675255,57.673689],[-63.670242,57.684645],[-63.660166,57.719914],[-63.64921,57.731153],[-63.630555,57.738026],[-63.610582,57.739499],[-63.595777,57.734228],[-63.583943,57.708054],[-63.595415,57.680976],[-63.61792,57.656739],[-63.639211,57.639118],[-63.667219,57.624597],[-63.732435,57.603177],[-63.756594,57.586201],[-63.76494,57.564394],[-63.760625,57.510934],[-63.764629,57.462643],[-63.757498,57.440835],[-63.744269,57.421715],[-63.727862,57.407271],[-63.707915,57.385231],[-63.717656,57.370504],[-63.743675,57.361357],[-63.772769,57.355931],[-63.786359,57.351487],[-63.812249,57.336759],[-63.837984,57.325338],[-63.842067,57.317019],[-63.84478,57.295366],[-63.856329,57.271311],[-63.869197,57.249788],[-63.875656,57.22736],[-63.868422,57.200592],[-63.85018,57.191807],[-63.835478,57.218937],[-63.820492,57.274541],[-63.800725,57.275832],[-63.773363,57.263068],[-63.750238,57.244103],[-63.743313,57.22674],[-63.752563,57.210203],[-63.778608,57.183487],[-63.790235,57.168914],[-63.792535,57.158475],[-63.782742,57.139613],[-63.780882,57.128012],[-63.795248,57.100908],[-63.821577,57.090572],[-63.850283,57.084268],[-63.871729,57.069333],[-63.876044,57.059205],[-63.884028,57.029129],[-63.884648,57.019517],[-63.877181,57.00727],[-63.867827,56.998537],[-63.865889,56.991767],[-63.900409,56.975024],[-63.912398,56.957351],[-63.915395,56.936602],[-63.908238,56.916785],[-63.883201,56.900713],[-63.871626,56.890636],[-63.871367,56.878131],[-63.883511,56.873221],[-63.927178,56.87596],[-63.943249,56.875495],[-63.970793,56.86702],[-63.997432,56.854773],[-64.010842,56.836996],[-63.998853,56.811571],[-63.992858,56.788627],[-64.019782,56.777568],[-64.057454,56.771936],[-64.083551,56.765631],[-64.099854,56.75142],[-64.115745,56.731266],[-64.125719,56.709278],[-64.124117,56.689512],[-64.106056,56.669435],[-64.057325,56.643985],[-64.036887,56.627293],[-64.026991,56.611403],[-64.022159,56.599569],[-64.014976,56.589285],[-63.997974,56.578097],[-63.967227,56.56585],[-63.953016,56.557711],[-63.942577,56.545076],[-63.941647,56.524664],[-63.947745,56.502624],[-63.947047,56.483478],[-63.925627,56.47167],[-63.893278,56.463014],[-63.874649,56.451645],[-63.877129,56.439346],[-63.90798,56.42777],[-63.961465,56.419606],[-64.010971,56.419037],[-64.060787,56.423895],[-64.145433,56.436142],[-64.162305,56.434488],[-64.169669,56.425652],[-64.163856,56.41449],[-64.150317,56.407823],[-64.123858,56.398392],[-64.108149,56.375371],[-64.105151,56.347801],[-64.114711,56.321782],[-64.136571,56.303695],[-64.129879,56.297856],[-64.107167,56.285066],[-64.09107,56.262819],[-64.073009,56.256282],[-64.054999,56.255946],[-64.01663,56.263336],[-63.987226,56.261941],[-63.941725,56.253001],[-63.898704,56.237705],[-63.876897,56.217292],[-63.8878,56.194219],[-63.92232,56.182979],[-63.962834,56.177347],[-63.991618,56.171171],[-64.010945,56.155591],[-64.018412,56.136341],[-64.021746,56.089807],[-64.010325,56.069756],[-63.976632,56.077689],[-63.915757,56.109237],[-63.901107,56.114611],[-63.881392,56.120347],[-63.861807,56.123293],[-63.847725,56.120347],[-63.841395,56.112027],[-63.846149,56.105826],[-63.868292,56.094147],[-63.877517,56.085285],[-63.877904,56.078593],[-63.870928,56.07451],[-63.843927,56.07234],[-63.840103,56.067224],[-63.839199,56.060222],[-63.834108,56.053401],[-63.804317,56.043246],[-63.771063,56.042962],[-63.736595,56.046398],[-63.70316,56.047277],[-63.684247,56.043091],[-63.647324,56.027407],[-63.628436,56.02149],[-63.607456,56.018364],[-63.566941,56.018545],[-63.494181,56.029552],[-63.461263,56.030818],[-63.444933,56.022834],[-63.450618,56.012189],[-63.466637,56.004385],[-63.484698,55.999373],[-63.516505,55.996066],[-63.555702,55.996066],[-63.574951,55.991725],[-63.691033,55.941164],[-63.694545,55.942418],[-63.729158,55.936953],[-63.789276,55.931488],[-63.814781,55.920557],[-63.840285,55.91327],[-63.842107,55.893231],[-63.825711,55.869548],[-63.781989,55.847687],[-63.767415,55.829469],[-63.767415,55.803965],[-63.76195,55.793034],[-63.710941,55.783925],[-63.696367,55.776638],[-63.692723,55.752955],[-63.710941,55.714698],[-63.727336,55.689194],[-63.74191,55.67462],[-63.749198,55.65458],[-63.727336,55.652759],[-63.70001,55.65458],[-63.681792,55.650937],[-63.66904,55.62361],[-63.674505,55.596284],[-63.674505,55.556205],[-63.685436,55.51977],[-63.712762,55.499731],[-63.769237,55.483335],[-63.767415,55.461474],[-63.738267,55.439613],[-63.641714,55.425039],[-63.510547,55.423217],[-63.390311,55.404999],[-63.361163,55.412286],[-63.33748,55.412286],[-63.330193,55.388604],[-63.342945,55.361277],[-63.375737,55.357634],[-63.455894,55.34306],[-63.490508,55.346703],[-63.554269,55.346703],[-63.577952,55.339416],[-63.57613,55.326664],[-63.536052,55.32302],[-63.541517,55.308446],[-63.572487,55.301159],[-63.599813,55.301159],[-63.645357,55.286585],[-63.659931,55.270189],[-63.645357,55.244685],[-63.594348,55.233754],[-63.550626,55.226467],[-63.46136,55.248328],[-63.41035,55.251972],[-63.419459,55.224645],[-63.454073,55.204606],[-63.497795,55.202784],[-63.53423,55.193675],[-63.548804,55.184567],[-63.588883,55.120805],[-63.601635,55.071618],[-63.585239,55.049757],[-63.583417,55.020608],[-63.577952,55.002391],[-63.57613,54.978708],[-63.59617,54.96049],[-63.597992,54.944095],[-63.594348,54.91859],[-63.605279,54.902194],[-63.659931,54.902194],[-63.690901,54.916768],[-63.738267,54.933164],[-63.77288,54.942273],[-63.814781,54.940451],[-63.820246,54.91859],[-63.845751,54.880333],[-63.836642,54.84572],[-63.82389,54.829324],[-63.838464,54.812928],[-63.884008,54.796532],[-63.904047,54.781958],[-63.89676,54.763741],[-63.871255,54.747345],[-63.789276,54.71091],[-63.758306,54.67994],[-63.729158,54.647148],[-63.740089,54.623465],[-63.802028,54.641683],[-63.858503,54.62893],[-63.898582,54.601604],[-63.965987,54.607069],[-64.051609,54.607069],[-64.113549,54.630752],[-64.180954,54.71091],[-64.244716,54.732771],[-64.313943,54.765562],[-64.392278,54.789245],[-64.457861,54.79471],[-64.538019,54.740058],[-64.576276,54.727305],[-64.634572,54.734592],[-64.689225,54.736414],[-64.714729,54.729127],[-64.76756,54.738236],[-64.776669,54.767384],[-64.765739,54.789245],[-64.758452,54.816571],[-64.782134,54.834789],[-64.847718,54.849363],[-64.855005,54.873046],[-64.871401,54.889442],[-64.940627,54.929521],[-65.004389,54.938629],[-65.053576,54.94956],[-65.102764,54.956847],[-65.162882,54.929521],[-65.193852,54.880333],[-65.221178,54.851185],[-65.274009,54.836611],[-65.29587,54.82568],[-65.317731,54.836611],[-65.352345,54.82568],[-65.399711,54.823859],[-65.425215,54.832967],[-65.472581,54.842076],[-65.48169,54.816571],[-65.458007,54.796532],[-65.445255,54.780136],[-65.44526,54.74552],[-65.479868,54.730949],[-65.545451,54.725484],[-65.574599,54.740058],[-65.625609,54.749166],[-65.651113,54.730949],[-65.662044,54.720018],[-65.680606,54.714824],[-65.698,54.72281],[-65.734251,54.759345],[-65.761898,54.778517],[-65.791534,54.796397],[-65.819052,54.816344],[-65.840188,54.841872],[-65.846699,54.856213],[-65.849283,54.868951],[-65.848662,54.897011],[-65.855975,54.907502],[-65.873571,54.913341],[-65.90561,54.91763],[-65.94969,54.926053],[-65.97111,54.927759],[-65.9947,54.925433],[-66.028755,54.911403],[-66.039917,54.911016],[-66.059321,54.918819],[-66.115261,54.956594],[-66.134123,54.965482],[-66.155026,54.970598],[-66.197194,54.9768],[-66.254322,54.998116],[-66.300573,55.033179],[-66.343025,55.073641],[-66.421961,55.137307],[-66.434001,55.144076],[-66.478831,55.160458],[-66.4933,55.171465],[-66.535701,55.219059],[-66.558903,55.240375],[-66.587997,55.255439],[-66.618486,55.257454],[-66.651068,55.25438],[-66.676751,55.257816],[-66.699567,55.307115],[-66.731399,55.327424],[-66.770415,55.338793],[-66.804366,55.339206],[-66.832039,55.334659],[-66.83824,55.329207],[-66.837155,55.317244],[-66.828344,55.30634],[-66.811756,55.293008],[-66.780104,55.271872],[-66.727911,55.24097],[-66.70091,55.220635],[-66.688715,55.201747],[-66.693753,55.192471],[-66.722537,55.186838],[-66.735249,55.181723],[-66.743078,55.17162],[-66.747316,55.15976],[-66.752328,55.133999],[-66.761242,55.113019],[-66.762328,55.104208],[-66.757444,55.091754],[-66.737006,55.069714],[-66.717033,55.043152],[-66.69812,55.025634],[-66.675201,55.007547],[-66.664788,54.996178],[-66.660758,54.984241],[-66.675124,54.974474],[-66.703959,54.9691],[-66.728195,54.95985],[-66.728815,54.938662],[-66.638356,54.851691],[-66.607117,54.803942],[-66.642464,54.781204],[-66.683263,54.784977],[-66.704424,54.784098],[-66.721064,54.775468],[-66.720341,54.76689],[-66.700497,54.748235],[-66.701349,54.740173],[-66.737006,54.733895],[-66.785039,54.745806],[-66.869401,54.778388],[-66.936167,54.799084],[-66.966501,54.814329],[-66.993295,54.837015],[-67.00208,54.85151],[-67.015878,54.884867],[-67.02518,54.896029],[-67.044481,54.904918],[-67.086726,54.914891],[-67.10688,54.921713],[-67.137989,54.938662],[-67.196746,54.974629],[-67.230051,54.988944],[-67.272684,54.998426],[-67.296972,55.005997],[-67.3094,55.01566],[-67.308625,55.026771],[-67.300977,55.034005],[-67.281082,55.045891],[-67.271909,55.055193],[-67.26886,55.061291],[-67.274131,55.065993],[-67.33374,55.083873],[-67.3564,55.088317],[-67.378827,55.088679],[-67.408076,55.080618],[-67.435077,55.063461],[-67.443495,55.050713],[-67.443495,55.034883],[-67.422859,54.99705],[-67.378147,54.948899],[-67.316238,54.893869],[-67.264648,54.8354],[-67.171785,54.78037],[-67.085801,54.732219],[-67.085801,54.680628],[-67.123634,54.646235],[-67.154588,54.61528],[-67.192421,54.611841],[-67.237133,54.587765],[-67.261208,54.570568],[-67.25433,54.546493],[-67.233693,54.515539],[-67.268087,54.484584],[-67.340314,54.512099],[-67.398783,54.553372],[-67.426298,54.570568],[-67.498525,54.594644],[-67.515722,54.574008],[-67.495085,54.539614],[-67.508843,54.488024],[-67.546676,54.484584],[-67.605145,54.470827],[-67.63266,54.484584],[-67.667054,54.460509],[-67.701447,54.450191],[-67.749599,54.426115],[-67.749599,54.381403],[-67.746159,54.34357],[-67.691129,54.305737],[-67.673932,54.264465],[-67.639539,54.230071],[-67.639539,54.188799],[-67.673932,54.168162],[-67.704887,54.154405],[-67.74272,54.154405],[-67.773674,54.12689],[-67.790871,54.099375],[-67.801189,54.064981],[-67.808068,54.034027],[-67.780553,54.006512],[-67.746159,53.982437],[-67.711765,53.972119],[-67.670493,53.944604],[-67.615463,53.923967],[-67.601706,53.886134],[-67.594827,53.858619],[-67.5226,53.837983],[-67.512282,53.813908],[-67.546676,53.80359],[-67.57763,53.796711],[-67.594827,53.782953],[-67.574191,53.765756],[-67.529479,53.758878],[-67.512282,53.731363],[-67.41254,53.69353],[-67.398783,53.635061],[-67.343753,53.586909],[-67.323117,53.566273],[-67.185542,53.542198],[-67.113316,53.525001],[-67.030771,53.514683],[-66.975741,53.47685],[-66.920711,53.435577],[-66.889757,53.414941],[-66.934468,53.397744],[-66.986059,53.383987],[-67.010134,53.353032],[-66.996377,53.325517],[-66.961983,53.294563],[-66.969911,53.183396],[-66.975741,53.181064],[-66.992938,53.167307],[-66.98262,53.143231],[-66.98262,53.105398],[-66.996377,53.081322],[-67.047968,53.074444],[-67.058286,53.09164],[-67.051407,53.122595],[-67.120194,53.122595],[-67.168345,53.153549],[-67.209618,53.153549],[-67.240572,53.167307],[-67.299041,53.156988],[-67.326556,53.132913],[-67.357511,53.129473],[-67.385026,53.105398],[-67.367829,53.015974],[-67.340314,52.978141],[-67.333435,52.943748],[-67.347193,52.916233],[-67.302481,52.868082],[-67.261208,52.861203],[-67.202739,52.826809],[-67.164906,52.81993],[-67.133952,52.857763],[-67.099558,52.871521],[-67.061725,52.87496],[-67.051407,52.809612],[-67.041089,52.775219],[-66.986059,52.758022],[-66.948226,52.737386],[-66.906953,52.696113],[-66.865681,52.66172],[-66.855363,52.689234],[-66.851924,52.730507],[-66.824409,52.723628],[-66.814091,52.692674],[-66.793454,52.678916],[-66.769379,52.678916],[-66.759061,52.706431],[-66.769379,52.764901],[-66.748743,52.775219],[-66.70747,52.771779],[-66.65588,52.795855],[-66.645562,52.826809],[-66.645562,52.888718],[-66.624925,52.936869],[-66.549259,52.940308],[-66.507987,52.957505],[-66.463275,52.995338],[-66.456396,53.029732],[-66.425442,53.036611],[-66.363533,53.002217],[-66.315382,52.936869],[-66.291307,52.902475],[-66.287867,52.847445],[-66.311943,52.844006],[-66.32914,52.854324],[-66.349776,52.861203],[-66.391048,52.871521],[-66.401366,52.844006],[-66.377291,52.799294],[-66.332579,52.737386],[-66.294746,52.637644],[-66.287867,52.610129],[-66.311943,52.610129],[-66.373852,52.668598],[-66.404806,52.647962],[-66.408245,52.589493],[-66.373852,52.541342],[-66.377291,52.503509],[-66.38417,52.469115],[-66.363533,52.4416],[-66.349776,52.383131],[-66.349776,52.359055],[-66.387609,52.369373],[-66.43576,52.376252],[-66.480472,52.33498],[-66.466714,52.307465],[-66.456396,52.266192],[-66.432321,52.228359],[-66.408245,52.218041],[-66.38417,52.173329],[-66.373852,52.142375],[-66.349776,52.132057],[-66.301625,52.132057],[-66.263792,52.156132],[-66.277549,52.22148],[-66.291307,52.252435],[-66.301625,52.286828],[-66.284428,52.307465],[-66.256913,52.297147],[-66.212201,52.252435],[-66.195004,52.22148],[-66.16405,52.214602],[-66.122778,52.200844],[-66.078066,52.16989],[-66.088384,52.090784],[-66.026475,52.080466],[-65.992082,52.05983],[-65.950809,52.080466],[-65.940491,52.094224],[-65.902658,52.080466],[-65.871704,52.097663],[-65.823553,52.107981],[-65.758205,52.090784],[-65.73069,52.087345],[-65.696296,52.104542],[-65.655024,52.107981],[-65.661902,52.06327],[-65.682539,52.025437],[-65.661902,51.987603],[-65.634387,52.015118],[-65.613751,52.032315],[-65.551843,52.032315],[-65.527767,52.056391],[-65.500252,52.097663],[-65.45898,52.025437],[-65.434904,52.0048],[-65.414268,51.984164],[-65.393632,51.977285],[-65.376435,51.984164],[-65.359238,51.94977],[-65.372996,51.918816],[-65.393632,51.89818],[-65.338602,51.819074],[-65.317966,51.853468],[-65.276693,51.867226],[-65.252618,51.846589],[-65.221663,51.825953],[-65.18383,51.822514],[-65.176952,51.79156],[-65.18383,51.774363],[-65.13224,51.757166],[-65.080649,51.750287],[-65.032498,51.760605],[-64.991226,51.73653],[-64.956832,51.722772],[-64.922438,51.729651],[-64.918999,51.760605],[-64.85709,51.774363],[-64.771106,51.764045],[-64.688561,51.722772],[-64.654168,51.691818],[-64.578502,51.612712],[-64.530351,51.592076],[-64.47876,51.609273],[-64.437488,51.640227],[-64.406533,51.653985],[-64.344625,51.667742],[-64.323988,51.695257],[-64.279277,51.739969],[-64.293034,51.784681],[-64.334307,51.819074],[-64.337746,51.874104],[-64.361822,51.966967],[-64.337746,52.011679],[-64.306792,51.991043],[-64.275837,51.966967],[-64.234565,51.980725],[-64.251762,52.011679],[-64.272398,52.039194],[-64.25864,52.083906],[-64.251762,52.11486],[-64.210489,52.128618],[-64.172656,52.11486],[-64.155459,52.132057],[-64.179535,52.163011],[-64.210489,52.22148],[-64.220807,52.266192],[-64.20705,52.304025],[-64.165778,52.321222],[-64.141702,52.355616],[-64.127945,52.38657],[-64.127945,52.427843],[-64.141702,52.489751],[-64.162338,52.531024],[-64.182974,52.55166],[-64.189853,52.572296],[-64.162338,52.596372],[-64.158899,52.637644],[-64.165778,52.675477],[-64.124505,52.696113],[-64.107308,52.720189],[-64.004127,52.733946],[-63.794326,52.771779],[-63.71866,52.778658],[-63.667069,52.813052],[-63.653312,52.837127],[-63.612039,52.861203],[-63.601721,52.81993],[-63.605161,52.785537],[-63.593566,52.776261],[-63.595777,52.770888],[-63.575571,52.768485],[-63.554539,52.760449],[-63.515575,52.741019],[-63.457155,52.72363],[-63.438887,52.715878],[-63.41031,52.697404],[-63.384188,52.673219],[-63.379097,52.651153],[-63.413566,52.638958],[-63.43558,52.639578],[-63.480047,52.646244],[-63.502165,52.646761],[-63.814962,52.620447],[-63.875934,52.60841],[-63.908691,52.598749],[-63.954101,52.579943],[-63.995459,52.55788],[-64.015674,52.543402],[-64.043605,52.519973],[-64.068926,52.494367],[-64.081173,52.473438],[-64.075437,52.453646],[-64.056812,52.442572],[-64.038135,52.418036],[-64.029053,52.397821],[-64.000903,52.369574],[-63.972656,52.353583],[-63.88972,52.333751],[-63.882,52.336965],[-63.855192,52.335772],[-63.805451,52.336876],[-63.773389,52.3351],[-63.749514,52.322388],[-63.750367,52.313345],[-63.762149,52.309314],[-63.776541,52.306833],[-63.785223,52.30226],[-63.783207,52.291227],[-63.771735,52.28022],[-63.757266,52.270557],[-63.735439,52.251506],[-63.7144,52.228647],[-63.693574,52.188288],[-63.6805,52.144053],[-63.671767,52.097802],[-63.66337,52.081886],[-63.649649,52.065866],[-63.640063,52.050622],[-63.644094,52.036979],[-63.670398,52.035739],[-63.714374,52.047108],[-63.788168,52.071396],[-63.819562,52.068114],[-63.808167,52.042612],[-63.774422,52.013621],[-63.738714,51.999798],[-57.100979,52.000082],[-57.100876,51.419213],[-57.082834,51.421942],[-57.068227,51.426866],[-57.056752,51.427843],[-57.048451,51.419013],[-57.029286,51.424994],[-56.987172,51.422797],[-56.966542,51.425238],[-56.949859,51.434068],[-56.940907,51.446601],[-56.941396,51.460557],[-56.95287,51.473619],[-56.925526,51.500922],[-56.896108,51.47724],[-56.859731,51.475653],[-56.825347,51.489976],[-56.802073,51.514594],[-56.810536,51.526801],[-56.796946,51.532294],[-56.777333,51.537543],[-56.767893,51.549384],[-56.767893,51.555528],[-56.749827,51.568956],[-56.736806,51.574449],[-56.70759,51.579413],[-56.700063,51.586859],[-56.692779,51.610785],[-56.687856,51.638658],[-56.682485,51.648139],[-56.668568,51.651719],[-56.603383,51.651719],[-56.578969,51.657416],[-56.475657,51.705797],[-56.464223,51.714586],[-56.459381,51.723456],[-56.452748,51.742906],[-56.437611,51.74433],[-56.41161,51.73371],[-56.395741,51.738023],[-56.375315,51.748358],[-56.357655,51.762641],[-56.350168,51.778673],[-56.33788,51.782091],[-56.260162,51.782091],[-56.2329,51.787299],[-56.210927,51.797187],[-56.192291,51.810736],[-56.17516,51.826768],[-56.144765,51.843573],[-56.116811,51.864],[-56.081207,51.870551],[-56.04601,51.894517],[-56.037994,51.898139],[-56.017649,51.900621],[-55.934193,51.925238],[-55.916412,51.935004],[-55.902984,51.94953],[-55.897694,51.970445],[-55.906077,51.982896],[-55.948394,52.008287],[-55.965932,52.021674],[-55.93578,52.020453],[-55.887441,52.006903],[-55.863596,52.008043],[-55.810129,52.022528],[-55.785268,52.03498],[-55.761138,52.056464],[-55.791615,52.074571],[-55.802113,52.083726],[-55.772532,52.092231],[-55.741933,52.089342],[-55.712066,52.090644],[-55.684804,52.11168],[-55.701324,52.132676],[-55.706614,52.145982],[-55.70287,52.160834],[-55.69225,52.186143],[-55.717437,52.188178],[-55.759104,52.204535],[-55.780385,52.206651],[-55.761342,52.222235],[-55.75121,52.224799],[-55.746897,52.21662],[-55.741444,52.212348],[-55.705922,52.220323],[-55.660512,52.213813],[-55.638173,52.213121],[-55.616526,52.220323],[-55.686757,52.250067],[-55.705922,52.255072],[-55.728505,52.254381],[-55.77066,52.243516],[-55.794667,52.24079],[-55.786936,52.25377],[-55.774037,52.262152],[-55.758534,52.26671],[-55.743153,52.268134],[-55.730092,52.272447],[-55.71581,52.28205],[-55.706776,52.291693],[-55.70934,52.296007],[-55.724843,52.293443],[-55.751454,52.283026],[-55.767323,52.281806],[-55.773183,52.284003],[-55.775217,52.292548],[-55.780385,52.296007],[-55.788686,52.297309],[-55.815785,52.296007],[-55.813466,52.301134],[-55.808258,52.303453],[-55.820058,52.308214],[-55.85676,52.303453],[-55.85676,52.309638],[-55.841705,52.316718],[-55.822581,52.322699],[-55.822581,52.330186],[-55.943837,52.346381],[-55.951487,52.351508],[-55.962514,52.367743],[-55.972239,52.372992],[-55.994944,52.376939],[-56.02538,52.391913],[-56.116811,52.399034],[-56.16511,52.416571],[-56.186269,52.43004],[-56.19872,52.446845],[-56.169097,52.443712],[-55.978098,52.382148],[-55.917307,52.372748],[-55.847279,52.349677],[-55.783559,52.33869],[-55.770985,52.339667],[-55.767323,52.350653],[-55.774322,52.361436],[-55.800201,52.374335],[-55.808258,52.385443],[-55.744211,52.387274],[-55.729482,52.381659],[-55.71935,52.374701],[-55.703277,52.366767],[-55.685902,52.360419],[-55.671742,52.3581],[-55.653879,52.365058],[-55.644765,52.379096],[-55.644887,52.39289],[-55.662668,52.403917],[-55.646352,52.430162],[-55.647572,52.443183],[-55.679351,52.44953],[-55.725697,52.447008],[-55.758616,52.44953],[-55.74059,52.492906],[-55.768707,52.499213],[-55.843088,52.494615],[-55.828765,52.521959],[-55.911366,52.507676],[-56.000396,52.515123],[-56.01065,52.518012],[-56.021962,52.524888],[-56.031117,52.532945],[-56.040639,52.545356],[-56.053578,52.5456],[-56.075795,52.542426],[-56.117299,52.548896],[-56.140696,52.54857],[-56.15095,52.539374],[-56.163075,52.536363],[-56.266713,52.53856],[-56.287587,52.544664],[-56.329701,52.562934],[-56.35261,52.568793],[-56.4287,52.57038],[-56.450063,52.574286],[-56.483388,52.592149],[-56.500356,52.597724],[-56.467519,52.597846],[-56.453765,52.595038],[-56.442616,52.58747],[-56.427317,52.58039],[-56.363189,52.584052],[-56.298492,52.572618],[-56.267079,52.561225],[-56.243723,52.545844],[-56.21817,52.540269],[-56.117096,52.57038],[-56.083404,52.570868],[-56.068105,52.568915],[-56.016957,52.55268],[-56.00064,52.5515],[-55.98644,52.556708],[-55.996246,52.570421],[-56.011545,52.576361],[-56.048492,52.577216],[-56.039906,52.587633],[-56.027903,52.593858],[-55.975942,52.613593],[-55.978139,52.617743],[-55.990142,52.628404],[-56.016998,52.641547],[-56.052724,52.646226],[-56.124257,52.645453],[-56.097239,52.662177],[-56.047678,52.659288],[-55.959137,52.639268],[-55.940297,52.639757],[-55.933258,52.637885],[-55.913197,52.622056],[-55.904164,52.617011],[-55.884023,52.611396],[-55.838979,52.615953],[-55.817291,52.613511],[-55.802113,52.597724],[-55.791005,52.604438],[-55.765614,52.615058],[-55.753733,52.624986],[-55.772694,52.630927],[-55.780385,52.631822],[-55.746409,52.642808],[-55.73941,52.652289],[-55.759023,52.656195],[-55.777577,52.681098],[-55.798411,52.687079],[-55.887115,52.687079],[-55.927154,52.68122],[-55.946523,52.680487],[-55.965932,52.687079],[-55.979563,52.698676],[-55.990875,52.711127],[-56.005198,52.72016],[-56.027415,52.721259],[-56.024485,52.726671],[-56.027415,52.734239],[-56.02123,52.734239],[-56.03775,52.754869],[-56.059397,52.765692],[-56.109975,52.775214],[-56.13683,52.786851],[-56.158355,52.804633],[-56.162465,52.817979],[-56.137278,52.816759],[-56.061391,52.799018],[-56.027415,52.78266],[-56.004018,52.777655],[-55.975168,52.777899],[-55.946848,52.7838],[-55.925038,52.795722],[-56.000111,52.795722],[-55.992502,52.806952],[-55.978383,52.8133],[-55.960683,52.816148],[-55.897694,52.816759],[-55.871002,52.83043],[-55.833241,52.828681],[-55.811635,52.83043],[-55.802113,52.840684],[-55.80484,52.863471],[-55.812856,52.877021],[-55.843088,52.899359],[-55.834788,52.92357],[-55.85676,52.93537],[-55.888987,52.942735],[-55.911366,52.953966],[-55.892201,52.96015],[-55.884023,52.96015],[-55.904164,52.983507],[-55.940541,52.994615],[-56.051137,53.00434],[-56.064361,52.999579],[-56.096344,52.976915],[-56.109527,52.970811],[-56.122792,52.97309],[-56.137278,52.987494],[-56.11974,52.988471],[-56.104888,52.996772],[-56.092397,53.009101],[-56.082021,53.022203],[-56.144683,53.029039],[-56.165191,53.028428],[-56.165191,53.035875],[-56.058746,53.04267],[-56.032379,53.039537],[-55.982045,53.025458],[-55.955719,53.022203],[-55.931386,53.025824],[-55.906402,53.036322],[-55.886464,53.053412],[-55.877187,53.07685],[-55.884023,53.09101],[-55.90217,53.102403],[-55.924916,53.109565],[-55.945465,53.111029],[-55.945465,53.118476],[-55.915679,53.116319],[-55.855946,53.098497],[-55.828765,53.097357],[-55.809071,53.105414],[-55.746897,53.145738],[-55.774159,53.166205],[-55.760813,53.173529],[-55.767893,53.177598],[-55.798411,53.179877],[-55.810943,53.183824],[-55.824452,53.193223],[-55.83609,53.204657],[-55.843088,53.214667],[-55.822743,53.212144],[-55.808258,53.206529],[-55.794749,53.205756],[-55.777252,53.21776],[-55.752797,53.241563],[-55.745473,53.255601],[-55.757436,53.261786],[-55.773061,53.259263],[-55.781484,53.244127],[-55.794667,53.235175],[-55.81078,53.233751],[-55.863596,53.248155],[-55.845204,53.257636],[-55.821889,53.266669],[-55.808217,53.279364],[-55.819203,53.299669],[-55.838287,53.306464],[-55.889882,53.304267],[-55.911366,53.309638],[-55.895334,53.315741],[-55.812082,53.330064],[-55.807729,53.333319],[-55.816518,53.340399],[-55.830881,53.347724],[-55.843088,53.351793],[-55.890248,53.351793],[-55.874013,53.359565],[-55.85676,53.364854],[-55.85676,53.371649],[-55.900746,53.394355],[-55.924672,53.401557],[-55.952301,53.398993],[-55.973297,53.387885],[-55.992828,53.374091],[-56.014272,53.365912],[-56.041086,53.371649],[-56.02477,53.384996],[-56.005727,53.394355],[-55.965932,53.40644],[-55.965932,53.412665],[-56.016713,53.430243],[-56.034901,53.433702],[-56.03067,53.461249],[-56.052846,53.478502],[-56.240305,53.5362],[-56.263499,53.553656],[-56.239735,53.560411],[-56.197499,53.560289],[-56.069692,53.545762],[-56.041086,53.5362],[-56.062164,53.529364],[-56.052887,53.524604],[-56.04308,53.522203],[-56.02123,53.522528],[-56.027415,53.508857],[-56.015492,53.504014],[-56.005767,53.505601],[-55.996571,53.512315],[-55.98644,53.522528],[-55.991567,53.525092],[-55.993886,53.529364],[-55.979604,53.543565],[-55.979604,53.549791],[-56.036244,53.58043],[-56.058746,53.584581],[-56.120513,53.584581],[-56.134145,53.586371],[-56.158355,53.598212],[-56.182362,53.599433],[-56.22232,53.587755],[-56.250234,53.584581],[-56.330393,53.590766],[-56.350168,53.598212],[-56.327382,53.604926],[-56.280995,53.59748],[-56.260162,53.604438],[-56.282094,53.616523],[-56.314809,53.629828],[-56.348622,53.63642],[-56.373769,53.628648],[-56.398264,53.617865],[-56.431142,53.617377],[-56.59732,53.645575],[-56.632721,53.660346],[-56.709096,53.675727],[-56.726918,53.686998],[-56.606191,53.678656],[-56.596018,53.680162],[-56.590199,53.684516],[-56.579823,53.697862],[-56.544057,53.712144],[-56.49352,53.721137],[-56.427398,53.721625],[-56.41161,53.727973],[-56.431386,53.738878],[-56.439565,53.741645],[-56.424062,53.753404],[-56.436513,53.767524],[-56.479888,53.790025],[-56.510406,53.779731],[-56.525502,53.777208],[-56.545074,53.776353],[-56.562815,53.770616],[-56.579213,53.760484],[-56.594879,53.756578],[-56.61026,53.769517],[-56.617665,53.769517],[-56.61026,53.749091],[-56.631337,53.749091],[-56.631337,53.741645],[-56.606435,53.725531],[-56.596018,53.721137],[-56.596018,53.714301],[-56.6433,53.719224],[-56.715403,53.752305],[-56.754262,53.749091],[-56.742828,53.741523],[-56.745229,53.733344],[-56.757232,53.727647],[-56.767893,53.727973],[-56.776682,53.732489],[-56.784291,53.73371],[-56.790598,53.730333],[-56.795237,53.721137],[-56.815053,53.733385],[-56.832509,53.733344],[-56.864125,53.721137],[-56.885854,53.720079],[-56.923329,53.732042],[-56.946034,53.735419],[-56.983469,53.727484],[-57.012074,53.708482],[-57.038401,53.685655],[-57.068959,53.66649],[-57.060658,53.649888],[-57.074574,53.636949],[-57.098541,53.628526],[-57.120717,53.625556],[-57.133127,53.621039],[-57.135243,53.610297],[-57.13036,53.587714],[-57.134999,53.582831],[-57.165761,53.562852],[-57.146881,53.571397],[-57.135854,53.563463],[-57.135365,53.550401],[-57.148346,53.543565],[-57.161244,53.540229],[-57.269154,53.489447],[-57.2919,53.469346],[-57.281158,53.447374],[-57.281158,53.439927],[-57.295277,53.438178],[-57.319692,53.445258],[-57.333079,53.447374],[-57.34317,53.445502],[-57.365834,53.436469],[-57.377431,53.433702],[-57.362945,53.448432],[-57.324086,53.474555],[-57.309153,53.495185],[-57.302602,53.518256],[-57.306142,53.534491],[-57.319814,53.543158],[-57.343861,53.543565],[-57.322662,53.572821],[-57.317779,53.585191],[-57.329661,53.584581],[-57.339345,53.59044],[-57.377024,53.607245],[-57.38801,53.607856],[-57.399648,53.602525],[-57.419016,53.599229],[-57.453725,53.598212],[-57.446116,53.604234],[-57.441965,53.610663],[-57.441803,53.617743],[-57.446278,53.625556],[-57.497385,53.603583],[-57.549387,53.590766],[-57.51769,53.6258],[-57.457102,53.648627],[-57.336415,53.672716],[-57.255523,53.708808],[-57.203277,53.719428],[-57.15274,53.739936],[-57.124135,53.741645],[-57.124135,53.749091],[-57.14566,53.758287],[-57.155263,53.77204],[-57.150136,53.784532],[-57.106923,53.794257],[-57.107981,53.804063],[-57.121246,53.815416],[-57.137807,53.824164],[-57.131337,53.824897],[-57.129954,53.826361],[-57.13036,53.831],[-57.11852,53.825263],[-57.104726,53.823432],[-57.075795,53.824164],[-57.091705,53.835557],[-57.108795,53.839667],[-57.126698,53.841132],[-57.144643,53.844672],[-57.184682,53.868598],[-57.199859,53.871934],[-57.21345,53.879096],[-57.221262,53.895941],[-57.222646,53.915351],[-57.216949,53.930284],[-57.200754,53.939765],[-57.182688,53.939399],[-57.163686,53.935411],[-57.144643,53.934027],[-57.15803,53.951117],[-57.182932,53.957465],[-57.233998,53.961371],[-57.246938,53.967475],[-57.262034,53.978013],[-57.288645,54.002305],[-57.342681,54.067328],[-57.365387,54.108507],[-57.356923,54.132636],[-57.356923,54.139472],[-57.377187,54.134711],[-57.398508,54.132636],[-57.387115,54.145982],[-57.390533,54.154039],[-57.429026,54.178697],[-57.457875,54.190131],[-57.466176,54.200303],[-57.528879,54.173651],[-57.548818,54.186957],[-57.570424,54.18122],[-57.593251,54.169989],[-57.617014,54.166815],[-57.608266,54.182196],[-57.603383,54.187323],[-57.699859,54.200303],[-57.748118,54.195787],[-57.770253,54.197333],[-57.782094,54.20775],[-57.767812,54.214545],[-57.830719,54.204291],[-57.861684,54.202989],[-57.877675,54.214545],[-57.90095,54.209337],[-57.935129,54.2119],[-57.968861,54.220079],[-57.990956,54.231635],[-58.011586,54.239732],[-58.042836,54.240953],[-58.074818,54.236762],[-58.097401,54.228217],[-58.108713,54.233344],[-58.198883,54.24018],[-58.228505,54.235704],[-58.241444,54.218329],[-58.252309,54.209174],[-58.330149,54.214545],[-58.356068,54.209581],[-58.374867,54.199652],[-58.391021,54.184312],[-58.409006,54.163031],[-58.415517,54.140448],[-58.39684,54.12755],[-58.344472,54.112128],[-58.321767,54.092841],[-58.306549,54.091051],[-58.292307,54.091986],[-58.282053,54.095038],[-58.248769,54.119208],[-58.225819,54.128363],[-58.179351,54.139472],[-58.150624,54.14057],[-58.037831,54.129462],[-57.973866,54.104682],[-57.951039,54.101264],[-57.874582,54.104682],[-57.85143,54.101874],[-57.819651,54.094306],[-57.795562,54.083564],[-57.795766,54.071234],[-57.81843,54.066107],[-58.128082,54.097886],[-58.155873,54.093817],[-58.220326,54.063788],[-58.240631,54.062974],[-58.289133,54.066596],[-58.306549,54.06037],[-58.322743,54.052476],[-58.526967,54.015082],[-58.657948,53.972846],[-58.748525,53.953843],[-58.840688,53.947089],[-58.853139,53.941962],[-58.860707,53.930121],[-58.871409,53.906114],[-58.880238,53.897284],[-58.968251,53.854112],[-58.98469,53.841254],[-59.003977,53.829291],[-59.050038,53.8133],[-59.070668,53.796251],[-59.058949,53.790839],[-59.048899,53.781806],[-59.044545,53.769761],[-59.05016,53.755235],[-59.028798,53.750678],[-59.007965,53.749091],[-59.015452,53.749091],[-59.022532,53.726671],[-59.022206,53.714301],[-59.066965,53.721137],[-59.076812,53.686998],[-59.08845,53.684312],[-59.11734,53.687812],[-59.128733,53.68358],[-59.138254,53.677965],[-59.151112,53.674628],[-59.176829,53.672716],[-59.187896,53.676011],[-59.201568,53.690782],[-59.207183,53.694444],[-59.218373,53.693223],[-59.231435,53.689073],[-59.24356,53.683051],[-59.269399,53.665351],[-59.295155,53.687445],[-59.317047,53.686998],[-59.323842,53.678778],[-59.325673,53.667304],[-59.329986,53.657172],[-59.344106,53.652818],[-59.367828,53.652411],[-59.3756,53.647528],[-59.378529,53.635484],[-59.389272,53.626899],[-59.454213,53.598212],[-59.489735,53.568793],[-59.511098,53.555406],[-59.532786,53.549791],[-59.558583,53.546983],[-59.607249,53.5338],[-59.75475,53.523993],[-59.856109,53.538764],[-59.879465,53.538153],[-59.891225,53.530585],[-59.882192,53.512559],[-59.860707,53.499701],[-59.808339,53.494859],[-59.783803,53.488349],[-59.783803,53.481513],[-59.809438,53.474433],[-59.832428,53.478502],[-59.854888,53.485826],[-59.873118,53.487738],[-59.884023,53.482164],[-59.88268,53.475898],[-59.875966,53.468126],[-59.871938,53.457343],[-59.874908,53.446601],[-59.882232,53.449693],[-59.891225,53.457506],[-59.899281,53.461046],[-59.910146,53.454169],[-59.928863,53.431708],[-59.971913,53.402696],[-59.985992,53.389716],[-60.029042,53.3581],[-60.046986,53.351793],[-60.059682,53.349962],[-60.104726,53.337592],[-60.131337,53.336778],[-60.142649,53.333686],[-60.153147,53.32392],[-60.13976,53.31566],[-60.091054,53.30622],[-60.094472,53.292711],[-60.103261,53.283149],[-60.115387,53.277411],[-60.128977,53.275458],[-60.149892,53.296861],[-60.159983,53.302802],[-60.169993,53.305487],[-60.175771,53.305162],[-60.194081,53.296576],[-60.247629,53.279975],[-60.302113,53.271796],[-60.420644,53.268622],[-60.420644,53.275458],[-60.347157,53.281358],[-60.276031,53.296576],[-60.208119,53.31977],[-60.181264,53.336371],[-60.187896,53.351793],[-60.204742,53.35456],[-60.259592,53.344428],[-60.381744,53.336982],[-60.397328,53.339911],[-60.40982,53.34809],[-60.412262,53.357978],[-60.405873,53.366034],[-60.397084,53.370103],[-60.365387,53.351793],[-60.356923,53.369574],[-60.345204,53.382392],[-60.328196,53.390204],[-60.304026,53.392768],[-60.285471,53.397203],[-60.233632,53.420111],[-60.20165,53.440253],[-60.13268,53.461046],[-60.105824,53.463243],[-60.081207,53.459703],[-60.058461,53.451606],[-60.037099,53.439927],[-60.037994,53.459581],[-60.041737,53.48017],[-60.049794,53.497789],[-60.06371,53.508857],[-60.101633,53.502021],[-60.181508,53.541002],[-60.253651,53.554267],[-60.275746,53.561998],[-60.356313,53.607245],[-60.377675,53.615058],[-60.402943,53.618109],[-60.410797,53.621812],[-60.441151,53.646064],[-60.636708,53.703843],[-60.722279,53.708075],[-60.805002,53.725898],[-60.835276,53.727973],[-60.899973,53.710924],[-60.920277,53.714301],[-60.934316,53.728258],[-60.923207,53.739122],[-60.883046,53.758653],[-60.869252,53.775702],[-60.86144,53.795762],[-60.863515,53.815416],[-60.879303,53.831],[-60.859446,53.83515],[-60.845286,53.820787],[-60.821278,53.779731],[-60.801666,53.772284],[-60.736399,53.757921],[-60.691274,53.738511],[-60.502553,53.708075],[-60.43871,53.677191],[-60.388539,53.667914],[-60.371653,53.656073],[-60.356923,53.640692],[-60.338735,53.625556],[-60.272532,53.599799],[-60.229888,53.574897],[-60.183095,53.565253],[-60.153554,53.554999],[-60.149159,53.555732],[-60.146555,53.554267],[-60.144602,53.535346],[-60.141713,53.531073],[-60.136098,53.529364],[-60.111643,53.546617],[-60.101633,53.549791],[-60.074086,53.554551],[-60.071034,53.566474],[-60.082428,53.582139],[-60.0985,53.598212],[-60.112172,53.617784],[-60.112945,53.634223],[-60.107981,53.652208],[-60.104726,53.676459],[-60.094146,53.700385],[-60.069203,53.709296],[-60.016591,53.708075],[-60.016591,53.714301],[-60.044179,53.721015],[-60.078033,53.737372],[-60.108266,53.757676],[-60.125152,53.776353],[-60.127431,53.773993],[-60.130035,53.775743],[-60.13268,53.783149],[-60.082997,53.76435],[-60.06371,53.762071],[-60.042348,53.765937],[-60.001576,53.780097],[-59.900014,53.795518],[-59.822987,53.79328],[-59.8072,53.798448],[-59.813954,53.81391],[-59.827504,53.817491],[-59.868276,53.817572],[-59.878774,53.824164],[-59.876088,53.832953],[-59.865956,53.838975],[-59.843984,53.844672],[-59.791331,53.847968],[-59.639231,53.824164],[-59.531646,53.821641],[-59.474517,53.828111],[-59.441233,53.844672],[-59.427113,53.84455],[-59.364858,53.879381],[-59.346425,53.885362],[-59.302113,53.894273],[-59.269765,53.912584],[-59.216542,53.930732],[-59.134145,53.946845],[-59.111643,53.947089],[-59.102366,53.953111],[-59.034332,53.95246],[-59.011708,53.957628],[-59.001129,53.963731],[-58.974517,53.971503],[-58.963857,53.97838],[-58.919789,54.015977],[-59.042714,54.022773],[-59.042714,54.030219],[-58.858388,54.050116],[-58.705434,54.032701],[-58.652943,54.036444],[-58.626332,54.044298],[-58.603505,54.055894],[-58.562896,54.084825],[-58.546498,54.100572],[-58.535512,54.115302],[-58.523101,54.128363],[-58.502105,54.139472],[-58.464101,54.153673],[-58.452748,54.163031],[-58.42634,54.19599],[-58.410512,54.209052],[-58.391998,54.219794],[-58.371165,54.228217],[-58.394887,54.236558],[-58.412465,54.230699],[-58.439361,54.20775],[-58.456044,54.20067],[-58.475494,54.195868],[-58.496083,54.19359],[-58.509023,54.193915],[-58.526031,54.190863],[-58.54308,54.194078],[-58.574371,54.175605],[-58.652699,54.148912],[-58.683013,54.128974],[-58.69811,54.124376],[-58.748769,54.126695],[-58.768951,54.12519],[-58.818918,54.11522],[-58.964223,54.074286],[-59.120595,54.054877],[-59.302846,54.018378],[-59.441233,54.015977],[-59.510813,54.001166],[-59.522532,54.005357],[-59.522369,54.021715],[-59.524485,54.026353],[-59.532338,54.026801],[-59.582997,54.038398],[-59.59142,54.043891],[-59.584584,54.043891],[-59.579661,54.05036],[-59.559926,54.056749],[-59.515696,54.063788],[-59.419504,54.050116],[-59.398305,54.049425],[-59.267934,54.066718],[-59.234242,54.082261],[-59.187001,54.086859],[-59.154612,54.101874],[-59.130849,54.107408],[-59.001576,54.120551],[-58.878733,54.147284],[-58.727406,54.145697],[-58.681223,54.15705],[-58.562896,54.20775],[-58.468088,54.233629],[-58.324859,54.253038],[-58.250966,54.25434],[-58.236318,54.256212],[-58.227162,54.263007],[-58.229115,54.267686],[-58.247629,54.290269],[-58.212392,54.301337],[-58.194651,54.303412],[-58.179351,54.297187],[-58.159006,54.306016],[-58.115468,54.319322],[-58.097401,54.331855],[-58.137196,54.331488],[-58.22053,54.31273],[-58.261301,54.310167],[-58.242299,54.324937],[-58.187571,54.344468],[-58.186147,54.358588],[-57.904164,54.388007],[-57.891591,54.391791],[-57.879058,54.393378],[-57.867787,54.388983],[-57.854563,54.380683],[-57.847076,54.37934],[-57.824208,54.380968],[-57.806386,54.389268],[-57.795766,54.392076],[-57.784657,54.391913],[-57.76537,54.387152],[-57.678334,54.377427],[-57.651723,54.379096],[-57.63386,54.383409],[-57.587148,54.400499],[-57.572906,54.410102],[-57.531117,54.42475],[-57.519195,54.434638],[-57.54186,54.447333],[-57.530751,54.453559],[-57.500193,54.463813],[-57.462229,54.462999],[-57.449859,54.453315],[-57.436676,54.449327],[-57.419016,54.461005],[-57.452626,54.467882],[-57.686635,54.465562],[-57.707021,54.475287],[-57.659779,54.488634],[-57.439443,54.487616],[-57.41161,54.491319],[-57.391021,54.501939],[-57.375478,54.526679],[-57.383209,54.541368],[-57.405141,54.548529],[-57.431996,54.55036],[-57.431996,54.557196],[-57.416982,54.55744],[-57.39037,54.560736],[-57.377431,54.564643],[-57.360585,54.564927],[-57.353179,54.566759],[-57.350087,54.574286],[-57.350413,54.589423],[-57.353505,54.591376],[-57.399566,54.591986],[-57.417836,54.597724],[-57.41218,54.611802],[-57.41218,54.619249],[-57.428293,54.62462],[-57.446278,54.626085],[-57.449818,54.649359],[-57.48644,54.6588],[-57.555816,54.659613],[-57.567494,54.652777],[-57.580312,54.639594],[-57.610748,54.639757],[-57.667551,54.63345],[-57.685902,54.637926],[-57.711497,54.648668],[-57.727854,54.663316],[-57.720693,54.68004],[-57.729726,54.690131],[-57.736806,54.691636],[-57.76061,54.685614],[-57.772939,54.679023],[-57.782094,54.68004],[-57.787262,54.683458],[-57.787221,54.690253],[-57.78954,54.693793],[-57.846995,54.738715],[-57.864817,54.74494],[-57.94286,54.742174],[-57.962758,54.736274],[-57.978098,54.724718],[-57.992177,54.716783],[-58.008656,54.721666],[-58.005523,54.737006],[-58.023549,54.742743],[-58.138499,54.739366],[-58.159495,54.742174],[-58.173411,54.749986],[-58.190094,54.764146],[-58.199086,54.777655],[-58.185292,54.785875],[-58.187652,54.790595],[-58.194447,54.795233],[-58.203521,54.797431],[-58.386342,54.795233],[-58.398427,54.789984],[-58.398183,54.775702],[-58.390004,54.759996],[-58.386952,54.747382],[-58.40217,54.742174],[-58.422353,54.744086],[-58.437408,54.749986],[-58.444203,54.760728],[-58.439361,54.776923],[-58.505238,54.783759],[-58.522206,54.781602],[-58.547719,54.771918],[-58.562896,54.769477],[-58.555084,54.783189],[-58.543568,54.79149],[-58.515736,54.803656],[-58.597727,54.803656],[-58.65217,54.809801],[-58.681467,54.818549],[-58.700103,54.831529],[-58.697987,54.843858],[-58.713002,54.84984],[-58.731801,54.842475],[-58.744293,54.804389],[-58.751291,54.802924],[-58.75829,54.809027],[-58.761545,54.821275],[-58.762115,54.835435],[-58.76476,54.842637],[-58.770904,54.846869],[-58.798411,54.857774],[-58.807362,54.855902],[-58.823598,54.84455],[-58.834137,54.842719],[-58.899973,54.845079],[-58.913808,54.848212],[-58.919789,54.855455],[-58.915151,54.865343],[-58.906117,54.870917],[-58.900461,54.878119],[-58.905588,54.893012],[-58.884104,54.897813],[-58.886708,54.911322],[-58.90567,54.922471],[-58.933461,54.920274],[-58.936269,54.904364],[-58.940297,54.899766],[-58.960805,54.893012],[-58.9735,54.891303],[-59.015452,54.893012],[-59.015452,54.899766],[-58.973459,54.918931],[-58.960805,54.92772],[-58.966949,54.92772],[-58.94811,54.935981],[-58.908559,54.944281],[-58.892486,54.954413],[-58.907948,54.965277],[-58.942698,54.982245],[-58.957387,54.992296],[-58.972524,54.995958],[-58.981272,55.016547],[-58.987782,55.019517],[-58.992299,55.020819],[-58.997955,55.020087],[-59.007965,55.016547],[-59.016469,55.011094],[-59.02953,54.997992],[-59.036244,54.995429],[-59.044789,54.998847],[-59.040883,55.006578],[-59.02595,55.019884],[-58.974436,55.078599],[-58.958241,55.11107],[-58.954254,55.13109],[-58.963857,55.140082],[-58.971181,55.136664],[-58.98941,55.122138],[-58.994944,55.119493],[-59.003896,55.126899],[-59.005605,55.136664],[-59.005238,55.14643],[-59.007965,55.153673],[-59.027415,55.161973],[-59.047841,55.159491],[-59.064076,55.148017],[-59.070668,55.129462],[-59.073476,55.108385],[-59.080922,55.096422],[-59.104807,55.078599],[-59.107777,55.091498],[-59.101715,55.103583],[-59.098948,55.115058],[-59.111643,55.125718],[-59.127919,55.127265],[-59.13976,55.119696],[-59.152577,55.099066],[-59.145131,55.080552],[-59.154286,55.074286],[-59.169545,55.080308],[-59.180531,55.099066],[-59.225413,55.084052],[-59.240834,55.071885],[-59.235178,55.050645],[-59.245351,55.047227],[-59.263254,55.030341],[-59.282216,55.021959],[-59.304107,55.017646],[-59.327626,55.016547],[-59.346425,55.007066],[-59.365956,54.989122],[-59.382558,54.978013],[-59.392812,54.989203],[-59.38622,55.004584],[-59.317983,55.045762],[-59.29308,55.052802],[-59.282867,55.058051],[-59.276926,55.065497],[-59.262441,55.092231],[-59.227895,55.114081],[-59.182362,55.131334],[-59.142649,55.154731],[-59.125315,55.194648],[-59.131581,55.213813],[-59.145619,55.231635],[-59.159779,55.238715],[-59.172841,55.213324],[-59.188547,55.19481],[-59.206858,55.177354],[-59.221506,55.167914],[-59.224192,55.181098],[-59.223866,55.192694],[-59.218739,55.201972],[-59.207183,55.208319],[-59.216054,55.218207],[-59.2329,55.219916],[-59.252268,55.215888],[-59.268666,55.208319],[-59.278147,55.200426],[-59.292836,55.177558],[-59.30956,55.164252],[-59.30956,55.146837],[-59.364858,55.099066],[-59.398183,55.039862],[-59.413238,55.030219],[-59.413564,55.057563],[-59.427317,55.06623],[-59.447621,55.061957],[-59.625559,54.948188],[-59.676259,54.926947],[-59.690745,54.916938],[-59.749623,54.903998],[-59.766672,54.889472],[-59.793446,54.875963],[-59.802113,54.853013],[-59.80309,54.814521],[-59.798899,54.804389],[-59.792307,54.794379],[-59.791982,54.786811],[-59.819,54.780463],[-59.843984,54.765937],[-59.878326,54.756944],[-59.89977,54.746934],[-59.921986,54.743232],[-59.947662,54.756415],[-59.857777,54.789862],[-59.843984,54.807318],[-59.83849,54.81977],[-59.827707,54.83043],[-59.820058,54.840806],[-59.824127,54.851996],[-59.835317,54.854356],[-59.845041,54.84752],[-59.852773,54.844713],[-59.858306,54.858873],[-59.850087,54.874579],[-59.827789,54.892524],[-59.801259,54.907335],[-59.758656,54.92064],[-59.732004,54.937201],[-59.718129,54.955512],[-59.735422,54.968085],[-59.722524,54.974595],[-59.680165,54.989203],[-59.659657,55.002875],[-59.660797,55.00019],[-59.654408,54.997504],[-59.639231,54.995429],[-59.627919,55.000556],[-59.564076,55.050645],[-59.548655,55.052436],[-59.542795,55.051825],[-59.54304,55.050645],[-59.524648,55.058539],[-59.514068,55.067247],[-59.495229,55.092231],[-59.486318,55.100898],[-59.454213,55.119493],[-59.430043,55.142035],[-59.440053,55.151842],[-59.467356,55.150743],[-59.495229,55.140082],[-59.501332,55.154364],[-59.493642,55.179633],[-59.495229,55.194648],[-59.504018,55.205756],[-59.517812,55.214342],[-59.530588,55.214057],[-59.536122,55.198065],[-59.536122,55.183295],[-59.538401,55.177232],[-59.564076,55.167914],[-59.607655,55.1435],[-59.629018,55.138739],[-59.643422,55.133531],[-59.652211,55.133165],[-59.66039,55.136054],[-59.670725,55.145006],[-59.677073,55.146837],[-59.735666,55.15058],[-59.755849,55.146837],[-59.765126,55.140082],[-59.787953,55.117499],[-59.799957,55.112738],[-59.865712,55.119493],[-59.862213,55.12934],[-59.86205,55.140855],[-59.866119,55.147773],[-59.886098,55.138861],[-59.909495,55.146064],[-59.920318,55.146837],[-59.93692,55.135321],[-59.951283,55.120469],[-59.963979,55.117133],[-59.975657,55.140082],[-59.96817,55.146837],[-59.974477,55.155951],[-59.959096,55.1612],[-59.93456,55.161811],[-59.891225,55.15233],[-59.869944,55.156806],[-59.848866,55.164049],[-59.818837,55.169623],[-59.802317,55.17768],[-59.775136,55.197008],[-59.762074,55.201483],[-59.750111,55.195746],[-59.741851,55.19481],[-59.735422,55.201483],[-59.733754,55.210639],[-59.736806,55.217027],[-59.744252,55.220811],[-59.755849,55.22191],[-59.739247,55.246202],[-59.735422,55.25609],[-59.71642,55.252305],[-59.720204,55.274237],[-59.734771,55.292222],[-59.748402,55.276557],[-59.755605,55.279039],[-59.762074,55.284003],[-59.755849,55.284003],[-59.762074,55.290269],[-59.757436,55.299018],[-59.773793,55.316514],[-59.776357,55.331855],[-59.799672,55.33039],[-59.824127,55.322008],[-59.847035,55.309882],[-59.865712,55.297065],[-59.884999,55.273505],[-59.909576,55.268419],[-59.918284,55.262926],[-59.920033,55.254136],[-59.912953,55.242418],[-59.939198,55.235419],[-59.996449,55.243476],[-60.022817,55.235582],[-60.016225,55.226915],[-60.020863,55.224189],[-60.030873,55.222968],[-60.040435,55.218573],[-60.07551,55.173651],[-60.088612,55.151475],[-60.0985,55.140082],[-60.107574,55.133857],[-60.201405,55.08751],[-60.286366,55.028754],[-60.297109,55.023383],[-60.284291,55.054796],[-60.252268,55.086534],[-60.216868,55.105577],[-60.194081,55.099066],[-60.187896,55.099066],[-60.175933,55.123969],[-60.091054,55.188422],[-60.083363,55.200751],[-60.076161,55.2237],[-60.070546,55.235582],[-60.057525,55.24726],[-60.029205,55.26142],[-60.022817,55.276557],[-60.048207,55.273546],[-60.087392,55.248603],[-60.134145,55.235582],[-60.170644,55.204088],[-60.194081,55.194648],[-60.174794,55.219916],[-60.169667,55.231635],[-60.173655,55.242418],[-60.139516,55.284003],[-60.154042,55.290229],[-60.163442,55.284613],[-60.172027,55.275255],[-60.189524,55.268297],[-60.204661,55.252387],[-60.211985,55.247789],[-60.228871,55.25609],[-60.249745,55.250556],[-60.269032,55.242987],[-60.287099,55.233385],[-60.372222,55.167914],[-60.387441,55.161689],[-60.407541,55.168036],[-60.426869,55.167914],[-60.457102,55.154853],[-60.461578,55.150255],[-60.47525,55.112738],[-60.493235,55.101793],[-60.537221,55.092393],[-60.5572,55.085395],[-60.57429,55.073554],[-60.612416,55.036363],[-60.670318,55.009833],[-60.687571,54.995429],[-60.66511,55.025499],[-60.661448,55.037584],[-60.673899,55.043809],[-60.673899,55.050645],[-60.653432,55.057318],[-60.60558,55.085395],[-60.536773,55.107611],[-60.516225,55.119493],[-60.502675,55.134345],[-60.481313,55.171332],[-60.467844,55.188422],[-60.452016,55.198432],[-60.412262,55.214179],[-60.359975,55.24962],[-60.355336,55.259101],[-60.382802,55.262926],[-60.396637,55.258734],[-60.407541,55.248725],[-60.423736,55.225653],[-60.432973,55.220811],[-60.45816,55.235582],[-60.492096,55.226264],[-60.568186,55.182074],[-60.612416,55.167914],[-60.54719,55.198065],[-60.536733,55.204901],[-60.534413,55.216864],[-60.528554,55.225287],[-60.512807,55.239],[-60.508534,55.246649],[-60.505971,55.263739],[-60.502553,55.270372],[-60.466908,55.29328],[-60.467844,55.297065],[-60.450266,55.295762],[-60.443715,55.292426],[-60.441151,55.287095],[-60.42809,55.282782],[-60.403961,55.292182],[-60.391469,55.305121],[-60.413238,55.311347],[-60.391103,55.33393],[-60.382924,55.345771],[-60.374664,55.380683],[-60.362416,55.390448],[-60.268544,55.421454],[-60.229563,55.427802],[-60.201568,55.42121],[-60.194081,55.427436],[-60.194081,55.434882],[-60.214589,55.441026],[-60.206695,55.449408],[-60.204416,55.456977],[-60.207102,55.463365],[-60.214589,55.46837],[-60.209462,55.473985],[-60.201568,55.489447],[-60.224477,55.498399],[-60.254018,55.50495],[-60.279449,55.501207],[-60.290273,55.479234],[-60.283599,55.453925],[-60.283762,55.440619],[-60.293691,55.434882],[-60.306223,55.436632],[-60.315297,55.44123],[-60.331288,55.455308],[-60.335317,55.444566],[-60.343007,55.437567],[-60.353342,55.434312],[-60.365387,55.434882],[-60.355295,55.446357],[-60.33023,55.467719],[-60.331288,55.475816],[-60.311757,55.487006],[-60.304026,55.489447],[-60.327707,55.494818],[-60.348134,55.482367],[-60.379709,55.447862],[-60.418935,55.42768],[-60.428456,55.415269],[-60.413238,55.400092],[-60.441477,55.368476],[-60.460072,55.356635],[-60.482086,55.352281],[-60.451161,55.384833],[-60.444,55.402167],[-60.454742,55.413764],[-60.447174,55.421454],[-60.443227,55.429023],[-60.444936,55.435777],[-60.454742,55.441026],[-60.454742,55.447862],[-60.386545,55.474921],[-60.365387,55.489447],[-60.343332,55.515977],[-60.332875,55.5185],[-60.31078,55.509345],[-60.306508,55.519355],[-60.304026,55.530463],[-60.333892,55.539903],[-60.337229,55.547797],[-60.319244,55.576117],[-60.326283,55.583197],[-60.340891,55.582709],[-60.354848,55.575141],[-60.40099,55.530341],[-60.428578,55.51081],[-60.454742,55.503119],[-60.411366,55.554551],[-60.394399,55.585069],[-60.399526,55.612982],[-60.434316,55.634467],[-60.471181,55.630194],[-60.504994,55.612047],[-60.530507,55.591905],[-60.52538,55.616767],[-60.512196,55.641303],[-60.49352,55.660102],[-60.471547,55.667589],[-60.454742,55.669867],[-60.418324,55.679633],[-60.386464,55.682685],[-60.375111,55.685492],[-60.373443,55.691352],[-60.385894,55.701117],[-60.372222,55.715399],[-60.385894,55.722846],[-60.331288,55.760077],[-60.334706,55.781968],[-60.343902,55.782579],[-60.357045,55.774482],[-60.372222,55.770006],[-60.390614,55.786689],[-60.399526,55.790473],[-60.405629,55.788804],[-60.418446,55.77912],[-60.423736,55.776842],[-60.440419,55.782538],[-60.463002,55.801581],[-60.47525,55.797349],[-60.489613,55.810492],[-60.507924,55.804023],[-60.523793,55.786566],[-60.530507,55.766913],[-60.530751,55.746161],[-60.535512,55.738267],[-60.547271,55.725938],[-60.571441,55.688096],[-60.589996,55.648139],[-60.602203,55.627875],[-60.615549,55.619208],[-60.63268,55.612128],[-60.681304,55.564561],[-60.685129,55.578559],[-60.677113,55.589301],[-60.653432,55.605536],[-60.637359,55.627021],[-60.631256,55.640448],[-60.636057,55.646552],[-60.648915,55.651964],[-60.657053,55.664171],[-60.656239,55.676378],[-60.642568,55.681871],[-60.628774,55.68419],[-60.614898,55.690294],[-60.602162,55.698839],[-60.591379,55.708564],[-60.60558,55.714708],[-60.612416,55.715399],[-60.606557,55.733018],[-60.607167,55.754706],[-60.613881,55.773627],[-60.626088,55.783026],[-60.606597,55.806627],[-60.601959,55.819566],[-60.615549,55.825263],[-60.640859,55.827948],[-60.653961,55.825303],[-60.670644,55.794867],[-60.696401,55.769761],[-60.726145,55.747626],[-60.749013,55.736518],[-60.771799,55.735541],[-60.862294,55.742743],[-60.905019,55.73664],[-60.920277,55.736518],[-60.935455,55.729844],[-60.943918,55.729804],[-60.950185,55.742621],[-60.968658,55.749498],[-60.94929,55.755072],[-60.892974,55.749498],[-60.87267,55.752672],[-60.81786,55.756415],[-60.761057,55.78087],[-60.735992,55.800035],[-60.728505,55.825263],[-60.746816,55.850165],[-60.781606,55.859687],[-60.895863,55.860419],[-60.916249,55.863511],[-60.933949,55.86994],[-60.945465,55.870307],[-61.065907,55.849555],[-61.0985,55.848334],[-61.119537,55.859442],[-61.165883,55.869615],[-61.193267,55.879625],[-61.194,55.89289],[-61.173329,55.898627],[-61.138051,55.901435],[-61.101877,55.90001],[-61.078521,55.89289],[-61.079701,55.902777],[-61.078847,55.912055],[-61.076039,55.9206],[-61.071156,55.92829],[-61.100087,55.951361],[-61.138987,55.972154],[-61.176584,55.97606],[-61.201487,55.948188],[-61.229726,55.962714],[-61.242747,55.966783],[-61.262929,55.969306],[-61.345448,55.969306],[-61.40274,55.959906],[-61.41747,55.965522],[-61.447133,55.980577],[-61.461415,55.991034],[-61.462148,56.002753],[-61.447214,56.002305],[-61.428009,55.995592],[-61.418284,55.988389],[-61.413726,55.982286],[-61.393178,55.976671],[-61.383046,55.976142],[-61.379872,55.979234],[-61.378774,55.986314],[-61.379872,55.993354],[-61.383046,55.996568],[-61.474436,56.010484],[-61.503082,56.010199],[-61.468129,56.029731],[-61.398346,56.032701],[-61.270375,56.024482],[-61.270375,56.030707],[-61.298736,56.030626],[-61.312327,56.032538],[-61.325592,56.037543],[-61.305328,56.044053],[-61.28189,56.0456],[-61.234975,56.043769],[-61.261586,56.055894],[-61.291086,56.064032],[-61.319976,56.067206],[-61.344838,56.064805],[-61.40038,56.050482],[-61.425038,56.050116],[-61.455312,56.058051],[-61.443918,56.072577],[-61.426015,56.082017],[-61.348297,56.102973],[-61.338612,56.111029],[-61.352284,56.119452],[-61.352284,56.126899],[-61.345367,56.131334],[-61.339589,56.138251],[-61.339263,56.144599],[-61.348541,56.147406],[-61.361318,56.145575],[-61.377187,56.136461],[-61.386464,56.133124],[-61.406728,56.129991],[-61.409413,56.13231],[-61.403961,56.141099],[-61.400054,56.157335],[-61.39151,56.16942],[-61.371734,56.172838],[-61.349965,56.173692],[-61.335194,56.178087],[-61.33434,56.187934],[-61.352284,56.205756],[-61.344838,56.216295],[-61.344838,56.22248],[-61.372792,56.228827],[-61.403147,56.223212],[-61.43456,56.213813],[-61.547027,56.200385],[-61.557729,56.201158],[-61.578847,56.208848],[-61.586537,56.21894],[-61.592519,56.22248],[-61.599233,56.223619],[-61.677561,56.22248],[-61.69107,56.220771],[-61.722808,56.208848],[-61.776845,56.208848],[-61.772288,56.213813],[-61.763173,56.229315],[-61.798085,56.223822],[-61.835194,56.22248],[-61.850819,56.22602],[-61.866689,56.232245],[-61.882232,56.234361],[-61.914459,56.21662],[-61.935292,56.217353],[-62.008901,56.240465],[-62.016184,56.248481],[-62.004018,56.25727],[-62.046295,56.273749],[-62.067209,56.285468],[-62.078481,56.298204],[-62.038401,56.308458],[-62.017934,56.308946],[-62.000315,56.301337],[-61.983388,56.291002],[-61.965566,56.286566],[-61.946889,56.286851],[-61.90746,56.295518],[-61.827463,56.297309],[-61.776357,56.290229],[-61.756418,56.283922],[-61.767568,56.27265],[-61.788075,56.269151],[-61.831451,56.270941],[-61.796539,56.256822],[-61.74828,56.256334],[-61.660756,56.270941],[-61.660756,56.277777],[-61.799184,56.297838],[-61.81786,56.304429],[-61.796254,56.313178],[-61.768463,56.313096],[-61.626698,56.283677],[-61.60554,56.283922],[-61.597076,56.29442],[-61.605621,56.30683],[-61.622711,56.318101],[-61.639638,56.325548],[-61.665395,56.32807],[-61.71996,56.324164],[-61.743316,56.332343],[-61.715443,56.339179],[-61.715443,56.345404],[-61.72643,56.344916],[-61.747548,56.339423],[-61.756418,56.339179],[-61.766754,56.343614],[-61.776845,56.359687],[-61.83023,56.376899],[-61.845774,56.38703],[-61.815907,56.388617],[-61.790517,56.393785],[-61.813954,56.403388],[-61.844716,56.409735],[-61.903798,56.414293],[-61.912465,56.422309],[-61.932688,56.436591],[-61.953114,56.442206],[-61.962473,56.424506],[-61.975413,56.421861],[-62.081044,56.429551],[-62.103383,56.434394],[-62.125478,56.442857],[-62.147369,56.455268],[-62.103424,56.45893],[-62.010121,56.452867],[-61.960439,56.463446],[-61.952748,56.46308],[-61.948069,56.465644],[-61.948801,56.475694],[-61.956166,56.4831],[-61.96996,56.48725],[-61.985097,56.489122],[-62.02009,56.48961],[-62.063303,56.483344],[-62.085927,56.483222],[-62.085927,56.490058],[-62.036773,56.508043],[-61.977406,56.510688],[-61.756581,56.485826],[-61.713979,56.50141],[-61.667592,56.503282],[-61.653961,56.516669],[-61.652659,56.531684],[-61.658844,56.539374],[-61.681264,56.548407],[-61.692372,56.555284],[-61.712026,56.575385],[-61.723704,56.580552],[-61.735341,56.576728],[-61.756418,56.565131],[-61.769643,56.564521],[-61.781809,56.566026],[-61.853912,56.590399],[-61.8697,56.593004],[-61.917714,56.585639],[-62.000966,56.587633],[-62.023915,56.593004],[-62.242991,56.620347],[-62.238881,56.620917],[-62.238393,56.622504],[-62.242991,56.626532],[-61.940175,56.616156],[-61.914052,56.626532],[-61.934682,56.633043],[-61.958485,56.635077],[-62.007151,56.633979],[-62.099924,56.650824],[-62.167592,56.678087],[-62.24767,56.695054],[-62.267201,56.70539],[-62.284291,56.711982],[-62.338735,56.717027],[-62.35969,56.722154],[-62.414906,56.750312],[-62.56786,56.795966],[-62.585601,56.797838],[-62.569895,56.803941],[-62.56135,56.814561],[-62.554677,56.827257],[-62.544667,56.839464],[-62.530385,56.847724],[-62.512685,56.852769],[-62.493764,56.8546],[-62.475738,56.853095],[-62.421742,56.834581],[-62.400624,56.832017],[-62.384511,56.834296],[-62.354075,56.844062],[-62.338857,56.8463],[-62.088694,56.841295],[-62.044423,56.825792],[-62.228179,56.81745],[-62.260121,56.828437],[-62.274078,56.827826],[-62.305043,56.818427],[-62.478993,56.798285],[-62.503082,56.784857],[-62.483876,56.77558],[-62.348012,56.752875],[-62.26415,56.722154],[-62.237945,56.716254],[-62.124664,56.704942],[-62.037506,56.674994],[-61.984446,56.664415],[-61.954457,56.665269],[-61.941314,56.678087],[-61.928212,56.681993],[-61.905141,56.678412],[-61.896799,56.668524],[-61.927642,56.653876],[-61.902252,56.643175],[-61.868886,56.637274],[-61.743316,56.633979],[-61.702504,56.621568],[-61.6881,56.620347],[-61.662668,56.628241],[-61.658355,56.642157],[-61.67162,56.655463],[-61.722483,56.66767],[-61.747182,56.679877],[-61.770619,56.687852],[-61.790517,56.68122],[-61.819936,56.70897],[-61.814076,56.71247],[-61.756337,56.704047],[-61.731923,56.703803],[-61.711334,56.711046],[-61.694936,56.7296],[-61.720815,56.743272],[-61.750803,56.751654],[-61.818471,56.756903],[-61.847157,56.752753],[-61.864735,56.741278],[-61.87621,56.723944],[-61.886708,56.702338],[-61.898305,56.710395],[-61.901479,56.723822],[-61.897206,56.738389],[-61.886708,56.750067],[-61.898183,56.761217],[-61.9051,56.777452],[-61.904652,56.793769],[-61.894154,56.805365],[-61.858266,56.793524],[-61.809193,56.78852],[-61.76061,56.792792],[-61.726226,56.808783],[-61.708608,56.813544],[-61.68635,56.80919],[-61.664174,56.808946],[-61.647125,56.825792],[-61.645375,56.841417],[-61.651479,56.86876],[-61.643422,56.883531],[-61.629465,56.894395],[-61.611236,56.904405],[-61.592112,56.911729],[-61.575103,56.914537],[-61.567291,56.921617],[-61.537262,56.962958],[-61.519032,56.972968],[-61.50178,56.978949],[-61.484283,56.982001],[-61.465566,56.982856],[-61.429026,56.98017],[-61.411936,56.981757],[-61.393219,56.989691],[-61.379058,56.981269],[-61.357249,56.961493],[-61.344838,56.955512],[-61.338694,56.962958],[-61.345937,56.967597],[-61.349843,56.9737],[-61.34968,56.981147],[-61.344838,56.989691],[-61.361318,56.994208],[-61.370676,57.002427],[-61.369008,57.011217],[-61.355051,57.016506],[-61.354156,57.024237],[-61.352284,57.02379],[-61.359283,57.033026],[-61.376291,57.045844],[-61.379628,57.055162],[-61.376373,57.066962],[-61.362294,57.080024],[-61.35912,57.089586],[-61.365712,57.106879],[-61.381907,57.12108],[-61.421213,57.141099],[-61.471791,57.156073],[-61.526723,57.1612],[-61.684397,57.154771],[-61.696441,57.157904],[-61.700754,57.16474],[-61.698638,57.171576],[-61.67748,57.183905],[-61.630767,57.223009],[-61.619781,57.229926],[-61.649241,57.2331],[-61.784291,57.154771],[-61.777943,57.176093],[-61.776112,57.191107],[-61.785268,57.196275],[-61.811635,57.1883],[-61.84675,57.170396],[-61.865102,57.17064],[-61.873036,57.192003],[-61.882965,57.210028],[-61.906728,57.219184],[-61.959055,57.22309],[-61.962717,57.225165],[-61.962148,57.234565],[-61.965566,57.23668],[-61.993153,57.23668],[-62.003163,57.238389],[-62.011627,57.242987],[-62.023915,57.257148],[-61.945058,57.257148],[-61.932118,57.259019],[-61.893951,57.270453],[-61.880483,57.277655],[-61.870758,57.293036],[-61.873606,57.306952],[-61.879018,57.318956],[-61.87149,57.342841],[-61.886464,57.350816],[-61.927642,57.360216],[-61.927642,57.367051],[-61.823476,57.358385],[-61.804799,57.367051],[-61.817047,57.377387],[-61.90038,57.415473],[-62.031321,57.456407],[-62.135487,57.461005],[-62.159373,57.469062],[-62.18224,57.465074],[-62.196116,57.45954],[-62.202016,57.452704],[-62.210317,57.449327],[-62.263783,57.448961],[-62.276926,57.445787],[-62.301381,57.431708],[-62.315012,57.428534],[-62.377065,57.428534],[-62.386342,57.430854],[-62.414906,57.448961],[-62.469553,57.462633],[-62.515045,57.4831],[-62.533681,57.496039],[-62.544667,57.511054],[-62.516103,57.508979],[-62.421132,57.4831],[-62.374135,57.463202],[-62.348948,57.45775],[-62.328684,57.466051],[-62.289215,57.523627],[-62.270334,57.538398],[-62.243723,57.544989],[-62.164174,57.531562],[-62.115346,57.534613],[-62.08967,57.540758],[-62.072336,57.552069],[-62.071441,57.56151],[-62.076812,57.582221],[-62.068593,57.586127],[-62.057444,57.588243],[-62.038564,57.597642],[-61.973988,57.606676],[-61.921457,57.620917],[-61.898101,57.62169],[-61.889882,57.624986],[-61.886708,57.637641],[-61.887847,57.648383],[-61.892974,57.661322],[-61.894154,57.67182],[-61.905181,57.672471],[-61.968617,57.688544],[-61.968617,57.69599],[-61.950063,57.709174],[-61.962961,57.735053],[-62.007151,57.781358],[-62.034739,57.786933],[-62.081166,57.789618],[-62.118723,57.797471],[-62.119456,57.818915],[-62.134104,57.830756],[-62.140533,57.833197],[-62.127187,57.851793],[-62.088246,57.874376],[-62.072336,57.887803],[-62.065745,57.898912],[-62.066518,57.904975],[-62.070139,57.911811],[-62.073232,57.933295],[-62.076283,57.941107],[-62.081532,57.946967],[-62.103627,57.955919],[-62.121938,57.969062],[-62.140859,57.978258],[-62.157338,57.973131],[-62.19518,57.943061],[-62.20051,57.934801],[-62.208852,57.908271],[-62.218332,57.914496],[-62.233022,57.939317],[-62.242584,57.944566],[-62.266835,57.950019],[-62.27774,57.956732],[-62.304758,57.920518],[-62.324086,57.909044],[-62.346018,57.915107],[-62.330963,57.925523],[-62.324941,57.945746],[-62.327748,57.967841],[-62.339182,57.983995],[-62.369211,57.961412],[-62.377349,57.949774],[-62.385854,57.899359],[-62.392323,57.883734],[-62.400624,57.874132],[-62.420766,57.870673],[-62.427968,57.883368],[-62.427602,57.89997],[-62.423451,57.914984],[-62.427724,57.930732],[-62.429596,57.949042],[-62.421132,57.963568],[-62.4381,57.965196],[-62.46935,57.974351],[-62.486643,57.976549],[-62.562001,57.969713],[-62.592397,57.963446],[-62.64391,57.937934],[-62.674957,57.935614],[-62.655629,57.948676],[-62.534495,58.005683],[-62.510487,58.011339],[-62.478668,58.009833],[-62.418284,57.997056],[-62.387034,57.997667],[-62.366444,58.005235],[-62.326894,58.026964],[-62.305043,58.031195],[-62.312856,58.048774],[-62.326894,58.064643],[-62.344594,58.071479],[-62.363108,58.062242],[-62.378489,58.051947],[-62.391184,58.051988],[-62.395823,58.059638],[-62.387034,58.07213],[-62.428578,58.086412],[-62.390207,58.090684],[-62.371327,58.096259],[-62.366526,58.106879],[-62.376698,58.112901],[-62.395985,58.114814],[-62.450673,58.111274],[-62.466135,58.107733],[-62.479726,58.101915],[-62.490061,58.093248],[-62.49177,58.082628],[-62.490834,58.06977],[-62.496327,58.059923],[-62.517323,58.058539],[-62.517323,58.065985],[-62.509755,58.074897],[-62.51537,58.081732],[-62.52538,58.08751],[-62.530995,58.093248],[-62.529408,58.103217],[-62.524159,58.110175],[-62.465321,58.151313],[-62.450999,58.167792],[-62.462066,58.181993],[-62.471018,58.182196],[-62.510487,58.175849],[-62.521718,58.16828],[-62.524729,58.162462],[-62.525706,58.156358],[-62.530995,58.147895],[-62.552113,58.12934],[-62.55899,58.133653],[-62.560536,58.148627],[-62.565745,58.162095],[-62.581166,58.165269],[-62.597808,58.154771],[-62.615346,58.13935],[-62.633412,58.127387],[-62.651235,58.123847],[-62.714182,58.144599],[-62.728993,58.141059],[-62.733469,58.137763],[-62.73644,58.127387],[-62.749582,58.125352],[-62.77123,58.134833],[-62.818837,58.124742],[-62.84081,58.123481],[-62.853139,58.134833],[-62.832631,58.141059],[-62.832631,58.147895],[-62.852528,58.14704],[-62.889475,58.137274],[-62.926178,58.13288],[-62.948801,58.124335],[-62.964426,58.115058],[-62.969879,58.110053],[-62.971425,58.096381],[-62.979726,58.093248],[-63.035756,58.082831],[-63.066396,58.072862],[-63.092437,58.058051],[-63.099517,58.045478],[-63.101064,58.037787],[-63.099436,58.021308],[-63.103261,58.014472],[-63.119537,58.004869],[-63.138254,57.999864],[-63.321767,57.983344],[-63.339752,57.983995],[-63.315256,57.99726],[-63.286204,58.007799],[-63.255483,58.01496],[-63.192983,58.019965],[-63.168121,58.028022],[-63.149403,58.042955],[-63.134348,58.065985],[-63.149322,58.06269],[-63.198801,58.057318],[-63.209381,58.062242],[-63.200592,58.068671],[-63.034535,58.118232],[-63.010813,58.141059],[-63.028066,58.144843],[-63.064443,58.148301],[-63.079091,58.155341],[-62.817454,58.179063],[-62.75475,58.17121],[-62.661366,58.175849],[-62.64859,58.179999],[-62.635243,58.186754],[-62.624664,58.195746],[-62.620351,58.206488],[-62.614613,58.213813],[-62.578765,58.223009],[-62.583323,58.235216],[-62.589955,58.246405],[-62.600413,58.254584],[-62.616607,58.257758],[-62.650543,58.26911],[-62.667592,58.27147],[-62.674957,58.261176],[-62.697174,58.253241],[-62.798166,58.253607],[-62.821685,58.257107],[-62.832997,58.25377],[-62.853668,58.24022],[-62.863026,58.23725],[-62.870229,58.230048],[-62.878041,58.215155],[-62.888051,58.202826],[-62.901519,58.203111],[-62.907582,58.214342],[-62.899037,58.226142],[-62.886342,58.237494],[-62.872629,58.261908],[-62.85554,58.268663],[-62.732737,58.271348],[-62.721181,58.273179],[-62.715484,58.277289],[-62.709137,58.285102],[-62.634511,58.301866],[-62.623443,58.309272],[-62.620351,58.320665],[-62.621816,58.336859],[-62.626617,58.351915],[-62.633412,58.360175],[-62.619374,58.370836],[-62.62682,58.386176],[-62.65392,58.414781],[-62.630116,58.431708],[-62.61559,58.438422],[-62.599233,58.442694],[-62.60676,58.456366],[-62.558258,58.477484],[-62.578603,58.504218],[-62.620595,58.50609],[-62.705678,58.491075],[-62.743723,58.496283],[-62.756947,58.491075],[-62.762929,58.484361],[-62.767242,58.468492],[-62.77123,58.463202],[-62.785959,58.45893],[-62.792958,58.465928],[-62.792348,58.480211],[-62.78425,58.497992],[-62.797841,58.497992],[-62.811513,58.490058],[-62.81725,58.484931],[-62.823557,58.471137],[-62.832997,58.4713],[-62.853139,58.477484],[-62.937734,58.468207],[-62.960805,58.459296],[-62.978017,58.447374],[-62.983469,58.43651],[-63.009674,58.428697],[-63.017649,58.429023],[-63.024159,58.43244],[-63.030629,58.442694],[-63.051666,58.452094],[-63.063303,58.451606],[-63.079091,58.442694],[-63.140533,58.383612],[-63.154775,58.381293],[-63.16161,58.367621],[-63.165679,58.38349],[-63.157135,58.395006],[-63.127431,58.414781],[-63.098012,58.446031],[-63.085846,58.456366],[-63.106679,58.468858],[-63.124908,58.475898],[-63.144114,58.47838],[-63.247874,58.470689],[-63.264027,58.463202],[-63.264027,58.470038],[-63.421702,58.367621],[-63.488515,58.344224],[-63.546539,58.311876],[-63.568186,58.305772],[-63.593007,58.305528],[-63.582143,58.31745],[-63.534779,58.352729],[-63.487416,58.377875],[-63.435292,58.391547],[-63.420766,58.399604],[-63.410308,58.407457],[-63.387563,58.429023],[-63.339752,58.463202],[-63.341949,58.478827],[-63.356068,58.487169],[-63.374908,58.490546],[-63.391265,58.491075],[-63.524078,58.477484],[-63.499867,58.481431],[-63.471425,58.490302],[-63.448801,58.504462],[-63.442209,58.524644],[-63.412953,58.508531],[-63.368642,58.497748],[-63.326894,58.497016],[-63.305572,58.510972],[-63.278554,58.505805],[-63.175649,58.503485],[-63.167836,58.504828],[-63.163075,58.508734],[-63.159495,58.520087],[-63.154775,58.524644],[-63.124664,58.531562],[-63.078359,58.559149],[-62.935374,58.596625],[-62.922515,58.606553],[-62.920277,58.615302],[-62.921132,58.623481],[-62.917633,58.631415],[-62.907826,58.637681],[-62.88622,58.640448],[-62.872955,58.644721],[-62.856679,58.655626],[-62.846506,58.669257],[-62.844594,58.685167],[-62.853139,58.702745],[-62.872874,58.715644],[-62.895497,58.714179],[-62.920033,58.707099],[-62.945627,58.702745],[-63.02066,58.701646],[-63.038686,58.709093],[-63.044911,58.710191],[-63.033315,58.719184],[-62.914622,58.751166],[-62.918121,58.756537],[-62.915517,58.760118],[-62.914622,58.764838],[-62.917226,58.774237],[-62.910024,58.796942],[-62.914622,58.812608],[-62.92691,58.823188],[-63.042795,58.85932],[-63.052398,58.861029],[-63.047434,58.870795],[-63.027943,58.876532],[-62.989654,58.881537],[-63.014516,58.897406],[-63.05248,58.902289],[-63.091868,58.894965],[-63.120676,58.874091],[-63.116689,58.862128],[-63.124867,58.846788],[-63.139394,58.833197],[-63.154775,58.82628],[-63.178863,58.828437],[-63.179067,58.841498],[-63.154775,58.874091],[-63.167836,58.881537],[-63.180776,58.864814],[-63.195058,58.859117],[-63.229848,58.861029],[-63.275258,58.853095],[-63.298329,58.851996],[-63.312978,58.856391],[-63.316233,58.856024],[-63.32608,58.861029],[-63.257965,58.874132],[-63.236684,58.881537],[-63.185048,58.914984],[-63.16161,58.922471],[-63.171295,58.933417],[-63.190175,58.940009],[-63.211822,58.943061],[-63.229848,58.942979],[-63.229848,58.950385],[-63.194163,58.953559],[-63.176625,58.957465],[-63.167836,58.963446],[-63.169586,58.977891],[-63.183176,58.984361],[-63.201039,58.98546],[-63.216217,58.983954],[-63.241038,58.975694],[-63.282338,58.95128],[-63.305572,58.942979],[-63.288971,58.964179],[-63.269439,58.979315],[-63.222483,59.005072],[-63.250559,59.013739],[-63.339752,59.02558],[-63.339752,59.032335],[-63.161977,59.030015],[-63.127431,59.046007],[-63.131581,59.062323],[-63.158355,59.063096],[-63.191029,59.059638],[-63.212799,59.063056],[-63.230784,59.074164],[-63.250396,59.076728],[-63.291331,59.07331],[-63.285146,59.093817],[-63.352773,59.104438],[-63.386627,59.101996],[-63.401194,59.083848],[-63.406972,59.072699],[-63.420806,59.065009],[-63.437734,59.063218],[-63.452463,59.069932],[-63.460601,59.070868],[-63.507476,59.055976],[-63.516754,59.043199],[-63.524078,59.03856],[-63.535797,59.036322],[-63.617299,59.040961],[-63.661855,59.03856],[-63.723134,59.020128],[-63.743804,59.018134],[-63.763743,59.021064],[-63.780263,59.027411],[-63.812123,59.046007],[-63.832143,59.03856],[-63.853017,59.037177],[-63.870758,59.033189],[-63.880971,59.018134],[-63.867014,58.995958],[-63.859283,58.978583],[-63.860463,58.963446],[-63.882314,58.961982],[-63.906728,58.989814],[-63.916615,59.026801],[-63.894643,59.052802],[-63.894643,59.059678],[-63.946441,59.059678],[-63.955637,59.055406],[-63.96939,59.036689],[-64.022939,59.019517],[-64.039906,59.01793],[-64.037994,59.032335],[-64.029856,59.037584],[-64.002838,59.048936],[-63.99706,59.05622],[-63.993479,59.066107],[-63.984731,59.073839],[-63.973541,59.078966],[-63.96288,59.080756],[-63.82433,59.068671],[-63.775746,59.055528],[-63.747182,59.052802],[-63.719879,59.056098],[-63.66161,59.070258],[-63.581776,59.075059],[-63.560902,59.082261],[-63.541819,59.09752],[-63.521474,59.108222],[-63.465484,59.114366],[-63.442209,59.120551],[-63.425852,59.134711],[-63.391225,59.174872],[-63.377024,59.183173],[-63.363026,59.18773],[-63.360829,59.198228],[-63.365712,59.20954],[-63.37328,59.216661],[-63.385732,59.219591],[-63.398793,59.218858],[-63.40803,59.215399],[-63.408599,59.209906],[-63.421864,59.206732],[-63.456288,59.192816],[-63.463246,59.193101],[-63.45637,59.207017],[-63.443593,59.218085],[-63.437001,59.22956],[-63.449045,59.244615],[-63.429921,59.247056],[-63.407216,59.256293],[-63.388295,59.268134],[-63.380727,59.278754],[-63.392568,59.292467],[-63.417836,59.290961],[-63.466379,59.278754],[-63.479848,59.270982],[-63.531565,59.22724],[-63.543935,59.219794],[-63.572011,59.215196],[-63.60204,59.213975],[-63.620269,59.216661],[-63.614125,59.216661],[-63.628977,59.216986],[-63.635121,59.219102],[-63.641428,59.224189],[-63.624867,59.223944],[-63.609771,59.227281],[-63.552561,59.253526],[-63.545155,59.258287],[-63.536773,59.270209],[-63.533193,59.280585],[-63.531565,59.306708],[-63.525258,59.316514],[-63.524078,59.323106],[-63.526194,59.331732],[-63.533193,59.338813],[-63.531565,59.347724],[-63.553538,59.353583],[-63.624013,59.353868],[-63.629709,59.356147],[-63.6433,59.365912],[-63.651682,59.36815],[-63.66218,59.362779],[-63.674916,59.339342],[-63.68578,59.334052],[-63.698354,59.325303],[-63.71817,59.282172],[-63.730133,59.265082],[-63.750356,59.254218],[-63.774892,59.248033],[-63.825754,59.244615],[-63.825754,59.252061],[-63.784576,59.25788],[-63.77481,59.263414],[-63.754058,59.289374],[-63.742787,59.308173],[-63.726389,59.350409],[-63.709625,59.36815],[-63.752268,59.363227],[-63.764882,59.36815],[-63.759348,59.372138],[-63.7506,59.388617],[-63.767079,59.38878],[-63.790435,59.378974],[-63.805898,59.374945],[-63.960764,59.39057],[-63.999827,59.390326],[-64.037994,59.381171],[-64.03185,59.381171],[-64.042958,59.380439],[-64.052805,59.382392],[-64.060658,59.387274],[-64.065989,59.395453],[-64.034739,59.410509],[-63.999827,59.418524],[-63.795033,59.422187],[-63.787668,59.425605],[-63.784657,59.440416],[-63.781646,59.443834],[-63.780832,59.450059],[-63.757436,59.477851],[-63.736399,59.497992],[-63.728139,59.509141],[-63.727691,59.519965],[-63.736928,59.53205],[-63.766916,59.548285],[-63.874135,59.572984],[-63.920644,59.549384],[-63.935618,59.539496],[-63.965566,59.511949],[-63.980702,59.506415],[-63.983388,59.525824],[-63.943023,59.566759],[-63.927846,59.572821],[-63.890777,59.577623],[-63.877553,59.583848],[-63.864084,59.611314],[-63.889556,59.617255],[-63.946441,59.611151],[-63.973378,59.623725],[-64.007314,59.62401],[-64.032135,59.610175],[-64.03185,59.58043],[-64.037994,59.58043],[-64.039947,59.562201],[-64.064768,59.5456],[-64.120595,59.518378],[-64.116038,59.531317],[-64.104726,59.547349],[-64.091908,59.560981],[-64.072825,59.574449],[-64.066518,59.591742],[-64.059722,59.621405],[-64.031606,59.644965],[-63.99474,59.64765],[-63.955963,59.645819],[-63.921986,59.655504],[-63.932769,59.660875],[-63.944488,59.662787],[-63.969797,59.66234],[-63.9558,59.674384],[-63.943023,59.689683],[-63.96231,59.694566],[-64.037994,59.682847],[-64.147857,59.682847],[-64.175038,59.693549],[-64.21227,59.716132],[-64.246409,59.742621],[-64.264556,59.764757],[-64.259389,59.788398],[-64.192535,59.77851],[-64.175852,59.796129],[-64.174306,59.830675],[-64.170277,59.845649],[-64.16218,59.861029],[-64.135976,59.889228],[-64.126373,59.907457],[-64.137929,59.915595],[-64.153188,59.912095],[-64.161936,59.903551],[-64.16983,59.892646],[-64.182607,59.882066],[-64.199045,59.876532],[-64.218577,59.874457],[-64.257721,59.87462],[-64.257721,59.882066],[-64.234486,59.882799],[-64.212514,59.889838],[-64.194407,59.901435],[-64.182607,59.915595],[-64.203359,59.93358],[-64.229319,59.941636],[-64.298736,59.943549],[-64.274403,59.963731],[-64.181223,59.975409],[-64.147857,59.984483],[-64.147857,59.991319],[-64.157216,59.99962],[-64.170888,60.022406],[-64.182607,60.032294],[-64.184722,60.030829],[-64.210561,60.032294],[-64.215199,60.03559],[-64.217193,60.044745],[-64.22053,60.046576],[-64.277333,60.047797],[-64.302887,60.051825],[-64.326039,60.060248],[-64.328969,60.028144],[-64.302602,60.009955],[-64.262522,60.003119],[-64.224233,60.00495],[-64.224233,59.997504],[-64.245432,59.994981],[-64.305531,59.997504],[-64.324615,59.989447],[-64.347239,59.973578],[-64.363515,59.957994],[-64.363881,59.950995],[-64.359446,59.946601],[-64.361399,59.936998],[-64.368967,59.927436],[-64.381256,59.923041],[-64.423573,59.923285],[-64.436187,59.919298],[-64.476389,59.900499],[-64.49767,59.896959],[-64.518422,59.902533],[-64.501943,59.912095],[-64.450307,59.929592],[-64.437489,59.929145],[-64.417592,59.932603],[-64.401926,59.941474],[-64.394928,59.95661],[-64.400502,59.97606],[-64.416615,59.985093],[-64.488149,60.003607],[-64.53954,60.010932],[-64.420969,60.008287],[-64.393219,60.014472],[-64.388051,60.025458],[-64.373769,60.040107],[-64.413726,60.071112],[-64.402415,60.08751],[-64.386301,60.076239],[-64.375478,60.081163],[-64.369496,60.097032],[-64.367543,60.118232],[-64.377187,60.129747],[-64.398346,60.120836],[-64.419504,60.10224],[-64.429067,60.084174],[-64.451527,60.066148],[-64.502105,60.056952],[-64.555572,60.055365],[-64.586741,60.060248],[-64.806467,59.984483],[-64.810902,59.983466],[-64.822336,59.98546],[-64.828277,59.991156],[-64.82315,60.001207],[-64.812489,60.008246],[-64.689198,60.043402],[-64.676096,60.049669],[-64.662953,60.061632],[-64.632436,60.071519],[-64.573069,60.080756],[-64.491119,60.081],[-64.463246,60.08751],[-64.468984,60.096259],[-64.476959,60.101671],[-64.497914,60.107367],[-64.497914,60.114814],[-64.399241,60.15119],[-64.380605,60.170111],[-64.392161,60.179023],[-64.39981,60.189683],[-64.409983,60.197252],[-64.429067,60.196763],[-64.414906,60.208564],[-64.394928,60.217231],[-64.416168,60.223375],[-64.437978,60.212999],[-64.459706,60.198188],[-64.486318,60.1883],[-64.50414,60.178534],[-64.515289,60.176337],[-64.566274,60.176337],[-64.542958,60.19359],[-64.483022,60.219672],[-64.463246,60.238349],[-64.485341,60.24018],[-64.53893,60.265692],[-64.557362,60.269843],[-64.617096,60.272528],[-64.651763,60.264146],[-64.729319,60.234809],[-64.758656,60.238349],[-64.68106,60.278306],[-64.636545,60.293036],[-64.586741,60.292955],[-64.495107,60.272569],[-64.45344,60.250556],[-64.425771,60.242621],[-64.398834,60.24018],[-64.380605,60.245185],[-64.416615,60.259711],[-64.432769,60.269721],[-64.446401,60.282416],[-64.464223,60.291083],[-64.531406,60.303901]]],[[[-55.877187,47.266018],[-55.871002,47.251654],[-55.843088,47.273424],[-55.853749,47.273424],[-55.859242,47.277086],[-55.863596,47.29328],[-55.888051,47.294908],[-55.919423,47.289008],[-55.948476,47.276597],[-55.949941,47.268134],[-55.938954,47.271877],[-55.92809,47.273424],[-55.913686,47.270168],[-55.901763,47.264146],[-55.89037,47.260891],[-55.877187,47.266018]]],[[[-54.122548,47.642727],[-54.121083,47.664008],[-54.126047,47.670111],[-54.134348,47.664455],[-54.165883,47.606391],[-54.170969,47.58808],[-54.184641,47.595526],[-54.179758,47.601874],[-54.170969,47.62226],[-54.183258,47.615871],[-54.239858,47.564399],[-54.246002,47.553941],[-54.214019,47.558539],[-54.217437,47.5397],[-54.259674,47.485745],[-54.350575,47.422431],[-54.362701,47.40998],[-54.351064,47.403022],[-54.27245,47.395697],[-54.256663,47.398993],[-54.244049,47.407701],[-54.180287,47.506537],[-54.156646,47.533515],[-54.160308,47.555732],[-54.151031,47.587795],[-54.122548,47.642727]]],[[[-55.925038,47.677476],[-55.9405,47.685614],[-55.969635,47.685777],[-56.083485,47.666164],[-56.108266,47.65412],[-56.109975,47.636542],[-56.097646,47.629788],[-56.064687,47.630439],[-56.040028,47.619818],[-55.957183,47.605902],[-55.930002,47.604438],[-55.903635,47.607082],[-55.877187,47.616034],[-55.898752,47.624498],[-55.924143,47.638739],[-55.937978,47.656928],[-55.925038,47.677476]]],[[[-54.102854,47.561469],[-54.10204,47.540269],[-54.088368,47.546536],[-54.092844,47.524726],[-54.099233,47.506903],[-54.0985,47.491848],[-54.081532,47.478217],[-54.080434,47.495429],[-54.073801,47.508287],[-54.071034,47.518256],[-54.081532,47.526679],[-54.06664,47.531724],[-54.062978,47.543443],[-54.06607,47.555365],[-54.078603,47.566067],[-54.077016,47.591946],[-54.081532,47.601752],[-54.081532,47.609198],[-54.071156,47.616848],[-54.065012,47.627997],[-54.061879,47.641588],[-54.061106,47.656399],[-54.067616,47.675198],[-54.072418,47.683987],[-54.081532,47.691148],[-54.079498,47.669013],[-54.081532,47.650133],[-54.093251,47.630439],[-54.102854,47.561469]]],[[[-53.567698,48.190823],[-53.649403,48.156928],[-53.67748,48.149848],[-53.704416,48.151597],[-53.747426,48.172065],[-53.769928,48.177191],[-53.841298,48.171373],[-53.862416,48.177191],[-53.898183,48.204779],[-53.92101,48.21662],[-53.931386,48.208441],[-53.928375,48.183336],[-53.920033,48.17121],[-53.90689,48.161526],[-53.88976,48.143622],[-53.884836,48.13109],[-53.881947,48.117499],[-53.875234,48.106513],[-53.823883,48.096259],[-53.810943,48.095201],[-53.718414,48.101996],[-53.618804,48.082099],[-53.5655,48.08218],[-53.533518,48.108222],[-53.553944,48.108222],[-53.537994,48.12995],[-53.524078,48.144517],[-53.520009,48.158149],[-53.533518,48.177191],[-53.514027,48.186754],[-53.521474,48.201239],[-53.543528,48.207017],[-53.567698,48.190823]]],[[[-54.65689,49.465725],[-54.64391,49.475328],[-54.657623,49.487454],[-54.679596,49.492906],[-54.69107,49.4831],[-54.699696,49.472602],[-54.740387,49.458889],[-54.753774,49.445217],[-54.749908,49.424262],[-54.730377,49.411282],[-54.70873,49.405829],[-54.698557,49.40766],[-54.693756,49.417182],[-54.684438,49.42768],[-54.677805,49.438381],[-54.685455,49.457587],[-54.6787,49.463202],[-54.667104,49.465766],[-54.65689,49.465725]]],[[[-55.725738,49.561916],[-55.732574,49.551947],[-55.735992,49.536851],[-55.736155,49.522284],[-55.733225,49.513495],[-55.708485,49.50849],[-55.678578,49.520697],[-55.657094,49.541449],[-55.65746,49.561916],[-55.712514,49.564765],[-55.725738,49.561916]]],[[[-55.578969,49.609687],[-55.590932,49.603461],[-55.603831,49.604682],[-55.629547,49.603461],[-55.625234,49.615546],[-55.631418,49.622463],[-55.643544,49.624742],[-55.65746,49.623358],[-55.651275,49.63703],[-55.671742,49.63703],[-55.694325,49.628567],[-55.702545,49.622545],[-55.709218,49.603339],[-55.723256,49.587388],[-55.725738,49.581773],[-55.714467,49.571479],[-55.693105,49.568345],[-55.670277,49.571112],[-55.640533,49.585517],[-55.572906,49.598131],[-55.57079,49.602851],[-55.572743,49.607571],[-55.578969,49.609687]]],[[[-54.883453,49.55508],[-54.877187,49.552232],[-54.859609,49.551663],[-54.840403,49.529771],[-54.82136,49.525051],[-54.811635,49.520331],[-54.806874,49.515611],[-54.811187,49.513495],[-54.83023,49.512763],[-54.84553,49.509833],[-54.859934,49.503811],[-54.876617,49.493598],[-54.852366,49.486518],[-54.828481,49.489203],[-54.781077,49.499823],[-54.754954,49.493801],[-54.744008,49.493801],[-54.739491,49.503241],[-54.739003,49.517035],[-54.73644,49.524359],[-54.718984,49.534613],[-54.69933,49.541897],[-54.607737,49.560736],[-54.572865,49.571845],[-54.546051,49.584784],[-54.547719,49.596015],[-54.530873,49.615424],[-54.529286,49.625067],[-54.538726,49.649848],[-54.544057,49.651801],[-54.539377,49.661038],[-54.557932,49.65351],[-54.58727,49.631781],[-54.614084,49.616116],[-54.630238,49.623358],[-54.615956,49.63703],[-54.633697,49.633775],[-54.649241,49.624905],[-54.660227,49.610907],[-54.664418,49.592597],[-54.672922,49.578681],[-54.69286,49.567613],[-54.732655,49.55508],[-54.750396,49.5539],[-54.776601,49.556098],[-54.795277,49.563625],[-54.790679,49.578681],[-54.780629,49.595893],[-54.795766,49.60102],[-54.819651,49.601223],[-54.835683,49.603461],[-54.851552,49.59101],[-54.884999,49.595201],[-54.897125,49.581773],[-54.893178,49.581977],[-54.888336,49.572008],[-54.883453,49.55508]]],[[[-54.276763,49.575588],[-54.267893,49.573798],[-54.263336,49.571194],[-54.258697,49.571479],[-54.22761,49.593695],[-54.222157,49.596015],[-54.210357,49.59809],[-54.170969,49.609687],[-54.130279,49.612738],[-54.115712,49.616523],[-54.10261,49.623358],[-54.086659,49.634996],[-54.055409,49.640204],[-54.038889,49.654283],[-54.030019,49.657457],[-54.000071,49.650092],[-53.987172,49.651068],[-53.978505,49.664293],[-53.999827,49.66474],[-54.01651,49.667792],[-54.029775,49.675971],[-54.040598,49.691636],[-54.041005,49.696682],[-54.033111,49.70897],[-54.035797,49.714993],[-54.05427,49.71894],[-54.075999,49.734117],[-54.09203,49.750474],[-54.110219,49.754462],[-54.150461,49.75373],[-54.141469,49.737738],[-54.13679,49.732611],[-54.149526,49.729315],[-54.172963,49.733588],[-54.184641,49.726386],[-54.18635,49.716986],[-54.183502,49.70482],[-54.182932,49.691352],[-54.191396,49.677965],[-54.205068,49.698432],[-54.197621,49.705268],[-54.2176,49.716376],[-54.244049,49.72606],[-54.269846,49.72724],[-54.287587,49.712714],[-54.26651,49.712714],[-54.27477,49.70189],[-54.280141,49.698432],[-54.276031,49.690619],[-54.269928,49.684475],[-54.262115,49.680243],[-54.252838,49.677965],[-54.267242,49.673285],[-54.294993,49.676744],[-54.307485,49.67178],[-54.301991,49.647121],[-54.298695,49.615139],[-54.291982,49.587388],[-54.276763,49.575588]]],[[[-55.510365,50.805121],[-55.528066,50.794664],[-55.575429,50.778998],[-55.596059,50.774726],[-55.598215,50.783393],[-55.603586,50.791693],[-55.611073,50.79564],[-55.619944,50.791815],[-55.626698,50.781195],[-55.623362,50.761054],[-55.646392,50.732611],[-55.64273,50.723334],[-55.616526,50.713324],[-55.607086,50.71898],[-55.598256,50.716864],[-55.590077,50.709296],[-55.582387,50.698961],[-55.52359,50.721015],[-55.506663,50.733791],[-55.509348,50.742336],[-55.497711,50.751614],[-55.465688,50.767279],[-55.47175,50.770087],[-55.47997,50.780951],[-55.474843,50.780951],[-55.465688,50.788398],[-55.452301,50.79621],[-55.46642,50.804267],[-55.491363,50.80858],[-55.510365,50.805121]]],[[[-55.527821,50.972724],[-55.5419,50.987779],[-55.562652,50.985989],[-55.602854,50.966539],[-55.629465,50.965399],[-55.63915,50.961493],[-55.63329,50.949774],[-55.613393,50.931342],[-55.612375,50.922675],[-55.623362,50.911933],[-55.587758,50.895982],[-55.569163,50.890937],[-55.547597,50.890815],[-55.556386,50.90644],[-55.567372,50.915269],[-55.573069,50.923041],[-55.565582,50.935492],[-55.534779,50.958197],[-55.527821,50.972724]]],[[[-52.628814,47.526679],[-52.644195,47.529364],[-52.659901,47.536811],[-52.672027,47.547675],[-52.67691,47.560777],[-52.690582,47.553941],[-52.664418,47.587104],[-52.656646,47.603176],[-52.654937,47.652167],[-52.657541,47.66059],[-52.666656,47.663804],[-52.693023,47.660305],[-52.708811,47.661811],[-52.717926,47.67064],[-52.700592,47.702867],[-52.697418,47.714748],[-52.704213,47.756008],[-52.71052,47.761298],[-52.752065,47.773098],[-52.756907,47.779039],[-52.765492,47.7956],[-52.772532,47.801011],[-52.798411,47.788153],[-52.818471,47.743638],[-52.84142,47.650133],[-52.848948,47.629625],[-52.861155,47.608385],[-52.876373,47.588284],[-52.892934,47.571031],[-52.911733,47.556301],[-52.971791,47.526679],[-53.037953,47.484442],[-53.078114,47.470038],[-53.113759,47.430569],[-53.129384,47.416815],[-53.121938,47.437242],[-53.144195,47.443671],[-53.156158,47.440497],[-53.167388,47.434027],[-53.187408,47.430487],[-53.195221,47.437079],[-53.181304,47.452094],[-53.149281,47.478217],[-53.153676,47.486274],[-53.149281,47.499416],[-53.162668,47.500556],[-53.204498,47.471381],[-53.20287,47.484198],[-53.18399,47.512397],[-53.18224,47.523505],[-53.18399,47.560777],[-53.21703,47.548326],[-53.228424,47.546536],[-53.24059,47.548774],[-53.252919,47.553656],[-53.259755,47.558539],[-53.255727,47.560777],[-53.234853,47.565619],[-53.207346,47.577623],[-53.182607,47.593411],[-53.1704,47.609198],[-53.21052,47.589301],[-53.230702,47.582587],[-53.252309,47.581244],[-53.243642,47.592597],[-53.217763,47.605455],[-53.204498,47.616034],[-53.230092,47.612616],[-53.241444,47.608222],[-53.252309,47.601752],[-53.262074,47.614203],[-53.25182,47.625393],[-53.232411,47.63345],[-53.214467,47.636542],[-53.194692,47.643378],[-53.171783,47.67475],[-53.156117,47.683743],[-53.16039,47.692939],[-53.166615,47.69717],[-53.174631,47.696479],[-53.18399,47.691148],[-53.162953,47.718451],[-53.193349,47.724351],[-53.201812,47.72956],[-53.207387,47.735907],[-53.186594,47.745266],[-53.172271,47.749457],[-53.161977,47.756415],[-53.149281,47.769355],[-53.142323,47.790961],[-53.125722,47.807766],[-53.08849,47.834459],[-53.070668,47.853705],[-53.062815,47.869574],[-53.060902,47.887763],[-53.061147,47.913642],[-53.053578,47.932563],[-53.035797,47.948391],[-52.998443,47.971666],[-52.979604,47.987128],[-52.966908,48.001654],[-52.959706,48.017483],[-52.957428,48.037177],[-52.954091,48.045803],[-52.946197,48.054348],[-52.930165,48.067328],[-52.914418,48.089586],[-52.902903,48.095201],[-52.858225,48.095201],[-52.846018,48.098375],[-52.836741,48.105455],[-52.834788,48.112494],[-52.865834,48.123969],[-52.900461,48.161282],[-52.923329,48.170966],[-52.935455,48.166734],[-52.952626,48.153022],[-52.991078,48.106513],[-53.02953,48.07099],[-53.042104,48.061835],[-53.061025,48.051907],[-53.081288,48.04385],[-53.098053,48.040595],[-53.117747,48.045966],[-53.132436,48.056586],[-53.148061,48.064276],[-53.1704,48.061103],[-53.179067,48.054145],[-53.180287,48.047553],[-53.184316,48.042548],[-53.213857,48.038275],[-53.228993,48.025865],[-53.239247,48.020087],[-53.248647,48.01911],[-53.268381,48.020331],[-53.276479,48.016425],[-53.303538,47.988715],[-53.313466,47.974677],[-53.328765,47.940985],[-53.338287,47.927314],[-53.352122,47.913316],[-53.36262,47.899807],[-53.365102,47.88703],[-53.355336,47.875474],[-53.355336,47.869289],[-53.382476,47.87637],[-53.394154,47.875556],[-53.409332,47.869289],[-53.420155,47.861151],[-53.429189,47.850572],[-53.444081,47.828315],[-53.441762,47.820787],[-53.459543,47.805487],[-53.464589,47.790473],[-53.467844,47.77147],[-53.476186,47.764838],[-53.487172,47.759914],[-53.498687,47.746405],[-53.500966,47.732367],[-53.497426,47.716213],[-53.490387,47.702867],[-53.482004,47.697333],[-53.480336,47.692572],[-53.488637,47.68244],[-53.502919,47.673041],[-53.519195,47.67064],[-53.508534,47.654975],[-53.517445,47.632717],[-53.51301,47.616034],[-53.534535,47.627021],[-53.543202,47.62873],[-53.557037,47.629096],[-53.560658,47.623847],[-53.551747,47.612372],[-53.533518,47.595526],[-53.550852,47.588202],[-53.55309,47.581],[-53.54898,47.572414],[-53.547109,47.560777],[-53.55012,47.543891],[-53.553863,47.539252],[-53.581899,47.546536],[-53.605133,47.539374],[-53.608551,47.543402],[-53.613271,47.555243],[-53.617909,47.559516],[-53.622874,47.560777],[-53.631581,47.555406],[-53.656117,47.533393],[-53.670033,47.526679],[-53.653635,47.552232],[-53.650217,47.560777],[-53.64977,47.570258],[-53.652333,47.57685],[-53.655426,47.579657],[-53.66039,47.569973],[-53.667063,47.577623],[-53.671986,47.589911],[-53.670033,47.595526],[-53.680735,47.5987],[-53.686635,47.597642],[-53.693959,47.591783],[-53.703847,47.58869],[-53.710113,47.597805],[-53.711741,47.609931],[-53.70759,47.616034],[-53.702992,47.619574],[-53.690541,47.642727],[-53.668446,47.669623],[-53.666168,47.684027],[-53.684316,47.691148],[-53.705719,47.676093],[-53.721181,47.644436],[-53.737904,47.619696],[-53.763173,47.625678],[-53.793813,47.664049],[-53.807851,47.677476],[-53.846791,47.706773],[-53.85497,47.718451],[-53.834869,47.721259],[-53.828928,47.735745],[-53.833485,47.751776],[-53.854156,47.767524],[-53.854644,47.784898],[-53.858266,47.801581],[-53.876698,47.807196],[-53.877309,47.828111],[-53.928944,47.852444],[-53.917714,47.862454],[-53.894765,47.858832],[-53.867502,47.843451],[-53.844716,47.824652],[-53.835113,47.810614],[-53.831207,47.79975],[-53.822133,47.790188],[-53.804067,47.776516],[-53.791615,47.774604],[-53.780426,47.785956],[-53.770823,47.800198],[-53.763173,47.807196],[-53.741282,47.817857],[-53.732533,47.842475],[-53.729604,47.870103],[-53.72525,47.889797],[-53.755238,47.895209],[-53.787343,47.896633],[-53.787343,47.903469],[-53.721181,47.902045],[-53.697336,47.896633],[-53.644846,47.965888],[-53.621571,48.00495],[-53.622874,48.033759],[-53.617584,48.038886],[-53.608551,48.054267],[-53.62914,48.049628],[-53.665273,48.028306],[-53.684316,48.020087],[-53.741119,48.016791],[-53.77595,47.999416],[-53.797841,48.001695],[-53.820302,48.008694],[-53.841949,48.012641],[-53.88683,48.014838],[-53.908355,48.021064],[-53.92394,48.033759],[-53.907623,48.038398],[-53.85497,48.026313],[-53.787343,48.026313],[-53.723744,48.03974],[-53.663197,48.061103],[-53.68399,48.08039],[-53.725087,48.083197],[-53.804067,48.074774],[-53.905181,48.08511],[-53.913157,48.094306],[-53.917714,48.122504],[-53.941274,48.176703],[-53.944407,48.201646],[-53.939361,48.225531],[-53.925282,48.237006],[-53.903879,48.236762],[-53.876698,48.225531],[-53.855784,48.195787],[-53.845082,48.190823],[-53.804067,48.198228],[-53.776479,48.197089],[-53.754628,48.193305],[-53.68932,48.170111],[-53.664174,48.166571],[-53.639475,48.169338],[-53.619211,48.180854],[-53.609242,48.189032],[-53.574452,48.211859],[-53.549224,48.23432],[-53.540924,48.239814],[-53.492177,48.247707],[-53.468088,48.256537],[-53.457753,48.277045],[-53.445709,48.285712],[-53.388417,48.286119],[-53.369008,48.29385],[-53.386545,48.306057],[-53.35554,48.3605],[-53.362172,48.383205],[-53.354888,48.386664],[-53.345855,48.388007],[-53.338206,48.386176],[-53.331899,48.375556],[-53.325307,48.377265],[-53.314361,48.383205],[-53.285064,48.384996],[-53.269765,48.38227],[-53.239329,48.360175],[-53.222076,48.355292],[-53.187408,48.355292],[-53.183176,48.361233],[-53.154897,48.388739],[-53.143056,48.396877],[-53.084706,48.417955],[-53.058461,48.435858],[-53.047475,48.461737],[-53.047475,48.492418],[-53.035064,48.516913],[-53.02774,48.535834],[-53.014516,48.54206],[-52.998606,48.546576],[-52.984771,48.554511],[-53.005849,48.575019],[-52.981272,48.591051],[-52.9829,48.604193],[-53.012766,48.629625],[-53.018422,48.640286],[-53.025217,48.660142],[-53.033193,48.6706],[-53.043609,48.676011],[-53.065094,48.680854],[-53.074208,48.691107],[-53.07136,48.700385],[-53.076812,48.703559],[-53.084543,48.699856],[-53.098541,48.650946],[-53.098053,48.646674],[-53.108469,48.640123],[-53.129384,48.639797],[-53.143056,48.636461],[-53.152333,48.631171],[-53.158599,48.625149],[-53.1704,48.609117],[-53.162953,48.601711],[-53.176259,48.588853],[-53.215403,48.566636],[-53.231842,48.554511],[-53.236887,48.544094],[-53.238393,48.533515],[-53.24352,48.526353],[-53.259145,48.526597],[-53.268137,48.531236],[-53.27481,48.539618],[-53.279042,48.549994],[-53.280263,48.560736],[-53.294545,48.552191],[-53.309682,48.548774],[-53.317616,48.552314],[-53.301666,48.579413],[-53.306793,48.589301],[-53.342193,48.612738],[-53.38268,48.615912],[-53.414174,48.623765],[-53.423573,48.62287],[-53.437245,48.615912],[-53.444651,48.598131],[-53.461293,48.592963],[-53.464223,48.586819],[-53.463612,48.56387],[-53.458811,48.551418],[-53.457753,48.543647],[-53.469838,48.531317],[-53.475006,48.510972],[-53.482086,48.511217],[-53.490956,48.51496],[-53.498687,48.513577],[-53.501373,48.507636],[-53.505523,48.486274],[-53.521474,48.462226],[-53.530181,48.457343],[-53.540924,48.465155],[-53.558502,48.447577],[-53.59553,48.420722],[-53.615387,48.409898],[-53.547109,48.492418],[-53.558258,48.491197],[-53.568674,48.48786],[-53.588124,48.478827],[-53.578114,48.502631],[-53.577016,48.513129],[-53.581899,48.526597],[-53.588124,48.526597],[-53.62442,48.462551],[-53.632802,48.451483],[-53.653798,48.449612],[-53.675404,48.444159],[-53.697092,48.435492],[-53.718414,48.42414],[-53.72525,48.431586],[-53.714101,48.44538],[-53.700266,48.455471],[-53.615387,48.499335],[-53.624989,48.508734],[-53.636464,48.513495],[-53.649403,48.514635],[-53.663197,48.513577],[-53.654449,48.522691],[-53.634145,48.532416],[-53.622874,48.540229],[-53.65685,48.546576],[-53.700307,48.528388],[-53.741851,48.500067],[-53.769928,48.475735],[-53.775299,48.46483],[-53.775624,48.45482],[-53.779042,48.447455],[-53.793853,48.444648],[-53.800893,48.441107],[-53.814036,48.417385],[-53.84557,48.394965],[-53.852528,48.383612],[-53.835113,48.37641],[-53.856028,48.368394],[-53.873036,48.373481],[-53.881459,48.388373],[-53.876698,48.409898],[-53.828969,48.448676],[-53.814036,48.465155],[-53.855377,48.475246],[-53.89977,48.458482],[-53.978505,48.409898],[-54.00121,48.405422],[-54.046132,48.410346],[-54.067942,48.409898],[-54.088043,48.40119],[-54.13679,48.355292],[-54.136871,48.368557],[-54.142486,48.377916],[-54.152211,48.384833],[-54.164133,48.390692],[-54.14802,48.397895],[-54.109486,48.42414],[-54.092112,48.429877],[-54.076812,48.429267],[-54.043691,48.42414],[-54.009877,48.428941],[-53.98054,48.440985],[-53.92394,48.472602],[-53.895741,48.484442],[-53.867014,48.492743],[-53.836741,48.497626],[-53.804067,48.499335],[-53.787668,48.502427],[-53.758616,48.516547],[-53.748891,48.519761],[-53.744008,48.522895],[-53.751047,48.529975],[-53.766835,48.540229],[-53.776926,48.537787],[-53.786122,48.537828],[-53.793568,48.540229],[-53.774485,48.550767],[-53.731597,48.554104],[-53.711008,48.560736],[-53.903432,48.568183],[-53.917633,48.560736],[-53.930409,48.549506],[-53.943471,48.542385],[-53.958648,48.547065],[-53.921498,48.581488],[-53.903432,48.58869],[-53.883941,48.590888],[-53.846303,48.591051],[-53.828277,48.595445],[-53.784901,48.622952],[-53.716176,48.641832],[-53.678619,48.643988],[-53.659576,48.647121],[-53.642486,48.654446],[-53.625966,48.667467],[-53.617787,48.671861],[-53.609975,48.673082],[-53.604115,48.676703],[-53.601715,48.687974],[-53.606801,48.696275],[-53.618398,48.69953],[-53.631215,48.698798],[-53.639963,48.69477],[-53.65274,48.684556],[-53.704213,48.660956],[-53.714467,48.658759],[-53.726186,48.65998],[-53.733062,48.664984],[-53.728993,48.674302],[-53.721995,48.679145],[-53.710072,48.683661],[-53.704213,48.691107],[-53.724924,48.697252],[-53.745107,48.698554],[-53.750234,48.712144],[-53.85497,48.704739],[-53.836252,48.742377],[-53.835194,48.750393],[-53.869496,48.722073],[-53.904164,48.701402],[-53.920766,48.687974],[-53.916656,48.672756],[-53.873158,48.673041],[-53.793568,48.684882],[-53.793568,48.678046],[-53.893544,48.632025],[-53.931386,48.629625],[-53.914133,48.637926],[-53.895985,48.643256],[-53.895985,48.650092],[-53.941518,48.660834],[-53.951243,48.6706],[-53.948801,48.683295],[-53.93871,48.694078],[-53.933258,48.703518],[-53.944407,48.712144],[-53.94518,48.728664],[-53.967152,48.73664],[-54.020131,48.739488],[-54.020131,48.746324],[-53.994496,48.753079],[-53.970855,48.751166],[-53.92394,48.739488],[-53.899241,48.739976],[-53.877919,48.747952],[-53.841379,48.774237],[-53.856842,48.779853],[-53.867543,48.773017],[-53.877268,48.763251],[-53.88976,48.759955],[-53.900258,48.767076],[-53.903066,48.791002],[-53.917714,48.800971],[-53.85733,48.797919],[-53.829416,48.802151],[-53.800404,48.814602],[-53.844472,48.839057],[-53.895131,48.841742],[-53.943023,48.824286],[-53.978505,48.787909],[-53.962026,48.781684],[-53.969838,48.773017],[-53.990631,48.768378],[-54.013295,48.774237],[-53.999094,48.784735],[-53.990102,48.795803],[-53.990956,48.806138],[-54.005849,48.814602],[-54.020863,48.815375],[-54.162587,48.771226],[-54.197621,48.767401],[-54.197621,48.774237],[-54.187489,48.778144],[-54.18102,48.783922],[-54.179596,48.791653],[-54.184641,48.800971],[-54.170277,48.804877],[-54.146474,48.817776],[-54.13679,48.821438],[-54.078114,48.821438],[-54.042144,48.833441],[-54.026601,48.835679],[-53.994252,48.834662],[-53.978586,48.83633],[-53.964915,48.841946],[-53.978505,48.856187],[-53.958079,48.869086],[-53.882924,48.890326],[-53.882924,48.896552],[-53.937856,48.88703],[-53.963857,48.885932],[-53.978505,48.896552],[-53.961049,48.897121],[-53.949452,48.903266],[-53.938832,48.911322],[-53.92394,48.91767],[-53.862131,48.910834],[-53.849477,48.913967],[-53.824534,48.928046],[-53.810943,48.931301],[-53.811676,48.935248],[-53.85497,48.959215],[-53.887929,48.970893],[-53.896352,48.980536],[-53.882924,48.992743],[-53.874664,48.992377],[-53.851308,48.981757],[-53.838246,48.979071],[-53.809438,48.981269],[-53.777455,48.987779],[-53.74767,48.998684],[-53.72525,49.013861],[-53.742299,49.016018],[-53.810943,49.013861],[-53.822743,49.016995],[-53.834584,49.023749],[-53.841379,49.030585],[-53.838246,49.033677],[-53.793568,49.027533],[-53.608957,49.043687],[-53.589915,49.052069],[-53.579579,49.066636],[-53.581899,49.088324],[-53.590932,49.098578],[-53.615875,49.105455],[-53.622874,49.109442],[-53.622304,49.117174],[-53.61677,49.126166],[-53.605133,49.136705],[-53.579335,49.128079],[-53.565989,49.125963],[-53.55663,49.140123],[-53.539459,49.156236],[-53.533518,49.164008],[-53.540395,49.178616],[-53.540395,49.187812],[-53.5301,49.191962],[-53.503,49.198065],[-53.492543,49.198188],[-53.491851,49.218736],[-53.453684,49.242174],[-53.457753,49.253404],[-53.457753,49.26024],[-53.469553,49.262356],[-53.478017,49.268378],[-53.492543,49.287543],[-53.506947,49.280707],[-53.522043,49.280219],[-53.547109,49.287543],[-53.547109,49.301825],[-53.567698,49.301825],[-53.580556,49.310289],[-53.581899,49.31859],[-53.594716,49.324449],[-53.624013,49.326483],[-53.656117,49.332221],[-53.67748,49.349026],[-53.663726,49.359442],[-53.679107,49.366848],[-53.72525,49.376288],[-53.754628,49.3935],[-53.773346,49.399807],[-53.793568,49.396796],[-53.805979,49.403022],[-53.873931,49.422187],[-53.908315,49.445014],[-53.92394,49.452053],[-53.95108,49.449205],[-54.01651,49.43183],[-54.040598,49.438381],[-54.000396,49.456529],[-53.985951,49.458889],[-53.99649,49.46247],[-54.021108,49.464667],[-54.030019,49.469143],[-54.041086,49.480862],[-54.044749,49.481757],[-54.048818,49.477118],[-54.061106,49.472561],[-54.060048,49.468695],[-54.067535,49.460273],[-54.076894,49.45539],[-54.081532,49.462307],[-54.08552,49.46369],[-54.139231,49.452826],[-54.147288,49.43773],[-54.150787,49.418769],[-54.16039,49.400539],[-54.176015,49.383775],[-54.17927,49.382799],[-54.182281,49.393297],[-54.197621,49.411078],[-54.212026,49.402086],[-54.222035,49.375556],[-54.23233,49.362698],[-54.238596,49.378607],[-54.234731,49.390774],[-54.226471,49.402533],[-54.21935,49.417304],[-54.248769,49.406236],[-54.258697,49.407701],[-54.259674,49.42475],[-54.292104,49.412787],[-54.304311,49.4147],[-54.301259,49.430894],[-54.348948,49.429104],[-54.372914,49.422309],[-54.392568,49.392076],[-54.409291,49.371772],[-54.416412,49.351304],[-54.39684,49.335354],[-54.416819,49.323635],[-54.441884,49.313218],[-54.46345,49.301011],[-54.472564,49.28384],[-54.476674,49.269232],[-54.483469,49.267646],[-54.484771,49.278632],[-54.462473,49.318549],[-54.4558,49.338609],[-54.460113,49.355536],[-54.482533,49.362698],[-54.486969,49.368109],[-54.485422,49.380316],[-54.4794,49.400539],[-54.474924,49.404975],[-54.444651,49.42475],[-54.457753,49.435452],[-54.455678,49.448432],[-54.444651,49.461493],[-54.43102,49.472561],[-54.452138,49.476996],[-54.482981,49.471096],[-54.51358,49.459133],[-54.534047,49.445217],[-54.506093,49.476264],[-54.496205,49.510077],[-54.443715,49.543524],[-54.451487,49.548245],[-54.469309,49.546088],[-54.509023,49.536689],[-54.530344,49.534613],[-54.544749,49.52912],[-54.560455,49.516303],[-54.585276,49.489936],[-54.636545,49.446967],[-54.650136,49.430894],[-54.647084,49.432847],[-54.645131,49.429429],[-54.64391,49.421047],[-54.645619,49.415351],[-54.65689,49.411078],[-54.666737,49.395575],[-54.677398,49.383734],[-54.685292,49.379828],[-54.704254,49.374172],[-54.712148,49.370103],[-54.719635,49.363105],[-54.732655,49.34276],[-54.737538,49.326483],[-54.742909,49.31977],[-54.753774,49.322333],[-54.759348,49.329535],[-54.759918,49.338935],[-54.753774,49.355862],[-54.765289,49.353583],[-54.773834,49.347235],[-54.779205,49.337592],[-54.781077,49.325751],[-54.77953,49.306586],[-54.782094,49.300482],[-54.790679,49.290961],[-54.816965,49.275621],[-54.83019,49.285956],[-54.834096,49.304836],[-54.831939,49.314887],[-54.83495,49.323635],[-54.835683,49.383734],[-54.8308,49.402655],[-54.83373,49.409613],[-54.848744,49.411078],[-54.857045,49.406724],[-54.877675,49.385932],[-54.883453,49.376288],[-54.888092,49.36225],[-54.888824,49.351752],[-54.882639,49.34516],[-54.866078,49.34276],[-54.863759,49.337958],[-54.869211,49.304918],[-54.872426,49.297105],[-54.880483,49.289008],[-54.890696,49.28266],[-54.900258,49.280097],[-54.911977,49.283515],[-54.916493,49.290961],[-54.918121,49.298407],[-54.92101,49.301825],[-54.947255,49.300523],[-54.961049,49.294989],[-54.985829,49.26024],[-54.998402,49.24787],[-55.015981,49.236518],[-55.034006,49.230211],[-55.047963,49.232896],[-55.014394,49.253974],[-54.999094,49.268744],[-54.992747,49.28384],[-54.995269,49.299058],[-55.013173,49.349026],[-55.027211,49.329413],[-55.044097,49.334947],[-55.062815,49.350898],[-55.082143,49.362698],[-55.080434,49.347154],[-55.073883,49.33393],[-55.054189,49.308051],[-55.061635,49.301825],[-55.054189,49.294379],[-55.198842,49.239163],[-55.231028,49.221869],[-55.247874,49.215155],[-55.272572,49.209947],[-55.282094,49.203559],[-55.288442,49.194566],[-55.287506,49.184516],[-55.253407,49.191962],[-55.253407,49.184516],[-55.268951,49.171454],[-55.282297,49.150336],[-55.287262,49.126695],[-55.277659,49.106024],[-55.259674,49.103705],[-55.207997,49.125556],[-55.184478,49.12995],[-55.184478,49.123033],[-55.258209,49.080715],[-55.277659,49.074652],[-55.306264,49.075995],[-55.319732,49.074612],[-55.335317,49.069037],[-55.369496,49.049791],[-55.383127,49.047309],[-55.368398,49.060126],[-55.337148,49.076117],[-55.322336,49.088324],[-55.313954,49.101793],[-55.312367,49.115058],[-55.320709,49.123725],[-55.342152,49.123033],[-55.322336,49.157172],[-55.335113,49.159491],[-55.364369,49.159491],[-55.370107,49.164008],[-55.365061,49.172268],[-55.329091,49.191962],[-55.306549,49.2237],[-55.294342,49.232896],[-55.265452,49.24494],[-55.244211,49.248765],[-55.232004,49.25495],[-55.22289,49.264553],[-55.219309,49.277004],[-55.219594,49.316352],[-55.229848,49.34398],[-55.225006,49.368069],[-55.213206,49.39053],[-55.198842,49.404242],[-55.188547,49.392035],[-55.172027,49.400784],[-55.162099,49.417914],[-55.171498,49.430894],[-55.156484,49.44477],[-55.140736,49.455064],[-55.128163,49.466376],[-55.123036,49.4831],[-55.124827,49.498969],[-55.129994,49.513739],[-55.138539,49.526068],[-55.15038,49.534613],[-55.15038,49.540758],[-55.136098,49.540758],[-55.15567,49.549302],[-55.174631,49.546617],[-55.19343,49.539496],[-55.212473,49.534613],[-55.198842,49.506659],[-55.217681,49.510159],[-55.225738,49.514635],[-55.2329,49.520941],[-55.219797,49.530097],[-55.228179,49.537055],[-55.260243,49.548245],[-55.273101,49.539496],[-55.28718,49.535793],[-55.314849,49.534613],[-55.26769,49.479967],[-55.27245,49.468329],[-55.273671,49.452704],[-55.271881,49.436835],[-55.26769,49.42475],[-55.236969,49.394761],[-55.236318,49.38996],[-55.243723,49.38467],[-55.253163,49.37287],[-55.266265,49.361151],[-55.298655,49.353095],[-55.307037,49.345649],[-55.308258,49.334947],[-55.301178,49.322333],[-55.307729,49.317328],[-55.314849,49.314887],[-55.318959,49.326728],[-55.325592,49.338935],[-55.33373,49.349311],[-55.342152,49.355862],[-55.325307,49.363349],[-55.309316,49.365912],[-55.296051,49.371975],[-55.287506,49.38996],[-55.288564,49.400784],[-55.3131,49.388658],[-55.329091,49.38996],[-55.314849,49.404242],[-55.332509,49.403144],[-55.349355,49.380805],[-55.366078,49.352973],[-55.383127,49.335354],[-55.373647,49.363105],[-55.39151,49.369574],[-55.420725,49.364081],[-55.445221,49.355862],[-55.432118,49.368842],[-55.396352,49.386949],[-55.332102,49.443183],[-55.314849,49.452053],[-55.341664,49.458197],[-55.400543,49.431138],[-55.431549,49.42475],[-55.431549,49.430894],[-55.410797,49.442572],[-55.349599,49.493598],[-55.355824,49.499823],[-55.361684,49.496731],[-55.376943,49.493598],[-55.370107,49.506659],[-55.428538,49.500067],[-55.445221,49.493598],[-55.454416,49.481147],[-55.463206,49.465562],[-55.473256,49.460639],[-55.486195,49.479967],[-55.500478,49.458889],[-55.492991,49.445217],[-55.509877,49.443061],[-55.520579,49.435981],[-55.526112,49.42414],[-55.527821,49.40766],[-55.532297,49.395982],[-55.543365,49.383368],[-55.569325,49.362698],[-55.573354,49.37519],[-55.572825,49.387437],[-55.568593,49.3994],[-55.561879,49.411078],[-55.56371,49.426011],[-55.550526,49.451239],[-55.520904,49.493598],[-55.553822,49.489814],[-55.582387,49.472357],[-55.626454,49.427802],[-55.644765,49.390286],[-55.65746,49.383734],[-55.671946,49.386664],[-55.678863,49.396389],[-55.678578,49.408149],[-55.671742,49.417304],[-55.671742,49.42475],[-55.698476,49.42475],[-55.695465,49.440741],[-55.682362,49.45893],[-55.678578,49.472561],[-55.734731,49.453843],[-55.766469,49.44831],[-55.787831,49.452053],[-55.779286,49.456692],[-55.770741,49.464301],[-55.765533,49.470933],[-55.767323,49.472561],[-55.756337,49.475409],[-55.729482,49.472561],[-55.719228,49.475653],[-55.728586,49.482327],[-55.757436,49.493394],[-55.768056,49.494696],[-55.787831,49.493598],[-55.78246,49.49844],[-55.774159,49.513495],[-55.822011,49.52204],[-55.864369,49.519843],[-55.952301,49.499823],[-55.991933,49.484809],[-56.059967,49.446194],[-56.100087,49.438381],[-56.122548,49.429348],[-56.130727,49.429145],[-56.120513,49.441799],[-56.085764,49.469143],[-56.079701,49.479193],[-56.079701,49.486884],[-56.076894,49.491889],[-56.062164,49.493598],[-56.054189,49.496731],[-56.034901,49.510403],[-56.024281,49.513495],[-55.980621,49.519477],[-55.937367,49.536322],[-55.900787,49.562405],[-55.877187,49.596015],[-55.913401,49.594631],[-55.929514,49.598293],[-55.938629,49.609687],[-55.890533,49.633857],[-55.877187,49.643866],[-55.867991,49.66828],[-55.851877,49.673529],[-55.844635,49.67829],[-55.839101,49.684638],[-55.835601,49.691636],[-55.874827,49.687974],[-55.890981,49.689439],[-55.897694,49.698432],[-55.910512,49.689399],[-55.926137,49.683051],[-55.942942,49.679267],[-55.959137,49.677965],[-55.959137,49.685452],[-55.941314,49.687893],[-55.90807,49.700995],[-55.890248,49.705268],[-55.890981,49.71011],[-55.897694,49.71894],[-55.908803,49.713568],[-55.923411,49.709215],[-55.968495,49.702826],[-56.038197,49.673285],[-56.097727,49.637641],[-56.124257,49.616523],[-56.150502,49.585639],[-56.165435,49.574652],[-56.172027,49.585517],[-56.170237,49.600979],[-56.165435,49.613511],[-56.158681,49.62344],[-56.15095,49.630805],[-56.089467,49.662991],[-56.062652,49.682929],[-56.069,49.698432],[-56.021148,49.714789],[-56.004872,49.726508],[-56.014394,49.739407],[-56.001943,49.752509],[-55.992543,49.750922],[-55.983632,49.743557],[-55.972808,49.739407],[-55.961659,49.741278],[-55.807851,49.801907],[-55.714955,49.822211],[-55.69225,49.849311],[-55.648997,49.858954],[-55.575836,49.901679],[-55.537994,49.911322],[-55.516998,49.913235],[-55.495229,49.919135],[-55.476796,49.929511],[-55.465688,49.944892],[-55.465077,49.962551],[-55.472401,49.978705],[-55.492991,50.007514],[-55.492991,50.01439],[-55.570424,49.97724],[-55.582387,49.973456],[-55.610422,49.972357],[-55.666656,49.97606],[-55.69225,49.96662],[-55.684804,49.959133],[-55.701243,49.942206],[-55.712636,49.934475],[-55.722646,49.93122],[-55.746409,49.931952],[-55.767323,49.938666],[-55.777333,49.956122],[-55.784088,49.959133],[-55.797475,49.955756],[-55.803538,49.956366],[-55.842356,49.98314],[-55.849273,49.993313],[-55.843088,49.993313],[-55.86384,50.016832],[-55.892568,50.03148],[-55.925649,50.038967],[-55.959137,50.041083],[-55.971303,50.02558],[-55.98412,49.994574],[-56.003407,49.971584],[-56.034901,49.979641],[-56.00357,50.001166],[-55.993031,50.01553],[-55.996978,50.030829],[-56.010081,50.031195],[-56.058339,50.017971],[-56.072418,50.010932],[-56.124135,49.955552],[-56.154612,49.934068],[-56.191884,49.924994],[-56.148671,49.960028],[-56.137278,49.973456],[-56.128285,49.988837],[-56.109975,50.034247],[-56.098866,50.046332],[-56.069692,50.070502],[-56.062164,50.082709],[-56.06664,50.096177],[-56.098948,50.113105],[-56.109975,50.123603],[-56.094553,50.127834],[-56.09557,50.133368],[-56.10733,50.1376],[-56.124257,50.137274],[-56.116811,50.158393],[-56.132558,50.158759],[-56.148793,50.155707],[-56.163645,50.149563],[-56.17516,50.140692],[-56.24059,50.106635],[-56.270416,50.059312],[-56.29186,50.048529],[-56.317047,50.039252],[-56.337026,50.017076],[-56.384389,49.946357],[-56.382558,49.933783],[-56.372914,49.920356],[-56.363189,49.89765],[-56.39509,49.91177],[-56.404775,49.918158],[-56.426625,49.902655],[-56.429107,49.886949],[-56.422841,49.870592],[-56.418446,49.852973],[-56.425282,49.845689],[-56.466868,49.89765],[-56.48526,49.89289],[-56.518137,49.863674],[-56.547515,49.854193],[-56.557769,49.848131],[-56.565989,49.840277],[-56.572906,49.826402],[-56.599721,49.811713],[-56.725331,49.690253],[-56.740834,49.65648],[-56.795237,49.603461],[-56.821767,49.570787],[-56.837799,49.556342],[-56.856679,49.548245],[-56.829335,49.581773],[-56.823476,49.593207],[-56.815745,49.623358],[-56.786692,49.682115],[-56.784657,49.691636],[-56.781809,49.696601],[-56.781565,49.729438],[-56.786855,49.732896],[-56.810374,49.734036],[-56.815745,49.743109],[-56.82844,49.745673],[-56.887441,49.749823],[-56.9051,49.75373],[-56.881825,49.770819],[-56.802073,49.8015],[-56.778798,49.818793],[-56.768422,49.830268],[-56.761098,49.842434],[-56.762441,49.845689],[-56.767079,49.848456],[-56.770416,49.853583],[-56.767893,49.863593],[-56.76301,49.868354],[-56.755279,49.872382],[-56.74059,49.877183],[-56.742421,49.894965],[-56.724517,49.932074],[-56.719472,49.948554],[-56.728139,49.958808],[-56.747711,49.949164],[-56.768788,49.931708],[-56.781565,49.918158],[-56.780629,49.934882],[-56.775746,49.950751],[-56.738759,50.026801],[-56.726918,50.041083],[-56.713979,50.051337],[-56.664866,50.082709],[-56.646311,50.099189],[-56.641103,50.109931],[-56.649729,50.118964],[-56.672271,50.130439],[-56.657541,50.136298],[-56.643788,50.134589],[-56.630686,50.130805],[-56.617665,50.130439],[-56.605336,50.135972],[-56.523427,50.196438],[-56.50414,50.218817],[-56.507802,50.240302],[-56.484364,50.253607],[-56.46231,50.277248],[-56.444163,50.304389],[-56.432118,50.328437],[-56.429514,50.362128],[-56.451772,50.371161],[-56.481313,50.374579],[-56.500356,50.391099],[-56.452545,50.397366],[-56.444163,50.391506],[-56.437245,50.382473],[-56.427846,50.375678],[-56.41161,50.376899],[-56.397043,50.387437],[-56.365834,50.424791],[-56.350168,50.4383],[-56.314443,50.459418],[-56.281321,50.486762],[-56.266428,50.506293],[-56.27481,50.512437],[-56.296742,50.514106],[-56.322255,50.52025],[-56.322255,50.527655],[-56.250234,50.527655],[-56.242787,50.533108],[-56.2329,50.569281],[-56.21935,50.583686],[-56.187408,50.598619],[-56.137278,50.637519],[-56.127024,50.643012],[-56.100087,50.668606],[-56.095611,50.679267],[-56.105824,50.683539],[-56.130442,50.685289],[-56.148346,50.695502],[-56.157704,50.706692],[-56.16218,50.720852],[-56.165191,50.739936],[-56.164784,50.745917],[-56.158355,50.761054],[-56.160471,50.764797],[-56.16983,50.772895],[-56.172027,50.777818],[-56.15095,50.802069],[-56.144846,50.821357],[-56.143544,50.841742],[-56.151235,50.855902],[-56.172027,50.856635],[-56.161366,50.878241],[-56.147857,50.893215],[-56.129303,50.901923],[-56.103749,50.905015],[-56.112538,50.880072],[-56.125234,50.855414],[-56.132192,50.82982],[-56.124257,50.802069],[-56.137278,50.774726],[-56.119049,50.753485],[-56.107004,50.750393],[-56.089508,50.761054],[-56.09024,50.751288],[-56.092885,50.742336],[-56.097401,50.734198],[-56.103749,50.726955],[-56.080637,50.720649],[-56.064768,50.735907],[-56.050282,50.756781],[-56.031117,50.767279],[-56.029693,50.770697],[-56.006947,50.788398],[-55.961781,50.835679],[-55.939687,50.870754],[-55.925038,50.884589],[-55.902821,50.897284],[-55.892201,50.896959],[-55.877187,50.863471],[-55.875152,50.878607],[-55.867909,50.890286],[-55.85676,50.898993],[-55.843088,50.905015],[-55.851145,50.910102],[-55.856842,50.911322],[-55.871002,50.905015],[-55.873118,50.917304],[-55.868764,50.933539],[-55.860178,50.947577],[-55.849273,50.953518],[-55.842681,50.947089],[-55.839508,50.93476],[-55.832834,50.926337],[-55.815785,50.931789],[-55.822499,50.952379],[-55.827219,50.960598],[-55.835601,50.966539],[-55.835601,50.972724],[-55.826243,50.978827],[-55.808258,51.008124],[-55.774159,51.035386],[-55.795033,51.04267],[-55.804351,51.04975],[-55.808258,51.059027],[-55.804677,51.069078],[-55.796254,51.066474],[-55.780385,51.055325],[-55.76179,51.060207],[-55.743316,51.070136],[-55.733144,51.083075],[-55.73941,51.096869],[-55.72411,51.118883],[-55.718739,51.132025],[-55.722646,51.137844],[-55.739125,51.142768],[-55.741322,51.153876],[-55.733225,51.171942],[-55.727528,51.177802],[-55.720611,51.180121],[-55.719106,51.184312],[-55.729482,51.195868],[-55.75121,51.210639],[-55.764475,51.217475],[-55.773834,51.220404],[-55.848459,51.231024],[-55.867299,51.223822],[-55.888417,51.209621],[-55.910959,51.202379],[-55.959137,51.199286],[-55.957997,51.191718],[-55.959137,51.178778],[-55.954335,51.173774],[-55.945465,51.158352],[-55.965688,51.159003],[-55.981068,51.169176],[-56.006947,51.199286],[-56.013987,51.213039],[-56.018422,51.218248],[-56.040395,51.221869],[-56.075795,51.233385],[-56.061635,51.239691],[-56.029408,51.24315],[-56.014394,51.247707],[-56.041615,51.260484],[-56.048492,51.267564],[-56.037668,51.266059],[-56.02774,51.266669],[-56.019683,51.269477],[-56.014394,51.275051],[-56.02123,51.309149],[-56.03425,51.314358],[-56.081044,51.322211],[-56.096303,51.322821],[-56.094065,51.335761],[-56.087148,51.3581],[-56.089508,51.364407],[-56.089508,51.370551],[-56.075836,51.371649],[-56.062856,51.370592],[-56.051096,51.36636],[-56.041086,51.357571],[-56.034901,51.376166],[-56.034901,51.384223],[-56.009836,51.373684],[-55.988881,51.357815],[-55.966868,51.346584],[-55.938629,51.350084],[-55.947092,51.365058],[-55.952301,51.370551],[-55.937245,51.368638],[-55.926137,51.363593],[-55.90453,51.350084],[-55.887278,51.344224],[-55.867299,51.343248],[-55.805165,51.352688],[-55.685414,51.336412],[-55.663238,51.329169],[-55.640248,51.314765],[-55.617421,51.304389],[-55.596059,51.309149],[-55.603871,51.315985],[-55.608266,51.327826],[-55.60969,51.350084],[-55.600901,51.345608],[-55.592152,51.343655],[-55.572418,51.343248],[-55.564809,51.345526],[-55.557851,51.350409],[-55.554758,51.355292],[-55.568267,51.360175],[-55.571156,51.366441],[-55.569325,51.380845],[-55.566274,51.389879],[-55.559153,51.390082],[-55.531972,51.379828],[-55.524281,51.371975],[-55.515696,51.368557],[-55.500478,51.377427],[-55.491851,51.388373],[-55.482493,51.412543],[-55.472524,51.425238],[-55.471425,51.440416],[-55.458119,51.463284],[-55.454335,51.47956],[-55.481923,51.475084],[-55.494008,51.483547],[-55.523183,51.497138],[-55.534576,51.508368],[-55.486195,51.508368],[-55.455719,51.500922],[-55.445912,51.505316],[-55.438303,51.515611],[-55.433339,51.528062],[-55.431549,51.538764],[-55.437164,51.539944],[-55.463735,51.554755],[-55.472524,51.562974],[-55.457875,51.561998],[-55.437164,51.554104],[-55.417063,51.550605],[-55.404205,51.562974],[-55.408518,51.579413],[-55.426991,51.586982],[-55.465688,51.590277],[-55.472076,51.57925],[-55.477447,51.578803],[-55.47997,51.593451],[-55.514068,51.603949],[-55.531606,51.600084],[-55.589223,51.576646],[-55.578603,51.57331],[-55.575551,51.569241],[-55.589752,51.565619],[-55.610341,51.566636],[-55.628896,51.571601],[-55.637034,51.579779],[-55.640207,51.585598],[-55.646067,51.588446],[-55.649078,51.593085],[-55.632151,51.610053],[-55.659291,51.599799],[-55.702463,51.565741],[-55.725738,51.555569],[-55.712148,51.584947],[-55.728627,51.576972],[-55.737864,51.554999],[-55.688059,51.538031],[-55.684193,51.527045],[-55.683461,51.513373],[-55.678578,51.500922],[-55.663442,51.491767],[-55.625803,51.486802],[-55.60969,51.480414],[-55.643056,51.472968],[-55.680979,51.480658],[-55.719146,51.493394],[-55.753733,51.500922],[-55.822581,51.500922],[-55.856191,51.495795],[-55.872874,51.495551],[-55.890248,51.500922],[-55.863026,51.527411],[-55.843088,51.555569],[-55.88093,51.552802],[-55.877105,51.571234],[-55.822581,51.623847],[-55.839345,51.621527],[-55.868072,51.612616],[-55.884023,51.617011],[-55.892812,51.627753],[-56.003529,51.576646],[-56.019032,51.57274],[-56.060862,51.553412],[-56.087799,51.535346],[-56.106191,51.528998],[-56.190907,51.511217],[-56.215403,51.501776],[-56.225982,51.490709],[-56.238108,51.481106],[-56.316029,51.467434],[-56.335561,51.457953],[-56.377065,51.430854],[-56.394521,51.425238],[-56.444407,51.421454],[-56.49352,51.412177],[-56.664866,51.350084],[-56.720204,51.319322],[-56.736887,51.305732],[-56.744944,51.296088],[-56.761098,51.267564],[-56.795237,51.240871],[-56.766916,51.222561],[-56.755971,51.21247],[-56.746816,51.199286],[-56.765452,51.199693],[-56.773427,51.20185],[-56.781565,51.206732],[-56.809478,51.19245],[-56.789703,51.161078],[-56.787465,51.14997],[-56.795237,51.137844],[-56.810536,51.130805],[-56.854848,51.119574],[-56.864125,51.113593],[-56.874989,51.077786],[-56.902699,51.060696],[-56.940175,51.055487],[-56.980133,51.055325],[-56.962514,51.046576],[-56.920481,51.043199],[-56.9051,51.035386],[-56.900706,51.018215],[-56.91686,51.008857],[-56.956614,50.997545],[-56.979888,50.987779],[-56.994618,50.997382],[-57.003896,51.013007],[-57.010854,51.021145],[-57.070221,51.026923],[-57.089426,51.021145],[-57.077626,51.020941],[-57.06725,51.018704],[-57.048451,51.008124],[-57.034779,50.98017],[-57.014394,50.972073],[-56.976145,50.974107],[-56.960317,50.966539],[-56.984283,50.956122],[-56.995513,50.949164],[-56.985504,50.942084],[-56.981028,50.934963],[-56.973744,50.931627],[-56.960317,50.939195],[-56.939117,50.932359],[-56.93102,50.927314],[-56.925526,50.918158],[-56.939198,50.911933],[-56.953521,50.90998],[-56.964508,50.913886],[-56.971547,50.912543],[-56.977203,50.881496],[-56.985178,50.87344],[-56.995107,50.867255],[-57.013987,50.851793],[-57.042226,50.836168],[-57.050771,50.827704],[-57.068959,50.802069],[-57.090199,50.788235],[-57.136383,50.771064],[-57.155181,50.757717],[-57.165517,50.753119],[-57.194569,50.75495],[-57.206695,50.754218],[-57.240224,50.733791],[-57.286936,50.72012],[-57.329335,50.713324],[-57.335927,50.715399],[-57.337148,50.724677],[-57.343861,50.726955],[-57.386952,50.714789],[-57.396962,50.708645],[-57.398508,50.698961],[-57.381093,50.691107],[-57.350738,50.690985],[-57.321889,50.687201],[-57.309153,50.668606],[-57.299631,50.649482],[-57.254628,50.65119],[-57.240224,50.637519],[-57.256744,50.631334],[-57.275624,50.630113],[-57.275624,50.623928],[-57.257395,50.61815],[-57.238393,50.617621],[-57.16511,50.62873],[-57.154775,50.625678],[-57.162017,50.613674],[-57.198394,50.59691],[-57.238637,50.600002],[-57.319081,50.617092],[-57.355295,50.606594],[-57.374135,50.581],[-57.386952,50.549262],[-57.405344,50.52025],[-57.445465,50.49315],[-57.456858,50.483059],[-57.460927,50.474799],[-57.463775,50.457831],[-57.469879,50.449164],[-57.49474,50.425279],[-57.512685,50.389838],[-57.517323,50.374457],[-57.526723,50.370347],[-57.528879,50.367255],[-57.527699,50.361029],[-57.521392,50.353258],[-57.526601,50.330512],[-57.539296,50.308295],[-57.569814,50.267646],[-57.59435,50.224677],[-57.600982,50.203762],[-57.603383,50.181952],[-57.610178,50.165676],[-57.658599,50.109931],[-57.698476,50.043524],[-57.732818,50.006008],[-57.761586,49.944892],[-57.775258,49.928453],[-57.809397,49.896918],[-57.824086,49.861762],[-57.852528,49.833238],[-57.850413,49.822577],[-57.858144,49.813625],[-57.860666,49.7956],[-57.864003,49.787828],[-57.870839,49.782904],[-57.890207,49.773668],[-57.898793,49.76732],[-57.911936,49.752346],[-57.939768,49.705268],[-57.94811,49.679511],[-57.95165,49.644273],[-57.943959,49.614163],[-57.918609,49.603461],[-57.926096,49.58926],[-57.905629,49.575995],[-57.895619,49.567328],[-57.889272,49.551459],[-57.877675,49.532294],[-57.871449,49.527167],[-57.854563,49.527737],[-57.842681,49.53852],[-57.83316,49.552395],[-57.823069,49.561916],[-57.819163,49.530585],[-57.797597,49.509752],[-57.71288,49.471747],[-57.700307,49.462836],[-57.703603,49.458889],[-57.733957,49.46015],[-57.761586,49.465725],[-57.790842,49.478664],[-57.817942,49.494534],[-57.84435,49.506252],[-57.871449,49.506659],[-57.895863,49.492499],[-57.89623,49.473456],[-57.871449,49.430894],[-57.89745,49.439195],[-57.909413,49.459133],[-57.912587,49.484687],[-57.912465,49.510077],[-57.920277,49.531928],[-57.940297,49.549018],[-57.966786,49.559556],[-58.00121,49.561916],[-58.022572,49.554389],[-58.058095,49.526923],[-58.091624,49.514716],[-58.137034,49.484198],[-58.185902,49.442694],[-58.211985,49.40941],[-58.228668,49.370998],[-58.235463,49.30329],[-58.235178,49.284613],[-58.229482,49.268459],[-58.214101,49.253404],[-58.19343,49.243069],[-58.137847,49.227851],[-58.035756,49.217678],[-58.008656,49.219306],[-57.98644,49.225246],[-57.948964,49.241034],[-57.926096,49.246568],[-57.966705,49.204413],[-57.989491,49.187934],[-58.014882,49.17829],[-58.100657,49.182807],[-58.110463,49.170844],[-58.079986,49.146796],[-58.022572,49.15705],[-57.926096,49.191962],[-57.926096,49.184516],[-57.950795,49.177069],[-57.968414,49.165961],[-57.968373,49.155748],[-57.939768,49.151028],[-57.915028,49.15469],[-57.894032,49.164537],[-57.857818,49.191962],[-57.850413,49.184516],[-57.899648,49.138821],[-57.912465,49.12995],[-57.934316,49.126451],[-58.00121,49.136705],[-58.061025,49.127875],[-58.110463,49.134711],[-58.127065,49.135159],[-58.135406,49.126939],[-58.137766,49.106024],[-58.13622,49.094875],[-58.124745,49.074652],[-58.107411,49.037421],[-58.094146,49.026435],[-58.06078,49.008124],[-58.046213,48.996405],[-58.009348,48.983059],[-57.907948,48.983059],[-57.884511,48.972235],[-57.920725,48.962063],[-58.068593,48.979193],[-58.097727,48.996894],[-58.145172,49.047309],[-58.175852,49.066474],[-58.213368,49.074205],[-58.292592,49.074652],[-58.308502,49.071479],[-58.342885,49.060289],[-58.357493,49.061672],[-58.369618,49.072414],[-58.36734,49.083686],[-58.356923,49.094184],[-58.344472,49.102607],[-58.344472,49.109442],[-58.371165,49.109442],[-58.353383,49.116929],[-58.346059,49.131171],[-58.348785,49.144924],[-58.361195,49.151028],[-58.36856,49.149319],[-58.398427,49.136705],[-58.418935,49.115627],[-58.443349,49.056789],[-58.455474,49.041327],[-58.502105,49.006415],[-58.512034,48.931301],[-58.522084,48.926256],[-58.52831,48.914496],[-58.535634,48.890326],[-58.544545,48.871772],[-58.556752,48.856187],[-58.593373,48.827786],[-58.610748,48.810858],[-58.624135,48.775458],[-58.666575,48.725816],[-58.677317,48.686347],[-58.678375,48.643052],[-58.685374,48.601752],[-58.713735,48.568183],[-58.732533,48.563951],[-58.763539,48.562567],[-58.794504,48.564887],[-58.8131,48.571601],[-58.821645,48.578518],[-58.838735,48.588446],[-58.844106,48.636461],[-58.850942,48.636461],[-58.846344,48.607489],[-58.846995,48.596381],[-58.854644,48.585273],[-58.877919,48.563788],[-58.89269,48.5539],[-58.899403,48.557603],[-58.899648,48.586412],[-58.926015,48.595445],[-58.950836,48.607489],[-58.958852,48.616156],[-58.960805,48.629625],[-58.947174,48.651435],[-58.918691,48.678778],[-58.88801,48.702216],[-58.868031,48.712144],[-58.842397,48.719428],[-58.814565,48.737047],[-58.788686,48.759426],[-58.768951,48.780463],[-58.803456,48.77143],[-58.970815,48.675035],[-59.113149,48.608954],[-59.206899,48.555325],[-59.226471,48.539862],[-59.235178,48.523179],[-59.234283,48.5126],[-59.241322,48.499335],[-59.262441,48.472602],[-59.23648,48.472846],[-59.078236,48.51496],[-59.032948,48.520941],[-58.938344,48.516791],[-58.838002,48.52558],[-58.726674,48.551988],[-58.703236,48.554511],[-58.597727,48.547065],[-58.574615,48.537828],[-58.540435,48.51203],[-58.51891,48.506741],[-58.470611,48.514553],[-58.447377,48.513414],[-58.433217,48.499335],[-58.411,48.514228],[-58.375315,48.525051],[-58.310292,48.534003],[-58.290679,48.532294],[-58.27538,48.527493],[-58.272206,48.520901],[-58.289174,48.513577],[-58.306508,48.510972],[-58.341054,48.509589],[-58.406077,48.49726],[-58.418935,48.492418],[-58.43399,48.479438],[-58.457753,48.449408],[-58.474192,48.437812],[-58.486724,48.433905],[-58.535634,48.42414],[-58.586171,48.404975],[-58.604482,48.403713],[-58.578196,48.423407],[-58.551503,48.433417],[-58.523793,48.440579],[-58.494618,48.451483],[-58.494618,48.458319],[-58.536204,48.453559],[-58.570424,48.440334],[-58.600413,48.419908],[-58.628733,48.393744],[-58.63679,48.389838],[-58.657948,48.38703],[-58.666575,48.383205],[-58.67394,48.37344],[-58.678293,48.353461],[-58.683013,48.345038],[-58.723459,48.305732],[-58.741078,48.29385],[-58.798655,48.265815],[-58.816151,48.252875],[-58.841054,48.227607],[-58.856801,48.216498],[-58.91039,48.199774],[-58.970123,48.141913],[-59.00178,48.122504],[-59.168324,48.058743],[-59.241689,48.01553],[-59.303375,47.964911],[-59.309641,47.954535],[-59.31371,47.943345],[-59.320383,47.934475],[-59.334462,47.930732],[-59.367543,47.931057],[-59.394928,47.916083],[-59.402659,47.909613],[-59.405832,47.896633],[-59.40392,47.886705],[-59.371653,47.855048],[-59.366689,47.847886],[-59.364858,47.838284],[-59.359609,47.832831],[-59.336578,47.823391],[-59.33137,47.81745],[-59.330556,47.794257],[-59.325063,47.774482],[-59.310658,47.761664],[-59.282867,47.759426],[-59.295562,47.735541],[-59.307729,47.699286],[-59.312611,47.66234],[-59.303375,47.636542],[-59.308461,47.622504],[-59.301137,47.614203],[-59.28718,47.610256],[-59.272369,47.609198],[-59.255605,47.604926],[-59.246246,47.594916],[-59.23884,47.583401],[-59.227651,47.574449],[-59.216135,47.573798],[-59.203969,47.577135],[-59.190989,47.578315],[-59.163401,47.56387],[-59.146352,47.560981],[-59.111643,47.560777],[-59.022125,47.576361],[-58.99942,47.585395],[-58.988108,47.58808],[-58.978261,47.586005],[-58.970855,47.58161],[-58.962758,47.581448],[-58.950836,47.591783],[-58.921742,47.601508],[-58.767161,47.596015],[-58.703236,47.601752],[-58.647939,47.62637],[-58.638661,47.625678],[-58.627553,47.612047],[-58.603342,47.620022],[-58.579701,47.634996],[-58.570424,47.642727],[-58.535959,47.645738],[-58.527211,47.651068],[-58.54308,47.663804],[-58.53189,47.665676],[-58.522939,47.661811],[-58.51537,47.653713],[-58.508372,47.642727],[-58.488922,47.651679],[-58.470693,47.652004],[-58.452382,47.646145],[-58.433217,47.636542],[-58.425771,47.636542],[-58.40095,47.654527],[-58.387807,47.676459],[-58.371165,47.718451],[-58.349721,47.739651],[-58.324045,47.749579],[-58.261301,47.75259],[-58.289459,47.744127],[-58.303212,47.737006],[-58.313385,47.72842],[-58.340728,47.683743],[-58.348053,47.677314],[-58.35497,47.663235],[-58.354726,47.649115],[-58.340728,47.642727],[-58.330312,47.646633],[-58.292592,47.674058],[-58.280141,47.675035],[-58.241526,47.659491],[-58.227162,47.656399],[-58.214223,47.660468],[-58.187896,47.673041],[-58.097768,47.695217],[-58.069447,47.697333],[-58.069447,47.691148],[-58.083852,47.680813],[-58.075103,47.674628],[-58.058502,47.675767],[-58.041982,47.698554],[-58.025624,47.693752],[-58.010121,47.683295],[-58.004954,47.677476],[-57.954823,47.672675],[-57.939768,47.677476],[-57.933095,47.683417],[-57.925933,47.695217],[-57.915598,47.697333],[-57.884511,47.697333],[-57.895416,47.69123],[-57.904449,47.6789],[-57.918609,47.650133],[-57.878529,47.656073],[-57.864003,47.656399],[-57.84732,47.652411],[-57.829701,47.636542],[-57.816233,47.629096],[-57.808217,47.628852],[-57.79601,47.635932],[-57.78954,47.636542],[-57.767812,47.616034],[-57.758901,47.62523],[-57.756012,47.638739],[-57.750722,47.651068],[-57.733998,47.656399],[-57.720937,47.653876],[-57.680816,47.63996],[-57.668813,47.632799],[-57.654652,47.610419],[-57.646108,47.604071],[-57.627838,47.601752],[-57.579457,47.625678],[-57.567738,47.63581],[-57.556142,47.642768],[-57.528879,47.650133],[-57.535715,47.636542],[-57.505279,47.632758],[-57.419016,47.636542],[-57.381174,47.629096],[-57.376047,47.630194],[-57.366851,47.635403],[-57.341054,47.643012],[-57.332916,47.642727],[-57.329661,47.632799],[-57.332875,47.624986],[-57.338938,47.617743],[-57.341949,47.608588],[-57.336415,47.595526],[-57.325917,47.586168],[-57.314565,47.583686],[-57.288645,47.58808],[-57.256825,47.600043],[-57.243967,47.601752],[-57.219838,47.595771],[-57.206899,47.594143],[-57.196156,47.5987],[-57.171986,47.636542],[-57.164662,47.632514],[-57.144643,47.609198],[-57.149566,47.600653],[-57.167307,47.589016],[-57.168853,47.584662],[-57.159413,47.577786],[-57.146596,47.572333],[-57.120717,47.567613],[-56.983876,47.586982],[-56.957428,47.583401],[-56.935862,47.571031],[-56.91747,47.55744],[-56.89391,47.547512],[-56.869985,47.545111],[-56.850453,47.553941],[-56.857086,47.537299],[-56.851226,47.531724],[-56.825917,47.533515],[-56.816233,47.535834],[-56.810414,47.539496],[-56.803822,47.539252],[-56.791493,47.530097],[-56.777455,47.533393],[-56.725697,47.561713],[-56.705881,47.567613],[-56.705881,47.574449],[-56.730784,47.582017],[-56.743967,47.595893],[-56.753529,47.610907],[-56.767893,47.62226],[-56.754262,47.636542],[-56.744211,47.625881],[-56.720815,47.594672],[-56.709584,47.58808],[-56.676137,47.577338],[-56.668568,47.577867],[-56.662343,47.581448],[-56.637563,47.58808],[-56.650258,47.600572],[-56.685292,47.611233],[-56.699574,47.62226],[-56.672027,47.626695],[-56.565826,47.616034],[-56.514027,47.62226],[-56.497182,47.620266],[-56.464589,47.611233],[-56.389801,47.606431],[-56.361236,47.608059],[-56.335846,47.616034],[-56.319163,47.634426],[-56.311025,47.6612],[-56.315338,47.685858],[-56.335846,47.697333],[-56.335846,47.704169],[-56.320709,47.708441],[-56.315785,47.72134],[-56.314076,47.737779],[-56.308583,47.75259],[-56.308095,47.719184],[-56.302235,47.706041],[-56.288075,47.697333],[-56.29955,47.685289],[-56.30012,47.665717],[-56.298085,47.644965],[-56.301747,47.629096],[-56.256093,47.627265],[-56.234975,47.631985],[-56.22175,47.655463],[-56.212392,47.655748],[-56.202992,47.649644],[-56.193227,47.630072],[-56.180776,47.630683],[-56.167144,47.636623],[-56.158355,47.642727],[-56.185658,47.656399],[-56.179555,47.659491],[-56.172027,47.67064],[-56.191884,47.677476],[-56.177805,47.682685],[-56.149648,47.687242],[-56.137278,47.697333],[-56.142974,47.706692],[-56.150706,47.713772],[-56.16039,47.717841],[-56.172027,47.718451],[-56.139272,47.742133],[-56.132436,47.755276],[-56.130442,47.776516],[-56.136098,47.794664],[-56.147125,47.810858],[-56.155019,47.826158],[-56.15095,47.841986],[-56.137807,47.825507],[-56.116811,47.779934],[-56.101064,47.759711],[-56.089508,47.757473],[-56.055328,47.779934],[-56.071116,47.76203],[-56.092641,47.742906],[-56.105784,47.726874],[-56.096303,47.718451],[-56.096303,47.711005],[-56.110829,47.704047],[-56.102895,47.699897],[-56.072418,47.697333],[-56.059316,47.69953],[-56.049387,47.705064],[-56.009348,47.739244],[-55.990224,47.751532],[-55.968495,47.759833],[-55.885365,47.777899],[-55.860015,47.791205],[-55.849273,47.810614],[-55.844106,47.836412],[-55.835601,47.862454],[-55.819732,47.880032],[-55.817047,47.888658],[-55.828765,47.896633],[-55.804311,47.913316],[-55.784047,47.921698],[-55.774037,47.932807],[-55.780385,47.958075],[-55.766184,47.955146],[-55.755279,47.946234],[-55.73941,47.923896],[-55.759999,47.912909],[-55.784779,47.895006],[-55.795644,47.877916],[-55.774159,47.869289],[-55.794179,47.858222],[-55.816558,47.839667],[-55.824818,47.82038],[-55.802113,47.807196],[-55.802113,47.801011],[-55.811879,47.799872],[-55.815785,47.795071],[-55.815785,47.776516],[-55.843088,47.75259],[-55.828765,47.738959],[-55.903554,47.699652],[-55.917592,47.683743],[-55.914418,47.659247],[-55.894399,47.640448],[-55.867299,47.627916],[-55.843088,47.62226],[-55.81314,47.62519],[-55.733225,47.663804],[-55.680043,47.678412],[-55.65038,47.68183],[-55.629547,47.677476],[-55.698964,47.653062],[-55.722646,47.650133],[-55.742543,47.644924],[-55.786733,47.618964],[-55.808258,47.609198],[-55.829498,47.603746],[-55.853017,47.601752],[-55.863149,47.598578],[-55.882395,47.584459],[-55.900014,47.579495],[-55.906565,47.570705],[-55.911366,47.567613],[-55.938629,47.567613],[-56.045522,47.535793],[-56.133412,47.525458],[-56.15095,47.519843],[-56.169423,47.50373],[-56.161936,47.491929],[-56.120513,47.468004],[-56.105784,47.466702],[-56.020131,47.499498],[-55.972564,47.510688],[-55.948883,47.512397],[-55.934885,47.519436],[-55.914784,47.532864],[-55.89391,47.541409],[-55.877187,47.533515],[-55.850413,47.557807],[-55.833852,47.566392],[-55.815785,47.567613],[-55.817535,47.556138],[-55.809885,47.559882],[-55.791249,47.574449],[-55.780588,47.57685],[-55.759877,47.586737],[-55.746897,47.58808],[-55.771637,47.572699],[-55.835601,47.512397],[-55.890859,47.478461],[-55.916656,47.457343],[-55.917592,47.437242],[-55.907826,47.447577],[-55.890614,47.460924],[-55.871693,47.472642],[-55.85676,47.478217],[-55.838287,47.4737],[-55.821604,47.464545],[-55.805247,47.462226],[-55.787831,47.478217],[-55.794504,47.493598],[-55.786529,47.513617],[-55.770741,47.53144],[-55.753733,47.540269],[-55.759429,47.527533],[-55.767079,47.515774],[-55.771474,47.504218],[-55.767323,47.491889],[-55.761301,47.487006],[-55.76415,47.477281],[-55.774159,47.45775],[-55.754303,47.461615],[-55.734609,47.46776],[-55.715688,47.475979],[-55.698476,47.485745],[-55.703969,47.489691],[-55.712717,47.506171],[-55.696645,47.506293],[-55.675771,47.49433],[-55.664296,47.491889],[-55.65392,47.496568],[-55.641103,47.506659],[-55.629628,47.518012],[-55.623362,47.526679],[-55.64273,47.528876],[-55.651275,47.526679],[-55.638417,47.545315],[-55.618764,47.541693],[-55.599762,47.527004],[-55.589223,47.512397],[-55.603424,47.507758],[-55.611806,47.499457],[-55.637034,47.45775],[-55.644358,47.451321],[-55.657582,47.445136],[-55.664296,47.437242],[-55.643707,47.438666],[-55.610951,47.455024],[-55.589223,47.45775],[-55.589223,47.450914],[-55.598744,47.445624],[-55.600494,47.43891],[-55.596059,47.423651],[-55.601471,47.40644],[-55.5985,47.399319],[-55.582387,47.402533],[-55.575103,47.409654],[-55.562164,47.43476],[-55.555084,47.44477],[-55.520904,47.464586],[-55.460764,47.465399],[-55.437815,47.471381],[-55.422353,47.482652],[-55.407053,47.501451],[-55.402333,47.520738],[-55.418528,47.533515],[-55.396799,47.567613],[-55.397572,47.573432],[-55.401682,47.578111],[-55.401723,47.58275],[-55.390614,47.58808],[-55.390614,47.595526],[-55.426015,47.584947],[-55.431549,47.58808],[-55.426991,47.594794],[-55.396799,47.616034],[-55.417877,47.633612],[-55.433502,47.629828],[-55.446441,47.619208],[-55.459462,47.616034],[-55.470204,47.626899],[-55.464101,47.640041],[-55.441477,47.660102],[-55.431386,47.672675],[-55.428944,47.683051],[-55.431549,47.714748],[-55.427317,47.71955],[-55.417877,47.717475],[-55.408518,47.710517],[-55.404205,47.700751],[-55.400217,47.695868],[-55.391021,47.697333],[-55.376943,47.704169],[-55.385894,47.715318],[-55.390614,47.718451],[-55.383127,47.725043],[-55.374827,47.72956],[-55.36559,47.732001],[-55.355824,47.732123],[-55.363352,47.718451],[-55.34968,47.711168],[-55.353627,47.705552],[-55.364125,47.700263],[-55.370107,47.694281],[-55.375885,47.686469],[-55.376943,47.680609],[-55.374827,47.67768],[-55.365387,47.673041],[-55.363352,47.667222],[-55.362375,47.65412],[-55.342152,47.656399],[-55.335927,47.658677],[-55.329091,47.67064],[-55.322418,47.6706],[-55.308665,47.663804],[-55.258778,47.660346],[-55.232737,47.655178],[-55.194814,47.63642],[-55.169749,47.639879],[-55.146311,47.651028],[-55.129872,47.663804],[-55.144643,47.631781],[-55.150014,47.613593],[-55.15038,47.601752],[-55.131174,47.583564],[-55.108551,47.585435],[-55.094879,47.600653],[-55.10261,47.62226],[-55.058949,47.658433],[-54.983388,47.7508],[-54.9381,47.78734],[-54.94225,47.768052],[-54.952545,47.75137],[-55.021392,47.685452],[-55.033559,47.65762],[-55.047922,47.642768],[-55.078725,47.619127],[-55.08849,47.601711],[-55.072174,47.597357],[-54.963938,47.605658],[-54.8933,47.619208],[-54.826161,47.644517],[-54.766754,47.683743],[-54.77359,47.67064],[-54.753651,47.670559],[-54.718984,47.675035],[-54.698557,47.67064],[-54.711822,47.668199],[-54.739491,47.650133],[-54.752756,47.645941],[-54.78067,47.64057],[-54.831166,47.622138],[-54.841908,47.616034],[-54.851918,47.606676],[-54.867055,47.587877],[-54.876617,47.581244],[-54.869293,47.571845],[-54.86144,47.573432],[-54.841908,47.58808],[-54.84317,47.571031],[-54.853179,47.560126],[-54.892323,47.536282],[-54.907094,47.533515],[-54.941803,47.533515],[-54.950999,47.529242],[-54.947865,47.510443],[-54.95519,47.506171],[-54.985829,47.506171],[-55.002105,47.501899],[-55.032135,47.490058],[-55.047963,47.485745],[-55.05956,47.484565],[-55.095774,47.485745],[-55.108795,47.483466],[-55.128407,47.4737],[-55.163686,47.468329],[-55.18399,47.460354],[-55.255279,47.411444],[-55.264556,47.396186],[-55.270375,47.361396],[-55.283315,47.33926],[-55.287506,47.32807],[-55.285959,47.296129],[-55.287506,47.286444],[-55.301259,47.267646],[-55.320465,47.256049],[-55.341217,47.246894],[-55.368642,47.228949],[-55.396799,47.218207],[-55.431549,47.190863],[-55.461741,47.180894],[-55.468984,47.16352],[-55.476959,47.151028],[-55.487172,47.140286],[-55.496693,47.135647],[-55.523549,47.133775],[-55.582387,47.11518],[-55.650624,47.106391],[-55.66804,47.09809],[-55.684804,47.09516],[-55.738026,47.10692],[-55.761138,47.108344],[-55.782948,47.10163],[-55.821441,47.084947],[-55.846181,47.08161],[-55.869862,47.075141],[-55.88915,47.058987],[-55.925038,47.018948],[-55.963979,46.988918],[-55.97997,46.970364],[-55.98644,46.946967],[-55.981313,46.932034],[-55.968129,46.917182],[-55.950307,46.904364],[-55.906972,46.886908],[-55.851308,46.870998],[-55.825673,46.868109],[-55.776926,46.867865],[-55.752797,46.864],[-55.73941,46.854438],[-55.728912,46.869289],[-55.716705,46.870998],[-55.684804,46.861884],[-55.668284,46.862982],[-55.649526,46.867906],[-55.616526,46.882392],[-55.589223,46.902899],[-55.575917,46.90762],[-55.561879,46.909084],[-55.556386,46.906968],[-55.554555,46.902289],[-55.551259,46.900946],[-55.541412,46.909084],[-55.538075,46.916449],[-55.535471,46.934882],[-55.527821,46.943834],[-55.524159,46.921698],[-55.509104,46.919379],[-55.465688,46.930813],[-55.473256,46.897528],[-55.452545,46.876288],[-55.417836,46.866604],[-55.383127,46.868109],[-55.359039,46.874701],[-55.360341,46.884467],[-55.36974,46.896226],[-55.370107,46.909084],[-55.360504,46.909857],[-55.311757,46.902899],[-55.282948,46.907172],[-55.250885,46.91885],[-55.229563,46.936225],[-55.2329,46.957465],[-55.213002,46.965155],[-55.200185,46.980536],[-55.193349,47.000678],[-55.191314,47.02265],[-55.202626,47.055854],[-55.201894,47.063666],[-55.196156,47.069648],[-55.188588,47.074612],[-55.180084,47.075019],[-55.171498,47.067328],[-55.171742,47.06037],[-55.178782,47.037095],[-55.178334,47.026353],[-55.16393,47.016059],[-55.154612,47.0126],[-55.15038,47.015815],[-55.146311,47.037665],[-55.134877,47.047593],[-55.095123,47.059882],[-55.10261,47.08161],[-55.074696,47.081],[-55.071767,47.094957],[-55.088938,47.128811],[-55.08845,47.138251],[-55.084462,47.148505],[-55.082753,47.159084],[-55.088938,47.169745],[-55.09732,47.17178],[-55.136098,47.169745],[-55.123891,47.183051],[-55.106679,47.197821],[-55.088002,47.206244],[-55.071848,47.200751],[-55.06786,47.184272],[-55.073394,47.168118],[-55.073801,47.156968],[-55.054189,47.156155],[-55.040151,47.162014],[-55.026967,47.172553],[-55.017079,47.184475],[-55.013173,47.193996],[-55.020579,47.207709],[-55.034006,47.211493],[-55.040598,47.217719],[-55.027455,47.238674],[-55.004506,47.265937],[-54.989247,47.28026],[-54.975942,47.286444],[-54.966298,47.288275],[-54.93871,47.303534],[-54.928944,47.311347],[-54.927358,47.319037],[-54.927968,47.326809],[-54.924428,47.334906],[-54.910959,47.346422],[-54.879954,47.366685],[-54.866078,47.379584],[-54.848744,47.407782],[-54.83788,47.419257],[-54.822011,47.423651],[-54.832631,47.411566],[-54.840321,47.397447],[-54.840403,47.384467],[-54.828236,47.3758],[-54.813954,47.40762],[-54.801503,47.423],[-54.787262,47.423651],[-54.784901,47.411282],[-54.795644,47.394355],[-54.822011,47.368964],[-54.808258,47.369452],[-54.796254,47.37287],[-54.77359,47.383246],[-54.770009,47.366523],[-54.759592,47.362779],[-54.745961,47.367418],[-54.732655,47.3758],[-54.730092,47.362291],[-54.722076,47.355943],[-54.710927,47.356024],[-54.698557,47.361518],[-54.7058,47.37287],[-54.712148,47.3758],[-54.697825,47.392401],[-54.688588,47.398383],[-54.677398,47.402533],[-54.677805,47.392279],[-54.676096,47.385443],[-54.671783,47.38052],[-54.664418,47.3758],[-54.656402,47.385159],[-54.602935,47.40998],[-54.543935,47.468004],[-54.50414,47.530463],[-54.472524,47.549628],[-54.433827,47.59394],[-54.417348,47.609198],[-54.411204,47.601752],[-54.437164,47.55565],[-54.575022,47.396308],[-54.610585,47.377143],[-54.615956,47.368964],[-54.605824,47.352484],[-54.579457,47.359361],[-54.526601,47.383246],[-54.523427,47.376695],[-54.507965,47.382229],[-54.472564,47.402533],[-54.4794,47.40998],[-54.485422,47.402777],[-54.491811,47.398749],[-54.498647,47.398586],[-54.506093,47.402533],[-54.495025,47.415107],[-54.476308,47.44245],[-54.465728,47.450914],[-54.450836,47.454535],[-54.444325,47.449449],[-54.445058,47.438381],[-54.452056,47.423651],[-54.4381,47.43008],[-54.403676,47.450914],[-54.417307,47.459459],[-54.429596,47.486029],[-54.438466,47.499416],[-54.444651,47.485745],[-54.454416,47.490953],[-54.458363,47.499416],[-54.427846,47.516913],[-54.411041,47.530666],[-54.39623,47.559516],[-54.363393,47.591742],[-54.350453,47.618801],[-54.326568,47.64765],[-54.321156,47.667222],[-54.329172,47.696723],[-54.32726,47.71015],[-54.310902,47.700751],[-54.280141,47.697943],[-54.249135,47.730129],[-54.224273,47.772691],[-54.198232,47.833319],[-54.193715,47.852769],[-54.197621,47.869289],[-54.212636,47.877916],[-54.23351,47.881659],[-54.253733,47.887763],[-54.26651,47.903469],[-54.205068,47.882961],[-54.179026,47.878974],[-54.170969,47.875474],[-54.167877,47.871283],[-54.166371,47.859768],[-54.164133,47.855048],[-54.141021,47.835761],[-54.125071,47.828111],[-54.109486,47.828315],[-54.098256,47.837592],[-54.092275,47.863023],[-54.081532,47.875474],[-54.080556,47.863349],[-54.071156,47.850775],[-54.061106,47.828315],[-54.063954,47.828518],[-54.069569,47.825588],[-54.07429,47.820461],[-54.074696,47.814032],[-54.060862,47.80036],[-54.042144,47.801988],[-54.005849,47.820868],[-54.013295,47.807196],[-54.007965,47.794827],[-54.000844,47.771145],[-53.992177,47.759426],[-53.987294,47.758734],[-53.975168,47.764838],[-53.968251,47.762519],[-53.964711,47.756903],[-53.971669,47.742662],[-53.947906,47.681708],[-53.941274,47.674058],[-53.944692,47.663723],[-53.943674,47.649115],[-53.939849,47.634914],[-53.927561,47.613105],[-53.92394,47.609198],[-53.918813,47.60871],[-53.908599,47.616645],[-53.903432,47.616034],[-53.892568,47.598822],[-53.891835,47.57746],[-53.903432,47.533515],[-53.885854,47.527493],[-53.887847,47.516913],[-53.897572,47.503404],[-53.903432,47.488756],[-53.904856,47.479926],[-53.908599,47.473456],[-53.920766,47.461168],[-53.923451,47.454088],[-53.913401,47.44245],[-53.910268,47.433905],[-53.902008,47.431545],[-53.848785,47.44477],[-53.850819,47.442857],[-53.835113,47.430487],[-53.829213,47.429267],[-53.807851,47.430487],[-53.807851,47.423651],[-53.853139,47.413479],[-53.875396,47.405341],[-53.892893,47.39289],[-53.910553,47.372748],[-53.914296,47.363471],[-53.90331,47.361029],[-53.876698,47.361518],[-53.884267,47.349066],[-53.895253,47.340481],[-53.92394,47.32807],[-53.922271,47.313218],[-53.938791,47.305162],[-53.961415,47.30329],[-53.978505,47.306952],[-53.969472,47.312649],[-53.971669,47.314399],[-53.988026,47.31977],[-53.996205,47.317206],[-53.999623,47.303534],[-53.999094,47.281317],[-53.995961,47.272162],[-53.989084,47.2626],[-53.96935,47.251044],[-53.943959,47.241197],[-53.931752,47.234361],[-53.951243,47.231879],[-54.002756,47.238674],[-54.010406,47.233873],[-54.023549,47.200751],[-54.040395,47.179918],[-54.100413,47.059801],[-54.11262,47.043402],[-54.150461,47.005316],[-54.155507,46.995185],[-54.164133,46.964301],[-54.185414,46.927802],[-54.194081,46.907375],[-54.197621,46.88581],[-54.19579,46.864407],[-54.188466,46.833889],[-54.188547,46.828437],[-54.170969,46.82095],[-54.119049,46.813463],[-54.113596,46.811469],[-54.104563,46.802436],[-54.098622,46.800482],[-54.081654,46.80565],[-54.050364,46.808051],[-54.040435,46.812201],[-54.026926,46.82095],[-54.003082,46.842597],[-53.992177,46.848293],[-53.956939,46.852769],[-53.947825,46.85814],[-53.942494,46.868109],[-53.939605,46.878241],[-53.934153,46.886054],[-53.912709,46.89175],[-53.882924,46.909084],[-53.877919,46.917873],[-53.872914,46.937323],[-53.869252,46.943834],[-53.861195,46.947577],[-53.824859,46.957465],[-53.818471,46.962592],[-53.775258,47.031806],[-53.766835,47.040025],[-53.736684,47.043647],[-53.72525,47.04682],[-53.70401,47.061103],[-53.695424,47.070136],[-53.704498,47.077541],[-53.695627,47.08454],[-53.683583,47.090644],[-53.67748,47.091254],[-53.663197,47.128811],[-53.64977,47.147162],[-53.640981,47.153225],[-53.629058,47.156155],[-53.635569,47.144843],[-53.650217,47.108344],[-53.617299,47.11933],[-53.594228,47.145697],[-53.56017,47.204535],[-53.562123,47.192084],[-53.572581,47.162055],[-53.571034,47.156155],[-53.556264,47.157945],[-53.53303,47.166815],[-53.519195,47.169745],[-53.525746,47.155829],[-53.524322,47.1435],[-53.515207,47.135891],[-53.498687,47.135647],[-53.51179,47.122992],[-53.56314,47.097724],[-53.581899,47.08161],[-53.570627,47.072699],[-53.578114,47.059516],[-53.605133,47.036607],[-53.625396,47.013414],[-53.643381,46.985419],[-53.608551,46.991523],[-53.600087,46.986884],[-53.611969,46.968004],[-53.615224,46.95897],[-53.608632,46.953518],[-53.591868,46.950019],[-53.58788,46.953599],[-53.574452,46.977973],[-53.567698,46.977973],[-53.563222,46.969306],[-53.561757,46.960883],[-53.563222,46.95246],[-53.567698,46.943834],[-53.554433,46.940823],[-53.542144,46.944648],[-53.519195,46.964301],[-53.521148,46.944648],[-53.547109,46.928209],[-53.598704,46.905951],[-53.605092,46.895331],[-53.61262,46.869045],[-53.619211,46.85814],[-53.63622,46.83869],[-53.640533,46.828274],[-53.644887,46.801174],[-53.643463,46.796617],[-53.636871,46.798896],[-53.611562,46.814276],[-53.544057,46.88581],[-53.531646,46.893256],[-53.499582,46.898627],[-53.485707,46.902899],[-53.498606,46.886786],[-53.544057,46.878485],[-53.553944,46.864976],[-53.562489,46.84634],[-53.600087,46.812567],[-53.608551,46.797065],[-53.601633,46.764228],[-53.605133,46.755439],[-53.618316,46.741034],[-53.636464,46.711371],[-53.636464,46.693996],[-53.634918,46.685858],[-53.622874,46.655829],[-53.589996,46.626166],[-53.554677,46.618354],[-53.5183,46.628567],[-53.482004,46.652737],[-53.448801,46.664008],[-53.440745,46.680854],[-53.432851,46.687567],[-53.416819,46.697414],[-53.389394,46.7237],[-53.37385,46.734849],[-53.355336,46.739],[-53.382924,46.698676],[-53.389475,46.683783],[-53.370717,46.704413],[-53.359731,46.713446],[-53.3485,46.717271],[-53.343495,46.712226],[-53.331207,46.693305],[-53.32433,46.693996],[-53.298655,46.720649],[-53.282541,46.732815],[-53.265981,46.739],[-53.267486,46.714545],[-53.253651,46.683173],[-53.23233,46.653754],[-53.211334,46.635321],[-53.19286,46.627631],[-53.176625,46.625149],[-53.143056,46.629136],[-53.091542,46.649604],[-53.066884,46.665595],[-53.031321,46.736029],[-53.006947,46.753119],[-52.978627,46.758857],[-52.971995,46.765692],[-52.96109,46.782782],[-52.941274,46.791327],[-52.937489,46.803371],[-52.936106,46.817043],[-52.930165,46.827135],[-52.934071,46.847113],[-52.926178,46.868313],[-52.915273,46.890286],[-52.909739,46.912787],[-52.882192,46.951117],[-52.885854,46.957465],[-52.893951,46.960395],[-52.898549,46.966986],[-52.895904,46.973944],[-52.882395,46.977973],[-52.89509,46.995551],[-52.889272,47.006822],[-52.854482,47.026353],[-52.854482,47.033189],[-52.860829,47.037095],[-52.866689,47.04328],[-52.874908,47.059882],[-52.856272,47.055854],[-52.846303,47.061469],[-52.849192,47.06981],[-52.868398,47.074164],[-52.887034,47.075507],[-52.937611,47.087836],[-52.920318,47.094062],[-52.882924,47.095893],[-52.868764,47.101508],[-52.859446,47.115302],[-52.853017,47.134263],[-52.848256,47.166693],[-52.846018,47.173529],[-52.836171,47.183783],[-52.831858,47.203599],[-52.822418,47.22016],[-52.814931,47.242865],[-52.805531,47.2508],[-52.80191,47.258775],[-52.814076,47.273424],[-52.782379,47.282213],[-52.768544,47.289008],[-52.759511,47.300116],[-52.781321,47.299547],[-52.791331,47.301947],[-52.800445,47.306952],[-52.785634,47.311469],[-52.752594,47.314358],[-52.738393,47.320624],[-52.730377,47.332506],[-52.718088,47.368801],[-52.711049,47.383246],[-52.701283,47.392768],[-52.674713,47.412095],[-52.663319,47.423651],[-52.656606,47.437079],[-52.660471,47.445787],[-52.690582,47.464586],[-52.659006,47.481757],[-52.6433,47.487535],[-52.628529,47.485745],[-52.616933,47.512763],[-52.616607,47.522691],[-52.628814,47.526679]]],[[[-55.352691,51.884508],[-55.332387,51.89761],[-55.286041,51.95954],[-55.273915,51.980129],[-55.270131,52.005601],[-55.287262,52.000637],[-55.312367,51.98371],[-55.332265,51.973863],[-55.34496,51.972317],[-55.374501,51.963772],[-55.383127,51.959621],[-55.418528,51.918647],[-55.427398,51.891343],[-55.409657,51.882066],[-55.352691,51.884508]]],[[[-57.871449,54.817857],[-57.885243,54.807074],[-57.901845,54.809068],[-57.917714,54.818101],[-57.929514,54.828111],[-57.939198,54.827541],[-57.969472,54.806342],[-57.987538,54.803656],[-57.982249,54.812812],[-57.981435,54.820787],[-57.985463,54.827135],[-57.994374,54.831529],[-57.994374,54.838324],[-57.987945,54.849555],[-57.981801,54.870795],[-57.973866,54.87934],[-57.959543,54.884467],[-57.946523,54.886908],[-57.93871,54.893988],[-57.941314,54.925605],[-57.945302,54.926581],[-57.951405,54.922756],[-57.959625,54.920315],[-57.982411,54.917548],[-58.024159,54.903144],[-58.055898,54.897162],[-58.07315,54.884101],[-58.08373,54.87934],[-58.09557,54.878404],[-58.119862,54.880439],[-58.1315,54.87934],[-58.142568,54.874498],[-58.163808,54.861518],[-58.175893,54.858873],[-58.184722,54.862006],[-58.199778,54.876166],[-58.210357,54.87934],[-58.227366,54.871405],[-58.22525,54.853013],[-58.213246,54.832465],[-58.200429,54.817857],[-58.18163,54.806301],[-58.179555,54.801459],[-58.179351,54.786811],[-58.176259,54.775336],[-58.168202,54.767808],[-58.157094,54.763861],[-58.053293,54.753079],[-58.022288,54.756415],[-58.000234,54.766099],[-57.956125,54.792141],[-57.932932,54.797431],[-57.881988,54.795844],[-57.857249,54.803371],[-57.843577,54.824693],[-57.857411,54.832017],[-57.870473,54.834052],[-57.877024,54.829657],[-57.871449,54.817857]]],[[[-60.749013,55.934516],[-60.742177,55.948188],[-60.802724,55.946234],[-60.827626,55.949856],[-60.85204,55.961859],[-60.863759,55.956977],[-60.874013,55.947821],[-60.880035,55.935289],[-60.879303,55.920844],[-60.869781,55.907782],[-60.854156,55.900051],[-60.81786,55.89289],[-60.81786,55.886705],[-60.863881,55.888414],[-60.888905,55.885891],[-60.89981,55.876776],[-60.889272,55.86579],[-60.865142,55.865871],[-60.744944,55.886908],[-60.708974,55.903957],[-60.687571,55.92829],[-60.709218,55.925442],[-60.735341,55.91885],[-60.752838,55.918443],[-60.749013,55.934516]]],[[[-61.009674,56.043769],[-60.997548,56.047553],[-60.976796,56.058336],[-60.968658,56.064846],[-60.962392,56.074164],[-60.959299,56.082994],[-60.953847,56.089545],[-60.940785,56.09219],[-60.961415,56.104804],[-61.036977,56.119452],[-61.053578,56.1258],[-61.065582,56.134955],[-61.065053,56.144965],[-61.043813,56.153632],[-61.043813,56.161078],[-61.078521,56.167914],[-61.098459,56.174709],[-61.099233,56.163316],[-61.103831,56.156928],[-61.111806,56.154202],[-61.122955,56.153632],[-61.133127,56.149156],[-61.133656,56.139065],[-61.131581,56.12759],[-61.133778,56.119452],[-61.171946,56.114936],[-61.188385,56.107856],[-61.18102,56.09219],[-61.171376,56.100531],[-61.161448,56.104926],[-61.152699,56.102851],[-61.14684,56.09219],[-61.184478,56.082994],[-61.200673,56.083075],[-61.215728,56.09219],[-61.215728,56.099026],[-61.208323,56.099026],[-61.208323,56.106431],[-61.23233,56.099799],[-61.231313,56.080146],[-61.21703,56.057929],[-61.201487,56.043769],[-61.174143,56.032416],[-61.002756,56.009914],[-60.955068,56.010199],[-60.940663,56.018948],[-60.957509,56.026109],[-61.009674,56.037543],[-61.009674,56.043769]]],[[[-61.413726,56.373358],[-61.419993,56.381781],[-61.45226,56.399359],[-61.462148,56.408108],[-61.462148,56.400621],[-61.482493,56.408393],[-61.505198,56.404608],[-61.528717,56.397203],[-61.551503,56.393785],[-61.544097,56.393785],[-61.577016,56.392971],[-61.797353,56.421129],[-61.797353,56.414293],[-61.788686,56.409735],[-61.756418,56.400621],[-61.747182,56.393866],[-61.729644,56.373358],[-61.70873,56.363267],[-61.596995,56.333238],[-61.497874,56.323554],[-61.475901,56.318793],[-61.462148,56.318752],[-61.413726,56.325588],[-61.413726,56.332343],[-61.426829,56.334418],[-61.449045,56.343655],[-61.462148,56.345404],[-61.452992,56.357367],[-61.421946,56.363105],[-61.413726,56.373358]]],[[[-61.228831,56.455268],[-61.216176,56.465399],[-61.20108,56.469143],[-61.18456,56.471015],[-61.167348,56.475735],[-61.193227,56.485053],[-61.226633,56.486762],[-61.299143,56.481594],[-61.311879,56.47309],[-61.325592,56.46955],[-61.335805,56.469794],[-61.366567,56.475735],[-61.366567,56.483222],[-61.351226,56.484768],[-61.31135,56.496894],[-61.330149,56.515326],[-61.355865,56.521633],[-61.384918,56.523912],[-61.413726,56.530341],[-61.445627,56.544827],[-61.46231,56.550035],[-61.539377,56.5539],[-61.557729,56.558295],[-61.594472,56.560492],[-61.60554,56.558295],[-61.60554,56.552069],[-61.591379,56.53734],[-61.581654,56.52969],[-61.571401,56.524156],[-61.587392,56.51968],[-61.60554,56.523261],[-61.622141,56.523871],[-61.633453,56.510484],[-61.454091,56.498847],[-61.427113,56.492499],[-61.428049,56.483222],[-61.450917,56.478217],[-61.639638,56.496894],[-61.627105,56.485989],[-61.619781,56.483222],[-61.619781,56.475735],[-61.633453,56.475735],[-61.633453,56.46955],[-61.605621,56.468207],[-61.573232,56.470893],[-61.541575,56.469428],[-61.516184,56.455268],[-61.52359,56.455268],[-61.512278,56.445258],[-61.49942,56.441962],[-61.486643,56.445258],[-61.475209,56.455268],[-61.488881,56.46955],[-61.467437,56.46955],[-61.379221,56.452216],[-61.14684,56.442206],[-61.166005,56.454779],[-61.1881,56.454006],[-61.210072,56.450588],[-61.228831,56.455268]]],[[[-61.215728,56.585639],[-61.200673,56.584377],[-61.188385,56.590399],[-61.167348,56.606106],[-61.152455,56.610256],[-61.105865,56.612942],[-61.071523,56.6258],[-61.057485,56.626532],[-61.057485,56.633979],[-61.070627,56.634589],[-61.105865,56.626532],[-61.099029,56.638129],[-61.080068,56.65119],[-61.071156,56.661322],[-61.085439,56.661322],[-61.085439,56.667548],[-61.082021,56.677924],[-61.09496,56.68476],[-61.115224,56.6883],[-61.133778,56.688666],[-61.143178,56.692288],[-61.155181,56.694403],[-61.164906,56.69184],[-61.167348,56.68122],[-61.162831,56.675971],[-61.133778,56.667548],[-61.133778,56.661322],[-61.168853,56.664944],[-61.186431,56.662055],[-61.194,56.650458],[-61.200063,56.644273],[-61.234975,56.626532],[-61.232411,56.621039],[-61.234975,56.612942],[-61.229604,56.606513],[-61.221995,56.590644],[-61.215728,56.585639]]],[[[-61.621693,56.830959],[-61.624135,56.79682],[-61.633656,56.761786],[-61.647125,56.743842],[-61.647125,56.736477],[-61.625722,56.735907],[-61.612375,56.725816],[-61.601715,56.714097],[-61.575307,56.70425],[-61.561147,56.685492],[-61.550933,56.68122],[-61.529449,56.676663],[-61.509918,56.667548],[-61.453521,56.626044],[-61.434885,56.620347],[-61.403798,56.619452],[-61.388417,56.623236],[-61.379628,56.633979],[-61.382476,56.644965],[-61.403798,56.65766],[-61.40689,56.667548],[-61.39977,56.674506],[-61.388254,56.675035],[-61.377512,56.677965],[-61.372792,56.692084],[-61.372792,56.733059],[-61.375478,56.757554],[-61.384389,56.772162],[-61.401357,56.780219],[-61.470693,56.790473],[-61.485748,56.791083],[-61.497629,56.787991],[-61.516998,56.774319],[-61.538197,56.767239],[-61.550933,56.759467],[-61.564687,56.753974],[-61.578847,56.756903],[-61.58552,56.764309],[-61.584706,56.771674],[-61.579213,56.778713],[-61.571401,56.784857],[-61.560658,56.789781],[-61.530995,56.79682],[-61.519887,56.797838],[-61.51061,56.802191],[-61.500885,56.811835],[-61.495676,56.821479],[-61.503,56.829169],[-61.495473,56.836412],[-61.48233,56.843492],[-61.468984,56.84634],[-61.454579,56.844062],[-61.445709,56.839545],[-61.44518,56.833319],[-61.455312,56.825832],[-61.432729,56.822252],[-61.401112,56.831936],[-61.370758,56.847073],[-61.352284,56.859931],[-61.36498,56.869208],[-61.377675,56.874945],[-61.40689,56.879828],[-61.394643,56.890611],[-61.36852,56.905422],[-61.338694,56.935045],[-61.3485,56.939602],[-61.362945,56.939887],[-61.379018,56.936957],[-61.393219,56.931627],[-61.411855,56.929145],[-61.429433,56.936591],[-61.446156,56.947496],[-61.462148,56.955512],[-61.478831,56.957668],[-61.504384,56.950751],[-61.519887,56.948717],[-61.523752,56.942328],[-61.523752,56.928168],[-61.527008,56.91413],[-61.540679,56.907701],[-61.571116,56.900539],[-61.60554,56.887274],[-61.625722,56.86636],[-61.634429,56.852484],[-61.621693,56.830959]]],[[[-61.612945,57.415473],[-61.612945,57.421698],[-61.666819,57.435492],[-61.750315,57.444973],[-61.76887,57.443915],[-61.776845,57.438788],[-61.78307,57.430976],[-61.797597,57.428778],[-61.813791,57.43065],[-61.825266,57.435289],[-61.807362,57.451239],[-61.790842,57.459418],[-61.771108,57.462226],[-61.695058,57.460395],[-61.680653,57.462633],[-61.670644,57.467597],[-61.656972,57.479234],[-61.647125,57.4831],[-61.647125,57.489936],[-61.672353,57.490302],[-61.694936,57.497463],[-61.665395,57.507392],[-61.649526,57.510688],[-61.633453,57.511054],[-61.635081,57.516669],[-61.637847,57.519965],[-61.647125,57.524115],[-61.659332,57.533026],[-61.679351,57.537543],[-61.722808,57.538398],[-61.742096,57.534857],[-61.752024,57.527899],[-61.77066,57.503607],[-61.783803,57.492499],[-61.798207,57.483832],[-61.831451,57.469428],[-61.889068,57.455227],[-61.90038,57.448961],[-61.890736,57.427558],[-61.848948,57.415107],[-61.682769,57.399563],[-61.647288,57.40058],[-61.612945,57.415473]]],[[[-61.85261,57.586127],[-61.877187,57.585395],[-61.887318,57.587226],[-61.894154,57.592963],[-61.908315,57.58393],[-61.926137,57.556138],[-61.941314,57.552069],[-61.955149,57.559027],[-61.952952,57.570705],[-61.93517,57.592963],[-61.967112,57.589423],[-61.99828,57.572699],[-62.0183,57.547309],[-62.017079,57.51789],[-61.997792,57.499091],[-61.962758,57.473944],[-61.929067,57.456122],[-61.914052,57.45954],[-61.817983,57.494696],[-61.793935,57.50731],[-61.779897,57.536119],[-61.792714,57.556627],[-61.85261,57.586127]]],[[[-61.90038,57.764309],[-61.877512,57.755764],[-61.864573,57.763821],[-61.854115,57.777167],[-61.838938,57.784817],[-61.830312,57.783026],[-61.826283,57.777574],[-61.825266,57.761176],[-61.822174,57.757636],[-61.801096,57.74726],[-61.786244,57.734198],[-61.766347,57.720282],[-61.745188,57.713039],[-61.71109,57.725246],[-61.693674,57.723578],[-61.677968,57.727932],[-61.667592,57.750637],[-61.6881,57.750637],[-61.660308,57.769599],[-61.653961,57.777981],[-61.660756,57.777981],[-61.654124,57.789984],[-61.675893,57.791205],[-61.722808,57.784817],[-61.71703,57.797919],[-61.699818,57.818793],[-61.694936,57.833197],[-61.711334,57.836249],[-61.71939,57.834784],[-61.726715,57.824042],[-61.735463,57.82807],[-61.749501,57.839423],[-61.784535,57.846259],[-61.800404,57.844916],[-61.884511,57.786322],[-61.90038,57.764309]]],[[[-61.931386,57.795356],[-61.917592,57.80386],[-61.891713,57.815009],[-61.880483,57.825751],[-61.871897,57.839911],[-61.871734,57.848456],[-61.886708,57.874172],[-61.941314,57.874172],[-61.92516,57.89643],[-61.921051,57.90941],[-61.931386,57.915107],[-61.98233,57.915107],[-62.011301,57.909247],[-62.041168,57.894029],[-62.092152,57.853705],[-62.105784,57.838568],[-62.104237,57.833645],[-62.096669,57.82925],[-62.092152,57.815863],[-62.087717,57.815253],[-62.064687,57.829413],[-62.054311,57.833197],[-62.02538,57.823432],[-61.992502,57.80386],[-61.959828,57.789537],[-61.931386,57.795356]]],[[[-64.078969,59.799547],[-64.03185,59.805732],[-64.053456,59.830797],[-64.059722,59.841132],[-64.045481,59.854193],[-64.059193,59.863756],[-64.079701,59.866441],[-64.101918,59.862982],[-64.120595,59.854193],[-64.13036,59.842027],[-64.155344,59.786526],[-64.145904,59.782538],[-64.137847,59.776313],[-64.131581,59.768134],[-64.127431,59.758612],[-64.168935,59.773586],[-64.182607,59.772203],[-64.191151,59.767035],[-64.196156,59.76081],[-64.203114,59.74494],[-64.19164,59.733588],[-64.157582,59.730129],[-64.141672,59.723822],[-64.169057,59.71015],[-64.139027,59.700873],[-64.124094,59.699897],[-64.106923,59.703315],[-64.068267,59.719428],[-64.052113,59.723456],[-64.000803,59.723822],[-63.991322,59.727769],[-63.973988,59.746039],[-63.96288,59.751776],[-63.985707,59.770941],[-64.058827,59.785386],[-64.078969,59.799547]]],[[[-64.432364,60.372746],[-64.46022,60.370372],[-64.490218,60.361225],[-64.512413,60.342467],[-64.519245,60.319326],[-64.426666,60.2862],[-64.434153,60.301703],[-64.447865,60.314154],[-64.477447,60.33393],[-64.477447,60.341376],[-64.472157,60.344794],[-64.463246,60.355048],[-64.442209,60.363471],[-64.432364,60.372746]]],[[[-54.794227,47.279388],[-54.830051,47.267133],[-54.828253,47.243141],[-54.812399,47.231781],[-54.798379,47.242599],[-54.7923,47.259077],[-54.778136,47.273564],[-54.794227,47.279388]]],[[[-54.195604,47.393208],[-54.204389,47.38487],[-54.216702,47.381274],[-54.220197,47.368193],[-54.209626,47.359903],[-54.177962,47.359984],[-54.153354,47.368356],[-54.144589,47.400445],[-54.158678,47.41467],[-54.178042,47.418193],[-54.195604,47.393208]]],[[[-52.956475,47.654806],[-53.019184,47.61904],[-53.030336,47.599156],[-53.006193,47.593498],[-52.976502,47.596866],[-52.946429,47.61839],[-52.916443,47.634456],[-52.91876,47.652643],[-52.956475,47.654806]]],[[[-55.854271,50.205033],[-55.88334,50.204224],[-55.886002,50.197461],[-55.867519,50.193211],[-55.845072,50.190645],[-55.823887,50.204144],[-55.831785,50.211767],[-55.842344,50.215165],[-55.850276,50.21433],[-55.854271,50.205033]]],[[[-55.762971,50.231935],[-55.799992,50.230316],[-55.802679,50.220174],[-55.789522,50.207466],[-55.756532,50.199789],[-55.7288,50.198033],[-55.709037,50.189528],[-55.695802,50.193721],[-55.70102,50.203882],[-55.712812,50.21998],[-55.729933,50.23017],[-55.762971,50.231935]]],[[[-57.250265,50.840641],[-57.263106,50.836935],[-57.275339,50.827326],[-57.277056,50.817363],[-57.270023,50.809995],[-57.246082,50.809291],[-57.239651,50.805979],[-57.261815,50.799677],[-57.252466,50.796739],[-57.240205,50.795649],[-57.225634,50.803414],[-57.223315,50.810056],[-57.186562,50.823001],[-57.191827,50.828161],[-57.202935,50.834422],[-57.209375,50.841056],[-57.221638,50.839568],[-57.22864,50.83661],[-57.232157,50.841032],[-57.250265,50.840641]]],[[[-55.887742,52.774794],[-55.89536,52.763314],[-55.884009,52.751056],[-55.866326,52.743388],[-55.861303,52.730368],[-55.829715,52.726513],[-55.809475,52.731086],[-55.810692,52.743338],[-55.808092,52.761708],[-55.811855,52.770133],[-55.887742,52.774794]]],[[[-55.808466,53.006564],[-55.850409,53.00353],[-55.84917,52.991289],[-55.833971,52.976745],[-55.821326,52.959904],[-55.802337,52.944583],[-55.789629,52.948394],[-55.787036,52.962164],[-55.781896,52.976697],[-55.767872,52.988162],[-55.770374,52.99735],[-55.786904,52.995068],[-55.785609,53.00119],[-55.775407,53.009602],[-55.786821,53.0165],[-55.80081,53.014977],[-55.808466,53.006564]]],[[[-55.827319,53.079284],[-55.847678,53.080812],[-55.862966,53.070858],[-55.874439,53.057083],[-55.875747,53.038725],[-55.870688,53.026485],[-55.845274,53.023418],[-55.816034,53.024169],[-55.800749,53.032582],[-55.775331,53.027975],[-55.758767,53.034088],[-55.768882,53.048643],[-55.751012,53.059351],[-55.754757,53.075436],[-55.771256,53.089232],[-55.790347,53.093834],[-55.827319,53.079284]]],[[[-55.927587,53.492236],[-55.97595,53.484525],[-55.98993,53.470413],[-55.985066,53.45871],[-55.9835,53.441652],[-55.96554,53.432367],[-55.926302,53.428887],[-55.906739,53.418616],[-55.864245,53.414125],[-55.829954,53.406721],[-55.798989,53.393957],[-55.785908,53.393915],[-55.794026,53.400765],[-55.816842,53.410583],[-55.81107,53.416415],[-55.769478,53.402635],[-55.768581,53.411406],[-55.779963,53.419242],[-55.797923,53.423686],[-55.813391,53.432992],[-55.806761,53.443207],[-55.802571,53.455378],[-55.782091,53.455803],[-55.761679,53.449888],[-55.745395,53.440572],[-55.742891,53.445437],[-55.74936,53.453746],[-55.751716,53.463989],[-55.767163,53.475739],[-55.785183,53.477256],[-55.814618,53.487566],[-55.824516,53.477852],[-55.880138,53.484333],[-55.88987,53.49849],[-55.902165,53.497059],[-55.913663,53.49221],[-55.927587,53.492236]]],[[[-57.152729,53.693121],[-57.166848,53.678468],[-57.172139,53.659625],[-57.154387,53.647127],[-57.113763,53.642994],[-57.09261,53.649259],[-57.083798,53.656568],[-57.085571,53.667011],[-57.082047,53.680595],[-57.066154,53.684774],[-57.05025,53.701494],[-57.030801,53.712985],[-57.044938,53.715084],[-57.08029,53.703591],[-57.129781,53.704632],[-57.152729,53.693121]]],[[[-56.922484,53.797559],[-56.965599,53.81218],[-56.999548,53.810391],[-57.008855,53.788548],[-56.984285,53.759384],[-56.947335,53.752078],[-56.919571,53.762954],[-56.882608,53.762879],[-56.851709,53.777378],[-56.817715,53.790041],[-56.836105,53.80648],[-56.888527,53.806597],[-56.922484,53.797559]]],[[[-57.327952,54.287564],[-57.367703,54.269381],[-57.367639,54.259035],[-57.341012,54.247447],[-57.314419,54.239731],[-57.298974,54.248811],[-57.321212,54.269471],[-57.305747,54.275962],[-57.292498,54.283742],[-57.327952,54.287564]]],[[[-57.244476,54.484173],[-57.286728,54.482832],[-57.293337,54.468605],[-57.271073,54.46088],[-57.244422,54.467373],[-57.224333,54.451888],[-57.197644,54.449325],[-57.211083,54.469988],[-57.228932,54.491941],[-57.244476,54.484173]]],[[[-57.303677,54.574723],[-57.347349,54.555123],[-57.348952,54.541454],[-57.36567,54.523852],[-57.362203,54.507263],[-57.34031,54.501443],[-57.268041,54.50352],[-57.254684,54.525995],[-57.254727,54.537708],[-57.269891,54.545493],[-57.283392,54.556208],[-57.27166,54.566966],[-57.275078,54.57965],[-57.303677,54.574723]]]]}}
