{"type":"Feature","properties":{"featurecla":"Admin-0 country","scalerank":0,"LABELRANK":2,"SOVEREIGNT":"China","SOV_A3":"CH1","ADM0_DIF":1,"LEVEL":2,"TYPE":"Country","TLC":"1","ADMIN":"China","ADM0_A3":"CHN","GEOU_DIF":0,"GEOUNIT":"China","GU_A3":"CHN","SU_DIF":0,"SUBUNIT":"China","SU_A3":"CHN","BRK_DIFF":0,"NAME":"China","NAME_LONG":"China","BRK_A3":"CHN","BRK_NAME":"China","BRK_GROUP":null,"ABBREV":"China","POSTAL":"CN","FORMAL_EN":"People's Republic of China","FORMAL_FR":null,"NAME_CIAWF":"China","NOTE_ADM0":null,"NOTE_BRK":null,"NAME_SORT":"China","NAME_ALT":null,"MAPCOLOR7":4,"MAPCOLOR8":4,"MAPCOLOR9":4,"MAPCOLOR13":3,"POP_EST":1397715000.0,"POP_RANK":18,"POP_YEAR":2019,"GDP_MD":14342903,"GDP_YEAR":2019,"ECONOMY":"3. Emerging region: BRIC","INCOME_GRP":"3. Upper middle income","FIPS_10":"CH","ISO_A2":"CN","ISO_A2_EH":"CN","ISO_A3":"CHN","ISO_A3_EH":"CHN","ISO_N3":"156","ISO_N3_EH":"156","UN_A3":"156","WB_A2":"CN","WB_A3":"CHN","WOE_ID":23424781,"WOE_ID_EH":23424781,"WOE_NOTE":"Exact WOE match as country","ADM0_ISO":"CHN","ADM0_DIFF":null,"ADM0_TLC":"CHN","ADM0_A3_US":"CHN","ADM0_A3_FR":"CHN","ADM0_A3_RU":"CHN","ADM0_A3_ES":"CHN","ADM0_A3_CN":"CHN","ADM0_A3_TW":"TWN","ADM0_A3_IN":"CHN","ADM0_A3_NP":"CHN","ADM0_A3_PK":"CHN","ADM0_A3_DE":"CHN","ADM0_A3_GB":"CHN","ADM0_A3_BR":"CHN","ADM0_A3_IL":"CHN","ADM0_A3_PS":"CHN","ADM0_A3_SA":"CHN","ADM0_A3_EG":"CHN","ADM0_A3_MA":"CHN","ADM0_A3_PT":"CHN","ADM0_A3_AR":"CHN","ADM0_A3_JP":"CHN","ADM0_A3_KO":"CHN","ADM0_A3_VN":"CHN","ADM0_A3_TR":"CHN","ADM0_A3_ID":"CHN","ADM0_A3_PL":"CHN","ADM0_A3_GR":"CHN","ADM0_A3_IT":"CHN","ADM0_A3_NL":"CHN","ADM0_A3_SE":"CHN","ADM0_A3_BD":"CHN","ADM0_A3_UA":"CHN","ADM0_A3_UN":-99,"ADM0_A3_WB":-99,"CONTINENT":"Asia","REGION_UN":"Asia","SUBREGION":"Eastern Asia","REGION_WB":"East Asia & Pacific","NAME_LEN":5,"LONG_LEN":5,"ABBREV_LEN":5,"TINY":-99,"HOMEPART":1,"MIN_ZOOM":0.0,"MIN_LABEL":1.7,"MAX_LABEL":5.7,"LABEL_X":106.337289,"LABEL_Y":32.498178,"NE_ID":1159320471,"WIKIDATAID":"Q148","NAME_AR":"الصين","NAME_BN":"গণচীন","NAME_DE":"Volksrepublik China","NAME_EN":"People's Republic of China","NAME_ES":"China","NAME_FA":"جمهوری خلق چین","NAME_FR":"République populaire de Chine","NAME_EL":"Λαϊκή Δημοκρατία της Κίνας","NAME_HE":"הרפובליקה העממית של סין","NAME_HI":"चीनी जनवादी गणराज्य","NAME_HU":"Kína","NAME_ID":"Republik Rakyat Tiongkok","NAME_IT":"Cina","NAME_JA":"中華人民共和国","NAME_KO":"중화인민공화국","NAME_NL":"Volksrepubliek China","NAME_PL":"Chińska Republika Ludowa","NAME_PT":"China","NAME_RU":"Китайская Народная Республика","NAME_SV":"Kina","NAME_TR":"Çin Halk Cumhuriyeti","NAME_UK":"Китайська Народна Республіка","NAME_UR":"عوامی جمہوریہ چین","NAME_VI":"Trung Quốc","NAME_ZH":"中华人民共和国","NAME_ZHT":"中華人民共和國","FCLASS_ISO":"Admin-0 country","TLC_DIFF":null,"FCLASS_TLC":"Admin-0 country","FCLASS_US":null,"FCLASS_FR":null,"FCLASS_RU":null,"FCLASS_ES":null,"FCLASS_CN":null,"FCLASS_TW":"Unrecognized","FCLASS_IN":null,"FCLASS_NP":null,"FCLASS_PK":null,"FCLASS_DE":null,"FCLASS_GB":null,"FCLASS_BR":null,"FCLASS_IL":null,"FCLASS_PS":null,"FCLASS_SA":null,"FCLASS_EG":null,"FCLASS_MA":null,"FCLASS_PT":null,"FCLASS_AR":null,"FCLASS_JP":null,"FCLASS_KO":null,"FCLASS_VN":null,"FCLASS_TR":null,"FCLASS_ID":null,"FCLASS_PL":null,"FCLASS_GR":null,"FCLASS_IT":null,"FCLASS_NL":null,"FCLASS_SE":null,"FCLASS_BD":null,"FCLASS_UA":null,"iso_id":"CN","iso_name":"People's Republic of China","name":"People's Republic of China","source":"iso-3166-1-countries"},"geometry":{"type":"MultiPolygon","coordinates":[[[[78.964986,33.344254],[79.098028,33.287655],[79.260061,33.291776],[79.340307,33.275132],[79.420084,33.275169],[79.456096,33.250399],[79.423475,33.157825],[79.37317,33.11214],[79.381063,33.061768],[79.399273,33.026878],[79.339787,33.013257],[79.333586,32.994292],[79.414089,32.972053],[79.564093,32.793928],[79.613913,32.765035],[79.620673,32.728725],[79.57617,32.670646],[79.531201,32.648317],[79.515741,32.60812],[79.443497,32.534773],[79.40682,32.529683],[79.379477,32.57645],[79.320466,32.592267],[79.287412,32.532579],[79.235608,32.504296],[79.191166,32.50427],[79.112928,32.472386],[79.09174,32.390556],[79.075307,32.37079],[79.028178,32.377095],[78.943429,32.346373],[78.911286,32.354745],[78.77145,32.461663],[78.73693,32.545792],[78.750986,32.612791],[78.736827,32.629844],[78.713262,32.637518],[78.694452,32.629663],[78.664893,32.599019],[78.630166,32.578013],[78.589859,32.569925],[78.447542,32.566256],[78.384807,32.547549],[78.380983,32.528041],[78.452193,32.416782],[78.434519,32.383761],[78.462735,32.281803],[78.457981,32.229662],[78.513068,32.20757],[78.551825,32.15039],[78.649287,32.036444],[78.722151,31.994586],[78.744578,31.9642],[78.720187,31.902912],[78.700343,31.821676],[78.674091,31.78695],[78.670887,31.770517],[78.695589,31.746694],[78.693212,31.71853],[78.724011,31.673313],[78.758117,31.666595],[78.818889,31.607374],[78.796978,31.578849],[78.699516,31.510016],[78.695382,31.488105],[78.762561,31.44511],[78.73848,31.334988],[78.745095,31.308116],[78.784472,31.288272],[78.861987,31.291476],[78.921008,31.269685],[78.959552,31.325117],[78.988801,31.343256],[79.049937,31.422953],[79.07021,31.461381],[79.131397,31.438433],[79.179218,31.393796],[79.207628,31.351373],[79.238319,31.329656],[79.239239,31.311724],[79.25411,31.299006],[79.262024,31.278513],[79.24843,31.256704],[79.25286,31.245437],[79.278316,31.240044],[79.288321,31.225474],[79.303209,31.183104],[79.302162,31.16345],[79.319417,31.14228],[79.367048,31.111559],[79.401592,31.023637],[79.446344,31.023792],[79.47642,31.014025],[79.512697,30.966173],[79.577809,30.938371],[79.630312,30.962504],[79.739039,30.979247],[79.833504,30.961522],[79.85035,30.954494],[79.903164,30.890209],[80.005586,30.847266],[80.028634,30.830781],[80.062534,30.784789],[80.092196,30.774505],[80.157102,30.79316],[80.196066,30.748098],[80.231412,30.724947],[80.207021,30.686138],[80.16661,30.674408],[80.16692,30.661902],[80.19989,30.625884],[80.2033,30.60635],[80.179839,30.559479],[80.252806,30.565009],[80.325877,30.546509],[80.508295,30.462328],[80.575267,30.466255],[80.596351,30.459796],[80.723062,30.392048],[80.781663,30.320993],[80.976018,30.255209],[81.003303,30.212731],[80.996017,30.196969],[81.030898,30.152734],[81.074203,30.071912],[81.084849,30.026179],[81.097768,30.016929],[81.148101,30.023233],[81.194506,30.004475],[81.21683,30.008195],[81.227269,30.022458],[81.225719,30.050467],[81.257086,30.063541],[81.272021,30.079922],[81.275948,30.095373],[81.266956,30.125087],[81.277705,30.131857],[81.322405,30.133769],[81.350052,30.15723],[81.361834,30.204772],[81.377854,30.232626],[81.368036,30.301046],[81.387259,30.345126],[81.387518,30.373909],[81.407413,30.37918],[81.42612,30.372514],[81.46281,30.341353],[81.509371,30.328382],[81.520688,30.331948],[81.536811,30.37856],[81.576705,30.390963],[81.591588,30.414269],[81.614015,30.416904],[81.779018,30.358045],[81.844389,30.371171],[81.887177,30.354996],[81.941231,30.353962],[81.969032,30.328279],[82.049854,30.339235],[82.088767,30.330088],[82.093211,30.31474],[82.0821,30.257327],[82.084994,30.230817],[82.095898,30.213454],[82.155688,30.181363],[82.127576,30.124364],[82.135224,30.089741],[82.153827,30.058166],[82.210671,30.064419],[82.255733,30.039666],[82.318882,30.031811],[82.347304,30.003441],[82.394433,30.003131],[82.457065,29.95409],[82.541814,29.923239],[82.618502,29.839833],[82.635865,29.829033],[82.666974,29.835028],[82.688988,29.827741],[82.681754,29.797717],[82.690952,29.780741],[82.751517,29.739323],[82.781076,29.705113],[82.815544,29.690127],[82.836576,29.659793],[82.899725,29.688422],[82.931919,29.664185],[82.975896,29.66403],[83.032895,29.620467],[83.064935,29.57879],[83.079559,29.579643],[83.093357,29.615144],[83.150046,29.625635],[83.173558,29.621268],[83.187253,29.612095],[83.197175,29.589099],[83.229317,29.575948],[83.26084,29.542048],[83.26332,29.527088],[83.247197,29.494738],[83.26394,29.473008],[83.327968,29.485023],[83.355201,29.460735],[83.35701,29.415363],[83.38724,29.393504],[83.393132,29.356245],[83.428168,29.333456],[83.437212,29.305241],[83.493384,29.276147],[83.502996,29.261032],[83.523718,29.183594],[83.56139,29.176231],[83.583818,29.162149],[83.639266,29.154759],[83.65601,29.160779],[83.675078,29.208761],[83.69549,29.226176],[83.719727,29.233591],[83.79321,29.234754],[83.868865,29.263435],[83.883438,29.282012],[83.914392,29.289402],[83.957955,29.28904],[83.973251,29.277025],[83.975835,29.263745],[84.012525,29.270204],[84.035211,29.247622],[84.08973,29.256613],[84.112364,29.209097],[84.155462,29.206642],[84.161663,29.192534],[84.13226,29.143804],[84.137996,29.124657],[84.166211,29.098458],[84.175461,29.057401],[84.220575,29.0389],[84.231427,29.025981],[84.206725,28.940664],[84.235147,28.90002],[84.285997,28.873743],[84.354003,28.861289],[84.376586,28.848835],[84.422733,28.799173],[84.450845,28.73388],[84.498594,28.72786],[84.551821,28.706388],[84.616209,28.69365],[84.632642,28.668794],[84.682975,28.650759],[84.677756,28.604405],[84.755632,28.585414],[84.781781,28.558904],[84.81196,28.54198],[84.92849,28.538466],[84.954948,28.574303],[85.002491,28.594431],[85.02528,28.628409],[85.054942,28.638692],[85.11189,28.608823],[85.160982,28.595],[85.16801,28.583192],[85.153748,28.524901],[85.123155,28.504592],[85.109461,28.459298],[85.077577,28.435681],[85.08569,28.381008],[85.080212,28.318789],[85.087395,28.304113],[85.109409,28.292254],[85.134162,28.291969],[85.173591,28.30432],[85.205734,28.278275],[85.243406,28.267914],[85.312601,28.282771],[85.345364,28.261248],[85.362572,28.259672],[85.41523,28.296439],[85.43156,28.297059],[85.475692,28.279102],[85.52065,28.282926],[85.565299,28.275381],[85.59894,28.250835],[85.611807,28.251145],[85.639093,28.287887],[85.675059,28.306387],[85.679142,28.332897],[85.692939,28.335222],[85.699761,28.269102],[85.734487,28.221534],[85.782753,28.1881],[85.848279,28.158928],[85.863368,28.143348],[85.87174,28.110921],[85.889103,28.090276],[85.898302,28.036016],[85.956593,27.976226],[85.951218,27.91623],[85.96269,27.891374],[85.98026,27.885172],[86.061703,27.889048],[86.112862,27.926798],[86.095602,27.957855],[86.098134,27.985631],[86.079169,28.001134],[86.084699,28.043871],[86.068731,28.076763],[86.15596,28.156525],[86.176011,28.153011],[86.186036,28.133529],[86.187173,28.108699],[86.172238,28.071828],[86.203038,28.002581],[86.278072,27.983694],[86.327733,27.939691],[86.362976,27.946099],[86.425298,27.909925],[86.496921,27.937882],[86.510461,27.952429],[86.516197,28.012245],[86.538366,28.047178],[86.544154,28.093015],[86.553559,28.104151],[86.569527,28.106606],[86.612315,28.080277],[86.661976,28.106838],[86.680063,28.105727],[86.731739,28.076918],[86.732204,28.034957],[86.739801,28.021495],[86.76998,28.01209],[86.840466,28.014777],[86.868165,27.994881],[86.876898,27.970645],[86.893073,27.954186],[86.914725,27.945117],[87.005676,27.951499],[87.062003,27.908427],[87.116522,27.844581],[87.155796,27.825796],[87.232897,27.829724],[87.290516,27.816081],[87.335837,27.846363],[87.363845,27.855252],[87.385343,27.849412],[87.369116,27.819078],[87.369116,27.803937],[87.531587,27.836803],[87.551327,27.831894],[87.573342,27.805022],[87.589981,27.804609],[87.636077,27.823652],[87.700466,27.805642],[87.726821,27.807761],[87.779841,27.839439],[87.825884,27.906566],[87.836685,27.908323],[87.856115,27.898608],[87.93456,27.895301],[87.978433,27.880522],[88.029954,27.893337],[88.118218,27.860885],[88.097496,27.904008],[88.099924,27.928322],[88.115737,27.947262],[88.16297,27.9469],[88.197851,27.958295],[88.37877,27.982634],[88.455768,28.03152],[88.475405,28.036248],[88.50207,28.028885],[88.552817,28.078055],[88.594003,28.106606],[88.610488,28.105831],[88.652035,28.069399],[88.735648,28.055265],[88.81771,27.994881],[88.810682,27.927857],[88.851558,27.877163],[88.853884,27.843676],[88.805669,27.655109],[88.741022,27.54571],[88.741642,27.53168],[88.757559,27.511448],[88.759781,27.435071],[88.795386,27.385926],[88.830836,27.367323],[88.852023,27.342363],[88.892331,27.315543],[88.91516,27.330869],[88.950808,27.328229],[88.971933,27.312385],[88.997019,27.330869],[88.95106,27.433144],[88.966202,27.47803],[88.982966,27.492632],[88.972955,27.517659],[88.978366,27.530283],[89.004966,27.54967],[89.002712,27.560491],[89.016238,27.57582],[89.03337,27.578976],[89.050954,27.608282],[89.064029,27.615946],[89.091531,27.625865],[89.124655,27.614852],[89.198203,27.730582],[89.22492,27.807813],[89.336025,27.869075],[89.370131,27.909357],[89.444545,28.031184],[89.475344,28.061337],[89.515032,28.081905],[89.561489,28.13464],[89.597817,28.149807],[89.71781,28.169083],[89.755844,28.184379],[89.780855,28.228769],[89.829741,28.259155],[89.862918,28.295793],[89.91613,28.315601],[89.952524,28.308247],[90.07086,28.34523],[90.153164,28.322185],[90.176209,28.325478],[90.199254,28.348523],[90.225591,28.358399],[90.261804,28.335354],[90.261804,28.299141],[90.29147,28.261351],[90.329504,28.255796],[90.353984,28.299141],[90.386905,28.299141],[90.416535,28.28268],[90.45604,28.28268],[90.505422,28.249758],[90.54822,28.246466],[90.587726,28.233298],[90.597602,28.200376],[90.567973,28.1905],[90.54822,28.157579],[90.515299,28.154287],[90.485669,28.124657],[90.475232,28.072344],[90.575277,28.065833],[90.621889,28.072965],[90.667468,28.090328],[90.726896,28.061699],[90.90952,28.032657],[90.975149,27.982092],[91.008842,27.96677],[91.051941,27.96279],[91.092558,27.971679],[91.194671,28.070587],[91.269705,28.072861],[91.290169,28.091413],[91.309599,28.056402],[91.341432,28.030564],[91.418843,27.994726],[91.600641,27.959276],[91.637951,27.939743],[91.652834,27.916747],[91.628339,27.852694],[91.680131,27.849823],[91.729871,27.804136],[91.826589,27.807627],[91.856373,27.764539],[91.864914,27.729988],[91.952247,27.72482],[91.988898,27.769398],[92.064878,27.761721],[92.10616,27.786081],[92.126294,27.812722],[92.239568,27.865277],[92.24918,27.862642],[92.288764,27.793085],[92.303854,27.78616],[92.329175,27.832928],[92.350053,27.802542],[92.367933,27.803834],[92.392841,27.856027],[92.404416,27.853831],[92.427567,27.821171],[92.475109,27.846596],[92.518151,27.839468],[92.574977,27.847806],[92.592912,27.868193],[92.636468,27.89537],[92.683674,27.91045],[92.736392,27.985909],[92.689257,28.048315],[92.638924,28.057487],[92.63727,28.071983],[92.65484,28.105831],[92.678611,28.133064],[92.779174,28.195903],[92.790232,28.178901],[92.834777,28.183526],[92.86537,28.205205],[92.903817,28.249698],[92.974924,28.282306],[93.207825,28.340539],[93.218073,28.394647],[93.186286,28.431995],[93.286972,28.520517],[93.31717,28.603463],[93.446213,28.671894],[93.551736,28.678948],[93.62553,28.67236],[93.664908,28.690239],[93.722475,28.696647],[93.781744,28.680504],[93.86308,28.704871],[93.927786,28.682752],[93.981591,28.768131],[93.993136,28.801887],[93.992019,28.844649],[94.026849,28.864182],[94.135396,28.897788],[94.173658,28.930164],[94.250183,28.933107],[94.347311,29.024349],[94.270786,29.09793],[94.287505,29.147938],[94.335771,29.149617],[94.372875,29.196307],[94.396439,29.207081],[94.474987,29.210802],[94.514778,29.22106],[94.599941,29.316635],[94.63043,29.319452],[94.704224,29.284699],[94.767683,29.213851],[94.761482,29.174706],[94.776571,29.166696],[94.854086,29.170004],[94.891293,29.160495],[94.989065,29.153984],[95.047666,29.140806],[95.116912,29.108095],[95.199698,29.094246],[95.224916,29.059364],[95.367406,29.036496],[95.429824,29.046525],[95.487577,29.068994],[95.511307,29.131789],[95.521435,29.137861],[95.515337,29.209433],[95.550167,29.212482],[95.553785,29.239043],[95.56443,29.245606],[95.592335,29.249689],[95.646697,29.22835],[95.717165,29.218284],[95.747365,29.273651],[95.744781,29.340432],[95.79594,29.352886],[95.863134,29.323985],[95.953735,29.359219],[96.141966,29.368467],[96.176279,29.286456],[96.205424,29.256949],[96.235293,29.241214],[96.26785,29.24173],[96.337096,29.279713],[96.366241,29.257233],[96.366862,29.244211],[96.316425,29.171864],[96.210075,29.145767],[96.193642,29.136931],[96.174625,29.108845],[96.175954,29.017354],[96.195323,28.941106],[96.248588,28.945343],[96.294655,28.992324],[96.366568,29.036537],[96.457605,28.994588],[96.452128,28.970378],[96.492229,28.948002],[96.510832,28.885525],[96.576668,28.808527],[96.592584,28.757884],[96.59801,28.70991],[96.501044,28.687631],[96.502375,28.644476],[96.409019,28.558929],[96.336459,28.479667],[96.301852,28.420711],[96.369644,28.378116],[96.441127,28.395416],[96.561518,28.447293],[96.716924,28.436539],[96.933959,28.336618],[96.965791,28.330468],[96.997417,28.337083],[97.078446,28.375143],[97.11555,28.366564],[97.182729,28.314991],[97.210531,28.308092],[97.229651,28.274606],[97.323496,28.217478],[97.333831,28.235254],[97.369591,28.25347],[97.384371,28.284838],[97.436667,28.286414],[97.447829,28.297602],[97.452377,28.35548],[97.445349,28.382971],[97.488137,28.441934],[97.527721,28.529526],[97.546221,28.538466],[97.567512,28.525495],[97.589939,28.494696],[97.613607,28.481984],[97.670451,28.511284],[97.699597,28.48803],[97.740008,28.38261],[97.765329,28.352431],[97.797265,28.34393],[97.85907,28.37013],[97.897518,28.355325],[97.94475,28.298842],[97.992912,28.268922],[97.984851,28.224221],[97.991052,28.214015],[98.048619,28.199624],[98.118693,28.14079],[98.127994,28.105469],[98.122517,28.015449],[98.107117,27.973074],[98.113525,27.961705],[98.148975,27.944549],[98.177294,27.912923],[98.176674,27.898117],[98.140087,27.878558],[98.162411,27.842849],[98.196621,27.823187],[98.197861,27.780631],[98.211504,27.760322],[98.204372,27.727301],[98.254395,27.648133],[98.275686,27.570101],[98.294703,27.536615],[98.328602,27.522869],[98.363949,27.532171],[98.383276,27.555787],[98.398159,27.619814],[98.400019,27.675728],[98.410251,27.684254],[98.492313,27.64343],[98.522182,27.656298],[98.54337,27.642526],[98.578406,27.591728],[98.604554,27.592735],[98.647239,27.611727],[98.679279,27.577336],[98.668323,27.475249],[98.674421,27.386598],[98.677315,27.376108],[98.697365,27.368925],[98.707701,27.337247],[98.704187,27.304174],[98.673594,27.207901],[98.672561,27.175603],[98.691371,27.092404],[98.731368,27.068788],[98.737776,27.048686],[98.712662,26.995149],[98.736329,26.898256],[98.714522,26.862031],[98.718139,26.842497],[98.750385,26.792009],[98.731989,26.713513],[98.746458,26.68106],[98.755553,26.625043],[98.727958,26.572591],[98.721137,26.538898],[98.713488,26.38945],[98.697675,26.354051],[98.657781,26.311625],[98.642175,26.254523],[98.648169,26.244807],[98.66822,26.248218],[98.677005,26.23933],[98.70553,26.174941],[98.686513,26.154115],[98.680829,26.12497],[98.644449,26.097891],[98.630806,26.096909],[98.624295,26.108485],[98.625742,26.144348],[98.619334,26.145744],[98.563007,26.131223],[98.54554,26.105643],[98.572618,26.03557],[98.582437,25.982291],[98.616233,25.979397],[98.625328,25.969992],[98.66729,25.905758],[98.689821,25.891599],[98.690234,25.865554],[98.677832,25.843282],[98.610032,25.800597],[98.562387,25.816358],[98.526833,25.838786],[98.498101,25.830724],[98.461307,25.794654],[98.439293,25.743598],[98.418726,25.724219],[98.413248,25.692076],[98.375214,25.649288],[98.347102,25.57782],[98.312066,25.557459],[98.276616,25.552447],[98.232381,25.586553],[98.140087,25.611461],[98.134196,25.534618],[98.099779,25.500047],[98.111975,25.448474],[98.112078,25.396229],[98.075698,25.376075],[98.044899,25.311944],[97.976272,25.272257],[97.930797,25.218513],[97.90992,25.207558],[97.888939,25.205646],[97.860311,25.244093],[97.82362,25.261612],[97.800986,25.237634],[97.777008,25.158621],[97.754064,25.113559],[97.737527,25.090511],[97.703628,25.073923],[97.699597,25.065009],[97.708278,24.927291],[97.724091,24.897215],[97.772977,24.854686],[97.765226,24.834661],[97.748483,24.82647],[97.66394,24.829778],[97.536093,24.745028],[97.532785,24.723324],[97.538573,24.597259],[97.513252,24.438587],[97.519556,24.430784],[97.624356,24.442282],[97.6473,24.432334],[97.662596,24.390063],[97.688331,24.367713],[97.689572,24.346474],[97.638205,24.328103],[97.64451,24.302394],[97.718407,24.277667],[97.724091,24.241519],[97.701561,24.210926],[97.723058,24.171265],[97.720061,24.147442],[97.707658,24.125299],[97.516456,23.942829],[97.532992,23.923709],[97.609887,23.883143],[97.624666,23.846711],[97.637068,23.863557],[97.696806,23.887122],[97.76781,23.946472],[97.817832,23.958151],[97.889973,24.022617],[98.10505,24.101527],[98.181531,24.118658],[98.330669,24.099486],[98.395575,24.128063],[98.434952,24.13026],[98.503269,24.121268],[98.585227,24.075715],[98.640418,24.100752],[98.716176,24.121345],[98.818082,24.128968],[98.865727,24.145685],[98.873479,24.114498],[98.856219,24.083802],[98.716796,23.988408],[98.663259,23.969546],[98.658815,23.961123],[98.674524,23.936886],[98.664809,23.903374],[98.671424,23.816739],[98.663672,23.796947],[98.684963,23.784803],[98.777877,23.7693],[98.793173,23.758473],[98.800305,23.692715],[98.856012,23.610007],[98.850224,23.590628],[98.796274,23.557917],[98.780874,23.532854],[98.799995,23.480738],[98.809813,23.474098],[98.848881,23.480403],[98.86397,23.466605],[98.889602,23.406789],[98.890118,23.367903],[98.88185,23.349687],[98.853221,23.334985],[98.853428,23.324882],[98.896526,23.32328],[98.910686,23.297597],[98.860146,23.212279],[98.859009,23.179387],[99.026441,23.160448],[99.039257,23.127142],[99.05507,23.109598],[99.074913,23.101666],[99.13,23.106239],[99.194183,23.095775],[99.202141,23.067275],[99.21661,23.057379],[99.284823,23.088153],[99.314072,23.126471],[99.333812,23.129623],[99.403265,23.068335],[99.478196,23.065751],[99.493079,23.057379],[99.490392,23.012007],[99.534627,22.949324],[99.538038,22.926431],[99.5153,22.90881],[99.484501,22.910256],[99.42993,22.936741],[99.413394,22.930746],[99.414428,22.856901],[99.378874,22.813234],[99.35903,22.77489],[99.307974,22.745176],[99.307871,22.719596],[99.355,22.608544],[99.357377,22.587098],[99.344148,22.533251],[99.35779,22.495476],[99.345078,22.472841],[99.282756,22.411915],[99.243068,22.393156],[99.237384,22.380134],[99.246376,22.365923],[99.243689,22.341221],[99.218367,22.310009],[99.19935,22.245258],[99.166381,22.204641],[99.159353,22.184694],[99.175062,22.168674],[99.14447,22.153533],[99.166381,22.132087],[99.252887,22.102786],[99.364922,22.098859],[99.438612,22.124232],[99.490392,22.104337],[99.538968,22.106714],[99.633536,22.084751],[99.663818,22.048733],[99.683868,22.039018],[99.703816,22.061239],[99.723659,22.070592],[99.799882,22.037467],[99.821018,22.017779],[99.84174,22.02708],[99.847838,22.055037],[99.942406,22.045529],[99.934344,22.018864],[99.96566,21.963002],[99.920185,21.852001],[99.917963,21.82916],[99.939202,21.777018],[99.95026,21.721156],[99.960699,21.704774],[99.996718,21.686119],[100.082345,21.684466],[100.120534,21.673665],[100.142807,21.654907],[100.143737,21.640024],[100.115728,21.629482],[100.103946,21.615633],[100.08865,21.581836],[100.086066,21.550934],[100.09728,21.508301],[100.128337,21.482359],[100.162496,21.436367],[100.187145,21.427892],[100.197894,21.433215],[100.244093,21.464531],[100.289516,21.483134],[100.326517,21.524269],[100.341968,21.530367],[100.383671,21.527834],[100.399122,21.518894],[100.429301,21.495382],[100.44346,21.463497],[100.456689,21.455022],[100.4971,21.461792],[100.571825,21.455074],[100.621744,21.469078],[100.703961,21.516414],[100.75662,21.569847],[100.79703,21.626123],[100.834909,21.657542],[100.992781,21.711441],[101.082801,21.766735],[101.118871,21.75981],[101.127656,21.695163],[101.149257,21.676766],[101.168842,21.637853],[101.173855,21.611912],[101.154218,21.568039],[101.159024,21.552691],[101.174527,21.551657],[101.186567,21.535327],[101.187756,21.505872],[101.168274,21.424533],[101.171426,21.403398],[101.233128,21.37172],[101.222844,21.335081],[101.207445,21.314824],[101.220364,21.296272],[101.208995,21.245526],[101.244342,21.192868],[101.259741,21.179484],[101.292711,21.176073],[101.381491,21.222478],[101.517607,21.242632],[101.583959,21.22439],[101.581789,21.175659],[101.655118,21.189199],[101.704262,21.135093],[101.75599,21.143258],[101.766739,21.150648],[101.770201,21.17044],[101.760072,21.195968],[101.77356,21.207389],[101.805238,21.204495],[101.819294,21.215967],[101.823738,21.234467],[101.801155,21.267075],[101.736508,21.292293],[101.715114,21.321129],[101.725553,21.375389],[101.729687,21.474246],[101.748239,21.514502],[101.736198,21.570881],[101.793559,21.588244],[101.806168,21.605969],[101.803842,21.625916],[101.755938,21.648654],[101.754801,21.689788],[101.72855,21.717539],[101.751081,21.816137],[101.721263,21.844353],[101.685865,21.898613],[101.673669,21.931376],[101.638116,21.940884],[101.6068,21.967601],[101.592176,22.028114],[101.555434,22.090332],[101.566958,22.149347],[101.561532,22.176115],[101.518227,22.228205],[101.515746,22.245362],[101.55099,22.276678],[101.58799,22.271355],[101.601219,22.276988],[101.623698,22.346647],[101.643697,22.364683],[101.645092,22.424214],[101.654549,22.446125],[101.689121,22.478887],[101.71315,22.491548],[101.75506,22.495527],[101.784877,22.472221],[101.817795,22.406334],[101.8426,22.383338],[101.867921,22.378842],[101.891641,22.429691],[101.994994,22.447416],[102.085531,22.429123],[102.107345,22.397549],[102.164544,22.425506],[102.218029,22.410675],[102.23131,22.426333],[102.252549,22.495476],[102.384324,22.628852],[102.356263,22.658721],[102.35585,22.669935],[102.362723,22.677428],[102.394969,22.680529],[102.415226,22.709829],[102.425613,22.745305],[102.442718,22.765175],[102.467781,22.768586],[102.515789,22.745176],[102.535787,22.695825],[102.55837,22.694947],[102.586689,22.716082],[102.612475,22.691588],[102.692729,22.670504],[102.751898,22.625287],[102.831842,22.599707],[102.902587,22.477234],[102.956537,22.459715],[102.989093,22.437598],[103.029039,22.430157],[103.045059,22.440544],[103.04418,22.486484],[103.091257,22.505087],[103.142004,22.537799],[103.144691,22.555782],[103.130015,22.577951],[103.141745,22.607045],[103.244891,22.668695],[103.309642,22.787938],[103.321579,22.790393],[103.357081,22.776027],[103.401729,22.737838],[103.404313,22.688797],[103.447515,22.618259],[103.473146,22.591645],[103.503635,22.581413],[103.550919,22.64079],[103.547147,22.700683],[103.590038,22.768017],[103.646934,22.799049],[103.726412,22.716289],[103.794212,22.659445],[103.836328,22.602756],[103.866817,22.575419],[103.894619,22.569218],[103.917047,22.533251],[103.940715,22.524673],[103.959525,22.507103],[103.985363,22.527153],[103.98557,22.570251],[104.007481,22.630248],[104.02381,22.719183],[104.086856,22.791556],[104.128197,22.796827],[104.213256,22.825016],[104.241161,22.824396],[104.228759,22.783442],[104.236821,22.742076],[104.249481,22.72833],[104.340173,22.686368],[104.35547,22.688642],[104.449004,22.745176],[104.553545,22.836049],[104.562382,22.834395],[104.564656,22.819952],[104.588427,22.806852],[104.609821,22.823001],[104.662738,22.810934],[104.700772,22.818247],[104.728212,22.839098],[104.774204,22.896226],[104.823606,22.924132],[104.827017,22.954285],[104.797923,23.085569],[104.811462,23.096188],[104.835905,23.099754],[104.861279,23.119598],[104.870064,23.163548],[104.880864,23.171713],[104.894765,23.170344],[104.935072,23.154273],[104.981426,23.190369],[105.06106,23.232459],[105.142398,23.25375],[105.155627,23.26685],[105.200896,23.254008],[105.217536,23.265351],[105.245544,23.330179],[105.293655,23.366275],[105.312155,23.36581],[105.34404,23.304186],[105.389515,23.275428],[105.425895,23.273206],[105.473851,23.194503],[105.528266,23.155513],[105.539687,23.075466],[105.551572,23.059679],[105.690324,23.043969],[105.719676,23.019604],[105.754712,23.005677],[105.853879,22.90465],[105.875997,22.928266],[105.913204,22.92439],[105.961211,22.9324],[105.999245,22.975369],[106.077587,22.981027],[106.132105,22.975007],[106.170036,22.966015],[106.202385,22.946998],[106.223004,22.912375],[106.227087,22.875556],[106.234011,22.863851],[106.255405,22.854653],[106.31566,22.8538],[106.457977,22.888966],[106.473738,22.897105],[106.477976,22.91961],[106.487794,22.925423],[106.58169,22.89527],[106.610371,22.85287],[106.632747,22.849614],[106.647939,22.866977],[106.667473,22.86752],[106.714912,22.826101],[106.730363,22.797628],[106.789843,22.797188],[106.798731,22.784373],[106.791497,22.772125],[106.746641,22.744349],[106.735531,22.695412],[106.697704,22.630868],[106.680186,22.57945],[106.667887,22.569114],[106.646338,22.568804],[106.607632,22.609991],[106.587995,22.607768],[106.577143,22.595314],[106.545879,22.472531],[106.526913,22.43827],[106.541796,22.345097],[106.555335,22.331971],[106.617295,22.322773],[106.63378,22.30944],[106.662926,22.223296],[106.639671,22.190895],[106.661324,22.143559],[106.658688,22.111933],[106.672176,22.092503],[106.667887,22.042687],[106.648198,21.995506],[106.653107,21.968893],[106.674605,21.962175],[106.728761,22.008322],[106.781523,21.975042],[106.864774,21.968066],[106.898829,21.927758],[106.920378,21.916958],[106.971227,21.93582],[107.009364,21.927448],[107.020217,21.912927],[107.021147,21.892257],[106.987144,21.844818],[106.989107,21.82425],[107.002905,21.810556],[107.065847,21.795828],[107.172352,21.715058],[107.212143,21.70524],[107.272656,21.718314],[107.303197,21.688703],[107.329655,21.616046],[107.348155,21.599355],[107.426032,21.652065],[107.445927,21.646949],[107.457037,21.631497],[107.461016,21.596357],[107.501324,21.581526],[107.518274,21.587366],[107.533053,21.608656],[107.613204,21.605607],[107.671856,21.617648],[107.744823,21.657542],[107.811641,21.647827],[107.832363,21.639352],[107.855463,21.600336],[107.991222,21.485663],[107.965343,21.447333],[107.963878,21.431627],[107.970714,21.431627],[108.016612,21.470364],[108.080577,21.485663],[108.080577,21.493109],[108.061046,21.496161],[108.022227,21.485663],[108.011241,21.506537],[108.018647,21.518948],[108.039561,21.520453],[107.991222,21.548407],[108.0171,21.555243],[108.056895,21.536038],[108.071056,21.536566],[108.076996,21.545478],[108.066254,21.561998],[108.105805,21.559068],[108.114757,21.5751],[108.128266,21.56273],[108.135265,21.581855],[108.15797,21.571519],[108.176362,21.575751],[108.210297,21.602973],[108.204112,21.602973],[108.208832,21.623928],[108.197276,21.636542],[108.206065,21.642564],[108.210297,21.630316],[108.238292,21.643948],[108.226817,21.625556],[108.24936,21.603095],[108.252778,21.588528],[108.244965,21.564358],[108.210297,21.513617],[108.211029,21.500637],[108.283783,21.544745],[108.289561,21.564032],[108.313975,21.581855],[108.313975,21.589301],[108.293468,21.589301],[108.300792,21.607245],[108.313975,21.616034],[108.306488,21.630316],[108.327647,21.630316],[108.312755,21.651842],[108.311371,21.681708],[108.321544,21.709662],[108.341319,21.725816],[108.337657,21.697455],[108.385997,21.672919],[108.39796,21.672838],[108.403331,21.684963],[108.409679,21.678127],[108.423839,21.698554],[108.423595,21.679389],[108.409679,21.664455],[108.470958,21.671291],[108.470958,21.664455],[108.441417,21.652086],[108.443696,21.643948],[108.416352,21.630316],[108.427582,21.616685],[108.443696,21.62344],[108.431895,21.583238],[108.416352,21.581855],[108.420909,21.594224],[108.406749,21.600246],[108.390636,21.595364],[108.389659,21.5751],[108.40211,21.559801],[108.420014,21.556871],[108.470958,21.561998],[108.470958,21.568264],[108.458018,21.568264],[108.471202,21.581204],[108.463471,21.595526],[108.491466,21.62344],[108.505138,21.602973],[108.489106,21.607611],[108.481212,21.581855],[108.518809,21.595526],[108.511974,21.609198],[108.526866,21.614244],[108.533051,21.630316],[108.511974,21.636542],[108.511974,21.643948],[108.535981,21.638007],[108.546886,21.643052],[108.552989,21.65762],[108.539317,21.650133],[108.545177,21.666083],[108.56544,21.678534],[108.559825,21.698554],[108.552989,21.698554],[108.539317,21.678127],[108.533051,21.684963],[108.518809,21.671291],[108.518809,21.698554],[108.533051,21.719062],[108.520112,21.712633],[108.505138,21.671291],[108.505138,21.691718],[108.477794,21.698554],[108.477794,21.70539],[108.497651,21.70539],[108.491466,21.712836],[108.505138,21.712836],[108.505138,21.719062],[108.463471,21.74018],[108.491466,21.74018],[108.505138,21.787909],[108.497081,21.809027],[108.488292,21.814765],[108.477794,21.807807],[108.470958,21.822089],[108.48463,21.822089],[108.455658,21.848782],[108.448741,21.86579],[108.458018,21.91767],[108.477794,21.945014],[108.460704,21.887112],[108.463145,21.862982],[108.491466,21.856269],[108.478363,21.8664],[108.484874,21.877102],[108.518809,21.890326],[108.505138,21.910834],[108.525645,21.904608],[108.545665,21.923814],[108.552989,21.951809],[108.567149,21.938788],[108.567149,21.951809],[108.573334,21.951809],[108.573822,21.935452],[108.552989,21.91767],[108.560313,21.895494],[108.580821,21.897854],[108.567149,21.904608],[108.587657,21.897854],[108.594493,21.91767],[108.635509,21.890326],[108.600597,21.830634],[108.571381,21.812812],[108.569428,21.794379],[108.580577,21.781317],[108.607514,21.787909],[108.594493,21.74018],[108.628673,21.746405],[108.615001,21.787909],[108.635509,21.774319],[108.642345,21.822089],[108.649181,21.822089],[108.656016,21.794827],[108.669688,21.815253],[108.677013,21.815253],[108.646332,21.75137],[108.665375,21.751858],[108.683197,21.746405],[108.683197,21.74018],[108.649181,21.733344],[108.683197,21.70539],[108.694102,21.712144],[108.711192,21.746405],[108.724864,21.746405],[108.712657,21.688422],[108.738536,21.671291],[108.751557,21.691718],[108.751557,21.650133],[108.733165,21.662421],[108.711192,21.65762],[108.711192,21.650133],[108.72755,21.644761],[108.73349,21.612738],[108.745372,21.602973],[108.738536,21.616034],[108.772716,21.62344],[108.787364,21.641425],[108.849946,21.625963],[108.86142,21.643948],[108.821056,21.643948],[108.838634,21.668036],[108.834321,21.685736],[108.793061,21.712836],[108.799897,21.725816],[108.779552,21.725816],[108.793061,21.733344],[108.786876,21.74018],[108.799897,21.733344],[108.793061,21.753811],[108.805919,21.75845],[108.816661,21.716376],[108.834727,21.725816],[108.843516,21.745022],[108.84254,21.768052],[108.832612,21.78384],[108.81422,21.781155],[108.821056,21.800971],[108.779552,21.815253],[108.801362,21.818345],[108.86142,21.815253],[108.849864,21.791693],[108.855235,21.781155],[108.875743,21.800971],[108.86142,21.766832],[108.869477,21.753811],[108.903087,21.774319],[108.897472,21.759996],[108.924083,21.766832],[108.916596,21.753811],[108.865489,21.739732],[108.869477,21.70539],[108.855235,21.694281],[108.855235,21.684963],[108.869477,21.671291],[108.897472,21.671291],[108.927989,21.615058],[108.958995,21.606594],[108.992442,21.609198],[109.066742,21.643948],[109.046397,21.602973],[109.066742,21.616034],[109.077647,21.596991],[109.101085,21.609198],[109.116059,21.590562],[109.12436,21.590969],[109.135753,21.602973],[109.142589,21.510199],[109.132823,21.495917],[109.060069,21.480129],[109.043712,21.466254],[109.039806,21.450263],[109.050141,21.437161],[109.096446,21.425198],[109.138682,21.401597],[109.156261,21.403754],[109.144623,21.417955],[109.149425,21.438544],[109.157074,21.423529],[109.171967,21.417548],[109.21461,21.417426],[109.227061,21.472235],[109.23878,21.485663],[109.23878,21.431627],[109.244965,21.431627],[109.258637,21.444729],[109.277599,21.436998],[109.29892,21.443264],[109.315522,21.459052],[109.320811,21.480129],[109.343761,21.453518],[109.424408,21.452379],[109.438243,21.455064],[109.472179,21.499335],[109.465831,21.482896],[109.472179,21.465806],[109.530772,21.491645],[109.560883,21.526679],[109.560883,21.568264],[109.572765,21.581732],[109.529877,21.635688],[109.464692,21.65762],[109.464692,21.664455],[109.506358,21.65766],[109.521007,21.665758],[109.519867,21.684963],[109.492686,21.678127],[109.492686,21.684963],[109.506196,21.684963],[109.492686,21.698554],[109.567719,21.759996],[109.574962,21.745673],[109.594493,21.746405],[109.560802,21.707261],[109.567719,21.698554],[109.560883,21.671291],[109.575938,21.659369],[109.585297,21.630845],[109.615489,21.650133],[109.603038,21.620592],[109.613536,21.601223],[109.608002,21.5751],[109.635997,21.568264],[109.625255,21.585395],[109.637218,21.60163],[109.677013,21.62344],[109.670177,21.602973],[109.677013,21.5751],[109.659923,21.528062],[109.649669,21.520453],[109.708588,21.483303],[109.741466,21.474026],[109.759532,21.493109],[109.773204,21.485663],[109.747813,21.545233],[109.748057,21.574937],[109.773204,21.581855],[109.765147,21.563381],[109.770112,21.551581],[109.783295,21.546373],[109.800548,21.554592],[109.799083,21.498603],[109.802745,21.473334],[109.81422,21.458401],[109.835216,21.480129],[109.827729,21.493109],[109.841401,21.506781],[109.858979,21.482815],[109.944428,21.493109],[109.944428,21.485663],[109.927257,21.479804],[109.924571,21.465033],[109.933442,21.453803],[109.951264,21.458401],[109.904796,21.390692],[109.924083,21.362779],[109.807384,21.355943],[109.799815,21.332913],[109.786876,21.328681],[109.783702,21.348293],[109.765717,21.355943],[109.773936,21.318671],[109.765717,21.287665],[109.773204,21.215399],[109.746674,21.179674],[109.752045,21.16413],[109.720225,21.183417],[109.704356,21.178453],[109.670177,21.123236],[109.699962,21.082994],[109.711681,21.03384],[109.69752,21.040595],[109.678966,20.973863],[109.691254,20.958726],[109.661225,20.927558],[109.665619,20.880927],[109.689464,20.835395],[109.717865,20.807847],[109.704356,20.842027],[109.739024,20.807847],[109.731537,20.855048],[109.745372,20.867662],[109.759532,20.855048],[109.752045,20.842027],[109.773204,20.814114],[109.760265,20.807807],[109.758149,20.792792],[109.773204,20.766913],[109.75644,20.749701],[109.760265,20.729967],[109.786876,20.691148],[109.801036,20.706285],[109.829438,20.707913],[109.854747,20.719916],[109.860444,20.715481],[109.861908,20.708157],[109.841401,20.684394],[109.827729,20.697984],[109.805919,20.679511],[109.775157,20.686184],[109.751557,20.673733],[109.74586,20.629788],[109.77589,20.631334],[109.802013,20.616278],[109.818858,20.589097],[109.821056,20.554633],[109.827729,20.554633],[109.841401,20.595649],[109.848237,20.595649],[109.841401,20.547187],[109.825694,20.542792],[109.822113,20.516547],[109.849701,20.500922],[109.896088,20.49258],[109.917247,20.44477],[109.927013,20.454901],[109.930919,20.506252],[109.943614,20.460679],[109.9581,20.451606],[109.964936,20.478258],[110.009776,20.434231],[110.015473,20.418402],[109.985444,20.372138],[109.982432,20.351549],[109.945811,20.395738],[109.903575,20.431098],[109.896088,20.431098],[109.888031,20.414049],[109.862804,20.406317],[109.889903,20.382717],[109.874115,20.376288],[109.917247,20.352281],[109.928722,20.326361],[109.917247,20.239325],[109.93393,20.244127],[109.950938,20.272162],[109.965831,20.280951],[109.992279,20.286526],[110.005951,20.280341],[110.02711,20.300767],[110.037852,20.301703],[110.057628,20.296373],[110.069835,20.277777],[110.127533,20.247992],[110.187755,20.252997],[110.196625,20.27025],[110.237153,20.27497],[110.280284,20.252997],[110.34433,20.279242],[110.362071,20.304877],[110.40683,20.305162],[110.458507,20.36225],[110.475352,20.39765],[110.502289,20.412746],[110.53419,20.478258],[110.511485,20.527899],[110.478852,20.567694],[110.451671,20.567694],[110.408539,20.585924],[110.391938,20.606757],[110.396983,20.616116],[110.380626,20.633775],[110.371837,20.634345],[110.362804,20.622301],[110.362804,20.643378],[110.339366,20.631537],[110.314464,20.636542],[110.32838,20.652655],[110.328136,20.677558],[110.300792,20.65705],[110.308849,20.683987],[110.337494,20.725816],[110.307628,20.738959],[110.314464,20.746405],[110.307628,20.753241],[110.332123,20.76789],[110.3213,20.794257],[110.341807,20.821519],[110.348643,20.746405],[110.356456,20.732327],[110.383556,20.713446],[110.396983,20.718492],[110.409434,20.750963],[110.40268,20.790107],[110.368988,20.848863],[110.361095,20.835883],[110.348643,20.848863],[110.341807,20.842027],[110.335785,20.858832],[110.319672,20.859931],[110.28712,20.842027],[110.191498,20.835842],[110.191498,20.848863],[110.170421,20.848863],[110.164154,20.842027],[110.156749,20.848863],[110.161876,20.862209],[110.156749,20.876776],[110.177257,20.862494],[110.149262,20.923977],[110.154796,20.977281],[110.143077,20.992255],[110.156749,20.986029],[110.184093,21.03384],[110.195567,21.071275],[110.2046,21.082221],[110.205577,21.049384],[110.218842,21.027574],[110.269298,21.089179],[110.333751,21.11636],[110.347423,21.133205],[110.394054,21.162543],[110.399425,21.176581],[110.408214,21.238023],[110.384858,21.271064],[110.362804,21.287665],[110.366303,21.306098],[110.3567,21.319159],[110.328136,21.335517],[110.328136,21.342271],[110.344981,21.338853],[110.38266,21.321845],[110.376475,21.335517],[110.389496,21.328681],[110.394379,21.364],[110.35849,21.435736],[110.389496,21.452135],[110.368988,21.424872],[110.400971,21.38703],[110.419526,21.377427],[110.437348,21.397528],[110.42392,21.34162],[110.43393,21.308783],[110.465343,21.348538],[110.465343,21.328681],[110.486339,21.335517],[110.486339,21.328681],[110.444835,21.307563],[110.444835,21.301337],[110.466075,21.296088],[110.486339,21.301337],[110.478852,21.273383],[110.437348,21.293891],[110.424327,21.287665],[110.437348,21.273383],[110.425792,21.269232],[110.437348,21.239244],[110.424327,21.191474],[110.431163,21.191474],[110.481456,21.21719],[110.588715,21.225572],[110.575206,21.246731],[110.616954,21.229682],[110.636485,21.23017],[110.643321,21.252916],[110.615733,21.301215],[110.61671,21.345404],[110.63559,21.381049],[110.727306,21.418891],[110.76002,21.444729],[110.766368,21.444729],[110.755382,21.413398],[110.692393,21.399156],[110.671641,21.381293],[110.636485,21.370266],[110.631847,21.355373],[110.643321,21.321845],[110.655528,21.34276],[110.677582,21.348538],[110.662852,21.337226],[110.654796,21.314602],[110.65089,21.260403],[110.657074,21.260403],[110.67628,21.309638],[110.704845,21.348538],[110.768158,21.397528],[110.806163,21.401597],[110.869884,21.383246],[110.965912,21.432847],[110.992931,21.424872],[111.043712,21.469387],[111.068614,21.472642],[111.058604,21.4831],[111.042247,21.484565],[111.026866,21.479315],[111.008149,21.449897],[110.979747,21.444729],[111.013927,21.485663],[111.002208,21.489936],[110.985932,21.513617],[111.023285,21.527818],[111.027599,21.54092],[111.07545,21.513617],[111.079356,21.49787],[111.08839,21.493109],[111.12379,21.506781],[111.129975,21.499335],[111.129975,21.493109],[111.08839,21.480129],[111.08839,21.472642],[111.143647,21.465806],[111.226329,21.499335],[111.198822,21.507799],[111.171641,21.499335],[111.164968,21.506008],[111.171641,21.513617],[111.15797,21.513617],[111.15797,21.520453],[111.192393,21.531195],[111.30128,21.499335],[111.269054,21.452135],[111.25294,21.444729],[111.267345,21.439358],[111.292491,21.450629],[111.362804,21.506781],[111.404307,21.526679],[111.376475,21.532701],[111.349701,21.526679],[111.362804,21.541205],[111.437999,21.534084],[111.411143,21.568264],[111.432221,21.602973],[111.444102,21.563625],[111.455333,21.551174],[111.472667,21.554592],[111.467133,21.529446],[111.476085,21.513617],[111.504487,21.518215],[111.521007,21.534084],[111.537852,21.520453],[111.595551,21.534084],[111.582042,21.555487],[111.581879,21.581855],[111.606456,21.544623],[111.630463,21.529853],[111.651378,21.54092],[111.69044,21.603827],[111.712901,21.62344],[111.728363,21.61636],[111.787934,21.616034],[111.772472,21.635199],[111.746918,21.643948],[111.773692,21.650133],[111.779633,21.675442],[111.76059,21.725816],[111.695567,21.76142],[111.678071,21.781155],[111.757904,21.753323],[111.787934,21.759996],[111.793956,21.744534],[111.806895,21.743313],[111.835053,21.766832],[111.829356,21.728705],[111.836192,21.716986],[111.849376,21.725816],[111.860606,21.721503],[111.875336,21.709703],[111.87672,21.698554],[111.85377,21.707424],[111.842296,21.699042],[111.838878,21.678127],[111.867931,21.676703],[111.904145,21.701728],[111.905772,21.715888],[112.000255,21.774319],[111.946381,21.785875],[111.904063,21.815253],[111.890636,21.867377],[111.890391,21.925116],[111.934093,21.890448],[111.969249,21.824042],[111.993175,21.834174],[112.04127,21.884182],[112.037364,21.862494],[112.007091,21.818671],[112.013031,21.804389],[112.028168,21.797349],[112.085541,21.796088],[112.172699,21.814439],[112.192638,21.843166],[112.203136,21.806708],[112.182384,21.752997],[112.226817,21.729641],[112.244884,21.706529],[112.286225,21.708808],[112.363292,21.733344],[112.38795,21.75609],[112.40211,21.801418],[112.401134,21.83747],[112.388438,21.86225],[112.390636,21.90119],[112.356537,21.979722],[112.364838,22.034491],[112.378184,22.058417],[112.397472,22.068508],[112.376313,21.986558],[112.390636,21.955512],[112.404796,21.942857],[112.43629,21.945624],[112.493663,21.966132],[112.481456,21.944648],[112.424164,21.917792],[112.411143,21.90119],[112.426036,21.84516],[112.443207,21.828437],[112.550873,21.772854],[112.579112,21.766832],[112.608002,21.775092],[112.633067,21.795803],[112.647553,21.822659],[112.645112,21.849351],[112.685557,21.869859],[112.70045,21.890326],[112.730479,21.890326],[112.743744,21.931952],[112.788585,21.951809],[112.800385,21.94717],[112.82602,21.966132],[112.851573,21.94831],[112.879405,21.87519],[112.911586,21.856291],[112.957081,21.875653],[112.979584,21.90119],[112.98935,21.937323],[113.02562,21.949425],[113.016105,22.057712],[113.020638,22.125978],[113.026614,22.143212],[113.057893,22.121094],[113.07729,22.147267],[113.085053,22.207587],[113.110606,22.219306],[113.113292,22.187405],[113.127452,22.160956],[113.118244,22.143746],[113.124522,22.13109],[113.110606,22.099189],[113.118857,22.065838],[113.157467,22.0247],[113.194692,22.046395],[113.230561,22.043158],[113.247162,22.054267],[113.25587,22.082668],[113.246593,22.103461],[113.250987,22.115668],[113.263438,22.13703],[113.282237,22.145413],[113.302745,22.183295],[113.32545,22.183661],[113.350841,22.171536],[113.401971,22.179574],[113.328506,22.268476],[113.227306,22.425279],[113.160167,22.487616],[113.165294,22.575588],[113.231944,22.479071],[113.255626,22.403876],[113.276378,22.372056],[113.357026,22.301907],[113.364513,22.267768],[113.411876,22.225531],[113.425629,22.186225],[113.459214,22.158004],[113.483745,22.155142],[113.529877,22.202257],[113.52296,22.213039],[113.538585,22.221747],[113.552857,22.219006],[113.561196,22.23373],[113.587655,22.237882],[113.589987,22.253415],[113.57721,22.266637],[113.573578,22.300727],[113.592296,22.316148],[113.610362,22.370185],[113.558116,22.380764],[113.546355,22.437585],[113.562511,22.480414],[113.594738,22.52339],[113.59917,22.57518],[113.563844,22.614444],[113.553043,22.638472],[113.476329,22.699856],[113.466319,22.716498],[113.39503,22.748196],[113.377533,22.767401],[113.439545,22.739447],[113.451915,22.755113],[113.494233,22.774848],[113.440033,22.804145],[113.367931,22.880683],[113.350434,22.889716],[113.292247,22.877265],[113.258067,22.897773],[113.212983,22.904527],[113.212983,22.912014],[113.307628,22.89411],[113.429942,22.931342],[113.473725,22.918199],[113.483979,22.924262],[113.480968,22.935696],[113.503844,22.989833],[113.502312,23.020424],[113.481212,23.0515],[113.419281,23.065497],[113.398692,23.083319],[113.417491,23.096991],[113.509125,23.062161],[113.536876,23.075019],[113.542003,23.086412],[113.626475,23.117987],[113.67392,23.150458],[113.703136,23.157782],[113.813243,23.129788],[113.830089,23.117499],[113.784434,23.131741],[113.758067,23.121568],[113.720225,23.137926],[113.582123,23.098456],[113.536388,23.063137],[113.528819,23.01081],[113.542003,22.986518],[113.553966,22.987616],[113.583018,23.021226],[113.576182,22.938707],[113.586681,22.953559],[113.599213,23.009223],[113.617198,23.034898],[113.595063,22.94477],[113.59669,22.918199],[113.61671,23.00788],[113.630707,23.034898],[113.638194,23.034898],[113.592296,22.889065],[113.596039,22.880561],[113.610362,22.904527],[113.605561,22.847235],[113.617198,22.836249],[113.610118,22.862047],[113.617198,22.890286],[113.662608,22.798082],[113.653575,22.758734],[113.672374,22.746894],[113.712169,22.763332],[113.758067,22.753404],[113.772934,22.672448],[113.793568,22.661614],[113.799157,22.631001],[113.822358,22.587226],[113.893891,22.521145],[113.866155,22.511493],[113.874363,22.478184],[113.890345,22.452712],[113.91033,22.485826],[113.947758,22.490406],[113.951939,22.523841],[113.963796,22.538113],[114.055268,22.506944],[114.058442,22.516995],[114.091464,22.534388],[114.117096,22.527567],[114.128878,22.538109],[114.148722,22.538109],[114.161951,22.560536],[114.229828,22.555813],[114.276215,22.587958],[114.30714,22.585435],[114.305349,22.594184],[114.317149,22.602362],[114.324555,22.598538],[114.328461,22.605455],[114.340261,22.597886],[114.395763,22.613511],[114.424327,22.601671],[114.440359,22.568671],[114.45574,22.570502],[114.479584,22.54621],[114.48699,22.521918],[114.47641,22.509426],[114.476817,22.489895],[114.485118,22.468329],[114.501557,22.452094],[114.515816,22.452643],[114.542162,22.477993],[114.570532,22.484291],[114.617686,22.514146],[114.611583,22.528713],[114.543224,22.569403],[114.529552,22.555121],[114.509288,22.549547],[114.495372,22.561957],[114.529145,22.598334],[114.560883,22.608791],[114.590343,22.643866],[114.58253,22.65526],[114.548216,22.644541],[114.506607,22.646523],[114.499576,22.653114],[114.52378,22.687214],[114.522065,22.705959],[114.552338,22.694525],[114.571096,22.702354],[114.563324,22.732733],[114.637787,22.755072],[114.645484,22.767006],[114.695481,22.792642],[114.716732,22.790803],[114.734141,22.775784],[114.754893,22.781684],[114.775238,22.815823],[114.816954,22.800389],[114.821252,22.79056],[114.813243,22.774848],[114.752545,22.749662],[114.741951,22.732653],[114.738879,22.710647],[114.753778,22.693385],[114.74999,22.678724],[114.73745,22.669046],[114.743776,22.609404],[114.754145,22.589714],[114.774609,22.597693],[114.806416,22.592509],[114.832229,22.602077],[114.865816,22.601745],[114.88682,22.590872],[114.889234,22.572894],[114.880215,22.559113],[114.895966,22.547524],[114.919119,22.561155],[114.905213,22.57844],[114.901938,22.598057],[114.938731,22.657294],[114.966629,22.676487],[114.926726,22.71693],[114.909996,22.723615],[114.902858,22.713934],[114.890447,22.714055],[114.880736,22.72147],[114.881873,22.747523],[114.862524,22.763216],[114.889059,22.763748],[114.916759,22.744045],[114.926768,22.761176],[114.941661,22.753852],[114.95467,22.703544],[114.985342,22.689309],[114.998772,22.702201],[115.028903,22.708377],[115.017828,22.737044],[115.065475,22.795985],[115.132878,22.811454],[115.150566,22.809634],[115.158273,22.792417],[115.180271,22.784806],[115.172944,22.821194],[115.196013,22.831898],[115.245616,22.835354],[115.303803,22.903022],[115.317149,22.904527],[115.309418,22.869371],[115.324799,22.859565],[115.32016,22.850531],[115.232767,22.80534],[115.233391,22.788209],[115.33057,22.78854],[115.363994,22.763645],[115.386241,22.782904],[115.411208,22.788268],[115.424133,22.761993],[115.388927,22.746894],[115.350678,22.746894],[115.338471,22.7331],[115.373508,22.694177],[115.421264,22.690236],[115.438265,22.700599],[115.464818,22.701034],[115.536156,22.668123],[115.575219,22.668336],[115.56422,22.684882],[115.562511,22.705634],[115.590099,22.737209],[115.586192,22.745103],[115.567321,22.747281],[115.555588,22.71437],[115.523936,22.741767],[115.527017,22.767042],[115.538966,22.788904],[115.612071,22.863593],[115.559418,22.836086],[115.505626,22.849311],[115.468028,22.849311],[115.468028,22.856757],[115.494151,22.860785],[115.496104,22.880316],[115.483002,22.901842],[115.464203,22.912014],[115.446137,22.89997],[115.427257,22.900621],[115.406016,22.925035],[115.430186,22.918199],[115.450938,22.931871],[115.505626,22.897773],[115.547618,22.895413],[115.53297,22.862047],[115.539887,22.852932],[115.560557,22.849311],[115.577891,22.877265],[115.653331,22.893744],[115.691987,22.929023],[115.730317,22.934231],[115.721283,22.904527],[115.70517,22.907375],[115.692638,22.900092],[115.682465,22.88817],[115.684266,22.877779],[115.703581,22.869323],[115.697036,22.850671],[115.73687,22.851673],[115.804779,22.81509],[115.813569,22.776272],[115.795014,22.800279],[115.788039,22.797842],[115.797812,22.75445],[115.81003,22.746091],[115.825956,22.746644],[115.843212,22.770025],[115.883497,22.794619],[115.903738,22.789376],[115.933263,22.805994],[115.958014,22.804743],[115.996718,22.836684],[116.076178,22.867871],[116.087254,22.889694],[116.041881,22.922321],[116.042105,22.932918],[116.123721,22.894729],[116.091253,22.86841],[116.084672,22.849765],[116.09569,22.8259],[116.14491,22.847823],[116.170989,22.864465],[116.221009,22.91901],[116.281458,22.957857],[116.269379,22.96662],[116.234874,22.960273],[116.20102,22.973456],[116.213634,22.982815],[116.26226,22.973737],[116.289064,22.978943],[116.298487,22.963247],[116.379607,22.928984],[116.45851,22.94742],[116.494688,22.939352],[116.518474,22.967456],[116.521936,22.998411],[116.56325,23.018774],[116.548496,23.066402],[116.551656,23.086724],[116.533648,23.109135],[116.545121,23.144775],[116.569916,23.177692],[116.601496,23.196581],[116.604504,23.209557],[116.602949,23.217738],[116.563975,23.222968],[116.526988,23.200621],[116.509288,23.216376],[116.508881,23.234117],[116.569976,23.246973],[116.61151,23.23873],[116.618148,23.221479],[116.615216,23.178349],[116.646755,23.162991],[116.671166,23.214639],[116.715099,23.243801],[116.708995,23.258531],[116.667247,23.281317],[116.705577,23.276597],[116.783946,23.212388],[116.804822,23.236122],[116.77711,23.240383],[116.765631,23.297351],[116.748635,23.326288],[116.730112,23.330754],[116.727074,23.316116],[116.709414,23.31977],[116.69124,23.338977],[116.660976,23.337223],[116.641889,23.318835],[116.587983,23.316107],[116.573009,23.323676],[116.523204,23.377509],[116.523204,23.418524],[116.543224,23.42121],[116.56894,23.391018],[116.657844,23.354452],[116.692882,23.359931],[116.773224,23.349432],[116.866628,23.450233],[116.872621,23.473807],[116.849701,23.511298],[116.883311,23.559638],[116.884044,23.586615],[116.872081,23.606879],[116.900727,23.634263],[116.916515,23.662746],[116.940929,23.658677],[116.917572,23.637926],[116.950705,23.610883],[116.965072,23.615438],[116.985356,23.640228],[117.018321,23.647895],[117.023448,23.658677],[117.068413,23.651273],[117.077881,23.63883],[117.084228,23.550606],[117.12846,23.572354],[117.15083,23.606867],[117.219201,23.629628],[117.208507,23.664944],[117.229503,23.692816],[117.24409,23.657548],[117.235538,23.639819],[117.238964,23.605473],[117.257093,23.615616],[117.279122,23.636268],[117.263649,23.655425],[117.276242,23.687743],[117.271921,23.721306],[117.292328,23.762152],[117.277354,23.782213],[117.292572,23.789496],[117.319102,23.761623],[117.345551,23.768541],[117.368907,23.792629],[117.382416,23.795233],[117.434331,23.775922],[117.463477,23.788287],[117.490073,23.832579],[117.499596,23.874072],[117.468516,23.911933],[117.409679,23.913398],[117.407074,23.933051],[117.416596,23.946845],[117.454845,23.925605],[117.537364,23.919379],[117.571056,23.903266],[117.598155,23.852444],[117.602012,23.798949],[117.587462,23.77778],[117.591669,23.737064],[117.639269,23.794102],[117.626008,23.812233],[117.625536,23.840153],[117.648633,23.909234],[117.695079,23.953559],[117.688487,23.997504],[117.708751,24.035468],[117.679698,24.039049],[117.667084,24.06273],[117.724132,24.033759],[117.750011,24.037299],[117.757091,24.070258],[117.763276,24.070258],[117.776134,24.037299],[117.757091,24.024888],[117.761729,24.014838],[117.786469,24.028144],[117.798106,24.021796],[117.791352,24.001532],[117.737885,23.950507],[117.729259,23.919379],[117.736583,23.908108],[117.748057,23.907538],[117.758637,23.915473],[117.771983,23.95893],[117.839122,24.023627],[117.862315,24.035224],[117.893647,24.028022],[117.899425,24.040188],[117.895763,24.086615],[117.937755,24.161689],[117.932384,24.17829],[117.907319,24.186265],[117.943614,24.212592],[117.958507,24.20307],[117.967865,24.159817],[117.97877,24.162095],[117.989268,24.193101],[118.023936,24.206732],[118.071788,24.254584],[118.084727,24.249091],[118.126475,24.26203],[118.11964,24.299262],[118.102306,24.314276],[118.090587,24.341457],[118.052989,24.34691],[118.024181,24.323554],[118.01588,24.32685],[118.023936,24.350775],[118.040782,24.365627],[118.042979,24.406684],[118.030121,24.412828],[117.98935,24.394761],[117.907319,24.384914],[117.874604,24.396308],[117.79127,24.460639],[117.79127,24.467475],[117.815684,24.471625],[117.901134,24.453192],[117.884858,24.468655],[117.825938,24.480455],[117.867686,24.489569],[117.996104,24.446967],[118.021739,24.445746],[117.999522,24.470852],[118.009369,24.485541],[118.036713,24.490871],[118.058116,24.515855],[118.020763,24.536566],[117.97877,24.542548],[117.974864,24.55272],[118.009288,24.580715],[118.00294,24.562445],[118.021088,24.554999],[118.037364,24.560614],[118.04477,24.575995],[118.036957,24.597805],[118.044444,24.617662],[118.110362,24.584052],[118.137462,24.633775],[118.141449,24.656968],[118.157481,24.662665],[118.160492,24.693427],[118.187592,24.657375],[118.174327,24.624498],[118.21518,24.614814],[118.215831,24.60399],[118.181651,24.597805],[118.181163,24.576117],[118.194347,24.556464],[118.219005,24.541449],[118.241791,24.543769],[118.249848,24.576117],[118.27296,24.574408],[118.284028,24.597805],[118.351654,24.582343],[118.404796,24.606635],[118.421886,24.624498],[118.40089,24.672309],[118.431244,24.699693],[118.434662,24.659003],[118.428071,24.631334],[118.501231,24.60814],[118.578136,24.560207],[118.554454,24.553209],[118.553966,24.518052],[118.620453,24.545478],[118.661469,24.590318],[118.664154,24.61225],[118.640229,24.616929],[118.633556,24.627875],[118.6421,24.678697],[118.654063,24.693427],[118.685395,24.66649],[118.732026,24.716457],[118.746837,24.720689],[118.76295,24.762681],[118.743419,24.775336],[118.719981,24.769355],[118.715099,24.798326],[118.701752,24.810045],[118.686534,24.792792],[118.667735,24.782172],[118.643809,24.782213],[118.63795,24.772121],[118.617931,24.805325],[118.619884,24.843573],[118.612804,24.85578],[118.572032,24.885199],[118.624115,24.867825],[118.671153,24.874661],[118.673432,24.886623],[118.640391,24.915595],[118.667735,24.953437],[118.68808,24.926174],[118.688813,24.895738],[118.69752,24.906806],[118.695567,24.940416],[118.729503,24.900539],[118.729747,24.885199],[118.707774,24.877265],[118.69809,24.859524],[118.716075,24.843573],[118.780121,24.867825],[118.777599,24.885199],[118.792084,24.891099],[118.825938,24.877753],[118.86671,24.891018],[118.89796,24.8758],[118.951996,24.870754],[118.976166,24.877753],[118.973237,24.893785],[118.969981,24.898871],[118.934174,24.886054],[118.909923,24.907172],[118.901134,24.937812],[118.911632,24.953437],[118.963715,24.954413],[118.977061,24.934027],[119.009044,24.947333],[119.01767,24.960273],[118.997325,24.953437],[118.983246,24.995103],[119.004161,25.050238],[118.997325,25.053534],[118.979991,25.011786],[118.953705,25.002997],[118.928315,25.014879],[118.935151,25.022366],[118.87794,25.040717],[118.849132,25.073798],[118.857677,25.098049],[118.942963,25.108832],[118.948985,25.136949],[118.97462,25.182563],[118.948253,25.19717],[118.915294,25.179389],[118.911143,25.217231],[118.864838,25.227973],[118.87558,25.243842],[118.896495,25.257514],[118.983653,25.283026],[119.027298,25.278238],[119.024946,25.259289],[118.979991,25.244859],[118.96933,25.226386],[119.03476,25.227769],[119.068858,25.216742],[119.069102,25.203681],[119.034028,25.158677],[119.029063,25.14053],[119.044444,25.124742],[119.053233,25.15762],[119.064708,25.162543],[119.079194,25.152086],[119.064789,25.124742],[119.099132,25.111151],[119.08546,25.124742],[119.093272,25.135647],[119.1338,25.124742],[119.153087,25.139716],[119.1338,25.138414],[119.10418,25.182948],[119.101794,25.196634],[119.116096,25.213782],[119.141975,25.220978],[119.175629,25.1765],[119.229376,25.193215],[119.255626,25.175897],[119.281261,25.179389],[119.288829,25.189114],[119.272472,25.231757],[119.281261,25.241441],[119.344249,25.242377],[119.352875,25.25849],[119.347504,25.267768],[119.318858,25.279364],[119.291352,25.316596],[119.29835,25.316596],[119.277843,25.330227],[119.273692,25.31859],[119.265147,25.317572],[119.243012,25.330227],[119.225841,25.27969],[119.201264,25.259711],[119.181488,25.289252],[119.223155,25.316596],[119.20338,25.35814],[119.195323,25.35814],[119.192393,25.342027],[119.173188,25.325141],[119.156993,25.362616],[119.10255,25.420315],[119.18336,25.464993],[119.237804,25.481757],[119.268809,25.526923],[119.277843,25.570461],[119.321381,25.587348],[119.305186,25.60456],[119.343028,25.609198],[119.356293,25.600043],[119.352875,25.584662],[119.360362,25.577297],[119.38087,25.590888],[119.356049,25.550727],[119.356537,25.526923],[119.449067,25.505276],[119.433116,25.45954],[119.447032,25.438788],[119.466156,25.47484],[119.507335,25.474433],[119.490733,25.446926],[119.504242,25.429877],[119.483246,25.371161],[119.544444,25.377183],[119.558197,25.404608],[119.535981,25.419135],[119.538585,25.461168],[119.552094,25.453762],[119.57602,25.467353],[119.59311,25.439439],[119.577973,25.418687],[119.599864,25.371161],[119.579438,25.344468],[119.654552,25.35814],[119.620372,25.364976],[119.646007,25.392564],[119.634125,25.433254],[119.614024,25.438788],[119.628022,25.461371],[119.599864,25.47484],[119.603608,25.491156],[119.572602,25.48786],[119.572602,25.494696],[119.599864,25.508368],[119.566417,25.515815],[119.583018,25.51732],[119.59311,25.529486],[119.572276,25.533433],[119.56837,25.547431],[119.579438,25.584662],[119.558442,25.563788],[119.534434,25.575873],[119.517345,25.556789],[119.492442,25.564765],[119.481049,25.580471],[119.483246,25.625678],[119.467052,25.613918],[119.449067,25.687161],[119.477061,25.679674],[119.517345,25.690172],[119.522797,25.705797],[119.535411,25.705878],[119.572602,25.679674],[119.589936,25.687161],[119.596446,25.731513],[119.62086,25.760321],[119.606049,25.769029],[119.607921,25.805162],[119.583018,25.820217],[119.577891,25.862372],[119.566417,25.872056],[119.574229,25.884914],[119.584076,25.876939],[119.599864,25.844184],[119.616466,25.892646],[119.654307,25.906928],[119.675059,25.926093],[119.702403,25.985053],[119.695404,26.002631],[119.675059,26.022284],[119.648448,26.015448],[119.566417,26.050238],[119.519054,26.044501],[119.504242,26.035956],[119.490001,25.994208],[119.440929,25.963813],[119.377533,25.941392],[119.329845,25.944281],[119.246837,25.967231],[119.243012,25.995022],[119.208995,26.043402],[119.19516,26.087592],[119.181488,26.098619],[119.157319,26.090766],[119.093516,26.145819],[119.161143,26.11164],[119.215831,26.100084],[119.27711,26.052924],[119.326915,26.048041],[119.41505,26.009263],[119.435557,25.98135],[119.458507,25.982489],[119.561127,26.124986],[119.599864,26.145819],[119.591807,26.166409],[119.600108,26.176337],[119.613536,26.182196],[119.636974,26.211656],[119.668224,26.221503],[119.668224,26.242011],[119.634125,26.255072],[119.654307,26.272406],[119.764415,26.296617],[119.792735,26.284084],[119.805431,26.290432],[119.784923,26.296617],[119.801117,26.317572],[119.826752,26.328355],[119.854747,26.327541],[119.877452,26.313381],[119.949962,26.364936],[119.949962,26.372301],[119.894786,26.35871],[119.840099,26.378567],[119.851329,26.392808],[119.825776,26.426947],[119.791759,26.40648],[119.7706,26.364936],[119.754405,26.372056],[119.747081,26.327623],[119.681895,26.317125],[119.688731,26.337592],[119.665294,26.340155],[119.655528,26.355618],[119.654307,26.429023],[119.648448,26.437445],[119.63087,26.448717],[119.616303,26.437405],[119.57309,26.437812],[119.566417,26.454901],[119.5796,26.470893],[119.599864,26.474799],[119.620372,26.467963],[119.653656,26.498033],[119.689789,26.459459],[119.737641,26.443671],[119.752045,26.431464],[119.761974,26.407457],[119.791759,26.413316],[119.791759,26.433783],[119.812266,26.433783],[119.818858,26.453192],[119.802257,26.489447],[119.784923,26.502021],[119.798595,26.515774],[119.779145,26.520697],[119.76588,26.534369],[119.761729,26.550727],[119.7706,26.564114],[119.784923,26.550482],[119.784923,26.577826],[119.73642,26.591457],[119.742931,26.601752],[119.735199,26.611965],[119.700938,26.608588],[119.675059,26.618801],[119.599864,26.57038],[119.592377,26.590888],[119.55421,26.61518],[119.541108,26.656317],[119.55893,26.666571],[119.599864,26.646064],[119.606049,26.694525],[119.595958,26.703315],[119.55893,26.708197],[119.552094,26.749091],[119.579438,26.776435],[119.575531,26.788031],[119.606049,26.796942],[119.621837,26.78677],[119.626557,26.749091],[119.646007,26.753323],[119.696137,26.708197],[119.724946,26.697821],[119.727387,26.717922],[119.677989,26.763129],[119.67628,26.785875],[119.685802,26.811998],[119.692393,26.817369],[119.712006,26.807929],[119.732677,26.763414],[119.730235,26.742906],[119.756196,26.737738],[119.7706,26.759019],[119.765229,26.794094],[119.781993,26.828518],[119.79835,26.841376],[119.846283,26.8522],[119.834809,26.832506],[119.797374,26.816392],[119.791759,26.790025],[119.815766,26.797593],[119.840099,26.790025],[119.802257,26.766791],[119.791759,26.68769],[119.829194,26.714993],[119.85377,26.68769],[119.856944,26.65351],[119.879649,26.655341],[119.901622,26.659735],[119.888031,26.687242],[119.924083,26.732489],[119.935639,26.759019],[119.925141,26.792182],[120.079682,26.796942],[120.031993,26.728583],[120.032319,26.71662],[120.011485,26.721177],[119.976817,26.674018],[119.984141,26.65351],[119.928966,26.625637],[119.8685,26.610053],[119.85377,26.598293],[119.85377,26.564114],[119.835948,26.56151],[119.832612,26.550482],[119.835704,26.531399],[119.847179,26.523627],[119.884288,26.523179],[119.935639,26.560452],[119.941173,26.593329],[119.959972,26.611274],[120.014903,26.611274],[120.079682,26.646064],[120.086681,26.639228],[120.076508,26.630113],[120.080414,26.617418],[120.134369,26.646064],[120.134369,26.65351],[120.120697,26.646064],[120.102061,26.689154],[120.107677,26.701321],[120.143565,26.71011],[120.148692,26.721177],[120.142833,26.732815],[120.10019,26.742906],[120.097748,26.75849],[120.128184,26.796942],[120.047618,26.823228],[120.024506,26.837877],[120.025157,26.860175],[120.055268,26.88939],[120.031993,26.899888],[120.095551,26.887274],[120.120697,26.899888],[120.113617,26.918769],[120.125743,26.927314],[120.168468,26.927232],[120.219086,26.915432],[120.237397,26.927232],[120.229991,26.940904],[120.243663,26.955146],[120.235688,26.966376],[120.187022,26.963528],[120.148692,26.981879],[120.229991,26.989325],[120.237397,26.981879],[120.255219,26.997056],[120.255626,27.017524],[120.241547,27.034003],[120.216319,27.037095],[120.216319,27.043931],[120.257823,27.072659],[120.271495,27.057563],[120.278331,27.063788],[120.243663,27.132717],[120.262055,27.12995],[120.282725,27.112291],[120.377533,27.098578],[120.39503,27.106024],[120.373871,27.106024],[120.381358,27.119045],[120.367035,27.12523],[120.373871,27.132717],[120.381358,27.12523],[120.40797,27.132717],[120.40797,27.139553],[120.373871,27.146959],[120.421723,27.146959],[120.369884,27.187486],[120.34726,27.180487],[120.365489,27.209621],[120.364838,27.225084],[120.34726,27.24258],[120.339854,27.228909],[120.333588,27.235093],[120.306407,27.215277],[120.256602,27.256903],[120.209483,27.235093],[120.201915,27.217841],[120.182384,27.216864],[120.175304,27.238837],[120.195811,27.263007],[120.195811,27.297797],[120.225678,27.268622],[120.243663,27.290351],[120.223725,27.311469],[120.258556,27.299994],[120.271495,27.304023],[120.264008,27.324449],[120.285167,27.304023],[120.31186,27.317694],[120.309093,27.303941],[120.298839,27.297797],[120.319347,27.290351],[120.288097,27.264472],[120.292003,27.249416],[120.303071,27.242255],[120.34726,27.249416],[120.376231,27.236274],[120.406749,27.184231],[120.42921,27.173651],[120.421723,27.222073],[120.459727,27.220445],[120.468354,27.182196],[120.517833,27.201606],[120.508149,27.21601],[120.525971,27.238837],[120.517833,27.263007],[120.543956,27.285956],[120.549327,27.321031],[120.53419,27.333197],[120.504893,27.338772],[120.504893,27.344957],[120.527354,27.349799],[120.539643,27.36522],[120.545909,27.403266],[120.635265,27.379706],[120.648936,27.400214],[120.636241,27.416002],[120.646495,27.444485],[120.665619,27.451728],[120.681977,27.481594],[120.67685,27.494615],[120.661957,27.503241],[120.618459,27.516421],[120.596574,27.570283],[120.63559,27.60871],[120.666484,27.625358],[120.675629,27.659654],[120.667577,27.66806],[120.680181,27.686379],[120.672455,27.711493],[120.636729,27.745836],[120.635265,27.763332],[120.704255,27.712839],[120.722614,27.71591],[120.796018,27.80537],[120.807486,27.834827],[120.852272,27.858192],[120.868364,27.882559],[120.863762,27.918106],[120.84726,27.948961],[120.835297,27.955959],[120.75058,27.975572],[120.707286,28.009711],[120.673595,28.021715],[120.588959,28.026679],[120.580089,28.046129],[120.58017,28.089789],[120.559581,28.112779],[120.576996,28.115627],[120.59018,28.054389],[120.606049,28.042222],[120.661957,28.044501],[120.731049,28.035834],[120.781098,28.002387],[120.819591,27.989244],[120.879975,27.998725],[120.921397,27.981676],[120.965228,27.987145],[120.993512,28.025779],[121.009378,28.103133],[121.053385,28.148163],[121.085836,28.166504],[121.124753,28.23552],[121.130095,28.265929],[121.121803,28.284362],[121.058116,28.279934],[121.039561,28.285346],[121.024994,28.304592],[121.066661,28.311428],[121.072113,28.291693],[121.13025,28.305554],[121.144298,28.343573],[121.168956,28.359768],[121.161632,28.377509],[121.168956,28.384833],[121.214122,28.360582],[121.264659,28.366034],[121.244151,28.349107],[121.21754,28.352362],[121.203136,28.331855],[121.236827,28.306098],[121.248871,28.270209],[121.225165,28.238863],[121.261695,28.225791],[121.287852,28.180894],[121.309337,28.174872],[121.330089,28.147528],[121.345795,28.145168],[121.374034,28.172593],[121.374522,28.195258],[121.354015,28.187893],[121.364838,28.225816],[121.416026,28.256171],[121.418793,28.269721],[121.395518,28.284084],[121.408946,28.304918],[121.436046,28.297105],[121.441254,28.311713],[121.473086,28.330603],[121.499986,28.332673],[121.541491,28.321787],[121.580577,28.300849],[121.578136,28.260321],[121.585541,28.256822],[121.621349,28.285102],[121.656342,28.339301],[121.647716,28.348456],[121.634044,28.347235],[121.632263,28.379446],[121.607463,28.420319],[121.583777,28.442946],[121.584439,28.454215],[121.607743,28.477203],[121.584601,28.489102],[121.511567,28.489488],[121.521007,28.501044],[121.581619,28.50469],[121.538433,28.571446],[121.510128,28.657059],[121.454845,28.689521],[121.413829,28.696601],[121.381358,28.681952],[121.365001,28.696031],[121.258393,28.675116],[121.298676,28.701239],[121.299327,28.722886],[121.285899,28.738267],[121.231212,28.760159],[121.206065,28.799058],[121.159679,28.813544],[121.142345,28.845852],[121.173595,28.817857],[121.214447,28.807318],[121.237885,28.763861],[121.290294,28.751614],[121.32016,28.72484],[121.351166,28.711859],[121.502778,28.700385],[121.605561,28.724677],[121.62143,28.735907],[121.618256,28.761949],[121.642589,28.784003],[121.662608,28.790595],[121.662608,28.798041],[121.635753,28.798041],[121.635753,28.804836],[121.669932,28.825344],[121.641938,28.845852],[121.623546,28.842271],[121.628917,28.877143],[121.61085,28.891181],[121.580577,28.886786],[121.51767,28.912787],[121.504893,28.935207],[121.491791,28.928371],[121.497813,28.949652],[121.516856,28.956366],[121.546479,28.952216],[121.554291,28.935696],[121.570811,28.93008],[121.585297,28.9383],[121.587413,28.963121],[121.605317,28.942572],[121.684174,28.9147],[121.69752,28.936835],[121.717784,28.948798],[121.684174,28.955634],[121.684662,28.967515],[121.659434,28.972724],[121.653819,28.988593],[121.661713,29.002916],[121.689789,29.017076],[121.641938,29.051256],[121.617442,29.039984],[121.557384,29.049018],[121.539561,29.037584],[121.552745,29.028713],[121.548595,29.02143],[121.532074,29.020494],[121.530284,29.051174],[121.536876,29.061184],[121.556407,29.064887],[121.599213,29.050238],[121.614757,29.058051],[121.624604,29.088284],[121.62143,29.113267],[121.401703,29.106513],[121.428315,29.127143],[121.456391,29.133775],[121.456391,29.140611],[121.436046,29.140611],[121.44337,29.147406],[121.408539,29.161119],[121.431407,29.172187],[121.456391,29.161119],[121.480235,29.197211],[121.490977,29.175971],[121.50351,29.178941],[121.511729,29.189276],[121.504893,29.20893],[121.530528,29.238227],[121.536388,29.258287],[121.52589,29.277777],[121.550548,29.27143],[121.574311,29.277777],[121.562022,29.295844],[121.56308,29.304185],[121.574311,29.305121],[121.588715,29.29149],[121.614757,29.206],[121.628917,29.188422],[121.624848,29.301459],[121.640391,29.306627],[121.654552,29.299994],[121.641612,29.267564],[121.639171,29.217271],[121.652458,29.18302],[121.70446,29.174182],[121.724328,29.182035],[121.745697,29.201606],[121.774314,29.253887],[121.777881,29.296384],[121.770844,29.337795],[121.758637,29.359768],[121.786632,29.374498],[121.799653,29.373969],[121.788178,29.328559],[121.799653,29.318793],[121.830658,29.333889],[121.840587,29.318793],[121.799653,29.305121],[121.785347,29.168085],[121.840587,29.161119],[121.893809,29.187079],[121.942963,29.195868],[121.942963,29.223212],[121.957286,29.216376],[121.953217,29.249661],[121.991466,29.25731],[121.974376,29.284613],[121.939952,29.264146],[121.905854,29.284613],[121.900483,29.298651],[121.915782,29.305121],[121.908946,29.318793],[121.931407,29.323879],[121.929454,29.33926],[121.916246,29.348937],[121.921443,29.381303],[121.915729,29.390704],[121.929102,29.408735],[121.922556,29.418146],[121.93629,29.42772],[121.957286,29.408149],[121.970958,29.449123],[121.942719,29.479722],[121.944102,29.497707],[121.912364,29.514309],[121.910411,29.524563],[121.949799,29.538479],[121.941173,29.551174],[121.970958,29.568915],[121.971202,29.593329],[121.915782,29.640855],[121.899644,29.627527],[121.867931,29.627265],[121.854015,29.615912],[121.79612,29.600591],[121.774322,29.575436],[121.748422,29.562567],[121.744965,29.544664],[121.782725,29.543443],[121.813975,29.552151],[121.844819,29.5362],[121.847423,29.524237],[121.830577,29.528062],[121.811988,29.490118],[121.778381,29.469423],[121.764567,29.47665],[121.757223,29.499049],[121.763999,29.530761],[121.731293,29.518012],[121.72462,29.538479],[121.710948,29.538642],[121.642672,29.495218],[121.569641,29.474574],[121.531325,29.417037],[121.50893,29.398349],[121.484864,29.39054],[121.477631,29.412746],[121.511729,29.437567],[121.513682,29.451972],[121.491791,29.455959],[121.504893,29.483832],[121.479747,29.474758],[121.465074,29.420886],[121.442593,29.415369],[121.442711,29.439767],[121.427836,29.467947],[121.455324,29.489355],[121.457019,29.500871],[121.44337,29.524237],[121.458344,29.525214],[121.484386,29.544664],[121.511043,29.548988],[121.52255,29.512922],[121.530822,29.510015],[121.574311,29.552151],[121.59254,29.543606],[121.687348,29.562649],[121.704112,29.572008],[121.776465,29.652625],[121.862448,29.708002],[121.873149,29.753828],[121.885325,29.761284],[121.902171,29.752539],[121.936778,29.791693],[121.983039,29.823176],[122.114755,29.871554],[122.136415,29.884535],[122.129143,29.903777],[122.105887,29.906953],[122.056244,29.887356],[121.935557,29.887356],[121.914876,29.918696],[121.767482,29.973177],[121.721934,29.960517],[121.732344,29.978603],[121.677756,30.000641],[121.658306,30.018389],[121.506847,30.220026],[121.429592,30.292976],[121.377384,30.325064],[121.254102,30.348393],[121.149697,30.325753],[121.109141,30.282782],[120.994395,30.211086],[120.892812,30.169796],[120.82862,30.18499],[120.813487,30.213253],[120.751425,30.225626],[120.646251,30.126939],[120.687999,30.097805],[120.764659,30.096625],[120.783702,30.089301],[120.792247,30.066067],[120.764985,30.086615],[120.723399,30.079739],[120.682465,30.084906],[120.631789,30.122388],[120.63011,30.134972],[120.734401,30.232213],[120.698686,30.251796],[120.651671,30.35927],[120.621606,30.372563],[120.524908,30.377873],[120.450494,30.36886],[120.38472,30.249588],[120.350338,30.240734],[120.295523,30.278726],[120.274387,30.277618],[120.250011,30.270087],[120.230243,30.236035],[120.178966,30.20067],[120.147094,30.198891],[120.195767,30.232888],[120.239778,30.28888],[120.257904,30.298082],[120.316254,30.29092],[120.364555,30.268637],[120.378967,30.273524],[120.407232,30.354236],[120.430315,30.38984],[120.479145,30.403524],[120.619193,30.406096],[120.698148,30.393951],[120.744963,30.359614],[120.753989,30.327062],[120.787433,30.293625],[120.831791,30.30525],[120.888194,30.368557],[120.915131,30.374579],[120.894786,30.401272],[120.928803,30.408108],[120.939545,30.421942],[120.928803,30.45307],[120.931651,30.473049],[120.948891,30.506815],[120.998146,30.557924],[121.0474,30.582757],[121.121349,30.593004],[121.148529,30.627834],[121.202891,30.665107],[121.264659,30.689195],[121.333507,30.70307],[121.410598,30.767388],[121.542937,30.816495],[121.631132,30.836556],[121.907399,30.857086],[121.960075,30.874257],[121.977383,30.914923],[121.95082,30.982081],[121.877025,31.099136],[121.725164,31.281567],[121.631602,31.335761],[121.546235,31.366116],[121.417735,31.452786],[121.36085,31.477484],[121.320323,31.504828],[121.244721,31.600409],[121.144402,31.684658],[121.013764,31.743034],[120.831899,31.777766],[120.748383,31.802232],[120.731456,31.81387],[120.717133,31.86107],[120.751475,31.824693],[120.807752,31.809741],[120.824799,31.828702],[120.750354,31.978336],[120.689952,31.998236],[120.604259,31.991441],[120.517833,32.018744],[120.469493,32.025133],[120.455412,32.021428],[120.455781,31.982519],[120.341171,31.956321],[120.229991,31.908881],[120.178315,31.904202],[120.130951,31.912299],[120.006396,31.950305],[119.855561,32.086982],[119.784923,32.114325],[119.772472,32.126776],[119.763764,32.162502],[119.788585,32.198635],[119.730235,32.210598],[119.69044,32.235338],[119.645274,32.195217],[119.627696,32.189399],[119.606049,32.196926],[119.649018,32.21955],[119.685395,32.292426],[119.660737,32.327216],[119.612885,32.35456],[119.64088,32.358832],[119.692393,32.31977],[119.758067,32.326972],[119.81837,32.313707],[119.842133,32.299058],[119.874278,32.265123],[119.887543,32.213853],[119.900483,32.198188],[119.92213,32.217434],[119.908458,32.138861],[119.912201,32.123725],[119.992035,32.015855],[120.052338,31.970933],[120.131358,31.943183],[120.223725,31.936835],[120.2671,31.948676],[120.361583,32.02558],[120.490758,32.082453],[120.634376,32.07701],[120.743644,32.036045],[120.810802,32.02261],[120.905528,31.925971],[120.919281,31.899359],[120.941417,31.892524],[120.940564,31.844647],[120.950628,31.825236],[120.977817,31.814365],[121.039935,31.819332],[121.115087,31.796334],[121.227864,31.865904],[121.286418,31.890589],[121.494884,31.806464],[121.517426,31.783433],[121.607194,31.748551],[121.675554,31.723573],[121.817306,31.690949],[121.871998,31.690682],[121.914842,31.706434],[121.930383,31.726714],[121.922057,31.754378],[121.874687,31.825903],[121.87496,31.863723],[121.825206,31.92772],[121.821945,31.952486],[121.798644,31.970475],[121.655365,32.062934],[121.530812,32.108519],[121.488048,32.10814],[121.467296,32.121772],[121.44337,32.114325],[121.425141,32.164049],[121.398692,32.168931],[121.36085,32.231635],[121.36671,32.238959],[121.419281,32.250312],[121.389409,32.384948],[121.35414,32.414823],[121.157256,32.495596],[121.120209,32.507392],[121.100841,32.497952],[121.098725,32.521145],[121.086192,32.536038],[120.943887,32.605224],[120.911199,32.630121],[120.906614,32.65971],[120.863868,32.671058],[120.830333,32.697659],[120.840099,32.724514],[120.846934,32.717678],[120.84311,32.703925],[120.860444,32.689765],[120.852387,32.756008],[120.880308,32.772032],[120.904796,32.812649],[120.907807,32.843899],[120.888682,32.962714],[120.895763,33.013577],[120.890147,33.026109],[120.867442,33.032375],[120.825938,33.030178],[120.81894,33.09219],[120.812511,33.10578],[120.792247,33.10871],[120.806977,33.137763],[120.785248,33.165025],[120.730235,33.204901],[120.7435,33.208645],[120.744395,33.224107],[120.730235,33.242133],[120.747569,33.255805],[120.750255,33.269599],[120.695079,33.293158],[120.667247,33.3251],[120.655772,33.413153],[120.634369,33.466946],[120.573253,33.533271],[120.525971,33.610663],[120.483735,33.64997],[120.495128,33.662177],[120.511729,33.656724],[120.504893,33.735582],[120.498302,33.753323],[120.449718,33.786444],[120.450938,33.8015],[120.431407,33.846015],[120.399669,33.86933],[120.398448,33.878974],[120.412608,33.887519],[120.413341,33.897366],[120.38502,33.970404],[120.371349,34.036038],[120.325224,34.111298],[120.324966,34.136451],[120.298839,34.20425],[120.274181,34.244534],[120.257091,34.311835],[120.239757,34.323676],[120.078705,34.377509],[120.02296,34.419379],[119.939952,34.457913],[119.826182,34.470404],[119.795258,34.481676],[119.728852,34.524115],[119.647716,34.53384],[119.640961,34.550523],[119.609223,34.56273],[119.531749,34.615709],[119.456554,34.684556],[119.472748,34.698147],[119.474213,34.715277],[119.442231,34.746039],[119.387706,34.753485],[119.34669,34.780829],[119.311778,34.755072],[119.22934,34.759711],[119.209809,34.718573],[119.20338,34.7119],[119.192231,34.718207],[119.195323,34.759711],[119.189057,34.766547],[119.201915,34.78498],[119.188698,34.856274],[119.20338,34.931627],[119.192882,35.000434],[119.207286,35.048407],[119.221202,35.064032],[119.358002,35.097113],[119.370616,35.117418],[119.404552,35.25373],[119.421886,35.277411],[119.42392,35.313463],[119.428722,35.321479],[119.469574,35.321479],[119.50766,35.332343],[119.551524,35.380032],[119.564545,35.424709],[119.599864,35.469184],[119.64796,35.58393],[119.696788,35.599433],[119.707123,35.614163],[119.732514,35.620836],[119.748383,35.60932],[119.743907,35.575914],[119.771007,35.593329],[119.811615,35.647895],[119.840099,35.657904],[119.834076,35.635321],[119.843272,35.61579],[119.860199,35.606106],[119.904552,35.624579],[119.901622,35.671536],[119.935639,35.705024],[119.900157,35.736274],[119.908214,35.744859],[119.937755,35.761135],[119.969981,35.732367],[120.00294,35.727769],[120.019786,35.759752],[120.038829,35.842841],[120.097179,35.900824],[120.135753,35.90412],[120.168468,35.938422],[120.188975,35.945258],[120.189708,35.931545],[120.170502,35.907457],[120.175304,35.890041],[120.226817,35.94184],[120.298839,35.973131],[120.303071,35.994045],[120.284923,36.010932],[120.280772,35.998236],[120.242768,35.973578],[120.229503,35.972805],[120.229991,35.999905],[120.197765,35.985297],[120.175304,35.993638],[120.168468,36.061957],[120.154063,36.077053],[120.10019,36.096096],[120.089692,36.111721],[120.089366,36.147691],[120.109223,36.188788],[120.105317,36.200873],[120.085948,36.209133],[120.097179,36.226386],[120.108165,36.225531],[120.117279,36.209662],[120.219086,36.22191],[120.216319,36.199123],[120.284516,36.175971],[120.298839,36.191636],[120.275157,36.204088],[120.273529,36.23428],[120.286469,36.263821],[120.306407,36.274237],[120.322765,36.226386],[120.339203,36.222602],[120.361583,36.191636],[120.313487,36.104478],[120.308442,36.079535],[120.292003,36.061957],[120.324718,36.057196],[120.353526,36.040839],[120.421723,36.061957],[120.473643,36.08926],[120.536225,36.091457],[120.551606,36.113715],[120.593598,36.109768],[120.61671,36.123358],[120.627778,36.116523],[120.696788,36.143988],[120.704845,36.156236],[120.687511,36.187893],[120.670421,36.265815],[120.654552,36.288275],[120.661957,36.3015],[120.643647,36.322496],[120.661957,36.33633],[120.707286,36.322659],[120.722179,36.330552],[120.690684,36.370836],[120.686534,36.387152],[120.714122,36.428697],[120.737071,36.438666],[120.75058,36.459174],[120.806895,36.463935],[120.832042,36.455268],[120.826427,36.432522],[120.844005,36.422675],[120.849701,36.386135],[120.867442,36.377183],[120.898285,36.411607],[120.894786,36.438666],[120.906261,36.452379],[120.949962,36.459174],[120.93629,36.497016],[120.961436,36.53144],[120.963634,36.547919],[120.927501,36.532904],[120.920258,36.55329],[120.894786,36.561591],[120.850352,36.60456],[120.826427,36.59634],[120.778656,36.541083],[120.750255,36.540758],[120.742279,36.555854],[120.757579,36.59634],[120.746918,36.603176],[120.75058,36.616848],[120.770844,36.617174],[120.850597,36.650946],[120.89267,36.628485],[120.93336,36.620266],[120.928803,36.59634],[121.023529,36.58393],[121.032481,36.589504],[121.032481,36.624254],[121.042491,36.627672],[121.062755,36.610053],[121.08017,36.610012],[121.157725,36.668606],[121.31422,36.711819],[121.385265,36.706488],[121.401703,36.712388],[121.379405,36.716986],[121.377778,36.731513],[121.390147,36.746812],[121.408946,36.753974],[121.45338,36.757392],[121.470714,36.789618],[121.452973,36.816392],[121.459483,36.828681],[121.484386,36.829088],[121.498139,36.810858],[121.511567,36.80858],[121.546479,36.835924],[121.607188,36.844957],[121.595225,36.826321],[121.573009,36.819648],[121.547374,36.798163],[121.503184,36.788642],[121.49643,36.774482],[121.50351,36.760443],[121.52589,36.753974],[121.560069,36.767646],[121.594249,36.767646],[121.603526,36.749661],[121.625255,36.740383],[121.634288,36.746568],[121.62143,36.788764],[121.624522,36.814765],[121.637462,36.831366],[121.684174,36.84276],[121.684174,36.835924],[121.649425,36.822252],[121.649425,36.816067],[121.728038,36.835924],[121.744884,36.847235],[121.75587,36.872301],[121.785981,36.891181],[121.915131,36.920233],[121.949799,36.93891],[121.914887,36.985826],[121.92628,36.993598],[122.049164,36.979926],[122.053803,36.975246],[122.037608,36.96369],[122.033051,36.898017],[122.080903,36.916571],[122.09433,36.950914],[122.142914,36.945787],[122.149994,37.005316],[122.166108,37.014106],[122.179698,37.005805],[122.16269,36.945787],[122.26588,36.898017],[122.196869,36.898017],[122.184825,36.884955],[122.185313,36.849921],[122.319835,36.822943],[122.355235,36.829088],[122.379731,36.861396],[122.402354,36.857001],[122.436371,36.870673],[122.429454,36.888129],[122.403412,36.906643],[122.405772,36.922187],[122.456635,36.92064],[122.498546,36.93891],[122.512706,36.934638],[122.500092,36.915595],[122.498546,36.904202],[122.507416,36.898017],[122.532725,36.92593],[122.525401,36.944485],[122.54005,37.027737],[122.513031,37.020494],[122.461192,37.030829],[122.436371,37.027737],[122.437022,37.011623],[122.424327,37.003648],[122.40919,37.006293],[122.402354,37.02147],[122.411225,37.036526],[122.457042,37.065904],[122.454112,37.07746],[122.436371,37.089789],[122.453949,37.154283],[122.464447,37.151842],[122.464447,37.110297],[122.470714,37.110297],[122.482677,37.13996],[122.51002,37.155219],[122.543468,37.156643],[122.574311,37.144436],[122.577159,37.157782],[122.563243,37.173163],[122.574311,37.18537],[122.628917,37.192816],[122.628917,37.199652],[122.602875,37.209906],[122.594737,37.236884],[122.560069,37.274726],[122.549653,37.31977],[122.594737,37.295233],[122.591156,37.314154],[122.570811,37.344794],[122.614594,37.370917],[122.656098,37.384589],[122.678966,37.374661],[122.688731,37.389716],[122.688243,37.409817],[122.612397,37.418606],[122.591645,37.404364],[122.570567,37.401557],[122.488048,37.411933],[122.478038,37.425605],[122.457042,37.418158],[122.296479,37.418158],[122.278575,37.423896],[122.261811,37.450914],[122.245372,37.459703],[122.224213,37.457994],[122.183197,37.418158],[122.141449,37.45661],[122.129893,37.483466],[122.135509,37.500678],[122.152599,37.514553],[122.151866,37.532864],[122.121837,37.56273],[122.095063,37.54914],[122.067149,37.56273],[122.071788,37.544501],[122.025645,37.528022],[121.977794,37.471666],[121.997406,37.434068],[121.988048,37.425605],[121.949799,37.425605],[121.944591,37.440741],[121.957286,37.459703],[121.937836,37.46426],[121.732432,37.461737],[121.63502,37.481269],[121.60255,37.471869],[121.587413,37.453559],[121.634288,37.462388],[121.654877,37.457709],[121.676117,37.439195],[121.591645,37.424465],[121.570323,37.428656],[121.53712,37.456244],[121.476899,37.468004],[121.446788,37.519599],[121.381684,37.566107],[121.38144,37.582994],[121.398448,37.594875],[121.429779,37.596869],[121.393565,37.622463],[121.354015,37.637885],[121.374522,37.610541],[121.344737,37.590806],[121.308116,37.581244],[121.171641,37.577094],[121.155365,37.582587],[121.134369,37.610541],[121.135509,37.626288],[121.148529,37.637885],[121.130138,37.651801],[121.148529,37.689399],[121.13795,37.701158],[121.066661,37.713568],[121.032563,37.710395],[121.005382,37.744289],[120.975352,37.75137],[120.940929,37.773993],[120.928803,37.788723],[120.940766,37.806464],[120.925792,37.819281],[120.877696,37.829657],[120.836681,37.815985],[120.738048,37.83397],[120.674327,37.801988],[120.593598,37.781887],[120.556163,37.761379],[120.46339,37.747748],[120.410981,37.712104],[120.3685,37.694729],[120.215668,37.684068],[120.235362,37.67475],[120.306407,37.665188],[120.32252,37.632392],[120.297618,37.597886],[120.187592,37.511786],[120.059825,37.440416],[119.997813,37.42182],[119.928966,37.384589],[119.858897,37.360175],[119.846283,37.343695],[119.886729,37.284654],[119.897309,37.249416],[119.79184,37.180569],[119.7706,37.151842],[119.660737,37.1376],[119.524506,37.139065],[119.475108,37.133287],[119.441173,37.120551],[119.28712,37.137274],[119.145518,37.17886],[119.058604,37.227607],[119.01474,37.269843],[118.972423,37.280666],[118.961192,37.29564],[118.944591,37.378119],[118.969981,37.593451],[119.010753,37.653754],[119.037128,37.722089],[119.069472,37.740631],[119.120141,37.737508],[119.189313,37.700735],[119.217736,37.675248],[119.255664,37.671867],[119.259597,37.715847],[119.243083,37.769482],[119.206836,37.802839],[119.155697,37.823964],[119.116942,37.853271],[119.092493,37.912773],[119.048405,37.947978],[118.996593,37.963121],[118.956147,38.033596],[118.924815,38.057766],[118.950037,38.097262],[118.840099,38.152574],[118.760353,38.155132],[118.654871,38.145695],[118.615777,38.12512],[118.573009,38.079901],[118.542979,38.068345],[118.512299,38.08808],[118.448928,38.107787],[118.215831,38.144965],[118.146088,38.142483],[118.119233,38.152289],[118.084809,38.138739],[118.065214,38.143082],[118.052408,38.153659],[118.053727,38.173253],[118.007197,38.19701],[117.977544,38.194837],[117.941698,38.233946],[117.837169,38.270901],[117.716082,38.378511],[117.565971,38.612507],[117.543549,38.621324],[117.560473,38.657097],[117.558778,38.690941],[117.573222,38.713748],[117.583995,38.811591],[117.708751,38.981024],[117.701915,38.995307],[117.729503,38.984361],[117.775264,38.981058],[117.751478,39.067914],[117.718272,39.093004],[117.715424,39.111396],[117.737559,39.106391],[117.757335,39.114447],[117.88559,39.201117],[118.02802,39.219798],[118.096404,39.202392],[118.140528,39.172835],[118.207122,39.076706],[118.235285,39.053098],[118.326096,39.030932],[118.34427,39.030709],[118.529146,39.124653],[118.519379,39.13935],[118.52711,39.149237],[118.590151,39.148312],[118.61936,39.161042],[118.727779,39.14725],[118.795991,39.151777],[118.840535,39.17563],[118.858979,39.207506],[118.87379,39.213813],[118.87143,39.2001],[118.885509,39.185248],[118.880626,39.172797],[118.969981,39.193305],[118.956309,39.188056],[118.941987,39.159125],[118.894298,39.131822],[118.894298,39.124416],[118.926036,39.130601],[119.015636,39.189765],[119.184804,39.354814],[119.203345,39.363438],[119.22585,39.357767],[119.25566,39.365522],[119.279429,39.384006],[119.305075,39.432978],[119.270763,39.489061],[119.256425,39.493111],[119.261981,39.535084],[119.281398,39.575014],[119.262397,39.577512],[119.22934,39.535956],[119.243012,39.570705],[119.208995,39.550198],[119.208588,39.569566],[119.245372,39.594468],[119.284923,39.595445],[119.314057,39.641181],[119.349864,39.731757],[119.429406,39.795306],[119.466795,39.814848],[119.530699,39.814702],[119.519867,39.858303],[119.535592,39.890826],[119.620616,39.911038],[119.660899,39.932685],[119.708217,39.934935],[119.749649,39.952397],[119.774425,39.950507],[119.811046,39.973049],[119.875501,39.994739],[119.911998,39.998088],[119.91531,40.036153],[119.950277,40.056502],[120.118429,40.100035],[120.261322,40.146715],[120.309027,40.179668],[120.358002,40.191799],[120.436046,40.194485],[120.472016,40.214301],[120.504893,40.249091],[120.501758,40.32691],[120.591153,40.367298],[120.588396,40.38432],[120.547526,40.376159],[120.539073,40.38288],[120.545665,40.402411],[120.597376,40.422423],[120.604096,40.465155],[120.659114,40.483761],[120.678788,40.521916],[120.798432,40.599677],[120.825321,40.674033],[120.847764,40.683097],[120.867686,40.678656],[120.940195,40.691246],[120.962637,40.70929],[121.020738,40.71933],[120.994395,40.736274],[120.939545,40.740546],[120.93629,40.755561],[120.968516,40.783596],[120.963227,40.806586],[120.981944,40.826809],[121.004975,40.833075],[121.029633,40.826483],[121.04985,40.797401],[121.068351,40.803389],[121.065721,40.818396],[121.080273,40.828395],[121.079926,40.862982],[121.111095,40.876044],[121.175792,40.922309],[121.200287,40.930732],[121.224946,40.927069],[121.244721,40.906399],[121.258393,40.92064],[121.273936,40.903022],[121.299327,40.899604],[121.361339,40.939643],[121.429779,40.913804],[121.450206,40.885932],[121.510428,40.879357],[121.575043,40.841498],[121.739552,40.849079],[121.780056,40.90791],[121.777709,40.934972],[121.82602,40.974026],[121.867931,40.995795],[121.874766,40.989569],[121.858897,40.967475],[121.825938,40.948188],[121.840587,40.913804],[121.851085,40.832261],[121.872005,40.815057],[122.049083,40.74608],[122.108653,40.69953],[122.121837,40.680121],[122.159434,40.701606],[122.170665,40.68651],[122.167979,40.65351],[122.137586,40.62402],[122.150434,40.603864],[122.176497,40.586583],[122.224864,40.578518],[122.275645,40.543647],[122.30185,40.502346],[122.286876,40.488715],[122.288097,40.472846],[122.251475,40.453925],[122.250092,40.430609],[122.203624,40.427232],[122.211029,40.380601],[122.180328,40.35242],[122.106116,40.310123],[122.107514,40.262152],[122.091646,40.227207],[122.038585,40.196357],[121.991466,40.186998],[122.006358,40.156317],[121.995668,40.123895],[121.933116,40.101386],[121.929468,40.077286],[121.880461,40.041499],[121.826915,40.022528],[121.874766,40.016303],[121.880951,40.007961],[121.87379,39.9914],[121.809662,39.965033],[121.799653,39.940009],[121.774425,39.920844],[121.684906,39.922512],[121.635972,39.896687],[121.616093,39.871701],[121.566292,39.858842],[121.535899,39.861762],[121.509917,39.824031],[121.470714,39.810248],[121.48732,39.778],[121.484612,39.764005],[121.457286,39.748481],[121.490864,39.720994],[121.506847,39.694322],[121.518403,39.686713],[121.537446,39.692532],[121.550141,39.678656],[121.52589,39.652655],[121.539561,39.638983],[121.533295,39.622301],[121.52589,39.617865],[121.498165,39.652924],[121.463878,39.645819],[121.470714,39.632148],[121.449805,39.615098],[121.382183,39.601337],[121.306163,39.597968],[121.223399,39.528632],[121.236827,39.514716],[121.272716,39.515448],[121.306163,39.501776],[121.354015,39.522203],[121.399506,39.520209],[121.436046,39.508612],[121.461436,39.4737],[121.491954,39.388983],[121.52589,39.364651],[121.717784,39.371487],[121.707774,39.395657],[121.848888,39.387356],[121.898692,39.399359],[121.931244,39.417182],[121.942963,39.399359],[121.837494,39.364651],[121.779796,39.371487],[121.731293,39.330471],[121.736095,39.311754],[121.680186,39.275214],[121.646983,39.264879],[121.641938,39.272162],[121.611984,39.274981],[121.589939,39.264054],[121.633067,39.236151],[121.626313,39.224514],[121.601654,39.221259],[121.607921,39.200751],[121.592621,39.192206],[121.629893,39.173245],[121.641938,39.176215],[121.649181,39.158149],[121.681,39.13642],[121.689789,39.11815],[121.674083,39.088039],[121.632335,39.069485],[121.546479,39.049262],[121.467296,39.015123],[121.428071,39.014716],[121.403331,39.038275],[121.374848,39.044176],[121.334239,39.026597],[121.326752,39.01203],[121.340343,38.977607],[121.334321,38.968573],[121.29184,38.967353],[121.219493,38.940497],[121.179535,38.954332],[121.117931,38.943427],[121.086192,38.905707],[121.090424,38.899075],[121.148529,38.899075],[121.152354,38.886298],[121.114513,38.85814],[121.111339,38.840277],[121.134858,38.80976],[121.139252,38.789496],[121.114513,38.768134],[121.132416,38.758734],[121.153087,38.727607],[121.179535,38.720933],[121.198497,38.727851],[121.244721,38.77558],[121.21754,38.77558],[121.236664,38.798489],[121.287608,38.788072],[121.344737,38.814643],[121.484955,38.809882],[121.552745,38.85814],[121.654796,38.857856],[121.676117,38.871161],[121.6963,38.862942],[121.704845,38.873114],[121.693614,38.909613],[121.676768,38.921536],[121.618175,38.926418],[121.587413,38.94009],[121.592133,38.948676],[121.652599,38.963446],[121.656016,38.990627],[121.635753,38.995307],[121.680186,39.008979],[121.73878,39.001532],[121.73878,39.008979],[121.720063,39.019517],[121.724701,39.030178],[121.744884,39.033515],[121.772472,39.021959],[121.811534,38.972846],[121.847911,38.947455],[121.871349,38.950629],[121.894786,38.970771],[121.895274,38.981024],[121.880138,38.997016],[121.837983,39.015082],[121.826915,39.036282],[121.879405,39.027411],[121.923188,39.008979],[121.912934,39.030707],[121.888438,39.042467],[121.904307,39.049384],[121.942963,39.036282],[121.988048,39.062934],[122.042328,39.059719],[122.05128,39.067125],[122.039317,39.090888],[122.047862,39.099189],[122.073334,39.10456],[122.127452,39.141995],[122.16269,39.146145],[122.135834,39.158149],[122.104503,39.159125],[122.115001,39.200751],[122.198578,39.251207],[122.240245,39.285631],[122.251475,39.323676],[122.267426,39.31802],[122.29005,39.350979],[122.383311,39.395657],[122.396332,39.411038],[122.469819,39.416693],[122.555431,39.456],[122.561046,39.467963],[122.553233,39.48135],[122.562104,39.486762],[122.587901,39.466986],[122.636567,39.50845],[122.648448,39.532416],[122.676768,39.515448],[122.688243,39.518622],[122.710785,39.535956],[122.779796,39.560452],[122.848643,39.617865],[122.871593,39.60578],[122.944916,39.619696],[122.964122,39.61164],[122.992442,39.636705],[122.996349,39.649644],[122.977631,39.65884],[122.977631,39.666246],[122.991954,39.66592],[123.009125,39.680487],[123.058116,39.67475],[123.108002,39.690131],[123.128429,39.664862],[123.174327,39.665758],[123.223155,39.679755],[123.269135,39.707587],[123.255138,39.724107],[123.206391,39.734687],[123.204194,39.745063],[123.209972,39.75495],[123.249034,39.748236],[123.265391,39.754096],[123.26352,39.767646],[123.23585,39.802436],[123.252045,39.817084],[123.257172,39.801093],[123.264171,39.797309],[123.273204,39.810248],[123.314057,39.776109],[123.386729,39.789618],[123.403575,39.810248],[123.398204,39.818345],[123.417084,39.82453],[123.421153,39.813218],[123.410411,39.796617],[123.408458,39.745998],[123.410411,39.735175],[123.427745,39.72663],[123.445649,39.737047],[123.481537,39.77969],[123.513194,39.797797],[123.54184,39.791693],[123.563243,39.768785],[123.591401,39.784329],[123.630951,39.903998],[123.656749,39.919501],[123.643077,39.878567],[123.720063,39.830552],[123.773041,39.818345],[123.807628,39.837592],[123.887543,39.822903],[123.910655,39.82453],[123.942149,39.840562],[123.985688,39.810248],[124.055431,39.829901],[124.088145,39.851874],[124.118175,39.833157],[124.137218,39.842353],[124.15504,39.861314],[124.202159,39.878607],[124.266368,39.926947],[124.2942,39.933783],[124.307872,39.961086],[124.361339,40.011176],[124.358246,40.089057],[124.528192,40.214136],[124.548656,40.220905],[124.554857,40.241421],[124.570877,40.252428],[124.642603,40.294286],[124.71247,40.310305],[124.741202,40.370353],[124.800837,40.394073],[124.849878,40.43159],[124.895508,40.483628],[124.917935,40.461097],[124.935299,40.455568],[125.041287,40.461097],[125.0463,40.471071],[125.015294,40.508278],[125.025112,40.534374],[125.256106,40.615041],[125.27719,40.643618],[125.293313,40.648579],[125.33667,40.641138],[125.363593,40.646719],[125.390878,40.632456],[125.413254,40.631785],[125.418887,40.666563],[125.452993,40.673384],[125.469065,40.712917],[125.546476,40.725939],[125.560067,40.778339],[125.571746,40.784902],[125.586525,40.781853],[125.609935,40.761286],[125.668691,40.762164],[125.682643,40.768882],[125.644816,40.810585],[125.683212,40.847895],[125.745895,40.868153],[125.760933,40.885671],[125.821963,40.869755],[125.885215,40.897505],[125.901545,40.899313],[125.936168,40.877403],[125.96428,40.891304],[126.007843,40.899313],[126.015336,40.909132],[126.010013,40.913886],[125.980558,40.913628],[125.99203,40.928356],[126.045515,40.944685],[126.065824,40.968612],[126.075643,40.997085],[126.104065,41.009178],[126.101326,41.022097],[126.138171,41.056978],[126.123753,41.07553],[126.274752,41.15258],[126.30953,41.207822],[126.357331,41.249421],[126.380585,41.290814],[126.440892,41.348382],[126.472518,41.36652],[126.501301,41.366107],[126.487659,41.344403],[126.522127,41.351947],[126.522127,41.377631],[126.501301,41.434371],[126.542229,41.488993],[126.577266,41.561805],[126.580883,41.575241],[126.567034,41.614154],[126.60207,41.642059],[126.617883,41.665933],[126.669301,41.667122],[126.727954,41.701254],[126.68713,41.724018],[126.679482,41.735981],[126.727282,41.736911],[126.788622,41.695906],[126.808879,41.729831],[126.864793,41.747272],[126.887118,41.784918],[126.929802,41.801041],[126.939621,41.793729],[126.946132,41.766186],[126.981169,41.763318],[127.033155,41.731588],[127.042664,41.732648],[127.076615,41.68079],[127.048968,41.677741],[127.049433,41.653428],[127.058993,41.643299],[127.104675,41.626168],[127.097234,41.612448],[127.166067,41.594956],[127.17971,41.585163],[127.136508,41.569247],[127.104675,41.537414],[127.12824,41.531575],[127.134648,41.522014],[127.155938,41.530541],[127.17971,41.51695],[127.207098,41.545941],[127.244512,41.528009],[127.28146,41.531058],[127.28978,41.518552],[127.269058,41.504961],[127.305128,41.494678],[127.344247,41.491319],[127.378974,41.498812],[127.405122,41.484497],[127.427343,41.483102],[127.47411,41.498812],[127.525838,41.484342],[127.542891,41.491319],[127.544752,41.468891],[127.558808,41.458246],[127.597513,41.450339],[127.638338,41.429875],[127.662677,41.44698],[127.690273,41.43897],[127.784634,41.436903],[127.810369,41.44357],[127.848868,41.431322],[127.865146,41.43742],[127.881475,41.460881],[127.944211,41.470855],[127.974235,41.450339],[128.001416,41.470855],[128.012372,41.460106],[128.015162,41.413287],[128.050612,41.420729],[128.046892,41.398766],[128.064152,41.388431],[128.08813,41.388896],[128.103943,41.399593],[128.118205,41.393444],[128.103943,41.379129],[128.14611,41.376339],[128.185695,41.404451],[128.287601,41.5447],[128.303,41.583406],[128.28326,41.605058],[128.268997,41.643377],[128.25091,41.66012],[128.224142,41.669447],[128.159133,41.711822],[128.14425,41.754713],[128.091023,41.841737],[128.05764,41.84985],[128.047822,41.863983],[128.020433,41.965062],[128.021467,41.979816],[128.034593,41.993743],[128.100532,41.999091],[128.261969,42.032862],[128.363772,42.02648],[128.407593,42.008341],[128.453999,42.010331],[128.502368,41.996094],[128.543709,42.008057],[128.56438,42.000797],[128.607891,42.030175],[128.70928,42.030175],[128.720959,42.04759],[128.817077,42.043869],[128.90348,42.026273],[128.940067,42.035368],[128.963838,42.088517],[129.026574,42.101876],[129.063471,42.136086],[129.064711,42.153759],[129.088482,42.143191],[129.119798,42.149366],[129.211162,42.219956],[129.209301,42.234684],[129.186874,42.236028],[129.180776,42.243107],[129.18336,42.254554],[129.211162,42.267008],[129.216123,42.291063],[129.228008,42.297729],[129.193902,42.310778],[129.193902,42.318245],[129.236276,42.323878],[129.242271,42.338735],[129.228008,42.359199],[129.23607,42.374366],[129.303766,42.389584],[129.315445,42.422321],[129.326504,42.426765],[129.337872,42.414415],[129.352135,42.420616],[129.340146,42.445472],[129.36309,42.445007],[129.386241,42.428109],[129.434094,42.441106],[129.517086,42.390954],[129.535173,42.36956],[129.55419,42.376872],[129.563182,42.404105],[129.587676,42.411366],[129.594498,42.422218],[129.591707,42.447953],[129.671185,42.437928],[129.703328,42.442372],[129.728856,42.475858],[129.736504,42.585154],[129.763066,42.606238],[129.763066,42.612387],[129.74622,42.615514],[129.741569,42.629001],[129.751077,42.642928],[129.776709,42.647191],[129.772264,42.661661],[129.787561,42.676854],[129.786527,42.684734],[129.757588,42.703648],[129.757278,42.734705],[129.789524,42.79248],[129.799033,42.836663],[129.846679,42.928234],[129.851743,42.961901],[129.907037,42.976138],[129.879751,42.996033],[129.909207,43.008435],[129.934115,43.00841],[129.981347,42.966732],[130.008219,42.960557],[130.047286,42.961901],[130.121494,42.981848],[130.133586,42.972727],[130.130485,42.959472],[130.098756,42.921516],[130.140407,42.907124],[130.239006,42.90224],[130.256473,42.866894],[130.24221,42.782015],[130.243037,42.743361],[130.262674,42.708609],[130.317141,42.667397],[130.324789,42.650292],[130.393002,42.606238],[130.427728,42.599365],[130.431242,42.561512],[130.452533,42.549342],[130.467933,42.554897],[130.471033,42.569754],[130.455117,42.585154],[130.484159,42.61001],[130.501419,42.610785],[130.516508,42.599365],[130.530771,42.53048],[130.584515,42.568901],[130.584308,42.5989],[130.571906,42.621818],[130.52674,42.665769],[130.503899,42.67781],[130.40375,42.677551],[130.379669,42.696671],[130.407161,42.735377],[130.49098,42.780827],[130.586478,42.817258],[130.64911,42.828937],[130.734893,42.824493],[130.769516,42.865808],[130.794321,42.869064],[130.856229,42.849763],[130.992448,42.848729],[131.008778,42.886892],[131.023868,42.896272],[131.073994,42.896582],[131.103036,42.910431],[131.074304,42.993398],[131.078335,43.031819],[131.119882,43.059001],[131.134352,43.089335],[131.183961,43.120806],[131.189852,43.139151],[131.167218,43.181551],[131.169078,43.201705],[131.237705,43.265836],[131.247937,43.344203],[131.280906,43.380221],[131.274292,43.451199],[131.166908,43.521066],[131.160707,43.53277],[131.192023,43.588633],[131.180241,43.623023],[131.187992,43.656665],[131.175073,43.693768],[131.170319,43.781101],[131.19285,43.860244],[131.217344,43.908484],[131.206699,43.974785],[131.217758,44.016074],[131.264473,44.054211],[131.065829,44.682028],[131.021387,44.746882],[130.971571,44.775614],[130.930127,44.824965],[130.933434,44.841708],[131.024798,44.862431],[131.038854,44.874575],[131.041128,44.897777],[131.051566,44.909043],[131.110064,44.919533],[131.15802,44.901705],[131.17652,44.90341],[131.258995,44.928163],[131.329482,44.967644],[131.433765,44.961288],[131.452162,44.983715],[131.609052,45.089704],[131.622384,45.123655],[131.604917,45.147426],[131.605227,45.164635],[131.627758,45.198483],[131.723153,45.215329],[131.785268,45.304729],[131.818031,45.33279],[131.853068,45.337596],[131.870741,45.32633],[131.914563,45.260133],[131.968823,45.233984],[132.839777,45.059163],[132.92122,45.027899],[132.966178,45.028881],[133.09878,45.10779],[133.121517,45.131252],[133.127202,45.155384],[133.09754,45.243544],[133.106738,45.264628],[133.10188,45.287211],[133.133196,45.419606],[133.179808,45.493813],[133.202133,45.51128],[133.33029,45.549262],[133.374835,45.573085],[133.413489,45.573343],[133.425168,45.580423],[133.415143,45.600422],[133.427649,45.615253],[133.477258,45.627707],[133.456691,45.648791],[133.491521,45.673389],[133.4878,45.68667],[133.451626,45.699176],[133.443048,45.709666],[133.47085,45.728889],[133.484906,45.768474],[133.511364,45.778551],[133.483769,45.796586],[133.477258,45.820098],[133.498342,45.837203],[133.514362,45.879268],[133.552292,45.888415],[133.570069,45.876426],[133.585882,45.876322],[133.586502,45.888415],[133.603038,45.898647],[133.617611,45.936267],[133.649857,45.927844],[133.658125,45.93451],[133.694816,46.022773],[133.720034,46.063753],[133.71931,46.079307],[133.687374,46.141836],[133.741014,46.159044],[133.775121,46.186691],[133.793518,46.214286],[133.80623,46.217387],[133.830105,46.196871],[133.860904,46.223588],[133.855323,46.236559],[133.902452,46.258986],[133.89377,46.301878],[133.915991,46.312988],[133.896354,46.327199],[133.874443,46.319784],[133.863384,46.339291],[133.926016,46.371305],[133.933871,46.390761],[133.900281,46.426573],[133.854393,46.44466],[133.845814,46.470653],[133.89191,46.52897],[133.902452,46.573644],[133.920332,46.590336],[133.988028,46.625166],[134.014796,46.665034],[134.044665,46.772004],[134.016657,46.819469],[134.062752,46.906854],[134.06916,46.981242],[134.08735,46.998812],[134.124247,47.070513],[134.145744,47.081184],[134.197111,47.085163],[134.217161,47.094439],[134.22729,47.117745],[134.189773,47.172936],[134.197214,47.205337],[134.161867,47.238436],[134.154116,47.257892],[134.183571,47.3275],[134.245066,47.355095],[134.279483,47.397806],[134.312866,47.42013],[134.414978,47.439224],[134.436579,47.429819],[134.484638,47.430181],[134.535281,47.465579],[134.556882,47.471186],[134.624268,47.549631],[134.682662,47.587846],[134.692894,47.648901],[134.72545,47.663242],[134.772579,47.710732],[134.765138,47.718174],[134.769789,47.741015],[134.696512,47.795068],[134.676461,47.824317],[134.657754,47.886691],[134.59905,47.910694],[134.587681,47.925913],[134.601324,47.944129],[134.566907,47.985496],[134.559362,48.009525],[134.567217,48.040376],[134.586441,48.06115],[134.662715,48.107969],[134.682972,48.135513],[134.687417,48.219849],[134.703023,48.25256],[134.718733,48.263412],[134.661165,48.266977],[134.611349,48.285426],[134.569491,48.315527],[134.542619,48.357308],[134.508203,48.34258],[134.471306,48.339893],[134.38635,48.381337],[134.206206,48.359659],[134.057171,48.32718],[133.966427,48.278656],[133.867622,48.274315],[133.796618,48.250596],[133.737914,48.251087],[133.721274,48.244757],[133.670218,48.18998],[133.59384,48.164193],[133.55994,48.113292],[133.524387,48.095438],[133.463719,48.089521],[133.396229,48.105928],[133.301455,48.101277],[133.262801,48.119441],[133.223733,48.125978],[133.091958,48.10678],[133.060953,48.091846],[133.032841,48.056758],[132.940753,48.026708],[132.864789,47.985651],[132.83337,47.951596],[132.805878,47.936197],[132.774872,47.933768],[132.722472,47.958934],[132.67462,47.950614],[132.660357,47.931339],[132.671416,47.902504],[132.668005,47.881316],[132.576434,47.794241],[132.582325,47.75613],[132.574161,47.739594],[132.524655,47.707528],[132.475769,47.706753],[132.400631,47.729801],[132.332418,47.736519],[132.250769,47.725357],[132.202194,47.7005],[132.161679,47.69001],[132.025357,47.697865],[131.966549,47.69001],[131.914046,47.667634],[131.854618,47.684067],[131.780411,47.679106],[131.702999,47.69616],[131.603264,47.661536],[131.577426,47.668564],[131.507766,47.721533],[131.475003,47.734478],[131.418366,47.742617],[131.210109,47.709208],[131.103863,47.676548],[131.023351,47.682284],[130.941805,47.717967],[130.941702,47.820596],[130.906976,47.884262],[130.857366,47.927773],[130.68239,48.05035],[130.674742,48.063941],[130.663373,48.116444],[130.674742,48.135926],[130.752773,48.189618],[130.773857,48.244188],[130.819436,48.281886],[130.82512,48.317775],[130.822123,48.333769],[130.779645,48.356378],[130.743265,48.411594],[130.738304,48.42981],[130.759594,48.467921],[130.758974,48.485724],[130.744298,48.497325],[130.715876,48.499056],[130.639292,48.477249],[130.626373,48.482261],[130.613453,48.519468],[130.620171,48.5605],[130.607666,48.576726],[130.540796,48.598353],[130.529738,48.616258],[130.533252,48.635792],[130.627819,48.796041],[130.676499,48.857432],[130.674328,48.870817],[130.624926,48.874331],[130.5409,48.853453],[130.486639,48.863685],[130.465349,48.891332],[130.439717,48.8965],[130.386801,48.896293],[130.249341,48.864512],[130.201799,48.882599],[130.037468,48.971999],[129.974216,49.015149],[129.926467,49.025691],[129.913444,49.03954],[129.911687,49.05928],[129.920679,49.081863],[129.841511,49.1092],[129.841511,49.167181],[129.775985,49.177568],[129.741775,49.195706],[129.735057,49.238908],[129.711183,49.274151],[129.619199,49.274254],[129.57176,49.279836],[129.551813,49.290481],[129.532072,49.321538],[129.527732,49.384842],[129.50241,49.410784],[129.480603,49.421274],[129.403398,49.430679],[129.378697,49.425046],[129.371462,49.410577],[129.373219,49.369856],[129.362057,49.349805],[129.340973,49.341175],[129.316065,49.344121],[129.272347,49.375282],[129.21788,49.390785],[129.193902,49.3897],[129.115354,49.348772],[129.066881,49.361639],[129.014585,49.431092],[128.998151,49.441273],[128.947095,49.449541],[128.879192,49.47972],[128.786588,49.465457],[128.76013,49.470883],[128.750208,49.484526],[128.754135,49.502458],[128.769328,49.520699],[128.799507,49.531861],[128.801678,49.565141],[128.796923,49.572479],[128.734188,49.584416],[128.671866,49.611443],[128.628665,49.575321],[128.551254,49.588447],[128.383512,49.579352],[128.344755,49.547985],[128.320363,49.544781],[128.26786,49.558785],[128.198304,49.538993],[128.067149,49.546693],[128.012475,49.587414],[127.96793,49.603227],[127.947931,49.601211],[127.920698,49.581109],[127.854655,49.584881],[127.770009,49.633871],[127.703605,49.660639],[127.689963,49.681465],[127.679989,49.739187],[127.644281,49.767144],[127.538654,49.789934],[127.508113,49.822335],[127.506718,49.844297],[127.534003,49.922484],[127.494419,49.973178],[127.486668,50.02563],[127.506615,50.063457],[127.570177,50.130223],[127.586713,50.167172],[127.590641,50.208719],[127.578393,50.220553],[127.354634,50.298636],[127.330656,50.328195],[127.337529,50.35269],[127.358717,50.381319],[127.35851,50.415115],[127.288953,50.466016],[127.364814,50.554745],[127.367088,50.577792],[127.343989,50.627764],[127.288953,50.675151],[127.282287,50.69484],[127.296447,50.730083],[127.287352,50.751012],[127.220741,50.788167],[127.144259,50.903509],[127.110773,50.931518],[127.032328,50.972445],[126.981169,51.027687],[126.931766,51.063783],[126.905411,51.164268],[126.905153,51.208116],[126.916315,51.232765],[126.977758,51.29656],[126.981169,51.308859],[126.972177,51.324],[126.934453,51.328754],[126.899365,51.316507],[126.885309,51.30289],[126.890683,51.271497],[126.869909,51.251731],[126.84588,51.251472],[126.823711,51.265554],[126.808983,51.289067],[126.807329,51.30811],[126.827018,51.338986],[126.897505,51.361956],[126.909442,51.391102],[126.890115,51.407018],[126.800301,51.418956],[126.789294,51.435802],[126.792705,51.459056],[126.830377,51.508123],[126.807432,51.53422],[126.700566,51.562719],[126.676898,51.576595],[126.675141,51.588377],[126.723717,51.635893],[126.724543,51.649588],[126.707335,51.685632],[126.724854,51.697543],[126.725577,51.708731],[126.713588,51.723175],[126.647907,51.741261],[126.43929,51.997861],[126.447351,52.01879],[126.467092,52.031657],[126.514427,52.042535],[126.555975,52.130643],[126.53117,52.152658],[126.316713,52.199761],[126.309323,52.213868],[126.312217,52.22795],[126.392057,52.264356],[126.43929,52.275286],[126.421203,52.287301],[126.344412,52.302623],[126.315731,52.316213],[126.350716,52.376907],[126.275992,52.463285],[126.200338,52.467083],[126.212327,52.533048],[126.082774,52.593354],[126.068615,52.595318],[126.059106,52.5755],[126.028049,52.566379],[126.009238,52.568394],[125.990842,52.58643],[125.973168,52.631569],[125.98278,52.65304],[126.002572,52.665494],[126.068615,52.679886],[126.035128,52.727119],[126.104065,52.754455],[126.088045,52.77541],[126.066703,52.783188],[126.017817,52.782387],[125.976941,52.764997],[125.867438,52.849359],[125.856948,52.86432],[125.863717,52.888582],[125.837363,52.90672],[125.73649,52.895791],[125.668691,52.877962],[125.64647,52.884887],[125.64709,52.900906],[125.660939,52.919355],[125.678871,52.93323],[125.71985,52.946304],[125.733545,52.981651],[125.65019,53.02338],[125.621355,53.062137],[125.521309,53.042422],[125.499502,53.050613],[125.476506,53.083505],[125.428085,53.094693],[125.127432,53.206547],[125.073688,53.212205],[125.019428,53.210733],[124.897678,53.185514],[124.880418,53.172518],[124.879178,53.153863],[124.896231,53.117663],[124.870135,53.108],[124.848121,53.113684],[124.822024,53.147248],[124.801353,53.155155],[124.72017,53.148824],[124.698259,53.162648],[124.688285,53.193602],[124.651595,53.208769],[124.500493,53.213678],[124.383704,53.246131],[124.342518,53.272486],[124.293426,53.351292],[124.253066,53.375503],[124.20878,53.382686],[124.182218,53.378552],[124.121808,53.352688],[124.068892,53.38961],[124.01737,53.407025],[123.970551,53.455188],[123.850197,53.494979],[123.701782,53.510068],[123.614294,53.563347],[123.591918,53.557869],[123.541895,53.514099],[123.519571,53.51999],[123.547476,53.540506],[123.535281,53.554613],[123.514404,53.562416],[123.494766,53.560091],[123.481537,53.518078],[123.43167,53.535803],[123.367746,53.545828],[123.340254,53.561435],[123.252559,53.567791],[123.153599,53.513117],[123.002548,53.507329],[122.859663,53.473946],[122.471211,53.464748],[122.401603,53.45095],[122.337835,53.49131],[122.316751,53.496012],[122.225697,53.473946],[122.168698,53.469141],[122.081623,53.429505],[121.888973,53.43059],[121.64103,53.384908],[121.512148,53.329821],[121.405798,53.316824],[121.340996,53.323646],[121.299965,53.302536],[121.203485,53.276749],[121.151809,53.274501],[121.054864,53.290004],[120.874255,53.28016],[120.825989,53.261866],[120.830433,53.244839],[120.82387,53.235227],[120.714058,53.185049],[120.652201,53.122831],[120.614787,53.09707],[120.527609,53.055807],[120.450301,53.008342],[120.35408,52.93323],[120.326691,52.899046],[120.290724,52.885352],[120.280182,52.865922],[120.219618,52.844915],[120.155952,52.809077],[120.065828,52.783213],[120.032962,52.760657],[120.046088,52.733992],[120.052909,52.693012],[120.032601,52.65888],[120.033789,52.625368],[120.056423,52.600511],[120.079368,52.589969],[120.175951,52.583742],[120.261114,52.611053],[120.367619,52.617255],[120.454022,52.639036],[120.491849,52.617255],[120.608741,52.574001],[120.654475,52.566999],[120.72398,52.542169],[120.69039,52.470158],[120.69039,52.439126],[120.660418,52.398792],[120.652201,52.372463],[120.628378,52.357891],[120.626156,52.346806],[120.65494,52.299109],[120.738966,52.256605],[120.758086,52.237407],[120.751265,52.202965],[120.783201,52.161985],[120.771263,52.140979],[120.77917,52.117595],[120.745064,52.076667],[120.705634,52.061035],[120.697314,52.04871],[120.710905,51.988327],[120.647602,51.911019],[120.566315,51.905334],[120.541148,51.882984],[120.493141,51.875724],[120.464822,51.840196],[120.40834,51.826088],[120.319301,51.77604],[120.165616,51.668553],[120.100452,51.659949],[120.056733,51.596387],[120.052909,51.552203],[119.977203,51.487013],[119.974155,51.464172],[119.982733,51.442158],[119.952864,51.397665],[119.895296,51.383971],[119.915657,51.330744],[119.883307,51.318006],[119.860621,51.289015],[119.819642,51.274727],[119.805948,51.244005],[119.814991,51.215893],[119.762178,51.21504],[119.758147,51.199021],[119.785432,51.171658],[119.758147,51.158015],[119.765227,51.142435],[119.740835,51.071535],[119.710398,51.062466],[119.710191,51.03854],[119.683216,51.01606],[119.604255,50.978181],[119.517955,50.904801],[119.529996,50.887076],[119.52798,50.866767],[119.497491,50.835916],[119.514079,50.813385],[119.514854,50.79194],[119.496664,50.737059],[119.442817,50.685073],[119.391658,50.67205],[119.373726,50.64275],[119.348973,50.634688],[119.326132,50.609987],[119.293576,50.599238],[119.264585,50.520018],[119.250891,50.504515],[119.264585,50.48276],[119.243656,50.445501],[119.206759,50.415115],[119.154876,50.411394],[119.137565,50.392532],[119.133482,50.381474],[119.141234,50.376616],[119.180508,50.369795],[119.17534,50.356101],[119.223709,50.356101],[119.250788,50.34251],[119.31435,50.351708],[119.356621,50.340753],[119.365509,50.310832],[119.338534,50.294037],[119.33378,50.27626],[119.331558,50.217349],[119.348301,50.184586],[119.34396,50.142419],[119.31621,50.092654],[119.208516,50.015139],[119.091676,49.986562],[118.990442,49.979328],[118.923779,49.991627],[118.891378,49.979328],[118.741465,49.953076],[118.712939,49.949459],[118.670565,49.962068],[118.644365,49.954575],[118.521272,49.894062],[118.490783,49.869515],[118.477037,49.835977],[118.393734,49.820009],[118.380918,49.811483],[118.37296,49.786316],[118.305161,49.767093],[118.241702,49.729162],[118.229403,49.729214],[118.223409,49.712109],[118.188475,49.681258],[118.106413,49.651802],[118.017116,49.595785],[117.930713,49.567312],[117.893816,49.546641],[117.873766,49.513206],[117.836869,49.50902],[117.803589,49.518891],[117.758838,49.512741],[117.47286,49.614285],[117.252925,49.62245],[117.057588,49.672886],[116.722312,49.801664],[116.684278,49.823265],[116.037806,48.870145],[116.033568,48.852368],[116.048038,48.799761],[116.028194,48.767464],[115.800404,48.530372],[115.786555,48.49301],[115.809292,48.273954],[115.799991,48.242328],[115.770845,48.224086],[115.536441,48.149155],[115.51422,48.131637],[115.561866,47.933199],[115.575715,47.909738],[115.852701,47.705565],[115.914506,47.683912],[115.9729,47.709053],[116.084314,47.806928],[116.181569,47.849587],[116.243891,47.862894],[116.428893,47.835143],[116.49969,47.836358],[116.751664,47.874133],[116.822047,47.876304],[117.069681,47.810158],[117.317107,47.654069],[117.360826,47.650865],[117.43648,47.730499],[117.527224,47.78649],[117.766899,47.993144],[117.815165,48.004823],[117.972778,47.997898],[118.064039,48.019577],[118.182481,48.028206],[118.280046,47.998131],[118.472799,47.989449],[118.542252,47.966246],[118.605246,47.914673],[118.713301,47.793621],[118.767406,47.756156],[119.08346,47.661562],[119.104233,47.62774],[119.116532,47.556039],[119.133896,47.527539],[119.310112,47.476095],[119.31776,47.462117],[119.281897,47.414859],[119.320654,47.40703],[119.475994,47.309206],[119.525086,47.250812],[119.587356,47.238358],[119.629421,47.216086],[119.699959,47.159526],[119.753961,47.094439],[119.770136,46.992998],[119.831683,46.942149],[119.852301,46.910729],[119.892919,46.90551],[119.896433,46.898586],[119.881447,46.872851],[119.883101,46.855436],[119.902893,46.842413],[119.883101,46.753013],[119.907027,46.718312],[119.85442,46.65966],[119.834421,46.650952],[119.782228,46.655629],[119.740267,46.613254],[119.680116,46.591628],[119.623478,46.616329],[119.501263,46.628008],[119.316934,46.611678],[119.036951,46.668729],[119.014058,46.683301],[118.967239,46.740456],[118.947034,46.737148],[118.907088,46.709398],[118.890551,46.713532],[118.867452,46.758336],[118.846523,46.765493],[118.816241,46.758181],[118.753816,46.691156],[118.720071,46.676739],[118.60938,46.705781],[118.551967,46.685756],[118.472799,46.685679],[118.335547,46.722162],[118.268987,46.722937],[118.238291,46.715393],[118.169045,46.678496],[118.083882,46.668264],[118.005541,46.626974],[117.900638,46.607596],[117.859297,46.580285],[117.817025,46.527471],[117.797595,46.520262],[117.673365,46.516025],[117.625202,46.535662],[117.568151,46.603539],[117.510067,46.578476],[117.47286,46.584677],[117.393795,46.57137],[117.412502,46.524629],[117.369197,46.475691],[117.357518,46.448406],[117.353074,46.379496],[117.337468,46.357275],[117.301708,46.350144],[116.957853,46.366422],[116.814606,46.38673],[116.722002,46.328698],[116.603559,46.309319],[116.568316,46.290871],[116.525114,46.226792],[116.357166,46.105559],[116.213195,45.908155],[116.207098,45.88087],[116.251643,45.803252],[116.230352,45.769766],[116.169891,45.709097],[116.094856,45.676541],[116.002149,45.675559],[115.767331,45.530142],[115.667389,45.454281],[115.472982,45.412785],[115.33728,45.394698],[115.126337,45.39444],[114.938855,45.373769],[114.737317,45.425032],[114.703313,45.427151],[114.533711,45.3855],[114.519449,45.370927],[114.502292,45.303231],[114.473043,45.259202],[114.418886,45.20148],[114.211767,45.06216],[114.149342,45.030069],[114.089294,44.961753],[114.01705,44.927285],[113.889306,44.908268],[113.83763,44.867908],[113.735621,44.815922],[113.672472,44.768173],[113.635058,44.746262],[113.604776,44.739699],[113.532429,44.74528],[113.473208,44.770705],[113.104858,44.794373],[113.016905,44.82109],[112.973186,44.821245],[112.748497,44.865273],[112.586027,44.923822],[112.523912,44.993275],[112.412807,45.066036],[112.107606,45.067379],[112.011488,45.087482],[111.958261,45.084536],[111.926739,45.06092],[111.843333,45.039526],[111.786489,45.008572],[111.738533,44.9663],[111.551361,44.69319],[111.541026,44.668231],[111.544436,44.618105],[111.538235,44.58343],[111.483768,44.506432],[111.424134,44.448037],[111.397055,44.387369],[111.396435,44.346597],[111.410595,44.326081],[111.473226,44.298848],[111.49059,44.282621],[111.519425,44.18857],[111.543816,44.156737],[111.634457,44.065942],[111.66815,44.041344],[111.780701,43.986205],[111.838785,43.938792],[111.930563,43.820143],[111.944309,43.786372],[111.945136,43.72387],[111.933353,43.696636],[111.845813,43.666922],[111.77264,43.669299],[111.753829,43.663202],[111.567691,43.50254],[111.535031,43.490732],[111.428681,43.483936],[111.401396,43.475513],[111.338558,43.438177],[111.096092,43.366656],[110.973412,43.3156],[110.933724,43.287772],[110.796989,43.148918],[110.680096,43.057657],[110.608163,42.944667],[110.566718,42.91056],[110.449413,42.837335],[110.424815,42.785245],[110.406728,42.768605],[110.139871,42.682615],[110.060186,42.638355],[109.912701,42.62882],[109.667342,42.54898],[109.500013,42.463327],[109.485131,42.449296],[109.328551,42.440486],[109.253414,42.425939],[108.961287,42.447539],[108.862688,42.40886],[108.796852,42.398369],[108.536455,42.435111],[108.319775,42.432553],[108.177355,42.454309],[106.767829,42.286619],[105.868607,41.993484],[105.402744,41.811532],[105.358199,41.785848],[105.274483,41.755463],[105.200896,41.743474],[105.014809,41.596144],[104.97383,41.586145],[104.913678,41.638338],[104.892336,41.644772],[104.601243,41.645444],[104.504918,41.656554],[104.497993,41.665778],[104.500784,41.870598],[103.720986,41.755566],[103.691427,41.759235],[103.073481,42.004517],[102.034164,42.18461],[101.97422,42.20789],[101.886473,42.278015],[101.735371,42.461156],[101.637599,42.515442],[101.524945,42.537456],[101.41074,42.544872],[101.21871,42.529834],[100.016975,42.676518],[99.971551,42.676285],[99.474476,42.564199],[97.193271,42.78726],[96.379264,42.720546],[96.357767,42.724499],[96.337199,42.86648],[96.318699,42.910069],[95.908492,43.214547],[95.874385,43.247103],[95.854955,43.284543],[95.832837,43.408902],[95.692484,43.630542],[95.589235,43.869494],[95.535284,43.95768],[95.510273,43.979125],[95.327545,44.006669],[95.318967,44.017108],[95.328269,44.09824],[95.322688,44.158236],[95.347492,44.214925],[95.389247,44.260762],[95.397722,44.280502],[95.379428,44.287117],[95.036814,44.254974],[94.993819,44.259418],[94.905762,44.294248],[94.69823,44.343496],[94.657199,44.388816],[94.588055,44.4361],[94.430132,44.504468],[94.366364,44.504313],[94.338458,44.512116],[94.27748,44.589579],[94.181879,44.660841],[94.149012,44.667197],[94.103744,44.651643],[94.058579,44.651281],[93.97507,44.659962],[93.927424,44.672933],[93.874507,44.714223],[93.714,44.874575],[93.688265,44.891059],[93.525278,44.951263],[93.420582,44.955087],[93.341,44.984852],[93.244158,44.981545],[93.165713,45.007642],[92.945055,45.005833],[92.847593,45.039112],[92.798914,45.03317],[92.752715,45.037976],[92.63851,45.0156],[92.475109,44.997461],[92.413821,45.011259],[92.331036,45.007848],[92.285354,45.019527],[92.218898,45.010122],[92.19368,45.014514],[92.108414,45.058181],[92.042991,45.074821],[91.919071,45.065571],[91.746989,45.072444],[91.662963,45.059525],[91.563951,45.077146],[91.533978,45.0711],[91.43848,45.146134],[91.41688,45.145669],[91.366547,45.11425],[91.249138,45.129701],[91.184336,45.153834],[91.135036,45.197862],[91.056798,45.217551],[90.975149,45.214864],[90.90549,45.185977],[90.873243,45.186184],[90.857637,45.215071],[90.866629,45.25357],[90.854433,45.270623],[90.796556,45.292844],[90.790458,45.337699],[90.753251,45.42095],[90.737955,45.441724],[90.651138,45.493142],[90.696613,45.730026],[90.710773,45.752196],[90.919235,45.950065],[90.986208,45.993111],[91.002435,46.021843],[91.005432,46.068094],[90.995923,46.113724],[90.948794,46.168294],[90.896188,46.302033],[90.935772,46.343865],[91.035611,46.529073],[91.047496,46.566409],[90.995923,46.594625],[91.01556,46.703197],[91.004812,46.74043],[90.925333,46.813139],[90.919959,46.833628],[90.936495,46.864427],[90.91014,46.892384],[90.885129,46.944733],[90.828182,46.982301],[90.742399,46.991861],[90.712116,47.014702],[90.46872,47.308922],[90.468514,47.323521],[90.485567,47.344915],[90.487221,47.378194],[90.448153,47.404033],[90.441228,47.493045],[90.381594,47.538391],[90.327437,47.623037],[90.349554,47.64779],[90.3448,47.658642],[90.302116,47.678512],[90.163416,47.710009],[90.082852,47.756104],[90.052157,47.8107],[90.064352,47.85062],[90.059856,47.868811],[90.044612,47.879766],[89.96317,47.888654],[89.946685,47.883177],[89.934438,47.844264],[89.921364,47.832094],[89.889066,47.824317],[89.783543,47.818504],[89.751296,47.824317],[89.723391,47.878164],[89.707268,47.889042],[89.655282,47.899816],[89.627376,47.943948],[89.583245,47.962035],[89.571876,48.020455],[89.5418,48.031023],[89.425425,48.021644],[89.354266,48.038774],[89.243989,47.980225],[89.218719,47.976969],[89.074697,47.984256],[89.045551,47.992989],[88.916825,48.105954],[88.805411,48.105954],[88.709189,48.166363],[88.635809,48.175846],[88.596225,48.197679],[88.580774,48.211994],[88.56124,48.268269],[88.558759,48.288087],[88.57297,48.32532],[88.565116,48.342993],[88.50269,48.392551],[88.479126,48.400148],[88.416701,48.394101],[88.383421,48.408674],[88.304873,48.469006],[88.235627,48.493191],[88.165967,48.493734],[88.062511,48.542878],[88.016622,48.539803],[87.983032,48.552335],[87.95182,48.575202],[87.942828,48.599489],[87.989647,48.624165],[88.010162,48.653414],[88.055018,48.673413],[88.063854,48.682611],[88.05941,48.708087],[88.033779,48.72912],[87.975488,48.755992],[87.907585,48.758834],[87.821078,48.788289],[87.805885,48.800588],[87.796067,48.839759],[87.737879,48.86937],[87.735709,48.886733],[87.756896,48.920374],[87.835858,48.945902],[87.8726,48.96802],[87.872238,49.00409],[87.821905,49.02874],[87.815962,49.050599],[87.835548,49.100725],[87.816324,49.165837],[87.716382,49.158861],[87.506059,49.120879],[87.47557,49.087599],[87.400432,49.071011],[87.116315,49.129767],[86.975445,49.092405],[86.859483,49.105324],[86.838193,49.093852],[86.798918,49.042227],[86.743521,49.007707],[86.709415,48.954222],[86.718045,48.912519],[86.741868,48.878723],[86.789462,48.839139],[86.739181,48.783535],[86.751996,48.715426],[86.669004,48.634242],[86.605545,48.59011],[86.565083,48.527323],[86.430621,48.485879],[86.333831,48.4904],[86.307372,48.483088],[86.246704,48.437355],[86.19203,48.418234],[86.005995,48.429551],[85.783683,48.407589],[85.747406,48.390097],[85.718674,48.358832],[85.586383,48.141249],[85.561785,48.030661],[85.517808,47.944646],[85.515379,47.92028],[85.595426,47.624071],[85.595788,47.590895],[85.579975,47.523767],[85.584574,47.492942],[85.600232,47.463202],[85.670357,47.384344],[85.678884,47.363828],[85.667205,47.326053],[85.678987,47.274893],[85.65966,47.206525],[85.647309,47.197895],[85.601627,47.194433],[85.556824,47.178749],[85.498636,47.051832],[85.432129,47.053124],[85.303713,47.039404],[85.225836,47.041574],[85.191523,47.023281],[85.145996,46.97809],[85.048224,46.920703],[84.975774,46.901996],[84.93681,46.861017],[84.916036,46.850552],[84.739613,46.814766],[84.719769,46.821303],[84.715531,46.835179],[84.749586,46.882462],[84.751602,46.91799],[84.731655,46.947756],[84.663545,46.983852],[84.616003,46.98628],[84.521021,46.969796],[84.475753,46.975247],[84.421803,46.993102],[84.265843,47.00013],[84.158149,46.993102],[84.069628,46.964421],[83.999193,46.974317],[83.905348,46.973956],[83.524493,47.067102],[83.353392,47.144979],[83.221979,47.171902],[83.150356,47.211538],[83.071601,47.218514],[83.021475,47.205905],[83.013516,47.194588],[83.01517,47.154384],[82.99822,47.110252],[83.006282,47.080616],[82.985508,47.012532],[82.993363,46.975609],[82.985508,46.94251],[82.838953,46.732446],[82.747435,46.493339],[82.70785,46.434169],[82.674364,46.331127],[82.607856,46.255214],[82.568272,46.19651],[82.541866,46.131501],[82.515872,45.993111],[82.488949,45.901695],[82.447505,45.825421],[82.372212,45.73416],[82.336038,45.635148],[82.304619,45.582852],[82.291493,45.533191],[82.32746,45.493348],[82.362652,45.481204],[82.51303,45.465753],[82.615711,45.435419],[82.631989,45.415834],[82.63385,45.339353],[82.614574,45.248557],[82.585222,45.17683],[82.539747,45.123655],[82.475823,45.115697],[82.427454,45.137246],[82.341826,45.20489],[82.294594,45.228197],[82.245295,45.231814],[82.191758,45.222202],[82.000452,45.153524],[81.950119,45.144481],[81.910121,45.15802],[81.875343,45.181068],[81.793643,45.19564],[81.781447,45.266644],[81.765169,45.307727],[81.739279,45.338061],[81.665227,45.347982],[81.54203,45.293309],[81.144173,45.204684],[81.062524,45.172231],[81.021907,45.161637],[80.976018,45.161069],[80.853855,45.126497],[80.745696,45.144274],[80.69712,45.143654],[80.53682,45.101072],[80.445353,45.104225],[80.425096,45.092132],[80.406389,45.056631],[80.390059,45.045779],[80.29053,45.046244],[80.21901,45.026038],[80.103358,45.032188],[80.061707,45.018959],[79.924661,44.931677],[79.858205,44.90372],[79.843012,44.873489],[79.868644,44.849357],[79.991737,44.793649],[80.039383,44.790497],[80.218287,44.818092],[80.244745,44.815974],[80.314508,44.780317],[80.492275,44.727969],[80.497443,44.714946],[80.491965,44.701717],[80.376313,44.67128],[80.355849,44.652883],[80.359157,44.632574],[80.383755,44.602808],[80.364531,44.569684],[80.330424,44.45305],[80.332905,44.417393],[80.373006,44.270219],[80.373213,44.230996],[80.338899,44.121494],[80.345101,44.103097],[80.403805,44.04894],[80.423132,43.972149],[80.476152,43.910241],[80.712727,43.458873],[80.710143,43.425852],[80.694227,43.394717],[80.64286,43.32622],[80.658466,43.310639],[80.735464,43.288883],[80.748487,43.275163],[80.76523,43.199948],[80.793445,43.14946],[80.787864,43.12804],[80.773395,43.112925],[80.731537,43.101091],[80.710763,43.104786],[80.660017,43.132821],[80.618469,43.134267],[80.575887,43.119411],[80.497856,43.076183],[80.368148,43.02846],[80.355126,43.000581],[80.373833,42.975182],[80.407732,42.954692],[80.476152,42.930275],[80.542918,42.916658],[80.554493,42.898933],[80.548602,42.878469],[80.400498,42.843019],[80.333938,42.817078],[80.264899,42.823666],[80.248259,42.816199],[80.227485,42.790981],[80.188934,42.701581],[80.143769,42.644762],[80.140048,42.622955],[80.162373,42.552391],[80.210535,42.490844],[80.196169,42.434594],[80.2187,42.354935],[80.249499,42.309951],[80.268413,42.237966],[80.249086,42.204893],[80.210328,42.189519],[80.224591,42.125569],[80.256527,42.084357],[80.257561,42.065263],[80.231206,42.033689],[80.181906,42.020976],[79.930862,42.023276],[79.842909,42.00183],[79.812833,41.97762],[79.783274,41.905092],[79.747514,41.879745],[79.610985,41.867626],[79.554658,41.837602],[79.489856,41.819257],[79.390844,41.772697],[79.30413,41.787554],[79.282323,41.783497],[79.19592,41.729521],[79.088743,41.702546],[78.976192,41.6418],[78.915834,41.63317],[78.807313,41.578445],[78.658278,41.532453],[78.645049,41.52372],[78.619211,41.478089],[78.51038,41.454422],[78.41757,41.400471],[78.359899,41.377527],[78.343466,41.362024],[78.339332,41.344041],[78.359692,41.287455],[78.34946,41.270402],[78.275356,41.228854],[78.190503,41.11775],[78.074955,41.039512],[78.036508,41.036101],[77.997647,41.049795],[77.831042,41.062973],[77.650278,40.997137],[77.580721,40.997705],[77.503517,40.981066],[77.474888,40.982047],[77.388795,41.011658],[77.332985,41.02065],[77.243171,41.005664],[77.118838,41.011658],[77.007733,41.044214],[76.860972,41.013208],[76.820871,40.97781],[76.766818,40.944685],[76.757413,40.925772],[76.770848,40.867119],[76.762477,40.847017],[76.674214,40.795444],[76.647859,40.764851],[76.630805,40.728885],[76.624191,40.627547],[76.609411,40.59711],[76.556391,40.56569],[76.531173,40.534995],[76.498927,40.464611],[76.476499,40.436138],[76.313512,40.343327],[76.299353,40.355677],[76.273411,40.434122],[76.244162,40.441202],[76.185044,40.384203],[76.151351,40.368131],[76.07611,40.391954],[76.051616,40.390197],[75.962422,40.357331],[75.921495,40.309117],[75.901858,40.298885],[75.858553,40.296353],[75.772046,40.31015],[75.681819,40.291702],[75.656291,40.32307],[75.638308,40.386115],[75.669314,40.432365],[75.666936,40.450245],[75.617947,40.493964],[75.605648,40.569411],[75.587665,40.611941],[75.559863,40.63287],[75.523793,40.63318],[75.481832,40.614111],[75.26324,40.480166],[75.229237,40.470347],[75.212494,40.444716],[75.19389,40.441254],[75.13808,40.463888],[75.064389,40.443837],[75.002378,40.4473],[74.879181,40.505074],[74.835359,40.511637],[74.820063,40.493964],[74.787404,40.420738],[74.794638,40.405545],[74.853859,40.35883],[74.862128,40.32617],[74.830915,40.319917],[74.746683,40.336505],[74.705755,40.331286],[74.654388,40.291547],[74.565402,40.24695],[74.476622,40.172433],[74.369858,40.105822],[74.333788,40.09373],[74.272293,40.093833],[74.20315,40.109853],[74.167596,40.10639],[74.069515,40.067788],[74.003989,40.060812],[73.976704,40.043603],[73.957894,40.021434],[73.944044,39.970068],[73.893195,39.918133],[73.880689,39.86501],[73.83201,39.82372],[73.818574,39.786048],[73.829529,39.746981],[73.879345,39.727912],[73.893505,39.710394],[73.904253,39.64647],[73.926784,39.592882],[73.921617,39.582133],[73.870457,39.546786],[73.838314,39.475679],[73.820744,39.468186],[73.632642,39.448343],[73.643804,39.351294],[73.602256,39.235772],[73.607837,39.207324],[73.631402,39.175103],[73.673776,39.142625],[73.70933,39.065472],[73.768654,39.029919],[73.81599,38.993771],[73.826119,38.976898],[73.823948,38.944937],[73.809582,38.932663],[73.717185,38.918582],[73.680804,38.872977],[73.683698,38.854942],[73.735892,38.800423],[73.736408,38.721669],[73.772272,38.674617],[73.797387,38.602839],[73.816403,38.586586],[73.887097,38.559043],[73.932882,38.529665],[74.028897,38.527236],[74.045537,38.530414],[74.058766,38.547028],[74.038095,38.579223],[74.037269,38.598472],[74.084397,38.614027],[74.095043,38.645756],[74.123361,38.669475],[74.221443,38.649709],[74.313427,38.669217],[74.334201,38.666995],[74.476622,38.612063],[74.64612,38.56111],[74.696453,38.52398],[74.760325,38.519975],[74.835773,38.455173],[74.844351,38.417243],[74.838253,38.379416],[74.784303,38.325672],[74.771074,38.29154],[74.771281,38.196274],[74.790711,38.081449],[74.809935,38.053208],[74.880421,38.02166],[74.892824,37.994013],[74.890756,37.897714],[74.913701,37.880841],[74.883212,37.843867],[74.886106,37.83056],[74.898405,37.817589],[74.949254,37.795317],[74.96145,37.785473],[74.965171,37.767463],[74.931891,37.721575],[74.923623,37.695323],[74.886106,37.653465],[74.882178,37.634422],[74.891893,37.599205],[74.945223,37.548562],[75.053434,37.493837],[75.103973,37.44061],[75.164125,37.400638],[75.091778,37.378443],[75.079582,37.361235],[75.077102,37.324209],[75.06842,37.312142],[74.951528,37.281291],[74.932924,37.272506],[74.912667,37.238994],[74.892307,37.231114],[74.794018,37.213931],[74.783269,37.219667],[74.737381,37.296123],[74.721464,37.297776],[74.676299,37.263721],[74.650978,37.259639],[74.623279,37.230804],[74.609017,37.230183],[74.59,37.243361],[74.500083,37.23163],[74.487267,37.225946],[74.456674,37.177318],[74.368308,37.167061],[74.366137,37.14776],[74.38257,37.126572],[74.476622,37.083138],[74.519203,37.030247],[74.542354,37.021669],[74.66245,37.054484],[74.677953,37.051693],[74.719191,37.01645],[74.792571,37.015158],[74.824507,36.994125],[74.853239,36.958985],[74.87236,36.907102],[74.885796,36.911443],[74.900782,36.949916],[74.924966,36.970871],[74.976849,36.984281],[75.100149,36.994125],[75.132809,36.984695],[75.195131,36.948883],[75.31347,36.928755],[75.351297,36.915784],[75.377962,36.894287],[75.394498,36.864263],[75.410518,36.747319],[75.431912,36.722928],[75.49258,36.720705],[75.50798,36.747629],[75.570508,36.766749],[75.64978,36.754037],[75.728741,36.723186],[75.849768,36.644741],[75.874779,36.619471],[75.976582,36.462633],[75.987434,36.421189],[75.968623,36.341814],[75.96883,36.301971],[76.011928,36.248124],[76.014409,36.230399],[75.97007,36.202339],[75.977408,36.173762],[75.971517,36.155004],[75.901444,36.113611],[75.894313,36.097384],[75.899997,36.063485],[75.922321,36.031652],[75.953017,36.007261],[75.984333,35.995633],[76.061434,35.991603],[76.08996,35.978115],[76.114661,35.941787],[76.138122,35.826652],[76.166027,35.806239],[76.260389,35.817815],[76.311962,35.80965],[76.348859,35.830992],[76.403119,35.830992],[76.432058,35.8605],[76.500167,35.871507],[76.537168,35.902513],[76.555461,35.897862],[76.56528,35.865461],[76.55112,35.784018],[76.570757,35.751256],[76.676694,35.71379],[76.763407,35.647076],[76.824592,35.647799],[76.842989,35.641288],[76.880506,35.60067],[76.915026,35.583152],[76.976417,35.578656],[77.039049,35.585013],[77.071089,35.571008],[77.105298,35.537987],[77.141265,35.525378],[77.281102,35.528013],[77.383731,35.471996],[77.512199,35.478456],[77.660613,35.458095],[77.689655,35.462694],[77.760349,35.498093],[77.800346,35.495406],[77.834246,35.452152],[77.857087,35.436598],[77.883132,35.431068],[77.912691,35.44099],[77.957856,35.482073],[77.985865,35.494165],[78.044259,35.491633],[78.055628,35.452876],[78.038058,35.398099],[78.009843,35.347456],[78.001161,35.268908],[78.036404,35.194235],[78.130042,35.055432],[78.148129,34.94314],[78.162185,34.908826],[78.211381,34.848262],[78.273186,34.658867],[78.296027,34.624658],[78.335301,34.594375],[78.379432,34.578666],[78.607325,34.546471],[78.664583,34.526421],[78.750676,34.471282],[78.801732,34.415006],[78.922138,34.372296],[78.95118,34.349171],[78.976192,34.309173],[78.988491,34.263129],[78.976192,34.217163],[78.903225,34.158123],[78.806073,34.122983],[78.730109,34.079265],[78.721117,33.994386],[78.770313,33.872352],[78.787263,33.808428],[78.794084,33.74391],[78.781372,33.552785],[78.800905,33.494236],[78.824263,33.461059],[78.964986,33.344254]]],[[[111.010509,19.683783],[110.996593,19.686591],[110.994395,19.694281],[111.000011,19.721666],[110.977061,19.865871],[110.934581,19.995063],[110.920665,20.01203],[110.904307,19.999172],[110.896332,20.004584],[110.869884,19.997016],[110.788341,20.010403],[110.752778,20.047512],[110.710948,20.075181],[110.677908,20.16356],[110.652029,20.117011],[110.640147,20.108344],[110.59311,20.107327],[110.566173,20.069525],[110.570811,20.030666],[110.600922,20.021064],[110.609141,19.989895],[110.62322,19.971829],[110.617849,19.963935],[110.62322,19.940741],[110.605805,19.923163],[110.57545,19.999172],[110.564138,19.984524],[110.550548,19.988471],[110.520763,20.006578],[110.527599,20.020209],[110.424571,20.047512],[110.382986,20.081041],[110.375011,20.063625],[110.382986,20.012763],[110.390636,19.993069],[110.409434,19.980048],[110.417735,19.923407],[110.410899,19.923407],[110.397227,19.978664],[110.368175,20.007799],[110.37672,20.026435],[110.344737,20.058051],[110.324962,20.061225],[110.295177,20.039374],[110.260997,20.033149],[110.156993,20.067369],[110.129731,20.012763],[110.068207,19.984849],[110.115489,19.984849],[110.149587,20.006578],[110.122732,19.974311],[110.109874,19.964993],[110.10255,19.973944],[110.068207,19.978664],[110.013682,19.957506],[110.014659,19.940863],[109.992198,19.92536],[110.006196,19.910346],[109.990082,19.905951],[109.959972,19.917792],[109.951508,19.930854],[109.975597,19.932278],[109.972423,19.948188],[109.944672,19.978664],[109.942638,19.990912],[109.883311,19.984849],[109.870372,19.953355],[109.83546,19.930854],[109.835134,19.973334],[109.815929,19.991197],[109.807628,19.951361],[109.763682,19.974351],[109.737559,19.978095],[109.725597,19.957506],[109.71811,19.957506],[109.725597,19.971829],[109.7199,19.985297],[109.728363,19.99787],[109.719005,20.010647],[109.668142,20.006903],[109.642589,19.992336],[109.626313,19.997952],[109.595714,19.99315],[109.527029,19.951361],[109.530935,19.930121],[109.537364,19.924465],[109.544607,19.933336],[109.557465,19.917304],[109.554454,19.910346],[109.525401,19.911851],[109.515636,19.905219],[109.520193,19.882473],[109.581716,19.861965],[109.581716,19.855699],[109.53297,19.852607],[109.527029,19.861965],[109.465017,19.834052],[109.455333,19.864936],[109.443614,19.872992],[109.412608,19.861396],[109.368826,19.889309],[109.3213,19.892035],[109.311371,19.919501],[109.255138,19.898342],[109.248709,19.868842],[109.211192,19.848293],[109.19752,19.827826],[109.16684,19.805487],[109.163341,19.724799],[109.235606,19.762356],[109.273204,19.793647],[109.307384,19.786851],[109.286794,19.773179],[109.2942,19.759508],[109.274669,19.757229],[109.307384,19.711127],[109.258962,19.731635],[109.211192,19.724799],[109.205821,19.698432],[109.192068,19.678453],[109.156505,19.649644],[109.078868,19.612738],[109.008474,19.597073],[108.992686,19.567776],[108.940766,19.514106],[108.944835,19.492011],[108.92449,19.506252],[108.869802,19.457913],[108.790294,19.423163],[108.76295,19.388983],[108.729177,19.377997],[108.686534,19.377875],[108.669281,19.343736],[108.677257,19.327582],[108.66684,19.325181],[108.662608,19.309719],[108.644786,19.31037],[108.649425,19.299628],[108.626964,19.27497],[108.63795,19.248969],[108.622081,19.217719],[108.66391,19.209621],[108.671886,19.173],[108.683442,19.156236],[108.683442,19.150051],[108.663097,19.156236],[108.644298,19.124172],[108.615245,19.10163],[108.642589,19.018459],[108.642589,18.982815],[108.656261,18.943996],[108.653819,18.921047],[108.623871,18.849189],[108.668142,18.788642],[108.693614,18.719875],[108.690929,18.604722],[108.674083,18.554836],[108.684906,18.515204],[108.710704,18.499661],[108.795584,18.486558],[108.885916,18.426663],[108.95281,18.402289],[108.990896,18.36872],[109.091645,18.368598],[109.122081,18.358222],[109.135997,18.361151],[109.129161,18.34748],[109.139496,18.340725],[109.149669,18.299709],[109.162608,18.287828],[109.21811,18.30565],[109.333507,18.304267],[109.439952,18.288967],[109.480724,18.264797],[109.492931,18.245063],[109.500173,18.259508],[109.506521,18.252753],[109.509613,18.23078],[109.492686,18.228095],[109.465017,18.204088],[109.478689,18.192694],[109.510753,18.213609],[109.533946,18.210354],[109.529552,18.227688],[109.561209,18.258734],[109.566254,18.242987],[109.547618,18.220852],[109.568044,18.193183],[109.561209,18.169338],[109.587657,18.181586],[109.615733,18.176174],[109.603526,18.198798],[109.60613,18.208889],[109.62908,18.227362],[109.677257,18.245063],[109.690684,18.209174],[109.708751,18.207221],[109.728038,18.224677],[109.739268,18.258734],[109.670421,18.26557],[109.670421,18.273017],[109.7046,18.292222],[109.717784,18.273098],[109.731781,18.273017],[109.726573,18.303778],[109.750011,18.373603],[109.746104,18.395901],[109.795665,18.405178],[109.814464,18.402086],[109.83546,18.38227],[109.898285,18.414252],[109.96518,18.416327],[109.981944,18.435492],[109.992524,18.429389],[109.992524,18.443061],[110.006196,18.429389],[110.020518,18.450507],[110.023448,18.429389],[110.013682,18.408922],[109.968598,18.405504],[109.968598,18.389838],[110.040294,18.38227],[110.052582,18.390204],[110.040294,18.425971],[110.044607,18.440131],[110.053233,18.440619],[110.061371,18.408922],[110.068207,18.408922],[110.08253,18.477769],[110.074067,18.489081],[110.046153,18.495917],[110.03419,18.511949],[110.088145,18.50434],[110.103282,18.539374],[110.121104,18.555813],[110.227224,18.642157],[110.270844,18.668158],[110.307872,18.662787],[110.327322,18.679348],[110.380138,18.690497],[110.403494,18.703762],[110.410899,18.690131],[110.345388,18.680854],[110.335216,18.673326],[110.344493,18.664618],[110.388682,18.675035],[110.403494,18.662787],[110.426768,18.680894],[110.431,18.69245],[110.424571,18.703762],[110.450369,18.756537],[110.469005,18.777167],[110.492849,18.77204],[110.498546,18.781643],[110.534434,18.785631],[110.503429,18.881903],[110.493663,18.876044],[110.502452,18.811225],[110.492849,18.793118],[110.465017,18.804511],[110.445079,18.803656],[110.431488,18.821479],[110.458751,18.848334],[110.465587,18.881903],[110.509125,18.897773],[110.513357,18.906399],[110.507091,18.930325],[110.518077,18.993476],[110.563243,19.05565],[110.582286,19.150051],[110.57545,19.150051],[110.554942,19.087348],[110.556814,19.120022],[110.546235,19.139879],[110.524181,19.128323],[110.507335,19.132229],[110.479177,19.169257],[110.510102,19.150051],[110.544444,19.150051],[110.568614,19.163072],[110.580333,19.155178],[110.621593,19.230658],[110.641368,19.312445],[110.666026,19.31977],[110.677908,19.334377],[110.669688,19.381741],[110.685802,19.393052],[110.698253,19.416938],[110.732432,19.416938],[110.757579,19.430894],[110.764496,19.440823],[110.760265,19.457913],[110.796235,19.484605],[110.802501,19.517401],[110.821788,19.554104],[110.794444,19.601264],[110.826427,19.621772],[110.847667,19.622463],[110.862641,19.60871],[110.825694,19.603258],[110.818533,19.591051],[110.821788,19.567776],[110.842784,19.539944],[110.858653,19.534817],[110.876475,19.539781],[110.965831,19.635972],[111.034679,19.642239],[111.010509,19.683783]]],[[[111.962657,21.65762],[111.94516,21.650133],[111.928233,21.664455],[111.835297,21.643948],[111.845063,21.623969],[111.842052,21.606838],[111.809337,21.565497],[111.863292,21.568264],[111.909679,21.600531],[111.999848,21.621161],[112.007335,21.643948],[111.999848,21.653998],[111.962657,21.65762]]],[[[112.645356,21.712836],[112.555919,21.678127],[112.567882,21.660631],[112.524262,21.626899],[112.51824,21.616767],[112.525401,21.598863],[112.539236,21.598944],[112.555919,21.62344],[112.607188,21.616034],[112.62379,21.633287],[112.650401,21.640448],[112.63795,21.664455],[112.654552,21.698472],[112.645356,21.712836]]],[[[112.844005,21.774319],[112.850271,21.774319],[112.821137,21.774807],[112.795665,21.766832],[112.777517,21.77265],[112.764903,21.731757],[112.747813,21.733344],[112.711681,21.702541],[112.706228,21.688381],[112.715587,21.680243],[112.774425,21.691718],[112.767589,21.663479],[112.734386,21.62873],[112.737153,21.612616],[112.753673,21.607367],[112.764903,21.581855],[112.799653,21.579088],[112.810557,21.589301],[112.793468,21.608222],[112.810557,21.65762],[112.797537,21.705878],[112.831798,21.735907],[112.862559,21.745592],[112.868175,21.757554],[112.862559,21.769436],[112.844005,21.774319]]],[[[113.391449,22.027533],[113.412608,22.075995],[113.398936,22.068508],[113.38266,22.089586],[113.343598,22.068508],[113.309418,22.024115],[113.323497,22.011949],[113.405772,22.007025],[113.391449,22.027533]]],[[[113.364757,22.157904],[113.327973,22.145819],[113.32309,22.157904],[113.308442,22.148627],[113.298676,22.128567],[113.271739,22.120022],[113.264171,22.104926],[113.279145,22.074693],[113.289073,22.068508],[113.31365,22.076402],[113.336192,22.100491],[113.364757,22.157904]]],[[[113.573009,22.830064],[113.527029,22.846625],[113.475597,22.900702],[113.432953,22.912014],[113.405121,22.908108],[113.396169,22.898098],[113.40211,22.88288],[113.455903,22.830756],[113.473155,22.825385],[113.473969,22.849311],[113.480805,22.849311],[113.506114,22.798041],[113.521169,22.787909],[113.528575,22.802151],[113.544607,22.768785],[113.558279,22.75788],[113.594574,22.75609],[113.602875,22.772447],[113.573009,22.830064]]],[[[117.071544,23.47309],[117.049083,23.474084],[117.037579,23.446901],[117.01002,23.438951],[116.982188,23.459459],[116.942989,23.430062],[116.948098,23.421805],[117.004009,23.419759],[117.048897,23.40471],[117.082877,23.411144],[117.128781,23.399369],[117.141794,23.449653],[117.122569,23.465522],[117.125852,23.482692],[117.108945,23.482294],[117.090328,23.461077],[117.071544,23.47309]]],[[[117.468901,23.75309],[117.447782,23.742252],[117.41977,23.754299],[117.413585,23.771674],[117.385916,23.774156],[117.372732,23.76675],[117.376689,23.728865],[117.342459,23.699652],[117.340505,23.688951],[117.375499,23.689399],[117.393728,23.679185],[117.369125,23.622357],[117.320483,23.574016],[117.37446,23.572654],[117.431559,23.58263],[117.415375,23.608222],[117.421149,23.646464],[117.444835,23.664944],[117.467219,23.657934],[117.479835,23.662678],[117.476543,23.689432],[117.484156,23.710793],[117.495942,23.72016],[117.516191,23.716278],[117.526661,23.740107],[117.468901,23.75309]]],[[[119.305431,26.035956],[119.257579,26.047553],[119.209239,26.098578],[119.217784,26.059027],[119.246837,26.026557],[119.257579,26.001451],[119.381114,25.966986],[119.404959,25.977932],[119.401215,25.996039],[119.305431,26.035956]]],[[[121.255531,28.140001],[121.268893,28.193942],[121.256403,28.214798],[121.230588,28.219733],[121.210948,28.20897],[121.20407,28.189707],[121.165283,28.150534],[121.120372,28.135688],[121.130626,28.103461],[121.155235,28.071368],[121.146734,28.057811],[121.151573,28.041232],[121.1864,28.0437],[121.218512,28.058463],[121.219249,28.067857],[121.231456,28.065009],[121.238129,28.071194],[121.238129,28.092922],[121.279145,28.085435],[121.285352,28.101946],[121.255531,28.140001]]],[[[122.23878,30.313137],[122.22047,30.320705],[122.225108,30.332343],[122.211436,30.346625],[122.152843,30.322699],[122.104177,30.314154],[122.073578,30.291409],[122.137706,30.254625],[122.202322,30.241929],[122.214529,30.247301],[122.219574,30.270453],[122.231944,30.277737],[122.203868,30.285142],[122.203868,30.291409],[122.23878,30.313137]]],[[[122.374685,30.457343],[122.369151,30.476996],[122.337413,30.458482],[122.31129,30.472642],[122.290782,30.471666],[122.28712,30.48314],[122.28004,30.482611],[122.273774,30.451361],[122.28712,30.442206],[122.272797,30.435981],[122.285411,30.422065],[122.347992,30.435981],[122.423106,30.414944],[122.410981,30.452135],[122.374685,30.457343]]],[[[121.837738,31.375149],[121.7942,31.368801],[121.813243,31.320787],[121.834727,31.292548],[121.866222,31.304185],[121.881847,31.336615],[121.867849,31.366197],[121.837738,31.375149]]],[[[119.875011,32.155219],[119.832856,32.252143],[119.814301,32.27558],[119.78533,32.291693],[119.750824,32.293118],[119.716156,32.27265],[119.719493,32.249579],[119.749848,32.228013],[119.819347,32.203762],[119.791026,32.165473],[119.792003,32.121772],[119.858735,32.101549],[119.901866,32.073391],[119.875011,32.155219]]],[[[122.3213,39.165961],[122.333995,39.146308],[122.376313,39.16059],[122.388927,39.15233],[122.402599,39.159125],[122.388927,39.187079],[122.402599,39.213813],[122.354828,39.195624],[122.3213,39.165961]]],[[[122.635997,39.23428],[122.635997,39.228013],[122.69752,39.221259],[122.690684,39.193305],[122.725597,39.210028],[122.739513,39.222235],[122.741954,39.23607],[122.718598,39.241889],[122.635997,39.23428]]],[[[122.684418,39.262193],[122.643891,39.27851],[122.584727,39.284369],[122.54656,39.296942],[122.505056,39.296942],[122.533458,39.271674],[122.586192,39.258002],[122.643077,39.255072],[122.684418,39.262193]]],[[[121.422537,39.474514],[121.340587,39.48135],[121.311046,39.447943],[121.26588,39.43358],[121.259451,39.391506],[121.27296,39.385077],[121.296153,39.391425],[121.340587,39.440334],[121.364268,39.445461],[121.375255,39.442369],[121.379649,39.424872],[121.336111,39.387356],[121.336925,39.377387],[121.421723,39.373684],[121.433604,39.38581],[121.435557,39.416205],[121.41627,39.440334],[121.443126,39.441148],[121.45045,39.450263],[121.422537,39.474514]]],[[[122.964366,39.515448],[122.979747,39.499335],[123.005707,39.497301],[123.029959,39.50788],[123.04005,39.529731],[123.017589,39.544501],[122.989757,39.549506],[122.968028,39.541083],[122.964366,39.515448]]],[[[110.595876,20.958726],[110.602712,20.964911],[110.547537,20.917711],[110.589203,20.88349],[110.624522,20.915188],[110.632498,20.936672],[110.62794,20.948635],[110.595876,20.958726]]],[[[110.547537,21.037258],[110.538829,21.073065],[110.526378,21.082099],[110.507091,21.082221],[110.47283,21.061672],[110.43214,21.057278],[110.417735,21.040595],[110.408214,21.048245],[110.389822,21.095893],[110.371349,21.080959],[110.342621,21.074652],[110.287364,21.074449],[110.295421,21.063056],[110.307953,21.060858],[110.335216,21.06859],[110.326915,21.05744],[110.309906,21.052924],[110.273123,21.061103],[110.270681,21.044867],[110.287364,21.040595],[110.287364,21.03384],[110.24586,21.027574],[110.265391,21.00434],[110.261892,20.992987],[110.24586,20.986029],[110.266612,20.972642],[110.363048,21.005845],[110.441417,21.005845],[110.493012,20.977973],[110.502696,20.947496],[110.516938,20.937649],[110.526052,20.941596],[110.520763,20.972357],[110.547537,21.037258]]],[[[110.616954,21.19892],[110.594005,21.202786],[110.577322,21.190985],[110.554942,21.156724],[110.547537,21.156724],[110.550059,21.168443],[110.568614,21.191474],[110.543224,21.204169],[110.492931,21.183905],[110.46339,21.190741],[110.496267,21.195217],[110.499848,21.206285],[110.462169,21.205146],[110.434337,21.186591],[110.417735,21.184638],[110.417735,21.178453],[110.451915,21.178453],[110.445323,21.165676],[110.461436,21.151068],[110.479177,21.150458],[110.472911,21.16413],[110.479177,21.16413],[110.489024,21.150092],[110.507091,21.143704],[110.50587,21.126858],[110.520681,21.111802],[110.543224,21.104967],[110.565196,21.112616],[110.599457,21.17829],[110.616954,21.19892]]],[[[118.09254,24.55622],[118.072032,24.49787],[118.074718,24.483954],[118.082286,24.482327],[118.106212,24.494127],[118.103038,24.479885],[118.072032,24.467475],[118.069998,24.460273],[118.092052,24.438463],[118.136485,24.429267],[118.153819,24.437079],[118.16391,24.47191],[118.188731,24.494127],[118.181407,24.535102],[118.137869,24.536526],[118.09254,24.55622]]],[[[119.846528,25.536322],[119.874522,25.556789],[119.816905,25.57982],[119.832856,25.590888],[119.813487,25.608832],[119.792003,25.60456],[119.77589,25.635728],[119.781749,25.659166],[119.76352,25.659491],[119.730479,25.646145],[119.698741,25.612616],[119.692719,25.594224],[119.702647,25.577297],[119.727061,25.590888],[119.730479,25.581],[119.716156,25.536322],[119.726329,25.525133],[119.7588,25.530748],[119.778331,25.52204],[119.766368,25.506252],[119.748546,25.50259],[119.686209,25.507717],[119.668468,25.48786],[119.68922,25.480455],[119.709972,25.48786],[119.711762,25.46955],[119.697765,25.45661],[119.693044,25.437649],[119.722179,25.413804],[119.757335,25.404934],[119.757823,25.433254],[119.771983,25.450588],[119.821056,25.467515],[119.846528,25.461168],[119.839692,25.479153],[119.806407,25.495836],[119.798839,25.515815],[119.818614,25.545803],[119.834483,25.54914],[119.846528,25.536322]]],[[[121.951915,29.152289],[121.926606,29.166734],[121.881358,29.160305],[121.868175,29.147406],[121.871593,29.126614],[121.900157,29.093736],[121.888682,29.072333],[121.935313,29.062893],[121.958344,29.101874],[121.951915,29.152289]]],[[[122.122081,29.7508],[122.122081,29.778713],[122.107432,29.789618],[122.068207,29.779527],[122.032888,29.730943],[122.04005,29.716376],[122.092784,29.725775],[122.121104,29.691718],[122.127452,29.669013],[122.149425,29.68183],[122.149425,29.66885],[122.16977,29.675035],[122.162934,29.654527],[122.18686,29.673407],[122.177013,29.696845],[122.122081,29.7508]]],[[[122.408051,29.899848],[122.409679,29.9112],[122.395193,29.922065],[122.407481,29.930609],[122.406749,29.952704],[122.359141,29.946275],[122.346446,29.949408],[122.341807,29.963039],[122.32545,29.953925],[122.325206,29.927883],[122.367361,29.895901],[122.369151,29.883612],[122.357107,29.861721],[122.377208,29.838935],[122.395193,29.833319],[122.382823,29.864732],[122.408051,29.899848]]],[[[121.881847,30.076361],[121.853038,30.087144],[121.834727,30.044989],[121.828868,29.997504],[121.860118,29.978095],[121.889659,29.983954],[121.910492,30.024115],[121.90919,30.044989],[121.885265,30.061184],[121.881847,30.076361]]],[[[122.327485,30.024482],[122.30421,30.041978],[122.289561,30.067328],[122.256114,30.068183],[122.22934,30.09162],[122.173595,30.10224],[122.164806,30.12051],[122.132335,30.123765],[122.103282,30.143704],[121.97462,30.148017],[121.963145,30.142401],[121.980805,30.090074],[121.973399,30.059963],[121.99171,30.038072],[122.012218,30.031928],[122.009613,30.00434],[122.019054,29.997219],[122.065278,30.015937],[122.098969,30.014472],[122.229177,29.978664],[122.29363,29.933783],[122.306977,29.997219],[122.326671,30.01081],[122.327485,30.024482]]],[[[121.844075,31.607947],[121.721227,31.630313],[121.663223,31.652352],[121.475304,31.77077],[121.386133,31.811736],[121.322564,31.829331],[121.264065,31.841077],[121.219301,31.829473],[121.176288,31.784323],[121.224511,31.737667],[121.285899,31.704047],[121.314464,31.655585],[121.517456,31.568392],[121.571544,31.529364],[121.68463,31.506807],[121.817326,31.44665],[121.851374,31.439179],[121.977851,31.477771],[121.986598,31.503897],[121.980086,31.540296],[121.918966,31.578463],[121.844075,31.607947]]],[[[111.196544,15.775377],[111.20753,15.782172],[111.20753,15.789293],[111.1963,15.785712],[111.196544,15.775377]]],[[[111.763357,16.043443],[111.761404,16.048651],[111.753429,16.047431],[111.753103,16.044664],[111.763357,16.043443]]],[[[109.100922,21.021186],[109.127696,21.032172],[109.136241,21.051011],[109.122732,21.065416],[109.099864,21.060696],[109.090505,21.041938],[109.100922,21.021186]]],[[[120.748383,37.938707],[120.727061,37.947659],[120.722423,37.919094],[120.726329,37.90884],[120.754568,37.896674],[120.757335,37.922675],[120.748383,37.938707]]],[[[120.606781,37.979885],[120.601899,37.969306],[120.615489,37.94831],[120.622895,37.948798],[120.625824,37.972561],[120.618988,37.981147],[120.606781,37.979885]]],[[[120.704112,37.989651],[120.688243,37.985256],[120.700531,37.969875],[120.72047,37.964016],[120.727306,37.969428],[120.704112,37.989651]]],[[[120.742686,38.187567],[120.73878,38.175605],[120.746593,38.161851],[120.773285,38.159735],[120.742686,38.187567]]],[[[120.806488,38.288235],[120.836192,38.304267],[120.833751,38.312567],[120.807384,38.304877],[120.799978,38.293891],[120.806488,38.288235]]],[[[120.914236,38.384101],[120.924571,38.386868],[120.917817,38.395453],[120.906912,38.392564],[120.914236,38.384101]]],[[[123.180675,39.091946],[123.143565,39.080878],[123.164724,39.066392],[123.164887,39.060492],[123.153087,39.062323],[123.145193,39.04328],[123.160655,39.029242],[123.195567,39.052069],[123.180675,39.091946]]],[[[111.606293,16.524237],[111.60963,16.528266],[111.602875,16.533352],[111.606293,16.524237]]],[[[112.735037,16.657945],[112.733409,16.666083],[112.726248,16.669013],[112.725271,16.666205],[112.735037,16.657945]]],[[[112.333181,16.825019],[112.33546,16.832587],[112.327891,16.837104],[112.327159,16.829739],[112.333181,16.825019]]],[[[112.333669,16.933254],[112.33546,16.923814],[112.340505,16.92357],[112.341075,16.926988],[112.333669,16.933254]]],[[[110.471365,20.647366],[110.437022,20.667914],[110.417654,20.654771],[110.435802,20.638495],[110.457286,20.586859],[110.475841,20.595933],[110.471365,20.647366]]],[[[113.267833,21.943305],[113.247732,21.943183],[113.2317,21.934475],[113.22169,21.91413],[113.225841,21.900824],[113.258474,21.880439],[113.283702,21.91352],[113.267833,21.943305]]],[[[113.771747,22.000343],[113.736279,21.997162],[113.748206,21.972788],[113.764477,21.966818],[113.775921,21.985859],[113.771747,22.000343]]],[[[114.310069,22.06859],[114.30421,22.069281],[114.28297,22.052558],[114.206716,22.025784],[114.222423,22.021674],[114.302501,22.044867],[114.310069,22.06859]]],[[[113.473481,22.098538],[113.470225,22.077623],[113.484711,22.071357],[113.53891,22.082099],[113.547618,22.092597],[113.532563,22.095364],[113.52711,22.106106],[113.532725,22.120307],[113.518891,22.127265],[113.471528,22.114081],[113.464854,22.10814],[113.473481,22.098538]]],[[[113.623379,22.439872],[113.611816,22.43047],[113.610441,22.413337],[113.612272,22.397962],[113.621187,22.391419],[113.642347,22.40019],[113.642422,22.411421],[113.657825,22.423751],[113.649595,22.438566],[113.623379,22.439872]]],[[[113.525501,22.744873],[113.476539,22.731268],[113.476511,22.719514],[113.562427,22.655683],[113.60261,22.611521],[113.628015,22.595785],[113.641832,22.601624],[113.64511,22.625115],[113.635687,22.656475],[113.573204,22.700698],[113.559505,22.735],[113.525501,22.744873]]],[[[113.52921,22.960354],[113.515376,22.96922],[113.505754,22.951609],[113.50996,22.921216],[113.523757,22.896679],[113.545014,22.879961],[113.553542,22.885811],[113.553599,22.911281],[113.54514,22.937762],[113.529186,22.948594],[113.52921,22.960354]]],[[[116.995616,23.563544],[116.974376,23.559394],[116.936046,23.535549],[116.937266,23.526272],[116.970958,23.514635],[116.987804,23.524115],[117.009288,23.554999],[116.995616,23.563544]]],[[[119.511974,25.213446],[119.49171,25.2414],[119.470388,25.252183],[119.444672,25.229071],[119.461192,25.203315],[119.512706,25.198798],[119.510916,25.182318],[119.528982,25.165351],[119.542166,25.165351],[119.553396,25.195258],[119.567556,25.204901],[119.511974,25.213446]]],[[[119.343272,25.57331],[119.331716,25.571275],[119.307465,25.54682],[119.281505,25.482896],[119.296886,25.422919],[119.334972,25.437974],[119.330577,25.467353],[119.352061,25.552232],[119.343272,25.57331]]],[[[119.626964,26.107896],[119.599376,26.128119],[119.57488,26.119534],[119.553966,26.095649],[119.565278,26.080471],[119.620372,26.064195],[119.644054,26.078437],[119.626964,26.107896]]],[[[120.35255,26.923774],[120.385671,26.935167],[120.363048,26.963039],[120.3449,26.971951],[120.322195,26.962104],[120.318533,26.948594],[120.35255,26.923774]]],[[[121.074002,27.479484],[121.046109,27.465199],[121.067264,27.43677],[121.076517,27.438498],[121.066487,27.454984],[121.103365,27.45188],[121.103479,27.46007],[121.074002,27.479484]]],[[[121.153656,27.856431],[121.156749,27.848782],[121.149181,27.845771],[121.114024,27.844143],[121.096039,27.827867],[121.097992,27.817816],[121.138438,27.824856],[121.171235,27.818793],[121.173025,27.84101],[121.189301,27.848293],[121.188487,27.863715],[121.153656,27.856431]]],[[[121.049327,27.950873],[121.071788,27.957261],[121.103282,27.946194],[121.139171,27.956977],[121.139659,27.965766],[121.111339,27.983791],[121.07016,27.982896],[121.045177,27.967475],[121.040212,27.957953],[121.049327,27.950873]]],[[[121.862153,29.129584],[121.843923,29.141913],[121.789806,29.149848],[121.782725,29.124661],[121.814464,29.115383],[121.842052,29.095038],[121.853526,29.097561],[121.867361,29.11579],[121.862153,29.129584]]],[[[122.304698,29.81745],[122.312022,29.829047],[122.271169,29.846829],[122.247732,29.846096],[122.2317,29.836249],[122.251313,29.806098],[122.30836,29.776272],[122.314708,29.783677],[122.304698,29.81745]]],[[[121.959972,29.953192],[121.940929,29.93769],[121.933604,29.921332],[121.946137,29.903957],[121.974132,29.899848],[121.992442,29.908271],[121.9935,29.91885],[121.959972,29.953192]]],[[[122.345714,30.241929],[122.380626,30.263739],[122.395844,30.239447],[122.408539,30.243964],[122.407725,30.265937],[122.382579,30.277167],[122.323985,30.272162],[122.277599,30.235541],[122.305349,30.240139],[122.345714,30.241929]]],[[[122.529307,30.720771],[122.472911,30.717231],[122.429942,30.743069],[122.434744,30.727118],[122.427257,30.703925],[122.455251,30.693996],[122.474376,30.702582],[122.52475,30.701809],[122.531098,30.704413],[122.529307,30.720771]]],[[[121.76238,31.373765],[121.691254,31.419176],[121.618175,31.443793],[121.584483,31.441392],[121.72047,31.357733],[121.766368,31.320624],[121.78004,31.325181],[121.782237,31.341783],[121.76238,31.373765]]],[[[118.632743,39.074581],[118.614637,39.067649],[118.628711,39.048554],[118.577812,39.008619],[118.559718,39.003125],[118.526381,39.046694],[118.488193,39.050492],[118.478483,39.042858],[118.469477,39.006319],[118.470698,38.970551],[118.4909,38.943187],[118.480276,38.93482],[118.502699,38.919028],[118.514308,38.919445],[118.594321,38.972197],[118.648736,39.044651],[118.648672,39.055851],[118.632743,39.074581]]],[[[111.680268,16.578152],[111.681651,16.580186],[111.678884,16.581122],[111.680268,16.578152]]]]}}
