{"type":"Feature","properties":{"mrgid":23373,"name":"NAFO 0B","placeType":"NAFO Area","source":"World:nafo_2014_02"},"geometry":{"type":"MultiPolygon","coordinates":[[[[-66.238304,61.852699],[-66.241949,61.853838],[-66.237785,61.850975],[-66.238304,61.852699]]],[[[-66.272087,61.875916],[-66.274692,61.876349],[-66.272396,61.87477],[-66.272087,61.875916]]],[[[-67.075081,66.656479],[-67.164291,66.668709],[-67.168869,66.66597],[-67.060089,66.647598],[-66.846657,66.565033],[-66.981216,66.527931],[-67.000671,66.53614],[-67.016663,66.52565],[-67.013786,66.51767],[-67.119637,66.531288],[-67.128883,66.543823],[-67.148857,66.537193],[-67.162445,66.520302],[-67.14357,66.519188],[-67.142929,66.510071],[-67.128616,66.507347],[-67.120628,66.508492],[-67.122391,66.515106],[-67.058929,66.51355],[-67.054916,66.510361],[-67.078911,66.508301],[-67.06118,66.50489],[-67.051414,66.491898],[-67.073631,66.481628],[-67.102188,66.483208],[-67.111938,66.490723],[-67.13929,66.482262],[-67.190811,66.497704],[-67.171547,66.515511],[-67.20372,66.531425],[-67.20668,66.540764],[-67.247932,66.545258],[-67.275047,66.561394],[-67.30545,66.564758],[-67.317169,66.58297],[-67.305367,66.599182],[-67.312881,66.602814],[-67.348747,66.58609],[-67.361496,66.59404],[-67.386658,66.590324],[-67.404755,66.57637],[-67.450073,66.578979],[-67.49456,66.620781],[-67.485077,66.633812],[-67.51947,66.65535],[-67.522171,66.648048],[-67.499985,66.632393],[-67.502693,66.62532],[-67.563568,66.625557],[-67.493843,66.588638],[-67.525642,66.57531],[-67.507507,66.55896],[-67.555069,66.560158],[-67.617355,66.597305],[-67.639503,66.589462],[-67.608101,66.572952],[-67.732956,66.571259],[-67.850998,66.618515],[-67.930717,66.630821],[-67.795441,66.588722],[-67.764381,66.568596],[-67.703774,66.553612],[-67.410408,66.541702],[-67.350426,66.548012],[-67.339958,66.537552],[-67.289497,66.529678],[-67.25322,66.50946],[-67.243355,66.496941],[-67.256294,66.480957],[-67.180771,66.461693],[-67.184128,66.454849],[-67.113892,66.43988],[-67.109306,66.435554],[-67.124649,66.430298],[-67.142899,66.433014],[-67.12735,66.409554],[-67.146065,66.400871],[-67.128975,66.397469],[-67.122025,66.379471],[-67.11467,66.384949],[-67.120941,66.393173],[-67.113487,66.389931],[-67.100388,66.374016],[-67.165665,66.364151],[-67.23494,66.410553],[-67.233299,66.41671],[-67.25042,66.419876],[-67.239708,66.429237],[-67.286659,66.446709],[-67.291176,66.443962],[-67.2687,66.4244],[-67.227402,66.397804],[-67.248398,66.393661],[-67.269035,66.405937],[-67.301994,66.402908],[-67.309479,66.408592],[-67.325378,66.406052],[-67.272903,66.397041],[-67.325165,66.392143],[-67.340096,66.401001],[-67.337936,66.408531],[-67.348763,66.409187],[-67.340912,66.416954],[-67.304489,66.418175],[-67.392387,66.429817],[-67.388451,66.433022],[-67.423355,66.440903],[-67.416908,66.431122],[-67.397469,66.427528],[-67.342247,66.393013],[-67.338112,66.383453],[-67.316582,66.38829],[-67.266449,66.381546],[-67.306091,66.379242],[-67.174103,66.35479],[-67.105675,66.309502],[-67.109024,66.30175],[-67.137939,66.303093],[-67.161102,66.294403],[-67.235413,66.302505],[-67.215492,66.294556],[-67.249962,66.287437],[-67.219826,66.276543],[-67.225945,66.266045],[-67.236694,66.266487],[-67.240784,66.276962],[-67.264542,66.27578],[-67.26268,66.262794],[-67.319138,66.292542],[-67.322998,66.28524],[-67.333214,66.286583],[-67.342468,66.298874],[-67.32325,66.302109],[-67.361435,66.315468],[-67.368805,66.314995],[-67.356171,66.30545],[-67.362801,66.294716],[-67.357079,66.291313],[-67.394524,66.294868],[-67.381912,66.286011],[-67.405808,66.29187],[-67.44381,66.32299],[-67.450836,66.333908],[-67.445953,66.345322],[-67.483574,66.352272],[-67.486343,66.401733],[-67.501053,66.397804],[-67.492973,66.392822],[-67.503014,66.383896],[-67.529121,66.381752],[-67.546364,66.389442],[-67.54953,66.402878],[-67.639969,66.421898],[-67.645264,66.428032],[-67.626549,66.430847],[-67.626869,66.442696],[-67.651321,66.440544],[-67.666405,66.469658],[-67.69165,66.474327],[-67.720093,66.489471],[-67.727913,66.502205],[-67.785751,66.50602],[-67.771507,66.490128],[-67.748444,66.483177],[-67.773048,66.467781],[-67.753632,66.467194],[-67.733513,66.480515],[-67.695503,66.469528],[-67.68705,66.453835],[-67.66404,66.446869],[-67.699585,66.434624],[-67.725418,66.440887],[-67.73439,66.454063],[-67.797272,66.458763],[-67.838058,66.482712],[-67.829758,66.490051],[-67.841423,66.496826],[-67.832047,66.506226],[-67.844925,66.514587],[-67.871643,66.510559],[-67.849617,66.502251],[-67.862625,66.498528],[-67.857727,66.48967],[-67.87252,66.488213],[-67.889175,66.490623],[-67.90464,66.506722],[-67.896362,66.514297],[-67.90564,66.517662],[-67.926842,66.518898],[-67.920303,66.512558],[-67.934288,66.504944],[-67.958031,66.51255],[-67.973793,66.506752],[-67.932098,66.492874],[-67.925575,66.486763],[-67.930351,66.477608],[-67.895813,66.47007],[-67.854469,66.44751],[-67.852676,66.414009],[-67.820557,66.407112],[-67.759842,66.360703],[-67.735107,66.350792],[-67.724571,66.340813],[-67.728294,66.332817],[-67.719727,66.312569],[-67.707275,66.313309],[-67.708145,66.304642],[-67.685478,66.285599],[-67.745399,66.282127],[-67.743423,66.273468],[-67.727493,66.270813],[-67.698769,66.275513],[-67.72039,66.279053],[-67.686882,66.275795],[-67.737061,66.25116],[-67.788177,66.257515],[-67.75563,66.248108],[-67.800194,66.244682],[-67.796989,66.233757],[-67.816093,66.21405],[-67.796135,66.208458],[-67.793633,66.218048],[-67.780113,66.219032],[-67.791191,66.229233],[-67.775803,66.242531],[-67.716949,66.240776],[-67.692818,66.213158],[-67.696777,66.227875],[-67.691307,66.234055],[-67.676949,66.226372],[-67.656181,66.231255],[-67.659225,66.218925],[-67.646599,66.211693],[-67.619614,66.216362],[-67.592323,66.209183],[-67.569397,66.195595],[-67.568573,66.184883],[-67.515823,66.172081],[-67.480438,66.17836],[-67.457764,66.172501],[-67.448456,66.158401],[-67.495659,66.152321],[-67.436928,66.144981],[-67.432274,66.137253],[-67.379646,66.121208],[-67.26297,66.104607],[-67.253906,66.099152],[-67.268471,66.094795],[-67.248238,66.094833],[-67.239449,66.063843],[-67.247261,66.059959],[-67.238167,66.049492],[-67.187546,66.035889],[-67.180283,66.038406],[-67.193817,66.046822],[-67.14666,66.04232],[-67.130791,66.018639],[-67.149895,66.025223],[-67.157608,66.009262],[-67.17765,66.006523],[-67.193314,65.994629],[-67.201263,66.005783],[-67.19236,66.011269],[-67.21817,66.015793],[-67.207344,65.997803],[-67.232422,65.987045],[-67.310516,66.008781],[-67.321671,66.005562],[-67.294556,65.988304],[-67.203835,65.982536],[-67.20417,65.960197],[-67.212471,65.951981],[-67.202354,65.946754],[-67.200569,65.935364],[-67.158554,65.924606],[-67.162941,65.909882],[-67.200844,65.906647],[-67.251282,65.926392],[-67.277466,65.922241],[-67.278137,65.930901],[-67.302094,65.92675],[-67.285294,65.922905],[-67.305923,65.921272],[-67.327507,65.908684],[-67.344276,65.910698],[-67.324387,65.924423],[-67.348511,65.931656],[-67.371895,65.927727],[-67.401344,65.95089],[-67.412453,65.947212],[-67.402283,65.941093],[-67.419357,65.928047],[-67.402031,65.926735],[-67.399681,65.920357],[-67.425362,65.920509],[-67.446243,65.932304],[-67.460129,65.928612],[-67.416901,65.915749],[-67.413895,65.903908],[-67.43708,65.891304],[-67.463242,65.889175],[-67.518951,65.91246],[-67.545097,65.909172],[-67.551155,65.905731],[-67.541603,65.902802],[-67.545403,65.898232],[-67.569527,65.904297],[-67.579971,65.898102],[-67.610275,65.905273],[-67.618523,65.900681],[-67.644447,65.91037],[-67.632782,65.912468],[-67.64875,65.924934],[-67.674782,65.917755],[-67.687569,65.935013],[-67.715836,65.946281],[-67.73558,65.970345],[-67.724838,65.984756],[-67.745178,65.991035],[-67.720253,66.01783],[-67.717621,66.042],[-67.703362,66.05278],[-67.717018,66.077332],[-67.70079,66.07946],[-67.697426,66.098396],[-67.715614,66.104919],[-67.732292,66.08091],[-67.733719,66.018448],[-67.750366,65.995796],[-67.76812,65.990692],[-67.764557,65.984329],[-67.793343,65.97506],[-67.775963,65.973785],[-67.775558,65.961479],[-67.754677,65.972977],[-67.753273,65.963867],[-67.736443,65.962128],[-67.737816,65.952324],[-67.727089,65.948959],[-67.738144,65.94503],[-67.740067,65.93499],[-67.783379,65.944344],[-67.826752,65.938408],[-67.8116,65.936211],[-67.81691,65.928207],[-67.748253,65.929024],[-67.727821,65.899948],[-67.763344,65.89476],[-67.725868,65.890846],[-67.769684,65.883781],[-67.76889,65.876495],[-67.793404,65.876366],[-67.803665,65.883148],[-67.7966,65.888657],[-67.806725,65.891335],[-67.794281,65.902802],[-67.803932,65.907761],[-67.828453,65.890762],[-67.898605,65.903114],[-67.886612,65.910477],[-67.908157,65.904877],[-67.925659,65.91024],[-67.917427,65.91394],[-67.925385,65.917534],[-67.940857,65.913567],[-67.93602,65.932739],[-67.95195,65.926033],[-67.959984,65.93145],[-67.951752,65.93515],[-67.961449,65.940102],[-67.932495,65.942566],[-67.95546,65.944016],[-67.957382,65.950157],[-67.9412,65.950943],[-67.979607,65.960724],[-67.967674,65.969925],[-67.984833,65.965477],[-67.97821,65.981247],[-67.968246,65.984047],[-68.020599,65.991226],[-67.998199,65.99115],[-67.98954,65.998268],[-67.988724,66.005569],[-68.013641,66.012016],[-68.006989,66.027107],[-68.015083,66.032974],[-68.003021,66.039444],[-68.012192,66.044167],[-68.001312,66.051949],[-68.026535,66.05159],[-68.034721,66.033295],[-68.089699,66.033821],[-68.049141,66.029549],[-68.045959,66.020912],[-68.033623,66.020767],[-68.043106,66.006798],[-68.028465,66.005074],[-68.026695,65.989815],[-68.053688,65.992592],[-68.060692,65.986382],[-68.051956,65.978699],[-68.085724,65.983017],[-68.090797,65.996201],[-68.071892,65.999069],[-68.100624,66.002968],[-68.051552,66.007874],[-68.077866,66.019997],[-68.086075,66.01561],[-68.103981,66.027328],[-68.157387,66.03035],[-68.154076,66.040916],[-68.16272,66.041122],[-68.166985,66.031639],[-68.182854,66.035164],[-68.182686,66.020348],[-68.193153,66.016617],[-68.201836,65.99968],[-68.176537,65.997597],[-68.164322,65.988121],[-68.131691,65.996574],[-68.111321,65.979858],[-68.093338,65.978172],[-68.103271,65.962822],[-68.123131,65.969063],[-68.149582,65.960655],[-68.177719,65.975937],[-68.197197,65.973724],[-68.245049,66.012314],[-68.297028,66.020309],[-68.358696,66.070602],[-68.36174,66.06488],[-68.338577,66.052094],[-68.335274,66.032967],[-68.309097,66.005157],[-68.169632,65.947502],[-68.223183,65.939438],[-68.240692,65.949211],[-68.232208,65.958168],[-68.277374,65.945251],[-68.282555,65.948174],[-68.276138,65.953697],[-68.295746,65.954437],[-68.29911,65.944153],[-68.321274,65.940765],[-68.30143,65.935242],[-68.319222,65.923462],[-68.308571,65.922638],[-68.312263,65.918732],[-68.298325,65.9086],[-68.279289,65.907394],[-68.221939,65.909698],[-68.209267,65.912994],[-68.203804,65.926712],[-68.192261,65.91906],[-68.187065,65.926849],[-68.160042,65.922272],[-68.163101,65.904701],[-68.156708,65.899277],[-68.14296,65.903488],[-68.147964,65.927864],[-68.126518,65.933701],[-68.132309,65.926132],[-68.118782,65.9235],[-68.116203,65.903915],[-68.160774,65.879417],[-68.131798,65.867554],[-68.133217,65.862076],[-68.166092,65.850883],[-68.123558,65.845963],[-68.118141,65.83712],[-68.123917,65.829781],[-68.117119,65.827095],[-68.095619,65.83136],[-68.094353,65.840256],[-68.084015,65.833038],[-68.061241,65.833885],[-68.048576,65.823952],[-68.077492,65.811432],[-68.112854,65.818924],[-68.117355,65.807945],[-68.131592,65.815361],[-68.17234,65.807297],[-68.215813,65.787338],[-68.235161,65.763702],[-68.221306,65.764046],[-68.204384,65.780823],[-68.151543,65.802216],[-68.134865,65.802116],[-68.130821,65.798729],[-68.13884,65.792053],[-68.133171,65.789589],[-68.090118,65.795616],[-68.074272,65.788895],[-68.076714,65.781349],[-68.065437,65.790092],[-68.029648,65.784195],[-68.011345,65.771553],[-67.978752,65.775192],[-67.939629,65.796646],[-67.883629,65.784454],[-67.876709,65.792702],[-67.886826,65.79583],[-67.875481,65.804558],[-67.881882,65.81144],[-67.865715,65.811226],[-67.846748,65.825012],[-67.799667,65.813881],[-67.828156,65.801872],[-67.802902,65.794266],[-67.822212,65.790512],[-67.810905,65.784645],[-67.819633,65.780037],[-67.785797,65.780907],[-67.785034,65.774529],[-67.807602,65.768936],[-67.800621,65.759407],[-67.828033,65.76609],[-67.850472,65.75753],[-67.848022,65.750931],[-67.860542,65.744476],[-67.863571,65.751526],[-67.881737,65.748001],[-67.900848,65.754951],[-67.91774,65.747101],[-67.934532,65.751091],[-67.926315,65.739296],[-67.958046,65.714935],[-67.94062,65.708206],[-67.985741,65.70153],[-67.971687,65.69593],[-67.955315,65.701729],[-67.950539,65.692871],[-67.881554,65.697403],[-67.848022,65.688034],[-67.857552,65.676125],[-67.891197,65.673874],[-67.86319,65.663559],[-67.861847,65.65696],[-67.838608,65.655952],[-67.851669,65.650406],[-67.840233,65.639076],[-67.856636,65.634651],[-67.847069,65.629463],[-67.861153,65.622093],[-67.878922,65.625175],[-67.891113,65.611656],[-67.907516,65.60791],[-67.899521,65.600441],[-67.910049,65.587158],[-67.926041,65.587509],[-67.92791,65.578842],[-67.943413,65.581017],[-67.962784,65.597305],[-67.996483,65.585686],[-68.002457,65.570145],[-68.054649,65.567497],[-67.996391,65.556511],[-67.984909,65.558182],[-67.96962,65.57515],[-67.920319,65.567497],[-67.944427,65.536118],[-67.991875,65.513016],[-67.9813,65.509666],[-68.010414,65.48304],[-68.102188,65.449326],[-68.11454,65.431686],[-68.00676,65.474175],[-67.929108,65.523682],[-67.888138,65.560631],[-67.830315,65.591507],[-67.802841,65.593941],[-67.785698,65.575119],[-67.730453,65.569252],[-67.71022,65.55545],[-67.675507,65.553566],[-67.633385,65.562637],[-67.595284,65.557564],[-67.567497,65.569298],[-67.554588,65.558632],[-67.544235,65.563004],[-67.556,65.572075],[-67.55172,65.577103],[-67.568954,65.584099],[-67.585632,65.567856],[-67.600075,65.573036],[-67.598808,65.566658],[-67.613083,65.565231],[-67.613693,65.588707],[-67.631584,65.598656],[-67.63765,65.598625],[-67.632317,65.584747],[-67.653374,65.56916],[-67.784271,65.582191],[-67.79071,65.593773],[-67.774788,65.612549],[-67.746841,65.618393],[-67.739616,65.634377],[-67.675163,65.638794],[-67.658455,65.653458],[-67.640038,65.646469],[-67.62384,65.660446],[-67.612579,65.65229],[-67.584038,65.65947],[-67.555161,65.653206],[-67.548737,65.661659],[-67.527809,65.664696],[-67.518867,65.660172],[-67.548904,65.645477],[-67.530495,65.637115],[-67.527397,65.646698],[-67.501625,65.654991],[-67.470886,65.637321],[-67.46772,65.644394],[-67.454445,65.643074],[-67.468445,65.652824],[-67.45871,65.663567],[-67.463776,65.668106],[-67.448967,65.673851],[-67.443932,65.670677],[-67.451019,65.665871],[-67.430405,65.656815],[-67.425041,65.635414],[-67.394051,65.630714],[-67.365517,65.640587],[-67.417397,65.639992],[-67.405914,65.646179],[-67.416481,65.650253],[-67.429596,65.672318],[-67.401489,65.676956],[-67.404686,65.670334],[-67.337639,65.65889],[-67.330627,65.670303],[-67.327164,65.660278],[-67.308426,65.663513],[-67.316025,65.654381],[-67.297302,65.658066],[-67.292824,65.653976],[-67.304276,65.643242],[-67.296486,65.638931],[-67.257896,65.643105],[-67.262772,65.635345],[-67.245552,65.62558],[-67.260307,65.61393],[-67.248055,65.603699],[-67.27549,65.59362],[-67.32177,65.5933],[-67.324722,65.606964],[-67.310463,65.612007],[-67.328766,65.619484],[-67.348022,65.61602],[-67.346733,65.604179],[-67.327248,65.591003],[-67.338684,65.582092],[-67.332558,65.577774],[-67.347885,65.571587],[-67.339546,65.566368],[-67.329216,65.575279],[-67.31871,65.572113],[-67.318901,65.585098],[-67.252892,65.592758],[-67.254425,65.582954],[-67.274712,65.575394],[-67.300652,65.580132],[-67.285133,65.572639],[-67.32798,65.565712],[-67.312912,65.551392],[-67.251282,65.549919],[-67.295586,65.531151],[-67.316673,65.544998],[-67.32209,65.539291],[-67.344749,65.546989],[-67.369942,65.540314],[-67.378151,65.551018],[-67.408348,65.535194],[-67.475136,65.54821],[-67.50528,65.54332],[-67.493698,65.541763],[-67.493561,65.535156],[-67.402748,65.529518],[-67.405312,65.519257],[-67.39415,65.509262],[-67.35463,65.510277],[-67.346527,65.519409],[-67.324493,65.515587],[-67.326057,65.509659],[-67.312912,65.512199],[-67.320435,65.500786],[-67.315445,65.496925],[-67.33564,65.489586],[-67.411469,65.494858],[-67.448448,65.505226],[-67.458755,65.499039],[-67.45311,65.491081],[-67.412437,65.487793],[-67.411095,65.474121],[-67.394737,65.479637],[-67.354439,65.463341],[-67.363686,65.458755],[-67.336922,65.464973],[-67.330666,65.449951],[-67.340233,65.430336],[-67.280998,65.465096],[-67.211815,65.454971],[-67.201485,65.463638],[-67.156471,65.456184],[-67.122047,65.471939],[-67.086349,65.460808],[-67.046333,65.460602],[-67.056717,65.4533],[-67.049026,65.449432],[-67.064339,65.441681],[-67.059937,65.437126],[-67.130562,65.434334],[-67.126122,65.425224],[-67.088875,65.421158],[-67.087273,65.427994],[-67.072495,65.429367],[-67.070267,65.421173],[-67.041801,65.419586],[-67.056503,65.401352],[-67.116661,65.401085],[-67.096359,65.389481],[-67.092575,65.396545],[-67.069618,65.398384],[-67.060814,65.386543],[-67.078232,65.371498],[-67.109444,65.383095],[-67.103912,65.372391],[-67.087509,65.369209],[-67.101692,65.366241],[-67.116867,65.348],[-67.147507,65.357765],[-67.186737,65.349739],[-67.251823,65.361031],[-67.259926,65.353951],[-67.315811,65.368416],[-67.308434,65.347931],[-67.299644,65.34407],[-67.329498,65.333298],[-67.406555,65.341301],[-67.405907,65.335381],[-67.401428,65.328781],[-67.345634,65.318222],[-67.359734,65.313629],[-67.3069,65.316261],[-67.286072,65.307419],[-67.280151,65.312675],[-67.298828,65.323799],[-67.277924,65.352318],[-67.258812,65.352127],[-67.240685,65.341911],[-67.236183,65.329163],[-67.20298,65.336044],[-67.13028,65.314949],[-67.12368,65.306068],[-67.108467,65.312691],[-67.096443,65.306778],[-67.094757,65.297668],[-67.107262,65.293785],[-67.149605,65.298866],[-67.139488,65.306282],[-67.144951,65.308784],[-67.20266,65.303009],[-67.161163,65.291451],[-67.132317,65.293533],[-67.126251,65.2826],[-67.139267,65.275978],[-67.135414,65.270287],[-67.152802,65.266624],[-67.148392,65.259567],[-67.15757,65.250443],[-67.123329,65.252304],[-67.087563,65.275345],[-67.069611,65.277634],[-67.097794,65.256424],[-67.056984,65.250984],[-67.061813,65.236404],[-67.14222,65.233604],[-67.19416,65.210075],[-67.227509,65.180634],[-67.244286,65.177643],[-67.247955,65.166473],[-67.231689,65.165817],[-67.227989,65.174713],[-67.18795,65.183426],[-67.176773,65.208046],[-67.13237,65.223137],[-67.121475,65.219048],[-67.125771,65.211296],[-67.092621,65.204941],[-67.11216,65.204475],[-67.119659,65.190338],[-67.114769,65.188522],[-67.103981,65.198326],[-67.084938,65.189003],[-67.055145,65.199043],[-67.081779,65.208145],[-67.069328,65.21521],[-67.041626,65.211578],[-67.038925,65.217278],[-67.008514,65.213638],[-67.000343,65.185875],[-66.987854,65.194504],[-66.955299,65.182884],[-66.961273,65.196556],[-66.984062,65.197243],[-66.952049,65.200424],[-66.948792,65.21273],[-66.935219,65.214317],[-66.937386,65.220696],[-66.917274,65.232079],[-66.904266,65.215446],[-66.916756,65.213173],[-66.919487,65.198593],[-66.927628,65.197227],[-66.921127,65.191757],[-66.939034,65.179916],[-66.930382,65.153946],[-66.952049,65.11705],[-66.942856,65.103836],[-66.955292,65.095863],[-67.059578,65.089699],[-67.072517,65.083084],[-67.072998,65.071693],[-67.105362,65.065521],[-67.096161,65.060974],[-67.113388,65.053436],[-67.105255,65.046387],[-67.082115,65.058929],[-67.057838,65.060997],[-67.039001,65.078316],[-67.026573,65.07399],[-66.976357,65.086075],[-66.947723,65.078552],[-66.964462,65.068756],[-66.963921,65.059418],[-66.983345,65.052361],[-66.977394,65.041199],[-66.952583,65.051445],[-66.940712,65.068756],[-66.913185,65.058037],[-66.896957,65.0783],[-66.905037,65.087418],[-66.890411,65.10495],[-66.860603,65.124748],[-66.836243,65.127686],[-66.846481,65.138176],[-66.846962,65.152298],[-66.79229,65.146996],[-66.74337,65.169937],[-66.730507,65.152832],[-66.769752,65.117584],[-66.760704,65.097748],[-66.806694,65.088928],[-66.822884,65.093956],[-66.829948,65.085533],[-66.794899,65.073654],[-66.81115,65.064102],[-66.800423,65.052704],[-66.812881,65.043152],[-66.837135,65.048416],[-66.874374,65.042068],[-66.884064,65.052101],[-66.912659,65.053482],[-66.905121,65.040947],[-66.929695,65.036369],[-66.872261,65.029083],[-66.874535,64.988312],[-66.886963,64.971008],[-66.870293,64.96804],[-66.8507,65.027245],[-66.788124,65.034691],[-66.774521,65.053352],[-66.760452,65.058342],[-66.750305,65.043976],[-66.802773,65.019447],[-66.760262,65.010735],[-66.790482,65.00235],[-66.782471,64.992767],[-66.746841,65.005241],[-66.729103,65.0],[-66.723846,64.985619],[-66.739075,64.966965],[-66.728386,64.958519],[-66.755905,64.944901],[-66.794579,64.948822],[-66.822014,64.942253],[-66.838196,64.929291],[-66.776367,64.93969],[-66.738297,64.93029],[-66.743279,64.911171],[-66.736336,64.907738],[-66.718002,64.917503],[-66.709503,64.907692],[-66.726929,64.878342],[-66.760719,64.874756],[-66.781715,64.860664],[-66.773178,64.855186],[-66.732368,64.868561],[-66.723831,64.86422],[-66.722954,64.842125],[-66.733292,64.822098],[-66.701347,64.806328],[-66.700012,64.778534],[-66.671677,64.78167],[-66.678215,64.768929],[-66.721001,64.760132],[-66.723709,64.754898],[-66.707787,64.746216],[-66.727699,64.725067],[-66.724602,64.713676],[-66.699196,64.752121],[-66.64785,64.763847],[-66.616638,64.784042],[-66.645927,64.791405],[-66.665916,64.820602],[-66.662102,64.826965],[-66.672752,64.831551],[-66.655022,64.885033],[-66.615814,64.890862],[-66.643616,64.897987],[-66.62117,64.933464],[-66.638046,64.959473],[-66.639442,64.977699],[-66.631775,64.989067],[-66.658066,64.996422],[-66.646675,65.003456],[-66.665512,65.00486],[-66.665886,65.019897],[-66.676567,65.029259],[-66.665726,65.034706],[-66.611877,65.029114],[-66.555504,65.013466],[-66.551994,64.996597],[-66.51519,65.007874],[-66.500252,64.999397],[-66.515335,64.998993],[-66.518929,64.977135],[-66.537834,64.972412],[-66.526436,64.945724],[-66.549271,64.92849],[-66.51104,64.934746],[-66.495827,64.975464],[-66.479042,64.981331],[-66.455978,64.97715],[-66.445992,64.965271],[-66.489906,64.945152],[-66.467583,64.931862],[-66.473137,64.921631],[-66.423683,64.924644],[-66.420845,64.932144],[-66.387794,64.920403],[-66.373291,64.896423],[-66.350472,64.909309],[-66.353569,64.914558],[-66.29377,64.901993],[-66.291336,64.870773],[-66.316223,64.86087],[-66.286316,64.857307],[-66.268318,64.869751],[-66.267227,64.89093],[-66.258522,64.895668],[-66.182167,64.883881],[-66.117386,64.863922],[-66.15213,64.849091],[-66.17614,64.815742],[-66.155388,64.81221],[-66.154312,64.794662],[-66.178505,64.771568],[-66.24527,64.770332],[-66.270187,64.777061],[-66.316978,64.763161],[-66.35273,64.76355],[-66.391747,64.735703],[-66.436783,64.722672],[-66.429245,64.699638],[-66.407394,64.674728],[-66.348549,64.643059],[-66.347672,64.634857],[-66.309608,64.605759],[-66.30407,64.615074],[-66.324654,64.642265],[-66.389282,64.676254],[-66.38578,64.690582],[-66.404732,64.700684],[-66.409195,64.716873],[-66.3797,64.725861],[-66.368172,64.740845],[-66.326668,64.75956],[-66.295914,64.751907],[-66.250259,64.763527],[-66.245621,64.757347],[-66.202507,64.753708],[-66.152809,64.756393],[-66.15728,64.749588],[-66.180183,64.750854],[-66.21286,64.726662],[-66.179649,64.71418],[-66.194214,64.689438],[-66.151123,64.688744],[-66.123337,64.726387],[-66.1297,64.744415],[-66.111832,64.75296],[-66.104828,64.771599],[-66.082901,64.789001],[-66.059723,64.826668],[-66.017723,64.849167],[-66.00032,64.841766],[-66.005737,64.825172],[-65.99572,64.806427],[-66.005264,64.793739],[-65.994987,64.782509],[-66.027039,64.767006],[-66.025612,64.746948],[-66.034767,64.744507],[-66.036789,64.732224],[-66.024963,64.704582],[-65.9963,64.687309],[-66.0084,64.7211],[-66.002792,64.728806],[-66.014305,64.734802],[-65.998825,64.750191],[-65.957657,64.766754],[-65.933723,64.764534],[-65.920334,64.751907],[-65.939705,64.733833],[-65.921204,64.702492],[-65.90332,64.696892],[-65.892693,64.669708],[-65.865051,64.656517],[-65.867966,64.663147],[-65.857231,64.665565],[-65.806412,64.623482],[-65.803223,64.63575],[-65.821152,64.651161],[-65.818794,64.656609],[-65.86779,64.68045],[-65.862808,64.697952],[-65.882744,64.705391],[-65.899818,64.731262],[-65.872795,64.75338],[-65.82914,64.751213],[-65.874107,64.760445],[-65.94413,64.799461],[-65.931992,64.809166],[-65.886917,64.79995],[-65.899696,64.814621],[-65.87175,64.818054],[-65.922867,64.823906],[-65.937576,64.858635],[-65.956543,64.866974],[-65.918091,64.890839],[-65.84816,64.844757],[-65.838951,64.859947],[-65.852859,64.873268],[-65.848381,64.877785],[-65.779716,64.866753],[-65.770363,64.860298],[-65.771782,64.852562],[-65.749939,64.850105],[-65.776176,64.802261],[-65.772369,64.791748],[-65.748306,64.803848],[-65.755592,64.820084],[-65.704216,64.843102],[-65.668015,64.827972],[-65.653328,64.80027],[-65.642365,64.794929],[-65.691055,64.782616],[-65.699921,64.764702],[-65.710579,64.765022],[-65.719643,64.753944],[-65.712425,64.737022],[-65.722618,64.724358],[-65.705902,64.717148],[-65.707962,64.695984],[-65.695602,64.676056],[-65.683411,64.730614],[-65.692009,64.751419],[-65.668266,64.756905],[-65.654572,64.775002],[-65.605583,64.772263],[-65.5961,64.759415],[-65.583168,64.761795],[-65.567032,64.743584],[-65.565598,64.730415],[-65.534882,64.716675],[-65.577301,64.679733],[-65.557755,64.667015],[-65.562195,64.633125],[-65.691765,64.58902],[-65.752098,64.591599],[-65.748192,64.584274],[-65.759537,64.57959],[-65.6931,64.572174],[-65.696251,64.550339],[-65.707336,64.539734],[-65.711884,64.510399],[-65.704781,64.481415],[-65.71347,64.464867],[-65.681763,64.487808],[-65.661812,64.485352],[-65.621376,64.501823],[-65.465416,64.492966],[-65.463257,64.484291],[-65.50415,64.460808],[-65.490547,64.458611],[-65.436607,64.479225],[-65.43177,64.489876],[-65.394325,64.506775],[-65.382713,64.524414],[-65.322861,64.53421],[-65.32338,64.517128],[-65.312546,64.504021],[-65.318321,64.496117],[-65.3769,64.461708],[-65.393776,64.443909],[-65.370155,64.424286],[-65.378143,64.413895],[-65.353142,64.417938],[-65.373466,64.439583],[-65.363998,64.456779],[-65.325089,64.480476],[-65.297188,64.479012],[-65.290451,64.46003],[-65.273445,64.453453],[-65.284363,64.472939],[-65.28154,64.492722],[-65.270775,64.495789],[-65.252304,64.487137],[-65.23761,64.49379],[-65.271858,64.503769],[-65.266418,64.522835],[-65.250954,64.516502],[-65.216408,64.535217],[-65.188126,64.522789],[-65.223495,64.499542],[-65.199913,64.504486],[-65.195473,64.491676],[-65.233253,64.487587],[-65.237007,64.470322],[-65.220093,64.478767],[-65.194229,64.478447],[-65.133041,64.508194],[-65.094887,64.494255],[-65.15052,64.476532],[-65.179665,64.475075],[-65.180298,64.465523],[-65.140617,64.466835],[-65.115471,64.479263],[-65.068138,64.476364],[-65.06131,64.453491],[-65.107147,64.454559],[-65.059845,64.444359],[-65.066147,64.429871],[-65.045853,64.426178],[-65.071457,64.414452],[-65.050766,64.408936],[-65.058983,64.404488],[-65.140388,64.400322],[-65.14637,64.389694],[-65.16111,64.389656],[-65.155182,64.383888],[-65.165787,64.374908],[-65.17054,64.382484],[-65.20755,64.387962],[-65.229637,64.404633],[-65.23484,64.381012],[-65.201302,64.370804],[-65.262703,64.373154],[-65.235352,64.356651],[-65.181244,64.355972],[-65.160477,64.336349],[-65.139465,64.336311],[-65.197174,64.289444],[-65.310997,64.280579],[-65.396736,64.302742],[-65.553894,64.31739],[-65.579842,64.312866],[-65.596329,64.298225],[-65.682968,64.29631],[-65.602119,64.287354],[-65.559128,64.297401],[-65.452202,64.296066],[-65.408325,64.283745],[-65.413536,64.275146],[-65.470314,64.281456],[-65.427246,64.264366],[-65.423103,64.254303],[-65.478653,64.244202],[-65.512917,64.249565],[-65.563263,64.241806],[-65.482887,64.233772],[-65.424377,64.241112],[-65.417908,64.235344],[-65.36705,64.236824],[-65.338867,64.244247],[-65.312447,64.239609],[-65.301979,64.231056],[-65.36554,64.209259],[-65.309067,64.209282],[-65.272377,64.219093],[-65.226601,64.182556],[-65.299225,64.182297],[-65.352043,64.146027],[-65.422127,64.133614],[-65.336113,64.133324],[-65.269592,64.171692],[-65.251297,64.171928],[-65.156403,64.130661],[-65.214584,64.125931],[-65.157654,64.119743],[-65.145859,64.124603],[-65.131882,64.11554],[-65.200264,64.097519],[-65.207893,64.092377],[-65.201912,64.088203],[-65.13929,64.106071],[-65.095276,64.087044],[-65.107887,64.077652],[-65.175995,64.062828],[-65.170753,64.055473],[-65.131149,64.064522],[-65.101181,64.061623],[-65.06707,64.073456],[-65.027016,64.058792],[-65.025551,64.050117],[-65.04303,64.045578],[-65.010239,64.038971],[-65.159149,64.010925],[-65.208992,64.018845],[-65.227165,64.010651],[-65.197006,64.011414],[-65.174583,64.0],[-65.066292,64.002632],[-65.078041,63.986099],[-65.06559,63.983822],[-65.04847,63.99361],[-64.984146,64.004677],[-64.918205,64.005089],[-64.894112,64.001091],[-64.88195,63.98394],[-64.91124,63.982769],[-64.905899,63.966438],[-64.963982,63.963093],[-64.94326,63.956684],[-64.876877,63.965038],[-64.831764,64.001976],[-64.772743,64.01313],[-64.746834,64.006119],[-64.735252,63.974129],[-64.70491,63.996597],[-64.717445,63.999996],[-64.712578,64.00602],[-64.724121,64.017143],[-64.673454,64.008347],[-64.675034,64.0],[-64.634842,63.997097],[-64.605049,63.976974],[-64.60202,63.971275],[-64.64991,63.957981],[-64.694702,63.982914],[-64.693764,63.974716],[-64.667,63.958939],[-64.679512,63.953053],[-64.668694,63.948013],[-64.737785,63.930878],[-64.761566,63.935253],[-64.769478,63.919792],[-64.790176,63.920509],[-64.820168,63.935856],[-64.801674,63.907097],[-64.825081,63.890514],[-64.866966,63.890121],[-64.876862,63.87875],[-64.863449,63.87418],[-64.858871,63.862335],[-64.909576,63.845318],[-64.917358,63.836216],[-64.970978,63.859261],[-64.93132,63.830311],[-64.969055,63.804382],[-64.926804,63.799793],[-64.9104,63.779739],[-64.942902,63.765877],[-64.940865,63.758358],[-64.870804,63.767853],[-64.7957,63.759537],[-64.739311,63.737335],[-64.728386,63.748241],[-64.660866,63.756958],[-64.646545,63.750313],[-64.658424,63.747158],[-64.64119,63.728207],[-64.620148,63.725414],[-64.661003,63.70731],[-64.590942,63.718491],[-64.592567,63.713486],[-64.563362,63.707928],[-64.544632,63.69101],[-64.499649,63.679913],[-64.485512,63.640457],[-64.499161,63.623196],[-64.515602,63.620754],[-64.51178,63.605705],[-64.52066,63.595943],[-64.547508,63.612442],[-64.573196,63.607742],[-64.644249,63.655109],[-64.6633,63.688869],[-64.673096,63.685478],[-64.645958,63.642586],[-64.592628,63.609631],[-64.589699,63.600281],[-64.518524,63.572247],[-64.503464,63.556702],[-64.567863,63.557842],[-64.57058,63.548058],[-64.51886,63.553341],[-64.489845,63.547081],[-64.500137,63.543251],[-64.498299,63.532078],[-64.510231,63.521873],[-64.500313,63.50589],[-64.486458,63.510166],[-64.481445,63.478481],[-64.589561,63.477272],[-64.471596,63.460438],[-64.456139,63.44352],[-64.462006,63.429874],[-64.51049,63.394981],[-64.575516,63.398396],[-64.580544,63.40229],[-64.573792,63.410923],[-64.592995,63.419418],[-64.626129,63.415192],[-64.644623,63.402031],[-64.704811,63.386925],[-64.691666,63.380741],[-64.607964,63.405109],[-64.577835,63.380413],[-64.488022,63.373249],[-64.478348,63.347469],[-64.481255,63.32811],[-64.472221,63.323288],[-64.47747,63.313744],[-64.520485,63.318687],[-64.500519,63.301525],[-64.521988,63.290894],[-64.58889,63.322796],[-64.617744,63.326309],[-64.573204,63.28857],[-64.475555,63.281601],[-64.469681,63.270866],[-64.516068,63.253731],[-64.497986,63.246368],[-64.514771,63.241192],[-64.549828,63.262283],[-64.588326,63.26059],[-64.580795,63.256466],[-64.580551,63.239601],[-64.608551,63.227158],[-64.625221,63.228577],[-64.627953,63.250233],[-64.673286,63.266312],[-64.674583,63.284317],[-64.688385,63.273643],[-64.702957,63.283703],[-64.700813,63.29327],[-64.670494,63.286812],[-64.678413,63.302105],[-64.70784,63.299438],[-64.707588,63.321312],[-64.727463,63.312702],[-64.729927,63.319542],[-64.75222,63.321415],[-64.744499,63.332561],[-64.72261,63.339577],[-64.73111,63.351669],[-64.724426,63.358948],[-64.736603,63.36034],[-64.740761,63.351238],[-64.765015,63.362907],[-64.765442,63.371796],[-64.746117,63.373348],[-64.738808,63.392471],[-64.762276,63.38409],[-64.775444,63.38913],[-64.769234,63.401192],[-64.790413,63.421513],[-64.77549,63.439709],[-64.812538,63.455723],[-64.809677,63.494446],[-64.826462,63.501762],[-64.840088,63.523201],[-64.840431,63.546886],[-64.922615,63.57045],[-64.918442,63.58844],[-64.956154,63.642227],[-65.033562,63.667088],[-65.065392,63.688499],[-65.076706,63.710361],[-65.07518,63.725166],[-65.067986,63.727669],[-65.130745,63.736076],[-65.186493,63.777721],[-65.125175,63.77047],[-65.183487,63.79594],[-65.216454,63.791809],[-65.253609,63.799965],[-65.253029,63.790401],[-65.273285,63.811325],[-65.288185,63.804245],[-65.292732,63.793079],[-65.262192,63.775135],[-65.179153,63.748806],[-65.113716,63.712173],[-65.086433,63.680073],[-65.09053,63.674377],[-65.068443,63.655247],[-64.984879,63.633362],[-64.953751,63.59166],[-64.986549,63.569359],[-65.028999,63.563683],[-65.064796,63.560951],[-65.107269,63.577801],[-65.060699,63.554119],[-65.060173,63.519039],[-65.040771,63.506737],[-65.030579,63.486233],[-65.009682,63.477341],[-65.001038,63.460476],[-65.002068,63.452507],[-65.030083,63.455708],[-65.027031,63.446362],[-65.122742,63.429955],[-65.017372,63.432011],[-65.00415,63.421753],[-65.093674,63.399437],[-65.139442,63.399414],[-65.125191,63.39373],[-64.947777,63.387318],[-64.936172,63.362701],[-64.948906,63.352459],[-64.921509,63.348339],[-64.914497,63.327366],[-64.897285,63.318916],[-64.899857,63.312309],[-64.888771,63.299538],[-64.894905,63.28838],[-64.876244,63.273548],[-64.897049,63.265141],[-64.877899,63.25008],[-64.900208,63.240986],[-64.875977,63.232758],[-64.904282,63.234386],[-64.928497,63.248539],[-64.974937,63.293919],[-65.002785,63.310112],[-65.050949,63.313091],[-64.982574,63.276836],[-64.969971,63.254498],[-64.974037,63.248119],[-65.054985,63.246552],[-65.086395,63.281643],[-65.117302,63.284142],[-65.060036,63.231285],[-65.00544,63.220562],[-64.993301,63.224655],[-65.002388,63.234234],[-64.966988,63.233986],[-64.924599,63.213219],[-64.975174,63.196163],[-65.030212,63.214645],[-65.061035,63.20713],[-65.003471,63.185696],[-65.018127,63.171574],[-65.061523,63.165199],[-65.017128,63.160633],[-64.968681,63.167904],[-64.960121,63.161972],[-64.962097,63.175648],[-64.954521,63.179058],[-64.887383,63.178997],[-64.872856,63.16074],[-64.828964,63.160679],[-64.848183,63.153645],[-64.900124,63.155079],[-64.884003,63.151642],[-64.884567,63.139793],[-64.789253,63.144428],[-64.754112,63.129089],[-64.74865,63.120419],[-64.762833,63.112473],[-64.793015,63.117088],[-64.764946,63.102219],[-64.748299,63.10537],[-64.728767,63.095531],[-64.751968,63.090569],[-64.8284,63.099831],[-64.823402,63.095036],[-64.850601,63.092342],[-64.940147,63.104298],[-64.956276,63.097244],[-64.945236,63.086979],[-64.935638,63.096546],[-64.889336,63.095127],[-64.853653,63.086426],[-64.874817,63.082348],[-64.825478,63.086838],[-64.808884,63.084755],[-64.809441,63.078377],[-64.745598,63.07346],[-64.748695,63.065262],[-64.734688,63.058167],[-64.755852,63.053429],[-64.747398,63.044064],[-64.753471,63.039974],[-64.815132,63.057415],[-64.84536,63.048576],[-64.805161,63.047142],[-64.791138,63.041645],[-64.792694,63.03595],[-64.765121,63.029514],[-64.760147,63.024944],[-64.775803,63.014721],[-64.751305,63.004868],[-64.748917,62.992329],[-64.75547,62.989376],[-64.743507,62.981831],[-64.780197,62.972103],[-64.831741,62.984509],[-64.802765,62.971237],[-64.814789,62.971939],[-64.812325,62.966236],[-64.825394,62.961472],[-64.754677,62.967266],[-64.76931,62.956356],[-64.724777,62.951244],[-64.714432,62.93549],[-64.721535,62.926846],[-64.716125,62.917484],[-64.701042,62.923832],[-64.690125,62.958225],[-64.669075,62.958851],[-64.648697,62.946487],[-64.648338,62.935772],[-64.631294,62.936859],[-64.615936,62.925644],[-64.633621,62.913387],[-64.592056,62.915997],[-64.604652,62.909882],[-64.606277,62.901451],[-64.597816,62.898689],[-64.668892,62.893429],[-64.676788,62.901886],[-64.697372,62.895325],[-64.709747,62.906071],[-64.720825,62.899487],[-64.716408,62.891956],[-64.722954,62.887409],[-64.704643,62.871178],[-64.758698,62.861504],[-64.768639,62.866768],[-64.752129,62.86924],[-64.752045,62.877674],[-64.783882,62.893925],[-64.789894,62.893024],[-64.771011,62.879765],[-64.780113,62.867931],[-64.839577,62.865528],[-64.838486,62.879433],[-64.846535,62.87101],[-64.864815,62.87286],[-64.865952,62.882664],[-64.882462,62.880177],[-64.913383,62.894573],[-64.902855,62.900719],[-64.909325,62.906197],[-64.95385,62.9035],[-64.962349,62.9067],[-64.956329,62.911709],[-65.020348,62.932487],[-64.976242,62.955715],[-65.007309,62.951172],[-65.033867,62.933857],[-65.0569,62.941158],[-65.059906,62.9505],[-65.066414,62.944347],[-65.074928,62.948219],[-65.068939,62.967369],[-65.078979,62.984234],[-65.092514,62.983097],[-65.09655,62.997681],[-65.108086,62.995171],[-65.115646,63.010437],[-65.120651,63.005196],[-65.109062,62.979671],[-65.126602,62.978298],[-65.117561,62.970318],[-65.125565,62.96302],[-65.10952,62.960068],[-65.102486,62.95232],[-65.111504,62.94981],[-65.10247,62.943203],[-65.108978,62.940922],[-65.085434,62.93272],[-65.085419,62.926334],[-65.174667,62.96117],[-65.21524,62.958855],[-65.227325,62.968647],[-65.223404,62.983692],[-65.236038,62.998722],[-65.232109,63.01263],[-65.220604,63.019028],[-65.267853,63.026489],[-65.246147,63.009651],[-65.243835,62.964066],[-65.217705,62.951561],[-65.189156,62.951817],[-65.154015,62.931782],[-65.153458,62.916737],[-65.186432,62.905766],[-65.158867,62.890289],[-65.165344,62.886185],[-65.15432,62.8773],[-65.156776,62.865444],[-65.149757,62.857697],[-65.109238,62.827396],[-65.047379,62.804607],[-65.088242,62.795712],[-65.046875,62.795944],[-65.01799,62.779976],[-65.01651,62.765385],[-65.031937,62.768124],[-65.003731,62.750237],[-65.035439,62.736202],[-64.977242,62.736183],[-64.936523,62.71814],[-64.946526,62.698998],[-64.963928,62.694675],[-64.953011,62.690792],[-64.963463,62.680767],[-64.94059,62.692608],[-64.930672,62.687355],[-64.941635,62.675964],[-64.927315,62.657482],[-64.942253,62.641762],[-64.962067,62.647022],[-64.948265,62.622158],[-64.966629,62.610313],[-64.985443,62.616253],[-65.005264,62.608509],[-65.003799,62.596653],[-65.038956,62.59005],[-65.087921,62.565651],[-65.148788,62.573837],[-65.163651,62.578388],[-65.169136,62.588646],[-65.184929,62.579514],[-65.158157,62.565399],[-65.131447,62.563812],[-65.180405,62.562641],[-65.196739,62.565819],[-65.212151,62.58017],[-65.191879,62.584297],[-65.246513,62.613194],[-65.25309,62.633026],[-65.266548,62.643265],[-65.265137,62.653759],[-65.285545,62.662849],[-65.314598,62.6945],[-65.307686,62.698841],[-65.275803,62.687035],[-65.239418,62.695465],[-65.310692,62.702026],[-65.317123,62.698597],[-65.320946,62.682171],[-65.315331,62.664852],[-65.3508,62.688271],[-65.337563,62.706535],[-65.306908,62.724144],[-65.315445,62.733711],[-65.294327,62.766121],[-65.233101,62.769165],[-65.227211,62.782398],[-65.192841,62.783802],[-65.222778,62.791294],[-65.243141,62.781239],[-65.307388,62.779549],[-65.317284,62.772236],[-65.328804,62.779514],[-65.325874,62.786358],[-65.334923,62.79409],[-65.314171,62.814419],[-65.337181,62.822124],[-65.216034,62.83234],[-65.221786,62.842648],[-65.291908,62.836571],[-65.329414,62.844486],[-65.30452,62.85228],[-65.302307,62.885571],[-65.289871,62.892883],[-65.311928,62.900143],[-65.316551,62.913582],[-65.296745,62.93869],[-65.34407,62.913536],[-65.329384,62.894638],[-65.329193,62.874577],[-65.344193,62.875233],[-65.363953,62.853767],[-65.369316,62.841671],[-65.35379,62.836689],[-65.362709,62.830738],[-65.379707,62.833218],[-65.38903,62.819744],[-65.408424,62.814682],[-65.412987,62.82106],[-65.406235,62.840221],[-65.39386,62.848911],[-65.40239,62.852543],[-65.422234,62.842236],[-65.41317,62.835644],[-65.421524,62.825821],[-65.473923,62.827049],[-65.523567,62.811169],[-65.529839,62.797928],[-65.537338,62.799728],[-65.544899,62.804718],[-65.536545,62.812042],[-65.581543,62.818726],[-65.612503,62.847569],[-65.617218,62.885391],[-65.633423,62.896267],[-65.598274,62.915554],[-65.601372,62.920788],[-65.6521,62.904861],[-65.654228,62.886616],[-65.696426,62.919266],[-65.726143,62.927792],[-65.715988,62.943798],[-65.672173,62.956295],[-65.677773,62.960606],[-65.652123,62.980766],[-65.673233,63.007351],[-65.665451,63.019466],[-65.70134,63.030254],[-65.684135,63.048107],[-65.704269,63.049389],[-65.727455,63.030136],[-65.720375,63.005783],[-65.700531,62.993332],[-65.692604,62.974674],[-65.705856,62.961624],[-65.757355,62.9566],[-65.772934,62.937832],[-65.766869,62.916065],[-65.735367,62.89333],[-65.74305,62.879616],[-65.761498,62.877708],[-65.784798,62.890583],[-65.780571,62.901775],[-65.85051,62.936066],[-65.863998,62.935078],[-65.887062,62.918308],[-65.942192,62.937817],[-65.904991,62.950348],[-65.904335,62.962433],[-65.868034,62.972897],[-65.854492,62.991207],[-65.853912,63.006939],[-65.785133,63.026672],[-65.811043,63.038166],[-65.878242,63.015697],[-65.917496,63.053535],[-65.917,63.036446],[-65.884003,63.006092],[-65.913712,62.992241],[-65.893417,62.984154],[-65.920761,62.975788],[-65.932602,62.986202],[-65.971184,62.985058],[-66.029854,63.015224],[-66.030678,63.025021],[-66.047554,63.034256],[-66.025864,63.046936],[-66.029366,63.061733],[-66.04657,63.065033],[-66.046906,63.044968],[-66.070335,63.039341],[-66.088837,63.036705],[-66.110405,63.049774],[-66.116615,63.04084],[-66.124489,63.050125],[-66.111725,63.072781],[-66.115059,63.081654],[-66.128784,63.085655],[-66.141602,63.105843],[-66.17379,63.104694],[-66.189873,63.117111],[-66.229034,63.126377],[-66.238739,63.155018],[-66.234505,63.188099],[-66.244118,63.201015],[-66.237869,63.221806],[-66.257301,63.202274],[-66.248802,63.166794],[-66.25238,63.13052],[-66.160072,63.087929],[-66.154785,63.081131],[-66.164398,63.068981],[-66.16272,63.050983],[-66.147629,63.036964],[-66.060066,63.002941],[-66.029243,62.981262],[-66.060791,62.979912],[-66.066948,62.969154],[-66.056,62.941872],[-66.097321,62.934517],[-66.10778,62.947208],[-66.137695,62.943348],[-66.172554,62.964741],[-66.169891,62.973881],[-66.181801,62.970596],[-66.19738,62.984833],[-66.228294,62.98003],[-66.232513,62.985245],[-66.222153,62.989655],[-66.257133,63.011261],[-66.253555,63.022232],[-66.270767,63.025509],[-66.288963,63.016239],[-66.259399,63.005314],[-66.261368,62.991848],[-66.282646,62.996918],[-66.297379,63.013203],[-66.312759,63.008972],[-66.320259,62.996372],[-66.339249,62.994606],[-66.394279,63.013264],[-66.409309,63.023613],[-66.409836,63.035236],[-66.443748,63.040615],[-66.460426,63.053223],[-66.446098,63.080261],[-66.458717,63.081051],[-66.472427,63.062454],[-66.484657,63.065758],[-66.486321,63.079418],[-66.506104,63.082642],[-66.511551,63.091251],[-66.457947,63.086075],[-66.492393,63.1115],[-66.495399,63.121506],[-66.487297,63.131149],[-66.502541,63.133739],[-66.546402,63.163845],[-66.522812,63.186878],[-66.486526,63.19886],[-66.512222,63.197472],[-66.578873,63.246029],[-66.641274,63.267937],[-66.666771,63.299114],[-66.610703,63.331856],[-66.582672,63.388435],[-66.519104,63.408672],[-66.581726,63.399612],[-66.611137,63.368996],[-66.611481,63.346657],[-66.630821,63.328449],[-66.681091,63.310585],[-66.687469,63.297516],[-66.66584,63.272686],[-66.600937,63.242157],[-66.556068,63.205463],[-66.553246,63.199566],[-66.574776,63.185898],[-66.58287,63.166439],[-66.537422,63.135674],[-66.533546,63.128647],[-66.553352,63.101547],[-66.53373,63.091709],[-66.546318,63.081783],[-66.56868,63.086113],[-66.563026,63.063831],[-66.618271,63.091068],[-66.649315,63.09734],[-66.61808,63.068268],[-66.551155,63.037735],[-66.534828,63.022629],[-66.520187,63.021179],[-66.520531,63.007725],[-66.536293,63.011669],[-66.532249,63.000996],[-66.577339,63.02903],[-66.600052,63.031067],[-66.633804,63.061264],[-66.656403,63.060562],[-66.620628,63.040203],[-66.614914,63.027039],[-66.65007,63.036236],[-66.646866,63.042198],[-66.65815,63.046406],[-66.652237,63.048523],[-66.656975,63.052578],[-66.682899,63.057762],[-66.692123,63.051731],[-66.700249,63.071476],[-66.711174,63.068844],[-66.75264,63.099148],[-66.754623,63.125114],[-66.768051,63.130657],[-66.77227,63.142693],[-66.753433,63.157272],[-66.724602,63.164898],[-66.734795,63.193504],[-66.756714,63.205791],[-66.767242,63.230515],[-66.802071,63.246521],[-66.782326,63.28117],[-66.788322,63.288395],[-66.820709,63.25359],[-66.773529,63.19944],[-66.781204,63.166302],[-66.79892,63.149902],[-66.845497,63.144325],[-66.908737,63.204185],[-66.961494,63.222889],[-66.964111,63.247929],[-66.971474,63.252167],[-66.99456,63.241379],[-67.006058,63.246925],[-67.004707,63.257202],[-66.902016,63.282913],[-66.92527,63.298122],[-66.949799,63.301228],[-66.96888,63.337452],[-66.932426,63.362991],[-66.939705,63.373611],[-66.91729,63.396915],[-66.956886,63.411457],[-66.95076,63.395351],[-66.959229,63.384758],[-66.956161,63.368618],[-66.984917,63.34203],[-66.96656,63.293716],[-66.953903,63.286129],[-66.963173,63.28054],[-67.026787,63.284718],[-67.044777,63.273308],[-67.064613,63.296974],[-67.081009,63.299488],[-67.123444,63.326256],[-67.137604,63.318302],[-67.096512,63.289013],[-67.14238,63.278114],[-67.152557,63.28595],[-67.145874,63.29174],[-67.153099,63.300755],[-67.215393,63.327446],[-67.201935,63.351807],[-67.205643,63.360867],[-67.223091,63.335541],[-67.230354,63.344551],[-67.24334,63.341621],[-67.254738,63.358322],[-67.27697,63.363461],[-67.301468,63.391586],[-67.29792,63.40509],[-67.3153,63.412804],[-67.325066,63.453686],[-67.346481,63.473415],[-67.370811,63.471443],[-67.370255,63.464386],[-67.340424,63.45459],[-67.356941,63.444077],[-67.339401,63.428165],[-67.353668,63.421787],[-67.336533,63.417496],[-67.362785,63.414577],[-67.355148,63.408089],[-67.36058,63.405956],[-67.404037,63.433994],[-67.397369,63.439796],[-67.440758,63.447083],[-67.454399,63.464417],[-67.443901,63.47963],[-67.465988,63.47517],[-67.4711,63.500164],[-67.485405,63.481693],[-67.49437,63.485195],[-67.50209,63.522903],[-67.488167,63.527466],[-67.504951,63.538815],[-67.507393,63.549717],[-67.513123,63.538681],[-67.520538,63.541744],[-67.517105,63.55571],[-67.537209,63.551502],[-67.560669,63.526714],[-67.582062,63.531826],[-67.564446,63.541016],[-67.576714,63.552887],[-67.568672,63.560547],[-67.561195,63.556797],[-67.559845,63.565029],[-67.584946,63.583065],[-67.603279,63.611473],[-67.617165,63.611919],[-67.624298,63.623192],[-67.659302,63.636261],[-67.626175,63.662136],[-67.60009,63.669197],[-67.734535,63.634251],[-67.748657,63.670689],[-67.742783,63.690632],[-67.751656,63.692062],[-67.766014,63.713913],[-67.772614,63.707409],[-67.762955,63.697552],[-67.768867,63.689243],[-67.760635,63.666779],[-67.782112,63.676922],[-67.796684,63.695347],[-67.797462,63.731117],[-67.828835,63.73077],[-67.837357,63.749981],[-67.88044,63.758747],[-67.892632,63.772873],[-67.896576,63.765736],[-67.886681,63.75407],[-67.856125,63.741653],[-67.860794,63.720596],[-67.824669,63.724922],[-67.814308,63.713257],[-67.81324,63.707352],[-67.824379,63.705547],[-67.806084,63.664173],[-67.817871,63.658489],[-67.786888,63.651073],[-67.765823,63.628666],[-67.779076,63.594688],[-67.792694,63.586914],[-67.779732,63.574158],[-67.766914,63.573936],[-67.756836,63.564545],[-67.766037,63.558907],[-67.744591,63.542652],[-67.766579,63.53154],[-67.738136,63.52795],[-67.705139,63.507793],[-67.68306,63.472168],[-67.655258,63.446213],[-67.660866,63.440411],[-67.677612,63.445362],[-67.667259,63.437794],[-67.632301,63.434303],[-67.618965,63.421539],[-67.621735,63.394814],[-67.638886,63.404781],[-67.641769,63.385345],[-67.670822,63.380276],[-67.671577,63.371597],[-67.684387,63.378437],[-67.687737,63.370399],[-67.72905,63.394833],[-67.731857,63.414074],[-67.743851,63.400394],[-67.776642,63.408234],[-67.799744,63.426735],[-67.804146,63.435772],[-67.797722,63.443417],[-67.809158,63.456657],[-67.817131,63.454685],[-67.817261,63.466995],[-67.834816,63.474648],[-67.852959,63.472256],[-67.859573,63.488091],[-67.887062,63.492584],[-67.876785,63.502583],[-67.910584,63.508778],[-67.905418,63.513435],[-67.910622,63.524967],[-67.930077,63.535763],[-67.970512,63.536114],[-67.975021,63.550617],[-68.003174,63.550747],[-68.016663,63.56279],[-68.025398,63.563072],[-68.007881,63.536514],[-68.058739,63.553738],[-68.065575,63.585518],[-68.07505,63.578033],[-68.064461,63.594666],[-68.08654,63.614967],[-68.094658,63.614117],[-68.108063,63.629574],[-68.10508,63.64035],[-68.115768,63.629642],[-68.107262,63.621834],[-68.132256,63.625427],[-68.0998,63.599419],[-68.10817,63.58625],[-68.104202,63.577667],[-68.126831,63.578564],[-68.130829,63.587379],[-68.122017,63.596222],[-68.153015,63.61314],[-68.194283,63.596317],[-68.212013,63.599129],[-68.218933,63.606285],[-68.215752,63.619576],[-68.19207,63.61871],[-68.214188,63.647884],[-68.198158,63.646854],[-68.226845,63.665173],[-68.219841,63.671703],[-68.198631,63.67033],[-68.242989,63.690823],[-68.259583,63.682713],[-68.231171,63.652996],[-68.224899,63.628273],[-68.269211,63.625275],[-68.280609,63.640305],[-68.286156,63.634712],[-68.307899,63.641079],[-68.297539,63.635605],[-68.309067,63.633072],[-68.320549,63.643997],[-68.349838,63.648823],[-68.348679,63.665955],[-68.366127,63.656673],[-68.375572,63.676529],[-68.3825,63.660637],[-68.387398,63.685616],[-68.417244,63.708206],[-68.411697,63.718136],[-68.377953,63.706581],[-68.372902,63.711933],[-68.409477,63.725712],[-68.450462,63.71954],[-68.528549,63.744198],[-68.539177,63.74258],[-68.523361,63.722198],[-68.53714,63.721195],[-68.573792,63.747704],[-68.56263,63.727669],[-68.642029,63.762051],[-68.650299,63.753864],[-68.657883,63.760983],[-68.68898,63.758175],[-68.712418,63.776535],[-68.723221,63.776272],[-68.685524,63.738647],[-68.68531,63.72451],[-68.713654,63.72884],[-68.719162,63.720161],[-68.737709,63.735775],[-68.742065,63.729507],[-68.765274,63.737835],[-68.755859,63.720501],[-68.808098,63.746342],[-68.815948,63.747284],[-68.809937,63.740593],[-68.818344,63.737869],[-68.838791,63.748531],[-68.825447,63.737007],[-68.833366,63.734528],[-68.865158,63.741249],[-68.881805,63.75428],[-68.926079,63.761581],[-68.95108,63.759563],[-68.948235,63.753708],[-68.969521,63.758625],[-68.967941,63.750683],[-68.977127,63.749985],[-68.8983,63.711201],[-68.874939,63.67028],[-68.818321,63.645714],[-68.791458,63.608295],[-68.850716,63.614323],[-68.863823,63.604633],[-68.859352,63.601784],[-68.824516,63.606094],[-68.795975,63.595406],[-68.743919,63.556557],[-68.750267,63.550011],[-68.677063,63.529228],[-68.610504,63.477913],[-68.522156,63.44305],[-68.480385,63.434669],[-68.440613,63.447903],[-68.405106,63.436165],[-68.39994,63.431034],[-68.406998,63.425858],[-68.472427,63.427555],[-68.416824,63.40921],[-68.435577,63.412888],[-68.413208,63.395378],[-68.433327,63.38876],[-68.34436,63.362251],[-68.327278,63.350315],[-68.364471,63.355644],[-68.268539,63.305523],[-68.241844,63.274399],[-68.228638,63.269436],[-68.267838,63.275658],[-68.20797,63.256191],[-68.156357,63.208241],[-68.219124,63.208729],[-68.104843,63.179432],[-68.091141,63.163979],[-68.107109,63.152241],[-68.096634,63.143562],[-68.043243,63.154697],[-68.026993,63.168945],[-67.980347,63.156879],[-67.887634,63.148209],[-67.857376,63.132366],[-67.902267,63.11644],[-67.917953,63.101315],[-67.897217,63.084606],[-67.935158,63.075878],[-67.961357,63.045017],[-67.927895,63.047504],[-67.895531,63.066845],[-67.863174,63.070663],[-67.864326,63.082962],[-67.878601,63.079491],[-67.876732,63.086372],[-67.886917,63.087547],[-67.868149,63.096798],[-67.873123,63.101498],[-67.857994,63.112049],[-67.805893,63.110073],[-67.782082,63.103222],[-67.759537,63.08242],[-67.736565,63.078972],[-67.654846,63.094585],[-67.602097,63.090267],[-67.590836,63.082253],[-67.599945,63.076851],[-67.564362,63.066742],[-67.583199,63.063454],[-67.576149,63.057423],[-67.691666,63.04945],[-67.710442,63.039986],[-67.717117,63.024582],[-67.772003,63.009197],[-67.739052,63.000229],[-67.760529,62.982262],[-67.724327,62.975861],[-67.714363,62.965317],[-67.751984,62.948662],[-67.727234,62.940903],[-67.6856,62.951927],[-67.682892,62.961102],[-67.706299,62.993298],[-67.670708,63.005348],[-67.680565,63.020451],[-67.640854,63.031883],[-67.586975,63.024841],[-67.515778,63.039059],[-67.485588,63.026337],[-67.513016,63.023827],[-67.490067,63.013489],[-67.490387,63.005043],[-67.456177,63.004246],[-67.638077,62.958939],[-67.651001,62.951862],[-67.623451,62.952126],[-67.604118,62.942883],[-67.648277,62.926136],[-67.641449,62.916679],[-67.628342,62.909836],[-67.624069,62.924282],[-67.572128,62.937965],[-67.540932,62.960625],[-67.513763,62.953331],[-67.489487,62.956932],[-67.429955,62.977531],[-67.394722,62.963272],[-67.419868,62.951466],[-67.379501,62.96101],[-67.356079,62.949749],[-67.407814,62.925655],[-67.387131,62.92371],[-67.337257,62.939552],[-67.322105,62.931351],[-67.338371,62.921288],[-67.311745,62.920105],[-67.355179,62.898895],[-67.315735,62.906586],[-67.297104,62.91851],[-67.251808,62.894794],[-67.263458,62.876369],[-67.224754,62.880375],[-67.213341,62.874615],[-67.329124,62.865322],[-67.346176,62.852962],[-67.331375,62.848862],[-67.197784,62.866859],[-67.183289,62.859776],[-67.244629,62.830578],[-67.17157,62.849453],[-67.131638,62.835438],[-67.130592,62.827465],[-67.156487,62.826637],[-67.225266,62.804413],[-67.214844,62.798183],[-67.144943,62.811295],[-67.128731,62.807648],[-67.143013,62.797863],[-67.130356,62.795078],[-67.111893,62.809483],[-67.049767,62.782753],[-67.091393,62.75708],[-67.097885,62.742622],[-67.119308,62.735703],[-67.110161,62.732868],[-67.058136,62.758686],[-67.023315,62.766918],[-67.003098,62.762402],[-67.00412,62.755089],[-67.020302,62.751221],[-67.049675,62.751282],[-67.001289,62.74213],[-66.981827,62.725735],[-67.017517,62.693096],[-67.049774,62.677368],[-67.043053,62.673359],[-66.979431,62.695892],[-66.880966,62.686443],[-66.920212,62.678421],[-66.952042,62.655415],[-66.990631,62.645782],[-66.983932,62.641766],[-66.877594,62.663448],[-66.855896,62.657562],[-66.861633,62.64563],[-66.840828,62.646118],[-66.810814,62.667469],[-66.776031,62.666973],[-66.764595,62.657757],[-66.750221,62.667049],[-66.731735,62.655865],[-66.706314,62.653873],[-66.716576,62.641895],[-66.761703,62.632931],[-66.729378,62.631256],[-66.754631,62.621838],[-66.740852,62.6147],[-66.665009,62.6329],[-66.65934,62.628857],[-66.663361,62.620605],[-66.693588,62.61726],[-66.680595,62.6115],[-66.69104,62.608276],[-66.626396,62.605499],[-66.62915,62.591778],[-66.583496,62.599567],[-66.582939,62.588631],[-66.623245,62.582951],[-66.589226,62.57579],[-66.61821,62.571602],[-66.573257,62.573223],[-66.584831,62.567169],[-66.53447,62.559261],[-66.533997,62.549458],[-66.612648,62.540413],[-66.511581,62.53577],[-66.513939,62.523197],[-66.525116,62.519207],[-66.506607,62.514378],[-66.518845,62.501934],[-66.478683,62.508724],[-66.503212,62.495022],[-66.455032,62.499149],[-66.442719,62.489002],[-66.490509,62.466408],[-66.458794,62.46307],[-66.50396,62.427952],[-66.494118,62.415524],[-66.505928,62.417439],[-66.48111,62.413124],[-66.447342,62.428284],[-66.408188,62.433903],[-66.408356,62.426601],[-66.382652,62.424332],[-66.363037,62.43774],[-66.341385,62.438393],[-66.337151,62.431366],[-66.3535,62.422089],[-66.39814,62.407082],[-66.356049,62.412483],[-66.339455,62.404194],[-66.36515,62.395294],[-66.322945,62.397728],[-66.308655,62.385307],[-66.325226,62.381737],[-66.325424,62.374664],[-66.408852,62.371166],[-66.381866,62.361153],[-66.424789,62.342953],[-66.46772,62.358055],[-66.451477,62.346573],[-66.457207,62.343098],[-66.450981,62.335857],[-66.496788,62.338825],[-66.429581,62.329449],[-66.394585,62.314949],[-66.313019,62.252728],[-66.304932,62.258499],[-66.313881,62.26762],[-66.296371,62.264736],[-66.309624,62.277397],[-66.304428,62.28223],[-66.339432,62.298576],[-66.349869,62.313538],[-66.346642,62.341629],[-66.300232,62.335651],[-66.278931,62.343136],[-66.270386,62.325871],[-66.254433,62.319614],[-66.251305,62.327396],[-66.241783,62.317699],[-66.233879,62.346478],[-66.213814,62.348465],[-66.18882,62.3368],[-66.187531,62.328373],[-66.196259,62.325565],[-66.177406,62.320015],[-66.190041,62.303486],[-66.163948,62.314415],[-66.153862,62.306736],[-66.177528,62.302807],[-66.14695,62.291733],[-66.151459,62.280743],[-66.108879,62.25415],[-66.098221,62.24305],[-66.109802,62.2384],[-66.10183,62.234127],[-66.256477,62.259373],[-66.218681,62.244171],[-66.177063,62.244049],[-66.158051,62.232563],[-66.113037,62.232903],[-66.098549,62.224113],[-66.042564,62.217442],[-66.035362,62.221596],[-66.040627,62.233192],[-66.007767,62.230675],[-66.017311,62.238598],[-66.00872,62.245728],[-65.995399,62.242393],[-65.999168,62.253319],[-65.992844,62.254726],[-65.950699,62.236752],[-65.91169,62.207104],[-65.887688,62.205418],[-65.884644,62.201332],[-65.906731,62.186829],[-65.953751,62.190876],[-65.962852,62.184658],[-65.936104,62.172047],[-65.962967,62.172112],[-65.948135,62.165817],[-65.954407,62.163265],[-65.989685,62.167374],[-66.013718,62.155354],[-66.033295,62.156818],[-66.03949,62.15221],[-66.032204,62.138115],[-66.013618,62.120903],[-66.063393,62.122158],[-66.00724,62.103836],[-66.006088,62.082397],[-66.024483,62.07885],[-66.012184,62.074829],[-66.003426,62.059143],[-66.00972,62.058189],[-66.007851,62.044964],[-66.045044,62.067303],[-66.060959,62.062855],[-66.056343,62.070416],[-66.081818,62.089855],[-66.119843,62.090946],[-66.117065,62.109219],[-66.128654,62.120083],[-66.148117,62.119026],[-66.14402,62.127041],[-66.161095,62.127365],[-66.174889,62.117676],[-66.171097,62.107208],[-66.178467,62.095516],[-66.23204,62.082535],[-66.149277,62.096657],[-66.165184,62.105431],[-66.141586,62.113365],[-66.12896,62.086998],[-66.135574,62.081245],[-66.087242,62.062901],[-66.059052,62.034119],[-66.058685,62.022942],[-66.031982,62.008526],[-66.098122,62.010567],[-66.120178,62.00219],[-66.096283,61.999397],[-66.098816,61.987972],[-66.067131,61.998924],[-66.046501,61.991768],[-66.01696,61.994255],[-66.003899,61.979969],[-66.001984,61.965149],[-66.017288,61.957973],[-65.978775,61.951386],[-65.970879,61.946873],[-65.967926,61.928864],[-65.942062,61.922638],[-65.934967,61.911736],[-65.947845,61.871262],[-65.96653,61.881638],[-65.999329,61.878464],[-66.023514,61.89381],[-66.023659,61.867569],[-66.075569,61.872452],[-66.096581,61.864311],[-66.120239,61.877373],[-66.141212,61.868542],[-66.141922,61.861233],[-66.152779,61.86731],[-66.188347,61.861324],[-66.205109,61.870087],[-66.208572,61.859108],[-66.222435,61.867664],[-66.226006,61.859871],[-66.251267,61.860244],[-66.244707,61.855734],[-66.222008,61.856491],[-66.237666,61.850893],[-65.0,61.000002],[-59.0,61.000002],[-57.216669,60.200003],[-57.216669,61.000002],[-57.351669,62.008329],[-57.42333,62.19166],[-57.683329,62.786661],[-57.956669,63.379999],[-58.033329,63.58333],[-57.98,63.735003],[-57.943329,63.876661],[-57.818329,64.071661],[-57.73167,65.148333],[-57.76333,65.301661],[-57.69833,65.628332],[-57.66,66.058332],[-57.634169,66.250002],[-62.046231,66.250002],[-62.074245,66.241882],[-62.098433,66.250002],[-62.231359,66.250002],[-62.143078,66.199722],[-62.158108,66.195168],[-62.416252,66.210197],[-62.414562,66.225685],[-62.33352,66.250002],[-62.471156,66.250002],[-62.624855,66.205322],[-62.695656,66.201614],[-62.706627,66.206947],[-62.693943,66.218246],[-62.699619,66.2248],[-62.756584,66.226158],[-62.772555,66.250002],[-62.796947,66.250002],[-62.793789,66.22718],[-62.728401,66.208702],[-62.72998,66.199371],[-62.700836,66.181198],[-62.612965,66.182587],[-62.483063,66.213318],[-62.476444,66.206039],[-62.508144,66.199661],[-62.479237,66.199951],[-62.476456,66.187073],[-62.444893,66.180191],[-62.461403,66.170174],[-62.341839,66.174805],[-62.345055,66.169647],[-62.305599,66.162956],[-62.392666,66.153488],[-62.287708,66.149834],[-62.277496,66.144035],[-62.279114,66.135399],[-62.249508,66.142708],[-62.150925,66.138466],[-62.139545,66.130104],[-62.096199,66.132378],[-62.090984,66.13015],[-62.119953,66.117592],[-62.141773,66.121483],[-62.155724,66.113472],[-62.142422,66.103447],[-62.151936,66.092087],[-62.192368,66.081024],[-62.121109,66.08242],[-62.053963,66.100143],[-62.048756,66.092201],[-62.055424,66.086929],[-62.025314,66.079552],[-62.050911,66.078323],[-62.08976,66.061058],[-62.090111,66.050552],[-62.135048,66.03051],[-62.109722,66.030609],[-62.086857,66.04702],[-62.093285,66.034195],[-62.088089,66.031967],[-62.03056,66.038559],[-62.020409,66.032967],[-62.027557,66.0252],[-62.020451,66.021309],[-61.992146,66.03936],[-61.983677,66.033821],[-61.989048,66.029427],[-61.940262,66.028725],[-61.946018,66.016792],[-61.926605,66.004257],[-61.958042,66.004387],[-61.982349,65.995132],[-61.991241,66.009834],[-62.009281,66.015228],[-62.020519,66.000961],[-62.054634,66.004593],[-62.060818,65.990158],[-62.090977,65.993881],[-62.116985,65.9842],[-62.162449,65.998917],[-62.200752,65.998306],[-62.320957,65.964569],[-62.347301,65.982979],[-62.438858,65.994896],[-62.485638,66.012741],[-62.553726,66.018402],[-62.598221,66.011246],[-62.689575,66.025513],[-62.758717,66.018547],[-62.831573,66.050255],[-62.849232,66.06604],[-62.878361,66.115257],[-62.913441,66.135391],[-63.019817,66.119011],[-63.044266,66.10685],[-62.950039,66.121742],[-62.917061,66.119949],[-62.893272,66.10675],[-62.878811,66.046745],[-62.788265,66.002914],[-62.694012,66.005989],[-62.664268,66.002632],[-62.6642,65.99646],[-62.564686,65.994278],[-62.557186,65.985832],[-62.513248,65.986824],[-62.502739,65.97966],[-62.509403,65.973686],[-62.48185,65.964645],[-62.417126,65.962929],[-62.380619,65.941711],[-62.386066,65.936394],[-62.381737,65.923233],[-62.401047,65.912392],[-62.443321,65.915451],[-62.488564,65.901543],[-62.453487,65.910095],[-62.428711,65.904778],[-62.424847,65.898262],[-62.450436,65.886459],[-62.395618,65.896004],[-62.353382,65.89151],[-62.362431,65.881737],[-62.358711,65.874535],[-62.386242,65.86441],[-62.369728,65.860016],[-62.363407,65.845657],[-62.341991,65.831512],[-62.347687,65.827805],[-62.28056,65.798752],[-62.321037,65.790642],[-62.393333,65.794235],[-62.431931,65.780785],[-62.449421,65.788857],[-62.462078,65.77713],[-62.527512,65.784798],[-62.519161,65.787972],[-62.530033,65.802238],[-62.524212,65.806862],[-62.527168,65.8218],[-62.539406,65.818733],[-62.544834,65.800392],[-62.577522,65.798149],[-62.566475,65.791199],[-62.575176,65.789169],[-62.628983,65.803307],[-62.637634,65.798302],[-62.682152,65.805069],[-62.707729,65.818588],[-62.716503,65.839394],[-62.775127,65.85247],[-62.821205,65.877731],[-62.84642,65.908119],[-62.86203,65.898041],[-62.839443,65.885773],[-62.851967,65.870583],[-62.765728,65.82502],[-62.823494,65.836456],[-62.762871,65.815346],[-62.744396,65.80249],[-62.744877,65.792915],[-62.728065,65.793579],[-62.72221,65.80529],[-62.704666,65.80365],[-62.69318,65.789162],[-62.669239,65.779335],[-62.58313,65.762444],[-62.560631,65.741447],[-62.571415,65.707954],[-62.589935,65.700272],[-62.613857,65.712852],[-62.734032,65.744408],[-62.779346,65.742485],[-62.844715,65.757324],[-62.839882,65.735718],[-62.786942,65.706383],[-62.66872,65.696854],[-62.646801,65.685486],[-62.656933,65.678009],[-62.64307,65.668243],[-62.609734,65.672066],[-62.615906,65.668365],[-62.597488,65.652977],[-62.620232,65.626686],[-62.623661,65.603256],[-62.637142,65.595428],[-62.635113,65.58783],[-62.663063,65.572655],[-62.672928,65.576363],[-62.658226,65.604721],[-62.663551,65.635483],[-62.672855,65.632782],[-62.673347,65.61338],[-62.679935,65.610374],[-62.691406,65.617783],[-62.733227,65.608932],[-62.715279,65.597229],[-62.734592,65.58065],[-62.800945,65.596916],[-62.794224,65.583939],[-62.800236,65.58091],[-62.837379,65.620995],[-62.875954,65.628685],[-62.872604,65.677238],[-62.891968,65.68782],[-62.890152,65.716545],[-62.881023,65.72155],[-62.890999,65.735527],[-62.912811,65.745026],[-62.955223,65.740234],[-62.901688,65.720741],[-62.923923,65.717011],[-62.911945,65.687683],[-62.915207,65.635696],[-62.912109,65.630821],[-62.898006,65.642998],[-62.888145,65.631989],[-62.935898,65.602692],[-62.932682,65.59507],[-62.951294,65.585526],[-62.950718,65.571579],[-62.997318,65.580597],[-63.005814,65.607765],[-63.030884,65.620766],[-63.083179,65.622139],[-63.156281,65.64344],[-63.194122,65.641891],[-63.161217,65.621422],[-63.187214,65.617516],[-63.205029,65.631668],[-63.241184,65.633942],[-63.225735,65.648857],[-63.230671,65.664276],[-63.247295,65.683182],[-63.322464,65.719284],[-63.326664,65.748146],[-63.345325,65.761383],[-63.354481,65.786949],[-63.380116,65.806282],[-63.404888,65.847961],[-63.442417,65.870766],[-63.476982,65.911522],[-63.448448,65.931854],[-63.474133,65.928116],[-63.483345,65.91806],[-63.49371,65.924004],[-63.484192,65.932236],[-63.494377,65.935432],[-63.521606,65.924423],[-63.524921,65.916504],[-63.511162,65.886292],[-63.531712,65.870552],[-63.461048,65.832855],[-63.455666,65.815376],[-63.418335,65.783684],[-63.384697,65.718506],[-63.374897,65.713249],[-63.395737,65.703018],[-63.37616,65.680634],[-63.349262,65.667198],[-63.347954,65.656899],[-63.460518,65.671234],[-63.584263,65.664734],[-63.602135,65.655098],[-63.682686,65.661003],[-63.708588,65.674812],[-63.737316,65.670876],[-63.699875,65.64769],[-63.569401,65.647507],[-63.497875,65.624405],[-63.367615,65.62336],[-63.341461,65.605148],[-63.325855,65.582855],[-63.356701,65.579269],[-63.363728,65.564606],[-63.363441,65.52739],[-63.401413,65.523521],[-63.427902,65.530998],[-63.421318,65.522858],[-63.459721,65.523773],[-63.462387,65.516304],[-63.523029,65.540092],[-63.542744,65.55558],[-63.540466,65.574501],[-63.574715,65.59491],[-63.583218,65.584839],[-63.606033,65.583298],[-63.571239,65.566994],[-63.586952,65.552284],[-63.57338,65.538284],[-63.578648,65.535896],[-63.681664,65.561264],[-63.689327,65.561661],[-63.687222,65.556595],[-63.643555,65.544899],[-63.607761,65.523781],[-63.531921,65.510628],[-63.521202,65.492119],[-63.534195,65.485352],[-63.516518,65.477867],[-63.537746,65.471054],[-63.526279,65.466454],[-63.511864,65.471596],[-63.500248,65.46402],[-63.492878,65.473885],[-63.449348,65.482903],[-63.305374,65.440369],[-63.306374,65.433319],[-63.288033,65.419624],[-63.343834,65.436073],[-63.419739,65.422623],[-63.445347,65.427803],[-63.434631,65.417961],[-63.443279,65.418854],[-63.546803,65.46077],[-63.590668,65.456985],[-63.658947,65.468109],[-63.649162,65.475883],[-63.740456,65.474937],[-63.612015,65.449028],[-63.656849,65.433151],[-63.593758,65.441765],[-63.5588,65.428185],[-63.573711,65.414833],[-63.533134,65.419144],[-63.477745,65.395027],[-63.388134,65.381691],[-63.517933,65.381134],[-63.535145,65.37104],[-63.428539,65.366463],[-63.513123,65.351585],[-63.397629,65.324867],[-63.413494,65.320686],[-63.371262,65.318062],[-63.400921,65.312851],[-63.373802,65.307625],[-63.38644,65.295158],[-63.38084,65.292282],[-63.350998,65.287216],[-63.361374,65.279251],[-63.418274,65.289764],[-63.422066,65.28598],[-63.409676,65.280884],[-63.421398,65.278893],[-63.4711,65.290352],[-63.44857,65.279541],[-63.460144,65.262474],[-63.478531,65.255386],[-63.351898,65.265099],[-63.337284,65.241005],[-63.351608,65.235878],[-63.399296,65.241386],[-63.404091,65.2342],[-63.440327,65.23188],[-63.472828,65.241104],[-63.469025,65.22892],[-63.413258,65.218903],[-63.379242,65.221039],[-63.374306,65.209511],[-63.360291,65.216469],[-63.32885,65.215691],[-63.314472,65.20575],[-63.324608,65.199379],[-63.312283,65.178764],[-63.335014,65.175446],[-63.357048,65.177139],[-63.343903,65.181831],[-63.38002,65.199608],[-63.393272,65.186241],[-63.418098,65.191406],[-63.4067,65.183373],[-63.411854,65.181442],[-63.470741,65.183777],[-63.510143,65.19384],[-63.51881,65.185837],[-63.444588,65.16832],[-63.439499,65.161804],[-63.44492,65.157829],[-63.518818,65.152977],[-63.511517,65.146645],[-63.47036,65.15023],[-63.430252,65.14196],[-63.455627,65.130707],[-63.327747,65.138069],[-63.350262,65.116493],[-63.380573,65.120667],[-63.372223,65.106544],[-63.378754,65.102371],[-63.414669,65.105072],[-63.432369,65.094322],[-63.467155,65.089233],[-63.413364,65.086784],[-63.457558,65.068008],[-63.427601,65.069565],[-63.417683,65.078903],[-63.396328,65.064919],[-63.405094,65.06012],[-63.398617,65.056076],[-63.360153,65.060608],[-63.348797,65.052795],[-63.419014,65.045166],[-63.447025,65.053833],[-63.481869,65.051933],[-63.383602,65.031525],[-63.410374,65.009361],[-63.446018,65.029167],[-63.442364,65.012199],[-63.502773,65.032814],[-63.448856,64.987946],[-63.450939,64.980461],[-63.475357,64.979225],[-63.51651,64.998238],[-63.507633,65.008293],[-63.519314,65.013817],[-63.524937,65.040871],[-63.563763,65.057983],[-63.565456,65.049126],[-63.577034,65.04734],[-63.538185,65.034569],[-63.541515,65.009094],[-63.571423,65.007286],[-63.540913,64.997215],[-63.561481,64.992455],[-63.526184,64.98204],[-63.500263,64.962029],[-63.540863,64.968697],[-63.536793,64.950356],[-63.516346,64.938004],[-63.528801,64.937386],[-63.517956,64.929832],[-63.538475,64.920967],[-63.559235,64.9226],[-63.560024,64.912346],[-63.533764,64.907623],[-63.530544,64.887016],[-63.540176,64.883141],[-63.60392,64.888512],[-63.629486,64.907127],[-63.667477,64.904121],[-63.657784,64.91713],[-63.604698,64.92868],[-63.64555,64.924599],[-63.645588,64.932816],[-63.668964,64.93084],[-63.66972,64.937698],[-63.610767,64.952766],[-63.651474,64.954391],[-63.666855,64.94767],[-63.656212,64.959518],[-63.600391,64.962341],[-63.585144,64.972023],[-63.625599,64.971588],[-63.613361,64.978836],[-63.604,65.001427],[-63.61993,65.003395],[-63.625088,65.001007],[-63.620293,64.99633],[-63.641655,64.985191],[-63.664379,64.997345],[-63.655521,64.982086],[-63.664986,64.971123],[-63.706177,64.982094],[-63.695091,64.967247],[-63.728802,64.951576],[-63.753685,64.950539],[-63.746075,64.959946],[-63.771183,64.965973],[-63.788437,64.961334],[-63.820797,64.974358],[-63.844307,64.971443],[-63.841343,64.982788],[-63.799454,64.990547],[-63.831612,65.005615],[-63.736122,65.001465],[-63.781586,65.01342],[-63.763035,65.023956],[-63.675526,65.028847],[-63.656128,65.037071],[-63.724407,65.039528],[-63.728809,65.047607],[-63.719826,65.050369],[-63.735714,65.057343],[-63.664017,65.090179],[-63.670422,65.099449],[-63.748051,65.058067],[-63.741879,65.046753],[-63.759258,65.032768],[-63.801243,65.029358],[-63.791451,65.025497],[-63.819214,65.019028],[-63.86343,65.023857],[-63.874897,65.031853],[-63.869568,65.040413],[-63.877842,65.048111],[-63.830925,65.056458],[-63.879814,65.063438],[-63.893875,65.077187],[-63.890812,65.089439],[-63.852024,65.115303],[-63.819286,65.16227],[-63.789013,65.170288],[-63.801563,65.17421],[-63.798401,65.18235],[-63.805084,65.185463],[-63.855137,65.175583],[-63.849213,65.166107],[-63.861153,65.143326],[-63.88258,65.127129],[-63.87809,65.114716],[-63.895725,65.112122],[-63.894337,65.128517],[-63.920567,65.13591],[-63.927151,65.121223],[-63.922138,65.113136],[-63.929981,65.106232],[-63.922256,65.093521],[-63.93824,65.086327],[-63.987751,65.098068],[-64.029518,65.087517],[-64.029015,65.101646],[-64.068047,65.125458],[-64.082825,65.079918],[-64.073067,65.050758],[-64.107468,65.032516],[-64.143974,65.039383],[-64.159851,65.067513],[-64.201347,65.084038],[-64.179573,65.095482],[-64.174629,65.101318],[-64.180862,65.103714],[-64.248581,65.082191],[-64.26226,65.091118],[-64.231537,65.126343],[-64.240379,65.145432],[-64.235825,65.152641],[-64.186447,65.158096],[-64.161438,65.168793],[-64.142784,65.165695],[-64.064865,65.19313],[-64.139954,65.181831],[-64.143074,65.203102],[-64.110535,65.232346],[-64.115944,65.247505],[-64.120895,65.232094],[-64.155128,65.212227],[-64.162804,65.186378],[-64.193008,65.193336],[-64.243156,65.186302],[-64.251808,65.181442],[-64.251633,65.167534],[-64.319801,65.131844],[-64.326149,65.133331],[-64.33387,65.164253],[-64.371948,65.168579],[-64.367775,65.177856],[-64.383644,65.187485],[-64.379623,65.206108],[-64.385956,65.224464],[-64.40361,65.243927],[-64.345406,65.265472],[-64.340866,65.288879],[-64.354454,65.305542],[-64.370712,65.301041],[-64.373665,65.276924],[-64.39695,65.261826],[-64.405632,65.267677],[-64.400024,65.28582],[-64.383049,65.303078],[-64.336647,65.319817],[-64.336891,65.333504],[-64.323792,65.333496],[-64.29731,65.357414],[-64.259857,65.370644],[-64.247673,65.392998],[-64.279587,65.391304],[-64.19252,65.427551],[-64.208237,65.439476],[-64.236313,65.417648],[-64.247078,65.42469],[-64.283089,65.415543],[-64.293228,65.407516],[-64.29319,65.392006],[-64.325165,65.384377],[-64.361618,65.337364],[-64.397362,65.334801],[-64.44841,65.292587],[-64.465195,65.288086],[-64.468529,65.281761],[-64.449669,65.245865],[-64.470154,65.242111],[-64.453629,65.221764],[-64.469582,65.219757],[-64.460205,65.215492],[-64.47831,65.208054],[-64.449181,65.200256],[-64.448448,65.179726],[-64.497314,65.13929],[-64.51609,65.135506],[-64.506683,65.1203],[-64.511536,65.103287],[-64.556931,65.074409],[-64.569519,65.108124],[-64.566132,65.116806],[-64.588333,65.121429],[-64.625618,65.110184],[-64.630531,65.11573],[-64.616753,65.130554],[-64.649101,65.13221],[-64.647751,65.141312],[-64.624435,65.147545],[-64.600685,65.170418],[-64.614502,65.185684],[-64.628944,65.182045],[-64.621925,65.175545],[-64.636787,65.160965],[-64.672585,65.160851],[-64.697052,65.14756],[-64.712112,65.148933],[-64.704521,65.155197],[-64.711052,65.173759],[-64.671272,65.188187],[-64.714073,65.201622],[-64.717735,65.215813],[-64.657242,65.236298],[-64.602905,65.241814],[-64.70652,65.238663],[-64.709496,65.248283],[-64.69104,65.260307],[-64.709602,65.265839],[-64.798195,65.221817],[-64.837456,65.240173],[-64.817581,65.250366],[-64.856079,65.245232],[-64.871201,65.260033],[-64.896805,65.25972],[-64.900414,65.269112],[-64.844399,65.281761],[-64.89801,65.285721],[-64.911964,65.295265],[-64.897392,65.307137],[-64.813736,65.323257],[-64.782265,65.321198],[-64.776566,65.304703],[-64.762947,65.298111],[-64.728241,65.29599],[-64.75058,65.302483],[-64.754654,65.312347],[-64.678146,65.326454],[-64.685074,65.334541],[-64.744576,65.328156],[-64.798103,65.340584],[-64.910065,65.333076],[-64.799194,65.360207],[-64.761749,65.376518],[-64.66703,65.384186],[-64.624161,65.404716],[-64.608978,65.42112],[-64.538849,65.421349],[-64.510513,65.41404],[-64.48362,65.420425],[-64.438896,65.412827],[-64.415024,65.460533],[-64.401299,65.471695],[-64.416138,65.471497],[-64.428825,65.481979],[-64.441284,65.466911],[-64.435486,65.447655],[-64.458427,65.431633],[-64.523468,65.433403],[-64.486725,65.450806],[-64.493172,65.452286],[-64.615753,65.436958],[-64.632492,65.457977],[-64.65004,65.451866],[-64.655457,65.44648],[-64.648468,65.438843],[-64.679062,65.415154],[-64.781044,65.413513],[-64.8181,65.402435],[-64.862335,65.416977],[-64.966637,65.399284],[-64.976089,65.397362],[-64.980957,65.36232],[-64.987053,65.361259],[-65.049332,65.361176],[-65.088684,65.376045],[-65.090179,65.385643],[-65.123802,65.404984],[-65.102753,65.416115],[-65.156265,65.425903],[-65.153725,65.446617],[-65.131676,65.448395],[-65.1455,65.454491],[-65.137573,65.46579],[-65.170921,65.475319],[-65.151787,65.489906],[-65.125214,65.492996],[-65.102913,65.482452],[-65.09539,65.495354],[-65.012276,65.505219],[-64.985451,65.518311],[-64.937805,65.516068],[-64.94249,65.52639],[-64.925446,65.540291],[-64.902405,65.546356],[-64.865303,65.542412],[-64.889206,65.553009],[-64.863319,65.580231],[-64.845139,65.586815],[-64.754837,65.572952],[-64.834404,65.596695],[-64.840012,65.608856],[-64.832382,65.62767],[-64.852486,65.631607],[-64.841957,65.638756],[-64.827881,65.635361],[-64.818764,65.645264],[-64.708191,65.646126],[-64.800453,65.659363],[-64.837265,65.655334],[-64.853821,65.648956],[-64.881813,65.610359],[-64.932899,65.578239],[-64.936127,65.565292],[-64.947952,65.562035],[-64.951866,65.568237],[-64.996887,65.54126],[-65.132454,65.530243],[-65.222992,65.549347],[-65.21286,65.560852],[-65.17614,65.574318],[-65.161316,65.589409],[-65.169838,65.59362],[-65.263809,65.564636],[-65.287491,65.539154],[-65.336578,65.563179],[-65.291412,65.58889],[-65.303612,65.604759],[-65.289787,65.630814],[-65.132362,65.632141],[-65.087257,65.65255],[-65.09568,65.665878],[-65.017059,65.681969],[-64.995163,65.700607],[-64.819061,65.707741],[-64.774429,65.718033],[-64.779709,65.721077],[-64.898643,65.723465],[-65.016144,65.708633],[-65.114677,65.678429],[-65.11161,65.667221],[-65.140045,65.656174],[-65.217476,65.663261],[-65.317421,65.656204],[-65.44561,65.66555],[-65.459114,65.680275],[-65.42495,65.70591],[-65.432968,65.719902],[-65.410347,65.736763],[-65.402382,65.758339],[-65.383377,65.769531],[-65.384666,65.784592],[-65.412888,65.777138],[-65.459389,65.7416],[-65.495743,65.736038],[-65.476143,65.777786],[-65.448753,65.799622],[-65.442467,65.830559],[-65.4039,65.851593],[-65.398376,65.869087],[-65.340332,65.896736],[-65.349602,65.90892],[-65.344322,65.912972],[-65.285965,65.917564],[-65.246704,65.92852],[-65.244476,65.936707],[-65.173637,65.94294],[-65.153053,65.957291],[-65.056862,65.96476],[-64.940331,66.001999],[-64.903427,66.001045],[-64.786926,65.968155],[-64.663368,65.954681],[-64.725815,65.969536],[-64.704063,65.974915],[-64.746651,65.974411],[-64.810387,65.988335],[-64.827057,65.996552],[-64.829315,66.009583],[-64.846237,66.021683],[-64.805435,66.066032],[-64.7593,66.079735],[-64.759323,66.124435],[-64.731979,66.147072],[-64.757378,66.172302],[-64.70565,66.195496],[-64.724266,66.208313],[-64.619125,66.251205],[-64.562737,66.260818],[-64.530045,66.288361],[-64.460571,66.291565],[-64.422585,66.308273],[-64.353928,66.319206],[-64.35817,66.322014],[-64.325249,66.338104],[-64.338936,66.348381],[-64.381363,66.328346],[-64.409821,66.327682],[-64.413277,66.338234],[-64.439957,66.338448],[-64.504234,66.308701],[-64.567131,66.309479],[-64.641769,66.275505],[-64.698128,66.272476],[-64.704582,66.257515],[-64.77684,66.227325],[-64.78759,66.201256],[-64.803711,66.204224],[-64.836319,66.179367],[-64.822037,66.168213],[-64.836227,66.153816],[-64.839951,66.123085],[-64.828255,66.095093],[-64.949417,66.06369],[-65.024193,66.062622],[-65.066406,66.046516],[-65.21785,66.01506],[-65.249092,66.017242],[-65.251602,66.029816],[-65.267151,66.040474],[-65.283104,66.028343],[-65.275131,66.004997],[-65.330284,65.992386],[-65.351921,65.978027],[-65.510468,65.965057],[-65.701729,65.965202],[-65.712158,65.957764],[-65.754868,65.964958],[-65.873985,65.938751],[-65.944031,65.961357],[-65.950775,66.002663],[-65.938576,66.013519],[-65.949379,66.023628],[-65.952614,66.04097],[-65.904884,66.069138],[-65.901337,66.073441],[-65.916306,66.078102],[-65.889091,66.084068],[-65.891098,66.089783],[-65.82103,66.098152],[-65.812416,66.114502],[-65.625908,66.16243],[-65.593231,66.182884],[-65.622475,66.174026],[-65.631767,66.179581],[-65.622215,66.189522],[-65.517281,66.228226],[-65.50956,66.234764],[-65.519875,66.251968],[-65.512276,66.275833],[-65.494102,66.295952],[-65.472015,66.305313],[-65.491699,66.308014],[-65.510887,66.299759],[-65.523033,66.305351],[-65.478233,66.324753],[-65.46196,66.359482],[-65.465134,66.382317],[-65.490662,66.383476],[-65.499306,66.342743],[-65.513222,66.328056],[-65.550529,66.320427],[-65.559616,66.310249],[-65.545418,66.290512],[-65.572334,66.244476],[-65.556885,66.237724],[-65.553467,66.228111],[-65.574966,66.227631],[-65.57402,66.234459],[-65.604492,66.225159],[-65.68943,66.177116],[-65.745163,66.167542],[-65.851387,66.123688],[-65.870537,66.123367],[-65.858284,66.133308],[-65.867851,66.133385],[-65.978867,66.101555],[-66.077263,66.117676],[-66.106125,66.129242],[-66.135452,66.12735],[-66.14801,66.139503],[-66.143372,66.143578],[-66.177132,66.162682],[-66.207939,66.169228],[-66.186111,66.182335],[-66.209961,66.195908],[-66.245392,66.200409],[-66.255203,66.212769],[-66.269257,66.21534],[-66.21814,66.224899],[-66.230927,66.232254],[-66.196518,66.248497],[-66.187492,66.247993],[-66.182213,66.235657],[-66.169701,66.238098],[-66.163956,66.241028],[-66.179741,66.260719],[-66.166397,66.253357],[-66.148346,66.269211],[-66.206894,66.260857],[-66.220451,66.242462],[-66.248428,66.252853],[-66.263298,66.246773],[-66.245834,66.244637],[-66.237022,66.236389],[-66.24221,66.232765],[-66.312614,66.24221],[-66.313583,66.248596],[-66.294624,66.259911],[-66.302406,66.26519],[-66.320679,66.258659],[-66.318573,66.252495],[-66.342857,66.253967],[-66.351501,66.24762],[-66.387962,66.260529],[-66.352203,66.265404],[-66.358925,66.268166],[-66.400009,66.278809],[-66.413193,66.271111],[-66.431831,66.273232],[-66.421974,66.257462],[-66.354767,66.229164],[-66.342651,66.216354],[-66.384987,66.217438],[-66.37278,66.208038],[-66.386322,66.208321],[-66.39389,66.19809],[-66.407738,66.209999],[-66.449158,66.200119],[-66.486237,66.209587],[-66.510818,66.224258],[-66.498833,66.230827],[-66.516975,66.227463],[-66.534904,66.236412],[-66.545349,66.254677],[-66.533997,66.25692],[-66.541733,66.268112],[-66.525185,66.276047],[-66.523308,66.286293],[-66.455605,66.273315],[-66.461578,66.286102],[-66.478523,66.288437],[-66.459694,66.29567],[-66.469833,66.298439],[-66.464005,66.306854],[-66.501343,66.310844],[-66.516434,66.323204],[-66.505653,66.323174],[-66.487785,66.338615],[-66.495613,66.345024],[-66.539993,66.339005],[-66.568825,66.346603],[-66.546844,66.371162],[-66.434944,66.399353],[-66.452629,66.405197],[-66.4804,66.398773],[-66.48423,66.406761],[-66.584373,66.369896],[-66.590195,66.360565],[-66.623611,66.367943],[-66.632248,66.359299],[-66.681541,66.370575],[-66.692375,66.366951],[-66.674248,66.36235],[-66.755989,66.370476],[-66.739937,66.386864],[-66.712715,66.379066],[-66.703575,66.383385],[-66.708008,66.395241],[-66.691475,66.398857],[-66.658997,66.450996],[-66.694397,66.445824],[-66.705986,66.426926],[-66.716263,66.42421],[-66.787331,66.443466],[-66.811203,66.454887],[-66.786011,66.469452],[-66.783043,66.486771],[-66.763573,66.494041],[-66.763512,66.501793],[-66.789162,66.510483],[-66.788422,66.536926],[-66.847939,66.533119],[-66.811775,66.553825],[-66.767067,66.561523],[-66.758957,66.573364],[-66.72802,66.572403],[-66.720375,66.59314],[-66.833969,66.582115],[-67.075081,66.656479]],[[-66.926994,66.519615],[-66.896576,66.524948],[-66.846283,66.517387],[-66.815536,66.496155],[-66.832748,66.480446],[-66.947472,66.499435],[-66.948616,66.505363],[-66.926994,66.519615]],[[-66.935493,66.482559],[-66.872757,66.463379],[-66.853989,66.450142],[-66.892754,66.448807],[-66.90303,66.440834],[-66.909843,66.456108],[-66.929817,66.440155],[-66.982246,66.440849],[-67.023872,66.447227],[-67.022758,66.457031],[-67.03476,66.465233],[-67.005104,66.469116],[-67.017113,66.477318],[-66.99144,66.488037],[-66.935493,66.482559]],[[-66.868263,66.441948],[-66.851738,66.442162],[-66.838692,66.429161],[-66.814804,66.421837],[-66.850105,66.423241],[-66.866592,66.431915],[-66.868263,66.441948]],[[-66.984505,66.422844],[-66.991882,66.404152],[-67.033997,66.40551],[-67.067612,66.413925],[-67.073914,66.422356],[-67.038063,66.429901],[-66.984505,66.422844]],[[-66.966843,66.406654],[-66.93895,66.414177],[-66.845078,66.400894],[-66.787758,66.378265],[-66.785553,66.368919],[-66.714081,66.355362],[-66.6539,66.353424],[-66.577118,66.323601],[-66.55751,66.308052],[-66.571297,66.296463],[-66.567993,66.29007],[-66.626961,66.285889],[-66.654678,66.28846],[-66.717896,66.312515],[-66.725304,66.307968],[-66.70723,66.301094],[-66.74511,66.312332],[-66.787056,66.31353],[-66.751305,66.317581],[-66.757507,66.322151],[-66.81823,66.315392],[-66.842575,66.323395],[-66.82328,66.325653],[-66.842537,66.332741],[-66.831665,66.351189],[-66.79937,66.339073],[-66.822655,66.335907],[-66.815865,66.333397],[-66.781265,66.33062],[-66.770996,66.338806],[-66.790825,66.344078],[-66.798134,66.356171],[-66.821426,66.354599],[-66.861656,66.379936],[-66.895775,66.37426],[-66.944649,66.389786],[-66.951477,66.397537],[-66.93441,66.399353],[-66.966843,66.406654]],[[-66.68364,66.281677],[-66.683731,66.273468],[-66.735146,66.284729],[-66.721519,66.288582],[-66.722015,66.295654],[-66.68364,66.281677]],[[-67.103699,66.264366],[-67.218071,66.270844],[-67.197754,66.277031],[-67.103699,66.264366]],[[-67.132515,66.258415],[-67.16983,66.256096],[-67.170456,66.26339],[-67.132515,66.258415]],[[-67.225754,66.249184],[-67.242691,66.246643],[-67.234894,66.25737],[-67.225754,66.249184]],[[-67.554092,66.246544],[-67.568329,66.246849],[-67.592651,66.265938],[-67.574089,66.270569],[-67.580757,66.265755],[-67.554092,66.246544]],[[-67.351677,66.272865],[-67.33638,66.27153],[-67.32373,66.258339],[-67.331627,66.257179],[-67.351677,66.272865]],[[-67.203445,66.280212],[-67.215469,66.291359],[-67.134422,66.287361],[-67.126976,66.275978],[-67.114037,66.27298],[-67.203445,66.280212]],[[-67.13559,66.292603],[-67.113487,66.290802],[-67.105522,66.284882],[-67.112312,66.284653],[-67.13559,66.292603]],[[-66.793365,66.302139],[-66.76387,66.305519],[-66.748611,66.299568],[-66.751534,66.288864],[-66.793365,66.302139]],[[-66.920822,66.344643],[-66.934448,66.343735],[-66.927078,66.337349],[-66.931618,66.332794],[-66.952042,66.338722],[-66.959991,66.333939],[-66.987816,66.346931],[-66.98101,66.356049],[-66.994072,66.357193],[-67.026535,66.384766],[-67.040741,66.383392],[-67.060707,66.398201],[-67.051636,66.406418],[-66.98732,66.398224],[-66.914566,66.353302],[-66.873116,66.352135],[-66.85334,66.326363],[-66.920822,66.344643]],[[-67.131371,66.335693],[-67.137657,66.341843],[-67.107529,66.334114],[-67.131371,66.335693]],[[-67.066956,66.395012],[-67.091377,66.389069],[-67.086296,66.396133],[-67.066956,66.395012]],[[-67.12883,66.45742],[-67.142563,66.463104],[-67.135185,66.468132],[-67.15004,66.470398],[-67.101593,66.479103],[-67.064476,66.475708],[-67.060997,66.462944],[-67.094673,66.467484],[-67.12883,66.45742]],[[-67.217651,66.390976],[-67.201019,66.377327],[-67.244347,66.387512],[-67.24324,66.390251],[-67.217651,66.390976]],[[-67.377312,66.281914],[-67.377815,66.278496],[-67.406242,66.285034],[-67.377312,66.281914]],[[-67.426575,66.281784],[-67.501656,66.296822],[-67.497322,66.306183],[-67.464478,66.307655],[-67.422829,66.293648],[-67.436295,66.286766],[-67.426575,66.281784]],[[-67.509209,66.305458],[-67.514778,66.301109],[-67.524979,66.301071],[-67.516701,66.310898],[-67.509209,66.305458]],[[-67.538139,66.306267],[-67.570602,66.312531],[-67.573692,66.322548],[-67.590302,66.328865],[-67.584724,66.332764],[-67.592453,66.346405],[-67.484291,66.332893],[-67.497574,66.317352],[-67.515823,66.322075],[-67.538139,66.306267]],[[-67.655609,66.3311],[-67.665977,66.336525],[-67.661087,66.34407],[-67.631393,66.337814],[-67.65123,66.336815],[-67.655609,66.3311]],[[-67.489914,66.31588],[-67.484406,66.311691],[-67.470222,66.311287],[-67.497963,66.309372],[-67.489914,66.31588]],[[-67.570412,66.350372],[-67.537704,66.360069],[-67.517578,66.349197],[-67.524918,66.347343],[-67.570412,66.350372]],[[-67.598473,66.381264],[-67.606903,66.39901],[-67.631859,66.396172],[-67.63607,66.404358],[-67.650757,66.400421],[-67.66407,66.40834],[-67.659164,66.416115],[-67.633636,66.419418],[-67.594681,66.410461],[-67.564659,66.393478],[-67.598473,66.381264]],[[-67.680527,66.406677],[-67.687912,66.406181],[-67.69619,66.416634],[-67.682045,66.419662],[-67.680527,66.406677]],[[-67.747437,66.416618],[-67.781136,66.419861],[-67.771187,66.428802],[-67.75399,66.425697],[-67.747437,66.416618]],[[-67.774666,66.430611],[-67.789963,66.444893],[-67.762527,66.442757],[-67.762161,66.431587],[-67.774666,66.430611]],[[-67.174164,66.234436],[-67.193443,66.241478],[-67.15609,66.236282],[-67.174164,66.234436]],[[-67.147614,66.23629],[-67.142555,66.239716],[-67.117111,66.239738],[-67.122719,66.232895],[-67.147614,66.23629]],[[-67.517754,66.232483],[-67.500557,66.221596],[-67.502502,66.20723],[-67.524773,66.218094],[-67.517754,66.232483]],[[-67.162643,66.208923],[-67.148567,66.213722],[-67.132149,66.208725],[-67.158104,66.205963],[-67.162643,66.208923]],[[-67.261986,66.20649],[-67.256775,66.196243],[-67.235794,66.187393],[-67.259972,66.180511],[-67.279442,66.203041],[-67.261986,66.20649]],[[-67.229713,66.198112],[-67.212173,66.19381],[-67.210983,66.188118],[-67.230164,66.188316],[-67.229713,66.198112]],[[-66.34304,66.200394],[-66.282738,66.175972],[-66.319382,66.153793],[-66.324699,66.160561],[-66.332909,66.153854],[-66.333084,66.16935],[-66.348068,66.179214],[-66.363937,66.175865],[-66.383469,66.18483],[-66.345093,66.185585],[-66.34304,66.200394]],[[-66.301956,66.195656],[-66.313583,66.204376],[-66.323654,66.208061],[-66.290451,66.204041],[-66.301956,66.195656]],[[-66.286125,66.196953],[-66.245621,66.192207],[-66.225113,66.179573],[-66.247208,66.176033],[-66.2705,66.190498],[-66.276283,66.185287],[-66.286125,66.196953]],[[-66.280693,66.167984],[-66.24398,66.150711],[-66.230873,66.136284],[-66.308784,66.149872],[-66.280693,66.167984]],[[-67.204086,66.175819],[-67.21991,66.178757],[-67.191162,66.180168],[-67.204086,66.175819]],[[-67.323677,66.179245],[-67.334915,66.176712],[-67.348541,66.182602],[-67.338463,66.187187],[-67.323677,66.179245]],[[-67.138649,66.096123],[-67.081825,66.084541],[-67.075623,66.079987],[-67.112152,66.083382],[-67.138649,66.096123]],[[-67.005417,66.084801],[-66.977325,66.083664],[-66.980125,66.076141],[-67.005417,66.084801]],[[-66.923958,66.082283],[-66.911613,66.072708],[-66.93071,66.072029],[-66.923958,66.082283]],[[-66.940254,66.079788],[-66.944183,66.07135],[-66.964966,66.077965],[-66.962158,66.081841],[-66.940254,66.079788]],[[-67.176735,66.081261],[-67.191315,66.078506],[-67.210999,66.080757],[-67.184082,66.086037],[-67.176735,66.081261]],[[-67.06797,66.005692],[-67.050629,66.009346],[-67.005234,65.999336],[-66.999069,65.993866],[-67.015289,65.988388],[-67.003532,65.986343],[-66.943092,65.991348],[-66.921837,65.977898],[-66.924644,65.97197],[-66.903954,65.967178],[-66.914032,65.959435],[-66.905098,65.953728],[-66.922432,65.94622],[-66.945335,65.959213],[-66.96434,65.957626],[-66.98336,65.966286],[-66.948692,65.968109],[-66.955963,65.972893],[-67.007965,65.966743],[-67.028114,65.97403],[-67.042183,65.997269],[-67.05056,65.992485],[-67.099876,66.002937],[-67.111168,66.016373],[-67.06797,66.005692]],[[-67.139259,65.952072],[-67.144196,65.940216],[-67.120712,65.936142],[-67.117859,65.926567],[-67.130066,65.916306],[-67.188972,65.949738],[-67.195435,65.981865],[-67.153496,65.984879],[-67.139259,65.952072]],[[-65.938026,65.943764],[-65.916237,65.94384],[-65.911652,65.933098],[-65.929443,65.935043],[-65.938026,65.943764]],[[-67.121437,65.960754],[-67.109772,65.972389],[-67.129379,65.977158],[-67.140671,65.991272],[-67.112625,65.982414],[-67.101463,65.986298],[-67.052696,65.966728],[-67.078377,65.957825],[-67.096306,65.965561],[-67.121437,65.960754]],[[-67.11718,65.994034],[-67.149162,66.003799],[-67.128471,66.007927],[-67.09816,65.996552],[-67.11718,65.994034]],[[-67.229851,65.906601],[-67.290749,65.913551],[-67.262917,65.918625],[-67.229851,65.906601]],[[-67.378616,65.895798],[-67.394775,65.895073],[-67.401115,65.906677],[-67.390007,65.909447],[-67.378616,65.895798]],[[-65.575752,65.896149],[-65.504776,65.898666],[-65.497597,65.88765],[-65.51931,65.858681],[-65.513229,65.848137],[-65.545792,65.833176],[-65.632881,65.816887],[-65.640587,65.829041],[-65.637253,65.871864],[-65.575752,65.896149]],[[-65.819771,65.815025],[-65.831589,65.811699],[-65.867355,65.820175],[-65.857605,65.827164],[-65.819771,65.815025]],[[-67.209335,65.809319],[-67.216476,65.801331],[-67.204247,65.800209],[-67.212502,65.792679],[-67.254158,65.793747],[-67.262711,65.811279],[-67.209335,65.809319]],[[-65.832176,65.798485],[-65.81427,65.801308],[-65.805847,65.790985],[-65.82093,65.789047],[-65.832176,65.798485]],[[-67.265747,65.787346],[-67.309021,65.784981],[-67.31517,65.787926],[-67.308586,65.793411],[-67.318642,65.797943],[-67.311554,65.807076],[-67.343132,65.801079],[-67.338249,65.808609],[-67.351753,65.81929],[-67.33075,65.827316],[-67.321777,65.822098],[-67.324402,65.811836],[-67.306221,65.823273],[-67.310501,65.811409],[-67.273743,65.804878],[-67.293579,65.792755],[-67.265747,65.787346]],[[-67.349487,65.781235],[-67.384949,65.777504],[-67.403397,65.784973],[-67.379585,65.788223],[-67.349487,65.781235]],[[-67.209572,65.77787],[-67.218971,65.774437],[-67.211113,65.766014],[-67.232742,65.765297],[-67.216614,65.761223],[-67.27874,65.761566],[-67.254944,65.766167],[-67.270027,65.774345],[-67.209572,65.77787]],[[-65.817169,65.77375],[-65.763481,65.758736],[-65.796242,65.745781],[-65.823257,65.749184],[-65.852631,65.762398],[-65.817169,65.77375]],[[-67.31839,65.741882],[-67.341087,65.740234],[-67.342773,65.741829],[-67.338425,65.747307],[-67.31839,65.741882]],[[-67.345619,65.746605],[-67.351051,65.739532],[-67.344101,65.719948],[-67.361351,65.725143],[-67.35511,65.71582],[-67.38047,65.709373],[-67.395973,65.709328],[-67.400543,65.717522],[-67.433182,65.715836],[-67.447517,65.74131],[-67.424301,65.744804],[-67.411987,65.738228],[-67.407143,65.746216],[-67.345619,65.746605]],[[-65.831284,65.743317],[-65.815514,65.736359],[-65.820724,65.731384],[-65.815338,65.727921],[-65.833984,65.719635],[-65.840309,65.726974],[-65.857559,65.725281],[-65.86499,65.732857],[-65.831284,65.743317]],[[-65.785027,65.736572],[-65.764343,65.728432],[-65.777435,65.708931],[-65.772804,65.70137],[-65.790184,65.696495],[-65.802795,65.674492],[-65.828445,65.669449],[-65.837479,65.690483],[-65.848305,65.696037],[-65.839767,65.701447],[-65.854271,65.711578],[-65.807869,65.709175],[-65.785027,65.736572]],[[-67.67366,65.683243],[-67.699158,65.685402],[-67.713745,65.710854],[-67.678841,65.709648],[-67.652565,65.720482],[-67.685028,65.732414],[-67.666901,65.737968],[-67.650558,65.728012],[-67.631844,65.732651],[-67.608154,65.716347],[-67.607933,65.729111],[-67.575195,65.726959],[-67.603012,65.731865],[-67.583824,65.739914],[-67.540565,65.714561],[-67.544884,65.733688],[-67.528198,65.730789],[-67.510635,65.738365],[-67.498848,65.731346],[-67.503746,65.727455],[-67.484802,65.722275],[-67.495064,65.735687],[-67.488029,65.743919],[-67.456993,65.744019],[-67.460167,65.736488],[-67.4505,65.723755],[-67.459755,65.715752],[-67.436363,65.708527],[-67.445587,65.698929],[-67.458931,65.702309],[-67.470291,65.689507],[-67.483742,65.697899],[-67.516869,65.694588],[-67.531975,65.702057],[-67.542877,65.695183],[-67.560196,65.702179],[-67.550346,65.706772],[-67.582352,65.702774],[-67.60466,65.709518],[-67.61055,65.701973],[-67.648552,65.695435],[-67.649956,65.685852],[-67.66449,65.691483],[-67.67366,65.683243]],[[-67.745995,65.697472],[-67.754478,65.703354],[-67.735275,65.708923],[-67.745995,65.697472]],[[-67.813271,65.707146],[-67.826813,65.714592],[-67.795723,65.712257],[-67.813271,65.707146]],[[-67.716278,65.721321],[-67.695465,65.729401],[-67.679771,65.722862],[-67.688416,65.71553],[-67.716278,65.721321]],[[-67.642105,65.743317],[-67.610138,65.771484],[-67.560822,65.774651],[-67.54129,65.769936],[-67.532616,65.754471],[-67.572502,65.752724],[-67.580399,65.758392],[-67.589729,65.75425],[-67.584152,65.753136],[-67.588982,65.746735],[-67.642105,65.743317]],[[-67.783546,65.746048],[-67.794594,65.74485],[-67.789589,65.761284],[-67.78006,65.758148],[-67.783546,65.746048]],[[-67.81221,65.757744],[-67.817497,65.749969],[-67.834282,65.754433],[-67.821655,65.758148],[-67.81221,65.757744]],[[-67.776169,65.775032],[-67.752869,65.775383],[-67.770065,65.757744],[-67.776169,65.775032]],[[-67.724503,65.773247],[-67.688705,65.782761],[-67.622345,65.771667],[-67.662277,65.750977],[-67.668419,65.752548],[-67.65358,65.757172],[-67.667526,65.760071],[-67.664375,65.766464],[-67.682938,65.756126],[-67.683807,65.767059],[-67.724503,65.773247]],[[-67.634857,65.783005],[-67.633354,65.78894],[-67.728973,65.792595],[-67.698395,65.810295],[-67.692596,65.801888],[-67.666939,65.798363],[-67.667175,65.806793],[-67.68615,65.809669],[-67.675163,65.814049],[-67.683647,65.819023],[-67.680603,65.829292],[-67.611267,65.81501],[-67.616104,65.808609],[-67.581818,65.793251],[-67.634857,65.783005]],[[-67.884094,65.827301],[-67.885468,65.819313],[-67.901207,65.823776],[-67.937042,65.815811],[-67.941788,65.823524],[-67.965378,65.815399],[-67.954033,65.823906],[-67.971802,65.823105],[-67.967674,65.831108],[-67.984695,65.825752],[-68.017212,65.831917],[-68.011292,65.836746],[-68.026985,65.839226],[-68.0121,65.842667],[-68.006615,65.857971],[-68.027138,65.85601],[-67.982468,65.86657],[-67.95533,65.856491],[-67.935356,65.858444],[-67.929634,65.85437],[-67.939438,65.848839],[-67.918716,65.845551],[-67.961784,65.836845],[-67.865028,65.838356],[-67.863129,65.831985],[-67.894806,65.831116],[-67.884094,65.827301]],[[-67.987312,65.821632],[-67.990417,65.816147],[-68.01104,65.817375],[-68.005165,65.823112],[-67.987312,65.821632]],[[-68.05262,65.86586],[-68.081841,65.871574],[-68.02002,65.872017],[-68.012917,65.875481],[-68.051086,65.881828],[-68.044762,65.890305],[-68.009117,65.891235],[-68.006607,65.897865],[-68.021088,65.897308],[-68.003098,65.907234],[-67.947151,65.903496],[-67.939682,65.897842],[-67.946686,65.891647],[-67.928314,65.892448],[-67.917343,65.882484],[-67.939255,65.886909],[-67.978149,65.870018],[-68.05262,65.86586]],[[-67.72039,65.875824],[-67.711121,65.882484],[-67.68856,65.873474],[-67.704079,65.870667],[-67.72039,65.875824]],[[-67.642059,65.884392],[-67.60865,65.885674],[-67.609627,65.880432],[-67.642059,65.884392]],[[-67.281967,65.881889],[-67.317551,65.87635],[-67.309868,65.884338],[-67.281967,65.881889]],[[-65.720894,65.870537],[-65.719559,65.863686],[-65.746696,65.866875],[-65.720894,65.870537]],[[-67.886406,65.859879],[-67.920586,65.850784],[-67.919266,65.859909],[-67.96907,65.865974],[-67.916435,65.873375],[-67.886406,65.859879]],[[-65.805283,65.852524],[-65.782249,65.857132],[-65.773613,65.851135],[-65.786781,65.843262],[-65.805283,65.852524]],[[-67.719025,65.867401],[-67.693962,65.867752],[-67.690002,65.865486],[-67.712738,65.86219],[-67.719025,65.867401]],[[-65.807533,65.839775],[-65.77774,65.834297],[-65.786552,65.824112],[-65.781853,65.817467],[-65.833694,65.826988],[-65.813484,65.831161],[-65.807533,65.839775]],[[-67.372803,65.814911],[-67.361565,65.80719],[-67.348312,65.812691],[-67.356339,65.793297],[-67.347359,65.786942],[-67.376946,65.79644],[-67.406265,65.790207],[-67.417496,65.796555],[-67.402695,65.807762],[-67.372803,65.814911]],[[-67.478851,65.782463],[-67.493828,65.781731],[-67.498955,65.787865],[-67.488007,65.795418],[-67.478851,65.782463]],[[-67.504402,65.783058],[-67.533257,65.782501],[-67.540565,65.786575],[-67.519035,65.791893],[-67.504402,65.783058]],[[-67.733894,65.75383],[-67.739861,65.749695],[-67.763748,65.751167],[-67.75312,65.765808],[-67.733894,65.75383]],[[-67.457474,65.768402],[-67.416496,65.7724],[-67.410294,65.767174],[-67.429115,65.764839],[-67.37355,65.7593],[-67.380951,65.770676],[-67.339699,65.75824],[-67.442696,65.749985],[-67.456177,65.758606],[-67.447906,65.761139],[-67.457474,65.768402]],[[-65.847885,65.75666],[-65.840508,65.747719],[-65.875961,65.748436],[-65.847885,65.75666]],[[-67.269684,65.747231],[-67.29081,65.75174],[-67.286423,65.755623],[-67.269684,65.747231]],[[-67.495895,65.748901],[-67.508644,65.748634],[-67.514305,65.754082],[-67.505569,65.760262],[-67.495895,65.748901]],[[-67.491219,65.763504],[-67.485168,65.766029],[-67.467293,65.759941],[-67.473732,65.749435],[-67.491219,65.763504]],[[-67.341011,65.69899],[-67.326256,65.711327],[-67.307274,65.699974],[-67.33596,65.694443],[-67.341011,65.69899]],[[-67.220993,65.703789],[-67.207748,65.706993],[-67.190491,65.69677],[-67.220993,65.703789]],[[-67.194832,65.687645],[-67.214149,65.683968],[-67.220901,65.694443],[-67.214272,65.695595],[-67.194832,65.687645]],[[-67.340416,65.732491],[-67.328308,65.737762],[-67.288345,65.733063],[-67.301025,65.728706],[-67.340416,65.732491]],[[-67.295082,65.821922],[-67.27388,65.81559],[-67.277733,65.812843],[-67.295082,65.821922]],[[-67.691765,65.887589],[-67.71431,65.895912],[-67.708984,65.904373],[-67.7202,65.906143],[-67.73098,65.930252],[-67.71096,65.932854],[-67.694962,65.920624],[-67.701897,65.909874],[-67.679665,65.893341],[-67.691765,65.887589]],[[-67.651474,65.902359],[-67.642647,65.905815],[-67.62516,65.898598],[-67.628418,65.895393],[-67.651474,65.902359]],[[-67.984383,65.913513],[-68.005219,65.917931],[-68.014626,65.92926],[-67.975983,65.926559],[-67.984383,65.913513]],[[-68.030754,65.927788],[-68.053772,65.917824],[-68.045471,65.932472],[-68.031563,65.933708],[-68.030754,65.927788]],[[-68.240143,65.938499],[-68.246117,65.935028],[-68.265076,65.945129],[-68.249054,65.948685],[-68.240143,65.938499]],[[-67.974426,65.943207],[-67.986908,65.947914],[-67.970985,65.954857],[-67.974426,65.943207]],[[-67.883652,65.812515],[-67.911278,65.81073],[-67.897987,65.812172],[-67.883652,65.812515]],[[-67.982109,65.803207],[-67.984413,65.791565],[-68.015617,65.793861],[-68.004227,65.800552],[-67.982109,65.803207]],[[-67.214447,65.658676],[-67.192886,65.656883],[-67.186714,65.646637],[-67.236443,65.64975],[-67.214447,65.658676]],[[-67.176125,65.635483],[-67.183777,65.627731],[-67.175453,65.62159],[-67.218437,65.617653],[-67.226822,65.628578],[-67.21022,65.62336],[-67.176125,65.635483]],[[-67.186852,65.601517],[-67.168633,65.598579],[-67.166916,65.590607],[-67.195007,65.59034],[-67.189911,65.575081],[-67.177238,65.574417],[-67.187637,65.567337],[-67.183739,65.562103],[-67.202408,65.558205],[-67.192368,65.543404],[-67.229706,65.538109],[-67.232002,65.547218],[-67.215546,65.551575],[-67.24588,65.558357],[-67.235092,65.577744],[-67.245094,65.58548],[-67.237457,65.592552],[-67.229652,65.583908],[-67.186852,65.601517]],[[-67.146042,65.599289],[-67.140984,65.585167],[-67.155327,65.588341],[-67.146042,65.599289]],[[-67.142403,65.554634],[-67.141365,65.563293],[-67.119385,65.567871],[-67.122604,65.555336],[-67.166992,65.534096],[-67.142403,65.554634]],[[-65.515175,65.55912],[-65.50042,65.537773],[-65.474983,65.530685],[-65.488472,65.525574],[-65.513756,65.5354],[-65.536751,65.557053],[-65.515175,65.55912]],[[-67.136086,65.517273],[-67.15802,65.512688],[-67.178406,65.51973],[-67.197029,65.51355],[-67.198029,65.503525],[-67.210121,65.504417],[-67.202606,65.522202],[-67.187263,65.526779],[-67.138901,65.526611],[-67.136086,65.517273]],[[-67.104172,65.509552],[-67.11293,65.504074],[-67.105217,65.500435],[-67.155197,65.502441],[-67.156776,65.494461],[-67.118347,65.493134],[-67.11441,65.477417],[-67.164284,65.473259],[-67.194,65.483704],[-67.173241,65.494209],[-67.17878,65.499672],[-67.16349,65.509262],[-67.104172,65.509552]],[[-67.083832,65.505692],[-67.077263,65.509796],[-67.052544,65.507759],[-67.06842,65.497276],[-67.083832,65.505692]],[[-67.020615,65.478607],[-66.998672,65.479523],[-66.994827,65.474739],[-67.010727,65.473824],[-67.020615,65.478607]],[[-67.239998,65.524414],[-67.261368,65.519363],[-67.284561,65.528435],[-67.242905,65.538765],[-67.239998,65.524414]],[[-67.381813,65.52684],[-67.384209,65.538223],[-67.351662,65.5317],[-67.357651,65.527817],[-67.381813,65.52684]],[[-65.590317,65.532944],[-65.581711,65.539703],[-65.570503,65.53344],[-65.576317,65.527573],[-65.590317,65.532944]],[[-65.536148,65.548157],[-65.56675,65.551872],[-65.552155,65.557198],[-65.536148,65.548157]],[[-67.24704,65.56337],[-67.273521,65.568565],[-67.271347,65.570847],[-67.24704,65.56337]],[[-66.933403,65.467896],[-66.912567,65.467201],[-66.908196,65.460823],[-66.93615,65.456276],[-66.933403,65.467896]],[[-66.885712,65.463547],[-66.866516,65.466034],[-66.870934,65.456696],[-66.863823,65.452591],[-66.880844,65.439384],[-66.875931,65.434601],[-66.895699,65.410919],[-66.910995,65.420952],[-66.882988,65.456703],[-66.885712,65.463547]],[[-66.844666,65.447105],[-66.817757,65.45961],[-66.827782,65.426125],[-66.835457,65.422943],[-66.844666,65.447105]],[[-66.814041,65.436363],[-66.806282,65.45253],[-66.794792,65.450241],[-66.793739,65.443176],[-66.814041,65.436363]],[[-66.847473,65.430244],[-66.857918,65.418861],[-66.866676,65.417732],[-66.858963,65.431168],[-66.847473,65.430244]],[[-66.831131,65.412689],[-66.820229,65.403793],[-66.796684,65.408318],[-66.805,65.389877],[-66.792397,65.394646],[-66.786499,65.376411],[-66.802361,65.373009],[-66.83181,65.383751],[-66.839905,65.407227],[-66.831131,65.412689]],[[-66.955872,65.360359],[-66.983162,65.351707],[-66.966248,65.373573],[-66.955872,65.360359]],[[-66.929123,65.353516],[-66.899651,65.348488],[-66.918762,65.343719],[-66.900223,65.334824],[-66.924248,65.313873],[-66.912262,65.310905],[-66.924805,65.306351],[-66.913368,65.301338],[-66.921547,65.29747],[-66.905754,65.293816],[-66.912849,65.285843],[-66.928101,65.271957],[-66.98851,65.274017],[-66.974365,65.281532],[-66.988525,65.286316],[-66.991425,65.277527],[-67.009735,65.273781],[-67.014664,65.286766],[-66.971115,65.307732],[-67.010345,65.304085],[-67.014732,65.315933],[-66.986961,65.338943],[-66.930214,65.346458],[-66.929123,65.353516]],[[-66.817757,65.353661],[-66.811806,65.344315],[-66.821648,65.340225],[-66.82534,65.349434],[-66.817757,65.353661]],[[-66.898148,65.286064],[-66.877968,65.29744],[-66.876358,65.289925],[-66.887268,65.282188],[-66.898148,65.286064]],[[-66.837738,65.280098],[-66.829086,65.268463],[-66.834549,65.262779],[-66.825325,65.25753],[-66.841675,65.250252],[-66.82486,65.241806],[-66.833588,65.235435],[-66.827087,65.230644],[-66.847748,65.227249],[-66.861847,65.233643],[-66.853683,65.237282],[-66.861267,65.244576],[-66.848183,65.254135],[-66.861229,65.255966],[-66.837738,65.280098]],[[-66.756798,65.257668],[-66.751328,65.261986],[-66.743233,65.254456],[-66.744965,65.241241],[-66.747688,65.240791],[-66.756798,65.257668]],[[-65.00235,65.245674],[-65.056023,65.233162],[-65.061745,65.244179],[-65.056587,65.247757],[-65.00235,65.245674]],[[-66.862251,65.27533],[-66.873177,65.261902],[-66.873245,65.237297],[-66.862984,65.220657],[-66.872787,65.211548],[-66.880341,65.228645],[-66.898811,65.227974],[-66.900963,65.23822],[-66.893341,65.242775],[-66.904205,65.245972],[-66.898735,65.264191],[-66.862251,65.27533]],[[-66.795128,65.215576],[-66.788086,65.212372],[-66.793015,65.205544],[-66.780029,65.199837],[-66.791473,65.192329],[-66.780685,65.182297],[-66.798119,65.168877],[-66.811638,65.174583],[-66.813843,65.167526],[-66.804123,65.161591],[-66.826363,65.156837],[-66.820892,65.166168],[-66.83387,65.17347],[-66.828362,65.191238],[-66.812645,65.188713],[-66.811478,65.204201],[-66.795128,65.215576]],[[-66.666779,65.184601],[-66.685173,65.189194],[-66.687263,65.196945],[-66.662872,65.194839],[-66.650063,65.176361],[-66.658829,65.168182],[-66.652382,65.163834],[-66.702126,65.174644],[-66.694992,65.183289],[-66.666779,65.184601]],[[-66.634438,65.168808],[-66.643517,65.180222],[-66.640205,65.184769],[-66.622482,65.171059],[-66.634438,65.168808]],[[-66.870766,65.162346],[-66.864334,65.14138],[-66.874672,65.1259],[-66.893608,65.124084],[-66.893578,65.13958],[-66.870766,65.162346]],[[-66.985733,65.232094],[-67.034126,65.243019],[-67.022224,65.264214],[-66.946609,65.256241],[-66.918312,65.269447],[-66.912331,65.265572],[-66.922684,65.252357],[-66.945526,65.246445],[-66.949875,65.234825],[-66.985733,65.232094]],[[-67.042885,65.261696],[-67.041763,65.252586],[-67.06736,65.261459],[-67.05764,65.278778],[-67.046211,65.279465],[-67.05658,65.285156],[-67.048996,65.295639],[-67.052834,65.302933],[-67.020668,65.294968],[-67.042885,65.261696]],[[-67.078552,65.325699],[-67.075249,65.318642],[-67.082298,65.311798],[-67.122681,65.318832],[-67.165329,65.334274],[-67.157753,65.342033],[-67.165421,65.345894],[-67.098831,65.343231],[-67.110191,65.326813],[-67.078552,65.325699]],[[-67.031715,65.344177],[-67.025177,65.347366],[-67.021317,65.333473],[-67.028946,65.331421],[-67.031715,65.344177]],[[-67.002853,65.372437],[-66.995178,65.358536],[-67.001724,65.354668],[-67.039955,65.361038],[-67.021973,65.371979],[-67.029106,65.383141],[-67.019287,65.389748],[-66.996849,65.377678],[-67.002853,65.372437]],[[-66.851463,65.389236],[-66.845413,65.397888],[-66.835632,65.384666],[-66.851463,65.389236]],[[-67.02372,65.410934],[-67.031403,65.419136],[-67.016144,65.446709],[-66.997513,65.441475],[-66.983826,65.448082],[-66.942184,65.446251],[-66.958069,65.429626],[-66.95697,65.419144],[-66.991455,65.420738],[-67.02372,65.410934]],[[-66.941093,65.4319],[-66.934517,65.44648],[-66.923012,65.441689],[-66.920296,65.427788],[-66.941093,65.4319]],[[-67.008492,65.452637],[-67.007957,65.458786],[-66.98822,65.459473],[-66.978897,65.454002],[-67.008492,65.452637]],[[-66.971779,65.45446],[-66.961365,65.461296],[-66.941116,65.458435],[-66.958076,65.451271],[-66.971779,65.45446]],[[-67.034607,65.223427],[-67.022133,65.231407],[-67.002563,65.225029],[-67.019936,65.220703],[-67.034607,65.223427]],[[-66.711151,65.136848],[-66.708801,65.156662],[-66.6866,65.155937],[-66.685158,65.138161],[-66.711151,65.136848]],[[-66.732979,65.116386],[-66.731834,65.12413],[-66.705864,65.123627],[-66.702187,65.112],[-66.716347,65.101776],[-66.715889,65.092209],[-66.733734,65.090645],[-66.741821,65.09362],[-66.736809,65.110924],[-66.720627,65.106567],[-66.711922,65.112473],[-66.732979,65.116386]],[[-66.669792,65.107155],[-66.652954,65.113724],[-66.646065,65.10186],[-66.621323,65.091774],[-66.614288,65.092674],[-66.621758,65.100204],[-66.59906,65.099693],[-66.592194,65.088058],[-66.597679,65.082146],[-66.663467,65.092102],[-66.669792,65.107155]],[[-66.689682,65.065277],[-66.683167,65.06868],[-66.653053,65.057907],[-66.660141,65.051544],[-66.689682,65.065277]],[[-66.623444,65.052376],[-66.61631,65.06147],[-66.590591,65.047737],[-66.595459,65.046608],[-66.623444,65.052376]],[[-66.675827,64.946342],[-66.658928,64.96772],[-66.642525,64.944908],[-66.655617,64.927628],[-66.671692,64.931076],[-66.675827,64.946342]],[[-64.0103,65.032623],[-64.004417,65.07515],[-63.979382,65.086037],[-63.938633,65.073563],[-63.922058,65.053375],[-63.934341,65.040634],[-64.0103,65.032623]],[[-66.228661,64.986633],[-66.198303,64.975311],[-66.194839,64.965042],[-66.225319,64.971123],[-66.228661,64.986633]],[[-66.275436,64.947006],[-66.263756,64.941483],[-66.273636,64.933556],[-66.298233,64.938004],[-66.294914,64.941856],[-66.275436,64.947006]],[[-66.211189,64.938248],[-66.212425,64.932564],[-66.239288,64.932472],[-66.211189,64.938248]],[[-66.150696,64.931084],[-66.15477,64.938393],[-66.108231,64.932198],[-66.098412,64.920296],[-66.108063,64.903954],[-66.102036,64.891388],[-66.107071,64.884811],[-66.127098,64.878784],[-66.206627,64.890846],[-66.230255,64.909424],[-66.210716,64.917061],[-66.178017,64.91552],[-66.150696,64.931084]],[[-66.314331,64.916893],[-66.360786,64.927574],[-66.34449,64.935936],[-66.322525,64.933098],[-66.324364,64.923767],[-66.314331,64.916893]],[[-66.440598,64.93837],[-66.420128,64.941025],[-66.42234,64.938072],[-66.440598,64.93837]],[[-65.499886,64.791039],[-65.510475,64.812332],[-65.503349,64.815453],[-65.458977,64.805649],[-65.465904,64.796608],[-65.493721,64.796211],[-65.484093,64.786774],[-65.499886,64.791039]],[[-65.517967,64.782791],[-65.504509,64.784706],[-65.491516,64.778198],[-65.517494,64.771851],[-65.517967,64.782791]],[[-65.43811,64.759407],[-65.443405,64.74147],[-65.486679,64.749901],[-65.463554,64.762642],[-65.43811,64.759407]],[[-65.364738,64.74585],[-65.362343,64.688187],[-65.373093,64.686485],[-65.372147,64.675545],[-65.386543,64.666138],[-65.382484,64.653786],[-65.398109,64.641205],[-65.410225,64.606483],[-65.372261,64.629074],[-65.346855,64.662727],[-65.359787,64.6688],[-65.331688,64.693306],[-65.324234,64.710533],[-65.311226,64.705605],[-65.280647,64.725746],[-65.290878,64.698761],[-65.254997,64.710182],[-65.230186,64.690292],[-65.298805,64.674248],[-65.30204,64.656517],[-65.324341,64.648346],[-65.306793,64.648369],[-65.304832,64.637184],[-65.272041,64.660034],[-65.223389,64.655807],[-65.215187,64.651154],[-65.25824,64.643013],[-65.23439,64.642044],[-65.228905,64.628311],[-65.236847,64.62043],[-65.189148,64.635109],[-65.189354,64.615974],[-65.26442,64.604362],[-65.295197,64.61293],[-65.279396,64.594063],[-65.328751,64.585068],[-65.413231,64.591255],[-65.432861,64.581902],[-65.421783,64.571762],[-65.426193,64.568848],[-65.408302,64.575714],[-65.391335,64.566872],[-65.352234,64.573723],[-65.335327,64.564194],[-65.36628,64.551559],[-65.483673,64.535522],[-65.540619,64.53952],[-65.484779,64.525055],[-65.433701,64.530212],[-65.44381,64.510506],[-65.46434,64.502747],[-65.638367,64.510864],[-65.675644,64.494354],[-65.681679,64.511719],[-65.654816,64.553154],[-65.645691,64.555573],[-65.640175,64.581482],[-65.623222,64.581322],[-65.522385,64.622704],[-65.497772,64.664818],[-65.465263,64.656509],[-65.443169,64.661736],[-65.451172,64.666641],[-65.423225,64.675644],[-65.40715,64.713974],[-65.385841,64.722847],[-65.364738,64.74585]],[[-65.261063,64.665375],[-65.26017,64.671059],[-65.236137,64.672363],[-65.24041,64.663986],[-65.261063,64.665375]],[[-64.992973,64.607925],[-65.004295,64.598282],[-65.027901,64.602028],[-65.024521,64.604713],[-64.992973,64.607925]],[[-64.945717,64.594048],[-64.955994,64.591461],[-64.957191,64.582596],[-64.972313,64.585999],[-64.982925,64.57885],[-64.997681,64.587257],[-64.991501,64.591957],[-64.945717,64.594048]],[[-65.102287,64.58548],[-65.117569,64.5793],[-65.08432,64.569519],[-65.10405,64.560211],[-65.07383,64.552979],[-65.062698,64.560577],[-65.044937,64.549629],[-65.06324,64.538033],[-65.096466,64.547356],[-65.10463,64.544273],[-65.093384,64.538429],[-65.102585,64.535591],[-65.160019,64.547264],[-65.159515,64.539063],[-65.170158,64.538284],[-65.219841,64.547554],[-65.237732,64.565773],[-65.204376,64.573334],[-65.177322,64.565712],[-65.15789,64.578903],[-65.126839,64.567802],[-65.125885,64.58168],[-65.138893,64.585266],[-65.102287,64.58548]],[[-65.263062,64.525757],[-65.279304,64.54509],[-65.2472,64.558594],[-65.247177,64.550621],[-65.228897,64.546761],[-65.263062,64.525757]],[[-65.521378,64.651161],[-65.534492,64.674301],[-65.521706,64.684425],[-65.499283,64.685791],[-65.513863,64.672043],[-65.505585,64.667862],[-65.521378,64.651161]],[[-65.474556,64.690086],[-65.46611,64.698204],[-65.456154,64.695366],[-65.467957,64.684326],[-65.474556,64.690086]],[[-65.442162,64.735306],[-65.457794,64.722946],[-65.471931,64.727417],[-65.465141,64.734413],[-65.442162,64.735306]],[[-65.173965,64.513046],[-65.164597,64.518623],[-65.149124,64.512733],[-65.167252,64.502708],[-65.173965,64.513046]],[[-65.02977,64.481087],[-65.040993,64.493996],[-64.984146,64.483643],[-64.986244,64.469551],[-64.961899,64.463287],[-64.987419,64.453621],[-65.032562,64.456978],[-65.045181,64.472412],[-65.02977,64.481087]],[[-64.919083,64.401619],[-64.909248,64.399429],[-64.91436,64.394493],[-64.896263,64.396965],[-64.906891,64.388916],[-64.883575,64.384018],[-64.882286,64.366692],[-64.873215,64.361542],[-64.887299,64.356285],[-64.881622,64.354836],[-64.882805,64.332756],[-64.872459,64.344223],[-64.850494,64.336151],[-64.845253,64.342674],[-64.853424,64.352364],[-64.851028,64.362808],[-64.813614,64.370216],[-64.816071,64.3395],[-64.801735,64.341331],[-64.799477,64.330139],[-64.785866,64.32309],[-64.773735,64.330193],[-64.767632,64.321213],[-64.800049,64.316475],[-64.792572,64.311577],[-64.801285,64.30761],[-64.836845,64.310867],[-64.82972,64.293236],[-64.84565,64.284142],[-64.889687,64.30484],[-64.949181,64.358551],[-64.950279,64.364944],[-64.93853,64.367279],[-64.953613,64.376602],[-64.919083,64.401619]],[[-64.846977,64.367531],[-64.836548,64.379677],[-64.827187,64.371559],[-64.842407,64.36541],[-64.846977,64.367531]],[[-64.759872,64.377586],[-64.749695,64.366951],[-64.763092,64.363968],[-64.759872,64.377586]],[[-64.766457,64.348534],[-64.75061,64.355804],[-64.748116,64.354172],[-64.755844,64.343353],[-64.766457,64.348534]],[[-64.768158,64.301857],[-64.808815,64.292236],[-64.803604,64.304916],[-64.768158,64.301857]],[[-64.706505,64.298607],[-64.698151,64.304398],[-64.688416,64.301506],[-64.697067,64.292305],[-64.706505,64.298607]],[[-64.534332,64.293243],[-64.552116,64.282158],[-64.518349,64.284309],[-64.531517,64.277931],[-64.507027,64.270439],[-64.521355,64.262718],[-64.578033,64.273712],[-64.585533,64.283867],[-64.534332,64.293243]],[[-64.876312,64.260681],[-64.890739,64.257027],[-64.890495,64.246544],[-64.911697,64.250038],[-64.923424,64.240417],[-64.957977,64.240463],[-64.957069,64.231567],[-64.906578,64.221039],[-64.990425,64.183296],[-65.039383,64.20015],[-65.058029,64.232285],[-65.074059,64.242523],[-65.063622,64.256958],[-65.078453,64.269684],[-65.06472,64.27861],[-65.083557,64.279091],[-65.084534,64.310303],[-65.065796,64.337845],[-65.051399,64.340836],[-65.039566,64.329971],[-65.034966,64.342888],[-65.003654,64.354301],[-64.993454,64.342773],[-64.995659,64.334145],[-64.978043,64.337997],[-64.975472,64.322929],[-64.984741,64.318275],[-64.971916,64.314224],[-64.973969,64.300591],[-64.995514,64.300209],[-64.966293,64.290916],[-65.007111,64.292168],[-65.02388,64.277824],[-65.021248,64.270729],[-64.959312,64.278969],[-64.906899,64.265007],[-64.873985,64.270439],[-64.876312,64.260681]],[[-64.642204,64.246994],[-64.637703,64.238487],[-64.668571,64.23877],[-64.642204,64.246994]],[[-64.568848,64.241432],[-64.578476,64.23317],[-64.563118,64.235184],[-64.561508,64.229691],[-64.575645,64.217857],[-64.493729,64.221001],[-64.470222,64.21489],[-64.498344,64.210602],[-64.503555,64.199303],[-64.527557,64.205643],[-64.545189,64.195694],[-64.55484,64.20475],[-64.573837,64.202797],[-64.569641,64.197029],[-64.57637,64.185982],[-64.585686,64.19297],[-64.618263,64.191017],[-64.637978,64.217079],[-64.654984,64.226242],[-64.616829,64.237686],[-64.595963,64.224808],[-64.589279,64.241325],[-64.568848,64.241432]],[[-64.664696,64.17971],[-64.686958,64.182121],[-64.691513,64.19017],[-64.684242,64.18959],[-64.664696,64.17971]],[[-64.830353,64.179138],[-64.855095,64.176773],[-64.866646,64.189476],[-64.861015,64.194633],[-64.866989,64.212029],[-64.850052,64.207901],[-64.830353,64.179138]],[[-64.886314,64.164719],[-64.906738,64.170708],[-64.900436,64.184967],[-64.891579,64.177773],[-64.886314,64.164719]],[[-64.927292,64.182167],[-64.918503,64.160179],[-64.928497,64.159187],[-64.926231,64.140701],[-64.991295,64.149834],[-64.986404,64.152496],[-64.991806,64.157127],[-64.954903,64.176193],[-64.927292,64.182167]],[[-64.804932,64.150734],[-64.798172,64.157005],[-64.779953,64.149887],[-64.791206,64.146194],[-64.804932,64.150734]],[[-64.514549,64.141403],[-64.521759,64.136749],[-64.50248,64.130714],[-64.51403,64.124084],[-64.489876,64.125938],[-64.465416,64.114113],[-64.443756,64.122841],[-64.424355,64.118385],[-64.432884,64.110802],[-64.406937,64.115112],[-64.391144,64.105713],[-64.4048,64.099129],[-64.426926,64.102036],[-64.423195,64.097412],[-64.430229,64.094574],[-64.451828,64.103165],[-64.452614,64.094749],[-64.47728,64.09269],[-64.473518,64.088287],[-64.48687,64.084656],[-64.483292,64.078217],[-64.514015,64.078072],[-64.545807,64.089333],[-64.553444,64.097206],[-64.55043,64.107636],[-64.574005,64.106216],[-64.571823,64.113235],[-64.601486,64.131737],[-64.514549,64.141403]],[[-64.870598,64.084312],[-64.84243,64.064987],[-64.985313,64.052971],[-65.013977,64.059288],[-65.0504,64.0812],[-65.017525,64.096916],[-64.979805,64.100029],[-64.934273,64.095955],[-64.938629,64.086456],[-64.914749,64.092484],[-64.870598,64.084312]],[[-64.797218,64.097092],[-64.798019,64.106667],[-64.774307,64.096962],[-64.786476,64.09465],[-64.797218,64.097092]],[[-64.758949,64.106514],[-64.767509,64.116669],[-64.719284,64.120003],[-64.708878,64.113464],[-64.742004,64.103516],[-64.758949,64.106514]],[[-64.65535,64.10553],[-64.652016,64.114128],[-64.661552,64.118385],[-64.641998,64.121483],[-64.627464,64.120781],[-64.608849,64.107033],[-64.632309,64.100822],[-64.630585,64.108765],[-64.65535,64.10553]],[[-64.588051,64.100533],[-64.592873,64.099022],[-64.585365,64.089554],[-64.600883,64.084801],[-64.62001,64.092415],[-64.615356,64.09803],[-64.588051,64.100533]],[[-65.103149,64.131783],[-65.126709,64.145752],[-65.156189,64.149551],[-65.177383,64.16053],[-65.200958,64.19931],[-65.228363,64.212181],[-65.169098,64.222595],[-65.178764,64.210876],[-65.142761,64.209724],[-65.156219,64.203979],[-65.1511,64.202324],[-65.10791,64.206993],[-65.029243,64.181107],[-65.022713,64.15551],[-65.033043,64.149734],[-65.074173,64.173523],[-65.097588,64.174744],[-65.059929,64.145775],[-65.103149,64.131783]],[[-65.120651,64.227203],[-65.111588,64.237328],[-65.100639,64.236732],[-65.081116,64.223946],[-65.101639,64.222168],[-65.120651,64.227203]],[[-64.80349,64.188515],[-64.866875,64.22023],[-64.870369,64.229164],[-64.857224,64.23671],[-64.806648,64.234123],[-64.804489,64.228394],[-64.828423,64.216911],[-64.798882,64.226486],[-64.775795,64.214279],[-64.786491,64.20488],[-64.734604,64.199966],[-64.710083,64.186821],[-64.756889,64.195992],[-64.762459,64.185371],[-64.778076,64.186073],[-64.788254,64.19603],[-64.80349,64.188515]],[[-64.767891,64.240807],[-64.695618,64.247177],[-64.706985,64.236427],[-64.687469,64.238167],[-64.663612,64.217049],[-64.661354,64.200607],[-64.763451,64.224571],[-64.767891,64.240807]],[[-64.804138,64.239319],[-64.819389,64.245018],[-64.799332,64.246994],[-64.804138,64.239319]],[[-65.131027,64.352142],[-65.137474,64.34243],[-65.14753,64.349167],[-65.097733,64.377441],[-65.078796,64.377419],[-65.110229,64.35643],[-65.131027,64.352142]],[[-64.924454,64.316963],[-64.906288,64.307358],[-64.902626,64.293411],[-64.924225,64.299194],[-64.924454,64.316963]],[[-64.685814,64.270256],[-64.700035,64.263199],[-64.720047,64.268303],[-64.718307,64.270325],[-64.685814,64.270256]],[[-64.838432,64.262619],[-64.799149,64.255875],[-64.817284,64.251823],[-64.838432,64.262619]],[[-64.807457,64.033714],[-64.80349,64.031372],[-64.836266,64.030739],[-64.807457,64.033714]],[[-64.253273,64.030434],[-64.245697,64.023003],[-64.266602,64.021812],[-64.259636,64.023956],[-64.253273,64.030434]],[[-64.352226,64.012047],[-64.37838,64.015495],[-64.362839,64.025909],[-64.365982,64.020279],[-64.353531,64.020042],[-64.352226,64.012047]],[[-64.856483,64.024666],[-64.869507,64.024178],[-64.883667,64.029175],[-64.857422,64.032654],[-64.856483,64.024666]],[[-64.324707,64.011986],[-64.306091,64.016418],[-64.309975,64.003281],[-64.270546,64.0],[-64.285721,63.990913],[-64.306946,63.992844],[-64.310814,64.0],[-64.325188,64.0],[-64.324707,64.011986]],[[-64.400253,63.997383],[-64.436295,64.0],[-64.438263,64.002693],[-64.419762,64.006233],[-64.400253,63.997383]],[[-64.373772,63.975407],[-64.3564,63.986256],[-64.349121,63.987137],[-64.359825,63.973293],[-64.373772,63.975407]],[[-64.200562,63.934082],[-64.184486,63.936062],[-64.203255,63.918064],[-64.186966,63.908867],[-64.207932,63.899414],[-64.198738,63.895496],[-64.204506,63.892796],[-64.140083,63.902206],[-64.188911,63.877907],[-64.237793,63.885925],[-64.252304,63.903538],[-64.238113,63.911655],[-64.227013,63.901577],[-64.200562,63.934082]],[[-64.2547,63.872581],[-64.257698,63.857117],[-64.279854,63.878864],[-64.270935,63.884056],[-64.2547,63.872581]],[[-64.183853,63.856701],[-64.165665,63.860237],[-64.155174,63.848557],[-64.168228,63.843853],[-64.169037,63.834068],[-64.2006,63.831291],[-64.160713,63.819218],[-64.162743,63.803288],[-64.177719,63.802467],[-64.175926,63.793346],[-64.222786,63.79475],[-64.168297,63.772804],[-64.213936,63.761688],[-64.24968,63.772587],[-64.277954,63.794144],[-64.33831,63.813122],[-64.340004,63.828388],[-64.34919,63.83276],[-64.382126,63.837013],[-64.364784,63.85014],[-64.327286,63.841991],[-64.336128,63.860477],[-64.300125,63.834339],[-64.293106,63.846142],[-64.256104,63.839806],[-64.245506,63.831089],[-64.242371,63.851109],[-64.21801,63.854164],[-64.220497,63.839378],[-64.200974,63.836079],[-64.183853,63.856701]],[[-64.113609,63.840332],[-64.098022,63.843418],[-64.096107,63.82291],[-64.104027,63.817265],[-64.082474,63.813938],[-64.087311,63.808052],[-64.072121,63.79953],[-64.121643,63.798477],[-64.123474,63.789871],[-64.142265,63.798607],[-64.158424,63.826488],[-64.143867,63.830044],[-64.116493,63.814617],[-64.113609,63.840332]],[[-64.246063,63.754116],[-64.259392,63.736885],[-64.240303,63.720383],[-64.252174,63.718624],[-64.264946,63.702297],[-64.287941,63.706974],[-64.287743,63.694901],[-64.293877,63.696075],[-64.297745,63.705662],[-64.334465,63.716774],[-64.335648,63.731808],[-64.360489,63.747189],[-64.361809,63.75676],[-64.34211,63.76236],[-64.344292,63.778996],[-64.336472,63.7826],[-64.367851,63.807117],[-64.353325,63.810692],[-64.324684,63.801216],[-64.326355,63.795986],[-64.281212,63.787781],[-64.246063,63.754116]],[[-64.228111,63.733524],[-64.19976,63.753403],[-64.171494,63.752098],[-64.194748,63.731056],[-64.228111,63.733524]],[[-64.078072,63.754139],[-64.050179,63.747452],[-64.105309,63.729366],[-64.090012,63.725399],[-64.071533,63.739853],[-64.020012,63.7272],[-64.022865,63.71925],[-64.038857,63.717541],[-64.007126,63.699097],[-64.013504,63.692989],[-63.994694,63.687622],[-64.049095,63.688683],[-64.069443,63.710003],[-64.090752,63.718567],[-64.098114,63.697433],[-64.151489,63.699139],[-64.126511,63.693062],[-64.137688,63.680374],[-64.164108,63.672565],[-64.196884,63.692806],[-64.20961,63.71497],[-64.16671,63.722691],[-64.177422,63.725716],[-64.13871,63.746887],[-64.078072,63.754139]],[[-64.182259,63.666298],[-64.202629,63.653664],[-64.20639,63.665756],[-64.194336,63.674347],[-64.182259,63.666298]],[[-64.143509,63.658093],[-64.111359,63.668823],[-64.085701,63.668655],[-64.12101,63.655674],[-64.143509,63.658093]],[[-64.253815,63.657822],[-64.251976,63.649841],[-64.273392,63.654743],[-64.267097,63.659943],[-64.253815,63.657822]],[[-64.326439,63.645901],[-64.301544,63.63689],[-64.308327,63.591141],[-64.325531,63.578472],[-64.270699,63.542881],[-64.246849,63.517689],[-64.264717,63.518013],[-64.242722,63.50058],[-64.245956,63.494225],[-64.303932,63.481091],[-64.248344,63.48148],[-64.211777,63.440037],[-64.263687,63.441013],[-64.259911,63.430054],[-64.225685,63.415737],[-64.196175,63.415794],[-64.209152,63.388527],[-64.189911,63.385906],[-64.167656,63.399445],[-64.13987,63.376717],[-64.168098,63.367321],[-64.169418,63.356846],[-64.121765,63.354271],[-64.117538,63.343308],[-64.08419,63.338531],[-64.069496,63.322483],[-64.094063,63.315582],[-64.048508,63.297955],[-64.049782,63.290215],[-64.036926,63.280788],[-64.010117,63.279682],[-64.049881,63.271984],[-64.050568,63.281788],[-64.084435,63.284069],[-64.134056,63.31789],[-64.165909,63.321278],[-64.140686,63.299931],[-64.151932,63.29681],[-64.209496,63.322449],[-64.225281,63.320263],[-64.24234,63.326969],[-64.254524,63.345718],[-64.24662,63.356613],[-64.278282,63.349491],[-64.277283,63.368629],[-64.284683,63.377327],[-64.321304,63.37569],[-64.351646,63.403641],[-64.3396,63.418388],[-64.350304,63.41753],[-64.354996,63.434639],[-64.368637,63.439262],[-64.358864,63.443546],[-64.353813,63.46357],[-64.376137,63.467777],[-64.374863,63.456833],[-64.38353,63.456417],[-64.399948,63.47472],[-64.369179,63.482552],[-64.343269,63.4781],[-64.371498,63.492359],[-64.387909,63.48856],[-64.391396,63.492451],[-64.378532,63.497402],[-64.380898,63.505615],[-64.372574,63.512409],[-64.378944,63.524059],[-64.413109,63.550407],[-64.425919,63.54887],[-64.428597,63.567558],[-64.445038,63.563759],[-64.45871,63.570416],[-64.458488,63.58181],[-64.468689,63.583218],[-64.46022,63.597534],[-64.481621,63.60286],[-64.457291,63.641708],[-64.380661,63.652081],[-64.388062,63.6651],[-64.382843,63.668945],[-64.349983,63.669704],[-64.326439,63.645901]],[[-64.195068,63.613758],[-64.17086,63.635254],[-64.150368,63.634899],[-64.136841,63.624794],[-64.143127,63.620277],[-64.123299,63.615368],[-64.151894,63.618511],[-64.160225,63.614006],[-64.156265,63.609425],[-64.139908,63.608414],[-64.134247,63.592659],[-64.113693,63.595264],[-64.074776,63.579975],[-64.068771,63.575832],[-64.086403,63.568657],[-64.062096,63.561211],[-64.068016,63.552364],[-64.040825,63.540333],[-64.072632,63.536449],[-64.077492,63.528507],[-64.07209,63.521866],[-64.082977,63.516926],[-64.131935,63.518837],[-64.182358,63.575642],[-64.183037,63.587261],[-64.191643,63.590504],[-64.185143,63.602764],[-64.195068,63.613758]],[[-64.221146,63.633724],[-64.230141,63.623524],[-64.247452,63.627716],[-64.257347,63.640759],[-64.253586,63.647343],[-64.23716,63.647709],[-64.221146,63.633724]],[[-63.970558,63.645531],[-63.953243,63.642216],[-63.972504,63.634384],[-63.971851,63.62413],[-63.990417,63.620846],[-63.927792,63.623798],[-63.92189,63.617374],[-63.933971,63.609493],[-63.928745,63.598747],[-63.95882,63.60239],[-63.931915,63.582596],[-63.977177,63.590454],[-64.013702,63.585243],[-64.049454,63.617619],[-64.035629,63.632328],[-64.015175,63.630817],[-63.970558,63.645531]],[[-63.964767,63.579884],[-63.947269,63.568813],[-63.978149,63.56358],[-63.940285,63.550541],[-63.973469,63.551697],[-63.979874,63.544228],[-63.992882,63.552067],[-63.987457,63.560684],[-64.011086,63.572247],[-63.999512,63.581276],[-63.964767,63.579884]],[[-64.042007,63.580662],[-64.078239,63.599133],[-64.099045,63.620911],[-64.051399,63.605556],[-64.056625,63.602406],[-64.044136,63.593208],[-64.042007,63.580662]],[[-64.007965,63.518299],[-63.997559,63.521118],[-63.987625,63.513302],[-63.991371,63.508545],[-64.007965,63.518299]],[[-64.084686,63.511467],[-64.057961,63.501492],[-64.069031,63.49086],[-64.062683,63.482388],[-64.089798,63.479836],[-64.120522,63.508286],[-64.084686,63.511467]],[[-64.201088,63.529053],[-64.21405,63.522064],[-64.242165,63.539764],[-64.258385,63.563774],[-64.284889,63.567329],[-64.299454,63.577888],[-64.286919,63.587612],[-64.295731,63.603378],[-64.280922,63.601936],[-64.274048,63.590736],[-64.26181,63.588848],[-64.259453,63.600452],[-64.25177,63.600639],[-64.230042,63.590267],[-64.237427,63.582108],[-64.232521,63.574562],[-64.212738,63.568523],[-64.221573,63.563568],[-64.20137,63.554794],[-64.211052,63.537769],[-64.201088,63.529053]],[[-63.91687,63.454441],[-63.901913,63.445896],[-63.920727,63.439175],[-63.908348,63.424301],[-63.90881,63.412228],[-63.934975,63.43362],[-63.9366,63.444569],[-63.957172,63.439255],[-63.955791,63.449043],[-63.91687,63.454441]],[[-63.985874,63.419876],[-64.016029,63.430801],[-64.003212,63.433441],[-63.985874,63.419876]],[[-64.41864,63.650883],[-64.443253,63.65099],[-64.445168,63.657604],[-64.433243,63.663704],[-64.41864,63.650883]],[[-64.455933,63.658104],[-64.474197,63.668652],[-64.47097,63.676155],[-64.512077,63.730289],[-64.511436,63.709106],[-64.518486,63.717335],[-64.53244,63.713055],[-64.559998,63.724766],[-64.566582,63.730938],[-64.561356,63.735703],[-64.594284,63.735355],[-64.601326,63.745853],[-64.628563,63.748211],[-64.649345,63.771496],[-64.667297,63.776787],[-64.670998,63.769279],[-64.737083,63.752815],[-64.813049,63.779152],[-64.8759,63.776737],[-64.901047,63.796352],[-64.903526,63.815254],[-64.87915,63.839592],[-64.836777,63.845909],[-64.798912,63.866795],[-64.764046,63.838947],[-64.766258,63.82415],[-64.753433,63.816841],[-64.733749,63.82431],[-64.717896,63.812206],[-64.713066,63.82859],[-64.719078,63.844543],[-64.757149,63.858288],[-64.764832,63.864681],[-64.760132,63.870358],[-64.720398,63.865494],[-64.70871,63.848164],[-64.692749,63.844707],[-64.709,63.867744],[-64.711372,63.886421],[-64.686928,63.89843],[-64.616386,63.911671],[-64.603729,63.893185],[-64.618996,63.87479],[-64.607216,63.867924],[-64.586441,63.874691],[-64.578812,63.867153],[-64.572227,63.890354],[-64.535843,63.901161],[-64.539619,63.892521],[-64.528336,63.887245],[-64.549652,63.88026],[-64.548248,63.871605],[-64.60112,63.827148],[-64.590851,63.8237],[-64.556488,63.842712],[-64.537506,63.83559],[-64.537415,63.841053],[-64.49762,63.843414],[-64.490082,63.832455],[-64.52903,63.818935],[-64.545761,63.80579],[-64.538086,63.802574],[-64.565117,63.789005],[-64.608948,63.78664],[-64.541214,63.770702],[-64.558937,63.757786],[-64.51194,63.766274],[-64.506439,63.763897],[-64.512093,63.757847],[-64.501801,63.75758],[-64.503548,63.746655],[-64.477623,63.73016],[-64.477158,63.754295],[-64.456009,63.756489],[-64.463051,63.764713],[-64.422585,63.779118],[-64.392494,63.742554],[-64.361633,63.720325],[-64.392334,63.726837],[-64.374268,63.707397],[-64.372154,63.687344],[-64.394501,63.675606],[-64.406197,63.680668],[-64.408516,63.668381],[-64.460266,63.67247],[-64.451637,63.667652],[-64.455933,63.658104]],[[-64.430054,63.889137],[-64.40834,63.889046],[-64.428696,63.880024],[-64.430054,63.889137]],[[-64.29615,63.868248],[-64.274147,63.860165],[-64.278313,63.859047],[-64.29615,63.868248]],[[-64.529861,63.859245],[-64.546638,63.844734],[-64.554306,63.849537],[-64.534477,63.861309],[-64.529861,63.859245]],[[-64.447647,63.78788],[-64.452538,63.775379],[-64.478828,63.774117],[-64.469345,63.785015],[-64.447647,63.78788]],[[-64.372444,63.76432],[-64.373856,63.770023],[-64.350281,63.765358],[-64.372444,63.76432]],[[-64.365631,63.70303],[-64.365837,63.71624],[-64.320419,63.702808],[-64.336952,63.69902],[-64.33046,63.691475],[-64.340248,63.69038],[-64.365631,63.70303]],[[-64.243141,63.6917],[-64.231728,63.695736],[-64.209564,63.680351],[-64.227119,63.676807],[-64.243141,63.6917]],[[-64.259087,63.671745],[-64.281044,63.656372],[-64.275116,63.667049],[-64.282486,63.67984],[-64.259087,63.671745]],[[-64.299545,63.654877],[-64.322159,63.653168],[-64.320755,63.668644],[-64.337448,63.67852],[-64.313263,63.680916],[-64.299545,63.654877]],[[-64.214905,63.709309],[-64.220734,63.70319],[-64.231949,63.706444],[-64.223938,63.717102],[-64.214905,63.709309]],[[-64.559402,63.296036],[-64.571602,63.293575],[-64.576469,63.306126],[-64.571884,63.307476],[-64.559402,63.296036]],[[-64.543625,63.239929],[-64.541283,63.228756],[-64.56044,63.232243],[-64.554245,63.239967],[-64.543625,63.239929]],[[-64.650627,63.219082],[-64.654877,63.203369],[-64.668022,63.202492],[-64.675735,63.191116],[-64.692894,63.192303],[-64.724045,63.206963],[-64.725395,63.222691],[-64.75444,63.250328],[-64.744225,63.259651],[-64.707794,63.258652],[-64.710373,63.25433],[-64.697739,63.253387],[-64.697845,63.243816],[-64.665024,63.239174],[-64.650627,63.219082]],[[-64.845154,63.378994],[-64.8685,63.384499],[-64.86235,63.391556],[-64.883629,63.406162],[-64.923759,63.417137],[-64.969406,63.47345],[-64.967819,63.495544],[-65.014748,63.503765],[-65.043327,63.526329],[-65.054054,63.55093],[-65.036675,63.555939],[-65.015724,63.550011],[-64.98259,63.506714],[-64.968285,63.513767],[-65.000885,63.557976],[-64.980927,63.566853],[-64.964554,63.569572],[-64.94619,63.55521],[-64.911964,63.550396],[-64.878342,63.531223],[-64.861664,63.502728],[-64.835281,63.480816],[-64.840027,63.459183],[-64.825394,63.439796],[-64.834572,63.438217],[-64.834671,63.42432],[-64.818115,63.392395],[-64.832932,63.382622],[-64.847649,63.38538],[-64.845154,63.378994]],[[-65.006729,63.394642],[-65.053505,63.394882],[-65.044861,63.399666],[-65.006729,63.394642]],[[-63.709682,62.919556],[-63.687607,62.920715],[-63.677109,62.909443],[-63.696533,62.911453],[-63.709682,62.919556]],[[-64.73838,62.861946],[-64.737946,62.858017],[-64.746971,62.859776],[-64.73838,62.861946]],[[-64.716377,62.848869],[-64.756927,62.837334],[-64.788818,62.842869],[-64.781372,62.838295],[-64.799416,62.829208],[-64.807823,62.838345],[-64.804726,62.851334],[-64.826141,62.858894],[-64.790154,62.862476],[-64.77375,62.853554],[-64.787964,62.863468],[-64.716377,62.848869]],[[-64.598877,62.826881],[-64.625328,62.826275],[-64.622795,62.82901],[-64.598877,62.826881]],[[-64.810234,62.848835],[-64.815811,62.838589],[-64.827728,62.846359],[-64.824699,62.851139],[-64.810234,62.848835]],[[-65.061363,62.864105],[-65.069855,62.865929],[-65.078354,62.870266],[-65.063873,62.876644],[-65.061363,62.864105]],[[-65.110847,62.880512],[-65.10289,62.899662],[-65.069878,62.89146],[-65.086365,62.880516],[-65.110847,62.880512]],[[-65.055878,62.896702],[-65.047882,62.901947],[-65.00589,62.89008],[-65.058388,62.916534],[-65.033867,62.920181],[-65.029869,62.912201],[-65.01136,62.909004],[-64.994392,62.889164],[-65.017395,62.880054],[-65.021889,62.883247],[-65.007393,62.887802],[-65.055878,62.896702]],[[-65.084961,62.957794],[-65.096992,62.960754],[-65.097511,62.97261],[-65.084961,62.957794]],[[-63.87278,62.754089],[-63.837479,62.753105],[-63.840565,62.750622],[-63.87278,62.754089]],[[-64.93084,62.64312],[-64.920364,62.657932],[-64.905983,62.657002],[-64.892128,62.649689],[-64.887726,62.6376],[-64.898659,62.632374],[-64.93084,62.64312]],[[-64.920029,62.6194],[-64.893768,62.619595],[-64.886871,62.611832],[-64.893822,62.609104],[-64.920029,62.6194]],[[-64.878998,62.602703],[-64.793571,62.572468],[-64.833199,62.56638],[-64.840714,62.5518],[-64.866966,62.543396],[-64.927765,62.541645],[-64.956482,62.524338],[-65.132378,62.544888],[-65.103241,62.557209],[-65.041924,62.557442],[-65.041428,62.568611],[-65.020142,62.588226],[-64.945358,62.600491],[-64.887947,62.594959],[-64.878998,62.602703]],[[-64.73584,62.558208],[-64.681725,62.534813],[-64.677811,62.531155],[-64.687302,62.522739],[-64.664848,62.501244],[-64.641205,62.497528],[-64.641609,62.504147],[-64.665161,62.515839],[-64.662521,62.529514],[-64.621414,62.527336],[-64.638741,62.534462],[-64.617462,62.536446],[-64.62233,62.541939],[-64.569046,62.53606],[-64.559326,62.527119],[-64.530624,62.528854],[-64.534515,62.532059],[-64.524864,62.532711],[-64.534935,62.536858],[-64.525002,62.53978],[-64.530365,62.543911],[-64.520248,62.557323],[-64.501717,62.542885],[-64.440491,62.539894],[-64.437508,62.51593],[-64.426231,62.51178],[-64.434769,62.504749],[-64.413452,62.508987],[-64.394882,62.523045],[-64.363167,62.527905],[-64.365341,62.519024],[-64.357079,62.512825],[-64.386353,62.506351],[-64.331055,62.485554],[-64.454994,62.479752],[-64.463776,62.484802],[-64.493553,62.475121],[-64.447746,62.471966],[-64.451775,62.467876],[-64.439568,62.461666],[-64.439774,62.451405],[-64.43087,62.453186],[-64.434196,62.459366],[-64.426147,62.467308],[-64.395592,62.466713],[-64.377548,62.457733],[-64.374443,62.464329],[-64.350311,62.463299],[-64.398308,62.431602],[-64.452492,62.430931],[-64.497017,62.446854],[-64.454559,62.425922],[-64.458672,62.416592],[-64.438652,62.408745],[-64.500999,62.389389],[-64.471657,62.380604],[-64.507446,62.381489],[-64.502167,62.378906],[-64.530251,62.375137],[-64.542938,62.363323],[-64.571663,62.367306],[-64.600266,62.360558],[-64.686043,62.377918],[-64.74749,62.378067],[-64.751366,62.383778],[-64.743454,62.388779],[-64.763039,62.397945],[-64.809776,62.396439],[-64.854004,62.404037],[-64.853951,62.411793],[-64.913467,62.420303],[-64.905037,62.433071],[-64.917793,62.443802],[-64.903458,62.454731],[-64.934959,62.464573],[-64.908775,62.477543],[-64.883621,62.477966],[-64.899841,62.489849],[-64.830223,62.497044],[-64.794273,62.488091],[-64.72226,62.486568],[-64.790771,62.494015],[-64.835045,62.513702],[-64.808792,62.524376],[-64.821045,62.537624],[-64.805626,62.549686],[-64.76947,62.557594],[-64.740456,62.552589],[-64.73584,62.558208]],[[-64.322449,62.557575],[-64.304298,62.551548],[-64.308929,62.544048],[-64.288956,62.532082],[-64.275665,62.530182],[-64.323486,62.513565],[-64.294525,62.506569],[-64.332115,62.503574],[-64.33474,62.517956],[-64.356407,62.520802],[-64.341804,62.532814],[-64.368843,62.539112],[-64.327621,62.547798],[-64.322449,62.557575]],[[-64.273712,62.548649],[-64.200699,62.543209],[-64.108437,62.521641],[-64.192932,62.520355],[-64.234604,62.532005],[-64.223145,62.535587],[-64.255325,62.533493],[-64.273712,62.548649]],[[-64.191231,62.510761],[-64.149162,62.513927],[-64.142868,62.509777],[-64.149414,62.505486],[-64.191231,62.510761]],[[-64.371124,62.435806],[-64.325188,62.462261],[-64.301209,62.455292],[-64.295685,62.439293],[-64.313042,62.434372],[-64.303902,62.425426],[-64.325623,62.423035],[-64.325905,62.431931],[-64.371124,62.435806]],[[-64.282745,62.444477],[-64.266823,62.450771],[-64.252617,62.447269],[-64.252266,62.442024],[-64.282745,62.444477]],[[-64.344414,62.41925],[-64.357735,62.418179],[-64.363991,62.424366],[-64.351173,62.425213],[-64.344414,62.41925]],[[-64.618561,62.352177],[-64.660377,62.346832],[-64.65313,62.350132],[-64.671692,62.362541],[-64.655731,62.364834],[-64.618561,62.352177]],[[-64.674461,62.359867],[-64.674606,62.348007],[-64.704079,62.34763],[-64.7015,62.358345],[-64.674461,62.359867]],[[-64.733429,62.35865],[-64.747597,62.366894],[-64.685165,62.368565],[-64.69458,62.362202],[-64.733429,62.35865]],[[-65.00692,62.478302],[-65.004463,62.470547],[-65.032074,62.481956],[-65.031082,62.489483],[-64.983223,62.488781],[-65.00692,62.478302]],[[-65.047363,62.493134],[-65.107094,62.50407],[-65.063171,62.522099],[-65.026123,62.521866],[-65.011818,62.511826],[-65.047363,62.493134]],[[-65.085396,62.520958],[-65.102173,62.515709],[-65.108604,62.520264],[-65.09034,62.523235],[-65.085396,62.520958]],[[-64.892776,62.521084],[-64.875496,62.520832],[-64.864662,62.515118],[-64.880486,62.51149],[-64.892776,62.521084]],[[-64.848885,62.510761],[-64.840981,62.512344],[-64.829185,62.503662],[-64.842522,62.503227],[-64.848885,62.510761]],[[-64.977768,62.502914],[-64.969879,62.49926],[-65.02417,62.498604],[-64.977768,62.502914]],[[-64.969849,62.509979],[-64.98761,62.51638],[-64.957001,62.513847],[-64.969849,62.509979]],[[-64.895714,62.526329],[-64.927322,62.527504],[-64.919891,62.53297],[-64.895714,62.526329]],[[-66.999413,62.697445],[-66.951973,62.733433],[-66.938049,62.725628],[-66.952034,62.718601],[-66.919075,62.708309],[-66.999413,62.697445]],[[-65.479584,62.769127],[-65.494209,62.781624],[-65.475937,62.792847],[-65.462769,62.777382],[-65.479584,62.769127]],[[-65.47052,62.797428],[-65.500877,62.794598],[-65.500526,62.804401],[-65.47052,62.797428]],[[-66.337944,62.835705],[-66.385925,62.837097],[-66.369926,62.847961],[-66.337944,62.835705]],[[-66.384857,62.846912],[-66.469154,62.864307],[-66.46521,62.856647],[-66.502968,62.87315],[-66.51696,62.893761],[-66.583138,62.916565],[-66.538933,62.923405],[-66.505463,62.904137],[-66.509506,62.894745],[-66.483276,62.900478],[-66.439003,62.894974],[-66.432701,62.888424],[-66.441101,62.886292],[-66.439316,62.88015],[-66.430893,62.870884],[-66.374306,62.856812],[-66.384857,62.846912]],[[-66.60878,62.889847],[-66.606384,62.882118],[-66.62085,62.881504],[-66.660019,62.903431],[-66.60878,62.889847]],[[-66.656662,62.887505],[-66.661041,62.885174],[-66.680122,62.895908],[-66.656662,62.887505]],[[-66.415077,62.929855],[-66.425301,62.945267],[-66.376541,62.93021],[-66.378716,62.922668],[-66.415077,62.929855]],[[-66.774033,62.937473],[-66.793755,62.940632],[-66.791084,62.946392],[-66.774033,62.937473]],[[-66.033073,62.929947],[-66.023933,62.9104],[-66.092018,62.926121],[-66.061478,62.925877],[-66.074104,62.929211],[-66.033073,62.929947]],[[-65.865021,62.91729],[-65.844604,62.921051],[-65.816185,62.905926],[-65.845947,62.896423],[-65.869759,62.907692],[-65.865021,62.91729]],[[-66.403,62.906258],[-66.405304,62.912846],[-66.385483,62.90596],[-66.403,62.906258]],[[-66.489014,62.905437],[-66.513283,62.910667],[-66.501968,62.914658],[-66.489014,62.905437]],[[-66.015511,62.913193],[-65.996994,62.913082],[-65.990746,62.905148],[-65.996178,62.902828],[-66.015511,62.913193]],[[-65.718651,62.883602],[-65.714287,62.889778],[-65.698685,62.88483],[-65.689453,62.874157],[-65.692863,62.869808],[-65.718651,62.883602]],[[-65.719162,62.861717],[-65.753273,62.867939],[-65.750832,62.870457],[-65.719162,62.861717]],[[-66.01133,62.954483],[-66.005135,62.964325],[-66.014984,62.974518],[-65.985863,62.973343],[-65.961388,62.959812],[-66.01133,62.954483]],[[-66.795311,62.950218],[-66.823097,62.953987],[-66.826584,62.962154],[-66.837013,62.96043],[-66.865158,62.978329],[-66.841728,62.980667],[-66.795311,62.950218]],[[-66.890831,63.020649],[-66.87513,63.018562],[-66.945702,63.054379],[-66.946106,63.060757],[-67.057701,63.112175],[-66.979156,63.097492],[-66.910667,63.065086],[-66.826889,63.001144],[-66.827026,62.994984],[-66.844498,63.001839],[-66.832825,62.98283],[-66.890831,63.020649]],[[-66.923141,63.015221],[-66.938477,63.027565],[-66.903793,63.019115],[-66.906151,63.016579],[-66.923141,63.015221]],[[-66.929314,63.033611],[-66.941422,63.03437],[-66.955116,63.044224],[-66.952217,63.046089],[-66.929314,63.033611]],[[-67.72081,63.088612],[-67.766808,63.095982],[-67.762062,63.099258],[-67.772621,63.110012],[-67.684799,63.097244],[-67.72081,63.088612]],[[-67.064728,63.104324],[-67.054588,63.103329],[-67.04213,63.097797],[-67.05455,63.095341],[-67.064728,63.104324]],[[-66.601639,63.02285],[-66.56472,62.988125],[-66.601822,62.997311],[-66.621025,63.018993],[-66.601639,63.02285]],[[-66.521767,62.991982],[-66.517776,63.002735],[-66.512794,62.99321],[-66.489281,62.984093],[-66.494629,62.980621],[-66.475822,62.964848],[-66.489304,62.963802],[-66.503342,62.984413],[-66.521767,62.991982]],[[-66.532135,62.968166],[-66.543816,62.961201],[-66.545456,62.973957],[-66.562019,62.984276],[-66.555527,62.984798],[-66.532135,62.968166]],[[-66.591492,62.972115],[-66.604881,62.969238],[-66.619499,62.980255],[-66.618279,62.985737],[-66.591492,62.972115]],[[-66.769142,62.974468],[-66.769997,62.971951],[-66.794388,62.986027],[-66.769142,62.974468]],[[-66.891548,63.00787],[-66.871124,62.993988],[-66.881172,62.985882],[-66.901802,62.994972],[-66.895744,63.002571],[-66.914024,63.005989],[-66.891548,63.00787]],[[-66.520485,62.955513],[-66.510551,62.957436],[-66.505722,62.950874],[-66.520485,62.955513]],[[-67.739067,63.174038],[-67.742058,63.168053],[-67.782089,63.175068],[-67.807899,63.191921],[-67.802475,63.198864],[-67.849083,63.221478],[-67.837479,63.232647],[-67.859131,63.236797],[-67.818687,63.242809],[-67.777931,63.223499],[-67.784164,63.219734],[-67.753944,63.21003],[-67.737015,63.190495],[-67.722557,63.187111],[-67.737404,63.183647],[-67.735886,63.177975],[-67.749573,63.184109],[-67.739067,63.174038]],[[-67.905228,63.184364],[-67.932144,63.201401],[-67.91996,63.2062],[-67.94606,63.209339],[-67.966011,63.227196],[-68.004227,63.234871],[-67.980728,63.23785],[-68.035599,63.260014],[-68.029388,63.26379],[-68.057991,63.291035],[-68.10286,63.32296],[-68.03997,63.308506],[-67.99691,63.288845],[-67.955391,63.253178],[-67.979935,63.250408],[-67.866798,63.189438],[-67.905228,63.184364]],[[-68.05265,63.188038],[-68.103493,63.195889],[-68.139778,63.228897],[-68.135971,63.221447],[-68.149673,63.221844],[-68.177986,63.240864],[-68.197044,63.272621],[-68.22567,63.284332],[-68.205429,63.28476],[-68.167938,63.260921],[-68.165665,63.268272],[-68.136566,63.261353],[-68.061028,63.215927],[-68.043388,63.201462],[-68.05265,63.188038]],[[-68.190849,63.285984],[-68.228973,63.305695],[-68.241562,63.323677],[-68.217339,63.320316],[-68.169022,63.285763],[-68.190849,63.285984]],[[-67.943817,63.326843],[-67.953941,63.336906],[-67.916122,63.308224],[-67.941666,63.310009],[-67.943817,63.326843]],[[-68.08149,63.327503],[-68.088585,63.327358],[-68.106277,63.341362],[-68.093399,63.339577],[-68.08149,63.327503]],[[-68.120285,63.339249],[-68.104332,63.332279],[-68.133492,63.339203],[-68.120285,63.339249]],[[-68.20388,63.337032],[-68.225136,63.350491],[-68.219704,63.351974],[-68.20388,63.337032]],[[-67.494263,63.360722],[-67.490311,63.368313],[-67.502251,63.37746],[-67.480652,63.36824],[-67.468666,63.352249],[-67.472725,63.352188],[-67.494263,63.360722]],[[-67.520409,63.357323],[-67.539215,63.357464],[-67.551987,63.370247],[-67.55246,63.38187],[-67.548416,63.382164],[-67.520409,63.357323]],[[-67.873535,63.361954],[-67.880623,63.356346],[-67.943253,63.367905],[-67.957123,63.379715],[-67.949097,63.386036],[-67.965485,63.39233],[-67.932602,63.399582],[-67.86232,63.366959],[-67.884758,63.367668],[-67.873535,63.361954]],[[-67.970131,63.398163],[-67.974976,63.400806],[-67.945267,63.404125],[-67.970131,63.398163]],[[-67.588028,63.381489],[-67.6007,63.381042],[-67.607292,63.398483],[-67.601135,63.397907],[-67.588028,63.381489]],[[-67.457886,63.35083],[-67.420982,63.327713],[-67.39666,63.302567],[-67.404472,63.298794],[-67.380318,63.288235],[-67.396812,63.291618],[-67.410225,63.28183],[-67.429321,63.286083],[-67.42701,63.295242],[-67.439095,63.300518],[-67.431396,63.305656],[-67.453674,63.311455],[-67.445808,63.314548],[-67.446037,63.323662],[-67.455559,63.334675],[-67.479126,63.343414],[-67.457886,63.35083]],[[-67.808189,63.282459],[-67.780914,63.267002],[-67.790672,63.268417],[-67.787048,63.2621],[-67.800049,63.260262],[-67.797501,63.254604],[-67.85096,63.262951],[-67.875877,63.258598],[-67.880356,63.279037],[-67.891151,63.285904],[-67.875755,63.283913],[-67.869881,63.270119],[-67.841782,63.267689],[-67.839432,63.275028],[-67.820915,63.272186],[-67.821091,63.27948],[-67.808189,63.282459]],[[-67.892807,63.308449],[-67.884193,63.308609],[-67.893051,63.321671],[-67.845268,63.304798],[-67.827431,63.293045],[-67.825165,63.285103],[-67.892807,63.308449]],[[-67.879791,63.289085],[-67.897072,63.28944],[-67.907806,63.300865],[-67.879791,63.289085]],[[-67.843681,63.331051],[-67.847038,63.345127],[-67.813835,63.332294],[-67.819962,63.327164],[-67.814995,63.317451],[-67.843681,63.331051]],[[-67.845367,63.32737],[-67.865555,63.326073],[-67.891464,63.347473],[-67.87574,63.347775],[-67.845367,63.32737]],[[-67.908585,63.330036],[-67.904343,63.344032],[-67.887352,63.336376],[-67.892029,63.33218],[-67.908585,63.330036]],[[-68.153488,63.297272],[-68.153671,63.303883],[-68.138336,63.293026],[-68.153488,63.297272]],[[-68.112328,63.286724],[-68.036461,63.24334],[-67.994797,63.206089],[-68.026909,63.208641],[-68.070885,63.228275],[-68.099091,63.25164],[-68.078171,63.245228],[-68.116364,63.281624],[-68.112328,63.286724]],[[-68.016899,63.19949],[-68.034599,63.199585],[-68.047768,63.214832],[-68.016899,63.19949]],[[-67.893188,63.23764],[-67.898788,63.240295],[-67.869141,63.230217],[-67.90094,63.234627],[-67.893188,63.23764]],[[-67.886147,63.222824],[-67.872658,63.224678],[-67.84726,63.212845],[-67.854736,63.206322],[-67.867638,63.20903],[-67.886147,63.222824]],[[-67.065872,63.233353],[-67.044876,63.237061],[-67.017708,63.21645],[-67.034866,63.215996],[-67.036034,63.203209],[-67.048203,63.203728],[-67.06147,63.22065],[-67.043175,63.219299],[-67.065872,63.233353]],[[-67.027618,63.20583],[-67.016373,63.20393],[-67.013458,63.198044],[-67.025986,63.196507],[-67.027618,63.20583]],[[-66.988998,63.202694],[-66.951378,63.18335],[-66.951591,63.178787],[-66.967209,63.178131],[-66.988998,63.202694]],[[-67.718811,63.196072],[-67.729027,63.197254],[-67.746094,63.212681],[-67.731186,63.209988],[-67.718811,63.196072]],[[-67.521446,63.497738],[-67.540565,63.494457],[-67.54232,63.50309],[-67.538902,63.504967],[-67.521446,63.497738]],[[-67.532555,63.520576],[-67.539413,63.517048],[-67.531448,63.507374],[-67.553879,63.512928],[-67.543617,63.524498],[-67.532555,63.520576]],[[-67.524803,63.531651],[-67.546654,63.530144],[-67.546135,63.536079],[-67.524803,63.531651]],[[-67.594925,63.532745],[-67.602036,63.544018],[-67.587227,63.544277],[-67.59671,63.541607],[-67.594925,63.532745]],[[-67.710999,63.550098],[-67.724434,63.562851],[-67.707191,63.564529],[-67.720703,63.572491],[-67.714249,63.580357],[-67.729874,63.577572],[-67.737473,63.587917],[-67.738876,63.597694],[-67.726265,63.605446],[-67.74395,63.608318],[-67.743187,63.616768],[-67.725258,63.622559],[-67.686844,63.617317],[-67.66716,63.597832],[-67.629715,63.579796],[-67.637955,63.568707],[-67.659294,63.57267],[-67.669159,63.556992],[-67.693901,63.559063],[-67.710999,63.550098]],[[-67.941414,63.411755],[-67.972237,63.429821],[-67.98613,63.451664],[-67.934471,63.429192],[-67.947342,63.425289],[-67.932182,63.416096],[-67.944969,63.41724],[-67.941414,63.411755]],[[-67.993332,63.447189],[-68.014847,63.443115],[-68.023376,63.446819],[-68.009254,63.453487],[-67.993332,63.447189]],[[-68.42025,63.443806],[-68.432602,63.449223],[-68.431938,63.456772],[-68.425514,63.454178],[-68.42025,63.443806]],[[-68.101837,63.456173],[-68.091225,63.462093],[-68.077377,63.451427],[-68.085754,63.448521],[-68.101837,63.456173]],[[-67.97477,63.46056],[-67.978951,63.471874],[-67.961685,63.457165],[-67.97477,63.46056]],[[-68.465324,63.471973],[-68.47435,63.474957],[-68.482086,63.480026],[-68.469055,63.482151],[-68.465324,63.471973]],[[-68.019295,63.47723],[-68.043526,63.504791],[-68.029854,63.531288],[-67.962799,63.509815],[-67.979515,63.487823],[-68.019295,63.47723]],[[-68.501602,63.498505],[-68.513649,63.492294],[-68.552643,63.506664],[-68.550018,63.510376],[-68.501602,63.498505]],[[-68.555702,63.502258],[-68.554863,63.495205],[-68.565178,63.508877],[-68.555702,63.502258]],[[-68.576973,63.504948],[-68.582787,63.5023],[-68.596451,63.518169],[-68.589577,63.516281],[-68.576973,63.504948]],[[-68.590584,63.5247],[-68.565521,63.524609],[-68.557671,63.51453],[-68.560165,63.514015],[-68.590584,63.5247]],[[-68.523323,63.526741],[-68.54306,63.533577],[-68.530678,63.537067],[-68.523323,63.526741]],[[-68.171249,63.572399],[-68.175316,63.567299],[-68.185936,63.580528],[-68.184349,63.599262],[-68.174858,63.596725],[-68.17881,63.58091],[-68.171249,63.572399]],[[-68.719421,63.590012],[-68.696259,63.581001],[-68.739487,63.582443],[-68.761894,63.593521],[-68.752792,63.602646],[-68.72876,63.599133],[-68.721039,63.611187],[-68.696098,63.608604],[-68.690315,63.595062],[-68.719421,63.590012]],[[-68.14994,63.597382],[-68.134834,63.581596],[-68.137169,63.579494],[-68.14994,63.597382]],[[-68.248253,63.616604],[-68.263329,63.61377],[-68.27047,63.622738],[-68.266914,63.623043],[-68.248253,63.616604]],[[-68.639923,63.614227],[-68.659355,63.614288],[-68.677689,63.62571],[-68.692192,63.618511],[-68.70533,63.658108],[-68.700325,63.663246],[-68.654625,63.65934],[-68.640175,63.646225],[-68.663727,63.64566],[-68.668854,63.64143],[-68.658241,63.630287],[-68.667427,63.629833],[-68.639923,63.614227]],[[-68.702454,63.61438],[-68.724167,63.615673],[-68.729744,63.643822],[-68.73793,63.635406],[-68.758995,63.635567],[-68.748161,63.631046],[-68.758255,63.629654],[-68.794632,63.637188],[-68.806778,63.647831],[-68.738564,63.648621],[-68.714386,63.656521],[-68.702454,63.61438]],[[-68.082069,63.164169],[-68.057945,63.160332],[-68.059822,63.158924],[-68.082069,63.164169]],[[-67.529984,62.967655],[-67.509132,62.970291],[-67.519348,62.960308],[-67.529984,62.967655]],[[-66.107346,62.269066],[-66.10849,62.285404],[-66.082886,62.267571],[-66.086571,62.260471],[-66.078377,62.249809],[-66.103004,62.254192],[-66.094795,62.272045],[-66.107346,62.269066]],[[-66.058067,62.242653],[-66.05928,62.234886],[-66.08683,62.24765],[-66.058067,62.242653]],[[-65.888168,62.151123],[-65.866806,62.1371],[-65.873474,62.130901],[-65.858398,62.132584],[-65.863358,62.117271],[-65.850616,62.114834],[-65.839844,62.131775],[-65.810043,62.110035],[-65.806366,62.099102],[-65.830376,62.085285],[-65.855629,62.082634],[-65.854019,62.076942],[-65.916985,62.100075],[-65.897423,62.11525],[-65.903046,62.124569],[-65.966461,62.12532],[-65.962578,62.113541],[-65.97477,62.109749],[-65.988747,62.120613],[-65.979691,62.127518],[-65.982925,62.13776],[-65.958061,62.138378],[-65.936455,62.150375],[-65.908569,62.147808],[-65.888153,62.132641],[-65.888168,62.151123]],[[-65.962646,62.095459],[-65.951378,62.076591],[-65.990417,62.079536],[-65.985565,62.096222],[-65.976585,62.089207],[-65.974358,62.096066],[-65.962646,62.095459]],[[-65.953926,62.109596],[-65.959892,62.119331],[-65.9561,62.119354],[-65.953926,62.109596]],[[-65.993324,62.047119],[-65.990669,62.071781],[-65.962456,62.055988],[-65.984863,62.056984],[-65.980125,62.044922],[-65.993324,62.047119]],[[-65.916786,62.058327],[-65.864731,62.058628],[-65.866447,62.04995],[-65.857681,62.049545],[-65.859428,62.041779],[-65.85054,62.036579],[-65.859123,62.030376],[-65.838211,62.030289],[-65.853096,62.022877],[-65.884186,62.04026],[-65.877419,62.023651],[-65.900726,62.022827],[-65.90094,62.03059],[-65.916183,62.036884],[-65.916786,62.058327]],[[-65.826218,62.036255],[-65.819977,62.039486],[-65.806572,62.028149],[-65.812431,62.029259],[-65.826218,62.036255]],[[-65.98909,62.019768],[-66.001389,62.0247],[-66.00013,62.031101],[-65.995277,62.03159],[-65.98909,62.019768]],[[-66.033028,62.026089],[-66.051369,62.03714],[-66.050774,62.048779],[-66.007675,62.039494],[-66.029488,62.037067],[-66.033028,62.026089]],[[-65.85482,62.014194],[-65.833054,61.999031],[-65.856056,62.005749],[-65.85482,62.014194]],[[-65.176224,61.931042],[-65.141838,61.935173],[-65.128746,61.932671],[-65.126305,61.92514],[-65.093369,61.929714],[-65.097229,61.919674],[-65.087532,61.914429],[-65.068169,61.918995],[-65.05896,61.916485],[-65.065742,61.910328],[-65.032814,61.911007],[-65.0,61.881561],[-65.007187,61.879505],[-64.99897,61.876083],[-65.011581,61.845058],[-64.984505,61.852348],[-64.981255,61.862328],[-64.937614,61.854137],[-64.921272,61.832447],[-64.926163,61.815338],[-64.945503,61.806686],[-64.942139,61.802574],[-64.899094,61.824203],[-64.874947,61.823727],[-64.83503,61.800613],[-64.851997,61.786724],[-64.83078,61.787148],[-64.800056,61.768375],[-64.803497,61.759491],[-64.784691,61.761505],[-64.779442,61.755104],[-64.812721,61.750832],[-64.808945,61.740101],[-64.78389,61.741879],[-64.796982,61.730495],[-64.811417,61.731892],[-64.848114,61.715523],[-64.894295,61.71764],[-64.918877,61.707855],[-64.995331,61.735981],[-65.001572,61.747169],[-64.996727,61.762909],[-65.008797,61.750137],[-65.010712,61.75584],[-65.042511,61.755394],[-65.025162,61.76429],[-65.055428,61.767475],[-65.042915,61.770988],[-65.122055,61.771812],[-65.130753,61.778652],[-65.124489,61.782764],[-65.146202,61.784809],[-65.122589,61.791664],[-65.183945,61.813759],[-65.173325,61.812855],[-65.171906,61.820156],[-65.179634,61.822433],[-65.164246,61.838417],[-65.199043,61.841583],[-65.172508,61.850956],[-65.203903,61.846596],[-65.228661,61.865509],[-65.220001,61.874413],[-65.223427,61.880806],[-65.191078,61.895435],[-65.213387,61.903172],[-65.184868,61.913013],[-65.156273,61.905273],[-65.180061,61.922142],[-65.176224,61.931042]],[[-64.96463,61.875381],[-64.945259,61.88221],[-64.925941,61.873528],[-64.935181,61.859612],[-64.96463,61.875381]],[[-64.893684,61.84314],[-64.876762,61.844944],[-64.885025,61.835827],[-64.893684,61.84314]],[[-64.825851,61.802197],[-64.784958,61.786835],[-64.787895,61.781818],[-64.825851,61.802197]],[[-64.774895,61.78849],[-64.772606,61.796463],[-64.760147,61.796436],[-64.760201,61.791927],[-64.774895,61.78849]],[[-64.766876,61.784309],[-64.755867,61.785671],[-64.752296,61.777683],[-64.754501,61.777],[-64.766876,61.784309]],[[-65.060799,61.707249],[-65.05262,61.697662],[-65.062714,61.686024],[-65.108398,61.691723],[-65.100708,61.694237],[-65.103127,61.702908],[-65.060799,61.707249]],[[-65.003578,61.688065],[-64.939713,61.66589],[-64.952744,61.643765],[-64.908447,61.673161],[-64.902733,61.662201],[-64.87915,61.67038],[-64.859482,61.664425],[-64.867218,61.656219],[-64.833046,61.666435],[-64.813866,61.661156],[-64.814896,61.651573],[-64.78273,61.650826],[-64.795303,61.639668],[-64.762558,61.651241],[-64.701088,61.650864],[-64.696846,61.643551],[-64.728615,61.635872],[-64.734467,61.626301],[-64.772026,61.611324],[-64.7687,61.607437],[-64.705864,61.609119],[-64.725624,61.599808],[-64.621971,61.606136],[-64.627335,61.599533],[-64.61647,61.58786],[-64.636169,61.583813],[-64.631493,61.575356],[-64.650772,61.566059],[-64.65136,61.557159],[-64.697609,61.531731],[-64.728249,61.52953],[-64.704865,61.523987],[-64.732201,61.516983],[-64.64505,61.526325],[-64.72097,61.493217],[-64.769783,61.484432],[-64.645813,61.503967],[-64.648903,61.486176],[-64.66629,61.470249],[-64.6884,61.45776],[-64.737175,61.448071],[-64.728165,61.442341],[-64.696556,61.453899],[-64.665077,61.452217],[-64.715858,61.433636],[-64.684013,61.423512],[-64.706528,61.413754],[-64.722237,61.415623],[-64.714058,61.423363],[-64.725021,61.423161],[-64.731285,61.416786],[-64.725159,61.40947],[-64.739052,61.402428],[-64.742752,61.414078],[-64.753746,61.41045],[-64.792053,61.388161],[-64.78112,61.385857],[-64.793571,61.37698],[-64.832153,61.374313],[-64.862236,61.357471],[-64.830399,61.352169],[-64.822685,61.366535],[-64.795029,61.372646],[-64.808945,61.357609],[-64.792778,61.356895],[-64.784172,61.3619],[-64.787872,61.374687],[-64.774452,61.386074],[-64.753906,61.392876],[-64.745865,61.387154],[-64.76413,61.368248],[-64.762283,61.361622],[-64.790962,61.345936],[-64.803757,61.351894],[-64.799088,61.340702],[-64.820999,61.336178],[-64.825363,61.322948],[-64.836319,61.32],[-64.814964,61.315853],[-64.82309,61.308563],[-64.837837,61.305622],[-64.836357,61.313377],[-64.843513,61.30928],[-64.872437,61.319141],[-64.848663,61.322071],[-64.889488,61.33149],[-64.871819,61.346073],[-64.884186,61.34586],[-64.880829,61.35088],[-64.921768,61.343624],[-64.909401,61.34293],[-64.915138,61.33654],[-64.936989,61.341125],[-64.933556,61.372166],[-64.925911,61.378319],[-64.932083,61.383343],[-64.89061,61.39357],[-64.891998,61.401562],[-64.965866,61.393188],[-64.969193,61.39753],[-64.945801,61.413029],[-64.947685,61.418736],[-64.975861,61.399586],[-64.994438,61.398457],[-64.984863,61.423328],[-65.015404,61.395046],[-65.033974,61.407597],[-65.032539,61.432251],[-65.04541,61.421753],[-65.062019,61.425804],[-65.064484,61.416962],[-65.082619,61.436131],[-64.998169,61.44981],[-65.005013,61.453526],[-65.072128,61.446857],[-65.056877,61.454704],[-65.082161,61.453476],[-65.081703,61.46838],[-65.099808,61.44754],[-65.14991,61.450256],[-65.157104,61.459152],[-65.131416,61.492031],[-65.137169,61.49728],[-65.153336,61.474903],[-65.17588,61.499763],[-65.175385,61.494289],[-65.202156,61.497684],[-65.195084,61.517776],[-65.209862,61.508179],[-65.212662,61.495392],[-65.231346,61.504047],[-65.252823,61.498768],[-65.265793,61.508564],[-65.247704,61.520912],[-65.251091,61.526836],[-65.283493,61.510361],[-65.283562,61.518803],[-65.299309,61.514442],[-65.303207,61.523571],[-65.345276,61.521889],[-65.351097,61.529865],[-65.337303,61.538338],[-65.33741,61.55043],[-65.361641,61.544849],[-65.368698,61.554813],[-65.337318,61.571594],[-65.369637,61.56543],[-65.376488,61.54599],[-65.389626,61.55397],[-65.378693,61.561298],[-65.383545,61.567223],[-65.44149,61.56662],[-65.433929,61.574627],[-65.454071,61.576401],[-65.451332,61.586906],[-65.468903,61.610813],[-65.454811,61.633221],[-65.391182,61.652554],[-65.335999,61.657009],[-65.333534,61.64994],[-65.312965,61.659561],[-65.156937,61.683487],[-65.143951,61.682808],[-65.147293,61.674591],[-65.130974,61.682816],[-65.066071,61.67804],[-65.003578,61.688065]],[[-64.791176,61.675259],[-64.775764,61.678654],[-64.774338,61.676598],[-64.784973,61.670002],[-64.791176,61.675259]],[[-64.756599,61.358646],[-64.739273,61.379375],[-64.710663,61.383408],[-64.698387,61.374252],[-64.729523,61.354702],[-64.722893,61.35149],[-64.724464,61.33757],[-64.735519,61.325039],[-64.766533,61.31142],[-64.76265,61.320999],[-64.772568,61.328094],[-64.788651,61.31834],[-64.772911,61.343616],[-64.776665,61.349102],[-64.754799,61.347458],[-64.764839,61.342224],[-64.749184,61.338085],[-64.730515,61.350594],[-64.756599,61.358646]],[[-64.794067,61.314217],[-64.797928,61.30669],[-64.806938,61.309219],[-64.799751,61.316738],[-64.794067,61.314217]],[[-64.809639,61.329304],[-64.797234,61.334759],[-64.804504,61.322952],[-64.809639,61.329304]],[[-64.792992,61.329735],[-64.789642,61.333149],[-64.787308,61.327446],[-64.792992,61.329735]],[[-64.938332,61.367374],[-64.944588,61.34547],[-64.964546,61.350281],[-64.954063,61.358265],[-64.967834,61.367855],[-64.938332,61.367374]],[[-64.978294,61.373569],[-64.986389,61.372662],[-64.992615,61.386871],[-64.982559,61.383156],[-64.978294,61.373569]],[[-64.976357,61.387947],[-64.962067,61.389534],[-64.960655,61.383373],[-64.973518,61.379955],[-64.976357,61.387947]],[[-64.920624,61.391781],[-64.940659,61.382671],[-64.940201,61.376507],[-64.955894,61.382458],[-64.920624,61.391781]],[[-65.460785,61.576836],[-65.467026,61.577957],[-65.470993,61.587986],[-65.466705,61.589828],[-65.460785,61.576836]],[[-65.330765,61.662724],[-65.351852,61.657204],[-65.362907,61.658321],[-65.364426,61.665852],[-65.338562,61.674118],[-65.329391,61.670258],[-65.330765,61.662724]],[[-65.371712,61.673592],[-65.366707,61.701218],[-65.349899,61.703762],[-65.336342,61.694431],[-65.333054,61.702656],[-65.3162,61.70063],[-65.323998,61.712486],[-65.30719,61.716393],[-65.288788,61.700905],[-65.298286,61.686516],[-65.328606,61.689655],[-65.332352,61.678696],[-65.371712,61.673592]],[[-65.44873,61.68322],[-65.480042,61.688145],[-65.450859,61.699638],[-65.437759,61.690548],[-65.44873,61.68322]],[[-65.400795,61.69566],[-65.38884,61.701393],[-65.378616,61.690006],[-65.393478,61.686321],[-65.400795,61.69566]],[[-65.167648,61.718849],[-65.156563,61.713837],[-65.175308,61.709026],[-65.167648,61.718849]],[[-65.118561,61.719559],[-65.111809,61.711803],[-65.180054,61.694649],[-65.161354,61.70813],[-65.118561,61.719559]],[[-65.158409,61.692841],[-65.13102,61.700844],[-65.121399,61.698792],[-65.137238,61.68943],[-65.158409,61.692841]],[[-65.301094,61.676926],[-65.280952,61.682434],[-65.286186,61.675125],[-65.278931,61.669434],[-65.298592,61.664379],[-65.307274,61.668011],[-65.293373,61.672829],[-65.301094,61.676926]],[[-65.249092,61.73679],[-65.263054,61.736317],[-65.265549,61.748634],[-65.253967,61.74477],[-65.249092,61.73679]],[[-65.660408,61.740662],[-65.687836,61.73917],[-65.733482,61.756527],[-65.742302,61.784786],[-65.755974,61.792252],[-65.749779,61.795696],[-65.76358,61.808411],[-65.762352,61.817772],[-65.704765,61.834705],[-65.692581,61.829285],[-65.659119,61.797714],[-65.679565,61.782791],[-65.668938,61.781925],[-65.660408,61.740662]],[[-65.812332,61.749283],[-65.811531,61.755901],[-65.823212,61.760635],[-65.840752,61.74913],[-65.836548,61.754402],[-65.866287,61.767696],[-65.87812,61.759415],[-65.901909,61.765892],[-65.904221,61.779797],[-65.936081,61.780972],[-65.925362,61.794273],[-65.910454,61.795963],[-65.914932,61.800957],[-65.889389,61.802021],[-65.884834,61.812092],[-65.850464,61.827347],[-65.840691,61.822838],[-65.857849,61.802788],[-65.854752,61.795868],[-65.838974,61.810799],[-65.830986,61.804161],[-65.832146,61.813484],[-65.820488,61.80629],[-65.79171,61.773582],[-65.756477,61.750713],[-65.812332,61.749283]],[[-65.923248,61.753212],[-65.909393,61.757629],[-65.892929,61.754539],[-65.90197,61.750374],[-65.923248,61.753212]],[[-65.823601,61.815174],[-65.831245,61.831104],[-65.817993,61.842358],[-65.804848,61.838318],[-65.80851,61.849709],[-65.799004,61.856377],[-65.75013,61.853886],[-65.717949,61.841034],[-65.741547,61.837498],[-65.752815,61.844746],[-65.76088,61.83786],[-65.779373,61.8437],[-65.772858,61.832645],[-65.78154,61.833195],[-65.778336,61.820202],[-65.745346,61.769936],[-65.748459,61.758286],[-65.779198,61.774334],[-65.823601,61.815174]],[[-65.269722,61.860435],[-65.255684,61.857716],[-65.251778,61.852245],[-65.269661,61.852222],[-65.269722,61.860435]],[[-65.267731,61.784683],[-65.268295,61.795635],[-65.257698,61.798164],[-65.272224,61.805901],[-65.23407,61.800472],[-65.241219,61.786087],[-65.267731,61.784683]],[[-65.233025,61.787468],[-65.225838,61.795689],[-65.208908,61.786583],[-65.2267,61.778118],[-65.233025,61.787468]],[[-65.65329,61.746166],[-65.662025,61.773972],[-65.646767,61.757378],[-65.645172,61.749622],[-65.65329,61.746166]],[[-65.251617,61.754585],[-65.227554,61.758953],[-65.195206,61.745522],[-65.21154,61.738205],[-65.251617,61.754585]],[[-63.287525,64.904304],[-63.320351,64.927269],[-63.331795,64.926193],[-63.330029,64.915649],[-63.341278,64.915932],[-63.344196,64.9338],[-63.352562,64.939484],[-63.353401,64.929466],[-63.380165,64.926483],[-63.400967,64.943649],[-63.383984,64.953728],[-63.419033,64.957329],[-63.4119,64.966278],[-63.429218,64.969673],[-63.400124,64.977623],[-63.405735,64.983925],[-63.374779,64.989548],[-63.338516,64.978836],[-63.340439,64.972725],[-63.358852,64.972046],[-63.322811,64.959961],[-63.348034,64.956711],[-63.35001,64.946266],[-63.296616,64.950859],[-63.303658,64.942825],[-63.327038,64.941132],[-63.255917,64.907379],[-63.287525,64.904304]],[[-63.415478,65.162819],[-63.428185,65.173172],[-63.404293,65.177155],[-63.390583,65.170204],[-63.397888,65.164444],[-63.415478,65.162819]],[[-63.252304,65.248917],[-63.266377,65.238091],[-63.277069,65.254791],[-63.319603,65.277763],[-63.32238,65.296776],[-63.30946,65.299423],[-63.327629,65.306038],[-63.296944,65.310745],[-63.288315,65.298439],[-63.264065,65.315399],[-63.227646,65.314247],[-63.218723,65.304207],[-63.229172,65.299911],[-63.219196,65.289612],[-63.182079,65.271088],[-63.193325,65.264984],[-63.211655,65.273895],[-63.232689,65.271698],[-63.207508,65.264893],[-63.252304,65.248917]],[[-63.196617,65.317337],[-63.190147,65.324249],[-63.152046,65.319611],[-63.157269,65.313812],[-63.196617,65.317337]],[[-63.097061,65.314751],[-63.101509,65.306877],[-63.127541,65.300713],[-63.12323,65.307678],[-63.097061,65.314751]],[[-63.116314,65.288094],[-63.101406,65.2966],[-63.090435,65.293343],[-63.092167,65.2854],[-63.116314,65.288094]],[[-62.995102,65.295822],[-62.988979,65.28949],[-62.994209,65.280273],[-62.981926,65.278572],[-62.982975,65.271751],[-63.009285,65.260132],[-63.003292,65.256546],[-63.060883,65.264938],[-63.051773,65.274742],[-63.031307,65.273056],[-63.035351,65.285942],[-63.019875,65.294434],[-62.995102,65.295822]],[[-63.307491,65.332695],[-63.318378,65.325203],[-63.3424,65.333099],[-63.361446,65.325813],[-63.4491,65.348015],[-63.407028,65.359787],[-63.331646,65.351326],[-63.307491,65.332695]],[[-63.298088,65.352776],[-63.277447,65.351799],[-63.264988,65.347153],[-63.278297,65.342011],[-63.298088,65.352776]],[[-63.177734,65.420258],[-63.177914,65.411591],[-63.193516,65.413589],[-63.187401,65.421646],[-63.177734,65.420258]],[[-63.234695,65.416916],[-63.254589,65.415825],[-63.272984,65.425186],[-63.246426,65.426804],[-63.234695,65.416916]],[[-63.259605,65.453384],[-63.260124,65.438332],[-63.281681,65.433395],[-63.285515,65.448784],[-63.301498,65.459908],[-63.271984,65.458946],[-63.259605,65.453384]],[[-62.896988,65.486084],[-62.917889,65.482544],[-62.936008,65.496742],[-62.929329,65.497246],[-62.896988,65.486084]],[[-62.892666,65.513367],[-62.928436,65.513428],[-62.929379,65.531952],[-62.900566,65.53299],[-62.892666,65.513367]],[[-63.124947,65.528023],[-63.141491,65.520454],[-63.198158,65.524422],[-63.26965,65.547913],[-63.258114,65.562912],[-63.218346,65.559631],[-63.169399,65.536469],[-63.140766,65.536423],[-63.124947,65.528023]],[[-63.098557,65.578934],[-63.089279,65.581886],[-63.072979,65.565704],[-63.075142,65.56234],[-63.098557,65.578934]],[[-63.141495,65.57959],[-63.167213,65.58847],[-63.173466,65.609634],[-63.134102,65.595833],[-63.141495,65.57959]],[[-63.207153,65.605919],[-63.181004,65.581055],[-63.202606,65.587997],[-63.200256,65.592735],[-63.211788,65.596909],[-63.207153,65.605919]],[[-63.090652,65.602013],[-63.099422,65.613434],[-63.072697,65.611137],[-63.060055,65.599846],[-63.067795,65.596169],[-63.090652,65.602013]],[[-62.898392,65.571068],[-62.9067,65.58477],[-62.892391,65.60881],[-62.859978,65.614548],[-62.836243,65.607491],[-62.838882,65.584267],[-62.822227,65.564392],[-62.765873,65.554817],[-62.761105,65.546913],[-62.78688,65.53759],[-62.795765,65.51683],[-62.829384,65.516632],[-62.840931,65.520149],[-62.851212,65.541908],[-62.898392,65.571068]],[[-62.50684,65.518921],[-62.515766,65.550034],[-62.509525,65.557381],[-62.518372,65.569984],[-62.475552,65.581261],[-62.436485,65.577332],[-62.433716,65.564911],[-62.440773,65.556213],[-62.458912,65.547173],[-62.485306,65.553909],[-62.48605,65.537025],[-62.478271,65.531082],[-62.485817,65.519432],[-62.50684,65.518921]],[[-62.966942,65.534798],[-62.980652,65.528091],[-62.988159,65.536514],[-62.985104,65.545563],[-62.966942,65.534798]],[[-62.953617,65.563667],[-62.941586,65.548958],[-62.957626,65.552132],[-62.962135,65.562073],[-62.953617,65.563667]],[[-62.446068,65.594994],[-62.423512,65.591331],[-62.482052,65.585114],[-62.493221,65.593903],[-62.497509,65.610481],[-62.475624,65.624901],[-62.486736,65.630951],[-62.463039,65.639832],[-62.416538,65.611908],[-62.437248,65.610489],[-62.446068,65.594994]],[[-62.393272,65.639992],[-62.381344,65.64785],[-62.394974,65.66449],[-62.401199,65.663765],[-62.394196,65.650299],[-62.408833,65.642754],[-62.43652,65.661415],[-62.441624,65.654488],[-62.434883,65.648804],[-62.447453,65.643471],[-62.468796,65.648003],[-62.454891,65.664032],[-62.424255,65.674301],[-62.472012,65.692657],[-62.477501,65.702415],[-62.465488,65.710739],[-62.473473,65.718971],[-62.466225,65.728584],[-62.447834,65.738312],[-62.415539,65.72316],[-62.406219,65.731789],[-62.387108,65.733032],[-62.360512,65.705017],[-62.363426,65.716537],[-62.3503,65.730759],[-62.33461,65.728439],[-62.331478,65.73954],[-62.312397,65.740547],[-62.323769,65.726959],[-62.315056,65.726006],[-62.280128,65.737709],[-62.255337,65.727562],[-62.256466,65.718452],[-62.298904,65.69899],[-62.266869,65.701187],[-62.255043,65.684128],[-62.248363,65.699226],[-62.223412,65.696152],[-62.216415,65.703926],[-62.176815,65.704948],[-62.167919,65.69323],[-62.208645,65.67717],[-62.212418,65.668831],[-62.16354,65.675262],[-62.155426,65.682999],[-62.139923,65.677017],[-62.155285,65.669052],[-62.134262,65.668831],[-62.114735,65.654938],[-62.164513,65.652435],[-62.131744,65.647034],[-62.151073,65.638519],[-62.137074,65.633492],[-62.14365,65.627991],[-62.172405,65.639893],[-62.201492,65.635338],[-62.193539,65.627541],[-62.202637,65.623261],[-62.196381,65.615295],[-62.205517,65.610786],[-62.198837,65.605087],[-62.237679,65.59536],[-62.24575,65.596527],[-62.24295,65.617691],[-62.253578,65.623062],[-62.267025,65.658226],[-62.279518,65.641479],[-62.281879,65.622581],[-62.328632,65.596626],[-62.335609,65.597755],[-62.332867,65.615952],[-62.343086,65.620613],[-62.321014,65.632492],[-62.313957,65.656036],[-62.325897,65.654358],[-62.332859,65.640404],[-62.363461,65.645699],[-62.385239,65.635399],[-62.393272,65.639992]],[[-62.587944,65.640816],[-62.59417,65.646484],[-62.589264,65.652504],[-62.574661,65.647278],[-62.587944,65.640816]],[[-62.231064,65.711708],[-62.216927,65.719032],[-62.207375,65.716667],[-62.212425,65.710426],[-62.231064,65.711708]],[[-62.111767,65.856926],[-62.125397,65.841133],[-62.182446,65.84639],[-62.189098,65.849579],[-62.18243,65.858276],[-62.197163,65.863091],[-62.210701,65.889122],[-62.278099,65.911583],[-62.291019,65.923416],[-62.260693,65.935951],[-62.2173,65.931389],[-62.213703,65.923737],[-62.186184,65.915314],[-62.123924,65.924759],[-62.118114,65.90834],[-62.12989,65.905289],[-62.129066,65.894974],[-62.153286,65.888206],[-62.143639,65.883095],[-62.158916,65.873299],[-62.154747,65.865852],[-62.118462,65.871544],[-62.111767,65.856926]],[[-62.321144,65.863091],[-62.321339,65.877266],[-62.302814,65.883781],[-62.266865,65.863686],[-62.321144,65.863091]],[[-62.201496,65.946892],[-62.233933,65.947227],[-62.192741,65.966499],[-62.196777,65.954056],[-62.206852,65.951179],[-62.201496,65.946892]],[[-62.161507,65.950882],[-62.194111,65.971115],[-62.171196,65.979538],[-62.163055,65.972191],[-62.167145,65.962486],[-62.146416,65.953598],[-62.161507,65.950882]],[[-62.123116,65.961082],[-62.129524,65.968605],[-62.096333,65.986511],[-62.050957,65.974518],[-62.062222,65.962769],[-62.123116,65.961082]],[[-62.079525,66.05867],[-62.029785,66.062546],[-62.023026,66.051117],[-62.065456,66.049988],[-62.079525,66.05867]],[[-62.26226,66.168022],[-62.293213,66.168747],[-62.284401,66.170532],[-62.26226,66.168022]],[[-63.422733,65.63633],[-63.470963,65.63131],[-63.483864,65.642105],[-63.468506,65.649277],[-63.422733,65.63633]],[[-63.554798,65.433571],[-63.567993,65.441635],[-63.524334,65.435829],[-63.554798,65.433571]],[[-64.181541,65.168495],[-64.20591,65.168953],[-64.22348,65.177269],[-64.196365,65.182228],[-64.181541,65.168495]],[[-64.436508,65.140533],[-64.439484,65.149017],[-64.433357,65.150734],[-64.416031,65.144959],[-64.418434,65.142494],[-64.436508,65.140533]],[[-64.924477,65.364967],[-64.933311,65.370789],[-64.91301,65.385551],[-64.827316,65.390259],[-64.844368,65.375687],[-64.924477,65.364967]],[[-64.779449,65.387039],[-64.758102,65.380798],[-64.764328,65.37838],[-64.779449,65.387039]],[[-66.336418,66.240028],[-66.364578,66.244705],[-66.362282,66.246063],[-66.336418,66.240028]]]]}}
