{"type":"Feature","properties":{"mrgid":23643,"name":"Southwest Atlantic Ocean (20W)","placeType":"SeaVoX SeaArea - level 2","source":"MarineRegions:seavox_v19"},"geometry":{"type":"MultiPolygon","coordinates":[[[[-65.562628,-60.0],[-67.266879,-58.134617],[-67.267,-60.0],[-65.562628,-60.0]]],[[[-20.0,0.0],[-49.364506,0.0],[-49.356289,-0.029922],[-49.377998,-0.030802],[-49.387974,-0.058378],[-49.40176,-0.057204],[-49.401173,-0.068352],[-49.437843,-0.093287],[-49.442535,-0.117048],[-49.450455,-0.116755],[-49.450748,-0.107954],[-49.4883,-0.129663],[-49.596546,-0.140517],[-49.70509,-0.141103],[-49.795147,-0.118809],[-49.832111,-0.096807],[-49.796322,-0.041656],[-49.744102,-0.012908],[-49.735302,0.0],[-49.877872,0.0],[-49.926571,-0.033736],[-49.994335,-0.063071],[-50.005482,-0.058378],[-50.018684,-0.018188],[-50.035404,-0.0],[-50.0401,-0.010561],[-50.046844,-0.0],[-50.435246,0.0],[-50.436714,-0.014668],[-50.477489,-0.029629],[-50.500957,-0.019655],[-50.513279,0.0],[-50.60598,0.0],[-50.564617,-0.039309],[-50.578403,-0.04459],[-50.593365,-0.041363],[-50.644115,0.0],[-50.674332,0.0],[-50.649689,-0.084193],[-50.612434,-0.09622],[-50.611553,-0.113822],[-50.661716,-0.131423],[-50.725082,-0.178066],[-50.721268,-0.163398],[-50.72831,-0.162225],[-50.752361,-0.18628],[-50.826286,-0.225003],[-50.853275,-0.259619],[-50.886719,-0.281327],[-50.915176,-0.256978],[-50.994087,-0.244658],[-51.019901,-0.231163],[-51.038677,-0.233217],[-51.033398,-0.194494],[-51.002007,-0.188334],[-51.025768,-0.192147],[-51.031342,-0.18012],[-51.002007,-0.117342],[-50.990566,-0.073339],[-50.966805,-0.058671],[-50.840076,-0.049577],[-50.805756,-0.022882],[-50.720974,0.0],[-50.796661,-0.004694],[-50.853275,-0.037256],[-50.949203,-0.04459],[-50.97179,-0.042243],[-50.986168,-0.030802],[-50.942455,0.0],[-51.058037,-0.0],[-51.078869,-0.044297],[-51.105854,-0.061311],[-51.140762,-0.058084],[-51.165112,-0.068058],[-51.198261,-0.056324],[-51.204128,-0.04371],[-51.202076,-0.061604],[-51.213223,-0.080379],[-51.241676,-0.078032],[-51.270721,-0.092993],[-51.280987,-0.083606],[-51.310909,-0.078619],[-51.305042,-0.085366],[-51.287441,-0.085366],[-51.268375,-0.09974],[-51.249893,-0.088886],[-51.221142,-0.095047],[-51.236984,-0.104141],[-51.251652,-0.127903],[-51.277176,-0.132596],[-51.256348,-0.134063],[-51.262798,-0.153424],[-51.338192,-0.262846],[-51.377209,-0.250818],[-51.369286,-0.258739],[-51.343765,-0.265779],[-51.361366,-0.310956],[-51.355499,-0.308315],[-51.393635,-0.384294],[-51.461403,-0.441792],[-51.458466,-0.457926],[-51.459641,-0.444139],[-51.435291,-0.42419],[-51.446144,-0.473474],[-51.506577,-0.526278],[-51.521832,-0.525398],[-51.534153,-0.510437],[-51.524178,-0.527158],[-51.508923,-0.529211],[-51.516552,-0.536252],[-51.532391,-0.542119],[-51.552925,-0.527451],[-51.549702,-0.536545],[-51.558792,-0.544172],[-51.546768,-0.539479],[-51.538845,-0.548279],[-51.609547,-0.620738],[-51.652081,-0.695837],[-51.701366,-0.749227],[-51.710461,-0.799977],[-51.728645,-0.816699],[-51.711338,-0.804964],[-51.710461,-0.920839],[-51.702831,-0.987431],[-51.693737,-0.997112],[-51.682003,-0.996525],[-51.67115,-0.976577],[-51.677895,-0.924066],[-51.665573,-0.851608],[-51.622158,-0.785896],[-51.622158,-0.727519],[-51.597225,-0.665034],[-51.595463,-0.675889],[-51.503349,-0.593749],[-51.420918,-0.544466],[-51.367527,-0.540359],[-51.329098,-0.523051],[-51.347874,-0.539185],[-51.342007,-0.559133],[-51.350513,-0.571748],[-51.34259,-0.562947],[-51.334965,-0.573801],[-51.338779,-0.560014],[-51.327045,-0.559133],[-51.337898,-0.555907],[-51.343765,-0.537425],[-51.328217,-0.535372],[-51.30827,-0.514544],[-51.288322,-0.512197],[-51.274532,-0.520117],[-51.274242,-0.533905],[-51.270134,-0.520411],[-51.217331,-0.545346],[-51.206181,-0.565001],[-51.220852,-0.572041],[-51.218796,-0.589056],[-51.206768,-0.568814],[-51.204716,-0.594923],[-51.186527,-0.61047],[-51.158367,-0.616338],[-51.153084,-0.633352],[-51.15778,-0.667381],[-51.169514,-0.686743],[-51.200024,-0.711971],[-51.222023,-0.702584],[-51.214985,-0.711971],[-51.200901,-0.716371],[-51.178902,-0.699064],[-51.229652,-0.83166],[-51.238747,-0.840167],[-51.231411,-0.836647],[-51.248425,-0.993298],[-51.239037,-0.994471],[-51.23288,-0.985964],[-51.228771,-0.946655],[-51.205303,-0.907638],[-51.190929,-0.852195],[-51.182129,-0.908225],[-51.189461,-0.984497],[-51.176846,-0.995351],[-51.160713,-0.992418],[-51.123749,-0.957509],[-51.101749,-0.922013],[-51.08004,-0.916146],[-51.060093,-0.896198],[-51.002888,-0.868329],[-51.002888,-0.861582],[-51.012569,-0.863049],[-51.048359,-0.882997],[-51.064491,-0.88329],[-51.115536,-0.927587],[-51.130497,-0.955162],[-51.157192,-0.968363],[-51.161301,-0.934334],[-51.153084,-0.901771],[-51.115536,-0.842514],[-51.100868,-0.8387],[-51.090015,-0.824619],[-51.074173,-0.825499],[-51.039558,-0.798511],[-51.04425,-0.797924],[-51.073292,-0.818752],[-51.091774,-0.822859],[-51.103508,-0.836353],[-51.112896,-0.83342],[-51.121403,-0.809071],[-51.118763,-0.763308],[-51.092949,-0.704931],[-51.062439,-0.667088],[-51.048653,-0.670021],[-51.058037,-0.680876],[-51.043369,-0.678822],[-51.013451,-0.655354],[-50.954189,-0.582015],[-50.915176,-0.567054],[-50.885838,-0.565587],[-50.871758,-0.551213],[-50.834209,-0.548866],[-50.837143,-0.641566],[-50.831276,-0.674128],[-50.838902,-0.694957],[-50.873226,-0.717251],[-50.935123,-0.717838],[-50.947445,-0.724585],[-50.983822,-0.761841],[-50.987926,-0.806725],[-50.972965,-0.797631],[-50.963871,-0.755094],[-50.948322,-0.738666],[-50.914295,-0.728692],[-50.855919,-0.737786],[-50.85709,-0.749227],[-50.878799,-0.767415],[-50.882027,-0.784136],[-50.877625,-0.78883],[-50.85709,-0.765948],[-50.852985,-0.824326],[-50.860024,-0.829606],[-50.88496,-0.823739],[-50.916641,-0.842807],[-50.919575,-0.853368],[-50.909309,-0.857182],[-50.850052,-0.83958],[-50.839195,-0.821392],[-50.834503,-0.824326],[-50.823647,-0.878303],[-50.848289,-0.902945],[-50.879681,-0.917613],[-50.835968,-0.926413],[-50.818073,-0.921719],[-50.823063,-1.000045],[-50.813381,-1.019993],[-50.800179,-1.01706],[-50.800472,-0.905878],[-50.787567,-0.801151],[-50.731243,-0.857475],[-50.752949,-0.792644],[-50.764095,-0.782083],[-50.785805,-0.785603],[-50.789619,-0.779149],[-50.797245,-0.745707],[-50.789619,-0.717545],[-50.720974,-0.711971],[-50.717453,-0.727226],[-50.699852,-0.706984],[-50.661716,-0.753041],[-50.662891,-0.732506],[-50.687824,-0.689089],[-50.683426,-0.64802],[-50.661716,-0.64626],[-50.615074,-0.672075],[-50.592484,-0.676182],[-50.591606,-0.718718],[-50.578697,-0.702584],[-50.577816,-0.678235],[-50.549656,-0.672368],[-50.54995,-0.665328],[-50.585152,-0.659461],[-50.586327,-0.651833],[-50.584564,-0.628365],[-50.555523,-0.619271],[-50.556988,-0.596683],[-50.547016,-0.580842],[-50.554054,-0.575561],[-50.560802,-0.584655],[-50.587498,-0.582895],[-50.598644,-0.544172],[-50.652035,-0.539185],[-50.631794,-0.518064],[-50.610966,-0.509557],[-50.587498,-0.511317],[-50.590137,-0.503689],[-50.625927,-0.497822],[-50.638248,-0.507796],[-50.647636,-0.50545],[-50.65057,-0.520117],[-50.675797,-0.538892],[-50.711586,-0.549453],[-50.721268,-0.544172],[-50.730949,-0.518064],[-50.681664,-0.510437],[-50.653797,-0.496649],[-50.659077,-0.486382],[-50.64558,-0.484328],[-50.664063,-0.476408],[-50.665531,-0.488435],[-50.672569,-0.489608],[-50.692814,-0.466727],[-50.694572,-0.456753],[-50.67873,-0.445899],[-50.699558,-0.443258],[-50.691345,-0.407469],[-50.710415,-0.387521],[-50.708069,-0.362586],[-50.665531,-0.292474],[-50.610966,-0.260499],[-50.552589,-0.201241],[-50.507412,-0.220309],[-50.525307,-0.199188],[-50.510052,-0.198014],[-50.502132,-0.172492],[-50.484238,-0.163692],[-50.445808,-0.156358],[-50.412365,-0.163692],[-50.411194,-0.212389],[-50.390366,-0.218256],[-50.377163,-0.258445],[-50.366604,-0.264606],[-50.378632,-0.215029],[-50.398872,-0.181586],[-50.374523,-0.145797],[-50.370415,-0.127609],[-50.376282,-0.114115],[-50.339321,-0.09622],[-50.317905,-0.105901],[-50.318493,-0.123796],[-50.294144,-0.113822],[-50.221684,-0.13641],[-50.103462,-0.144624],[-50.043327,-0.170439],[-50.003429,-0.163692],[-49.845016,-0.203881],[-49.78928,-0.200361],[-49.755836,-0.218842],[-49.631748,-0.245538],[-49.584225,-0.235564],[-49.5191,-0.23703],[-49.435204,-0.216202],[-49.417603,-0.23791],[-49.392372,-0.247884],[-49.415546,-0.222656],[-49.407627,-0.203881],[-49.310822,-0.161345],[-49.243347,-0.165452],[-49.22076,-0.150491],[-49.200813,-0.148731],[-49.189079,-0.13289],[-49.155342,-0.151664],[-49.161797,-0.160465],[-49.12014,-0.174546],[-48.999863,-0.170439],[-48.978451,-0.198014],[-48.908337,-0.241431],[-48.882523,-0.226176],[-48.822384,-0.217082],[-48.787476,-0.218842],[-48.743473,-0.247004],[-48.705921,-0.251991],[-48.678349,-0.23879],[-48.621731,-0.227936],[-48.505856,-0.23879],[-48.46508,-0.230577],[-48.396141,-0.264899],[-48.385288,-0.308315],[-48.390568,-0.356719],[-48.43721,-0.411576],[-48.476227,-0.499289],[-48.477985,-0.530091],[-48.485321,-0.539185],[-48.479454,-0.547693],[-48.480331,-0.589936],[-48.493828,-0.620738],[-48.483852,-0.624258],[-48.481213,-0.642446],[-48.496174,-0.649193],[-48.483852,-0.661808],[-48.488842,-0.735733],[-48.499107,-0.730452],[-48.510841,-0.740426],[-48.542233,-0.719305],[-48.512897,-0.754214],[-48.514656,-0.772402],[-48.533726,-0.801738],[-48.517883,-0.824913],[-48.508789,-0.880063],[-48.524632,-0.890037],[-48.52639,-0.906758],[-48.550152,-0.926413],[-48.596794,-0.947828],[-48.622906,-0.946655],[-48.624077,-0.952228],[-48.61293,-0.953402],[-48.631413,-1.000045],[-48.617916,-1.02322],[-48.642853,-1.034954],[-48.638451,-1.041995],[-48.616158,-1.036714],[-48.624664,-1.06517],[-48.687443,-1.1212],[-48.739658,-1.154056],[-48.759312,-1.182805],[-48.814171,-1.21214],[-48.825024,-1.21126],[-48.867561,-1.195419],[-48.920364,-1.134108],[-48.917137,-1.149949],[-48.882229,-1.200993],[-48.857586,-1.217127],[-48.829132,-1.220354],[-48.834118,-1.263771],[-48.876656,-1.245289],[-48.897484,-1.250276],[-48.915085,-1.281372],[-48.94178,-1.3022],[-48.951756,-1.292813],[-48.978741,-1.288412],[-48.987251,-1.253503],[-48.985489,-1.300147],[-48.927406,-1.313641],[-48.921246,-1.327429],[-48.923298,-1.335349],[-48.98373,-1.350897],[-48.96114,-1.364098],[-48.977276,-1.380819],[-48.968769,-1.405754],[-48.961433,-1.410155],[-48.967007,-1.386686],[-48.949699,-1.358231],[-48.930046,-1.346203],[-48.901588,-1.398714],[-48.886627,-1.397247],[-48.834705,-1.440957],[-48.885162,-1.478799],[-48.898361,-1.503735],[-48.934155,-1.503735],[-48.965836,-1.522216],[-49.004265,-1.522216],[-49.033306,-1.544511],[-49.058243,-1.549498],[-49.072617,-1.53043],[-49.099606,-1.520162],[-49.113686,-1.475866],[-49.130405,-1.460025],[-49.154167,-1.412208],[-49.16473,-1.425996],[-49.137154,-1.458265],[-49.156223,-1.461785],[-49.124538,-1.479093],[-49.097843,-1.530723],[-49.121311,-1.527496],[-49.09227,-1.542457],[-49.085522,-1.571793],[-49.110752,-1.562112],[-49.163261,-1.577953],[-49.183796,-1.565926],[-49.188198,-1.551258],[-49.190544,-1.57238],[-49.172356,-1.5803],[-49.174702,-1.584994],[-49.189957,-1.596141],[-49.199051,-1.5847],[-49.225159,-1.591448],[-49.250389,-1.53659],[-49.249508,-1.497574],[-49.265057,-1.490534],[-49.263004,-1.540111],[-49.249508,-1.560939],[-49.242176,-1.593501],[-49.258015,-1.603475],[-49.270042,-1.62225],[-49.300846,-1.5847],[-49.350422,-1.545098],[-49.350422,-1.516642],[-49.358341,-1.507255],[-49.356289,-1.561525],[-49.36245,-1.559472],[-49.363918,-1.567393],[-49.356583,-1.591154],[-49.380344,-1.580887],[-49.38533,-1.565046],[-49.40704,-1.545098],[-49.406746,-1.52867],[-49.43491,-1.559472],[-49.452511,-1.552138],[-49.462482,-1.577073],[-49.489178,-1.58382],[-49.502968,-1.53835],[-49.499447,-1.511655],[-49.510887,-1.521336],[-49.524967,-1.509602],[-49.530834,-1.514589],[-49.508835,-1.529256],[-49.501205,-1.594088],[-49.512646,-1.596141],[-49.530834,-1.579713],[-49.54961,-1.57678],[-49.525848,-1.587047],[-49.507072,-1.610809],[-49.520863,-1.627824],[-49.550491,-1.617263],[-49.539928,-1.627237],[-49.525555,-1.630757],[-49.527611,-1.638091],[-49.543449,-1.638678],[-49.549904,-1.653052],[-49.556652,-1.653639],[-49.564571,-1.660092],[-49.555771,-1.668893],[-49.545502,-1.671533],[-49.549316,-1.683854],[-49.563396,-1.682094],[-49.567799,-1.690895],[-49.551369,-1.688255],[-49.551369,-1.707616],[-49.546383,-1.721697],[-49.557529,-1.729617],[-49.600067,-1.726391],[-49.61591,-1.729617],[-49.68338,-1.789755],[-49.695408,-1.789168],[-49.701275,-1.76658],[-49.723862,-1.765113],[-49.724449,-1.729031],[-49.739704,-1.701749],[-49.737946,-1.685908],[-49.757011,-1.660092],[-49.747623,-1.616969],[-49.761997,-1.669186],[-49.757011,-1.695882],[-49.735596,-1.723457],[-49.739704,-1.775967],[-49.745865,-1.790342],[-49.798374,-1.821437],[-49.815098,-1.823784],[-49.850883,-1.81205],[-49.874939,-1.790342],[-49.895767,-1.786235],[-49.925983,-1.764527],[-49.949158,-1.764527],[-49.968227,-1.750446],[-50.025139,-1.76306],[-50.042152,-1.735778],[-50.065914,-1.717003],[-50.088207,-1.742232],[-50.103168,-1.738418],[-50.097595,-1.750446],[-50.12429,-1.75954],[-50.152454,-1.781248],[-50.170937,-1.780368],[-50.186775,-1.795329],[-50.207603,-1.757193],[-50.230778,-1.76042],[-50.240753,-1.749566],[-50.257473,-1.743699],[-50.271557,-1.748392],[-50.286514,-1.764527],[-50.287689,-1.778021],[-50.308811,-1.783301],[-50.314091,-1.821144],[-50.359268,-1.836985],[-50.424099,-1.840505],[-50.412659,-1.86104],[-50.443752,-1.881575],[-50.446396,-1.893309],[-50.474262,-1.920298],[-50.456661,-1.932912],[-50.449917,-1.932032],[-50.442581,-1.956967],[-50.407673,-1.95462],[-50.381271,-1.961661],[-50.328465,-1.908857],[-50.265102,-1.888909],[-50.261288,-1.898003],[-50.219044,-1.89947],[-50.175041,-1.937019],[-50.165653,-1.940246],[-50.176216,-1.916778],[-50.16507,-1.874535],[-50.11549,-1.85488],[-50.114319,-1.844612],[-50.072662,-1.840505],[-50.065033,-1.846373],[-50.015751,-1.822024],[-49.994923,-1.821144],[-49.980843,-1.836398],[-49.949158,-1.837865],[-49.930969,-1.859573],[-49.910728,-1.864561],[-49.90134,-1.883335],[-49.913368,-1.896243],[-49.891663,-1.879522],[-49.876995,-1.891549],[-49.872887,-1.924992],[-49.856167,-1.964301],[-49.864674,-2.002437],[-49.859688,-2.011824],[-49.847073,-1.976622],[-49.857632,-1.915311],[-49.817444,-1.90211],[-49.797497,-1.90475],[-49.781654,-1.89947],[-49.773441,-1.90387],[-49.752609,-1.90211],[-49.735889,-1.941419],[-49.729729,-1.939953],[-49.737946,-1.935846],[-49.737652,-1.912084],[-49.711834,-1.914724],[-49.69746,-1.909737],[-49.681034,-1.921178],[-49.669884,-1.915311],[-49.654633,-1.925578],[-49.651993,-1.911497],[-49.659618,-1.889202],[-49.627644,-1.855467],[-49.554302,-1.849599],[-49.54697,-1.85576],[-49.559292,-1.877175],[-49.548435,-1.859573],[-49.537876,-1.865734],[-49.546089,-1.843439],[-49.532009,-1.819971],[-49.528782,-1.793275],[-49.512646,-1.780368],[-49.503845,-1.780955],[-49.509129,-1.81557],[-49.504139,-1.806183],[-49.484192,-1.803836],[-49.493874,-1.790048],[-49.475979,-1.780368],[-49.454857,-1.804716],[-49.433441,-1.798849],[-49.428455,-1.807943],[-49.427868,-1.791809],[-49.414959,-1.787115],[-49.408508,-1.800316],[-49.370956,-1.81557],[-49.403812,-1.785942],[-49.375359,-1.749272],[-49.343384,-1.733724],[-49.282364,-1.726977],[-49.270336,-1.748392],[-49.274445,-1.778314],[-49.280899,-1.781248],[-49.301727,-1.766287],[-49.309647,-1.7701],[-49.307594,-1.778021],[-49.278843,-1.790929],[-49.292927,-1.800023],[-49.282951,-1.808236],[-49.292927,-1.822611],[-49.382397,-1.887149],[-49.412907,-1.888322],[-49.388851,-1.905923],[-49.388851,-1.936726],[-49.412907,-1.980729],[-49.431389,-1.99657],[-49.406746,-1.99129],[-49.39032,-2.002437],[-49.42992,-2.04116],[-49.440483,-2.031773],[-49.431976,-2.048494],[-49.442242,-2.064335],[-49.435493,-2.091617],[-49.44371,-2.100711],[-49.437843,-2.099244],[-49.432854,-2.119192],[-49.439602,-2.126526],[-49.447815,-2.156741],[-49.454563,-2.164075],[-49.455444,-2.182557],[-49.519688,-2.269976],[-49.518223,-2.27555],[-49.509129,-2.262936],[-49.507072,-2.28171],[-49.53289,-2.36913],[-49.522915,-2.37089],[-49.506195,-2.338328],[-49.500328,-2.350942],[-49.513821,-2.361796],[-49.518517,-2.374704],[-49.502087,-2.365023],[-49.512062,-2.37177],[-49.512939,-2.382331],[-49.500328,-2.377637],[-49.49094,-2.361209],[-49.492992,-2.374117],[-49.485367,-2.382624],[-49.483021,-2.373237],[-49.475391,-2.373237],[-49.474216,-2.354462],[-49.461899,-2.350355],[-49.464539,-2.332461],[-49.458084,-2.327474],[-49.46806,-2.330114],[-49.469524,-2.31574],[-49.450455,-2.250028],[-49.436668,-2.233014],[-49.431976,-2.246801],[-49.42992,-2.227147],[-49.423759,-2.241521],[-49.418774,-2.239174],[-49.418774,-2.22744],[-49.39032,-2.189304],[-49.377998,-2.135033],[-49.369198,-2.129753],[-49.363918,-2.14178],[-49.353355,-2.116259],[-49.354237,-2.142074],[-49.351303,-2.134153],[-49.351303,-2.112445],[-49.343384,-2.108045],[-49.344555,-2.145007],[-49.363918,-2.170822],[-49.349834,-2.171703],[-49.344261,-2.163782],[-49.331352,-2.164369],[-49.316978,-2.101591],[-49.2897,-2.044973],[-49.267696,-2.031186],[-49.271805,-2.057881],[-49.264469,-2.047614],[-49.262123,-2.034119],[-49.265938,-2.027079],[-49.247162,-2.030892],[-49.255962,-2.021212],[-49.279137,-2.030306],[-49.276203,-2.010944],[-49.241589,-1.972808],[-49.217827,-1.959901],[-49.213425,-1.929685],[-49.192013,-1.965768],[-49.202866,-1.932619],[-49.19553,-1.900936],[-49.17001,-1.888029],[-49.143608,-1.920885],[-49.141556,-1.946993],[-49.127178,-1.932619],[-49.126301,-1.914137],[-49.143902,-1.900936],[-49.151527,-1.873068],[-49.123367,-1.872774],[-49.11515,-1.888029],[-49.105766,-1.878642],[-49.092857,-1.880988],[-49.096378,-1.867494],[-49.084057,-1.852826],[-49.029198,-1.854586],[-49.00544,-1.882455],[-49.006611,-1.892136],[-49.01952,-1.900056],[-48.992825,-1.894189],[-49.008663,-1.849306],[-48.995758,-1.850479],[-48.978451,-1.865441],[-48.974636,-1.861627],[-48.98637,-1.850773],[-48.979916,-1.843732],[-48.959969,-1.836398],[-48.95322,-1.847253],[-48.947941,-1.844026],[-48.944714,-1.788288],[-48.91626,-1.756606],[-48.914204,-1.737831],[-48.900124,-1.752206],[-48.896309,-1.748392],[-48.893082,-1.724044],[-48.878708,-1.704096],[-48.879589,-1.679161],[-48.851131,-1.655105],[-48.84996,-1.642198],[-48.822384,-1.627824],[-48.796276,-1.588221],[-48.742004,-1.53659],[-48.729977,-1.501388],[-48.720005,-1.502855],[-48.691841,-1.483787],[-48.678349,-1.491414],[-48.670425,-1.4876],[-48.673363,-1.478799],[-48.705044,-1.473812],[-48.70475,-1.460905],[-48.686562,-1.44213],[-48.672188,-1.439197],[-48.652531,-1.394607],[-48.636986,-1.400767],[-48.61293,-1.447411],[-48.61293,-1.460905],[-48.63464,-1.4876],[-48.636986,-1.508428],[-48.626129,-1.507548],[-48.616158,-1.480853],[-48.603249,-1.473812],[-48.588875,-1.524856],[-48.580074,-1.533657],[-48.587112,-1.499921],[-48.57626,-1.501681],[-48.542233,-1.570913],[-48.505562,-1.620196],[-48.463318,-1.634571],[-48.446598,-1.655399],[-48.446598,-1.707029],[-48.436329,-1.695882],[-48.434277,-1.67388],[-48.409927,-1.689721],[-48.393501,-1.687961],[-48.390568,-1.680921],[-48.412567,-1.677987],[-48.467133,-1.604355],[-48.480331,-1.550965],[-48.498814,-1.53571],[-48.492359,-1.517816],[-48.457451,-1.538057],[-48.360939,-1.482026],[-48.278507,-1.477039],[-48.229221,-1.488774],[-48.156761,-1.550378],[-48.12244,-1.559765],[-48.080784,-1.558005],[-48.066998,-1.550085],[-48.057022,-1.533363],[-48.056728,-1.507255],[-48.065529,-1.510775],[-48.074039,-1.537177],[-48.145908,-1.535417],[-48.175831,-1.515469],[-48.188446,-1.487893],[-48.246822,-1.457091],[-48.326614,-1.457971],[-48.324856,-1.449757],[-48.33659,-1.450344],[-48.477402,-1.48056],[-48.487667,-1.478799],[-48.494709,-1.462665],[-48.472118,-1.34415],[-48.475346,-1.284892],[-48.452465,-1.276972],[-48.415794,-1.282252],[-48.395554,-1.25761],[-48.388222,-1.233849],[-48.358006,-1.284892],[-48.354485,-1.311587],[-48.341576,-1.310414],[-48.320454,-1.282545],[-48.334538,-1.252623],[-48.320454,-1.190725],[-48.296986,-1.149949],[-48.296398,-1.109173],[-48.238609,-1.083358],[-48.265011,-1.090398],[-48.267063,-1.06429],[-48.283787,-1.050795],[-48.283787,-1.039061],[-48.294933,-1.031141],[-48.311359,-1.032607],[-48.31488,-1.0153],[-48.283787,-1.014126],[-48.320454,-1.005032],[-48.316349,-0.965136],[-48.305492,-0.944894],[-48.253864,-0.88593],[-48.253864,-0.872436],[-48.235088,-0.83958],[-48.21162,-0.827846],[-48.187565,-0.824619],[-48.154121,-0.84134],[-48.168793,-0.861582],[-48.150894,-0.853661],[-48.161163,-0.880943],[-48.150017,-0.901185],[-48.13623,-0.899131],[-48.149723,-0.880943],[-48.128895,-0.840754],[-48.146202,-0.834887],[-48.168793,-0.800857],[-48.16703,-0.790003],[-48.122147,-0.732506],[-48.06377,-0.681756],[-48.053501,-0.659754],[-48.026222,-0.669141],[-48.024754,-0.719305],[-48.015366,-0.732506],[-48.020061,-0.753627],[-48.006271,-0.727519],[-47.99131,-0.717545],[-47.990139,-0.705517],[-47.984566,-0.725172],[-47.992191,-0.733386],[-47.976353,-0.754214],[-47.984566,-0.732506],[-47.982803,-0.719892],[-47.984566,-0.709918],[-47.976353,-0.709918],[-47.983685,-0.704051],[-47.980751,-0.696423],[-47.96051,-0.707571],[-47.956989,-0.755974],[-47.943199,-0.752161],[-47.951416,-0.746587],[-47.956402,-0.704051],[-47.972832,-0.684102],[-47.961975,-0.672662],[-47.961681,-0.658874],[-47.943787,-0.674128],[-47.944668,-0.670021],[-47.956989,-0.658287],[-47.95787,-0.638339],[-47.938507,-0.640393],[-47.942028,-0.649193],[-47.935867,-0.654474],[-47.934692,-0.651833],[-47.939682,-0.648313],[-47.935574,-0.645966],[-47.929119,-0.629539],[-47.909466,-0.643326],[-47.910347,-0.657407],[-47.918854,-0.660927],[-47.908585,-0.657407],[-47.902424,-0.638046],[-47.896263,-0.642446],[-47.899197,-0.659461],[-47.89333,-0.64626],[-47.881596,-0.659461],[-47.862823,-0.664154],[-47.869274,-0.676182],[-47.882771,-0.673248],[-47.87133,-0.679115],[-47.871624,-0.69877],[-47.84845,-0.670315],[-47.815887,-0.741307],[-47.83466,-0.69085],[-47.830551,-0.670021],[-47.823807,-0.681756],[-47.807377,-0.677062],[-47.800045,-0.691436],[-47.777164,-0.698477],[-47.802097,-0.684983],[-47.797405,-0.677942],[-47.822044,-0.674128],[-47.82674,-0.631299],[-47.821167,-0.632472],[-47.822044,-0.65594],[-47.809139,-0.667088],[-47.821167,-0.649193],[-47.81295,-0.640979],[-47.826153,-0.621618],[-47.825272,-0.606657],[-47.815887,-0.601377],[-47.807083,-0.607537],[-47.814713,-0.609884],[-47.811779,-0.623085],[-47.81031,-0.619271],[-47.81295,-0.610764],[-47.804443,-0.609297],[-47.811192,-0.599323],[-47.80151,-0.592869],[-47.79623,-0.60079],[-47.80386,-0.618391],[-47.782444,-0.590522],[-47.776577,-0.600496],[-47.771297,-0.59991],[-47.767776,-0.615751],[-47.784496,-0.625725],[-47.764549,-0.620738],[-47.771297,-0.645086],[-47.760735,-0.637166],[-47.758682,-0.645086],[-47.769535,-0.663274],[-47.76572,-0.670315],[-47.755455,-0.644206],[-47.743427,-0.638046],[-47.709106,-0.653007],[-47.717903,-0.648313],[-47.694729,-0.631005],[-47.691212,-0.617511],[-47.694729,-0.606657],[-47.685051,-0.592869],[-47.661579,-0.581135],[-47.63694,-0.606657],[-47.637821,-0.618391],[-47.646328,-0.617511],[-47.639286,-0.622791],[-47.6343,-0.617804],[-47.627846,-0.627485],[-47.635471,-0.65242],[-47.652195,-0.658287],[-47.6343,-0.657994],[-47.63195,-0.667675],[-47.642807,-0.694076],[-47.652782,-0.697597],[-47.640755,-0.696423],[-47.636646,-0.687036],[-47.629604,-0.696717],[-47.639286,-0.711384],[-47.663342,-0.706984],[-47.690037,-0.714611],[-47.72612,-0.74424],[-47.723186,-0.810538],[-47.717026,-0.804964],[-47.722599,-0.74952],[-47.715851,-0.746294],[-47.704998,-0.762135],[-47.690918,-0.741307],[-47.690918,-0.763015],[-47.68681,-0.741307],[-47.668327,-0.739546],[-47.655128,-0.730452],[-47.646622,-0.732213],[-47.650433,-0.727519],[-47.613472,-0.69877],[-47.586189,-0.712558],[-47.594696,-0.729866],[-47.577095,-0.749227],[-47.582081,-0.736613],[-47.590591,-0.729866],[-47.581203,-0.717545],[-47.580322,-0.694957],[-47.585014,-0.701997],[-47.607018,-0.689089],[-47.582962,-0.638339],[-47.553333,-0.635406],[-47.536613,-0.639513],[-47.523705,-0.6533],[-47.53133,-0.673248],[-47.513729,-0.675008],[-47.479702,-0.735146],[-47.486156,-0.762428],[-47.497009,-0.773282],[-47.492023,-0.799097],[-47.499649,-0.806725],[-47.488796,-0.799097],[-47.492023,-0.775042],[-47.478233,-0.758614],[-47.407536,-0.761255],[-47.401375,-0.768295],[-47.40871,-0.79499],[-47.406364,-0.808485],[-47.379082,-0.816112],[-47.367054,-0.829313],[-47.371746,-0.815525],[-47.393749,-0.804964],[-47.389641,-0.763308],[-47.395508,-0.752454],[-47.421616,-0.742187],[-47.42807,-0.724292],[-47.443619,-0.713438],[-47.4445,-0.701704],[-47.469433,-0.69173],[-47.476181,-0.65682],[-47.471195,-0.635992],[-47.465328,-0.637459],[-47.480289,-0.616631],[-47.47266,-0.603723],[-47.465034,-0.61047],[-47.462101,-0.60343],[-47.473835,-0.592576],[-47.433353,-0.584655],[-47.421032,-0.587002],[-47.410469,-0.60079],[-47.417217,-0.60255],[-47.41663,-0.621325],[-47.42543,-0.609297],[-47.415459,-0.631592],[-47.42543,-0.641566],[-47.423672,-0.649193],[-47.431297,-0.650073],[-47.417805,-0.664154],[-47.414284,-0.688796],[-47.418388,-0.648607],[-47.409298,-0.64538],[-47.390522,-0.671782],[-47.371746,-0.674715],[-47.370575,-0.682636],[-47.367935,-0.675008],[-47.379959,-0.664741],[-47.38847,-0.668848],[-47.395508,-0.65418],[-47.391693,-0.649487],[-47.384655,-0.65594],[-47.384949,-0.627778],[-47.357372,-0.633059],[-47.351212,-0.651833],[-47.342999,-0.65594],[-47.35033,-0.634232],[-47.380547,-0.610764],[-47.372627,-0.605483],[-47.318356,-0.619564],[-47.316597,-0.615458],[-47.339478,-0.610764],[-47.33009,-0.607244],[-47.346226,-0.606657],[-47.318356,-0.591402],[-47.290779,-0.596389],[-47.28286,-0.608417],[-47.2855,-0.633352],[-47.296646,-0.631299],[-47.304569,-0.637459],[-47.301636,-0.638633],[-47.295769,-0.633645],[-47.288727,-0.640099],[-47.295769,-0.653887],[-47.282566,-0.638046],[-47.257927,-0.643326],[-47.256165,-0.667381],[-47.269073,-0.674715],[-47.259098,-0.673835],[-47.250298,-0.665034],[-47.252644,-0.643913],[-47.240322,-0.649193],[-47.251766,-0.625432],[-47.231815,-0.640393],[-47.209229,-0.637166],[-47.19632,-0.676769],[-47.209229,-0.690556],[-47.235924,-0.676182],[-47.234165,-0.683809],[-47.226242,-0.683222],[-47.236218,-0.68997],[-47.232109,-0.696717],[-47.242085,-0.707571],[-47.239738,-0.720772],[-47.222431,-0.706984],[-47.219204,-0.715491],[-47.199841,-0.718718],[-47.192509,-0.710504],[-47.190746,-0.719598],[-47.191628,-0.701117],[-47.182827,-0.704931],[-47.182533,-0.716371],[-47.175491,-0.706691],[-47.185467,-0.696717],[-47.182827,-0.681756],[-47.164051,-0.677942],[-47.171387,-0.681756],[-47.161999,-0.684983],[-47.15789,-0.715785],[-47.159653,-0.730746],[-47.171974,-0.738373],[-47.166985,-0.755974],[-47.194267,-0.760375],[-47.198376,-0.767122],[-47.203362,-0.764482],[-47.199257,-0.769469],[-47.1884,-0.766242],[-47.187523,-0.772989],[-47.185173,-0.763895],[-47.165813,-0.763895],[-47.1488,-0.781789],[-47.142933,-0.802618],[-47.137066,-0.785896],[-47.142052,-0.771522],[-47.152905,-0.764188],[-47.152023,-0.753334],[-47.140877,-0.740426],[-47.139118,-0.751281],[-47.135891,-0.745414],[-47.123863,-0.755974],[-47.131199,-0.7416],[-47.122982,-0.739253],[-47.132957,-0.735733],[-47.122395,-0.716371],[-47.117996,-0.724292],[-47.117996,-0.716665],[-47.122982,-0.708451],[-47.109489,-0.698477],[-47.116234,-0.684983],[-47.093353,-0.674715],[-47.083382,-0.677942],[-47.0737,-0.695837],[-47.084259,-0.691143],[-47.080444,-0.704051],[-47.091301,-0.705811],[-47.081326,-0.712558],[-47.10714,-0.732506],[-47.096581,-0.738666],[-47.078686,-0.738373],[-47.08514,-0.74952],[-47.100101,-0.750401],[-47.091301,-0.751867],[-47.101273,-0.758321],[-47.083382,-0.756268],[-47.087193,-0.760961],[-47.0825,-0.767122],[-47.077217,-0.767415],[-47.079861,-0.774749],[-47.072819,-0.767415],[-47.072819,-0.804084],[-47.06842,-0.806138],[-47.05991,-0.795284],[-47.056393,-0.807605],[-47.070766,-0.829606],[-47.085434,-0.826673],[-47.080444,-0.836647],[-47.091301,-0.847501],[-47.078392,-0.84046],[-47.07135,-0.852488],[-47.061672,-0.826966],[-47.051697,-0.823739],[-47.054337,-0.834593],[-47.044659,-0.813472],[-47.02911,-0.808778],[-47.028229,-0.822859],[-47.023243,-0.810538],[-47.001534,-0.818752],[-46.986572,-0.836353],[-46.988041,-0.830193],[-47.000069,-0.816992],[-47.018841,-0.809071],[-47.018841,-0.783256],[-47.001827,-0.768002],[-46.990387,-0.770055],[-46.994202,-0.777096],[-46.988625,-0.773282],[-46.988041,-0.769175],[-46.998306,-0.758321],[-46.977772,-0.733386],[-46.985397,-0.712558],[-46.970146,-0.706397],[-46.958412,-0.711384],[-46.946384,-0.739253],[-46.953423,-0.743653],[-46.953423,-0.732799],[-46.957531,-0.751281],[-46.964279,-0.744533],[-46.959583,-0.754214],[-46.970436,-0.755094],[-46.957825,-0.763308],[-46.977772,-0.779149],[-46.978653,-0.789123],[-46.976013,-0.796164],[-46.965744,-0.780616],[-46.960171,-0.797044],[-46.947849,-0.791764],[-46.954891,-0.820512],[-46.971317,-0.823446],[-46.952545,-0.826379],[-46.949318,-0.809658],[-46.942276,-0.834887],[-46.951664,-0.84222],[-46.962811,-0.836647],[-46.952545,-0.844567],[-46.938461,-0.836353],[-46.930542,-0.854248],[-46.95665,-0.861288],[-46.974545,-0.875076],[-46.978653,-0.892384],[-46.963692,-0.898251],[-46.976601,-0.902065],[-46.977478,-0.912039],[-46.960464,-0.902651],[-46.960464,-0.896784],[-46.973663,-0.88505],[-46.954891,-0.865395],[-46.937584,-0.871263],[-46.927608,-0.884463],[-46.924088,-0.87537],[-46.910301,-0.876543],[-46.912647,-0.872143],[-46.920277,-0.874196],[-46.911766,-0.859528],[-46.910301,-0.869209],[-46.901207,-0.878303],[-46.909714,-0.867449],[-46.903847,-0.859235],[-46.91206,-0.855715],[-46.912941,-0.823446],[-46.89006,-0.807898],[-46.882137,-0.810832],[-46.879498,-0.828433],[-46.878914,-0.811712],[-46.868057,-0.807605],[-46.869232,-0.805551],[-46.881844,-0.806138],[-46.887127,-0.79411],[-46.880379,-0.796751],[-46.885365,-0.788243],[-46.856323,-0.769175],[-46.85955,-0.755094],[-46.846348,-0.748347],[-46.86219,-0.746],[-46.855148,-0.735439],[-46.844589,-0.735733],[-46.827869,-0.752454],[-46.840481,-0.771522],[-46.827869,-0.768295],[-46.828747,-0.792644],[-46.854565,-0.792644],[-46.831974,-0.803204],[-46.834614,-0.815819],[-46.851337,-0.824032],[-46.849281,-0.826966],[-46.843708,-0.821686],[-46.85339,-0.835473],[-46.837547,-0.825499],[-46.832855,-0.83342],[-46.850456,-0.849261],[-46.853683,-0.860115],[-46.848404,-0.856301],[-46.849281,-0.866276],[-46.844883,-0.863635],[-46.847229,-0.851608],[-46.829922,-0.846327],[-46.820827,-0.828726],[-46.813786,-0.83166],[-46.8088,-0.868329],[-46.82552,-0.88593],[-46.811146,-0.914092],[-46.818188,-0.925533],[-46.810558,-0.924066],[-46.809681,-0.909105],[-46.819653,-0.888277],[-46.805279,-0.878303],[-46.802639,-0.863635],[-46.785332,-0.878303],[-46.793839,-0.888277],[-46.78709,-0.903238],[-46.79208,-0.890037],[-46.781223,-0.88329],[-46.793839,-0.846621],[-46.781811,-0.834593],[-46.77037,-0.840167],[-46.767437,-0.857182],[-46.763329,-0.853661],[-46.754234,-0.867156],[-46.737808,-0.873316],[-46.731941,-0.902651],[-46.745438,-0.919959],[-46.720795,-0.896198],[-46.715809,-0.912039],[-46.712872,-0.907638],[-46.718739,-0.895024],[-46.711994,-0.88681],[-46.720501,-0.891797],[-46.730473,-0.865689],[-46.724606,-0.839874],[-46.720795,-0.833713],[-46.707005,-0.835767],[-46.710819,-0.857182],[-46.704659,-0.834887],[-46.715511,-0.821686],[-46.703194,-0.821979],[-46.686764,-0.852195],[-46.675323,-0.856595],[-46.682953,-0.868329],[-46.674149,-0.87625],[-46.680309,-0.865982],[-46.665936,-0.863929],[-46.662125,-0.856008],[-46.668282,-0.846327],[-46.678844,-0.845154],[-46.687939,-0.819926],[-46.685886,-0.807898],[-46.676792,-0.806138],[-46.652443,-0.830486],[-46.647453,-0.829606],[-46.64423,-0.848674],[-46.623692,-0.855128],[-46.62516,-0.863049],[-46.635429,-0.863342],[-46.626335,-0.865689],[-46.629269,-0.87625],[-46.646282,-0.870969],[-46.632202,-0.890037],[-46.645107,-0.886224],[-46.645107,-0.892971],[-46.657135,-0.892384],[-46.648041,-0.906758],[-46.658016,-0.913506],[-46.650097,-0.912919],[-46.641586,-0.905585],[-46.641003,-0.917026],[-46.632202,-0.913212],[-46.634548,-0.929933],[-46.649216,-0.945481],[-46.664177,-0.939614],[-46.678257,-0.949588],[-46.685299,-0.941668],[-46.684124,-0.922893],[-46.692925,-0.938441],[-46.68911,-0.952228],[-46.717567,-0.957802],[-46.731647,-0.969536],[-46.730766,-0.989484],[-46.753357,-0.987138],[-46.757462,-0.993885],[-46.729889,-0.993005],[-46.725487,-0.987431],[-46.729595,-0.975697],[-46.700848,-0.960442],[-46.685886,-0.963669],[-46.67503,-0.976283],[-46.647453,-0.971296],[-46.646576,-0.98039],[-46.642468,-0.967189],[-46.606678,-0.952228],[-46.614597,-0.958389],[-46.609028,-0.969536],[-46.60873,-0.964256],[-46.612839,-0.959269],[-46.607559,-0.960442],[-46.599934,-0.951348],[-46.591129,-0.978337],[-46.603745,-0.982444],[-46.609612,-0.994178],[-46.610199,-1.004445],[-46.629269,-1.004445],[-46.631321,-1.011779],[-46.602573,-1.004445],[-46.596706,-1.01882],[-46.596996,-1.009139],[-46.605507,-1.001805],[-46.596706,-0.988604],[-46.592598,-1.007966],[-46.589077,-0.988604],[-46.570889,-0.985377],[-46.564728,-0.990071],[-46.567078,-1.017646],[-46.557102,-1.017646],[-46.557102,-1.030847],[-46.551235,-1.0241],[-46.552994,-1.019113],[-46.535099,-1.010313],[-46.526299,-1.016766],[-46.526005,-1.033781],[-46.524246,-1.013833],[-46.510754,-1.012073],[-46.492859,-1.004152],[-46.505764,-1.021167],[-46.484936,-0.997992],[-46.480537,-1.02498],[-46.472031,-1.035834],[-46.489925,-1.043755],[-46.494324,-1.056369],[-46.490513,-1.045808],[-46.476723,-1.043755],[-46.474964,-1.063703],[-46.469681,-1.055782],[-46.472908,-1.044342],[-46.466164,-1.034954],[-46.447388,-1.035541],[-46.459122,-1.060476],[-46.446213,-1.052556],[-46.441227,-1.038475],[-46.461174,-1.0241],[-46.43008,-1.021167],[-46.423332,-1.032021],[-46.424213,-1.02058],[-46.413651,-1.02674],[-46.409546,-1.054316],[-46.424507,-1.053436],[-46.409252,-1.064583],[-46.407784,-1.028207],[-46.423626,-1.010019],[-46.417465,-0.996232],[-46.395168,-0.991244],[-46.374928,-0.971296],[-46.388718,-0.990951],[-46.393116,-1.022633],[-46.377567,-1.051382],[-46.378742,-1.022633],[-46.372581,-1.035541],[-46.368767,-1.012366],[-46.350876,-0.994471],[-46.336205,-1.019113],[-46.332977,-1.046688],[-46.353806,-1.083358],[-46.343834,-1.100079],[-46.345593,-1.102426],[-46.347649,-1.113867],[-46.345593,-1.111813],[-46.345593,-1.105946],[-46.341194,-1.100959],[-46.345299,-1.084238],[-46.340019,-1.077197],[-46.319191,-1.074557],[-46.306576,-1.089518],[-46.292202,-1.085118],[-46.298363,-1.082184],[-46.306576,-1.085411],[-46.315086,-1.073677],[-46.337086,-1.069277],[-46.321243,-1.049035],[-46.317432,-1.0197],[-46.297192,-1.032607],[-46.299538,-1.058423],[-46.28751,-1.051969],[-46.267857,-1.066637],[-46.267563,-1.083651],[-46.261986,-1.077491],[-46.264629,-1.064876],[-46.274895,-1.053729],[-46.294552,-1.045808],[-46.292202,-1.033194],[-46.308926,-1.010019],[-46.293377,-0.995351],[-46.292789,-1.005032],[-46.279591,-1.017646],[-46.283401,-1.029674],[-46.279591,-1.02674],[-46.277241,-1.010019],[-46.288685,-1.006792],[-46.287216,-0.995058],[-46.280762,-0.998872],[-46.276653,-0.998872],[-46.270786,-0.991244],[-46.262867,-1.005912],[-46.269615,-0.988311],[-46.258762,-0.979217],[-46.260815,-0.978924],[-46.276653,-0.989484],[-46.286335,-0.980097],[-46.270786,-0.963669],[-46.260521,-0.966603],[-46.264336,-0.962202],[-46.274601,-0.960736],[-46.26844,-0.942841],[-46.260521,-0.946655],[-46.261696,-0.936974],[-46.254654,-0.949295],[-46.257881,-0.931694],[-46.238811,-0.931694],[-46.250839,-0.927],[-46.269321,-0.93052],[-46.266975,-0.919079],[-46.239986,-0.906172],[-46.224144,-0.907052],[-46.203316,-0.887104],[-46.196568,-0.888864],[-46.186302,-0.902651],[-46.187183,-0.932574],[-46.210064,-0.931987],[-46.220329,-0.952522],[-46.204197,-0.949588],[-46.201263,-0.966603],[-46.219158,-0.976283],[-46.231186,-0.968363],[-46.22121,-0.978337],[-46.226784,-0.991244],[-46.214756,-0.981564],[-46.214462,-1.004152],[-46.225319,-1.007379],[-46.213879,-1.017646],[-46.243507,-1.042875],[-46.252892,-1.040821],[-46.249962,-1.044635],[-46.242039,-1.045808],[-46.244095,-1.055489],[-46.231773,-1.032901],[-46.21241,-1.024687],[-46.20713,-1.037594],[-46.222973,-1.054316],[-46.209183,-1.041995],[-46.20713,-1.06165],[-46.230305,-1.076611],[-46.260521,-1.126774],[-46.25964,-1.143495],[-46.277241,-1.170777],[-46.285458,-1.209207],[-46.273724,-1.230915],[-46.279591,-1.189259],[-46.253773,-1.157576],[-46.239105,-1.12032],[-46.226196,-1.138215],[-46.232063,-1.120907],[-46.239693,-1.118267],[-46.236172,-1.107413],[-46.188648,-1.069277],[-46.178089,-0.995058],[-46.15638,-1.000925],[-46.157261,-1.02498],[-46.167233,-1.030847],[-46.159901,-1.031141],[-46.156673,-1.027914],[-46.15374,-1.029087],[-46.155499,-1.054022],[-46.183075,-1.104186],[-46.19833,-1.106239],[-46.196568,-1.10888],[-46.186596,-1.109466],[-46.180729,-1.105359],[-46.180435,-1.108293],[-46.204491,-1.137628],[-46.19833,-1.142909],[-46.200089,-1.136162],[-46.183369,-1.132935],[-46.169582,-1.157576],[-46.175739,-1.161977],[-46.167526,-1.161977],[-46.167233,-1.157576],[-46.182194,-1.124134],[-46.165474,-1.090105],[-46.157555,-1.087171],[-46.150513,-1.103306],[-46.147873,-1.133228],[-46.157848,-1.145842],[-46.154327,-1.152883],[-46.15638,-1.146722],[-46.146992,-1.137628],[-46.146404,-1.125014],[-46.140537,-1.125014],[-46.151394,-1.089225],[-46.148754,-1.071624],[-46.106804,-1.044635],[-46.100056,-1.062236],[-46.099468,-1.042582],[-46.089497,-1.039355],[-46.093895,-1.033488],[-46.08744,-1.024687],[-46.076588,-1.023807],[-46.071308,-1.040821],[-46.086857,-1.048742],[-46.116192,-1.089225],[-46.112671,-1.098906],[-46.098297,-1.076317],[-46.072186,-1.118267],[-46.091255,-1.153469],[-46.110325,-1.16491],[-46.095364,-1.161683],[-46.104752,-1.170777],[-46.095364,-1.172538],[-46.100349,-1.193366],[-46.127632,-1.201286],[-46.151394,-1.222408],[-46.15374,-1.238249],[-46.148754,-1.25761],[-46.157848,-1.268464],[-46.159607,-1.282545],[-46.147579,-1.304547],[-46.145527,-1.299267],[-46.15638,-1.274918],[-46.13702,-1.247636],[-46.142887,-1.222408],[-46.127632,-1.2095],[-46.102402,-1.205393],[-46.113258,-1.218007],[-46.094189,-1.201286],[-46.079521,-1.220061],[-46.078053,-1.211554],[-46.088909,-1.20158],[-46.080402,-1.192486],[-46.080402,-1.160803],[-46.073654,-1.155816],[-46.07336,-1.167257],[-46.073067,-1.152589],[-46.060745,-1.136162],[-46.04285,-1.173418],[-46.052826,-1.125014],[-46.03933,-1.109466],[-46.032879,-1.132641],[-46.0364,-1.110053],[-46.026424,-1.089225],[-46.020557,-1.090105],[-46.022903,-1.071624],[-46.007942,-1.088345],[-46.027306,-1.100666],[-46.009117,-1.093038],[-46.010876,-1.100372],[-45.999435,-1.080131],[-45.998848,-1.057543],[-45.991222,-1.057543],[-45.987408,-1.045515],[-45.966286,-1.048449],[-45.983006,-1.066637],[-45.974209,-1.062236],[-45.962177,-1.080718],[-45.970982,-1.094505],[-45.975967,-1.085411],[-45.990341,-1.088345],[-45.97538,-1.089225],[-45.974499,-1.105066],[-45.985355,-1.123254],[-45.98418,-1.123841],[-45.971565,-1.110346],[-45.965115,-1.107119],[-45.954552,-1.11504],[-45.960712,-1.132055],[-45.9921,-1.138215],[-45.987995,-1.148189],[-45.996208,-1.160803],[-45.983299,-1.15787],[-45.975086,-1.140269],[-45.945457,-1.139975],[-45.966286,-1.159337],[-45.948685,-1.159337],[-45.952793,-1.190139],[-45.970982,-1.182218],[-45.987408,-1.189552],[-45.974209,-1.188672],[-45.953671,-1.2051],[-45.95631,-1.230035],[-45.9701,-1.233849],[-45.950443,-1.235902],[-45.939297,-1.203046],[-45.926975,-1.220941],[-45.931965,-1.20598],[-45.942818,-1.192486],[-45.914658,-1.143495],[-45.907909,-1.146722],[-45.907909,-1.144082],[-45.912018,-1.139095],[-45.895882,-1.114453],[-45.892067,-1.125894],[-45.887962,-1.129121],[-45.892067,-1.134988],[-45.8862,-1.139975],[-45.910549,-1.16667],[-45.917885,-1.182512],[-45.909962,-1.177818],[-45.907909,-1.185738],[-45.920525,-1.200113],[-45.907028,-1.192486],[-45.898815,-1.16579],[-45.875935,-1.147016],[-45.866253,-1.151709],[-45.868011,-1.159923],[-45.877987,-1.16491],[-45.88092,-1.180458],[-45.892067,-1.181631],[-45.880039,-1.182218],[-45.865078,-1.167844],[-45.875347,-1.192486],[-45.865372,-1.190725],[-45.871532,-1.204513],[-45.898521,-1.219474],[-45.899109,-1.227981],[-45.907616,-1.225341],[-45.901749,-1.239716],[-45.915535,-1.237662],[-45.906151,-1.241769],[-45.909668,-1.251743],[-45.904976,-1.258784],[-45.907028,-1.246756],[-45.897934,-1.240009],[-45.890896,-1.224755],[-45.871532,-1.222994],[-45.852467,-1.208913],[-45.851292,-1.217421],[-45.875347,-1.246756],[-45.871239,-1.245876],[-45.851585,-1.222114],[-45.85041,-1.230915],[-45.88884,-1.266704],[-45.883854,-1.270811],[-45.860973,-1.261131],[-45.865078,-1.282839],[-45.842785,-1.230915],[-45.837505,-1.194539],[-45.816971,-1.221528],[-45.828411,-1.24793],[-45.814621,-1.225048],[-45.827824,-1.188379],[-45.819901,-1.167844],[-45.799072,-1.161977],[-45.79966,-1.170777],[-45.793793,-1.169311],[-45.808754,-1.200113],[-45.79966,-1.222408],[-45.842197,-1.279025],[-45.817554,-1.265531],[-45.80846,-1.250276],[-45.789982,-1.251156],[-45.790565,-1.272571],[-45.781765,-1.276972],[-45.790565,-1.244116],[-45.773846,-1.216834],[-45.772087,-1.193366],[-45.760059,-1.198059],[-45.746269,-1.169897],[-45.750378,-1.159923],[-45.734535,-1.149949],[-45.742165,-1.135868],[-45.696693,-1.129414],[-45.683784,-1.139095],[-45.684959,-1.150536],[-45.701973,-1.161683],[-45.729549,-1.20158],[-45.732189,-1.227395],[-45.750378,-1.238249],[-45.741577,-1.243823],[-45.72427,-1.232088],[-45.700508,-1.269931],[-45.704613,-1.310121],[-45.715763,-1.311294],[-45.726322,-1.319215],[-45.734535,-1.347377],[-45.727203,-1.350017],[-45.732189,-1.34239],[-45.71928,-1.315401],[-45.69376,-1.318335],[-45.696987,-1.335936],[-45.682026,-1.34415],[-45.70784,-1.355004],[-45.707253,-1.388446],[-45.729549,-1.413381],[-45.708427,-1.393727],[-45.694935,-1.396954],[-45.690533,-1.407514],[-45.696987,-1.413381],[-45.694935,-1.431276],[-45.689651,-1.413381],[-45.680557,-1.413381],[-45.688774,-1.39666],[-45.701386,-1.389913],[-45.700508,-1.373192],[-45.674984,-1.367031],[-45.680557,-1.376712],[-45.672638,-1.375539],[-45.667652,-1.369672],[-45.647411,-1.373779],[-45.629517,-1.361751],[-45.618076,-1.335936],[-45.625408,-1.29428],[-45.614262,-1.273745],[-45.595779,-1.266998],[-45.594315,-1.273745],[-45.5905,-1.260837],[-45.58287,-1.259957],[-45.581993,-1.279318],[-45.592552,-1.297213],[-45.603409,-1.295453],[-45.613674,-1.303374],[-45.606632,-1.305427],[-45.603409,-1.29868],[-45.593727,-1.300733],[-45.595779,-1.333002],[-45.591087,-1.331829],[-45.589619,-1.326842],[-45.588737,-1.300147],[-45.568497,-1.277852],[-45.556175,-1.276678],[-45.567909,-1.286652],[-45.559696,-1.297506],[-45.561165,-1.323322],[-45.578472,-1.340336],[-45.562042,-1.328309],[-45.552658,-1.310414],[-45.537991,-1.302493],[-45.53447,-1.320975],[-45.54327,-1.331242],[-45.565563,-1.335056],[-45.565563,-1.34415],[-45.557056,-1.351777],[-45.565857,-1.360284],[-45.555298,-1.353244],[-45.557938,-1.335936],[-45.536522,-1.335349],[-45.523029,-1.300733],[-45.506306,-1.294866],[-45.516281,-1.312468],[-45.513641,-1.331536],[-45.532124,-1.347377],[-45.519215,-1.340336],[-45.517162,-1.354124],[-45.528015,-1.360871],[-45.530067,-1.367912],[-45.549725,-1.372605],[-45.528309,-1.370552],[-45.520973,-1.362044],[-45.516281,-1.364978],[-45.513641,-1.379059],[-45.524494,-1.39842],[-45.531536,-1.401941],[-45.561752,-1.38874],[-45.58287,-1.404287],[-45.569965,-1.400474],[-45.560871,-1.391967],[-45.548256,-1.401354],[-45.528896,-1.405754],[-45.530067,-1.413088],[-45.559109,-1.411328],[-45.560871,-1.416315],[-45.547962,-1.413381],[-45.561752,-1.429516],[-45.552364,-1.420422],[-45.543858,-1.427462],[-45.54327,-1.413675],[-45.523319,-1.413675],[-45.489292,-1.360578],[-45.497505,-1.380526],[-45.488705,-1.374072],[-45.472862,-1.34767],[-45.475506,-1.322442],[-45.455849,-1.321268],[-45.43121,-1.304254],[-45.444996,-1.3022],[-45.452621,-1.308067],[-45.453209,-1.29868],[-45.415367,-1.291639],[-45.4095,-1.310121],[-45.418007,-1.34503],[-45.430035,-1.353831],[-45.440006,-1.337109],[-45.435314,-1.353244],[-45.440887,-1.359698],[-45.452621,-1.366151],[-45.452621,-1.354711],[-45.455849,-1.364685],[-45.474625,-1.373485],[-45.47961,-1.426582],[-45.484894,-1.436263],[-45.494572,-1.432449],[-45.478729,-1.447411],[-45.482838,-1.462665],[-45.491638,-1.471172],[-45.503372,-1.454451],[-45.509239,-1.453864],[-45.528896,-1.472639],[-45.505135,-1.457091],[-45.486359,-1.4876],[-45.512466,-1.496987],[-45.520096,-1.508722],[-45.525082,-1.504615],[-45.523319,-1.511362],[-45.487534,-1.493761],[-45.476677,-1.476159],[-45.471985,-1.489947],[-45.478439,-1.501388],[-45.47081,-1.49288],[-45.457024,-1.499921],[-45.455555,-1.509895],[-45.446754,-1.509602],[-45.466995,-1.4832],[-45.455555,-1.449171],[-45.422405,-1.415435],[-45.420353,-1.455038],[-45.410381,-1.422475],[-45.396004,-1.417195],[-45.385151,-1.396367],[-45.372829,-1.393433],[-45.381336,-1.389326],[-45.379578,-1.364978],[-45.354935,-1.343856],[-45.346134,-1.350897],[-45.360508,-1.356764],[-45.34584,-1.35295],[-45.336163,-1.366738],[-45.341148,-1.357644],[-45.335281,-1.354124],[-45.366962,-1.325082],[-45.363735,-1.316575],[-45.349361,-1.307774],[-45.326775,-1.317748],[-45.315334,-1.334176],[-45.317974,-1.34415],[-45.307117,-1.34503],[-45.313866,-1.359991],[-45.311226,-1.392553],[-45.307411,-1.397834],[-45.304184,-1.367912],[-45.298904,-1.423356],[-45.304184,-1.428049],[-45.30125,-1.415728],[-45.310932,-1.407808],[-45.321789,-1.413675],[-45.318268,-1.417782],[-45.310932,-1.410448],[-45.30624,-1.416608],[-45.319145,-1.44301],[-45.374886,-1.460318],[-45.394539,-1.4832],[-45.392193,-1.489067],[-45.369896,-1.470292],[-45.349655,-1.470879],[-45.352001,-1.48848],[-45.363735,-1.499334],[-45.377815,-1.543337],[-45.388378,-1.536297],[-45.39806,-1.541577],[-45.396297,-1.561819],[-45.403633,-1.57326],[-45.394539,-1.562699],[-45.391605,-1.538644],[-45.379284,-1.547151],[-45.370777,-1.538644],[-45.354935,-1.548031],[-45.344963,-1.548031],[-45.331173,-1.561819],[-45.343788,-1.584114],[-45.342907,-1.619903],[-45.357574,-1.611982],[-45.370483,-1.622543],[-45.36491,-1.625477],[-45.356697,-1.614623],[-45.35083,-1.621956],[-45.344669,-1.624303],[-45.357868,-1.66596],[-45.37635,-1.674174],[-45.368725,-1.674174],[-45.372536,-1.681214],[-45.358749,-1.67828],[-45.366379,-1.701749],[-45.363735,-1.723457],[-45.325306,-1.749272],[-45.340855,-1.755433],[-45.321789,-1.75778],[-45.321789,-1.748686],[-45.305065,-1.752206],[-45.314453,-1.745752],[-45.291573,-1.747219],[-45.305359,-1.741645],[-45.276318,-1.734898],[-45.244633,-1.794155],[-45.254608,-1.80501],[-45.257835,-1.827598],[-45.251381,-1.844319],[-45.239059,-1.85136],[-45.227032,-1.847546],[-45.244633,-1.824078],[-45.23378,-1.790929],[-45.248741,-1.754259],[-45.271332,-1.727564],[-45.275436,-1.699109],[-45.230846,-1.677107],[-45.210899,-1.681214],[-45.209141,-1.688841],[-45.205914,-1.680334],[-45.159561,-1.683267],[-45.190071,-1.673],[-45.227032,-1.674174],[-45.229671,-1.654225],[-45.241993,-1.646598],[-45.244633,-1.62841],[-45.257835,-1.611689],[-45.25285,-1.57414],[-45.237888,-1.546564],[-45.195938,-1.509602],[-45.180389,-1.531017],[-45.178631,-1.499041],[-45.165722,-1.489654],[-45.155163,-1.462078],[-45.14724,-1.465012],[-45.139614,-1.48408],[-45.1446,-1.491707],[-45.13052,-1.506668],[-45.148415,-1.522803],[-45.131695,-1.511362],[-45.126999,-1.515762],[-45.131401,-1.481733],[-45.117611,-1.473812],[-45.102943,-1.473226],[-45.112919,-1.496694],[-45.09737,-1.497868],[-45.099133,-1.511949],[-45.091209,-1.504028],[-45.105583,-1.48408],[-45.075371,-1.479093],[-45.097076,-1.4876],[-45.08329,-1.488774],[-45.07449,-1.482613],[-45.071262,-1.463252],[-45.082996,-1.438317],[-45.070969,-1.427169],[-45.065395,-1.443304],[-45.074196,-1.44037],[-45.067154,-1.446531],[-45.076248,-1.447411],[-45.067154,-1.463252],[-45.068916,-1.497574],[-45.066277,-1.494054],[-45.06422,-1.482026],[-45.042809,-1.490827],[-45.040752,-1.500508],[-45.039871,-1.492],[-45.019924,-1.492],[-45.004963,-1.482906],[-44.992935,-1.507548],[-45.004086,-1.522803],[-45.023445,-1.523683],[-45.002029,-1.529256],[-45.01963,-1.542457],[-45.002617,-1.541284],[-44.984135,-1.53043],[-44.96888,-1.544218],[-44.974163,-1.566219],[-45.012592,-1.579713],[-45.023445,-1.574726],[-45.012005,-1.582647],[-45.021976,-1.589981],[-45.012592,-1.590274],[-45.00819,-1.58118],[-44.987656,-1.5847],[-44.969173,-1.576193],[-44.958321,-1.58294],[-44.96624,-1.57326],[-44.94952,-1.565046],[-44.959785,-1.564166],[-44.953629,-1.550965],[-44.965363,-1.526616],[-44.958027,-1.524856],[-44.968002,-1.520749],[-44.958908,-1.513415],[-44.969761,-1.494934],[-44.941601,-1.515469],[-44.958321,-1.496987],[-44.923412,-1.495521],[-44.925758,-1.509602],[-44.918716,-1.501681],[-44.92165,-1.493761],[-44.937492,-1.495521],[-44.938667,-1.48496],[-44.894955,-1.449757],[-44.879993,-1.469705],[-44.88205,-1.463252],[-44.887917,-1.455038],[-44.88586,-1.444477],[-44.875301,-1.454158],[-44.882927,-1.437437],[-44.87178,-1.438023],[-44.864155,-1.433036],[-44.86034,-1.438317],[-44.86034,-1.43333],[-44.865326,-1.430103],[-44.859165,-1.424529],[-44.875889,-1.436263],[-44.890556,-1.419835],[-44.87178,-1.411328],[-44.838341,-1.408688],[-44.833057,-1.414262],[-44.817802,-1.43597],[-44.830124,-1.450344],[-44.834232,-1.431276],[-44.84127,-1.447411],[-44.84127,-1.499921],[-44.853886,-1.498454],[-44.855061,-1.48056],[-44.863274,-1.501388],[-44.901997,-1.489947],[-44.871193,-1.503441],[-44.901997,-1.507548],[-44.879993,-1.508722],[-44.887623,-1.522216],[-44.922825,-1.527496],[-44.893784,-1.530137],[-44.905518,-1.534243],[-44.897011,-1.536004],[-44.904636,-1.540111],[-44.902584,-1.548618],[-44.926346,-1.551551],[-44.922237,-1.570913],[-44.931332,-1.587634],[-44.921356,-1.593501],[-44.925465,-1.622543],[-44.944241,-1.62049],[-44.948345,-1.611396],[-44.959202,-1.607875],[-44.963013,-1.624303],[-44.960079,-1.611982],[-44.950108,-1.611982],[-44.936317,-1.642491],[-44.919891,-1.658039],[-44.934559,-1.642491],[-44.939545,-1.622543],[-44.927517,-1.630464],[-44.914318,-1.622836],[-44.911678,-1.632224],[-44.911972,-1.623423],[-44.91637,-1.606702],[-44.880875,-1.601422],[-44.872074,-1.619023],[-44.878822,-1.630757],[-44.870022,-1.626357],[-44.849487,-1.639264],[-44.853004,-1.655986],[-44.866795,-1.661266],[-44.852127,-1.656572],[-44.847431,-1.641318],[-44.833057,-1.645131],[-44.844498,-1.660092],[-44.84626,-1.670947],[-44.843327,-1.673],[-44.833057,-1.66596],[-44.836578,-1.664493],[-44.844498,-1.669186],[-44.831299,-1.652465],[-44.830418,-1.645718],[-44.838341,-1.637211],[-44.853298,-1.636331],[-44.86298,-1.616676],[-44.848019,-1.598488],[-44.844208,-1.571206],[-44.815456,-1.588221],[-44.822205,-1.609049],[-44.810471,-1.620783],[-44.824551,-1.62929],[-44.798443,-1.617849],[-44.79287,-1.633397],[-44.817219,-1.660973],[-44.813404,-1.66948],[-44.800495,-1.671827],[-44.807537,-1.685321],[-44.79668,-1.676227],[-44.787884,-1.688255],[-44.796974,-1.719937],[-44.812817,-1.724924],[-44.803429,-1.726977],[-44.794922,-1.72287],[-44.770573,-1.734898],[-44.7826,-1.748686],[-44.805485,-1.753379],[-44.784069,-1.755433],[-44.769695,-1.743405],[-44.769108,-1.731084],[-44.790524,-1.719937],[-44.785828,-1.711136],[-44.769985,-1.712016],[-44.750919,-1.728737],[-44.730091,-1.728737],[-44.71513,-1.717883],[-44.707211,-1.729911],[-44.725105,-1.75954],[-44.7342,-1.755433],[-44.751213,-1.758366],[-44.7342,-1.757193],[-44.733318,-1.767167],[-44.765881,-1.792982],[-44.795803,-1.799729],[-44.800789,-1.810583],[-44.72657,-1.791222],[-44.742996,-1.812637],[-44.724224,-1.800316],[-44.722172,-1.811757],[-44.707504,-1.81293],[-44.701344,-1.821731],[-44.704861,-1.829651],[-44.723049,-1.828478],[-44.706623,-1.831998],[-44.702515,-1.829651],[-44.691662,-1.809703],[-44.674061,-1.808823],[-44.682568,-1.824664],[-44.672009,-1.814104],[-44.655872,-1.770394],[-44.658806,-1.797382],[-44.650887,-1.807063],[-44.64883,-1.802369],[-44.654697,-1.792395],[-44.649712,-1.775087],[-44.65118,-1.765993],[-44.660275,-1.750739],[-44.654991,-1.739592],[-44.643845,-1.740765],[-44.666725,-1.72375],[-44.592506,-1.741938],[-44.591335,-1.750739],[-44.60659,-1.751326],[-44.637978,-1.790048],[-44.628883,-1.822611],[-44.636215,-1.827598],[-44.628883,-1.830825],[-44.661739,-1.846959],[-44.670834,-1.873654],[-44.711315,-1.893309],[-44.669952,-1.877175],[-44.657631,-1.848719],[-44.631229,-1.841679],[-44.619495,-1.824078],[-44.614216,-1.785355],[-44.603657,-1.786822],[-44.596615,-1.771274],[-44.578426,-1.778901],[-44.569626,-1.790048],[-44.598373,-1.801196],[-44.601307,-1.820851],[-44.614216,-1.823784],[-44.618912,-1.827598],[-44.618031,-1.834932],[-44.608055,-1.841679],[-44.644726,-1.872481],[-44.631523,-1.868667],[-44.607468,-1.844612],[-44.600136,-1.850479],[-44.595734,-1.847839],[-44.5928,-1.85752],[-44.605709,-1.854586],[-44.611282,-1.861627],[-44.609524,-1.869254],[-44.622429,-1.878055],[-44.605122,-1.872188],[-44.608055,-1.878348],[-44.60424,-1.879522],[-44.589279,-1.86368],[-44.577545,-1.871308],[-44.564053,-1.867201],[-44.548798,-1.853413],[-44.543812,-1.824958],[-44.536182,-1.824958],[-44.519756,-1.8584],[-44.543224,-1.882162],[-44.548504,-1.875415],[-44.5532,-1.875415],[-44.564934,-1.892136],[-44.574322,-1.882162],[-44.574612,-1.887442],[-44.571972,-1.893309],[-44.579308,-1.896243],[-44.585758,-1.907097],[-44.595734,-1.906217],[-44.610401,-1.926752],[-44.602188,-1.921765],[-44.595146,-1.907977],[-44.586639,-1.912964],[-44.575787,-1.90299],[-44.565517,-1.90739],[-44.566105,-1.919124],[-44.562,-1.924111],[-44.563759,-1.926752],[-44.557598,-1.936139],[-44.557011,-1.932619],[-44.562,-1.927632],[-44.560532,-1.922645],[-44.565517,-1.918244],[-44.56464,-1.910911],[-44.544983,-1.90035],[-44.537945,-1.906804],[-44.549679,-1.926752],[-44.535889,-1.905337],[-44.520927,-1.924698],[-44.527969,-1.913257],[-44.524742,-1.90915],[-44.524742,-1.895069],[-44.518288,-1.895363],[-44.488071,-1.966648],[-44.497459,-1.976329],[-44.504501,-1.966648],[-44.496288,-1.954914],[-44.498634,-1.955794],[-44.507435,-1.967235],[-44.509487,-1.956674],[-44.51506,-1.95198],[-44.510368,-1.959901],[-44.518875,-1.969288],[-44.513302,-1.965474],[-44.488365,-1.989529],[-44.482498,-1.982782],[-44.484554,-2.007424],[-44.489246,-2.016225],[-44.531784,-2.030306],[-44.557598,-2.028839],[-44.562584,-2.022092],[-44.561119,-2.029132],[-44.577251,-2.040866],[-44.564053,-2.032066],[-44.532078,-2.039106],[-44.544689,-2.052601],[-44.543224,-2.061988],[-44.530315,-2.046734],[-44.529732,-2.039106],[-44.514183,-2.035293],[-44.518288,-2.0438],[-44.509193,-2.031186],[-44.483086,-2.050841],[-44.52005,-2.088683],[-44.538822,-2.091617],[-44.530022,-2.078709],[-44.546745,-2.087803],[-44.562,-2.127406],[-44.574905,-2.127113],[-44.583412,-2.143834],[-44.592506,-2.143834],[-44.605415,-2.155861],[-44.607468,-2.162902],[-44.615391,-2.159968],[-44.61451,-2.165835],[-44.610695,-2.167009],[-44.585758,-2.159675],[-44.582241,-2.169062],[-44.615097,-2.212185],[-44.662033,-2.244161],[-44.65382,-2.248268],[-44.6591,-2.257949],[-44.684326,-2.256189],[-44.696648,-2.238001],[-44.712196,-2.240054],[-44.697823,-2.246801],[-44.705448,-2.261762],[-44.687553,-2.269683],[-44.684326,-2.282004],[-44.745052,-2.27555],[-44.747105,-2.267629],[-44.733612,-2.258242],[-44.752384,-2.248855],[-44.750332,-2.264989],[-44.770866,-2.27203],[-44.7826,-2.285524],[-44.804897,-2.297845],[-44.828365,-2.291978],[-44.876183,-2.337448],[-44.894955,-2.374704],[-44.981789,-2.429561],[-44.989708,-2.445109],[-44.983257,-2.448922],[-44.930161,-2.404626],[-44.879993,-2.376171],[-44.863861,-2.338328],[-44.824257,-2.304592],[-44.792576,-2.307819],[-44.751801,-2.281124],[-44.710438,-2.294911],[-44.709557,-2.309872],[-44.730385,-2.323367],[-44.706623,-2.333047],[-44.688728,-2.353289],[-44.721291,-2.399346],[-44.766174,-2.431615],[-44.7342,-2.420467],[-44.680805,-2.373824],[-44.653233,-2.367077],[-44.658806,-2.45831],[-44.635925,-2.46799],[-44.65382,-2.418414],[-44.637978,-2.382624],[-44.618912,-2.37089],[-44.644726,-2.355049],[-44.646191,-2.32014],[-44.616268,-2.294325],[-44.616562,-2.284644],[-44.568745,-2.270856],[-44.585758,-2.260589],[-44.619495,-2.274083],[-44.613335,-2.262056],[-44.582829,-2.245921],[-44.583412,-2.231253],[-44.566692,-2.233894],[-44.539997,-2.221279],[-44.525917,-2.242108],[-44.512421,-2.238881],[-44.527969,-2.235947],[-44.527969,-2.224213],[-44.52005,-2.221279],[-44.527676,-2.221279],[-44.530903,-2.226266],[-44.535889,-2.219519],[-44.556717,-2.22304],[-44.561413,-2.217466],[-44.557892,-2.205732],[-44.537945,-2.193411],[-44.530022,-2.172876],[-44.513889,-2.17757],[-44.512421,-2.170529],[-44.530315,-2.165835],[-44.498341,-2.147061],[-44.472527,-2.154688],[-44.462551,-2.147061],[-44.432041,-2.17669],[-44.449642,-2.194291],[-44.442604,-2.191357],[-44.437618,-2.18461],[-44.424122,-2.186957],[-44.410919,-2.206318],[-44.394493,-2.210132],[-44.4118,-2.219519],[-44.412388,-2.227147],[-44.419724,-2.224213],[-44.416786,-2.231253],[-44.402123,-2.225093],[-44.390385,-2.269096],[-44.414734,-2.287578],[-44.398308,-2.287871],[-44.386574,-2.278777],[-44.36721,-2.311633],[-44.363689,-2.329234],[-44.369556,-2.330114],[-44.360462,-2.336861],[-44.380707,-2.357983],[-44.397133,-2.355929],[-44.380707,-2.361209],[-44.374546,-2.380864],[-44.390972,-2.410493],[-44.405933,-2.4146],[-44.399479,-2.407559],[-44.405052,-2.402866],[-44.402412,-2.407853],[-44.420895,-2.41372],[-44.429108,-2.406973],[-44.444363,-2.41636],[-44.470764,-2.41372],[-44.513889,-2.383504],[-44.510956,-2.377051],[-44.546745,-2.396999],[-44.573734,-2.420174],[-44.51506,-2.392012],[-44.48954,-2.416653],[-44.529732,-2.45831],[-44.523277,-2.457136],[-44.519169,-2.448042],[-44.502155,-2.467404],[-44.518875,-2.489992],[-44.527382,-2.521381],[-44.568455,-2.523728],[-44.58136,-2.534875],[-44.592506,-2.568904],[-44.620964,-2.573011],[-44.663498,-2.612908],[-44.690193,-2.612027],[-44.704277,-2.620535],[-44.718357,-2.608801],[-44.749451,-2.623468],[-44.746517,-2.629629],[-44.717476,-2.618775],[-44.710728,-2.631389],[-44.67934,-2.617895],[-44.664967,-2.623762],[-44.619202,-2.580345],[-44.587521,-2.570371],[-44.569332,-2.536342],[-44.543812,-2.538396],[-44.540585,-2.553357],[-44.554665,-2.592666],[-44.584587,-2.620828],[-44.616268,-2.702674],[-44.630058,-2.677152],[-44.641792,-2.720569],[-44.684914,-2.736996],[-44.702808,-2.734063],[-44.695766,-2.747851],[-44.674061,-2.746384],[-44.672592,-2.761345],[-44.659981,-2.73553],[-44.64267,-2.730543],[-44.638859,-2.736703],[-44.663792,-2.806815],[-44.65118,-2.833217],[-44.650299,-2.880153],[-44.681393,-2.926503],[-44.682274,-3.000135],[-44.674938,-3.027124],[-44.64003,-3.020377],[-44.622429,-3.025364],[-44.613041,-3.042378],[-44.617149,-3.066727],[-44.659687,-3.097529],[-44.661739,-3.10633],[-44.632111,-3.083448],[-44.680805,-3.140359],[-44.716305,-3.16236],[-44.718357,-3.187002],[-44.779961,-3.193749],[-44.798443,-3.206363],[-44.800495,-3.189056],[-44.815163,-3.187882],[-44.813404,-3.191402],[-44.801964,-3.192576],[-44.803722,-3.206657],[-44.798737,-3.219858],[-44.807243,-3.223378],[-44.796974,-3.225725],[-44.77879,-3.272368],[-44.760307,-3.295837],[-44.76852,-3.303757],[-44.7826,-3.29965],[-44.808708,-3.272662],[-44.812523,-3.257114],[-44.837166,-3.250953],[-44.839512,-3.25682],[-44.826603,-3.254474],[-44.802841,-3.286743],[-44.81839,-3.358028],[-44.810471,-3.3416],[-44.811352,-3.328399],[-44.794922,-3.304637],[-44.776733,-3.319598],[-44.760895,-3.321945],[-44.734489,-3.299063],[-44.739479,-3.279995],[-44.757961,-3.257407],[-44.764706,-3.228365],[-44.71249,-3.200496],[-44.673473,-3.20783],[-44.654114,-3.202257],[-44.634457,-3.177615],[-44.613922,-3.118357],[-44.56992,-3.108676],[-44.54557,-3.083448],[-44.523865,-3.044139],[-44.451992,-2.988401],[-44.413857,-2.910956],[-44.413857,-2.817376],[-44.393906,-2.809162],[-44.408867,-2.823243],[-44.397133,-2.854045],[-44.402412,-2.877807],[-44.383053,-2.854925],[-44.398895,-2.825003],[-44.371025,-2.762225],[-44.336117,-2.78012],[-44.351372,-2.79156],[-44.346088,-2.808282],[-44.358704,-2.83175],[-44.347851,-2.826763],[-44.344624,-2.846711],[-44.362225,-2.852578],[-44.35577,-2.87634],[-44.334354,-2.848764],[-44.326729,-2.879567],[-44.32262,-2.861379],[-44.304726,-2.868419],[-44.324677,-2.848471],[-44.334648,-2.815909],[-44.322037,-2.810922],[-44.325554,-2.796547],[-44.315872,-2.803001],[-44.311768,-2.792147],[-44.300327,-2.806815],[-44.301209,-2.838497],[-44.296219,-2.852578],[-44.285366,-2.856685],[-44.284191,-2.871353],[-44.279499,-2.847591],[-44.295341,-2.845831],[-44.295341,-2.824123],[-44.287418,-2.815322],[-44.267178,-2.820016],[-44.268642,-2.847591],[-44.259258,-2.866366],[-44.244884,-2.869593],[-44.221123,-2.859325],[-44.247231,-2.912422],[-44.246349,-2.954079],[-44.234322,-2.96552],[-44.238724,-2.902448],[-44.202641,-2.856978],[-44.174183,-2.83703],[-44.157169,-2.846711],[-44.163918,-2.825883],[-44.141331,-2.790094],[-44.139568,-2.757531],[-44.127541,-2.744624],[-44.112873,-2.745797],[-44.116982,-2.767505],[-44.102608,-2.753718],[-44.105537,-2.783346],[-44.091164,-2.778359],[-44.097618,-2.813855],[-44.077377,-2.810335],[-44.073856,-2.820016],[-44.071217,-2.869299],[-44.087059,-2.900688],[-44.086765,-2.966986],[-44.076202,-2.937651],[-44.074738,-2.891594],[-44.061241,-2.870766],[-44.064468,-2.810922],[-44.082951,-2.776599],[-44.081192,-2.726729],[-44.045109,-2.668645],[-43.991718,-2.621415],[-43.982624,-2.618775],[-43.965023,-2.652217],[-43.957104,-2.650164],[-43.966194,-2.617601],[-43.952114,-2.593253],[-43.956223,-2.574185],[-43.945072,-2.558637],[-43.932461,-2.558637],[-43.928059,-2.570078],[-43.921314,-2.575945],[-43.927181,-2.577412],[-43.907524,-2.592959],[-43.902245,-2.573305],[-43.903419,-2.55717],[-43.88699,-2.586799],[-43.877602,-2.589733],[-43.884644,-2.561571],[-43.881123,-2.540742],[-43.871735,-2.533702],[-43.862057,-2.563331],[-43.869682,-2.590026],[-43.854134,-2.55805],[-43.843281,-2.586212],[-43.842106,-2.576825],[-43.849148,-2.559517],[-43.837414,-2.552183],[-43.835068,-2.563037],[-43.807491,-2.55805],[-43.797222,-2.535169],[-43.769943,-2.508767],[-43.76202,-2.51346],[-43.759674,-2.54749],[-43.77581,-2.55717],[-43.789597,-2.550716],[-43.782555,-2.558637],[-43.771702,-2.55805],[-43.759968,-2.553063],[-43.756153,-2.54837],[-43.758793,-2.495859],[-43.725941,-2.476204],[-43.722126,-2.486765],[-43.742954,-2.494099],[-43.735912,-2.495566],[-43.730045,-2.490579],[-43.720951,-2.492046],[-43.720364,-2.500846],[-43.714497,-2.508473],[-43.720074,-2.516394],[-43.731808,-2.511407],[-43.719193,-2.517861],[-43.715084,-2.510527],[-43.707165,-2.519914],[-43.719193,-2.522261],[-43.727993,-2.532528],[-43.71743,-2.533702],[-43.723003,-2.543383],[-43.711269,-2.555703],[-43.721245,-2.562451],[-43.718018,-2.571838],[-43.709511,-2.573305],[-43.710979,-2.568904],[-43.717136,-2.569198],[-43.709511,-2.561571],[-43.710979,-2.541329],[-43.702469,-2.544556],[-43.691616,-2.543089],[-43.688389,-2.55453],[-43.657001,-2.553357],[-43.68663,-2.553063],[-43.686337,-2.545143],[-43.692791,-2.537515],[-43.691322,-2.518447],[-43.675484,-2.494099],[-43.655827,-2.485298],[-43.667854,-2.518447],[-43.65876,-2.525781],[-43.666973,-2.533409],[-43.655533,-2.526661],[-43.665508,-2.519914],[-43.659054,-2.498793],[-43.632946,-2.513167],[-43.624733,-2.530768],[-43.633823,-2.55013],[-43.626198,-2.560104],[-43.636173,-2.566558],[-43.631771,-2.576238],[-43.633823,-2.567438],[-43.624146,-2.569491],[-43.617985,-2.564211],[-43.617985,-2.558344],[-43.629425,-2.551596],[-43.611824,-2.522848],[-43.602436,-2.519621],[-43.603024,-2.529302],[-43.598621,-2.526661],[-43.600971,-2.548663],[-43.597157,-2.546609],[-43.593636,-2.537515],[-43.598621,-2.524315],[-43.590115,-2.512874],[-43.570755,-2.539569],[-43.56078,-2.521381],[-43.55286,-2.521674],[-43.552567,-2.529595],[-43.543766,-2.526661],[-43.552567,-2.526368],[-43.552567,-2.519621],[-43.561661,-2.519621],[-43.570168,-2.531355],[-43.581314,-2.514927],[-43.553448,-2.473858],[-43.545525,-2.484125],[-43.551392,-2.506713],[-43.544647,-2.488232],[-43.53907,-2.492926],[-43.531151,-2.489992],[-43.531738,-2.485298],[-43.546406,-2.475031],[-43.55286,-2.450976],[-43.524113,-2.417827],[-43.520298,-2.430148],[-43.530563,-2.441589],[-43.522057,-2.435722],[-43.515018,-2.423694],[-43.503868,-2.438362],[-43.513844,-2.454203],[-43.508858,-2.474151],[-43.522057,-2.495859],[-43.515018,-2.500553],[-43.520298,-2.494099],[-43.512962,-2.481778],[-43.500347,-2.480018],[-43.487148,-2.50906],[-43.488323,-2.547196],[-43.483921,-2.541622],[-43.483334,-2.530475],[-43.478642,-2.537515],[-43.478054,-2.530768],[-43.482162,-2.526661],[-43.470718,-2.524608],[-43.46368,-2.516687],[-43.465145,-2.498793],[-43.450478,-2.520794],[-43.448719,-2.556584],[-43.441383,-2.565971],[-43.458401,-2.587092],[-43.436985,-2.565678],[-43.446373,-2.555117],[-43.443439,-2.542796],[-43.4053,-2.540156],[-43.429943,-2.533702],[-43.446373,-2.537515],[-43.443439,-2.526368],[-43.427891,-2.520794],[-43.441383,-2.522554],[-43.438744,-2.508473],[-43.454586,-2.480898],[-43.453705,-2.463297],[-43.434933,-2.463003],[-43.424664,-2.478258],[-43.432583,-2.460363],[-43.451359,-2.455083],[-43.44696,-2.441002],[-43.461334,-2.42164],[-43.432583,-2.439535],[-43.417622,-2.438068],[-43.408237,-2.451269],[-43.410877,-2.439535],[-43.390049,-2.446282],[-43.385941,-2.440415],[-43.366581,-2.442175],[-43.357487,-2.433081],[-43.347218,-2.437482],[-43.355141,-2.430441],[-43.367458,-2.437775],[-43.408237,-2.434548],[-43.419678,-2.427508],[-43.414104,-2.419587],[-43.393276,-2.422227],[-43.387997,-2.409906],[-43.376553,-2.406973],[-43.376553,-2.420467],[-43.372154,-2.407559],[-43.377434,-2.404626],[-43.388287,-2.406093],[-43.396793,-2.419587],[-43.414982,-2.41372],[-43.425838,-2.425454],[-43.462505,-2.380278],[-43.466614,-2.387025],[-43.478642,-2.383504],[-43.460159,-2.352116],[-43.431705,-2.340381],[-43.426422,-2.348302],[-43.432877,-2.350942],[-43.425838,-2.351235],[-43.423782,-2.339208],[-43.434639,-2.335101],[-43.42173,-2.332167],[-43.416744,-2.338915],[-43.396793,-2.332167],[-43.387997,-2.339208],[-43.391808,-2.348889],[-43.41293,-2.344195],[-43.402954,-2.347422],[-43.405888,-2.36297],[-43.400021,-2.350355],[-43.38242,-2.350355],[-43.366581,-2.352996],[-43.357487,-2.367077],[-43.361008,-2.350355],[-43.342525,-2.353876],[-43.331085,-2.348302],[-43.356312,-2.346835],[-43.331669,-2.342141],[-43.31847,-2.360329],[-43.300869,-2.357103],[-43.302921,-2.365023],[-43.295002,-2.367957],[-43.299988,-2.355342],[-43.317589,-2.357983],[-43.319935,-2.341261],[-43.242493,-2.360329],[-43.209927,-2.377051],[-43.183231,-2.378811],[-43.107548,-2.426334],[-43.046532,-2.440415],[-42.920681,-2.492046],[-42.786617,-2.562157],[-42.747601,-2.567144],[-42.725014,-2.588853],[-42.704479,-2.590906],[-42.699493,-2.609974],[-42.711227,-2.637549],[-42.696266,-2.659258],[-42.706825,-2.662778],[-42.713867,-2.668352],[-42.725014,-2.6971],[-42.740562,-2.677446],[-42.729706,-2.697394],[-42.721787,-2.702087],[-42.712105,-2.68918],[-42.707413,-2.671285],[-42.67749,-2.683019],[-42.679543,-2.670112],[-42.664581,-2.660724],[-42.690693,-2.661311],[-42.678078,-2.654857],[-42.692451,-2.655444],[-42.69421,-2.649577],[-42.680424,-2.647523],[-42.695091,-2.627869],[-42.705067,-2.636376],[-42.693039,-2.609974],[-42.706825,-2.577118],[-42.731174,-2.575945],[-42.717094,-2.564211],[-42.732933,-2.561571],[-42.717682,-2.558637],[-42.657833,-2.610854],[-42.644341,-2.632856],[-42.577457,-2.684486],[-42.543427,-2.69798],[-42.509106,-2.692993],[-42.50177,-2.703847],[-42.492386,-2.703847],[-42.491798,-2.712061],[-42.512917,-2.714115],[-42.50177,-2.73553],[-42.494732,-2.726729],[-42.502357,-2.73289],[-42.50705,-2.719982],[-42.500011,-2.716168],[-42.447498,-2.728783],[-42.441631,-2.749611],[-42.47625,-2.74345],[-42.441631,-2.752251],[-42.43782,-2.750784],[-42.437527,-2.736996],[-42.43166,-2.742864],[-42.41494,-2.743744],[-42.41259,-2.751371],[-42.406723,-2.745504],[-42.398216,-2.763692],[-42.394112,-2.764572],[-42.390003,-2.758705],[-42.373867,-2.767505],[-42.37915,-2.775426],[-42.357441,-2.777186],[-42.314903,-2.762225],[-42.30933,-2.756945],[-42.293488,-2.757238],[-42.293488,-2.764572],[-42.275009,-2.756358],[-42.267086,-2.765745],[-42.270313,-2.773372],[-42.279114,-2.775426],[-42.280876,-2.767212],[-42.294369,-2.772199],[-42.296715,-2.779533],[-42.284103,-2.771319],[-42.287914,-2.777479],[-42.278824,-2.781],[-42.296127,-2.785107],[-42.284981,-2.792147],[-42.278236,-2.78364],[-42.270901,-2.789507],[-42.257408,-2.789507],[-42.256233,-2.800068],[-42.263859,-2.807695],[-42.263859,-2.816789],[-42.275887,-2.815322],[-42.263275,-2.818842],[-42.2621,-2.808282],[-42.249191,-2.800361],[-42.236286,-2.816789],[-42.258286,-2.857858],[-42.268848,-2.843484],[-42.260925,-2.859619],[-42.254765,-2.856685],[-42.233646,-2.825003],[-42.230125,-2.804468],[-42.22514,-2.810335],[-42.21751,-2.802121],[-42.201668,-2.820309],[-42.151798,-2.809455],[-42.139477,-2.814149],[-42.14241,-2.822949],[-42.138012,-2.813269],[-42.155025,-2.803881],[-42.138306,-2.800361],[-42.12833,-2.812975],[-42.120117,-2.813855],[-42.115131,-2.798014],[-42.108383,-2.805348],[-42.089314,-2.803588],[-42.080513,-2.815029],[-42.092247,-2.815909],[-42.093422,-2.83615],[-42.086967,-2.82999],[-42.085793,-2.819722],[-42.072887,-2.815909],[-42.081688,-2.804468],[-42.048244,-2.808868],[-42.032112,-2.79244],[-42.024483,-2.782466],[-42.030056,-2.769559],[-42.00864,-2.799188],[-42.037979,-2.820896],[-42.035923,-2.829696],[-42.035046,-2.820309],[-41.999256,-2.794494],[-41.98576,-2.810335],[-41.968159,-2.818842],[-41.970505,-2.809162],[-41.985466,-2.796547],[-41.966988,-2.794201],[-41.987522,-2.782173],[-42.006294,-2.776599],[-42.008057,-2.773372],[-41.986347,-2.744917],[-41.97168,-2.747851],[-41.972855,-2.74257],[-41.9884,-2.736996],[-42.02243,-2.739637],[-42.023895,-2.722622],[-41.958481,-2.708834],[-41.898048,-2.716755],[-41.912422,-2.707074],[-41.874287,-2.719689],[-41.899513,-2.708248],[-41.86578,-2.712941],[-41.833218,-2.706194],[-41.832043,-2.732596],[-41.856098,-2.763398],[-41.814148,-2.737877],[-41.76017,-2.790387],[-41.749317,-2.797134],[-41.737583,-2.793027],[-41.668056,-2.854925],[-41.674217,-2.863726],[-41.697392,-2.849645],[-41.679501,-2.862552],[-41.706779,-2.863726],[-41.677444,-2.87282],[-41.657497,-2.863726],[-41.633442,-2.884554],[-41.591785,-2.901275],[-41.564209,-2.888661],[-41.524021,-2.904502],[-41.484123,-2.888074],[-41.449215,-2.894528],[-41.442177,-2.900982],[-41.454494,-2.907435],[-41.458015,-2.918289],[-41.444229,-2.92797],[-41.4454,-2.913302],[-41.429562,-2.905969],[-41.437481,-2.898635],[-41.404919,-2.897168],[-41.377636,-2.917116],[-41.372356,-2.912129],[-41.344193,-2.923863],[-41.334515,-2.92093],[-41.33334,-2.983708],[-41.327473,-2.960533],[-41.29755,-2.983708],[-41.296379,-2.981654],[-41.301365,-2.97256],[-41.279949,-2.967866],[-41.274082,-2.981947],[-41.268803,-2.959946],[-41.270855,-2.937064],[-41.256187,-2.97432],[-41.249149,-2.969627],[-41.237122,-2.987521],[-41.23624,-2.975787],[-41.253841,-2.963466],[-41.26059,-2.951732],[-41.251202,-2.954959],[-41.265575,-2.937358],[-41.24152,-2.949678],[-41.235065,-2.945278],[-41.298431,-2.913889],[-41.292564,-2.901275],[-41.304298,-2.912129],[-41.316326,-2.910956],[-41.267628,-2.878687],[-41.111858,-2.892181],[-41.101589,-2.901275],[-41.088684,-2.907435],[-41.094257,-2.913009],[-41.086628,-2.909489],[-41.079296,-2.92445],[-41.081348,-2.906555],[-41.101295,-2.899221],[-41.100124,-2.890421],[-41.007423,-2.890421],[-40.958431,-2.870473],[-40.92411,-2.8737],[-40.91003,-2.860499],[-40.865734,-2.857858],[-40.840504,-2.911836],[-40.827599,-2.923863],[-40.818504,-2.920343],[-40.816158,-2.898341],[-40.843437,-2.887781],[-40.84256,-2.877807],[-40.804131,-2.872233],[-40.780075,-2.852871],[-40.760124,-2.848764],[-40.696762,-2.851405],[-40.673294,-2.866366],[-40.674171,-2.861379],[-40.692947,-2.850818],[-40.59174,-2.844658],[-40.530136,-2.816202],[-40.519283,-2.793614],[-40.504028,-2.78452],[-40.451809,-2.807988],[-40.410152,-2.816202],[-40.333294,-2.807108],[-40.261719,-2.817082],[-40.244701,-2.816789],[-40.259956,-2.810335],[-40.197472,-2.820309],[-40.19923,-2.815322],[-40.187496,-2.814735],[-40.161976,-2.83263],[-40.161682,-2.842897],[-40.156696,-2.83615],[-40.144962,-2.841137],[-40.13792,-2.849938],[-40.142616,-2.864606],[-40.128826,-2.850818],[-40.134693,-2.83263],[-40.125305,-2.82911],[-40.135868,-2.826176],[-40.091278,-2.835857],[-40.102425,-2.829696],[-40.115334,-2.82999],[-40.10096,-2.827056],[-40.077492,-2.842897],[-40.063702,-2.841724],[-40.060768,-2.850525],[-40.060768,-2.83879],[-40.049034,-2.846418],[-40.034073,-2.842897],[-40.016766,-2.856392],[-40.027912,-2.838204],[-40.022339,-2.83703],[-39.954575,-2.864312],[-39.965721,-2.851991],[-39.913506,-2.883674],[-39.905876,-2.878687],[-39.895905,-2.891301],[-39.849258,-2.919463],[-39.849258,-2.911249],[-39.829899,-2.932957],[-39.81171,-2.944691],[-39.832832,-2.925917],[-39.820805,-2.931197],[-39.796749,-2.956132],[-39.794697,-2.950852],[-39.79763,-2.946158],[-39.770935,-2.960533],[-39.732506,-2.998669],[-39.7328,-2.993388],[-39.742188,-2.986641],[-39.711971,-3.003362],[-39.70845,-3.01627],[-39.711384,-2.999255],[-39.689968,-2.997202],[-39.658287,-3.021257],[-39.626606,-3.023604],[-39.596684,-3.06966],[-39.556786,-3.076994],[-39.489903,-3.118651],[-39.469368,-3.142999],[-39.411575,-3.161187],[-39.386349,-3.184069],[-39.40659,-3.188762],[-39.405121,-3.195509],[-39.357597,-3.175561],[-39.2957,-3.217218],[-39.249935,-3.224551],[-39.218842,-3.251833],[-39.161343,-3.334266],[-39.140808,-3.348054],[-39.114113,-3.34952],[-39.092113,-3.389123],[-39.062191,-3.411712],[-39.087418,-3.409658],[-39.093285,-3.417872],[-39.064243,-3.417872],[-39.060432,-3.411712],[-39.066589,-3.403791],[-39.046642,-3.412885],[-39.009094,-3.397924],[-38.982399,-3.406138],[-38.938103,-3.453368],[-38.915806,-3.499718],[-38.889992,-3.506172],[-38.84687,-3.544601],[-38.812546,-3.542841],[-38.755928,-3.613833],[-38.705765,-3.636128],[-38.662643,-3.678077],[-38.64328,-3.688051],[-38.595757,-3.691278],[-38.592236,-3.698319],[-38.634186,-3.703893],[-38.595169,-3.704773],[-38.589596,-3.700079],[-38.590771,-3.692158],[-38.536793,-3.717974],[-38.495724,-3.725307],[-38.479588,-3.720027],[-38.474602,-3.707413],[-38.480469,-3.701839],[-38.474895,-3.703012],[-38.437054,-3.769897],[-38.441746,-3.777818],[-38.455826,-3.767844],[-38.463749,-3.769311],[-38.458466,-3.768724],[-38.454067,-3.777231],[-38.440865,-3.782218],[-38.435879,-3.772831],[-38.403904,-3.825928],[-38.414169,-3.814487],[-38.415932,-3.814487],[-38.417984,-3.819181],[-38.406837,-3.827981],[-38.400383,-3.827395],[-38.35638,-3.893399],[-38.305336,-3.936816],[-38.307388,-3.943856],[-38.300056,-3.944736],[-38.300056,-3.937989],[-38.274242,-3.943856],[-38.181248,-4.055918],[-38.191219,-4.062665],[-38.187996,-4.069999],[-38.19709,-4.073519],[-38.201195,-4.089947],[-38.21909,-4.092],[-38.226719,-4.110482],[-38.21909,-4.109602],[-38.209118,-4.094641],[-38.195328,-4.094934],[-38.196209,-4.075866],[-38.189167,-4.075573],[-38.185352,-4.069999],[-38.190342,-4.063252],[-38.179195,-4.058851],[-38.149567,-4.100801],[-38.161301,-4.112535],[-38.146633,-4.104615],[-38.125511,-4.140991],[-37.908428,-4.340472],[-37.840076,-4.386235],[-37.805756,-4.400609],[-37.771725,-4.401196],[-37.764683,-4.423491],[-37.791965,-4.445786],[-37.797249,-4.459867],[-37.790501,-4.500936],[-37.777885,-4.487442],[-37.777885,-4.479228],[-37.783459,-4.471308],[-37.794605,-4.465734],[-37.793728,-4.455173],[-37.768204,-4.427891],[-37.752071,-4.444906],[-37.724495,-4.506804],[-37.593365,-4.627959],[-37.550831,-4.64556],[-37.494209,-4.628839],[-37.474262,-4.648787],[-37.32172,-4.705404],[-37.284462,-4.747647],[-37.25806,-4.82744],[-37.225498,-4.879364],[-37.140427,-4.951529],[-37.150398,-4.974117],[-37.138664,-4.959156],[-37.138081,-4.950942],[-37.152454,-4.936274],[-37.128399,-4.938915],[-37.104343,-4.92366],[-37.085567,-4.933341],[-37.090557,-4.940968],[-37.089088,-4.945368],[-37.085567,-4.943315],[-37.082634,-4.930407],[-37.039219,-4.952115],[-36.999908,-4.930407],[-36.977615,-4.933047],[-36.963531,-4.918673],[-36.926865,-4.947128],[-36.882568,-4.949475],[-36.870834,-4.957103],[-36.815388,-5.026627],[-36.778721,-5.050976],[-36.772854,-5.062417],[-36.779598,-5.068284],[-36.781361,-5.074151],[-36.77256,-5.084712],[-36.772266,-5.082658],[-36.779598,-5.073271],[-36.767864,-5.06007],[-36.769333,-5.053029],[-36.749969,-5.061243],[-36.735008,-5.061243],[-36.732662,-5.078845],[-36.720345,-5.080898],[-36.752613,-5.095272],[-36.718288,-5.084712],[-36.706554,-5.06535],[-36.7001,-5.090285],[-36.68074,-5.10466],[-36.629108,-5.124608],[-36.629108,-5.122848],[-36.643482,-5.114634],[-36.685139,-5.097913],[-36.686314,-5.090872],[-36.625881,-5.091165],[-36.608868,-5.099966],[-36.614147,-5.110527],[-36.609455,-5.106713],[-36.606815,-5.100553],[-36.602413,-5.10554],[-36.588333,-5.10378],[-36.580708,-5.111407],[-36.583637,-5.104073],[-36.574841,-5.100553],[-36.564278,-5.10642],[-36.536701,-5.107007],[-36.563396,-5.10466],[-36.57748,-5.093806],[-36.594494,-5.088232],[-36.57748,-5.085298],[-36.598015,-5.083245],[-36.561638,-5.084712],[-36.546677,-5.078845],[-36.510887,-5.078845],[-36.493286,-5.077084],[-36.481552,-5.072977],[-36.462193,-5.077671],[-36.471577,-5.06623],[-36.483311,-5.06447],[-36.520569,-5.071804],[-36.50502,-5.061243],[-36.481552,-5.061243],[-36.424934,-5.070337],[-36.369198,-5.090579],[-36.344261,-5.082071],[-36.30994,-5.098793],[-36.30994,-5.10466],[-36.326366,-5.101726],[-36.309059,-5.112874],[-36.308472,-5.10466],[-36.287643,-5.10202],[-36.267696,-5.121381],[-36.267109,-5.119327],[-36.288818,-5.098206],[-36.275032,-5.099673],[-36.222519,-5.133702],[-36.216946,-5.130768],[-36.245403,-5.11082],[-36.222519,-5.10466],[-36.199051,-5.117274],[-36.199932,-5.114634],[-36.209026,-5.107887],[-36.221348,-5.102606],[-36.2146,-5.099966],[-36.239243,-5.097913],[-36.250683,-5.10114],[-36.255081,-5.097913],[-36.29586,-5.093806],[-36.30114,-5.089992],[-36.143314,-5.094686],[-36.039173,-5.049509],[-35.981674,-5.039535],[-35.949116,-5.043055],[-35.881641,-5.06799],[-35.781609,-5.076204],[-35.759022,-5.089699],[-35.635811,-5.121381],[-35.62085,-5.119621],[-35.616741,-5.111994],[-35.570099,-5.134582],[-35.488255,-5.15805],[-35.456573,-5.199707],[-35.414623,-5.224935],[-35.370327,-5.285073],[-35.352139,-5.360758],[-35.335121,-5.379533],[-35.317814,-5.379239],[-35.30872,-5.39332],[-35.310482,-5.411802],[-35.291412,-5.427643],[-35.288773,-5.459912],[-35.27264,-5.479567],[-35.260319,-5.48162],[-35.248878,-5.546745],[-35.226288,-5.581654],[-35.227169,-5.620963],[-35.217194,-5.630938],[-35.216316,-5.678461],[-35.221302,-5.677581],[-35.192844,-5.699289],[-35.20282,-5.726571],[-35.202232,-5.752386],[-35.212795,-5.756787],[-35.213089,-5.779082],[-35.235088,-5.786415],[-35.245941,-5.778788],[-35.260025,-5.791402],[-35.27264,-5.786122],[-35.269707,-5.791696],[-35.261196,-5.793456],[-35.268826,-5.80255],[-35.262665,-5.81135],[-35.249168,-5.80959],[-35.246822,-5.783775],[-35.237434,-5.790522],[-35.218369,-5.788762],[-35.208687,-5.777615],[-35.20546,-5.760894],[-35.195484,-5.760013],[-35.192844,-5.780842],[-35.179646,-5.798443],[-35.177883,-5.872662],[-35.15295,-5.884982],[-35.15295,-5.949227],[-35.145027,-5.963015],[-35.127136,-5.969175],[-35.106308,-6.005844],[-35.112175,-6.035767],[-35.106308,-6.053368],[-35.097214,-6.055715],[-35.1022,-6.111745],[-35.09692,-6.181564],[-35.108067,-6.179217],[-35.114521,-6.157509],[-35.130947,-6.139614],[-35.137402,-6.137854],[-35.140335,-6.142548],[-35.119507,-6.158389],[-35.128014,-6.170123],[-35.123028,-6.182444],[-35.151192,-6.206792],[-35.150311,-6.219993],[-35.142387,-6.223807],[-35.121559,-6.214713],[-35.109535,-6.192418],[-35.092518,-6.18127],[-35.076386,-6.219113],[-35.044994,-6.226154],[-35.037956,-6.238474],[-35.035316,-6.303306],[-35.072865,-6.349949],[-35.040009,-6.317093],[-35.0271,-6.360803],[-34.99366,-6.374298],[-34.980457,-6.411554],[-34.965496,-6.554124],[-34.967842,-6.603407],[-34.976353,-6.602527],[-34.966377,-6.609274],[-34.954643,-6.675866],[-34.933815,-6.692587],[-34.93792,-6.713415],[-34.929707,-6.735123],[-34.939095,-6.748618],[-34.946136,-6.745098],[-34.939095,-6.735417],[-34.948776,-6.744217],[-34.933815,-6.762699],[-34.953468,-6.762112],[-34.971363,-6.792621],[-34.956108,-6.785874],[-34.95171,-6.767099],[-34.934109,-6.7803],[-34.920029,-6.769739],[-34.90448,-6.862439],[-34.932934,-6.880921],[-34.903305,-6.867133],[-34.878368,-6.898815],[-34.856369,-6.904976],[-34.867222,-6.937538],[-34.855488,-6.96834],[-34.869274,-6.976261],[-34.881306,-6.96746],[-34.872211,-6.976554],[-34.873676,-7.042559],[-34.882477,-7.056347],[-34.916214,-7.073361],[-34.911224,-7.085975],[-34.905067,-7.088029],[-34.903893,-7.093309],[-34.898026,-7.096536],[-34.90712,-7.098296],[-34.90712,-7.102403],[-34.905067,-7.10387],[-34.898026,-7.102403],[-34.913864,-7.115897],[-34.910053,-7.117951],[-34.89304,-7.11003],[-34.905067,-7.125285],[-34.892159,-7.117658],[-34.88805,-7.090962],[-34.858715,-7.063387],[-34.852261,-7.017624],[-34.837887,-6.995916],[-34.842873,-6.9701],[-34.829674,-6.972447],[-34.826153,-7.00589],[-34.843754,-7.05664],[-34.830555,-7.073361],[-34.833778,-7.095949],[-34.822044,-7.11003],[-34.824684,-7.127632],[-34.794472,-7.154034],[-34.794765,-7.19569],[-34.807964,-7.254067],[-34.79887,-7.279296],[-34.801216,-7.320952],[-34.793884,-7.330046],[-34.808846,-7.423333],[-34.81031,-7.463522],[-34.80386,-7.474083],[-34.814713,-7.490804],[-34.807964,-7.510752],[-34.827034,-7.549182],[-34.85754,-7.533927],[-34.864288,-7.535394],[-34.869274,-7.543902],[-34.88805,-7.538328],[-34.871624,-7.548008],[-34.865757,-7.547128],[-34.85754,-7.539501],[-34.84082,-7.544488],[-34.835541,-7.560036],[-34.846394,-7.573237],[-34.83202,-7.565023],[-34.808846,-7.625747],[-34.835835,-7.682952],[-34.846394,-7.639242],[-34.850502,-7.649216],[-34.844341,-7.685298],[-34.874264,-7.644522],[-34.859596,-7.682365],[-34.863705,-7.705833],[-34.884235,-7.710527],[-34.897438,-7.697033],[-34.887173,-7.714047],[-34.904774,-7.724901],[-34.87661,-7.711407],[-34.866344,-7.714927],[-34.864582,-7.725781],[-34.87925,-7.741329],[-34.889225,-7.729595],[-34.88541,-7.744263],[-34.907997,-7.755117],[-34.88805,-7.753357],[-34.892159,-7.804107],[-34.865463,-7.814961],[-34.891277,-7.826695],[-34.885117,-7.827869],[-34.85989,-7.815548],[-34.846981,-7.817601],[-34.841995,-7.859257],[-34.850796,-7.868058],[-34.844929,-7.866298],[-34.840527,-7.860724],[-34.840527,-7.842536],[-34.83466,-7.844003],[-34.82058,-7.922622],[-34.838768,-8.005935],[-34.860477,-8.034097],[-34.872501,-8.067246],[-34.869274,-8.040551],[-34.888344,-8.069593],[-34.899197,-8.067246],[-34.901253,-8.060792],[-34.905357,-8.060792],[-34.906239,-8.072526],[-34.899197,-8.092181],[-34.891571,-8.092181],[-34.875729,-8.07634],[-34.872211,-8.079273],[-34.912106,-8.16992],[-34.918854,-8.221844],[-34.932053,-8.234164],[-34.935867,-8.241205],[-34.947014,-8.238271],[-34.943497,-8.245312],[-34.936749,-8.243845],[-34.93,-8.233871],[-34.927067,-8.235044],[-34.942909,-8.257633],[-34.948776,-8.289902],[-34.947014,-8.302516],[-34.938801,-8.304276],[-34.948776,-8.330091],[-34.939682,-8.355906],[-34.94408,-8.362067],[-34.953468,-8.35884],[-34.957577,-8.368814],[-34.97723,-8.355026],[-34.97723,-8.365],[-34.965202,-8.363827],[-34.964321,-8.379668],[-34.959923,-8.374681],[-34.955524,-8.381722],[-34.967548,-8.405483],[-34.992485,-8.401376],[-34.978699,-8.408417],[-34.9963,-8.411644],[-34.995125,-8.413697],[-34.987499,-8.414577],[-34.97987,-8.412817],[-34.983391,-8.420444],[-34.970486,-8.417511],[-34.982803,-8.460047],[-35.005394,-8.498477],[-35.013313,-8.563895],[-35.025929,-8.558028],[-35.038834,-8.570055],[-35.04969,-8.59499],[-35.049984,-8.607898],[-35.055851,-8.583843],[-35.072865,-8.585896],[-35.066998,-8.599097],[-35.04969,-8.614938],[-35.057022,-8.615818],[-35.072865,-8.646621],[-35.073746,-8.671556],[-35.090759,-8.692971],[-35.111588,-8.687104],[-35.115402,-8.677423],[-35.103081,-8.659235],[-35.088413,-8.657181],[-35.081665,-8.646327],[-35.103374,-8.655421],[-35.110119,-8.644567],[-35.113052,-8.655128],[-35.104546,-8.659235],[-35.115692,-8.675369],[-35.118042,-8.655715],[-35.125374,-8.661582],[-35.128895,-8.671849],[-35.119507,-8.673316],[-35.111294,-8.696784],[-35.102493,-8.69033],[-35.082836,-8.702651],[-35.092224,-8.724946],[-35.086945,-8.744894],[-35.108067,-8.771003],[-35.105427,-8.796818],[-35.118919,-8.801805],[-35.131535,-8.832901],[-35.141216,-8.830847],[-35.13623,-8.835834],[-35.13887,-8.850795],[-35.133003,-8.865756],[-35.145325,-8.887465],[-35.144444,-8.901839],[-35.165565,-8.933228],[-35.173779,-8.96755],[-35.21954,-9.016541],[-35.236263,-9.048223],[-35.239491,-9.075798],[-35.268826,-9.126548],[-35.281147,-9.132416],[-35.287014,-9.159111],[-35.291412,-9.153244],[-35.286133,-9.147377],[-35.290829,-9.144736],[-35.318695,-9.14679],[-35.288773,-9.148257],[-35.293758,-9.153244],[-35.301388,-9.194313],[-35.318695,-9.201647],[-35.329548,-9.227462],[-35.340988,-9.235383],[-35.330429,-9.223355],[-35.329548,-9.212501],[-35.33395,-9.215728],[-35.353603,-9.260025],[-35.385578,-9.288187],[-35.394966,-9.307841],[-35.415794,-9.318696],[-35.440144,-9.316349],[-35.442196,-9.307548],[-35.445129,-9.306081],[-35.454517,-9.312535],[-35.450996,-9.313709],[-35.444252,-9.307841],[-35.441612,-9.317816],[-35.412861,-9.324269],[-35.433395,-9.32867],[-35.440731,-9.345391],[-35.460091,-9.349498],[-35.477985,-9.368272],[-35.494709,-9.394088],[-35.499107,-9.424597],[-35.505562,-9.416676],[-35.497936,-9.403475],[-35.497055,-9.37678],[-35.502628,-9.373846],[-35.514656,-9.378247],[-35.50967,-9.365926],[-35.518471,-9.355365],[-35.515537,-9.362405],[-35.511135,-9.366806],[-35.516125,-9.37414],[-35.516125,-9.378247],[-35.513187,-9.38118],[-35.50996,-9.38118],[-35.499695,-9.37678],[-35.504681,-9.386754],[-35.499695,-9.400835],[-35.50703,-9.415796],[-35.506149,-9.435744],[-35.582127,-9.511723],[-35.589462,-9.534311],[-35.60677,-9.537831],[-35.673653,-9.600022],[-35.695362,-9.636692],[-35.695068,-9.668081],[-35.705921,-9.667787],[-35.718243,-9.683042],[-35.730858,-9.673654],[-35.741711,-9.675415],[-35.788063,-9.71003],[-35.760487,-9.674241],[-35.758728,-9.659867],[-35.762833,-9.654293],[-35.745525,-9.65488],[-35.75462,-9.630825],[-35.797451,-9.592102],[-35.814465,-9.60677],[-35.801262,-9.609116],[-35.804783,-9.615864],[-35.790409,-9.644319],[-35.778088,-9.654293],[-35.788063,-9.664854],[-35.797157,-9.689202],[-35.787182,-9.691549],[-35.787182,-9.702403],[-35.801262,-9.714137],[-35.81329,-9.731152],[-35.830013,-9.736139],[-35.83617,-9.722645],[-35.828251,-9.707977],[-35.837933,-9.720004],[-35.837051,-9.724991],[-35.860813,-9.738779],[-35.861401,-9.750807],[-35.869907,-9.75286],[-35.876949,-9.7467],[-35.868736,-9.742593],[-35.883698,-9.674241],[-35.910393,-9.651653],[-35.91626,-9.61821],[-35.945007,-9.605303],[-35.956154,-9.609996],[-35.952045,-9.637572],[-35.940899,-9.637865],[-35.905403,-9.678348],[-35.890442,-9.715017],[-35.891323,-9.733499],[-35.878414,-9.751393],[-35.859055,-9.761367],[-35.856121,-9.752567],[-35.858467,-9.740539],[-35.840866,-9.732032],[-35.825905,-9.739659],[-35.802143,-9.726752],[-35.894257,-9.848787],[-35.903351,-9.852014],[-35.907459,-9.8438],[-35.920071,-9.837053],[-35.952633,-9.8438],[-35.980797,-9.821212],[-35.991356,-9.824145],[-35.976688,-9.838813],[-35.936794,-9.853774],[-35.916554,-9.8438],[-35.902176,-9.874896],[-35.937965,-9.904231],[-35.978745,-9.974049],[-36.007198,-9.999864],[-36.027145,-10.045041],[-36.057068,-10.086697],[-36.09726,-10.099898],[-36.130993,-10.146248],[-36.132168,-10.160916],[-36.150944,-10.16297],[-36.175877,-10.182038],[-36.152409,-10.157983],[-36.156811,-10.145368],[-36.158863,-10.160916],[-36.177052,-10.175877],[-36.193771,-10.204039],[-36.230148,-10.221347],[-36.280899,-10.274444],[-36.30378,-10.319327],[-36.293804,-10.355997],[-36.342209,-10.408214],[-36.395893,-10.503847],[-36.409679,-10.491526],[-36.412025,-10.471578],[-36.403812,-10.449283],[-36.391197,-10.442536],[-36.398239,-10.44283],[-36.402641,-10.44635],[-36.409973,-10.459551],[-36.410267,-10.454857],[-36.418774,-10.441656],[-36.422882,-10.437549],[-36.427868,-10.437256],[-36.439896,-10.462191],[-36.459549,-10.465125],[-36.446644,-10.466298],[-36.434616,-10.461604],[-36.426109,-10.487419],[-36.431976,-10.500034],[-36.447521,-10.49622],[-36.457497,-10.49886],[-36.458672,-10.501794],[-36.454563,-10.511768],[-36.460724,-10.518808],[-36.48595,-10.507074],[-36.46542,-10.519102],[-36.493286,-10.516168],[-36.472164,-10.521742],[-36.524967,-10.530543],[-36.595959,-10.556358],[-36.608868,-10.565745],[-36.56369,-10.548437],[-36.802483,-10.704502],[-36.895473,-10.785761],[-37.024258,-10.947986],[-37.036285,-10.942412],[-37.035404,-10.924224],[-37.039513,-10.902516],[-37.047138,-10.896649],[-37.043034,-10.930091],[-37.052711,-10.959133],[-37.049782,-10.984068],[-37.033058,-10.969107],[-37.043911,-10.948279],[-37.030418,-10.96236],[-37.029537,-10.972628],[-37.077942,-11.021618],[-37.150692,-11.127225],[-37.163895,-11.124292],[-37.167122,-11.106691],[-37.158321,-11.10053],[-37.155388,-11.090849],[-37.163307,-11.082049],[-37.170055,-11.082929],[-37.16888,-11.09261],[-37.180908,-11.100237],[-37.173866,-11.109037],[-37.182083,-11.13984],[-37.179737,-11.173282],[-37.171227,-11.165948],[-37.176804,-11.156267],[-37.166241,-11.166828],[-37.241341,-11.246621],[-37.271263,-11.290037],[-37.305584,-11.349881],[-37.331402,-11.42762],[-37.366604,-11.438768],[-37.359268,-11.427034],[-37.380096,-11.436128],[-37.381561,-11.427914],[-37.383324,-11.435541],[-37.393299,-11.436421],[-37.404739,-11.432607],[-37.397404,-11.416179],[-37.401218,-11.418233],[-37.407379,-11.427914],[-37.416767,-11.415299],[-37.426449,-11.422927],[-37.424099,-11.430554],[-37.433781,-11.429087],[-37.430847,-11.432021],[-37.418819,-11.430847],[-37.417938,-11.434954],[-37.424686,-11.442581],[-37.424686,-11.449035],[-37.402977,-11.46341],[-37.406792,-11.46869],[-37.412365,-11.459596],[-37.415886,-11.459596],[-37.418819,-11.469277],[-37.413246,-11.461356],[-37.406792,-11.47221],[-37.400043,-11.464583],[-37.397991,-11.469277],[-37.435539,-11.501839],[-37.434956,-11.510933],[-37.4109,-11.502132],[-37.380096,-11.465463],[-37.372177,-11.473384],[-37.384205,-11.482184],[-37.380978,-11.47221],[-37.389484,-11.481598],[-37.384205,-11.484531],[-37.380096,-11.482771],[-37.36895,-11.470743],[-37.373055,-11.466636],[-37.360443,-11.460769],[-37.364254,-11.457836],[-37.356628,-11.455489],[-37.356335,-11.460769],[-37.395351,-11.502426],[-37.424686,-11.550829],[-37.526188,-11.763511],[-37.531761,-11.767031],[-37.534107,-11.760284],[-37.53616,-11.770845],[-37.543789,-11.769085],[-37.535282,-11.774072],[-37.537628,-11.786099],[-37.510345,-11.738283],[-37.608032,-11.968272],[-37.619473,-11.97502],[-37.611259,-11.97766],[-37.684891,-12.092068],[-37.696335,-12.075934],[-37.697212,-12.084147],[-37.688705,-12.096762],[-37.697212,-12.119057],[-37.776417,-12.239332],[-37.93219,-12.439106],[-37.955364,-12.474895],[-37.976192,-12.5409],[-38.001423,-12.579916],[-38.033398,-12.597224],[-38.04425,-12.588717],[-38.036919,-12.600745],[-38.048653,-12.611599],[-38.050411,-12.640934],[-38.068893,-12.666749],[-38.184769,-12.778224],[-38.250771,-12.86623],[-38.280109,-12.882951],[-38.284214,-12.875324],[-38.293015,-12.875911],[-38.295948,-12.863003],[-38.305042,-12.86535],[-38.300938,-12.86623],[-38.296829,-12.86447],[-38.294483,-12.875911],[-38.281281,-12.886765],[-38.324989,-12.937222],[-38.359901,-12.961277],[-38.374275,-12.95541],[-38.395103,-12.959517],[-38.471668,-13.014668],[-38.541779,-13.010561],[-38.542072,-13.00176],[-38.51215,-12.957463],[-38.511272,-12.941622],[-38.525352,-12.926661],[-38.501591,-12.908767],[-38.498657,-12.916687],[-38.507164,-12.920794],[-38.500126,-12.936342],[-38.48135,-12.901726],[-38.497189,-12.901726],[-38.47636,-12.841588],[-38.491322,-12.830148],[-38.499538,-12.794065],[-38.495724,-12.800519],[-38.473427,-12.788785],[-38.468735,-12.794065],[-38.475483,-12.794945],[-38.483696,-12.817533],[-38.473427,-12.810493],[-38.457588,-12.817827],[-38.449371,-12.777051],[-38.465801,-12.787025],[-38.484283,-12.777051],[-38.488388,-12.791425],[-38.496601,-12.787905],[-38.507164,-12.755049],[-38.497189,-12.744195],[-38.498657,-12.728354],[-38.532684,-12.740381],[-38.546181,-12.715739],[-38.548821,-12.715739],[-38.54002,-12.733634],[-38.546768,-12.72542],[-38.557621,-12.72542],[-38.564957,-12.712219],[-38.577568,-12.714566],[-38.581676,-12.696378],[-38.583729,-12.702538],[-38.580502,-12.714273],[-38.593117,-12.71662],[-38.602505,-12.734514],[-38.610424,-12.732461],[-38.605438,-12.726007],[-38.610718,-12.720433],[-38.62656,-12.72454],[-38.621281,-12.692564],[-38.640053,-12.696965],[-38.643867,-12.687577],[-38.627148,-12.679363],[-38.63184,-12.67555],[-38.617172,-12.674083],[-38.63184,-12.67379],[-38.637413,-12.662936],[-38.642986,-12.660002],[-38.64827,-12.624506],[-38.674965,-12.632133],[-38.696671,-12.628907],[-38.700485,-12.599278],[-38.691978,-12.595171],[-38.690804,-12.58461],[-38.710461,-12.591651],[-38.71339,-12.610425],[-38.732166,-12.608372],[-38.718674,-12.615999],[-38.726593,-12.660589],[-38.73246,-12.642988],[-38.755341,-12.639174],[-38.754169,-12.642988],[-38.743313,-12.642988],[-38.743019,-12.650028],[-38.735394,-12.653255],[-38.739502,-12.663522],[-38.728062,-12.667629],[-38.730408,-12.670856],[-38.728062,-12.68083],[-38.755341,-12.7175],[-38.748009,-12.745955],[-38.753876,-12.750942],[-38.756222,-12.762383],[-38.771183,-12.773237],[-38.777931,-12.82076],[-38.815773,-12.847162],[-38.834255,-12.830441],[-38.845696,-12.834841],[-38.84716,-12.853616],[-38.825748,-12.863003],[-38.798466,-12.840415],[-38.782917,-12.880018],[-38.772942,-12.884125],[-38.778225,-12.887938],[-38.770302,-12.886765],[-38.767075,-12.879138],[-38.773823,-12.879138],[-38.761795,-12.86447],[-38.746834,-12.882071],[-38.747421,-12.873857],[-38.721313,-12.875031],[-38.735981,-12.878844],[-38.739502,-12.896739],[-38.756222,-12.904953],[-38.751236,-12.91434],[-38.76033,-12.925781],[-38.757103,-12.96245],[-38.765022,-12.95541],[-38.768837,-12.965091],[-38.75798,-12.968318],[-38.761795,-12.977118],[-38.770302,-12.976825],[-38.762089,-12.987679],[-38.767075,-12.997653],[-38.772652,-12.992079],[-38.803452,-13.029629],[-38.823692,-13.021708],[-38.812252,-13.032562],[-38.819588,-13.038429],[-38.818707,-13.05427],[-38.853027,-13.050163],[-38.827213,-13.062484],[-38.845108,-13.061311],[-38.845108,-13.073632],[-38.841,-13.063951],[-38.807854,-13.067471],[-38.811958,-13.105021],[-38.827507,-13.122035],[-38.86095,-13.108834],[-38.864178,-13.114701],[-38.832493,-13.13553],[-38.811665,-13.138756],[-38.806385,-13.148437],[-38.83836,-13.157825],[-38.911701,-13.214735],[-38.922554,-13.216202],[-38.92989,-13.209748],[-38.932529,-13.210335],[-38.936634,-13.207108],[-38.945141,-13.206228],[-38.959225,-13.215322],[-38.955704,-13.217082],[-38.945141,-13.207988],[-38.925488,-13.215029],[-38.952183,-13.245831],[-38.968025,-13.293354],[-38.969784,-13.345865],[-38.956291,-13.381654],[-39.0,-13.361999],[-39.032562,-13.373733],[-39.037842,-13.385468],[-39.036671,-13.393975],[-39.020828,-13.401309],[-38.996773,-13.395442],[-38.958344,-13.402775],[-38.942501,-13.395442],[-38.921673,-13.372853],[-38.907005,-13.380774],[-38.906418,-13.426537],[-38.891167,-13.443258],[-38.891167,-13.45998],[-38.906712,-13.480514],[-38.921383,-13.479928],[-38.906418,-13.488435],[-38.932236,-13.518357],[-38.937222,-13.56324],[-38.930473,-13.576735],[-38.955997,-13.564707],[-38.969196,-13.569694],[-38.970371,-13.575855],[-38.955116,-13.568814],[-38.95013,-13.574681],[-38.933701,-13.580842],[-38.946022,-13.584655],[-38.935169,-13.584655],[-38.919033,-13.577028],[-38.917858,-13.589936],[-38.902901,-13.59991],[-38.906124,-13.624258],[-38.889698,-13.620738],[-38.892044,-13.659167],[-38.900551,-13.660047],[-38.899967,-13.651247],[-38.907593,-13.653887],[-38.906124,-13.644206],[-38.914928,-13.638046],[-38.918446,-13.643913],[-38.907005,-13.645966],[-38.908768,-13.65418],[-38.906712,-13.656234],[-38.900551,-13.65418],[-38.900845,-13.667088],[-38.919327,-13.676182],[-38.923725,-13.660047],[-38.934875,-13.657994],[-38.968315,-13.674715],[-38.968025,-13.626605],[-38.983864,-13.614284],[-38.987972,-13.630125],[-38.973011,-13.644206],[-38.973892,-13.665914],[-38.982986,-13.665034],[-38.966263,-13.685862],[-38.99472,-13.730746],[-38.999706,-13.783256],[-38.981224,-13.83342],[-38.990025,-13.843687],[-39.011734,-13.84222],[-39.019947,-13.817872],[-39.017895,-13.8343],[-39.026402,-13.846327],[-39.017014,-13.851021],[-39.031975,-13.855128],[-39.021709,-13.857181],[-39.009975,-13.848087],[-38.987972,-13.858355],[-39.006748,-13.857181],[-39.019653,-13.895904],[-39.031681,-13.902065],[-39.053097,-13.88417],[-39.055443,-13.872436],[-39.070698,-13.880356],[-39.078323,-13.870382],[-39.075394,-13.88241],[-39.089767,-13.887984],[-39.081261,-13.906758],[-39.074512,-13.909985],[-39.0839,-13.934627],[-39.074512,-13.947828],[-39.059551,-13.950175],[-39.049282,-13.939614],[-39.046349,-13.961616],[-39.027576,-13.962789],[-39.024937,-13.970416],[-39.006748,-13.967189],[-38.998825,-13.97511],[-39.004692,-14.015886],[-39.023762,-14.02322],[-39.010853,-14.022927],[-38.987972,-14.045808],[-38.98592,-14.083651],[-38.963036,-14.071623],[-38.97213,-14.060769],[-38.963917,-14.042581],[-38.986214,-14.02762],[-38.980347,-14.006792],[-38.966263,-14.002392],[-38.967438,-13.996231],[-38.979172,-13.999752],[-38.980347,-13.992418],[-38.967438,-13.97951],[-38.963329,-13.991244],[-38.959518,-13.97511],[-38.966263,-13.97335],[-38.958344,-13.971296],[-38.952183,-13.965136],[-38.967438,-13.970416],[-38.973892,-13.963376],[-38.983864,-13.947535],[-38.967144,-13.929933],[-38.98592,-13.940494],[-38.992958,-13.932573],[-38.991199,-13.912625],[-38.968315,-13.904705],[-38.972424,-13.902945],[-38.988853,-13.907638],[-38.963329,-13.899718],[-38.95013,-13.879476],[-38.937809,-13.88681],[-38.929592,-13.910865],[-38.953651,-14.075144],[-38.987972,-14.199233],[-38.992958,-14.269051],[-39.025814,-14.276972],[-39.046055,-14.294279],[-38.992664,-14.271984],[-38.982986,-14.274918],[-38.976238,-14.290172],[-39.002052,-14.378472],[-39.030506,-14.533363],[-39.06131,-14.635744],[-39.05867,-14.739885],[-39.048695,-14.7701],[-39.052216,-14.772447],[-39.059258,-14.753672],[-39.059551,-14.781541],[-39.056618,-14.787115],[-39.052509,-14.775381],[-39.028454,-14.783888],[-39.022587,-14.770394],[-39.019653,-14.780074],[-39.028454,-14.804716],[-39.035202,-14.802076],[-39.042538,-14.807943],[-39.04987,-14.796209],[-39.044884,-14.81117],[-39.064243,-14.81469],[-39.067471,-14.805303],[-39.070404,-14.813223],[-39.064243,-14.821144],[-39.040775,-14.817037],[-39.041656,-14.826424],[-39.034027,-14.805303],[-39.017014,-14.805889],[-39.024639,-14.840799],[-39.020535,-14.917364],[-39.002052,-14.960781],[-39.003815,-14.976622],[-38.993839,-14.985716],[-38.997948,-14.99745],[-38.992081,-14.99657],[-38.993839,-15.092497],[-39.007919,-15.093377],[-38.995304,-15.102471],[-39.009682,-15.202505],[-39.006161,-15.23008],[-39.016426,-15.218346],[-39.007919,-15.241227],[-39.004986,-15.233894],[-38.998531,-15.244161],[-38.995304,-15.290804],[-39.002052,-15.308406],[-38.990612,-15.31838],[-38.984158,-15.354756],[-38.989437,-15.313393],[-38.997654,-15.301952],[-38.983864,-15.314273],[-38.952183,-15.46095],[-38.960102,-15.458016],[-38.967438,-15.445402],[-38.975357,-15.447456],[-38.965969,-15.449509],[-38.959518,-15.463297],[-38.981224,-15.491752],[-38.979759,-15.540156],[-38.975945,-15.542796],[-38.966557,-15.532235],[-38.970371,-15.545729],[-38.957169,-15.553356],[-38.956291,-15.59824],[-38.966263,-15.597653],[-38.954529,-15.637549],[-38.96069,-15.64723],[-38.987091,-15.654857],[-38.950424,-15.647523],[-38.952183,-15.664244],[-38.948662,-15.680672],[-38.971252,-15.685073],[-38.947197,-15.69006],[-38.962158,-15.696807],[-38.944557,-15.696807],[-38.948074,-15.717635],[-38.942501,-15.708834],[-38.932819,-15.715875],[-38.920502,-15.765158],[-38.902901,-15.776599],[-38.889992,-15.806228],[-38.895271,-15.777479],[-38.872097,-15.840844],[-38.887939,-15.845831],[-38.890579,-15.849938],[-38.890285,-15.862259],[-38.859188,-15.856392],[-38.857136,-15.864312],[-38.901138,-15.93325],[-38.940449,-16.043259],[-38.957169,-16.125984],[-38.947781,-16.167641],[-38.95805,-16.176735],[-38.95805,-16.192575],[-39.010559,-16.244205],[-39.020535,-16.263273],[-39.019653,-16.275007],[-39.026108,-16.270315],[-39.023762,-16.318424],[-39.019653,-16.329279],[-39.005573,-16.334267],[-39.005573,-16.346586],[-39.013786,-16.352453],[-39.007919,-16.37739],[-39.038723,-16.39323],[-39.062191,-16.432541],[-39.06131,-16.453367],[-39.070404,-16.456009],[-39.069229,-16.462168],[-39.059551,-16.460995],[-39.076271,-16.539907],[-39.0839,-16.545774],[-39.092995,-16.657541],[-39.101208,-16.681597],[-39.110302,-16.679251],[-39.102085,-16.694212],[-39.107075,-16.719147],[-39.137875,-16.762564],[-39.148438,-16.805393],[-39.143742,-16.866705],[-39.124676,-16.886652],[-39.129074,-16.890467],[-39.115582,-16.896626],[-39.133476,-16.905428],[-39.15049,-16.927427],[-39.154598,-16.983459],[-39.170731,-17.012209],[-39.178947,-17.005167],[-39.167213,-17.061785],[-39.177185,-17.07],[-39.180412,-17.111654],[-39.20388,-17.13747],[-39.213856,-17.189981],[-39.222069,-17.191446],[-39.213856,-17.197609],[-39.221188,-17.31671],[-39.192146,-17.444319],[-39.193909,-17.587477],[-39.182175,-17.621798],[-39.136997,-17.690737],[-39.190094,-17.741194],[-39.227642,-17.751167],[-39.264313,-17.739727],[-39.266659,-17.725351],[-39.299221,-17.718605],[-39.310955,-17.684576],[-39.313889,-17.692497],[-39.302448,-17.727114],[-39.347626,-17.715378],[-39.306847,-17.72946],[-39.303329,-17.729753],[-39.294235,-17.721245],[-39.278687,-17.727406],[-39.287193,-17.729166],[-39.289246,-17.742073],[-39.31213,-17.73826],[-39.302448,-17.744715],[-39.291595,-17.744715],[-39.28426,-17.741194],[-39.275459,-17.748234],[-39.277512,-17.757916],[-39.28426,-17.752928],[-39.292179,-17.762608],[-39.289246,-17.76965],[-39.281326,-17.769062],[-39.287781,-17.782557],[-39.303329,-17.781384],[-39.289246,-17.78549],[-39.278687,-17.771702],[-39.279861,-17.766129],[-39.290421,-17.765835],[-39.273701,-17.755861],[-39.274578,-17.747355],[-39.283089,-17.73914],[-39.279861,-17.732981],[-39.256683,-17.752048],[-39.205055,-17.757916],[-39.205349,-17.774929],[-39.267834,-17.838293],[-39.273701,-17.858242],[-39.265484,-17.86587],[-39.276634,-17.875549],[-39.331783,-17.898726],[-39.339115,-17.898726],[-39.343811,-17.891684],[-39.336769,-17.892859],[-39.335304,-17.896671],[-39.332664,-17.896965],[-39.332077,-17.893444],[-39.334129,-17.891392],[-39.358772,-17.885817],[-39.347038,-17.88171],[-39.357014,-17.880831],[-39.350559,-17.850027],[-39.327381,-17.855309],[-39.350849,-17.847094],[-39.358772,-17.873203],[-39.366692,-17.87291],[-39.373734,-17.877897],[-39.362,-17.87907],[-39.363758,-17.892565],[-39.356133,-17.901657],[-39.400723,-17.918673],[-39.445019,-17.947128],[-39.522171,-18.031614],[-39.552975,-18.090872],[-39.567348,-18.097912],[-39.571159,-18.086472],[-39.571159,-18.099966],[-39.560307,-18.102606],[-39.582016,-18.125195],[-39.637165,-18.21496],[-39.664742,-18.282433],[-39.670315,-18.328489],[-39.698769,-18.373371],[-39.737785,-18.550852],[-39.744534,-18.539997],[-39.7416,-18.560532],[-39.737198,-18.554079],[-39.735439,-18.604242],[-39.738373,-18.608643],[-39.739548,-18.599255],[-39.742477,-18.610403],[-39.748932,-18.604242],[-39.745121,-18.612164],[-39.73661,-18.610403],[-39.735439,-18.617443],[-39.747173,-18.650005],[-39.753922,-18.729212],[-39.756268,-18.865034],[-39.748055,-18.962427],[-39.756268,-18.963308],[-39.747173,-18.965948],[-39.733681,-19.182444],[-39.722824,-19.229088],[-39.728691,-19.25989],[-39.721359,-19.339975],[-39.733681,-19.396591],[-39.810539,-19.590794],[-39.808777,-19.604874],[-39.832245,-19.600473],[-39.82579,-19.627169],[-39.854248,-19.634502],[-40.018818,-19.764166],[-40.055489,-19.809929],[-40.067223,-19.856571],[-40.09333,-19.890308],[-40.106239,-19.924337],[-40.165791,-19.953672],[-40.175472,-19.950151],[-40.178406,-19.935484],[-40.181629,-19.947805],[-40.194244,-19.948685],[-40.169895,-19.955433],[-40.144081,-19.953672],[-40.133816,-19.967461],[-40.163734,-20.038452],[-40.198647,-20.054293],[-40.177231,-20.076588],[-40.175472,-20.106804],[-40.196301,-20.199209],[-40.211262,-20.230013],[-40.217129,-20.229132],[-40.215366,-20.241747],[-40.239128,-20.287216],[-40.249104,-20.290443],[-40.263184,-20.270494],[-40.277557,-20.275482],[-40.297215,-20.293377],[-40.2934,-20.29631],[-40.287239,-20.295725],[-40.304253,-20.320366],[-40.315987,-20.315378],[-40.345909,-20.323887],[-40.361164,-20.315966],[-40.353828,-20.293377],[-40.325081,-20.267855],[-40.31892,-20.272549],[-40.323029,-20.261694],[-40.314228,-20.241159],[-40.339161,-20.246147],[-40.337109,-20.264921],[-40.351776,-20.282816],[-40.357643,-20.276361],[-40.364685,-20.313326],[-40.357643,-20.326233],[-40.323322,-20.323006],[-40.31012,-20.330339],[-40.305721,-20.324472],[-40.296627,-20.328873],[-40.278439,-20.321245],[-40.270515,-20.327406],[-40.275799,-20.329754],[-40.286358,-20.3409],[-40.287827,-20.354101],[-40.308949,-20.371702],[-40.33036,-20.420692],[-40.329189,-20.425386],[-40.323616,-20.425093],[-40.32391,-20.429199],[-40.348843,-20.471737],[-40.363804,-20.51926],[-40.401352,-20.565903],[-40.408688,-20.601692],[-40.437435,-20.642176],[-40.442425,-20.635427],[-40.455036,-20.638655],[-40.454159,-20.627214],[-40.469116,-20.625454],[-40.474693,-20.635721],[-40.467945,-20.646576],[-40.474693,-20.651562],[-40.470879,-20.660362],[-40.48848,-20.655376],[-40.508427,-20.670338],[-40.523388,-20.66535],[-40.510777,-20.672977],[-40.492882,-20.668283],[-40.515469,-20.6985],[-40.526321,-20.72578],[-40.5228,-20.733408],[-40.53307,-20.735756],[-40.53923,-20.748663],[-40.545685,-20.742208],[-40.558884,-20.750715],[-40.574726,-20.771837],[-40.576195,-20.794132],[-40.585873,-20.797066],[-40.586166,-20.808508],[-40.608463,-20.80792],[-40.628704,-20.844296],[-40.634571,-20.840776],[-40.632221,-20.819948],[-40.65892,-20.807627],[-40.653637,-20.80088],[-40.660385,-20.804108],[-40.657452,-20.813787],[-40.695,-20.836962],[-40.714069,-20.84547],[-40.722576,-20.839603],[-40.757191,-20.862484],[-40.76218,-20.885954],[-40.804714,-20.94169],[-40.812931,-20.97748],[-40.807941,-21.005054],[-40.825542,-20.99332],[-40.821144,-21.000948],[-40.811756,-21.007988],[-40.802956,-21.005936],[-40.815571,-21.035856],[-40.830532,-21.049938],[-40.857815,-21.129143],[-40.916191,-21.174908],[-40.956379,-21.242378],[-40.962833,-21.269073],[-40.960487,-21.360893],[-40.982197,-21.393456],[-40.997154,-21.399029],[-41.02121,-21.444206],[-41.071377,-21.501703],[-41.073723,-21.537493],[-41.049667,-21.592644],[-41.047321,-21.615232],[-41.021797,-21.619633],[-41.009769,-21.61347],[-41.027077,-21.717611],[-40.977207,-21.932348],[-40.984543,-22.002459],[-41.130924,-22.092226],[-41.125351,-22.084892],[-41.135033,-22.081371],[-41.133274,-22.090466],[-41.145302,-22.090172],[-41.13826,-22.094572],[-41.132099,-22.09252],[-41.154102,-22.108654],[-41.225094,-22.142096],[-41.490871,-22.214556],[-41.68742,-22.299627],[-41.697979,-22.285839],[-41.690353,-22.3008],[-41.764278,-22.353018],[-41.774254,-22.372967],[-41.783638,-22.368273],[-41.776012,-22.374725],[-41.767212,-22.37678],[-41.767799,-22.389099],[-41.838203,-22.432224],[-41.85463,-22.448359],[-41.862553,-22.477987],[-41.894234,-22.48884],[-41.934132,-22.533724],[-41.943226,-22.52639],[-41.961704,-22.531378],[-41.981361,-22.561007],[-41.991627,-22.598848],[-41.993389,-22.579487],[-41.997787,-22.588287],[-42.001896,-22.653414],[-41.992214,-22.706802],[-41.978428,-22.727924],[-41.957012,-22.730858],[-41.950558,-22.749046],[-41.931782,-22.767235],[-41.916821,-22.768702],[-41.913303,-22.75374],[-41.900688,-22.746992],[-41.888367,-22.751392],[-41.875168,-22.734673],[-41.868713,-22.739073],[-41.87458,-22.749926],[-41.863724,-22.754913],[-41.877808,-22.761662],[-41.880154,-22.774569],[-41.889542,-22.769287],[-41.883381,-22.784542],[-41.889248,-22.777796],[-41.89658,-22.785421],[-41.913303,-22.778675],[-41.932957,-22.79833],[-41.930904,-22.813877],[-41.942638,-22.808891],[-41.97168,-22.822092],[-41.987228,-22.84996],[-41.981361,-22.871668],[-42.001602,-22.890444],[-42.004536,-22.870789],[-42.013336,-22.870495],[-42.019497,-22.876656],[-42.010696,-22.871962],[-42.006294,-22.88575],[-42.011578,-22.882816],[-42.028885,-22.899244],[-42.037979,-22.936792],[-42.033871,-22.946768],[-42.023018,-22.947353],[-42.02243,-22.960554],[-42.006588,-22.950287],[-42.00864,-22.959969],[-41.998081,-22.960848],[-42.003361,-22.971409],[-42.014217,-22.966129],[-42.020374,-22.971703],[-42.020084,-22.978743],[-42.008057,-22.982555],[-42.014217,-22.997225],[-42.02243,-22.98461],[-42.035336,-22.982555],[-42.033871,-22.973461],[-42.043259,-22.964663],[-42.117477,-22.951166],[-42.420807,-22.936207],[-42.496784,-22.939728],[-42.511745,-22.933861],[-42.651676,-22.939728],[-42.683357,-22.94882],[-42.69157,-22.963781],[-42.725014,-22.956156],[-42.917454,-22.974636],[-42.99754,-22.968769],[-43.05093,-22.98197],[-43.045357,-22.970821],[-43.052399,-22.962023],[-43.104027,-22.956156],[-43.120457,-22.944126],[-43.115761,-22.937086],[-43.132484,-22.937967],[-43.122509,-22.920364],[-43.101681,-22.93474],[-43.094639,-22.916552],[-43.109894,-22.915379],[-43.115761,-22.903645],[-43.129257,-22.908045],[-43.137177,-22.90159],[-43.124561,-22.893377],[-43.132774,-22.877537],[-43.11224,-22.879295],[-43.093761,-22.837639],[-43.096989,-22.827372],[-43.067066,-22.802437],[-43.082027,-22.790115],[-43.068825,-22.776623],[-43.070583,-22.769287],[-43.064133,-22.761953],[-43.030102,-22.746992],[-43.02541,-22.741713],[-43.031277,-22.724991],[-43.024529,-22.724112],[-43.0345,-22.716778],[-43.029514,-22.691549],[-43.083199,-22.67864],[-43.114883,-22.695362],[-43.124855,-22.713844],[-43.157417,-22.707977],[-43.213448,-22.726166],[-43.216675,-22.737019],[-43.231636,-22.7379],[-43.269772,-22.768408],[-43.288841,-22.800091],[-43.281799,-22.815344],[-43.243664,-22.839106],[-43.238384,-22.877241],[-43.211689,-22.870495],[-43.209927,-22.89455],[-43.165047,-22.893669],[-43.174725,-22.898363],[-43.157124,-22.912445],[-43.173847,-22.913324],[-43.169739,-22.937674],[-43.181179,-22.945887],[-43.170033,-22.950581],[-43.150963,-22.937086],[-43.148617,-22.948235],[-43.162991,-22.95322],[-43.15918,-22.963781],[-43.185581,-22.973461],[-43.183231,-22.985491],[-43.222542,-22.98637],[-43.238678,-22.999277],[-43.266251,-22.999277],[-43.287666,-23.018051],[-43.370979,-23.012184],[-43.426716,-23.018051],[-43.470718,-23.03624],[-43.495949,-23.03624],[-43.514137,-23.04944],[-43.53907,-23.050322],[-43.557552,-23.077896],[-43.577793,-23.073202],[-43.562836,-23.053255],[-43.565765,-23.045334],[-43.568703,-23.046801],[-43.569286,-23.052961],[-43.579262,-23.048855],[-43.590702,-23.03536],[-43.627666,-23.009544],[-43.657585,-23.003677],[-43.671669,-22.98197],[-43.691616,-22.991358],[-43.713326,-22.969648],[-43.721832,-22.973757],[-43.730045,-22.954687],[-43.767593,-22.936207],[-43.777863,-22.922419],[-43.790771,-22.923885],[-43.794289,-22.915379],[-43.819225,-22.920364],[-43.825092,-22.912151],[-43.8204,-22.920952],[-43.835068,-22.931219],[-43.854134,-22.926231],[-43.857948,-22.918312],[-43.835361,-22.910097],[-43.843281,-22.903057],[-43.873203,-22.906284],[-43.884056,-22.922125],[-43.910751,-22.932098],[-43.952408,-22.927113],[-44.004917,-22.942953],[-44.031322,-22.965836],[-44.037479,-22.98461],[-44.058895,-22.980797],[-44.044521,-22.963196],[-44.049213,-22.942074],[-44.075031,-22.952929],[-44.085297,-22.959969],[-44.077084,-22.969942],[-44.082951,-22.99341],[-44.097031,-22.996637],[-44.098793,-23.010132],[-44.112873,-23.025093],[-44.152477,-23.042988],[-44.160103,-23.03624],[-44.173306,-23.03624],[-44.172131,-23.048267],[-44.193253,-23.057068],[-44.19912,-23.041227],[-44.23843,-23.058828],[-44.253681,-23.051788],[-44.223763,-23.018347],[-44.245762,-23.002211],[-44.27158,-23.004559],[-44.296806,-23.027145],[-44.309715,-23.024214],[-44.302086,-23.011599],[-44.306782,-23.004559],[-44.355476,-23.031839],[-44.365452,-23.010717],[-44.35577,-23.009544],[-44.356945,-23.000744],[-44.344917,-22.990477],[-44.329075,-22.994583],[-44.330544,-22.983437],[-44.312649,-22.980503],[-44.302086,-22.959087],[-44.320862,-22.958796],[-44.335529,-22.968475],[-44.338757,-22.958502],[-44.330544,-22.95586],[-44.334648,-22.945007],[-44.322037,-22.938259],[-44.324966,-22.927994],[-44.347557,-22.923885],[-44.354305,-22.932098],[-44.3634,-22.923885],[-44.36721,-22.930925],[-44.361343,-22.933273],[-44.375423,-22.94178],[-44.368385,-22.947941],[-44.365746,-22.940313],[-44.349609,-22.945887],[-44.385105,-22.973757],[-44.380413,-22.959969],[-44.408279,-22.952929],[-44.412388,-22.943834],[-44.423241,-22.961142],[-44.435562,-22.965836],[-44.430283,-22.97933],[-44.440552,-22.994291],[-44.426174,-22.998398],[-44.444656,-23.009253],[-44.433804,-23.020987],[-44.440842,-23.027145],[-44.461376,-23.018347],[-44.462551,-23.007198],[-44.478394,-23.007198],[-44.504208,-23.031254],[-44.53677,-23.030373],[-44.595734,-23.064695],[-44.601307,-23.061762],[-44.591335,-23.051788],[-44.595734,-23.047094],[-44.669952,-23.056189],[-44.694595,-23.09667],[-44.698704,-23.120726],[-44.68961,-23.130114],[-44.699581,-23.135101],[-44.692837,-23.146542],[-44.707211,-23.159157],[-44.698704,-23.175877],[-44.716599,-23.182917],[-44.706329,-23.18585],[-44.722172,-23.199345],[-44.708088,-23.214893],[-44.71249,-23.232788],[-44.696648,-23.231321],[-44.669071,-23.205505],[-44.660858,-23.206972],[-44.655579,-23.190838],[-44.64502,-23.184677],[-44.644138,-23.196117],[-44.616268,-23.204039],[-44.627125,-23.213427],[-44.626537,-23.224573],[-44.641792,-23.215481],[-44.653233,-23.222815],[-44.662621,-23.215481],[-44.664673,-23.227507],[-44.654697,-23.227507],[-44.668488,-23.236307],[-44.674648,-23.231613],[-44.678753,-23.239243],[-44.669365,-23.241295],[-44.68462,-23.242468],[-44.677876,-23.246574],[-44.688435,-23.253616],[-44.671715,-23.244522],[-44.666725,-23.248922],[-44.653233,-23.235428],[-44.639153,-23.233667],[-44.634163,-23.240416],[-44.613628,-23.235134],[-44.656754,-23.295567],[-44.641205,-23.300846],[-44.647072,-23.290873],[-44.632111,-23.282366],[-44.623016,-23.260071],[-44.599548,-23.24511],[-44.598373,-23.235428],[-44.561707,-23.2278],[-44.577839,-23.246574],[-44.583706,-23.269163],[-44.547623,-23.275324],[-44.537651,-23.268869],[-44.503037,-23.295858],[-44.507435,-23.302898],[-44.530022,-23.290285],[-44.542637,-23.307886],[-44.554958,-23.306126],[-44.568745,-23.342503],[-44.605709,-23.369492],[-44.608643,-23.351597],[-44.619202,-23.353064],[-44.625069,-23.342796],[-44.635925,-23.35453],[-44.631229,-23.340742],[-44.643257,-23.334581],[-44.654114,-23.344557],[-44.663498,-23.342209],[-44.660858,-23.349543],[-44.673473,-23.347782],[-44.677582,-23.33869],[-44.686672,-23.35453],[-44.701633,-23.342796],[-44.716011,-23.347197],[-44.732143,-23.360104],[-44.725983,-23.37125],[-44.751801,-23.368025],[-44.786709,-23.379465],[-44.793453,-23.37125],[-44.829247,-23.389732],[-44.847137,-23.389147],[-44.840393,-23.371838],[-44.868259,-23.359516],[-44.893196,-23.373892],[-44.888798,-23.339275],[-44.909916,-23.335463],[-44.92165,-23.351303],[-44.943359,-23.359516],[-44.94952,-23.379171],[-44.961548,-23.380344],[-44.98003,-23.402933],[-44.994991,-23.398827],[-45.009953,-23.40616],[-45.016697,-23.419655],[-45.034298,-23.414667],[-45.047501,-23.426989],[-45.060116,-23.418774],[-45.062168,-23.430801],[-45.072144,-23.433441],[-45.064514,-23.45339],[-45.056595,-23.458672],[-45.039288,-23.448696],[-45.034885,-23.46043],[-45.020512,-23.461603],[-45.065983,-23.469524],[-45.085049,-23.522915],[-45.089157,-23.49534],[-45.108227,-23.498859],[-45.109104,-23.489473],[-45.125534,-23.50326],[-45.109692,-23.508247],[-45.10881,-23.52409],[-45.115852,-23.527903],[-45.117023,-23.519981],[-45.142254,-23.511768],[-45.140785,-23.502968],[-45.165134,-23.501207],[-45.168362,-23.492113],[-45.178043,-23.499153],[-45.175404,-23.510887],[-45.164551,-23.516754],[-45.168655,-23.528488],[-45.160442,-23.529957],[-45.165134,-23.541983],[-45.190071,-23.541983],[-45.199165,-23.520275],[-45.222633,-23.529661],[-45.230553,-23.539049],[-45.232899,-23.549025],[-45.211193,-23.565159],[-45.213245,-23.583639],[-45.235832,-23.583054],[-45.247566,-23.594494],[-45.260769,-23.591267],[-45.266636,-23.597134],[-45.268394,-23.588627],[-45.283066,-23.587454],[-45.285706,-23.573666],[-45.315041,-23.575426],[-45.346134,-23.600946],[-45.359337,-23.625589],[-45.372536,-23.631163],[-45.380753,-23.625589],[-45.391605,-23.635563],[-45.407448,-23.62295],[-45.415367,-23.630871],[-45.42886,-23.649939],[-45.432968,-23.674873],[-45.422115,-23.724155],[-45.397179,-23.722397],[-45.411259,-23.754959],[-45.397179,-23.779306],[-45.397179,-23.810696],[-45.407154,-23.80835],[-45.404514,-23.818323],[-45.413315,-23.824484],[-45.447636,-23.832111],[-45.467583,-23.818029],[-45.492519,-23.837978],[-45.517452,-23.842964],[-45.516575,-23.832111],[-45.544735,-23.829178],[-45.539455,-23.816856],[-45.559696,-23.809229],[-45.563217,-23.792801],[-45.62746,-23.805414],[-45.630394,-23.787521],[-45.645943,-23.785467],[-45.648289,-23.778721],[-45.669117,-23.787228],[-45.673225,-23.776373],[-45.698456,-23.783707],[-45.70256,-23.773733],[-45.745975,-23.768745],[-45.761818,-23.771973],[-45.766804,-23.764639],[-45.80846,-23.771385],[-45.806408,-23.764053],[-45.820782,-23.758772],[-45.898228,-23.767866],[-45.898521,-23.757011],[-45.901749,-23.766987],[-45.989166,-23.791334],[-46.000023,-23.805414],[-46.012634,-23.80131],[-46.035812,-23.811283],[-46.046665,-23.832991],[-46.054585,-23.830057],[-46.048718,-23.82155],[-46.068375,-23.81539],[-46.110909,-23.83123],[-46.136726,-23.857046],[-46.156967,-23.861446],[-46.175739,-23.887848],[-46.16782,-23.881687],[-46.154327,-23.863792],[-46.126163,-23.859098],[-46.138779,-23.868486],[-46.141418,-23.892542],[-46.15374,-23.89753],[-46.148754,-23.907503],[-46.164299,-23.907797],[-46.182194,-23.925983],[-46.181316,-23.937426],[-46.162834,-23.94652],[-46.186302,-23.964121],[-46.188648,-23.978201],[-46.186302,-23.984947],[-46.188061,-23.986708],[-46.183662,-23.991695],[-46.205078,-24.001375],[-46.213291,-23.987883],[-46.248493,-23.99375],[-46.264629,-24.006657],[-46.25964,-24.013405],[-46.276363,-24.021618],[-46.274601,-24.035112],[-46.28252,-24.04538],[-46.28223,-24.023378],[-46.291615,-24.016336],[-46.308338,-24.02807],[-46.310097,-24.020445],[-46.321243,-24.021618],[-46.321243,-23.999029],[-46.296604,-23.99375],[-46.288685,-23.984068],[-46.293671,-23.965],[-46.308044,-23.951799],[-46.31039,-23.925692],[-46.323299,-23.921289],[-46.332687,-23.927158],[-46.337967,-23.920998],[-46.32946,-23.91161],[-46.335915,-23.902809],[-46.354099,-23.908676],[-46.380211,-23.898703],[-46.381969,-23.915131],[-46.403385,-23.91865],[-46.405437,-23.922464],[-46.392529,-23.93449],[-46.423332,-23.93449],[-46.434772,-23.939772],[-46.422157,-23.964121],[-46.424507,-23.976734],[-46.431839,-23.973801],[-46.435066,-23.979668],[-46.40749,-23.988762],[-46.389889,-23.977028],[-46.376396,-23.985828],[-46.389599,-23.999323],[-46.377861,-24.018391],[-46.386372,-24.017511],[-46.394291,-24.032179],[-46.397518,-24.016336],[-46.418346,-24.014578],[-46.497551,-24.034525],[-46.785038,-24.185602],[-46.797653,-24.188829],[-46.797066,-24.180908],[-46.804108,-24.172108],[-46.805279,-24.175922],[-46.798824,-24.181789],[-46.800587,-24.188244],[-46.792957,-24.190002],[-46.796772,-24.194696],[-46.847523,-24.217873],[-47.007988,-24.330812],[-47.002121,-24.332573],[-47.000359,-24.355162],[-47.031162,-24.383324],[-47.027641,-24.384497],[-47.019135,-24.37863],[-47.012096,-24.395939],[-47.002121,-24.400045],[-47.005348,-24.410898],[-47.076633,-24.446396],[-47.0737,-24.433487],[-47.081619,-24.429674],[-47.089249,-24.431141],[-47.082794,-24.441702],[-47.089249,-24.449621],[-47.081326,-24.444048],[-47.085434,-24.451675],[-47.152611,-24.497145],[-47.189575,-24.529121],[-47.190746,-24.537922],[-47.231525,-24.55699],[-47.230057,-24.573711],[-47.262619,-24.582806],[-47.400787,-24.66465],[-47.404602,-24.659958],[-47.375267,-24.638248],[-47.391693,-24.64617],[-47.393749,-24.635021],[-47.405777,-24.631208],[-47.393749,-24.638248],[-47.396389,-24.651743],[-47.410469,-24.660837],[-47.403725,-24.668465],[-47.424259,-24.680492],[-47.440979,-24.671398],[-47.455059,-24.685478],[-47.465916,-24.686945],[-47.470901,-24.692226],[-47.484982,-24.690466],[-47.50845,-24.698093],[-47.523411,-24.691345],[-47.557442,-24.711294],[-47.563309,-24.717161],[-47.571228,-24.695745],[-47.566242,-24.681665],[-47.572987,-24.679026],[-47.568001,-24.683426],[-47.572987,-24.695745],[-47.56683,-24.723028],[-47.639286,-24.762924],[-47.726707,-24.830397],[-47.741669,-24.818663],[-47.74548,-24.827461],[-47.734627,-24.828342],[-47.738731,-24.83597],[-47.780094,-24.865305],[-47.793297,-24.879679],[-47.800926,-24.87616],[-47.806793,-24.881145],[-47.808846,-24.875866],[-47.810604,-24.882612],[-47.803272,-24.887894],[-47.82674,-24.887012],[-47.86253,-24.89464],[-47.872501,-24.885254],[-47.875141,-24.892],[-47.882183,-24.88496],[-47.875729,-24.892879],[-47.865463,-24.892588],[-47.883064,-24.904322],[-47.882771,-24.907549],[-47.878078,-24.913416],[-47.895969,-24.914589],[-47.919147,-24.94803],[-47.927654,-24.945391],[-47.926773,-24.94803],[-47.922668,-24.949497],[-47.915039,-24.947151],[-47.91328,-24.953897],[-47.930882,-24.963873],[-47.934692,-24.956537],[-47.955521,-24.994968],[-47.979282,-25.019609],[-47.993073,-25.016676],[-47.987789,-24.9891],[-47.993366,-24.98382],[-48.0051,-25.018728],[-48.015072,-25.018728],[-48.016247,-25.008463],[-48.01918,-25.006115],[-48.026222,-25.010809],[-48.020939,-25.019609],[-48.034142,-25.014622],[-48.043823,-25.019316],[-48.046757,-25.027822],[-48.026222,-25.025183],[-48.040302,-25.030758],[-48.0271,-25.04425],[-48.038246,-25.061266],[-48.045876,-25.063906],[-48.059956,-25.047186],[-48.066998,-25.045717],[-48.061718,-25.056278],[-48.052036,-25.059212],[-48.062012,-25.065079],[-48.059662,-25.070946],[-48.043236,-25.066254],[-48.01918,-25.072121],[-48.014488,-25.08004],[-48.036194,-25.11319],[-48.036781,-25.123751],[-48.023289,-25.116417],[-48.018005,-25.127563],[-48.029739,-25.13343],[-48.037956,-25.155725],[-48.030033,-25.163059],[-48.021233,-25.165993],[-48.026222,-25.167459],[-48.023582,-25.16922],[-48.027981,-25.177435],[-48.025929,-25.182129],[-47.992779,-25.175966],[-47.999527,-25.188288],[-47.999527,-25.195915],[-47.9963,-25.209116],[-48.00275,-25.209995],[-48.003632,-25.195915],[-48.005978,-25.192102],[-48.015366,-25.194155],[-48.007153,-25.203249],[-48.013901,-25.20853],[-48.007153,-25.209995],[-48.009499,-25.21909],[-48.023289,-25.227892],[-48.029156,-25.222904],[-48.030327,-25.227598],[-48.0271,-25.234051],[-48.048515,-25.248718],[-48.09956,-25.298296],[-48.1022,-25.304163],[-48.1022,-25.312378],[-48.093693,-25.320004],[-48.10836,-25.322939],[-48.160576,-25.373396],[-48.196953,-25.425905],[-48.212502,-25.468735],[-48.236851,-25.469616],[-48.255329,-25.444973],[-48.255329,-25.425905],[-48.243011,-25.407425],[-48.22805,-25.409184],[-48.229221,-25.40449],[-48.236263,-25.402437],[-48.234501,-25.386597],[-48.221302,-25.379263],[-48.220421,-25.349926],[-48.227169,-25.339071],[-48.209862,-25.350513],[-48.213089,-25.341713],[-48.221302,-25.334085],[-48.209568,-25.336725],[-48.207516,-25.31883],[-48.191673,-25.320297],[-48.184044,-25.329685],[-48.180527,-25.324112],[-48.191967,-25.314137],[-48.180527,-25.314137],[-48.188446,-25.30299],[-48.165855,-25.300348],[-48.171726,-25.291256],[-48.149136,-25.293896],[-48.134174,-25.285389],[-48.195782,-25.290375],[-48.215729,-25.303869],[-48.230984,-25.303869],[-48.235088,-25.293016],[-48.231567,-25.312963],[-48.239197,-25.31883],[-48.246822,-25.312963],[-48.238903,-25.320885],[-48.260025,-25.328806],[-48.267063,-25.309151],[-48.276157,-25.306803],[-48.275574,-25.288322],[-48.284081,-25.295362],[-48.288479,-25.289495],[-48.288773,-25.294189],[-48.278507,-25.308857],[-48.267944,-25.313257],[-48.28056,-25.324112],[-48.267063,-25.325871],[-48.28936,-25.335552],[-48.298454,-25.329685],[-48.298748,-25.345819],[-48.305492,-25.346699],[-48.315762,-25.366354],[-48.324268,-25.365475],[-48.339523,-25.34934],[-48.307255,-25.324991],[-48.313416,-25.326164],[-48.318401,-25.331446],[-48.315762,-25.322939],[-48.324268,-25.333792],[-48.324856,-25.322058],[-48.331017,-25.332912],[-48.33131,-25.312378],[-48.316643,-25.316191],[-48.306374,-25.314137],[-48.30843,-25.308857],[-48.316643,-25.314724],[-48.328083,-25.30827],[-48.323387,-25.302111],[-48.332775,-25.300936],[-48.326321,-25.281574],[-48.332188,-25.271601],[-48.324562,-25.267494],[-48.341282,-25.259279],[-48.331604,-25.255466],[-48.325737,-25.261333],[-48.315468,-25.246666],[-48.330135,-25.252827],[-48.328083,-25.239918],[-48.332481,-25.229651],[-48.333656,-25.233465],[-48.330429,-25.238453],[-48.338348,-25.244612],[-48.343338,-25.236984],[-48.345978,-25.249599],[-48.35302,-25.236692],[-48.351257,-25.253412],[-48.358887,-25.254293],[-48.351257,-25.259279],[-48.361816,-25.258694],[-48.366219,-25.265146],[-48.356537,-25.260452],[-48.352139,-25.266027],[-48.368271,-25.280401],[-48.38382,-25.280695],[-48.381767,-25.283922],[-48.377071,-25.285095],[-48.381767,-25.28891],[-48.396141,-25.283335],[-48.390862,-25.279522],[-48.403477,-25.281281],[-48.413742,-25.260748],[-48.419609,-25.260748],[-48.422836,-25.243439],[-48.416676,-25.241385],[-48.413742,-25.234344],[-48.418434,-25.224665],[-48.415501,-25.236692],[-48.426651,-25.241972],[-48.430168,-25.227011],[-48.438091,-25.239918],[-48.431637,-25.237865],[-48.427235,-25.246666],[-48.434277,-25.252239],[-48.438385,-25.241972],[-48.438679,-25.249306],[-48.433689,-25.253412],[-48.439556,-25.25576],[-48.435158,-25.256346],[-48.427528,-25.252239],[-48.429291,-25.262213],[-48.431637,-25.256346],[-48.434277,-25.264561],[-48.444252,-25.255466],[-48.445129,-25.262213],[-48.467133,-25.256639],[-48.431343,-25.27424],[-48.430462,-25.293308],[-48.438679,-25.290962],[-48.43721,-25.300936],[-48.422249,-25.30827],[-48.428703,-25.324991],[-48.433689,-25.327631],[-48.437504,-25.313845],[-48.436035,-25.329685],[-48.471535,-25.331152],[-48.480919,-25.342886],[-48.489719,-25.339952],[-48.490013,-25.329685],[-48.506737,-25.326164],[-48.504093,-25.342007],[-48.495586,-25.334085],[-48.499107,-25.350513],[-48.494122,-25.346113],[-48.482388,-25.35638],[-48.447479,-25.342886],[-48.43457,-25.351686],[-48.434277,-25.359608],[-48.445423,-25.355793],[-48.440144,-25.362835],[-48.432224,-25.362541],[-48.427528,-25.393049],[-48.450119,-25.374569],[-48.473881,-25.391582],[-48.466251,-25.397449],[-48.474464,-25.411531],[-48.465958,-25.42972],[-48.459503,-25.386597],[-48.448357,-25.378088],[-48.419609,-25.408304],[-48.421955,-25.418278],[-48.413742,-25.425905],[-48.452171,-25.439985],[-48.46244,-25.478708],[-48.505856,-25.477242],[-48.515537,-25.459055],[-48.502922,-25.458467],[-48.516708,-25.455534],[-48.513775,-25.451719],[-48.515827,-25.446148],[-48.517002,-25.45084],[-48.515827,-25.452894],[-48.529324,-25.454655],[-48.526684,-25.446148],[-48.537537,-25.456413],[-48.540764,-25.448788],[-48.540764,-25.455534],[-48.560127,-25.456121],[-48.565113,-25.465508],[-48.59914,-25.454655],[-48.625835,-25.462868],[-48.624664,-25.446733],[-48.631702,-25.439693],[-48.637863,-25.439985],[-48.625546,-25.447613],[-48.62965,-25.454947],[-48.62701,-25.458467],[-48.637569,-25.469616],[-48.645493,-25.458467],[-48.641384,-25.442627],[-48.647839,-25.423265],[-48.650478,-25.439106],[-48.643436,-25.446148],[-48.664558,-25.435879],[-48.661331,-25.416811],[-48.668667,-25.387476],[-48.670425,-25.40097],[-48.667492,-25.414759],[-48.696831,-25.419744],[-48.72382,-25.400089],[-48.71883,-25.368408],[-48.722645,-25.369581],[-48.729099,-25.377794],[-48.740833,-25.372808],[-48.732033,-25.379263],[-48.734673,-25.392464],[-48.741123,-25.392464],[-48.736137,-25.415051],[-48.729099,-25.418865],[-48.711788,-25.417986],[-48.710617,-25.434999],[-48.681282,-25.459055],[-48.686268,-25.485748],[-48.681282,-25.492496],[-48.695068,-25.500418],[-48.696831,-25.493082],[-48.720005,-25.482817],[-48.744644,-25.479881],[-48.734966,-25.488684],[-48.723232,-25.485456],[-48.707684,-25.503057],[-48.683334,-25.504524],[-48.653412,-25.494551],[-48.653118,-25.501003],[-48.650185,-25.503645],[-48.621143,-25.512445],[-48.662212,-25.517431],[-48.656639,-25.521244],[-48.624077,-25.518898],[-48.617622,-25.541193],[-48.607063,-25.521832],[-48.590927,-25.51391],[-48.580368,-25.515085],[-48.607651,-25.531219],[-48.591515,-25.528873],[-48.575089,-25.515379],[-48.558365,-25.514498],[-48.550739,-25.527992],[-48.550739,-25.520365],[-48.539299,-25.531219],[-48.539883,-25.527111],[-48.557194,-25.515965],[-48.511723,-25.502764],[-48.497936,-25.515085],[-48.52375,-25.539141],[-48.52639,-25.553221],[-48.524632,-25.556742],[-48.519936,-25.557035],[-48.51495,-25.549702],[-48.508202,-25.553808],[-48.502922,-25.549994],[-48.504974,-25.536205],[-48.483852,-25.532393],[-48.497055,-25.540899],[-48.507908,-25.5585],[-48.509083,-25.576397],[-48.505562,-25.573462],[-48.504681,-25.561728],[-48.497936,-25.553514],[-48.497936,-25.546766],[-48.475346,-25.533274],[-48.472118,-25.560848],[-48.503803,-25.577568],[-48.478279,-25.567888],[-48.471237,-25.574049],[-48.488842,-25.584023],[-48.47916,-25.587837],[-48.468891,-25.575809],[-48.474758,-25.566715],[-48.46244,-25.551167],[-48.422249,-25.559088],[-48.423424,-25.562902],[-48.436035,-25.561142],[-48.442196,-25.566715],[-48.443371,-25.58197],[-48.438679,-25.579916],[-48.435745,-25.563782],[-48.419903,-25.564663],[-48.415794,-25.556154],[-48.376778,-25.5453],[-48.348618,-25.571701],[-48.352432,-25.585489],[-48.409634,-25.619226],[-48.463024,-25.690804],[-48.530499,-25.810785],[-48.535778,-25.856256],[-48.543404,-25.849508],[-48.569222,-25.858015],[-48.581833,-25.848923],[-48.579487,-25.834253],[-48.585941,-25.826334],[-48.596207,-25.820761],[-48.604717,-25.821054],[-48.607063,-25.824574],[-48.60677,-25.869457],[-48.583302,-25.874737],[-48.565113,-25.863003],[-48.568047,-25.889112],[-48.561298,-25.890871],[-48.604717,-25.980932],[-48.599728,-25.980053],[-48.602367,-25.989733],[-48.594742,-25.975065],[-48.59885,-25.989145],[-48.603836,-25.993254],[-48.610584,-26.063364],[-48.602955,-26.074219],[-48.602955,-26.10326],[-48.585354,-26.174252],[-48.609116,-26.186279],[-48.633465,-26.186279],[-48.656345,-26.203295],[-48.659279,-26.217081],[-48.706802,-26.250525],[-48.756088,-26.224121],[-48.761368,-26.211802],[-48.753738,-26.207695],[-48.75462,-26.193319],[-48.767822,-26.166624],[-48.783367,-26.159584],[-48.762245,-26.199186],[-48.772221,-26.201828],[-48.773689,-26.217375],[-48.765472,-26.229109],[-48.770462,-26.245831],[-48.783661,-26.255804],[-48.760193,-26.253752],[-48.756378,-26.262552],[-48.782196,-26.269886],[-48.776623,-26.272232],[-48.76342,-26.268711],[-48.757847,-26.290714],[-48.786011,-26.293648],[-48.798328,-26.286314],[-48.812119,-26.309195],[-48.792461,-26.312128],[-48.765766,-26.297754],[-48.726166,-26.340878],[-48.728806,-26.348505],[-48.713257,-26.351145],[-48.711498,-26.358772],[-48.723232,-26.362],[-48.74934,-26.384586],[-48.729099,-26.375492],[-48.708271,-26.357891],[-48.689201,-26.357891],[-48.662506,-26.371386],[-48.636692,-26.376961],[-48.621143,-26.400723],[-48.627892,-26.443258],[-48.602955,-26.469072],[-48.66016,-26.564707],[-48.647839,-26.537424],[-48.653706,-26.544172],[-48.668667,-26.579962],[-48.689495,-26.575853],[-48.677467,-26.582014],[-48.670425,-26.583187],[-48.684216,-26.634525],[-48.658691,-26.566759],[-48.678932,-26.622498],[-48.688026,-26.679995],[-48.678932,-26.698477],[-48.678055,-26.745119],[-48.662506,-26.773869],[-48.637569,-26.763895],[-48.635517,-26.778269],[-48.62085,-26.789709],[-48.605888,-26.78883],[-48.59914,-26.772989],[-48.594154,-26.785309],[-48.583885,-26.786776],[-48.602074,-26.827553],[-48.625546,-26.832539],[-48.645493,-26.912624],[-48.655758,-26.903826],[-48.669254,-26.899717],[-48.668373,-26.883877],[-48.685387,-26.890038],[-48.670136,-26.884756],[-48.672482,-26.899717],[-48.655758,-26.905291],[-48.630825,-26.930519],[-48.624958,-26.927879],[-48.633759,-26.941668],[-48.625546,-26.963375],[-48.635517,-26.977457],[-48.628773,-26.995058],[-48.605888,-27.010311],[-48.603836,-27.008259],[-48.605301,-26.998285],[-48.588287,-26.991243],[-48.580368,-26.995058],[-48.581245,-27.009138],[-48.570393,-27.010019],[-48.596207,-27.065756],[-48.595329,-27.081011],[-48.589462,-27.080717],[-48.615276,-27.100079],[-48.599728,-27.132641],[-48.580956,-27.152002],[-48.55162,-27.156988],[-48.536366,-27.147602],[-48.532257,-27.125895],[-48.50996,-27.112106],[-48.514656,-27.135868],[-48.506737,-27.143787],[-48.484146,-27.149656],[-48.4818,-27.136162],[-48.475933,-27.147015],[-48.46537,-27.145842],[-48.501163,-27.171658],[-48.498814,-27.198353],[-48.477985,-27.200111],[-48.486786,-27.212139],[-48.513187,-27.216248],[-48.516708,-27.222994],[-48.519642,-27.216539],[-48.502041,-27.200111],[-48.519936,-27.182804],[-48.540764,-27.181337],[-48.580074,-27.212139],[-48.609997,-27.220354],[-48.619091,-27.244701],[-48.640797,-27.245289],[-48.651947,-27.259956],[-48.638451,-27.245289],[-48.62085,-27.245289],[-48.61293,-27.295158],[-48.593273,-27.320389],[-48.566582,-27.308655],[-48.558365,-27.315401],[-48.542526,-27.298679],[-48.54047,-27.326841],[-48.524632,-27.335056],[-48.538712,-27.358231],[-48.526978,-27.378471],[-48.537537,-27.384632],[-48.547512,-27.365271],[-48.558071,-27.368204],[-48.568634,-27.425116],[-48.58242,-27.434504],[-48.603249,-27.425409],[-48.625546,-27.431568],[-48.649597,-27.484961],[-48.63464,-27.531603],[-48.61557,-27.547443],[-48.618797,-27.561525],[-48.578316,-27.579714],[-48.570393,-27.595848],[-48.590927,-27.620489],[-48.601196,-27.615795],[-48.600903,-27.603767],[-48.627598,-27.606995],[-48.631413,-27.636623],[-48.639332,-27.643078],[-48.644024,-27.63545],[-48.662212,-27.648357],[-48.638744,-27.669186],[-48.637569,-27.68972],[-48.62965,-27.690014],[-48.64373,-27.695002],[-48.640507,-27.734898],[-48.634342,-27.745459],[-48.618797,-27.750153],[-48.617916,-27.772448],[-48.632877,-27.775087],[-48.636398,-27.792688],[-48.617916,-27.790049],[-48.626423,-27.824957],[-48.589756,-27.827599],[-48.589756,-27.843439],[-48.578018,-27.849306],[-48.58242,-27.855467],[-48.600609,-27.853998],[-48.605301,-27.874241],[-48.595917,-27.886269],[-48.577435,-27.878054],[-48.57626,-27.890963],[-48.58506,-27.908857],[-48.596207,-27.905924],[-48.59034,-27.90827],[-48.627892,-27.955793],[-48.622906,-27.965767],[-48.631413,-27.977503],[-48.628773,-28.01329],[-48.617622,-28.022972],[-48.608234,-28.017103],[-48.59885,-28.032652],[-48.610291,-28.042625],[-48.608822,-28.062574],[-48.631996,-28.08663],[-48.63728,-28.10511],[-48.630531,-28.107458],[-48.631119,-28.120953],[-48.641972,-28.131805],[-48.636105,-28.14002],[-48.649891,-28.154688],[-48.660748,-28.140312],[-48.669254,-28.154688],[-48.677174,-28.132687],[-48.659573,-28.115086],[-48.669254,-28.10951],[-48.677174,-28.110977],[-48.683041,-28.121832],[-48.678642,-28.131805],[-48.688026,-28.137672],[-48.67952,-28.144127],[-48.683922,-28.1541],[-48.670719,-28.162903],[-48.660748,-28.152927],[-48.654587,-28.155861],[-48.666321,-28.222452],[-48.645493,-28.234186],[-48.664268,-28.246214],[-48.685387,-28.270857],[-48.709736,-28.326593],[-48.697121,-28.339209],[-48.715603,-28.350943],[-48.743767,-28.394945],[-48.746994,-28.417534],[-48.7379,-28.423401],[-48.762245,-28.449215],[-48.766941,-28.469164],[-48.76342,-28.493805],[-48.747578,-28.495565],[-48.789234,-28.493805],[-48.79129,-28.470043],[-48.832947,-28.440123],[-48.812119,-28.43572],[-48.792755,-28.395824],[-48.803318,-28.358862],[-48.771633,-28.37793],[-48.742004,-28.350943],[-48.7379,-28.343315],[-48.746407,-28.326008],[-48.73027,-28.315153],[-48.722057,-28.289925],[-48.707096,-28.28171],[-48.70211,-28.237413],[-48.740833,-28.222158],[-48.760487,-28.240053],[-48.751686,-28.246214],[-48.735256,-28.238295],[-48.750511,-28.265869],[-48.746994,-28.274963],[-48.760487,-28.288458],[-48.751392,-28.300777],[-48.778675,-28.310165],[-48.764595,-28.330994],[-48.766647,-28.348888],[-48.800091,-28.351234],[-48.79921,-28.336273],[-48.816811,-28.353874],[-48.829132,-28.332167],[-48.842625,-28.334515],[-48.84996,-28.320433],[-48.868443,-28.30958],[-48.88047,-28.329233],[-48.879589,-28.358276],[-48.865509,-28.390839],[-48.878414,-28.392891],[-48.886337,-28.404039],[-48.870201,-28.426334],[-48.837933,-28.42164],[-48.852013,-28.430735],[-48.845558,-28.441587],[-48.858761,-28.485004],[-48.834999,-28.487938],[-48.839108,-28.497032],[-48.830891,-28.492926],[-48.820919,-28.498793],[-48.811825,-28.496153],[-48.804195,-28.500553],[-48.793343,-28.498793],[-48.775448,-28.514048],[-48.779846,-28.521381],[-48.79129,-28.519915],[-48.786594,-28.522846],[-48.779263,-28.522846],[-48.766354,-28.51082],[-48.762833,-28.503487],[-48.772514,-28.500553],[-48.747578,-28.497032],[-48.762245,-28.519033],[-48.761955,-28.538395],[-48.782196,-28.548368],[-48.787476,-28.570372],[-48.813877,-28.585039],[-48.818279,-28.60968],[-48.825024,-28.60792],[-48.857586,-28.616135],[-48.862869,-28.606747],[-48.847027,-28.594133],[-48.855827,-28.582985],[-48.887508,-28.592958],[-48.935913,-28.588852],[-48.942951,-28.597652],[-48.910099,-28.622002],[-48.889854,-28.612907],[-48.891617,-28.605574],[-48.88575,-28.611147],[-48.875774,-28.60792],[-48.873428,-28.600292],[-48.859642,-28.617601],[-48.973461,-28.671286],[-49.105766,-28.749611],[-49.218414,-28.826176],[-49.32666,-28.914768],[-49.363331,-28.92621],[-49.376823,-28.912128],[-49.370373,-28.923277],[-49.363331,-28.927971],[-49.351597,-28.927971],[-49.333702,-28.919168],[-49.428749,-29.001602],[-49.699512,-29.301703],[-49.732956,-29.357441],[-49.846191,-29.495024],[-49.953854,-29.655783],[-50.042152,-29.813313],[-50.118717,-29.976711],[-50.122238,-29.976711],[-50.118423,-29.965565],[-50.133091,-29.982578],[-50.121357,-29.979059],[-50.189709,-30.13747],[-50.301186,-30.432585],[-50.339615,-30.50915],[-50.78698,-31.134289],[-50.913414,-31.262192],[-51.050117,-31.37044],[-51.270721,-31.582239],[-51.490734,-31.739477],[-51.832493,-31.918718],[-51.936634,-31.998804],[-52.063072,-32.126705],[-52.085953,-32.164551],[-52.088886,-32.136681],[-52.081261,-32.139908],[-52.097099,-32.129051],[-52.085365,-32.124947],[-52.062191,-32.081821],[-52.052216,-32.078304],[-52.04224,-32.041634],[-52.045467,-32.009953],[-52.059551,-31.981789],[-52.019947,-31.968],[-52.011147,-31.946587],[-52.032856,-31.913437],[-52.083607,-31.870901],[-52.093872,-31.845966],[-52.1059,-31.839512],[-52.058376,-31.815456],[-52.012615,-31.817217],[-51.911701,-31.869728],[-51.858311,-31.869728],[-51.810787,-31.843618],[-51.806973,-31.81575],[-51.794064,-31.814577],[-51.787609,-31.80695],[-51.782917,-31.808416],[-51.785851,-31.805483],[-51.796703,-31.805483],[-51.795826,-31.81311],[-51.803452,-31.812817],[-51.840122,-31.802843],[-51.855083,-31.809589],[-51.862415,-31.799616],[-51.828388,-31.797855],[-51.832787,-31.794922],[-51.803452,-31.786415],[-51.706646,-31.785536],[-51.664989,-31.770281],[-51.599571,-31.713369],[-51.511272,-31.591627],[-51.479294,-31.566107],[-51.471375,-31.589281],[-51.439987,-31.622137],[-51.464626,-31.574907],[-51.465508,-31.558479],[-51.45084,-31.530317],[-51.467854,-31.546745],[-51.425026,-31.487194],[-51.42532,-31.502447],[-51.415932,-31.513889],[-51.356674,-31.532078],[-51.266613,-31.483673],[-51.207062,-31.415909],[-51.180367,-31.360758],[-51.164528,-31.302673],[-51.161301,-31.238428],[-51.184769,-31.120794],[-51.173035,-31.064177],[-51.167168,-31.061537],[-51.167168,-31.075031],[-51.148392,-31.089699],[-51.111721,-31.100552],[-51.048359,-31.060364],[-50.981766,-31.042175],[-50.957127,-30.982624],[-50.972965,-30.89579],[-50.944218,-30.904593],[-50.905788,-30.902245],[-50.860905,-30.863815],[-50.827461,-30.852081],[-50.824234,-30.841227],[-50.750015,-30.815413],[-50.708653,-30.756741],[-50.686359,-30.666681],[-50.682838,-30.587477],[-50.699558,-30.443439],[-50.712173,-30.409117],[-50.732121,-30.382421],[-50.733002,-30.36746],[-50.721855,-30.368048],[-50.698387,-30.350445],[-50.649982,-30.39621],[-50.622406,-30.41029],[-50.654968,-30.41205],[-50.658783,-30.424076],[-50.656143,-30.449306],[-50.6227,-30.483042],[-50.586617,-30.492134],[-50.568722,-30.464268],[-50.567257,-30.402369],[-50.562855,-30.380074],[-50.545547,-30.359245],[-50.547016,-30.317591],[-50.537041,-30.274174],[-50.546135,-30.253345],[-50.564911,-30.253052],[-50.576351,-30.24337],[-50.598644,-30.194967],[-50.659958,-30.19878],[-50.674919,-30.241318],[-50.671986,-30.222544],[-50.690464,-30.21081],[-50.689587,-30.238384],[-50.657024,-30.282387],[-50.67345,-30.297054],[-50.774952,-30.298815],[-50.786686,-30.286201],[-50.797832,-30.323458],[-50.792553,-30.334604],[-50.783752,-30.331671],[-50.797539,-30.340471],[-50.849171,-30.321989],[-50.918404,-30.328737],[-50.939522,-30.364233],[-50.935417,-30.424957],[-50.926617,-30.435518],[-50.891998,-30.441679],[-50.924271,-30.441385],[-51.013451,-30.391222],[-51.04073,-30.387995],[-51.058918,-30.395035],[-51.062145,-30.389168],[-51.043663,-30.36834],[-51.060387,-30.355139],[-51.035744,-30.337244],[-51.022835,-30.304976],[-51.034279,-30.275347],[-51.053345,-30.26948],[-51.066837,-30.277987],[-51.072121,-30.270947],[-51.066254,-30.258331],[-51.084148,-30.242199],[-51.108204,-30.244543],[-51.108788,-30.248358],[-51.100281,-30.258331],[-51.104095,-30.262146],[-51.112602,-30.249531],[-51.12991,-30.249531],[-51.13871,-30.26244],[-51.134895,-30.27124],[-51.160713,-30.264492],[-51.155724,-30.243078],[-51.196209,-30.239264],[-51.181248,-30.220783],[-51.202953,-30.212568],[-51.197086,-30.202595],[-51.20237,-30.193794],[-51.252239,-30.187634],[-51.23053,-30.177366],[-51.235519,-30.164166],[-51.22789,-30.148323],[-51.248425,-30.127203],[-51.264561,-30.123388],[-51.262215,-30.109896],[-51.270428,-30.103441],[-51.252827,-30.094053],[-51.251946,-30.079973],[-51.235519,-30.061785],[-51.236984,-30.040075],[-51.244614,-30.033329],[-51.221142,-30.020128],[-51.21381,-30.003407],[-51.226719,-30.017195],[-51.22525,-30.001648],[-51.230824,-30.012209],[-51.229652,-30.002527],[-51.245785,-30.00194],[-51.238747,-30.004288],[-51.247841,-30.009274],[-51.241386,-30.020128],[-51.25341,-30.026289],[-51.260452,-30.016607],[-51.253708,-30.037436],[-51.263386,-30.047117],[-51.264267,-30.035383],[-51.283039,-30.037436],[-51.272186,-30.017488],[-51.280987,-30.012209],[-51.28656,-30.023062],[-51.296242,-30.000767],[-51.302696,-30.0037],[-51.306217,-30.033329],[-51.293896,-30.04917],[-51.305336,-30.044184],[-51.301228,-30.051811],[-51.314724,-30.073519],[-51.308857,-30.096695],[-51.315311,-30.131603],[-51.307976,-30.135122],[-51.327045,-30.167686],[-51.307976,-30.180885],[-51.33115,-30.230757],[-51.318245,-30.230463],[-51.315899,-30.239557],[-51.295071,-30.231342],[-51.297417,-30.247185],[-51.276295,-30.250118],[-51.30299,-30.26508],[-51.298,-30.301748],[-51.280109,-30.307909],[-51.260746,-30.305561],[-51.248718,-30.315828],[-51.255466,-30.326685],[-51.250187,-30.329617],[-51.231705,-30.30703],[-51.21117,-30.299109],[-51.209702,-30.341644],[-51.1833,-30.386234],[-51.13343,-30.360418],[-51.09911,-30.358072],[-51.096172,-30.373327],[-51.106735,-30.378021],[-51.12199,-30.395035],[-51.121403,-30.412636],[-51.135777,-30.438746],[-51.146339,-30.434052],[-51.153378,-30.415277],[-51.16922,-30.41029],[-51.204128,-30.409702],[-51.229942,-30.423784],[-51.280399,-30.507389],[-51.306217,-30.586596],[-51.296242,-30.752634],[-51.28392,-30.799278],[-51.289204,-30.815413],[-51.30035,-30.816586],[-51.289494,-30.807491],[-51.290375,-30.796637],[-51.337017,-30.777569],[-51.310032,-30.78373],[-51.297123,-30.769062],[-51.305336,-30.72242],[-51.31971,-30.705111],[-51.31971,-30.64908],[-51.339951,-30.632946],[-51.35902,-30.631186],[-51.376034,-30.637053],[-51.388062,-30.653481],[-51.40625,-30.735912],[-51.407131,-30.779329],[-51.390408,-30.847387],[-51.369579,-30.874083],[-51.392464,-30.880537],[-51.446732,-30.870564],[-51.476654,-30.88699],[-51.503056,-30.925127],[-51.49807,-30.995825],[-51.468735,-31.062416],[-51.496601,-31.035427],[-51.508045,-31.0366],[-51.508633,-31.052443],[-51.482521,-31.067989],[-51.473427,-31.062122],[-51.440277,-31.087645],[-51.471668,-31.100552],[-51.549995,-31.112873],[-51.569355,-31.130474],[-51.602505,-31.131941],[-51.620983,-31.142208],[-51.644749,-31.200001],[-51.638882,-31.24987],[-51.621571,-31.270405],[-51.71339,-31.266298],[-51.728352,-31.274511],[-51.756809,-31.232855],[-51.741261,-31.273338],[-51.743313,-31.280378],[-51.759155,-31.277151],[-51.766197,-31.26659],[-51.759449,-31.255737],[-51.766785,-31.262192],[-51.770889,-31.249577],[-51.769714,-31.270111],[-51.756809,-31.288006],[-51.783504,-31.275393],[-51.781742,-31.269526],[-51.796703,-31.274511],[-51.860069,-31.331423],[-51.862122,-31.311768],[-51.874443,-31.301794],[-51.870922,-31.294752],[-51.883831,-31.314114],[-51.881779,-31.325556],[-51.914341,-31.309713],[-51.92989,-31.317928],[-51.933701,-31.327608],[-51.923725,-31.331717],[-51.956291,-31.345797],[-51.964504,-31.369265],[-51.954235,-31.376307],[-51.983864,-31.384226],[-52.002052,-31.434977],[-52.020535,-31.535009],[-52.012028,-31.614216],[-52.032856,-31.694887],[-52.042538,-31.695475],[-52.062191,-31.677582],[-52.048695,-31.666725],[-52.053097,-31.650885],[-52.035496,-31.645899],[-52.057201,-31.600721],[-52.057201,-31.59016],[-52.055443,-31.589281],[-52.054562,-31.586641],[-52.055443,-31.585175],[-52.04224,-31.578426],[-52.050457,-31.56992],[-52.040775,-31.571386],[-52.037842,-31.559065],[-52.043415,-31.552904],[-52.046642,-31.56288],[-52.085072,-31.551437],[-52.114113,-31.554665],[-52.107952,-31.564053],[-52.118809,-31.567574],[-52.118809,-31.585175],[-52.102673,-31.628883],[-52.075096,-31.622137],[-52.060429,-31.598375],[-52.057201,-31.63739],[-52.0839,-31.667606],[-52.071285,-31.677582],[-52.155186,-31.699581],[-52.200066,-31.727158],[-52.227055,-31.752386],[-52.224121,-31.788761],[-52.274284,-31.777908],[-52.241722,-31.790522],[-52.223244,-31.79287],[-52.214439,-31.804895],[-52.215908,-31.812229],[-52.220016,-31.80695],[-52.225002,-31.814577],[-52.23175,-31.807831],[-52.233803,-31.810762],[-52.222069,-31.825138],[-52.225296,-31.848312],[-52.244068,-31.839512],[-52.2561,-31.849194],[-52.250523,-31.873247],[-52.235561,-31.892609],[-52.228817,-31.897596],[-52.237911,-31.879114],[-52.220894,-31.872074],[-52.187454,-31.904636],[-52.134941,-31.920479],[-52.108833,-31.946587],[-52.110886,-31.962133],[-52.118221,-31.947172],[-52.142571,-31.953039],[-52.142864,-31.930744],[-52.150784,-31.928692],[-52.156357,-31.939253],[-52.149319,-31.95216],[-52.165157,-31.945414],[-52.17337,-31.954508],[-52.184227,-31.95216],[-52.187454,-31.964481],[-52.20652,-31.968],[-52.216789,-31.961254],[-52.240551,-31.993231],[-52.23703,-32.023445],[-52.247005,-32.029312],[-52.25639,-32.053368],[-52.230869,-32.036942],[-52.204174,-32.04134],[-52.196255,-32.060116],[-52.210922,-32.061287],[-52.216789,-32.073902],[-52.230869,-32.070381],[-52.237911,-32.079182],[-52.219135,-32.085342],[-52.210041,-32.071262],[-52.205933,-32.077129],[-52.180119,-32.058647],[-52.141689,-32.048088],[-52.110886,-32.026379],[-52.082432,-32.030487],[-52.075096,-32.053074],[-52.10326,-32.048088],[-52.134941,-32.059528],[-52.15049,-32.074196],[-52.157825,-32.096783],[-52.151665,-32.117905],[-52.10326,-32.067154],[-52.087128,-32.063343],[-52.106194,-32.104118],[-52.101208,-32.161613],[-52.127609,-32.170418],[-52.212093,-32.233192],[-52.262257,-32.288345],[-52.306259,-32.356697],[-52.379601,-32.506599],[-52.426243,-32.628342],[-52.456165,-32.763287],[-52.492836,-32.865959],[-52.554733,-32.971565],[-52.595509,-33.05928],[-52.649487,-33.144058],[-52.727814,-33.23764],[-52.796749,-33.303059],[-53.167549,-33.600517],[-53.2934,-33.690578],[-53.387272,-33.746609],[-53.375538,-33.745144],[-53.447117,-33.806747],[-53.505493,-33.905903],[-53.504616,-33.948437],[-53.52544,-33.975719],[-53.527203,-34.004173],[-53.543041,-34.02412],[-53.538643,-34.044952],[-53.552135,-34.06842],[-53.571793,-34.074577],[-53.665077,-34.152023],[-53.721989,-34.206589],[-53.777142,-34.275822],[-53.789757,-34.328331],[-53.786236,-34.341824],[-53.7701,-34.344463],[-53.763058,-34.360012],[-53.782127,-34.385826],[-53.778313,-34.407829],[-53.80677,-34.406364],[-53.87072,-34.433643],[-54.083401,-34.553627],[-54.14706,-34.619339],[-54.153809,-34.645741],[-54.141193,-34.65601],[-54.150581,-34.658356],[-54.150875,-34.670383],[-54.209251,-34.664516],[-54.321606,-34.700302],[-54.621708,-34.831139],[-54.632561,-34.850502],[-54.661018,-34.841995],[-54.705898,-34.85461],[-54.805935,-34.906239],[-54.833508,-34.909466],[-54.851696,-34.920319],[-54.864311,-34.919731],[-54.86842,-34.911224],[-54.878391,-34.912106],[-54.900101,-34.891277],[-54.907436,-34.903893],[-54.886608,-34.914745],[-54.86842,-34.913864],[-54.866364,-34.920906],[-54.927677,-34.953762],[-56.780796,-36.292046],[-56.727993,-36.337517],[-56.697777,-36.414963],[-56.672256,-36.732368],[-56.677242,-36.838272],[-56.668736,-36.887554],[-56.988785,-37.288277],[-57.087936,-37.448448],[-57.131355,-37.50008],[-57.410042,-37.740337],[-57.425003,-37.744736],[-57.426174,-37.740044],[-57.430576,-37.736816],[-57.425297,-37.730949],[-57.429695,-37.700146],[-57.423241,-37.693691],[-57.433804,-37.696625],[-57.434685,-37.736816],[-57.42588,-37.746204],[-57.412094,-37.74239],[-57.493061,-37.830101],[-57.521221,-37.889065],[-57.54557,-37.99086],[-57.542931,-38.006702],[-57.52533,-38.018436],[-57.533836,-38.031635],[-57.526211,-38.037502],[-57.535011,-38.03545],[-57.540878,-38.051292],[-57.537651,-38.05217],[-57.527382,-38.041317],[-57.520344,-38.04073],[-57.542931,-38.066837],[-57.537945,-38.084148],[-57.547623,-38.103802],[-57.597496,-38.123749],[-57.63739,-38.176262],[-57.70985,-38.222904],[-57.820148,-38.268665],[-57.856819,-38.30035],[-57.950108,-38.329685],[-58.052486,-38.381313],[-58.27573,-38.465508],[-58.522442,-38.547939],[-58.697575,-38.58197],[-58.713413,-38.574635],[-58.711655,-38.579624],[-58.701973,-38.583435],[-58.790859,-38.608665],[-58.828411,-38.627148],[-59.00589,-38.674671],[-59.014103,-38.682884],[-59.117657,-38.705471],[-59.254948,-38.720432],[-59.378448,-38.747128],[-59.395756,-38.757103],[-59.687645,-38.798759],[-59.777702,-38.827213],[-59.858376,-38.842175],[-60.076633,-38.863003],[-60.47765,-38.931942],[-60.498474,-38.933701],[-60.497009,-38.930767],[-60.499943,-38.928715],[-60.521652,-38.921967],[-60.516663,-38.926369],[-60.498768,-38.930767],[-60.50581,-38.935463],[-60.713211,-38.956291],[-60.844929,-38.986214],[-61.024166,-38.986214],[-61.110706,-39.002934],[-61.379128,-38.992958],[-61.573326,-39.008801],[-61.625835,-39.006161],[-61.705921,-38.967144],[-61.757553,-38.975357],[-61.803314,-38.99472],[-61.842625,-38.97448],[-61.894257,-38.97213],[-61.96085,-38.950424],[-62.00573,-38.946316],[-62.051788,-38.931355],[-62.069683,-38.917568],[-62.040932,-38.921383],[-62.027439,-38.913754],[-62.04504,-38.919621],[-62.068214,-38.911991],[-62.07056,-38.914341],[-62.07056,-38.9249],[-62.074963,-38.926369],[-62.076138,-38.906712],[-62.102245,-38.897617],[-62.102539,-38.890285],[-62.108112,-38.89674],[-62.106937,-38.869164],[-62.141556,-38.826336],[-62.165024,-38.815479],[-62.177635,-38.815479],[-62.177635,-38.822227],[-62.189075,-38.806973],[-62.212547,-38.799637],[-62.230736,-38.801399],[-62.234253,-38.788784],[-62.239243,-38.795532],[-62.249214,-38.790543],[-62.270042,-38.796413],[-62.341034,-38.770302],[-62.294685,-38.794945],[-62.321674,-38.808731],[-62.338394,-38.801399],[-62.347488,-38.801399],[-62.355118,-38.806973],[-62.36245,-38.801106],[-62.367435,-38.801399],[-62.382984,-38.828388],[-62.39296,-38.830734],[-62.38533,-38.833374],[-62.402054,-38.837482],[-62.389145,-38.858894],[-62.373013,-38.855965],[-62.380932,-38.867989],[-62.366264,-38.870045],[-62.373302,-38.881191],[-62.38533,-38.879139],[-62.389145,-38.895565],[-62.346607,-38.870338],[-62.338688,-38.871803],[-62.338394,-38.887939],[-62.326954,-38.885006],[-62.320499,-38.906712],[-62.343674,-38.954235],[-62.316395,-38.979172],[-62.321674,-38.996185],[-62.302017,-38.993252],[-62.316395,-39.005867],[-62.304661,-39.017601],[-62.315514,-39.024937],[-62.299671,-39.026695],[-62.306126,-39.054272],[-62.329887,-39.078911],[-62.341034,-39.080379],[-62.342503,-39.094753],[-62.35717,-39.101501],[-62.346313,-39.115875],[-62.348663,-39.127609],[-62.33194,-39.134064],[-62.347195,-39.153423],[-62.341328,-39.158409],[-62.346313,-39.164276],[-62.314339,-39.213856],[-62.30114,-39.220894],[-62.301727,-39.231163],[-62.296738,-39.226177],[-62.289989,-39.240551],[-62.257427,-39.235271],[-62.238949,-39.252579],[-62.285004,-39.25111],[-62.292633,-39.242897],[-62.297619,-39.246418],[-62.297619,-39.238789],[-62.327835,-39.26255],[-62.308472,-39.278687],[-62.299965,-39.27282],[-62.290871,-39.277218],[-62.287643,-39.269592],[-62.273857,-39.272526],[-62.289112,-39.281326],[-62.263882,-39.274872],[-62.275028,-39.286312],[-62.2985,-39.288658],[-62.27327,-39.287193],[-62.255081,-39.273701],[-62.245399,-39.277512],[-62.253029,-39.277512],[-62.250977,-39.294525],[-62.241589,-39.277218],[-62.239243,-39.287193],[-62.22076,-39.280445],[-62.222519,-39.292179],[-62.212547,-39.281326],[-62.187904,-39.285728],[-62.203453,-39.294525],[-62.189957,-39.288658],[-62.187611,-39.296288],[-62.184971,-39.286312],[-62.127472,-39.293648],[-62.063229,-39.322102],[-62.045921,-39.347038],[-62.016293,-39.359066],[-62.006317,-39.379013],[-62.010719,-39.392799],[-62.033306,-39.400429],[-62.088455,-39.393681],[-62.170891,-39.333836],[-62.188492,-39.300392],[-62.20668,-39.310368],[-62.231026,-39.298634],[-62.255962,-39.308022],[-62.260948,-39.300392],[-62.286762,-39.302155],[-62.297619,-39.29306],[-62.313751,-39.29834],[-62.296738,-39.298634],[-62.280018,-39.309486],[-62.293804,-39.315063],[-62.290871,-39.32621],[-62.262123,-39.325035],[-62.285591,-39.339115],[-62.266521,-39.354664],[-62.235134,-39.349678],[-62.217533,-39.355545],[-62.207558,-39.34557],[-62.194946,-39.349678],[-62.194065,-39.357014],[-62.190838,-39.351147],[-62.163261,-39.361412],[-62.148006,-39.377548],[-62.157394,-39.377838],[-62.157982,-39.369919],[-62.17001,-39.361118],[-62.159451,-39.372559],[-62.173531,-39.377838],[-62.147423,-39.378719],[-62.13158,-39.401306],[-62.074081,-39.436218],[-62.03624,-39.446777],[-62.041225,-39.472591],[-62.098724,-39.594044],[-62.113686,-39.663273],[-62.10371,-39.684101],[-62.112221,-39.692608],[-62.120728,-39.708744],[-62.156223,-39.728397],[-62.115738,-39.707863],[-62.097843,-39.689091],[-62.115444,-39.750694],[-62.110458,-39.85014],[-62.123367,-39.851315],[-62.130112,-39.862167],[-62.172356,-39.863049],[-62.191719,-39.853661],[-62.204918,-39.866276],[-62.222519,-39.857182],[-62.250095,-39.863049],[-62.257427,-39.857182],[-62.27327,-39.873608],[-62.267403,-39.857182],[-62.287643,-39.881237],[-62.30378,-39.875957],[-62.304073,-39.864513],[-62.321087,-39.868328],[-62.314632,-39.901772],[-62.326366,-39.904118],[-62.331352,-39.918491],[-62.323139,-39.929932],[-62.327835,-39.93668],[-62.316395,-39.941666],[-62.326954,-39.944893],[-62.337219,-39.965134],[-62.329594,-39.97599],[-62.329601,-40.0],[-62.347195,-40.072502],[-62.342796,-40.130001],[-62.330475,-40.158455],[-62.343086,-40.180752],[-62.339569,-40.19014],[-62.347488,-40.201286],[-62.364208,-40.207153],[-62.395893,-40.23473],[-62.42347,-40.237076],[-62.450748,-40.256142],[-62.4795,-40.301613],[-62.478912,-40.340923],[-62.454563,-40.383457],[-62.449577,-40.408394],[-62.423759,-40.430103],[-62.427868,-40.459145],[-62.370956,-40.493759],[-62.333408,-40.496986],[-62.317566,-40.519573],[-62.34837,-40.513706],[-62.353062,-40.515762],[-62.343384,-40.521336],[-62.323433,-40.518696],[-62.325485,-40.535709],[-62.286762,-40.56358],[-62.280895,-40.555367],[-62.279137,-40.567978],[-62.275909,-40.557125],[-62.263004,-40.559177],[-62.264469,-40.578247],[-62.25127,-40.590858],[-62.246281,-40.611691],[-62.252441,-40.648064],[-62.265938,-40.648651],[-62.235722,-40.656277],[-62.196999,-40.638386],[-62.231319,-40.674171],[-62.236305,-40.711723],[-62.256256,-40.742523],[-62.30994,-40.876293],[-62.414959,-40.924698],[-62.492699,-40.94054],[-62.62999,-40.998917],[-62.709194,-41.012997],[-62.752609,-41.037933],[-62.785465,-41.025906],[-62.797199,-41.010063],[-62.801308,-40.982491],[-62.815098,-40.972221],[-62.817444,-40.981316],[-62.806293,-40.993343],[-62.807175,-41.020039],[-62.798668,-41.03001],[-62.835045,-41.05788],[-62.905743,-41.090443],[-63.002548,-41.113617],[-63.063274,-41.1497],[-63.108452,-41.158794],[-63.287395,-41.162022],[-63.360149,-41.156155],[-63.450794,-41.166126],[-63.609207,-41.160557],[-63.789913,-41.167007],[-63.881733,-41.144714],[-63.90168,-41.134445],[-63.941578,-41.087803],[-64.025772,-41.052895],[-64.095879,-41.033825],[-64.08297,-41.024143],[-64.102043,-41.005959],[-64.102043,-40.994225],[-64.091187,-40.988358],[-64.098228,-40.978676],[-64.127563,-40.977207],[-64.134308,-40.99041],[-64.115829,-40.986301],[-64.111137,-40.993343],[-64.136658,-41.002144],[-64.143402,-41.015343],[-64.20002,-41.013878],[-64.290085,-40.977207],[-64.31414,-40.957848],[-64.398331,-40.935551],[-64.40918,-40.920296],[-64.483398,-40.898003],[-64.541779,-40.867199],[-64.764145,-40.819675],[-64.870926,-40.833759],[-64.896736,-40.825542],[-64.90847,-40.807941],[-64.848335,-40.78389],[-64.864761,-40.799141],[-64.853325,-40.794449],[-64.846573,-40.819675],[-64.833084,-40.818504],[-64.844521,-40.817623],[-64.842468,-40.788876],[-64.742142,-40.811756],[-64.742432,-40.799728],[-64.752998,-40.803249],[-64.747131,-40.794155],[-64.756226,-40.796795],[-64.737152,-40.785942],[-64.746246,-40.768341],[-64.794067,-40.7789],[-64.795532,-40.759247],[-64.804626,-40.751617],[-64.762383,-40.745457],[-64.806679,-40.727856],[-64.832497,-40.729618],[-64.850975,-40.716415],[-64.930771,-40.70879],[-64.984161,-40.713776],[-64.982399,-40.72287],[-65.006744,-40.717003],[-65.006744,-40.721989],[-64.997063,-40.724339],[-65.007629,-40.727856],[-64.919327,-40.730495],[-64.924896,-40.73959],[-64.953354,-40.742229],[-64.957169,-40.749859],[-64.914925,-40.752792],[-64.904655,-40.762474],[-65.011734,-40.761299],[-65.048401,-40.781246],[-65.063362,-40.800316],[-65.116165,-40.836693],[-65.128784,-40.857521],[-65.127022,-40.885975],[-65.15284,-40.913258],[-65.162224,-40.951687],[-65.166328,-41.018276],[-65.158119,-41.05172],[-65.168678,-41.0658],[-65.146973,-41.112446],[-65.144623,-41.159969],[-65.130249,-41.189892],[-65.123795,-41.23008],[-65.107956,-41.247387],[-65.086243,-41.305763],[-65.074509,-41.318378],[-65.077148,-41.332459],[-65.05368,-41.416653],[-65.038719,-41.429855],[-65.040482,-41.454201],[-65.018478,-41.477085],[-64.987968,-41.492634],[-64.979759,-41.520794],[-64.981224,-41.541622],[-64.998825,-41.561863],[-64.992668,-41.577118],[-64.977997,-41.580051],[-64.990318,-41.582397],[-65.011734,-41.614666],[-65.042534,-41.587971],[-65.095337,-41.573303],[-65.028458,-41.602055],[-65.015549,-41.627575],[-65.021416,-41.697685],[-65.012024,-41.701794],[-65.023758,-41.727608],[-65.00293,-41.778358],[-65.018776,-41.79332],[-65.015549,-41.833218],[-65.03344,-41.83791],[-65.034904,-41.832043],[-65.050453,-41.843483],[-65.052216,-41.872524],[-65.045471,-41.876633],[-65.064537,-41.892475],[-65.068054,-41.927677],[-65.088005,-41.93325],[-65.068642,-41.932369],[-65.078033,-41.979305],[-65.05632,-42.04179],[-65.026985,-42.082565],[-64.96656,-42.134491],[-64.871513,-42.186417],[-64.810783,-42.200497],[-64.791718,-42.196976],[-64.735977,-42.216335],[-64.602501,-42.233059],[-64.457878,-42.238338],[-64.550583,-42.303463],[-64.569649,-42.350105],[-64.616295,-42.406723],[-64.61013,-42.424618],[-64.570824,-42.421978],[-64.564072,-42.429607],[-64.536499,-42.421978],[-64.491615,-42.431366],[-64.480759,-42.416992],[-64.484573,-42.429897],[-64.46756,-42.441341],[-64.421799,-42.44046],[-64.372513,-42.424618],[-64.354324,-42.428726],[-64.301521,-42.405552],[-64.285095,-42.416992],[-64.239334,-42.415524],[-64.210876,-42.424618],[-64.187408,-42.417873],[-64.117592,-42.430485],[-64.109085,-42.415524],[-64.05188,-42.383842],[-64.039558,-42.353333],[-64.066254,-42.330746],[-64.046013,-42.322826],[-64.042198,-42.312557],[-64.05452,-42.276768],[-64.072411,-42.260342],[-64.125801,-42.240391],[-64.178314,-42.248898],[-64.219093,-42.242153],[-64.226715,-42.24802],[-64.229065,-42.238632],[-64.242561,-42.236286],[-64.269257,-42.240391],[-64.264267,-42.247139],[-64.285973,-42.242153],[-64.28656,-42.250366],[-64.31179,-42.252125],[-64.373688,-42.238338],[-64.178314,-42.204601],[-64.065079,-42.176441],[-64.060974,-42.167053],[-64.035744,-42.162067],[-64.02166,-42.147106],[-63.9935,-42.142998],[-63.97179,-42.123051],[-63.893467,-42.089607],[-63.799301,-42.072887],[-63.750896,-42.081394],[-63.721268,-42.12569],[-63.692226,-42.199909],[-63.669636,-42.23159],[-63.639713,-42.255058],[-63.616245,-42.289089],[-63.615368,-42.30669],[-63.603046,-42.314903],[-63.598644,-42.343361],[-63.611259,-42.430779],[-63.605099,-42.506172],[-63.616245,-42.434299],[-63.609501,-42.362427],[-63.614487,-42.319893],[-63.629742,-42.309917],[-63.659077,-42.261219],[-63.676971,-42.273247],[-63.672863,-42.29261],[-63.649689,-42.317543],[-63.667583,-42.305515],[-63.665531,-42.314903],[-63.642063,-42.335148],[-63.642647,-42.345413],[-63.613606,-42.360962],[-63.618008,-42.429314],[-63.61478,-42.478302],[-63.609501,-42.50412],[-63.600407,-42.511745],[-63.602165,-42.559269],[-63.583683,-42.605911],[-63.584564,-42.616768],[-63.608913,-42.637592],[-63.619473,-42.675144],[-63.641182,-42.698318],[-63.626221,-42.760803],[-63.688412,-42.798645],[-63.734177,-42.814781],[-63.784046,-42.8139],[-63.902561,-42.837074],[-63.922508,-42.84705],[-63.948322,-42.844704],[-64.060089,-42.865528],[-64.092651,-42.87785],[-64.143402,-42.876385],[-64.238747,-42.78838],[-64.254585,-42.762562],[-64.258102,-42.744961],[-64.242851,-42.714157],[-64.246368,-42.681599],[-64.235519,-42.670742],[-64.237282,-42.655781],[-64.220848,-42.652847],[-64.221146,-42.639942],[-64.205299,-42.633194],[-64.213226,-42.622047],[-64.239037,-42.613831],[-64.265732,-42.624687],[-64.257813,-42.596523],[-64.265732,-42.580391],[-64.277466,-42.574524],[-64.31179,-42.587135],[-64.312965,-42.565723],[-64.301819,-42.564548],[-64.301231,-42.557507],[-64.340836,-42.533749],[-64.357552,-42.535507],[-64.418274,-42.512917],[-64.561729,-42.492088],[-64.627441,-42.497078],[-64.686699,-42.512917],[-64.761795,-42.550468],[-64.792595,-42.583031],[-64.849213,-42.621166],[-64.924316,-42.61882],[-64.979172,-42.652847],[-64.988853,-42.665169],[-64.99472,-42.700958],[-65.033737,-42.733227],[-65.034615,-42.761684],[-65.011734,-42.784565],[-65.0,-42.780457],[-64.9692,-42.793659],[-64.952477,-42.787205],[-64.924316,-42.808914],[-64.889992,-42.813019],[-64.87767,-42.835316],[-64.811668,-42.839714],[-64.770012,-42.861423],[-64.7043,-42.881371],[-64.694321,-42.899559],[-64.630081,-42.920387],[-64.535912,-42.921268],[-64.507454,-42.934467],[-64.496605,-42.948841],[-64.460815,-42.946201],[-64.418274,-42.957058],[-64.328217,-42.93623],[-64.306213,-42.977592],[-64.329102,-43.004581],[-64.414169,-43.033623],[-64.458466,-43.065304],[-64.729233,-43.139523],[-64.889114,-43.206993],[-64.990906,-43.264492],[-65.042534,-43.316124],[-65.053391,-43.339592],[-65.066299,-43.31847],[-65.063362,-43.304684],[-65.068054,-43.31583],[-65.064537,-43.334312],[-65.040482,-43.374207],[-65.046349,-43.396793],[-65.141983,-43.470718],[-65.188919,-43.52998],[-65.189217,-43.541126],[-65.230865,-43.557846],[-65.276634,-43.59129],[-65.332077,-43.663452],[-65.347916,-43.723297],[-65.350555,-43.769062],[-65.307144,-43.79517],[-65.312424,-43.806316],[-65.32621,-43.807491],[-65.317116,-43.821571],[-65.32386,-43.854134],[-65.310371,-43.869095],[-65.297165,-43.935101],[-65.274284,-43.970303],[-65.231163,-43.974117],[-65.23175,-43.981449],[-65.247589,-43.980278],[-65.255508,-43.989079],[-65.256393,-43.99905],[-65.245537,-44.008438],[-65.252869,-44.018414],[-65.247589,-44.030441],[-65.224998,-44.045403],[-65.188042,-44.036602],[-65.205933,-44.042175],[-65.23967,-44.082363],[-65.23468,-44.111698],[-65.216202,-44.126659],[-65.218842,-44.138393],[-65.240845,-44.150421],[-65.273407,-44.148663],[-65.298927,-44.170956],[-65.310371,-44.200001],[-65.307144,-44.232563],[-65.287193,-44.263363],[-65.268715,-44.27422],[-65.274582,-44.287418],[-65.267242,-44.305019],[-65.253754,-44.310005],[-65.261963,-44.318222],[-65.259621,-44.32761],[-65.242599,-44.340515],[-65.224998,-44.336411],[-65.215324,-44.370144],[-65.228523,-44.372784],[-65.234093,-44.388626],[-65.258446,-44.389507],[-65.284554,-44.412388],[-65.277222,-44.420013],[-65.291298,-44.425003],[-65.284264,-44.432922],[-65.309196,-44.428818],[-65.307434,-44.445538],[-65.332954,-44.458447],[-65.310371,-44.470764],[-65.318291,-44.493061],[-65.283676,-44.497459],[-65.288658,-44.509193],[-65.277809,-44.514183],[-65.280151,-44.520344],[-65.300102,-44.513008],[-65.318291,-44.532955],[-65.318878,-44.51741],[-65.327675,-44.509487],[-65.350853,-44.51125],[-65.354958,-44.518875],[-65.364342,-44.513889],[-65.374611,-44.528263],[-65.35701,-44.539997],[-65.392212,-44.5532],[-65.38488,-44.566986],[-65.356422,-44.576668],[-65.366692,-44.590454],[-65.374321,-44.577839],[-65.394852,-44.593681],[-65.41832,-44.575493],[-65.453232,-44.576962],[-65.468781,-44.585758],[-65.462914,-44.602482],[-65.525101,-44.613628],[-65.574097,-44.650299],[-65.593452,-44.645309],[-65.645088,-44.674648],[-65.692024,-44.73156],[-65.691139,-44.770866],[-65.701996,-44.80167],[-65.728691,-44.813404],[-65.718719,-44.83746],[-65.728104,-44.848312],[-65.704346,-44.876183],[-65.674126,-44.88205],[-65.666794,-44.892902],[-65.618393,-44.887917],[-65.601379,-44.902584],[-65.603432,-44.909622],[-65.580841,-44.897011],[-65.571159,-44.900822],[-65.575851,-44.909622],[-65.569107,-44.905518],[-65.557373,-44.916077],[-65.543289,-44.914612],[-65.521294,-44.931625],[-65.540062,-44.932213],[-65.533318,-44.939545],[-65.550041,-44.942772],[-65.570869,-44.963013],[-65.59375,-44.96096],[-65.605484,-44.98267],[-65.591698,-44.990295],[-65.583771,-45.007603],[-65.615753,-45.002029],[-65.623085,-45.007603],[-65.601669,-45.029606],[-65.625137,-45.039581],[-65.634232,-45.036354],[-65.646553,-45.051315],[-65.654182,-45.039581],[-65.679115,-45.042221],[-65.675011,-45.025497],[-65.695541,-45.047501],[-65.687622,-45.063049],[-65.702583,-45.045448],[-65.733383,-45.04134],[-65.733383,-45.026379],[-65.770935,-45.022858],[-65.788536,-45.032246],[-65.809074,-45.016991],[-65.814644,-45.026672],[-65.801147,-45.034298],[-65.824326,-45.042221],[-65.830482,-45.035767],[-65.822861,-45.01582],[-65.844276,-45.003792],[-65.890915,-45.010536],[-65.885925,-45.04134],[-65.909103,-45.031952],[-65.933456,-45.051315],[-65.954285,-45.046326],[-66.000923,-45.007015],[-66.020874,-45.007896],[-66.024101,-44.996162],[-66.027618,-45.00555],[-66.068398,-45.006432],[-66.058716,-44.998508],[-66.063408,-44.996162],[-66.069275,-44.999683],[-66.068398,-44.992935],[-66.081596,-44.997925],[-66.110054,-44.987949],[-66.146721,-44.987068],[-66.142029,-44.992641],[-66.150826,-44.996162],[-66.16256,-44.986191],[-66.175468,-44.999096],[-66.175766,-44.988831],[-66.19014,-44.984722],[-66.212433,-45.006138],[-66.235611,-45.01347],[-66.229156,-45.030487],[-66.240891,-45.022858],[-66.252625,-45.026966],[-66.273453,-45.049553],[-66.288704,-45.051605],[-66.280785,-45.056301],[-66.288414,-45.056301],[-66.297508,-45.049553],[-66.312469,-45.05542],[-66.318336,-45.048676],[-66.327431,-45.057182],[-66.330948,-45.046326],[-66.36087,-45.042809],[-66.376419,-45.055126],[-66.36322,-45.066277],[-66.394897,-45.054543],[-66.42746,-45.073902],[-66.45005,-45.073021],[-66.448288,-45.078011],[-66.479095,-45.085342],[-66.494934,-45.102062],[-66.515762,-45.097958],[-66.537178,-45.120838],[-66.535416,-45.143429],[-66.523392,-45.153107],[-66.460907,-45.14959],[-66.470589,-45.155746],[-66.474983,-45.167191],[-66.492584,-45.162788],[-66.489944,-45.170418],[-66.509895,-45.168655],[-66.51664,-45.157215],[-66.543045,-45.155163],[-66.550964,-45.140495],[-66.560059,-45.148708],[-66.599075,-45.143723],[-66.602005,-45.1534],[-66.585579,-45.162495],[-66.597023,-45.165722],[-66.594086,-45.175404],[-66.538353,-45.177162],[-66.529549,-45.195057],[-66.515762,-45.201218],[-66.526321,-45.211781],[-66.523392,-45.227913],[-66.53923,-45.222927],[-66.54686,-45.229671],[-66.556831,-45.21706],[-66.6642,-45.216179],[-66.694122,-45.227913],[-66.774208,-45.229671],[-66.77597,-45.237888],[-66.802666,-45.232899],[-66.820847,-45.241993],[-66.8452,-45.23378],[-66.949341,-45.267223],[-67.067268,-45.354057],[-67.081642,-45.378113],[-67.145592,-45.434139],[-67.218346,-45.533001],[-67.264107,-45.559696],[-67.348885,-45.6301],[-67.357979,-45.64653],[-67.356224,-45.680851],[-67.360916,-45.676159],[-67.363846,-45.699039],[-67.34214,-45.71664],[-67.341263,-45.727497],[-67.364143,-45.728081],[-67.37558,-45.737469],[-67.366196,-45.75742],[-67.373825,-45.767391],[-67.367073,-45.788513],[-67.376755,-45.796432],[-67.394943,-45.792034],[-67.433373,-45.819611],[-67.448334,-45.82225],[-67.470337,-45.855694],[-67.469749,-45.865959],[-67.496735,-45.878868],[-67.547195,-45.923458],[-67.55394,-45.943405],[-67.528717,-45.960125],[-67.562447,-45.962177],[-67.592957,-45.989166],[-67.597946,-46.00853],[-67.591202,-46.024078],[-67.606743,-46.04549],[-67.626991,-46.052532],[-67.618774,-46.068375],[-67.633736,-46.094189],[-67.633736,-46.181606],[-67.597946,-46.301003],[-67.521965,-46.438293],[-67.499672,-46.458241],[-67.498795,-46.470856],[-67.432198,-46.560917],[-67.359154,-46.618118],[-67.258537,-46.646282],[-67.228317,-46.673859],[-67.129166,-46.706421],[-67.085159,-46.767143],[-67.044975,-46.802933],[-66.949341,-46.860432],[-66.885681,-46.926144],[-66.86573,-46.931423],[-66.857521,-46.949612],[-66.786819,-47.003002],[-66.714363,-47.029697],[-66.66655,-47.027058],[-66.633392,-47.043777],[-66.50843,-47.042896],[-66.495224,-47.052872],[-66.350899,-47.082207],[-66.199234,-47.099514],[-66.096848,-47.09306],[-66.043465,-47.072819],[-65.979218,-47.072231],[-65.915855,-47.096287],[-65.877419,-47.099514],[-65.8563,-47.111542],[-65.854538,-47.131783],[-65.845154,-47.142933],[-65.761841,-47.198082],[-65.739548,-47.20248],[-65.740723,-47.212749],[-65.755096,-47.209522],[-65.761253,-47.219204],[-65.721359,-47.330971],[-65.743652,-47.512558],[-65.753922,-47.521652],[-65.770348,-47.58091],[-65.785599,-47.599098],[-65.849556,-47.745773],[-65.905876,-47.761322],[-65.923477,-47.752228],[-65.962494,-47.744602],[-66.005913,-47.746361],[-66.005325,-47.736679],[-66.01178,-47.730518],[-66.00679,-47.742252],[-66.038475,-47.743721],[-66.074265,-47.778923],[-66.086586,-47.781269],[-66.095383,-47.790951],[-66.075439,-47.805031],[-65.98156,-47.763081],[-65.957504,-47.759563],[-65.94577,-47.767189],[-65.900894,-47.763668],[-65.885345,-47.775108],[-65.890625,-47.780094],[-65.869499,-47.829968],[-65.866272,-47.872501],[-65.850433,-47.895092],[-65.827553,-47.905357],[-65.774162,-47.908878],[-65.778564,-47.914745],[-65.765358,-47.917385],[-65.793228,-47.92384],[-65.79792,-47.931763],[-65.791176,-47.935867],[-65.79792,-47.940853],[-65.793228,-47.947895],[-65.768883,-47.950829],[-65.805847,-47.954643],[-65.813469,-47.963737],[-65.839287,-47.959629],[-65.842514,-47.966377],[-65.841637,-47.944668],[-65.905876,-47.932934],[-65.932571,-47.942909],[-65.955452,-47.973415],[-65.9534,-47.98222],[-65.930519,-47.996006],[-65.939323,-48.008034],[-65.946358,-48.005978],[-65.938438,-48.018005],[-65.954285,-48.014488],[-65.960152,-48.020355],[-65.962494,-48.01302],[-65.964546,-48.020061],[-65.951637,-48.023872],[-65.95076,-48.032967],[-66.008842,-48.056728],[-65.999161,-48.062889],[-65.973351,-48.052917],[-65.948418,-48.074623],[-65.911156,-48.09164],[-65.918495,-48.112175],[-65.931694,-48.11628],[-65.941666,-48.110413],[-65.948418,-48.120388],[-65.954575,-48.117455],[-65.952522,-48.104546],[-65.974228,-48.100437],[-65.993294,-48.108067],[-66.052551,-48.108067],[-66.057541,-48.115402],[-66.084236,-48.112175],[-66.121788,-48.124496],[-66.12912,-48.139748],[-66.141151,-48.142387],[-66.142029,-48.161751],[-66.165497,-48.175831],[-66.16256,-48.190498],[-66.231796,-48.20282],[-66.259666,-48.224236],[-66.268463,-48.241249],[-66.33799,-48.279091],[-66.362045,-48.31488],[-66.359695,-48.336002],[-66.345322,-48.345097],[-66.354126,-48.361233],[-66.399887,-48.352139],[-66.443306,-48.354485],[-66.477036,-48.370033],[-66.471466,-48.402596],[-66.489944,-48.416969],[-66.702629,-48.449532],[-66.789169,-48.498814],[-66.800018,-48.520523],[-66.824959,-48.529617],[-66.838745,-48.55426],[-66.854294,-48.563644],[-66.861626,-48.59034],[-66.975151,-48.606182],[-67.011826,-48.628773],[-67.04673,-48.637863],[-67.095139,-48.670425],[-67.134445,-48.723232],[-67.189598,-48.770756],[-67.218346,-48.842037],[-67.315155,-48.856121],[-67.352699,-48.873722],[-67.421349,-48.924179],[-67.485001,-48.997223],[-67.529305,-49.013359],[-67.572426,-49.043282],[-67.607628,-49.103416],[-67.629334,-49.116619],[-67.640778,-49.142433],[-67.634323,-49.156811],[-67.607628,-49.166782],[-67.604103,-49.186729],[-67.662483,-49.209908],[-67.669228,-49.235134],[-67.661018,-49.250095],[-67.682434,-49.265938],[-67.732597,-49.280018],[-67.709129,-49.303486],[-67.705902,-49.318447],[-67.76516,-49.318741],[-67.785988,-49.327541],[-67.795959,-49.350128],[-67.774254,-49.381809],[-67.811798,-49.377998],[-67.825882,-49.385036],[-67.822655,-49.396774],[-67.813271,-49.397945],[-67.753426,-49.38533],[-67.714996,-49.387093],[-67.697685,-49.378292],[-67.677444,-49.350128],[-67.687416,-49.309059],[-67.664246,-49.29586],[-67.661018,-49.256844],[-67.604103,-49.253323],[-67.595894,-49.298206],[-67.610855,-49.319328],[-67.625816,-49.365089],[-67.656029,-49.404987],[-67.677444,-49.468349],[-67.682724,-49.519981],[-67.700912,-49.582466],[-67.700912,-49.623535],[-67.714111,-49.644951],[-67.707367,-49.703327],[-67.717636,-49.766693],[-67.730835,-49.776665],[-67.734062,-49.79427],[-67.797722,-49.901634],[-67.852577,-49.965881],[-67.917702,-50.009296],[-68.010109,-50.060341],[-68.15004,-50.113731],[-68.246849,-50.127224],[-68.343361,-50.126347],[-68.355972,-50.116665],[-68.360962,-50.099941],[-68.41758,-50.065033],[-68.467445,-49.979961],[-68.492676,-49.966759],[-68.50412,-49.947399],[-68.534042,-49.939186],[-68.544304,-49.908382],[-68.580978,-49.882568],[-68.629089,-49.830936],[-68.645805,-49.778427],[-68.726776,-49.75613],[-68.652557,-49.781654],[-68.639061,-49.815975],[-68.639351,-49.839149],[-68.602394,-49.874062],[-68.604149,-49.899288],[-68.569244,-49.941826],[-68.639938,-49.947105],[-68.659889,-49.957958],[-68.741737,-49.957081],[-68.807449,-49.966759],[-68.70829,-49.976147],[-68.68013,-49.99052],[-68.619995,-49.973801],[-68.575111,-49.970573],[-68.552521,-49.996681],[-68.510864,-50.025139],[-68.517609,-50.041859],[-68.514381,-50.07325],[-68.505875,-50.067673],[-68.505875,-50.079117],[-68.494141,-50.08997],[-68.451607,-50.11549],[-68.3592,-50.14072],[-68.360664,-50.166828],[-68.408485,-50.192936],[-68.633484,-50.253075],[-68.744965,-50.29121],[-68.778404,-50.294437],[-68.818298,-50.315559],[-68.866699,-50.327881],[-68.884308,-50.342548],[-68.882545,-50.366604],[-68.897507,-50.366604],[-68.920975,-50.386845],[-68.920975,-50.4109],[-69.047409,-50.450794],[-69.047409,-50.469276],[-69.092583,-50.503304],[-69.072639,-50.52824],[-69.065887,-50.553471],[-69.087601,-50.576645],[-69.090828,-50.598351],[-69.119286,-50.623287],[-69.12075,-50.638248],[-69.102562,-50.669346],[-69.13102,-50.682545],[-69.127495,-50.70924],[-69.147446,-50.72596],[-69.144218,-50.745911],[-69.15918,-50.749138],[-69.167389,-50.763218],[-69.167389,-50.795193],[-69.134239,-50.840958],[-69.140694,-50.908428],[-69.157417,-50.918404],[-69.153313,-50.902855],[-69.184113,-50.918404],[-69.227531,-50.961819],[-69.295883,-50.978245],[-69.402664,-51.058331],[-69.429359,-51.091774],[-69.331673,-51.056278],[-69.242493,-50.999073],[-69.21257,-50.987633],[-69.208458,-50.977074],[-69.164162,-50.987633],[-69.124268,-51.147511],[-69.090828,-51.213223],[-68.990791,-51.474308],[-68.959106,-51.52594],[-68.954124,-51.569942],[-68.97847,-51.58461],[-69.001648,-51.567886],[-69.046822,-51.566422],[-69.096695,-51.597225],[-69.15683,-51.606319],[-69.328445,-51.561142],[-69.380074,-51.558792],[-69.431702,-51.563782],[-69.585716,-51.607491],[-69.490082,-51.590477],[-69.340179,-51.577274],[-69.235153,-51.610424],[-69.162697,-51.650028],[-69.246597,-51.685524],[-69.304092,-51.693443],[-69.291771,-51.697845],[-69.258331,-51.697845],[-69.160057,-51.675549],[-69.058266,-51.641228],[-69.016609,-51.613651],[-68.967613,-51.625973],[-68.919212,-51.702538],[-68.849098,-51.782623],[-68.76931,-51.908474],[-68.697441,-51.998238],[-68.632607,-52.04224],[-68.612656,-52.073044],[-68.587723,-52.091526],[-68.575989,-52.115582],[-68.524361,-52.165745],[-68.495903,-52.217377],[-68.355972,-52.325623],[-68.352455,-52.340584],[-68.392647,-52.362293],[-68.405846,-52.378132],[-68.437523,-52.388988],[-68.609138,-52.659168],[-68.53756,-52.735733],[-68.285866,-52.95076],[-68.248901,-53.055782],[-68.204018,-53.144962],[-68.215752,-53.151711],[-68.213989,-53.128239],[-68.245674,-53.071625],[-68.273834,-53.03994],[-68.26738,-53.022633],[-68.272369,-53.015884],[-68.299942,-53.008846],[-68.35656,-53.019699],[-68.4076,-53.047569],[-68.414055,-53.064289],[-68.455711,-53.095093],[-68.485931,-53.106827],[-68.544014,-53.147602],[-68.53756,-53.157578],[-68.55751,-53.208324],[-68.552521,-53.246758],[-68.441635,-53.304546],[-68.428429,-53.300438],[-68.31813,-53.323029],[-68.20842,-53.308655],[-68.150627,-53.328308],[-68.080811,-53.397541],[-68.075821,-53.448292],[-68.054115,-53.511654],[-68.029175,-53.550083],[-67.954369,-53.625771],[-67.807404,-53.71759],[-67.725845,-53.755138],[-67.689178,-53.797382],[-67.693283,-53.803837],[-67.738464,-53.806183],[-67.767502,-53.831703],[-67.738464,-53.81205],[-67.700035,-53.807941],[-67.685951,-53.802368],[-67.690941,-53.783302],[-67.684189,-53.782421],[-67.666,-53.802662],[-67.630798,-53.822609],[-67.559219,-53.844906],[-67.560104,-53.851948],[-67.589142,-53.855759],[-67.594131,-53.869255],[-67.575943,-53.905045],[-67.55101,-53.93174],[-67.485886,-53.947578],[-67.410789,-53.996571],[-67.392601,-54.016811],[-67.354172,-54.027664],[-67.300781,-54.070789],[-67.205147,-54.101295],[-67.182556,-54.096603],[-67.147644,-54.120071],[-67.011528,-54.162903],[-66.934967,-54.218052],[-66.87336,-54.226265],[-66.785065,-54.258827],[-66.767456,-54.270855],[-66.769218,-54.277603],[-66.750153,-54.277016],[-66.729027,-54.288456],[-66.625771,-54.375877],[-66.575897,-54.399933],[-66.57267,-54.410786],[-66.555954,-54.420761],[-66.557709,-54.427505],[-66.50843,-54.429562],[-66.441834,-54.458015],[-66.405167,-54.46447],[-66.303375,-54.521381],[-66.151711,-54.573009],[-66.095093,-54.578876],[-66.075142,-54.588852],[-65.998283,-54.587093],[-65.906761,-54.616135],[-65.776802,-54.636375],[-65.653297,-54.617893],[-65.634232,-54.629334],[-65.6577,-54.639896],[-65.633354,-54.652218],[-65.607536,-54.649284],[-65.605774,-54.641655],[-65.626015,-54.629921],[-65.611641,-54.625523],[-65.47171,-54.6264],[-65.445015,-54.635494],[-65.440033,-54.626987],[-65.361702,-54.618774],[-65.331779,-54.62376],[-65.233505,-54.602932],[-65.240845,-54.61496],[-65.235855,-54.623466],[-65.264313,-54.634029],[-65.259911,-54.64547],[-65.239082,-54.640778],[-65.242599,-54.629921],[-65.234978,-54.6264],[-65.133476,-54.632854],[-65.114113,-54.641655],[-65.197723,-54.676563],[-65.192436,-54.680084],[-65.195961,-54.715874],[-65.225883,-54.730835],[-65.202415,-54.739929],[-65.200951,-54.759876],[-65.26255,-54.784225],[-65.227638,-54.798306],[-65.227638,-54.81004],[-65.315941,-54.848473],[-65.312424,-54.854923],[-65.319168,-54.86079],[-65.307434,-54.890125],[-65.383415,-54.917114],[-65.420959,-54.914181],[-65.429176,-54.870766],[-65.456749,-54.864605],[-65.474937,-54.865486],[-65.497528,-54.879272],[-65.490784,-54.888367],[-65.496651,-54.906261],[-65.540062,-54.91301],[-65.553268,-54.922981],[-65.565002,-54.91301],[-65.599907,-54.917995],[-65.622498,-54.928265],[-65.62426,-54.939999],[-65.633354,-54.94381],[-65.636581,-54.937943],[-65.646553,-54.946159],[-65.707573,-54.946743],[-65.702583,-54.92181],[-65.705811,-54.911835],[-65.724289,-54.904209],[-65.725174,-54.878685],[-65.811714,-54.899513],[-65.858353,-54.883675],[-65.885048,-54.883675],[-65.896782,-54.896286],[-65.980095,-54.887779],[-65.987427,-54.905087],[-65.952522,-54.916531],[-65.957504,-54.920048],[-65.949295,-54.925915],[-65.961617,-54.952026],[-65.985085,-54.951145],[-66.12677,-54.991333],[-66.198349,-54.988693],[-66.230034,-54.998081],[-66.350014,-54.991333],[-66.381699,-54.9972],[-66.405754,-55.010109],[-66.392555,-55.023312],[-66.395782,-55.030056],[-66.470001,-55.054699],[-66.486717,-55.048832],[-66.533363,-55.054699],[-66.631638,-55.027123],[-66.658333,-55.026241],[-66.685028,-55.010403],[-66.724045,-55.002483],[-66.740761,-54.978428],[-66.783302,-54.957893],[-66.886559,-54.942051],[-66.939949,-54.942051],[-67.01329,-54.922981],[-67.068443,-54.919758],[-67.123299,-54.899513],[-67.266739,-54.886257],[-67.266739,-54.939705],[-67.257652,-54.939999],[-67.266739,-54.946159],[-67.23008,-54.947037],[-67.226563,-54.954666],[-67.201622,-54.955544],[-67.167595,-54.969334],[-67.134155,-55.012455],[-67.100121,-55.038857],[-67.090736,-55.036804],[-67.087509,-55.052647],[-67.069031,-55.059978],[-67.077538,-55.064087],[-67.07431,-55.070831],[-67.052597,-55.073475],[-67.062576,-55.090782],[-67.047615,-55.117477],[-67.050842,-55.154144],[-67.090736,-55.176735],[-67.089272,-55.186707],[-67.080765,-55.187588],[-67.089272,-55.199909],[-67.115082,-55.199615],[-67.115967,-55.207535],[-67.144127,-55.216629],[-67.162605,-55.235111],[-67.155861,-55.240101],[-67.229202,-55.283222],[-67.22744,-55.30933],[-67.266739,-55.31197],[-67.266739,-55.712105],[-67.242401,-55.732639],[-67.266731,-55.7388],[-67.266731,-55.758747],[-67.234184,-55.759335],[-67.254135,-55.773418],[-67.252373,-55.78838],[-67.266731,-55.794529],[-67.266731,-55.835316],[-67.239174,-55.838249],[-67.234184,-55.845875],[-67.240051,-55.851154],[-67.208374,-55.851154],[-67.190773,-55.859955],[-67.202507,-55.881664],[-67.180794,-55.887531],[-67.216881,-55.90308],[-67.240051,-55.901318],[-67.266739,-55.8871],[-67.266739,-55.927135],[-67.235947,-55.941803],[-67.237412,-55.953243],[-67.205147,-55.966152],[-67.207489,-55.970844],[-67.06424,-55.912174],[-67.10511,-55.908653],[-67.164368,-55.881664],[-67.159378,-55.87492],[-67.170822,-55.863476],[-67.157623,-55.844994],[-67.13327,-55.83033],[-67.098366,-55.823875],[-67.094841,-55.813019],[-67.070786,-55.820938],[-67.079292,-55.828274],[-67.067558,-55.837368],[-67.110977,-55.848221],[-67.075775,-55.860836],[-67.104233,-55.873451],[-67.072548,-55.884892],[-67.059937,-55.910412],[-64.774117,-54.815907],[-64.740089,-54.812977],[-64.747711,-54.802414],[-64.740089,-54.787159],[-64.711632,-54.776306],[-64.698433,-54.7854],[-64.677605,-54.77924],[-64.698433,-54.764572],[-64.655014,-54.763103],[-64.650909,-54.766624],[-64.660881,-54.770145],[-64.631546,-54.784519],[-64.620102,-54.798893],[-64.569939,-54.792145],[-64.562607,-54.7766],[-64.534149,-54.775131],[-64.539139,-54.76017],[-64.55674,-54.759583],[-64.560844,-54.752544],[-64.551758,-54.708836],[-64.540901,-54.711765],[-64.53093,-54.739048],[-64.517433,-54.750782],[-64.52095,-54.755772],[-64.505112,-54.766331],[-64.43177,-54.754597],[-64.43412,-54.760757],[-64.401848,-54.778065],[-64.402733,-54.76017],[-64.417694,-54.753426],[-64.368408,-54.741104],[-64.374275,-54.759293],[-64.389236,-54.766624],[-64.360779,-54.777477],[-64.372513,-54.800945],[-64.366646,-54.803001],[-64.34758,-54.785694],[-64.355797,-54.780121],[-64.350807,-54.774254],[-64.357552,-54.767506],[-64.357552,-54.74081],[-64.330856,-54.727608],[-64.306801,-54.697979],[-64.280106,-54.708836],[-64.26339,-54.707073],[-64.228477,-54.733768],[-64.209114,-54.729076],[-64.201782,-54.706196],[-64.159248,-54.719101],[-64.135193,-54.738754],[-64.130791,-54.725849],[-64.142525,-54.71822],[-64.111725,-54.716167],[-64.089134,-54.730835],[-64.119057,-54.74081],[-64.109962,-54.744621],[-64.031639,-54.71294],[-64.019318,-54.719982],[-64.025772,-54.727608],[-64.017555,-54.726727],[-64.039261,-54.749905],[-64.030167,-54.752838],[-63.984993,-54.711182],[-63.946857,-54.709713],[-63.935123,-54.716167],[-63.936005,-54.706779],[-63.925148,-54.701206],[-63.835091,-54.685364],[-63.821594,-54.702087],[-63.794312,-54.70414],[-63.809273,-54.710888],[-63.807514,-54.72086],[-63.81514,-54.725555],[-63.855919,-54.735821],[-63.83157,-54.741398],[-63.799301,-54.725849],[-63.785805,-54.712646],[-63.785805,-54.700912],[-63.745029,-54.689472],[-63.727428,-54.696808],[-44.995596,-53.102488],[-38.244026,-54.007423],[-38.209995,-53.994808],[-38.195034,-54.002144],[-38.158367,-53.99305],[-38.080921,-54.003319],[-38.013451,-53.99305],[-38.006115,-53.995102],[-38.026649,-54.006248],[-38.022545,-54.010063],[-37.978245,-54.012997],[-37.966805,-54.025612],[-37.960938,-54.02092],[-37.969151,-54.008305],[-37.908428,-53.994514],[-37.869999,-53.996277],[-37.837437,-54.009186],[-37.840076,-54.018864],[-37.818367,-54.017982],[-37.753242,-54.002144],[-37.745911,-53.994225],[-37.750896,-53.980728],[-37.739162,-53.975742],[-37.744148,-53.971634],[-37.715107,-53.9687],[-37.715988,-53.979259],[-37.705132,-53.984543],[-37.670811,-53.983368],[-37.702492,-54.005959],[-37.698387,-54.011238],[-37.656731,-54.009476],[-37.641769,-54.001263],[-37.610085,-54.011238],[-37.571655,-54.00713],[-37.573418,-54.016224],[-37.520027,-54.012115],[-37.498318,-54.019745],[-37.481598,-54.00713],[-37.465755,-54.009186],[-37.459301,-53.992462],[-37.429966,-53.993931],[-37.417645,-53.981609],[-37.401512,-53.980434],[-37.401806,-53.986301],[-37.385082,-53.98278],[-37.366016,-53.990997],[-37.378338,-53.999504],[-37.452557,-54.010063],[-37.434074,-54.020039],[-37.457542,-54.030891],[-37.437595,-54.036758],[-37.467518,-54.043507],[-37.459301,-54.059055],[-37.393299,-54.06052],[-37.363377,-54.053772],[-37.358387,-54.042919],[-37.319958,-54.054653],[-37.26833,-54.047905],[-37.262463,-54.064335],[-37.247501,-54.074894],[-37.251022,-54.079296],[-37.231659,-54.084576],[-37.224323,-54.074017],[-37.234299,-54.072548],[-37.222565,-54.067562],[-37.227551,-54.057587],[-37.218456,-54.047905],[-37.183254,-54.06052],[-37.189121,-54.048199],[-37.178268,-54.037052],[-37.150108,-54.0438],[-37.126637,-54.037052],[-37.119305,-54.044094],[-37.135731,-54.050838],[-37.119305,-54.05172],[-37.146,-54.054947],[-37.149227,-54.061695],[-37.126637,-54.056999],[-37.097595,-54.062572],[-37.149227,-54.082523],[-37.142479,-54.097485],[-37.150692,-54.107456],[-37.144241,-54.114204],[-37.160961,-54.115967],[-37.155094,-54.123886],[-37.115784,-54.11919],[-37.12429,-54.113323],[-37.110798,-54.115086],[-37.092609,-54.087509],[-37.063274,-54.072254],[-37.049194,-54.073429],[-37.05418,-54.067562],[-37.046555,-54.063747],[-37.026604,-54.061989],[-37.016628,-54.075481],[-37.007538,-54.057587],[-36.98172,-54.052013],[-36.974094,-54.054947],[-36.976734,-54.06551],[-36.960892,-54.063454],[-36.962654,-54.072548],[-36.977615,-54.077534],[-36.969399,-54.084282],[-36.990814,-54.085751],[-36.992577,-54.095722],[-37.017509,-54.103352],[-37.035992,-54.125057],[-36.999908,-54.125351],[-36.996681,-54.117138],[-36.974094,-54.114204],[-36.943291,-54.093082],[-36.925102,-54.093082],[-36.94593,-54.081642],[-36.908382,-54.069614],[-36.874939,-54.085457],[-36.850006,-54.081348],[-36.843258,-54.088684],[-36.806004,-54.09103],[-36.804241,-54.1101],[-36.820965,-54.125938],[-36.810989,-54.131805],[-36.815975,-54.141781],[-36.801601,-54.150288],[-36.780773,-54.142365],[-36.784294,-54.112446],[-36.774906,-54.105404],[-36.738235,-54.109512],[-36.730022,-54.101295],[-36.720051,-54.109512],[-36.661671,-54.108044],[-36.657566,-54.111565],[-36.672527,-54.120953],[-36.634975,-54.118019],[-36.619137,-54.125938],[-36.639084,-54.130047],[-36.634094,-54.135914],[-36.644951,-54.141193],[-36.678394,-54.13298],[-36.677513,-54.146767],[-36.710957,-54.153221],[-36.7001,-54.160553],[-36.647591,-54.162609],[-36.696583,-54.16877],[-36.70274,-54.181675],[-36.664898,-54.187248],[-36.596546,-54.162903],[-36.551662,-54.160553],[-36.539345,-54.164955],[-36.545795,-54.170822],[-36.521744,-54.181381],[-36.495045,-54.17786],[-36.482433,-54.193409],[-36.52673,-54.18549],[-36.537582,-54.187542],[-36.538464,-54.195465],[-36.590973,-54.189304],[-36.589214,-54.198399],[-36.57748,-54.201626],[-36.584225,-54.211597],[-36.606522,-54.212185],[-36.609161,-54.229198],[-36.636738,-54.233013],[-36.638203,-54.23888],[-36.654926,-54.234772],[-36.677513,-54.250908],[-36.647591,-54.26675],[-36.667538,-54.275845],[-36.672527,-54.287579],[-36.631748,-54.270561],[-36.624123,-54.271736],[-36.625881,-54.28083],[-36.609161,-54.281712],[-36.603294,-54.266163],[-36.523209,-54.232132],[-36.502674,-54.234184],[-36.510887,-54.236828],[-36.50502,-54.246216],[-36.483311,-54.233894],[-36.462482,-54.24416],[-36.469231,-54.253254],[-36.464245,-54.269978],[-36.480083,-54.278774],[-36.502674,-54.277603],[-36.474216,-54.300777],[-36.489178,-54.309284],[-36.482723,-54.328354],[-36.504139,-54.362381],[-36.484192,-54.360916],[-36.438431,-54.308697],[-36.424053,-54.314274],[-36.387386,-54.355049],[-36.339863,-54.367077],[-36.337517,-54.352409],[-36.325783,-54.345074],[-36.34074,-54.337448],[-36.357464,-54.309872],[-36.352474,-54.303417],[-36.370956,-54.299896],[-36.369198,-54.289925],[-36.394131,-54.272617],[-36.384159,-54.259121],[-36.400879,-54.249146],[-36.393253,-54.240349],[-36.351597,-54.261173],[-36.335167,-54.254723],[-36.319916,-54.267921],[-36.291752,-54.262054],[-36.289112,-54.269978],[-36.29586,-54.274082],[-36.277672,-54.277603],[-36.300846,-54.288456],[-36.293221,-54.292858],[-36.25655,-54.281124],[-36.24247,-54.284939],[-36.255962,-54.288456],[-36.250977,-54.310753],[-36.260948,-54.317497],[-36.236603,-54.315445],[-36.236015,-54.327473],[-36.265938,-54.335098],[-36.246868,-54.332169],[-36.23748,-54.336861],[-36.24012,-54.34214],[-36.205799,-54.344193],[-36.255962,-54.367371],[-36.252441,-54.374115],[-36.260948,-54.38409],[-36.218414,-54.375584],[-36.186729,-54.382038],[-36.159157,-54.374115],[-36.170891,-54.389076],[-36.154167,-54.40081],[-36.162678,-54.404919],[-36.160915,-54.413425],[-36.182625,-54.419292],[-36.167664,-54.442467],[-36.141556,-54.443642],[-36.140087,-54.455376],[-36.069977,-54.459484],[-36.064987,-54.46711],[-36.046803,-54.458897],[-36.039173,-54.464176],[-36.040936,-54.481777],[-36.000744,-54.499084],[-36.024212,-54.503193],[-36.033306,-54.513752],[-36.08083,-54.515808],[-36.074081,-54.529301],[-36.092564,-54.541035],[-36.070854,-54.563332],[-36.01688,-54.557171],[-35.989304,-54.569199],[-35.995171,-54.573891],[-35.981674,-54.573891],[-35.924179,-54.555115],[-35.903351,-54.538689],[-35.884281,-54.538395],[-35.882523,-54.549248],[-35.901005,-54.564209],[-35.895721,-54.577412],[-35.912445,-54.575943],[-35.912445,-54.591785],[-35.925938,-54.596771],[-35.914204,-54.609974],[-35.937672,-54.61496],[-35.940899,-54.623466],[-35.934155,-54.63755],[-35.917725,-54.644882],[-35.922421,-54.650162],[-35.915966,-54.658379],[-35.924179,-54.664246],[-35.905697,-54.691525],[-35.942661,-54.69006],[-35.935913,-54.701794],[-35.901005,-54.721741],[-35.878414,-54.729664],[-35.869907,-54.725555],[-35.8526,-54.736702],[-35.859348,-54.74081],[-35.854069,-54.749317],[-35.836758,-54.743744],[-35.830891,-54.744915],[-35.834999,-54.757236],[-35.787476,-54.75489],[-35.787476,-54.763397],[-35.800968,-54.768387],[-35.790997,-54.770145],[-35.795982,-54.7766],[-35.814171,-54.7766],[-35.814171,-54.790974],[-27.548325,-56.270359],[-27.080717,-56.711857],[-26.654181,-57.069164],[-26.354078,-57.794041],[-26.245831,-58.395714],[-26.245831,-58.408325],[-26.254337,-58.413315],[-26.252579,-58.446754],[-26.234097,-58.459076],[-26.234097,-58.46817],[-26.237617,-58.488411],[-26.512489,-59.049305],[-26.583483,-59.079521],[-27.153469,-59.485523],[-27.248222,-59.476135],[-27.283424,-59.485523],[-27.320093,-59.484642],[-27.340042,-59.476135],[-27.352216,-59.480537],[-26.700722,-59.999483],[-20.0,-59.999557],[-20.0,0.0]],[[-49.069977,-0.117048],[-49.051201,-0.125849],[-49.053253,-0.137877],[-49.07291,-0.129076],[-49.069977,-0.117048]],[[-49.042988,-0.134943],[-49.026558,-0.128783],[-49.025387,-0.144037],[-49.035946,-0.146384],[-49.042988,-0.134943]],[[-49.105473,-0.154304],[-49.115738,-0.161345],[-49.137447,-0.158705],[-49.143902,-0.130836],[-49.13422,-0.128783],[-49.105473,-0.154304]],[[-48.746407,-0.154891],[-48.742886,-0.154891],[-48.743473,-0.157238],[-48.746407,-0.154891]],[[-48.930927,-0.161345],[-48.892494,-0.160465],[-48.877831,-0.18012],[-48.879589,-0.205055],[-48.910099,-0.219722],[-48.930927,-0.212095],[-48.939728,-0.194201],[-48.929459,-0.176599],[-48.930927,-0.161345]],[[-48.878708,-0.170146],[-48.874016,-0.162812],[-48.865509,-0.175719],[-48.869907,-0.176306],[-48.878708,-0.170146]],[[-48.739952,-0.163692],[-48.740833,-0.167212],[-48.745525,-0.165159],[-48.739952,-0.163692]],[[-48.741123,-0.174253],[-48.766647,-0.192147],[-48.772808,-0.173372],[-48.761662,-0.165452],[-48.741123,-0.174253]],[[-48.856415,-0.187453],[-48.859055,-0.197134],[-48.865509,-0.195081],[-48.865803,-0.18364],[-48.856415,-0.187453]],[[-48.959675,-0.19244],[-48.972584,-0.193027],[-48.982849,-0.182466],[-48.974049,-0.179533],[-48.959675,-0.19244]],[[-48.952045,-0.18012],[-48.952045,-0.171612],[-48.949993,-0.167212],[-48.942074,-0.17924],[-48.952045,-0.18012]],[[-48.968475,-0.178653],[-48.971996,-0.170146],[-48.968475,-0.169559],[-48.968475,-0.178653]],[[-49.156223,-0.132596],[-49.157394,-0.141397],[-49.161797,-0.140517],[-49.165318,-0.130836],[-49.156223,-0.132596]],[[-49.106644,-0.121155],[-49.092564,-0.126142],[-49.08699,-0.13905],[-49.098431,-0.139637],[-49.106644,-0.121155]],[[-50.589256,-0.081259],[-50.609501,-0.080966],[-50.625046,-0.032856],[-50.590725,-0.049577],[-50.538799,-0.055151],[-50.589256,-0.081259]],[[-50.631207,-0.038429],[-50.627396,-0.066298],[-50.649689,-0.045177],[-50.652916,-0.019068],[-50.647636,-0.018775],[-50.631207,-0.038429]],[[-50.373348,-0.034616],[-50.356335,-0.050164],[-50.3578,-0.060724],[-50.378338,-0.072165],[-50.430553,-0.069232],[-50.425861,-0.053684],[-50.373348,-0.034616]],[[-50.245739,-0.04635],[-50.224911,-0.04547],[-50.22374,-0.059258],[-50.24926,-0.060431],[-50.253662,-0.054271],[-50.245739,-0.04635]],[[-50.194111,-0.04547],[-50.183842,-0.050164],[-50.18531,-0.057497],[-50.200565,-0.056617],[-50.194111,-0.04547]],[[-50.214939,-0.062778],[-50.20467,-0.065125],[-50.205845,-0.072165],[-50.227261,-0.075099],[-50.227261,-0.073339],[-50.214939,-0.062778]],[[-50.413246,-0.111181],[-50.382149,-0.114115],[-50.386257,-0.135823],[-50.400925,-0.155478],[-50.484531,-0.144037],[-50.475143,-0.130543],[-50.413246,-0.111181]],[[-50.515038,-0.175426],[-50.513866,-0.182466],[-50.549656,-0.190974],[-50.547604,-0.18628],[-50.515038,-0.175426]],[[-50.811623,-0.246124],[-50.767033,-0.223243],[-50.78698,-0.248178],[-50.768791,-0.250818],[-50.767033,-0.290127],[-50.804874,-0.354665],[-50.939522,-0.352612],[-50.903442,-0.312129],[-50.811623,-0.246124]],[[-51.000835,-0.394562],[-51.035156,-0.392802],[-51.063026,-0.410696],[-51.092949,-0.468194],[-51.103802,-0.532438],[-51.118469,-0.547106],[-51.143406,-0.543879],[-51.173618,-0.51513],[-51.170979,-0.50633],[-51.148392,-0.502223],[-51.141937,-0.495182],[-51.137245,-0.394268],[-51.092949,-0.339118],[-51.08004,-0.336184],[-51.055103,-0.269593],[-51.036625,-0.27194],[-51.026356,-0.289247],[-51.019608,-0.288367],[-51.02137,-0.295995],[-51.010807,-0.311249],[-51.012863,-0.300982],[-51.019608,-0.292474],[-51.002888,-0.294234],[-50.967098,-0.335891],[-51.000835,-0.394562]],[[-50.890827,-0.36464],[-50.836262,-0.37168],[-50.854156,-0.383708],[-50.870586,-0.381654],[-50.859142,-0.390455],[-50.838902,-0.384881],[-50.841251,-0.404829],[-50.823063,-0.437391],[-50.819542,-0.464967],[-50.871758,-0.50721],[-50.8876,-0.509557],[-50.999954,-0.581135],[-51.008755,-0.565001],[-50.987045,-0.540065],[-50.972965,-0.495769],[-50.908722,-0.375787],[-50.890827,-0.36464]],[[-50.825115,-0.382827],[-50.810154,-0.372853],[-50.799595,-0.374907],[-50.821594,-0.423017],[-50.829514,-0.405709],[-50.825115,-0.382827]],[[-50.796661,-0.395442],[-50.787861,-0.42331],[-50.796951,-0.446779],[-50.815434,-0.435045],[-50.796661,-0.395442]],[[-50.716282,-0.431818],[-50.713638,-0.406589],[-50.700146,-0.409523],[-50.702785,-0.430058],[-50.716282,-0.431818]],[[-50.72332,-0.444725],[-50.707771,-0.445019],[-50.698681,-0.470834],[-50.68137,-0.486675],[-50.685772,-0.498702],[-50.716866,-0.50721],[-50.740337,-0.503396],[-50.741215,-0.480808],[-50.72332,-0.444725]],[[-50.750015,-0.547986],[-50.735348,-0.552386],[-50.712173,-0.620151],[-50.693691,-0.638339],[-50.693691,-0.650953],[-50.7066,-0.695543],[-50.774952,-0.706104],[-50.795486,-0.699064],[-50.796368,-0.647433],[-50.791672,-0.642153],[-50.761749,-0.660341],[-50.747963,-0.650953],[-50.784634,-0.635992],[-50.781994,-0.597563],[-50.750015,-0.547986]],[[-50.662598,-0.543879],[-50.640007,-0.55444],[-50.616539,-0.547106],[-50.60862,-0.551506],[-50.598644,-0.581722],[-50.567844,-0.597563],[-50.569897,-0.60783],[-50.596298,-0.619858],[-50.597473,-0.64626],[-50.659077,-0.623671],[-50.685772,-0.623085],[-50.707188,-0.555907],[-50.662598,-0.543879]],[[-50.61742,-0.64626],[-50.602459,-0.662981],[-50.619766,-0.659167],[-50.624756,-0.648313],[-50.61742,-0.64626]],[[-50.833622,-0.705811],[-50.835381,-0.711678],[-50.843304,-0.716371],[-50.841251,-0.708451],[-50.833622,-0.705811]],[[-50.825115,-0.664741],[-50.829224,-0.632179],[-50.822182,-0.633352],[-50.825115,-0.664741]],[[-50.810448,-0.588469],[-50.815727,-0.590522],[-50.816315,-0.578495],[-50.810448,-0.588469]],[[-50.764683,-0.555027],[-50.769085,-0.564707],[-50.776417,-0.566761],[-50.774952,-0.55708],[-50.764683,-0.555027]],[[-51.014622,-0.558253],[-51.006996,-0.591696],[-51.027824,-0.630125],[-51.046597,-0.64714],[-51.075932,-0.64714],[-51.108788,-0.635112],[-51.087666,-0.582895],[-51.046013,-0.549453],[-51.027531,-0.548866],[-51.014622,-0.558253]],[[-51.102921,-0.570868],[-51.132549,-0.618684],[-51.160419,-0.586709],[-51.148392,-0.559427],[-51.104977,-0.553853],[-51.102921,-0.570868]],[[-51.160126,-0.61047],[-51.185062,-0.60783],[-51.195328,-0.592576],[-51.201195,-0.547399],[-51.212048,-0.528331],[-51.196796,-0.503689],[-51.186234,-0.51161],[-51.183887,-0.536839],[-51.173618,-0.555907],[-51.167168,-0.561774],[-51.160126,-0.61047]],[[-51.200607,-0.571748],[-51.200901,-0.578788],[-51.204716,-0.570868],[-51.200607,-0.571748]],[[-51.205303,-0.543292],[-51.205009,-0.553853],[-51.215275,-0.531558],[-51.205303,-0.543292]],[[-51.215275,-0.544172],[-51.217331,-0.544466],[-51.219677,-0.535958],[-51.215275,-0.544172]],[[-51.224075,-0.539479],[-51.226425,-0.535078],[-51.224957,-0.534492],[-51.224075,-0.539479]],[[-51.224957,-0.533905],[-51.226425,-0.531558],[-51.21909,-0.528918],[-51.224957,-0.533905]],[[-51.233463,-0.529505],[-51.233757,-0.527451],[-51.228477,-0.526278],[-51.233463,-0.529505]],[[-51.234932,-0.527158],[-51.255173,-0.524518],[-51.266319,-0.51425],[-51.249893,-0.514544],[-51.234932,-0.527158]],[[-51.259281,-0.503103],[-51.260452,-0.494302],[-51.180954,-0.445312],[-51.153378,-0.418617],[-51.147217,-0.446779],[-51.155434,-0.485795],[-51.177433,-0.496356],[-51.202663,-0.490489],[-51.215862,-0.520411],[-51.259281,-0.503103]],[[-51.336723,-0.510437],[-51.367233,-0.519237],[-51.345818,-0.46702],[-51.300938,-0.454699],[-51.292431,-0.46614],[-51.290375,-0.46262],[-51.291843,-0.454699],[-51.248425,-0.439738],[-51.239624,-0.441792],[-51.249012,-0.449712],[-51.227013,-0.446779],[-51.265732,-0.476114],[-51.276001,-0.473767],[-51.272186,-0.480808],[-51.287441,-0.492249],[-51.320885,-0.497236],[-51.336723,-0.510437]],[[-51.368702,-0.517477],[-51.437931,-0.527451],[-51.416813,-0.493715],[-51.386009,-0.479634],[-51.372513,-0.477874],[-51.371635,-0.486382],[-51.366646,-0.479634],[-51.366646,-0.485502],[-51.359901,-0.476114],[-51.368702,-0.517477]],[[-51.413876,-0.46262],[-51.414757,-0.440032],[-51.404198,-0.419497],[-51.321766,-0.360533],[-51.312962,-0.37168],[-51.317951,-0.357599],[-51.298,-0.31917],[-51.285389,-0.310076],[-51.294189,-0.312129],[-51.294483,-0.295995],[-51.273655,-0.239084],[-51.208824,-0.150784],[-51.198261,-0.142864],[-51.179195,-0.148731],[-51.181835,-0.167799],[-51.165993,-0.144624],[-51.116711,-0.150491],[-51.14135,-0.181586],[-51.12463,-0.205935],[-51.142818,-0.22823],[-51.153084,-0.264899],[-51.149567,-0.288367],[-51.162178,-0.305969],[-51.224957,-0.36464],[-51.228477,-0.360533],[-51.247543,-0.382827],[-51.266319,-0.390748],[-51.260452,-0.392508],[-51.264267,-0.397789],[-51.37574,-0.460566],[-51.413876,-0.46262]],[[-51.433826,-0.435925],[-51.435879,-0.437978],[-51.436172,-0.430938],[-51.433826,-0.435925]],[[-51.375446,-0.369333],[-51.379261,-0.371973],[-51.377209,-0.365813],[-51.375446,-0.369333]],[[-51.308857,-0.329144],[-51.316189,-0.346745],[-51.331738,-0.359652],[-51.326164,-0.341758],[-51.308857,-0.329144]],[[-51.343472,-0.350558],[-51.353741,-0.352612],[-51.335552,-0.292474],[-51.305042,-0.261965],[-51.314724,-0.298341],[-51.315311,-0.316529],[-51.343472,-0.350558]],[[-51.313843,-0.310956],[-51.307976,-0.27986],[-51.298298,-0.261379],[-51.305336,-0.305969],[-51.313843,-0.310956]],[[-51.245491,-0.162518],[-51.250481,-0.164278],[-51.24696,-0.156651],[-51.245491,-0.162518]],[[-51.254292,-0.162812],[-51.256348,-0.162518],[-51.252239,-0.152544],[-51.254292,-0.162812]],[[-51.191219,-0.14345],[-51.163353,-0.136997],[-51.158661,-0.13905],[-51.179195,-0.146971],[-51.191219,-0.14345]],[[-51.14135,-0.134943],[-51.107616,-0.114702],[-51.092068,-0.119102],[-51.117588,-0.144624],[-51.134895,-0.143744],[-51.14135,-0.134943]],[[-51.160419,-0.126729],[-51.16922,-0.132009],[-51.187115,-0.129956],[-51.180954,-0.125556],[-51.160419,-0.126729]],[[-51.137535,-0.123796],[-51.128738,-0.122329],[-51.12991,-0.125556],[-51.137535,-0.123796]],[[-51.108494,-0.139637],[-51.097935,-0.136703],[-51.100868,-0.141397],[-51.108494,-0.139637]],[[-51.112602,-0.144624],[-51.113777,-0.14433],[-51.112602,-0.142277],[-51.112602,-0.144624]],[[-51.137833,-0.184227],[-51.118469,-0.157825],[-51.104683,-0.154891],[-51.120815,-0.203001],[-51.137833,-0.184227]],[[-51.080921,-0.156358],[-51.07476,-0.159878],[-51.078281,-0.169559],[-51.080921,-0.156358]],[[-51.086201,-0.175719],[-51.081799,-0.174546],[-51.081215,-0.177479],[-51.086201,-0.175719]],[[-51.109962,-0.207988],[-51.109669,-0.215909],[-51.134312,-0.232923],[-51.133724,-0.226763],[-51.122578,-0.220309],[-51.109962,-0.207988]],[[-51.100868,-0.211215],[-51.092068,-0.240844],[-51.11319,-0.266952],[-51.134312,-0.277807],[-51.136364,-0.237617],[-51.12463,-0.233217],[-51.129326,-0.244658],[-51.100868,-0.211215]],[[-51.091187,-0.23175],[-51.093826,-0.217376],[-51.090015,-0.214735],[-51.08532,-0.224123],[-51.091187,-0.23175]],[[-51.038677,-0.256685],[-51.03809,-0.245831],[-51.022545,-0.23615],[-51.005821,-0.251405],[-50.95155,-0.258739],[-50.929256,-0.272233],[-50.910774,-0.269593],[-50.909599,-0.294234],[-50.938351,-0.321223],[-50.954189,-0.323863],[-51.038677,-0.256685]],[[-51.148392,-0.282207],[-51.149567,-0.277513],[-51.148392,-0.27722],[-51.148392,-0.282207]],[[-51.145458,-0.259032],[-51.142818,-0.271646],[-51.146629,-0.27722],[-51.150444,-0.268419],[-51.145458,-0.259032]],[[-51.117882,-0.212389],[-51.124043,-0.219722],[-51.128738,-0.220896],[-51.126682,-0.217082],[-51.117882,-0.212389]],[[-51.131672,-0.32533],[-51.141644,-0.352905],[-51.141937,-0.339118],[-51.131672,-0.32533]],[[-51.151325,-0.36904],[-51.172447,-0.392802],[-51.196796,-0.401309],[-51.187408,-0.392802],[-51.212635,-0.408643],[-51.220558,-0.405122],[-51.219677,-0.392508],[-51.184181,-0.361413],[-51.180954,-0.352905],[-51.174206,-0.355546],[-51.165112,-0.344691],[-51.167461,-0.357012],[-51.147511,-0.331197],[-51.151325,-0.36904]],[[-51.1833,-0.398669],[-51.182129,-0.400722],[-51.185062,-0.402189],[-51.1833,-0.398669]],[[-51.249893,-0.41627],[-51.252827,-0.415977],[-51.246666,-0.403656],[-51.249893,-0.41627]],[[-51.230824,-0.399549],[-51.237572,-0.401309],[-51.231705,-0.394562],[-51.230824,-0.399549]],[[-51.224075,-0.392802],[-51.228771,-0.392508],[-51.226719,-0.390455],[-51.224075,-0.392802]],[[-51.210583,-0.374027],[-51.200024,-0.366986],[-51.201195,-0.37344],[-51.210583,-0.374027]],[[-51.197674,-0.367866],[-51.195328,-0.36904],[-51.198261,-0.371973],[-51.197674,-0.367866]],[[-51.183887,-0.353492],[-51.189167,-0.36464],[-51.197968,-0.365813],[-51.191807,-0.357012],[-51.183887,-0.353492]],[[-51.171566,-0.349678],[-51.182129,-0.350852],[-51.179195,-0.347038],[-51.171566,-0.349678]],[[-51.167461,-0.343811],[-51.171272,-0.342638],[-51.170101,-0.340584],[-51.167461,-0.343811]],[[-51.235809,-0.423604],[-51.256348,-0.427417],[-51.245785,-0.420377],[-51.235809,-0.423604]],[[-51.245785,-0.419497],[-51.254585,-0.42331],[-51.252533,-0.419497],[-51.245785,-0.419497]],[[-51.30827,-0.495476],[-51.302109,-0.495769],[-51.305923,-0.498116],[-51.30827,-0.495476]],[[-51.317657,-0.498116],[-51.314724,-0.498409],[-51.315018,-0.500463],[-51.317657,-0.498116]],[[-51.147217,-0.437391],[-51.145752,-0.437098],[-51.145458,-0.440032],[-51.147217,-0.437391]],[[-51.145752,-0.491369],[-51.142818,-0.491662],[-51.148392,-0.499583],[-51.145752,-0.491369]],[[-51.151619,-0.501343],[-51.153378,-0.501343],[-51.1525,-0.498702],[-51.151619,-0.501343]],[[-51.183887,-0.524224],[-51.182423,-0.523051],[-51.179485,-0.530971],[-51.183887,-0.524224]],[[-51.173328,-0.537132],[-51.163647,-0.546813],[-51.170979,-0.547986],[-51.173328,-0.537132]],[[-51.087959,-0.527451],[-51.073879,-0.483448],[-51.002888,-0.428297],[-51.01638,-0.431818],[-51.011395,-0.412456],[-50.978245,-0.372853],[-50.936588,-0.36552],[-50.938644,-0.390748],[-50.97942,-0.457633],[-50.993793,-0.545933],[-51.012569,-0.55444],[-51.025185,-0.544466],[-51.055103,-0.543879],[-51.079159,-0.563827],[-51.087959,-0.527451]],[[-51.107616,-0.541239],[-51.11055,-0.541826],[-51.104977,-0.535372],[-51.107616,-0.541239]],[[-51.027824,-0.432698],[-51.052464,-0.456166],[-51.072998,-0.463207],[-51.068012,-0.439152],[-51.051586,-0.41539],[-51.018436,-0.407176],[-51.027824,-0.432698]],[[-50.954483,-0.439152],[-50.952137,-0.428297],[-50.942455,-0.421257],[-50.94627,-0.435925],[-50.954483,-0.439152]],[[-51.060093,-0.55444],[-51.056278,-0.554146],[-51.056572,-0.55708],[-51.060093,-0.55444]],[[-51.168339,-0.55884],[-51.173618,-0.55092],[-51.170101,-0.550333],[-51.168339,-0.55884]],[[-51.157192,-0.56412],[-51.154552,-0.56324],[-51.155434,-0.567641],[-51.157192,-0.56412]],[[-51.16658,-0.100327],[-51.19973,-0.094167],[-51.196796,-0.068058],[-51.133724,-0.071578],[-51.139885,-0.085366],[-51.149273,-0.087126],[-51.16658,-0.100327]],[[-51.190048,-0.101207],[-51.196796,-0.101207],[-51.197968,-0.099154],[-51.194157,-0.09798],[-51.190048,-0.101207]],[[-51.217918,-0.085953],[-51.223198,-0.088886],[-51.225544,-0.08742],[-51.223198,-0.084486],[-51.217918,-0.085953]],[[-51.240799,-0.086246],[-51.243732,-0.084193],[-51.231705,-0.083606],[-51.240799,-0.086246]],[[-51.061558,-0.083019],[-51.058918,-0.085073],[-51.060093,-0.087126],[-51.061558,-0.083019]],[[-51.154846,-0.092993],[-51.151325,-0.092407],[-51.154259,-0.0971],[-51.154846,-0.092993]],[[-50.845943,-0.04547],[-50.852104,-0.045763],[-50.848289,-0.041363],[-50.845943,-0.04547]],[[-50.836555,-0.040483],[-50.842129,-0.039309],[-50.840076,-0.035496],[-50.836555,-0.040483]],[[-50.830982,-0.031389],[-50.827168,-0.032562],[-50.828342,-0.036376],[-50.830982,-0.031389]],[[-50.808395,-0.017015],[-50.810448,-0.016721],[-50.808395,-0.012028],[-50.808395,-0.017015]],[[-50.799301,-0.008801],[-50.794605,-0.009974],[-50.797539,-0.014668],[-50.799301,-0.008801]],[[-50.790501,-0.010854],[-50.785805,-0.00528],[-50.781406,-0.006747],[-50.782578,-0.010561],[-50.790501,-0.010854]],[[-51.543835,-0.615751],[-51.529167,-0.596976],[-51.492203,-0.573214],[-51.528286,-0.61047],[-51.543835,-0.615751]],[[-51.568474,-0.643033],[-51.56554,-0.643326],[-51.569942,-0.648607],[-51.568474,-0.643033]],[[-51.575809,-0.650367],[-51.572876,-0.650953],[-51.576691,-0.655354],[-51.575809,-0.650367]],[[-51.627438,-0.712851],[-51.628613,-0.748347],[-51.649147,-0.78795],[-51.643867,-0.768295],[-51.645332,-0.735146],[-51.640347,-0.732506],[-51.637413,-0.751281],[-51.627438,-0.712851]],[[-51.62656,-0.756268],[-51.628025,-0.785016],[-51.640934,-0.794697],[-51.62656,-0.756268]],[[-51.667042,-0.818459],[-51.678188,-0.835473],[-51.683762,-0.810832],[-51.667629,-0.779736],[-51.667042,-0.818459]],[[-51.697845,-0.785016],[-51.696377,-0.765948],[-51.661175,-0.725759],[-51.669682,-0.754214],[-51.697845,-0.785016]],[[-51.649735,-0.759201],[-51.650322,-0.747467],[-51.649147,-0.747174],[-51.645332,-0.755094],[-51.649735,-0.759201]],[[-51.121403,-0.684983],[-51.096172,-0.673248],[-51.120815,-0.702877],[-51.121403,-0.684983]],[[-51.137245,-0.700824],[-51.131378,-0.808485],[-51.165699,-0.843687],[-51.177139,-0.824913],[-51.178902,-0.790883],[-51.163647,-0.750987],[-51.161301,-0.722532],[-51.15015,-0.704637],[-51.137245,-0.700824]],[[-51.133724,-0.736026],[-51.133724,-0.717545],[-51.131672,-0.716078],[-51.128738,-0.729279],[-51.133724,-0.736026]],[[-51.131378,-0.83078],[-51.123455,-0.818752],[-51.118763,-0.83342],[-51.128445,-0.861288],[-51.131378,-0.858355],[-51.131378,-0.83078]],[[-51.131966,-0.83166],[-51.132843,-0.865689],[-51.1525,-0.879476],[-51.148685,-0.845741],[-51.131966,-0.83166]],[[-51.207062,-0.895904],[-51.218502,-0.907052],[-51.21645,-0.864222],[-51.199142,-0.818752],[-51.207062,-0.895904]],[[-51.197968,-0.808485],[-51.206768,-0.816992],[-51.202663,-0.78707],[-51.197968,-0.808485]],[[-51.172447,-0.765362],[-51.1745,-0.765068],[-51.172447,-0.762135],[-51.172447,-0.765362]],[[-51.175968,-0.763895],[-51.177139,-0.740133],[-51.165699,-0.727226],[-51.168045,-0.753334],[-51.175968,-0.763895]],[[-51.180367,-0.760961],[-51.1833,-0.762135],[-51.183887,-0.757441],[-51.180367,-0.760961]],[[-51.157486,-0.714611],[-51.159245,-0.714611],[-51.158661,-0.709038],[-51.157486,-0.714611]],[[-50.840076,-0.727812],[-50.828636,-0.731626],[-50.828049,-0.748347],[-50.834503,-0.765068],[-50.844185,-0.769469],[-50.849758,-0.7416],[-50.840076,-0.727812]],[[-50.825115,-0.758614],[-50.805462,-0.78267],[-50.824234,-0.826966],[-50.84301,-0.806725],[-50.825115,-0.758614]],[[-50.776417,-0.79323],[-50.771725,-0.78619],[-50.761166,-0.798217],[-50.764977,-0.799684],[-50.776417,-0.79323]],[[-50.769962,-0.800564],[-50.76791,-0.804084],[-50.772606,-0.806138],[-50.769962,-0.800564]],[[-50.761749,-0.806138],[-50.752949,-0.810832],[-50.755005,-0.819632],[-50.759697,-0.815819],[-50.761749,-0.806138]],[[-50.88261,-0.831953],[-50.875278,-0.83342],[-50.877625,-0.8387],[-50.88261,-0.831953]],[[-50.814552,-0.870089],[-50.812206,-0.858355],[-50.807514,-0.855421],[-50.807808,-0.868329],[-50.814552,-0.870089]],[[-50.808685,-0.894144],[-50.810741,-0.902945],[-50.814552,-0.900011],[-50.808685,-0.894144]],[[-50.822769,-0.896784],[-50.827461,-0.904705],[-50.833916,-0.905878],[-50.829224,-0.895318],[-50.822769,-0.896784]],[[-50.835968,-0.912919],[-50.828049,-0.911745],[-50.829224,-0.915559],[-50.835968,-0.912919]],[[-48.438091,-0.225883],[-48.426651,-0.226176],[-48.425476,-0.23087],[-48.431637,-0.235564],[-48.438091,-0.225883]],[[-48.713257,-0.245538],[-48.708855,-0.245831],[-48.71003,-0.247884],[-48.713257,-0.245538]],[[-47.737854,-0.5518],[-47.711746,-0.535372],[-47.69825,-0.538012],[-47.692089,-0.549159],[-47.693264,-0.552973],[-47.696785,-0.548866],[-47.737854,-0.5518]],[[-47.696198,-0.552386],[-47.691212,-0.574095],[-47.700012,-0.568814],[-47.702946,-0.575855],[-47.696198,-0.585829],[-47.702946,-0.60255],[-47.695316,-0.621031],[-47.699131,-0.632179],[-47.715851,-0.6445],[-47.753403,-0.629539],[-47.756336,-0.609884],[-47.753403,-0.621325],[-47.748413,-0.612817],[-47.737267,-0.615751],[-47.748413,-0.60695],[-47.751934,-0.608417],[-47.766308,-0.568227],[-47.747536,-0.565294],[-47.733452,-0.575561],[-47.731987,-0.574095],[-47.741375,-0.569108],[-47.732864,-0.565001],[-47.734921,-0.55708],[-47.696198,-0.552386]],[[-47.585896,-0.574681],[-47.560081,-0.584655],[-47.562428,-0.594629],[-47.540424,-0.60343],[-47.534264,-0.635406],[-47.581787,-0.633059],[-47.585896,-0.574681]],[[-47.423672,-0.575855],[-47.424549,-0.578495],[-47.42807,-0.578495],[-47.423672,-0.575855]],[[-47.409592,-0.579082],[-47.410763,-0.583775],[-47.413696,-0.582602],[-47.409592,-0.579082]],[[-47.46386,-0.60343],[-47.464153,-0.607244],[-47.466206,-0.605777],[-47.46386,-0.60343]],[[-47.628433,-0.617218],[-47.632832,-0.617511],[-47.630779,-0.612817],[-47.628433,-0.617218]],[[-47.697079,-0.60079],[-47.694145,-0.599616],[-47.695316,-0.60519],[-47.697079,-0.60079]],[[-47.696198,-0.614284],[-47.695023,-0.613697],[-47.69297,-0.620151],[-47.696198,-0.614284]],[[-47.75428,-0.642153],[-47.756336,-0.635699],[-47.747536,-0.635406],[-47.75428,-0.642153]],[[-47.779511,-0.590816],[-47.775696,-0.582895],[-47.769535,-0.587589],[-47.779511,-0.590816]],[[-47.783909,-0.587589],[-47.786259,-0.592576],[-47.792416,-0.599616],[-47.793884,-0.588469],[-47.783909,-0.587589]],[[-47.795349,-0.594336],[-47.796818,-0.595509],[-47.799458,-0.589056],[-47.795349,-0.594336]],[[-47.802979,-0.589936],[-47.81794,-0.596683],[-47.811192,-0.581722],[-47.816177,-0.562654],[-47.808258,-0.552973],[-47.792416,-0.55532],[-47.788605,-0.565001],[-47.800045,-0.572921],[-47.802979,-0.589936]],[[-47.823219,-0.596389],[-47.827034,-0.595803],[-47.825859,-0.592869],[-47.823219,-0.596389]],[[-47.853436,-0.598736],[-47.861355,-0.590816],[-47.849915,-0.589642],[-47.853436,-0.598736]],[[-47.843754,-0.624258],[-47.851967,-0.65418],[-47.860767,-0.661221],[-47.880131,-0.657114],[-47.915333,-0.618391],[-47.91328,-0.603723],[-47.898319,-0.621325],[-47.872795,-0.625725],[-47.903011,-0.614284],[-47.912106,-0.596683],[-47.89949,-0.582602],[-47.90712,-0.580842],[-47.906239,-0.565001],[-47.895969,-0.55884],[-47.868397,-0.561187],[-47.85725,-0.584069],[-47.869572,-0.582602],[-47.843754,-0.624258]],[[-47.850502,-0.60167],[-47.847569,-0.600496],[-47.846981,-0.604897],[-47.850502,-0.60167]],[[-47.835541,-0.65594],[-47.831139,-0.660047],[-47.833195,-0.666208],[-47.835541,-0.665034],[-47.835541,-0.65594]],[[-47.837006,-0.659167],[-47.837006,-0.667675],[-47.839939,-0.671195],[-47.841408,-0.665914],[-47.837006,-0.659167]],[[-47.839939,-0.658874],[-47.841995,-0.665034],[-47.842583,-0.670315],[-47.845512,-0.661808],[-47.839939,-0.658874]],[[-47.910934,-0.638633],[-47.920319,-0.629245],[-47.914158,-0.628658],[-47.910934,-0.638633]],[[-47.925896,-0.627192],[-47.927948,-0.626605],[-47.927361,-0.624551],[-47.925896,-0.627192]],[[-47.956108,-0.612524],[-47.96051,-0.614284],[-47.958454,-0.60871],[-47.956108,-0.612524]],[[-47.940853,-0.599616],[-47.941441,-0.597563],[-47.936749,-0.595509],[-47.940853,-0.599616]],[[-47.844929,-0.586122],[-47.842873,-0.588469],[-47.845806,-0.590522],[-47.844929,-0.586122]],[[-47.962856,-0.650073],[-47.959042,-0.64802],[-47.958748,-0.65682],[-47.962856,-0.650073]],[[-48.097797,-0.696717],[-48.096626,-0.688796],[-48.086945,-0.68997],[-48.088413,-0.695543],[-48.097797,-0.696717]],[[-48.184631,-0.816699],[-48.169083,-0.816992],[-48.159698,-0.827553],[-48.171726,-0.826379],[-48.184631,-0.816699]],[[-48.215435,-0.821686],[-48.200474,-0.819045],[-48.202526,-0.821979],[-48.215435,-0.821686]],[[-48.223061,-0.8299],[-48.217487,-0.826966],[-48.218369,-0.830486],[-48.223061,-0.8299]],[[-48.234207,-0.832833],[-48.227169,-0.83254],[-48.230984,-0.835473],[-48.234207,-0.832833]],[[-48.592979,-0.959856],[-48.588287,-0.955455],[-48.587112,-0.966603],[-48.592979,-0.959856]],[[-48.603836,-1.012659],[-48.596794,-1.009726],[-48.586235,-1.02498],[-48.597382,-1.028794],[-48.603836,-1.012659]],[[-48.407875,-1.037594],[-48.404942,-1.037008],[-48.402889,-1.042582],[-48.407875,-1.037594]],[[-48.365925,-1.041995],[-48.364456,-1.046688],[-48.371792,-1.050502],[-48.365925,-1.041995]],[[-48.342163,-1.049915],[-48.335415,-1.050795],[-48.335709,-1.057836],[-48.340405,-1.056663],[-48.342163,-1.049915]],[[-48.333656,-1.070744],[-48.337177,-1.092452],[-48.314587,-1.107413],[-48.315468,-1.134988],[-48.338058,-1.195126],[-48.345097,-1.190432],[-48.378246,-1.227981],[-48.419022,-1.203926],[-48.449238,-1.174591],[-48.464199,-1.171364],[-48.468891,-1.144082],[-48.45628,-1.135868],[-48.451584,-1.118854],[-48.437504,-1.112987],[-48.422249,-1.092452],[-48.413742,-1.093332],[-48.413448,-1.07309],[-48.384995,-1.060476],[-48.370911,-1.062823],[-48.363285,-1.053729],[-48.333656,-1.070744]],[[-48.296398,-1.091572],[-48.300507,-1.080718],[-48.291706,-1.076317],[-48.282906,-1.095092],[-48.296398,-1.091572]],[[-48.350376,-1.219181],[-48.346565,-1.21214],[-48.333656,-1.20334],[-48.335709,-1.227101],[-48.350376,-1.219181]],[[-48.336296,-1.236782],[-48.345978,-1.25057],[-48.371204,-1.234142],[-48.360058,-1.221234],[-48.336296,-1.236782]],[[-48.358299,-1.265531],[-48.36974,-1.25321],[-48.366806,-1.244703],[-48.358299,-1.265531]],[[-48.339523,-1.263477],[-48.336002,-1.284599],[-48.350376,-1.277558],[-48.339523,-1.263477]],[[-48.413742,-1.228275],[-48.418728,-1.242649],[-48.414913,-1.262011],[-48.473881,-1.271691],[-48.453053,-1.25585],[-48.432518,-1.21214],[-48.423424,-1.21302],[-48.413742,-1.228275]],[[-48.411396,-1.25497],[-48.415501,-1.245876],[-48.403477,-1.237075],[-48.400539,-1.249103],[-48.411396,-1.25497]],[[-48.519642,-1.269931],[-48.533432,-1.281372],[-48.53783,-1.259957],[-48.521694,-1.257904],[-48.519642,-1.269931]],[[-48.519054,-1.281372],[-48.510548,-1.2934],[-48.524921,-1.3022],[-48.52639,-1.296626],[-48.519054,-1.281372]],[[-48.795395,-1.281665],[-48.804489,-1.374952],[-48.817986,-1.386686],[-48.819157,-1.420422],[-48.847614,-1.421302],[-48.871376,-1.39842],[-48.879589,-1.368205],[-48.893669,-1.350897],[-48.878708,-1.340923],[-48.874893,-1.313641],[-48.884281,-1.312174],[-48.883698,-1.330949],[-48.903645,-1.34239],[-48.903645,-1.355884],[-48.886337,-1.384926],[-48.904526,-1.383459],[-48.91391,-1.354124],[-48.912151,-1.325962],[-48.923885,-1.302493],[-48.897484,-1.269638],[-48.876656,-1.261131],[-48.86404,-1.270518],[-48.805958,-1.274625],[-48.795395,-1.281665]],[[-48.538418,-1.303667],[-48.527859,-1.312468],[-48.532551,-1.322148],[-48.536366,-1.320975],[-48.538418,-1.303667]],[[-48.553085,-1.307481],[-48.555431,-1.332416],[-48.596794,-1.386393],[-48.602074,-1.379059],[-48.597969,-1.322442],[-48.553085,-1.307481]],[[-48.541645,-1.329482],[-48.536366,-1.331536],[-48.538418,-1.335349],[-48.541645,-1.329482]],[[-48.528736,-1.333296],[-48.521404,-1.334176],[-48.523457,-1.344737],[-48.527859,-1.341803],[-48.528736,-1.333296]],[[-48.52639,-1.351777],[-48.528442,-1.357057],[-48.532845,-1.355004],[-48.52639,-1.351777]],[[-48.522869,-1.379939],[-48.526684,-1.407221],[-48.544579,-1.359991],[-48.543404,-1.35119],[-48.522869,-1.379939]],[[-48.529617,-1.419249],[-48.533726,-1.481733],[-48.520523,-1.516642],[-48.525803,-1.523096],[-48.545166,-1.517229],[-48.577141,-1.473226],[-48.582127,-1.441837],[-48.563644,-1.437437],[-48.563644,-1.422475],[-48.592979,-1.438317],[-48.587994,-1.415728],[-48.565407,-1.393433],[-48.555138,-1.369672],[-48.529617,-1.419249]],[[-48.439556,-1.489947],[-48.419022,-1.474693],[-48.409634,-1.477626],[-48.417557,-1.488774],[-48.439556,-1.489947]],[[-48.38998,-1.476159],[-48.376194,-1.477626],[-48.417557,-1.502855],[-48.38998,-1.476159]],[[-48.441319,-1.497574],[-48.440437,-1.507548],[-48.456573,-1.522803],[-48.475052,-1.518109],[-48.482975,-1.504908],[-48.476814,-1.495521],[-48.441319,-1.497574]],[[-48.504093,-1.523683],[-48.510548,-1.524856],[-48.504093,-1.515469],[-48.504093,-1.523683]],[[-48.546631,-1.53219],[-48.55455,-1.524269],[-48.548393,-1.523683],[-48.546631,-1.53219]],[[-48.570393,-1.378472],[-48.578606,-1.39578],[-48.589169,-1.397247],[-48.589169,-1.393727],[-48.570393,-1.378472]],[[-48.781609,-1.277265],[-48.788357,-1.277852],[-48.789528,-1.274918],[-48.781609,-1.277265]],[[-48.818863,-1.262597],[-48.81945,-1.227395],[-48.780144,-1.218887],[-48.769875,-1.205393],[-48.747578,-1.198059],[-48.748753,-1.235022],[-48.762833,-1.25761],[-48.818863,-1.262597]],[[-48.781609,-1.2095],[-48.788063,-1.208327],[-48.78249,-1.201286],[-48.781609,-1.2095]],[[-48.558659,-1.199233],[-48.55426,-1.197179],[-48.552204,-1.20246],[-48.558659,-1.199233]],[[-48.526684,-1.195419],[-48.524632,-1.196593],[-48.526684,-1.199526],[-48.526684,-1.195419]],[[-48.519642,-1.194246],[-48.514069,-1.192192],[-48.514656,-1.198353],[-48.519642,-1.194246]],[[-48.534897,-1.199526],[-48.531376,-1.20158],[-48.532551,-1.203633],[-48.534897,-1.199526]],[[-48.510841,-1.200406],[-48.50967,-1.20422],[-48.51495,-1.207153],[-48.510841,-1.200406]],[[-48.551327,-1.208327],[-48.549271,-1.203633],[-48.544579,-1.2051],[-48.551327,-1.208327]],[[-48.523457,-1.203046],[-48.521404,-1.20422],[-48.521694,-1.206273],[-48.523457,-1.203046]],[[-48.563644,-1.249103],[-48.559246,-1.224461],[-48.535778,-1.2095],[-48.526978,-1.214194],[-48.548393,-1.259664],[-48.563644,-1.249103]],[[-48.511723,-1.237075],[-48.510548,-1.238249],[-48.514069,-1.243823],[-48.511723,-1.237075]],[[-48.513775,-1.25673],[-48.510841,-1.246169],[-48.498814,-1.251743],[-48.50087,-1.261424],[-48.513775,-1.25673]],[[-48.52375,-1.187499],[-48.51759,-1.182218],[-48.516415,-1.186619],[-48.52375,-1.187499]],[[-48.510841,-1.182218],[-48.506149,-1.184272],[-48.509083,-1.187792],[-48.510841,-1.182218]],[[-48.502041,-1.180751],[-48.495003,-1.177818],[-48.494709,-1.186619],[-48.502041,-1.180751]],[[-48.512604,-1.179578],[-48.513775,-1.175764],[-48.508202,-1.172831],[-48.512604,-1.179578]],[[-48.448063,-1.104186],[-48.451584,-1.112106],[-48.457451,-1.112987],[-48.454224,-1.103893],[-48.448063,-1.104186]],[[-48.414623,-1.06341],[-48.418434,-1.07133],[-48.422836,-1.069277],[-48.42078,-1.063116],[-48.414623,-1.06341]],[[-48.382938,-1.054316],[-48.380886,-1.048742],[-48.378834,-1.049329],[-48.382938,-1.054316]],[[-48.407581,-1.053729],[-48.411396,-1.053436],[-48.410809,-1.047862],[-48.407581,-1.053729]],[[-48.852013,-1.209207],[-48.859936,-1.208913],[-48.863747,-1.20334],[-48.855827,-1.203046],[-48.852013,-1.209207]],[[-49.069683,-1.545978],[-49.07056,-1.562405],[-49.077602,-1.566219],[-49.085522,-1.540991],[-49.069683,-1.545978]],[[-48.859936,-1.553898],[-48.854652,-1.564166],[-48.872547,-1.58558],[-48.886627,-1.589687],[-48.889565,-1.570913],[-48.859936,-1.553898]],[[-48.901299,-1.594968],[-48.917137,-1.666546],[-48.956448,-1.698229],[-48.941193,-1.71847],[-48.937084,-1.739298],[-48.975807,-1.740472],[-48.982849,-1.747512],[-48.963779,-1.752499],[-48.980797,-1.770394],[-48.945007,-1.753673],[-48.946178,-1.761593],[-48.975807,-1.785355],[-49.03096,-1.773621],[-49.056774,-1.786235],[-49.043865,-1.802663],[-49.053841,-1.824958],[-49.041813,-1.821144],[-49.030079,-1.829651],[-49.024506,-1.839039],[-49.03096,-1.843732],[-49.051788,-1.847839],[-49.082588,-1.841386],[-49.107525,-1.861334],[-49.152996,-1.862507],[-49.125126,-1.809703],[-49.08699,-1.822611],[-49.106354,-1.808236],[-49.092857,-1.801783],[-49.107231,-1.793275],[-49.096378,-1.751619],[-49.074669,-1.729911],[-49.04504,-1.715536],[-49.02832,-1.693828],[-49.00808,-1.695002],[-49.00544,-1.637504],[-48.987835,-1.604942],[-48.974049,-1.601422],[-48.964954,-1.61961],[-48.93914,-1.591154],[-48.910099,-1.577953],[-48.901299,-1.594968]],[[-48.908043,-1.701749],[-48.895138,-1.696175],[-48.887802,-1.699109],[-48.895138,-1.709669],[-48.908043,-1.701749]],[[-48.911858,-1.710549],[-48.906284,-1.725804],[-48.920071,-1.729617],[-48.931217,-1.703509],[-48.911858,-1.710549]],[[-49.001331,-1.793275],[-49.022453,-1.822904],[-49.040348,-1.810877],[-49.045334,-1.788288],[-49.03096,-1.780368],[-49.001331,-1.793275]],[[-48.964073,-1.800316],[-48.952927,-1.802369],[-48.958206,-1.822024],[-48.963779,-1.816744],[-48.964073,-1.800316]],[[-48.971115,-1.811757],[-48.974049,-1.831998],[-49.007198,-1.839919],[-48.988422,-1.802956],[-48.979916,-1.800609],[-48.971115,-1.811757]],[[-49.201103,-1.846666],[-49.201984,-1.85664],[-49.207558,-1.861334],[-49.20697,-1.847546],[-49.201103,-1.846666]],[[-49.163849,-1.823198],[-49.151821,-1.817037],[-49.150356,-1.822611],[-49.163849,-1.823198]],[[-49.137154,-1.810877],[-49.147129,-1.809997],[-49.142433,-1.800316],[-49.137154,-1.802663],[-49.137154,-1.810877]],[[-49.131287,-1.798262],[-49.125126,-1.797969],[-49.123661,-1.803249],[-49.129234,-1.804716],[-49.131287,-1.798262]],[[-49.115444,-1.794155],[-49.13158,-1.793862],[-49.133045,-1.780074],[-49.124245,-1.75954],[-49.107525,-1.754553],[-49.107819,-1.772447],[-49.115444,-1.794155]],[[-49.435493,-1.707616],[-49.463657,-1.726684],[-49.465122,-1.702922],[-49.439896,-1.696175],[-49.435493,-1.707616]],[[-49.469524,-1.732551],[-49.495045,-1.753086],[-49.50766,-1.751326],[-49.536407,-1.724924],[-49.542862,-1.685028],[-49.50238,-1.658039],[-49.492992,-1.682387],[-49.475391,-1.694122],[-49.469524,-1.732551]],[[-49.421707,-1.753673],[-49.397652,-1.753673],[-49.392078,-1.763353],[-49.448402,-1.795329],[-49.46806,-1.780074],[-49.460136,-1.769514],[-49.421707,-1.753673]],[[-49.530834,-1.75778],[-49.55489,-1.774501],[-49.591267,-1.7701],[-49.566624,-1.75778],[-49.530834,-1.75778]],[[-49.637032,-1.755139],[-49.611801,-1.733724],[-49.593025,-1.730791],[-49.615028,-1.741938],[-49.637032,-1.755139]],[[-49.606815,-1.739592],[-49.604465,-1.741645],[-49.607693,-1.745459],[-49.606815,-1.739592]],[[-49.545502,-1.707616],[-49.547558,-1.708789],[-49.54961,-1.699109],[-49.545502,-1.707616]],[[-49.543449,-1.668893],[-49.561344,-1.662439],[-49.54697,-1.653345],[-49.541691,-1.641318],[-49.529076,-1.641318],[-49.5191,-1.632224],[-49.512062,-1.648358],[-49.543449,-1.668893]],[[-49.514702,-1.632517],[-49.50766,-1.62137],[-49.49622,-1.636624],[-49.506779,-1.646305],[-49.514702,-1.632517]],[[-49.493874,-1.621663],[-49.490353,-1.596728],[-49.461605,-1.58558],[-49.40176,-1.595555],[-49.390903,-1.590568],[-49.366558,-1.599661],[-49.358635,-1.619316],[-49.384747,-1.615796],[-49.382107,-1.622543],[-49.414959,-1.651292],[-49.426987,-1.647478],[-49.431683,-1.625477],[-49.438721,-1.62841],[-49.439308,-1.644545],[-49.456615,-1.648065],[-49.493874,-1.621663]],[[-49.493286,-1.599661],[-49.496807,-1.600542],[-49.498859,-1.594968],[-49.493286,-1.599661]],[[-49.345436,-1.592621],[-49.345436,-1.597608],[-49.351303,-1.596728],[-49.345436,-1.592621]],[[-49.351597,-1.565339],[-49.335754,-1.571206],[-49.329887,-1.58294],[-49.311993,-1.586754],[-49.314926,-1.596141],[-49.328423,-1.601128],[-49.351597,-1.565339]],[[-49.319618,-1.608169],[-49.313461,-1.603768],[-49.2897,-1.615796],[-49.28706,-1.643371],[-49.313751,-1.632517],[-49.319618,-1.608169]],[[-49.266232,-1.634277],[-49.250095,-1.601128],[-49.203747,-1.591741],[-49.208439,-1.625477],[-49.253323,-1.638678],[-49.266232,-1.634277]],[[-49.182625,-1.595555],[-49.172943,-1.594088],[-49.174118,-1.598781],[-49.182625,-1.595555]],[[-49.149181,-1.592914],[-49.144489,-1.597608],[-49.149181,-1.600542],[-49.149181,-1.592914]],[[-49.168835,-1.591741],[-49.166782,-1.586167],[-49.161209,-1.588221],[-49.168835,-1.591741]],[[-49.1483,-1.586167],[-49.140381,-1.587634],[-49.143314,-1.592914],[-49.1483,-1.586167]],[[-48.952633,-1.58206],[-48.94706,-1.589981],[-48.96085,-1.596141],[-48.96114,-1.589981],[-48.952633,-1.58206]],[[-49.198757,-1.62665],[-49.198463,-1.606115],[-49.170303,-1.604942],[-49.179104,-1.633691],[-49.198757,-1.62665]],[[-49.151234,-1.606702],[-49.140968,-1.607875],[-49.141262,-1.614916],[-49.161797,-1.637211],[-49.162968,-1.632517],[-49.151234,-1.606702]],[[-49.224281,-1.637211],[-49.219585,-1.644251],[-49.225746,-1.648065],[-49.253029,-1.644251],[-49.250977,-1.640438],[-49.224281,-1.637211]],[[-49.356289,-1.649238],[-49.395012,-1.668013],[-49.408798,-1.651585],[-49.37653,-1.629584],[-49.355701,-1.638678],[-49.356289,-1.649238]],[[-49.309059,-1.658039],[-49.304661,-1.662439],[-49.311699,-1.663026],[-49.309059,-1.658039]],[[-49.355118,-1.667133],[-49.335461,-1.668306],[-49.346607,-1.684734],[-49.366558,-1.690308],[-49.368023,-1.675934],[-49.355118,-1.667133]],[[-49.324902,-1.668893],[-49.31786,-1.670947],[-49.319035,-1.674467],[-49.324902,-1.668893]],[[-49.298206,-1.677987],[-49.294979,-1.684734],[-49.325485,-1.699989],[-49.314339,-1.680334],[-49.298206,-1.677987]],[[-49.311993,-1.695882],[-49.307594,-1.691188],[-49.299671,-1.690895],[-49.305832,-1.697935],[-49.311993,-1.695882]],[[-49.233376,-1.693828],[-49.232788,-1.699109],[-49.241001,-1.699695],[-49.233376,-1.693828]],[[-49.270042,-1.701162],[-49.287937,-1.701749],[-49.279137,-1.694708],[-49.270042,-1.701162]],[[-49.388264,-1.700575],[-49.40704,-1.696762],[-49.388264,-1.682974],[-49.375065,-1.682974],[-49.375359,-1.694122],[-49.388264,-1.700575]],[[-49.421413,-1.695002],[-49.403225,-1.676227],[-49.386799,-1.67124],[-49.421413,-1.695002]],[[-49.412907,-1.675054],[-49.428455,-1.690308],[-49.435493,-1.688255],[-49.42347,-1.675347],[-49.412907,-1.675054]],[[-49.445469,-1.680041],[-49.452511,-1.688841],[-49.471577,-1.687961],[-49.491234,-1.662439],[-49.462482,-1.656279],[-49.445469,-1.680041]],[[-49.494755,-1.652465],[-49.49094,-1.651292],[-49.489471,-1.653345],[-49.494755,-1.652465]],[[-49.421707,-1.659506],[-49.409092,-1.661266],[-49.40704,-1.668306],[-49.422588,-1.668893],[-49.421707,-1.659506]],[[-49.431683,-1.668893],[-49.436375,-1.664199],[-49.435787,-1.660386],[-49.430508,-1.661559],[-49.431683,-1.668893]],[[-49.440483,-1.66508],[-49.447521,-1.668013],[-49.450455,-1.661559],[-49.447521,-1.659506],[-49.440483,-1.66508]],[[-49.439602,-1.671533],[-49.432854,-1.672413],[-49.436668,-1.679454],[-49.439602,-1.67828],[-49.439602,-1.671533]],[[-49.337807,-1.692655],[-49.333408,-1.681214],[-49.321968,-1.679161],[-49.332527,-1.693828],[-49.337807,-1.692655]],[[-49.48214,-1.650118],[-49.48214,-1.645718],[-49.47451,-1.645131],[-49.48214,-1.650118]],[[-49.489471,-1.647478],[-49.488888,-1.640731],[-49.484486,-1.640731],[-49.489471,-1.647478]],[[-49.357464,-1.629584],[-49.355412,-1.634277],[-49.361568,-1.635451],[-49.357464,-1.629584]],[[-49.342209,-1.62841],[-49.340157,-1.608755],[-49.320499,-1.62577],[-49.321674,-1.631344],[-49.342209,-1.62841]],[[-49.328712,-1.636624],[-49.33165,-1.641318],[-49.334579,-1.640144],[-49.328712,-1.636624]],[[-49.32402,-1.637211],[-49.319618,-1.640144],[-49.321674,-1.645425],[-49.32402,-1.637211]],[[-49.350422,-1.643371],[-49.345142,-1.638678],[-49.343674,-1.640731],[-49.350422,-1.643371]],[[-49.158863,-1.610809],[-49.161209,-1.623423],[-49.169716,-1.62753],[-49.16473,-1.608462],[-49.158863,-1.610809]],[[-49.043282,-1.564752],[-49.052959,-1.561819],[-49.04768,-1.558005],[-49.043282,-1.564752]],[[-49.417892,-1.579127],[-49.449871,-1.575606],[-49.450455,-1.565046],[-49.445763,-1.563872],[-49.417892,-1.579127]],[[-49.419067,-1.559472],[-49.409679,-1.57502],[-49.42347,-1.571206],[-49.419067,-1.559472]],[[-49.41584,-1.548911],[-49.389732,-1.57414],[-49.402641,-1.576193],[-49.41584,-1.548911]],[[-49.563396,-1.789462],[-49.562813,-1.790929],[-49.570145,-1.791222],[-49.563396,-1.789462]],[[-49.582466,-1.791222],[-49.565746,-1.798849],[-49.544624,-1.795036],[-49.547852,-1.826718],[-49.560757,-1.840505],[-49.616787,-1.842852],[-49.629108,-1.828771],[-49.658737,-1.819091],[-49.614147,-1.792102],[-49.582466,-1.791222]],[[-49.544624,-1.800903],[-49.542568,-1.799436],[-49.541985,-1.803249],[-49.544624,-1.800903]],[[-49.62471,-1.843439],[-49.64407,-1.850479],[-49.655804,-1.872188],[-49.690418,-1.859867],[-49.68074,-1.846373],[-49.650818,-1.831411],[-49.630871,-1.832878],[-49.62471,-1.843439]],[[-49.547852,-1.847546],[-49.544624,-1.853413],[-49.549904,-1.85224],[-49.547852,-1.847546]],[[-49.645538,-1.85488],[-49.636738,-1.85224],[-49.644657,-1.863387],[-49.645538,-1.85488]],[[-49.6693,-1.872188],[-49.673405,-1.875415],[-49.680447,-1.870134],[-49.676632,-1.868667],[-49.6693,-1.872188]],[[-49.671646,-1.877175],[-49.669594,-1.880108],[-49.682205,-1.875708],[-49.671646,-1.877175]],[[-49.665192,-1.880402],[-49.65551,-1.879228],[-49.660789,-1.890376],[-49.664604,-1.888322],[-49.665192,-1.880402]],[[-49.670471,-1.883335],[-49.666367,-1.904163],[-49.681622,-1.913844],[-49.696583,-1.907977],[-49.736771,-1.909444],[-49.746159,-1.902403],[-49.742638,-1.893016],[-49.716824,-1.879522],[-49.68338,-1.876295],[-49.670471,-1.883335]],[[-49.664604,-1.895069],[-49.662552,-1.893016],[-49.661377,-1.899176],[-49.664604,-1.895069]],[[-49.662846,-1.902403],[-49.660789,-1.90211],[-49.65786,-1.91003],[-49.662846,-1.902403]],[[-49.653751,-1.912377],[-49.654045,-1.917951],[-49.656979,-1.915898],[-49.653751,-1.912377]],[[-49.672527,-1.915311],[-49.678394,-1.919711],[-49.682205,-1.918244],[-49.679272,-1.913844],[-49.672527,-1.915311]],[[-49.66666,-1.909444],[-49.662846,-1.915017],[-49.667538,-1.915311],[-49.66666,-1.909444]],[[-49.760532,-1.897416],[-49.764053,-1.90211],[-49.781654,-1.898003],[-49.822136,-1.900056],[-49.784882,-1.890376],[-49.760532,-1.897416]],[[-49.824188,-1.890376],[-49.825363,-1.883335],[-49.815975,-1.878935],[-49.813042,-1.884215],[-49.824188,-1.890376]],[[-49.80072,-1.885389],[-49.794559,-1.885095],[-49.795734,-1.888029],[-49.80072,-1.885389]],[[-49.751732,-1.888616],[-49.745865,-1.886269],[-49.74205,-1.887442],[-49.746742,-1.894483],[-49.751732,-1.888616]],[[-49.749969,-1.876295],[-49.768745,-1.870134],[-49.745865,-1.861334],[-49.737946,-1.869254],[-49.749969,-1.876295]],[[-49.86174,-1.872188],[-49.863792,-1.868374],[-49.857632,-1.864561],[-49.86174,-1.872188]],[[-49.782536,-1.864561],[-49.778721,-1.864854],[-49.779308,-1.867201],[-49.782536,-1.864561]],[[-49.799255,-1.8628],[-49.800426,-1.860747],[-49.78664,-1.856347],[-49.799255,-1.8628]],[[-49.739998,-1.859573],[-49.736183,-1.864267],[-49.739998,-1.864561],[-49.739998,-1.859573]],[[-49.684261,-1.866321],[-49.682205,-1.870134],[-49.694233,-1.869548],[-49.684261,-1.866321]],[[-49.686607,-1.872188],[-49.685432,-1.874241],[-49.701569,-1.875415],[-49.686607,-1.872188]],[[-49.70509,-1.876295],[-49.711246,-1.876001],[-49.707436,-1.873654],[-49.70509,-1.876295]],[[-49.817444,-1.852826],[-49.828297,-1.853706],[-49.837097,-1.849306],[-49.828297,-1.844612],[-49.817444,-1.852826]],[[-49.929211,-1.85136],[-49.933613,-1.846666],[-49.925983,-1.848719],[-49.929211,-1.85136]],[[-49.75349,-1.831998],[-49.732079,-1.844026],[-49.775787,-1.85224],[-49.782242,-1.848426],[-49.75349,-1.831998]],[[-49.927452,-1.839625],[-49.928917,-1.837572],[-49.925102,-1.836985],[-49.927452,-1.839625]],[[-49.967052,-1.833465],[-49.977615,-1.835518],[-49.987003,-1.819971],[-49.969109,-1.820557],[-49.967052,-1.833465]],[[-49.963242,-1.818797],[-49.961185,-1.821731],[-49.964706,-1.822611],[-49.963242,-1.818797]],[[-49.9562,-1.824958],[-49.956787,-1.826424],[-49.961185,-1.824078],[-49.9562,-1.824958]],[[-49.938599,-1.825838],[-49.938305,-1.831998],[-49.941238,-1.830825],[-49.938599,-1.825838]],[[-49.66431,-1.827011],[-49.65786,-1.829065],[-49.682205,-1.842559],[-49.66431,-1.827011]],[[-49.703327,-1.842852],[-49.706261,-1.842559],[-49.704208,-1.836985],[-49.703327,-1.842852]],[[-49.710075,-1.846373],[-49.705379,-1.845786],[-49.708317,-1.85136],[-49.710075,-1.846373]],[[-49.705379,-1.800903],[-49.716824,-1.81469],[-49.738823,-1.80501],[-49.71917,-1.795329],[-49.705379,-1.800903]],[[-49.752609,-1.805303],[-49.754665,-1.80413],[-49.752609,-1.802076],[-49.752609,-1.805303]],[[-49.729729,-1.791809],[-49.72797,-1.776554],[-49.703327,-1.768634],[-49.698048,-1.790929],[-49.683674,-1.791809],[-49.692474,-1.799729],[-49.729729,-1.791809]],[[-49.733837,-1.7701],[-49.738823,-1.76658],[-49.730904,-1.753673],[-49.730316,-1.762473],[-49.733837,-1.7701]],[[-49.739704,-1.688255],[-49.741756,-1.697055],[-49.745571,-1.679161],[-49.739704,-1.688255]],[[-50.157146,-1.809117],[-50.148346,-1.802956],[-50.147175,-1.80677],[-50.157146,-1.809117]],[[-50.154507,-1.803249],[-50.160961,-1.810583],[-50.164776,-1.809997],[-50.163307,-1.805303],[-50.154507,-1.803249]],[[-50.142185,-1.80413],[-50.130157,-1.797969],[-50.106983,-1.793275],[-50.121651,-1.802956],[-50.142185,-1.80413]],[[-50.196163,-1.795916],[-50.208485,-1.798849],[-50.212006,-1.785061],[-50.236355,-1.7701],[-50.206139,-1.761593],[-50.196163,-1.795916]],[[-50.21347,-1.799729],[-50.222858,-1.795036],[-50.233418,-1.776261],[-50.215527,-1.784181],[-50.21347,-1.799729]],[[-50.289158,-1.792102],[-50.297958,-1.788288],[-50.290035,-1.783888],[-50.289158,-1.792102]],[[-50.300011,-1.787115],[-50.302944,-1.785942],[-50.297665,-1.783008],[-50.300011,-1.787115]],[[-50.285343,-1.783301],[-50.278301,-1.771274],[-50.267155,-1.786822],[-50.275078,-1.787995],[-50.285343,-1.783301]],[[-50.267155,-1.7701],[-50.251606,-1.769514],[-50.235474,-1.780955],[-50.244274,-1.776261],[-50.26334,-1.773914],[-50.267155,-1.7701]],[[-50.266567,-1.765407],[-50.271263,-1.750739],[-50.247501,-1.749566],[-50.233711,-1.764233],[-50.266567,-1.765407]],[[-50.239578,-1.780955],[-50.250141,-1.787995],[-50.271263,-1.775967],[-50.265984,-1.774501],[-50.239578,-1.780955]],[[-50.285049,-1.788875],[-50.286224,-1.786528],[-50.285049,-1.785355],[-50.285049,-1.788875]],[[-50.149227,-1.794449],[-50.150398,-1.792395],[-50.14336,-1.790342],[-50.149227,-1.794449]],[[-49.882862,-1.792395],[-49.876701,-1.791222],[-49.872887,-1.795916],[-49.87846,-1.795329],[-49.882862,-1.792395]],[[-49.925102,-1.797089],[-49.921291,-1.800023],[-49.926571,-1.800609],[-49.925102,-1.797089]],[[-49.921291,-1.772447],[-49.927452,-1.773034],[-49.930386,-1.76834],[-49.925983,-1.766287],[-49.921291,-1.772447]],[[-50.057701,-1.765407],[-50.070606,-1.763353],[-50.061806,-1.750446],[-50.048019,-1.757486],[-50.057701,-1.765407]],[[-50.065327,-1.751619],[-50.072662,-1.7613],[-50.077061,-1.759246],[-50.0709,-1.750446],[-50.065327,-1.751619]],[[-50.044498,-1.736658],[-50.043327,-1.748686],[-50.060341,-1.734898],[-50.055061,-1.733724],[-50.044498,-1.736658]],[[-50.252487,-1.822024],[-50.245445,-1.830825],[-50.26833,-1.833758],[-50.252487,-1.822024]],[[-50.270088,-1.841972],[-50.276249,-1.839919],[-50.272434,-1.836105],[-50.270088,-1.841972]],[[-50.355453,-1.840799],[-50.31292,-1.825838],[-50.318493,-1.835518],[-50.355453,-1.840799]],[[-50.360737,-1.842266],[-50.36367,-1.841679],[-50.360737,-1.838745],[-50.360737,-1.842266]],[[-50.36631,-1.842559],[-50.384499,-1.843439],[-50.380978,-1.841386],[-50.36631,-1.842559]],[[-50.397404,-1.843732],[-50.40591,-1.846959],[-50.422928,-1.842559],[-50.408257,-1.840505],[-50.397404,-1.843732]],[[-50.339615,-1.845786],[-50.360149,-1.856347],[-50.361321,-1.850773],[-50.339615,-1.845786]],[[-50.362202,-1.85664],[-50.375111,-1.860454],[-50.405327,-1.860747],[-50.401806,-1.851946],[-50.362202,-1.85664]],[[-50.409138,-1.862214],[-50.410019,-1.858693],[-50.409138,-1.858693],[-50.409138,-1.862214]],[[-50.407673,-1.858693],[-50.411194,-1.852533],[-50.408257,-1.851946],[-50.407673,-1.858693]],[[-50.390072,-1.867201],[-50.388603,-1.869254],[-50.390949,-1.869548],[-50.390072,-1.867201]],[[-50.247501,-1.869548],[-50.243687,-1.880988],[-50.285343,-1.883335],[-50.280064,-1.876295],[-50.247501,-1.869548]],[[-50.225792,-1.878642],[-50.201736,-1.886269],[-50.188828,-1.90827],[-50.194988,-1.913844],[-50.227551,-1.893016],[-50.225792,-1.878642]],[[-50.182961,-1.90915],[-50.175922,-1.90035],[-50.177975,-1.925872],[-50.172401,-1.936139],[-50.181202,-1.924992],[-50.182961,-1.90915]],[[-50.233418,-1.893896],[-50.233711,-1.892429],[-50.230778,-1.891256],[-50.233418,-1.893896]],[[-50.260406,-1.890962],[-50.258354,-1.890376],[-50.256302,-1.893309],[-50.260406,-1.890962]],[[-50.293262,-1.888029],[-50.297077,-1.888322],[-50.293262,-1.885389],[-50.293262,-1.888029]],[[-50.405033,-1.888909],[-50.419994,-1.908857],[-50.440823,-1.912964],[-50.447273,-1.90739],[-50.426739,-1.884509],[-50.405033,-1.888909]],[[-50.300011,-1.891256],[-50.296196,-1.891549],[-50.297371,-1.894483],[-50.300011,-1.891256]],[[-50.426739,-1.912964],[-50.426445,-1.914137],[-50.430847,-1.914724],[-50.426739,-1.912964]],[[-50.449329,-1.913844],[-50.463997,-1.919711],[-50.467808,-1.919124],[-50.455784,-1.90387],[-50.449329,-1.913844]],[[-50.434956,-1.915311],[-50.42762,-1.916191],[-50.425568,-1.918244],[-50.430847,-1.922938],[-50.434956,-1.915311]],[[-50.434956,-1.923818],[-50.447861,-1.919124],[-50.444927,-1.915311],[-50.434956,-1.923818]],[[-50.442581,-1.923818],[-50.443462,-1.929685],[-50.457836,-1.929098],[-50.455784,-1.921178],[-50.442581,-1.923818]],[[-50.456661,-1.920298],[-50.460476,-1.920004],[-50.455784,-1.917071],[-50.456661,-1.920298]],[[-50.43906,-1.890376],[-50.443752,-1.890082],[-50.417938,-1.873361],[-50.43906,-1.890376]],[[-50.399162,-1.871308],[-50.39447,-1.874241],[-50.40239,-1.878055],[-50.399162,-1.871308]],[[-50.394176,-1.876295],[-50.392124,-1.876588],[-50.395939,-1.882162],[-50.394176,-1.876295]],[[-50.40591,-1.882162],[-50.407085,-1.880988],[-50.404152,-1.879522],[-50.40591,-1.882162]],[[-50.415886,-1.875415],[-50.409725,-1.875121],[-50.4109,-1.877175],[-50.415886,-1.875415]],[[-50.404152,-1.883922],[-50.403858,-1.885095],[-50.406792,-1.886269],[-50.404152,-1.883922]],[[-50.234886,-1.883922],[-50.238701,-1.883335],[-50.235767,-1.879522],[-50.234886,-1.883922]],[[-50.437008,-1.9467],[-50.4109,-1.941126],[-50.378044,-1.951687],[-50.392418,-1.957847],[-50.437008,-1.9467]],[[-49.743813,-1.910911],[-49.742638,-1.910324],[-49.741173,-1.915898],[-49.743813,-1.910911]],[[-49.217239,-1.870134],[-49.212547,-1.867201],[-49.211666,-1.873948],[-49.217239,-1.870134]],[[-49.17001,-1.868081],[-49.165318,-1.869254],[-49.166782,-1.878055],[-49.17001,-1.868081]],[[-49.227798,-1.883335],[-49.22076,-1.881282],[-49.222225,-1.889202],[-49.227798,-1.883335]],[[-49.162968,-1.886562],[-49.157101,-1.887442],[-49.157394,-1.893016],[-49.161797,-1.893016],[-49.162968,-1.886562]],[[-49.239243,-1.893016],[-49.234547,-1.898296],[-49.245987,-1.908857],[-49.24892,-1.904163],[-49.239243,-1.893016]],[[-49.267109,-1.899176],[-49.276203,-1.923231],[-49.30994,-1.961367],[-49.307884,-1.930859],[-49.277672,-1.89947],[-49.267109,-1.899176]],[[-49.230442,-1.956674],[-49.22868,-1.940833],[-49.224281,-1.938779],[-49.222813,-1.953447],[-49.230442,-1.956674]],[[-49.322262,-1.934966],[-49.321381,-1.969288],[-49.352474,-1.99833],[-49.35453,-1.985716],[-49.339569,-1.949927],[-49.322262,-1.934966]],[[-49.28706,-1.967528],[-49.282658,-1.962834],[-49.275326,-1.965768],[-49.279137,-1.969581],[-49.28706,-1.967528]],[[-49.299965,-1.975448],[-49.292046,-1.977502],[-49.294979,-1.983076],[-49.299965,-1.975448]],[[-49.369492,-1.973395],[-49.38533,-2.016811],[-49.393253,-2.023852],[-49.379757,-1.976622],[-49.369492,-1.973395]],[[-49.328423,-2.006251],[-49.327835,-2.054948],[-49.335754,-2.066975],[-49.341328,-2.03764],[-49.328423,-2.006251]],[[-49.307884,-2.033239],[-49.304661,-2.019158],[-49.2985,-2.014465],[-49.302017,-2.027666],[-49.307884,-2.033239]],[[-49.295567,-2.03676],[-49.299965,-2.039693],[-49.300552,-2.03764],[-49.295567,-2.03676]],[[-49.285885,-2.035293],[-49.284122,-2.035293],[-49.286766,-2.04028],[-49.285885,-2.035293]],[[-49.311405,-2.053187],[-49.304073,-2.046147],[-49.311405,-2.068442],[-49.311405,-2.053187]],[[-49.304661,-2.071669],[-49.311699,-2.077829],[-49.311405,-2.073429],[-49.304661,-2.071669]],[[-49.337223,-2.076656],[-49.34573,-2.082229],[-49.34074,-2.061401],[-49.337223,-2.076656]],[[-49.393253,-2.091323],[-49.412025,-2.096604],[-49.407921,-2.072549],[-49.415546,-2.056708],[-49.400879,-2.04468],[-49.393841,-2.04908],[-49.393253,-2.091323]],[[-49.316978,-2.09103],[-49.319328,-2.098071],[-49.320499,-2.097484],[-49.316978,-2.09103]],[[-49.375359,-2.106578],[-49.380932,-2.108045],[-49.380344,-2.099244],[-49.375359,-2.106578]],[[-49.373013,-2.101591],[-49.370956,-2.101298],[-49.370373,-2.105991],[-49.373013,-2.101591]],[[-49.334579,-2.107458],[-49.330475,-2.111565],[-49.332527,-2.125353],[-49.336342,-2.120072],[-49.334579,-2.107458]],[[-49.384453,-2.109218],[-49.388264,-2.112152],[-49.388851,-2.108338],[-49.384453,-2.109218]],[[-49.377411,-2.109511],[-49.377117,-2.110978],[-49.380932,-2.113032],[-49.377411,-2.109511]],[[-49.382107,-2.114205],[-49.385036,-2.115379],[-49.386211,-2.112445],[-49.382107,-2.114205]],[[-49.388851,-2.113325],[-49.39296,-2.120952],[-49.398533,-2.123886],[-49.394718,-2.115965],[-49.388851,-2.113325]],[[-49.416134,-2.117432],[-49.422001,-2.1409],[-49.426697,-2.142954],[-49.425522,-2.124179],[-49.416134,-2.117432]],[[-49.43755,-2.144714],[-49.44136,-2.145007],[-49.439308,-2.140314],[-49.43755,-2.144714]],[[-49.43491,-2.143834],[-49.433735,-2.149994],[-49.439308,-2.154688],[-49.438721,-2.148234],[-49.43491,-2.143834]],[[-49.439602,-2.147354],[-49.441948,-2.153221],[-49.444298,-2.153808],[-49.444588,-2.149114],[-49.439602,-2.147354]],[[-49.43491,-2.139727],[-49.436375,-2.13826],[-49.43491,-2.137087],[-49.43491,-2.139727]],[[-49.439602,-2.135913],[-49.436668,-2.134447],[-49.435493,-2.135913],[-49.439602,-2.135913]],[[-49.430508,-2.131806],[-49.434029,-2.134447],[-49.430508,-2.118312],[-49.430508,-2.131806]],[[-49.434616,-2.131806],[-49.436668,-2.13298],[-49.436668,-2.12946],[-49.434616,-2.131806]],[[-49.43491,-2.127993],[-49.437843,-2.128286],[-49.436668,-2.125353],[-49.43491,-2.127993]],[[-49.426109,-2.108338],[-49.435493,-2.101591],[-49.434029,-2.067855],[-49.424641,-2.091617],[-49.426109,-2.108338]],[[-49.43755,-2.097191],[-49.439308,-2.097191],[-49.438431,-2.09543],[-49.43755,-2.097191]],[[-49.438721,-2.066682],[-49.43755,-2.065508],[-49.436375,-2.066682],[-49.438721,-2.066682]],[[-49.434616,-2.064922],[-49.425816,-2.046147],[-49.405281,-2.044093],[-49.422882,-2.061695],[-49.411148,-2.074896],[-49.41848,-2.108045],[-49.426109,-2.059935],[-49.434616,-2.064922]],[[-49.427868,-2.047614],[-49.42992,-2.050547],[-49.430508,-2.046734],[-49.427868,-2.047614]],[[-49.419949,-2.0438],[-49.423759,-2.03676],[-49.416721,-2.034706],[-49.414665,-2.039986],[-49.419949,-2.0438]],[[-49.413494,-2.035586],[-49.400291,-2.033239],[-49.405865,-2.04204],[-49.413494,-2.035586]],[[-49.412907,-2.031773],[-49.400879,-2.021212],[-49.401173,-2.029132],[-49.412907,-2.031773]],[[-49.412613,-2.030306],[-49.414665,-2.030012],[-49.413494,-2.027959],[-49.412613,-2.030306]],[[-49.359222,-2.011238],[-49.34573,-2.008598],[-49.375065,-2.0438],[-49.359222,-2.011238]],[[-49.351303,-2.032359],[-49.348663,-2.047614],[-49.357464,-2.055534],[-49.358051,-2.045854],[-49.351303,-2.032359]],[[-49.348076,-2.039986],[-49.347488,-2.037933],[-49.342503,-2.054654],[-49.348076,-2.039986]],[[-49.348076,-2.053481],[-49.346317,-2.064922],[-49.355995,-2.076949],[-49.361279,-2.060815],[-49.348076,-2.053481]],[[-49.359516,-2.055828],[-49.363625,-2.04908],[-49.358341,-2.040573],[-49.359516,-2.046734],[-49.359516,-2.055828]],[[-49.398239,-2.04204],[-49.403812,-2.042627],[-49.400879,-2.037053],[-49.398239,-2.04204]],[[-49.394718,-2.035879],[-49.396774,-2.036173],[-49.398827,-2.030012],[-49.394718,-2.035879]],[[-49.413788,-2.069909],[-49.412613,-2.066975],[-49.409679,-2.071669],[-49.413788,-2.069909]],[[-49.397652,-2.020332],[-49.400291,-2.020038],[-49.39912,-2.017105],[-49.397652,-2.020332]],[[-49.393253,-2.016225],[-49.396187,-2.015931],[-49.395012,-2.013878],[-49.393253,-2.016225]],[[-49.397358,-1.986303],[-49.399998,-1.986303],[-49.401173,-1.980729],[-49.397358,-1.986303]],[[-49.445469,-2.159968],[-49.440777,-2.154688],[-49.438721,-2.157622],[-49.445469,-2.159968]],[[-49.40176,-2.162022],[-49.402054,-2.17669],[-49.426697,-2.212185],[-49.426399,-2.200158],[-49.40176,-2.162022]],[[-49.395306,-2.168182],[-49.394131,-2.167889],[-49.39296,-2.170822],[-49.395306,-2.168182]],[[-49.406158,-2.186664],[-49.416134,-2.208372],[-49.42347,-2.213652],[-49.406158,-2.186664]],[[-49.434616,-2.218346],[-49.430801,-2.205438],[-49.428749,-2.205732],[-49.434616,-2.218346]],[[-49.469231,-2.226266],[-49.478619,-2.23184],[-49.467472,-2.218053],[-49.469231,-2.226266]],[[-49.473339,-2.231253],[-49.465416,-2.235067],[-49.4795,-2.268216],[-49.491817,-2.27203],[-49.488888,-2.249148],[-49.473339,-2.231253]],[[-49.486538,-2.27203],[-49.486538,-2.27467],[-49.490059,-2.27467],[-49.486538,-2.27203]],[[-49.4795,-2.275843],[-49.480083,-2.278777],[-49.48214,-2.27819],[-49.4795,-2.275843]],[[-49.483604,-2.275843],[-49.481258,-2.286697],[-49.487419,-2.302245],[-49.492111,-2.282591],[-49.483604,-2.275843]],[[-49.413788,-2.17845],[-49.417015,-2.184904],[-49.422588,-2.187837],[-49.420532,-2.181677],[-49.413788,-2.17845]],[[-49.449577,-2.167596],[-49.452511,-2.170529],[-49.453098,-2.164955],[-49.449577,-2.167596]],[[-49.49094,-2.302245],[-49.489471,-2.303419],[-49.491817,-2.304592],[-49.49094,-2.302245]],[[-49.486244,-2.305766],[-49.4795,-2.331581],[-49.482433,-2.350355],[-49.502087,-2.332461],[-49.486244,-2.305766]],[[-49.485367,-2.352409],[-49.491817,-2.351235],[-49.500622,-2.338328],[-49.498272,-2.338034],[-49.485367,-2.352409]],[[-49.497978,-2.354169],[-49.507366,-2.36561],[-49.512939,-2.366783],[-49.510006,-2.360329],[-49.497978,-2.354169]],[[-49.495045,-2.357103],[-49.497978,-2.37177],[-49.511768,-2.380571],[-49.511181,-2.373237],[-49.507072,-2.37265],[-49.495045,-2.357103]],[[-49.524673,-2.350062],[-49.517929,-2.345075],[-49.522915,-2.355929],[-49.524673,-2.350062]],[[-49.49094,-2.371184],[-49.484486,-2.36737],[-49.484486,-2.376757],[-49.49094,-2.371184]],[[-49.34309,-2.145007],[-49.34309,-2.1409],[-49.34074,-2.140607],[-49.340446,-2.146767],[-49.34309,-2.145007]],[[-49.351597,-2.160555],[-49.342796,-2.159968],[-49.350128,-2.168769],[-49.351597,-2.160555]],[[-48.521694,-1.538057],[-48.508789,-1.547444],[-48.51759,-1.548911],[-48.521694,-1.538057]],[[-48.510548,-1.552431],[-48.504093,-1.576193],[-48.502628,-1.564752],[-48.487961,-1.57414],[-48.467426,-1.62225],[-48.502922,-1.609049],[-48.512016,-1.583527],[-48.536366,-1.561819],[-48.539593,-1.545978],[-48.510548,-1.552431]],[[-48.096333,-1.542457],[-48.082546,-1.542164],[-48.077263,-1.547444],[-48.084305,-1.550378],[-48.096333,-1.542457]],[[-48.349499,-1.304254],[-48.348911,-1.29516],[-48.344215,-1.293106],[-48.342163,-1.301613],[-48.349499,-1.304254]],[[-48.014194,-0.662101],[-48.006271,-0.666795],[-48.012432,-0.678822],[-48.020355,-0.674128],[-48.014194,-0.662101]],[[-48.017422,-0.664741],[-48.019768,-0.664154],[-48.018299,-0.662101],[-48.017422,-0.664741]],[[-47.992485,-0.683809],[-47.987789,-0.688503],[-47.987499,-0.70141],[-47.9963,-0.689089],[-47.992485,-0.683809]],[[-47.995419,-0.69261],[-47.997471,-0.717251],[-48.01038,-0.719892],[-48.011261,-0.704931],[-48.004219,-0.70053],[-48.013901,-0.703464],[-48.014194,-0.720478],[-48.022995,-0.715785],[-48.017422,-0.688796],[-48.003338,-0.685276],[-47.995419,-0.69261]],[[-48.017128,-0.724879],[-48.015953,-0.723705],[-48.012138,-0.727519],[-48.017128,-0.724879]],[[-47.869572,-0.679115],[-47.868397,-0.678822],[-47.867222,-0.681756],[-47.869572,-0.679115]],[[-47.712917,-0.746],[-47.68681,-0.727226],[-47.663048,-0.730159],[-47.668327,-0.7372],[-47.694145,-0.739546],[-47.705879,-0.756268],[-47.712917,-0.746]],[[-47.457993,-0.703464],[-47.448605,-0.703464],[-47.443619,-0.719305],[-47.449192,-0.721358],[-47.457993,-0.730746],[-47.458874,-0.737493],[-47.454472,-0.745707],[-47.463272,-0.751281],[-47.467968,-0.717545],[-47.465034,-0.704637],[-47.454472,-0.709038],[-47.457993,-0.703464]],[[-47.456821,-0.750401],[-47.453007,-0.745707],[-47.453884,-0.728399],[-47.434525,-0.721652],[-47.428658,-0.746],[-47.440098,-0.753921],[-47.456821,-0.750401]],[[-47.405483,-0.79499],[-47.400787,-0.78795],[-47.400497,-0.799097],[-47.405483,-0.79499]],[[-47.418388,-0.638046],[-47.415459,-0.638339],[-47.417511,-0.642153],[-47.418388,-0.638046]],[[-47.354439,-0.637459],[-47.352386,-0.636286],[-47.352093,-0.638339],[-47.354439,-0.637459]],[[-47.35033,-0.640099],[-47.350918,-0.64626],[-47.352093,-0.645966],[-47.35033,-0.640099]],[[-47.288727,-0.635699],[-47.29166,-0.637166],[-47.293716,-0.633352],[-47.288727,-0.635699]],[[-47.252644,-0.638633],[-47.250298,-0.639219],[-47.251766,-0.642153],[-47.252644,-0.638633]],[[-47.255581,-0.659167],[-47.252644,-0.657994],[-47.25206,-0.664154],[-47.255581,-0.659167]],[[-47.208347,-0.692023],[-47.202774,-0.693196],[-47.205124,-0.69525],[-47.208347,-0.692023]],[[-47.199547,-0.702584],[-47.21011,-0.715491],[-47.218029,-0.704051],[-47.199547,-0.702584]],[[-47.225948,-0.707864],[-47.23035,-0.707571],[-47.223309,-0.69965],[-47.225948,-0.707864]],[[-47.24062,-0.710798],[-47.239151,-0.706984],[-47.23798,-0.707571],[-47.24062,-0.710798]],[[-47.180481,-0.705811],[-47.177841,-0.706691],[-47.177841,-0.709331],[-47.180481,-0.705811]],[[-47.194267,-0.762135],[-47.188694,-0.762428],[-47.192509,-0.765362],[-47.194267,-0.762135]],[[-47.144104,-0.773869],[-47.139996,-0.792057],[-47.145573,-0.790003],[-47.144104,-0.773869]],[[-47.08514,-0.718718],[-47.080444,-0.719892],[-47.0825,-0.722825],[-47.08514,-0.718718]],[[-47.090714,-0.722825],[-47.084553,-0.725759],[-47.096581,-0.7372],[-47.090714,-0.722825]],[[-46.993614,-0.74424],[-46.999187,-0.756268],[-47.002121,-0.755094],[-46.993614,-0.74424]],[[-47.079861,-0.756268],[-47.077805,-0.762428],[-47.083382,-0.764775],[-47.084553,-0.761841],[-47.079861,-0.756268]],[[-47.009163,-0.768002],[-47.007107,-0.768295],[-47.01004,-0.773869],[-47.009163,-0.768002]],[[-47.012974,-0.773282],[-47.022949,-0.783256],[-47.023243,-0.806138],[-47.027935,-0.780909],[-47.012974,-0.773282]],[[-47.076633,-0.832246],[-47.0737,-0.83342],[-47.074287,-0.834593],[-47.076633,-0.832246]],[[-46.874512,-0.760081],[-46.863659,-0.769175],[-46.885071,-0.783843],[-46.883606,-0.770055],[-46.874512,-0.760081]],[[-46.727543,-0.775336],[-46.722847,-0.775042],[-46.726662,-0.779443],[-46.727543,-0.775336]],[[-46.732529,-0.779443],[-46.730473,-0.780909],[-46.730766,-0.783843],[-46.732529,-0.779443]],[[-46.652443,-0.783843],[-46.637188,-0.789123],[-46.641586,-0.799684],[-46.647163,-0.797631],[-46.641296,-0.807605],[-46.648041,-0.809071],[-46.638363,-0.814645],[-46.625748,-0.812005],[-46.61372,-0.822566],[-46.616947,-0.83166],[-46.60873,-0.844274],[-46.616653,-0.857182],[-46.643642,-0.841634],[-46.645401,-0.829313],[-46.672096,-0.799097],[-46.652443,-0.783843]],[[-46.628681,-0.803204],[-46.623692,-0.805845],[-46.624866,-0.810538],[-46.627506,-0.810538],[-46.628681,-0.803204]],[[-46.630733,-0.811418],[-46.637188,-0.809951],[-46.633373,-0.807898],[-46.630733,-0.811418]],[[-46.609028,-0.852781],[-46.609905,-0.860408],[-46.612839,-0.860115],[-46.609028,-0.852781]],[[-46.442402,-0.860408],[-46.423332,-0.858062],[-46.418053,-0.88417],[-46.437412,-0.904705],[-46.453255,-0.897078],[-46.470856,-0.913799],[-46.472031,-0.900891],[-46.477604,-0.895318],[-46.468216,-0.897958],[-46.455894,-0.880357],[-46.443279,-0.882117],[-46.45472,-0.877423],[-46.450909,-0.871263],[-46.433308,-0.87537],[-46.439468,-0.866862],[-46.428024,-0.866862],[-46.434189,-0.861288],[-46.440056,-0.861288],[-46.457947,-0.868329],[-46.442402,-0.860408]],[[-46.215931,-0.889451],[-46.20713,-0.887397],[-46.21241,-0.893851],[-46.215931,-0.889451]],[[-46.457363,-0.909692],[-46.460003,-0.909692],[-46.460587,-0.905878],[-46.457363,-0.909692]],[[-46.47467,-0.906758],[-46.482883,-0.914972],[-46.463814,-0.919959],[-46.48875,-0.931694],[-46.479069,-0.932867],[-46.470856,-0.92788],[-46.463814,-0.943428],[-46.479656,-0.944894],[-46.472908,-0.957509],[-46.490803,-0.960442],[-46.499603,-0.97247],[-46.489338,-0.983031],[-46.490803,-0.971296],[-46.464989,-0.973643],[-46.462055,-0.992418],[-46.477016,-0.990071],[-46.470856,-0.995351],[-46.463814,-0.997405],[-46.467041,-1.005912],[-46.472614,-1.008846],[-46.480831,-0.995351],[-46.49667,-0.995351],[-46.493736,-1.000925],[-46.507526,-1.008846],[-46.538326,-1.007966],[-46.55505,-1.01618],[-46.565315,-1.005032],[-46.562969,-0.988311],[-46.580276,-0.976577],[-46.556221,-0.933454],[-46.559742,-0.908225],[-46.549183,-0.904412],[-46.539501,-0.911745],[-46.546249,-0.911745],[-46.54126,-0.956629],[-46.554756,-0.965136],[-46.540382,-0.960736],[-46.539207,-0.978924],[-46.514565,-0.939321],[-46.520432,-0.904998],[-46.507233,-0.895904],[-46.511337,-0.88505],[-46.49931,-0.874489],[-46.48259,-0.873609],[-46.469681,-0.88417],[-46.47467,-0.892384],[-46.467041,-0.892677],[-46.468216,-0.896198],[-46.485523,-0.894144],[-46.47467,-0.906758]],[[-46.439468,-0.919959],[-46.448853,-0.925826],[-46.447094,-0.921719],[-46.439468,-0.919959]],[[-46.415413,-0.940788],[-46.41013,-0.92964],[-46.39957,-0.934334],[-46.395466,-0.944308],[-46.402504,-0.957802],[-46.408665,-0.955162],[-46.415413,-0.940788]],[[-46.269909,-0.931987],[-46.265507,-0.933454],[-46.267563,-0.936974],[-46.269909,-0.931987]],[[-46.315376,-0.937561],[-46.317139,-0.979217],[-46.305405,-0.988311],[-46.314205,-0.998872],[-46.329754,-0.981564],[-46.325352,-0.964256],[-46.3321,-0.950762],[-46.323006,-0.946655],[-46.329166,-0.945481],[-46.335327,-0.950175],[-46.328285,-0.940494],[-46.315376,-0.937561]],[[-46.277534,-0.993005],[-46.276363,-0.995938],[-46.279297,-0.997992],[-46.277534,-0.993005]],[[-46.369648,-0.990071],[-46.376102,-1.016766],[-46.381676,-1.01882],[-46.384609,-0.997405],[-46.369648,-0.990071]],[[-46.387836,-1.017646],[-46.386372,-1.02322],[-46.386662,-1.029674],[-46.389599,-1.02322],[-46.387836,-1.017646]],[[-46.409546,-0.964256],[-46.438,-0.986551],[-46.433014,-0.967483],[-46.420399,-0.960736],[-46.422157,-0.950762],[-46.413357,-0.947828],[-46.417171,-0.958389],[-46.40984,-0.957215],[-46.409546,-0.964256]],[[-46.467628,-0.963669],[-46.47467,-0.965136],[-46.469097,-0.958682],[-46.467628,-0.963669]],[[-46.404556,-0.957509],[-46.404556,-0.959269],[-46.406319,-0.959269],[-46.404556,-0.957509]],[[-46.436535,-1.004739],[-46.43536,-1.010899],[-46.450909,-1.014713],[-46.436535,-1.004739]],[[-46.663296,-0.951348],[-46.675911,-0.957215],[-46.686176,-0.949882],[-46.67503,-0.951348],[-46.665936,-0.944601],[-46.663296,-0.951348]],[[-46.665936,-0.952815],[-46.664471,-0.954282],[-46.667404,-0.957215],[-46.665936,-0.952815]],[[-46.638657,-0.904998],[-46.638363,-0.900305],[-46.632786,-0.901771],[-46.638657,-0.904998]],[[-46.528648,-0.936681],[-46.530407,-0.928467],[-46.521606,-0.918786],[-46.516327,-0.940788],[-46.528648,-0.936681]],[[-46.536274,-0.958389],[-46.535099,-0.946948],[-46.52454,-0.945775],[-46.529526,-0.957509],[-46.536274,-0.958389]],[[-46.473495,-0.902065],[-46.472908,-0.904998],[-46.475548,-0.904118],[-46.473495,-0.902065]],[[-46.62252,-0.862169],[-46.62252,-0.858648],[-46.621639,-0.858648],[-46.62252,-0.862169]],[[-46.669163,-0.813765],[-46.670338,-0.810832],[-46.668282,-0.810538],[-46.669163,-0.813765]],[[-46.758636,-0.79587],[-46.76421,-0.797044],[-46.765385,-0.79323],[-46.763329,-0.791177],[-46.758636,-0.79587]],[[-46.765091,-0.814645],[-46.745438,-0.83166],[-46.741623,-0.868036],[-46.763916,-0.851608],[-46.765091,-0.814645]],[[-46.715809,-0.828726],[-46.713753,-0.83166],[-46.719913,-0.831953],[-46.715809,-0.828726]],[[-46.788853,-0.865102],[-46.790905,-0.866276],[-46.791199,-0.865982],[-46.788853,-0.865102]],[[-46.68882,-0.840754],[-46.688232,-0.836353],[-46.68383,-0.842514],[-46.68882,-0.840754]],[[-46.669163,-0.848088],[-46.666229,-0.851608],[-46.670921,-0.852195],[-46.669163,-0.848088]],[[-46.674149,-0.852195],[-46.666523,-0.853661],[-46.666523,-0.861288],[-46.675911,-0.863929],[-46.674149,-0.852195]],[[-46.647453,-0.958682],[-46.654202,-0.970416],[-46.67503,-0.973057],[-46.655964,-0.967189],[-46.647453,-0.958682]],[[-46.601986,-0.984204],[-46.600811,-0.983911],[-46.59964,-0.986551],[-46.601986,-0.984204]],[[-46.606678,-0.993005],[-46.605507,-0.995938],[-46.606678,-0.996232],[-46.606678,-0.993005]],[[-46.478775,-1.02322],[-46.474083,-1.0197],[-46.472908,-1.0285],[-46.478775,-1.02322]],[[-46.204197,-0.934627],[-46.201263,-0.93492],[-46.201557,-0.936094],[-46.204197,-0.934627]],[[-46.205078,-0.937854],[-46.198036,-0.938441],[-46.19833,-0.940494],[-46.205078,-0.937854]],[[-46.124992,-0.946361],[-46.134964,-0.949588],[-46.13702,-0.942548],[-46.124992,-0.946361]],[[-46.214172,-0.950468],[-46.216225,-0.950175],[-46.215931,-0.947828],[-46.214172,-0.950468]],[[-46.210064,-0.98127],[-46.20713,-0.981564],[-46.210064,-0.986257],[-46.210064,-0.98127]],[[-46.129978,-0.982151],[-46.127045,-0.983324],[-46.130859,-0.988604],[-46.129978,-0.982151]],[[-46.250839,-1.125601],[-46.246441,-1.132641],[-46.254066,-1.137922],[-46.255535,-1.131761],[-46.250839,-1.125601]],[[-46.253479,-1.128828],[-46.255535,-1.128241],[-46.254066,-1.125601],[-46.253479,-1.128828]],[[-46.041386,-1.020873],[-46.03904,-1.0153],[-46.032879,-1.017646],[-46.034344,-1.02058],[-46.041386,-1.020873]],[[-46.19305,-1.130001],[-46.189236,-1.124721],[-46.186302,-1.125894],[-46.187473,-1.130588],[-46.19305,-1.130001]],[[-45.852467,-1.045515],[-45.842197,-1.054316],[-45.842197,-1.102426],[-45.848946,-1.097439],[-45.858334,-1.128828],[-45.890015,-1.135575],[-45.887081,-1.127361],[-45.896175,-1.108293],[-45.880333,-1.099199],[-45.889133,-1.102132],[-45.892067,-1.093332],[-45.872414,-1.07309],[-45.866547,-1.077197],[-45.863613,-1.070744],[-45.877106,-1.06253],[-45.852467,-1.045515]],[[-45.804939,-1.114747],[-45.798782,-1.119147],[-45.79966,-1.139095],[-45.806995,-1.151709],[-45.817554,-1.152883],[-45.822838,-1.122667],[-45.804939,-1.114747]],[[-45.634502,-1.127654],[-45.620716,-1.117974],[-45.60722,-1.130881],[-45.60722,-1.169311],[-45.623062,-1.183392],[-45.637142,-1.217421],[-45.626289,-1.25497],[-45.636265,-1.270811],[-45.646236,-1.314228],[-45.634502,-1.34679],[-45.644184,-1.356177],[-45.699921,-1.363805],[-45.699921,-1.357057],[-45.677917,-1.34503],[-45.692879,-1.333296],[-45.677917,-1.312468],[-45.67968,-1.301613],[-45.692001,-1.290759],[-45.690533,-1.269931],[-45.660316,-1.25585],[-45.657089,-1.272571],[-45.646236,-1.274918],[-45.664719,-1.292519],[-45.659145,-1.312174],[-45.656212,-1.309241],[-45.662956,-1.2934],[-45.64389,-1.279025],[-45.652985,-1.261717],[-45.640369,-1.243236],[-45.642132,-1.179285],[-45.637142,-1.149069],[-45.625114,-1.132935],[-45.620422,-1.135868],[-45.621593,-1.131175],[-45.634502,-1.127654]],[[-45.575832,-1.191312],[-45.547085,-1.196593],[-45.532124,-1.208327],[-45.528896,-1.226808],[-45.534176,-1.223875],[-45.537403,-1.234729],[-45.571724,-1.231208],[-45.596661,-1.24881],[-45.576126,-1.211554],[-45.564686,-1.213314],[-45.575832,-1.191312]],[[-45.559696,-1.261717],[-45.572605,-1.275505],[-45.57143,-1.265824],[-45.559696,-1.261717]],[[-44.952454,-1.266998],[-44.897594,-1.276972],[-44.870316,-1.301613],[-44.889088,-1.313641],[-44.898476,-1.305427],[-44.889675,-1.320095],[-44.898476,-1.324495],[-44.904049,-1.331242],[-44.931038,-1.320095],[-44.927517,-1.326255],[-44.910503,-1.334176],[-44.925465,-1.336816],[-44.917839,-1.350017],[-44.940132,-1.372899],[-44.94072,-1.356177],[-44.945705,-1.375539],[-44.966534,-1.375539],[-44.963894,-1.388446],[-44.982376,-1.403701],[-44.987068,-1.39578],[-44.980324,-1.390793],[-44.979443,-1.384339],[-44.981789,-1.381406],[-44.992935,-1.383459],[-44.997925,-1.353244],[-44.99675,-1.346203],[-44.987949,-1.349137],[-44.994698,-1.34327],[-44.992058,-1.336816],[-44.992935,-1.324202],[-44.984135,-1.325375],[-44.982376,-1.318628],[-45.007896,-1.298387],[-45.007896,-1.289879],[-44.979149,-1.270518],[-44.96624,-1.280785],[-44.955975,-1.281372],[-44.952454,-1.278732],[-44.945412,-1.290173],[-44.947174,-1.279025],[-44.936317,-1.275798],[-44.942478,-1.272865],[-44.948345,-1.277852],[-44.952454,-1.266998]],[[-44.870316,-1.312468],[-44.86034,-1.313348],[-44.855354,-1.328309],[-44.864155,-1.331242],[-44.859753,-1.323322],[-44.867382,-1.323615],[-44.898476,-1.354711],[-44.887917,-1.320975],[-44.870899,-1.320388],[-44.870316,-1.312468]],[[-44.906982,-1.34239],[-44.914906,-1.347083],[-44.919598,-1.340923],[-44.914906,-1.337989],[-44.906982,-1.34239]],[[-44.898769,-1.336816],[-44.899944,-1.342096],[-44.901997,-1.341803],[-44.898769,-1.336816]],[[-44.895542,-1.326842],[-44.897011,-1.331829],[-44.902584,-1.334469],[-44.901703,-1.329482],[-44.895542,-1.326842]],[[-44.987068,-1.404287],[-45.005844,-1.414555],[-45.017872,-1.404287],[-45.017578,-1.397247],[-45.006138,-1.400767],[-45.01963,-1.381699],[-45.022858,-1.360871],[-45.007603,-1.347083],[-44.998802,-1.353244],[-44.998802,-1.381699],[-44.992641,-1.38786],[-44.980324,-1.384926],[-44.988831,-1.3949],[-44.987068,-1.404287]],[[-45.098251,-1.433036],[-45.102062,-1.423356],[-45.082996,-1.372605],[-45.073315,-1.369672],[-45.071262,-1.388446],[-45.082996,-1.394313],[-45.098251,-1.433036]],[[-45.08593,-1.421302],[-45.085342,-1.442424],[-45.089157,-1.44301],[-45.092972,-1.425116],[-45.08593,-1.421302]],[[-45.106171,-1.441543],[-45.100304,-1.464132],[-45.131985,-1.465892],[-45.107052,-1.409274],[-45.116146,-1.387566],[-45.108227,-1.363805],[-45.097076,-1.372605],[-45.106171,-1.441543]],[[-45.096783,-1.443597],[-45.092972,-1.450931],[-45.095024,-1.451224],[-45.096783,-1.443597]],[[-45.095024,-1.452984],[-45.073608,-1.463252],[-45.080063,-1.477919],[-45.10001,-1.472932],[-45.095024,-1.452984]],[[-45.138733,-1.477626],[-45.143723,-1.470879],[-45.141666,-1.466185],[-45.138733,-1.470879],[-45.138733,-1.477626]],[[-45.128757,-1.469119],[-45.119961,-1.466185],[-45.109692,-1.470879],[-45.11908,-1.472052],[-45.128757,-1.469119]],[[-45.111744,-1.409568],[-45.115559,-1.402527],[-45.111744,-1.402234],[-45.111744,-1.409568]],[[-45.112919,-1.39666],[-45.113506,-1.398714],[-45.117023,-1.394313],[-45.112919,-1.39666]],[[-45.119663,-1.386686],[-45.118492,-1.383753],[-45.117023,-1.384339],[-45.119663,-1.386686]],[[-45.05542,-1.352364],[-45.046619,-1.345323],[-45.035473,-1.385806],[-45.040752,-1.401354],[-45.044567,-1.39754],[-45.05542,-1.352364]],[[-45.054249,-1.349724],[-45.055126,-1.349724],[-45.054249,-1.346203],[-45.054249,-1.349724]],[[-45.026672,-1.343856],[-45.030487,-1.336816],[-45.019924,-1.324495],[-44.994698,-1.327429],[-44.998802,-1.332416],[-44.999096,-1.346203],[-45.026672,-1.343856]],[[-45.047501,-1.342976],[-45.055126,-1.344443],[-45.059528,-1.333296],[-45.049259,-1.331242],[-45.047501,-1.342976]],[[-44.998802,-1.337696],[-44.99411,-1.330362],[-44.994698,-1.340043],[-44.998802,-1.337696]],[[-45.54591,-1.293693],[-45.547085,-1.290759],[-45.54591,-1.290466],[-45.54591,-1.293693]],[[-45.548843,-1.290759],[-45.542976,-1.297506],[-45.556763,-1.310414],[-45.557938,-1.29428],[-45.548843,-1.290759]],[[-45.565563,-1.285772],[-45.532413,-1.267878],[-45.539162,-1.287826],[-45.565563,-1.285772]],[[-45.503372,-1.291346],[-45.500439,-1.294866],[-45.502495,-1.296333],[-45.503372,-1.291346]],[[-44.955387,-1.278438],[-44.955975,-1.279612],[-44.957146,-1.279025],[-44.955387,-1.278438]],[[-44.959202,-1.279612],[-44.960373,-1.278438],[-44.958321,-1.277852],[-44.959202,-1.279612]],[[-45.64389,-1.318335],[-45.645355,-1.312468],[-45.639194,-1.30044],[-45.638023,-1.313348],[-45.64389,-1.318335]],[[-45.634209,-1.314521],[-45.627171,-1.327429],[-45.631569,-1.340336],[-45.634502,-1.339163],[-45.634209,-1.314521]],[[-45.623062,-1.331829],[-45.620716,-1.331242],[-45.619541,-1.335056],[-45.623062,-1.331829]],[[-45.655918,-1.360284],[-45.64389,-1.360871],[-45.645061,-1.364685],[-45.655918,-1.360284]],[[-45.687599,-1.318921],[-45.699627,-1.30572],[-45.697575,-1.288706],[-45.681438,-1.303374],[-45.687599,-1.318921]],[[-45.691414,-1.261717],[-45.706375,-1.230035],[-45.692589,-1.202166],[-45.67704,-1.230035],[-45.67704,-1.219181],[-45.692001,-1.199233],[-45.686722,-1.188672],[-45.662079,-1.222408],[-45.663837,-1.243236],[-45.691414,-1.261717]],[[-45.673813,-1.193366],[-45.671757,-1.193072],[-45.670292,-1.197473],[-45.673813,-1.193366]],[[-45.653278,-1.243823],[-45.64389,-1.245876],[-45.646824,-1.251156],[-45.653278,-1.243823]],[[-45.653278,-1.266998],[-45.651222,-1.270811],[-45.653278,-1.271985],[-45.653278,-1.266998]],[[-45.678799,-1.186619],[-45.681732,-1.188085],[-45.682907,-1.184858],[-45.678799,-1.186619]],[[-45.628342,-1.134695],[-45.630394,-1.132641],[-45.626583,-1.131175],[-45.628342,-1.134695]],[[-45.877987,-1.139095],[-45.882679,-1.144669],[-45.887962,-1.145842],[-45.885029,-1.141442],[-45.877987,-1.139095]],[[-45.958366,-1.105359],[-45.963058,-1.105066],[-45.957485,-1.102132],[-45.958366,-1.105359]],[[-45.893536,-1.099492],[-45.890308,-1.100959],[-45.892654,-1.103893],[-45.893536,-1.099492]],[[-46.002956,-1.057543],[-46.009995,-1.067223],[-46.011169,-1.06429],[-46.002956,-1.057543]],[[-46.072773,-1.06341],[-46.075413,-1.070744],[-46.059574,-1.096559],[-46.066612,-1.10888],[-46.092136,-1.075144],[-46.089203,-1.062236],[-46.072773,-1.06341]],[[-46.063679,-1.086585],[-46.060745,-1.085411],[-46.060452,-1.088345],[-46.063679,-1.086585]],[[-46.074535,-1.100079],[-46.075123,-1.102132],[-46.080402,-1.096559],[-46.074535,-1.100079]],[[-46.096241,-1.176644],[-46.093307,-1.174591],[-46.091255,-1.184272],[-46.096241,-1.176644]],[[-46.084507,-1.184272],[-46.083042,-1.190139],[-46.088322,-1.198059],[-46.089497,-1.195126],[-46.084507,-1.184272]],[[-46.097122,-1.195126],[-46.099175,-1.196299],[-46.098881,-1.192486],[-46.097122,-1.195126]],[[-46.146992,-1.247636],[-46.151394,-1.239129],[-46.150806,-1.229448],[-46.13966,-1.240009],[-46.146992,-1.247636]],[[-45.962475,-1.192779],[-45.960419,-1.195712],[-45.965115,-1.195419],[-45.962475,-1.192779]],[[-45.950737,-1.195419],[-45.949566,-1.20246],[-45.952499,-1.204513],[-45.955433,-1.198353],[-45.950737,-1.195419]],[[-45.945457,-1.20334],[-45.941353,-1.206567],[-45.947514,-1.217127],[-45.948685,-1.215074],[-45.945457,-1.20334]],[[-45.948097,-1.218301],[-45.948391,-1.222114],[-45.950443,-1.220941],[-45.948097,-1.218301]],[[-45.948685,-1.226808],[-45.951031,-1.232969],[-45.953671,-1.223288],[-45.948685,-1.226808]],[[-45.909668,-1.16755],[-45.906734,-1.165497],[-45.907028,-1.172538],[-45.909668,-1.16755]],[[-45.820488,-1.154936],[-45.820782,-1.15699],[-45.82225,-1.156696],[-45.820488,-1.154936]],[[-45.82225,-1.158456],[-45.824303,-1.16051],[-45.825478,-1.155816],[-45.82225,-1.158456]],[[-45.750378,-1.161683],[-45.748325,-1.167844],[-45.751259,-1.16667],[-45.750378,-1.161683]],[[-45.86713,-1.200993],[-45.863026,-1.190725],[-45.860092,-1.188672],[-45.861263,-1.198353],[-45.86713,-1.200993]],[[-45.875935,-1.215367],[-45.871239,-1.215954],[-45.872414,-1.217127],[-45.875935,-1.215367]],[[-45.877399,-1.217127],[-45.875347,-1.219181],[-45.88092,-1.220354],[-45.877399,-1.217127]],[[-45.871532,-1.218887],[-45.871239,-1.220941],[-45.873878,-1.220941],[-45.871532,-1.218887]],[[-45.866253,-1.259957],[-45.863026,-1.25409],[-45.859505,-1.25497],[-45.859211,-1.260544],[-45.866253,-1.259957]],[[-45.75243,-1.172244],[-45.750378,-1.172538],[-45.75243,-1.175471],[-45.75243,-1.172244]],[[-45.76622,-1.186619],[-45.766804,-1.191312],[-45.769737,-1.189259],[-45.76622,-1.186619]],[[-45.785286,-1.191606],[-45.7803,-1.210967],[-45.792622,-1.228862],[-45.804649,-1.198353],[-45.798489,-1.188672],[-45.785286,-1.191606]],[[-45.807877,-1.244116],[-45.799072,-1.235315],[-45.792915,-1.235022],[-45.796726,-1.24969],[-45.807877,-1.244116]],[[-45.822838,-1.259957],[-45.817554,-1.255263],[-45.816383,-1.260837],[-45.822838,-1.259957]],[[-45.6964,-1.416608],[-45.690826,-1.412208],[-45.692001,-1.418368],[-45.6964,-1.416608]],[[-45.580524,-1.281665],[-45.574951,-1.278732],[-45.57906,-1.287239],[-45.580524,-1.281665]],[[-45.560284,-1.312468],[-45.558231,-1.312174],[-45.558231,-1.316281],[-45.560284,-1.312468]],[[-45.560871,-1.342096],[-45.558819,-1.34327],[-45.559109,-1.345323],[-45.560871,-1.342096]],[[-45.503372,-1.2978],[-45.501614,-1.2978],[-45.50132,-1.299267],[-45.503372,-1.2978]],[[-45.508362,-1.30132],[-45.505428,-1.301613],[-45.507481,-1.303667],[-45.508362,-1.30132]],[[-45.474331,-1.318041],[-45.473743,-1.320095],[-45.474918,-1.320388],[-45.474331,-1.318041]],[[-45.478729,-1.337403],[-45.476383,-1.349137],[-45.494278,-1.360578],[-45.494572,-1.350897],[-45.488705,-1.34591],[-45.478729,-1.337403]],[[-45.524494,-1.363218],[-45.52684,-1.364685],[-45.525963,-1.360284],[-45.524494,-1.363218]],[[-45.490463,-1.34591],[-45.492519,-1.347083],[-45.492226,-1.34239],[-45.490463,-1.34591]],[[-45.51804,-1.393433],[-45.513641,-1.392553],[-45.522442,-1.405461],[-45.51804,-1.393433]],[[-45.54591,-1.398714],[-45.547962,-1.39666],[-45.54327,-1.396954],[-45.54591,-1.398714]],[[-45.444115,-1.306307],[-45.446171,-1.30572],[-45.444996,-1.303667],[-45.444115,-1.306307]],[[-45.420353,-1.405754],[-45.412434,-1.393727],[-45.402164,-1.3993],[-45.413315,-1.419542],[-45.420353,-1.405754]],[[-45.336163,-1.471759],[-45.341736,-1.473812],[-45.341736,-1.472052],[-45.336163,-1.471759]],[[-45.328239,-1.473812],[-45.303013,-1.498454],[-45.32296,-1.53923],[-45.32032,-1.553312],[-45.330002,-1.559472],[-45.342613,-1.546271],[-45.370483,-1.535124],[-45.344082,-1.474693],[-45.331173,-1.482613],[-45.332935,-1.500801],[-45.340561,-1.501681],[-45.330585,-1.511655],[-45.328239,-1.473812]],[[-45.29245,-1.591154],[-45.277782,-1.609049],[-45.282185,-1.616676],[-45.275143,-1.611982],[-45.266342,-1.624303],[-45.281597,-1.645425],[-45.304184,-1.638678],[-45.311226,-1.645718],[-45.312984,-1.664199],[-45.30624,-1.670947],[-45.319439,-1.685908],[-45.305946,-1.675347],[-45.298611,-1.689135],[-45.318851,-1.697642],[-45.300373,-1.71583],[-45.334988,-1.737831],[-45.345257,-1.709963],[-45.317974,-1.604942],[-45.29245,-1.591154]],[[-45.25666,-1.626357],[-45.248447,-1.628704],[-45.238766,-1.669186],[-45.262527,-1.687081],[-45.280422,-1.687668],[-45.274555,-1.712603],[-45.280128,-1.72375],[-45.30389,-1.708496],[-45.299198,-1.693828],[-45.293919,-1.699109],[-45.294506,-1.680921],[-45.307117,-1.648358],[-45.300079,-1.644545],[-45.279251,-1.653639],[-45.25666,-1.626357]],[[-45.136681,-1.487013],[-45.137562,-1.495521],[-45.139614,-1.494054],[-45.136681,-1.487013]],[[-44.968296,-1.476159],[-44.960079,-1.477039],[-44.953629,-1.491707],[-44.969761,-1.492587],[-44.972107,-1.503441],[-44.962135,-1.514882],[-44.972694,-1.522803],[-44.982082,-1.494934],[-44.968296,-1.476159]],[[-44.835114,-1.452104],[-44.837166,-1.451811],[-44.834232,-1.448877],[-44.835114,-1.452104]],[[-44.760895,-1.465305],[-44.750332,-1.4832],[-44.749451,-1.518402],[-44.760895,-1.536297],[-44.789936,-1.544511],[-44.794628,-1.536004],[-44.788467,-1.526323],[-44.776146,-1.525736],[-44.786415,-1.524269],[-44.77116,-1.503441],[-44.782894,-1.4832],[-44.760895,-1.465305]],[[-44.750038,-1.538644],[-44.732143,-1.543337],[-44.749161,-1.562112],[-44.762066,-1.556538],[-44.750038,-1.538644]],[[-44.723343,-1.553898],[-44.713661,-1.57678],[-44.733612,-1.599955],[-44.736252,-1.618436],[-44.745052,-1.62137],[-44.741531,-1.622836],[-44.735077,-1.62137],[-44.723637,-1.595848],[-44.71249,-1.589687],[-44.708382,-1.62137],[-44.700462,-1.569153],[-44.687553,-1.556245],[-44.672886,-1.57678],[-44.677876,-1.586754],[-44.665554,-1.589981],[-44.652058,-1.62665],[-44.662033,-1.660973],[-44.673473,-1.669773],[-44.675819,-1.648652],[-44.696941,-1.62753],[-44.675819,-1.629584],[-44.672886,-1.62753],[-44.674648,-1.620783],[-44.678753,-1.623423],[-44.674938,-1.627824],[-44.695766,-1.622836],[-44.697823,-1.62929],[-44.687847,-1.641611],[-44.69841,-1.652172],[-44.71249,-1.650412],[-44.712196,-1.640144],[-44.71513,-1.638091],[-44.720409,-1.638384],[-44.713661,-1.640731],[-44.716599,-1.651292],[-44.745052,-1.655399],[-44.754147,-1.655399],[-44.758251,-1.643665],[-44.768814,-1.642491],[-44.767933,-1.655105],[-44.760307,-1.645718],[-44.756199,-1.662439],[-44.769108,-1.677107],[-44.780842,-1.674467],[-44.785828,-1.677987],[-44.787003,-1.662439],[-44.800495,-1.650999],[-44.79287,-1.643371],[-44.790524,-1.62489],[-44.801376,-1.586754],[-44.787586,-1.577953],[-44.786709,-1.607875],[-44.781136,-1.607582],[-44.773506,-1.594674],[-44.756786,-1.606995],[-44.768814,-1.586754],[-44.756199,-1.589981],[-44.762066,-1.584114],[-44.723343,-1.553898]],[[-44.705742,-1.58382],[-44.705742,-1.596141],[-44.707211,-1.595848],[-44.705742,-1.58382]],[[-44.708088,-1.598488],[-44.709263,-1.598781],[-44.710438,-1.593501],[-44.708088,-1.598488]],[[-44.732143,-1.661853],[-44.732437,-1.677987],[-44.75209,-1.672413],[-44.747398,-1.664493],[-44.732143,-1.661853]],[[-44.688435,-1.651292],[-44.692249,-1.648358],[-44.687553,-1.644545],[-44.688435,-1.651292]],[[-44.68462,-1.641611],[-44.684914,-1.643665],[-44.68697,-1.641611],[-44.68462,-1.641611]],[[-44.777027,-1.679161],[-44.787586,-1.684441],[-44.800789,-1.66948],[-44.812523,-1.665373],[-44.813698,-1.659212],[-44.800789,-1.652172],[-44.788761,-1.661853],[-44.787003,-1.679161],[-44.777027,-1.679161]],[[-44.754147,-1.680334],[-44.75209,-1.680921],[-44.760895,-1.686201],[-44.754147,-1.680334]],[[-44.746811,-1.682974],[-44.742119,-1.692361],[-44.756786,-1.703802],[-44.765293,-1.691775],[-44.746811,-1.682974]],[[-44.807831,-1.597608],[-44.799618,-1.614036],[-44.800789,-1.616969],[-44.814575,-1.607582],[-44.807831,-1.597608]],[[-44.808414,-1.577073],[-44.831593,-1.572086],[-44.843033,-1.555072],[-44.808708,-1.529256],[-44.808708,-1.515762],[-44.793453,-1.501388],[-44.774975,-1.502855],[-44.804897,-1.541284],[-44.820442,-1.544218],[-44.79287,-1.551551],[-44.808414,-1.577073]],[[-44.798737,-1.57238],[-44.794334,-1.566219],[-44.786709,-1.564459],[-44.791695,-1.571206],[-44.798737,-1.57238]],[[-44.785534,-1.604062],[-44.785534,-1.592621],[-44.780842,-1.587047],[-44.776146,-1.594088],[-44.785534,-1.604062]],[[-44.779961,-1.497868],[-44.784657,-1.494054],[-44.781719,-1.492],[-44.779961,-1.497868]],[[-44.6679,-1.774207],[-44.677582,-1.806183],[-44.692539,-1.805303],[-44.695766,-1.81557],[-44.710728,-1.810583],[-44.720997,-1.810583],[-44.706329,-1.780074],[-44.6679,-1.774207]],[[-44.630058,-1.792102],[-44.625069,-1.821437],[-44.628002,-1.819971],[-44.630058,-1.792102]],[[-44.581654,-1.81469],[-44.562,-1.829065],[-44.566105,-1.85576],[-44.575787,-1.867201],[-44.590454,-1.859867],[-44.596321,-1.836692],[-44.593681,-1.824958],[-44.586639,-1.827891],[-44.581654,-1.81469]],[[-44.566105,-1.823198],[-44.564053,-1.822024],[-44.562878,-1.824078],[-44.566105,-1.823198]],[[-44.561707,-1.835518],[-44.55965,-1.835812],[-44.560825,-1.837865],[-44.561707,-1.835518]],[[-44.563759,-1.848426],[-44.562878,-1.840799],[-44.559067,-1.838745],[-44.558773,-1.844319],[-44.563759,-1.848426]],[[-44.560532,-1.848426],[-44.562,-1.86016],[-44.568455,-1.865441],[-44.569626,-1.861627],[-44.560532,-1.848426]],[[-44.590454,-1.864267],[-44.605122,-1.878055],[-44.599255,-1.8628],[-44.590454,-1.864267]],[[-44.599548,-1.861627],[-44.605122,-1.868081],[-44.610401,-1.864854],[-44.605122,-1.856347],[-44.599548,-1.861627]],[[-44.600723,-1.847839],[-44.616268,-1.827598],[-44.605709,-1.827011],[-44.600723,-1.847839]],[[-44.59808,-1.822611],[-44.596615,-1.819677],[-44.594563,-1.819971],[-44.59808,-1.822611]],[[-44.5928,-1.817624],[-44.589867,-1.816157],[-44.590454,-1.819971],[-44.5928,-1.817624]],[[-44.587521,-1.815277],[-44.583706,-1.815864],[-44.587521,-1.822904],[-44.587521,-1.815277]],[[-44.546745,-1.883922],[-44.555546,-1.886562],[-44.551731,-1.876295],[-44.546745,-1.883922]],[[-44.560825,-1.889496],[-44.557892,-1.889202],[-44.559067,-1.891256],[-44.560825,-1.889496]],[[-44.55584,-1.892136],[-44.558479,-1.90211],[-44.571384,-1.896536],[-44.560825,-1.894483],[-44.55584,-1.892136]],[[-44.527088,-1.899176],[-44.525917,-1.907977],[-44.533836,-1.903283],[-44.527088,-1.899176]],[[-44.573734,-1.900056],[-44.573441,-1.898003],[-44.568745,-1.900936],[-44.573734,-1.900056]],[[-44.581654,-1.906217],[-44.583118,-1.905923],[-44.583118,-1.904163],[-44.581654,-1.906217]],[[-44.587521,-1.908857],[-44.586346,-1.910911],[-44.589279,-1.911204],[-44.587521,-1.908857]],[[-44.528263,-1.907977],[-44.527088,-1.910911],[-44.528263,-1.911204],[-44.528263,-1.907977]],[[-44.488365,-1.980435],[-44.486313,-1.984249],[-44.488365,-1.985423],[-44.488365,-1.980435]],[[-44.512421,-2.025319],[-44.508904,-2.026785],[-44.51506,-2.030306],[-44.512421,-2.025319]],[[-44.52005,-2.031186],[-44.523865,-2.030892],[-44.52005,-2.027959],[-44.52005,-2.031186]],[[-44.544106,-2.032066],[-44.546158,-2.030012],[-44.542637,-2.029719],[-44.544106,-2.032066]],[[-44.532661,-2.032946],[-44.531197,-2.034999],[-44.533249,-2.035293],[-44.532661,-2.032946]],[[-44.538239,-2.035293],[-44.540585,-2.034119],[-44.539997,-2.032946],[-44.538239,-2.035293]],[[-44.589867,-2.146181],[-44.580479,-2.150874],[-44.594269,-2.157915],[-44.589867,-2.146181]],[[-44.59779,-2.154981],[-44.602482,-2.161142],[-44.603947,-2.160848],[-44.603069,-2.155861],[-44.59779,-2.154981]],[[-44.613335,-2.165542],[-44.613922,-2.162609],[-44.612457,-2.162022],[-44.613335,-2.165542]],[[-44.663498,-2.286991],[-44.652058,-2.296672],[-44.659687,-2.32014],[-44.669952,-2.341261],[-44.687553,-2.340381],[-44.699581,-2.308406],[-44.663498,-2.286991]],[[-43.608009,-2.251788],[-43.627956,-2.254135],[-43.615932,-2.260296],[-43.605957,-2.252962],[-43.598915,-2.271736],[-43.630013,-2.277897],[-43.643211,-2.269683],[-43.675484,-2.294325],[-43.674896,-2.302245],[-43.688389,-2.296378],[-43.68047,-2.305766],[-43.689564,-2.313393],[-43.687801,-2.324247],[-43.697777,-2.323367],[-43.689564,-2.327474],[-43.688683,-2.341555],[-43.703056,-2.340088],[-43.68663,-2.348009],[-43.70834,-2.348889],[-43.725941,-2.337154],[-43.727406,-2.342141],[-43.742367,-2.341261],[-43.752926,-2.349182],[-43.727993,-2.310166],[-43.738846,-2.308406],[-43.73386,-2.294325],[-43.714497,-2.301659],[-43.726231,-2.291685],[-43.705112,-2.278777],[-43.714207,-2.279657],[-43.730339,-2.289338],[-43.710098,-2.27203],[-43.695724,-2.27379],[-43.66404,-2.257069],[-43.608009,-2.251788]],[[-43.607426,-2.278777],[-43.595394,-2.285817],[-43.60009,-2.299605],[-43.615345,-2.287578],[-43.607426,-2.278777]],[[-43.567528,-2.284644],[-43.564594,-2.284937],[-43.569874,-2.291391],[-43.567528,-2.284644]],[[-43.621799,-2.300485],[-43.622971,-2.298432],[-43.620918,-2.297845],[-43.621799,-2.300485]],[[-43.636173,-2.299312],[-43.636173,-2.289924],[-43.630894,-2.288751],[-43.628838,-2.294031],[-43.636173,-2.299312]],[[-43.651134,-2.292565],[-43.659935,-2.297258],[-43.664627,-2.297552],[-43.659054,-2.290511],[-43.651134,-2.292565]],[[-43.64996,-2.290511],[-43.656414,-2.286697],[-43.640865,-2.278777],[-43.640572,-2.283471],[-43.64996,-2.290511]],[[-43.615051,-2.278777],[-43.612995,-2.27907],[-43.613293,-2.280537],[-43.615051,-2.278777]],[[-43.612412,-2.282004],[-43.612118,-2.283471],[-43.61417,-2.283764],[-43.612412,-2.282004]],[[-43.615932,-2.283764],[-43.617985,-2.283471],[-43.617397,-2.282004],[-43.615932,-2.283764]],[[-43.63324,-2.283764],[-43.634705,-2.283471],[-43.634117,-2.282004],[-43.63324,-2.283764]],[[-43.629719,-2.284057],[-43.630013,-2.285524],[-43.630894,-2.285524],[-43.629719,-2.284057]],[[-43.629719,-2.286697],[-43.62825,-2.286111],[-43.627956,-2.287578],[-43.629719,-2.286697]],[[-43.623264,-2.288751],[-43.619743,-2.292565],[-43.626785,-2.293738],[-43.623264,-2.288751]],[[-43.632359,-2.301952],[-43.631771,-2.320433],[-43.648788,-2.310753],[-43.645851,-2.305472],[-43.632359,-2.301952]],[[-43.636173,-2.32014],[-43.640278,-2.329234],[-43.637051,-2.330994],[-43.632652,-2.322193],[-43.630306,-2.332461],[-43.635292,-2.360036],[-43.645851,-2.379691],[-43.639694,-2.352409],[-43.646145,-2.352409],[-43.642918,-2.365023],[-43.66404,-2.402866],[-43.675484,-2.404039],[-43.665508,-2.391718],[-43.669907,-2.383798],[-43.672546,-2.383798],[-43.68663,-2.395532],[-43.684868,-2.378811],[-43.692204,-2.388198],[-43.688683,-2.394945],[-43.684868,-2.396999],[-43.672546,-2.385558],[-43.671375,-2.392598],[-43.68047,-2.397585],[-43.682522,-2.403746],[-43.687508,-2.403746],[-43.70834,-2.392012],[-43.702175,-2.40844],[-43.720951,-2.432201],[-43.759674,-2.416653],[-43.764664,-2.406679],[-43.758793,-2.394945],[-43.739727,-2.384091],[-43.736794,-2.346248],[-43.716553,-2.355342],[-43.705696,-2.350355],[-43.707459,-2.371184],[-43.702763,-2.365903],[-43.70335,-2.359449],[-43.696602,-2.361209],[-43.685749,-2.350355],[-43.685455,-2.364143],[-43.679295,-2.36561],[-43.669617,-2.355929],[-43.673428,-2.354756],[-43.683109,-2.362676],[-43.683697,-2.323367],[-43.678413,-2.319553],[-43.66404,-2.328647],[-43.657001,-2.339208],[-43.665802,-2.343608],[-43.655827,-2.341261],[-43.653774,-2.337448],[-43.672546,-2.315446],[-43.650841,-2.305472],[-43.649666,-2.312513],[-43.636173,-2.32014]],[[-43.582195,-2.359156],[-43.563419,-2.351235],[-43.534672,-2.361796],[-43.542885,-2.392598],[-43.551392,-2.389078],[-43.545525,-2.395825],[-43.560486,-2.403159],[-43.55286,-2.413427],[-43.564301,-2.426334],[-43.603317,-2.41196],[-43.612995,-2.387611],[-43.560486,-2.379984],[-43.604198,-2.381158],[-43.588356,-2.367077],[-43.557846,-2.362383],[-43.559898,-2.357103],[-43.566647,-2.355342],[-43.582195,-2.359156]],[[-43.513256,-2.352996],[-43.502991,-2.359156],[-43.505043,-2.36385],[-43.51091,-2.357103],[-43.515308,-2.367663],[-43.49947,-2.387611],[-43.498001,-2.401692],[-43.532619,-2.406973],[-43.523819,-2.358276],[-43.513256,-2.352996]],[[-43.465439,-2.406679],[-43.458694,-2.405799],[-43.445492,-2.424281],[-43.461624,-2.41636],[-43.465439,-2.406679]],[[-43.444904,-2.41636],[-43.423782,-2.433375],[-43.432583,-2.432788],[-43.444904,-2.41636]],[[-43.520885,-2.427214],[-43.522057,-2.416653],[-43.516777,-2.4146],[-43.520885,-2.427214]],[[-43.645561,-2.383504],[-43.647026,-2.393478],[-43.659054,-2.409613],[-43.66375,-2.404039],[-43.645561,-2.383504]],[[-43.617104,-2.376757],[-43.610943,-2.368837],[-43.593636,-2.36913],[-43.609184,-2.382038],[-43.617104,-2.376757]],[[-43.592171,-2.365903],[-43.570755,-2.357103],[-43.559608,-2.359156],[-43.592171,-2.365903]],[[-43.675774,-2.397879],[-43.677242,-2.397585],[-43.675774,-2.395532],[-43.675774,-2.397879]],[[-43.759968,-2.443055],[-43.773754,-2.428388],[-43.769062,-2.427214],[-43.759968,-2.443055]],[[-43.761143,-2.447456],[-43.772877,-2.464177],[-43.787544,-2.472978],[-43.800156,-2.474738],[-43.808079,-2.45831],[-43.819519,-2.453323],[-43.815121,-2.437188],[-43.779915,-2.418707],[-43.786369,-2.444229],[-43.780502,-2.437482],[-43.77581,-2.423694],[-43.775517,-2.444229],[-43.761143,-2.447456]],[[-43.577499,-2.461243],[-43.567822,-2.475911],[-43.604198,-2.506127],[-43.608891,-2.498499],[-43.577499,-2.461243]],[[-43.706284,-2.485885],[-43.703644,-2.491752],[-43.711563,-2.510527],[-43.718899,-2.491752],[-43.706284,-2.485885]],[[-43.800449,-2.496739],[-43.813652,-2.519328],[-43.807785,-2.552477],[-43.824211,-2.55629],[-43.832134,-2.552477],[-43.824505,-2.537515],[-43.828026,-2.517567],[-43.845333,-2.50994],[-43.836239,-2.504366],[-43.826267,-2.490872],[-43.823334,-2.458016],[-43.815998,-2.46623],[-43.818344,-2.457136],[-43.809544,-2.46095],[-43.800449,-2.496739]],[[-43.745888,-2.480605],[-43.742954,-2.480898],[-43.746765,-2.484712],[-43.745888,-2.480605]],[[-43.790478,-2.484125],[-43.781967,-2.496739],[-43.80661,-2.532822],[-43.811306,-2.519034],[-43.790478,-2.484125]],[[-43.794289,-2.521968],[-43.785782,-2.517861],[-43.799278,-2.534582],[-43.794289,-2.521968]],[[-43.803089,-2.537515],[-43.804264,-2.537809],[-43.804558,-2.535169],[-43.803089,-2.537515]],[[-43.806316,-2.539276],[-43.808373,-2.541329],[-43.808666,-2.537515],[-43.806316,-2.539276]],[[-43.804558,-2.543383],[-43.80661,-2.544556],[-43.807198,-2.542503],[-43.804558,-2.543383]],[[-43.833012,-2.542503],[-43.848267,-2.55717],[-43.85619,-2.552477],[-43.843281,-2.541329],[-43.833012,-2.542503]],[[-43.855015,-2.544556],[-43.870564,-2.519034],[-43.86528,-2.444229],[-43.837414,-2.433668],[-43.829494,-2.441002],[-43.846214,-2.469164],[-43.842106,-2.490872],[-43.850323,-2.521674],[-43.831841,-2.518741],[-43.826267,-2.535755],[-43.855015,-2.544556]],[[-43.87907,-2.534582],[-43.882591,-2.536342],[-43.880829,-2.532235],[-43.87907,-2.534582]],[[-43.886696,-2.558637],[-43.894913,-2.537222],[-43.894913,-2.548076],[-43.901363,-2.544263],[-43.901363,-2.534875],[-43.89579,-2.524608],[-43.883469,-2.526368],[-43.886696,-2.558637]],[[-43.890511,-2.550716],[-43.887871,-2.559224],[-43.889046,-2.563037],[-43.901951,-2.54925],[-43.890511,-2.550716]],[[-43.905766,-2.574478],[-43.921314,-2.540742],[-43.918381,-2.529595],[-43.905766,-2.574478]],[[-43.913391,-2.580345],[-43.9263,-2.563331],[-43.920727,-2.564504],[-43.913391,-2.580345]],[[-44.037189,-2.530768],[-44.038067,-2.555703],[-44.051563,-2.55629],[-44.057137,-2.54837],[-44.05508,-2.567144],[-44.068283,-2.561277],[-44.084126,-2.566264],[-44.085884,-2.55805],[-44.089111,-2.573891],[-44.106712,-2.568611],[-44.096443,-2.578292],[-44.101139,-2.60176],[-44.120499,-2.624055],[-44.132236,-2.664245],[-44.165089,-2.694753],[-44.176239,-2.695927],[-44.181812,-2.671285],[-44.18885,-2.68918],[-44.184746,-2.701794],[-44.190907,-2.703847],[-44.224056,-2.665418],[-44.227573,-2.677152],[-44.251629,-2.676272],[-44.252804,-2.684193],[-44.244884,-2.690353],[-44.215546,-2.68918],[-44.215839,-2.722035],[-44.265125,-2.73553],[-44.310005,-2.772199],[-44.336704,-2.773079],[-44.366329,-2.749317],[-44.355476,-2.723209],[-44.364571,-2.703261],[-44.360462,-2.69094],[-44.344917,-2.683899],[-44.319981,-2.688886],[-44.317047,-2.677446],[-44.348728,-2.675099],[-44.351372,-2.664245],[-44.341396,-2.648403],[-44.357822,-2.642536],[-44.360462,-2.607627],[-44.371319,-2.6],[-44.362812,-2.580932],[-44.380413,-2.567438],[-44.358704,-2.555117],[-44.358116,-2.535169],[-44.349022,-2.526368],[-44.336411,-2.530768],[-44.34169,-2.537809],[-44.325848,-2.527835],[-44.320568,-2.539276],[-44.325554,-2.545729],[-44.315872,-2.540449],[-44.309715,-2.546609],[-44.321449,-2.552477],[-44.311768,-2.553063],[-44.307659,-2.548663],[-44.287125,-2.568318],[-44.288887,-2.552477],[-44.294754,-2.553357],[-44.310303,-2.527541],[-44.283314,-2.524608],[-44.275097,-2.534582],[-44.267765,-2.529888],[-44.275978,-2.531355],[-44.282139,-2.520794],[-44.290058,-2.515514],[-44.309128,-2.517861],[-44.312943,-2.507593],[-44.306782,-2.50114],[-44.322037,-2.508473],[-44.303261,-2.487059],[-44.27158,-2.488819],[-44.172424,-2.461243],[-44.151596,-2.436308],[-44.129299,-2.429561],[-44.127541,-2.437775],[-44.126369,-2.429268],[-44.129887,-2.424574],[-44.114342,-2.426334],[-44.112873,-2.42076],[-44.118446,-2.417827],[-44.096741,-2.41372],[-44.09322,-2.425454],[-44.083244,-2.418707],[-44.084709,-2.425747],[-44.080898,-2.433081],[-44.06007,-2.422814],[-44.061241,-2.429268],[-44.04863,-2.439242],[-44.049213,-2.447162],[-44.062416,-2.446282],[-44.080017,-2.435428],[-44.077965,-2.450096],[-44.097618,-2.455376],[-44.10466,-2.465057],[-44.089111,-2.460363],[-44.07679,-2.469457],[-44.066231,-2.473271],[-44.068871,-2.504953],[-44.085884,-2.521381],[-44.070335,-2.517567],[-44.065937,-2.50554],[-44.05743,-2.50642],[-44.066231,-2.499086],[-44.056549,-2.46799],[-44.025455,-2.505833],[-44.037189,-2.530768]],[[-44.226696,-2.771319],[-44.188267,-2.762812],[-44.186211,-2.777479],[-44.202053,-2.785107],[-44.187092,-2.797427],[-44.184158,-2.817962],[-44.204105,-2.827056],[-44.22963,-2.816789],[-44.242241,-2.77924],[-44.230801,-2.780413],[-44.226696,-2.771319]],[[-44.170956,-2.7854],[-44.150715,-2.78804],[-44.149544,-2.799188],[-44.174183,-2.817082],[-44.176239,-2.805935],[-44.170956,-2.7854]],[[-44.21056,-2.837617],[-44.229923,-2.856392],[-44.251629,-2.859619],[-44.258671,-2.813269],[-44.275978,-2.808868],[-44.27803,-2.800948],[-44.266003,-2.793614],[-44.241657,-2.796254],[-44.240482,-2.814149],[-44.21056,-2.837617]],[[-44.377186,-2.757531],[-44.395374,-2.795081],[-44.405052,-2.798014],[-44.409748,-2.786867],[-44.388039,-2.745797],[-44.384518,-2.685953],[-44.362518,-2.654564],[-44.360462,-2.666005],[-44.377186,-2.757531]],[[-44.51125,-2.825883],[-44.529732,-2.834977],[-44.522984,-2.845831],[-44.533836,-2.858445],[-44.522984,-2.859912],[-44.541172,-2.88074],[-44.523865,-2.869299],[-44.502155,-2.823243],[-44.490128,-2.813855],[-44.49218,-2.866659],[-44.518875,-2.88338],[-44.513302,-2.904502],[-44.486607,-2.877807],[-44.491299,-2.911836],[-44.503326,-2.920343],[-44.527382,-2.917116],[-44.530315,-2.925037],[-44.494232,-2.92709],[-44.482204,-2.959066],[-44.508316,-2.970507],[-44.527382,-2.996322],[-44.554665,-3.015096],[-44.570507,-3.043258],[-44.584293,-3.050299],[-44.591335,-3.035925],[-44.58136,-3.028297],[-44.591629,-3.031231],[-44.602188,-3.013336],[-44.588402,-3.010403],[-44.563759,-2.992508],[-44.553783,-2.954959],[-44.555546,-2.925037],[-44.576374,-2.8825],[-44.571972,-2.83351],[-44.554665,-2.787453],[-44.548798,-2.806521],[-44.542049,-2.804175],[-44.546158,-2.777479],[-44.539703,-2.756651],[-44.533249,-2.763692],[-44.526211,-2.74169],[-44.515354,-2.749317],[-44.503326,-2.729663],[-44.495407,-2.737583],[-44.48954,-2.782466],[-44.51125,-2.825883]],[[-44.602482,-3.008643],[-44.61451,-3.005122],[-44.637978,-2.97168],[-44.618614,-2.958479],[-44.596615,-2.910369],[-44.58136,-2.92005],[-44.577545,-2.946158],[-44.566105,-2.933251],[-44.565517,-2.977547],[-44.570801,-2.992801],[-44.602482,-3.008643]],[[-44.633869,-2.917409],[-44.637096,-2.940878],[-44.663498,-2.962879],[-44.668781,-2.940878],[-44.658806,-2.936771],[-44.656754,-2.92621],[-44.633869,-2.917409]],[[-44.377186,-2.580052],[-44.375717,-2.577118],[-44.373665,-2.578292],[-44.377186,-2.580052]],[[-44.367504,-2.545436],[-44.368679,-2.543383],[-44.366627,-2.543089],[-44.367504,-2.545436]],[[-44.519756,-2.534289],[-44.522102,-2.520794],[-44.514477,-2.489992],[-44.497166,-2.470924],[-44.503914,-2.439242],[-44.472527,-2.428681],[-44.471352,-2.443349],[-44.460793,-2.440415],[-44.451405,-2.452443],[-44.462845,-2.475031],[-44.477806,-2.482365],[-44.49218,-2.521674],[-44.519756,-2.534289]],[[-44.209091,-2.46447],[-44.203812,-2.463297],[-44.205868,-2.46623],[-44.209091,-2.46447]],[[-44.310886,-2.487939],[-44.308834,-2.488232],[-44.310886,-2.490285],[-44.310886,-2.487939]],[[-44.314114,-2.492046],[-44.312061,-2.492632],[-44.314114,-2.494686],[-44.314114,-2.492046]],[[-44.295048,-2.517861],[-44.292114,-2.518447],[-44.293285,-2.520501],[-44.295048,-2.517861]],[[-44.2883,-2.517861],[-44.285366,-2.519328],[-44.291527,-2.521968],[-44.2883,-2.517861]],[[-44.285072,-2.521381],[-44.284779,-2.521674],[-44.288887,-2.522554],[-44.285072,-2.521381]],[[-44.362812,-2.522554],[-44.371613,-2.529595],[-44.376305,-2.525781],[-44.370144,-2.519621],[-44.362812,-2.522554]],[[-44.357239,-2.524901],[-44.35577,-2.523728],[-44.355476,-2.528421],[-44.357239,-2.524901]],[[-44.427643,-2.428681],[-44.431164,-2.417534],[-44.42588,-2.41548],[-44.423828,-2.418414],[-44.427643,-2.428681]],[[-44.117275,-2.413427],[-44.117275,-2.411666],[-44.115807,-2.411373],[-44.117275,-2.413427]],[[-44.08559,-2.411666],[-44.09967,-2.407559],[-44.031612,-2.407853],[-44.027802,-2.448336],[-44.036308,-2.449216],[-44.044228,-2.429561],[-44.045403,-2.433375],[-44.043056,-2.441002],[-44.038067,-2.445696],[-44.047161,-2.445109],[-44.047161,-2.438362],[-44.059483,-2.428388],[-44.059189,-2.421347],[-44.080898,-2.431321],[-44.080605,-2.416653],[-44.08559,-2.411666]],[[-44.115513,-2.40932],[-44.112579,-2.407853],[-44.111992,-2.40932],[-44.115513,-2.40932]],[[-43.825092,-2.387905],[-43.808666,-2.388198],[-43.827145,-2.430148],[-43.851788,-2.436308],[-43.861176,-2.422521],[-43.825092,-2.387905]],[[-43.807198,-2.410786],[-43.801331,-2.388198],[-43.807198,-2.375877],[-43.771702,-2.367077],[-43.767887,-2.374997],[-43.779621,-2.377637],[-43.792236,-2.40844],[-43.807198,-2.410786]],[[-43.774635,-2.414307],[-43.766129,-2.404919],[-43.761143,-2.417534],[-43.749699,-2.426628],[-43.75058,-2.430148],[-43.771702,-2.424574],[-43.774635,-2.414307]],[[-43.873203,-2.440415],[-43.882591,-2.435428],[-43.887871,-2.444229],[-43.882591,-2.428681],[-43.873203,-2.440415]],[[-43.887871,-2.450096],[-43.882004,-2.455083],[-43.886696,-2.468871],[-43.889629,-2.463297],[-43.887871,-2.450096]],[[-44.060364,-2.46095],[-44.075912,-2.46799],[-44.089699,-2.45743],[-44.080898,-2.453029],[-44.060364,-2.46095]],[[-44.077084,-2.450976],[-44.075912,-2.439535],[-44.064468,-2.445989],[-44.077084,-2.450976]],[[-44.087646,-2.41724],[-44.092926,-2.413427],[-44.087646,-2.412253],[-44.087646,-2.41724]],[[-43.921314,-2.514047],[-43.918381,-2.509647],[-43.910458,-2.515807],[-43.911633,-2.517274],[-43.921314,-2.514047]],[[-43.833893,-2.467404],[-43.82832,-2.461243],[-43.827145,-2.475031],[-43.833893,-2.467404]],[[-43.830372,-2.494099],[-43.838291,-2.499673],[-43.838879,-2.476498],[-43.830372,-2.494099]],[[-43.843868,-2.504073],[-43.839172,-2.50202],[-43.840935,-2.50554],[-43.843868,-2.504073]],[[-43.7453,-2.345955],[-43.742367,-2.343902],[-43.742073,-2.345075],[-43.7453,-2.345955]],[[-43.693668,-2.355929],[-43.700123,-2.359743],[-43.703056,-2.355049],[-43.693668,-2.355929]],[[-43.671669,-2.307232],[-43.67284,-2.306646],[-43.664921,-2.302245],[-43.671669,-2.307232]],[[-44.680515,-3.183188],[-44.667606,-3.162067],[-44.655285,-3.170868],[-44.6591,-3.186122],[-44.680515,-3.183188]],[[-44.74828,-3.280582],[-44.740356,-3.289089],[-44.742413,-3.292023],[-44.751213,-3.285863],[-44.74828,-3.280582]],[[-43.893738,-2.563331],[-43.886108,-2.568318],[-43.886696,-2.573011],[-43.890511,-2.570958],[-43.893738,-2.563331]],[[-43.882881,-2.574185],[-43.882591,-2.578878],[-43.886402,-2.575065],[-43.882881,-2.574185]],[[-43.882591,-2.581225],[-43.879658,-2.584159],[-43.88171,-2.587092],[-43.882591,-2.581225]],[[-43.712444,-2.522261],[-43.710392,-2.524901],[-43.714207,-2.524608],[-43.712444,-2.522261]],[[-43.707459,-2.522848],[-43.703644,-2.523434],[-43.705696,-2.525488],[-43.707459,-2.522848]],[[-43.693668,-2.532528],[-43.70071,-2.542209],[-43.70834,-2.533702],[-43.723003,-2.530768],[-43.71743,-2.522848],[-43.713326,-2.527248],[-43.705112,-2.527248],[-43.693668,-2.532528]],[[-43.706284,-2.537515],[-43.711563,-2.538689],[-43.717136,-2.542503],[-43.712444,-2.534582],[-43.706284,-2.537515]],[[-43.598915,-2.516687],[-43.596275,-2.515807],[-43.598331,-2.521968],[-43.598915,-2.516687]],[[-43.623264,-2.55893],[-43.619743,-2.560984],[-43.623264,-2.567144],[-43.623264,-2.55893]],[[-43.540833,-2.482952],[-43.532913,-2.488232],[-43.538193,-2.490285],[-43.540833,-2.482952]],[[-43.464561,-2.468284],[-43.461624,-2.482952],[-43.464561,-2.481778],[-43.464561,-2.468284]],[[-43.467789,-2.504953],[-43.472481,-2.521381],[-43.483627,-2.519914],[-43.496243,-2.476791],[-43.490963,-2.472978],[-43.467789,-2.504953]],[[-43.49448,-2.487645],[-43.495949,-2.487939],[-43.498001,-2.483245],[-43.49448,-2.487645]],[[-43.445786,-2.5029],[-43.446667,-2.527835],[-43.447838,-2.527541],[-43.445786,-2.5029]],[[-42.706238,-2.585919],[-42.72208,-2.586799],[-42.720905,-2.584452],[-42.706238,-2.585919]],[[-42.6992,-2.640483],[-42.695385,-2.644296],[-42.698318,-2.64723],[-42.6992,-2.640483]],[[-42.697437,-2.650457],[-42.694504,-2.655737],[-42.69656,-2.656324],[-42.697437,-2.650457]],[[-42.711227,-2.668352],[-42.697437,-2.662191],[-42.683064,-2.666005],[-42.685703,-2.674512],[-42.711227,-2.668352]],[[-42.717094,-2.69094],[-42.714745,-2.680086],[-42.710934,-2.673045],[-42.711227,-2.682433],[-42.717094,-2.69094]],[[-42.245968,-2.685366],[-42.216629,-2.711181],[-42.158253,-2.727022],[-42.128037,-2.755184],[-42.155907,-2.751958],[-42.165001,-2.768679],[-42.184067,-2.776306],[-42.203724,-2.760171],[-42.185829,-2.749611],[-42.210762,-2.754598],[-42.261806,-2.738757],[-42.267673,-2.705608],[-42.236286,-2.717635],[-42.251835,-2.69886],[-42.267967,-2.695927],[-42.245968,-2.685366]],[[-42.117477,-2.693873],[-42.070541,-2.693287],[-42.034752,-2.754891],[-42.047951,-2.770732],[-42.049126,-2.781293],[-42.09137,-2.775133],[-42.107796,-2.745797],[-42.10017,-2.742864],[-42.086674,-2.753718],[-42.08374,-2.751664],[-42.085793,-2.741983],[-42.074646,-2.747557],[-42.079048,-2.741397],[-42.085793,-2.740517],[-42.08873,-2.74257],[-42.085793,-2.751371],[-42.099289,-2.741397],[-42.112492,-2.743744],[-42.118359,-2.728783],[-42.130093,-2.731423],[-42.173801,-2.707661],[-42.117477,-2.693873]],[[-42.053818,-2.699154],[-42.047657,-2.69622],[-42.045311,-2.701794],[-42.047657,-2.702967],[-42.053818,-2.699154]],[[-42.027123,-2.719982],[-42.02243,-2.714702],[-42.017151,-2.715875],[-42.018322,-2.717928],[-42.027123,-2.719982]],[[-41.9884,-2.739637],[-41.986347,-2.73993],[-41.990749,-2.747851],[-41.9884,-2.739637]],[[-41.998669,-2.745797],[-42.001602,-2.751371],[-42.01363,-2.751664],[-42.011578,-2.748731],[-41.998669,-2.745797]],[[-41.996323,-2.750784],[-42.00835,-2.759585],[-42.019497,-2.751664],[-42.012455,-2.754598],[-41.996323,-2.750784]],[[-42.023018,-2.764278],[-42.011284,-2.766625],[-42.00864,-2.77924],[-42.019497,-2.774252],[-42.023018,-2.764278]],[[-42.013042,-2.782466],[-42.015976,-2.783053],[-42.018028,-2.778359],[-42.013042,-2.782466]],[[-41.996616,-2.78364],[-41.986641,-2.799481],[-42.001308,-2.789214],[-41.996616,-2.78364]],[[-41.98576,-2.78452],[-41.98576,-2.78628],[-41.987816,-2.785987],[-41.98576,-2.78452]],[[-41.990456,-2.788333],[-41.984295,-2.78716],[-41.974613,-2.79156],[-41.985172,-2.793907],[-41.990456,-2.788333]],[[-42.006588,-2.793907],[-42.008938,-2.790094],[-42.007469,-2.789507],[-42.006588,-2.793907]],[[-42.008057,-2.786573],[-42.007469,-2.78628],[-42.002773,-2.79156],[-42.008057,-2.786573]],[[-42.038857,-2.770146],[-42.045605,-2.775133],[-42.043846,-2.768385],[-42.038857,-2.770146]],[[-42.032112,-2.776599],[-42.034752,-2.789214],[-42.048244,-2.803881],[-42.085503,-2.800068],[-42.07758,-2.778066],[-42.050007,-2.78452],[-42.032112,-2.776599]],[[-42.118649,-2.798308],[-42.122463,-2.807988],[-42.131557,-2.797134],[-42.175854,-2.799481],[-42.187881,-2.790974],[-42.163239,-2.770439],[-42.139187,-2.78804],[-42.138893,-2.785693],[-42.142117,-2.781],[-42.133904,-2.771612],[-42.135372,-2.764865],[-42.115131,-2.757825],[-42.100464,-2.772492],[-42.095474,-2.79156],[-42.118649,-2.798308]],[[-42.124516,-2.809162],[-42.12569,-2.811215],[-42.135372,-2.801828],[-42.124516,-2.809162]],[[-42.196682,-2.801241],[-42.206951,-2.794201],[-42.211643,-2.773666],[-42.20343,-2.772199],[-42.188763,-2.787453],[-42.196682,-2.801241]],[[-42.259167,-2.78892],[-42.275887,-2.7854],[-42.277061,-2.781],[-42.259167,-2.774546],[-42.259167,-2.78892]],[[-42.24802,-2.774252],[-42.243324,-2.765452],[-42.234524,-2.785107],[-42.240101,-2.78628],[-42.24802,-2.774252]],[[-42.155907,-2.769559],[-42.155025,-2.756945],[-42.135372,-2.768385],[-42.143291,-2.778066],[-42.155907,-2.769559]],[[-42.362133,-2.754891],[-42.316959,-2.758411],[-42.366829,-2.768679],[-42.397041,-2.747557],[-42.394989,-2.73377],[-42.407604,-2.741397],[-42.421684,-2.738757],[-42.448086,-2.719102],[-42.434887,-2.717048],[-42.421684,-2.725556],[-42.390884,-2.717048],[-42.357147,-2.748437],[-42.362133,-2.754891]],[[-42.398216,-2.762225],[-42.400562,-2.754304],[-42.397629,-2.752838],[-42.398216,-2.762225]],[[-42.436939,-2.734943],[-42.436646,-2.732009],[-42.431366,-2.736703],[-42.436939,-2.734943]],[[-42.380322,-2.724089],[-42.372402,-2.720569],[-42.37035,-2.726729],[-42.372402,-2.727022],[-42.380322,-2.724089]],[[-42.259754,-2.706781],[-42.252419,-2.700327],[-42.24802,-2.708248],[-42.252419,-2.709715],[-42.259754,-2.706781]],[[-42.263275,-2.703847],[-42.271194,-2.700034],[-42.26738,-2.69798],[-42.263275,-2.703847]],[[-41.987816,-2.802414],[-41.974907,-2.806228],[-41.971973,-2.811802],[-41.984879,-2.808868],[-41.987816,-2.802414]],[[-41.45303,-2.910076],[-41.448334,-2.904502],[-41.444523,-2.905969],[-41.446575,-2.909489],[-41.45303,-2.910076]],[[-41.446281,-2.913302],[-41.449215,-2.921223],[-41.45303,-2.917409],[-41.446281,-2.913302]],[[-41.318672,-2.959946],[-41.323074,-2.935011],[-41.31163,-2.923863],[-41.28347,-2.92885],[-41.270561,-2.954079],[-41.276722,-2.9664],[-41.318672,-2.959946]],[[-41.297844,-2.969333],[-41.304592,-2.967573],[-41.303417,-2.96552],[-41.297844,-2.969333]],[[-40.837864,-2.898341],[-40.827011,-2.899221],[-40.827892,-2.910076],[-40.832878,-2.907435],[-40.837864,-2.898341]],[[-40.833759,-2.906555],[-40.83493,-2.908902],[-40.839626,-2.905089],[-40.833759,-2.906555]],[[-40.824665,-2.913302],[-40.824959,-2.915356],[-40.827011,-2.913302],[-40.824665,-2.913302]],[[-40.827011,-2.915943],[-40.828476,-2.916236],[-40.830532,-2.912422],[-40.827011,-2.915943]],[[-40.675053,-2.862846],[-40.674465,-2.864312],[-40.675934,-2.864606],[-40.675053,-2.862846]],[[-40.19659,-2.810335],[-40.193661,-2.813269],[-40.218887,-2.813269],[-40.19659,-2.810335]],[[-40.256729,-2.813855],[-40.255554,-2.815029],[-40.258492,-2.815322],[-40.256729,-2.813855]],[[-40.208324,-2.814735],[-40.208035,-2.815909],[-40.210964,-2.816202],[-40.208324,-2.814735]],[[-40.136749,-2.83615],[-40.130589,-2.845831],[-40.13176,-2.851405],[-40.141148,-2.844951],[-40.136749,-2.83615]],[[-39.893265,-2.883674],[-39.854542,-2.909195],[-39.856594,-2.910369],[-39.893265,-2.883674]],[[-39.395439,-3.189936],[-39.405121,-3.193749],[-39.404243,-3.191109],[-39.395439,-3.189936]],[[-39.083313,-3.414645],[-39.085365,-3.411712],[-39.080963,-3.411125],[-39.083313,-3.414645]],[[-38.452599,-3.776351],[-38.45612,-3.770777],[-38.449959,-3.772831],[-38.452599,-3.776351]],[[-32.38163,-3.805393],[-32.379578,-3.806567],[-32.380753,-3.8095],[-32.38163,-3.805393]],[[-32.385151,-3.816247],[-32.397179,-3.813314],[-32.391605,-3.808033],[-32.385151,-3.816247]],[[-32.397472,-3.819474],[-32.39278,-3.819181],[-32.395714,-3.822114],[-32.397472,-3.819474]],[[-32.395714,-3.823874],[-32.394539,-3.824168],[-32.394539,-3.825928],[-32.395714,-3.823874]],[[-38.416225,-3.819181],[-38.415932,-3.816247],[-38.413876,-3.817421],[-38.416225,-3.819181]],[[-32.404221,-3.827101],[-32.403046,-3.827395],[-32.404221,-3.829448],[-32.404221,-3.827101]],[[-32.400112,-3.827981],[-32.397179,-3.828275],[-32.399231,-3.830328],[-32.400112,-3.827981]],[[-32.407448,-3.837075],[-32.400406,-3.831795],[-32.393658,-3.851743],[-32.42094,-3.870518],[-32.426807,-3.866998],[-32.426807,-3.877852],[-32.437366,-3.871398],[-32.454971,-3.876972],[-32.459957,-3.882839],[-32.478729,-3.877558],[-32.450275,-3.863477],[-32.445877,-3.852037],[-32.407448,-3.837075]],[[-32.402164,-3.861717],[-32.402458,-3.863771],[-32.404514,-3.863477],[-32.402164,-3.861717]],[[-32.42094,-3.871985],[-32.419476,-3.874331],[-32.42094,-3.874625],[-32.42094,-3.871985]],[[-32.436783,-3.876385],[-32.438835,-3.875798],[-32.437366,-3.874625],[-32.436783,-3.876385]],[[-32.442062,-3.874038],[-32.44001,-3.872865],[-32.439716,-3.874038],[-32.442062,-3.874038]],[[-33.817013,-3.869051],[-33.818481,-3.869638],[-33.819653,-3.864944],[-33.817013,-3.869051]],[[-33.818775,-3.861717],[-33.821709,-3.863771],[-33.821415,-3.85761],[-33.818775,-3.861717]],[[-32.443237,-3.85057],[-32.446171,-3.849103],[-32.445877,-3.84793],[-32.443237,-3.85057]],[[-32.417419,-3.839716],[-32.418888,-3.839129],[-32.418301,-3.837955],[-32.417419,-3.839716]],[[-37.792847,-4.474241],[-37.780525,-4.478348],[-37.784927,-4.490376],[-37.785511,-4.481575],[-37.792847,-4.474241]],[[-37.78698,-4.485975],[-37.789913,-4.489496],[-37.792847,-4.480988],[-37.78698,-4.485975]],[[-36.963242,-4.913099],[-36.962067,-4.915153],[-36.96764,-4.916326],[-36.963242,-4.913099]],[[-37.004311,-4.921313],[-37.002842,-4.924247],[-37.004894,-4.92454],[-37.004311,-4.921313]],[[-37.088501,-4.940381],[-37.086742,-4.940381],[-37.087624,-4.943021],[-37.088501,-4.940381]],[[-36.787815,-5.040709],[-36.788403,-5.042175],[-36.792801,-5.040122],[-36.787815,-5.040709]],[[-36.777546,-5.06799],[-36.776375,-5.068284],[-36.778427,-5.070337],[-36.777546,-5.06799]],[[-36.735889,-5.060363],[-36.739704,-5.06007],[-36.739704,-5.05919],[-36.735889,-5.060363]],[[-36.477444,-5.06711],[-36.468643,-5.072391],[-36.481552,-5.071217],[-36.510887,-5.077084],[-36.477444,-5.06711]],[[-36.598015,-5.075911],[-36.59948,-5.085885],[-36.57748,-5.100553],[-36.605053,-5.099673],[-36.625587,-5.079138],[-36.606815,-5.083832],[-36.598015,-5.075911]],[[-36.602413,-5.10378],[-36.603001,-5.102606],[-36.596546,-5.10202],[-36.602413,-5.10378]],[[-36.265057,-5.098793],[-36.24012,-5.1029],[-36.238655,-5.106713],[-36.250977,-5.109647],[-36.265057,-5.098793]],[[-36.231613,-5.099673],[-36.230442,-5.101726],[-36.23748,-5.1029],[-36.231613,-5.099673]],[[-35.253864,-5.792576],[-35.262665,-5.798736],[-35.262959,-5.797563],[-35.253864,-5.792576]],[[-35.255329,-5.795803],[-35.253277,-5.794629],[-35.252106,-5.796683],[-35.255329,-5.795803]],[[-35.265011,-5.799616],[-35.257092,-5.80079],[-35.259144,-5.80783],[-35.265011,-5.799616]],[[-35.11628,-6.160736],[-35.117455,-6.161322],[-35.118042,-6.158389],[-35.11628,-6.160736]],[[-35.131535,-6.144601],[-35.133881,-6.141668],[-35.132416,-6.141374],[-35.131535,-6.144601]],[[-35.126549,-6.190364],[-35.125374,-6.192418],[-35.127426,-6.193005],[-35.126549,-6.190364]],[[-34.932934,-6.760059],[-34.931763,-6.759472],[-34.930588,-6.764166],[-34.932934,-6.760059]],[[-34.859596,-7.013223],[-34.86869,-6.986822],[-34.84845,-6.983008],[-34.851967,-7.008236],[-34.859596,-7.013223]],[[-34.870449,-7.021731],[-34.868397,-7.019677],[-34.867809,-7.024958],[-34.870449,-7.021731]],[[-34.866928,-7.026718],[-34.865463,-7.053413],[-34.884235,-7.076295],[-34.894505,-7.066614],[-34.880425,-7.0584],[-34.87133,-7.040799],[-34.866928,-7.026718]],[[-34.888638,-7.075121],[-34.89333,-7.092136],[-34.910347,-7.080695],[-34.898319,-7.066321],[-34.888638,-7.075121]],[[-34.90184,-7.093896],[-34.903011,-7.090962],[-34.90184,-7.090376],[-34.90184,-7.093896]],[[-34.911224,-7.079228],[-34.912399,-7.079522],[-34.913864,-7.076588],[-34.911224,-7.079228]],[[-34.902424,-7.10211],[-34.906239,-7.100936],[-34.905945,-7.09947],[-34.902424,-7.10211]],[[-34.895973,-7.107977],[-34.895386,-7.10827],[-34.900078,-7.109444],[-34.895973,-7.107977]],[[-34.788311,-7.156967],[-34.786259,-7.158434],[-34.78743,-7.160487],[-34.788311,-7.156967]],[[-34.783031,-7.161661],[-34.784203,-7.163714],[-34.786259,-7.162541],[-34.783031,-7.161661]],[[-34.792416,-7.172222],[-34.790363,-7.173395],[-34.791832,-7.175448],[-34.792416,-7.172222]],[[-34.791538,-7.177209],[-34.789482,-7.178382],[-34.790951,-7.180435],[-34.791538,-7.177209]],[[-34.79623,-7.351754],[-34.794178,-7.350581],[-34.793884,-7.352634],[-34.79623,-7.351754]],[[-34.86253,-7.543021],[-34.864288,-7.543021],[-34.863407,-7.538034],[-34.86253,-7.543021]],[[-34.850796,-7.692045],[-34.832901,-7.699086],[-34.833778,-7.728421],[-34.827911,-7.727541],[-34.822926,-7.745729],[-34.835541,-7.808214],[-34.844341,-7.813788],[-34.88805,-7.80352],[-34.88805,-7.768318],[-34.872211,-7.750716],[-34.875439,-7.743383],[-34.861942,-7.729301],[-34.850796,-7.692045]],[[-34.846687,-8.019429],[-34.846687,-8.023829],[-34.847862,-8.023243],[-34.846687,-8.019429]],[[-34.849915,-8.025296],[-34.851383,-8.025003],[-34.850502,-8.023243],[-34.849915,-8.025296]],[[-34.874557,-8.072526],[-34.899197,-8.082207],[-34.898907,-8.078393],[-34.894211,-8.07722],[-34.877491,-8.060499],[-34.874557,-8.072526]],[[-34.886292,-8.0825],[-34.884235,-8.077807],[-34.877785,-8.075753],[-34.880131,-8.079567],[-34.886292,-8.0825]],[[-34.900372,-8.080153],[-34.903011,-8.079273],[-34.900959,-8.071353],[-34.900372,-8.080153]],[[-34.905357,-8.070179],[-34.90184,-8.067246],[-34.901253,-8.069886],[-34.905357,-8.070179]],[[-34.895973,-8.068713],[-34.891277,-8.072526],[-34.896557,-8.07546],[-34.895973,-8.068713]],[[-34.901253,-8.064899],[-34.903305,-8.066366],[-34.903893,-8.062552],[-34.901253,-8.064899]],[[-34.898319,-8.083087],[-34.894505,-8.08338],[-34.897438,-8.085434],[-34.898319,-8.083087]],[[-34.889225,-8.083674],[-34.887173,-8.08426],[-34.888344,-8.086314],[-34.889225,-8.083674]],[[-34.89304,-8.087487],[-34.899197,-8.089541],[-34.899784,-8.087487],[-34.89304,-8.087487]],[[-34.891571,-8.087194],[-34.889519,-8.087487],[-34.890106,-8.088661],[-34.891571,-8.087194]],[[-34.914745,-8.197495],[-34.91328,-8.197202],[-34.912987,-8.200722],[-34.914745,-8.197495]],[[-34.913864,-8.203362],[-34.912399,-8.203069],[-34.912106,-8.205709],[-34.913864,-8.203362]],[[-34.923252,-8.235338],[-34.922081,-8.237685],[-34.924133,-8.237978],[-34.923252,-8.235338]],[[-34.925308,-8.239151],[-34.926773,-8.239445],[-34.927067,-8.238271],[-34.925308,-8.239151]],[[-34.94672,-8.328625],[-34.945843,-8.328625],[-34.945255,-8.330971],[-34.94672,-8.328625]],[[-34.953762,-8.379081],[-34.95171,-8.377908],[-34.951416,-8.380842],[-34.953762,-8.379081]],[[-34.974884,-8.40695],[-34.973709,-8.408417],[-34.977524,-8.40871],[-34.974884,-8.40695]],[[-34.971363,-8.409884],[-34.972538,-8.412231],[-34.973709,-8.411644],[-34.971363,-8.409884]],[[-34.969311,-8.41047],[-34.968723,-8.412524],[-34.970776,-8.413111],[-34.969311,-8.41047]],[[-34.976643,-8.415457],[-34.977524,-8.415457],[-34.976643,-8.412231],[-34.976643,-8.415457]],[[-34.984272,-8.41135],[-34.984566,-8.409884],[-34.983391,-8.40959],[-34.984272,-8.41135]],[[-34.975765,-8.40959],[-34.97459,-8.409884],[-34.974884,-8.41135],[-34.975765,-8.40959]],[[-34.969898,-8.421325],[-34.966965,-8.421618],[-34.96843,-8.423671],[-34.969898,-8.421325]],[[-35.01038,-8.556561],[-35.008327,-8.555387],[-35.007446,-8.558908],[-35.01038,-8.556561]],[[-35.008911,-8.565948],[-35.012432,-8.568882],[-35.014488,-8.566535],[-35.008911,-8.565948]],[[-35.037956,-8.570935],[-35.035023,-8.568882],[-35.034729,-8.570935],[-35.037956,-8.570935]],[[-35.031796,-8.572989],[-35.030327,-8.574162],[-35.032677,-8.575336],[-35.031796,-8.572989]],[[-35.035316,-8.579149],[-35.034142,-8.577976],[-35.032967,-8.580909],[-35.035316,-8.579149]],[[-35.042942,-8.586776],[-35.041767,-8.58619],[-35.041183,-8.590003],[-35.042942,-8.586776]],[[-35.04705,-8.598217],[-35.045876,-8.597924],[-35.045288,-8.600857],[-35.04705,-8.598217]],[[-35.025341,-8.609071],[-35.02681,-8.613765],[-35.031208,-8.611712],[-35.025341,-8.609071]],[[-35.047634,-8.613765],[-35.04969,-8.610831],[-35.048222,-8.610245],[-35.047634,-8.613765]],[[-35.057903,-8.599097],[-35.066998,-8.59675],[-35.065823,-8.58531],[-35.057022,-8.589123],[-35.057903,-8.599097]],[[-35.058491,-8.584723],[-35.056145,-8.587363],[-35.05761,-8.58795],[-35.058491,-8.584723]],[[-35.057022,-8.59587],[-35.05497,-8.594697],[-35.05497,-8.598804],[-35.057022,-8.59587]],[[-35.029449,-8.616699],[-35.030914,-8.619632],[-35.033848,-8.617579],[-35.029449,-8.616699]],[[-35.055851,-8.617872],[-35.056145,-8.617579],[-35.051743,-8.616112],[-35.055851,-8.617872]],[[-35.05761,-8.633713],[-35.055851,-8.633713],[-35.055851,-8.636353],[-35.05761,-8.633713]],[[-35.067879,-8.668329],[-35.064945,-8.666275],[-35.065529,-8.670969],[-35.067879,-8.668329]],[[-35.04969,-8.673316],[-35.051743,-8.673609],[-35.052036,-8.672436],[-35.04969,-8.673316]],[[-35.070812,-8.673023],[-35.0714,-8.670969],[-35.06905,-8.670382],[-35.070812,-8.673023]],[[-35.068462,-8.673903],[-35.065529,-8.674196],[-35.066704,-8.676249],[-35.068462,-8.673903]],[[-35.069637,-8.679183],[-35.066998,-8.678303],[-35.067879,-8.681823],[-35.069637,-8.679183]],[[-35.076386,-8.68505],[-35.074039,-8.684463],[-35.073746,-8.687397],[-35.076386,-8.68505]],[[-35.119507,-8.665982],[-35.121559,-8.670382],[-35.124496,-8.662462],[-35.119507,-8.665982]],[[-35.079319,-8.707932],[-35.076386,-8.710865],[-35.079025,-8.710572],[-35.079319,-8.707932]],[[-35.084305,-8.734627],[-35.082836,-8.73668],[-35.084305,-8.736974],[-35.084305,-8.734627]],[[-35.07785,-8.738441],[-35.079906,-8.740494],[-35.08049,-8.738441],[-35.07785,-8.738441]],[[-35.084599,-8.742548],[-35.082836,-8.742548],[-35.082836,-8.744894],[-35.084599,-8.742548]],[[-35.080784,-8.742841],[-35.080784,-8.746361],[-35.082253,-8.745774],[-35.080784,-8.742841]],[[-35.086357,-8.750175],[-35.084305,-8.748708],[-35.083717,-8.750761],[-35.086357,-8.750175]],[[-35.088703,-8.758389],[-35.086651,-8.757215],[-35.086357,-8.759855],[-35.088703,-8.758389]],[[-35.092224,-8.762496],[-35.093399,-8.766309],[-35.094574,-8.765723],[-35.092224,-8.762496]],[[-35.095745,-8.764549],[-35.097214,-8.764256],[-35.097214,-8.762496],[-35.095745,-8.764549]],[[-35.097507,-8.767776],[-35.094574,-8.768363],[-35.095158,-8.769536],[-35.097507,-8.767776]],[[-35.099854,-8.783617],[-35.097797,-8.784204],[-35.099266,-8.787137],[-35.099854,-8.783617]],[[-35.104546,-8.794178],[-35.103374,-8.793005],[-35.1022,-8.796818],[-35.104546,-8.794178]],[[-35.1022,-8.801805],[-35.102493,-8.805325],[-35.103668,-8.804152],[-35.1022,-8.801805]],[[-35.115986,-8.804739],[-35.118042,-8.804152],[-35.116867,-8.801218],[-35.115986,-8.804739]],[[-35.119507,-8.807672],[-35.117455,-8.806205],[-35.117161,-8.808259],[-35.119507,-8.807672]],[[-35.120094,-8.812073],[-35.118629,-8.813246],[-35.119507,-8.815886],[-35.120094,-8.812073]],[[-35.109241,-8.814713],[-35.108067,-8.816766],[-35.112469,-8.81794],[-35.109241,-8.814713]],[[-35.12244,-8.8197],[-35.125374,-8.819113],[-35.124203,-8.81706],[-35.12244,-8.8197]],[[-35.111294,-8.821753],[-35.115108,-8.823807],[-35.115402,-8.821753],[-35.111294,-8.821753]],[[-35.137108,-8.845808],[-35.133293,-8.834661],[-35.131241,-8.850795],[-35.137108,-8.845808]],[[-35.449238,-9.360352],[-35.448357,-9.360352],[-35.448357,-9.363872],[-35.449238,-9.360352]],[[-35.569222,-9.512016],[-35.567165,-9.512603],[-35.567459,-9.513776],[-35.569222,-9.512016]],[[-35.588287,-9.539591],[-35.586235,-9.540765],[-35.588287,-9.542818],[-35.588287,-9.539591]],[[-35.592396,-9.545459],[-35.59034,-9.545752],[-35.591808,-9.548685],[-35.592396,-9.545459]],[[-35.612049,-9.558366],[-35.609116,-9.557193],[-35.609703,-9.561006],[-35.612049,-9.558366]],[[-35.614101,-9.5613],[-35.612049,-9.562473],[-35.613224,-9.564527],[-35.614101,-9.5613]],[[-35.647545,-9.576261],[-35.645786,-9.576261],[-35.647545,-9.580368],[-35.647545,-9.576261]],[[-35.703281,-9.673654],[-35.701229,-9.674241],[-35.701817,-9.676295],[-35.703281,-9.673654]],[[-35.703869,-9.677468],[-35.704163,-9.678641],[-35.707096,-9.678348],[-35.703869,-9.677468]],[[-35.710911,-9.679521],[-35.712963,-9.679228],[-35.711788,-9.677175],[-35.710911,-9.679521]],[[-35.712963,-9.684215],[-35.715897,-9.685389],[-35.71619,-9.684215],[-35.712963,-9.684215]],[[-35.782196,-9.700936],[-35.784248,-9.70123],[-35.783661,-9.698296],[-35.782196,-9.700936]],[[-35.775742,-9.692136],[-35.780727,-9.697123],[-35.783073,-9.692429],[-35.775742,-9.692136]],[[-35.788651,-9.682455],[-35.777794,-9.668374],[-35.77486,-9.654586],[-35.767235,-9.670134],[-35.782196,-9.685095],[-35.788651,-9.682455]],[[-35.790997,-9.688615],[-35.792168,-9.686562],[-35.790115,-9.686269],[-35.790997,-9.688615]],[[-35.789528,-9.684215],[-35.792168,-9.684215],[-35.790997,-9.682162],[-35.789528,-9.684215]],[[-35.780434,-9.661627],[-35.779556,-9.668374],[-35.787476,-9.676295],[-35.785423,-9.664854],[-35.780434,-9.661627]],[[-35.770756,-9.653706],[-35.760487,-9.660747],[-35.764889,-9.677761],[-35.764595,-9.664854],[-35.770756,-9.653706]],[[-35.780727,-9.685389],[-35.7775,-9.685389],[-35.778381,-9.688029],[-35.780727,-9.685389]],[[-35.771633,-9.651946],[-35.772808,-9.649893],[-35.771633,-9.649599],[-35.771633,-9.651946]],[[-35.790409,-9.715017],[-35.800091,-9.722938],[-35.800385,-9.720004],[-35.790409,-9.715017]],[[-35.798328,-9.717071],[-35.799503,-9.716777],[-35.798328,-9.713844],[-35.798328,-9.717071]],[[-35.833824,-9.733499],[-35.834999,-9.733792],[-35.837051,-9.729098],[-35.833824,-9.733499]],[[-35.842041,-9.730859],[-35.845852,-9.733792],[-35.845558,-9.730859],[-35.842041,-9.730859]],[[-35.859642,-9.751687],[-35.859936,-9.758727],[-35.866386,-9.755794],[-35.866386,-9.754914],[-35.859642,-9.751687]],[[-35.906284,-9.848494],[-35.906578,-9.850547],[-35.910393,-9.847614],[-35.906284,-9.848494]],[[-35.937084,-9.844093],[-35.942368,-9.847907],[-35.943832,-9.845853],[-35.937084,-9.844093]],[[-35.934155,-9.851134],[-35.940311,-9.848494],[-35.936794,-9.845267],[-35.934155,-9.851134]],[[-35.893375,-9.878709],[-35.892494,-9.878709],[-35.894257,-9.882816],[-35.893375,-9.878709]],[[-36.112511,-10.185558],[-36.110458,-10.189958],[-36.113392,-10.190545],[-36.112511,-10.185558]],[[-36.412907,-10.511768],[-36.417603,-10.522915],[-36.446644,-10.522915],[-36.562225,-10.549904],[-36.450165,-10.520275],[-36.454269,-10.49886],[-36.432564,-10.502087],[-36.42347,-10.49534],[-36.412907,-10.511768]],[[-36.470112,-10.524675],[-36.473045,-10.524089],[-36.469231,-10.520569],[-36.470112,-10.524675]],[[-36.460724,-10.519688],[-36.459549,-10.519982],[-36.459549,-10.521742],[-36.460724,-10.519688]],[[-36.458084,-10.518222],[-36.455151,-10.516168],[-36.453682,-10.519102],[-36.458084,-10.518222]],[[-36.421413,-10.483313],[-36.42347,-10.483899],[-36.425816,-10.473632],[-36.421413,-10.483313]],[[-36.412907,-10.464244],[-36.420532,-10.468351],[-36.426697,-10.44459],[-36.415546,-10.454857],[-36.412907,-10.464244]],[[-36.42083,-10.447817],[-36.426399,-10.441656],[-36.425816,-10.438723],[-36.420532,-10.442536],[-36.42083,-10.447817]],[[-36.414665,-10.45427],[-36.412613,-10.453684],[-36.411148,-10.457497],[-36.414665,-10.45427]],[[-37.037167,-10.930971],[-37.0401,-10.932145],[-37.039513,-10.927451],[-37.037167,-10.930971]],[[-37.044498,-10.965],[-37.03746,-10.962947],[-37.036285,-10.96588],[-37.039219,-10.966174],[-37.044498,-10.965]],[[-37.16507,-11.101997],[-37.16536,-11.087623],[-37.160961,-11.086156],[-37.158028,-11.095836],[-37.16507,-11.101997]],[[-37.156563,-11.131332],[-37.155388,-11.134266],[-37.15744,-11.134559],[-37.156563,-11.131332]],[[-37.152161,-11.133386],[-37.153336,-11.135439],[-37.154507,-11.135146],[-37.152161,-11.133386]],[[-37.153042,-11.137493],[-37.153336,-11.140426],[-37.156265,-11.138373],[-37.153042,-11.137493]],[[-37.150692,-11.144533],[-37.155388,-11.14336],[-37.155094,-11.142186],[-37.150692,-11.144533]],[[-37.167416,-11.147174],[-37.167999,-11.1416],[-37.161549,-11.137199],[-37.160374,-11.139253],[-37.167416,-11.147174]],[[-37.175922,-11.162135],[-37.173866,-11.162428],[-37.175041,-11.165361],[-37.175922,-11.162135]],[[-37.167999,-11.175922],[-37.163307,-11.172989],[-37.158615,-11.174162],[-37.16008,-11.178856],[-37.167999,-11.175922]],[[-37.388309,-11.441408],[-37.390366,-11.437594],[-37.388309,-11.437008],[-37.388309,-11.441408]],[[-37.413834,-11.437594],[-37.397991,-11.453435],[-37.398285,-11.462823],[-37.423805,-11.447568],[-37.413834,-11.437594]],[[-37.391243,-11.46341],[-37.392418,-11.467223],[-37.396233,-11.464876],[-37.391243,-11.46341]],[[-37.41618,-11.433194],[-37.415886,-11.429674],[-37.412952,-11.431727],[-37.41618,-11.433194]],[[-37.422928,-11.504186],[-37.419994,-11.499492],[-37.406204,-11.492452],[-37.410313,-11.499199],[-37.422928,-11.504186]],[[-38.284214,-12.879725],[-38.286266,-12.876791],[-38.285095,-12.876204],[-38.284214,-12.879725]],[[-38.648853,-13.017601],[-38.660881,-13.035496],[-38.720139,-13.064538],[-38.739208,-13.090353],[-38.751236,-13.094167],[-38.766785,-13.121155],[-38.788197,-13.133769],[-38.797878,-13.129076],[-38.803745,-13.115875],[-38.797878,-13.117635],[-38.800518,-13.084193],[-38.787025,-13.080966],[-38.787025,-13.075979],[-38.801987,-13.080966],[-38.801399,-13.05427],[-38.774117,-13.037256],[-38.767368,-13.038723],[-38.748302,-13.031975],[-38.752995,-13.027575],[-38.735687,-13.013787],[-38.730408,-13.034322],[-38.720432,-13.019068],[-38.729527,-13.009094],[-38.723366,-12.997946],[-38.714272,-12.997946],[-38.714272,-13.004694],[-38.698429,-12.999706],[-38.695499,-12.985039],[-38.689339,-12.992959],[-38.685524,-12.988266],[-38.689339,-12.976238],[-38.682884,-12.980052],[-38.666748,-12.963037],[-38.661175,-12.967438],[-38.673496,-12.951303],[-38.687283,-12.955117],[-38.67907,-12.937222],[-38.663815,-12.950716],[-38.670563,-12.919034],[-38.689632,-12.91346],[-38.691391,-12.899086],[-38.681416,-12.899966],[-38.688457,-12.877964],[-38.666748,-12.894686],[-38.63184,-12.901139],[-38.609547,-12.923434],[-38.590477,-12.960104],[-38.602505,-12.993839],[-38.648853,-13.017601]],[[-38.754169,-13.104727],[-38.750355,-13.104141],[-38.753288,-13.108834],[-38.754169,-13.104727]],[[-38.787903,-13.079206],[-38.789665,-13.079206],[-38.78849,-13.078032],[-38.787903,-13.079206]],[[-38.825161,-13.064538],[-38.826336,-13.064244],[-38.825161,-13.062191],[-38.825161,-13.064538]],[[-38.844227,-13.063071],[-38.844521,-13.062484],[-38.841587,-13.062191],[-38.844227,-13.063071]],[[-38.815773,-13.057791],[-38.817825,-13.05251],[-38.812546,-13.052804],[-38.815773,-13.057791]],[[-38.827507,-13.058671],[-38.827801,-13.058377],[-38.825748,-13.057791],[-38.827507,-13.058671]],[[-38.823399,-13.057204],[-38.823692,-13.056617],[-38.820759,-13.055444],[-38.823399,-13.057204]],[[-38.812546,-13.038723],[-38.796703,-13.032856],[-38.806679,-13.057791],[-38.812546,-13.038723]],[[-38.810493,-13.036669],[-38.812252,-13.036669],[-38.812252,-13.034909],[-38.810493,-13.036669]],[[-38.792011,-13.032562],[-38.773235,-13.004694],[-38.752113,-13.009974],[-38.763264,-13.034616],[-38.774117,-13.035496],[-38.783504,-13.040483],[-38.792011,-13.032562]],[[-38.748009,-13.00264],[-38.744488,-12.993253],[-38.738327,-12.988852],[-38.740379,-13.005867],[-38.748009,-13.00264]],[[-38.758862,-12.996773],[-38.750355,-12.990906],[-38.750355,-12.994133],[-38.758862,-12.996773]],[[-38.69931,-12.987972],[-38.697845,-12.989146],[-38.699898,-12.990613],[-38.69931,-12.987972]],[[-38.733341,-12.999706],[-38.728645,-13.0],[-38.731579,-13.00704],[-38.733341,-12.999706]],[[-38.754169,-13.030509],[-38.752995,-13.030802],[-38.753288,-13.031975],[-38.754169,-13.030509]],[[-38.813721,-13.040776],[-38.814602,-13.046643],[-38.812546,-13.051337],[-38.816944,-13.048403],[-38.813721,-13.040776]],[[-38.723072,-13.017601],[-38.725124,-13.022001],[-38.731285,-13.018188],[-38.723072,-13.017601]],[[-38.696964,-12.983279],[-38.698429,-12.983865],[-38.698429,-12.982105],[-38.696964,-12.983279]],[[-38.740379,-12.980932],[-38.740967,-12.974478],[-38.737152,-12.976531],[-38.740379,-12.980932]],[[-38.755341,-12.980932],[-38.75798,-12.980932],[-38.75798,-12.977412],[-38.755341,-12.980932]],[[-38.739208,-12.90554],[-38.742142,-12.904953],[-38.740967,-12.898793],[-38.739208,-12.90554]],[[-38.684055,-12.897913],[-38.686405,-12.897619],[-38.685818,-12.896152],[-38.684055,-12.897913]],[[-38.732166,-12.896739],[-38.730114,-12.892925],[-38.728645,-12.893219],[-38.732166,-12.896739]],[[-38.738033,-12.890872],[-38.73246,-12.885298],[-38.728645,-12.889992],[-38.738033,-12.890872]],[[-38.500126,-12.928715],[-38.497482,-12.927835],[-38.497482,-12.931355],[-38.500126,-12.928715]],[[-38.710163,-12.856256],[-38.713688,-12.855083],[-38.712513,-12.853029],[-38.710163,-12.856256]],[[-38.63448,-12.813426],[-38.651787,-12.827214],[-38.653839,-12.797585],[-38.666161,-12.782624],[-38.656189,-12.782624],[-38.647388,-12.771183],[-38.642403,-12.77617],[-38.627438,-12.761209],[-38.621281,-12.77089],[-38.63448,-12.813426]],[[-38.659122,-12.773824],[-38.656189,-12.774117],[-38.656776,-12.779691],[-38.659122,-12.773824]],[[-38.657948,-12.77089],[-38.657654,-12.768837],[-38.65472,-12.77001],[-38.657948,-12.77089]],[[-38.662933,-12.77001],[-38.660881,-12.765316],[-38.658829,-12.766783],[-38.662933,-12.77001]],[[-38.65472,-12.765903],[-38.652668,-12.765316],[-38.652081,-12.76825],[-38.65472,-12.765903]],[[-38.651199,-12.763263],[-38.64592,-12.759449],[-38.642986,-12.76825],[-38.651199,-12.763263]],[[-38.656776,-12.76473],[-38.658829,-12.764143],[-38.658829,-12.762383],[-38.656776,-12.76473]],[[-38.653255,-12.762089],[-38.655308,-12.760916],[-38.655014,-12.759449],[-38.653255,-12.762089]],[[-38.54002,-12.745368],[-38.518604,-12.752409],[-38.515377,-12.789078],[-38.524178,-12.804626],[-38.535324,-12.803452],[-38.534447,-12.779104],[-38.544716,-12.77089],[-38.54002,-12.745368]],[[-38.647972,-12.752409],[-38.656189,-12.747422],[-38.650028,-12.732167],[-38.647972,-12.734221],[-38.647972,-12.752409]],[[-38.750061,-12.755342],[-38.752995,-12.755049],[-38.745075,-12.745368],[-38.750061,-12.755342]],[[-38.642986,-12.738328],[-38.643867,-12.728354],[-38.638294,-12.72806],[-38.636238,-12.735101],[-38.642986,-12.738328]],[[-38.654137,-12.730407],[-38.655308,-12.727474],[-38.652374,-12.7263],[-38.654137,-12.730407]],[[-38.607784,-12.726594],[-38.607784,-12.728354],[-38.611305,-12.729234],[-38.607784,-12.726594]],[[-38.638294,-12.7263],[-38.652081,-12.704885],[-38.646801,-12.698725],[-38.640053,-12.711339],[-38.632133,-12.710752],[-38.638294,-12.7263]],[[-38.630081,-12.695498],[-38.625385,-12.704299],[-38.638294,-12.705472],[-38.641228,-12.700778],[-38.630081,-12.695498]],[[-38.635948,-12.708699],[-38.638882,-12.708406],[-38.638294,-12.707232],[-38.635948,-12.708699]],[[-38.608372,-12.736274],[-38.602505,-12.736274],[-38.60133,-12.740968],[-38.62656,-12.751235],[-38.627148,-12.733341],[-38.618343,-12.739501],[-38.623039,-12.730114],[-38.608372,-12.736274]],[[-38.537968,-12.736568],[-38.538261,-12.738621],[-38.540607,-12.738328],[-38.537968,-12.736568]],[[-38.517433,-12.743021],[-38.513912,-12.744195],[-38.515965,-12.746248],[-38.517433,-12.743021]],[[-38.645042,-12.752115],[-38.647095,-12.750942],[-38.64592,-12.748888],[-38.645042,-12.752115]],[[-38.459053,-12.805506],[-38.457001,-12.806679],[-38.457588,-12.808733],[-38.459053,-12.805506]],[[-38.548821,-12.732461],[-38.548233,-12.729527],[-38.546181,-12.730114],[-38.548821,-12.732461]],[[-38.576691,-12.718086],[-38.577862,-12.71662],[-38.575809,-12.716326],[-38.576691,-12.718086]],[[-38.721313,-12.687577],[-38.719257,-12.687284],[-38.718674,-12.689924],[-38.721313,-12.687577]],[[-38.712219,-12.685817],[-38.710751,-12.685524],[-38.709579,-12.688457],[-38.712219,-12.685817]],[[-38.655308,-12.669976],[-38.647388,-12.658829],[-38.638,-12.664989],[-38.639465,-12.674083],[-38.650909,-12.691391],[-38.655308,-12.669976]],[[-38.698727,-12.673203],[-38.705765,-12.682884],[-38.720432,-12.664109],[-38.711632,-12.663816],[-38.707523,-12.67115],[-38.698727,-12.673203]],[[-38.725712,-12.678777],[-38.728062,-12.678483],[-38.728062,-12.675843],[-38.725712,-12.678777]],[[-38.729233,-12.664696],[-38.729233,-12.661176],[-38.728352,-12.661176],[-38.729233,-12.664696]],[[-38.694912,-12.647095],[-38.713688,-12.645041],[-38.708405,-12.595464],[-38.700485,-12.594877],[-38.701366,-12.604265],[-38.699604,-12.613359],[-38.703712,-12.618346],[-38.702831,-12.62832],[-38.695789,-12.632133],[-38.683178,-12.632133],[-38.679657,-12.643281],[-38.682884,-12.667629],[-38.694912,-12.647095]],[[-38.698429,-12.592237],[-38.696964,-12.592531],[-38.696964,-12.594291],[-38.698429,-12.592237]],[[-38.694912,-12.592237],[-38.692856,-12.592531],[-38.694031,-12.595464],[-38.694912,-12.592237]],[[-38.700779,-12.625386],[-38.698727,-12.62832],[-38.699898,-12.628907],[-38.700779,-12.625386]],[[-38.704884,-12.669683],[-38.707821,-12.666749],[-38.704884,-12.665282],[-38.704884,-12.669683]],[[-38.633892,-12.674083],[-38.63448,-12.676723],[-38.636826,-12.677017],[-38.633892,-12.674083]],[[-38.638,-12.678483],[-38.640053,-12.679657],[-38.639465,-12.675843],[-38.638,-12.678483]],[[-38.704296,-12.690511],[-38.707233,-12.688457],[-38.706646,-12.686991],[-38.704296,-12.690511]],[[-38.694324,-12.590477],[-38.694618,-12.588424],[-38.692562,-12.587837],[-38.694324,-12.590477]],[[-38.733341,-12.651201],[-38.742142,-12.649148],[-38.739208,-12.643868],[-38.733341,-12.651201]],[[-38.824574,-12.840708],[-38.817825,-12.850976],[-38.817825,-12.853323],[-38.837776,-12.838362],[-38.824574,-12.840708]],[[-38.843349,-13.063951],[-38.843056,-13.064244],[-38.844227,-13.064538],[-38.843349,-13.063951]],[[-38.866817,-13.18628],[-38.863884,-13.186573],[-38.864471,-13.189213],[-38.866817,-13.18628]],[[-38.939861,-13.209455],[-38.940449,-13.209162],[-38.937515,-13.207988],[-38.939861,-13.209455]],[[-38.955704,-13.213855],[-38.953651,-13.214149],[-38.955116,-13.215322],[-38.955704,-13.213855]],[[-38.983276,-13.386934],[-38.981518,-13.390455],[-38.998825,-13.379307],[-38.983276,-13.386934]],[[-38.93634,-13.384881],[-38.937515,-13.387814],[-38.94133,-13.384881],[-38.93634,-13.384881]],[[-39.001171,-13.390748],[-39.008213,-13.397202],[-39.02552,-13.394268],[-39.012615,-13.387814],[-39.001171,-13.390748]],[[-38.936634,-13.577028],[-38.937222,-13.576735],[-38.935757,-13.576441],[-38.936634,-13.577028]],[[-38.95013,-13.572921],[-38.952183,-13.569987],[-38.950714,-13.569694],[-38.95013,-13.572921]],[[-38.964211,-13.569694],[-38.964504,-13.569107],[-38.959225,-13.567934],[-38.964211,-13.569694]],[[-38.970371,-13.625725],[-38.975063,-13.636286],[-38.985332,-13.630125],[-38.980049,-13.618684],[-38.970371,-13.625725]],[[-38.966263,-13.677355],[-38.965092,-13.676182],[-38.963036,-13.681755],[-38.966263,-13.677355]],[[-38.937515,-13.838113],[-38.934582,-13.839287],[-38.935757,-13.84134],[-38.937515,-13.838113]],[[-39.00264,-13.892091],[-38.998825,-13.893264],[-39.0,-13.895317],[-39.00264,-13.892091]],[[-39.001759,-13.897958],[-39.000294,-13.913505],[-39.012905,-13.930813],[-39.007919,-13.939321],[-39.017601,-13.941374],[-39.021416,-13.931693],[-39.014668,-13.922599],[-39.027866,-13.914972],[-39.011734,-13.916146],[-39.001759,-13.897958]],[[-38.995014,-13.934627],[-38.988853,-13.939321],[-38.991787,-13.939614],[-38.995014,-13.934627]],[[-39.071579,-13.937854],[-39.076271,-13.934334],[-39.073338,-13.931107],[-39.071285,-13.931693],[-39.071579,-13.937854]],[[-39.070404,-13.927586],[-39.068352,-13.92612],[-39.066299,-13.930813],[-39.070404,-13.927586]],[[-39.075096,-13.92788],[-39.075394,-13.925826],[-39.073338,-13.925533],[-39.075096,-13.92788]],[[-39.048405,-13.923773],[-39.04723,-13.925826],[-39.050163,-13.927],[-39.048405,-13.923773]],[[-39.053391,-13.925533],[-39.054562,-13.924066],[-39.051628,-13.922893],[-39.053391,-13.925533]],[[-39.037842,-13.9358],[-39.042538,-13.937854],[-39.043709,-13.9358],[-39.037842,-13.9358]],[[-39.017601,-13.911159],[-39.018772,-13.909985],[-39.018482,-13.908812],[-39.017601,-13.911159]],[[-39.068352,-13.910279],[-39.067471,-13.889744],[-39.055149,-13.887984],[-39.042828,-13.901771],[-39.050163,-13.910279],[-39.058376,-13.904705],[-39.068352,-13.910279]],[[-39.076271,-13.901771],[-39.079205,-13.903825],[-39.079498,-13.895024],[-39.076271,-13.901771]],[[-39.074219,-13.892971],[-39.076271,-13.891797],[-39.074219,-13.889744],[-39.074219,-13.892971]],[[-39.0,-13.965429],[-38.998825,-13.968363],[-39.00264,-13.968656],[-39.0,-13.965429]],[[-38.973305,-13.974523],[-38.968025,-13.976577],[-38.969196,-13.97951],[-38.973305,-13.974523]],[[-38.990025,-14.002098],[-38.983864,-14.006792],[-38.988266,-14.015299],[-38.990025,-14.002098]],[[-38.995014,-14.012953],[-38.996773,-14.012953],[-38.996773,-14.010312],[-38.995014,-14.012953]],[[-39.000294,-14.018233],[-38.991199,-14.019993],[-38.995014,-14.027914],[-39.002052,-14.02674],[-39.000294,-14.018233]],[[-38.960102,-13.969536],[-38.960396,-13.969243],[-38.958344,-13.968656],[-38.960102,-13.969536]],[[-39.023468,-14.278732],[-39.021122,-14.279318],[-39.023468,-14.282252],[-39.023468,-14.278732]],[[-39.013199,-14.769514],[-39.013199,-14.771274],[-39.01408,-14.771274],[-39.013199,-14.769514]],[[-39.010853,-14.785355],[-39.009975,-14.785355],[-39.009975,-14.787115],[-39.010853,-14.785355]],[[-39.024937,-14.800316],[-39.024055,-14.800316],[-39.023762,-14.801783],[-39.024937,-14.800316]],[[-38.977119,-15.539275],[-38.979759,-15.492632],[-38.960983,-15.471217],[-38.954529,-15.539275],[-38.962448,-15.546316],[-38.964504,-15.531648],[-38.968315,-15.530475],[-38.977119,-15.539275]],[[-38.952183,-15.523434],[-38.95541,-15.482658],[-38.95013,-15.475618],[-38.949249,-15.560397],[-38.952183,-15.523434]],[[-38.953064,-15.595013],[-38.954529,-15.570078],[-38.949249,-15.568024],[-38.944557,-15.575945],[-38.953064,-15.595013]],[[-38.950714,-15.602053],[-38.934288,-15.699447],[-38.944557,-15.68918],[-38.950714,-15.602053]],[[-38.920502,-15.760758],[-38.925488,-15.744917],[-38.92989,-15.712061],[-38.899673,-15.771612],[-38.920502,-15.760758]],[[-38.885006,-15.845537],[-38.878845,-15.845831],[-38.885006,-15.851405],[-38.885006,-15.845537]],[[-38.881191,-15.850818],[-38.866817,-15.846417],[-38.862122,-15.853458],[-38.866524,-15.855511],[-38.881191,-15.850818]],[[-39.017895,-16.259167],[-39.01672,-16.257114],[-39.015549,-16.260927],[-39.017895,-16.259167]],[[-39.181293,-17.746767],[-39.203293,-17.770529],[-39.202999,-17.756741],[-39.181293,-17.746767]],[[-39.334717,-17.894325],[-39.334129,-17.893738],[-39.332958,-17.89579],[-39.334717,-17.894325]],[[-39.364052,-17.876137],[-39.36552,-17.874964],[-39.362587,-17.87467],[-39.364052,-17.876137]],[[-38.692562,-17.960329],[-38.691978,-17.961502],[-38.693443,-17.96209],[-38.692562,-17.960329]],[[-38.69051,-17.965902],[-38.705471,-17.964144],[-38.701656,-17.961208],[-38.69051,-17.965902]],[[-38.711338,-17.966784],[-38.711338,-17.965023],[-38.708698,-17.965023],[-38.711338,-17.966784]],[[-38.708405,-17.970303],[-38.707233,-17.971769],[-38.710751,-17.972063],[-38.708405,-17.970303]],[[-38.69931,-17.980276],[-38.695789,-17.980276],[-38.696671,-17.982918],[-38.69931,-17.980276]],[[-39.635406,-18.296806],[-39.631592,-18.294752],[-39.633057,-18.299154],[-39.635406,-18.296806]],[[-39.819633,-19.619247],[-39.813473,-19.612795],[-39.813766,-19.617489],[-39.819633,-19.619247]],[[-40.122372,-19.933723],[-40.122082,-19.935778],[-40.124134,-19.936363],[-40.122372,-19.933723]],[[-40.286652,-20.293083],[-40.285477,-20.293377],[-40.28577,-20.29455],[-40.286652,-20.293083]],[[-40.290466,-20.300711],[-40.282837,-20.296604],[-40.28577,-20.306284],[-40.290466,-20.300711]],[[-40.274918,-20.303644],[-40.274624,-20.304232],[-40.275799,-20.305405],[-40.274918,-20.303644]],[[-40.27697,-20.306578],[-40.277557,-20.308044],[-40.27932,-20.307163],[-40.27697,-20.306578]],[[-40.27697,-20.310099],[-40.287533,-20.312151],[-40.28577,-20.307163],[-40.27697,-20.310099]],[[-40.289879,-20.314499],[-40.288704,-20.315084],[-40.288704,-20.315966],[-40.289879,-20.314499]],[[-40.274918,-20.320366],[-40.274624,-20.321833],[-40.276382,-20.321833],[-40.274918,-20.320366]],[[-40.315105,-20.321245],[-40.31628,-20.320072],[-40.314228,-20.319485],[-40.315105,-20.321245]],[[-40.315693,-20.318899],[-40.31628,-20.317432],[-40.315105,-20.317139],[-40.315693,-20.318899]],[[-40.31628,-20.323299],[-40.317455,-20.323887],[-40.318043,-20.323299],[-40.31628,-20.323299]],[[-40.307774,-20.32506],[-40.312176,-20.325939],[-40.311588,-20.324472],[-40.307774,-20.32506]],[[-40.348843,-20.324179],[-40.355003,-20.323887],[-40.355591,-20.322418],[-40.353245,-20.321245],[-40.348843,-20.324179]],[[-40.362923,-20.309217],[-40.362335,-20.305405],[-40.361164,-20.30599],[-40.362923,-20.309217]],[[-40.360283,-20.305698],[-40.359112,-20.305405],[-40.358818,-20.308338],[-40.360283,-20.305698]],[[-40.333,-20.263454],[-40.335056,-20.263748],[-40.336227,-20.260815],[-40.333,-20.263454]],[[-40.33036,-20.257587],[-40.335056,-20.259642],[-40.335934,-20.247026],[-40.33036,-20.257587]],[[-40.327427,-20.24468],[-40.325375,-20.248493],[-40.32655,-20.249666],[-40.327427,-20.24468]],[[-40.297504,-20.326233],[-40.295452,-20.326527],[-40.295746,-20.327112],[-40.297504,-20.326233]],[[-40.27433,-20.330339],[-40.272572,-20.330339],[-40.271984,-20.331806],[-40.27433,-20.330339]],[[-40.275799,-20.33386],[-40.272865,-20.334152],[-40.27433,-20.336206],[-40.275799,-20.33386]],[[-40.291348,-20.37669],[-40.289585,-20.375809],[-40.288704,-20.377569],[-40.291348,-20.37669]],[[-28.851698,-20.467922],[-28.849644,-20.468216],[-28.849937,-20.469683],[-28.851698,-20.467922]],[[-28.849058,-20.471149],[-28.842897,-20.474962],[-28.84671,-20.478777],[-28.849058,-20.471149]],[[-29.339252,-20.486404],[-29.306105,-20.507524],[-29.29701,-20.524246],[-29.309917,-20.518085],[-29.330452,-20.522486],[-29.343653,-20.508406],[-29.339252,-20.486404]],[[-28.841724,-20.493738],[-28.841137,-20.496672],[-28.844952,-20.496378],[-28.841724,-20.493738]],[[-29.323706,-20.526007],[-29.325172,-20.5263],[-29.325464,-20.523367],[-29.323706,-20.526007]],[[-40.362633,-20.52454],[-40.364685,-20.522486],[-40.362633,-20.522194],[-40.362633,-20.52454]],[[-40.394608,-20.599052],[-40.392551,-20.598759],[-40.39138,-20.600813],[-40.394608,-20.599052]],[[-40.378471,-20.606386],[-40.375538,-20.607559],[-40.376713,-20.609613],[-40.378471,-20.606386]],[[-40.376713,-20.611374],[-40.37495,-20.61636],[-40.378471,-20.61372],[-40.376713,-20.611374]],[[-40.381992,-20.616653],[-40.386684,-20.617241],[-40.385807,-20.612841],[-40.381992,-20.616653]],[[-40.427464,-20.635427],[-40.426289,-20.6366],[-40.426582,-20.638655],[-40.427464,-20.635427]],[[-40.469997,-20.663883],[-40.473812,-20.664177],[-40.473812,-20.663298],[-40.469997,-20.663883]],[[-40.50491,-20.668871],[-40.503735,-20.669165],[-40.504322,-20.670338],[-40.50491,-20.668871]],[[-40.369965,-20.677963],[-40.369671,-20.680017],[-40.370846,-20.680311],[-40.369965,-20.677963]],[[-40.366737,-20.679724],[-40.365562,-20.681778],[-40.367619,-20.682072],[-40.366737,-20.679724]],[[-40.720818,-20.849577],[-40.727856,-20.849283],[-40.72551,-20.844883],[-40.720818,-20.849577]],[[-40.728443,-20.850456],[-40.726391,-20.85075],[-40.727566,-20.853683],[-40.728443,-20.850456]],[[-40.729324,-20.857204],[-40.727268,-20.857496],[-40.726978,-20.859257],[-40.729324,-20.857204]],[[-40.818504,-21.001242],[-40.820557,-20.998306],[-40.819092,-20.998014],[-40.818504,-21.001242]],[[-40.886562,-21.16288],[-40.884506,-21.163466],[-40.885094,-21.16552],[-40.886562,-21.16288]],[[-41.047909,-21.59763],[-41.034119,-21.607018],[-41.022678,-21.602032],[-41.018864,-21.607603],[-41.039986,-21.616405],[-41.047909,-21.59763]],[[-41.01593,-21.604671],[-41.010357,-21.608484],[-41.015053,-21.612005],[-41.01593,-21.604671]],[[-41.008011,-21.607603],[-41.006542,-21.607018],[-41.006248,-21.608484],[-41.008011,-21.607603]],[[-41.024143,-21.615524],[-41.02972,-21.614939],[-41.027664,-21.611418],[-41.024143,-21.615524]],[[-41.761639,-22.382059],[-41.758705,-22.383232],[-41.76017,-22.38558],[-41.761639,-22.382059]],[[-41.680378,-22.397608],[-41.683311,-22.398781],[-41.683899,-22.397608],[-41.680378,-22.397608]],[[-41.68742,-22.402008],[-41.692112,-22.401714],[-41.691818,-22.396141],[-41.68742,-22.402008]],[[-41.707073,-22.413448],[-41.705898,-22.406996],[-41.695339,-22.404062],[-41.695927,-22.417849],[-41.707073,-22.413448]],[[-41.710888,-22.419609],[-41.713821,-22.414915],[-41.711769,-22.414621],[-41.710888,-22.419609]],[[-41.92181,-22.527857],[-41.919758,-22.529324],[-41.920929,-22.530497],[-41.92181,-22.527857]],[[-41.986641,-22.596209],[-41.984879,-22.596209],[-41.986641,-22.600315],[-41.986641,-22.596209]],[[-41.995441,-22.605009],[-41.992802,-22.60413],[-41.992802,-22.60677],[-41.995441,-22.605009]],[[-41.983707,-22.677467],[-41.980774,-22.677174],[-41.98048,-22.680107],[-41.983707,-22.677467]],[[-41.928265,-22.719711],[-41.921223,-22.719124],[-41.923275,-22.723818],[-41.928265,-22.719711]],[[-41.874287,-22.727045],[-41.873699,-22.728218],[-41.875751,-22.729685],[-41.874287,-22.727045]],[[-41.949093,-22.734673],[-41.944691,-22.737606],[-41.94997,-22.739658],[-41.949093,-22.734673]],[[-41.784519,-22.768408],[-41.795959,-22.771341],[-41.796253,-22.769287],[-41.784519,-22.768408]],[[-41.823242,-22.773687],[-41.828815,-22.774275],[-41.828522,-22.769581],[-41.823242,-22.773687]],[[-41.880447,-22.776623],[-41.878391,-22.775448],[-41.877808,-22.777502],[-41.880447,-22.776623]],[[-41.925037,-22.810356],[-41.923275,-22.813877],[-41.925037,-22.813877],[-41.925037,-22.810356]],[[-41.920048,-22.813877],[-41.91946,-22.81505],[-41.92181,-22.816223],[-41.920048,-22.813877]],[[-41.894234,-22.842039],[-41.892475,-22.842039],[-41.893353,-22.84556],[-41.894234,-22.842039]],[[-41.913891,-22.859934],[-41.905087,-22.849667],[-41.903622,-22.84996],[-41.905087,-22.858761],[-41.913891,-22.859934]],[[-41.91917,-22.864628],[-41.922981,-22.864334],[-41.922398,-22.861988],[-41.91917,-22.864628]],[[-41.938236,-22.864628],[-41.944984,-22.874601],[-41.957012,-22.87431],[-41.948505,-22.861988],[-41.938236,-22.864628]],[[-41.924156,-22.861988],[-41.923862,-22.863161],[-41.925037,-22.863749],[-41.924156,-22.861988]],[[-41.944103,-22.875483],[-41.94117,-22.875774],[-41.943516,-22.87871],[-41.944103,-22.875483]],[[-41.959652,-22.880762],[-41.959946,-22.883696],[-41.961411,-22.883404],[-41.959652,-22.880762]],[[-41.961998,-22.884869],[-41.962585,-22.885456],[-41.96376,-22.882523],[-41.961998,-22.884869]],[[-41.990749,-22.890444],[-41.981655,-22.889563],[-41.97784,-22.899244],[-41.984295,-22.901297],[-41.990749,-22.890444]],[[-42.004536,-22.881643],[-42.006001,-22.882229],[-42.006294,-22.880762],[-42.004536,-22.881643]],[[-41.996616,-22.962023],[-41.988693,-22.963488],[-41.993389,-22.968769],[-41.996616,-22.962023]],[[-41.984295,-22.976397],[-41.978722,-22.99077],[-42.004242,-23.016293],[-42.014507,-22.999277],[-42.006882,-23.000744],[-41.984295,-22.976397]],[[-42.915401,-23.010717],[-42.919212,-23.018051],[-42.924496,-23.019226],[-42.921852,-23.012184],[-42.915401,-23.010717]],[[-42.909241,-23.008078],[-42.911293,-23.007492],[-42.909241,-23.006317],[-42.909241,-23.008078]],[[-42.910999,-23.005438],[-42.911293,-23.005144],[-42.910999,-23.003677],[-42.910999,-23.005438]],[[-43.08672,-22.989597],[-43.087894,-22.986664],[-43.079971,-22.985491],[-43.08672,-22.989597]],[[-43.066772,-22.985491],[-43.067066,-22.983437],[-43.061783,-22.980503],[-43.066772,-22.985491]],[[-42.041203,-22.980797],[-42.040031,-22.980503],[-42.039444,-22.983437],[-42.041203,-22.980797]],[[-42.47625,-22.942659],[-42.475956,-22.940607],[-42.474197,-22.940313],[-42.47625,-22.942659]],[[-43.149204,-22.967009],[-43.151257,-22.966715],[-43.148323,-22.961142],[-43.149204,-22.967009]],[[-43.146564,-22.935326],[-43.148911,-22.935034],[-43.147446,-22.93298],[-43.146564,-22.935326]],[[-43.12867,-22.910097],[-43.13131,-22.910097],[-43.130722,-22.90863],[-43.12867,-22.910097]],[[-43.208462,-22.888096],[-43.210514,-22.884869],[-43.208462,-22.884577],[-43.208462,-22.888096]],[[-43.195847,-22.884577],[-43.193794,-22.885162],[-43.195847,-22.886335],[-43.195847,-22.884577]],[[-43.17326,-22.882816],[-43.177074,-22.882523],[-43.175018,-22.880468],[-43.17326,-22.882816]],[[-43.125443,-22.873428],[-43.117813,-22.876656],[-43.12075,-22.877241],[-43.125443,-22.873428]],[[-43.136002,-22.874601],[-43.137177,-22.873428],[-43.131603,-22.869616],[-43.136002,-22.874601]],[[-43.206699,-22.872843],[-43.208755,-22.871668],[-43.208462,-22.870495],[-43.206699,-22.872843]],[[-43.12075,-22.871374],[-43.113415,-22.865507],[-43.112534,-22.877241],[-43.113415,-22.877241],[-43.12075,-22.871374]],[[-43.214916,-22.868734],[-43.232224,-22.863455],[-43.227821,-22.859055],[-43.235451,-22.851721],[-43.207874,-22.855827],[-43.218727,-22.859055],[-43.214916,-22.868734]],[[-43.237209,-22.862574],[-43.234276,-22.861109],[-43.232811,-22.862574],[-43.237209,-22.862574]],[[-43.236328,-22.847612],[-43.235157,-22.846439],[-43.233688,-22.8482],[-43.236328,-22.847612]],[[-43.241318,-22.844973],[-43.242493,-22.834412],[-43.232224,-22.838226],[-43.241318,-22.844973]],[[-43.112534,-22.82972],[-43.103733,-22.833239],[-43.106667,-22.839693],[-43.112534,-22.82972]],[[-43.238384,-22.832066],[-43.263905,-22.806837],[-43.245132,-22.80625],[-43.227531,-22.781315],[-43.18998,-22.794516],[-43.174137,-22.775448],[-43.169151,-22.782194],[-43.155365,-22.778381],[-43.155952,-22.786303],[-43.180302,-22.802437],[-43.174725,-22.819159],[-43.164459,-22.820038],[-43.170033,-22.830305],[-43.175018,-22.823853],[-43.183231,-22.832066],[-43.190861,-22.81945],[-43.208462,-22.814465],[-43.238384,-22.832066]],[[-43.246597,-22.830305],[-43.253639,-22.824144],[-43.251583,-22.822971],[-43.246597,-22.830305]],[[-43.259212,-22.824732],[-43.259506,-22.822386],[-43.256866,-22.822092],[-43.259212,-22.824732]],[[-43.280041,-22.80801],[-43.281216,-22.806837],[-43.278278,-22.803024],[-43.280041,-22.80801]],[[-43.14011,-22.774569],[-43.137764,-22.775742],[-43.14011,-22.777208],[-43.14011,-22.774569]],[[-43.15918,-22.775448],[-43.162991,-22.770756],[-43.15155,-22.771341],[-43.15918,-22.775448]],[[-43.11459,-22.766647],[-43.113415,-22.75198],[-43.102562,-22.749634],[-43.107841,-22.757553],[-43.101974,-22.764301],[-43.11459,-22.766647]],[[-43.121334,-22.756674],[-43.117523,-22.75198],[-43.11459,-22.754913],[-43.121334,-22.756674]],[[-43.074104,-22.771929],[-43.072052,-22.772514],[-43.073223,-22.774569],[-43.074104,-22.771929]],[[-43.15155,-22.785421],[-43.148029,-22.785715],[-43.148323,-22.787182],[-43.15155,-22.785421]],[[-43.110775,-22.795397],[-43.110775,-22.797155],[-43.113415,-22.797155],[-43.110775,-22.795397]],[[-43.122509,-22.798918],[-43.12339,-22.798918],[-43.122509,-22.795397],[-43.122509,-22.798918]],[[-43.109306,-22.799503],[-43.107254,-22.80097],[-43.110775,-22.80361],[-43.109306,-22.799503]],[[-43.117523,-22.804489],[-43.119576,-22.803316],[-43.118401,-22.802143],[-43.117523,-22.804489]],[[-43.122215,-22.806837],[-43.12339,-22.807131],[-43.124561,-22.805077],[-43.122215,-22.806837]],[[-43.164753,-22.810944],[-43.161526,-22.810356],[-43.161232,-22.814171],[-43.164753,-22.810944]],[[-43.09288,-22.821798],[-43.103439,-22.82972],[-43.101387,-22.823265],[-43.09288,-22.821798]],[[-43.225475,-22.839106],[-43.224304,-22.837053],[-43.222248,-22.838226],[-43.225475,-22.839106]],[[-43.227531,-22.839693],[-43.22929,-22.839693],[-43.228409,-22.837053],[-43.227531,-22.839693]],[[-43.174137,-22.834705],[-43.172085,-22.837639],[-43.174137,-22.838814],[-43.174137,-22.834705]],[[-43.221664,-22.84116],[-43.219021,-22.84116],[-43.220783,-22.847027],[-43.221664,-22.84116]],[[-43.099918,-22.842039],[-43.098747,-22.842627],[-43.1008,-22.846439],[-43.099918,-22.842039]],[[-43.104321,-22.847027],[-43.106373,-22.846733],[-43.105789,-22.84556],[-43.104321,-22.847027]],[[-43.100506,-22.84996],[-43.103439,-22.851133],[-43.104614,-22.849079],[-43.100506,-22.84996]],[[-43.116642,-22.852015],[-43.114883,-22.852015],[-43.115173,-22.854654],[-43.116642,-22.852015]],[[-43.116936,-22.859934],[-43.130722,-22.865507],[-43.130428,-22.862574],[-43.116936,-22.859934]],[[-43.133362,-22.866976],[-43.132774,-22.868443],[-43.135712,-22.868734],[-43.133362,-22.866976]],[[-43.127201,-22.745819],[-43.127201,-22.74494],[-43.125443,-22.74494],[-43.127201,-22.745819]],[[-43.030983,-22.740246],[-43.028049,-22.742594],[-43.030102,-22.745525],[-43.030983,-22.740246]],[[-42.928017,-23.021572],[-42.925377,-23.021572],[-42.926548,-23.024506],[-42.928017,-23.021572]],[[-43.192619,-23.029493],[-43.196728,-23.028906],[-43.196728,-23.028027],[-43.192619,-23.029493]],[[-43.204941,-23.029493],[-43.207874,-23.027439],[-43.20406,-23.026266],[-43.204941,-23.029493]],[[-43.27916,-23.030373],[-43.276226,-23.03096],[-43.27652,-23.033012],[-43.27916,-23.030373]],[[-43.192619,-23.031254],[-43.192036,-23.032427],[-43.192619,-23.033012],[-43.192619,-23.031254]],[[-43.301746,-23.033012],[-43.298817,-23.034187],[-43.299107,-23.03536],[-43.301746,-23.033012]],[[-43.199955,-23.03624],[-43.206699,-23.041227],[-43.209637,-23.040054],[-43.207581,-23.038],[-43.199955,-23.03624]],[[-43.305855,-23.041227],[-43.308788,-23.040054],[-43.305855,-23.038],[-43.305855,-23.041227]],[[-43.515896,-23.053843],[-43.512962,-23.054134],[-43.513256,-23.056189],[-43.515896,-23.053843]],[[-43.149204,-23.061174],[-43.141281,-23.06675],[-43.147446,-23.067923],[-43.149204,-23.061174]],[[-43.517658,-23.067923],[-43.520592,-23.06675],[-43.518246,-23.062056],[-43.517658,-23.067923]],[[-43.198486,-23.068804],[-43.192036,-23.071735],[-43.194088,-23.07555],[-43.198486,-23.068804]],[[-43.201714,-23.077017],[-43.202888,-23.074963],[-43.201714,-23.074671],[-43.201714,-23.077017]],[[-43.955929,-23.08963],[-43.98996,-23.104591],[-44.010494,-23.095791],[-44.01284,-23.079069],[-43.979103,-23.047974],[-43.959156,-23.043867],[-43.953876,-23.04504],[-43.958275,-23.052961],[-43.889046,-23.070562],[-43.882004,-23.049149],[-43.912514,-23.026266],[-43.857655,-23.052961],[-43.817467,-23.062937],[-43.728287,-23.057068],[-43.62825,-23.033012],[-43.612412,-23.033894],[-43.605957,-23.042107],[-43.571342,-23.056774],[-43.575153,-23.062937],[-43.600677,-23.052961],[-43.670788,-23.053843],[-43.955929,-23.08963]],[[-43.566647,-23.079657],[-43.563713,-23.08083],[-43.566647,-23.083763],[-43.566647,-23.079657]],[[-44.1912,-23.106646],[-44.218773,-23.110167],[-44.209091,-23.109579],[-44.200001,-23.12278],[-44.171543,-23.119553],[-44.173012,-23.132462],[-44.170372,-23.140087],[-44.166557,-23.143021],[-44.145142,-23.123659],[-44.129299,-23.121313],[-44.126659,-23.12718],[-44.141331,-23.141554],[-44.134583,-23.148302],[-44.141331,-23.159157],[-44.116688,-23.149475],[-44.108475,-23.165316],[-44.092926,-23.168249],[-44.095566,-23.175877],[-44.132526,-23.188786],[-44.125488,-23.177637],[-44.14925,-23.170303],[-44.16597,-23.17617],[-44.171543,-23.187023],[-44.187386,-23.182917],[-44.1912,-23.189077],[-44.182983,-23.195826],[-44.195892,-23.205505],[-44.212612,-23.195532],[-44.254269,-23.206972],[-44.261311,-23.203451],[-44.255737,-23.191425],[-44.272457,-23.198759],[-44.27422,-23.182037],[-44.300034,-23.177931],[-44.31881,-23.18585],[-44.333771,-23.2234],[-44.348438,-23.2278],[-44.342861,-23.219294],[-44.352543,-23.217239],[-44.352837,-23.205799],[-44.343742,-23.182625],[-44.360172,-23.192892],[-44.364571,-23.180864],[-44.375717,-23.184677],[-44.379532,-23.178516],[-44.370144,-23.164728],[-44.328194,-23.154755],[-44.327023,-23.141554],[-44.314995,-23.138035],[-44.31382,-23.126593],[-44.299152,-23.115446],[-44.298859,-23.132462],[-44.286537,-23.136274],[-44.277447,-23.117207],[-44.252216,-23.110167],[-44.262192,-23.099897],[-44.239017,-23.093739],[-44.239307,-23.086405],[-44.1912,-23.106646]],[[-44.169785,-23.136566],[-44.168316,-23.136274],[-44.168022,-23.139208],[-44.169785,-23.136566]],[[-44.111698,-23.140381],[-44.105831,-23.13862],[-44.110821,-23.144487],[-44.111698,-23.140381]],[[-44.164211,-23.223694],[-44.157463,-23.217239],[-44.151302,-23.218412],[-44.150715,-23.226334],[-44.164211,-23.223694]],[[-44.64267,-23.231321],[-44.652939,-23.231613],[-44.64003,-23.224573],[-44.64267,-23.231321]],[[-44.624481,-23.224279],[-44.597496,-23.202866],[-44.586346,-23.206678],[-44.60424,-23.224573],[-44.624481,-23.224279]],[[-44.582535,-23.199638],[-44.580479,-23.204039],[-44.583412,-23.205505],[-44.582535,-23.199638]],[[-44.362518,-23.212839],[-44.359585,-23.213427],[-44.360172,-23.215481],[-44.362518,-23.212839]],[[-44.560532,-23.22076],[-44.556133,-23.22076],[-44.557598,-23.223694],[-44.560532,-23.22076]],[[-44.627125,-23.191717],[-44.622429,-23.19025],[-44.622135,-23.191717],[-44.627125,-23.191717]],[[-44.579601,-23.186731],[-44.574905,-23.183798],[-44.573734,-23.189959],[-44.579601,-23.186731]],[[-44.658218,-23.189665],[-44.660858,-23.189665],[-44.662621,-23.182037],[-44.658218,-23.189665]],[[-44.686382,-23.180864],[-44.686382,-23.178225],[-44.68198,-23.179104],[-44.686382,-23.180864]],[[-44.675526,-23.170891],[-44.679928,-23.174704],[-44.681393,-23.174116],[-44.680805,-23.170303],[-44.675526,-23.170891]],[[-44.691368,-23.170891],[-44.698704,-23.160036],[-44.685795,-23.151236],[-44.682861,-23.159157],[-44.691368,-23.170891]],[[-44.666725,-23.159742],[-44.663792,-23.160915],[-44.664967,-23.164728],[-44.666725,-23.159742]],[[-44.328487,-23.14126],[-44.331421,-23.140087],[-44.330837,-23.138914],[-44.328487,-23.14126]],[[-44.677582,-23.134514],[-44.678753,-23.13422],[-44.678459,-23.132168],[-44.677582,-23.134514]],[[-44.68961,-23.13158],[-44.686672,-23.128647],[-44.686089,-23.130699],[-44.68961,-23.13158]],[[-44.679634,-23.127474],[-44.681686,-23.128647],[-44.68198,-23.125713],[-44.679634,-23.127474]],[[-44.669952,-23.12454],[-44.67054,-23.124247],[-44.67054,-23.122486],[-44.669952,-23.12454]],[[-44.680515,-23.112513],[-44.674938,-23.11134],[-44.674648,-23.112513],[-44.680515,-23.112513]],[[-44.692249,-23.110752],[-44.687553,-23.106939],[-44.68697,-23.108992],[-44.692249,-23.110752]],[[-44.402412,-23.101364],[-44.403881,-23.099897],[-44.401829,-23.098724],[-44.402412,-23.101364]],[[-44.674938,-23.100485],[-44.675526,-23.099018],[-44.671715,-23.096966],[-44.674938,-23.100485]],[[-44.59544,-23.089045],[-44.594269,-23.08699],[-44.590454,-23.089336],[-44.59544,-23.089045]],[[-44.682568,-23.08963],[-44.68462,-23.088457],[-44.682568,-23.085524],[-44.682568,-23.08963]],[[-44.331715,-23.083763],[-44.331127,-23.087578],[-44.334061,-23.088751],[-44.331715,-23.083763]],[[-44.239307,-23.077896],[-44.230507,-23.07819],[-44.234909,-23.084644],[-44.239307,-23.077896]],[[-44.647953,-23.076723],[-44.645603,-23.069096],[-44.636215,-23.069096],[-44.636215,-23.069977],[-44.647953,-23.076723]],[[-44.603363,-23.067041],[-44.602482,-23.070562],[-44.605709,-23.070562],[-44.603363,-23.067041]],[[-44.596615,-23.066162],[-44.593681,-23.06675],[-44.595734,-23.069683],[-44.596615,-23.066162]],[[-44.611576,-23.061174],[-44.602776,-23.058243],[-44.60923,-23.065577],[-44.611576,-23.061174]],[[-44.62859,-23.06411],[-44.631817,-23.065577],[-44.632111,-23.063229],[-44.62859,-23.06411]],[[-44.621552,-23.061174],[-44.627125,-23.061762],[-44.62595,-23.057947],[-44.621552,-23.061174]],[[-44.561707,-23.061174],[-44.560825,-23.061174],[-44.564053,-23.067041],[-44.561707,-23.061174]],[[-44.42207,-23.061762],[-44.417374,-23.057068],[-44.414734,-23.059122],[-44.415028,-23.061174],[-44.42207,-23.061762]],[[-44.558479,-23.05971],[-44.55965,-23.057362],[-44.557598,-23.057068],[-44.558479,-23.05971]],[[-44.505383,-23.057655],[-44.502449,-23.04944],[-44.483673,-23.0424],[-44.494526,-23.055016],[-44.505383,-23.057655]],[[-44.397427,-23.039467],[-44.394199,-23.040346],[-44.395081,-23.043867],[-44.397427,-23.039467]],[[-44.380119,-23.032133],[-44.369267,-23.041227],[-44.353424,-23.038],[-44.34697,-23.069977],[-44.353424,-23.066162],[-44.364277,-23.07379],[-44.366329,-23.069096],[-44.356945,-23.06411],[-44.362812,-23.050028],[-44.393318,-23.047974],[-44.380119,-23.032133]],[[-44.400948,-23.038879],[-44.404469,-23.036827],[-44.403294,-23.03536],[-44.400948,-23.038879]],[[-44.416786,-23.037121],[-44.417961,-23.035948],[-44.414146,-23.033012],[-44.416786,-23.037121]],[[-44.480446,-23.032427],[-44.478394,-23.032133],[-44.4781,-23.034187],[-44.480446,-23.032427]],[[-44.449059,-23.029493],[-44.447002,-23.030081],[-44.449936,-23.03624],[-44.449059,-23.029493]],[[-44.405052,-23.027145],[-44.401241,-23.027439],[-44.404175,-23.034479],[-44.405052,-23.027145]],[[-44.285366,-23.034187],[-44.285366,-23.036827],[-44.287125,-23.036827],[-44.285366,-23.034187]],[[-44.283604,-23.035948],[-44.282433,-23.034773],[-44.281551,-23.038],[-44.283604,-23.035948]],[[-44.342861,-23.038294],[-44.342861,-23.040934],[-44.346382,-23.040934],[-44.342861,-23.038294]],[[-44.317635,-23.057068],[-44.321449,-23.055016],[-44.320862,-23.053843],[-44.317635,-23.057068]],[[-44.330837,-23.057068],[-44.33289,-23.057655],[-44.331715,-23.055307],[-44.330837,-23.057068]],[[-44.336704,-23.056189],[-44.337875,-23.055016],[-44.334942,-23.053843],[-44.336704,-23.056189]],[[-44.312649,-23.058828],[-44.310303,-23.060883],[-44.321743,-23.063816],[-44.312649,-23.058828]],[[-44.253391,-23.070562],[-44.253098,-23.072617],[-44.256619,-23.07379],[-44.253391,-23.070562]],[[-44.395962,-23.07379],[-44.399479,-23.071735],[-44.399185,-23.069683],[-44.395962,-23.07379]],[[-44.631229,-23.073202],[-44.634163,-23.074671],[-44.63475,-23.069977],[-44.631229,-23.073202]],[[-44.412388,-23.065577],[-44.414734,-23.06411],[-44.413269,-23.062937],[-44.412388,-23.065577]],[[-44.403587,-23.059122],[-44.406815,-23.060589],[-44.407108,-23.056774],[-44.403587,-23.059122]],[[-44.230801,-23.084644],[-44.230507,-23.085817],[-44.232563,-23.086111],[-44.230801,-23.084644]],[[-44.244884,-23.08699],[-44.246349,-23.085817],[-44.241657,-23.085524],[-44.244884,-23.08699]],[[-44.315872,-23.087872],[-44.317047,-23.086697],[-44.313232,-23.085524],[-44.315872,-23.087872]],[[-44.241657,-23.088751],[-44.241364,-23.089045],[-44.243416,-23.08963],[-44.241657,-23.088751]],[[-44.139275,-23.046213],[-44.142208,-23.045921],[-44.139275,-23.041227],[-44.139275,-23.046213]],[[-44.164211,-23.043867],[-44.163918,-23.040054],[-44.160397,-23.039173],[-44.164211,-23.043867]],[[-44.132526,-23.038],[-44.124607,-23.041815],[-44.127541,-23.044455],[-44.132526,-23.038]],[[-43.956223,-23.027439],[-43.955929,-23.023626],[-43.954166,-23.023626],[-43.956223,-23.027439]],[[-43.948887,-23.022453],[-43.94537,-23.022453],[-43.948299,-23.028027],[-43.948887,-23.022453]],[[-43.605957,-23.027145],[-43.60537,-23.027439],[-43.609184,-23.029493],[-43.605957,-23.027145]],[[-43.605076,-23.028906],[-43.584541,-23.04504],[-43.592464,-23.040346],[-43.605076,-23.039761],[-43.605076,-23.028906]],[[-43.589237,-23.046213],[-43.59129,-23.04504],[-43.589237,-23.044455],[-43.589237,-23.046213]],[[-43.595688,-23.043867],[-43.598915,-23.0424],[-43.595104,-23.042107],[-43.595688,-23.043867]],[[-43.610943,-23.033012],[-43.616222,-23.030081],[-43.61153,-23.029493],[-43.610943,-23.033012]],[[-43.570755,-23.052961],[-43.570755,-23.054722],[-43.574276,-23.052961],[-43.570755,-23.052961]],[[-43.567822,-23.048267],[-43.563713,-23.051788],[-43.566647,-23.057068],[-43.567822,-23.056774],[-43.567822,-23.048267]],[[-43.568993,-23.058828],[-43.569874,-23.058828],[-43.570461,-23.057362],[-43.568993,-23.058828]],[[-43.580143,-23.07291],[-43.578674,-23.073202],[-43.580143,-23.074671],[-43.580143,-23.07291]],[[-43.935982,-23.018639],[-43.941261,-22.999865],[-43.920139,-22.987837],[-43.918674,-22.994291],[-43.935982,-23.018639]],[[-44.049213,-23.014532],[-44.054203,-23.002798],[-44.02956,-22.999865],[-44.032494,-23.011305],[-44.049213,-23.014532]],[[-43.95681,-23.003092],[-43.95446,-23.003386],[-43.955048,-23.004559],[-43.95681,-23.003092]],[[-43.95681,-23.007198],[-43.951237,-23.009253],[-43.954166,-23.012772],[-43.95681,-23.007198]],[[-44.045109,-22.991943],[-44.047161,-22.988424],[-44.042469,-22.986958],[-44.045109,-22.991943]],[[-43.9263,-22.985783],[-43.920433,-22.984903],[-43.920727,-22.986958],[-43.9263,-22.985783]],[[-43.70834,-22.98373],[-43.704525,-22.984318],[-43.706577,-22.98637],[-43.70834,-22.98373]],[[-43.916618,-22.98461],[-43.918087,-22.979916],[-43.911633,-22.978743],[-43.916618,-22.98461]],[[-43.914272,-22.991358],[-43.90958,-22.989889],[-43.910751,-22.995464],[-43.914272,-22.991358]],[[-43.950062,-22.962902],[-43.954754,-22.961727],[-43.954166,-22.959675],[-43.950062,-22.962902]],[[-43.896671,-22.958796],[-43.912807,-22.957621],[-43.908699,-22.948235],[-43.916325,-22.935913],[-43.870857,-22.924473],[-43.879658,-22.94002],[-43.873791,-22.947647],[-43.896671,-22.958796]],[[-43.924541,-22.943247],[-43.916618,-22.938847],[-43.917206,-22.943247],[-43.924541,-22.943247]],[[-43.857948,-22.951754],[-43.866749,-22.957035],[-43.867043,-22.948235],[-43.857948,-22.951754]],[[-43.789597,-22.930925],[-43.788422,-22.926231],[-43.785488,-22.927406],[-43.789597,-22.930925]],[[-43.816292,-22.9233],[-43.812477,-22.922125],[-43.812477,-22.923885],[-43.816292,-22.9233]],[[-44.334942,-23.029493],[-44.336117,-23.027439],[-44.332596,-23.027145],[-44.334942,-23.029493]],[[-44.31118,-23.027439],[-44.312649,-23.028612],[-44.31382,-23.027439],[-44.31118,-23.027439]],[[-44.2883,-23.026266],[-44.288006,-23.02832],[-44.290058,-23.028612],[-44.2883,-23.026266]],[[-44.281551,-23.026266],[-44.279499,-23.02656],[-44.282433,-23.029493],[-44.281551,-23.026266]],[[-44.273926,-23.01512],[-44.270699,-23.013653],[-44.269524,-23.015705],[-44.273926,-23.01512]],[[-44.321449,-23.020987],[-44.32262,-23.02216],[-44.323795,-23.020105],[-44.321449,-23.020987]],[[-44.311768,-23.011305],[-44.312943,-23.010132],[-44.310005,-23.009544],[-44.311768,-23.011305]],[[-44.407402,-22.99781],[-44.410919,-22.996344],[-44.410042,-22.993704],[-44.407402,-22.99781]],[[-44.412388,-22.994583],[-44.418842,-22.988424],[-44.417667,-22.985491],[-44.409748,-22.989889],[-44.412388,-22.994583]],[[-44.364571,-22.985783],[-44.36076,-22.98373],[-44.360462,-22.986664],[-44.364571,-22.985783]],[[-44.405052,-22.976397],[-44.397133,-22.979036],[-44.400066,-22.985491],[-44.405052,-22.976397]],[[-44.349609,-22.976688],[-44.346676,-22.974636],[-44.346382,-22.97757],[-44.349609,-22.976688]],[[-44.427055,-22.970821],[-44.415909,-22.967009],[-44.41444,-22.970821],[-44.427055,-22.970821]],[[-44.39156,-22.971115],[-44.389507,-22.971703],[-44.390095,-22.975515],[-44.39156,-22.971115]],[[-44.342571,-22.975515],[-44.340515,-22.975809],[-44.34169,-22.979624],[-44.342571,-22.975515]],[[-44.353424,-22.980503],[-44.350491,-22.981676],[-44.356651,-22.987837],[-44.353424,-22.980503]],[[-44.398895,-22.989889],[-44.399185,-22.992825],[-44.403881,-22.99077],[-44.398895,-22.989889]],[[-44.370731,-22.971409],[-44.374546,-22.971703],[-44.370144,-22.966421],[-44.370731,-22.971409]],[[-44.352543,-22.966421],[-44.353718,-22.964369],[-44.347557,-22.959675],[-44.352543,-22.966421]],[[-44.344624,-22.960848],[-44.341984,-22.959969],[-44.341984,-22.962608],[-44.344624,-22.960848]],[[-44.339638,-22.954102],[-44.335823,-22.947941],[-44.335529,-22.954102],[-44.339638,-22.954102]],[[-44.336117,-22.938259],[-44.342571,-22.944714],[-44.346382,-22.94178],[-44.34169,-22.934446],[-44.336117,-22.938259]],[[-44.332008,-22.930925],[-44.326729,-22.928873],[-44.324677,-22.930925],[-44.332008,-22.930925]],[[-44.415909,-22.954687],[-44.417084,-22.952635],[-44.413269,-22.94882],[-44.415909,-22.954687]],[[-44.695766,-23.21636],[-44.692249,-23.216654],[-44.69342,-23.219587],[-44.695766,-23.21636]],[[-44.633286,-23.273857],[-44.631229,-23.27503],[-44.631817,-23.277084],[-44.633286,-23.273857]],[[-44.571678,-23.26623],[-44.568745,-23.266523],[-44.572559,-23.269751],[-44.571678,-23.26623]],[[-44.572853,-23.350128],[-44.568455,-23.348663],[-44.567867,-23.351597],[-44.572853,-23.350128]],[[-44.720116,-23.361277],[-44.722172,-23.360985],[-44.720997,-23.358637],[-44.720116,-23.361277]],[[-44.672886,-23.358343],[-44.675526,-23.358343],[-44.675526,-23.356583],[-44.672886,-23.358343]],[[-44.951572,-23.390612],[-44.949226,-23.384745],[-44.941307,-23.385038],[-44.945122,-23.389439],[-44.951572,-23.390612]],[[-44.889969,-23.383865],[-44.888798,-23.38592],[-44.892609,-23.387972],[-44.889969,-23.383865]],[[-44.938374,-23.389439],[-44.941307,-23.389147],[-44.940132,-23.387093],[-44.938374,-23.389439]],[[-44.898769,-23.376532],[-44.906689,-23.382105],[-44.909622,-23.381811],[-44.905811,-23.376238],[-44.898769,-23.376532]],[[-44.90493,-23.35541],[-44.907864,-23.355116],[-44.906689,-23.352182],[-44.90493,-23.35541]],[[-44.856819,-23.397066],[-44.849487,-23.395893],[-44.854179,-23.405279],[-44.856819,-23.397066]],[[-44.855061,-23.409679],[-44.857407,-23.428747],[-44.864742,-23.426695],[-44.86034,-23.421707],[-44.855061,-23.409679]],[[-44.905811,-23.428747],[-44.911385,-23.428455],[-44.906689,-23.423761],[-44.905811,-23.428747]],[[-44.865032,-23.422001],[-44.863274,-23.422001],[-44.865032,-23.425522],[-44.865032,-23.422001]],[[-45.045738,-23.516169],[-45.042809,-23.517635],[-45.044273,-23.519688],[-45.045738,-23.516169]],[[-45.084755,-23.527609],[-45.075954,-23.537876],[-45.068329,-23.537876],[-45.062462,-23.526142],[-45.04134,-23.534063],[-45.082409,-23.561344],[-45.084755,-23.527609]],[[-45.032539,-23.544622],[-45.027847,-23.545797],[-45.034298,-23.550491],[-45.032539,-23.544622]],[[-45.148415,-23.572199],[-45.167191,-23.570145],[-45.161613,-23.559586],[-45.148415,-23.572199]],[[-45.081821,-23.562225],[-45.078888,-23.563398],[-45.080944,-23.565453],[-45.081821,-23.562225]],[[-45.219994,-23.551371],[-45.222046,-23.550783],[-45.220875,-23.548731],[-45.219994,-23.551371]],[[-45.215008,-23.534649],[-45.217937,-23.531715],[-45.215885,-23.53113],[-45.215008,-23.534649]],[[-45.283066,-23.59244],[-45.285995,-23.602121],[-45.299786,-23.602413],[-45.294212,-23.593027],[-45.283066,-23.59244]],[[-45.321789,-23.5854],[-45.32296,-23.582466],[-45.320026,-23.581293],[-45.321789,-23.5854]],[[-45.335869,-23.721224],[-45.277489,-23.733837],[-45.256371,-23.74909],[-45.257542,-23.760532],[-45.230553,-23.7752],[-45.242874,-23.80835],[-45.238766,-23.818323],[-45.248741,-23.825069],[-45.239647,-23.830057],[-45.243462,-23.836218],[-45.227913,-23.836512],[-45.238476,-23.842964],[-45.270744,-23.837097],[-45.288933,-23.853231],[-45.290398,-23.864965],[-45.288345,-23.872007],[-45.271332,-23.873474],[-45.278076,-23.881687],[-45.273384,-23.889608],[-45.249329,-23.899582],[-45.244343,-23.889608],[-45.225567,-23.900757],[-45.239647,-23.908382],[-45.237007,-23.938305],[-45.229671,-23.941826],[-45.249035,-23.963827],[-45.275436,-23.957666],[-45.288933,-23.940065],[-45.283066,-23.926571],[-45.293331,-23.908676],[-45.301544,-23.915422],[-45.305065,-23.907797],[-45.326775,-23.911316],[-45.339973,-23.923931],[-45.34848,-23.916304],[-45.363441,-23.928919],[-45.428272,-23.940359],[-45.444115,-23.933611],[-45.461422,-23.912491],[-45.462891,-23.886675],[-45.368725,-23.814217],[-45.350536,-23.739998],[-45.335869,-23.721224]],[[-45.024326,-23.736183],[-45.022858,-23.737652],[-45.0299,-23.74205],[-45.024326,-23.736183]],[[-45.027554,-23.74205],[-45.011417,-23.749971],[-45.014938,-23.762878],[-45.022858,-23.760826],[-45.027554,-23.74205]],[[-45.0387,-23.740877],[-45.033714,-23.738237],[-45.033714,-23.739998],[-45.0387,-23.740877]],[[-45.16367,-23.804241],[-45.139908,-23.789574],[-45.140785,-23.797789],[-45.116146,-23.806002],[-45.121719,-23.816271],[-45.134918,-23.811283],[-45.149879,-23.818911],[-45.16367,-23.804241]],[[-45.232021,-23.813335],[-45.229965,-23.810404],[-45.227032,-23.812456],[-45.232021,-23.813335]],[[-45.154575,-23.825951],[-45.155746,-23.829763],[-45.159561,-23.828297],[-45.154575,-23.825951]],[[-45.277489,-23.848831],[-45.277199,-23.850004],[-45.280128,-23.851179],[-45.277489,-23.848831]],[[-45.260769,-23.885502],[-45.259598,-23.886675],[-45.26165,-23.887848],[-45.260769,-23.885502]],[[-45.266636,-23.888727],[-45.267811,-23.885796],[-45.264877,-23.885502],[-45.266636,-23.888727]],[[-45.790565,-23.869074],[-45.790565,-23.85998],[-45.778248,-23.857046],[-45.778831,-23.866728],[-45.790565,-23.869074]],[[-45.523029,-23.846779],[-45.524494,-23.854113],[-45.528309,-23.856167],[-45.530361,-23.849125],[-45.523029,-23.846779]],[[-46.038746,-23.830936],[-46.03669,-23.829763],[-46.0364,-23.830936],[-46.038746,-23.830936]],[[-45.671757,-23.808056],[-45.675571,-23.806589],[-45.670879,-23.803068],[-45.671757,-23.808056]],[[-45.71928,-23.807177],[-45.729549,-23.801601],[-45.720161,-23.797789],[-45.71928,-23.807177]],[[-45.720455,-23.791628],[-45.713413,-23.787228],[-45.711948,-23.790161],[-45.720455,-23.791628]],[[-45.708427,-23.786346],[-45.706375,-23.787521],[-45.707546,-23.790455],[-45.708427,-23.786346]],[[-45.804939,-23.774612],[-45.805527,-23.77256],[-45.803474,-23.771973],[-45.804939,-23.774612]],[[-45.753311,-23.770506],[-45.752136,-23.771681],[-45.754192,-23.773733],[-45.753311,-23.770506]],[[-45.899109,-23.761999],[-45.899696,-23.761705],[-45.899696,-23.760826],[-45.899109,-23.761999]],[[-46.186302,-23.971746],[-46.182487,-23.971161],[-46.183369,-23.976149],[-46.186302,-23.971746]],[[-46.21505,-24.006363],[-46.213879,-24.006657],[-46.21505,-24.010469],[-46.21505,-24.006363]],[[-46.257,-24.045086],[-46.258469,-24.053886],[-46.264629,-24.050953],[-46.257,-24.045086]],[[-46.30159,-23.992868],[-46.340019,-23.971161],[-46.368477,-23.973801],[-46.369942,-23.982895],[-46.378448,-23.971161],[-46.412479,-23.976149],[-46.428024,-23.940065],[-46.384315,-23.937132],[-46.380795,-23.932144],[-46.403679,-23.922464],[-46.39341,-23.91865],[-46.361729,-23.923931],[-46.345886,-23.922171],[-46.317432,-23.933025],[-46.309509,-23.958254],[-46.293671,-23.978201],[-46.30159,-23.992868]],[[-46.411598,-23.980549],[-46.414532,-23.977615],[-46.413357,-23.977028],[-46.411598,-23.980549]],[[-46.417171,-23.980841],[-46.419224,-23.976149],[-46.415413,-23.978495],[-46.417171,-23.980841]],[[-46.41864,-23.979961],[-46.420105,-23.982016],[-46.420986,-23.977907],[-46.41864,-23.979961]],[[-46.413357,-23.980549],[-46.410423,-23.983189],[-46.412479,-23.983774],[-46.413357,-23.980549]],[[-46.405437,-23.984068],[-46.405731,-23.986122],[-46.408371,-23.986416],[-46.405437,-23.984068]],[[-46.431839,-23.978788],[-46.433014,-23.977615],[-46.43008,-23.975561],[-46.431839,-23.978788]],[[-46.410717,-23.935371],[-46.408665,-23.935665],[-46.41013,-23.938011],[-46.410717,-23.935371]],[[-46.385784,-23.916304],[-46.381969,-23.917477],[-46.384315,-23.919531],[-46.385784,-23.916304]],[[-46.361141,-23.91601],[-46.355862,-23.911316],[-46.342953,-23.910143],[-46.349995,-23.918943],[-46.361141,-23.91601]],[[-45.656796,-24.073835],[-45.654449,-24.074127],[-45.655918,-24.076181],[-45.656796,-24.073835]],[[-45.695812,-24.087915],[-45.689945,-24.09701],[-45.67968,-24.094076],[-45.704323,-24.111383],[-45.70784,-24.106689],[-45.695812,-24.087915]],[[-45.709602,-24.113438],[-45.707546,-24.111971],[-45.706375,-24.113438],[-45.709602,-24.113438]],[[-46.694099,-24.23694],[-46.689697,-24.239286],[-46.690872,-24.241341],[-46.694099,-24.23694]],[[-46.180141,-24.317905],[-46.171341,-24.316732],[-46.175156,-24.322014],[-46.180141,-24.317905]],[[-46.155499,-24.333452],[-46.158432,-24.334627],[-46.158726,-24.332573],[-46.155499,-24.333452]],[[-46.803226,-24.372175],[-46.801174,-24.372471],[-46.803226,-24.376284],[-46.803226,-24.372175]],[[-46.808506,-24.379511],[-46.812908,-24.379217],[-46.810856,-24.374523],[-46.808506,-24.379511]],[[-46.988335,-24.38039],[-46.986279,-24.382444],[-46.989212,-24.384497],[-46.988335,-24.38039]],[[-47.074577,-24.434954],[-47.081619,-24.438768],[-47.086311,-24.432608],[-47.081619,-24.431141],[-47.074577,-24.434954]],[[-46.680309,-24.495092],[-46.68119,-24.483356],[-46.67767,-24.482183],[-46.673859,-24.491571],[-46.680309,-24.495092]],[[-47.436283,-24.676678],[-47.434525,-24.689293],[-47.443325,-24.69956],[-47.497597,-24.719507],[-47.579147,-24.766151],[-47.727585,-24.87616],[-47.854607,-24.986753],[-47.882183,-25.02841],[-47.888344,-25.055399],[-47.915333,-25.053345],[-47.919441,-25.017555],[-47.897144,-24.999954],[-47.898907,-24.970913],[-47.862823,-24.961525],[-47.856956,-24.937469],[-47.830261,-24.919283],[-47.84082,-24.904613],[-47.809139,-24.910481],[-47.804737,-24.891706],[-47.780094,-24.879679],[-47.76807,-24.860025],[-47.75164,-24.852983],[-47.736679,-24.835382],[-47.690037,-24.815435],[-47.629898,-24.762924],[-47.560081,-24.726255],[-47.544827,-24.707188],[-47.476768,-24.704548],[-47.436283,-24.676678]],[[-47.965202,-25.068893],[-48.000111,-25.063026],[-48.01302,-25.050999],[-48.013901,-25.034864],[-47.962563,-25.017262],[-47.939682,-24.98822],[-47.938507,-24.977953],[-47.945549,-24.989981],[-47.943787,-24.979126],[-47.90976,-24.956831],[-47.910347,-24.94099],[-47.89333,-24.916349],[-47.873383,-24.917814],[-47.855194,-24.895519],[-47.818233,-24.892],[-47.81266,-24.907255],[-47.817646,-24.902855],[-47.828205,-24.900507],[-47.841702,-24.901386],[-47.844635,-24.918402],[-47.865463,-24.930723],[-47.865757,-24.94803],[-47.90448,-24.965046],[-47.90448,-24.986753],[-47.911224,-24.984993],[-47.90448,-24.993502],[-47.911812,-24.994675],[-47.925308,-25.013449],[-47.922081,-25.034277],[-47.945843,-25.045424],[-47.965202,-25.068893]],[[-47.909172,-25.063906],[-47.895386,-25.090895],[-47.894505,-25.109081],[-47.907997,-25.119938],[-47.919441,-25.149273],[-47.912987,-25.160126],[-47.954937,-25.183594],[-48.098385,-25.311205],[-48.097797,-25.304163],[-48.082253,-25.29155],[-48.078438,-25.279522],[-48.059956,-25.269547],[-48.053795,-25.259867],[-48.000111,-25.214689],[-47.992191,-25.203543],[-47.99131,-25.194155],[-47.99894,-25.190048],[-47.990139,-25.175381],[-48.0051,-25.171274],[-48.0271,-25.179194],[-48.020355,-25.171568],[-48.019474,-25.161592],[-48.032089,-25.157486],[-48.024754,-25.148392],[-48.030327,-25.149273],[-48.028862,-25.136658],[-48.01038,-25.128445],[-48.020355,-25.120817],[-48.022114,-25.098228],[-47.995125,-25.101456],[-47.989552,-25.093534],[-47.996883,-25.090601],[-48.0051,-25.094707],[-48.00246,-25.082094],[-47.954937,-25.084734],[-47.909172,-25.063906]],[[-47.865463,-25.130791],[-47.864288,-25.122284],[-47.84874,-25.119057],[-47.854023,-25.12639],[-47.865463,-25.130791]],[[-47.861649,-25.132257],[-47.858715,-25.13343],[-47.85989,-25.136364],[-47.861649,-25.132257]],[[-47.909172,-25.159538],[-47.906239,-25.160126],[-47.907413,-25.163059],[-47.909172,-25.159538]],[[-47.909466,-25.165113],[-47.909172,-25.169807],[-47.916214,-25.168341],[-47.909466,-25.165113]],[[-47.952003,-25.267494],[-47.94907,-25.26544],[-47.949654,-25.270134],[-47.952003,-25.267494]],[[-48.099266,-25.314724],[-48.101318,-25.310909],[-48.100735,-25.310324],[-48.099266,-25.314724]],[[-48.09457,-25.298296],[-48.09956,-25.306803],[-48.101318,-25.306803],[-48.09956,-25.300936],[-48.09457,-25.298296]],[[-48.081959,-25.288322],[-48.088413,-25.293016],[-48.084305,-25.286268],[-48.081959,-25.288322]],[[-48.003632,-25.214104],[-48.005978,-25.21645],[-48.006271,-25.211756],[-48.003632,-25.214104]],[[-47.992779,-25.200903],[-47.993366,-25.202076],[-47.9963,-25.200022],[-47.992779,-25.200903]],[[-48.021233,-25.17098],[-48.022408,-25.172153],[-48.022995,-25.16922],[-48.021233,-25.17098]],[[-48.031208,-25.160126],[-48.030914,-25.158659],[-48.030033,-25.158659],[-48.031208,-25.160126]],[[-48.01918,-25.130497],[-48.018887,-25.130791],[-48.021526,-25.132257],[-48.01918,-25.130497]],[[-48.026222,-25.115829],[-48.030033,-25.117002],[-48.031208,-25.111723],[-48.026222,-25.115829]],[[-48.032089,-25.116711],[-48.035023,-25.117002],[-48.034729,-25.11319],[-48.032089,-25.116711]],[[-48.024754,-25.104095],[-48.025929,-25.104683],[-48.0271,-25.100868],[-48.024754,-25.104095]],[[-48.060837,-25.066254],[-48.061424,-25.06596],[-48.059368,-25.064493],[-48.060837,-25.066254]],[[-48.057903,-25.063318],[-48.056728,-25.062145],[-48.055557,-25.065079],[-48.057903,-25.063318]],[[-48.038246,-25.063026],[-48.036194,-25.063318],[-48.036781,-25.065372],[-48.038246,-25.063026]],[[-48.014488,-25.048359],[-48.016541,-25.048651],[-48.017128,-25.041611],[-48.014488,-25.048359]],[[-48.038246,-25.032225],[-48.038834,-25.030758],[-48.036781,-25.030462],[-48.038246,-25.032225]],[[-47.866344,-24.905788],[-47.870155,-24.911947],[-47.873089,-24.910774],[-47.872501,-24.905495],[-47.866344,-24.905788]],[[-47.882183,-24.904907],[-47.860477,-24.897573],[-47.864288,-24.903734],[-47.870743,-24.902855],[-47.882183,-24.904907]],[[-47.828205,-24.892],[-47.828793,-24.890827],[-47.822632,-24.889652],[-47.828205,-24.892]],[[-47.818233,-24.907841],[-47.821167,-24.904322],[-47.818233,-24.903734],[-47.818233,-24.907841]],[[-47.870449,-24.951551],[-47.867516,-24.949497],[-47.866634,-24.953897],[-47.870449,-24.951551]],[[-47.869274,-24.955364],[-47.866344,-24.955952],[-47.868397,-24.960352],[-47.869274,-24.955364]],[[-47.872501,-24.962112],[-47.876316,-24.958298],[-47.873383,-24.958006],[-47.872501,-24.962112]],[[-47.905064,-24.997021],[-47.90448,-24.999075],[-47.910053,-24.99966],[-47.905064,-24.997021]],[[-47.799164,-24.885546],[-47.80386,-24.883493],[-47.800926,-24.877918],[-47.799164,-24.885546]],[[-47.791245,-24.878212],[-47.776577,-24.865305],[-47.778336,-24.874693],[-47.791245,-24.878212]],[[-47.755161,-24.852983],[-47.757214,-24.852398],[-47.752522,-24.848877],[-47.755161,-24.852983]],[[-47.690037,-24.809568],[-47.702946,-24.81426],[-47.699131,-24.809568],[-47.690037,-24.809568]],[[-47.606136,-24.747669],[-47.590591,-24.739162],[-47.591175,-24.741802],[-47.606136,-24.747669]],[[-47.556561,-24.715401],[-47.558907,-24.715107],[-47.555973,-24.712173],[-47.556561,-24.715401]],[[-47.52869,-24.699266],[-47.523411,-24.694572],[-47.517838,-24.696627],[-47.52869,-24.699266]],[[-47.489967,-24.697212],[-47.490555,-24.695745],[-47.471195,-24.694279],[-47.489967,-24.697212]],[[-47.469727,-24.692518],[-47.464153,-24.687824],[-47.457111,-24.687532],[-47.464153,-24.691345],[-47.469727,-24.692518]],[[-47.459167,-24.689587],[-47.458874,-24.689878],[-47.464153,-24.693693],[-47.459167,-24.689587]],[[-47.466793,-24.695454],[-47.470314,-24.69516],[-47.466793,-24.692814],[-47.466793,-24.695454]],[[-48.035023,-25.020489],[-48.035316,-25.019316],[-48.03326,-25.017849],[-48.035023,-25.020489]],[[-47.994537,-25.007582],[-47.995712,-25.014622],[-47.999527,-25.009342],[-47.994537,-25.007582]],[[-48.021526,-25.012861],[-48.024754,-25.012569],[-48.023289,-25.009636],[-48.021526,-25.012861]],[[-48.061718,-25.054518],[-48.062889,-25.050999],[-48.060837,-25.049532],[-48.061718,-25.054518]],[[-48.003632,-25.207356],[-48.0051,-25.207943],[-48.006271,-25.203249],[-48.003632,-25.207356]],[[-48.004513,-25.200903],[-48.006565,-25.201197],[-48.009499,-25.195036],[-48.004513,-25.200903]],[[-48.034142,-25.359608],[-48.033848,-25.361662],[-48.036781,-25.362247],[-48.034142,-25.359608]],[[-48.253277,-25.470495],[-48.285839,-25.490442],[-48.306667,-25.488684],[-48.338058,-25.458467],[-48.318695,-25.461695],[-48.319283,-25.458761],[-48.328671,-25.456707],[-48.323681,-25.451719],[-48.324268,-25.440573],[-48.311653,-25.453774],[-48.295521,-25.444973],[-48.316643,-25.447906],[-48.317814,-25.440866],[-48.305492,-25.435879],[-48.316643,-25.434706],[-48.326321,-25.440866],[-48.324562,-25.45084],[-48.331604,-25.454655],[-48.34539,-25.417398],[-48.33923,-25.408892],[-48.333363,-25.414759],[-48.334244,-25.405371],[-48.327496,-25.40801],[-48.31987,-25.40361],[-48.310482,-25.408304],[-48.316643,-25.400383],[-48.335121,-25.403023],[-48.336296,-25.395103],[-48.320164,-25.391289],[-48.31488,-25.386303],[-48.312828,-25.394222],[-48.30843,-25.356968],[-48.289948,-25.346992],[-48.292881,-25.354326],[-48.292587,-25.360487],[-48.282612,-25.359608],[-48.274693,-25.354914],[-48.280853,-25.351393],[-48.284081,-25.35638],[-48.283787,-25.349926],[-48.291706,-25.342886],[-48.275864,-25.345526],[-48.260025,-25.337019],[-48.249168,-25.338779],[-48.243011,-25.349926],[-48.247116,-25.40097],[-48.258263,-25.415344],[-48.267944,-25.411823],[-48.260319,-25.416811],[-48.265305,-25.433239],[-48.27293,-25.434118],[-48.261196,-25.449961],[-48.267063,-25.461695],[-48.264717,-25.461695],[-48.260902,-25.455534],[-48.253277,-25.470495]],[[-48.43457,-25.48839],[-48.433395,-25.482229],[-48.428703,-25.483402],[-48.43457,-25.48839]],[[-48.639919,-25.504524],[-48.652241,-25.499245],[-48.64872,-25.485748],[-48.639919,-25.504524]],[[-48.3759,-25.49719],[-48.319283,-25.499537],[-48.307255,-25.53738],[-48.288773,-25.54002],[-48.299625,-25.569355],[-48.320747,-25.576397],[-48.307255,-25.54266],[-48.372673,-25.521244],[-48.384701,-25.507458],[-48.3759,-25.49719]],[[-48.279678,-25.516552],[-48.279972,-25.518898],[-48.282906,-25.516846],[-48.279678,-25.516552]],[[-48.283199,-25.522125],[-48.288773,-25.516552],[-48.285839,-25.516258],[-48.283199,-25.522125]],[[-48.416676,-25.547062],[-48.422543,-25.550581],[-48.470947,-25.529459],[-48.490601,-25.501591],[-48.472412,-25.504524],[-48.46244,-25.520365],[-48.416676,-25.547062]],[[-48.452465,-25.549702],[-48.46244,-25.549702],[-48.46537,-25.551754],[-48.463318,-25.547062],[-48.452465,-25.549702]],[[-48.47036,-25.552633],[-48.473,-25.552633],[-48.473,-25.549994],[-48.47036,-25.552633]],[[-48.440731,-25.544714],[-48.435452,-25.548235],[-48.439262,-25.549702],[-48.440731,-25.544714]],[[-48.467133,-25.545887],[-48.466839,-25.542072],[-48.464493,-25.542368],[-48.467133,-25.545887]],[[-48.485909,-25.530338],[-48.48708,-25.528286],[-48.484146,-25.527992],[-48.485909,-25.530338]],[[-48.50703,-25.536793],[-48.506737,-25.551167],[-48.524632,-25.546766],[-48.496761,-25.520365],[-48.488842,-25.523298],[-48.50703,-25.536793]],[[-48.520817,-25.540607],[-48.522869,-25.54002],[-48.520817,-25.537968],[-48.520817,-25.540607]],[[-48.505562,-25.523298],[-48.499107,-25.518019],[-48.498814,-25.520073],[-48.505562,-25.523298]],[[-48.497055,-25.516552],[-48.49588,-25.516258],[-48.495293,-25.518312],[-48.497055,-25.516552]],[[-48.486786,-25.516258],[-48.485321,-25.519192],[-48.491776,-25.518019],[-48.486786,-25.516258]],[[-48.496174,-25.514206],[-48.49588,-25.511271],[-48.493828,-25.511564],[-48.496174,-25.514206]],[[-48.484734,-25.524179],[-48.48444,-25.52594],[-48.487961,-25.52594],[-48.484734,-25.524179]],[[-48.489136,-25.526232],[-48.487961,-25.527407],[-48.489136,-25.528873],[-48.489136,-25.526232]],[[-48.463612,-25.516552],[-48.460972,-25.510391],[-48.426651,-25.514498],[-48.404648,-25.53738],[-48.412567,-25.543835],[-48.41169,-25.533859],[-48.418434,-25.539726],[-48.443371,-25.520365],[-48.439556,-25.526819],[-48.463612,-25.516552]],[[-48.401127,-25.54178],[-48.402596,-25.544714],[-48.404354,-25.544714],[-48.401127,-25.54178]],[[-48.67923,-25.490442],[-48.681282,-25.49015],[-48.680107,-25.487803],[-48.67923,-25.490442]],[[-48.585354,-25.483402],[-48.583302,-25.482817],[-48.583008,-25.485748],[-48.585354,-25.483402]],[[-48.316643,-25.437054],[-48.317226,-25.43676],[-48.31488,-25.435291],[-48.316643,-25.437054]],[[-48.329254,-25.40449],[-48.327496,-25.40449],[-48.328377,-25.40625],[-48.329254,-25.40449]],[[-48.31752,-25.403023],[-48.319283,-25.403023],[-48.319283,-25.401262],[-48.31752,-25.403023]],[[-48.334538,-25.390997],[-48.329254,-25.384542],[-48.327202,-25.387476],[-48.334538,-25.390997]],[[-48.415501,-25.386597],[-48.427235,-25.360193],[-48.426357,-25.339952],[-48.409344,-25.327045],[-48.397022,-25.338486],[-48.405529,-25.353447],[-48.402889,-25.365767],[-48.411983,-25.368408],[-48.415501,-25.386597]],[[-48.395554,-25.325871],[-48.394089,-25.321178],[-48.386166,-25.328218],[-48.395554,-25.325871]],[[-48.36211,-25.320004],[-48.351257,-25.304163],[-48.351257,-25.297417],[-48.353897,-25.295069],[-48.344215,-25.298002],[-48.347149,-25.320885],[-48.36211,-25.320004]],[[-48.363285,-25.317072],[-48.38998,-25.314724],[-48.402008,-25.29595],[-48.395554,-25.29595],[-48.394966,-25.287149],[-48.391739,-25.294481],[-48.374138,-25.290375],[-48.371792,-25.283043],[-48.355366,-25.295069],[-48.365925,-25.295362],[-48.375607,-25.306803],[-48.368271,-25.306217],[-48.364166,-25.299763],[-48.363285,-25.317072]],[[-48.431637,-25.299469],[-48.433102,-25.296535],[-48.431637,-25.296242],[-48.431637,-25.299469]],[[-48.400833,-25.292135],[-48.403767,-25.288322],[-48.396729,-25.286268],[-48.400833,-25.292135]],[[-48.424301,-25.287149],[-48.427822,-25.285095],[-48.424301,-25.282162],[-48.424301,-25.287149]],[[-48.398487,-25.281281],[-48.397022,-25.282455],[-48.399956,-25.285389],[-48.398487,-25.281281]],[[-48.352139,-25.300056],[-48.358299,-25.310324],[-48.35947,-25.299175],[-48.352139,-25.300056]],[[-48.360939,-25.300348],[-48.362991,-25.300056],[-48.361816,-25.298883],[-48.360939,-25.300348]],[[-48.365925,-25.298002],[-48.366219,-25.297417],[-48.362404,-25.296242],[-48.365925,-25.298002]],[[-48.402008,-25.351686],[-48.396141,-25.339071],[-48.387634,-25.33614],[-48.385288,-25.34758],[-48.402008,-25.351686]],[[-48.318401,-25.368702],[-48.317814,-25.371635],[-48.319283,-25.372221],[-48.318401,-25.368702]],[[-48.326321,-25.384249],[-48.321335,-25.377502],[-48.314587,-25.374861],[-48.31987,-25.389528],[-48.326321,-25.384249]],[[-48.297867,-25.34934],[-48.301682,-25.350513],[-48.301682,-25.348753],[-48.297867,-25.34934]],[[-48.287014,-25.34758],[-48.288479,-25.352274],[-48.288773,-25.351686],[-48.287014,-25.34758]],[[-48.289654,-25.355793],[-48.290825,-25.35638],[-48.292,-25.354914],[-48.289654,-25.355793]],[[-48.267063,-25.338192],[-48.282024,-25.335846],[-48.26413,-25.327925],[-48.267063,-25.332619],[-48.267063,-25.338192]],[[-48.256798,-25.327925],[-48.254158,-25.327925],[-48.258263,-25.332912],[-48.256798,-25.327925]],[[-48.216312,-25.325871],[-48.21162,-25.322939],[-48.212208,-25.329979],[-48.216312,-25.325871]],[[-48.252106,-25.334085],[-48.252396,-25.33614],[-48.255329,-25.334965],[-48.252106,-25.334085]],[[-48.263252,-25.336432],[-48.266186,-25.336725],[-48.265011,-25.333792],[-48.263252,-25.336432]],[[-48.237144,-25.355793],[-48.23597,-25.353741],[-48.231277,-25.354914],[-48.237144,-25.355793]],[[-48.229221,-25.360487],[-48.226288,-25.365767],[-48.22834,-25.379555],[-48.231277,-25.377502],[-48.229221,-25.360487]],[[-48.231277,-25.370169],[-48.23333,-25.371342],[-48.233917,-25.366648],[-48.231277,-25.370169]],[[-48.25621,-25.416811],[-48.258263,-25.417986],[-48.25885,-25.417398],[-48.25621,-25.416811]],[[-48.197247,-25.31267],[-48.192554,-25.305336],[-48.19138,-25.31003],[-48.197247,-25.31267]],[[-48.194313,-25.300348],[-48.197247,-25.294189],[-48.187859,-25.294189],[-48.187859,-25.29595],[-48.194313,-25.300348]],[[-48.185806,-25.292135],[-48.182873,-25.292429],[-48.18346,-25.294777],[-48.185806,-25.292135]],[[-48.178177,-25.297123],[-48.185513,-25.299175],[-48.18346,-25.296242],[-48.178177,-25.297123]],[[-48.350082,-25.273067],[-48.345978,-25.261333],[-48.337177,-25.268373],[-48.350082,-25.273067]],[[-48.336296,-25.268373],[-48.335121,-25.26808],[-48.333656,-25.270134],[-48.336296,-25.268373]],[[-48.342457,-25.256346],[-48.343044,-25.255173],[-48.337471,-25.252239],[-48.342457,-25.256346]],[[-48.336002,-25.25136],[-48.33395,-25.251654],[-48.333656,-25.253412],[-48.336002,-25.25136]],[[-48.325443,-25.254881],[-48.326614,-25.256346],[-48.329254,-25.256346],[-48.325443,-25.254881]],[[-48.33131,-25.242559],[-48.333069,-25.247545],[-48.336002,-25.249599],[-48.336296,-25.246666],[-48.33131,-25.242559]],[[-48.427528,-25.279522],[-48.429585,-25.275122],[-48.42841,-25.274534],[-48.427528,-25.279522]],[[-48.429291,-25.273067],[-48.432224,-25.269255],[-48.427528,-25.2672],[-48.429291,-25.273067]],[[-48.435745,-25.270428],[-48.438385,-25.26544],[-48.436623,-25.26544],[-48.435745,-25.270428]],[[-48.432518,-25.2628],[-48.430756,-25.2628],[-48.431637,-25.2672],[-48.432518,-25.2628]],[[-48.449238,-25.264561],[-48.450119,-25.2628],[-48.448357,-25.2628],[-48.449238,-25.264561]],[[-48.443371,-25.2628],[-48.439556,-25.263388],[-48.440144,-25.264561],[-48.443371,-25.2628]],[[-48.42049,-25.264267],[-48.418434,-25.2628],[-48.416382,-25.267494],[-48.42049,-25.264267]],[[-48.415794,-25.26368],[-48.412861,-25.264267],[-48.413448,-25.26544],[-48.415794,-25.26368]],[[-48.41433,-25.266319],[-48.411396,-25.270134],[-48.415794,-25.271307],[-48.41433,-25.266319]],[[-48.424889,-25.252239],[-48.427235,-25.249306],[-48.424889,-25.247839],[-48.424889,-25.252239]],[[-48.495003,-25.344646],[-48.496761,-25.344646],[-48.494122,-25.34054],[-48.495003,-25.344646]],[[-48.494709,-25.338486],[-48.494122,-25.335552],[-48.490307,-25.336725],[-48.494709,-25.338486]],[[-48.490894,-25.333792],[-48.493828,-25.3335],[-48.49324,-25.331152],[-48.490894,-25.333792]],[[-48.465958,-25.405371],[-48.463612,-25.411531],[-48.467426,-25.413877],[-48.465958,-25.405371]],[[-48.58506,-25.48135],[-48.585941,-25.478708],[-48.583008,-25.479881],[-48.58506,-25.48135]],[[-48.529324,-25.475483],[-48.525509,-25.476654],[-48.525803,-25.479589],[-48.529324,-25.475483]],[[-48.572449,-25.473722],[-48.575378,-25.469908],[-48.572449,-25.469616],[-48.572449,-25.473722]],[[-48.654587,-25.447613],[-48.665146,-25.449667],[-48.666321,-25.445852],[-48.660748,-25.442039],[-48.654587,-25.447613]],[[-48.664558,-25.415051],[-48.666615,-25.434706],[-48.683041,-25.429132],[-48.67923,-25.417986],[-48.664558,-25.415051]],[[-48.70211,-25.424145],[-48.702404,-25.426197],[-48.705338,-25.424145],[-48.70211,-25.424145]],[[-48.717365,-25.417105],[-48.722057,-25.416811],[-48.721764,-25.415344],[-48.717365,-25.417105]],[[-48.734673,-25.415051],[-48.732616,-25.405371],[-48.71883,-25.410065],[-48.734673,-25.415051]],[[-48.731152,-25.401558],[-48.729977,-25.399504],[-48.728218,-25.400383],[-48.731152,-25.401558]],[[-48.727631,-25.398035],[-48.732033,-25.395103],[-48.731739,-25.393049],[-48.727631,-25.398035]],[[-48.732033,-25.388355],[-48.721764,-25.371342],[-48.724697,-25.377502],[-48.72382,-25.392464],[-48.732033,-25.388355]],[[-48.72382,-25.378382],[-48.721176,-25.377502],[-48.721176,-25.38073],[-48.72382,-25.378382]],[[-48.71003,-25.49719],[-48.712082,-25.492496],[-48.703281,-25.494551],[-48.71003,-25.49719]],[[-48.697414,-25.494551],[-48.698296,-25.499537],[-48.700348,-25.499245],[-48.697414,-25.494551]],[[-48.731152,-25.485163],[-48.734673,-25.485163],[-48.734085,-25.482817],[-48.731152,-25.485163]],[[-48.610874,-25.510391],[-48.610874,-25.513031],[-48.611755,-25.513031],[-48.610874,-25.510391]],[[-48.616741,-25.523592],[-48.614689,-25.530046],[-48.616741,-25.530338],[-48.616741,-25.523592]],[[-48.522869,-25.552633],[-48.521694,-25.551167],[-48.520523,-25.554981],[-48.522869,-25.552633]],[[-48.495003,-25.540314],[-48.49324,-25.539726],[-48.492947,-25.54266],[-48.495003,-25.540314]],[[-48.50703,-25.559088],[-48.504974,-25.557035],[-48.505562,-25.562609],[-48.50703,-25.559088]],[[-48.421368,-25.559088],[-48.418728,-25.559088],[-48.419609,-25.562609],[-48.421368,-25.559088]],[[-48.441319,-25.567595],[-48.439262,-25.565542],[-48.438679,-25.571701],[-48.441319,-25.567595]],[[-48.320747,-25.58461],[-48.319576,-25.587543],[-48.324268,-25.588717],[-48.320747,-25.58461]],[[-48.374725,-25.736567],[-48.371204,-25.736567],[-48.371204,-25.738329],[-48.374725,-25.736567]],[[-48.365044,-25.738033],[-48.363873,-25.739208],[-48.367393,-25.740381],[-48.365044,-25.738033]],[[-48.4067,-25.841295],[-48.405529,-25.84511],[-48.407581,-25.845402],[-48.4067,-25.841295]],[[-48.579193,-25.860363],[-48.583885,-25.856548],[-48.580956,-25.856256],[-48.579193,-25.860363]],[[-48.582127,-25.860069],[-48.591808,-25.86447],[-48.599728,-25.864178],[-48.588287,-25.858015],[-48.582127,-25.860069]],[[-48.574207,-25.863003],[-48.573032,-25.863297],[-48.574207,-25.865351],[-48.574207,-25.863003]],[[-48.591808,-25.858015],[-48.604717,-25.85743],[-48.603249,-25.829561],[-48.594154,-25.838947],[-48.583885,-25.841587],[-48.591808,-25.858015]],[[-48.602367,-25.822815],[-48.585941,-25.827801],[-48.580368,-25.839241],[-48.590927,-25.838655],[-48.602367,-25.822815]],[[-48.592396,-25.976238],[-48.59034,-25.97653],[-48.591221,-25.979172],[-48.592396,-25.976238]],[[-48.596794,-26.073046],[-48.592979,-26.073338],[-48.5965,-26.077152],[-48.596794,-26.073046]],[[-48.483852,-26.163399],[-48.485027,-26.166332],[-48.48708,-26.165745],[-48.483852,-26.163399]],[[-48.480919,-26.163691],[-48.480042,-26.163691],[-48.480919,-26.167212],[-48.480919,-26.163691]],[[-48.525509,-26.167505],[-48.527859,-26.200947],[-48.520523,-26.222656],[-48.506737,-26.227057],[-48.493828,-26.220015],[-48.593861,-26.410696],[-48.599728,-26.434164],[-48.595329,-26.456753],[-48.60413,-26.457047],[-48.622906,-26.435925],[-48.61557,-26.401602],[-48.630825,-26.371973],[-48.678349,-26.353785],[-48.689201,-26.332077],[-48.713844,-26.325916],[-48.714725,-26.306555],[-48.683334,-26.291302],[-48.649891,-26.262844],[-48.635811,-26.231163],[-48.614101,-26.227936],[-48.596794,-26.215322],[-48.586823,-26.222948],[-48.583885,-26.219135],[-48.590927,-26.212975],[-48.564526,-26.212683],[-48.55455,-26.198307],[-48.580956,-26.18804],[-48.551033,-26.168678],[-48.534309,-26.162811],[-48.525509,-26.167505]],[[-48.48708,-26.175718],[-48.482388,-26.173664],[-48.483269,-26.183052],[-48.48708,-26.175718]],[[-48.492359,-26.202122],[-48.489719,-26.202414],[-48.491776,-26.205347],[-48.492359,-26.202122]],[[-48.523457,-26.367867],[-48.521992,-26.369333],[-48.523457,-26.371386],[-48.523457,-26.367867]],[[-48.519642,-26.372561],[-48.523457,-26.375492],[-48.52375,-26.374319],[-48.519642,-26.372561]],[[-48.525509,-26.381655],[-48.522869,-26.381655],[-48.522869,-26.384295],[-48.525509,-26.381655]],[[-48.526978,-26.387522],[-48.525803,-26.386347],[-48.524632,-26.38928],[-48.526978,-26.387522]],[[-48.57626,-26.460859],[-48.577435,-26.463793],[-48.583885,-26.46262],[-48.57626,-26.460859]],[[-48.56834,-26.460274],[-48.566284,-26.461739],[-48.567459,-26.463793],[-48.56834,-26.460274]],[[-48.621437,-26.446777],[-48.622608,-26.447071],[-48.623783,-26.444138],[-48.621437,-26.446777]],[[-48.622025,-26.441792],[-48.623489,-26.442085],[-48.623783,-26.440031],[-48.622025,-26.441792]],[[-48.621143,-26.425949],[-48.623489,-26.426245],[-48.623783,-26.42243],[-48.621143,-26.425949]],[[-48.619679,-26.418324],[-48.62085,-26.418909],[-48.621437,-26.415096],[-48.619679,-26.418324]],[[-48.631119,-26.377546],[-48.631702,-26.38048],[-48.63464,-26.379307],[-48.631119,-26.377546]],[[-48.642559,-26.374613],[-48.652241,-26.3708],[-48.646664,-26.368746],[-48.642559,-26.374613]],[[-48.69595,-26.356133],[-48.697121,-26.353493],[-48.690964,-26.353785],[-48.69595,-26.356133]],[[-48.690083,-26.352024],[-48.693016,-26.351732],[-48.691841,-26.349678],[-48.690083,-26.352024]],[[-48.724697,-26.347626],[-48.724697,-26.346745],[-48.720882,-26.34469],[-48.724697,-26.347626]],[[-48.710911,-26.332956],[-48.717072,-26.330023],[-48.694187,-26.334717],[-48.687149,-26.348211],[-48.710911,-26.332956]],[[-48.710323,-26.33589],[-48.717655,-26.341171],[-48.722939,-26.334129],[-48.715897,-26.332956],[-48.710323,-26.33589]],[[-48.742592,-26.314476],[-48.756672,-26.298634],[-48.740833,-26.29306],[-48.727043,-26.310076],[-48.742592,-26.314476]],[[-48.716778,-26.275459],[-48.717949,-26.273405],[-48.716778,-26.272232],[-48.716778,-26.275459]],[[-48.712082,-26.269886],[-48.708271,-26.263725],[-48.707096,-26.274286],[-48.712082,-26.269886]],[[-48.680107,-26.262844],[-48.67952,-26.264313],[-48.682453,-26.265486],[-48.680107,-26.262844]],[[-48.663387,-26.266365],[-48.662212,-26.266659],[-48.664268,-26.269592],[-48.663387,-26.266365]],[[-48.660454,-26.270765],[-48.662506,-26.272232],[-48.6628,-26.269886],[-48.660454,-26.270765]],[[-48.686855,-26.259619],[-48.693893,-26.258446],[-48.692429,-26.256392],[-48.686855,-26.259619]],[[-48.67923,-26.25551],[-48.685097,-26.256392],[-48.684216,-26.249643],[-48.67923,-26.25551]],[[-48.708271,-26.253752],[-48.710617,-26.250818],[-48.708271,-26.250525],[-48.708271,-26.253752]],[[-48.67424,-26.247004],[-48.671307,-26.247591],[-48.672482,-26.249643],[-48.67424,-26.247004]],[[-48.665733,-26.232042],[-48.668079,-26.23175],[-48.666615,-26.228815],[-48.665733,-26.232042]],[[-48.574207,-26.200361],[-48.575089,-26.194494],[-48.569511,-26.19684],[-48.574207,-26.200361]],[[-48.72382,-26.364052],[-48.721176,-26.364052],[-48.722645,-26.3664],[-48.72382,-26.364052]],[[-48.580074,-26.467899],[-48.578018,-26.469072],[-48.578316,-26.46966],[-48.580074,-26.467899]],[[-48.586823,-26.497234],[-48.584473,-26.499289],[-48.586529,-26.501343],[-48.586823,-26.497234]],[[-48.619091,-26.709623],[-48.617039,-26.710796],[-48.617622,-26.711971],[-48.619091,-26.709623]],[[-48.638451,-26.743067],[-48.636105,-26.74424],[-48.637569,-26.747173],[-48.638451,-26.743067]],[[-48.625835,-26.989485],[-48.625546,-26.990952],[-48.627598,-26.991243],[-48.625835,-26.989485]],[[-48.544285,-27.136162],[-48.541939,-27.136747],[-48.548393,-27.147015],[-48.544285,-27.136162]],[[-48.412861,-27.188377],[-48.412861,-27.18251],[-48.407581,-27.177818],[-48.404648,-27.183392],[-48.412861,-27.188377]],[[-48.467426,-27.204514],[-48.469185,-27.21126],[-48.477985,-27.210087],[-48.475052,-27.204514],[-48.467426,-27.204514]],[[-48.33131,-27.270811],[-48.337471,-27.27873],[-48.338058,-27.277557],[-48.33131,-27.270811]],[[-48.36211,-27.276678],[-48.358299,-27.3022],[-48.380299,-27.283424],[-48.374138,-27.272863],[-48.36211,-27.276678]],[[-48.535778,-27.304546],[-48.529617,-27.306013],[-48.532551,-27.310413],[-48.535778,-27.304546]],[[-48.529324,-27.328896],[-48.52639,-27.329187],[-48.528442,-27.332123],[-48.529324,-27.328896]],[[-48.412861,-27.385805],[-48.414623,-27.405167],[-48.393501,-27.437143],[-48.372379,-27.44389],[-48.366806,-27.434504],[-48.35947,-27.442423],[-48.377953,-27.462666],[-48.377071,-27.480852],[-48.401127,-27.499922],[-48.427235,-27.541576],[-48.428703,-27.572674],[-48.414623,-27.578245],[-48.435452,-27.605822],[-48.432812,-27.617556],[-48.463905,-27.644251],[-48.484734,-27.69412],[-48.505562,-27.71759],[-48.507908,-27.748392],[-48.479748,-27.764233],[-48.490307,-27.777433],[-48.486198,-27.786821],[-48.504093,-27.796209],[-48.512897,-27.792688],[-48.513481,-27.783009],[-48.523457,-27.783888],[-48.537243,-27.797382],[-48.54575,-27.831411],[-48.561592,-27.840506],[-48.572449,-27.837866],[-48.563938,-27.792395],[-48.574501,-27.788288],[-48.577141,-27.76922],[-48.585354,-27.763353],[-48.563644,-27.750738],[-48.569511,-27.71847],[-48.555431,-27.699108],[-48.571274,-27.69412],[-48.575378,-27.674173],[-48.555725,-27.648651],[-48.528442,-27.651293],[-48.526978,-27.643372],[-48.532845,-27.614328],[-48.549271,-27.617849],[-48.552792,-27.601715],[-48.567165,-27.593206],[-48.539883,-27.571205],[-48.519642,-27.572378],[-48.527271,-27.564165],[-48.511135,-27.550083],[-48.534603,-27.53923],[-48.531376,-27.525736],[-48.518765,-27.516642],[-48.526978,-27.496695],[-48.542233,-27.492586],[-48.541351,-27.482613],[-48.528442,-27.467066],[-48.499695,-27.469118],[-48.520817,-27.466185],[-48.528442,-27.452984],[-48.547806,-27.457384],[-48.526978,-27.445063],[-48.520817,-27.431276],[-48.489136,-27.438904],[-48.480042,-27.42717],[-48.438385,-27.421303],[-48.430462,-27.411621],[-48.43721,-27.390793],[-48.412861,-27.385805]],[[-48.357418,-27.485546],[-48.356243,-27.490828],[-48.360058,-27.491413],[-48.357418,-27.485546]],[[-48.36211,-27.491707],[-48.365925,-27.49464],[-48.366219,-27.489946],[-48.36211,-27.491707]],[[-48.387634,-27.608755],[-48.385578,-27.609928],[-48.387634,-27.612862],[-48.387634,-27.608755]],[[-48.469479,-27.704096],[-48.468891,-27.692656],[-48.46508,-27.691189],[-48.463612,-27.698229],[-48.469479,-27.704096]],[[-48.528736,-27.830824],[-48.530788,-27.834639],[-48.532845,-27.834051],[-48.528736,-27.830824]],[[-48.503803,-27.836693],[-48.503216,-27.841385],[-48.512016,-27.838451],[-48.503803,-27.836693]],[[-48.533726,-27.84256],[-48.521992,-27.835812],[-48.52639,-27.840797],[-48.533726,-27.84256]],[[-48.428703,-27.846666],[-48.436623,-27.850479],[-48.43721,-27.849012],[-48.428703,-27.846666]],[[-48.576847,-27.843733],[-48.579487,-27.843439],[-48.576553,-27.841385],[-48.576847,-27.843733]],[[-48.565407,-27.700869],[-48.570099,-27.704681],[-48.570393,-27.699108],[-48.565407,-27.700869]],[[-48.560127,-27.645424],[-48.56218,-27.643372],[-48.555725,-27.643663],[-48.560127,-27.645424]],[[-48.55426,-27.555365],[-48.555431,-27.55331],[-48.553379,-27.553019],[-48.55426,-27.555365]],[[-48.571274,-27.493467],[-48.569222,-27.489653],[-48.567165,-27.494055],[-48.571274,-27.493467]],[[-48.565113,-27.481146],[-48.568047,-27.480852],[-48.565113,-27.472933],[-48.565113,-27.481146]],[[-48.478279,-27.417782],[-48.480042,-27.418076],[-48.47916,-27.413673],[-48.478279,-27.417782]],[[-48.579487,-27.8584],[-48.58242,-27.859573],[-48.583885,-27.8584],[-48.579487,-27.8584]],[[-48.544579,-27.943474],[-48.548683,-27.934965],[-48.547512,-27.932032],[-48.541351,-27.936726],[-48.544579,-27.943474]],[[-48.622025,-27.986595],[-48.619968,-27.986301],[-48.619679,-27.988356],[-48.622025,-27.986595]],[[-48.630825,-28.087215],[-48.628773,-28.087509],[-48.628773,-28.08927],[-48.630825,-28.087215]],[[-48.644024,-28.151167],[-48.640507,-28.152634],[-48.641678,-28.155567],[-48.644024,-28.151167]],[[-48.662506,-28.152046],[-48.663094,-28.150873],[-48.659866,-28.150581],[-48.662506,-28.152046]],[[-48.658398,-28.187838],[-48.656639,-28.187838],[-48.656639,-28.190477],[-48.658398,-28.187838]],[[-48.651653,-28.241226],[-48.651653,-28.243868],[-48.652531,-28.243868],[-48.651653,-28.241226]],[[-48.655758,-28.245335],[-48.65136,-28.249147],[-48.652531,-28.25032],[-48.655758,-28.245335]],[[-48.65136,-28.318378],[-48.646374,-28.318378],[-48.649891,-28.32542],[-48.65136,-28.318378]],[[-48.600021,-28.351234],[-48.597088,-28.352701],[-48.598263,-28.353874],[-48.600021,-28.351234]],[[-48.71003,-28.445402],[-48.707096,-28.446575],[-48.708271,-28.45039],[-48.71003,-28.445402]],[[-48.801262,-28.498499],[-48.800968,-28.496153],[-48.798328,-28.496153],[-48.801262,-28.498499]],[[-48.784248,-28.494684],[-48.783073,-28.49762],[-48.78513,-28.497911],[-48.784248,-28.494684]],[[-48.801556,-28.495565],[-48.802143,-28.494099],[-48.794224,-28.492044],[-48.801556,-28.495565]],[[-48.792461,-28.489698],[-48.799503,-28.488232],[-48.795982,-28.48295],[-48.792461,-28.489698]],[[-48.821796,-28.372944],[-48.82473,-28.37265],[-48.823265,-28.368835],[-48.821796,-28.372944]],[[-48.783367,-28.356222],[-48.785423,-28.355928],[-48.78513,-28.354462],[-48.783367,-28.356222]],[[-48.739071,-28.315447],[-48.739658,-28.313393],[-48.738483,-28.312805],[-48.739071,-28.315447]],[[-48.742886,-28.28171],[-48.745819,-28.282885],[-48.746407,-28.279949],[-48.742886,-28.28171]],[[-48.738194,-28.27467],[-48.740833,-28.275551],[-48.74054,-28.270857],[-48.738194,-28.27467]],[[-48.822678,-28.352995],[-48.823853,-28.350061],[-48.821796,-28.349476],[-48.822678,-28.352995]],[[-48.848785,-28.343315],[-48.849079,-28.340382],[-48.844681,-28.341555],[-48.848785,-28.343315]],[[-48.877537,-28.3395],[-48.879589,-28.336567],[-48.876656,-28.335394],[-48.877537,-28.3395]],[[-48.779263,-28.500553],[-48.775448,-28.501726],[-48.776623,-28.50466],[-48.779263,-28.500553]],[[-48.767235,-28.507593],[-48.769287,-28.511993],[-48.774567,-28.508472],[-48.767235,-28.507593]],[[-48.758728,-28.539274],[-48.759312,-28.541328],[-48.762245,-28.540743],[-48.758728,-28.539274]],[[-48.755795,-28.540449],[-48.755795,-28.543089],[-48.757847,-28.542501],[-48.755795,-28.540449]],[[-48.822384,-28.610559],[-48.821213,-28.612614],[-48.824146,-28.612907],[-48.822384,-28.610559]],[[-48.864922,-28.605574],[-48.867855,-28.60264],[-48.865803,-28.602053],[-48.864922,-28.605574]],[[-48.876362,-28.60088],[-48.877537,-28.601173],[-48.877831,-28.599119],[-48.876362,-28.60088]],[[-48.877243,-28.603228],[-48.877537,-28.60704],[-48.88047,-28.606747],[-48.877243,-28.603228]],[[-48.885162,-28.60704],[-48.889565,-28.60264],[-48.884869,-28.602053],[-48.885162,-28.60704]],[[-49.708023,-29.340719],[-49.705967,-29.340425],[-49.704502,-29.345119],[-49.708023,-29.340719]],[[-52.067177,-32.045738],[-52.068352,-32.049553],[-52.078033,-32.031658],[-52.067177,-32.045738]],[[-52.13641,-32.025791],[-52.134941,-32.02198],[-52.130543,-32.025791],[-52.13641,-32.025791]],[[-52.163399,-32.031364],[-52.193321,-32.031364],[-52.202122,-32.028431],[-52.208866,-32.011711],[-52.194492,-32.004086],[-52.185986,-31.982082],[-52.134941,-31.983843],[-52.110008,-31.977976],[-52.094753,-31.995871],[-52.096218,-32.009953],[-52.105019,-32.00555],[-52.163399,-32.031364]],[[-52.124969,-31.976215],[-52.122913,-31.977388],[-52.124088,-31.979736],[-52.124969,-31.976215]],[[-52.095341,-32.014057],[-52.093285,-32.02462],[-52.100327,-32.018459],[-52.095341,-32.014057]],[[-52.100327,-32.024326],[-52.109127,-32.02462],[-52.110008,-32.016991],[-52.108246,-32.016991],[-52.100327,-32.024326]],[[-52.112354,-32.021393],[-52.117046,-32.017578],[-52.114994,-32.016403],[-52.112354,-32.021393]],[[-52.127903,-31.975042],[-52.126728,-31.972988],[-52.124676,-31.973282],[-52.127903,-31.975042]],[[-52.124088,-31.971228],[-52.127022,-31.970936],[-52.118809,-31.970055],[-52.124088,-31.971228]],[[-52.111767,-31.968882],[-52.112648,-31.964481],[-52.111767,-31.964481],[-52.111767,-31.968882]],[[-52.133476,-31.967121],[-52.140514,-31.959202],[-52.129074,-31.958027],[-52.133476,-31.967121]],[[-52.054562,-31.924877],[-52.049282,-31.923704],[-52.048695,-31.925758],[-52.054562,-31.924877]],[[-52.03931,-31.920479],[-52.046349,-31.917543],[-52.03931,-31.915491],[-52.03931,-31.920479]],[[-52.095341,-31.796682],[-52.107368,-31.804604],[-52.112061,-31.792576],[-52.099152,-31.791988],[-52.095341,-31.796682]],[[-51.810787,-31.414736],[-51.812546,-31.414442],[-51.81284,-31.4118],[-51.810787,-31.414736]],[[-51.818707,-31.404175],[-51.82164,-31.405348],[-51.823692,-31.400066],[-51.818707,-31.404175]],[[-51.969196,-31.393026],[-51.97448,-31.388332],[-51.969196,-31.387159],[-51.969196,-31.393026]],[[-51.750061,-31.284487],[-51.752113,-31.281551],[-51.748302,-31.280378],[-51.750061,-31.284487]],[[-51.741261,-31.276857],[-51.737446,-31.273045],[-51.735394,-31.278324],[-51.741261,-31.276857]],[[-51.734219,-31.273045],[-51.729527,-31.275978],[-51.73246,-31.278032],[-51.734219,-31.273045]],[[-51.61013,-31.275393],[-51.608665,-31.278324],[-51.610718,-31.279499],[-51.61013,-31.275393]],[[-51.733341,-31.28126],[-51.736275,-31.280966],[-51.734219,-31.278912],[-51.733341,-31.28126]],[[-51.608665,-31.27099],[-51.61013,-31.273045],[-51.615414,-31.266005],[-51.608665,-31.27099]],[[-51.144577,-30.471601],[-51.152206,-30.501816],[-51.15514,-30.50387],[-51.160419,-30.496536],[-51.144577,-30.471601]],[[-51.165112,-30.500349],[-51.167168,-30.499176],[-51.165112,-30.496243],[-51.165112,-30.500349]],[[-50.722443,-30.364527],[-50.721268,-30.365994],[-50.72332,-30.366285],[-50.722443,-30.364527]],[[-50.72596,-30.36306],[-50.721561,-30.351324],[-50.700439,-30.347511],[-50.72596,-30.36306]],[[-50.638836,-30.342525],[-50.628273,-30.327856],[-50.624756,-30.356606],[-50.593658,-30.402662],[-50.624168,-30.407063],[-50.648808,-30.390047],[-50.632088,-30.391808],[-50.639713,-30.387407],[-50.633846,-30.385941],[-50.640594,-30.380074],[-50.633846,-30.36834],[-50.638836,-30.342525]],[[-50.778473,-30.336365],[-50.780525,-30.335777],[-50.778473,-30.332844],[-50.778473,-30.336365]],[[-50.677853,-30.249237],[-50.676678,-30.243078],[-50.673744,-30.244251],[-50.677853,-30.249237]],[[-51.09911,-30.384474],[-51.104683,-30.379194],[-51.098228,-30.378607],[-51.09911,-30.384474]],[[-51.071239,-30.358366],[-51.070946,-30.352793],[-51.067131,-30.355726],[-51.071239,-30.358366]],[[-51.040436,-30.320818],[-51.041611,-30.321404],[-51.043076,-30.31671],[-51.040436,-30.320818]],[[-51.167461,-30.268892],[-51.173035,-30.264198],[-51.163353,-30.262146],[-51.167461,-30.268892]],[[-51.289494,-30.064131],[-51.295948,-30.066185],[-51.298882,-30.054157],[-51.289494,-30.064131]],[[-51.266319,-30.04917],[-51.261921,-30.04917],[-51.266613,-30.056211],[-51.266319,-30.04917]],[[-51.235519,-30.016607],[-51.229065,-30.012794],[-51.228771,-30.018368],[-51.235519,-30.016607]],[[-51.273361,-30.304682],[-51.273067,-30.305855],[-51.27512,-30.306442],[-51.273361,-30.304682]],[[-51.249599,-30.312603],[-51.249306,-30.311136],[-51.247253,-30.312603],[-51.249599,-30.312603]],[[-51.763264,-31.273632],[-51.766785,-31.268644],[-51.765903,-31.268644],[-51.763264,-31.273632]],[[-52.065418,-31.679928],[-52.068352,-31.68198],[-52.069523,-31.674061],[-52.065418,-31.679928]],[[-52.05603,-31.587227],[-52.056324,-31.586641],[-52.055737,-31.586348],[-52.05603,-31.587227]],[[-52.230869,-31.812817],[-52.232044,-31.810762],[-52.230869,-31.810471],[-52.230869,-31.812817]],[[-53.492588,-33.935528],[-53.489655,-33.941689],[-53.493465,-33.942863],[-53.492588,-33.935528]],[[-53.483494,-33.939636],[-53.482025,-33.943451],[-53.485252,-33.945503],[-53.483494,-33.939636]],[[-53.743404,-34.35033],[-53.74194,-34.353268],[-53.744869,-34.352974],[-53.743404,-34.35033]],[[-53.763058,-34.353268],[-53.762474,-34.351212],[-53.759541,-34.35268],[-53.763058,-34.353268]],[[-53.749271,-34.400497],[-53.747219,-34.401669],[-53.747513,-34.403725],[-53.749271,-34.400497]],[[-54.885727,-34.912987],[-54.8913,-34.905945],[-54.883381,-34.908878],[-54.885727,-34.912987]],[[-54.895115,-34.90448],[-54.896286,-34.902424],[-54.895115,-34.90213],[-54.895115,-34.90448]],[[-54.89922,-34.903893],[-54.901276,-34.900078],[-54.900101,-34.89949],[-54.89922,-34.903893]],[[-57.429989,-37.740337],[-57.430576,-37.740044],[-57.42823,-37.73975],[-57.429989,-37.740337]],[[-57.427937,-37.730068],[-57.43087,-37.731243],[-57.431164,-37.727428],[-57.427937,-37.730068]],[[-61.988422,-39.019653],[-61.97757,-39.014668],[-61.962021,-39.038429],[-61.965542,-39.053391],[-62.020103,-39.055443],[-62.032131,-39.050163],[-62.023041,-39.044884],[-62.02832,-39.04195],[-62.031837,-39.046349],[-62.032425,-39.033733],[-62.046803,-39.041363],[-62.057949,-39.032562],[-62.066162,-39.020828],[-62.057068,-39.018482],[-62.061764,-39.013786],[-62.0732,-39.009682],[-62.102539,-39.02552],[-62.118378,-39.018772],[-62.128059,-39.002346],[-62.098431,-38.993839],[-62.089043,-38.998825],[-62.069096,-38.992958],[-62.06675,-38.997067],[-62.063229,-38.998825],[-62.024212,-39.003815],[-61.988422,-39.019653]],[[-62.12542,-39.034027],[-62.135979,-39.0396],[-62.147129,-39.033443],[-62.130993,-39.007919],[-62.123657,-39.01408],[-62.12542,-39.034027]],[[-62.2146,-39.027576],[-62.225452,-39.006748],[-62.204918,-39.002934],[-62.213718,-39.008507],[-62.20697,-39.022587],[-62.2146,-39.027576]],[[-62.299671,-39.023468],[-62.286179,-39.01408],[-62.288525,-39.007038],[-62.270042,-39.002934],[-62.278255,-39.021416],[-62.299671,-39.023468]],[[-62.288818,-39.012615],[-62.299084,-39.020535],[-62.30378,-39.013493],[-62.294098,-39.008801],[-62.288818,-39.012615]],[[-62.297913,-39.005867],[-62.271217,-38.995014],[-62.272682,-38.997948],[-62.297913,-39.005867]],[[-62.293804,-38.995014],[-62.303486,-39.005573],[-62.311111,-39.00264],[-62.302605,-38.995304],[-62.293804,-38.995014]],[[-62.140087,-38.989437],[-62.137154,-38.990025],[-62.138329,-38.996185],[-62.140087,-38.989437]],[[-62.2985,-38.992081],[-62.300552,-38.990025],[-62.294979,-38.988853],[-62.2985,-38.992081]],[[-62.312874,-38.990025],[-62.311699,-38.987091],[-62.30994,-38.987091],[-62.312874,-38.990025]],[[-62.291752,-38.985332],[-62.286179,-38.991787],[-62.290871,-38.991199],[-62.291752,-38.985332]],[[-62.297619,-38.987091],[-62.297913,-38.98592],[-62.294979,-38.984451],[-62.297619,-38.987091]],[[-62.1483,-38.981224],[-62.145367,-38.982399],[-62.146542,-38.985332],[-62.1483,-38.981224]],[[-62.30378,-38.981812],[-62.291164,-38.975063],[-62.293217,-38.979465],[-62.30378,-38.981812]],[[-62.305832,-38.97448],[-62.313461,-38.976238],[-62.316395,-38.975945],[-62.310822,-38.971252],[-62.305832,-38.97448]],[[-62.293804,-38.97184],[-62.278255,-38.964504],[-62.272099,-38.969196],[-62.275909,-38.973011],[-62.293804,-38.97184]],[[-62.302898,-38.963329],[-62.296738,-38.954529],[-62.294685,-38.965092],[-62.302898,-38.963329]],[[-62.29351,-38.95541],[-62.28471,-38.96069],[-62.289989,-38.964504],[-62.29351,-38.95541]],[[-62.121605,-38.956291],[-62.120434,-38.958344],[-62.123367,-38.959518],[-62.121605,-38.956291]],[[-62.1175,-38.95805],[-62.116325,-38.960102],[-62.120728,-38.962158],[-62.1175,-38.95805]],[[-62.122192,-38.961571],[-62.127472,-38.962158],[-62.128647,-38.958344],[-62.126595,-38.95805],[-62.122192,-38.961571]],[[-62.130699,-38.967144],[-62.134514,-38.965969],[-62.130112,-38.962158],[-62.130699,-38.967144]],[[-62.121605,-38.964504],[-62.120434,-38.968315],[-62.122486,-38.968903],[-62.121605,-38.964504]],[[-62.1175,-38.968025],[-62.117207,-38.970078],[-62.119259,-38.970371],[-62.1175,-38.968025]],[[-62.124538,-38.969196],[-62.131287,-38.976826],[-62.130993,-38.987972],[-62.135979,-38.982105],[-62.143314,-38.983864],[-62.138618,-38.978291],[-62.142433,-38.964504],[-62.133633,-38.968315],[-62.135979,-38.97448],[-62.124538,-38.969196]],[[-62.12014,-38.97213],[-62.113686,-38.982399],[-62.126595,-38.985332],[-62.128059,-38.974182],[-62.121017,-38.977997],[-62.12014,-38.97213]],[[-62.12542,-38.990025],[-62.13158,-38.996185],[-62.133045,-38.992664],[-62.12542,-38.990025]],[[-62.083469,-38.989437],[-62.082005,-38.991787],[-62.090805,-38.997067],[-62.083469,-38.989437]],[[-62.053253,-38.991199],[-62.052082,-38.995014],[-62.063229,-38.997067],[-62.053253,-38.991199]],[[-62.133926,-38.994133],[-62.133045,-38.997654],[-62.135101,-38.997948],[-62.137154,-38.993252],[-62.133926,-38.994133]],[[-62.274738,-38.989143],[-62.280895,-38.991199],[-62.28207,-38.986797],[-62.280895,-38.986214],[-62.274738,-38.989143]],[[-62.136566,-38.983864],[-62.133633,-38.987385],[-62.137447,-38.987972],[-62.136566,-38.983864]],[[-62.147129,-38.978291],[-62.157101,-38.970959],[-62.152409,-38.963623],[-62.142139,-38.971542],[-62.147129,-38.978291]],[[-62.287643,-38.978878],[-62.290577,-38.975063],[-62.281776,-38.975357],[-62.287643,-38.978878]],[[-62.167664,-38.968903],[-62.160328,-38.970959],[-62.163261,-38.97477],[-62.167664,-38.968903]],[[-62.160034,-38.968903],[-62.16209,-38.967438],[-62.158276,-38.961277],[-62.160034,-38.968903]],[[-62.164143,-38.966263],[-62.165318,-38.965092],[-62.164143,-38.963036],[-62.164143,-38.966263]],[[-62.15329,-38.959518],[-62.151527,-38.959518],[-62.151821,-38.962158],[-62.15329,-38.959518]],[[-62.1483,-38.95805],[-62.144489,-38.958344],[-62.145073,-38.960396],[-62.1483,-38.95805]],[[-62.137447,-39.009682],[-62.134514,-39.009975],[-62.136566,-39.012028],[-62.137447,-39.009682]],[[-62.141556,-39.015549],[-62.143314,-39.015549],[-62.141846,-39.011147],[-62.141556,-39.015549]],[[-62.079948,-39.023762],[-62.082005,-39.020828],[-62.0732,-39.016132],[-62.079948,-39.023762]],[[-62.283245,-38.953941],[-62.293804,-38.947491],[-62.289989,-38.934582],[-62.254494,-38.926662],[-62.270924,-38.943676],[-62.28471,-38.945728],[-62.283245,-38.953941]],[[-62.304073,-38.925488],[-62.311405,-38.923435],[-62.301727,-38.910526],[-62.299671,-38.917568],[-62.304073,-38.925488]],[[-62.292633,-38.895565],[-62.302898,-38.885006],[-62.299965,-38.86623],[-62.278843,-38.877377],[-62.284122,-38.883831],[-62.295567,-38.880016],[-62.292633,-38.895565]],[[-62.324608,-38.874149],[-62.315807,-38.864471],[-62.313751,-38.875031],[-62.324608,-38.874149]],[[-62.353649,-38.866524],[-62.339569,-38.866817],[-62.341621,-38.86887],[-62.353649,-38.866524]],[[-62.327541,-38.863884],[-62.3293,-38.859482],[-62.324902,-38.859776],[-62.327541,-38.863884]],[[-62.360397,-38.859188],[-62.351597,-38.84716],[-62.328712,-38.850975],[-62.334873,-38.860363],[-62.360397,-38.859188]],[[-62.36245,-38.855377],[-62.368904,-38.856842],[-62.365971,-38.853027],[-62.36245,-38.855377]],[[-62.369492,-38.850094],[-62.36245,-38.846283],[-62.362156,-38.848335],[-62.369492,-38.850094]],[[-62.373302,-38.853027],[-62.375942,-38.853027],[-62.374184,-38.843056],[-62.373302,-38.853027]],[[-62.386799,-38.846283],[-62.388851,-38.840122],[-62.385036,-38.840416],[-62.386799,-38.846283]],[[-62.349541,-38.834255],[-62.34573,-38.826336],[-62.335461,-38.841],[-62.349541,-38.834255]],[[-62.359516,-38.837482],[-62.363625,-38.83836],[-62.363037,-38.834255],[-62.359516,-38.837482]],[[-62.368904,-38.833374],[-62.375065,-38.838066],[-62.382107,-38.831028],[-62.375942,-38.825455],[-62.368904,-38.833374]],[[-62.369785,-38.825748],[-62.364208,-38.822227],[-62.360397,-38.830147],[-62.36245,-38.831322],[-62.369785,-38.825748]],[[-62.351303,-38.814304],[-62.34837,-38.803745],[-62.324902,-38.810493],[-62.315807,-38.808731],[-62.335754,-38.825455],[-62.351303,-38.814304]],[[-62.369785,-38.819294],[-62.369198,-38.814602],[-62.367146,-38.815773],[-62.369785,-38.819294]],[[-62.364208,-38.814602],[-62.360397,-38.816654],[-62.361862,-38.819588],[-62.364208,-38.814602]],[[-62.368904,-38.805798],[-62.367435,-38.802864],[-62.351303,-38.817532],[-62.368904,-38.805798]],[[-62.278843,-38.814892],[-62.279137,-38.800518],[-62.256256,-38.818413],[-62.278843,-38.814892]],[[-62.292927,-38.823399],[-62.301727,-38.827213],[-62.305538,-38.825748],[-62.2985,-38.820469],[-62.292927,-38.823399]],[[-62.257427,-38.827213],[-62.24511,-38.828682],[-62.224571,-38.85743],[-62.233376,-38.85215],[-62.229855,-38.858017],[-62.244228,-38.858017],[-62.247456,-38.846283],[-62.268871,-38.840122],[-62.257427,-38.827213]],[[-62.272976,-38.852444],[-62.276203,-38.86095],[-62.280895,-38.863003],[-62.278843,-38.853321],[-62.272976,-38.852444]],[[-62.254204,-38.861244],[-62.25127,-38.861832],[-62.253323,-38.865349],[-62.254204,-38.861244]],[[-62.287937,-38.853321],[-62.291752,-38.860363],[-62.302605,-38.858604],[-62.308765,-38.847454],[-62.302605,-38.844521],[-62.287937,-38.853321]],[[-62.319618,-38.858311],[-62.322556,-38.850388],[-62.310528,-38.852444],[-62.319618,-38.858311]],[[-62.333115,-38.841587],[-62.332527,-38.837776],[-62.323727,-38.843349],[-62.333115,-38.841587]],[[-62.323433,-38.837189],[-62.313751,-38.836601],[-62.318447,-38.845402],[-62.323433,-38.837189]],[[-62.311993,-38.833374],[-62.299084,-38.832199],[-62.298794,-38.834255],[-62.306713,-38.840416],[-62.311993,-38.833374]],[[-62.320499,-38.831615],[-62.31258,-38.825455],[-62.311111,-38.827507],[-62.320499,-38.831615]],[[-62.255081,-38.86623],[-62.253616,-38.868282],[-62.264175,-38.871216],[-62.255081,-38.86623]],[[-62.256844,-38.871216],[-62.257427,-38.879723],[-62.279724,-38.875031],[-62.276791,-38.870338],[-62.265057,-38.872978],[-62.256844,-38.871216]],[[-62.239243,-38.872097],[-62.234547,-38.873268],[-62.236603,-38.877964],[-62.239243,-38.872097]],[[-62.087578,-39.07275],[-62.055016,-39.078617],[-62.039173,-39.085365],[-62.036533,-39.095341],[-62.025093,-39.089474],[-62.015999,-39.107075],[-62.01453,-39.106781],[-62.013653,-39.101501],[-62.018051,-39.095047],[-62.014236,-39.092113],[-61.954102,-39.093872],[-61.941193,-39.10326],[-61.94178,-39.112942],[-61.926231,-39.116756],[-61.927994,-39.127609],[-61.920071,-39.124676],[-61.915962,-39.136997],[-61.913616,-39.135822],[-61.91626,-39.127609],[-61.905697,-39.121155],[-61.89719,-39.143452],[-61.876362,-39.133476],[-61.893082,-39.113235],[-61.889271,-39.108833],[-61.872841,-39.129074],[-61.867855,-39.152542],[-61.865509,-39.181587],[-61.88047,-39.195961],[-61.858467,-39.188919],[-61.852013,-39.199188],[-61.85788,-39.233215],[-61.865509,-39.234978],[-61.861107,-39.22823],[-61.869026,-39.222069],[-61.88839,-39.238789],[-61.909512,-39.225883],[-61.900417,-39.20916],[-61.926819,-39.206226],[-61.950874,-39.192146],[-61.95586,-39.180412],[-61.97757,-39.184521],[-61.992531,-39.169559],[-62.005142,-39.175426],[-62.015705,-39.163692],[-62.057068,-39.15929],[-62.052959,-39.138462],[-62.039467,-39.134064],[-62.040054,-39.121155],[-62.029491,-39.128197],[-62.02832,-39.141396],[-62.017464,-39.121155],[-62.036533,-39.117046],[-62.055309,-39.135822],[-62.060883,-39.152836],[-62.0732,-39.15049],[-62.073788,-39.132595],[-62.062935,-39.133476],[-62.082005,-39.093285],[-62.091389,-39.088299],[-62.087578,-39.07275]],[[-61.996346,-39.246712],[-62.007492,-39.265484],[-62.031254,-39.253456],[-62.026558,-39.238789],[-61.996346,-39.246712]],[[-62.076721,-39.252872],[-62.104298,-39.249645],[-62.130112,-39.236443],[-62.157101,-39.2118],[-62.160034,-39.194492],[-62.085815,-39.224709],[-62.063816,-39.245831],[-62.076721,-39.252872]],[[-62.227798,-39.195961],[-62.230736,-39.206226],[-62.242176,-39.185104],[-62.23748,-39.182175],[-62.227798,-39.195961]],[[-62.265938,-39.182175],[-62.268871,-39.176598],[-62.257427,-39.168678],[-62.256256,-39.174252],[-62.265938,-39.182175]],[[-62.194946,-39.16457],[-62.189663,-39.166626],[-62.191719,-39.170437],[-62.194946,-39.16457]],[[-62.318447,-39.167213],[-62.320499,-39.163399],[-62.316689,-39.162811],[-62.318447,-39.167213]],[[-62.198463,-39.172787],[-62.192013,-39.175133],[-62.194946,-39.178654],[-62.198463,-39.172787]],[[-62.320206,-39.159584],[-62.322845,-39.158409],[-62.321674,-39.152836],[-62.320206,-39.159584]],[[-62.329594,-39.149319],[-62.323433,-39.146969],[-62.322845,-39.149025],[-62.329594,-39.149319]],[[-62.091389,-39.138462],[-62.094322,-39.138756],[-62.096966,-39.131718],[-62.091389,-39.138462]],[[-62.319618,-39.129074],[-62.317566,-39.122913],[-62.313751,-39.124969],[-62.319618,-39.129074]],[[-62.324902,-39.12878],[-62.328712,-39.12849],[-62.323433,-39.122036],[-62.324902,-39.12878]],[[-62.343086,-39.126728],[-62.341621,-39.122036],[-62.338688,-39.123207],[-62.343086,-39.126728]],[[-62.330769,-39.121155],[-62.330475,-39.126728],[-62.333408,-39.127022],[-62.330769,-39.121155]],[[-62.306126,-39.122623],[-62.310822,-39.127903],[-62.311111,-39.124088],[-62.306126,-39.122623]],[[-62.332527,-39.119686],[-62.334579,-39.118221],[-62.333408,-39.115288],[-62.332527,-39.119686]],[[-62.325485,-39.113235],[-62.323433,-39.107075],[-62.306419,-39.112354],[-62.316689,-39.116169],[-62.325485,-39.113235]],[[-61.992825,-39.302448],[-61.993408,-39.308022],[-61.998104,-39.304207],[-61.992825,-39.302448]],[[-62.255962,-39.34528],[-62.259483,-39.340878],[-62.250977,-39.34293],[-62.255962,-39.34528]],[[-62.248043,-39.336769],[-62.25919,-39.338825],[-62.262123,-39.335011],[-62.258308,-39.333836],[-62.248043,-39.336769]],[[-62.269161,-39.335304],[-62.272976,-39.335011],[-62.271805,-39.332077],[-62.269161,-39.335304]],[[-62.285004,-39.322983],[-62.286179,-39.316528],[-62.284122,-39.316235],[-62.285004,-39.322983]],[[-62.280312,-39.316822],[-62.271805,-39.313007],[-62.264469,-39.318291],[-62.270042,-39.320343],[-62.280312,-39.316822]],[[-62.101658,-39.683807],[-62.100483,-39.684101],[-62.103416,-39.687916],[-62.101658,-39.683807]],[[-62.110165,-39.692024],[-62.107525,-39.691143],[-62.109283,-39.695541],[-62.110165,-39.692024]],[[-62.115444,-39.700825],[-62.111633,-39.697891],[-62.112804,-39.702583],[-62.115444,-39.700825]],[[-62.117207,-39.859234],[-62.11134,-39.869209],[-62.129234,-39.887104],[-62.130405,-39.875957],[-62.117207,-39.859234]],[[-62.15094,-39.892971],[-62.16209,-39.893265],[-62.160915,-39.884464],[-62.15094,-39.892971]],[[-62.250095,-39.87801],[-62.261242,-39.862461],[-62.221642,-39.87038],[-62.210785,-39.864513],[-62.205505,-39.881824],[-62.250095,-39.87801]],[[-62.157688,-39.918785],[-62.154461,-39.91996],[-62.157688,-39.926414],[-62.157688,-39.918785]],[[-62.165024,-39.926414],[-62.165318,-39.933453],[-62.170891,-39.935509],[-62.172062,-39.929054],[-62.165024,-39.926414]],[[-62.151821,-39.939613],[-62.145367,-39.945774],[-62.147423,-39.953693],[-62.150356,-39.952522],[-62.151821,-39.939613]],[[-62.140087,-39.946362],[-62.135395,-39.947533],[-62.137447,-39.952229],[-62.140087,-39.946362]],[[-62.148006,-39.964256],[-62.145073,-39.957802],[-62.133633,-39.960148],[-62.135979,-39.968655],[-62.148006,-39.964256]],[[-62.1087,-40.030846],[-62.111633,-40.035542],[-62.113686,-40.029968],[-62.1087,-40.030846]],[[-62.115444,-40.029087],[-62.126595,-40.046394],[-62.156807,-40.045513],[-62.174702,-40.034954],[-62.132462,-40.040527],[-62.115444,-40.029087]],[[-62.103416,-40.12384],[-62.101952,-40.125893],[-62.103416,-40.127068],[-62.103416,-40.12384]],[[-62.110752,-40.127068],[-62.1087,-40.127655],[-62.110752,-40.131172],[-62.110752,-40.127068]],[[-62.114567,-40.130882],[-62.121311,-40.141735],[-62.115444,-40.154057],[-62.122192,-40.154938],[-62.116325,-40.159336],[-62.128059,-40.171658],[-62.116913,-40.172539],[-62.123367,-40.188084],[-62.11515,-40.180458],[-62.107819,-40.186619],[-62.12542,-40.194244],[-62.102833,-40.206566],[-62.09726,-40.219181],[-62.106644,-40.227982],[-62.128059,-40.20422],[-62.137154,-40.164322],[-62.128059,-40.138214],[-62.114567,-40.130882]],[[-62.117207,-40.146721],[-62.11515,-40.144669],[-62.114567,-40.148483],[-62.117207,-40.146721]],[[-62.107819,-40.158161],[-62.104885,-40.15699],[-62.105473,-40.163445],[-62.107819,-40.158161]],[[-62.089336,-40.187206],[-62.08699,-40.19014],[-62.089924,-40.190434],[-62.089336,-40.187206]],[[-62.115738,-40.231209],[-62.118088,-40.226807],[-62.116619,-40.225342],[-62.115738,-40.231209]],[[-62.382984,-40.225929],[-62.354237,-40.208035],[-62.35453,-40.211552],[-62.382984,-40.225929]],[[-62.320499,-40.197472],[-62.330769,-40.217129],[-62.354237,-40.224754],[-62.320499,-40.197472]],[[-62.345436,-40.210087],[-62.352474,-40.218006],[-62.358635,-40.221821],[-62.358051,-40.217419],[-62.345436,-40.210087]],[[-62.374477,-40.235024],[-62.357464,-40.236195],[-62.360691,-40.255554],[-62.37389,-40.25761],[-62.374477,-40.235024]],[[-62.082882,-40.25761],[-62.076721,-40.253796],[-62.07291,-40.254089],[-62.076721,-40.266117],[-62.082882,-40.25761]],[[-62.333115,-40.28577],[-62.314632,-40.298386],[-62.322845,-40.30748],[-62.318741,-40.316574],[-62.331352,-40.323322],[-62.323727,-40.329189],[-62.332527,-40.344734],[-62.343384,-40.342094],[-62.349251,-40.351189],[-62.346313,-40.287533],[-62.333115,-40.28577]],[[-62.270924,-40.300442],[-62.266232,-40.312466],[-62.274445,-40.325081],[-62.299084,-40.343857],[-62.311699,-40.343857],[-62.316395,-40.335056],[-62.291164,-40.314228],[-62.291164,-40.302494],[-62.270924,-40.300442]],[[-62.353355,-40.359695],[-62.342209,-40.359112],[-62.349251,-40.36879],[-62.353355,-40.359695]],[[-62.166782,-40.361164],[-62.159157,-40.382874],[-62.15593,-40.375538],[-62.143021,-40.37495],[-62.147129,-40.380817],[-62.146248,-40.388447],[-62.164436,-40.404285],[-62.157394,-40.406342],[-62.16473,-40.408394],[-62.15593,-40.407806],[-62.1483,-40.399593],[-62.143902,-40.414261],[-62.167664,-40.437141],[-62.197586,-40.438904],[-62.19788,-40.407513],[-62.166782,-40.361164]],[[-62.135979,-40.373779],[-62.135395,-40.37495],[-62.140968,-40.375538],[-62.135979,-40.373779]],[[-62.127178,-40.379059],[-62.135689,-40.386978],[-62.144779,-40.38258],[-62.143314,-40.377884],[-62.127178,-40.379059]],[[-62.115444,-40.384926],[-62.121605,-40.392845],[-62.123074,-40.391674],[-62.115444,-40.384926]],[[-62.124538,-40.394314],[-62.127472,-40.395485],[-62.127178,-40.391674],[-62.124538,-40.394314]],[[-62.141262,-40.390793],[-62.133633,-40.389034],[-62.134514,-40.393433],[-62.141262,-40.390793]],[[-62.144196,-40.399593],[-62.147129,-40.398418],[-62.146835,-40.394608],[-62.144196,-40.399593]],[[-62.123657,-40.400768],[-62.130699,-40.409569],[-62.132168,-40.403408],[-62.123657,-40.400768]],[[-62.136272,-40.412502],[-62.138329,-40.412792],[-62.140381,-40.405167],[-62.136272,-40.412502]],[[-62.141556,-40.418659],[-62.143021,-40.417488],[-62.140968,-40.412792],[-62.141556,-40.418659]],[[-62.143021,-40.403408],[-62.143021,-40.400768],[-62.140675,-40.400475],[-62.143021,-40.403408]],[[-62.135101,-40.398712],[-62.133045,-40.402527],[-62.135101,-40.403702],[-62.135101,-40.398712]],[[-62.156807,-40.402821],[-62.160328,-40.402527],[-62.155048,-40.396366],[-62.156807,-40.402821]],[[-62.165318,-40.438316],[-62.165901,-40.440369],[-62.167957,-40.440075],[-62.165318,-40.438316]],[[-62.169716,-40.440075],[-62.171185,-40.446823],[-62.182919,-40.446823],[-62.180862,-40.44125],[-62.169716,-40.440075]],[[-62.160034,-40.447998],[-62.160915,-40.45533],[-62.17881,-40.455917],[-62.175877,-40.452103],[-62.160034,-40.447998]],[[-62.160328,-40.458263],[-62.163849,-40.46677],[-62.203453,-40.517227],[-62.22076,-40.5228],[-62.235722,-40.507839],[-62.239532,-40.511654],[-62.240414,-40.507549],[-62.209614,-40.476746],[-62.200813,-40.445358],[-62.189957,-40.45797],[-62.174702,-40.460903],[-62.179981,-40.469704],[-62.160328,-40.458263]],[[-62.188198,-40.445358],[-62.177052,-40.450932],[-62.182625,-40.454453],[-62.188198,-40.445358]],[[-62.200813,-40.44389],[-62.204624,-40.443302],[-62.202572,-40.44125],[-62.200813,-40.44389]],[[-62.34074,-40.519573],[-62.346313,-40.516644],[-62.345142,-40.51635],[-62.34074,-40.519573]],[[-62.321968,-40.534245],[-62.315807,-40.52779],[-62.25655,-40.540401],[-62.179104,-40.581181],[-62.169716,-40.604942],[-62.179691,-40.640144],[-62.196117,-40.647476],[-62.179981,-40.628704],[-62.191719,-40.637798],[-62.20932,-40.635448],[-62.22076,-40.646305],[-62.247456,-40.647182],[-62.236305,-40.624889],[-62.260365,-40.556831],[-62.270924,-40.54715],[-62.321968,-40.534245]],[[-62.799255,-41.017105],[-62.800426,-41.014172],[-62.798374,-41.012997],[-62.799255,-41.017105]],[[-62.802483,-40.99921],[-62.804535,-40.99921],[-62.803364,-40.996277],[-62.802483,-40.99921]],[[-62.751732,-41.039692],[-62.750557,-41.042625],[-62.754078,-41.042919],[-62.751732,-41.039692]],[[-64.794357,-40.783009],[-64.789955,-40.781246],[-64.792595,-40.786236],[-64.794357,-40.783009]],[[-64.761795,-40.777142],[-64.758865,-40.777435],[-64.761795,-40.782127],[-64.761795,-40.777142]],[[-64.748886,-40.787407],[-64.760033,-40.795326],[-64.761208,-40.790928],[-64.748886,-40.787407]],[[-64.805504,-40.730789],[-64.811668,-40.732845],[-64.817825,-40.732552],[-64.814308,-40.729618],[-64.805504,-40.730789]],[[-64.977997,-40.724922],[-64.976822,-40.722282],[-64.973007,-40.723457],[-64.977997,-40.724922]],[[-64.985916,-40.727856],[-64.989731,-40.724922],[-64.985039,-40.724628],[-64.985916,-40.727856]],[[-64.968315,-40.718761],[-64.965385,-40.723457],[-64.967438,-40.724628],[-64.968315,-40.718761]],[[-64.964211,-40.715534],[-64.962448,-40.720524],[-64.964211,-40.720524],[-64.964211,-40.715534]],[[-64.970078,-40.715534],[-64.970367,-40.714069],[-64.96685,-40.712894],[-64.970078,-40.715534]],[[-65.00499,-40.721401],[-65.006157,-40.719055],[-65.000877,-40.718761],[-65.00499,-40.721401]],[[-64.514206,-42.416111],[-64.513031,-42.418457],[-64.515083,-42.419632],[-64.514206,-42.416111]],[[-63.563736,-42.341599],[-63.567257,-42.329281],[-63.561684,-42.327225],[-63.552883,-42.343361],[-63.563736,-42.341599]],[[-63.58955,-42.374161],[-63.596592,-42.376217],[-63.593365,-42.343067],[-63.586323,-42.343361],[-63.58955,-42.374161]],[[-63.615368,-42.350105],[-63.615952,-42.355389],[-63.619766,-42.350693],[-63.615368,-42.350105]],[[-63.62886,-42.345119],[-63.637074,-42.34248],[-63.645874,-42.321358],[-63.631207,-42.330158],[-63.62886,-42.345119]],[[-63.626221,-42.324291],[-63.618008,-42.32341],[-63.620941,-42.331333],[-63.623875,-42.330746],[-63.626221,-42.324291]],[[-63.618301,-42.3372],[-63.616245,-42.337494],[-63.618301,-42.340427],[-63.618301,-42.3372]],[[-63.620941,-42.342186],[-63.618008,-42.34248],[-63.618301,-42.343945],[-63.620941,-42.342186]],[[-63.637955,-42.315784],[-63.637661,-42.311382],[-63.632969,-42.313438],[-63.637955,-42.315784]],[[-63.644409,-42.313438],[-63.645874,-42.306984],[-63.641182,-42.308449],[-63.644409,-42.313438]],[[-63.644115,-42.305515],[-63.648808,-42.302582],[-63.647636,-42.300529],[-63.644115,-42.305515]],[[-63.652916,-42.297596],[-63.666409,-42.279995],[-63.654091,-42.28117],[-63.652916,-42.297596]],[[-65.283379,-43.721245],[-65.280449,-43.721832],[-65.281616,-43.723885],[-65.283379,-43.721245]],[[-65.151367,-44.040119],[-65.145798,-44.038654],[-65.140518,-44.042469],[-65.145798,-44.04364],[-65.151367,-44.040119]],[[-65.275459,-44.260723],[-65.275749,-44.264538],[-65.283676,-44.261604],[-65.275459,-44.260723]],[[-65.248764,-44.275097],[-65.257561,-44.28038],[-65.258736,-44.279205],[-65.248764,-44.275097]],[[-65.669144,-44.770279],[-65.652123,-44.778496],[-65.656822,-44.779667],[-65.669144,-44.770279]],[[-65.540062,-44.910503],[-65.538895,-44.911678],[-65.543289,-44.912849],[-65.540062,-44.910503]],[[-65.566757,-44.964481],[-65.561188,-44.965946],[-65.562653,-44.968002],[-65.566757,-44.964481]],[[-65.574097,-44.990589],[-65.570572,-44.991764],[-65.571747,-44.993816],[-65.574097,-44.990589]],[[-65.565002,-44.998802],[-65.55825,-45.000271],[-65.557961,-45.001736],[-65.561775,-45.002911],[-65.565002,-44.998802]],[[-65.605484,-45.043392],[-65.584656,-45.051022],[-65.615166,-45.062168],[-65.622787,-45.048382],[-65.605484,-45.043392]],[[-65.579964,-45.06041],[-65.574974,-45.067154],[-65.590813,-45.063049],[-65.579964,-45.06041]],[[-65.809952,-45.069504],[-65.812302,-45.066566],[-65.804962,-45.063927],[-65.809952,-45.069504]],[[-65.610764,-45.069504],[-65.610764,-45.072144],[-65.614281,-45.071262],[-65.610764,-45.069504]],[[-66.320091,-45.073902],[-66.327133,-45.068329],[-66.324203,-45.068035],[-66.320091,-45.073902]],[[-65.565582,-45.074196],[-65.56588,-45.077129],[-65.56852,-45.077129],[-65.565582,-45.074196]],[[-66.343857,-45.06921],[-66.340042,-45.066277],[-66.339455,-45.06921],[-66.343857,-45.06921]],[[-66.356766,-45.067154],[-66.358818,-45.065102],[-66.351776,-45.063637],[-66.356766,-45.067154]],[[-65.821686,-45.068035],[-65.821388,-45.070087],[-65.824326,-45.071262],[-65.821686,-45.068035]],[[-65.62426,-45.061287],[-65.616341,-45.062462],[-65.620148,-45.065395],[-65.62426,-45.061287]],[[-66.336815,-45.063049],[-66.346786,-45.058941],[-66.347961,-45.056595],[-66.33828,-45.054543],[-66.336815,-45.063049]],[[-66.290756,-45.057182],[-66.276382,-45.060116],[-66.297508,-45.061287],[-66.290756,-45.057182]],[[-65.715782,-45.049553],[-65.702293,-45.058353],[-65.712555,-45.059528],[-65.715782,-45.049553]],[[-65.966019,-45.053661],[-65.967186,-45.051605],[-65.959854,-45.052193],[-65.966019,-45.053661]],[[-65.975105,-45.053661],[-65.97628,-45.051605],[-65.974228,-45.050434],[-65.975105,-45.053661]],[[-65.921425,-45.051605],[-65.9226,-45.054543],[-65.925529,-45.052486],[-65.921425,-45.051605]],[[-65.867447,-45.049553],[-65.865105,-45.049553],[-65.865982,-45.053661],[-65.867447,-45.049553]],[[-65.810829,-45.049553],[-65.806137,-45.05014],[-65.809074,-45.053074],[-65.810829,-45.049553]],[[-65.625725,-45.059528],[-65.62719,-45.057472],[-65.62426,-45.054543],[-65.625725,-45.059528]],[[-65.684982,-45.053661],[-65.686157,-45.051605],[-65.680878,-45.051315],[-65.684982,-45.053661]],[[-65.875954,-45.043686],[-65.878891,-45.040752],[-65.872437,-45.040459],[-65.875954,-45.043686]],[[-65.873901,-45.035179],[-65.872437,-45.033714],[-65.862167,-45.041634],[-65.873901,-45.035179]],[[-65.857475,-45.033714],[-65.855423,-45.036648],[-65.860992,-45.036942],[-65.857475,-45.033714]],[[-65.763893,-45.039871],[-65.749519,-45.038406],[-65.750107,-45.039581],[-65.763893,-45.039871]],[[-66.186615,-45.021976],[-66.188087,-45.020805],[-66.186615,-45.017872],[-66.186615,-45.021976]],[[-66.185448,-45.012592],[-66.184273,-45.007896],[-66.181633,-45.007896],[-66.185448,-45.012592]],[[-66.074265,-45.006138],[-66.073677,-45.009071],[-66.078369,-45.009659],[-66.074265,-45.006138]],[[-66.341804,-45.051315],[-66.342979,-45.050728],[-66.341804,-45.048676],[-66.341804,-45.051315]],[[-66.301613,-45.078011],[-66.296333,-45.081528],[-66.299263,-45.082996],[-66.301613,-45.078011]],[[-66.014122,-45.082115],[-65.985962,-45.089745],[-65.9842,-45.104706],[-65.963081,-45.110867],[-66.00914,-45.105583],[-66.021164,-45.090916],[-66.014122,-45.082115]],[[-65.962791,-45.104118],[-65.942551,-45.10881],[-65.942253,-45.118492],[-65.954865,-45.119663],[-65.9534,-45.111156],[-65.962791,-45.104118]],[[-65.374023,-45.117023],[-65.372269,-45.120838],[-65.377251,-45.120838],[-65.374023,-45.117023]],[[-65.940788,-45.123772],[-65.94313,-45.121719],[-65.939026,-45.120544],[-65.940788,-45.123772]],[[-66.10096,-45.118786],[-66.097145,-45.120838],[-66.09832,-45.122013],[-66.10096,-45.118786]],[[-66.01178,-45.117905],[-66.013832,-45.116734],[-66.008553,-45.116146],[-66.01178,-45.117905]],[[-65.987427,-45.116146],[-65.993004,-45.114971],[-65.992416,-45.112919],[-65.987427,-45.116146]],[[-66.510773,-45.112919],[-66.51136,-45.111744],[-66.50843,-45.111156],[-66.510773,-45.112919]],[[-66.50843,-45.109692],[-66.51136,-45.109104],[-66.510773,-45.107929],[-66.50843,-45.109692]],[[-66.417488,-45.099716],[-66.423645,-45.098251],[-66.422478,-45.096195],[-66.417488,-45.099716]],[[-66.48085,-45.097076],[-66.481438,-45.096783],[-66.477623,-45.09473],[-66.48085,-45.097076]],[[-66.412498,-45.093849],[-66.413673,-45.089157],[-66.411621,-45.088863],[-66.412498,-45.093849]],[[-66.415726,-45.091209],[-66.41954,-45.091797],[-66.417488,-45.087982],[-66.415726,-45.091209]],[[-66.408394,-45.087982],[-66.410156,-45.087982],[-66.410446,-45.085049],[-66.408394,-45.087982]],[[-66.054611,-45.131695],[-66.055779,-45.132866],[-66.057838,-45.132572],[-66.054611,-45.131695]],[[-66.061646,-45.132866],[-66.062233,-45.130814],[-66.059891,-45.13052],[-66.061646,-45.132866]],[[-66.06282,-45.134918],[-66.06517,-45.135506],[-66.066345,-45.133453],[-66.06282,-45.134918]],[[-66.366737,-45.152817],[-66.362923,-45.158386],[-66.3685,-45.158684],[-66.366737,-45.152817]],[[-66.462662,-45.158684],[-66.467941,-45.157509],[-66.467651,-45.156334],[-66.462662,-45.158684]],[[-66.505791,-45.176285],[-66.495811,-45.178925],[-66.494637,-45.184204],[-66.504318,-45.182152],[-66.505791,-45.176285]],[[-66.489357,-45.181271],[-66.487892,-45.185085],[-66.490829,-45.186256],[-66.489357,-45.181271]],[[-66.506668,-45.188896],[-66.510483,-45.183323],[-66.505791,-45.183029],[-66.506668,-45.188896]],[[-66.409271,-45.187138],[-66.397247,-45.193298],[-66.405754,-45.196232],[-66.409271,-45.187138]],[[-66.412498,-45.197109],[-66.413673,-45.195057],[-66.410156,-45.194763],[-66.412498,-45.197109]],[[-66.513412,-45.180389],[-66.518105,-45.178337],[-66.517525,-45.176285],[-66.513412,-45.180389]],[[-66.514,-45.21207],[-66.512238,-45.214127],[-66.515175,-45.216179],[-66.514,-45.21207]],[[-66.505791,-45.212952],[-66.503731,-45.214127],[-66.504906,-45.216179],[-66.505791,-45.212952]],[[-66.701752,-45.246983],[-66.698814,-45.247566],[-66.699104,-45.251968],[-66.701752,-45.246983]],[[-65.944305,-47.766308],[-65.95311,-47.75927],[-65.941666,-47.757801],[-65.944305,-47.766308]],[[-65.964256,-47.759563],[-65.965431,-47.758389],[-65.961617,-47.757214],[-65.964256,-47.759563]],[[-65.974525,-47.75428],[-65.973938,-47.75164],[-65.969238,-47.752228],[-65.974525,-47.75428]],[[-65.938438,-47.751347],[-65.936974,-47.752522],[-65.941666,-47.752815],[-65.938438,-47.751347]],[[-65.948418,-47.751347],[-65.948708,-47.749882],[-65.94577,-47.749588],[-65.948418,-47.751347]],[[-65.943428,-47.753109],[-65.942253,-47.75428],[-65.947533,-47.754574],[-65.943428,-47.753109]],[[-66.010895,-47.746361],[-66.011192,-47.744892],[-66.008255,-47.744602],[-66.010895,-47.746361]],[[-65.997696,-47.760441],[-65.993294,-47.767189],[-66.00415,-47.773056],[-66.057838,-47.786549],[-66.043465,-47.767189],[-65.997696,-47.760441]],[[-66.086288,-47.783321],[-66.076019,-47.781269],[-66.068687,-47.776577],[-66.069275,-47.783031],[-66.086288,-47.783321]],[[-66.054901,-47.76807],[-66.060768,-47.776283],[-66.063408,-47.776283],[-66.062531,-47.770416],[-66.054901,-47.76807]],[[-65.894142,-47.763668],[-65.893265,-47.766308],[-65.896782,-47.76543],[-65.894142,-47.763668]],[[-65.8918,-47.764549],[-65.883873,-47.765137],[-65.888275,-47.76807],[-65.8918,-47.764549]],[[-65.719597,-47.908291],[-65.715782,-47.917091],[-65.729568,-47.914158],[-65.719597,-47.908291]],[[-65.739548,-47.920025],[-65.745705,-47.92384],[-65.747169,-47.920906],[-65.739548,-47.920025]],[[-65.762428,-47.916214],[-65.763016,-47.915039],[-65.760078,-47.914745],[-65.762428,-47.916214]],[[-65.870087,-47.961388],[-65.873024,-47.959923],[-65.870972,-47.95787],[-65.870087,-47.961388]],[[-65.870087,-47.951416],[-65.873901,-47.950829],[-65.873314,-47.948776],[-65.870087,-47.951416]],[[-65.879181,-47.944668],[-65.871262,-47.945843],[-65.871552,-47.947895],[-65.879181,-47.944668]],[[-65.896782,-48.07785],[-65.896194,-48.079025],[-65.900009,-48.08049],[-65.896782,-48.07785]],[[-65.902649,-48.09692],[-65.897079,-48.101612],[-65.901772,-48.102787],[-65.902649,-48.09692]],[[-65.956627,-48.118042],[-65.959564,-48.117455],[-65.959267,-48.11628],[-65.956627,-48.118042]],[[-65.955162,-48.122147],[-65.95311,-48.124203],[-65.955162,-48.124496],[-65.955162,-48.122147]],[[-66.225929,-48.251225],[-66.222992,-48.252396],[-66.223289,-48.253864],[-66.225929,-48.251225]],[[-66.340332,-48.351551],[-66.33828,-48.351257],[-66.338867,-48.354191],[-66.340332,-48.351551]],[[-66.33828,-48.384701],[-66.336227,-48.385872],[-66.336815,-48.387047],[-66.33828,-48.384701]],[[-67.020035,-48.636398],[-67.017105,-48.637569],[-67.017693,-48.639626],[-67.020035,-48.636398]],[[-67.054359,-48.751392],[-67.05201,-48.751686],[-67.053482,-48.755501],[-67.054359,-48.751392]],[[-68.438408,-50.080288],[-68.442513,-50.079994],[-68.441635,-50.078819],[-68.438408,-50.080288]],[[-68.441635,-50.077061],[-68.447502,-50.07325],[-68.445152,-50.069729],[-68.441635,-50.077061]],[[-68.444862,-50.067966],[-68.447502,-50.067383],[-68.446617,-50.065327],[-68.444862,-50.067966]],[[-68.44838,-50.063862],[-68.452484,-50.063274],[-68.451607,-50.061218],[-68.44838,-50.063862]],[[-69.249237,-50.975899],[-69.242493,-50.975018],[-69.24337,-50.980595],[-69.249237,-50.975899]],[[-61.309895,-50.997902],[-61.302559,-50.999954],[-61.292587,-51.006702],[-61.307549,-51.003475],[-61.309895,-50.997902]],[[-61.438385,-51.006115],[-61.448357,-51.004646],[-61.455986,-50.999073],[-61.440144,-50.999073],[-61.438385,-51.006115]],[[-61.300213,-51.007874],[-61.297573,-51.009048],[-61.299919,-51.009636],[-61.300213,-51.007874]],[[-61.261784,-51.008755],[-61.260902,-51.00993],[-61.263252,-51.010513],[-61.261784,-51.008755]],[[-61.255035,-51.009636],[-61.254158,-51.010807],[-61.256798,-51.011395],[-61.255035,-51.009636]],[[-61.251808,-51.011395],[-61.221596,-51.019608],[-61.204872,-51.037209],[-61.186684,-51.038677],[-61.16087,-51.055691],[-61.184925,-51.058037],[-61.210155,-51.037796],[-61.220127,-51.041317],[-61.246822,-51.031342],[-61.251808,-51.011395]],[[-61.12244,-51.024891],[-61.087532,-51.035744],[-61.092518,-51.04073],[-61.074329,-51.051586],[-61.06905,-51.06596],[-61.044113,-51.08004],[-61.086651,-51.077988],[-61.10836,-51.067131],[-61.125961,-51.071533],[-61.124203,-51.064198],[-61.132416,-51.06332],[-61.107479,-51.050117],[-61.129189,-51.029289],[-61.12244,-51.024891]],[[-61.095158,-51.025475],[-61.090759,-51.025768],[-61.090759,-51.028412],[-61.095158,-51.025475]],[[-60.977524,-51.050705],[-60.972538,-51.055985],[-60.975178,-51.058918],[-60.979282,-51.057453],[-60.977524,-51.050705]],[[-60.967548,-51.058331],[-60.96843,-51.063908],[-60.972538,-51.061558],[-60.967548,-51.058331]],[[-60.980751,-51.054226],[-60.984272,-51.054226],[-60.984272,-51.051586],[-60.980751,-51.054226]],[[-61.147377,-51.059212],[-61.151775,-51.063026],[-61.157642,-51.058331],[-61.153244,-51.057159],[-61.147377,-51.059212]],[[-61.17495,-51.042786],[-61.179352,-51.041023],[-61.176712,-51.040436],[-61.17495,-51.042786]],[[-60.904186,-51.085907],[-60.875141,-51.109669],[-60.854317,-51.114071],[-60.854317,-51.121696],[-60.869274,-51.124336],[-60.884235,-51.115829],[-60.885998,-51.104095],[-60.917679,-51.087376],[-60.904186,-51.085907]],[[-60.814125,-51.109081],[-60.797405,-51.115829],[-60.795937,-51.118469],[-60.811779,-51.113777],[-60.814125,-51.109081]],[[-60.791828,-51.117882],[-60.789188,-51.119057],[-60.791828,-51.120522],[-60.791828,-51.117882]],[[-60.782444,-51.120815],[-60.782444,-51.122578],[-60.78743,-51.122578],[-60.782444,-51.120815]],[[-60.730812,-51.127563],[-60.746655,-51.135483],[-60.757507,-51.12991],[-60.730812,-51.127563]],[[-60.393162,-51.142818],[-60.370869,-51.149273],[-60.389935,-51.155434],[-60.440979,-51.1525],[-60.43335,-51.146339],[-60.393162,-51.142818]],[[-60.822632,-51.155724],[-60.84845,-51.169514],[-60.872501,-51.171566],[-60.859303,-51.16922],[-60.851673,-51.152206],[-60.822632,-51.155724]],[[-60.270832,-51.157486],[-60.26086,-51.158367],[-60.261738,-51.159538],[-60.270832,-51.157486]],[[-60.254993,-51.159538],[-60.252354,-51.161007],[-60.256752,-51.161301],[-60.254993,-51.159538]],[[-60.250885,-51.161007],[-60.245018,-51.160419],[-60.239151,-51.162472],[-60.245018,-51.163059],[-60.250885,-51.161007]],[[-60.895092,-51.173035],[-60.900959,-51.171566],[-60.900078,-51.169514],[-60.895092,-51.173035]],[[-60.880131,-51.172153],[-60.87925,-51.173328],[-60.886585,-51.1745],[-60.880131,-51.172153]],[[-60.93763,-51.215862],[-60.881596,-51.200314],[-60.839062,-51.195915],[-60.878368,-51.210583],[-60.93763,-51.215862]],[[-60.042603,-51.208237],[-60.039082,-51.208237],[-60.039082,-51.209995],[-60.042603,-51.208237]],[[-59.918514,-51.209702],[-59.896805,-51.218796],[-59.895927,-51.224369],[-59.929371,-51.216743],[-59.918514,-51.209702]],[[-60.023243,-51.218796],[-60.027641,-51.216743],[-60.023243,-51.215569],[-60.023243,-51.218796]],[[-59.776825,-51.231411],[-59.772717,-51.233463],[-59.780052,-51.234638],[-59.776825,-51.231411]],[[-58.966579,-51.233757],[-58.90263,-51.267494],[-58.899986,-51.277176],[-58.814327,-51.297417],[-58.812569,-51.305042],[-58.82753,-51.305923],[-58.819317,-51.315899],[-58.806702,-51.304455],[-58.740696,-51.318245],[-58.745975,-51.323231],[-58.722507,-51.339951],[-58.730137,-51.349632],[-58.722507,-51.346699],[-58.71928,-51.339073],[-58.722507,-51.328217],[-58.74099,-51.322643],[-58.735123,-51.316189],[-58.669998,-51.335552],[-58.636555,-51.323818],[-58.624233,-51.336723],[-58.635967,-51.341713],[-58.622475,-51.353447],[-58.608395,-51.357845],[-58.593433,-51.348755],[-58.593433,-51.359608],[-58.589325,-51.349926],[-58.57671,-51.346992],[-58.573486,-51.357262],[-58.567616,-51.34758],[-58.577591,-51.34259],[-58.572605,-51.329979],[-58.579353,-51.330856],[-58.581699,-51.344646],[-58.61338,-51.352272],[-58.622475,-51.344059],[-58.624233,-51.318245],[-58.634209,-51.314137],[-58.601646,-51.324699],[-58.579353,-51.309151],[-58.582581,-51.300056],[-58.54327,-51.303867],[-58.528309,-51.294483],[-58.503372,-51.310322],[-58.459957,-51.298882],[-58.460835,-51.31179],[-58.45174,-51.316189],[-58.408325,-51.316189],[-58.390137,-51.332912],[-58.372536,-51.332619],[-58.379284,-51.346699],[-58.360802,-51.349926],[-58.359924,-51.357262],[-58.337627,-51.356674],[-58.344082,-51.367527],[-58.327358,-51.379261],[-58.333225,-51.38953],[-58.34848,-51.386303],[-58.374004,-51.395103],[-58.334988,-51.391289],[-58.310932,-51.416813],[-58.325893,-51.428253],[-58.315918,-51.428253],[-58.320908,-51.43676],[-58.354054,-51.433239],[-58.34848,-51.441452],[-58.327358,-51.439106],[-58.348186,-51.462868],[-58.364323,-51.465801],[-58.357574,-51.452599],[-58.370777,-51.45084],[-58.359337,-51.445854],[-58.36491,-51.434704],[-58.376644,-51.447906],[-58.390137,-51.442921],[-58.454968,-51.456413],[-58.474331,-51.432358],[-58.469051,-51.420918],[-58.477558,-51.400089],[-58.492519,-51.400089],[-58.502495,-51.424145],[-58.517452,-51.420036],[-58.512466,-51.415051],[-58.519215,-51.407421],[-58.487534,-51.387474],[-58.500145,-51.381313],[-58.522442,-51.405956],[-58.554123,-51.405079],[-58.536816,-51.410358],[-58.529186,-51.410065],[-58.54591,-51.417397],[-58.535053,-51.42297],[-58.589325,-51.439987],[-58.581699,-51.440575],[-58.52684,-51.423851],[-58.519215,-51.429131],[-58.537403,-51.435879],[-58.515106,-51.429718],[-58.512466,-51.437637],[-58.537697,-51.444092],[-58.502495,-51.437637],[-58.512466,-51.449959],[-58.497505,-51.45348],[-58.513348,-51.46228],[-58.521561,-51.45612],[-58.537403,-51.459053],[-58.522442,-51.458466],[-58.527428,-51.460815],[-58.519215,-51.471668],[-58.555882,-51.475777],[-58.509239,-51.479881],[-58.535934,-51.490734],[-58.522442,-51.500122],[-58.52684,-51.511272],[-58.511002,-51.502468],[-58.522442,-51.491615],[-58.513348,-51.486336],[-58.506599,-51.492203],[-58.486652,-51.467854],[-58.469051,-51.468441],[-58.464943,-51.487804],[-58.438248,-51.467854],[-58.42094,-51.469028],[-58.432674,-51.472549],[-58.432381,-51.480175],[-58.417419,-51.485748],[-58.430916,-51.500122],[-58.405979,-51.491615],[-58.407448,-51.505112],[-58.430916,-51.52594],[-58.417419,-51.535034],[-58.426807,-51.546181],[-58.45937,-51.547646],[-58.430035,-51.552048],[-58.421528,-51.564659],[-58.412434,-51.560848],[-58.417419,-51.552635],[-58.409206,-51.549995],[-58.403339,-51.528873],[-58.38662,-51.538845],[-58.374298,-51.530926],[-58.389259,-51.552635],[-58.368431,-51.546181],[-58.365791,-51.553223],[-58.38163,-51.56554],[-58.35347,-51.559673],[-58.34584,-51.561729],[-58.346722,-51.571995],[-58.325893,-51.566715],[-58.34584,-51.555862],[-58.325893,-51.552635],[-58.326775,-51.538845],[-58.305946,-51.544128],[-58.314159,-51.546768],[-58.303307,-51.557915],[-58.291573,-51.548821],[-58.274261,-51.555862],[-58.277489,-51.564957],[-58.266636,-51.562901],[-58.2593,-51.571701],[-58.280716,-51.573463],[-58.260769,-51.584904],[-58.269276,-51.589302],[-58.260769,-51.595757],[-58.281597,-51.593704],[-58.302425,-51.609249],[-58.273384,-51.59869],[-58.2593,-51.607491],[-58.263996,-51.612476],[-58.247566,-51.616585],[-58.272503,-51.623333],[-58.252556,-51.622452],[-58.262527,-51.637413],[-58.254314,-51.647388],[-58.273384,-51.662056],[-58.240822,-51.655014],[-58.255783,-51.652668],[-58.249329,-51.64592],[-58.252556,-51.637413],[-58.244049,-51.636826],[-58.252556,-51.635067],[-58.246689,-51.621281],[-58.234074,-51.626854],[-58.240822,-51.630959],[-58.230846,-51.633305],[-58.237595,-51.639172],[-58.220875,-51.647388],[-58.218525,-51.660587],[-58.213245,-51.650322],[-58.199165,-51.658241],[-58.223221,-51.638],[-58.20826,-51.644749],[-58.175697,-51.645042],[-58.188309,-51.641228],[-58.20826,-51.642986],[-58.215885,-51.635067],[-58.204151,-51.632427],[-58.227619,-51.627438],[-58.205914,-51.62421],[-58.237595,-51.621571],[-58.240822,-51.606609],[-58.2593,-51.601624],[-58.245808,-51.594292],[-58.248447,-51.58461],[-58.229088,-51.586662],[-58.232609,-51.590771],[-58.19183,-51.608665],[-58.165134,-51.604557],[-58.158386,-51.612186],[-58.144306,-51.611599],[-58.209137,-51.587543],[-58.180096,-51.58197],[-58.223515,-51.581383],[-58.240822,-51.571701],[-58.219112,-51.565834],[-58.260769,-51.554981],[-58.238178,-51.542953],[-58.219994,-51.544712],[-58.200043,-51.525352],[-58.246689,-51.536205],[-58.276024,-51.534153],[-58.265167,-51.519485],[-58.274261,-51.525059],[-58.273384,-51.528873],[-58.298317,-51.531219],[-58.294212,-51.511562],[-58.282478,-51.503349],[-58.290104,-51.488682],[-58.299198,-51.489857],[-58.29744,-51.499245],[-58.319145,-51.502468],[-58.312401,-51.504231],[-58.314159,-51.515965],[-58.33176,-51.521244],[-58.339973,-51.511272],[-58.338509,-51.517139],[-58.371658,-51.518017],[-58.377525,-51.51186],[-58.369308,-51.511562],[-58.369308,-51.502468],[-58.375763,-51.500122],[-58.349361,-51.488388],[-58.373417,-51.492203],[-58.386032,-51.484283],[-58.341736,-51.469616],[-58.327656,-51.474895],[-58.337627,-51.465801],[-58.312401,-51.454948],[-58.319145,-51.446732],[-58.289223,-51.430012],[-58.294212,-51.420036],[-58.274261,-51.401554],[-58.280128,-51.391289],[-58.231728,-51.383076],[-58.171589,-51.38718],[-58.155163,-51.377796],[-58.13316,-51.385422],[-58.131695,-51.377209],[-58.095024,-51.382195],[-58.049847,-51.368702],[-58.051605,-51.376328],[-58.01582,-51.37574],[-58.01083,-51.385128],[-58.020805,-51.391582],[-58.01347,-51.397156],[-58.007603,-51.381607],[-57.994991,-51.375446],[-57.978268,-51.37809],[-57.976803,-51.368702],[-57.958321,-51.372223],[-57.941601,-51.362835],[-57.897594,-51.38073],[-57.900822,-51.385715],[-57.89085,-51.389236],[-57.899063,-51.392464],[-57.88586,-51.403317],[-57.849194,-51.415932],[-57.852421,-51.425903],[-57.867676,-51.430893],[-57.867382,-51.440865],[-57.83746,-51.449959],[-57.834232,-51.477535],[-57.813404,-51.488682],[-57.784946,-51.490444],[-57.737427,-51.515965],[-57.784946,-51.517139],[-57.859165,-51.496601],[-57.893196,-51.499538],[-57.873249,-51.510391],[-57.808414,-51.51215],[-57.807537,-51.519192],[-57.773212,-51.523884],[-57.762653,-51.529167],[-57.76236,-51.543247],[-57.826603,-51.549702],[-57.955093,-51.542072],[-57.984135,-51.530926],[-57.990883,-51.508335],[-58.033421,-51.50951],[-58.041634,-51.498657],[-58.061581,-51.493671],[-58.072433,-51.496017],[-58.049259,-51.503349],[-58.039288,-51.510979],[-58.046032,-51.517429],[-58.037525,-51.528286],[-58.01582,-51.535912],[-58.080063,-51.528873],[-58.111744,-51.51215],[-58.115852,-51.515083],[-58.090916,-51.52594],[-58.092384,-51.533272],[-58.113506,-51.537968],[-58.121719,-51.528873],[-58.118198,-51.537968],[-58.162495,-51.545887],[-58.113506,-51.560555],[-58.104118,-51.565834],[-58.115852,-51.568474],[-58.107052,-51.571114],[-58.088276,-51.56554],[-58.071556,-51.575516],[-58.066566,-51.57053],[-58.056595,-51.592236],[-57.999977,-51.595463],[-57.971813,-51.587837],[-57.868553,-51.60368],[-57.768227,-51.622158],[-57.759132,-51.6292],[-57.763535,-51.63448],[-57.740067,-51.635361],[-57.742413,-51.640934],[-57.719238,-51.646801],[-57.756786,-51.643867],[-57.772335,-51.651787],[-57.765881,-51.655014],[-57.769108,-51.660881],[-57.786709,-51.663815],[-57.808414,-51.650322],[-57.814281,-51.655895],[-57.800789,-51.661762],[-57.856525,-51.677017],[-57.870899,-51.671738],[-57.865032,-51.663815],[-57.873249,-51.67115],[-57.904049,-51.672615],[-57.831593,-51.685524],[-57.915195,-51.688751],[-57.784946,-51.700485],[-57.807537,-51.693443],[-57.80167,-51.68787],[-57.825726,-51.684055],[-57.806656,-51.675549],[-57.80167,-51.682884],[-57.781719,-51.677017],[-57.710728,-51.684055],[-57.803429,-51.705471],[-57.79903,-51.710751],[-57.823376,-51.72366],[-57.851833,-51.719555],[-57.849194,-51.724247],[-57.868259,-51.731285],[-57.889969,-51.731285],[-57.89085,-51.723366],[-57.899944,-51.721313],[-57.912556,-51.722485],[-57.894077,-51.726006],[-57.954212,-51.726593],[-57.951866,-51.735394],[-57.935146,-51.738621],[-57.854179,-51.740967],[-57.881756,-51.748009],[-57.924877,-51.744488],[-57.981789,-51.75798],[-58.090916,-51.759155],[-58.060116,-51.772064],[-58.150173,-51.767075],[-58.164253,-51.761795],[-58.161613,-51.750061],[-58.165722,-51.75153],[-58.165722,-51.760918],[-58.18655,-51.757103],[-58.18919,-51.766785],[-58.211781,-51.768837],[-58.207378,-51.761795],[-58.213245,-51.759449],[-58.226742,-51.763847],[-58.239941,-51.754753],[-58.29509,-51.748009],[-58.234955,-51.758862],[-58.24258,-51.764141],[-58.200924,-51.776756],[-58.226742,-51.782917],[-58.166603,-51.780277],[-58.105877,-51.789078],[-58.134335,-51.791718],[-58.114094,-51.797585],[-58.119961,-51.800518],[-58.219994,-51.797878],[-58.236713,-51.791424],[-58.227619,-51.797585],[-58.26165,-51.799637],[-58.255783,-51.80257],[-58.260181,-51.806973],[-58.283356,-51.801987],[-58.284237,-51.811665],[-58.295971,-51.814304],[-58.296558,-51.823692],[-58.325012,-51.817825],[-58.325893,-51.819881],[-58.320908,-51.822521],[-58.379871,-51.824574],[-58.352589,-51.827507],[-58.366669,-51.832787],[-58.33176,-51.828678],[-58.335869,-51.832493],[-58.320908,-51.841],[-58.332642,-51.842468],[-58.320026,-51.843056],[-58.314159,-51.837482],[-58.320026,-51.834545],[-58.287464,-51.829266],[-58.294212,-51.826626],[-58.29245,-51.815773],[-58.277489,-51.810787],[-58.281597,-51.807854],[-58.160736,-51.816654],[-58.188309,-51.828678],[-58.233486,-51.829559],[-58.234367,-51.83836],[-58.212364,-51.845989],[-58.222633,-51.854202],[-58.210899,-51.86095],[-58.24258,-51.874149],[-58.257542,-51.867401],[-58.229965,-51.862122],[-58.235832,-51.860069],[-58.227619,-51.856842],[-58.224098,-51.846577],[-58.246689,-51.846283],[-58.260181,-51.855377],[-58.273384,-51.851269],[-58.267517,-51.85743],[-58.287464,-51.860069],[-58.273384,-51.863884],[-58.314159,-51.869164],[-58.307411,-51.870922],[-58.308292,-51.883831],[-58.373417,-51.887939],[-58.391605,-51.901138],[-58.461716,-51.90554],[-58.484306,-51.897617],[-58.455849,-51.889992],[-58.496628,-51.893806],[-58.501614,-51.897034],[-58.51012,-51.887058],[-58.537109,-51.881485],[-58.54591,-51.883244],[-58.509239,-51.89175],[-58.518333,-51.897911],[-58.592552,-51.889992],[-58.555882,-51.897617],[-58.56263,-51.905834],[-58.555882,-51.908474],[-58.563217,-51.909645],[-58.571724,-51.901138],[-58.620129,-51.897911],[-58.629223,-51.904072],[-58.605755,-51.907593],[-58.638317,-51.907887],[-58.640076,-51.897034],[-58.678505,-51.907005],[-58.687599,-51.894096],[-58.664131,-51.892632],[-58.687599,-51.889992],[-58.693466,-51.879723],[-58.691708,-51.896153],[-58.733364,-51.892925],[-58.725735,-51.888229],[-58.743336,-51.883831],[-58.734241,-51.889111],[-58.755951,-51.889992],[-58.747444,-51.894978],[-58.753311,-51.900551],[-58.77766,-51.89674],[-58.778538,-51.889698],[-58.783527,-51.897034],[-58.809048,-51.885883],[-58.812569,-51.879135],[-58.795849,-51.880898],[-58.81345,-51.867989],[-58.804356,-51.875031],[-58.855106,-51.867111],[-58.852757,-51.853909],[-58.861561,-51.865349],[-58.931671,-51.843056],[-58.937538,-51.822521],[-58.928444,-51.825455],[-58.920815,-51.814892],[-58.926682,-51.822811],[-58.939297,-51.820759],[-58.94751,-51.80756],[-58.940765,-51.793186],[-58.951031,-51.789078],[-58.94751,-51.799053],[-58.964233,-51.801693],[-58.955727,-51.809906],[-58.970982,-51.825748],[-58.962471,-51.831615],[-58.974209,-51.830734],[-58.98418,-51.841587],[-58.965698,-51.83836],[-58.974209,-51.845989],[-58.972446,-51.852444],[-58.985062,-51.858017],[-58.985062,-51.851269],[-59.00325,-51.857136],[-59.020851,-51.852734],[-59.00325,-51.862122],[-58.989166,-51.85743],[-58.988289,-51.872978],[-58.973328,-51.856255],[-58.965992,-51.863297],[-58.977432,-51.862415],[-58.9701,-51.86623],[-58.94751,-51.866817],[-58.961006,-51.868282],[-58.95602,-51.875031],[-58.907616,-51.884125],[-58.909081,-51.89175],[-58.891773,-51.902901],[-58.875053,-51.901138],[-58.858334,-51.911114],[-58.815796,-51.919914],[-58.796726,-51.931355],[-58.759178,-51.937515],[-58.786755,-51.937222],[-58.785873,-51.947491],[-58.793499,-51.948074],[-58.802593,-51.945141],[-58.799953,-51.939568],[-58.819317,-51.937515],[-58.83017,-51.92226],[-58.885029,-51.920502],[-58.88092,-51.908474],[-58.91407,-51.898499],[-58.909081,-51.904953],[-58.891773,-51.911407],[-58.882385,-51.909061],[-58.894119,-51.914928],[-58.890015,-51.927834],[-58.839264,-51.935169],[-58.859211,-51.945141],[-58.83017,-51.93634],[-58.800835,-51.95013],[-58.814327,-51.954235],[-58.804062,-51.955116],[-58.803474,-51.966263],[-58.793205,-51.953648],[-58.765926,-51.958344],[-58.765926,-51.964211],[-58.779125,-51.963329],[-58.762405,-51.971836],[-58.765045,-51.988853],[-58.75243,-51.974182],[-58.762699,-51.963329],[-58.741577,-51.961277],[-58.745098,-51.954529],[-58.731602,-51.95277],[-58.726616,-51.960396],[-58.724854,-51.952183],[-58.698456,-51.953648],[-58.690826,-51.960102],[-58.699039,-51.965092],[-58.690826,-51.965092],[-58.693466,-51.973892],[-58.678505,-51.960396],[-58.652397,-51.963329],[-58.647411,-51.973305],[-58.655037,-51.976238],[-58.64653,-51.976238],[-58.628342,-51.965385],[-58.622475,-51.968315],[-58.625996,-51.983276],[-58.615726,-51.984158],[-58.622475,-51.981812],[-58.616608,-51.977119],[-58.605755,-51.983276],[-58.620716,-51.990906],[-58.602528,-51.990906],[-58.629223,-51.997654],[-58.622475,-52.006748],[-58.616608,-52.002934],[-58.598419,-52.013786],[-58.582581,-52.009094],[-58.584339,-52.017601],[-58.598419,-52.022881],[-58.623356,-52.019653],[-58.641544,-52.029629],[-58.679092,-52.029041],[-58.667652,-52.035202],[-58.671757,-52.04195],[-58.665012,-52.032856],[-58.642422,-52.037548],[-58.63245,-52.053391],[-58.656796,-52.053684],[-58.66589,-52.07011],[-58.657383,-52.067471],[-58.642422,-52.09182],[-58.650929,-52.102379],[-58.634209,-52.114994],[-58.652397,-52.119102],[-58.654156,-52.141689],[-58.669117,-52.137585],[-58.669998,-52.123795],[-58.692585,-52.125847],[-58.682613,-52.110886],[-58.687599,-52.104141],[-58.679092,-52.1059],[-58.674107,-52.095924],[-58.68848,-52.087128],[-58.700802,-52.08918],[-58.700802,-52.080963],[-58.709015,-52.080086],[-58.705788,-52.069229],[-58.717522,-52.064243],[-58.736591,-52.081261],[-58.742458,-52.071579],[-58.729256,-52.061604],[-58.732483,-52.053391],[-58.748325,-52.04723],[-58.770031,-52.051334],[-58.770031,-52.043709],[-58.780006,-52.049576],[-58.796726,-52.035496],[-58.812569,-52.037548],[-58.811687,-52.05867],[-58.8466,-52.057201],[-58.853344,-52.049576],[-58.858334,-52.055443],[-58.867428,-52.042538],[-58.886494,-52.043709],[-58.865959,-52.059258],[-58.870945,-52.076565],[-58.857452,-52.085953],[-58.885906,-52.078323],[-58.907616,-52.08918],[-58.926682,-52.119686],[-58.932549,-52.100914],[-58.949272,-52.088299],[-58.945751,-52.071579],[-58.953381,-52.062778],[-58.962471,-52.069229],[-58.961006,-52.080963],[-58.989166,-52.099152],[-58.990929,-52.070992],[-59.004128,-52.064243],[-58.997383,-52.059258],[-59.004128,-52.058376],[-59.004128,-52.046642],[-58.985943,-52.046642],[-59.019089,-52.045761],[-59.016743,-52.021999],[-59.028477,-52.031975],[-59.035812,-52.025814],[-59.044025,-52.042538],[-59.058399,-52.043709],[-59.072479,-52.034908],[-59.067493,-52.024349],[-59.07336,-52.017895],[-59.094189,-52.024055],[-59.09008,-52.030506],[-59.107391,-52.029041],[-59.119125,-52.01672],[-59.110909,-52.004105],[-59.120003,-52.008801],[-59.117363,-51.999119],[-59.133499,-52.004692],[-59.139366,-51.996773],[-59.134964,-51.982986],[-59.153446,-51.997948],[-59.177502,-51.984158],[-59.156086,-52.0],[-59.171635,-52.015549],[-59.239986,-52.012905],[-59.244095,-52.0],[-59.274895,-51.992958],[-59.275776,-51.995892],[-59.267563,-52.0],[-59.275776,-52.011734],[-59.315964,-52.014961],[-59.280762,-52.018188],[-59.293377,-52.031094],[-59.279297,-52.018188],[-59.274307,-52.022587],[-59.26844,-52.008801],[-59.223267,-52.018772],[-59.223267,-52.024639],[-59.205956,-52.018188],[-59.19569,-52.023468],[-59.199207,-52.029335],[-59.187473,-52.029335],[-59.187473,-52.045761],[-59.234119,-52.055737],[-59.223267,-52.057789],[-59.200089,-52.053684],[-59.197449,-52.063362],[-59.187473,-52.065125],[-59.196568,-52.072166],[-59.170166,-52.058083],[-59.164299,-52.065125],[-59.159313,-52.048405],[-59.136726,-52.036083],[-59.130859,-52.042538],[-59.147579,-52.050163],[-59.145821,-52.062485],[-59.138485,-52.056324],[-59.097416,-52.082432],[-59.136726,-52.086246],[-59.143471,-52.095341],[-59.177502,-52.093285],[-59.174274,-52.099152],[-59.154915,-52.097099],[-59.14846,-52.107952],[-59.133499,-52.09446],[-59.112671,-52.100033],[-59.11179,-52.110596],[-59.098297,-52.100327],[-59.065735,-52.104141],[-59.076,-52.113235],[-59.07336,-52.119686],[-59.108269,-52.127022],[-59.116776,-52.119686],[-59.136726,-52.141396],[-59.171047,-52.144917],[-59.160782,-52.145798],[-59.16518,-52.15049],[-59.142593,-52.144035],[-59.157555,-52.163399],[-59.124111,-52.151665],[-59.110031,-52.136997],[-59.100937,-52.150196],[-59.110031,-52.161343],[-59.08099,-52.150784],[-59.071896,-52.137875],[-59.02261,-52.144917],[-59.029358,-52.152542],[-59.024078,-52.157532],[-59.045784,-52.159878],[-59.03933,-52.167503],[-59.072479,-52.171612],[-59.057518,-52.182465],[-59.083336,-52.181293],[-59.102695,-52.199188],[-59.08744,-52.199188],[-59.09008,-52.215321],[-59.075123,-52.200359],[-59.02261,-52.205055],[-59.052532,-52.220016],[-59.048424,-52.236149],[-59.025837,-52.233215],[-59.052532,-52.244068],[-59.026718,-52.244656],[-59.009117,-52.257565],[-59.066612,-52.246124],[-59.065147,-52.234684],[-59.09008,-52.233803],[-59.103283,-52.243778],[-59.129978,-52.223827],[-59.149338,-52.226761],[-59.158432,-52.210335],[-59.175156,-52.216202],[-59.201851,-52.205345],[-59.213291,-52.224709],[-59.227665,-52.225002],[-59.226784,-52.214733],[-59.240868,-52.220894],[-59.230892,-52.2118],[-59.242626,-52.2118],[-59.249081,-52.19244],[-59.257587,-52.193321],[-59.258469,-52.186279],[-59.244095,-52.188332],[-59.247612,-52.17572],[-59.267563,-52.176598],[-59.263454,-52.163692],[-59.279881,-52.173077],[-59.296604,-52.162811],[-59.310978,-52.185986],[-59.325939,-52.180706],[-59.320953,-52.165745],[-59.299244,-52.160759],[-59.293377,-52.142864],[-59.349995,-52.162811],[-59.359089,-52.145798],[-59.354393,-52.131714],[-59.364075,-52.133476],[-59.364368,-52.121742],[-59.369942,-52.146969],[-59.394291,-52.139931],[-59.392529,-52.130836],[-59.406612,-52.117046],[-59.399277,-52.150784],[-59.37933,-52.15929],[-59.411598,-52.162811],[-59.417465,-52.15929],[-59.414238,-52.144035],[-59.454136,-52.128197],[-59.439175,-52.136703],[-59.450909,-52.141689],[-59.435947,-52.141689],[-59.440933,-52.146675],[-59.432426,-52.151665],[-59.445042,-52.162224],[-59.46088,-52.154888],[-59.474083,-52.168385],[-59.45179,-52.162224],[-59.413357,-52.176304],[-59.403385,-52.173077],[-59.397518,-52.184227],[-59.457657,-52.194199],[-59.420692,-52.194199],[-59.434185,-52.200947],[-59.425972,-52.207695],[-59.455894,-52.224121],[-59.405731,-52.205933],[-59.402504,-52.215027],[-59.425972,-52.222363],[-59.414238,-52.222363],[-59.431839,-52.242897],[-59.415707,-52.238495],[-59.381676,-52.207108],[-59.361729,-52.215321],[-59.327404,-52.2118],[-59.385784,-52.229988],[-59.364956,-52.240551],[-59.3409,-52.239964],[-59.3409,-52.256683],[-59.384903,-52.279568],[-59.412479,-52.285141],[-59.396637,-52.288074],[-59.348232,-52.269592],[-59.3409,-52.278393],[-59.345886,-52.285141],[-59.335915,-52.283379],[-59.337673,-52.288368],[-59.349995,-52.297169],[-59.373463,-52.294525],[-59.370823,-52.299221],[-59.387543,-52.305969],[-59.387543,-52.319168],[-59.349995,-52.337063],[-59.333271,-52.335304],[-59.336792,-52.347038],[-59.316551,-52.327969],[-59.295723,-52.334129],[-59.307457,-52.339996],[-59.309216,-52.350849],[-59.323299,-52.347919],[-59.364956,-52.360531],[-59.369942,-52.350559],[-59.394291,-52.347626],[-59.369061,-52.341759],[-59.37669,-52.336182],[-59.424213,-52.331783],[-59.409252,-52.325035],[-59.415707,-52.312424],[-59.498432,-52.313889],[-59.500778,-52.305088],[-59.479362,-52.285141],[-59.480831,-52.276634],[-59.512512,-52.273407],[-59.504299,-52.269299],[-59.515739,-52.254925],[-59.509285,-52.247589],[-59.548302,-52.261379],[-59.561794,-52.252872],[-59.583504,-52.260498],[-59.580864,-52.251698],[-59.594357,-52.246712],[-59.575878,-52.236736],[-59.574116,-52.225002],[-59.555927,-52.208282],[-59.601692,-52.217083],[-59.631027,-52.210922],[-59.615772,-52.191559],[-59.645695,-52.183346],[-59.624279,-52.176598],[-59.643349,-52.161343],[-59.655964,-52.161636],[-59.652443,-52.167503],[-59.660069,-52.171318],[-59.684124,-52.155769],[-59.678257,-52.146969],[-59.733994,-52.128197],[-59.707592,-52.110008],[-59.727543,-52.106781],[-59.73106,-52.098274],[-59.693512,-52.097099],[-59.683537,-52.110302],[-59.668282,-52.100327],[-59.659187,-52.110008],[-59.67767,-52.124088],[-59.661831,-52.12878],[-59.659187,-52.11998],[-59.639828,-52.112942],[-59.633373,-52.130543],[-59.620174,-52.120567],[-59.604038,-52.122623],[-59.63924,-52.085953],[-59.613426,-52.080379],[-59.614307,-52.092407],[-59.603451,-52.094753],[-59.58321,-52.076271],[-59.572651,-52.077446],[-59.576756,-52.085365],[-59.552406,-52.069229],[-59.570889,-52.068352],[-59.566784,-52.05867],[-59.615772,-52.050163],[-59.614307,-52.032562],[-59.590839,-52.031681],[-59.641586,-52.021416],[-59.652443,-52.006748],[-59.638363,-51.998238],[-59.635136,-52.008801],[-59.60844,-51.998825],[-59.57177,-52.010559],[-59.545956,-52.007626],[-59.586731,-51.995598],[-59.596706,-51.996479],[-59.595825,-51.98856],[-59.607559,-51.980049],[-59.62252,-51.98093],[-59.614307,-51.975063],[-59.619293,-51.970078],[-59.631615,-51.973011],[-59.645988,-51.962448],[-59.607559,-51.968315],[-59.594944,-51.985332],[-59.563557,-51.97477],[-59.543316,-51.977997],[-59.530113,-51.967144],[-59.525127,-51.973892],[-59.516033,-51.971836],[-59.526005,-51.970078],[-59.518379,-51.963036],[-59.551823,-51.965385],[-59.560036,-51.953064],[-59.576756,-51.961277],[-59.58321,-51.953064],[-59.614307,-51.951008],[-59.609318,-51.915806],[-59.586731,-51.904659],[-59.567368,-51.91346],[-59.572651,-51.922554],[-59.535099,-51.933113],[-59.525127,-51.923725],[-59.515152,-51.939568],[-59.497551,-51.936634],[-59.503418,-51.924606],[-59.46587,-51.92754],[-59.477604,-51.922554],[-59.474083,-51.917568],[-59.525127,-51.90554],[-59.524246,-51.882656],[-59.535686,-51.882656],[-59.518379,-51.872097],[-59.512512,-51.874149],[-59.517498,-51.883537],[-59.500778,-51.880898],[-59.505764,-51.890873],[-59.498432,-51.894684],[-59.442402,-51.89175],[-59.450027,-51.886177],[-59.487576,-51.885883],[-59.473495,-51.871216],[-59.466747,-51.872978],[-59.457359,-51.867699],[-59.489925,-51.870628],[-59.487576,-51.863297],[-59.514271,-51.858311],[-59.495792,-51.848335],[-59.504299,-51.845989],[-59.500778,-51.837482],[-59.464989,-51.833961],[-59.448269,-51.823692],[-59.459122,-51.836895],[-59.455013,-51.84716],[-59.41013,-51.813133],[-59.402504,-51.825748],[-59.412479,-51.840122],[-59.39077,-51.833374],[-59.397518,-51.842468],[-59.385784,-51.844227],[-59.389301,-51.850094],[-59.379917,-51.858894],[-59.382557,-51.848335],[-59.372581,-51.843349],[-59.377567,-51.833374],[-59.366714,-51.823692],[-59.355862,-51.830147],[-59.360847,-51.799343],[-59.350876,-51.790836],[-59.364075,-51.778519],[-59.35498,-51.786438],[-59.337379,-51.785851],[-59.342659,-51.801693],[-59.324177,-51.797585],[-59.325058,-51.810493],[-59.305111,-51.791424],[-59.28751,-51.794357],[-59.295723,-51.797585],[-59.300121,-51.807266],[-59.29015,-51.79641],[-59.274307,-51.797585],[-59.294254,-51.781742],[-59.291615,-51.77705],[-59.30423,-51.781742],[-59.299244,-51.77177],[-59.305698,-51.760918],[-59.280762,-51.761795],[-59.279297,-51.748302],[-59.26844,-51.743019],[-59.272549,-51.750061],[-59.257587,-51.74918],[-59.260815,-51.755047],[-59.252602,-51.759155],[-59.260815,-51.767662],[-59.247612,-51.765903],[-59.239105,-51.753288],[-59.250839,-51.754169],[-59.250839,-51.738327],[-59.231773,-51.721313],[-59.209183,-51.720139],[-59.21769,-51.734219],[-59.214172,-51.755047],[-59.223267,-51.76561],[-59.210945,-51.762676],[-59.210945,-51.738327],[-59.20097,-51.738327],[-59.196861,-51.723072],[-59.174274,-51.737446],[-59.173393,-51.746246],[-59.169289,-51.735981],[-59.17926,-51.729233],[-59.147579,-51.719257],[-59.157555,-51.71838],[-59.157555,-51.706646],[-59.136726,-51.706352],[-59.126751,-51.696964],[-59.106804,-51.710461],[-59.095947,-51.705177],[-59.095947,-51.695789],[-59.076,-51.692562],[-59.080109,-51.683762],[-59.069839,-51.696377],[-59.055172,-51.69051],[-59.040798,-51.712513],[-59.055759,-51.723366],[-59.042557,-51.726593],[-59.037571,-51.741554],[-59.055759,-51.745075],[-59.032585,-51.745075],[-59.03405,-51.751823],[-59.041679,-51.749767],[-59.050774,-51.755047],[-59.025837,-51.75769],[-59.020851,-51.775879],[-59.043438,-51.775581],[-59.040798,-51.781742],[-59.072479,-51.787609],[-59.044025,-51.785851],[-59.03933,-51.80492],[-59.027596,-51.8102],[-59.054291,-51.811665],[-59.040798,-51.814304],[-59.047546,-51.827507],[-59.020851,-51.831028],[-59.035812,-51.82428],[-59.021729,-51.813133],[-59.009117,-51.82428],[-59.014103,-51.816067],[-58.999142,-51.814304],[-58.980953,-51.797585],[-58.985943,-51.789078],[-58.971859,-51.785557],[-58.980953,-51.784092],[-58.981834,-51.776169],[-58.985943,-51.776756],[-58.982422,-51.784969],[-58.992393,-51.783504],[-59.00589,-51.76825],[-58.998261,-51.763847],[-58.989166,-51.772652],[-58.995914,-51.758274],[-59.002663,-51.762676],[-59.002663,-51.752701],[-58.992393,-51.747421],[-59.007355,-51.747715],[-59.00589,-51.714272],[-59.02261,-51.71339],[-59.021729,-51.728939],[-59.027596,-51.711044],[-59.035812,-51.714272],[-59.040798,-51.700192],[-59.019089,-51.688457],[-59.034931,-51.677311],[-59.01997,-51.677311],[-59.00589,-51.690216],[-59.007648,-51.680828],[-59.024368,-51.671738],[-58.994156,-51.68259],[-58.997383,-51.676723],[-59.047546,-51.653549],[-58.977726,-51.670856],[-59.041679,-51.642986],[-59.071602,-51.645626],[-59.082455,-51.639172],[-59.074242,-51.638294],[-59.084213,-51.627438],[-59.102402,-51.62421],[-59.095947,-51.621864],[-59.107681,-51.620983],[-59.104164,-51.615997],[-59.11179,-51.612186],[-59.153446,-51.596344],[-59.167526,-51.595169],[-59.177502,-51.583435],[-59.154327,-51.575222],[-59.129097,-51.535034],[-59.112671,-51.529167],[-59.129978,-51.49543],[-59.10915,-51.501884],[-59.084213,-51.530045],[-59.082455,-51.547646],[-59.070721,-51.5541],[-59.077469,-51.568474],[-59.062508,-51.571701],[-59.074242,-51.585197],[-59.054291,-51.582558],[-59.038452,-51.60133],[-59.015862,-51.603382],[-59.035812,-51.590771],[-59.025837,-51.582558],[-59.029064,-51.577568],[-59.049305,-51.574341],[-59.035812,-51.571701],[-59.045784,-51.560848],[-59.025837,-51.560848],[-59.055759,-51.538261],[-59.052532,-51.533272],[-59.060745,-51.532684],[-59.056053,-51.527699],[-59.065735,-51.516846],[-59.03669,-51.503056],[-58.993275,-51.51215],[-58.978313,-51.506283],[-58.966873,-51.516258],[-58.930202,-51.520367],[-58.953381,-51.508633],[-58.965115,-51.51215],[-58.975086,-51.504524],[-59.006767,-51.503937],[-59.091549,-51.469616],[-59.113258,-51.480469],[-59.142593,-51.46492],[-59.139366,-51.445854],[-59.107681,-51.432652],[-59.112377,-51.425026],[-59.09507,-51.411236],[-59.048424,-51.434704],[-58.978313,-51.427078],[-58.972446,-51.434998],[-58.979195,-51.442627],[-58.958366,-51.447025],[-58.968342,-51.424438],[-59.019089,-51.420918],[-58.992687,-51.409184],[-58.999142,-51.401554],[-58.990929,-51.395103],[-59.004128,-51.386009],[-58.876812,-51.383663],[-58.864201,-51.373394],[-58.857452,-51.355793],[-58.91407,-51.314137],[-58.917587,-51.305042],[-58.910843,-51.299175],[-58.955727,-51.270134],[-58.945751,-51.256638],[-58.961006,-51.250771],[-58.966579,-51.233757]],[[-58.607513,-51.292431],[-58.602528,-51.292431],[-58.602528,-51.295071],[-58.607513,-51.292431]],[[-57.953335,-51.365475],[-57.950691,-51.366646],[-57.953335,-51.367821],[-57.953335,-51.365475]],[[-58.16103,-51.376621],[-58.157509,-51.376621],[-58.157509,-51.37838],[-58.16103,-51.376621]],[[-58.315918,-51.392464],[-58.320908,-51.392464],[-58.320908,-51.391582],[-58.315918,-51.392464]],[[-58.307411,-51.395985],[-58.307411,-51.397449],[-58.316799,-51.398037],[-58.307411,-51.395985]],[[-58.312401,-51.425903],[-58.303307,-51.42033],[-58.300957,-51.425026],[-58.306534,-51.429718],[-58.312401,-51.425903]],[[-58.328533,-51.447025],[-58.325893,-51.447613],[-58.328533,-51.450546],[-58.328533,-51.447025]],[[-58.379284,-51.46991],[-58.397472,-51.469028],[-58.394833,-51.464626],[-58.379284,-51.46991]],[[-58.363441,-51.466972],[-58.360802,-51.470787],[-58.365791,-51.4702],[-58.363441,-51.466972]],[[-58.513348,-51.471375],[-58.517452,-51.46756],[-58.509827,-51.466972],[-58.513348,-51.471375]],[[-58.479317,-51.456707],[-58.488411,-51.459641],[-58.494278,-51.457588],[-58.490173,-51.450546],[-58.479317,-51.456707]],[[-58.533295,-51.473721],[-58.532413,-51.474895],[-58.536522,-51.475483],[-58.533295,-51.473721]],[[-58.347603,-51.524178],[-58.340855,-51.523296],[-58.344959,-51.528873],[-58.347603,-51.524178]],[[-58.351707,-51.530338],[-58.344082,-51.535912],[-58.362564,-51.541779],[-58.362564,-51.536793],[-58.351707,-51.530338]],[[-58.347603,-51.545006],[-58.339092,-51.547646],[-58.343201,-51.548821],[-58.347603,-51.545006]],[[-58.281597,-51.539726],[-58.267517,-51.54002],[-58.280128,-51.550579],[-58.281597,-51.539726]],[[-57.889969,-51.382782],[-57.887623,-51.384251],[-57.89349,-51.384541],[-57.889969,-51.382782]],[[-57.8885,-51.388062],[-57.88586,-51.388355],[-57.886742,-51.38953],[-57.8885,-51.388062]],[[-57.850952,-51.408302],[-57.850952,-51.410065],[-57.854179,-51.410065],[-57.850952,-51.408302]],[[-58.065983,-51.545887],[-58.065689,-51.544128],[-58.060699,-51.545887],[-58.065983,-51.545887]],[[-58.072433,-51.545006],[-58.088276,-51.542953],[-58.090916,-51.539139],[-58.08329,-51.538845],[-58.072433,-51.545006]],[[-58.058353,-51.552925],[-58.035767,-51.563488],[-58.088276,-51.560555],[-58.094143,-51.5541],[-58.058353,-51.552925]],[[-57.788467,-51.604557],[-57.780842,-51.609249],[-57.789936,-51.608665],[-57.788467,-51.604557]],[[-57.758545,-51.623039],[-57.740944,-51.62421],[-57.746811,-51.629494],[-57.758545,-51.623039]],[[-57.741825,-51.672909],[-57.737427,-51.674965],[-57.74828,-51.676136],[-57.741825,-51.672909]],[[-57.725105,-51.674667],[-57.722462,-51.675842],[-57.730091,-51.677017],[-57.725105,-51.674667]],[[-58.188309,-51.776169],[-58.185669,-51.777637],[-58.199165,-51.778221],[-58.188309,-51.776169]],[[-58.047501,-51.790836],[-58.060116,-51.79641],[-58.087395,-51.789959],[-58.076836,-51.787025],[-58.047501,-51.790836]],[[-58.051605,-51.795532],[-58.049259,-51.796703],[-58.051605,-51.797878],[-58.051605,-51.795532]],[[-58.085049,-51.794651],[-58.08593,-51.793476],[-58.081821,-51.792892],[-58.085049,-51.794651]],[[-58.10001,-51.790543],[-58.100891,-51.789078],[-58.095905,-51.789078],[-58.10001,-51.790543]],[[-58.095024,-51.797878],[-58.092384,-51.799053],[-58.10001,-51.799637],[-58.095024,-51.797878]],[[-58.244926,-51.800518],[-58.240822,-51.800812],[-58.241699,-51.801987],[-58.244926,-51.800518]],[[-58.161613,-51.801106],[-58.160736,-51.80257],[-58.163376,-51.803745],[-58.161613,-51.801106]],[[-58.158386,-51.802864],[-58.155746,-51.804039],[-58.16103,-51.804039],[-58.158386,-51.802864]],[[-58.141666,-51.804626],[-58.137562,-51.806679],[-58.143429,-51.806973],[-58.141666,-51.804626]],[[-58.171001,-51.80756],[-58.20327,-51.810493],[-58.225861,-51.805798],[-58.176868,-51.802864],[-58.171001,-51.80756]],[[-58.305946,-51.829266],[-58.319145,-51.828388],[-58.318268,-51.827213],[-58.305946,-51.829266]],[[-58.325012,-51.828678],[-58.325893,-51.827507],[-58.320908,-51.827507],[-58.325012,-51.828678]],[[-58.328239,-51.831322],[-58.324135,-51.831615],[-58.326775,-51.833668],[-58.328239,-51.831322]],[[-58.19183,-51.854496],[-58.184204,-51.855083],[-58.18655,-51.857136],[-58.19183,-51.854496]],[[-58.198284,-51.864471],[-58.195938,-51.865055],[-58.196819,-51.867111],[-58.198284,-51.864471]],[[-58.20327,-51.870338],[-58.199165,-51.870922],[-58.200043,-51.872978],[-58.20327,-51.870338]],[[-58.254314,-51.871803],[-58.284237,-51.872684],[-58.275143,-51.867111],[-58.266636,-51.871216],[-58.254314,-51.871803]],[[-58.279251,-51.876789],[-58.303307,-51.887058],[-58.300957,-51.877377],[-58.307411,-51.875031],[-58.290104,-51.874737],[-58.279251,-51.876789]],[[-58.266636,-51.867111],[-58.263996,-51.869164],[-58.266636,-51.869751],[-58.266636,-51.867111]],[[-58.262527,-51.866524],[-58.2593,-51.866524],[-58.259888,-51.86887],[-58.262527,-51.866524]],[[-58.269276,-51.861828],[-58.269276,-51.860069],[-58.265755,-51.860069],[-58.269276,-51.861828]],[[-58.26165,-51.859482],[-58.255783,-51.860069],[-58.25666,-51.861244],[-58.26165,-51.859482]],[[-58.260769,-51.85743],[-58.246689,-51.855377],[-58.24258,-51.85743],[-58.248447,-51.861244],[-58.260769,-51.85743]],[[-58.231728,-51.853615],[-58.229088,-51.854202],[-58.229965,-51.856255],[-58.231728,-51.853615]],[[-58.237595,-51.854202],[-58.237595,-51.852444],[-58.234955,-51.85215],[-58.237595,-51.854202]],[[-58.229965,-51.851269],[-58.235832,-51.850975],[-58.234955,-51.84951],[-58.229965,-51.851269]],[[-58.396591,-51.904659],[-58.394245,-51.916687],[-58.407448,-51.918446],[-58.400112,-51.924606],[-58.449982,-51.926952],[-58.472572,-51.914928],[-58.466705,-51.907005],[-58.427395,-51.917568],[-58.440887,-51.921673],[-58.425049,-51.921379],[-58.399231,-51.909351],[-58.426807,-51.906124],[-58.396591,-51.904659]],[[-58.387497,-51.924313],[-58.387497,-51.925781],[-58.392487,-51.925194],[-58.387497,-51.924313]],[[-58.699333,-51.926662],[-58.71928,-51.932529],[-58.709892,-51.937809],[-58.734241,-51.934288],[-58.725735,-51.930767],[-58.736004,-51.925781],[-58.719868,-51.922848],[-58.72427,-51.92754],[-58.718403,-51.929592],[-58.71019,-51.924606],[-58.699333,-51.926662]],[[-58.678211,-51.937809],[-58.65181,-51.943676],[-58.647411,-51.94661],[-58.679974,-51.947197],[-58.678211,-51.937809]],[[-58.63509,-51.941326],[-58.63245,-51.943382],[-58.637436,-51.943382],[-58.63509,-51.941326]],[[-58.566738,-51.944553],[-58.564098,-51.945141],[-58.564976,-51.947197],[-58.566738,-51.944553]],[[-58.754192,-51.947491],[-58.761818,-51.95042],[-58.775898,-51.949249],[-58.766804,-51.945435],[-58.754192,-51.947491]],[[-58.66824,-51.95042],[-58.65181,-51.954529],[-58.650929,-51.955997],[-58.666771,-51.95541],[-58.66824,-51.95042]],[[-58.4491,-51.952477],[-58.464943,-51.963917],[-58.492519,-51.956581],[-58.4491,-51.952477]],[[-58.515106,-51.965385],[-58.517452,-51.964211],[-58.508362,-51.963036],[-58.515106,-51.965385]],[[-58.683491,-51.961277],[-58.687599,-51.96069],[-58.684959,-51.959515],[-58.683491,-51.961277]],[[-58.686718,-51.958637],[-58.689068,-51.957462],[-58.680851,-51.956581],[-58.686718,-51.958637]],[[-58.504253,-51.956581],[-58.504253,-51.955116],[-58.500732,-51.955116],[-58.504253,-51.956581]],[[-58.782646,-51.949249],[-58.782646,-51.94661],[-58.777367,-51.947491],[-58.782646,-51.949249]],[[-58.694054,-51.944263],[-58.694347,-51.942501],[-58.689068,-51.943382],[-58.694054,-51.944263]],[[-58.761818,-51.944553],[-58.765926,-51.943382],[-58.765045,-51.942207],[-58.761818,-51.944553]],[[-58.773258,-51.943089],[-58.774139,-51.940742],[-58.769154,-51.940742],[-58.773258,-51.943089]],[[-58.513348,-51.916393],[-58.552654,-51.900845],[-58.516575,-51.899673],[-58.534176,-51.904072],[-58.504253,-51.909061],[-58.513348,-51.916393]],[[-58.75507,-51.912872],[-58.755951,-51.91082],[-58.751553,-51.910526],[-58.75507,-51.912872]],[[-58.783527,-51.910526],[-58.794086,-51.907593],[-58.776779,-51.907887],[-58.783527,-51.910526]],[[-58.860092,-51.907887],[-58.862438,-51.906712],[-58.860092,-51.90554],[-58.860092,-51.907887]],[[-58.804939,-51.904659],[-58.800835,-51.904953],[-58.801716,-51.907005],[-58.804939,-51.904659]],[[-58.591675,-51.904659],[-58.595779,-51.901726],[-58.589912,-51.90202],[-58.591675,-51.904659]],[[-58.815796,-51.898499],[-58.815796,-51.897617],[-58.811687,-51.897034],[-58.815796,-51.898499]],[[-58.850117,-51.898792],[-58.852467,-51.89674],[-58.845131,-51.894684],[-58.850117,-51.898792]],[[-58.870068,-51.897034],[-58.874172,-51.895859],[-58.873295,-51.894684],[-58.870068,-51.897034]],[[-58.885906,-51.889992],[-58.882385,-51.889992],[-58.88092,-51.89175],[-58.885906,-51.889992]],[[-58.896763,-51.892925],[-58.90263,-51.889111],[-58.896763,-51.887939],[-58.896763,-51.892925]],[[-58.855106,-51.889698],[-58.845131,-51.891167],[-58.84425,-51.892632],[-58.850117,-51.892925],[-58.855106,-51.889698]],[[-58.814915,-51.88295],[-58.817554,-51.882362],[-58.816673,-51.881191],[-58.814915,-51.88295]],[[-58.899109,-51.873268],[-58.904976,-51.874443],[-58.917587,-51.868282],[-58.908203,-51.86887],[-58.899109,-51.873268]],[[-58.917587,-51.873268],[-58.923454,-51.873856],[-58.944286,-51.86095],[-58.931671,-51.864471],[-58.917587,-51.873268]],[[-58.940765,-51.85743],[-58.942524,-51.850975],[-58.929321,-51.855961],[-58.940765,-51.85743]],[[-58.935192,-51.850388],[-58.937538,-51.848335],[-58.936657,-51.84716],[-58.935192,-51.850388]],[[-58.9701,-51.84951],[-58.959248,-51.845989],[-58.960125,-51.841293],[-58.954258,-51.846867],[-58.955139,-51.848629],[-58.9701,-51.84951]],[[-58.963352,-51.844521],[-58.965992,-51.844227],[-58.965115,-51.843056],[-58.963352,-51.844521]],[[-58.956604,-51.841293],[-58.961006,-51.836601],[-58.950153,-51.833668],[-58.956604,-51.841293]],[[-58.965115,-51.836308],[-58.965992,-51.834255],[-58.962471,-51.834255],[-58.965115,-51.836308]],[[-58.941643,-51.835426],[-58.935776,-51.84071],[-58.939884,-51.842175],[-58.941643,-51.835426]],[[-58.937538,-51.843349],[-58.937538,-51.845108],[-58.941643,-51.845402],[-58.937538,-51.843349]],[[-58.942524,-51.846577],[-58.951618,-51.84716],[-58.954258,-51.843349],[-58.950153,-51.843056],[-58.942524,-51.846577]],[[-58.956604,-51.827213],[-58.959248,-51.826626],[-58.958366,-51.824574],[-58.956604,-51.827213]],[[-58.615726,-51.967438],[-58.620716,-51.969196],[-58.62101,-51.966557],[-58.615726,-51.967438]],[[-58.479904,-51.97213],[-58.449982,-51.982986],[-58.438248,-51.977997],[-58.429153,-51.985039],[-58.436783,-51.989731],[-58.497505,-51.978291],[-58.479904,-51.97213]],[[-58.452328,-51.977409],[-58.452621,-51.978291],[-58.454968,-51.978878],[-58.452328,-51.977409]],[[-58.430916,-51.989143],[-58.394245,-51.999119],[-58.398354,-52.005573],[-58.410965,-52.000877],[-58.404221,-52.01672],[-58.416538,-52.026989],[-58.419182,-52.018188],[-58.45174,-52.010559],[-58.455849,-52.013493],[-58.44265,-52.019947],[-58.457611,-52.019947],[-58.439129,-52.031681],[-58.467583,-52.030804],[-58.457611,-52.037548],[-58.463478,-52.04224],[-58.443233,-52.042828],[-58.434139,-52.028454],[-58.42094,-52.029335],[-58.434139,-52.037548],[-58.439129,-52.051628],[-58.427395,-52.060722],[-58.434139,-52.067471],[-58.424168,-52.068352],[-58.432674,-52.08918],[-58.412434,-52.098274],[-58.417419,-52.100914],[-58.459076,-52.100914],[-58.465824,-52.092697],[-58.444996,-52.088886],[-58.444115,-52.078323],[-58.459076,-52.080963],[-58.449982,-52.085365],[-58.472572,-52.08683],[-58.480785,-52.073338],[-58.52684,-52.062191],[-58.517452,-52.055737],[-58.5242,-52.038429],[-58.552654,-52.030804],[-58.550896,-52.021709],[-58.535934,-52.022587],[-58.531536,-52.012028],[-58.521854,-52.016426],[-58.521561,-52.009682],[-58.490761,-52.007626],[-58.48988,-51.997067],[-58.467583,-52.004105],[-58.474918,-51.996185],[-58.489292,-51.99501],[-58.485184,-51.990318],[-58.448223,-51.995598],[-58.444996,-52.007038],[-58.415955,-52.004105],[-58.430916,-51.989143]],[[-58.38662,-51.99472],[-58.368431,-52.002934],[-58.35347,-51.996185],[-58.34584,-52.008213],[-58.376644,-52.007919],[-58.389259,-52.003521],[-58.38662,-51.99472]],[[-58.376644,-52.012028],[-58.382511,-52.008507],[-58.38163,-52.007919],[-58.376644,-52.012028]],[[-58.390724,-52.012615],[-58.390724,-52.006748],[-58.38662,-52.005573],[-58.390724,-52.012615]],[[-58.382511,-52.012615],[-58.351707,-52.016132],[-58.347603,-52.020828],[-58.373417,-52.021122],[-58.382511,-52.012615]],[[-58.405098,-52.021416],[-58.405979,-52.019947],[-58.402458,-52.019947],[-58.405098,-52.021416]],[[-58.4491,-52.037548],[-58.459076,-52.034321],[-58.45673,-52.033733],[-58.4491,-52.037548]],[[-58.458488,-52.106194],[-58.462597,-52.105019],[-58.459957,-52.103848],[-58.458488,-52.106194]],[[-58.535053,-52.068645],[-58.535934,-52.066589],[-58.531536,-52.063656],[-58.535053,-52.068645]],[[-58.601646,-52.041363],[-58.607513,-52.037548],[-58.593433,-52.035496],[-58.601646,-52.041363]],[[-58.525669,-52.011734],[-58.527428,-52.011734],[-58.527428,-52.009972],[-58.525669,-52.011734]],[[-58.607513,-52.004986],[-58.607513,-52.003227],[-58.600765,-52.003227],[-58.607513,-52.004986]],[[-58.528309,-51.999706],[-58.529186,-51.999119],[-58.525082,-51.997948],[-58.528309,-51.999706]],[[-58.529186,-51.995892],[-58.529186,-51.99501],[-58.522442,-51.99501],[-58.529186,-51.995892]],[[-58.474037,-51.988266],[-58.462597,-51.988266],[-58.464062,-51.991783],[-58.474037,-51.988266]],[[-58.483425,-51.988853],[-58.487534,-51.987385],[-58.481667,-51.986214],[-58.483425,-51.988853]],[[-58.499268,-51.982399],[-58.479317,-51.983276],[-58.480198,-51.984745],[-58.499268,-51.982399]],[[-58.607513,-51.975063],[-58.607513,-51.973305],[-58.592552,-51.974182],[-58.607513,-51.975063]],[[-58.618366,-51.976238],[-58.619247,-51.975063],[-58.609276,-51.974182],[-58.618366,-51.976238]],[[-58.498386,-51.97213],[-58.497505,-51.974182],[-58.507481,-51.975945],[-58.498386,-51.97213]],[[-58.624233,-52.114113],[-58.612499,-52.118515],[-58.61602,-52.130836],[-58.594315,-52.141689],[-58.5993,-52.150784],[-58.615726,-52.151665],[-58.609276,-52.142571],[-58.62746,-52.132595],[-58.624233,-52.114113]],[[-58.704025,-52.151665],[-58.709015,-52.153423],[-58.709309,-52.146675],[-58.704025,-52.151665]],[[-58.82254,-52.157532],[-58.845718,-52.171612],[-58.842491,-52.187454],[-58.824303,-52.199188],[-58.835743,-52.205933],[-58.830757,-52.210922],[-58.935192,-52.244656],[-58.98682,-52.242016],[-59.002663,-52.24847],[-59.004128,-52.242603],[-58.990929,-52.235855],[-58.997677,-52.225883],[-58.990047,-52.223827],[-58.974209,-52.225883],[-58.965115,-52.237911],[-58.950153,-52.225296],[-58.938416,-52.235561],[-58.923454,-52.229694],[-58.914948,-52.214439],[-58.886787,-52.222069],[-58.870068,-52.210335],[-58.857452,-52.215027],[-58.852467,-52.208282],[-58.860973,-52.200066],[-58.854225,-52.185986],[-58.862438,-52.17836],[-58.839264,-52.160759],[-58.840729,-52.150784],[-58.826649,-52.135529],[-58.82254,-52.157532]],[[-58.704323,-52.154888],[-58.699333,-52.155769],[-58.699333,-52.158409],[-58.704323,-52.154888]],[[-58.603409,-52.155476],[-58.597542,-52.157532],[-58.599888,-52.159584],[-58.603409,-52.155476]],[[-58.83017,-52.189507],[-58.82753,-52.190094],[-58.82753,-52.190971],[-58.83017,-52.189507]],[[-58.799072,-52.191559],[-58.795849,-52.195961],[-58.804939,-52.198895],[-58.799072,-52.191559]],[[-58.646824,-52.236149],[-58.640957,-52.235855],[-58.641834,-52.237911],[-58.646824,-52.236149]],[[-58.863319,-52.210335],[-58.859211,-52.210922],[-58.860092,-52.212093],[-58.863319,-52.210335]],[[-58.868305,-52.208866],[-58.870945,-52.207401],[-58.866547,-52.206226],[-58.868305,-52.208866]],[[-58.879162,-52.205933],[-58.879162,-52.203293],[-58.875935,-52.203293],[-58.879162,-52.205933]],[[-59.001488,-52.200359],[-59.004128,-52.200066],[-59.004128,-52.198307],[-59.001488,-52.200359]],[[-59.038452,-52.194492],[-59.03933,-52.191559],[-59.031704,-52.189507],[-59.038452,-52.194492]],[[-58.993275,-52.18716],[-58.989166,-52.189213],[-58.993275,-52.190388],[-58.993275,-52.18716]],[[-58.878281,-52.185398],[-58.875935,-52.19244],[-58.878281,-52.193028],[-58.878281,-52.185398]],[[-59.027596,-52.169266],[-59.031704,-52.172199],[-59.037571,-52.170731],[-59.034931,-52.168091],[-59.027596,-52.169266]],[[-59.017624,-52.144917],[-58.985943,-52.137585],[-58.995914,-52.149021],[-59.017624,-52.144917]],[[-58.848358,-52.142864],[-58.845718,-52.144917],[-58.856865,-52.146381],[-58.848358,-52.142864]],[[-58.973328,-52.146969],[-58.974209,-52.146675],[-58.971565,-52.143742],[-58.973328,-52.146969]],[[-58.720749,-52.139931],[-58.732483,-52.129074],[-58.700802,-52.129955],[-58.705788,-52.138462],[-58.720749,-52.139931]],[[-59.016743,-52.132889],[-59.019089,-52.131714],[-59.013222,-52.130249],[-59.016743,-52.132889]],[[-58.921696,-52.127022],[-58.919056,-52.128197],[-58.919937,-52.130543],[-58.921696,-52.127022]],[[-58.922577,-52.123501],[-58.922577,-52.11998],[-58.909081,-52.124969],[-58.922577,-52.123501]],[[-58.997967,-52.086246],[-59.00853,-52.088886],[-59.010876,-52.085072],[-59.00325,-52.081261],[-58.997967,-52.086246]],[[-59.079227,-52.081551],[-59.09008,-52.081261],[-59.094189,-52.075977],[-59.08099,-52.072456],[-59.079227,-52.081551]],[[-59.058399,-52.078617],[-59.055759,-52.079205],[-59.058399,-52.081261],[-59.058399,-52.078617]],[[-59.094189,-52.038429],[-59.095947,-52.034908],[-59.090961,-52.034321],[-59.094189,-52.038429]],[[-59.185715,-52.029041],[-59.182487,-52.028454],[-59.182487,-52.029922],[-59.185715,-52.029041]],[[-59.144939,-52.012905],[-59.147579,-52.009094],[-59.139954,-52.007038],[-59.144939,-52.012905]],[[-59.250839,-52.008507],[-59.255829,-52.008213],[-59.25172,-52.00528],[-59.250839,-52.008507]],[[-59.26844,-52.256977],[-59.270786,-52.254925],[-59.266682,-52.254631],[-59.26844,-52.256977]],[[-59.316551,-52.254631],[-59.325939,-52.250816],[-59.310097,-52.237911],[-59.305988,-52.243485],[-59.316551,-52.254631]],[[-59.296604,-52.247883],[-59.294254,-52.250816],[-59.300121,-52.251991],[-59.296604,-52.247883]],[[-59.306576,-52.252872],[-59.310978,-52.252579],[-59.309216,-52.249935],[-59.306576,-52.252872]],[[-59.254066,-52.203293],[-59.263454,-52.209747],[-59.270786,-52.204174],[-59.264919,-52.201241],[-59.254066,-52.203293]],[[-59.361729,-52.209454],[-59.364368,-52.207401],[-59.361729,-52.206226],[-59.361729,-52.209454]],[[-59.400158,-52.206226],[-59.401035,-52.205055],[-59.398396,-52.204468],[-59.400158,-52.206226]],[[-59.374928,-52.165451],[-59.377567,-52.163399],[-59.373463,-52.162811],[-59.374928,-52.165451]],[[-59.021729,-52.260498],[-59.019089,-52.261669],[-59.021729,-52.262844],[-59.021729,-52.260498]],[[-59.012634,-52.26754],[-59.009117,-52.26754],[-59.009995,-52.270473],[-59.012634,-52.26754]],[[-59.662415,-52.361706],[-59.645695,-52.3708],[-59.684124,-52.377544],[-59.696739,-52.397202],[-59.724899,-52.39632],[-59.744263,-52.385174],[-59.731647,-52.373734],[-59.719326,-52.379307],[-59.716686,-52.368748],[-59.696739,-52.366985],[-59.704365,-52.376667],[-59.693218,-52.376373],[-59.667404,-52.364346],[-59.668282,-52.358772],[-59.682659,-52.364052],[-59.67239,-52.354076],[-59.654202,-52.350849],[-59.662415,-52.361706]],[[-59.757462,-52.382534],[-59.787384,-52.377544],[-59.785038,-52.362881],[-59.803226,-52.366985],[-59.8176,-52.360825],[-59.781811,-52.34029],[-59.76421,-52.344982],[-59.76421,-52.31741],[-59.748367,-52.308022],[-59.7425,-52.306557],[-59.74485,-52.317997],[-59.67767,-52.302448],[-59.691753,-52.317116],[-59.714046,-52.316528],[-59.719326,-52.336769],[-59.751011,-52.349972],[-59.734287,-52.361706],[-59.757462,-52.382534]],[[-59.740742,-52.306557],[-59.737515,-52.306557],[-59.737515,-52.310074],[-59.740742,-52.306557]],[[-59.691753,-52.318874],[-59.687645,-52.32093],[-59.688232,-52.322983],[-59.691753,-52.318874]],[[-59.396637,-52.339703],[-59.392529,-52.341759],[-59.395168,-52.34293],[-59.396637,-52.339703]],[[-59.392529,-52.35173],[-59.401035,-52.35173],[-59.400745,-52.350849],[-59.392529,-52.35173]],[[-59.704952,-52.361412],[-59.704071,-52.364052],[-59.7117,-52.36552],[-59.704952,-52.361412]],[[-59.718449,-52.367867],[-59.722553,-52.367573],[-59.720207,-52.364639],[-59.718449,-52.367867]],[[-59.373463,-52.357014],[-59.372581,-52.357597],[-59.373463,-52.359653],[-59.373463,-52.357014]],[[-59.734287,-52.294235],[-59.749249,-52.295113],[-59.760689,-52.271645],[-59.755703,-52.259911],[-59.760983,-52.251698],[-59.739277,-52.249058],[-59.754234,-52.230869],[-59.739277,-52.223244],[-59.735756,-52.210041],[-59.746021,-52.199188],[-59.740742,-52.19244],[-59.75013,-52.192146],[-59.756584,-52.181293],[-59.785038,-52.18716],[-59.792664,-52.172493],[-59.807625,-52.171612],[-59.782692,-52.152542],[-59.77829,-52.140514],[-59.769196,-52.174252],[-59.692631,-52.171612],[-59.682659,-52.194199],[-59.692631,-52.215908],[-59.667404,-52.223244],[-59.687351,-52.23175],[-59.679138,-52.245831],[-59.716686,-52.267246],[-59.730766,-52.263432],[-59.734287,-52.294235]],[[-60.65102,-52.259323],[-60.67918,-52.236736],[-60.680943,-52.22823],[-60.667446,-52.221775],[-60.694141,-52.214149],[-60.671555,-52.199478],[-60.630779,-52.214149],[-60.639286,-52.207401],[-60.630192,-52.206226],[-60.660995,-52.195961],[-60.645741,-52.185104],[-60.671848,-52.191265],[-60.694141,-52.180119],[-60.660995,-52.157532],[-60.703529,-52.173664],[-60.705879,-52.157532],[-60.724945,-52.160465],[-60.722599,-52.153423],[-60.745773,-52.144035],[-60.724945,-52.140514],[-60.730812,-52.134941],[-60.714973,-52.129662],[-60.665981,-52.136703],[-60.677422,-52.130836],[-60.673313,-52.127903],[-60.715851,-52.111767],[-60.7402,-52.124676],[-60.762493,-52.11998],[-60.763374,-52.110302],[-60.805031,-52.113819],[-60.819111,-52.104141],[-60.814125,-52.099152],[-60.830849,-52.098274],[-60.833195,-52.108833],[-60.847569,-52.107658],[-60.839062,-52.127609],[-60.790951,-52.140808],[-60.765137,-52.167797],[-60.714386,-52.177479],[-60.725826,-52.180706],[-60.718201,-52.18716],[-60.798283,-52.189507],[-60.822632,-52.172493],[-60.809139,-52.163399],[-60.814125,-52.152542],[-60.855782,-52.146675],[-60.850796,-52.13905],[-60.860767,-52.130836],[-60.854317,-52.125847],[-60.868397,-52.126434],[-60.881596,-52.116169],[-60.930882,-52.115875],[-60.945843,-52.106781],[-60.942616,-52.092407],[-60.977524,-52.087418],[-60.970776,-52.079205],[-60.996006,-52.074219],[-60.994244,-52.060722],[-61.01918,-52.046642],[-61.025929,-52.049282],[-61.01918,-52.059258],[-61.004219,-52.067471],[-61.012432,-52.080963],[-61.030033,-52.071285],[-61.045876,-52.073338],[-61.04089,-52.061604],[-61.050861,-52.056618],[-61.042355,-52.045177],[-61.04089,-52.01672],[-61.07169,-52.019653],[-61.077557,-52.011734],[-61.011555,-52.011147],[-61.000404,-52.01936],[-61.000992,-52.03931],[-60.971657,-52.042828],[-60.973415,-52.048695],[-60.939976,-52.041363],[-60.934986,-52.04723],[-60.928242,-52.036961],[-60.89333,-52.036961],[-60.889225,-52.060139],[-60.910931,-52.068352],[-60.891865,-52.065418],[-60.877491,-52.073338],[-60.91328,-52.084484],[-60.890102,-52.081261],[-60.875141,-52.073631],[-60.851673,-52.0839],[-60.855782,-52.078323],[-60.799164,-52.059258],[-60.868397,-52.071285],[-60.881008,-52.066006],[-60.870743,-52.057495],[-60.885998,-52.052509],[-60.882477,-52.036671],[-60.894211,-52.034321],[-60.891571,-52.027866],[-60.875141,-52.027866],[-60.855194,-52.04224],[-60.744308,-52.019066],[-60.748413,-51.998825],[-60.766602,-52.003815],[-60.791828,-51.992081],[-60.819992,-52.003815],[-60.825859,-51.998238],[-60.815887,-51.996773],[-60.819111,-51.988266],[-60.837593,-51.986797],[-60.836716,-51.981224],[-60.8241,-51.983276],[-60.827621,-51.978291],[-60.852554,-51.970959],[-60.855782,-51.962448],[-60.845806,-51.960102],[-60.846687,-51.953648],[-60.767483,-51.961571],[-60.775108,-51.967144],[-60.750175,-51.960396],[-60.744308,-51.962448],[-60.748413,-51.973892],[-60.728466,-51.962158],[-60.704998,-51.963623],[-60.705879,-51.976826],[-60.72084,-51.982399],[-60.705879,-51.983276],[-60.707638,-51.994133],[-60.727585,-52.00264],[-60.707638,-52.006748],[-60.717613,-52.010853],[-60.713505,-52.013786],[-60.689156,-52.004105],[-60.70089,-51.998238],[-60.70089,-51.971836],[-60.690037,-51.96949],[-60.67918,-51.977409],[-60.682701,-52.008507],[-60.677422,-52.009972],[-60.692677,-52.020828],[-60.680943,-52.021709],[-60.677422,-52.032562],[-60.652489,-52.023468],[-60.669209,-52.015842],[-60.652489,-52.009094],[-60.667446,-52.004986],[-60.664223,-51.984158],[-60.672436,-51.975945],[-60.646622,-51.968609],[-60.635765,-51.970078],[-60.644272,-51.976826],[-60.622566,-51.978291],[-60.630779,-51.98093],[-60.636646,-51.997067],[-60.627552,-51.992664],[-60.627552,-51.982399],[-60.614937,-51.984745],[-60.614937,-51.979465],[-60.57592,-51.986797],[-60.584137,-51.990025],[-60.582668,-52.005867],[-60.602615,-52.006748],[-60.589123,-52.009094],[-60.603497,-52.026989],[-60.589123,-52.024055],[-60.592644,-52.01672],[-60.581787,-52.009682],[-60.552452,-52.027576],[-60.560963,-52.014961],[-60.577682,-52.007626],[-60.568295,-51.989437],[-60.532505,-52.003227],[-60.544239,-52.009972],[-60.544239,-52.025814],[-60.539253,-52.014961],[-60.529278,-52.015842],[-60.530159,-52.007919],[-60.504929,-52.024639],[-60.524292,-52.009094],[-60.517544,-52.004986],[-60.567413,-51.984158],[-60.466793,-51.973011],[-60.435112,-51.957169],[-60.431591,-51.966263],[-60.427483,-51.951595],[-60.394337,-51.926662],[-60.418388,-51.923725],[-60.418388,-51.930473],[-60.455059,-51.934582],[-60.461807,-51.946316],[-60.478527,-51.948662],[-60.474129,-51.941624],[-60.481754,-51.941326],[-60.498474,-51.953941],[-60.541599,-51.95541],[-60.5592,-51.948368],[-60.554214,-51.943382],[-60.561546,-51.938686],[-60.624912,-51.935459],[-60.627552,-51.926662],[-60.645741,-51.9249],[-60.624912,-51.918739],[-60.601738,-51.928715],[-60.551575,-51.933701],[-60.54512,-51.941326],[-60.497597,-51.931648],[-60.482636,-51.91346],[-60.499355,-51.909939],[-60.482636,-51.906712],[-60.447433,-51.875912],[-60.448311,-51.86887],[-60.47765,-51.872391],[-60.442444,-51.848335],[-60.475887,-51.82428],[-60.464153,-51.814892],[-60.469139,-51.80756],[-60.460926,-51.794945],[-60.450954,-51.795826],[-60.459167,-51.786732],[-60.446846,-51.777931],[-60.413403,-51.770302],[-60.432472,-51.787609],[-60.415161,-51.792011],[-60.417511,-51.782623],[-60.405777,-51.773235],[-60.399323,-51.77177],[-60.400204,-51.780277],[-60.395802,-51.769131],[-60.369106,-51.767368],[-60.382603,-51.774998],[-60.36412,-51.776756],[-60.372627,-51.790836],[-60.384949,-51.797878],[-60.393456,-51.790543],[-60.393456,-51.79641],[-60.415749,-51.80257],[-60.409294,-51.803452],[-60.415749,-51.816654],[-60.407536,-51.822521],[-60.399323,-51.799931],[-60.390816,-51.80257],[-60.400787,-51.808437],[-60.386707,-51.811371],[-60.373215,-51.796997],[-60.354145,-51.815773],[-60.370869,-51.816654],[-60.365879,-51.827507],[-60.378494,-51.838947],[-60.404308,-51.843349],[-60.395802,-51.848335],[-60.412521,-51.866817],[-60.379959,-51.846283],[-60.38084,-51.855083],[-60.356785,-51.854496],[-60.347401,-51.861828],[-60.358253,-51.874737],[-60.335957,-51.867699],[-60.340065,-51.860363],[-60.329212,-51.862415],[-60.340946,-51.850975],[-60.320702,-51.831615],[-60.335663,-51.820759],[-60.324223,-51.819881],[-60.31337,-51.831322],[-60.303394,-51.827801],[-60.300171,-51.838066],[-60.290195,-51.830441],[-60.272594,-51.831615],[-60.297527,-51.826626],[-60.300755,-51.812546],[-60.32745,-51.80492],[-60.292542,-51.780865],[-60.317474,-51.779984],[-60.31073,-51.775879],[-60.316597,-51.769714],[-60.330677,-51.779102],[-60.322464,-51.761795],[-60.2635,-51.750355],[-60.27758,-51.760036],[-60.269073,-51.765903],[-60.27494,-51.772064],[-60.252644,-51.767368],[-60.267605,-51.778221],[-60.254112,-51.780865],[-60.259098,-51.790836],[-60.22683,-51.772942],[-60.213337,-51.79113],[-60.212456,-51.781742],[-60.199257,-51.777637],[-60.179306,-51.75153],[-60.185761,-51.716618],[-60.179306,-51.707523],[-60.190746,-51.701656],[-60.246777,-51.696964],[-60.264088,-51.716618],[-60.286675,-51.722195],[-60.309261,-51.715153],[-60.316597,-51.696964],[-60.319237,-51.707523],[-60.338306,-51.717793],[-60.358253,-51.711338],[-60.377613,-51.716618],[-60.370869,-51.720139],[-60.385826,-51.731579],[-60.367641,-51.731579],[-60.372627,-51.743313],[-60.367641,-51.750942],[-60.35268,-51.750942],[-60.354145,-51.756809],[-60.371746,-51.759449],[-60.376736,-51.754463],[-60.387589,-51.755928],[-60.389935,-51.745369],[-60.409882,-51.746246],[-60.40255,-51.750061],[-60.415749,-51.761795],[-60.473248,-51.775581],[-60.482636,-51.772652],[-60.476768,-51.76033],[-60.503464,-51.771183],[-60.518425,-51.763847],[-60.520771,-51.77177],[-60.549225,-51.779102],[-60.532505,-51.785851],[-60.550987,-51.797585],[-60.538372,-51.798759],[-60.531624,-51.788784],[-60.520771,-51.795826],[-60.520771,-51.803452],[-60.538372,-51.807854],[-60.569176,-51.800812],[-60.567707,-51.781742],[-60.5592,-51.774117],[-60.590881,-51.774117],[-60.607605,-51.747421],[-60.637527,-51.728352],[-60.649261,-51.710751],[-60.644272,-51.701656],[-60.660995,-51.684937],[-60.646622,-51.667042],[-60.615818,-51.679951],[-60.608482,-51.691391],[-60.605843,-51.687576],[-60.613472,-51.676136],[-60.555092,-51.702244],[-60.520771,-51.704884],[-60.516663,-51.712219],[-60.511677,-51.703712],[-60.476768,-51.70694],[-60.365002,-51.67115],[-60.281689,-51.680534],[-60.250004,-51.672028],[-60.242672,-51.658241],[-60.228298,-51.656189],[-60.164932,-51.691391],[-60.098343,-51.706352],[-60.074287,-51.725124],[-60.019135,-51.730114],[-60.058445,-51.726299],[-60.071644,-51.713684],[-60.084259,-51.71339],[-60.092476,-51.700779],[-60.07106,-51.700779],[-60.076633,-51.697845],[-60.092476,-51.698429],[-60.091595,-51.691391],[-60.072525,-51.694031],[-60.074287,-51.684055],[-60.086609,-51.689629],[-60.091007,-51.681709],[-60.0825,-51.674965],[-60.08514,-51.667042],[-60.090126,-51.677017],[-60.109196,-51.672615],[-60.105087,-51.682003],[-60.159946,-51.676136],[-60.185761,-51.664108],[-60.215977,-51.634186],[-60.255871,-51.625973],[-60.217442,-51.618343],[-60.230057,-51.608665],[-60.271713,-51.610424],[-60.304276,-51.596638],[-60.30574,-51.579914],[-60.284035,-51.57933],[-60.286675,-51.576981],[-60.30838,-51.578743],[-60.31073,-51.575809],[-60.297527,-51.55909],[-60.282566,-51.5541],[-60.296646,-51.555569],[-60.30574,-51.545006],[-60.321877,-51.538845],[-60.345051,-51.542072],[-60.301636,-51.552048],[-60.309261,-51.554981],[-60.300755,-51.561729],[-60.325104,-51.580502],[-60.361774,-51.579624],[-60.399323,-51.564957],[-60.38847,-51.551167],[-60.403427,-51.562019],[-60.428364,-51.544712],[-60.483517,-51.532101],[-60.482636,-51.541779],[-60.494076,-51.54002],[-60.510796,-51.527405],[-60.504341,-51.524178],[-60.512558,-51.510979],[-60.506691,-51.499538],[-60.473248,-51.491322],[-60.386707,-51.504524],[-60.379082,-51.487511],[-60.39756,-51.482521],[-60.395802,-51.475777],[-60.420151,-51.457001],[-60.446846,-51.455536],[-60.4533,-51.438812],[-60.520184,-51.452011],[-60.596748,-51.441158],[-60.610832,-51.422386],[-60.65102,-51.414169],[-60.627552,-51.403317],[-60.629311,-51.377502],[-60.644272,-51.380142],[-60.664223,-51.362541],[-60.64838,-51.35638],[-60.604084,-51.364887],[-60.664223,-51.341713],[-60.61171,-51.346992],[-60.562428,-51.364887],[-60.565067,-51.372223],[-60.555092,-51.36694],[-60.523411,-51.371929],[-60.512558,-51.383369],[-60.498474,-51.381313],[-60.445965,-51.403317],[-60.445965,-51.410946],[-60.44186,-51.404491],[-60.404896,-51.418865],[-60.353268,-51.454655],[-60.238564,-51.494549],[-60.196613,-51.498951],[-60.156719,-51.484577],[-60.152611,-51.487511],[-60.167572,-51.490734],[-60.163464,-51.501297],[-60.126797,-51.506283],[-60.12093,-51.499245],[-60.130901,-51.495724],[-60.093353,-51.502178],[-60.078392,-51.484577],[-60.061672,-51.483696],[-60.049938,-51.493084],[-60.038494,-51.479588],[-59.970734,-51.475777],[-60.01503,-51.454655],[-60.089832,-51.452011],[-60.097462,-51.439106],[-60.067539,-51.434998],[-60.084259,-51.433239],[-60.065777,-51.420918],[-60.078392,-51.408009],[-60.027641,-51.415932],[-60.034096,-51.412411],[-60.02911,-51.405079],[-60.042603,-51.400089],[-60.032337,-51.395985],[-60.052578,-51.390118],[-60.006813,-51.381313],[-60.005936,-51.388355],[-59.97924,-51.390995],[-60.015907,-51.405079],[-60.010921,-51.418278],[-59.998306,-51.422092],[-59.980118,-51.423851],[-59.980999,-51.410946],[-59.966919,-51.407131],[-59.961929,-51.412998],[-59.95929,-51.397449],[-59.944328,-51.400089],[-59.94521,-51.39217],[-59.935238,-51.399796],[-59.929371,-51.398331],[-59.933475,-51.391289],[-59.913528,-51.398037],[-59.900913,-51.392464],[-59.917633,-51.38689],[-59.900032,-51.382195],[-59.85603,-51.392757],[-59.897686,-51.397449],[-59.885071,-51.403023],[-59.870991,-51.401852],[-59.888298,-51.40625],[-59.905899,-51.402435],[-59.887711,-51.408302],[-59.899155,-51.420036],[-59.895046,-51.426491],[-59.891819,-51.412998],[-59.821709,-51.397156],[-59.790905,-51.398331],[-59.872459,-51.412704],[-59.83168,-51.419743],[-59.813496,-51.411236],[-59.784157,-51.416813],[-59.793251,-51.421505],[-59.770077,-51.421211],[-59.755116,-51.407131],[-59.755116,-51.415638],[-59.743382,-51.414757],[-59.729301,-51.426785],[-59.756584,-51.428837],[-59.770077,-51.435585],[-59.818481,-51.434704],[-59.827576,-51.43676],[-59.80088,-51.441746],[-59.837547,-51.444092],[-59.811733,-51.443798],[-59.807625,-51.451721],[-59.815842,-51.455826],[-59.798534,-51.459641],[-59.775063,-51.453774],[-59.768318,-51.459641],[-59.755116,-51.451427],[-59.746609,-51.46228],[-59.631615,-51.437931],[-59.624279,-51.444973],[-59.624866,-51.463749],[-59.615185,-51.435585],[-59.570007,-51.434704],[-59.529232,-51.415051],[-59.518379,-51.401264],[-59.486698,-51.396275],[-59.480831,-51.400089],[-59.492565,-51.407719],[-59.490215,-51.413876],[-59.479069,-51.410065],[-59.481709,-51.417984],[-59.511631,-51.424732],[-59.538326,-51.441452],[-59.604332,-51.446732],[-59.584972,-51.459641],[-59.543316,-51.464626],[-59.521606,-51.479588],[-59.540966,-51.444973],[-59.500191,-51.462868],[-59.481709,-51.457878],[-59.463226,-51.463749],[-59.445923,-51.459347],[-59.436829,-51.447906],[-59.423332,-51.449669],[-59.37405,-51.43412],[-59.381676,-51.436466],[-59.431545,-51.409771],[-59.475842,-51.406837],[-59.434185,-51.390118],[-59.448563,-51.353741],[-59.395756,-51.366646],[-59.400745,-51.360191],[-59.409252,-51.357552],[-59.401035,-51.355793],[-59.405731,-51.350807],[-59.415997,-51.349339],[-59.415119,-51.339661],[-59.385784,-51.336723],[-59.35498,-51.360489],[-59.261696,-51.388943],[-59.235001,-51.390408],[-59.226784,-51.403904],[-59.189236,-51.40097],[-59.218277,-51.417103],[-59.289268,-51.433533],[-59.262573,-51.447613],[-59.289268,-51.452599],[-59.269321,-51.459347],[-59.29015,-51.464626],[-59.264919,-51.463161],[-59.200089,-51.435585],[-59.197449,-51.440865],[-59.283401,-51.484577],[-59.324177,-51.519192],[-59.344128,-51.520073],[-59.327698,-51.501003],[-59.330048,-51.493961],[-59.351753,-51.497189],[-59.363487,-51.488094],[-59.36261,-51.493378],[-59.349113,-51.501003],[-59.350876,-51.50687],[-59.369942,-51.499538],[-59.389301,-51.503349],[-59.352634,-51.510979],[-59.36261,-51.52594],[-59.37669,-51.523884],[-59.387543,-51.532684],[-59.365833,-51.529167],[-59.377567,-51.54266],[-59.346767,-51.521244],[-59.334152,-51.527699],[-59.385784,-51.582558],[-59.387543,-51.606609],[-59.422451,-51.619225],[-59.445042,-51.638],[-59.479069,-51.636826],[-59.459122,-51.599278],[-59.440933,-51.598396],[-59.440052,-51.586369],[-59.46587,-51.600742],[-59.474083,-51.615116],[-59.515739,-51.632427],[-59.529232,-51.646801],[-59.537449,-51.649147],[-59.537449,-51.638294],[-59.495792,-51.605145],[-59.534222,-51.623333],[-59.56414,-51.652668],[-59.592598,-51.664989],[-59.58585,-51.669098],[-59.600811,-51.684349],[-59.540966,-51.647682],[-59.547421,-51.663521],[-59.562382,-51.673496],[-59.557396,-51.677605],[-59.56913,-51.681709],[-59.562675,-51.683472],[-59.572651,-51.696671],[-59.582623,-51.693443],[-59.589077,-51.701656],[-59.582329,-51.706059],[-59.602573,-51.71838],[-59.605801,-51.734219],[-59.614307,-51.7351],[-59.609905,-51.729527],[-59.633373,-51.741261],[-59.6366,-51.733929],[-59.66095,-51.744194],[-59.645107,-51.739502],[-59.631615,-51.748886],[-59.617535,-51.745075],[-59.624279,-51.754169],[-59.642468,-51.760036],[-59.722553,-51.814304],[-59.73106,-51.814304],[-59.724899,-51.806385],[-59.745144,-51.811371],[-59.75013,-51.804626],[-59.770958,-51.819294],[-59.76421,-51.817532],[-59.755116,-51.810493],[-59.744263,-51.814304],[-59.797653,-51.861828],[-59.804108,-51.870922],[-59.799118,-51.880016],[-59.830799,-51.89674],[-59.855736,-51.965092],[-59.896805,-51.980637],[-59.899155,-51.970078],[-59.914993,-51.966263],[-59.946674,-51.991493],[-60.003296,-52.007919],[-60.015907,-51.998238],[-59.984226,-51.987679],[-60.007401,-51.980049],[-60.015907,-51.96685],[-59.985985,-51.96685],[-60.01503,-51.960396],[-60.041721,-51.970371],[-60.063431,-51.958637],[-60.073406,-51.962158],[-60.070766,-51.951595],[-60.052578,-51.946022],[-60.073406,-51.948074],[-60.076633,-51.930473],[-60.087486,-51.954235],[-60.084259,-51.964211],[-60.098343,-51.959515],[-60.110954,-51.963329],[-60.096581,-51.962158],[-60.084259,-51.970959],[-60.095993,-51.985039],[-60.084259,-51.998238],[-60.098343,-52.010559],[-60.169918,-52.006161],[-60.236805,-52.017895],[-60.235924,-52.008507],[-60.182533,-51.980049],[-60.185173,-51.978878],[-60.191628,-51.981224],[-60.201599,-51.988853],[-60.210991,-51.988266],[-60.213337,-51.992958],[-60.220963,-51.991783],[-60.208347,-51.980347],[-60.239151,-51.994133],[-60.220081,-51.975357],[-60.263206,-51.997948],[-60.280807,-51.993252],[-60.270832,-52.003227],[-60.286675,-52.015549],[-60.290779,-52.008213],[-60.333317,-51.992958],[-60.325104,-51.999706],[-60.2943,-52.010853],[-60.304276,-52.012615],[-60.289021,-52.017601],[-60.29166,-52.02552],[-60.284912,-52.017014],[-60.27758,-52.022587],[-60.274059,-52.037548],[-60.284328,-52.045761],[-60.270832,-52.041656],[-60.274059,-52.073338],[-60.280807,-52.071579],[-60.273472,-52.083019],[-60.265846,-52.077446],[-60.257339,-52.025814],[-60.239151,-52.019066],[-60.252354,-52.028454],[-60.26086,-52.090057],[-60.285793,-52.101791],[-60.325985,-52.151665],[-60.355026,-52.162811],[-60.358253,-52.155476],[-60.36676,-52.161343],[-60.382603,-52.150784],[-60.385826,-52.15929],[-60.360893,-52.172493],[-60.384949,-52.178066],[-60.409294,-52.171612],[-60.405777,-52.151665],[-60.41663,-52.145504],[-60.462395,-52.159878],[-60.463272,-52.165451],[-60.440685,-52.170731],[-60.455059,-52.180412],[-60.47765,-52.171612],[-60.478233,-52.155476],[-60.48909,-52.156651],[-60.480873,-52.165157],[-60.489967,-52.16721],[-60.52253,-52.149021],[-60.532505,-52.138462],[-60.527519,-52.132595],[-60.54248,-52.129955],[-60.540718,-52.114994],[-60.581787,-52.126141],[-60.583256,-52.13377],[-60.554214,-52.137585],[-60.562428,-52.150784],[-60.539253,-52.138462],[-60.531624,-52.152248],[-60.487621,-52.172493],[-60.48909,-52.185986],[-60.509918,-52.180412],[-60.502583,-52.188332],[-60.547466,-52.186573],[-60.535145,-52.195374],[-60.504929,-52.194492],[-60.499062,-52.203293],[-60.568295,-52.236443],[-60.591763,-52.236149],[-60.601738,-52.252872],[-60.623444,-52.236149],[-60.610832,-52.259323],[-60.65102,-52.259323]],[[-60.683289,-52.20388],[-60.689156,-52.203293],[-60.686516,-52.201241],[-60.683289,-52.20388]],[[-60.752522,-52.200066],[-60.753403,-52.189507],[-60.739319,-52.19508],[-60.752522,-52.200066]],[[-60.796818,-52.195374],[-60.802685,-52.19508],[-60.801804,-52.193611],[-60.796818,-52.195374]],[[-60.77335,-52.189507],[-60.755749,-52.190094],[-60.758389,-52.193611],[-60.77335,-52.189507]],[[-60.709106,-52.184227],[-60.682407,-52.190971],[-60.696785,-52.190388],[-60.709106,-52.184227]],[[-60.685928,-52.196548],[-60.690918,-52.196548],[-60.690918,-52.195961],[-60.685928,-52.196548]],[[-60.653366,-52.200359],[-60.646622,-52.202122],[-60.639286,-52.205933],[-60.645153,-52.207108],[-60.653366,-52.200359]],[[-60.757507,-52.145798],[-60.77335,-52.145504],[-60.777454,-52.137585],[-60.764256,-52.134064],[-60.757507,-52.145798]],[[-60.786842,-52.13641],[-60.789188,-52.134064],[-60.785084,-52.13377],[-60.786842,-52.13641]],[[-60.783321,-52.132008],[-60.784203,-52.129955],[-60.780094,-52.12878],[-60.783321,-52.132008]],[[-60.930882,-52.174252],[-60.915039,-52.165451],[-60.897438,-52.17337],[-60.903305,-52.177185],[-60.930882,-52.174252]],[[-61.087532,-52.007626],[-61.096626,-52.009682],[-61.102493,-52.005867],[-61.093399,-52.002934],[-61.087532,-52.007626]],[[-60.914158,-52.0],[-60.949364,-51.99501],[-60.905945,-51.990025],[-60.903305,-51.979465],[-60.884235,-51.984158],[-60.887463,-51.974182],[-60.880131,-51.963623],[-60.855782,-51.972424],[-60.865757,-51.982399],[-60.854317,-51.98093],[-60.860767,-51.991783],[-60.850796,-51.99501],[-60.870743,-51.995892],[-60.855782,-52.000877],[-60.86253,-52.006748],[-60.84082,-52.007626],[-60.855194,-52.015549],[-60.886585,-52.005573],[-60.903305,-52.008801],[-60.914158,-52.0]],[[-60.993366,-51.989731],[-61.031796,-51.966263],[-61.056728,-51.967144],[-61.039127,-51.957462],[-61.075798,-51.942501],[-61.04089,-51.92754],[-61.069931,-51.935459],[-61.084305,-51.92989],[-61.074329,-51.919914],[-61.080196,-51.916981],[-61.096626,-51.933113],[-61.112469,-51.924313],[-61.102493,-51.919327],[-61.109241,-51.915806],[-61.101025,-51.903191],[-61.116867,-51.910526],[-61.137402,-51.904072],[-61.119213,-51.879135],[-61.13652,-51.884712],[-61.140923,-51.868282],[-61.123322,-51.854496],[-61.098385,-51.858894],[-61.092518,-51.849216],[-61.137402,-51.851563],[-61.128307,-51.843056],[-61.156761,-51.853027],[-61.165855,-51.830147],[-61.14679,-51.838066],[-61.129189,-51.826626],[-61.13916,-51.819881],[-61.111588,-51.818707],[-61.095158,-51.809612],[-61.088997,-51.816654],[-61.115986,-51.836601],[-61.086651,-51.824574],[-61.036781,-51.84716],[-61.054089,-51.836601],[-61.045876,-51.831615],[-61.05761,-51.833374],[-61.062595,-51.82428],[-61.051743,-51.811371],[-61.034142,-51.815186],[-61.045876,-51.798466],[-61.034142,-51.797585],[-61.0359,-51.784092],[-61.023289,-51.77969],[-61.000111,-51.786144],[-60.971657,-51.778809],[-60.98251,-51.786732],[-60.972538,-51.795826],[-60.984272,-51.801693],[-60.935867,-51.803452],[-60.938507,-51.820465],[-60.960804,-51.817532],[-60.960804,-51.829266],[-61.032673,-51.860069],[-61.027687,-51.872391],[-61.051743,-51.895271],[-61.011845,-51.869751],[-60.993366,-51.872097],[-60.986618,-51.865349],[-60.983391,-51.872097],[-60.963444,-51.859482],[-60.954937,-51.86623],[-60.947601,-51.862415],[-60.952587,-51.852444],[-60.945843,-51.84071],[-60.933228,-51.850388],[-60.916798,-51.831322],[-60.897438,-51.852444],[-60.895969,-51.831615],[-60.904186,-51.831615],[-60.872501,-51.809319],[-60.878368,-51.802864],[-60.888344,-51.812252],[-60.895969,-51.806679],[-60.912399,-51.775879],[-60.887463,-51.77177],[-60.898319,-51.762089],[-60.859303,-51.765022],[-60.86253,-51.775879],[-60.852554,-51.792599],[-60.864288,-51.804039],[-60.855782,-51.80756],[-60.87925,-51.820759],[-60.872501,-51.832493],[-60.882477,-51.842468],[-60.87925,-51.877377],[-60.894211,-51.882656],[-60.869274,-51.890873],[-60.912693,-51.894978],[-60.906532,-51.910526],[-60.867516,-51.901726],[-60.867516,-51.917568],[-60.885704,-51.921673],[-60.890102,-51.937809],[-60.924133,-51.937515],[-60.892452,-51.951008],[-60.962563,-51.964211],[-60.959335,-51.969196],[-60.974884,-51.983864],[-60.993366,-51.989731]],[[-61.089291,-51.944263],[-61.082546,-51.942501],[-61.082546,-51.943382],[-61.089291,-51.944263]],[[-61.190792,-51.907593],[-61.164978,-51.891167],[-61.164978,-51.906124],[-61.14415,-51.895859],[-61.152657,-51.906712],[-61.190792,-51.907593]],[[-61.215729,-51.911701],[-61.187565,-51.875031],[-61.159111,-51.875031],[-61.215729,-51.911701]],[[-61.234207,-51.878258],[-61.279972,-51.869751],[-61.321629,-51.839535],[-61.348324,-51.837189],[-61.345978,-51.825748],[-61.304909,-51.818707],[-61.295815,-51.828388],[-61.299335,-51.819881],[-61.312534,-51.808437],[-61.301682,-51.801399],[-61.290825,-51.817532],[-61.265011,-51.832199],[-61.254158,-51.828388],[-61.26413,-51.809319],[-61.238316,-51.814598],[-61.239197,-51.797585],[-61.220127,-51.796997],[-61.210739,-51.819294],[-61.189034,-51.82164],[-61.213383,-51.830441],[-61.240074,-51.821346],[-61.252396,-51.832493],[-61.254158,-51.840122],[-61.236851,-51.835426],[-61.227463,-51.843349],[-61.250931,-51.852444],[-61.260902,-51.865055],[-61.23333,-51.862122],[-61.239197,-51.854202],[-61.221596,-51.853027],[-61.223354,-51.84716],[-61.200768,-51.850975],[-61.205753,-51.86095],[-61.222473,-51.860069],[-61.21426,-51.864178],[-61.225994,-51.868282],[-61.234207,-51.878258]],[[-61.31752,-51.819294],[-61.324268,-51.811665],[-61.310776,-51.812546],[-61.31752,-51.819294]],[[-61.292587,-51.799343],[-61.295815,-51.799053],[-61.295815,-51.796703],[-61.292587,-51.799343]],[[-61.159988,-51.795532],[-61.16087,-51.787609],[-61.134174,-51.784092],[-61.135937,-51.797585],[-61.159988,-51.795532]],[[-61.28672,-51.784676],[-61.290825,-51.784092],[-61.289948,-51.782036],[-61.28672,-51.784676]],[[-61.105133,-51.77969],[-61.087532,-51.787609],[-61.096626,-51.79377],[-61.105133,-51.77969]],[[-61.296692,-51.780571],[-61.299335,-51.777637],[-61.296692,-51.77705],[-61.296692,-51.780571]],[[-61.089291,-51.778221],[-61.080196,-51.773823],[-61.070808,-51.779984],[-61.084892,-51.783798],[-61.089291,-51.778221]],[[-60.960217,-51.774704],[-60.959042,-51.776756],[-60.963444,-51.777931],[-60.960217,-51.774704]],[[-61.034142,-51.776756],[-61.063477,-51.795532],[-61.074329,-51.787609],[-61.068462,-51.781158],[-61.034142,-51.776756]],[[-61.040009,-51.789665],[-61.037369,-51.789959],[-61.040009,-51.792011],[-61.040009,-51.789665]],[[-61.074329,-51.794945],[-61.081665,-51.803745],[-61.089291,-51.799931],[-61.085186,-51.795532],[-61.074329,-51.794945]],[[-61.07169,-51.796997],[-61.06905,-51.798466],[-61.07169,-51.799637],[-61.07169,-51.796997]],[[-61.052624,-51.800812],[-61.059074,-51.8102],[-61.069344,-51.809906],[-61.064358,-51.80492],[-61.052624,-51.800812]],[[-61.125961,-51.808437],[-61.120975,-51.794064],[-61.104252,-51.798466],[-61.114227,-51.803452],[-61.125961,-51.808437]],[[-61.189911,-51.810493],[-61.200768,-51.80756],[-61.191673,-51.803745],[-61.189911,-51.810493]],[[-61.13916,-51.811665],[-61.137402,-51.816654],[-61.145908,-51.813427],[-61.13916,-51.811665]],[[-61.204288,-51.797585],[-61.199886,-51.796997],[-61.19754,-51.800812],[-61.204288,-51.797585]],[[-61.14679,-51.824574],[-61.14415,-51.825161],[-61.14679,-51.827213],[-61.14679,-51.824574]],[[-61.189327,-51.829266],[-61.192554,-51.829266],[-61.192554,-51.827507],[-61.189327,-51.829266]],[[-61.201649,-51.83308],[-61.200768,-51.833374],[-61.206635,-51.833668],[-61.201649,-51.83308]],[[-61.211033,-51.836601],[-61.207516,-51.840122],[-61.217487,-51.840122],[-61.211033,-51.836601]],[[-61.190792,-51.845696],[-61.165855,-51.856548],[-61.207516,-51.866817],[-61.192554,-51.861534],[-61.19754,-51.85743],[-61.190792,-51.845696]],[[-61.166737,-51.84716],[-61.164097,-51.848335],[-61.166737,-51.848923],[-61.166737,-51.84716]],[[-61.165855,-51.865936],[-61.159988,-51.863003],[-61.154121,-51.869164],[-61.156761,-51.869751],[-61.165855,-51.865936]],[[-61.195778,-51.870922],[-61.21426,-51.873268],[-61.213383,-51.869457],[-61.195778,-51.870922]],[[-61.223354,-51.873856],[-61.225994,-51.872391],[-61.223354,-51.871216],[-61.223354,-51.873856]],[[-61.13916,-51.888229],[-61.135937,-51.887646],[-61.135937,-51.889111],[-61.13916,-51.888229]],[[-60.933228,-51.811958],[-60.927654,-51.812546],[-60.93,-51.813721],[-60.933228,-51.811958]],[[-60.952587,-51.839241],[-60.947601,-51.83836],[-60.95171,-51.841293],[-60.952587,-51.839241]],[[-60.972538,-51.853321],[-60.977524,-51.854202],[-60.977524,-51.853321],[-60.972538,-51.853321]],[[-60.986031,-51.858311],[-60.975765,-51.856548],[-60.977524,-51.86095],[-60.986031,-51.858311]],[[-61.291706,-51.764729],[-61.31752,-51.746834],[-61.307549,-51.7351],[-61.315762,-51.71574],[-61.310776,-51.710751],[-61.330723,-51.692562],[-61.316643,-51.691391],[-61.311653,-51.699604],[-61.274986,-51.696083],[-61.262371,-51.692562],[-61.267651,-51.67907],[-61.258263,-51.677895],[-61.246822,-51.691978],[-61.220127,-51.697258],[-61.21925,-51.690804],[-61.209274,-51.691685],[-61.21162,-51.705471],[-61.252396,-51.701656],[-61.23597,-51.716618],[-61.240074,-51.719555],[-61.269997,-51.699604],[-61.290825,-51.709286],[-61.275864,-51.721607],[-61.297573,-51.723366],[-61.290825,-51.728352],[-61.302559,-51.741554],[-61.269119,-51.745953],[-61.282612,-51.752407],[-61.274105,-51.759155],[-61.291706,-51.764729]],[[-61.276745,-51.712219],[-61.280853,-51.710751],[-61.278214,-51.708698],[-61.276745,-51.712219]],[[-61.23333,-51.720432],[-61.230984,-51.722485],[-61.23333,-51.723072],[-61.23333,-51.720432]],[[-61.265011,-51.726299],[-61.262371,-51.726593],[-61.272636,-51.729233],[-61.265011,-51.726299]],[[-61.262371,-51.740967],[-61.256798,-51.735394],[-61.249168,-51.740086],[-61.251808,-51.744488],[-61.262371,-51.740967]],[[-60.550987,-51.815773],[-60.545708,-51.815773],[-60.549225,-51.820171],[-60.550987,-51.815773]],[[-60.498474,-51.820465],[-60.490849,-51.833374],[-60.478527,-51.827213],[-60.465916,-51.83572],[-60.474129,-51.84071],[-60.467674,-51.851856],[-60.495834,-51.85743],[-60.494076,-51.844227],[-60.510796,-51.835133],[-60.498474,-51.820465]],[[-60.455059,-51.853615],[-60.454182,-51.855083],[-60.464153,-51.855083],[-60.455059,-51.853615]],[[-60.497597,-51.855961],[-60.500824,-51.855961],[-60.500824,-51.854202],[-60.497597,-51.855961]],[[-60.529278,-51.844227],[-60.529278,-51.841587],[-60.524292,-51.841587],[-60.529278,-51.844227]],[[-60.520771,-51.862415],[-60.520771,-51.866817],[-60.529278,-51.866817],[-60.520771,-51.862415]],[[-60.514023,-51.865936],[-60.504051,-51.866524],[-60.504051,-51.870922],[-60.509037,-51.870922],[-60.514023,-51.865936]],[[-60.867516,-51.870922],[-60.867516,-51.873268],[-60.874264,-51.870922],[-60.867516,-51.870922]],[[-60.873383,-51.867111],[-60.877491,-51.866817],[-60.875141,-51.864471],[-60.873383,-51.867111]],[[-60.872501,-51.931648],[-60.872501,-51.939274],[-60.877491,-51.939274],[-60.872501,-51.931648]],[[-60.963444,-51.987972],[-60.972538,-51.985039],[-60.966671,-51.981224],[-60.963444,-51.987972]],[[-60.947601,-52.019066],[-60.972538,-52.023468],[-60.963444,-52.012028],[-60.947601,-52.019066]],[[-60.983391,-52.026402],[-60.986031,-52.025814],[-60.97987,-52.021999],[-60.983391,-52.026402]],[[-60.987499,-52.022587],[-60.999233,-52.018482],[-60.993366,-52.004692],[-60.984272,-52.015842],[-60.987499,-52.022587]],[[-60.974297,-52.021709],[-60.974297,-52.023468],[-60.977524,-52.023468],[-60.974297,-52.021709]],[[-60.56184,-51.975357],[-60.557442,-51.978291],[-60.563309,-51.978878],[-60.56184,-51.975357]],[[-60.570053,-51.980347],[-60.567413,-51.981812],[-60.576801,-51.983864],[-60.570053,-51.980347]],[[-60.510796,-51.787609],[-60.514023,-51.786732],[-60.514023,-51.784969],[-60.510796,-51.787609]],[[-60.395802,-51.766785],[-60.395802,-51.765022],[-60.392574,-51.765022],[-60.395802,-51.766785]],[[-60.340946,-51.769131],[-60.335957,-51.76825],[-60.335957,-51.77177],[-60.340946,-51.769131]],[[-60.386707,-51.764729],[-60.392574,-51.763264],[-60.391693,-51.762089],[-60.386707,-51.764729]],[[-60.38084,-51.760036],[-60.38084,-51.758274],[-60.375854,-51.758274],[-60.38084,-51.760036]],[[-60.216854,-51.751236],[-60.209229,-51.757397],[-60.21011,-51.75798],[-60.216854,-51.751236]],[[-60.219204,-51.757397],[-60.214214,-51.763264],[-60.211575,-51.778809],[-60.227711,-51.769131],[-60.219204,-51.757397]],[[-60.266727,-51.758862],[-60.270832,-51.758274],[-60.268486,-51.757103],[-60.266727,-51.758862]],[[-60.678303,-51.677017],[-60.690918,-51.669975],[-60.682407,-51.626854],[-60.696785,-51.60368],[-60.675957,-51.619225],[-60.675663,-51.639172],[-60.654247,-51.660004],[-60.678303,-51.677017]],[[-61.232449,-51.672615],[-61.240074,-51.672909],[-61.245941,-51.668217],[-61.23333,-51.666161],[-61.232449,-51.672615]],[[-61.224236,-51.652374],[-61.222473,-51.663231],[-61.22834,-51.664696],[-61.23597,-51.651787],[-61.224236,-51.652374]],[[-60.427483,-51.607491],[-60.43071,-51.618343],[-60.414871,-51.628906],[-60.440098,-51.626266],[-60.435699,-51.622452],[-60.460926,-51.607491],[-60.427483,-51.607491]],[[-60.359135,-51.638294],[-60.345051,-51.630371],[-60.332436,-51.635067],[-60.336838,-51.642986],[-60.359135,-51.638294]],[[-60.298409,-51.646214],[-60.295769,-51.651787],[-60.301636,-51.652081],[-60.298409,-51.646214]],[[-60.255871,-51.660004],[-60.255871,-51.661762],[-60.26086,-51.661762],[-60.255871,-51.660004]],[[-60.120049,-51.682003],[-60.110954,-51.689922],[-60.11594,-51.688457],[-60.120049,-51.682003]],[[-60.134129,-51.687576],[-60.137356,-51.687576],[-60.13765,-51.685818],[-60.134129,-51.687576]],[[-60.465034,-51.602211],[-60.467674,-51.599278],[-60.465034,-51.59869],[-60.465034,-51.602211]],[[-60.723186,-51.592236],[-60.727585,-51.591648],[-60.724945,-51.589596],[-60.723186,-51.592236]],[[-60.479115,-51.589302],[-60.480873,-51.584023],[-60.475887,-51.585781],[-60.479115,-51.589302]],[[-60.801804,-51.58461],[-60.817646,-51.571701],[-60.759853,-51.571407],[-60.727585,-51.586662],[-60.801804,-51.58461]],[[-60.847569,-51.577568],[-60.844341,-51.567596],[-60.833195,-51.567009],[-60.827621,-51.574928],[-60.847569,-51.577568]],[[-60.854317,-51.566715],[-60.873383,-51.57053],[-60.889225,-51.557621],[-60.86517,-51.560555],[-60.854317,-51.566715]],[[-60.50581,-51.554981],[-60.49173,-51.548821],[-60.479115,-51.553223],[-60.48909,-51.560848],[-60.488503,-51.57053],[-60.50581,-51.554981]],[[-60.479996,-51.573753],[-60.47765,-51.575809],[-60.482636,-51.575809],[-60.479996,-51.573753]],[[-60.47765,-51.578449],[-60.47765,-51.581676],[-60.480873,-51.581676],[-60.47765,-51.578449]],[[-60.315128,-51.580502],[-60.31601,-51.57933],[-60.311607,-51.578743],[-60.315128,-51.580502]],[[-60.489967,-51.546181],[-60.490849,-51.545006],[-60.488503,-51.544712],[-60.489967,-51.546181]],[[-60.521652,-51.499538],[-60.530746,-51.490734],[-60.509331,-51.490734],[-60.509331,-51.493378],[-60.521652,-51.499538]],[[-60.492607,-51.486629],[-60.513435,-51.487217],[-60.517544,-51.483402],[-60.505222,-51.482227],[-60.492607,-51.486629]],[[-60.701771,-51.485455],[-60.702652,-51.484283],[-60.700012,-51.483696],[-60.701771,-51.485455]],[[-60.694141,-51.482521],[-60.710865,-51.479294],[-60.729054,-51.46492],[-60.687691,-51.475777],[-60.694141,-51.482521]],[[-60.565948,-51.474895],[-60.557442,-51.475777],[-60.560081,-51.479588],[-60.565948,-51.474895]],[[-60.69825,-51.381313],[-60.712624,-51.374275],[-60.710865,-51.352566],[-60.732574,-51.340832],[-60.732574,-51.329098],[-60.694141,-51.334965],[-60.677422,-51.344059],[-60.678303,-51.354622],[-60.660995,-51.352566],[-60.69825,-51.381313]],[[-60.227417,-51.327633],[-60.23827,-51.309734],[-60.281689,-51.306217],[-60.309261,-51.290962],[-60.317474,-51.285095],[-60.320995,-51.264267],[-60.306622,-51.270428],[-60.279926,-51.264561],[-60.262619,-51.27248],[-60.244137,-51.300938],[-60.225071,-51.308857],[-60.15173,-51.31707],[-60.081619,-51.304749],[-60.087486,-51.312378],[-60.057564,-51.318245],[-60.091007,-51.328217],[-60.044949,-51.333794],[-60.040844,-51.339951],[-60.079273,-51.363419],[-60.072525,-51.374275],[-60.086021,-51.372513],[-60.077515,-51.382488],[-60.090126,-51.379555],[-60.105087,-51.380436],[-60.094234,-51.385128],[-60.125916,-51.395985],[-60.106556,-51.40625],[-60.169918,-51.40625],[-60.169918,-51.399502],[-60.19339,-51.40625],[-60.190746,-51.401554],[-60.196613,-51.397156],[-60.236805,-51.416225],[-60.258221,-51.415344],[-60.312489,-51.390995],[-60.303394,-51.38953],[-60.272594,-51.397449],[-60.282566,-51.370754],[-60.240032,-51.361366],[-60.230938,-51.350807],[-60.239151,-51.345818],[-60.230057,-51.338779],[-60.190746,-51.358433],[-60.179306,-51.37838],[-60.164345,-51.381023],[-60.179306,-51.384251],[-60.179893,-51.393047],[-60.164932,-51.397156],[-60.134129,-51.391582],[-60.141758,-51.382195],[-60.124157,-51.385715],[-60.127674,-51.377502],[-60.12093,-51.369286],[-60.129143,-51.369286],[-60.117409,-51.3643],[-60.148502,-51.364594],[-60.13765,-51.360779],[-60.189281,-51.348457],[-60.227417,-51.327633]],[[-60.743427,-51.326164],[-60.745773,-51.324112],[-60.741669,-51.323818],[-60.743427,-51.326164]],[[-60.50845,-51.326164],[-60.50581,-51.327339],[-60.513435,-51.327923],[-60.50845,-51.326164]],[[-60.516663,-51.327923],[-60.52253,-51.327633],[-60.521652,-51.326164],[-60.516663,-51.327923]],[[-60.767483,-51.321766],[-60.767483,-51.319122],[-60.757507,-51.321766],[-60.767483,-51.321766]],[[-60.523998,-51.319122],[-60.535732,-51.310032],[-60.527519,-51.30827],[-60.532505,-51.299175],[-60.550106,-51.293015],[-60.570053,-51.298],[-60.602615,-51.27248],[-60.592644,-51.252533],[-60.59763,-51.245197],[-60.515785,-51.292431],[-60.507568,-51.306805],[-60.523998,-51.319122]],[[-60.765137,-51.31707],[-60.76572,-51.315018],[-60.763374,-51.314724],[-60.765137,-51.31707]],[[-60.878368,-51.285389],[-60.884235,-51.285095],[-60.883358,-51.283039],[-60.878368,-51.285389]],[[-60.837593,-51.261627],[-60.849033,-51.260159],[-60.850796,-51.254879],[-60.84845,-51.253708],[-60.837593,-51.261627]],[[-60.638405,-51.250481],[-60.642513,-51.243439],[-60.640167,-51.242851],[-60.638405,-51.250481]],[[-59.897686,-51.243439],[-59.883606,-51.238747],[-59.837547,-51.264267],[-59.885952,-51.260159],[-59.897686,-51.243439]],[[-60.650726,-51.238449],[-60.642513,-51.234932],[-60.642513,-51.236691],[-60.650726,-51.238449]],[[-59.749249,-51.251652],[-59.741623,-51.2672],[-59.730183,-51.258694],[-59.726662,-51.26984],[-59.693218,-51.274532],[-59.599934,-51.264561],[-59.584091,-51.271599],[-59.597584,-51.279228],[-59.599052,-51.290962],[-59.589958,-51.28392],[-59.584091,-51.290081],[-59.597584,-51.310032],[-59.579983,-51.314724],[-59.542435,-51.304165],[-59.539207,-51.297417],[-59.550941,-51.295071],[-59.537449,-51.289204],[-59.545074,-51.279522],[-59.513393,-51.288029],[-59.512512,-51.280109],[-59.494911,-51.275414],[-59.470856,-51.284214],[-59.470856,-51.302696],[-59.420986,-51.336723],[-59.431545,-51.340538],[-59.459122,-51.329391],[-59.478191,-51.304749],[-59.469097,-51.320885],[-59.48259,-51.334377],[-59.462643,-51.341713],[-59.457359,-51.352566],[-59.47995,-51.344646],[-59.576756,-51.346405],[-59.594357,-51.338486],[-59.600811,-51.320885],[-59.618412,-51.306217],[-59.680016,-51.295361],[-59.714928,-51.303867],[-59.721676,-51.293896],[-59.726662,-51.301228],[-59.770077,-51.285389],[-59.809975,-51.282162],[-59.836082,-51.266026],[-59.82259,-51.262505],[-59.823467,-51.255466],[-59.749249,-51.251652]],[[-59.442696,-51.349926],[-59.439175,-51.349926],[-59.440052,-51.352272],[-59.442696,-51.349926]],[[-59.634254,-51.350807],[-59.645107,-51.359608],[-59.648335,-51.345528],[-59.674149,-51.352566],[-59.661831,-51.358727],[-59.698204,-51.353741],[-59.712582,-51.335846],[-59.693512,-51.332031],[-59.704365,-51.34259],[-59.689991,-51.350513],[-59.681778,-51.351395],[-59.680897,-51.339951],[-59.670044,-51.337311],[-59.65831,-51.343765],[-59.641586,-51.340538],[-59.634254,-51.350807]],[[-59.655083,-51.360489],[-59.659187,-51.359314],[-59.656841,-51.358139],[-59.655083,-51.360489]],[[-59.657429,-51.372513],[-59.683243,-51.372223],[-59.723434,-51.357262],[-59.717567,-51.360779],[-59.735756,-51.363419],[-59.743382,-51.383663],[-59.744263,-51.373394],[-59.758343,-51.371342],[-59.76421,-51.373394],[-59.763329,-51.365475],[-59.744263,-51.366062],[-59.781811,-51.353741],[-59.779171,-51.358433],[-59.810852,-51.36166],[-59.793251,-51.363712],[-59.792664,-51.368408],[-59.789146,-51.370167],[-59.796772,-51.375446],[-59.804108,-51.366646],[-59.829334,-51.360779],[-59.811733,-51.352272],[-59.788265,-51.353741],[-59.794132,-51.349339],[-59.77829,-51.344646],[-59.749249,-51.349339],[-59.767437,-51.344353],[-59.779171,-51.324112],[-59.75013,-51.332912],[-59.75013,-51.31971],[-59.739277,-51.327633],[-59.7425,-51.337605],[-59.657429,-51.372513]],[[-59.654202,-51.373394],[-59.587612,-51.373394],[-59.617535,-51.379261],[-59.594944,-51.381313],[-59.626629,-51.385422],[-59.667404,-51.383369],[-59.668282,-51.375446],[-59.647453,-51.376915],[-59.654202,-51.373394]],[[-59.643349,-51.385422],[-59.637482,-51.390118],[-59.661831,-51.39217],[-59.672684,-51.405956],[-59.669163,-51.391876],[-59.643349,-51.385422]],[[-59.613426,-51.396275],[-59.609318,-51.396862],[-59.610199,-51.398914],[-59.613426,-51.396275]],[[-59.592598,-51.410065],[-59.587612,-51.42268],[-59.600811,-51.419159],[-59.587612,-51.426785],[-59.621639,-51.417984],[-59.641003,-51.420918],[-59.631615,-51.40889],[-59.592598,-51.410065]],[[-59.678257,-51.42561],[-59.679138,-51.423264],[-59.674149,-51.424145],[-59.678257,-51.42561]],[[-59.724316,-51.423557],[-59.727543,-51.410946],[-59.739277,-51.409184],[-59.730766,-51.40097],[-59.734287,-51.395985],[-59.680897,-51.391876],[-59.694099,-51.399212],[-59.680897,-51.399212],[-59.680897,-51.410065],[-59.724316,-51.423557]],[[-59.743382,-51.396275],[-59.751011,-51.405956],[-59.754234,-51.404198],[-59.754234,-51.395103],[-59.743382,-51.396275]],[[-59.788265,-51.398914],[-59.789146,-51.398331],[-59.785038,-51.398037],[-59.788265,-51.398914]],[[-59.829334,-51.395103],[-59.809093,-51.394222],[-59.809975,-51.395397],[-59.829334,-51.395103]],[[-59.803226,-51.393047],[-59.799118,-51.393341],[-59.799999,-51.394516],[-59.803226,-51.393047]],[[-59.754234,-51.390118],[-59.755116,-51.393929],[-59.772717,-51.395985],[-59.754234,-51.390118]],[[-59.752476,-51.390118],[-59.67503,-51.377209],[-59.669163,-51.381023],[-59.67503,-51.388062],[-59.752476,-51.390118]],[[-59.760101,-51.383953],[-59.762451,-51.382488],[-59.755703,-51.381607],[-59.760101,-51.383953]],[[-59.993614,-51.383953],[-59.99596,-51.381023],[-59.990093,-51.380436],[-59.993614,-51.383953]],[[-59.975132,-51.383663],[-59.972492,-51.386009],[-59.977772,-51.38689],[-59.975132,-51.383663]],[[-59.98188,-51.388062],[-59.985985,-51.386597],[-59.985107,-51.385422],[-59.98188,-51.388062]],[[-59.968384,-51.379555],[-59.963398,-51.372223],[-59.957531,-51.374275],[-59.95929,-51.380142],[-59.968384,-51.379555]],[[-60.006813,-51.379555],[-60.009163,-51.37838],[-60.006813,-51.377209],[-60.006813,-51.379555]],[[-59.917633,-51.371048],[-59.90414,-51.377502],[-59.910007,-51.37809],[-59.917633,-51.371048]],[[-59.933475,-51.372223],[-59.934357,-51.368408],[-59.927608,-51.369286],[-59.933475,-51.372223]],[[-59.896805,-51.363712],[-59.890938,-51.366062],[-59.901794,-51.370461],[-59.896805,-51.363712]],[[-59.880966,-51.372513],[-59.893578,-51.379555],[-59.90414,-51.375156],[-59.902672,-51.372513],[-59.880966,-51.372513]],[[-59.820827,-51.372513],[-59.832561,-51.375156],[-59.83168,-51.381313],[-59.869232,-51.376034],[-59.866005,-51.369286],[-59.820827,-51.372513]],[[-59.762451,-51.376621],[-59.756584,-51.3731],[-59.752476,-51.375156],[-59.756584,-51.377209],[-59.762451,-51.376621]],[[-59.758343,-51.37809],[-59.752476,-51.37838],[-59.753357,-51.379555],[-59.758343,-51.37809]],[[-59.878326,-51.382195],[-59.884193,-51.381607],[-59.869232,-51.377502],[-59.878326,-51.382195]],[[-59.955185,-51.377209],[-59.957531,-51.376621],[-59.955185,-51.374569],[-59.955185,-51.377209]],[[-59.719326,-51.376915],[-59.719326,-51.375156],[-59.712582,-51.376034],[-59.719326,-51.376915]],[[-59.786797,-51.395397],[-59.787384,-51.395103],[-59.77829,-51.393929],[-59.786797,-51.395397]],[[-59.67503,-51.39217],[-59.672684,-51.392464],[-59.67503,-51.393929],[-59.67503,-51.39217]],[[-59.66095,-51.41769],[-59.640709,-51.411823],[-59.647453,-51.414169],[-59.643349,-51.421505],[-59.66095,-51.41769]],[[-59.721676,-51.365475],[-59.722553,-51.3643],[-59.718449,-51.362835],[-59.721676,-51.365475]],[[-59.781811,-51.368996],[-59.785919,-51.368408],[-59.781811,-51.366356],[-59.781811,-51.368996]],[[-59.788265,-51.368702],[-59.790905,-51.367527],[-59.790024,-51.365475],[-59.788265,-51.368702]],[[-59.76685,-51.365475],[-59.765968,-51.367527],[-59.773304,-51.368114],[-59.76685,-51.365475]],[[-59.8927,-51.360191],[-59.885952,-51.356674],[-59.885952,-51.358433],[-59.8927,-51.360191]],[[-59.946674,-51.359608],[-59.988335,-51.346405],[-60.035854,-51.317364],[-60.040844,-51.305042],[-59.991852,-51.301228],[-59.986866,-51.288906],[-59.975132,-51.294773],[-59.955185,-51.286266],[-59.940224,-51.304749],[-59.902672,-51.316776],[-59.913528,-51.327923],[-59.926727,-51.317951],[-59.947556,-51.319122],[-59.927608,-51.324112],[-59.935822,-51.334965],[-59.917633,-51.338486],[-59.922623,-51.356087],[-59.946674,-51.359608]],[[-59.724316,-51.303284],[-59.710819,-51.310909],[-59.72842,-51.314724],[-59.724316,-51.303284]],[[-59.744263,-51.319122],[-59.738396,-51.31707],[-59.735756,-51.317657],[-59.738396,-51.322056],[-59.744263,-51.319122]],[[-59.842831,-51.338486],[-59.861015,-51.343472],[-59.861015,-51.341713],[-59.842831,-51.338486]],[[-59.868351,-51.343765],[-59.864243,-51.344353],[-59.865124,-51.345528],[-59.868351,-51.343765]],[[-59.832561,-51.345818],[-59.827576,-51.355206],[-59.852509,-51.35022],[-59.832561,-51.345818]],[[-59.821709,-51.352272],[-59.820827,-51.352566],[-59.821709,-51.354622],[-59.821709,-51.352272]],[[-59.681778,-51.324699],[-59.679138,-51.324989],[-59.680016,-51.326458],[-59.681778,-51.324699]],[[-59.691753,-51.327923],[-59.687645,-51.32851],[-59.688232,-51.329685],[-59.691753,-51.327923]],[[-59.734287,-51.330856],[-59.729301,-51.330856],[-59.729889,-51.334671],[-59.734287,-51.330856]],[[-59.65332,-51.35638],[-59.66095,-51.354912],[-59.655083,-51.348755],[-59.65332,-51.35638]],[[-59.656841,-51.335552],[-59.652443,-51.335846],[-59.656841,-51.338779],[-59.656841,-51.335552]],[[-59.632496,-51.339363],[-59.632496,-51.340832],[-59.635136,-51.341419],[-59.632496,-51.339363]],[[-59.626041,-51.340832],[-59.619293,-51.343472],[-59.62252,-51.348457],[-59.627506,-51.34758],[-59.626041,-51.340832]],[[-59.611668,-51.347286],[-59.610786,-51.348457],[-59.613426,-51.348755],[-59.611668,-51.347286]],[[-59.646576,-51.340538],[-59.650974,-51.340832],[-59.650097,-51.338779],[-59.646576,-51.340538]],[[-59.893288,-51.273949],[-59.897686,-51.270134],[-59.887711,-51.271599],[-59.893288,-51.273949]],[[-60.293423,-51.266319],[-60.296062,-51.265148],[-60.293423,-51.262798],[-60.293423,-51.266319]],[[-60.093353,-51.382195],[-60.094234,-51.381607],[-60.091595,-51.380436],[-60.093353,-51.382195]],[[-60.088367,-51.386303],[-60.084259,-51.389236],[-60.088367,-51.38953],[-60.088367,-51.386303]],[[-60.110077,-51.400383],[-60.10421,-51.40097],[-60.10685,-51.403023],[-60.110077,-51.400383]],[[-60.086609,-51.401264],[-60.085728,-51.403317],[-60.090126,-51.403904],[-60.086609,-51.401264]],[[-60.197495,-51.405956],[-60.205124,-51.409477],[-60.209229,-51.408302],[-60.205124,-51.403023],[-60.197495,-51.405956]],[[-60.200134,-51.402142],[-60.194267,-51.402435],[-60.195148,-51.403904],[-60.200134,-51.402142]],[[-60.120049,-51.414463],[-60.124157,-51.419159],[-60.105968,-51.428253],[-60.115063,-51.428837],[-60.155838,-51.415051],[-60.120049,-51.414463]],[[-60.365879,-51.373394],[-60.371746,-51.375446],[-60.409294,-51.357552],[-60.386707,-51.358727],[-60.365879,-51.373394]],[[-60.452419,-51.339073],[-60.466793,-51.342888],[-60.470901,-51.333496],[-60.458286,-51.329685],[-60.452419,-51.339073]],[[-60.159946,-51.362247],[-60.154079,-51.362541],[-60.156719,-51.363712],[-60.159946,-51.362247]],[[-60.153492,-51.367821],[-60.152611,-51.368408],[-60.154957,-51.370461],[-60.153492,-51.367821]],[[-60.105087,-51.430305],[-60.102448,-51.43177],[-60.110077,-51.432945],[-60.105087,-51.430305]],[[-60.143223,-51.482815],[-60.142635,-51.484283],[-60.145863,-51.484283],[-60.143223,-51.482815]],[[-60.101566,-51.497189],[-60.100689,-51.497482],[-60.103329,-51.499538],[-60.101566,-51.497189]],[[-59.866592,-51.398914],[-59.866005,-51.400089],[-59.870991,-51.400089],[-59.866592,-51.398914]],[[-59.886833,-51.400383],[-59.887421,-51.399212],[-59.885071,-51.398914],[-59.886833,-51.400383]],[[-59.874218,-51.405956],[-59.884193,-51.407719],[-59.881844,-51.407131],[-59.874218,-51.405956]],[[-59.675911,-51.429131],[-59.666817,-51.427959],[-59.66095,-51.43676],[-59.674149,-51.435879],[-59.675911,-51.429131]],[[-59.707592,-51.43177],[-59.707592,-51.439106],[-59.7117,-51.439693],[-59.715809,-51.430893],[-59.707592,-51.43177]],[[-59.735168,-51.441452],[-59.7425,-51.439987],[-59.73341,-51.437054],[-59.735168,-51.441452]],[[-59.772423,-51.446732],[-59.777702,-51.448494],[-59.78093,-51.439987],[-59.772423,-51.446732]],[[-59.751595,-51.435585],[-59.749249,-51.43676],[-59.75013,-51.437931],[-59.751595,-51.435585]],[[-59.755116,-51.435585],[-59.757462,-51.43412],[-59.752476,-51.43412],[-59.755116,-51.435585]],[[-59.760101,-51.434704],[-59.762451,-51.433533],[-59.760101,-51.432945],[-59.760101,-51.434704]],[[-59.753357,-51.432064],[-59.754234,-51.430893],[-59.749249,-51.430893],[-59.753357,-51.432064]],[[-59.745144,-51.428837],[-59.741035,-51.430893],[-59.743382,-51.432064],[-59.745144,-51.428837]],[[-59.244095,-51.444973],[-59.250839,-51.446732],[-59.250839,-51.445854],[-59.244095,-51.444973]],[[-59.245853,-51.45084],[-59.25436,-51.45348],[-59.254066,-51.452599],[-59.245853,-51.45084]],[[-59.092426,-51.49015],[-59.075123,-51.483109],[-59.055759,-51.486629],[-59.070133,-51.485455],[-59.092426,-51.49015]],[[-59.046665,-51.488682],[-59.044025,-51.49015],[-59.044907,-51.491322],[-59.046665,-51.488682]],[[-59.155792,-51.537674],[-59.150806,-51.536793],[-59.150806,-51.538261],[-59.155792,-51.537674]],[[-59.195984,-51.583435],[-59.191582,-51.578743],[-59.181023,-51.590771],[-59.185127,-51.592236],[-59.195984,-51.583435]],[[-59.199207,-51.585781],[-59.210064,-51.594585],[-59.21769,-51.592529],[-59.213291,-51.583729],[-59.199207,-51.585781]],[[-59.185127,-51.593704],[-59.18425,-51.595169],[-59.188354,-51.595463],[-59.185127,-51.593704]],[[-59.146698,-51.60397],[-59.140831,-51.604263],[-59.143471,-51.606319],[-59.146698,-51.60397]],[[-59.136726,-51.604557],[-59.135845,-51.606026],[-59.136726,-51.606319],[-59.136726,-51.604557]],[[-59.129978,-51.615414],[-59.127632,-51.615997],[-59.12851,-51.617172],[-59.129978,-51.615414]],[[-59.131737,-51.618931],[-59.129097,-51.620983],[-59.131737,-51.621281],[-59.131737,-51.618931]],[[-59.555927,-51.673496],[-59.540966,-51.660881],[-59.53598,-51.660004],[-59.540966,-51.665871],[-59.555927,-51.673496]],[[-59.069252,-51.680244],[-59.062508,-51.681709],[-59.057518,-51.687576],[-59.067493,-51.68523],[-59.069252,-51.680244]],[[-59.03669,-51.68787],[-59.035812,-51.688457],[-59.040798,-51.688457],[-59.03669,-51.68787]],[[-59.197449,-51.714272],[-59.195984,-51.72102],[-59.20097,-51.720139],[-59.197449,-51.714272]],[[-59.515739,-51.734219],[-59.504299,-51.735981],[-59.529232,-51.74918],[-59.525715,-51.743313],[-59.515739,-51.734219]],[[-59.293377,-51.756222],[-59.292496,-51.758274],[-59.295136,-51.758862],[-59.293377,-51.756222]],[[-59.534222,-51.758274],[-59.547421,-51.764141],[-59.554169,-51.779102],[-59.554169,-51.805798],[-59.624279,-51.810787],[-59.626041,-51.790836],[-59.594944,-51.788784],[-59.586731,-51.780571],[-59.578224,-51.785557],[-59.549183,-51.761795],[-59.534222,-51.758274]],[[-59.478191,-51.808147],[-59.477604,-51.809319],[-59.483471,-51.811371],[-59.478191,-51.808147]],[[-59.65831,-51.800518],[-59.665936,-51.794945],[-59.619293,-51.770012],[-59.65831,-51.800518]],[[-59.678257,-51.788784],[-59.680897,-51.78849],[-59.678257,-51.787025],[-59.678257,-51.788784]],[[-59.481709,-51.819588],[-59.475842,-51.821053],[-59.481709,-51.826336],[-59.481709,-51.819588]],[[-59.488457,-51.828094],[-59.490803,-51.827507],[-59.489925,-51.824574],[-59.488457,-51.828094]],[[-59.502537,-51.829266],[-59.507526,-51.828388],[-59.507526,-51.826038],[-59.502537,-51.829266]],[[-59.491684,-51.828976],[-59.489338,-51.830147],[-59.495792,-51.830147],[-59.491684,-51.828976]],[[-59.74749,-51.834255],[-59.755997,-51.836895],[-59.754234,-51.832493],[-59.74749,-51.834255]],[[-59.755997,-51.83836],[-59.760689,-51.846867],[-59.774185,-51.852444],[-59.767437,-51.845108],[-59.755997,-51.83836]],[[-59.586731,-51.857136],[-59.590839,-51.872684],[-59.603451,-51.878845],[-59.612545,-51.879135],[-59.609905,-51.869751],[-59.62252,-51.870045],[-59.609318,-51.859188],[-59.586731,-51.857136]],[[-59.625748,-51.885002],[-59.633373,-51.889698],[-59.635719,-51.879135],[-59.625748,-51.885002]],[[-59.66095,-51.886765],[-59.663296,-51.897324],[-59.684124,-51.898499],[-59.675911,-51.889992],[-59.66095,-51.886765]],[[-59.651855,-51.876205],[-59.655964,-51.875912],[-59.642468,-51.875031],[-59.651855,-51.876205]],[[-59.799118,-51.871803],[-59.779171,-51.85743],[-59.779171,-51.862709],[-59.799118,-51.871803]],[[-59.655083,-51.907005],[-59.647453,-51.908474],[-59.65831,-51.912285],[-59.655083,-51.907005]],[[-59.664177,-51.91082],[-59.671803,-51.912872],[-59.67767,-51.911701],[-59.67503,-51.910526],[-59.664177,-51.91082]],[[-59.657722,-51.915806],[-59.648335,-51.913754],[-59.634254,-51.928421],[-59.655964,-51.925194],[-59.657722,-51.915806]],[[-59.715809,-51.942501],[-59.689991,-51.934582],[-59.679138,-51.946022],[-59.699085,-51.960102],[-59.667404,-51.969196],[-59.664177,-51.977703],[-59.671803,-51.986214],[-59.700844,-51.991783],[-59.69762,-51.98093],[-59.722553,-51.976826],[-59.709354,-51.965092],[-59.715809,-51.942501]],[[-59.650097,-51.987972],[-59.642468,-51.995892],[-59.662415,-51.998531],[-59.662708,-51.989143],[-59.650097,-51.987972]],[[-59.584972,-51.997067],[-59.582623,-51.998531],[-59.589371,-51.999119],[-59.584972,-51.997067]],[[-59.834324,-51.976826],[-59.837547,-51.976826],[-59.835789,-51.972424],[-59.834324,-51.976826]],[[-59.794132,-52.003227],[-59.790905,-52.003227],[-59.790905,-52.004986],[-59.794132,-52.003227]],[[-60.080154,-51.973892],[-60.080738,-51.971542],[-60.078392,-51.971252],[-60.080154,-51.973892]],[[-60.079273,-51.945141],[-60.076046,-51.944847],[-60.076046,-51.947491],[-60.079273,-51.945141]],[[-59.670921,-52.015842],[-59.675911,-52.015842],[-59.674149,-52.01408],[-59.670921,-52.015842]],[[-59.820827,-52.018482],[-59.827576,-52.018482],[-59.827576,-52.014961],[-59.820827,-52.018482]],[[-59.684124,-52.019066],[-59.666817,-52.019653],[-59.664177,-52.024933],[-59.683243,-52.030506],[-59.684124,-52.019066]],[[-59.649216,-52.031681],[-59.667698,-52.03931],[-59.662415,-52.036671],[-59.649216,-52.031681]],[[-59.847523,-52.034908],[-59.85339,-52.038723],[-59.861015,-52.031681],[-59.851631,-52.022881],[-59.847523,-52.034908]],[[-59.751011,-52.024933],[-59.74749,-52.024933],[-59.748367,-52.026402],[-59.751011,-52.024933]],[[-59.688232,-52.031975],[-59.684124,-52.032562],[-59.686764,-52.034615],[-59.688232,-52.031975]],[[-59.7425,-52.068352],[-59.71434,-52.048405],[-59.717567,-52.077446],[-59.731647,-52.096218],[-59.749249,-52.08683],[-59.737515,-52.070992],[-59.7425,-52.068352]],[[-59.743382,-52.102966],[-59.741035,-52.105019],[-59.746609,-52.107075],[-59.743382,-52.102966]],[[-60.269073,-52.107658],[-60.272594,-52.107368],[-60.271713,-52.105312],[-60.269073,-52.107658]],[[-59.789146,-52.129074],[-59.795891,-52.129955],[-59.795891,-52.126728],[-59.789146,-52.129074]],[[-59.840775,-52.134941],[-59.854271,-52.137585],[-59.854271,-52.125847],[-59.840775,-52.134941]],[[-59.87011,-52.13641],[-59.875977,-52.129074],[-59.860725,-52.130836],[-59.87011,-52.13641]],[[-59.83667,-52.154598],[-59.830799,-52.154888],[-59.844296,-52.161636],[-59.83667,-52.154598]],[[-59.823467,-52.160465],[-59.820827,-52.163399],[-59.826694,-52.168091],[-59.823467,-52.160465]],[[-60.471783,-52.186279],[-60.482636,-52.183346],[-60.479996,-52.179531],[-60.471783,-52.186279]],[[-60.415161,-52.199776],[-60.429245,-52.215027],[-60.450073,-52.22295],[-60.460926,-52.210922],[-60.458286,-52.205345],[-60.428364,-52.208866],[-60.415161,-52.199776]],[[-60.383186,-52.215321],[-60.379082,-52.218254],[-60.38348,-52.219723],[-60.383186,-52.215321]],[[-60.38348,-52.221188],[-60.38084,-52.221775],[-60.38348,-52.223827],[-60.38348,-52.221188]],[[-60.468262,-52.218842],[-60.470901,-52.217377],[-60.47002,-52.216202],[-60.468262,-52.218842]],[[-60.464153,-52.210041],[-60.468262,-52.214733],[-60.470901,-52.204174],[-60.464153,-52.210041]],[[-60.499943,-52.213856],[-60.50581,-52.212681],[-60.503464,-52.208866],[-60.499943,-52.213856]],[[-60.465916,-52.224121],[-60.469139,-52.230869],[-60.499062,-52.234097],[-60.494957,-52.228817],[-60.465916,-52.224121]],[[-60.503464,-52.233803],[-60.50581,-52.232628],[-60.505222,-52.230576],[-60.503464,-52.233803]],[[-60.501701,-52.228817],[-60.50581,-52.227642],[-60.505222,-52.22559],[-60.501701,-52.228817]],[[-59.637482,-52.204174],[-59.634254,-52.204174],[-59.634254,-52.205933],[-59.637482,-52.204174]],[[-59.686764,-52.207989],[-59.682365,-52.20916],[-59.686764,-52.212093],[-59.686764,-52.207989]],[[-59.595825,-52.230869],[-59.589958,-52.226177],[-59.584091,-52.229111],[-59.589958,-52.233803],[-59.595825,-52.230869]],[[-59.630146,-52.237911],[-59.625748,-52.239964],[-59.625748,-52.241722],[-59.630146,-52.237911]],[[-59.549183,-52.26754],[-59.554169,-52.268417],[-59.536568,-52.267834],[-59.529232,-52.275753],[-59.549183,-52.283379],[-59.560917,-52.270763],[-59.560917,-52.26255],[-59.549183,-52.26754]],[[-59.674149,-52.26519],[-59.678257,-52.271351],[-59.694099,-52.269886],[-59.686764,-52.265484],[-59.674149,-52.26519]],[[-59.506645,-52.284554],[-59.502537,-52.285728],[-59.502537,-52.287487],[-59.506645,-52.284554]],[[-59.489925,-52.286312],[-59.485817,-52.286606],[-59.489925,-52.289539],[-59.489925,-52.286312]],[[-59.539207,-51.919327],[-59.53598,-51.919327],[-59.535686,-51.921673],[-59.539207,-51.919327]],[[-59.468216,-51.870628],[-59.469097,-51.870045],[-59.466747,-51.86887],[-59.468216,-51.870628]],[[-59.311565,-51.788784],[-59.307457,-51.789371],[-59.308338,-51.790543],[-59.311565,-51.788784]],[[-59.314205,-51.792599],[-59.310978,-51.792599],[-59.310978,-51.794357],[-59.314205,-51.792599]],[[-59.267563,-51.746834],[-59.264336,-51.745953],[-59.264336,-51.746834],[-59.267563,-51.746834]],[[-59.032585,-51.689922],[-59.032585,-51.691685],[-59.033463,-51.692272],[-59.032585,-51.689922]],[[-59.02261,-51.730991],[-59.015862,-51.730991],[-59.015862,-51.732754],[-59.02261,-51.730991]],[[-59.020851,-51.73774],[-59.015862,-51.738327],[-59.015862,-51.740967],[-59.020851,-51.73774]],[[-59.009995,-51.747128],[-59.009117,-51.748302],[-59.011757,-51.748886],[-59.009995,-51.747128]],[[-59.01997,-51.752113],[-59.025837,-51.750942],[-59.023491,-51.748009],[-59.01997,-51.752113]],[[-59.044907,-51.752113],[-59.040798,-51.752701],[-59.043438,-51.753876],[-59.044907,-51.752113]],[[-59.014397,-51.775879],[-59.010876,-51.781742],[-59.017624,-51.779102],[-59.014397,-51.775879]],[[-59.028477,-51.782917],[-59.030823,-51.782623],[-59.029945,-51.781448],[-59.028477,-51.782917]],[[-59.040798,-51.792599],[-59.037571,-51.791718],[-59.037571,-51.793476],[-59.040798,-51.792599]],[[-59.03405,-51.803452],[-59.025837,-51.80492],[-59.028183,-51.806385],[-59.03405,-51.803452]],[[-59.015862,-51.80756],[-59.012634,-51.812546],[-59.027596,-51.808437],[-59.015862,-51.80756]],[[-59.010876,-51.726887],[-59.014103,-51.726887],[-59.014103,-51.724247],[-59.010876,-51.726887]],[[-59.014103,-51.72102],[-59.013222,-51.714565],[-59.010876,-51.715153],[-59.014103,-51.72102]],[[-59.078346,-52.422134],[-59.035812,-52.433285],[-59.071602,-52.43211],[-59.107681,-52.440029],[-59.118244,-52.449711],[-59.150806,-52.44091],[-59.129978,-52.428883],[-59.078346,-52.422134]],[[-58.887375,-52.445019],[-58.894119,-52.450005],[-58.912601,-52.450005],[-58.898521,-52.444725],[-58.887375,-52.445019]],[[-59.084213,-52.447659],[-59.075706,-52.444138],[-59.077469,-52.447365],[-59.084213,-52.447659]],[[-59.009117,-52.442379],[-58.995914,-52.443256],[-59.001781,-52.447071],[-59.009117,-52.442379]],[[-58.983299,-52.442963],[-58.980953,-52.445019],[-58.988289,-52.44619],[-58.983299,-52.442963]],[[-59.205662,-52.934921],[-59.210945,-52.909103],[-59.19833,-52.902065],[-59.194222,-52.919079],[-59.20097,-52.9226],[-59.194222,-52.924065],[-59.205662,-52.934921]],[[-64.118469,-54.625523],[-64.095879,-54.634323],[-64.121696,-54.650455],[-64.144287,-54.639896],[-64.145752,-54.632561],[-64.118469,-54.625523]],[[-64.213226,-54.646351],[-64.214104,-54.644295],[-64.209999,-54.64283],[-64.213226,-54.646351]],[[-64.234055,-54.660725],[-64.22496,-54.655441],[-64.205887,-54.658379],[-64.219971,-54.664536],[-64.234055,-54.660725]],[[-64.229065,-54.670696],[-64.219971,-54.668644],[-64.215866,-54.67099],[-64.223198,-54.673046],[-64.229065,-54.670696]],[[-64.224075,-54.680084],[-64.214981,-54.677151],[-64.209114,-54.678326],[-64.216743,-54.681259],[-64.224075,-54.680084]],[[-64.221733,-54.683018],[-64.217621,-54.683311],[-64.218506,-54.684486],[-64.221733,-54.683018]],[[-64.312668,-54.686832],[-64.308273,-54.686245],[-64.307388,-54.691818],[-64.312668,-54.686832]],[[-65.306847,-54.87458],[-65.305672,-54.875751],[-65.310074,-54.876339],[-65.306847,-54.87458]],[[-65.574097,-54.920929],[-65.574097,-54.918289],[-65.569107,-54.918289],[-65.574097,-54.920929]],[[-65.566757,-54.917995],[-65.564117,-54.918289],[-65.564117,-54.920048],[-65.566757,-54.917995]],[[-65.562653,-54.918289],[-65.559135,-54.918289],[-65.559135,-54.920048],[-65.562653,-54.918289]],[[-65.559135,-54.925915],[-65.564117,-54.926796],[-65.564117,-54.925037],[-65.559135,-54.925915]],[[-65.56823,-54.92709],[-65.572624,-54.925915],[-65.569984,-54.923862],[-65.56823,-54.92709]],[[-65.707573,-54.942638],[-65.7108,-54.942638],[-65.7108,-54.939999],[-65.707573,-54.942638]],[[-65.903236,-54.903622],[-65.907639,-54.903328],[-65.906761,-54.902153],[-65.903236,-54.903622]],[[-65.921722,-54.901276],[-65.9226,-54.900101],[-65.918198,-54.899513],[-65.921722,-54.901276]],[[-65.900009,-54.898636],[-65.895905,-54.89922],[-65.896782,-54.900394],[-65.900009,-54.898636]],[[-66.343269,-55.00864],[-66.340919,-55.009228],[-66.341804,-55.011284],[-66.343269,-55.00864]],[[-66.84256,-55.078461],[-66.847542,-55.090782],[-66.827599,-55.095768],[-66.844315,-55.105743],[-66.832581,-55.110142],[-66.863388,-55.114544],[-66.887444,-55.092541],[-67.057587,-55.023312],[-67.065804,-54.995148],[-67.055824,-54.989868],[-67.059349,-54.98576],[-67.034996,-54.984589],[-66.95755,-55.002483],[-66.950806,-55.01099],[-66.934082,-55.014217],[-66.933495,-55.025364],[-66.923523,-55.014507],[-66.876587,-55.022137],[-66.855759,-55.029179],[-66.860748,-55.035923],[-66.84256,-55.078461]],[[-66.545097,-55.056164],[-66.542458,-55.056751],[-66.546562,-55.059685],[-66.545097,-55.056164]],[[-66.832581,-55.104275],[-66.824959,-55.102222],[-66.815865,-55.112488],[-66.823486,-55.117771],[-66.832581,-55.104275]],[[-67.050842,-55.080807],[-67.050842,-55.079926],[-67.045853,-55.080807],[-67.050842,-55.080807]],[[-66.929977,-55.078754],[-66.93438,-55.078461],[-66.93174,-55.076996],[-66.929977,-55.078754]],[[-67.005074,-55.053818],[-67.005959,-55.05323],[-67.003319,-55.052059],[-67.005074,-55.053818]],[[-67.070786,-55.006588],[-67.076653,-55.009521],[-67.079292,-55.009228],[-67.078415,-55.007175],[-67.070786,-55.006588]],[[-66.940834,-55.00835],[-66.93174,-55.005417],[-66.922646,-55.007469],[-66.936722,-55.012161],[-66.940834,-55.00835]],[[-66.92675,-55.012161],[-66.925873,-55.012455],[-66.93174,-55.01363],[-66.92675,-55.012161]],[[-66.811752,-55.040325],[-66.807648,-55.040913],[-66.809998,-55.042084],[-66.811752,-55.040325]],[[-66.819382,-55.045017],[-66.807648,-55.045898],[-66.81498,-55.048832],[-66.819382,-55.045017]],[[-67.081642,-54.981361],[-67.084282,-54.979893],[-67.081642,-54.978722],[-67.081642,-54.981361]],[[-67.084282,-54.975784],[-67.077538,-54.975784],[-67.078415,-54.977253],[-67.084282,-54.975784]],[[-67.125938,-54.960827],[-67.120949,-54.959946],[-67.120949,-54.960827],[-67.125938,-54.960827]],[[-67.012413,-54.956718],[-67.010941,-54.95496],[-67.005959,-54.955837],[-67.012413,-54.956718]],[[-67.035881,-54.955837],[-67.035881,-54.954079],[-67.033241,-54.953785],[-67.035881,-54.955837]],[[-67.147644,-54.944103],[-67.134155,-54.943226],[-67.137672,-54.949093],[-67.147644,-54.944103]],[[-67.248268,-54.94381],[-67.254135,-54.939117],[-67.243279,-54.938824],[-67.248268,-54.94381]],[[-67.262642,-54.937649],[-67.262642,-54.93589],[-67.25824,-54.935303],[-67.262642,-54.937649]],[[-67.156738,-54.90538],[-67.157623,-54.904209],[-67.153511,-54.903622],[-67.156738,-54.90538]],[[-66.535126,-55.176147],[-66.438316,-55.196976],[-66.424232,-55.224258],[-66.499924,-55.234524],[-66.499039,-55.244205],[-66.521042,-55.254181],[-66.514297,-55.264153],[-66.522507,-55.268261],[-66.514297,-55.278526],[-66.526611,-55.282047],[-66.540108,-55.277943],[-66.624306,-55.289089],[-66.618439,-55.282047],[-66.645134,-55.291142],[-66.645714,-55.283516],[-66.657455,-55.281754],[-66.647476,-55.26738],[-66.655983,-55.266792],[-66.650703,-55.260925],[-66.65921,-55.256821],[-66.660973,-55.230713],[-66.652466,-55.215752],[-66.662437,-55.210762],[-66.586754,-55.197269],[-66.561821,-55.177029],[-66.535126,-55.176147]],[[-66.510185,-55.177029],[-66.507545,-55.177612],[-66.50843,-55.178787],[-66.510185,-55.177029]],[[-66.456795,-55.188763],[-66.455917,-55.189934],[-66.458557,-55.190521],[-66.456795,-55.188763]],[[-66.838448,-55.292904],[-66.844315,-55.290848],[-66.843437,-55.289677],[-66.838448,-55.292904]],[[-66.833466,-55.292023],[-66.832581,-55.293488],[-66.83493,-55.293781],[-66.833466,-55.292023]],[[-66.809998,-55.293781],[-66.792397,-55.303463],[-66.790932,-55.314026],[-66.819382,-55.308449],[-66.820847,-55.297596],[-66.809998,-55.293781]],[[-66.867493,-55.315784],[-66.891548,-55.331333],[-66.905922,-55.330158],[-66.910027,-55.340427],[-66.933205,-55.332798],[-67.026787,-55.3372],[-67.048492,-55.327225],[-67.055824,-55.314316],[-67.055824,-55.282635],[-67.04409,-55.272369],[-67.072548,-55.267673],[-67.059349,-55.258286],[-67.063454,-55.254475],[-67.034996,-55.252125],[-67.035881,-55.245968],[-67.010941,-55.235111],[-67.007423,-55.222496],[-66.976624,-55.212818],[-66.911789,-55.207245],[-66.871597,-55.214577],[-66.862503,-55.255939],[-66.845787,-55.260925],[-66.869255,-55.260048],[-66.862503,-55.264153],[-66.867493,-55.272369],[-66.845787,-55.28997],[-66.864265,-55.30405],[-66.867493,-55.315784]],[[-66.871597,-55.322239],[-66.869255,-55.322533],[-66.870132,-55.323704],[-66.871597,-55.322239]],[[-66.882454,-55.327518],[-66.867493,-55.331627],[-66.875122,-55.333679],[-66.882454,-55.327518]],[[-66.861626,-55.333092],[-66.860748,-55.334267],[-66.863388,-55.33456],[-66.861626,-55.333092]],[[-67.113327,-55.28117],[-67.115967,-55.280876],[-67.115082,-55.279701],[-67.113327,-55.28117]],[[-67.059937,-55.277061],[-67.069321,-55.274128],[-67.060226,-55.272076],[-67.059937,-55.277061]],[[-66.956673,-55.207245],[-66.959312,-55.206657],[-66.954323,-55.205776],[-66.956673,-55.207245]],[[-66.857521,-55.229832],[-66.852531,-55.223377],[-66.847542,-55.224258],[-66.850769,-55.230713],[-66.857521,-55.229832]],[[-66.695,-55.27618],[-66.680923,-55.277649],[-66.695,-55.285275],[-66.695,-55.27618]],[[-66.836693,-55.286449],[-66.84256,-55.284103],[-66.833466,-55.282928],[-66.836693,-55.286449]],[[-67.101593,-55.204601],[-67.10247,-55.20343],[-67.098366,-55.202843],[-67.101593,-55.204601]],[[-67.108337,-55.203724],[-67.109215,-55.202549],[-67.106575,-55.201962],[-67.108337,-55.203724]],[[-67.062576,-55.439873],[-67.05172,-55.436939],[-67.04908,-55.438408],[-67.053482,-55.441341],[-67.062576,-55.439873]],[[-67.039108,-55.450142],[-67.026787,-55.449554],[-67.025902,-55.451019],[-67.033241,-55.453075],[-67.039108,-55.450142]],[[-66.773331,-55.559563],[-66.770981,-55.560146],[-66.773331,-55.561321],[-66.773331,-55.559563]],[[-66.789169,-55.570122],[-66.776848,-55.563084],[-66.767456,-55.567482],[-66.770103,-55.572178],[-66.789169,-55.570122]],[[-66.783302,-55.597111],[-66.782417,-55.598286],[-66.785065,-55.598869],[-66.783302,-55.597111]],[[-66.790932,-55.600044],[-66.787407,-55.600044],[-66.790047,-55.602097],[-66.790932,-55.600044]],[[-67.169945,-55.762856],[-67.149117,-55.781631],[-67.158211,-55.791313],[-67.203384,-55.789551],[-67.209251,-55.796593],[-67.19928,-55.806564],[-67.215118,-55.812141],[-67.257652,-55.803337],[-67.240936,-55.781631],[-67.204262,-55.76931],[-67.203384,-55.762856],[-67.178452,-55.769604],[-67.169945,-55.762856]],[[-67.152634,-55.767551],[-67.149117,-55.771656],[-67.154099,-55.771656],[-67.152634,-55.767551]],[[-67.142662,-55.775764],[-67.137383,-55.775764],[-67.140022,-55.778111],[-67.142662,-55.775764]],[[-67.070198,-55.812141],[-67.069031,-55.812431],[-67.073425,-55.814487],[-67.070198,-55.812141]],[[-67.260002,-55.800407],[-67.264107,-55.800114],[-67.263519,-55.798058],[-67.260002,-55.800407]],[[-67.245918,-55.771656],[-67.245918,-55.770779],[-67.237412,-55.771656],[-67.245918,-55.771656]],[[-67.1717,-55.882839],[-67.169357,-55.884892],[-67.1717,-55.885479],[-67.1717,-55.882839]],[[-67.175812,-55.889294],[-67.167595,-55.888412],[-67.167595,-55.894279],[-67.175812,-55.889294]],[[-64.55674,-54.772198],[-64.555862,-54.773373],[-64.563484,-54.773666],[-64.55674,-54.772198]],[[-64.605141,-54.791267],[-64.592529,-54.791855],[-64.601624,-54.794495],[-64.605141,-54.791267]],[[-64.425026,-54.754597],[-64.424149,-54.75489],[-64.427666,-54.75489],[-64.425026,-54.754597]],[[-64.235809,-54.712646],[-64.230827,-54.711765],[-64.230827,-54.716755],[-64.235809,-54.712646]],[[-64.086784,-54.730541],[-64.08239,-54.730835],[-64.08503,-54.73201],[-64.086784,-54.730541]],[[-63.804287,-54.690941],[-63.79842,-54.690353],[-63.79578,-54.691818],[-63.79842,-54.692993],[-63.804287,-54.690941]],[[-37.488342,-53.961952],[-37.485703,-53.963421],[-37.486584,-53.965473],[-37.488342,-53.961952]],[[-37.485119,-53.965473],[-37.484238,-53.965767],[-37.485119,-53.966354],[-37.485119,-53.965473]],[[-37.490105,-53.969582],[-37.494209,-53.968407],[-37.490105,-53.965473],[-37.490105,-53.969582]],[[-37.921631,-53.98542],[-37.917522,-53.986008],[-37.918404,-53.987183],[-37.921631,-53.98542]],[[-37.916641,-53.98777],[-37.910774,-53.989235],[-37.911655,-53.99041],[-37.916641,-53.98777]],[[-37.911655,-53.992168],[-37.910774,-53.993343],[-37.914883,-53.993637],[-37.911655,-53.992168]],[[-38.020195,-53.993931],[-38.027531,-53.993343],[-38.026649,-53.992168],[-38.020195,-53.993931]],[[-38.233463,-53.994808],[-38.23933,-53.995102],[-38.236691,-53.992168],[-38.233463,-53.994808]],[[-38.228477,-53.996277],[-38.227596,-53.996864],[-38.228477,-53.997154],[-38.228477,-53.996277]],[[-38.231705,-53.997154],[-38.229359,-53.997448],[-38.229942,-53.998035],[-38.231705,-53.997154]],[[-37.961819,-54.003902],[-37.957417,-54.004196],[-37.960056,-54.005371],[-37.961819,-54.003902]],[[-37.845062,-54.000381],[-37.844185,-54.002438],[-37.846531,-54.003021],[-37.845062,-54.000381]],[[-37.493332,-53.969582],[-37.490986,-53.971634],[-37.493332,-53.972221],[-37.493332,-53.969582]],[[-37.678436,-53.994514],[-37.674038,-53.995102],[-37.674919,-53.996277],[-37.678436,-53.994514]],[[-37.303238,-54.002144],[-37.302357,-54.003319],[-37.306759,-54.003609],[-37.303238,-54.002144]],[[-37.308224,-54.00713],[-37.317612,-54.005959],[-37.313503,-54.003021],[-37.308224,-54.00713]],[[-37.318199,-54.008011],[-37.310863,-54.009186],[-37.313503,-54.010357],[-37.318199,-54.008011]],[[-37.300892,-54.010063],[-37.300892,-54.014172],[-37.310863,-54.011826],[-37.300892,-54.010063]],[[-37.250729,-54.012409],[-37.238407,-54.011238],[-37.235767,-54.015053],[-37.240166,-54.016224],[-37.250729,-54.012409]],[[-37.246033,-54.025024],[-37.264221,-54.027664],[-37.257473,-54.01593],[-37.246033,-54.025024]],[[-37.227551,-54.028252],[-37.237526,-54.026787],[-37.23518,-54.024437],[-37.227551,-54.028252]],[[-37.334332,-54.028252],[-37.344307,-54.021797],[-37.333454,-54.012997],[-37.315853,-54.019157],[-37.32436,-54.022385],[-37.334332,-54.028252]],[[-37.278301,-54.031185],[-37.274197,-54.033531],[-37.287395,-54.033237],[-37.278301,-54.031185]],[[-37.242512,-54.036758],[-37.265984,-54.038227],[-37.265102,-54.037052],[-37.242512,-54.036758]],[[-37.333454,-54.038811],[-37.325825,-54.039986],[-37.329933,-54.042038],[-37.333454,-54.038811]],[[-36.853523,-54.073723],[-36.849125,-54.075775],[-36.850006,-54.077244],[-36.853523,-54.073723]],[[-36.782536,-54.100712],[-36.777546,-54.101006],[-36.779308,-54.103352],[-36.782536,-54.100712]],[[-36.6693,-54.156742],[-36.66666,-54.151169],[-36.657566,-54.153221],[-36.659912,-54.157913],[-36.6693,-54.156742]],[[-36.329887,-54.245335],[-36.325783,-54.245922],[-36.32666,-54.249733],[-36.329887,-54.245335]],[[-36.294098,-54.255016],[-36.294098,-54.25824],[-36.299965,-54.258827],[-36.294098,-54.255016]],[[-36.15593,-54.368248],[-36.152409,-54.368248],[-36.152409,-54.370892],[-36.15593,-54.368248]],[[-35.979034,-54.501724],[-35.999275,-54.503487],[-35.999275,-54.499966],[-35.979034,-54.501724]],[[-35.84996,-54.740517],[-35.844387,-54.74081],[-35.844975,-54.742863],[-35.84996,-54.740517]]],[[[-58.287464,-33.068081],[-58.315918,-33.074535],[-58.341736,-33.0672],[-58.405979,-33.0672],[-58.415073,-33.068081],[-58.419182,-33.078934],[-58.44265,-33.070427],[-58.417126,-33.084213],[-58.438835,-33.085976],[-58.437077,-33.107681],[-58.413315,-33.113846],[-58.411259,-33.121765],[-58.433849,-33.172516],[-58.427982,-33.21769],[-58.442944,-33.249374],[-58.420353,-33.311859],[-58.459663,-33.334152],[-58.462891,-33.35762],[-58.481373,-33.369942],[-58.536228,-33.476723],[-58.523029,-33.54097],[-58.542976,-33.596706],[-58.537991,-33.612545],[-58.552071,-33.691753],[-58.543858,-33.71434],[-58.52948,-33.721676],[-58.53183,-33.727249],[-58.543858,-33.723434],[-58.525375,-33.737515],[-58.516281,-33.755997],[-58.53447,-33.76421],[-58.5242,-33.761276],[-58.501614,-33.779758],[-58.490761,-33.777119],[-58.462891,-33.819363],[-58.47345,-33.823761],[-58.509239,-33.813786],[-58.530949,-33.820534],[-58.530067,-33.812908],[-58.558819,-33.840191],[-58.503372,-33.815548],[-58.450863,-33.834614],[-58.447048,-33.845177],[-58.46553,-33.883312],[-58.458782,-33.895046],[-58.476383,-33.899155],[-58.464649,-33.902676],[-58.479023,-33.913822],[-58.495747,-33.902966],[-58.529186,-33.896221],[-58.55999,-33.913822],[-58.549725,-33.919102],[-58.548256,-33.929661],[-58.525082,-33.940517],[-58.496628,-33.933769],[-58.454968,-33.950489],[-58.430035,-33.954597],[-58.431793,-33.947849],[-58.415661,-33.94873],[-58.407154,-33.95665],[-58.41214,-33.983345],[-58.42094,-33.97953],[-58.416248,-33.987747],[-58.42622,-33.992439],[-58.424168,-34.00388],[-58.47081,-33.996254],[-58.560871,-34.026176],[-58.568203,-34.020309],[-58.591965,-34.033215],[-58.557644,-34.031162],[-58.496628,-34.010334],[-58.484894,-34.026176],[-58.489586,-34.009163],[-58.479023,-34.006229],[-58.405979,-34.015324],[-58.37635,-34.049057],[-58.380459,-34.072525],[-58.389259,-34.072231],[-58.372829,-34.080742],[-58.384857,-34.098049],[-58.390724,-34.097168],[-58.400112,-34.103035],[-58.392487,-34.108902],[-58.375175,-34.11301],[-58.373711,-34.11594],[-58.38163,-34.150558],[-58.410965,-34.140289],[-58.381336,-34.163467],[-58.377815,-34.1884],[-58.38163,-34.19632],[-58.400112,-34.197201],[-58.400406,-34.186642],[-58.408913,-34.182533],[-58.403339,-34.172852],[-58.406273,-34.17432],[-58.410088,-34.181358],[-58.42094,-34.175491],[-58.418301,-34.1796],[-58.402164,-34.190746],[-58.402752,-34.206001],[-58.39043,-34.214214],[-58.405098,-34.228004],[-58.430916,-34.223019],[-58.415367,-34.235924],[-58.433262,-34.260273],[-58.444996,-34.261448],[-58.445583,-34.250885],[-58.449982,-34.246193],[-58.457611,-34.243847],[-58.459663,-34.250004],[-58.450569,-34.266727],[-58.464943,-34.274647],[-58.500732,-34.264671],[-58.504253,-34.257046],[-58.51012,-34.265553],[-58.5242,-34.264671],[-58.525963,-34.251179],[-58.53447,-34.254993],[-58.531536,-34.264671],[-58.544147,-34.256165],[-58.554123,-34.26614],[-58.58551,-34.261738],[-58.586685,-34.267021],[-58.53828,-34.269661],[-58.536228,-34.28257],[-58.548256,-34.290489],[-58.610741,-34.269661],[-58.635384,-34.269367],[-58.57407,-34.290489],[-58.572605,-34.298702],[-58.570843,-34.292835],[-58.548256,-34.304569],[-58.536522,-34.318649],[-58.542683,-34.30545],[-58.521561,-34.304569],[-58.485771,-34.33625],[-58.476971,-34.355026],[-58.488411,-34.346226],[-58.503666,-34.354145],[-58.49369,-34.367641],[-58.507187,-34.365002],[-58.504547,-34.393456],[-58.512466,-34.391991],[-58.508945,-34.396683],[-58.520096,-34.402256],[-58.533001,-34.390816],[-58.526257,-34.409298],[-58.516281,-34.418392],[-58.521561,-34.428658],[-58.537403,-34.433643],[-58.54092,-34.42543],[-58.551777,-34.428951],[-58.569672,-34.417511],[-58.525963,-34.448017],[-58.509239,-34.448898],[-58.503666,-34.464153],[-58.485477,-34.474129],[-58.476383,-34.511677],[-58.457611,-34.538078],[-58.402458,-34.563892],[-58.400112,-34.573868],[-58.387497,-34.577095],[-58.394539,-34.570934],[-58.385151,-34.570347],[-58.364616,-34.584137],[-58.371365,-34.59763],[-58.356991,-34.598217],[-58.365498,-34.599976],[-58.358749,-34.621685],[-58.340561,-34.629898],[-58.354054,-34.634594],[-58.364029,-34.626965],[-58.35611,-34.634888],[-58.363441,-34.642807],[-58.352589,-34.636353],[-58.342613,-34.643688],[-58.350536,-34.636646],[-58.338215,-34.632832],[-58.337627,-34.64222],[-58.31768,-34.658062],[-58.226742,-34.707932],[-58.183323,-34.744602],[-58.113506,-34.752815],[-58.053368,-34.778042],[-58.01347,-34.78215],[-57.940132,-34.837887],[-57.876766,-34.85725],[-57.884102,-34.850502],[-57.888794,-34.850796],[-57.879116,-34.833778],[-57.730091,-34.92384],[-57.669071,-34.941147],[-57.575787,-35.008034],[-57.529144,-35.016247],[-57.351666,-35.141216],[-57.195305,-35.306667],[-57.182106,-35.335121],[-57.136341,-35.39262],[-57.119621,-35.426651],[-57.120499,-35.450996],[-57.152184,-35.501747],[-57.264244,-35.615276],[-57.285366,-35.654293],[-57.33289,-35.717365],[-57.338463,-35.715309],[-57.335529,-35.722645],[-57.346382,-35.735844],[-57.373077,-35.743473],[-57.355476,-35.749046],[-57.385399,-35.810062],[-57.387157,-35.906578],[-57.372196,-35.948235],[-57.372196,-35.964073],[-57.379532,-35.96994],[-57.370438,-35.966717],[-57.357822,-35.990768],[-57.358704,-36.009251],[-57.363689,-36.008369],[-57.353718,-36.020985],[-57.361343,-36.023335],[-57.349609,-36.033306],[-57.349609,-36.04504],[-57.333771,-36.055897],[-57.339638,-36.061764],[-57.324677,-36.065868],[-57.322037,-36.083469],[-57.31382,-36.08083],[-57.31118,-36.107525],[-57.295048,-36.112804],[-57.296806,-36.123074],[-57.286537,-36.123661],[-57.266003,-36.153873],[-57.260429,-36.149181],[-57.257202,-36.163261],[-57.24371,-36.169128],[-57.246937,-36.175877],[-57.235497,-36.177635],[-57.237549,-36.184677],[-57.229042,-36.182037],[-57.138393,-36.263592],[-57.129887,-36.263004],[-57.133408,-36.277966],[-57.120792,-36.269459],[-57.117565,-36.283833],[-57.109058,-36.276203],[-57.065937,-36.307007],[-57.019295,-36.324608],[-57.02076,-36.333115],[-57.012547,-36.327248],[-56.996704,-36.332821],[-56.996704,-36.345436],[-56.993477,-36.334583],[-56.978222,-36.335461],[-56.976757,-36.346317],[-56.974117,-36.335461],[-56.960033,-36.334583],[-56.959156,-36.345436],[-56.957981,-36.335754],[-56.949181,-36.333702],[-56.953876,-36.34573],[-56.945953,-36.352184],[-56.94302,-36.34837],[-56.951237,-36.345142],[-56.94537,-36.341621],[-56.947128,-36.336636],[-56.932461,-36.334583],[-56.930115,-36.341328],[-56.920139,-36.334583],[-56.921314,-36.349251],[-56.928646,-36.346607],[-56.928646,-36.350128],[-56.923073,-36.352474],[-56.927471,-36.370373],[-56.913685,-36.355118],[-56.920433,-36.352474],[-56.914272,-36.338688],[-56.901657,-36.347195],[-56.905766,-36.337807],[-56.885818,-36.332821],[-56.884937,-36.338688],[-56.875843,-36.328712],[-56.875843,-36.34045],[-56.86499,-36.327835],[-56.858242,-36.328712],[-56.863815,-36.33429],[-56.857067,-36.33165],[-56.854134,-36.345436],[-56.852669,-36.329594],[-56.827438,-36.337223],[-56.820107,-36.332233],[-56.813358,-36.342796],[-56.815117,-36.33194],[-56.795757,-36.328712],[-56.795757,-36.334583],[-56.779915,-36.338688],[-56.777569,-36.330475],[-56.776688,-36.342209],[-56.764076,-36.351303],[-56.772583,-36.338688],[-56.751755,-36.353062],[-56.748234,-36.348663],[-56.740898,-36.359516],[-56.749992,-36.341328],[-56.763195,-36.331356],[-56.776398,-36.327541],[-56.783436,-36.292046],[-54.95261,-34.976353],[-54.955544,-34.967548],[-54.942051,-34.953468],[-54.969334,-34.925308],[-55.009228,-34.911224],[-55.043259,-34.912106],[-55.049126,-34.918854],[-55.042965,-34.894211],[-55.070831,-34.880425],[-55.107502,-34.873676],[-55.109554,-34.87661],[-55.106621,-34.879543],[-55.184067,-34.88541],[-55.23922,-34.905357],[-55.254181,-34.89949],[-55.264153,-34.906239],[-55.264153,-34.894505],[-55.286156,-34.889225],[-55.279701,-34.866634],[-55.306396,-34.853436],[-55.304638,-34.842583],[-55.322533,-34.822044],[-55.361546,-34.80386],[-55.390884,-34.799458],[-55.402618,-34.774525],[-55.405846,-34.790363],[-55.530811,-34.795349],[-55.603271,-34.770416],[-55.656662,-34.777164],[-55.672504,-34.762203],[-55.700958,-34.759563],[-55.706532,-34.746361],[-55.706532,-34.763081],[-55.74995,-34.778923],[-55.774006,-34.783909],[-55.776058,-34.773056],[-55.792484,-34.768658],[-55.859077,-34.799751],[-55.90836,-34.811192],[-56.059143,-34.89949],[-56.120163,-34.901253],[-56.143337,-34.913864],[-56.161819,-34.935574],[-56.175018,-34.917091],[-56.216381,-34.911812],[-56.218437,-34.905357],[-56.200542,-34.898319],[-56.208462,-34.878662],[-56.227528,-34.874557],[-56.235744,-34.881306],[-56.244251,-34.873676],[-56.248062,-34.895973],[-56.260094,-34.905357],[-56.300869,-34.89304],[-56.314068,-34.905357],[-56.339298,-34.870449],[-56.36834,-34.863705],[-56.393276,-34.842873],[-56.425545,-34.832607],[-56.389168,-34.79887],[-56.390926,-34.804443],[-56.366577,-34.804737],[-56.341351,-34.781857],[-56.340469,-34.767483],[-56.348686,-34.758389],[-56.341938,-34.734333],[-56.365112,-34.703823],[-56.418503,-34.688862],[-56.425545,-34.690918],[-56.417622,-34.700302],[-56.376846,-34.704704],[-56.361298,-34.717613],[-56.36042,-34.741669],[-56.346924,-34.772469],[-56.35162,-34.78215],[-56.4716,-34.751347],[-56.505924,-34.751347],[-56.563419,-34.76543],[-56.650841,-34.720547],[-56.819225,-34.689743],[-56.899311,-34.65366],[-56.907818,-34.630779],[-56.989079,-34.568882],[-57.018414,-34.562134],[-57.07415,-34.532799],[-57.072098,-34.523411],[-57.106712,-34.477943],[-57.153355,-34.453888],[-57.23579,-34.44215],[-57.356651,-34.44714],[-57.363689,-34.43922],[-57.341984,-34.429245],[-57.354305,-34.427193],[-57.36076,-34.436283],[-57.404175,-34.432179],[-57.44759,-34.44714],[-57.462257,-34.443325],[-57.451992,-34.442448],[-57.464897,-34.432179],[-57.489246,-34.433643],[-57.545864,-34.457993],[-57.571678,-34.434525],[-57.60424,-34.428658],[-57.723343,-34.464741],[-57.738304,-34.456234],[-57.780842,-34.4753],[-57.794041,-34.470314],[-57.855942,-34.477062],[-57.850365,-34.458286],[-57.897888,-34.430126],[-57.900532,-34.384068],[-57.93808,-34.335957],[-57.927811,-34.332439],[-57.944241,-34.329502],[-57.958908,-34.304863],[-57.988831,-34.279045],[-57.97123,-34.270832],[-57.988243,-34.274647],[-58.004086,-34.257927],[-58.032539,-34.24707],[-58.036648,-34.237099],[-58.062462,-34.234753],[-58.072433,-34.192802],[-58.100891,-34.177841],[-58.154282,-34.166985],[-58.210018,-34.166107],[-58.226444,-34.152611],[-58.216179,-34.123276],[-58.23642,-34.071648],[-58.282478,-34.032043],[-58.298023,-34.028522],[-58.293625,-34.022655],[-58.308292,-33.998894],[-58.335869,-33.991268],[-58.376644,-33.954597],[-58.395714,-33.953716],[-58.429741,-33.919395],[-58.42622,-33.909126],[-58.432087,-33.8927],[-58.423874,-33.861015],[-58.440594,-33.834324],[-58.421234,-33.755997],[-58.442944,-33.692631],[-58.424461,-33.679138],[-58.417126,-33.650974],[-58.419476,-33.590839],[-58.42886,-33.579395],[-58.434727,-33.53334],[-58.427101,-33.49931],[-58.411552,-33.484646],[-58.393364,-33.482296],[-58.388672,-33.494324],[-58.39043,-33.48259],[-58.400406,-33.474964],[-58.379578,-33.436829],[-58.379578,-33.426853],[-58.387791,-33.40749],[-58.352589,-33.403091],[-58.338509,-33.393997],[-58.339973,-33.38549],[-58.360802,-33.359676],[-58.379284,-33.349701],[-58.396297,-33.345009],[-58.359924,-33.330338],[-58.352001,-33.315964],[-58.356991,-33.291615],[-58.344669,-33.264919],[-58.352589,-33.269615],[-58.358749,-33.264336],[-58.363735,-33.136726],[-58.339973,-33.115604],[-58.326775,-33.12059],[-58.321785,-33.107979],[-58.293331,-33.112083],[-58.28101,-33.12558],[-58.271622,-33.111202],[-58.239647,-33.101814],[-58.247566,-33.093895],[-58.29509,-33.098003],[-58.267811,-33.07336],[-58.287464,-33.068081]],[[-58.304184,-33.093018],[-58.29744,-33.093895],[-58.296265,-33.095947],[-58.301838,-33.098003],[-58.304184,-33.093018]],[[-58.397472,-33.347061],[-58.360802,-33.361435],[-58.347897,-33.388424],[-58.364029,-33.395466],[-58.383392,-33.371998],[-58.418301,-33.366421],[-58.418007,-33.359089],[-58.397472,-33.347061]],[[-58.400112,-33.40984],[-58.425343,-33.411011],[-58.416248,-33.395172],[-58.420059,-33.367302],[-58.387497,-33.372875],[-58.371365,-33.387543],[-58.400112,-33.40984]],[[-58.383682,-33.420986],[-58.382511,-33.433014],[-58.391312,-33.420986],[-58.383682,-33.420986]],[[-58.388084,-33.439175],[-58.390137,-33.44064],[-58.389259,-33.428905],[-58.388084,-33.439175]],[[-58.382217,-33.435947],[-58.38427,-33.442986],[-58.386326,-33.442696],[-58.382217,-33.435947]],[[-58.408031,-33.435947],[-58.402458,-33.42392],[-58.398643,-33.432426],[-58.408031,-33.435947]],[[-58.398937,-33.421867],[-58.395126,-33.418053],[-58.394245,-33.438],[-58.398937,-33.421867]],[[-58.418888,-33.645988],[-58.419182,-33.655376],[-58.422115,-33.650097],[-58.418888,-33.645988]],[[-58.459957,-33.818775],[-58.457024,-33.824348],[-58.464649,-33.823467],[-58.459957,-33.818775]],[[-58.46553,-33.825813],[-58.455849,-33.826401],[-58.452915,-33.830803],[-58.461716,-33.830509],[-58.46553,-33.825813]],[[-58.45174,-33.896221],[-58.436195,-33.900913],[-58.437077,-33.910007],[-58.429153,-33.940517],[-58.465824,-33.941395],[-58.491638,-33.930542],[-58.525963,-33.936409],[-58.544147,-33.928783],[-58.548256,-33.917927],[-58.552952,-33.914993],[-58.523319,-33.89798],[-58.477558,-33.916462],[-58.45174,-33.896221]],[[-58.431793,-33.901501],[-58.430328,-33.903553],[-58.432674,-33.904728],[-58.431793,-33.901501]],[[-58.432968,-33.908249],[-58.43502,-33.910595],[-58.436195,-33.905903],[-58.432968,-33.908249]],[[-58.428272,-33.942276],[-58.427982,-33.944328],[-58.438835,-33.944328],[-58.428272,-33.942276]],[[-58.4095,-33.947556],[-58.4095,-33.950195],[-58.41214,-33.949318],[-58.4095,-33.947556]],[[-58.403046,-33.963398],[-58.402458,-33.967213],[-58.405392,-33.965157],[-58.403046,-33.963398]],[[-58.4007,-33.96545],[-58.388672,-33.974251],[-58.376644,-33.998013],[-58.399525,-33.987453],[-58.4007,-33.96545]],[[-58.312107,-34.018253],[-58.314159,-34.022949],[-58.319439,-34.020016],[-58.312107,-34.018253]],[[-58.375469,-34.022362],[-58.371948,-34.042603],[-58.377525,-34.043777],[-58.396297,-34.019135],[-58.375469,-34.022362]],[[-58.311226,-34.047592],[-58.314159,-34.051403],[-58.317093,-34.04847],[-58.311226,-34.047592]],[[-58.319439,-34.056686],[-58.323254,-34.064606],[-58.326187,-34.062553],[-58.319439,-34.056686]],[[-58.312401,-34.05962],[-58.311226,-34.062553],[-58.314159,-34.063725],[-58.312401,-34.05962]],[[-58.372829,-34.067539],[-58.374886,-34.073112],[-58.378696,-34.069885],[-58.372829,-34.067539]],[[-58.279545,-34.074287],[-58.284237,-34.077805],[-58.28717,-34.075165],[-58.279545,-34.074287]],[[-58.379284,-34.07634],[-58.378403,-34.072819],[-58.374592,-34.075165],[-58.379284,-34.07634]],[[-58.285412,-34.079273],[-58.287464,-34.080444],[-58.288052,-34.079273],[-58.285412,-34.079273]],[[-58.372536,-34.085434],[-58.371365,-34.094234],[-58.378403,-34.095406],[-58.380459,-34.092476],[-58.372536,-34.085434]],[[-58.370483,-34.098343],[-58.372536,-34.112129],[-58.39806,-34.102448],[-58.370483,-34.098343]],[[-58.366375,-34.119167],[-58.372536,-34.123863],[-58.373711,-34.11829],[-58.366375,-34.119167]],[[-58.268394,-34.160534],[-58.249329,-34.16288],[-58.246983,-34.165813],[-58.268394,-34.168747],[-58.268394,-34.160534]],[[-58.241993,-34.176666],[-58.241116,-34.185761],[-58.255783,-34.191334],[-58.259594,-34.180775],[-58.241993,-34.176666]],[[-58.316799,-34.187813],[-58.312984,-34.197495],[-58.318268,-34.203068],[-58.324718,-34.190746],[-58.316799,-34.187813]],[[-58.307411,-34.200428],[-58.302132,-34.206001],[-58.304184,-34.210403],[-58.30888,-34.206001],[-58.307411,-34.200428]],[[-58.38662,-34.209522],[-58.399231,-34.203655],[-58.400406,-34.200134],[-58.382511,-34.198082],[-58.38662,-34.209522]],[[-58.325012,-34.19632],[-58.323841,-34.200722],[-58.326775,-34.202187],[-58.325012,-34.19632]],[[-58.325012,-34.185467],[-58.318268,-34.183708],[-58.318268,-34.184586],[-58.325012,-34.185467]],[[-58.327068,-34.180775],[-58.322666,-34.178719],[-58.322079,-34.179893],[-58.327068,-34.180775]],[[-58.411846,-34.243847],[-58.4095,-34.254112],[-58.423286,-34.265553],[-58.422993,-34.255871],[-58.411846,-34.243847]],[[-58.449982,-34.257046],[-58.457905,-34.250885],[-58.45673,-34.245605],[-58.447929,-34.250004],[-58.449982,-34.257046]],[[-58.528015,-34.286675],[-58.538868,-34.290195],[-58.536816,-34.286381],[-58.528015,-34.286675]],[[-58.497505,-34.286968],[-58.496918,-34.292542],[-58.505425,-34.290195],[-58.497505,-34.286968]],[[-58.505135,-34.292248],[-58.497799,-34.298409],[-58.498386,-34.30809],[-58.513054,-34.297527],[-58.505135,-34.292248]],[[-58.489292,-34.298702],[-58.487823,-34.301636],[-58.493401,-34.302811],[-58.489292,-34.298702]],[[-58.536522,-34.304569],[-58.543858,-34.304276],[-58.541801,-34.302223],[-58.536522,-34.304569]],[[-58.528896,-34.289902],[-58.510414,-34.285793],[-58.510708,-34.287262],[-58.528896,-34.289902]],[[-58.482838,-34.357372],[-58.485771,-34.364708],[-58.489586,-34.362652],[-58.482838,-34.357372]],[[-58.485477,-34.368225],[-58.487534,-34.373802],[-58.492226,-34.371746],[-58.485477,-34.368225]],[[-58.494572,-34.381722],[-58.498386,-34.384655],[-58.49868,-34.38084],[-58.494572,-34.381722]],[[-58.519508,-34.408417],[-58.520973,-34.41135],[-58.522148,-34.410175],[-58.519508,-34.408417]],[[-57.904049,-34.422203],[-57.902878,-34.423378],[-57.911678,-34.42543],[-57.904049,-34.422203]],[[-57.919304,-34.42543],[-57.920479,-34.424259],[-57.916664,-34.422791],[-57.919304,-34.42543]],[[-57.927517,-34.424549],[-57.927811,-34.423378],[-57.92165,-34.422203],[-57.927517,-34.424549]],[[-58.523029,-34.435112],[-58.532124,-34.435993],[-58.529186,-34.434525],[-58.523029,-34.435112]],[[-57.89085,-34.449486],[-57.890556,-34.450954],[-57.895836,-34.453888],[-57.89085,-34.449486]],[[-57.884102,-34.456234],[-57.888794,-34.454182],[-57.887623,-34.452126],[-57.884102,-34.456234]],[[-57.907864,-34.454182],[-57.906689,-34.452126],[-57.904636,-34.4533],[-57.907864,-34.454182]],[[-57.896423,-34.457409],[-57.897594,-34.458874],[-57.900532,-34.458286],[-57.896423,-34.457409]],[[-57.889969,-34.478821],[-57.899357,-34.478821],[-57.897594,-34.472954],[-57.889969,-34.478821]],[[-57.903461,-34.4753],[-57.904636,-34.474129],[-57.901703,-34.472954],[-57.903461,-34.4753]],[[-57.919598,-34.48674],[-57.92429,-34.488796],[-57.924583,-34.485863],[-57.919598,-34.48674]],[[-58.370483,-34.575043],[-58.357868,-34.58091],[-58.358456,-34.593819],[-58.361389,-34.581787],[-58.370483,-34.575043]],[[-56.568405,-34.771297],[-56.562836,-34.781563],[-56.574272,-34.793884],[-56.575447,-34.781563],[-56.568405,-34.771297]],[[-56.394154,-34.783031],[-56.373913,-34.789192],[-56.390049,-34.794472],[-56.397968,-34.790951],[-56.394154,-34.783031]],[[-56.42701,-34.800045],[-56.431705,-34.801216],[-56.432877,-34.799164],[-56.42701,-34.800045]],[[-57.8797,-34.830849],[-57.889088,-34.849621],[-57.88586,-34.835541],[-57.89349,-34.847862],[-57.939545,-34.836716],[-57.913437,-34.832901],[-57.8797,-34.830849]],[[-55.928894,-34.940853],[-55.934174,-34.946136],[-55.934467,-34.944962],[-55.928894,-34.940853]],[[-54.97168,-34.950535],[-54.968746,-34.960804],[-54.974026,-34.963737],[-54.97784,-34.95171],[-54.97168,-34.950535]],[[-56.783436,-36.320499],[-56.777863,-36.328423],[-56.785194,-36.332233],[-56.792236,-36.327541],[-56.783436,-36.320499]],[[-56.787834,-36.33165],[-56.793411,-36.331356],[-56.794582,-36.3293],[-56.793411,-36.327835],[-56.787834,-36.33165]],[[-56.884937,-36.331356],[-56.894615,-36.33165],[-56.894032,-36.330475],[-56.884937,-36.331356]],[[-56.897552,-36.332233],[-56.90078,-36.336342],[-56.907818,-36.336636],[-56.905178,-36.332821],[-56.897552,-36.332233]],[[-56.916618,-36.35453],[-56.916325,-36.355995],[-56.922485,-36.358639],[-56.916618,-36.35453]],[[-56.855896,-36.328712],[-56.854721,-36.329887],[-56.856773,-36.330475],[-56.855896,-36.328712]],[[-56.769943,-36.331356],[-56.751755,-36.342796],[-56.75058,-36.349251],[-56.768475,-36.336342],[-56.769943,-36.331356]],[[-56.764954,-36.34045],[-56.770821,-36.3381],[-56.771996,-36.336636],[-56.769943,-36.336342],[-56.764954,-36.34045]],[[-56.773754,-36.33429],[-56.77346,-36.331356],[-56.771114,-36.332527],[-56.773754,-36.33429]],[[-55.470383,-34.829968],[-55.469208,-34.826153],[-55.467155,-34.82674],[-55.470383,-34.829968]],[[-55.478889,-34.819115],[-55.477421,-34.816177],[-55.474487,-34.818233],[-55.478889,-34.819115]],[[-55.572178,-34.800926],[-55.571003,-34.797112],[-55.567188,-34.799164],[-55.572178,-34.800926]],[[-55.53756,-34.794765],[-55.535801,-34.794472],[-55.536678,-34.797993],[-55.53756,-34.794765]],[[-56.352203,-34.750759],[-56.350739,-34.743721],[-56.347805,-34.744892],[-56.352203,-34.750759]],[[-56.35778,-34.739906],[-56.356606,-34.733746],[-56.354553,-34.734921],[-56.35778,-34.739906]],[[-56.390926,-34.702065],[-56.39386,-34.699131],[-56.387409,-34.697956],[-56.390926,-34.702065]],[[-56.401783,-34.700302],[-56.402077,-34.699131],[-56.397381,-34.698837],[-56.401783,-34.700302]],[[-56.417622,-34.698837],[-56.422024,-34.692383],[-56.409115,-34.695316],[-56.417622,-34.698837]],[[-57.67054,-34.470901],[-57.667606,-34.462982],[-57.664673,-34.464153],[-57.67054,-34.470901]],[[-57.672009,-34.455059],[-57.671715,-34.453007],[-57.669659,-34.454182],[-57.672009,-34.455059]],[[-57.669071,-34.453007],[-57.67054,-34.451832],[-57.668488,-34.451244],[-57.669071,-34.453007]],[[-57.6679,-34.450073],[-57.666725,-34.448605],[-57.665554,-34.449192],[-57.6679,-34.450073]],[[-57.564053,-34.448605],[-57.563759,-34.450954],[-57.566399,-34.450954],[-57.564053,-34.448605]]]]}}
