{"type":"Feature","properties":{"mrgid":25430,"name":"Indian part of the Bay of Bengal","placeType":"Marine Region","source":"MarineRegions:eez_iho"},"geometry":{"type":"Polygon","coordinates":[[[88.374307,23.509443],[88.371899,23.488478],[88.353411,23.490368],[88.347659,23.481497],[88.370453,23.449852],[88.367883,23.430056],[88.382707,23.421813],[88.354596,23.362497],[88.355766,23.350864],[88.377989,23.332267],[88.355525,23.33745],[88.338276,23.356101],[88.329182,23.354247],[88.325879,23.343792],[88.345049,23.315353],[88.347458,23.297852],[88.329074,23.266803],[88.362622,23.227956],[88.410429,23.207069],[88.422462,23.207423],[88.455805,23.222883],[88.469461,23.219207],[88.47338,23.197715],[88.447121,23.174353],[88.448378,23.134665],[88.454481,23.129407],[88.471152,23.12465],[88.502008,23.124213],[88.51063,23.111914],[88.484736,23.068953],[88.465313,23.079688],[88.441396,23.021108],[88.421528,23.014965],[88.426127,23.024191],[88.406842,22.996589],[88.401086,22.98197],[88.407152,22.931906],[88.398516,22.918686],[88.404181,22.88802],[88.371988,22.861002],[88.373038,22.83305],[88.355445,22.826118],[88.34946,22.796778],[88.32994,22.781141],[88.358259,22.736648],[88.360653,22.688758],[88.350095,22.6566],[88.361413,22.621503],[88.344026,22.581661],[88.317199,22.551529],[88.238936,22.563215],[88.231462,22.551444],[88.237198,22.527723],[88.194642,22.513064],[88.169553,22.485609],[88.129359,22.479212],[88.114626,22.468036],[88.118505,22.443495],[88.137532,22.414761],[88.089362,22.371587],[88.089955,22.305429],[88.078815,22.284426],[88.074939,22.252062],[88.048191,22.219926],[87.993973,22.238293],[87.961781,22.277434],[87.949062,22.399505],[87.927442,22.420061],[87.923272,22.434656],[87.895994,22.434223],[87.881449,22.445393],[87.882214,22.455639],[87.89571,22.471393],[87.902699,22.482608],[87.902925,22.48786],[87.897193,22.49677],[87.89154,22.499805],[87.896697,22.515373],[87.891345,22.526478],[87.865499,22.534276],[87.845721,22.555635],[87.850598,22.581755],[87.858037,22.586593],[87.852268,22.59804],[87.85559,22.586077],[87.849182,22.582153],[87.843289,22.557627],[87.864068,22.532263],[87.891306,22.519669],[87.883163,22.492127],[87.892211,22.476244],[87.874074,22.448269],[87.894359,22.423609],[87.912198,22.421564],[87.928837,22.404446],[87.942111,22.366072],[87.943057,22.354229],[87.93656,22.355905],[87.946615,22.349956],[87.946927,22.333039],[87.936258,22.316922],[87.939466,22.330498],[87.930726,22.333287],[87.940215,22.259968],[87.970673,22.237622],[87.98156,22.215661],[88.007989,22.201655],[88.023385,22.199666],[88.034507,22.209431],[88.075186,22.18675],[88.102668,22.191792],[88.135393,22.184681],[88.19341,22.1126],[88.186471,22.095058],[88.148798,22.059913],[88.061933,22.013317],[88.027394,22.047079],[88.033582,22.057395],[88.032062,22.06365],[87.991331,22.102906],[87.956694,22.09992],[87.932077,22.121246],[87.894366,22.135276],[87.852896,22.164588],[87.826582,22.166316],[87.829631,22.16158],[87.850069,22.162653],[87.879147,22.139832],[87.932064,22.11763],[87.953738,22.097965],[87.981807,22.098595],[88.01138,22.069639],[88.018054,22.040036],[88.052346,22.014419],[87.975734,21.851072],[87.940223,21.820406],[87.928892,21.800238],[87.898877,21.795155],[87.898502,21.789388],[87.880603,21.79967],[87.87233,21.817647],[87.871909,21.846705],[87.881903,21.859962],[87.87582,21.870093],[87.879839,21.858282],[87.870108,21.847818],[87.869369,21.82013],[87.876233,21.800416],[87.89419,21.783169],[87.83078,21.734081],[87.804311,21.70238],[87.777076,21.693708],[87.75303,21.699408],[87.739616,21.678324],[87.681676,21.655163],[87.649737,21.648746],[87.642372,21.651562],[87.643751,21.660003],[87.631312,21.647099],[87.55297,21.635951],[87.463363,21.606254],[87.404167,21.55621],[87.375538,21.571381],[87.309674,21.586252],[87.310913,21.595708],[87.332748,21.606711],[87.347431,21.628111],[87.344186,21.647409],[87.307008,21.671353],[87.314431,21.681298],[87.311232,21.693732],[87.2866,21.686973],[87.241453,21.692946],[87.22735,21.715093],[87.203168,21.720049],[87.217791,21.742335],[87.213427,21.753102],[87.186173,21.752543],[87.165015,21.765265],[87.171492,21.786522],[87.20294,21.791605],[87.217002,21.802382],[87.212791,21.843588],[87.225815,21.855543],[87.245871,21.85475],[87.255163,21.872523],[87.240511,21.905273],[87.251902,21.926605],[87.210336,22.023261],[87.198834,22.039826],[87.176513,22.061634],[87.147111,22.076215],[87.20312,22.032122],[87.205684,21.999762],[87.218805,21.96522],[87.243357,21.927846],[87.233259,21.900383],[87.249692,21.876771],[87.246028,21.858079],[87.225263,21.858847],[87.210989,21.846131],[87.204838,21.795791],[87.176992,21.796875],[87.163265,21.78837],[87.15901,21.775012],[87.163623,21.762535],[87.174165,21.74975],[87.209453,21.747267],[87.195338,21.718841],[87.210477,21.712641],[87.223701,21.713419],[87.241269,21.685298],[87.264989,21.687626],[87.284842,21.678089],[87.307172,21.69102],[87.3002,21.667088],[87.336408,21.648408],[87.343016,21.632673],[87.331512,21.608259],[87.312776,21.607505],[87.30162,21.596712],[87.298724,21.58936],[87.298841,21.582756],[87.30262,21.573779],[87.311277,21.570106],[87.336065,21.575957],[87.364182,21.556113],[87.391031,21.550103],[87.304238,21.555524],[87.200668,21.548133],[87.129642,21.51297],[87.123105,21.521484],[87.104933,21.518721],[87.101348,21.529508],[87.100941,21.520213],[87.114909,21.511617],[87.098073,21.492013],[87.07398,21.471276],[87.047673,21.476975],[87.035246,21.46571],[87.025671,21.468142],[87.023406,21.482004],[87.014135,21.489465],[86.992069,21.48772],[86.98523,21.49699],[86.99392,21.50298],[86.989792,21.509479],[86.98043,21.50293],[86.978845,21.486475],[86.964964,21.497739],[86.954049,21.48578],[86.954354,21.497853],[86.938752,21.507957],[86.948549,21.516508],[86.94729,21.527091],[86.945451,21.527989],[86.928381,21.520692],[86.924514,21.52334],[86.926056,21.531203],[86.937537,21.533806],[86.93991,21.54167],[86.926732,21.54689],[86.920706,21.538397],[86.908439,21.563422],[86.919149,21.537689],[86.923154,21.538644],[86.926642,21.54581],[86.939338,21.540039],[86.926777,21.533729],[86.925024,21.530425],[86.923955,21.522761],[86.926716,21.520258],[86.934121,21.521411],[86.946542,21.527348],[86.947806,21.517163],[86.939357,21.513954],[86.937871,21.511545],[86.937928,21.508348],[86.952307,21.499146],[86.950587,21.488253],[86.953412,21.485252],[86.956916,21.485016],[86.96644,21.4963],[86.974934,21.485773],[86.979277,21.485515],[86.981402,21.487907],[86.982735,21.504326],[86.98964,21.508184],[86.983631,21.497036],[86.991281,21.486352],[87.012935,21.488327],[87.021616,21.481511],[87.022601,21.471372],[87.025316,21.466749],[87.029065,21.46475],[87.04229,21.464873],[87.049103,21.475372],[87.061367,21.473299],[87.063591,21.464304],[86.980549,21.410214],[86.910905,21.340219],[86.859209,21.2616],[86.838352,21.21098],[86.844888,21.218427],[86.837904,21.205622],[86.829975,21.204051],[86.82986,21.193429],[86.823897,21.196345],[86.818513,21.178109],[86.828159,21.176657],[86.823354,21.138129],[86.843843,21.081563],[86.898028,20.998254],[86.910123,20.955748],[86.959141,20.864011],[86.970204,20.823306],[86.958148,20.784889],[86.881693,20.797184],[86.827385,20.771365],[86.803408,20.742188],[86.818303,20.7442],[86.815548,20.723123],[86.794675,20.697584],[86.756193,20.616079],[86.744841,20.632609],[86.75192,20.656947],[86.740772,20.676798],[86.718567,20.686075],[86.694775,20.683285],[86.67786,20.702814],[86.657965,20.703116],[86.620798,20.688646],[86.606826,20.696568],[86.60628,20.71012],[86.600979,20.715631],[86.593865,20.717603],[86.581421,20.708093],[86.568243,20.718441],[86.561166,20.720116],[86.552364,20.715568],[86.54133,20.694178],[86.526981,20.690749],[86.520099,20.699324],[86.513865,20.699434],[86.509776,20.687529],[86.489831,20.680733],[86.466388,20.690779],[86.451829,20.682906],[86.440302,20.689381],[86.425555,20.686143],[86.428927,20.701031],[86.426548,20.711308],[86.398176,20.721261],[86.392585,20.735167],[86.334675,20.754245],[86.333761,20.772488],[86.315371,20.776352],[86.305939,20.785575],[86.304178,20.79172],[86.30011,20.795407],[86.290058,20.78964],[86.283558,20.80335],[86.271456,20.808197],[86.265414,20.830886],[86.245928,20.835025],[86.222777,20.824707],[86.193597,20.866567],[86.164593,20.854662],[86.139924,20.882687],[86.102193,20.892385],[86.084164,20.884638],[86.059834,20.887056],[86.050295,20.879494],[85.984023,20.889276],[85.950968,20.846511],[85.909844,20.839873],[85.852098,20.864104],[85.818165,20.861356],[85.784134,20.880392],[85.757446,20.877605],[85.752779,20.868619],[85.737874,20.870785],[85.728673,20.866472],[85.702501,20.840703],[85.69585,20.82626],[85.66882,20.828735],[85.641906,20.82435],[85.637252,20.810826],[85.613825,20.802247],[85.605247,20.773199],[85.607645,20.755603],[85.578252,20.74545],[85.517571,20.751638],[85.481762,20.778828],[85.442088,20.779704],[85.403406,20.804051],[85.365076,20.806113],[85.315401,20.827719],[85.296815,20.849915],[85.297471,20.866921],[85.289165,20.886739],[85.244984,20.902483],[85.250711,20.938282],[85.239596,20.960926],[85.256423,20.972046],[85.259941,20.983792],[85.248894,21.001732],[85.212994,21.029538],[85.167355,21.048854],[85.153937,21.077104],[85.111356,21.075475],[85.113999,21.094447],[85.152303,21.130523],[85.156078,21.151255],[85.140573,21.176756],[85.123987,21.189446],[85.09382,21.184739],[85.063289,21.19623],[85.063362,21.224495],[85.049251,21.229454],[85.044491,21.249949],[85.029009,21.265111],[85.048526,21.227884],[85.060218,21.223665],[85.059327,21.197944],[85.063302,21.193176],[85.096972,21.181601],[85.125161,21.184322],[85.15216,21.147477],[85.142689,21.128947],[85.102319,21.092829],[85.108021,21.069652],[85.155036,21.072795],[85.168825,21.04356],[85.221309,21.021261],[85.254621,20.9887],[85.25316,20.972517],[85.237342,20.964049],[85.246858,20.937079],[85.23991,20.905305],[85.249035,20.89306],[85.28931,20.883488],[85.284668,20.85089],[85.29886,20.844757],[85.31619,20.824232],[85.32866,20.818171],[85.36929,20.801687],[85.406467,20.800327],[85.429688,20.779018],[85.482646,20.770425],[85.51974,20.746077],[85.579697,20.740513],[85.606227,20.74927],[85.612002,20.756322],[85.609245,20.781629],[85.6213,20.790085],[85.626244,20.806036],[85.639795,20.810156],[85.651077,20.820351],[85.669377,20.825963],[85.679142,20.822172],[85.698781,20.824527],[85.737145,20.867503],[85.753005,20.865999],[85.759838,20.874468],[85.766856,20.87061],[85.785992,20.877629],[85.810137,20.861089],[85.854559,20.860709],[85.893517,20.840078],[85.914205,20.836804],[85.956403,20.846444],[85.987346,20.886212],[86.05262,20.87675],[86.060688,20.885425],[86.08298,20.882004],[86.102985,20.890538],[86.129592,20.87851],[86.1402,20.881189],[86.145643,20.868596],[86.161048,20.854266],[86.178992,20.85319],[86.193509,20.864991],[86.194382,20.856518],[86.219834,20.824204],[86.226326,20.823947],[86.248488,20.833634],[86.265268,20.82824],[86.270193,20.806503],[86.281711,20.802279],[86.285719,20.790365],[86.296687,20.772978],[86.309474,20.770589],[86.291339,20.784163],[86.299137,20.794297],[86.30319,20.792564],[86.304448,20.785046],[86.313296,20.776505],[86.318064,20.774583],[86.327511,20.773705],[86.329107,20.772248],[86.330137,20.756059],[86.33983,20.74807],[86.379359,20.731659],[86.391233,20.734219],[86.392677,20.725334],[86.396633,20.720311],[86.42719,20.704613],[86.420678,20.690683],[86.424739,20.68458],[86.452446,20.681715],[86.469044,20.687985],[86.487745,20.678321],[86.511862,20.686451],[86.515129,20.698672],[86.524725,20.689343],[86.541926,20.692783],[86.552103,20.713598],[86.56319,20.718959],[86.580602,20.706207],[86.577185,20.70092],[86.576637,20.696939],[86.58446,20.69021],[86.588106,20.691105],[86.596014,20.700538],[86.614726,20.687822],[86.625745,20.685576],[86.675132,20.700585],[86.689712,20.682498],[86.739579,20.670149],[86.746046,20.661302],[86.736231,20.665385],[86.720764,20.658988],[86.709584,20.639211],[86.683424,20.645296],[86.674679,20.642519],[86.671704,20.622869],[86.659646,20.609403],[86.609007,20.608184],[86.620265,20.589379],[86.60544,20.567727],[86.588542,20.601727],[86.564498,20.622316],[86.555107,20.624985],[86.545744,20.622836],[86.534094,20.599975],[86.522606,20.615784],[86.511509,20.619565],[86.492033,20.618072],[86.450883,20.602989],[86.421519,20.625513],[86.403295,20.630051],[86.372033,20.598294],[86.348112,20.6098],[86.328379,20.609203],[86.321745,20.628647],[86.289631,20.644354],[86.283262,20.665265],[86.26776,20.672629],[86.270334,20.681054],[86.257045,20.677794],[86.252176,20.688227],[86.232468,20.692398],[86.243315,20.708789],[86.195826,20.739873],[86.19068,20.761085],[86.194882,20.776157],[86.191772,20.783114],[86.168765,20.79749],[86.15793,20.799399],[86.136065,20.782504],[86.163179,20.797232],[86.189378,20.783107],[86.193318,20.776899],[86.188996,20.760826],[86.193941,20.738678],[86.228565,20.712672],[86.239786,20.708132],[86.229954,20.695819],[86.232919,20.689395],[86.24038,20.686971],[86.249454,20.6875],[86.256914,20.672874],[86.269299,20.679426],[86.266381,20.672236],[86.269703,20.668439],[86.281921,20.664566],[86.283838,20.646715],[86.320384,20.625509],[86.328733,20.60718],[86.349,20.606806],[86.37131,20.594785],[86.379384,20.597757],[86.406765,20.626046],[86.41868,20.623654],[86.438159,20.606268],[86.449963,20.601034],[86.468956,20.603861],[86.49586,20.616295],[86.522056,20.613048],[86.531882,20.598846],[86.542655,20.602504],[86.554321,20.623811],[86.586756,20.601176],[86.597749,20.569585],[86.602525,20.565643],[86.616603,20.574337],[86.623019,20.585787],[86.61232,20.606778],[86.666861,20.604425],[86.671116,20.60835],[86.675897,20.636223],[86.682031,20.643383],[86.70495,20.635332],[86.712268,20.639405],[86.729954,20.662359],[86.743726,20.660407],[86.745015,20.648561],[86.733249,20.642517],[86.72563,20.621765],[86.724838,20.613431],[86.730243,20.604558],[86.712495,20.595244],[86.708124,20.566406],[86.717762,20.5524],[86.728794,20.544555],[86.727315,20.534202],[86.736567,20.519928],[86.74991,20.51655],[86.756398,20.500638],[86.743904,20.468918],[86.733833,20.478731],[86.738266,20.468956],[86.727252,20.39871],[86.716193,20.396405],[86.70452,20.421523],[86.688804,20.410724],[86.686404,20.414637],[86.694562,20.417147],[86.694978,20.427417],[86.6758,20.434921],[86.664437,20.427822],[86.671698,20.440706],[86.669237,20.44361],[86.665365,20.44361],[86.660421,20.436299],[86.660332,20.446621],[86.652708,20.446997],[86.652415,20.45551],[86.631762,20.447075],[86.631046,20.443192],[86.634719,20.438142],[86.625849,20.432951],[86.635278,20.437266],[86.631915,20.445923],[86.640173,20.445188],[86.651872,20.454146],[86.650443,20.447501],[86.653137,20.444872],[86.658397,20.446082],[86.658119,20.43613],[86.663565,20.435464],[86.669718,20.441712],[86.663339,20.431144],[86.663286,20.427061],[86.673192,20.429674],[86.675913,20.433753],[86.678017,20.428292],[86.690668,20.427124],[86.693743,20.418525],[86.686908,20.416914],[86.685101,20.41331],[86.69049,20.407986],[86.705095,20.419261],[86.704521,20.410406],[86.715691,20.393435],[86.728198,20.394644],[86.744685,20.40589],[86.751976,20.399928],[86.740241,20.393875],[86.756391,20.398893],[86.756395,20.388762],[86.768821,20.398087],[86.780318,20.390625],[86.78142,20.382066],[86.764076,20.365642],[86.785277,20.377236],[86.777759,20.355157],[86.787218,20.371181],[86.789459,20.35924],[86.777809,20.342932],[86.773572,20.347038],[86.77045,20.332461],[86.708099,20.297597],[86.695107,20.299693],[86.672943,20.32928],[86.617126,20.337999],[86.595971,20.365041],[86.601513,20.386425],[86.59743,20.396377],[86.590278,20.402963],[86.575285,20.406007],[86.569791,20.410945],[86.54865,20.415929],[86.516641,20.418166],[86.499205,20.407447],[86.470566,20.412738],[86.449695,20.439703],[86.415706,20.455706],[86.368947,20.467556],[86.352651,20.464286],[86.348333,20.470093],[86.340912,20.47151],[86.289244,20.472377],[86.227922,20.454799],[86.171959,20.452076],[86.142551,20.463501],[86.121148,20.457109],[86.091743,20.470067],[86.060036,20.465829],[86.030426,20.442399],[86.010011,20.452773],[85.999907,20.445654],[85.997295,20.454028],[85.942155,20.484202],[85.909755,20.492663],[85.93851,20.465438],[85.966561,20.460629],[85.983496,20.445606],[85.999923,20.442875],[86.014165,20.447512],[86.02372,20.43636],[86.050597,20.446014],[86.068643,20.430141],[86.091189,20.431383],[86.091952,20.422568],[86.116679,20.410175],[86.108445,20.421895],[86.094132,20.424891],[86.094269,20.43201],[86.085716,20.433553],[86.073272,20.43093],[86.066815,20.439978],[86.050883,20.448178],[86.066652,20.456578],[86.069841,20.463006],[86.093439,20.466748],[86.122428,20.454883],[86.14207,20.461302],[86.159017,20.450447],[86.203136,20.449],[86.231135,20.453047],[86.290854,20.47042],[86.328836,20.453404],[86.339003,20.453713],[86.343617,20.462024],[86.350485,20.454592],[86.360585,20.461013],[86.374265,20.454564],[86.381446,20.454768],[86.382897,20.444849],[86.387105,20.442304],[86.392863,20.443389],[86.39853,20.449835],[86.41139,20.447046],[86.421392,20.451978],[86.451077,20.435846],[86.465771,20.413533],[86.496445,20.405369],[86.49271,20.392803],[86.498503,20.388582],[86.507314,20.390482],[86.515427,20.398746],[86.523371,20.390625],[86.563211,20.391815],[86.575772,20.404062],[86.593852,20.393593],[86.591481,20.382673],[86.592672,20.362085],[86.610335,20.341972],[86.597647,20.342416],[86.571343,20.337002],[86.557751,20.32468],[86.519403,20.342005],[86.506287,20.331451],[86.485746,20.329749],[86.504907,20.328736],[86.52343,20.339925],[86.537491,20.326888],[86.557701,20.322045],[86.57788,20.335347],[86.594508,20.333154],[86.608029,20.339213],[86.665031,20.321668],[86.703578,20.29139],[86.689914,20.285465],[86.680471,20.290645],[86.684694,20.284877],[86.693603,20.284907],[86.717469,20.292347],[86.679989,20.263515],[86.670998,20.282017],[86.666528,20.273391],[86.680187,20.258659],[86.636232,20.244927],[86.608706,20.248069],[86.576762,20.274858],[86.580821,20.266705],[86.606031,20.24751],[86.634587,20.243968],[86.55342,20.209935],[86.51035,20.177544],[86.493744,20.181405],[86.497593,20.190172],[86.491838,20.183131],[86.49254,20.1733],[86.474401,20.169051],[86.468984,20.147582],[86.460051,20.161906],[86.459168,20.157864],[86.461958,20.149494],[86.464465,20.14652],[86.469067,20.146212],[86.475007,20.153222],[86.473982,20.161133],[86.488204,20.166659],[86.489536,20.151898],[86.474418,20.140776],[86.488389,20.13965],[86.488586,20.120937],[86.492242,20.139357],[86.489216,20.143264],[86.495025,20.146456],[86.503674,20.164193],[86.558994,20.200485],[86.522382,20.171178],[86.48366,20.110082],[86.437017,20.060891],[86.411965,20.055331],[86.426992,20.049506],[86.418877,20.048388],[86.41481,20.030307],[86.411737,20.036524],[86.407328,20.019427],[86.412549,20.009958],[86.407702,19.995347],[86.386892,19.976011],[86.377596,19.978789],[86.387092,19.992122],[86.381876,19.995271],[86.375082,19.9804],[86.34988,19.986778],[86.349227,19.981337],[86.339332,19.990095],[86.336404,20.010439],[86.325301,20.033365],[86.290362,20.060742],[86.287088,20.0498],[86.268788,20.062692],[86.250496,20.055626],[86.241959,20.030831],[86.229163,20.027675],[86.202062,20.054116],[86.179321,20.061973],[86.150545,20.11883],[86.166575,20.159681],[86.165278,20.170168],[86.148787,20.182119],[86.14914,20.216936],[86.073233,20.249472],[86.061919,20.26802],[86.040046,20.282483],[86.023116,20.33714],[86.02828,20.358696],[85.979125,20.367995],[85.958076,20.364392],[85.952802,20.382036],[85.911076,20.39388],[85.90123,20.420618],[85.906904,20.395832],[85.914511,20.391312],[85.946032,20.383131],[85.957241,20.363313],[85.98035,20.366292],[86.025783,20.357205],[86.020756,20.339661],[86.032844,20.299034],[86.01298,20.256771],[86.025769,20.225596],[86.039132,20.20452],[86.053963,20.204872],[86.058776,20.195683],[86.091988,20.180457],[86.124059,20.168045],[86.158969,20.170242],[86.1636,20.158682],[86.149176,20.118747],[86.172771,20.065322],[86.223184,20.025977],[86.265427,20.017102],[86.294494,20.02454],[86.321723,19.98416],[86.302981,19.983368],[86.317734,19.979661],[86.323386,19.983651],[86.341124,19.971735],[86.316962,19.94953],[86.328666,19.954776],[86.343341,19.969241],[86.364437,19.953595],[86.296132,19.935518],[86.247885,19.911406],[86.241588,19.921869],[86.227946,19.903705],[86.220997,19.910912],[86.226573,19.917293],[86.222579,19.92547],[86.223777,19.915756],[86.212526,19.911291],[86.207831,19.904925],[86.212167,19.903998],[86.216753,19.91178],[86.228185,19.90107],[86.094997,19.859685],[86.034758,19.854976],[86.023506,19.844301],[86.027386,19.84491],[86.034559,19.853823],[86.045215,19.847216],[85.910456,19.820678],[85.904912,19.832219],[85.908328,19.818059],[85.779946,19.785241],[85.775157,19.777253],[85.663635,19.738868],[85.337538,19.579748],[85.140386,19.444136],[85.066712,19.371693],[85.042083,19.380766],[85.032086,19.406795],[85.010517,19.418116],[85.010615,19.415822],[85.03041,19.405757],[85.031637,19.390492],[85.04422,19.370608],[85.04796,19.367496],[85.054614,19.3656],[85.066092,19.365625],[84.997811,19.327383],[84.918892,19.264656],[84.906002,19.269453],[84.905968,19.263463],[84.912578,19.259618],[84.841825,19.193128],[84.777502,19.109863],[84.746063,19.117494],[84.726563,19.096261],[84.738274,19.11254],[84.735538,19.124679],[84.746358,19.121662],[84.750448,19.1363],[84.744142,19.144584],[84.724117,19.140376],[84.703643,19.120714],[84.722844,19.089728],[84.747716,19.090516],[84.750969,19.082095],[84.759338,19.100552],[84.765606,19.099663],[84.783422,19.110095],[84.687658,18.972594],[84.670474,18.970217],[84.663972,18.961617],[84.667797,18.957148],[84.682917,18.966825],[84.589729,18.872862],[84.582875,18.876053],[84.576712,18.837847],[84.557349,18.817038],[84.553613,18.791906],[84.466129,18.71317],[84.441334,18.680104],[84.441016,18.664151],[84.377696,18.605904],[84.354108,18.563224],[84.339231,18.550663],[84.356485,18.563018],[84.356273,18.55664],[84.1961,18.420364],[84.13717,18.349509],[84.126131,18.351697],[84.123718,18.327502],[84.130167,18.315447],[84.124636,18.309162],[83.950405,18.216817],[83.892163,18.197779],[83.860437,18.174757],[83.784655,18.147239],[83.711328,18.109449],[83.572814,18.017999],[83.557801,17.982001],[83.529466,17.949248],[83.460153,17.904529],[83.457988,17.920852],[83.454281,17.887129],[83.410046,17.843384],[83.416168,17.833495],[83.410186,17.810622],[83.384774,17.777287],[83.349095,17.750382],[83.344492,17.724978],[83.306349,17.701626],[83.306345,17.688035],[83.300909,17.695824],[83.282816,17.689171],[83.272303,17.711841],[83.263661,17.710636],[83.282645,17.687692],[83.298216,17.68632],[83.295258,17.674899],[83.235689,17.628948],[83.238253,17.611779],[83.213028,17.590865],[83.172466,17.573354],[83.162812,17.561442],[83.013347,17.503127],[82.990626,17.472263],[82.875011,17.419953],[82.879771,17.43602],[82.873328,17.431238],[82.86815,17.421294],[82.869859,17.415607],[82.754094,17.368032],[82.612944,17.292195],[82.607998,17.296097],[82.608733,17.289369],[82.477881,17.204723],[82.367525,17.105938],[82.368662,17.118408],[82.363549,17.109193],[82.365696,17.104492],[82.355928,17.094205],[82.351503,17.097866],[82.297637,17.032521],[82.278507,16.992776],[82.28555,16.983118],[82.276464,16.981299],[82.283605,16.971827],[82.272555,16.966354],[82.271813,16.940382],[82.249073,16.929979],[82.256452,16.886479],[82.270662,16.8754],[82.281793,16.877552],[82.28277,16.86498],[82.286812,16.871644],[82.286189,16.876773],[82.302554,16.863924],[82.313323,16.851474],[82.311972,16.840274],[82.325805,16.855219],[82.354623,16.85148],[82.363492,16.909297],[82.35938,16.943955],[82.325201,16.989506],[82.341303,16.985153],[82.357966,16.963465],[82.365821,16.901965],[82.342871,16.738264],[82.311983,16.733132],[82.294089,16.708177],[82.190331,16.729244],[82.130399,16.721135],[82.118639,16.715194],[82.094538,16.72572],[82.081153,16.718627],[82.070581,16.685053],[82.061861,16.680855],[82.012693,16.720197],[81.927014,16.73221],[81.834625,16.806208],[81.831871,16.82406],[81.808898,16.853699],[81.807551,16.874921],[81.791929,16.894698],[81.787617,16.930076],[81.777231,16.943365],[81.780425,16.982301],[81.766883,17.001748],[81.768031,17.028006],[81.753377,17.067939],[81.76007,17.03931],[81.753335,17.041891],[81.748777,17.054324],[81.730145,17.072691],[81.736691,17.081993],[81.736062,17.102229],[81.72248,17.121378],[81.71041,17.126334],[81.706368,17.141314],[81.703983,17.129929],[81.722046,17.113546],[81.712574,17.093287],[81.705913,17.106261],[81.68287,17.113461],[81.671686,17.135324],[81.658614,17.186208],[81.663243,17.191507],[81.667239,17.226563],[81.659596,17.267179],[81.665867,17.282809],[81.680647,17.289711],[81.680072,17.301482],[81.644469,17.325756],[81.617179,17.330956],[81.606694,17.38013],[81.617658,17.400786],[81.614236,17.409679],[81.588514,17.407664],[81.563015,17.442158],[81.533464,17.441561],[81.514503,17.472118],[81.500127,17.48295],[81.473151,17.468558],[81.413674,17.465798],[81.393263,17.473043],[81.381984,17.496161],[81.371007,17.50099],[81.320901,17.491659],[81.295256,17.497743],[81.29282,17.529558],[81.260887,17.574363],[81.285945,17.596039],[81.294026,17.65334],[81.3307,17.701797],[81.37184,17.708227],[81.387743,17.753906],[81.36991,17.710342],[81.32675,17.702836],[81.294102,17.658301],[81.282561,17.634769],[81.282724,17.596049],[81.260523,17.579974],[81.2607,17.563836],[81.283441,17.538084],[81.283507,17.529949],[81.291209,17.517442],[81.290528,17.49955],[81.304893,17.48958],[81.318132,17.486886],[81.366626,17.4984],[81.383396,17.487869],[81.389919,17.472201],[81.406592,17.464637],[81.439866,17.459851],[81.475444,17.465606],[81.498806,17.479848],[81.511122,17.472893],[81.515247,17.457819],[81.526412,17.441697],[81.541052,17.435517],[81.56329,17.438364],[81.584165,17.405598],[81.61257,17.404724],[81.602015,17.370319],[81.61107,17.33327],[81.617276,17.324423],[81.642659,17.321678],[81.656813,17.299844],[81.658031,17.273298],[81.638221,17.227792],[81.640176,17.206722],[81.677354,17.109533],[81.703674,17.103423],[81.704094,17.08121],[81.693606,17.089068],[81.720794,17.056622],[81.730189,17.023633],[81.742141,17.008955],[81.745207,16.973875],[81.729568,16.944337],[81.726695,16.916834],[81.732978,16.88608],[81.756385,16.83867],[81.746939,16.792188],[81.791981,16.742028],[81.793597,16.701088],[81.843283,16.646919],[81.856951,16.611659],[81.856804,16.543686],[81.845099,16.531086],[81.84579,16.49552],[81.819495,16.48833],[81.798186,16.475977],[81.75369,16.420981],[81.73421,16.424107],[81.722523,16.446399],[81.710484,16.443502],[81.697456,16.411419],[81.718266,16.367507],[81.715567,16.319591],[81.683665,16.332714],[81.561215,16.345454],[81.552837,16.375934],[81.547536,16.379984],[81.522734,16.38332],[81.511208,16.371974],[81.494267,16.371566],[81.483807,16.389499],[81.475525,16.394621],[81.484766,16.35287],[81.406088,16.343795],[81.401733,16.352093],[81.399128,16.343983],[81.382808,16.361195],[81.369492,16.361893],[81.345779,16.330798],[81.379589,16.359467],[81.392438,16.341965],[81.328456,16.31757],[81.265422,16.280813],[81.218232,16.209682],[81.202447,16.145608],[81.182731,16.143047],[81.195624,16.140991],[81.202069,16.142462],[81.18475,16.094438],[81.141194,16.018268],[81.145634,15.97397],[81.131903,15.97407],[81.125426,15.994548],[81.118643,16.002481],[81.098109,16.00862],[81.06725,16.004384],[81.07473,16.027491],[81.07243,16.057058],[81.047535,16.057864],[81.043239,16.077524],[81.016735,16.09119],[80.998853,16.089323],[81.004745,16.056328],[80.991045,16.045104],[80.956185,16.047382],[80.924891,16.033538],[80.909461,16.041431],[80.915935,16.035293],[80.927469,16.032439],[80.939178,16.03506],[80.954897,16.045955],[80.98046,16.041934],[80.995356,16.04504],[81.002939,16.050981],[81.005648,16.058496],[81.000495,16.08391],[81.015903,16.089149],[81.041932,16.075428],[81.045898,16.057228],[81.071749,16.052509],[81.072304,16.026426],[81.062666,16.009081],[81.065883,16.002307],[81.078994,15.998077],[81.096792,16.006507],[81.124466,15.991483],[81.128368,15.963478],[81.069394,15.910496],[80.992986,15.820313],[81.011228,15.768701],[81.001562,15.767333],[80.963742,15.802236],[80.899345,15.834947],[80.893893,15.857003],[80.914167,15.923965],[80.913328,15.96024],[80.910105,15.985048],[80.900384,16.007733],[80.892275,16.006712],[80.899372,16.05921],[80.895932,16.068476],[80.88892,16.07353],[80.890988,16.089425],[80.88283,16.116765],[80.870294,16.120573],[80.870082,16.132142],[80.864679,16.136991],[80.841451,16.146321],[80.842753,16.183824],[80.839593,16.201864],[80.834128,16.199847],[80.82521,16.22769],[80.825811,16.25584],[80.799027,16.272718],[80.793393,16.285542],[80.772532,16.293108],[80.762477,16.315547],[80.750409,16.317775],[80.755327,16.328735],[80.745345,16.343669],[80.730696,16.344983],[80.713426,16.379444],[80.717494,16.399426],[80.696341,16.415767],[80.677011,16.459373],[80.667029,16.467721],[80.631677,16.477843],[80.626369,16.492658],[80.600756,16.516622],[80.504851,16.587141],[80.508279,16.581646],[80.486454,16.575017],[80.474955,16.579605],[80.483599,16.57434],[80.466498,16.572062],[80.434223,16.592856],[80.449271,16.57452],[80.409883,16.59093],[80.345346,16.584893],[80.324822,16.597886],[80.310588,16.591869],[80.266489,16.602154],[80.253979,16.614517],[80.236285,16.613989],[80.206253,16.630543],[80.220961,16.618812],[80.236055,16.612945],[80.255148,16.611707],[80.268503,16.599579],[80.24936,16.589903],[80.208724,16.602983],[80.174095,16.641991],[80.138505,16.656411],[80.147116,16.656306],[80.141192,16.669457],[80.152579,16.69127],[80.142769,16.706],[80.146929,16.736189],[80.122719,16.817911],[80.098953,16.82452],[80.070511,16.816932],[80.052024,16.766532],[80.053774,16.744832],[80.02657,16.713833],[80.005985,16.710931],[79.99793,16.699219],[80.033344,16.714008],[80.055801,16.743135],[80.0724,16.812616],[80.11498,16.819445],[80.141947,16.731878],[80.139108,16.709368],[80.142792,16.687005],[80.132433,16.673454],[80.137844,16.651539],[80.204677,16.601521],[80.247841,16.585967],[80.269019,16.597341],[80.29109,16.588243],[80.321793,16.592568],[80.402444,16.561319],[80.412994,16.577268],[80.485149,16.561456],[80.513338,16.567414],[80.528499,16.559191],[80.525346,16.555337],[80.533695,16.550603],[80.547967,16.526009],[80.56707,16.508779],[80.606826,16.501365],[80.62482,16.490195],[80.631325,16.474249],[80.671196,16.462296],[80.679136,16.437367],[80.693677,16.418594],[80.684093,16.423658],[80.714252,16.397777],[80.711264,16.379345],[80.727982,16.345092],[80.752063,16.331028],[80.746006,16.318297],[80.761396,16.314852],[80.769233,16.292248],[80.792467,16.284693],[80.79159,16.277763],[80.822694,16.252672],[80.822441,16.22586],[80.832571,16.199031],[80.837927,16.196867],[80.837862,16.147498],[80.845495,16.136776],[80.862067,16.136325],[80.860292,16.124519],[80.868628,16.113306],[80.866784,16.108045],[80.872119,16.101701],[80.870147,16.090283],[80.888912,16.057331],[80.881503,16.029558],[80.882805,16.016477],[80.885556,16.009309],[80.875416,16.026366],[80.895151,15.964108],[80.891658,15.955186],[80.900682,15.941826],[80.891893,15.926727],[80.896182,15.903133],[80.888348,15.874869],[80.857295,15.823342],[80.828508,15.744978],[80.814362,15.743749],[80.794127,15.809685],[80.793981,15.816306],[80.810839,15.816089],[80.803734,15.844605],[80.77354,15.865997],[80.686841,15.882632],[80.529861,15.852008],[80.431358,15.805488],[80.339825,15.74715],[80.270473,15.672851],[80.239023,15.604733],[80.225024,15.537575],[80.193174,15.550985],[80.207674,15.540496],[80.22511,15.533126],[80.212907,15.50274],[80.20059,15.497784],[80.211787,15.495147],[80.201051,15.46609],[80.129142,15.378267],[80.09924,15.315473],[80.0802,15.315653],[80.099186,15.309472],[80.083713,15.266873],[80.088567,15.219559],[80.082775,15.193212],[80.075431,15.189503],[80.046299,15.209167],[80.061236,15.190408],[80.081309,15.185449],[80.064631,15.151921],[80.047921,15.077428],[80.054885,14.998266],[80.085214,14.876371],[80.088978,14.811701],[80.059439,14.819846],[80.082158,14.807639],[80.093259,14.809787],[80.114939,14.731049],[80.116597,14.739337],[80.136713,14.710831],[80.129721,14.692133],[80.134011,14.692226],[80.140239,14.703155],[80.135381,14.718732],[80.144972,14.698818],[80.166563,14.621515],[80.188666,14.598553],[80.182171,14.599681],[80.187099,14.590293],[80.173566,14.584837],[80.181829,14.582606],[80.169937,14.570707],[80.143746,14.57253],[80.135675,14.569162],[80.135763,14.565984],[80.140461,14.570259],[80.16659,14.567831],[80.1867,14.573269],[80.196942,14.582747],[80.190236,14.600408],[80.193506,14.599225],[80.199179,14.586894],[80.183883,14.536667],[80.172465,14.534749],[80.173991,14.531701],[80.18272,14.531229],[80.170038,14.360675],[80.137333,14.252345],[80.099586,14.255685],[80.094459,14.246464],[80.100909,14.246],[80.075548,14.238113],[80.0899,14.234134],[80.061649,14.230153],[80.051079,14.211637],[80.036382,14.211048],[80.035218,14.206714],[80.043879,14.19812],[80.037413,14.209517],[80.052347,14.210024],[80.063126,14.228491],[80.069524,14.227048],[80.067795,14.218295],[80.071305,14.225602],[80.097788,14.231166],[80.109034,14.240732],[80.112556,14.251634],[80.134624,14.24178],[80.126668,14.184242],[80.129725,14.124141],[80.126232,14.134108],[80.122351,14.115335],[80.127918,14.111511],[80.131194,14.119078],[80.138612,14.072842],[80.128078,14.067161],[80.119026,14.076946],[80.112661,14.076795],[80.113066,14.064012],[80.097813,14.050679],[80.103358,14.040597],[80.092358,14.033974],[80.096155,14.02283],[80.082554,14.019143],[80.060687,14.002437],[80.043129,13.999781],[80.027894,14.010112],[80.013395,14.011381],[79.95776,13.986298],[79.944822,13.969336],[79.923858,13.963612],[79.912891,13.951502],[79.892444,13.948718],[79.886219,13.919155],[79.867853,13.891235],[79.834577,13.883691],[79.814867,13.851647],[79.792192,13.847832],[79.789317,13.834431],[79.764835,13.833307],[79.789034,13.831194],[79.795597,13.847069],[79.818948,13.849669],[79.829502,13.87494],[79.873643,13.889086],[79.89474,13.921481],[79.895596,13.947105],[79.910774,13.943487],[79.924141,13.959227],[79.950776,13.96529],[79.957721,13.983616],[80.016705,14.010573],[80.044292,13.997239],[80.063236,14.000288],[80.07679,14.010074],[80.082921,14.018499],[80.094547,14.019004],[80.097514,14.020566],[80.094994,14.034741],[80.103588,14.039455],[80.105582,14.042606],[80.098547,14.051293],[80.114504,14.064314],[80.114707,14.076383],[80.126154,14.064386],[80.128809,14.063958],[80.140721,14.069735],[80.149732,14.018582],[80.153415,14.021975],[80.151457,14.030348],[80.244864,13.818881],[80.252306,13.780217],[80.234248,13.697126],[80.236063,13.641715],[80.311068,13.458809],[80.314998,13.433633],[80.293062,13.447103],[80.27809,13.5205],[80.275638,13.525008],[80.274524,13.514269],[80.264292,13.52364],[80.270602,13.528874],[80.264322,13.560895],[80.214078,13.627203],[80.191006,13.641368],[80.188938,13.667014],[80.170985,13.689455],[80.142172,13.704378],[80.136299,13.718696],[80.140267,13.714301],[80.147293,13.724089],[80.13018,13.723356],[80.143101,13.701914],[80.147573,13.65929],[80.138507,13.612932],[80.126507,13.611428],[80.108982,13.642128],[80.109728,13.657837],[80.118479,13.658687],[80.120024,13.65053],[80.112209,13.642076],[80.120871,13.645466],[80.126082,13.669596],[80.121132,13.67796],[80.121183,13.670654],[80.113436,13.675686],[80.103465,13.666833],[80.101635,13.652689],[80.098091,13.661635],[80.0889,13.654322],[80.095123,13.668503],[80.079402,13.65569],[80.095096,13.647519],[80.072766,13.636858],[80.076263,13.610344],[80.05126,13.588814],[80.11936,13.514681],[80.115674,13.507563],[80.125537,13.505698],[80.128974,13.516813],[80.16157,13.489587],[80.179069,13.494637],[80.236081,13.487764],[80.247206,13.473233],[80.262138,13.472919],[80.280986,13.437909],[80.27556,13.437667],[80.268569,13.417289],[80.278133,13.435431],[80.300393,13.426637],[80.30229,13.416165],[80.304253,13.425047],[80.316495,13.42785],[80.326549,13.398853],[80.322675,13.389946],[80.330323,13.384467],[80.324537,13.370161],[80.329,13.3664],[80.327207,13.369847],[80.331592,13.376367],[80.331141,13.390955],[80.319515,13.423701],[80.326092,13.429557],[80.325581,13.443576],[80.34671,13.291973],[80.333951,13.239518],[80.317415,13.230949],[80.314013,13.246329],[80.313211,13.231475],[80.317913,13.22639],[80.30643,13.21501],[80.31792,13.22374],[80.311317,13.20907],[80.333882,13.234797],[80.299997,13.142416],[80.304896,13.11049],[80.293453,13.085908],[80.300723,13.090374],[80.310142,13.106829],[80.290133,13.068539],[80.285531,13.068624],[80.277426,13.016033],[80.267058,13.012723],[80.277275,13.011185],[80.25873,12.935369],[80.247961,12.805078],[80.24138,12.80667],[80.232913,12.846122],[80.239414,12.810392],[80.232201,12.784728],[80.238142,12.784176],[80.238977,12.8004],[80.247875,12.802322],[80.254016,12.779361],[80.185637,12.577894],[80.170898,12.585477],[80.181605,12.609429],[80.165295,12.60392],[80.163817,12.59405],[80.170244,12.594324],[80.161672,12.585377],[80.18478,12.574958],[80.166892,12.527899],[80.155614,12.46578],[80.051024,12.326263],[80.064199,12.349998],[80.057899,12.367138],[80.017309,12.340229],[80.013759,12.322782],[80.063353,12.351179],[80.058072,12.346171],[80.040358,12.313591],[80.050104,12.32464],[80.02102,12.281948],[80.009412,12.256485],[80.012353,12.26501],[80.004785,12.260461],[80.011157,12.272582],[80.004865,12.26533],[80.003001,12.257988],[79.986426,12.251176],[79.944866,12.220208],[79.957621,12.212659],[80.007193,12.254302],[79.882883,12.060735],[79.849755,11.987902],[79.830872,11.906996],[79.824693,11.916251],[79.825949,11.907843],[79.818545,11.906377],[79.832112,11.905374],[79.823771,11.882049],[79.801348,11.883345],[79.789573,11.878152],[79.80569,11.881906],[79.819506,11.873886],[79.804688,11.874442],[79.819583,11.86886],[79.807343,11.836606],[79.799639,11.839911],[79.806052,11.830559],[79.782848,11.722626],[79.752011,11.664759],[79.753244,11.661203],[79.774198,11.696269],[79.756871,11.617182],[79.757248,11.563701],[79.773041,11.497733],[79.730169,11.46745],[79.726975,11.448972],[79.71055,11.457239],[79.692056,11.446305],[79.711935,11.455611],[79.720292,11.447576],[79.727066,11.447029],[79.730644,11.450753],[79.73107,11.465565],[79.77552,11.489221],[79.779752,11.50018],[79.807289,11.444419],[79.827402,11.36287],[79.811963,11.370599],[79.813747,11.375506],[79.810012,11.383548],[79.809264,11.380988],[79.812872,11.375976],[79.810866,11.370676],[79.818571,11.364308],[79.796893,11.369028],[79.765891,11.390381],[79.759412,11.367213],[79.74183,11.357472],[79.735851,11.341416],[79.713484,11.340545],[79.730217,11.337684],[79.739392,11.341823],[79.743448,11.348023],[79.743675,11.357819],[79.754897,11.358462],[79.75836,11.361031],[79.771502,11.383844],[79.789983,11.367854],[79.832988,11.353317],[79.835235,11.362416],[79.837897,11.356099],[79.846412,11.244128],[79.832484,11.23526],[79.824815,11.240835],[79.818338,11.231487],[79.804688,11.236049],[79.814207,11.230464],[79.833771,11.234071],[79.839561,11.228929],[79.845645,11.232289],[79.847632,11.242651],[79.855811,11.181668],[79.858076,11.02489],[79.854393,10.917918],[79.847629,10.912759],[79.852864,10.911841],[79.852862,10.837478],[79.851689,10.826651],[79.844386,10.827216],[79.823946,10.817639],[79.831928,10.818972],[79.851452,10.82607],[79.865693,10.421456],[79.884043,10.305943],[79.866915,10.286328],[79.83538,10.27542],[79.744488,10.274866],[79.755545,10.275346],[79.747197,10.282514],[79.751446,10.290113],[79.76061,10.282417],[79.768768,10.287879],[79.786765,10.283636],[79.757122,10.311985],[79.778288,10.302412],[79.757346,10.313586],[79.730569,10.311046],[79.710164,10.324995],[79.636463,10.31822],[79.629951,10.36292],[79.620364,10.343925],[79.610519,10.341248],[79.620592,10.340808],[79.622028,10.333783],[79.613561,10.317417],[79.596741,10.308655],[79.551255,10.312358],[79.555737,10.308344],[79.662563,10.28915],[79.662716,10.297868],[79.673572,10.301152],[79.690697,10.291917],[79.682928,10.290119],[79.739164,10.277505],[79.674197,10.281],[79.523135,10.307886],[79.527855,10.316678],[79.549323,10.316784],[79.5599,10.332381],[79.58652,10.327846],[79.586666,10.343457],[79.545745,10.347867],[79.542894,10.339109],[79.538426,10.347072],[79.540221,10.338754],[79.543689,10.338055],[79.534478,10.335638],[79.543543,10.324104],[79.523908,10.318295],[79.507179,10.325064],[79.528402,10.324374],[79.527276,10.330197],[79.510585,10.329841],[79.512383,10.337402],[79.501785,10.333308],[79.504529,10.322006],[79.494571,10.325863],[79.495781,10.318649],[79.487526,10.32801],[79.494593,10.330586],[79.486344,10.335572],[79.456099,10.342042],[79.455187,10.336356],[79.466245,10.33891],[79.48658,10.326032],[79.45875,10.326994],[79.45713,10.320343],[79.518138,10.315068],[79.50669,10.308394],[79.385785,10.316599],[79.369493,10.294845],[79.358601,10.301811],[79.365999,10.292141],[79.351167,10.286095],[79.347667,10.295628],[79.347329,10.286974],[79.320047,10.277853],[79.274036,10.24044],[79.267899,10.2297],[79.281162,10.2137],[79.241255,10.180376],[79.239806,10.15444],[79.229013,10.143605],[79.237177,10.128657],[79.226451,10.101132],[79.236487,10.074417],[79.252182,10.066329],[79.252632,10.048389],[79.267289,10.038306],[79.242739,10.024991],[79.155332,9.932214],[79.151832,9.917066],[79.119345,9.875682],[79.121835,9.854736],[79.088825,9.824358],[79.057777,9.772618],[79.036981,9.761744],[78.994045,9.708303],[78.959433,9.629767],[78.92952,9.594139],[78.914688,9.493752],[78.900793,9.49173],[78.898235,9.480461],[78.927098,9.422621],[78.996089,9.348829],[78.993877,9.340039],[79.001686,9.330758],[78.966677,9.335851],[78.98749,9.327317],[78.999294,9.327577],[79.00169,9.329217],[79.002384,9.333116],[78.996703,9.340595],[79.000996,9.345016],[79.065591,9.299416],[79.205602,9.280296],[79.220809,9.291831],[79.268227,9.293856],[79.289629,9.319695],[79.314417,9.327765],[79.335204,9.310961],[79.314869,9.281884],[79.326021,9.26182],[79.439683,9.158266],[79.533333,9.106093],[79.533333,9.216667],[79.511667,9.363333],[79.376667,9.669167],[79.583333,9.95],[80.083333,10.096667],[80.158333,10.14],[80.766667,10.55],[81.041667,10.695],[81.933333,11.045],[82.406667,11.266667],[83.402472,11.448825],[83.475574,11.662394],[83.569574,11.995647],[83.717963,12.73225],[83.745179,12.919593],[83.764458,13.141369],[83.769844,13.328907],[83.764144,13.526286],[84.009576,13.649463],[84.21951,13.773292],[84.431557,13.919834],[84.632695,14.082117],[84.776829,14.214905],[84.904466,14.346154],[85.650726,15.185116],[86.46488,15.828176],[86.645504,15.995323],[86.910425,16.271447],[88.462786,17.257158],[88.614731,17.369914],[88.75904,17.48949],[89.28405,17.974008],[89.373549,18.009049],[89.232361,21.129111],[89.150013,21.666097],[89.094463,21.701363],[89.030062,21.785119],[89.045317,21.851863],[89.041695,21.869903],[89.020187,21.889482],[89.027881,21.920145],[89.069731,21.924185],[89.086468,21.980504],[89.079746,22.014832],[89.046601,22.061635],[89.04013,22.098025],[89.055934,22.121945],[89.092643,22.143187],[89.098508,22.15557],[89.090701,22.159879],[89.077666,22.148054],[89.070029,22.150247],[89.063806,22.172148],[89.071985,22.195667],[89.041622,22.225948],[89.033866,22.258116],[89.029311,22.259145],[89.01566,22.253781],[89.019087,22.269153],[88.995321,22.285945],[89.000189,22.296626],[89.021547,22.293743],[89.024752,22.296175],[89.023489,22.300109],[89.016953,22.305526],[89.01055,22.314745],[89.000948,22.323356],[88.984989,22.325978],[88.990057,22.364102],[88.984078,22.376097],[88.994975,22.384305],[88.996199,22.385601],[88.996618,22.387092],[88.995975,22.389394],[88.994776,22.391079],[88.97496,22.405088],[88.972414,22.4112],[88.982015,22.415824],[89.0005,22.429617],[88.990181,22.446106],[88.994775,22.455874],[88.997065,22.469954],[88.97364,22.4992],[88.970654,22.523855],[88.961062,22.549354],[88.926779,22.56497],[88.939399,22.568068],[88.938665,22.59215],[88.959162,22.617439],[88.933737,22.619578],[88.929199,22.6501],[88.911342,22.676797],[88.864431,22.664778],[88.863964,22.694057],[88.849427,22.693237],[88.847997,22.708972],[88.809191,22.710742],[88.809474,22.751144],[88.818232,22.748721],[88.812845,22.744037],[88.814031,22.740522],[88.828432,22.737379],[88.834207,22.745377],[88.836717,22.736425],[88.840501,22.734881],[88.848412,22.749291],[88.845978,22.75218],[88.832585,22.753659],[88.846875,22.749733],[88.839981,22.73554],[88.835176,22.746637],[88.826014,22.738733],[88.814715,22.742377],[88.82038,22.747859],[88.819337,22.750269],[88.80833,22.752887],[88.80599,22.734508],[88.808105,22.710475],[88.846922,22.706786],[88.847125,22.691803],[88.861463,22.693328],[88.857346,22.675781],[88.863436,22.66381],[88.88263,22.665521],[88.909069,22.675781],[88.930007,22.640762],[88.932534,22.618333],[88.938856,22.615855],[88.957849,22.617165],[88.937011,22.594196],[88.937608,22.570344],[88.896588,22.563272],[88.878413,22.544364],[88.869215,22.545636],[88.865879,22.542829],[88.866854,22.523038],[88.85836,22.518622],[88.855193,22.510499],[88.842937,22.508218],[88.8449,22.500584],[88.857573,22.5],[88.86201,22.49065],[88.865029,22.487759],[88.857604,22.483467],[88.856808,22.475188],[88.851003,22.475182],[88.85962,22.445428],[88.853061,22.43761],[88.852628,22.432785],[88.824424,22.436001],[88.829753,22.446959],[88.814559,22.455874],[88.812346,22.48005],[88.792145,22.5],[88.771651,22.513275],[88.784066,22.524922],[88.76595,22.534166],[88.766547,22.560845],[88.761129,22.549907],[88.764429,22.534158],[88.770046,22.53022],[88.764532,22.527698],[88.782707,22.524213],[88.77221,22.518167],[88.769089,22.513565],[88.750454,22.517013],[88.733931,22.510927],[88.709824,22.529003],[88.700995,22.525689],[88.701558,22.530623],[88.690853,22.523996],[88.691052,22.534047],[88.681901,22.538111],[88.682186,22.543692],[88.673562,22.549939],[88.677673,22.593858],[88.671751,22.556204],[88.672891,22.548851],[88.681129,22.543175],[88.674395,22.538286],[88.68065,22.542095],[88.680935,22.536309],[88.690518,22.532569],[88.688965,22.525504],[88.691658,22.52234],[88.707966,22.527701],[88.733292,22.509965],[88.75227,22.51555],[88.777254,22.506926],[88.779815,22.492261],[88.800358,22.458006],[88.80261,22.443104],[88.819201,22.430231],[88.847802,22.430875],[88.856077,22.408436],[88.846298,22.387967],[88.861484,22.364312],[88.875257,22.357584],[88.876222,22.355338],[88.870237,22.359125],[88.84952,22.364323],[88.819371,22.363848],[88.811177,22.347133],[88.789711,22.348511],[88.795126,22.344104],[88.811309,22.345582],[88.802764,22.329443],[88.810601,22.316567],[88.803154,22.29555],[88.804619,22.283086],[88.793194,22.276818],[88.79068,22.259507],[88.786414,22.258996],[88.772426,22.251212],[88.743633,22.229304],[88.749835,22.220002],[88.745636,22.21075],[88.746148,22.20217],[88.740267,22.214831],[88.74281,22.199965],[88.733716,22.195673],[88.700466,22.209887],[88.634738,22.217485],[88.658975,22.240858],[88.684997,22.293976],[88.679005,22.323242],[88.690564,22.326176],[88.681013,22.329199],[88.671051,22.326046],[88.666291,22.339054],[88.678849,22.293451],[88.657282,22.250262],[88.630881,22.222012],[88.637647,22.209002],[88.666225,22.208062],[88.672003,22.199188],[88.639884,22.158223],[88.640369,22.143352],[88.632895,22.136684],[88.629667,22.145507],[88.618686,22.108786],[88.609751,22.107558],[88.610379,22.116752],[88.59891,22.129793],[88.604251,22.160286],[88.583115,22.169233],[88.574012,22.18849],[88.577439,22.198398],[88.572828,22.188983],[88.583848,22.166769],[88.603355,22.159481],[88.597581,22.130126],[88.609395,22.115321],[88.60692,22.107534],[88.620203,22.104249],[88.627389,22.05422],[88.636748,22.044572],[88.618531,22.021473],[88.604747,22.023013],[88.606313,22.047754],[88.596968,22.062501],[88.601412,22.073322],[88.596191,22.06599],[88.59619,22.060965],[88.604806,22.047862],[88.600745,22.039665],[88.599479,22.025338],[88.602619,22.021228],[88.614553,22.019693],[88.598721,21.974773],[88.615005,21.936677],[88.601418,21.935212],[88.610717,21.926144],[88.606526,21.913019],[88.578325,21.889516],[88.572812,21.905502],[88.58612,21.927987],[88.579006,21.924209],[88.572181,21.907414],[88.550554,21.920981],[88.543902,21.970608],[88.556791,21.972656],[88.567926,21.958693],[88.558594,21.972656],[88.547881,21.974021],[88.54244,21.970036],[88.540939,21.959509],[88.549263,21.920388],[88.570275,21.903121],[88.561181,21.899025],[88.544935,21.90618],[88.540671,21.903905],[88.539031,21.900333],[88.548069,21.881309],[88.538816,21.870871],[88.53774,21.857816],[88.528033,21.853296],[88.494291,21.878488],[88.521847,21.913873],[88.525463,21.928665],[88.51878,21.945313],[88.494135,21.958606],[88.49454,21.968714],[88.519976,21.988319],[88.54271,21.981079],[88.554474,22.035478],[88.542312,21.982356],[88.520529,21.98939],[88.500253,21.97869],[88.491317,21.966079],[88.491008,21.960506],[88.495315,21.954898],[88.520093,21.941575],[88.521401,21.916719],[88.483478,21.910053],[88.477143,21.904343],[88.474333,21.895681],[88.455722,21.899692],[88.462108,21.922808],[88.452903,21.939379],[88.468224,21.952581],[88.470101,21.959044],[88.445993,21.966135],[88.449542,21.984218],[88.443574,21.990749],[88.450492,22.007077],[88.460853,22.011429],[88.450196,22.009057],[88.441828,21.991052],[88.448036,21.98449],[88.445227,21.964302],[88.468971,21.957302],[88.451466,21.941862],[88.45862,21.919152],[88.441969,21.911521],[88.432968,21.902926],[88.424082,21.907852],[88.419664,21.906479],[88.408782,21.885253],[88.384802,21.89868],[88.407721,21.918706],[88.394261,21.936526],[88.398705,21.953451],[88.37393,21.965492],[88.394277,21.971009],[88.374612,21.969014],[88.373036,21.966449],[88.373821,21.96306],[88.398249,21.951926],[88.392952,21.936447],[88.406198,21.919785],[88.386235,21.907027],[88.382891,21.900374],[88.384647,21.89495],[88.397454,21.884933],[88.385849,21.839396],[88.390697,21.798678],[88.382023,21.791927],[88.363916,21.797568],[88.354599,21.823257],[88.354949,21.855461],[88.370485,21.899012],[88.357945,21.92298],[88.350242,21.927227],[88.369259,21.897849],[88.353781,21.857234],[88.343782,21.857285],[88.336433,21.861536],[88.325442,21.862085],[88.310829,21.855559],[88.301419,21.860957],[88.309595,21.877177],[88.300341,21.861279],[88.261413,21.858747],[88.256063,21.870527],[88.270114,21.884784],[88.26373,21.881696],[88.255142,21.871202],[88.255409,21.863421],[88.259739,21.858045],[88.279237,21.855766],[88.299406,21.859345],[88.313924,21.84604],[88.306081,21.830469],[88.276906,21.821658],[88.263898,21.814076],[88.259372,21.808669],[88.258445,21.800712],[88.263347,21.788468],[88.281925,21.761268],[88.256189,21.782961],[88.251803,21.802037],[88.254617,21.78283],[88.269508,21.765764],[88.282506,21.757936],[88.272461,21.730871],[88.263021,21.731702],[88.270252,21.741581],[88.27338,21.755119],[88.217217,21.764387],[88.209057,21.801789],[88.163534,21.879079],[88.177205,21.925489],[88.153682,21.958864],[88.208133,22.023051],[88.224096,22.077566],[88.207314,22.158042],[88.176073,22.193995],[88.11638,22.209236],[88.069899,22.211579],[88.104628,22.294542],[88.107048,22.37508],[88.145975,22.408409],[88.144944,22.426714],[88.122579,22.465847],[88.165172,22.475939],[88.204644,22.509734],[88.238772,22.519379],[88.246323,22.528873],[88.244504,22.557623],[88.304541,22.546473],[88.323533,22.549984],[88.367714,22.608796],[88.35585,22.660636],[88.366341,22.682862],[88.365792,22.746504],[88.33994,22.767124],[88.334151,22.780966],[88.356605,22.796543],[88.361316,22.82569],[88.378778,22.830528],[88.375152,22.859234],[88.404691,22.873817],[88.411838,22.88512],[88.403366,22.913885],[88.414152,22.939649],[88.406387,22.978521],[88.412184,22.999941],[88.445626,23.016916],[88.456684,23.034607],[88.46528,23.074661],[88.479951,23.065656],[88.489295,23.067555],[88.514249,23.109812],[88.503354,23.131946],[88.453149,23.132229],[88.452749,23.172293],[88.479156,23.202779],[88.473114,23.222308],[88.449125,23.226812],[88.417223,23.209879],[88.370159,23.22715],[88.332104,23.266666],[88.356592,23.302945],[88.330565,23.351444],[88.368353,23.328338],[88.376051,23.327926],[88.381421,23.332174],[88.357954,23.360592],[88.386776,23.424222],[88.370947,23.431527],[88.375947,23.457987],[88.34948,23.482926],[88.375366,23.487712],[88.379933,23.516002],[88.351694,23.552705],[88.332651,23.544158],[88.301841,23.549876],[88.274548,23.532366],[88.26431,23.537601],[88.264688,23.547384],[88.286247,23.554688],[88.270446,23.554688],[88.261492,23.545579],[88.26412,23.533322],[88.271728,23.529093],[88.30554,23.545449],[88.333776,23.541302],[88.352532,23.549624],[88.374307,23.509443]],[[88.373875,23.522505],[88.37474,23.518166],[88.372865,23.519768],[88.373875,23.522505]],[[88.305575,23.547064],[88.299062,23.545529],[88.299153,23.546406],[88.305575,23.547064]],[[88.369474,23.458755],[88.370267,23.460157],[88.371234,23.46009],[88.369474,23.458755]],[[88.337222,23.355278],[88.338889,23.354445],[88.336667,23.353889],[88.337222,23.355278]],[[88.350413,23.295897],[88.349419,23.301287],[88.35224,23.307757],[88.355044,23.300828],[88.350413,23.295897]],[[88.442741,23.217876],[88.437516,23.216626],[88.442013,23.220816],[88.442741,23.217876]],[[88.503006,23.129637],[88.504292,23.126511],[88.500562,23.127262],[88.503006,23.129637]],[[88.45153,23.03915],[88.453963,23.041104],[88.454131,23.03678],[88.45153,23.03915]],[[88.407035,22.94494],[88.407753,22.949496],[88.409765,22.94025],[88.407035,22.94494]],[[88.385361,22.870709],[88.390932,22.874367],[88.388066,22.870453],[88.385361,22.870709]],[[87.936111,22.406389],[87.938056,22.396667],[87.932778,22.408889],[87.936111,22.406389]],[[87.924816,22.426839],[87.925678,22.424829],[87.919212,22.429117],[87.924816,22.426839]],[[87.914167,22.428611],[87.908056,22.431667],[87.911111,22.433056],[87.914167,22.428611]],[[87.894571,22.497001],[87.901472,22.487536],[87.900541,22.483242],[87.887007,22.491211],[87.894571,22.497001]],[[87.988055,22.216389],[87.988333,22.218611],[87.993889,22.215556],[87.988055,22.216389]],[[88.093985,22.011227],[88.144547,22.023818],[88.08615,21.931188],[88.046789,21.912092],[88.064688,21.979835],[88.093985,22.011227]],[[88.162778,21.937222],[88.171389,21.932222],[88.165278,21.916111],[88.159722,21.928611],[88.162778,21.937222]],[[88.133046,21.927558],[88.144668,21.91549],[88.130055,21.899089],[88.116083,21.917552],[88.133046,21.927558]],[[88.112606,21.910811],[88.105116,21.897428],[88.109619,21.883962],[88.10464,21.897681],[88.112606,21.910811]],[[88.136205,21.895444],[88.138349,21.898116],[88.137694,21.89549],[88.136205,21.895444]],[[88.031538,22.060222],[88.031011,22.058997],[88.027929,22.059529],[88.031538,22.060222]],[[88.13474,21.877471],[88.172327,21.8116],[88.164797,21.805313],[88.163529,21.796875],[88.170102,21.73848],[88.154508,21.683871],[88.143594,21.679306],[88.155244,21.680888],[88.154958,21.650689],[88.141929,21.632466],[88.115212,21.625913],[88.070519,21.6341],[88.041261,21.649364],[88.036602,21.674303],[88.044328,21.718055],[88.061141,21.734277],[88.072634,21.779137],[88.13474,21.877471]],[[88.185532,21.819268],[88.178196,21.824052],[88.178272,21.825509],[88.181685,21.826294],[88.185532,21.819268]],[[88.167176,21.806742],[88.171331,21.808012],[88.170241,21.790674],[88.167176,21.806742]],[[88.178903,21.791605],[88.180741,21.795602],[88.185264,21.789154],[88.178903,21.791605]],[[88.193927,21.763032],[88.199394,21.769359],[88.202255,21.761353],[88.193927,21.763032]],[[88.217548,21.762164],[88.27148,21.754584],[88.26148,21.732206],[88.262606,21.72938],[88.276408,21.725834],[88.311473,21.672243],[88.294008,21.648671],[88.288591,21.623001],[88.286443,21.603523],[88.305847,21.580208],[88.291768,21.562839],[88.269174,21.557833],[88.247806,21.564448],[88.240721,21.572985],[88.242685,21.596642],[88.216444,21.616371],[88.237006,21.644901],[88.23286,21.669261],[88.205108,21.675253],[88.197837,21.688562],[88.220968,21.701443],[88.210996,21.724604],[88.217548,21.762164]],[[88.277994,21.728004],[88.289159,21.778504],[88.302848,21.755581],[88.299785,21.706371],[88.277994,21.728004]],[[88.281154,21.769429],[88.282872,21.765432],[88.281804,21.765839],[88.281154,21.769429]],[[88.282735,21.769666],[88.273175,21.776668],[88.263472,21.792542],[88.285324,21.787823],[88.282735,21.769666]],[[88.293653,21.775774],[88.284937,21.789849],[88.26253,21.795191],[88.26284,21.811091],[88.305797,21.828534],[88.315173,21.844176],[88.314584,21.857118],[88.351329,21.855155],[88.351331,21.821931],[88.36087,21.796384],[88.380022,21.787932],[88.378128,21.769237],[88.356673,21.766802],[88.343104,21.759864],[88.340392,21.73989],[88.345071,21.722591],[88.332354,21.71041],[88.30708,21.713919],[88.309706,21.733589],[88.298407,21.776715],[88.311296,21.782913],[88.311228,21.795059],[88.293906,21.802574],[88.31037,21.793913],[88.309891,21.784162],[88.299255,21.783579],[88.293653,21.775774]],[[88.38299,21.780049],[88.41749,21.809056],[88.425364,21.810167],[88.430748,21.798861],[88.44265,21.799638],[88.420553,21.76569],[88.422848,21.719935],[88.413615,21.732003],[88.403224,21.738382],[88.40245,21.750981],[88.38299,21.780049]],[[88.418419,21.811633],[88.401885,21.79771],[88.39246,21.832453],[88.400001,21.872193],[88.418868,21.889211],[88.418794,21.901976],[88.433398,21.90098],[88.44038,21.90624],[88.452077,21.90492],[88.458084,21.894561],[88.482183,21.887723],[88.488992,21.838284],[88.476629,21.837299],[88.447724,21.814554],[88.450185,21.80368],[88.463569,21.790754],[88.444708,21.801846],[88.430385,21.800423],[88.426587,21.810721],[88.418419,21.811633]],[[88.445235,21.906235],[88.442367,21.908452],[88.456028,21.913927],[88.445235,21.906235]],[[88.490589,21.889673],[88.478421,21.903342],[88.508551,21.912225],[88.498778,21.896114],[88.490589,21.889673]],[[88.519299,21.854842],[88.525631,21.849647],[88.525647,21.835951],[88.516109,21.839138],[88.522277,21.845765],[88.519299,21.854842]],[[88.536495,21.853717],[88.541617,21.857376],[88.540792,21.855062],[88.536495,21.853717]],[[88.530752,21.849325],[88.542035,21.855003],[88.540486,21.869847],[88.550147,21.880175],[88.541401,21.902662],[88.562585,21.897394],[88.570849,21.900803],[88.572685,21.857855],[88.563369,21.831033],[88.549937,21.831495],[88.552907,21.81751],[88.533998,21.833969],[88.530752,21.849325]],[[88.599498,21.868121],[88.620358,21.897688],[88.62617,21.895253],[88.628343,21.882959],[88.634244,21.87865],[88.632234,21.870626],[88.65347,21.867555],[88.638827,21.78488],[88.618675,21.800202],[88.611926,21.816673],[88.621917,21.829407],[88.59656,21.851105],[88.599498,21.868121]],[[88.634385,21.870567],[88.636369,21.878061],[88.62317,21.901309],[88.637359,21.921121],[88.667068,21.913363],[88.652148,21.872496],[88.634385,21.870567]],[[88.718889,21.909167],[88.723728,21.931827],[88.736111,21.918056],[88.755833,21.926944],[88.786944,21.9175],[88.8,21.919167],[88.814444,21.901389],[88.788056,21.864722],[88.793333,21.872778],[88.791945,21.878611],[88.788333,21.879444],[88.786389,21.878611],[88.776111,21.869722],[88.771944,21.878055],[88.758055,21.880278],[88.7575,21.886389],[88.750556,21.888889],[88.748889,21.897222],[88.718889,21.909167]],[[88.740684,21.921947],[88.722023,21.942623],[88.728235,21.979606],[88.753054,21.976831],[88.750333,21.955197],[88.767218,21.945071],[88.775252,21.94147],[88.786526,21.952371],[88.788801,21.940475],[88.805694,21.936341],[88.791703,21.920495],[88.759251,21.930734],[88.740684,21.921947]],[[88.687951,21.952685],[88.678319,21.942772],[88.656937,21.954211],[88.63509,21.950923],[88.628677,21.958308],[88.634156,21.994032],[88.653285,22.019267],[88.674812,22.018947],[88.715699,22.000316],[88.693018,21.970063],[88.686757,21.972656],[88.692676,21.984774],[88.687207,21.991599],[88.691495,21.984745],[88.684813,21.973922],[88.69239,21.956876],[88.667572,21.95281],[88.671123,21.950966],[88.687951,21.952685]],[[88.663374,22.024297],[88.654482,22.075552],[88.63415,22.106188],[88.653109,22.163439],[88.680773,22.187333],[88.684152,22.207577],[88.732682,22.193866],[88.765345,22.191911],[88.768674,22.179986],[88.789381,22.169131],[88.766483,22.146389],[88.738035,22.134375],[88.682876,22.0802],[88.688274,22.059641],[88.730198,22.037926],[88.739031,22.016508],[88.720021,22.005601],[88.663374,22.024297]],[[88.632778,22.060555],[88.635556,22.048611],[88.629167,22.053056],[88.632778,22.060555]],[[88.747275,22.198162],[88.751372,22.227845],[88.791864,22.258475],[88.795078,22.276333],[88.813868,22.282992],[88.815258,22.264208],[88.826393,22.263875],[88.825666,22.240883],[88.798678,22.225749],[88.805511,22.208343],[88.818191,22.195588],[88.828093,22.194031],[88.836639,22.168562],[88.80986,22.183244],[88.794083,22.170574],[88.767209,22.194251],[88.747275,22.198162]],[[88.820289,22.265451],[88.815178,22.283203],[88.805863,22.288113],[88.812129,22.316484],[88.804164,22.329513],[88.82053,22.359567],[88.870715,22.357477],[88.891838,22.3428],[88.911086,22.305636],[88.93496,22.302084],[88.92998,22.260806],[88.951106,22.242898],[88.952461,22.224353],[88.919035,22.232913],[88.914239,22.220147],[88.903628,22.222983],[88.886621,22.237138],[88.895568,22.252194],[88.888266,22.265235],[88.876271,22.274546],[88.871928,22.274363],[88.867057,22.270562],[88.864476,22.271224],[88.843305,22.289848],[88.864481,22.270114],[88.868199,22.270367],[88.873164,22.273689],[88.876472,22.273706],[88.880061,22.267659],[88.887344,22.264583],[88.893115,22.250605],[88.886115,22.241946],[88.886123,22.234852],[88.900162,22.222861],[88.913947,22.216125],[88.904421,22.197176],[88.921427,22.174834],[88.919069,22.165505],[88.899184,22.177545],[88.885739,22.167791],[88.872289,22.171132],[88.866289,22.194299],[88.88503,22.201566],[88.883587,22.212131],[88.841118,22.21408],[88.858885,22.243462],[88.875618,22.25259],[88.858042,22.244024],[88.839349,22.21535],[88.841815,22.211697],[88.848821,22.209851],[88.881144,22.211843],[88.883239,22.201321],[88.865435,22.198121],[88.86066,22.204659],[88.855031,22.206298],[88.843692,22.190274],[88.836202,22.207581],[88.829515,22.210045],[88.818946,22.196413],[88.800446,22.225911],[88.828212,22.241238],[88.827387,22.265167],[88.820289,22.265451]],[[88.898376,22.336903],[88.86104,22.370736],[88.855297,22.387457],[88.861671,22.4108],[88.865327,22.385631],[88.880778,22.402757],[88.874979,22.386744],[88.884458,22.371159],[88.897665,22.363667],[88.894835,22.355636],[88.90332,22.345744],[88.898376,22.336903]],[[88.870544,22.40769],[88.865962,22.410777],[88.87373,22.406708],[88.870544,22.40769]],[[88.882329,22.403256],[88.856097,22.422571],[88.861111,22.445313],[88.856816,22.455491],[88.860505,22.46832],[88.858176,22.481445],[88.867656,22.487628],[88.860588,22.5],[88.843562,22.506926],[88.856215,22.509503],[88.868279,22.522657],[88.868907,22.540272],[88.869507,22.530769],[88.895085,22.554102],[88.905666,22.521674],[88.903169,22.504386],[88.897979,22.508314],[88.895037,22.50074],[88.905201,22.497372],[88.892435,22.484479],[88.892303,22.465364],[88.907918,22.433915],[88.902831,22.41476],[88.921413,22.402576],[88.888126,22.378149],[88.897608,22.3665],[88.876765,22.386626],[88.882329,22.403256]],[[88.835311,22.434093],[88.81648,22.433092],[88.803658,22.444587],[88.800856,22.461297],[88.780687,22.5],[88.79292,22.497995],[88.8104,22.480122],[88.812378,22.454101],[88.827372,22.446044],[88.8217,22.434404],[88.835311,22.434093]],[[88.859167,22.469444],[88.858889,22.463611],[88.856111,22.458889],[88.858055,22.468333],[88.859167,22.469444]],[[88.895476,22.560385],[88.919239,22.565216],[88.959865,22.548708],[88.971274,22.498753],[88.978533,22.481706],[88.995149,22.467333],[88.988332,22.444652],[88.998598,22.43002],[88.964427,22.409639],[88.970288,22.394067],[88.964831,22.389902],[88.958477,22.364971],[88.945707,22.371163],[88.9354,22.395884],[88.9464,22.420395],[88.939655,22.419268],[88.934222,22.395931],[88.944827,22.370071],[88.953415,22.364875],[88.94207,22.309754],[88.92863,22.313099],[88.907679,22.335179],[88.896436,22.3802],[88.914652,22.3917],[88.921811,22.383862],[88.92988,22.391042],[88.921657,22.39193],[88.9251,22.407164],[88.90751,22.415949],[88.920834,22.425889],[88.894658,22.466099],[88.909575,22.505447],[88.905893,22.508273],[88.914452,22.510343],[88.895476,22.560385]],[[88.959687,22.362627],[88.973904,22.393954],[88.970536,22.408791],[88.988824,22.391342],[88.982454,22.37444],[88.988791,22.364128],[88.983594,22.325425],[89.000054,22.322935],[89.023286,22.296891],[88.999812,22.297796],[88.994169,22.285555],[89.017893,22.267668],[89.01497,22.25107],[89.032595,22.256887],[89.037141,22.226622],[89.067092,22.198231],[89.060724,22.166774],[89.067621,22.148438],[89.078474,22.145149],[89.096043,22.155617],[89.062152,22.128381],[89.056874,22.141084],[89.022927,22.166477],[89.027253,22.187919],[89.019618,22.205563],[88.971644,22.210199],[88.962113,22.241232],[88.947185,22.255463],[88.9538,22.359285],[88.959687,22.362627]],[[88.987221,22.380156],[88.989188,22.385385],[88.99445,22.390628],[88.995951,22.385674],[88.987221,22.380156]],[[88.99686,22.199189],[89.013953,22.194238],[89.022132,22.148438],[89.050597,22.130726],[89.03547,22.110407],[89.016669,22.11338],[89.029593,22.122732],[89.014973,22.114499],[89.01684,22.11151],[89.035448,22.108629],[89.031184,22.093459],[89.038229,22.05294],[89.027675,22.053713],[89.028954,22.077135],[89.022249,22.078469],[89.02768,22.077063],[89.026127,22.05288],[89.017131,22.052326],[89.017941,22.06148],[89.014747,22.06437],[89.008227,22.052558],[89.001415,22.060206],[88.985124,22.056734],[88.978497,22.039907],[88.96277,22.049805],[88.966012,22.056332],[88.962471,22.060718],[88.980561,22.079546],[88.996751,22.140146],[88.976099,22.169855],[88.972925,22.193476],[88.99686,22.199189]],[[89.040627,22.048717],[89.075611,21.998113],[89.078053,21.982113],[89.072803,21.96934],[89.069478,21.984679],[89.070881,21.956967],[89.060275,21.931978],[89.043313,21.932621],[89.041108,21.950856],[89.041198,21.933197],[89.049137,21.929507],[89.030439,21.926218],[88.999379,21.949674],[89.018145,21.975674],[89.014335,21.984337],[89.004996,21.985739],[89.030421,21.996781],[89.032649,22.001816],[89.028184,21.997182],[89.020411,21.99746],[89.005145,21.987993],[88.992468,21.973781],[88.989341,21.985744],[88.975559,21.99123],[88.983406,21.992792],[88.999499,22.006936],[88.994174,22.005756],[88.982407,21.993427],[88.974728,21.993088],[88.978522,22.006153],[88.967966,22.015191],[88.984948,22.054696],[89.001907,22.059054],[89.007898,22.050724],[89.01543,22.062787],[89.015973,22.050927],[89.040627,22.048717]],[[89.011462,21.981666],[88.990842,21.951872],[89.021343,21.921468],[89.014312,21.902561],[88.969026,21.920684],[88.971853,21.928969],[88.964825,21.934554],[88.975657,21.938259],[88.976117,21.946118],[88.962469,21.934765],[88.970357,21.928699],[88.966101,21.922683],[88.935742,21.936265],[88.92529,21.963274],[88.946818,21.991211],[88.93511,22.02766],[88.937819,22.060348],[88.962604,22.057733],[88.961264,22.048758],[88.977047,22.038504],[88.962212,22.016919],[88.97568,22.004324],[88.973022,21.987064],[88.986989,21.983872],[88.991126,21.97032],[89.011462,21.981666]],[[88.973944,21.897566],[88.966125,21.890541],[88.976429,21.867625],[88.955326,21.854164],[88.952273,21.86422],[88.958688,21.869461],[88.945313,21.885882],[88.956905,21.869573],[88.950322,21.86369],[88.946865,21.840901],[88.938051,21.854055],[88.9177,21.860404],[88.914968,21.880604],[88.907271,21.878997],[88.91387,21.87877],[88.914631,21.8611],[88.921292,21.854275],[88.92587,21.851189],[88.938899,21.849866],[88.922899,21.835599],[88.923293,21.824673],[88.914108,21.827357],[88.88662,21.812737],[88.877885,21.853914],[88.8582,21.857328],[88.861231,21.864739],[88.854278,21.869588],[88.854143,21.889411],[88.823672,21.915576],[88.819702,21.927752],[88.858015,21.910744],[88.890008,21.914705],[88.914753,21.927885],[88.973944,21.897566]],[[88.978822,21.866476],[88.969431,21.889806],[88.977586,21.893343],[89.030861,21.863192],[89.028636,21.850728],[89.016472,21.850195],[88.998009,21.8706],[88.989189,21.867929],[88.992741,21.866896],[88.996674,21.870059],[89.006652,21.853424],[89.012857,21.84955],[89.026317,21.847047],[89.030089,21.833128],[89.017558,21.815935],[89.009205,21.822781],[89.014106,21.814787],[88.994198,21.814162],[88.986897,21.790518],[88.971062,21.775188],[88.942688,21.786234],[88.954076,21.803197],[88.972559,21.800595],[88.979788,21.818177],[88.974525,21.82628],[88.956335,21.827035],[88.950159,21.836636],[88.978822,21.866476]],[[89.016305,21.811882],[89.013783,21.789324],[89.023639,21.758986],[89.014203,21.765836],[88.999633,21.766017],[88.998657,21.769894],[89.011034,21.776415],[89.012555,21.781479],[88.990075,21.790522],[88.995048,21.812153],[89.016305,21.811882]],[[89.004815,21.765079],[89.025359,21.756949],[89.059357,21.725997],[89.017554,21.717667],[89.016473,21.732846],[89.001994,21.749454],[89.004815,21.765079]],[[89.037883,21.720632],[89.060788,21.721755],[89.070775,21.6992],[89.064919,21.689224],[89.073394,21.688971],[89.092261,21.665799],[89.092793,21.63684],[89.062547,21.618336],[89.047389,21.621094],[89.034525,21.633502],[89.037832,21.64053],[89.02858,21.634984],[89.026366,21.657969],[89.032928,21.654966],[89.029174,21.658737],[89.020921,21.662815],[89.026016,21.689489],[89.022429,21.699645],[89.009671,21.704647],[89.037883,21.720632]],[[89.036425,21.621094],[89.029361,21.605429],[88.999007,21.602572],[88.992835,21.643571],[88.990515,21.645445],[88.982525,21.645897],[88.968028,21.641726],[88.963775,21.646469],[88.963894,21.660206],[88.951547,21.701391],[88.973197,21.69731],[88.985717,21.705341],[88.993864,21.673371],[88.987374,21.665037],[88.988361,21.652229],[88.997335,21.649023],[89.022271,21.654471],[89.021302,21.638807],[89.036425,21.621094]],[[88.834239,21.607478],[88.875961,21.592296],[88.892958,21.578941],[88.903653,21.555664],[88.875239,21.548899],[88.842614,21.554023],[88.828772,21.575672],[88.834239,21.607478]],[[88.532403,21.543622],[88.515704,21.539693],[88.505537,21.542031],[88.511545,21.557643],[88.503006,21.56503],[88.504002,21.560853],[88.509795,21.55845],[88.503789,21.544545],[88.481758,21.554501],[88.492924,21.59789],[88.532233,21.580579],[88.532403,21.543622]],[[88.403467,21.598059],[88.387579,21.611413],[88.379714,21.67247],[88.403978,21.715196],[88.395047,21.725049],[88.368646,21.727118],[88.387745,21.734778],[88.395142,21.754715],[88.401687,21.737574],[88.42199,21.718935],[88.42838,21.701736],[88.413541,21.690908],[88.411416,21.657908],[88.431877,21.626927],[88.424293,21.619368],[88.412715,21.62207],[88.403467,21.598059]],[[88.314945,21.608312],[88.306695,21.616232],[88.316611,21.664905],[88.303887,21.707563],[88.3295,21.704688],[88.343727,21.691401],[88.351138,21.677866],[88.346378,21.653738],[88.35813,21.647485],[88.336218,21.619635],[88.314945,21.608312]],[[88.337433,21.710064],[88.348693,21.725891],[88.342681,21.754043],[88.351673,21.763523],[88.370882,21.763145],[88.359654,21.745659],[88.359768,21.733631],[88.365039,21.722783],[88.39771,21.713721],[88.365328,21.687075],[88.337433,21.710064]],[[88.363725,21.731827],[88.361522,21.747095],[88.381436,21.766882],[88.390198,21.759905],[88.386979,21.740911],[88.363725,21.731827]],[[88.433412,21.704558],[88.422998,21.766116],[88.444983,21.797017],[88.458248,21.788811],[88.472555,21.793318],[88.467269,21.737027],[88.456965,21.726406],[88.455614,21.710943],[88.440647,21.709397],[88.433412,21.704558]],[[88.513412,21.787012],[88.540022,21.80995],[88.560303,21.802575],[88.572369,21.786736],[88.562354,21.770277],[88.570864,21.733544],[88.541621,21.737388],[88.534206,21.732926],[88.526623,21.719057],[88.518795,21.719704],[88.504244,21.757624],[88.525837,21.773826],[88.535035,21.792104],[88.526128,21.775772],[88.504248,21.762583],[88.513412,21.787012]],[[88.500222,21.8126],[88.485502,21.798666],[88.458372,21.800997],[88.449598,21.812031],[88.479845,21.83541],[88.489828,21.834703],[88.500222,21.8126]],[[88.576231,21.821047],[88.591474,21.852095],[88.61819,21.82915],[88.607342,21.815494],[88.614185,21.798244],[88.59032,21.797776],[88.576231,21.821047]],[[88.560085,21.826754],[88.556922,21.823773],[88.556206,21.826333],[88.560085,21.826754]],[[88.59375,21.786272],[88.611657,21.790135],[88.623015,21.773273],[88.630644,21.740372],[88.609182,21.708284],[88.598874,21.715539],[88.619138,21.725494],[88.623139,21.736469],[88.616717,21.744111],[88.587281,21.75483],[88.59375,21.786272]],[[88.695019,21.74617],[88.71587,21.807189],[88.72812,21.777822],[88.758862,21.759376],[88.7523,21.748445],[88.753243,21.73088],[88.776493,21.721112],[88.748881,21.707104],[88.736193,21.719771],[88.746438,21.705925],[88.758528,21.709598],[88.762728,21.692945],[88.758107,21.683646],[88.74155,21.690438],[88.729486,21.686749],[88.731381,21.68139],[88.755782,21.664532],[88.747649,21.658432],[88.712992,21.68704],[88.695019,21.74617]],[[88.726111,21.794722],[88.718333,21.808056],[88.703611,21.819444],[88.705278,21.828056],[88.716667,21.826111],[88.728055,21.8375],[88.719722,21.834444],[88.715278,21.826944],[88.704444,21.829444],[88.7025,21.824167],[88.695833,21.841111],[88.703333,21.856111],[88.7175,21.855556],[88.703056,21.8575],[88.696944,21.848611],[88.717843,21.907189],[88.748333,21.896111],[88.748611,21.889444],[88.756111,21.880278],[88.771389,21.876389],[88.775,21.865],[88.780556,21.859444],[88.769167,21.853333],[88.765556,21.841667],[88.765,21.826667],[88.777222,21.821667],[88.761667,21.784722],[88.756911,21.781144],[88.7525,21.789444],[88.752778,21.811944],[88.749722,21.816389],[88.726111,21.794722]],[[88.769444,21.826667],[88.771389,21.853333],[88.782222,21.859722],[88.776944,21.866944],[88.788056,21.878055],[88.787778,21.863611],[88.800833,21.8775],[88.798889,21.870833],[88.801389,21.868055],[88.806944,21.866667],[88.821667,21.871111],[88.825,21.865],[88.829722,21.862222],[88.821111,21.839722],[88.818889,21.851667],[88.821111,21.825],[88.794722,21.791389],[88.788889,21.795833],[88.795555,21.801667],[88.794444,21.8125],[88.789722,21.821389],[88.782222,21.826667],[88.769444,21.826667]],[[88.800278,21.870556],[88.815255,21.900532],[88.8375,21.892222],[88.839444,21.8775],[88.829943,21.865],[88.821389,21.8725],[88.800278,21.870556]],[[88.856111,21.865278],[88.8575,21.855556],[88.877222,21.851667],[88.882222,21.797222],[88.898056,21.778611],[88.891389,21.753611],[88.921389,21.743611],[88.913333,21.727778],[88.880278,21.748055],[88.876263,21.767213],[88.864444,21.779167],[88.835,21.781667],[88.841389,21.8075],[88.837222,21.843056],[88.856111,21.865278]],[[88.895833,21.788056],[88.883333,21.808611],[88.913611,21.825833],[88.935,21.8225],[88.917778,21.791667],[88.923056,21.788611],[88.918056,21.775],[88.919253,21.770224],[88.911389,21.761667],[88.912461,21.755204],[88.905556,21.751667],[88.894722,21.755556],[88.900833,21.776944],[88.898056,21.786667],[88.906944,21.794167],[88.903889,21.794722],[88.895833,21.788056]],[[88.926389,21.823889],[88.924722,21.835278],[88.941389,21.847222],[88.953889,21.825278],[88.976389,21.821111],[88.97,21.802778],[88.954167,21.808056],[88.940278,21.793056],[88.940421,21.782365],[88.958889,21.770833],[88.947778,21.764167],[88.921389,21.766111],[88.915,21.755833],[88.924444,21.7875],[88.919722,21.791945],[88.938889,21.816667],[88.935,21.824444],[88.926389,21.823889]],[[88.95139,21.758187],[88.989887,21.789101],[89.009023,21.782595],[88.996682,21.768488],[88.999116,21.751725],[89.014792,21.718752],[88.999902,21.717296],[88.99362,21.723565],[88.97667,21.728689],[88.988695,21.73972],[88.987285,21.747026],[88.983809,21.747829],[88.969108,21.740425],[88.965898,21.751866],[88.95139,21.758187]],[[89.020275,21.714193],[89.007534,21.704577],[89.024192,21.687208],[89.017954,21.661371],[88.992973,21.651509],[88.989519,21.661652],[88.9957,21.672489],[88.992386,21.701084],[88.970674,21.721166],[88.976315,21.72737],[88.990811,21.72343],[88.998886,21.716048],[89.020275,21.714193]],[[88.969338,21.722773],[88.983245,21.705665],[88.973238,21.698611],[88.949942,21.702438],[88.922682,21.720323],[88.931109,21.736053],[88.922338,21.76103],[88.963906,21.752209],[88.967306,21.73943],[88.987322,21.744797],[88.969338,21.722773]],[[88.941944,21.689722],[88.920833,21.632222],[88.887778,21.658056],[88.873055,21.694444],[88.8725,21.720556],[88.882073,21.745129],[88.941944,21.689722]],[[88.939672,21.646673],[88.955028,21.67685],[88.960996,21.666371],[88.961858,21.648617],[88.965413,21.64165],[88.971029,21.640531],[88.990194,21.644517],[88.99507,21.625961],[88.987806,21.613023],[88.974834,21.613002],[88.955911,21.617391],[88.939672,21.646673]],[[88.773552,21.621505],[88.790643,21.602766],[88.782282,21.596512],[88.794209,21.59976],[88.797953,21.591346],[88.787814,21.580636],[88.750875,21.577143],[88.749228,21.59022],[88.757957,21.597235],[88.758379,21.599726],[88.754544,21.603766],[88.736145,21.612026],[88.736112,21.623531],[88.729751,21.64015],[88.736207,21.644781],[88.74896,21.645784],[88.770136,21.655346],[88.773552,21.621505]],[[88.735854,21.610402],[88.756944,21.599409],[88.747291,21.588889],[88.746923,21.577799],[88.735936,21.571674],[88.714466,21.578394],[88.707373,21.592878],[88.720899,21.638182],[88.728255,21.638156],[88.735854,21.610402]],[[88.573669,21.621094],[88.586207,21.606852],[88.586355,21.587784],[88.575663,21.574291],[88.549644,21.563695],[88.536854,21.586978],[88.556941,21.604103],[88.536758,21.588521],[88.510369,21.601156],[88.523839,21.625929],[88.524372,21.652928],[88.542016,21.634863],[88.573669,21.621094]],[[88.453673,21.62375],[88.441515,21.61514],[88.437409,21.633809],[88.419998,21.653124],[88.419051,21.678453],[88.419273,21.688985],[88.438352,21.707065],[88.457016,21.705377],[88.470928,21.673107],[88.466418,21.667808],[88.465716,21.675559],[88.453673,21.62375]],[[88.528538,21.660373],[88.533435,21.668563],[88.519548,21.716192],[88.52669,21.717132],[88.541661,21.736049],[88.570702,21.732583],[88.587187,21.709342],[88.586306,21.697958],[88.59055,21.690303],[88.579705,21.684831],[88.569819,21.710638],[88.553119,21.724022],[88.543162,21.723992],[88.552434,21.723091],[88.55905,21.712418],[88.568523,21.70939],[88.568908,21.701738],[88.573905,21.693648],[88.567757,21.692879],[88.567599,21.701012],[88.562966,21.706251],[88.552902,21.702764],[88.565797,21.701313],[88.568918,21.669206],[88.55278,21.648527],[88.551676,21.636287],[88.537345,21.642714],[88.528538,21.660373]],[[88.592734,21.718802],[88.579691,21.725989],[88.58347,21.748106],[88.568921,21.769083],[88.582187,21.777833],[88.586756,21.752241],[88.620991,21.734438],[88.592734,21.718802]],[[88.696589,21.713232],[88.708958,21.679419],[88.751258,21.648507],[88.735786,21.645317],[88.723019,21.638534],[88.687215,21.68286],[88.696589,21.713232]],[[88.796125,21.655556],[88.787222,21.659167],[88.794167,21.664444],[88.759444,21.663056],[88.730556,21.686389],[88.7575,21.682222],[88.764722,21.693056],[88.806667,21.706667],[88.807222,21.665833],[88.796125,21.655556]],[[88.76311,21.69994],[88.782153,21.716921],[88.780409,21.730917],[88.792709,21.735217],[88.790805,21.74903],[88.796617,21.746961],[88.809152,21.748541],[88.831655,21.76586],[88.864141,21.760808],[88.839121,21.706887],[88.860017,21.636962],[88.843701,21.627097],[88.842436,21.645509],[88.828792,21.650501],[88.841892,21.643945],[88.841467,21.629112],[88.845958,21.619978],[88.815448,21.629112],[88.809206,21.638008],[88.822733,21.665],[88.815636,21.709312],[88.803794,21.716668],[88.76311,21.69994]],[[88.786534,21.736356],[88.777094,21.731258],[88.756292,21.733622],[88.764277,21.761858],[88.749703,21.76969],[88.766539,21.786983],[88.78242,21.824979],[88.793217,21.810359],[88.787191,21.796086],[88.795826,21.787111],[88.782323,21.766855],[88.783263,21.7572],[88.786534,21.736356]],[[88.753508,21.78334],[88.746046,21.772599],[88.72825,21.779994],[88.727294,21.793688],[88.750143,21.814206],[88.749575,21.799923],[88.753508,21.78334]],[[88.796173,21.748504],[88.78398,21.765699],[88.821905,21.822464],[88.831161,21.807494],[88.820794,21.786579],[88.830442,21.767193],[88.811259,21.750595],[88.796173,21.748504]],[[88.890849,21.651287],[88.889384,21.654599],[88.893956,21.650551],[88.890849,21.651287]],[[88.605649,21.62429],[88.599737,21.619872],[88.553527,21.640268],[88.571201,21.666743],[88.567593,21.690826],[88.576738,21.691855],[88.586177,21.657698],[88.605649,21.62429]],[[88.58872,21.657422],[88.580341,21.68288],[88.591768,21.690171],[88.588044,21.701472],[88.606116,21.680077],[88.58872,21.657422]],[[88.627383,21.652505],[88.631648,21.66909],[88.640341,21.67836],[88.634158,21.651119],[88.627383,21.652505]],[[88.506399,21.788479],[88.505327,21.78314],[88.501666,21.781137],[88.501913,21.784428],[88.506399,21.788479]],[[88.855319,21.919085],[88.825262,21.93952],[88.790235,21.94194],[88.786943,21.955108],[88.775673,21.943414],[88.752165,21.956445],[88.753476,21.985204],[88.773922,21.989467],[88.781872,21.972656],[88.800148,21.970618],[88.782565,21.97399],[88.789963,21.984884],[88.777082,21.990388],[88.753705,21.987824],[88.75984,21.996041],[88.761509,22.006295],[88.772512,22.012244],[88.761604,22.007964],[88.762029,22.014856],[88.77969,22.015798],[88.802084,22.029772],[88.812765,22.019433],[88.852381,22.017887],[88.866131,22.02449],[88.875895,22.011928],[88.902959,22.011188],[88.906831,21.928953],[88.855319,21.919085]],[[88.741316,21.987971],[88.758231,22.007063],[88.758245,21.995252],[88.741316,21.987971]],[[88.791336,22.031427],[88.777909,22.019885],[88.761592,22.021579],[88.751599,22.050589],[88.775432,22.049727],[88.779197,22.036711],[88.791336,22.031427]],[[88.731439,22.045247],[88.733984,22.042257],[88.730936,22.043598],[88.731439,22.045247]],[[88.748387,22.05999],[88.78445,22.106997],[88.798556,22.108508],[88.798642,22.097817],[88.80413,22.084505],[88.815338,22.080788],[88.827411,22.086197],[88.836459,22.06934],[88.827724,22.07124],[88.812431,22.061996],[88.804525,22.065368],[88.7939,22.055576],[88.787073,22.071894],[88.782018,22.04844],[88.748387,22.05999]],[[88.775749,22.109606],[88.769213,22.092011],[88.749182,22.080272],[88.739225,22.057001],[88.70515,22.064269],[88.702773,22.078315],[88.735463,22.105028],[88.749087,22.134844],[88.775293,22.145348],[88.809028,22.1792],[88.829766,22.165211],[88.839079,22.167737],[88.828031,22.207846],[88.843583,22.189384],[88.859647,22.20412],[88.868,22.170301],[88.850992,22.17348],[88.843235,22.167228],[88.851184,22.155795],[88.845451,22.147971],[88.855586,22.144187],[88.821065,22.126687],[88.804276,22.130237],[88.794678,22.113922],[88.775749,22.109606]],[[88.722936,22.101208],[88.719079,22.095737],[88.692823,22.078211],[88.69466,22.087399],[88.722936,22.101208]],[[88.689573,22.081714],[88.690136,22.080095],[88.688913,22.081257],[88.689573,22.081714]],[[88.735676,22.128854],[88.733647,22.119526],[88.728291,22.113021],[88.730478,22.124339],[88.735676,22.128854]],[[88.852907,22.170138],[88.886782,22.164211],[88.923609,22.106428],[88.917404,22.091264],[88.896502,22.090711],[88.892426,22.114194],[88.889416,22.101645],[88.895239,22.091339],[88.871839,22.088015],[88.852845,22.102149],[88.845278,22.122374],[88.83092,22.126963],[88.859701,22.141606],[88.848366,22.164899],[88.852907,22.170138]],[[88.894726,22.171156],[88.91893,22.161024],[88.925446,22.175247],[88.932752,22.174443],[88.945313,22.18192],[88.946169,22.186191],[88.942732,22.189968],[88.958981,22.190214],[88.985078,22.148438],[88.980871,22.133087],[88.969617,22.143164],[88.970437,22.155989],[88.95321,22.157895],[88.969226,22.15474],[88.967605,22.148438],[88.968928,22.141683],[88.979084,22.131006],[88.985906,22.137615],[88.969072,22.082778],[88.950806,22.104454],[88.966786,22.07852],[88.925052,22.064709],[88.924019,22.02428],[88.935079,21.990374],[88.918674,21.980839],[88.910365,22.048872],[88.901256,22.064118],[88.930625,22.09771],[88.923275,22.122498],[88.931055,22.12247],[88.940268,22.127131],[88.930891,22.13684],[88.93626,22.142741],[88.930761,22.138924],[88.929431,22.136356],[88.938829,22.127004],[88.92983,22.123693],[88.913017,22.130056],[88.894726,22.171156]],[[88.941845,22.192345],[88.944465,22.183935],[88.931713,22.176961],[88.908163,22.195453],[88.918727,22.230364],[88.954432,22.221112],[88.960483,22.19292],[88.941845,22.192345]],[[88.886531,22.057786],[88.903367,22.049402],[88.901602,22.018447],[88.878745,22.014568],[88.852069,22.041845],[88.890427,22.045702],[88.891979,22.049657],[88.886531,22.057786]],[[88.85973,22.045836],[88.84993,22.041198],[88.859161,22.025182],[88.838519,22.023937],[88.831702,22.044274],[88.845359,22.060855],[88.831486,22.051767],[88.819551,22.062868],[88.868705,22.081507],[88.870298,22.062876],[88.890769,22.048572],[88.85973,22.045836]],[[88.779994,22.037978],[88.787943,22.059513],[88.791809,22.054695],[88.797633,22.054911],[88.805757,22.064126],[88.831061,22.05072],[88.83274,22.027762],[88.779994,22.037978]],[[88.837121,22.073417],[88.819068,22.104558],[88.820745,22.092903],[88.825118,22.087183],[88.805942,22.084764],[88.798756,22.110837],[88.80633,22.125159],[88.845802,22.119109],[88.849611,22.103135],[88.867887,22.086676],[88.841399,22.090152],[88.843678,22.097822],[88.83887,22.089943],[88.86738,22.082454],[88.837121,22.073417]],[[88.870193,22.086871],[88.904452,22.086042],[88.891024,22.06032],[88.870999,22.063969],[88.870193,22.086871]],[[88.917999,22.423858],[88.911579,22.423115],[88.91164,22.42515],[88.917999,22.423858]],[[88.585796,21.874],[88.582338,21.865593],[88.581208,21.872064],[88.585796,21.874]],[[88.178109,21.600592],[88.188767,21.581496],[88.186974,21.559955],[88.173632,21.568496],[88.167941,21.591801],[88.178109,21.600592]],[[88.015767,21.581558],[88.021138,21.571387],[88.020771,21.566957],[88.017066,21.571856],[88.015767,21.581558]],[[88.226161,21.670469],[88.231585,21.643599],[88.212199,21.621794],[88.211686,21.601895],[88.194903,21.632152],[88.181274,21.685678],[88.188779,21.708567],[88.20316,21.721809],[88.216577,21.701027],[88.198477,21.69442],[88.195563,21.682241],[88.205965,21.671712],[88.226161,21.670469]],[[88.201186,21.736668],[88.199616,21.728105],[88.195018,21.724396],[88.196586,21.731466],[88.201186,21.736668]],[[87.305137,21.586774],[87.316894,21.576253],[87.317151,21.573781],[87.303826,21.574676],[87.305137,21.586774]],[[87.301195,21.57896],[87.29962,21.590459],[87.304633,21.598528],[87.301195,21.57896]],[[87.306746,21.598461],[87.310833,21.604445],[87.318991,21.605454],[87.316556,21.60263],[87.306746,21.598461]],[[87.17549,21.756363],[87.177758,21.751574],[87.170603,21.755177],[87.17549,21.756363]],[[87.174444,21.789444],[87.165833,21.786944],[87.168889,21.791111],[87.174444,21.789444]],[[87.213757,21.812051],[87.215967,21.807126],[87.210759,21.798998],[87.211438,21.806624],[87.213757,21.812051]],[[87.218804,21.988421],[87.217921,21.982819],[87.214646,21.987931],[87.218804,21.988421]],[[87.209088,22.006107],[87.211938,21.993396],[87.206681,21.999609],[87.209088,22.006107]],[[87.123611,21.514444],[87.11888,21.517222],[87.122439,21.520825],[87.123611,21.514444]],[[87.014444,20.797222],[87.004578,20.812268],[87.0025,20.832222],[87.019151,20.821526],[87.014444,20.797222]],[[86.947997,20.784474],[86.948026,20.784028],[86.943952,20.784095],[86.947997,20.784474]],[[86.897905,20.786763],[86.951527,20.774701],[86.887279,20.772351],[86.865204,20.782754],[86.897905,20.786763]],[[86.983222,20.782421],[86.987452,20.780359],[86.986665,20.778961],[86.983222,20.782421]],[[86.992768,20.770618],[87.006952,20.742188],[86.995847,20.70987],[86.931376,20.715614],[86.893843,20.695824],[86.858639,20.664788],[86.865104,20.678711],[86.857096,20.68406],[86.884933,20.707227],[86.877084,20.716381],[86.878141,20.732717],[86.875636,20.718285],[86.883724,20.706908],[86.856232,20.686013],[86.856089,20.682176],[86.863784,20.678172],[86.856527,20.670665],[86.853246,20.656508],[86.841764,20.652383],[86.836417,20.665933],[86.829886,20.672588],[86.817231,20.676868],[86.803644,20.676589],[86.796651,20.672302],[86.795488,20.665388],[86.797692,20.6634],[86.806302,20.667081],[86.813369,20.662092],[86.818848,20.638773],[86.80563,20.645299],[86.773935,20.6465],[86.801644,20.682872],[86.830282,20.759875],[86.844119,20.771293],[86.860801,20.77564],[86.889319,20.767329],[86.940114,20.766532],[86.992768,20.770618]],[[87.08409,20.76423],[87.093893,20.752949],[87.072379,20.754023],[87.078944,20.758195],[87.08409,20.76423]],[[87.072002,20.748814],[87.069777,20.735079],[87.067971,20.736807],[87.072002,20.748814]],[[87.057624,20.743989],[87.049053,20.743722],[87.049188,20.744119],[87.057624,20.743989]],[[87.01568,20.722078],[87.015551,20.711626],[87.002532,20.708615],[87.01568,20.722078]],[[87.044914,20.709932],[86.887773,20.606217],[86.8846,20.615988],[86.884916,20.604365],[86.792218,20.543919],[86.771191,20.504464],[86.757485,20.506228],[86.757615,20.517441],[86.747777,20.525257],[86.73838,20.523793],[86.729705,20.534781],[86.732342,20.545765],[86.710575,20.565217],[86.713784,20.593611],[86.764282,20.616935],[86.772966,20.644832],[86.794768,20.645303],[86.815658,20.636584],[86.820023,20.638782],[86.816627,20.660016],[86.805565,20.668754],[86.796751,20.665007],[86.801247,20.674618],[86.826262,20.673334],[86.840399,20.651989],[86.845896,20.650977],[86.871061,20.667606],[86.902559,20.697773],[86.934043,20.710788],[87.005219,20.700303],[86.987019,20.697944],[86.999284,20.695283],[87.044914,20.709932]],[[86.753889,20.519167],[86.754167,20.516944],[86.742778,20.522222],[86.753889,20.519167]],[[86.736316,20.606247],[86.728713,20.6099],[86.731732,20.636809],[86.740855,20.645775],[86.737651,20.629008],[86.736316,20.606247]],[[86.749167,20.616389],[86.741944,20.623333],[86.743055,20.630278],[86.745278,20.628055],[86.749167,20.616389]],[[86.878333,20.677778],[86.872414,20.672671],[86.873333,20.675555],[86.878333,20.677778]],[[87.008995,20.720176],[87.006037,20.713421],[87.002356,20.710412],[87.004803,20.715549],[87.008995,20.720176]],[[86.798333,20.700555],[86.797633,20.689227],[86.78967,20.674935],[86.789722,20.682778],[86.798333,20.700555]],[[86.865106,20.778162],[86.863938,20.780416],[86.868312,20.779549],[86.865106,20.778162]],[[86.877141,20.774616],[86.877688,20.773293],[86.874525,20.774101],[86.877141,20.774616]],[[86.716855,20.684469],[86.740154,20.67143],[86.73039,20.676408],[86.705131,20.682673],[86.716855,20.684469]],[[86.725975,20.676547],[86.72989,20.674944],[86.724541,20.675686],[86.725975,20.676547]],[[86.664534,20.700097],[86.651296,20.697493],[86.65545,20.700382],[86.664534,20.700097]],[[86.596305,20.716446],[86.605593,20.709997],[86.605591,20.697633],[86.595264,20.702098],[86.583751,20.691377],[86.5777,20.699935],[86.596305,20.716446]],[[85.899428,20.842686],[85.900277,20.840839],[85.891819,20.841898],[85.899428,20.842686]],[[85.701801,20.834054],[85.701602,20.835205],[85.703542,20.834968],[85.701801,20.834054]],[[85.684765,20.823548],[85.682834,20.823522],[85.68315,20.825138],[85.684765,20.823548]],[[85.68509,20.82482],[85.685867,20.825303],[85.686004,20.824913],[85.68509,20.82482]],[[85.617715,20.790542],[85.615177,20.798903],[85.620975,20.803574],[85.621357,20.795927],[85.617715,20.790542]],[[85.436865,20.779849],[85.426924,20.78324],[85.425987,20.787665],[85.429688,20.783203],[85.436865,20.779849]],[[85.294593,20.869131],[85.295635,20.861916],[85.294259,20.84961],[85.287472,20.856379],[85.294593,20.869131]],[[85.192996,21.035819],[85.193268,21.034986],[85.191091,21.035537],[85.192996,21.035819]],[[85.149439,21.129157],[85.145501,21.128834],[85.146904,21.136634],[85.149439,21.129157]],[[85.155255,21.147987],[85.154181,21.147732],[85.153308,21.149668],[85.155255,21.147987]],[[85.148099,21.162565],[85.14896,21.156676],[85.146,21.158412],[85.148099,21.162565]],[[85.109693,21.0725],[85.113603,21.071101],[85.113603,21.070549],[85.109693,21.0725]],[[86.661706,20.609182],[86.667866,20.617414],[86.670532,20.618827],[86.669444,20.608055],[86.661706,20.609182]],[[86.567104,20.618067],[86.568333,20.616111],[86.566667,20.616944],[86.567104,20.618067]],[[86.440036,20.607592],[86.440536,20.606107],[86.437538,20.608064],[86.440036,20.607592]],[[86.285144,20.651361],[86.287642,20.645558],[86.284001,20.648123],[86.285144,20.651361]],[[86.802685,20.464457],[86.800779,20.473353],[86.804622,20.491746],[86.80934,20.476699],[86.802685,20.464457]],[[86.801296,20.461579],[86.80229,20.462741],[86.803367,20.461983],[86.801296,20.461579]],[[86.791116,20.428731],[86.795305,20.393365],[86.789421,20.387618],[86.791116,20.428731]],[[86.806444,20.410612],[86.802577,20.420422],[86.814728,20.406469],[86.80371,20.371412],[86.799689,20.398788],[86.80079,20.411134],[86.806444,20.410612]],[[86.795755,20.371949],[86.791625,20.365357],[86.790467,20.367061],[86.795755,20.371949]],[[86.796896,20.376534],[86.796567,20.374616],[86.791714,20.375351],[86.796896,20.376534]],[[86.792973,20.383954],[86.791058,20.385508],[86.793258,20.387631],[86.792973,20.383954]],[[86.603889,20.34],[86.590312,20.338255],[86.593611,20.340833],[86.603889,20.34]],[[86.59439,20.3788],[86.592992,20.377058],[86.592421,20.380739],[86.59439,20.3788]],[[86.595738,20.380911],[86.597582,20.387669],[86.599707,20.384299],[86.595738,20.380911]],[[86.597396,20.39471],[86.597039,20.393428],[86.594113,20.397949],[86.597396,20.39471]],[[86.572472,20.40604],[86.563406,20.393889],[86.526569,20.39149],[86.514274,20.4006],[86.504617,20.390625],[86.494821,20.391834],[86.513994,20.415737],[86.572472,20.40604]],[[86.413242,20.454171],[86.41106,20.448714],[86.398757,20.451388],[86.386993,20.443985],[86.383264,20.455949],[86.360777,20.462423],[86.352155,20.456419],[86.34507,20.463179],[86.341533,20.463375],[86.333814,20.454319],[86.307174,20.465942],[86.345182,20.469319],[86.35341,20.462235],[86.368863,20.465853],[86.413242,20.454171]],[[86.062474,20.455681],[86.061395,20.462987],[86.067031,20.463057],[86.066789,20.458777],[86.062474,20.455681]],[[85.99559,20.453747],[85.995605,20.452924],[85.993335,20.452937],[85.99559,20.453747]],[[85.945588,20.476009],[85.9462,20.473985],[85.930663,20.482306],[85.945588,20.476009]],[[86.553328,20.206417],[86.555326,20.207091],[86.555112,20.206282],[86.553328,20.206417]],[[86.489944,20.170179],[86.498565,20.17667],[86.507822,20.17296],[86.495867,20.161609],[86.489944,20.170179]],[[86.489256,20.146568],[86.49036,20.149693],[86.494689,20.148676],[86.489256,20.146568]],[[86.432456,20.056733],[86.437261,20.059276],[86.434664,20.051438],[86.432456,20.056733]],[[86.422396,20.039063],[86.426389,20.043611],[86.420833,20.031944],[86.422396,20.039063]],[[86.40976,20.021537],[86.412563,20.025793],[86.411952,20.01944],[86.40976,20.021537]],[[86.321015,19.988082],[86.318374,19.994805],[86.319674,19.993167],[86.321015,19.988082]],[[86.321081,19.993402],[86.315738,19.998932],[86.318848,20.002327],[86.320761,20.000717],[86.321081,19.993402]],[[86.331459,19.990527],[86.326409,20.003455],[86.329314,20.010442],[86.336895,19.999285],[86.331459,19.990527]],[[86.312873,20.008198],[86.309887,20.015999],[86.314486,20.015384],[86.312873,20.008198]],[[86.32139,20.010131],[86.316074,20.021335],[86.301303,20.026804],[86.315739,20.031132],[86.325135,20.01662],[86.32139,20.010131]],[[86.2725,20.024444],[86.264722,20.022222],[86.268611,20.024722],[86.2725,20.024444]],[[86.255207,20.024802],[86.257682,20.021393],[86.253895,20.022467],[86.255207,20.024802]],[[86.279544,20.026859],[86.266773,20.035367],[86.247434,20.029017],[86.244691,20.034115],[86.268916,20.058253],[86.267251,20.053093],[86.307756,20.034262],[86.279544,20.026859]],[[86.267778,20.030833],[86.2625,20.032222],[86.263333,20.033611],[86.267778,20.030833]],[[86.254603,20.052404],[86.25043,20.05158],[86.262576,20.058699],[86.254603,20.052404]],[[86.299722,20.043889],[86.291667,20.047222],[86.291667,20.050278],[86.296944,20.049722],[86.299722,20.043889]],[[86.298575,20.041182],[86.299922,20.042365],[86.303546,20.039063],[86.298575,20.041182]],[[86.313341,20.038225],[86.308742,20.039063],[86.309878,20.040568],[86.313341,20.038225]],[[86.321172,20.024234],[86.320124,20.029546],[86.326572,20.024416],[86.321172,20.024234]],[[86.147065,20.214844],[86.146471,20.177595],[86.132813,20.173828],[86.121607,20.183527],[86.123315,20.218114],[86.147065,20.214844]],[[86.119825,20.18432],[86.126636,20.170339],[86.067991,20.192831],[86.053591,20.205689],[86.03835,20.206784],[86.014215,20.254214],[86.029813,20.288196],[86.061944,20.264105],[86.069501,20.243485],[86.118099,20.222897],[86.119825,20.18432]],[[86.364317,19.969437],[86.365134,19.972087],[86.372608,19.973716],[86.364317,19.969437]],[[86.238173,19.911139],[86.24089,19.910669],[86.240515,19.909485],[86.238173,19.911139]],[[85.058333,19.371389],[85.06,19.370278],[85.055,19.370556],[85.058333,19.371389]],[[85.052222,19.370833],[85.058333,19.368611],[85.050833,19.368055],[85.044722,19.375556],[85.052222,19.370833]],[[85.048596,19.369103],[85.048787,19.368361],[85.048334,19.368219],[85.048596,19.369103]],[[84.761308,19.105513],[84.76463,19.107319],[84.765428,19.104217],[84.761308,19.105513]],[[84.767973,19.105615],[84.769909,19.105489],[84.767085,19.101666],[84.767973,19.105615]],[[83.270218,17.70967],[83.26993,17.708249],[83.268653,17.708722],[83.270218,17.70967]],[[83.298224,17.679165],[83.311881,17.684655],[83.312107,17.684443],[83.304065,17.680517],[83.298224,17.679165]],[[83.30415,17.682352],[83.303185,17.682551],[83.302959,17.682874],[83.30415,17.682352]],[[83.170771,17.56663],[83.171638,17.569118],[83.172022,17.567002],[83.170771,17.56663]],[[82.36008,16.725621],[82.367231,16.718551],[82.326756,16.668163],[82.31856,16.628758],[82.312529,16.638474],[82.314546,16.647478],[82.309669,16.650774],[82.310379,16.639889],[82.319496,16.620435],[82.309035,16.602929],[82.283945,16.642413],[82.256671,16.652467],[82.265916,16.671456],[82.257942,16.701594],[82.306227,16.699709],[82.329101,16.714463],[82.328993,16.725389],[82.344784,16.704834],[82.335205,16.698472],[82.336949,16.691183],[82.35302,16.706942],[82.340084,16.718176],[82.35879,16.712156],[82.364727,16.718071],[82.36008,16.725621]],[[82.293758,16.602608],[82.2996,16.59145],[82.293627,16.577166],[82.267952,16.564098],[82.278849,16.56003],[82.306926,16.568979],[82.306245,16.574468],[82.310555,16.56848],[82.112475,16.487987],[82.020816,16.431379],[81.960437,16.403874],[81.955804,16.415088],[81.973994,16.513475],[81.9324,16.567458],[81.921193,16.569475],[81.912651,16.564198],[81.912367,16.551982],[81.921242,16.539126],[81.915644,16.529297],[81.897878,16.538019],[81.893329,16.578593],[81.873884,16.596501],[81.874361,16.614284],[81.871827,16.602538],[81.865129,16.610163],[81.852625,16.637487],[81.86312,16.640446],[81.84512,16.654723],[81.841314,16.677715],[81.799624,16.701869],[81.800323,16.73799],[81.788488,16.763041],[81.759989,16.78929],[81.770144,16.843829],[81.741282,16.900639],[81.751468,16.943433],[81.765422,16.884933],[81.815958,16.815442],[81.823213,16.794029],[81.843258,16.785995],[81.847176,16.773527],[81.857652,16.762655],[81.924049,16.724707],[81.929268,16.709729],[81.940381,16.703507],[81.939478,16.712396],[81.951478,16.691704],[81.954397,16.701545],[81.976422,16.70332],[81.998606,16.690848],[82.036466,16.684237],[82.050288,16.670626],[82.079354,16.662697],[82.08766,16.664928],[82.105731,16.674996],[82.118533,16.688992],[82.141681,16.684141],[82.160918,16.669468],[82.15744,16.65186],[82.159034,16.637901],[82.163982,16.625543],[82.156179,16.620303],[82.155937,16.617049],[82.162663,16.609859],[82.190911,16.601469],[82.206949,16.616949],[82.21927,16.635577],[82.229612,16.641948],[82.236751,16.635676],[82.24803,16.645031],[82.278092,16.636001],[82.292223,16.608688],[82.265625,16.594587],[82.293758,16.602608]],[[82.315428,16.575722],[82.317111,16.576374],[82.316934,16.573897],[82.315428,16.575722]],[[81.956549,16.46709],[81.959975,16.44015],[81.944286,16.395075],[81.863166,16.377761],[81.718963,16.31049],[81.727927,16.352689],[81.726712,16.371054],[81.706221,16.411389],[81.712243,16.440648],[81.72086,16.441031],[81.733629,16.419672],[81.755683,16.414628],[81.79525,16.464963],[81.853899,16.487941],[81.853563,16.517037],[81.872391,16.555617],[81.87243,16.591507],[81.891737,16.572112],[81.887901,16.545371],[81.904604,16.526257],[81.915805,16.522957],[81.922181,16.530581],[81.91902,16.56203],[81.930728,16.565886],[81.939518,16.557359],[81.942622,16.541759],[81.965241,16.513532],[81.956549,16.46709]],[[81.816341,16.475726],[81.79953,16.471407],[81.80135,16.474129],[81.816341,16.475726]],[[81.843941,16.4899],[81.834099,16.480963],[81.813029,16.481174],[81.821453,16.487656],[81.843941,16.4899]],[[81.853057,16.53456],[81.852966,16.521945],[81.850155,16.519131],[81.846619,16.528386],[81.853057,16.53456]],[[81.87067,16.558034],[81.858366,16.542708],[81.864366,16.602805],[81.87067,16.558034]],[[81.892359,16.543312],[81.89127,16.548779],[81.894194,16.555052],[81.895455,16.550534],[81.892359,16.543312]],[[81.91577,16.560708],[81.914063,16.561105],[81.914063,16.563058],[81.91577,16.560708]],[[81.922649,16.565572],[81.92088,16.565674],[81.921058,16.56655],[81.922649,16.565572]],[[81.950129,16.535917],[81.944664,16.540611],[81.944741,16.546651],[81.947784,16.543462],[81.950129,16.535917]],[[81.953492,16.531089],[81.951237,16.534729],[81.9539,16.534127],[81.953492,16.531089]],[[81.968238,16.495425],[81.966433,16.503252],[81.969897,16.509183],[81.971548,16.500792],[81.968238,16.495425]],[[81.96539,16.500862],[81.967501,16.494856],[81.962121,16.486108],[81.961825,16.493139],[81.96539,16.500862]],[[81.959953,16.474048],[81.961844,16.477675],[81.960539,16.47131],[81.959953,16.474048]],[[81.8367,16.664876],[81.822583,16.673857],[81.821138,16.679721],[81.8367,16.664876]],[[81.751925,16.803751],[81.758469,16.799804],[81.755204,16.787],[81.749572,16.795547],[81.751925,16.803751]],[[81.758765,16.807576],[81.758258,16.805605],[81.755329,16.807325],[81.758765,16.807576]],[[81.735221,16.916733],[81.731809,16.910156],[81.729969,16.915565],[81.735221,16.916733]],[[81.74627,16.947134],[81.744956,16.933464],[81.741525,16.929189],[81.741228,16.942902],[81.74627,16.947134]],[[81.733454,16.938777],[81.733135,16.938638],[81.7318,16.940715],[81.733454,16.938777]],[[81.747108,16.949101],[81.74954,16.957351],[81.751616,16.949028],[81.747108,16.949101]],[[81.745492,16.951999],[81.747068,16.963411],[81.750264,16.967083],[81.747945,16.960888],[81.745492,16.951999]],[[81.751154,16.956222],[81.757737,16.981518],[81.756743,16.995279],[81.763319,16.969499],[81.751154,16.956222]],[[81.751324,16.993807],[81.74803,16.986912],[81.747397,16.992129],[81.751324,16.993807]],[[81.776056,16.971998],[81.773002,16.977839],[81.773777,16.987637],[81.776686,16.984604],[81.776056,16.971998]],[[81.765575,16.958469],[81.7726,16.941753],[81.766796,16.932677],[81.763556,16.934839],[81.765575,16.958469]],[[81.763277,16.943031],[81.761674,16.939353],[81.75974,16.942924],[81.763277,16.943031]],[[81.764447,16.9524],[81.763409,16.94952],[81.762563,16.950633],[81.764447,16.9524]],[[81.796106,16.863851],[81.768978,16.90608],[81.781243,16.923879],[81.785778,16.906222],[81.775951,16.897718],[81.796106,16.863851]],[[81.786963,16.889648],[81.787684,16.890705],[81.78976,16.887937],[81.786963,16.889648]],[[81.794362,16.878295],[81.805063,16.867717],[81.80174,16.858848],[81.794362,16.878295]],[[81.821651,16.82492],[81.820856,16.831236],[81.82347,16.822875],[81.821651,16.82492]],[[81.829922,16.810109],[81.83102,16.814069],[81.832294,16.813002],[81.829922,16.810109]],[[81.879225,16.756365],[81.849944,16.775436],[81.873198,16.760434],[81.885776,16.759837],[81.879225,16.756365]],[[81.871624,16.765766],[81.869607,16.76735],[81.872537,16.76728],[81.871624,16.765766]],[[81.908901,16.741721],[81.890959,16.748427],[81.88527,16.754041],[81.908901,16.741721]],[[82.003091,16.721138],[82.020637,16.710616],[82.012778,16.71192],[82.003091,16.721138]],[[81.979793,16.711451],[81.97181,16.703814],[81.953266,16.704415],[81.945198,16.717477],[81.961961,16.711553],[81.979793,16.711451]],[[81.983715,16.70899],[82.015681,16.690147],[81.998233,16.692059],[82.000462,16.697852],[81.983715,16.70899]],[[82.03356,16.686604],[82.016725,16.690051],[81.991709,16.710028],[82.007422,16.70437],[82.016471,16.69239],[82.019302,16.699985],[82.037719,16.690945],[82.04551,16.677608],[82.03356,16.686604]],[[82.076134,16.682618],[82.079466,16.694273],[82.105401,16.698314],[82.112314,16.708416],[82.133558,16.702916],[82.158624,16.71462],[82.175935,16.711213],[82.156468,16.70804],[82.142323,16.688102],[82.116243,16.693154],[82.104517,16.675253],[82.08243,16.664196],[82.047993,16.674532],[82.076134,16.682618]],[[82.099851,16.708447],[82.092409,16.700876],[82.086054,16.702655],[82.090729,16.706595],[82.099851,16.708447]],[[82.085474,16.705807],[82.083771,16.70685],[82.083318,16.709106],[82.085474,16.705807]],[[82.085118,16.714346],[82.091504,16.718387],[82.092149,16.71187],[82.085118,16.714346]],[[82.124083,16.710578],[82.128599,16.717671],[82.136558,16.714684],[82.132885,16.710981],[82.124083,16.710578]],[[82.135356,16.716632],[82.134236,16.718416],[82.137491,16.718987],[82.135356,16.716632]],[[82.175558,16.716087],[82.1763,16.721831],[82.197442,16.715764],[82.190103,16.713264],[82.175558,16.716087]],[[82.214905,16.720715],[82.221607,16.717656],[82.217659,16.716092],[82.214905,16.720715]],[[82.227817,16.71611],[82.223357,16.72031],[82.233511,16.716212],[82.227817,16.71611]],[[82.197322,16.710379],[82.24739,16.70553],[82.261462,16.668054],[82.253969,16.656562],[82.258765,16.643483],[82.252934,16.645919],[82.242656,16.645539],[82.237236,16.63675],[82.231985,16.643781],[82.22392,16.641162],[82.191267,16.602679],[82.157413,16.616711],[82.166609,16.627577],[82.159184,16.652072],[82.162992,16.669353],[82.14245,16.685049],[82.15921,16.695343],[82.170121,16.707364],[82.185606,16.70369],[82.197322,16.710379]],[[82.260829,16.67586],[82.261739,16.677931],[82.26352,16.673939],[82.260829,16.67586]],[[82.161788,16.706166],[82.157496,16.695928],[82.151016,16.693587],[82.155,16.704127],[82.161788,16.706166]],[[82.181563,16.709247],[82.181118,16.708028],[82.177078,16.709456],[82.181563,16.709247]],[[82.097608,16.711441],[82.096506,16.708525],[82.093845,16.710826],[82.097608,16.711441]],[[81.98943,16.702909],[81.985544,16.701308],[81.985891,16.703634],[81.98943,16.702909]],[[81.988291,16.712259],[81.983996,16.71312],[81.988965,16.71454],[81.988291,16.712259]],[[82.307445,16.713289],[82.300453,16.711462],[82.302219,16.714238],[82.307445,16.713289]],[[82.314605,16.725975],[82.314071,16.719723],[82.310074,16.719021],[82.309362,16.720346],[82.314605,16.725975]],[[82.197097,16.724373],[82.196813,16.723446],[82.192926,16.726162],[82.197097,16.724373]],[[81.758178,17.010527],[81.760871,17.002716],[81.752569,17.009196],[81.758178,17.010527]],[[81.753985,17.018699],[81.750906,17.013418],[81.748257,17.017723],[81.753985,17.018699]],[[81.734301,17.020458],[81.735335,17.02948],[81.746342,17.026119],[81.746495,17.018749],[81.734301,17.020458]],[[81.747745,17.027131],[81.740688,17.03244],[81.740936,17.033592],[81.749366,17.033869],[81.747745,17.027131]],[[81.762289,17.028141],[81.748891,17.036505],[81.740724,17.036816],[81.735282,17.061095],[81.751304,17.039642],[81.763452,17.03402],[81.762289,17.028141]],[[81.724667,17.07542],[81.72614,17.068205],[81.720603,17.065102],[81.720527,17.070696],[81.724667,17.07542]],[[81.712801,17.075752],[81.712609,17.071398],[81.707768,17.082096],[81.712801,17.075752]],[[81.709285,17.083379],[81.70908,17.08593],[81.71485,17.081698],[81.709285,17.083379]],[[81.727781,17.076494],[81.71603,17.097562],[81.723764,17.113328],[81.73402,17.09657],[81.727781,17.076494]],[[81.715877,17.088299],[81.712185,17.086903],[81.712225,17.091044],[81.715877,17.088299]],[[81.657981,17.250858],[81.665409,17.225581],[81.658093,17.188026],[81.641639,17.224429],[81.657981,17.250858]],[[81.664099,17.309917],[81.677903,17.296259],[81.660615,17.28236],[81.657833,17.305572],[81.664099,17.309917]],[[81.291252,17.525524],[81.290998,17.525204],[81.284355,17.530497],[81.291252,17.525524]],[[81.541401,16.355044],[81.546433,16.348961],[81.513487,16.350449],[81.520978,16.354292],[81.525424,16.350755],[81.541401,16.355044]],[[81.49179,16.352102],[81.477736,16.391211],[81.494731,16.370455],[81.512139,16.370549],[81.522913,16.381905],[81.545729,16.379777],[81.555263,16.351914],[81.540872,16.358737],[81.49179,16.352102]],[[80.969048,15.782423],[81.006349,15.757907],[80.954471,15.728017],[80.977286,15.741989],[80.977924,15.750152],[80.935401,15.719347],[80.872448,15.796411],[80.869268,15.821473],[80.876838,15.846271],[80.887469,15.849089],[80.900695,15.827384],[80.956845,15.79825],[80.969048,15.782423]],[[81.029614,15.764946],[81.02397,15.757997],[81.020588,15.757638],[81.020619,15.758254],[81.029614,15.764946]],[[80.895077,15.750932],[80.92529,15.722428],[80.838268,15.709014],[80.83448,15.739764],[80.862762,15.823779],[80.871488,15.786588],[80.895077,15.750932]],[[80.830766,15.737194],[80.824923,15.711964],[80.797511,15.743798],[80.782451,15.792279],[80.803211,15.743926],[80.830766,15.737194]],[[80.878894,15.782233],[80.878804,15.783947],[80.881953,15.782224],[80.878894,15.782233]],[[80.890387,15.765206],[80.890779,15.766318],[80.89121,15.766003],[80.890387,15.765206]],[[80.878559,15.84928],[80.888382,15.863644],[80.889221,15.857329],[80.878559,15.84928]],[[80.96702,15.795393],[80.964783,15.797814],[80.969285,15.795013],[80.96702,15.795393]],[[80.974402,15.780747],[80.972053,15.782215],[80.974171,15.78175],[80.974402,15.780747]],[[80.896458,15.88544],[80.894111,15.882749],[80.893639,15.884235],[80.896458,15.88544]],[[80.902486,15.911982],[80.903521,15.904709],[80.900603,15.901382],[80.899728,15.906067],[80.902486,15.911982]],[[80.905063,15.911667],[80.903247,15.922269],[80.908667,15.933268],[80.909526,15.926487],[80.905063,15.911667]],[[80.909067,15.921078],[80.91179,15.926605],[80.912142,15.923326],[80.909067,15.921078]],[[80.902292,15.935664],[80.901694,15.917638],[80.899559,15.91327],[80.895666,15.922161],[80.902292,15.935664]],[[80.903615,15.935496],[80.908021,15.93933],[80.906625,15.935382],[80.903615,15.935496]],[[80.903159,15.945724],[80.889397,15.989955],[80.908001,15.965171],[80.903159,15.945724]],[[80.893438,15.986666],[80.889143,16.012922],[80.890759,16.005116],[80.898534,15.995117],[80.893438,15.986666]],[[80.900022,15.9818],[80.898782,15.98849],[80.901634,15.993624],[80.909256,15.982283],[80.900022,15.9818]],[[80.886496,16.045151],[80.894749,16.037343],[80.886857,16.013422],[80.882921,16.022182],[80.886496,16.045151]],[[80.890774,16.043944],[80.890028,16.04505],[80.891454,16.04548],[80.890774,16.043944]],[[80.886302,16.088085],[80.887465,16.073522],[80.896917,16.061013],[80.893891,16.047511],[80.887888,16.048841],[80.890988,16.058322],[80.882106,16.083346],[80.886302,16.088085]],[[80.885723,16.090793],[80.876645,16.080538],[80.874272,16.103161],[80.869583,16.106142],[80.870098,16.11454],[80.862198,16.124352],[80.864125,16.133718],[80.870441,16.118674],[80.8814,16.115712],[80.885723,16.090793]],[[80.683554,16.439702],[80.684001,16.43787],[80.682835,16.437993],[80.683554,16.439702]],[[80.598048,16.506482],[80.588918,16.508412],[80.584445,16.513342],[80.598493,16.507717],[80.598048,16.506482]],[[80.577883,16.51323],[80.57926,16.511169],[80.57006,16.509445],[80.577883,16.51323]],[[80.563684,16.520823],[80.566566,16.530964],[80.593118,16.513705],[80.563684,16.520823]],[[80.555748,16.539449],[80.560859,16.517389],[80.54987,16.533229],[80.539028,16.543398],[80.555748,16.539449]],[[80.543514,16.536153],[80.549898,16.532263],[80.557219,16.520558],[80.548892,16.527254],[80.543514,16.536153]],[[80.559027,16.532585],[80.557012,16.538358],[80.56268,16.536094],[80.559027,16.532585]],[[80.542116,16.549943],[80.549986,16.546691],[80.549912,16.546309],[80.547294,16.546302],[80.542116,16.549943]],[[80.539411,16.554591],[80.539463,16.554271],[80.537091,16.555294],[80.539411,16.554591]],[[80.530011,16.562947],[80.530375,16.562063],[80.527464,16.561543],[80.530011,16.562947]],[[80.520822,16.564885],[80.519381,16.568385],[80.521398,16.570669],[80.520822,16.564885]],[[80.484893,16.564234],[80.470786,16.568789],[80.502306,16.579726],[80.519974,16.57112],[80.484893,16.564234]],[[80.456837,16.574856],[80.457459,16.574128],[80.455879,16.573709],[80.456837,16.574856]],[[80.41714,16.584593],[80.399827,16.565336],[80.364377,16.582711],[80.38791,16.585967],[80.41714,16.584593]],[[80.412747,16.58888],[80.413185,16.588581],[80.408698,16.587646],[80.412747,16.58888]],[[80.144586,16.690812],[80.144223,16.690271],[80.143477,16.693015],[80.144586,16.690812]],[[80.782438,15.837665],[80.791265,15.830836],[80.791362,15.823831],[80.789499,15.8244],[80.782438,15.837665]],[[80.790598,15.841463],[80.788859,15.837674],[80.786205,15.842461],[80.790598,15.841463]],[[80.780008,15.843546],[80.773105,15.861658],[80.775699,15.858024],[80.780008,15.843546]],[[80.787531,15.844881],[80.784026,15.852841],[80.785848,15.856566],[80.788053,15.854445],[80.787531,15.844881]],[[80.209278,15.499853],[80.210261,15.501467],[80.211835,15.499535],[80.209278,15.499853]],[[80.060139,15.199571],[80.0625,15.197151],[80.059397,15.199079],[80.060139,15.199571]],[[80.188069,14.590725],[80.188438,14.592728],[80.190165,14.591172],[80.188069,14.590725]],[[80.18567,14.579345],[80.191062,14.581492],[80.190725,14.579441],[80.18567,14.579345]],[[80.105263,14.253576],[80.10809,14.241785],[80.102003,14.243634],[80.105263,14.253576]],[[80.100405,14.234236],[80.09329,14.233341],[80.096693,14.241441],[80.100405,14.234236]],[[80.124462,14.068565],[80.12923,14.065328],[80.126186,14.06529],[80.124462,14.068565]],[[79.836752,13.87959],[79.835092,13.880495],[79.840637,13.880867],[79.836752,13.87959]],[[80.321535,13.435195],[80.322518,13.438373],[80.325076,13.435604],[80.321535,13.435195]],[[80.285164,13.452189],[80.286425,13.448514],[80.275851,13.455267],[80.285164,13.452189]],[[80.224431,13.49005],[80.227224,13.493888],[80.227863,13.492327],[80.224431,13.49005]],[[80.231621,13.494458],[80.234786,13.492631],[80.233913,13.490569],[80.231621,13.494458]],[[80.268011,13.509487],[80.265873,13.499412],[80.265033,13.519601],[80.268011,13.509487]],[[80.19457,13.519179],[80.196924,13.512879],[80.188694,13.515399],[80.19457,13.519179]],[[80.183606,13.532633],[80.1801,13.533845],[80.183779,13.535156],[80.183606,13.532633]],[[80.161586,13.606488],[80.167656,13.59014],[80.142452,13.544707],[80.140271,13.565674],[80.126886,13.584928],[80.158084,13.591113],[80.125124,13.601534],[80.126753,13.588597],[80.120737,13.605031],[80.138312,13.606642],[80.148706,13.618323],[80.161586,13.606488]],[[80.055087,13.586432],[80.052318,13.588555],[80.053074,13.589312],[80.055087,13.586432]],[[80.094886,13.636664],[80.091527,13.636553],[80.09626,13.641572],[80.094886,13.636664]],[[80.100331,13.639035],[80.106508,13.652951],[80.108274,13.647219],[80.100331,13.639035]],[[79.985364,12.245008],[79.98751,12.249972],[79.991652,12.250538],[79.990851,12.24889],[79.985364,12.245008]],[[79.751648,11.360994],[79.75603,11.361513],[79.754646,11.36013],[79.751648,11.360994]],[[79.83889,11.23634],[79.84203,11.234226],[79.841028,11.233177],[79.83889,11.23634]],[[79.823869,11.234418],[79.823731,11.234686],[79.826427,11.237199],[79.823869,11.234418]],[[79.844357,10.826477],[79.845572,10.825984],[79.845429,10.825655],[79.844357,10.826477]],[[79.706819,10.28817],[79.707943,10.286401],[79.706585,10.285301],[79.706819,10.28817]],[[79.700787,10.289312],[79.700804,10.288635],[79.697605,10.28866],[79.700787,10.289312]],[[79.694192,10.289461],[79.693481,10.290916],[79.693832,10.29132],[79.694192,10.289461]],[[79.692921,10.295506],[79.691259,10.293306],[79.688778,10.295072],[79.692921,10.295506]],[[79.685861,10.29533],[79.683792,10.29645],[79.684007,10.297937],[79.685861,10.29533]],[[79.607716,10.302318],[79.608992,10.301102],[79.605586,10.301978],[79.607716,10.302318]],[[79.71057,10.307435],[79.703893,10.303514],[79.698885,10.30911],[79.704977,10.306432],[79.71057,10.307435]],[[79.691739,10.304248],[79.688698,10.310029],[79.692444,10.308036],[79.691739,10.304248]],[[79.683461,10.307449],[79.682741,10.305429],[79.669787,10.306554],[79.683461,10.307449]],[[79.621964,10.305429],[79.620998,10.30587],[79.62371,10.308658],[79.621964,10.305429]],[[79.605471,10.30983],[79.60927,10.310709],[79.60988,10.309322],[79.605471,10.30983]],[[79.697681,10.311948],[79.688843,10.318453],[79.716419,10.315091],[79.697681,10.311948]],[[79.617491,10.308622],[79.621167,10.307657],[79.619884,10.306105],[79.617491,10.308622]],[[79.62835,10.306697],[79.628187,10.30797],[79.631435,10.308427],[79.62835,10.306697]],[[79.633103,10.330502],[79.627937,10.326036],[79.62818,10.330032],[79.633103,10.330502]],[[79.628801,10.341907],[79.628488,10.336949],[79.625114,10.338796],[79.628801,10.341907]],[[79.620974,10.299694],[79.629431,10.298543],[79.628171,10.297135],[79.620974,10.299694]],[[88.425375,21.90408],[88.420723,21.90408],[88.420661,21.904487],[88.425375,21.90408]]]}}
