{"type":"Feature","id":"iho.45","geometry_name":"the_geom","properties":{"name":"Aegean Sea","id":"28h","longitude":25.17461340306,"latitude":37.85235867512,"min_x":22.53159654165,"min_y":35.10948944128,"max_x":28.33056116127,"max_y":41.09132552156,"area":191305,"mrgid":3315},"geometry":{"type":"Polygon","coordinates":[[[25.114926,41.087719],[25.113622,41.091326],[25.111168,41.088093],[25.098964,41.084453],[25.09954,41.080452],[25.095749,41.078562],[25.090366,41.065848],[25.076593,41.050512],[25.075853,41.046702],[25.083176,41.040193],[25.080661,41.034566],[25.085312,41.024137],[25.088965,41.020941],[25.103677,41.015981],[25.135392,41.01225],[25.143653,41.00987],[25.137592,41.010676],[25.131424,41.007199],[25.119136,41.005504],[25.119449,41.004195],[25.124843,41.003705],[25.122854,41.00059],[25.114274,41.002822],[25.113283,41.006046],[25.112056,41.004238],[25.100622,41.006055],[25.081748,41.00623],[25.075707,41.00377],[25.068272,41.003727],[25.065245,41.001217],[25.056277,40.998458],[25.041839,40.989206],[25.029012,40.976609],[24.998475,40.960251],[24.996637,40.954495],[25.001084,40.950753],[24.997147,40.948531],[24.9967,40.943417],[24.988363,40.935806],[24.990773,40.933408],[24.989744,40.930012],[24.987444,40.931236],[24.982893,40.929194],[24.977116,40.930311],[24.975433,40.928339],[24.973111,40.929632],[24.969524,40.927884],[24.971417,40.931008],[24.96883,40.932528],[24.969137,40.929828],[24.96672,40.934279],[24.955894,40.932894],[24.914044,40.922366],[24.884545,40.911811],[24.866876,40.899803],[24.850115,40.884221],[24.824633,40.867767],[24.805879,40.848787],[24.804217,40.849121],[24.802937,40.85612],[24.796509,40.865555],[24.797473,40.861187],[24.801469,40.857005],[24.803365,40.84603],[24.797886,40.846731],[24.77784,40.85394],[24.770858,40.858129],[24.763055,40.859625],[24.754533,40.859393],[24.717038,40.851592],[24.68916,40.85409],[24.687079,40.855601],[24.687065,40.857613],[24.693864,40.856346],[24.696897,40.85798],[24.701772,40.856575],[24.702551,40.858179],[24.700483,40.861364],[24.706081,40.861644],[24.70587,40.864833],[24.70977,40.86617],[24.713138,40.86321],[24.717149,40.863374],[24.714008,40.868137],[24.709539,40.868796],[24.70558,40.865731],[24.702946,40.866297],[24.69941,40.864139],[24.698457,40.861896],[24.695548,40.866244],[24.671694,40.873575],[24.654465,40.871751],[24.646271,40.868383],[24.635754,40.8608],[24.626726,40.857831],[24.625637,40.862771],[24.627534,40.861636],[24.628201,40.862812],[24.616755,40.876278],[24.616735,40.879024],[24.609633,40.888386],[24.583277,40.907758],[24.572584,40.920084],[24.566343,40.928915],[24.563854,40.937571],[24.557947,40.9422],[24.555684,40.950884],[24.539357,40.957031],[24.510838,40.959315],[24.503389,40.953301],[24.501201,40.955617],[24.497056,40.956401],[24.483884,40.953828],[24.480657,40.948571],[24.477702,40.952727],[24.470682,40.95126],[24.46957,40.949175],[24.472208,40.94572],[24.47085,40.942272],[24.467574,40.944264],[24.4654,40.942831],[24.461903,40.944002],[24.459354,40.941399],[24.454224,40.945324],[24.453317,40.943439],[24.450635,40.94313],[24.445216,40.946291],[24.429813,40.944433],[24.427329,40.942662],[24.427347,40.93822],[24.424881,40.935311],[24.418792,40.936335],[24.41884,40.933455],[24.414365,40.929375],[24.411739,40.930802],[24.410869,40.934961],[24.406632,40.932749],[24.398796,40.934623],[24.395148,40.933758],[24.391969,40.928865],[24.394688,40.92668],[24.391261,40.924784],[24.390772,40.920564],[24.384986,40.921149],[24.382282,40.918707],[24.384385,40.914095],[24.37847,40.91375],[24.379845,40.909414],[24.374092,40.907225],[24.367538,40.908026],[24.367603,40.904166],[24.364208,40.90402],[24.360655,40.898485],[24.354482,40.90247],[24.349273,40.902131],[24.343198,40.899443],[24.335954,40.894064],[24.335817,40.890468],[24.332312,40.886877],[24.333983,40.885004],[24.331143,40.880901],[24.321534,40.882792],[24.316322,40.876234],[24.315042,40.870538],[24.315929,40.867206],[24.318435,40.867267],[24.321701,40.864548],[24.324808,40.864993],[24.333773,40.859677],[24.338056,40.858886],[24.33499,40.854016],[24.331633,40.854139],[24.331448,40.843012],[24.32661,40.842932],[24.320256,40.846766],[24.319799,40.849821],[24.316224,40.850687],[24.31539,40.848798],[24.312575,40.849523],[24.309275,40.846515],[24.305975,40.838851],[24.305975,40.829126],[24.313804,40.823131],[24.319948,40.824931],[24.324192,40.82391],[24.332146,40.829509],[24.33504,40.826387],[24.34047,40.82661],[24.340277,40.825275],[24.334986,40.824603],[24.329027,40.820942],[24.323242,40.823217],[24.32239,40.818458],[24.31996,40.818248],[24.31714,40.82081],[24.315249,40.81583],[24.308052,40.817881],[24.287551,40.810794],[24.285406,40.808135],[24.280792,40.808754],[24.274919,40.803019],[24.267501,40.802],[24.235937,40.788439],[24.225811,40.780593],[24.219161,40.778628],[24.21263,40.7744],[24.201391,40.772696],[24.179806,40.761413],[24.14571,40.739301],[24.143306,40.739813],[24.136627,40.735687],[24.121648,40.734293],[24.114027,40.731943],[24.089427,40.721851],[24.078979,40.721489],[24.074634,40.719067],[24.067488,40.717924],[24.065522,40.719963],[24.05945,40.719978],[24.054718,40.717986],[24.051177,40.719233],[24.045923,40.718434],[24.041614,40.721508],[24.025182,40.726966],[24.01619,40.727893],[24.008507,40.730997],[24.001565,40.730132],[23.963316,40.739986],[23.939422,40.750042],[23.911554,40.756627],[23.905923,40.759276],[23.895704,40.767549],[23.881405,40.77219],[23.868985,40.779525],[23.860693,40.777497],[23.856609,40.778175],[23.857379,40.780615],[23.861641,40.7811],[23.861173,40.783584],[23.854656,40.782159],[23.847695,40.785776],[23.838381,40.783377],[23.834619,40.783863],[23.820475,40.777948],[23.816456,40.778839],[23.801711,40.77336],[23.784059,40.769966],[23.761744,40.75545],[23.744032,40.756942],[23.730162,40.746554],[23.712571,40.724192],[23.699148,40.700438],[23.693958,40.681134],[23.693186,40.672579],[23.695368,40.667442],[23.710159,40.663291],[23.715451,40.6639],[23.729597,40.65836],[23.734657,40.658796],[23.737332,40.656412],[23.741709,40.655711],[23.747445,40.648628],[23.74894,40.642143],[23.752829,40.639474],[23.753935,40.636515],[23.763201,40.632835],[23.767788,40.629117],[23.769369,40.624337],[23.780566,40.615399],[23.780884,40.599601],[23.784153,40.592378],[23.787527,40.591011],[23.788746,40.592862],[23.791726,40.591011],[23.796754,40.593197],[23.797803,40.591604],[23.795411,40.588242],[23.797117,40.584893],[23.803038,40.579977],[23.810292,40.581431],[23.812925,40.579029],[23.819671,40.580506],[23.822221,40.575369],[23.820212,40.572336],[23.825587,40.56747],[23.829006,40.560645],[23.833556,40.557149],[23.84193,40.557158],[23.84396,40.558797],[23.847137,40.557555],[23.852215,40.560511],[23.857316,40.559402],[23.862098,40.555778],[23.86752,40.557551],[23.873017,40.554151],[23.881138,40.551972],[23.882946,40.553274],[23.88184,40.553986],[23.883211,40.559384],[23.889728,40.556911],[23.891633,40.554387],[23.897277,40.553521],[23.894039,40.55162],[23.893128,40.546659],[23.898873,40.543394],[23.899715,40.540847],[23.903805,40.538558],[23.906566,40.539648],[23.908564,40.535841],[23.915613,40.535836],[23.920137,40.533396],[23.917018,40.531547],[23.917549,40.529018],[23.915634,40.526317],[23.912258,40.52634],[23.911525,40.523456],[23.908988,40.525671],[23.907582,40.52307],[23.9046,40.524274],[23.903323,40.522416],[23.900876,40.523079],[23.899256,40.520591],[23.894821,40.51898],[23.891714,40.520076],[23.887425,40.518566],[23.884451,40.520244],[23.882537,40.517654],[23.853886,40.519499],[23.835563,40.518497],[23.833585,40.516198],[23.830357,40.515898],[23.827336,40.508115],[23.823809,40.506976],[23.82313,40.502954],[23.825558,40.497857],[23.823381,40.495928],[23.819811,40.484967],[23.8237,40.469437],[23.831502,40.450613],[23.836626,40.441829],[23.843957,40.439198],[23.847154,40.440706],[23.853144,40.434086],[23.850336,40.429688],[23.851146,40.427852],[23.864709,40.412798],[23.886754,40.396232],[23.89225,40.393792],[23.904989,40.392662],[23.9304,40.38064],[23.93324,40.382496],[23.935933,40.381474],[23.939314,40.382779],[23.947861,40.379255],[23.951875,40.381119],[23.955043,40.38013],[23.955863,40.381633],[23.958533,40.380055],[23.960404,40.383562],[23.965327,40.377338],[23.971365,40.376766],[23.999655,40.382479],[24.006003,40.384968],[24.01082,40.389554],[24.011211,40.392012],[24.003468,40.404219],[24.003441,40.408365],[24.000326,40.411255],[23.997453,40.419208],[23.998575,40.421903],[23.997428,40.423688],[23.999347,40.425868],[23.996462,40.432124],[24.001504,40.433868],[24.001982,40.43605],[23.997152,40.439447],[23.993953,40.43802],[23.993449,40.442714],[23.995398,40.444251],[23.999918,40.443612],[24.001392,40.445869],[23.999529,40.446507],[24.000135,40.448306],[24.007666,40.451612],[24.01198,40.449379],[24.010755,40.447894],[24.012525,40.445347],[24.011545,40.439644],[24.020367,40.434442],[24.019986,40.431819],[24.022089,40.428219],[24.020012,40.424795],[24.024234,40.419272],[24.024006,40.415259],[24.025995,40.410992],[24.030814,40.411084],[24.029128,40.406744],[24.033172,40.40443],[24.031137,40.400468],[24.034314,40.398073],[24.043526,40.396639],[24.042719,40.393493],[24.04754,40.392099],[24.048756,40.385101],[24.053321,40.384483],[24.054826,40.378677],[24.060148,40.377983],[24.060104,40.375419],[24.066001,40.36755],[24.075272,40.364203],[24.078543,40.366318],[24.085412,40.363897],[24.090118,40.366594],[24.092827,40.364311],[24.096253,40.364654],[24.098984,40.361087],[24.10299,40.359704],[24.118263,40.359322],[24.120546,40.362014],[24.125913,40.361575],[24.138218,40.353876],[24.14578,40.352724],[24.15229,40.354993],[24.154914,40.358784],[24.162655,40.355908],[24.170334,40.350771],[24.184247,40.348585],[24.19271,40.342082],[24.194186,40.337167],[24.19031,40.337181],[24.190884,40.332147],[24.187754,40.328004],[24.189297,40.323269],[24.194916,40.319474],[24.200977,40.316574],[24.204677,40.317347],[24.211412,40.315357],[24.215095,40.318861],[24.229902,40.318311],[24.247942,40.309778],[24.254747,40.295474],[24.270735,40.28906],[24.26731,40.285756],[24.266352,40.28067],[24.267727,40.27749],[24.27189,40.276571],[24.275078,40.270211],[24.27895,40.267775],[24.278938,40.258067],[24.288707,40.244475],[24.291127,40.2453],[24.294655,40.241367],[24.30255,40.238865],[24.306709,40.235416],[24.307027,40.233402],[24.309869,40.233376],[24.322385,40.223676],[24.329811,40.22207],[24.337317,40.21592],[24.337204,40.214599],[24.338501,40.214985],[24.340727,40.211408],[24.340042,40.207284],[24.341664,40.205891],[24.348394,40.205907],[24.350959,40.202887],[24.37495,40.192667],[24.374908,40.18943],[24.381463,40.18617],[24.385941,40.181267],[24.386383,40.176866],[24.387931,40.175939],[24.386034,40.173205],[24.389518,40.172094],[24.395656,40.162498],[24.394897,40.156889],[24.398011,40.155099],[24.397313,40.144759],[24.399614,40.141781],[24.398102,40.139628],[24.393142,40.137035],[24.386822,40.13891],[24.37426,40.132283],[24.370955,40.134401],[24.363236,40.132857],[24.360023,40.130989],[24.359198,40.128262],[24.354226,40.126525],[24.352956,40.129031],[24.348791,40.126541],[24.339958,40.127303],[24.339766,40.124784],[24.336727,40.125495],[24.3346,40.12258],[24.3312,40.121269],[24.330766,40.118407],[24.329417,40.120518],[24.322039,40.12],[24.314027,40.11527],[24.310101,40.116392],[24.304916,40.114048],[24.301254,40.115542],[24.296788,40.121944],[24.288626,40.127578],[24.292013,40.134673],[24.290902,40.142587],[24.288909,40.14691],[24.283765,40.151306],[24.283596,40.156162],[24.279978,40.162771],[24.274353,40.165596],[24.273253,40.167953],[24.263159,40.171347],[24.257265,40.176897],[24.255687,40.180443],[24.251094,40.181261],[24.247149,40.185705],[24.231654,40.187404],[24.224306,40.193018],[24.21883,40.199092],[24.217616,40.202922],[24.222685,40.216106],[24.221793,40.218844],[24.21679,40.224634],[24.20066,40.235752],[24.199507,40.238507],[24.193182,40.24053],[24.185992,40.247744],[24.183051,40.253906],[24.177576,40.25763],[24.163827,40.279152],[24.155286,40.283726],[24.149279,40.285088],[24.132715,40.284939],[24.121257,40.288994],[24.104327,40.288966],[24.089661,40.286338],[24.082384,40.288435],[24.079106,40.287691],[24.078273,40.28979],[24.075624,40.290707],[24.059272,40.294008],[24.047428,40.291646],[24.039675,40.292494],[24.039061,40.294461],[24.035337,40.29413],[24.020751,40.301028],[24.012844,40.306666],[24.01048,40.310578],[23.998427,40.315199],[23.989792,40.322325],[23.980285,40.324249],[23.978253,40.328892],[23.972787,40.332217],[23.962048,40.347607],[23.920351,40.364448],[23.903631,40.365178],[23.889262,40.360024],[23.879048,40.365738],[23.866144,40.369208],[23.849646,40.369635],[23.82961,40.364603],[23.817902,40.357859],[23.808764,40.355263],[23.782543,40.336463],[23.767963,40.345794],[23.761607,40.345288],[23.75004,40.349975],[23.746948,40.349517],[23.7405,40.353003],[23.734641,40.353204],[23.729783,40.34963],[23.729511,40.346386],[23.726782,40.344265],[23.726901,40.340877],[23.72963,40.338282],[23.728133,40.333472],[23.725467,40.331724],[23.720518,40.335252],[23.717864,40.333272],[23.715236,40.334276],[23.71401,40.332289],[23.712189,40.33415],[23.707932,40.333764],[23.705809,40.330009],[23.707782,40.325946],[23.703614,40.32624],[23.702339,40.322087],[23.698726,40.319631],[23.699574,40.315475],[23.696244,40.310215],[23.695063,40.304826],[23.696383,40.298632],[23.694021,40.286021],[23.697366,40.28282],[23.698564,40.275873],[23.701904,40.273966],[23.70893,40.258076],[23.715595,40.255547],[23.718955,40.252114],[23.72499,40.252259],[23.72218,40.249711],[23.723947,40.243172],[23.727488,40.238999],[23.731797,40.237065],[23.733335,40.235157],[23.732365,40.233902],[23.736717,40.230072],[23.741179,40.231349],[23.738549,40.236091],[23.741106,40.236118],[23.741889,40.239135],[23.748381,40.237309],[23.745622,40.230981],[23.747528,40.228871],[23.747276,40.226265],[23.750429,40.224437],[23.753346,40.225954],[23.756574,40.225184],[23.757675,40.231724],[23.761152,40.229902],[23.760018,40.223933],[23.761739,40.220928],[23.761024,40.217021],[23.758889,40.216125],[23.759022,40.21299],[23.764385,40.208494],[23.765532,40.205592],[23.76359,40.203966],[23.766721,40.198717],[23.769417,40.199614],[23.76861,40.203056],[23.77068,40.202403],[23.770585,40.198242],[23.773295,40.194014],[23.780288,40.189185],[23.784961,40.188119],[23.800307,40.188646],[23.803703,40.191412],[23.802898,40.195182],[23.808706,40.193014],[23.811026,40.194024],[23.810493,40.191682],[23.81627,40.19073],[23.824765,40.180457],[23.851704,40.174651],[23.853739,40.172739],[23.863711,40.172364],[23.86477,40.170768],[23.877699,40.167463],[23.886013,40.167489],[23.888731,40.163082],[23.894714,40.162551],[23.896635,40.159903],[23.903021,40.160382],[23.912053,40.157409],[23.915264,40.157837],[23.916741,40.153168],[23.919462,40.153366],[23.924226,40.148621],[23.9294,40.1475],[23.931905,40.141628],[23.935563,40.13798],[23.950791,40.133886],[23.966276,40.127186],[23.975843,40.126009],[23.978962,40.123178],[23.98016,40.116982],[23.993786,40.112825],[23.991398,40.109154],[23.996828,40.108532],[23.997508,40.106349],[23.994613,40.106711],[23.993501,40.105025],[23.989149,40.105711],[23.988533,40.102014],[23.985542,40.103485],[23.983057,40.102548],[23.981631,40.099877],[23.98257,40.098063],[23.979592,40.093563],[23.979227,40.085603],[23.981741,40.078125],[23.986624,40.074946],[23.991447,40.075068],[23.995523,40.072363],[23.994555,40.07073],[23.997216,40.07083],[24.003276,40.065006],[24.008698,40.058125],[24.007109,40.056971],[24.004321,40.058164],[24.008528,40.053165],[24.000726,40.052969],[23.998477,40.051789],[23.997517,40.048885],[23.991452,40.050653],[23.98908,40.047022],[23.986724,40.046713],[23.985908,40.041453],[23.988524,40.036488],[23.990841,40.035746],[23.996697,40.035028],[24.001202,40.03789],[24.009496,40.033806],[24.013709,40.038542],[24.018044,40.037072],[24.016439,40.033986],[24.019285,40.034443],[24.02033,40.030015],[24.016831,40.025587],[24.019875,40.02258],[24.022064,40.023419],[24.022899,40.016741],[24.019006,40.012359],[24.021334,40.00809],[24.01387,40.002374],[24.01452,40.001188],[24.012725,39.999086],[24.008952,39.997208],[24.009087,40.000129],[24.004788,39.998621],[24.002043,40.000608],[24.00045,39.998322],[24.00251,39.995655],[23.996478,39.996797],[23.996845,39.993428],[24.00007,39.988688],[23.997119,39.988413],[23.996541,39.990762],[23.994695,39.989427],[23.99152,39.990074],[23.99003,39.986361],[23.986874,39.985333],[23.986801,39.982997],[23.993575,39.979968],[23.992822,39.977304],[24.000081,39.975394],[24.001483,39.970908],[23.994325,39.969707],[23.993582,39.967154],[23.988127,39.967008],[23.982571,39.964502],[23.967732,39.964107],[23.96862,39.9628],[23.978248,39.96117],[23.977371,39.958264],[23.978692,39.957604],[23.990782,39.959857],[23.993302,39.956869],[23.996465,39.956828],[23.995455,39.951863],[23.991702,39.949983],[23.992613,39.94785],[23.987846,39.948778],[23.987921,39.94671],[23.98567,39.945387],[23.978721,39.944821],[23.961918,39.947441],[23.957561,39.945789],[23.959281,39.942961],[23.952917,39.942983],[23.95007,39.93741],[23.942101,39.93741],[23.937011,39.939358],[23.933266,39.938418],[23.932443,39.936427],[23.928489,39.935957],[23.93075,39.940645],[23.934392,39.941519],[23.933985,39.945317],[23.918374,39.94765],[23.919251,39.953182],[23.916514,39.957807],[23.921596,39.959757],[23.926443,39.958822],[23.925927,39.964376],[23.917713,39.970431],[23.916509,39.969509],[23.920363,39.962772],[23.918116,39.960962],[23.909649,39.962026],[23.9086,39.958407],[23.901545,39.960009],[23.901803,39.966286],[23.898448,39.969995],[23.901091,39.972155],[23.898764,39.97452],[23.900286,39.977906],[23.902398,39.976613],[23.904446,39.978126],[23.903975,39.982193],[23.899522,39.987416],[23.891089,39.990487],[23.891508,39.99411],[23.871948,39.99555],[23.871831,39.996914],[23.866348,39.999849],[23.869588,40.00319],[23.86793,40.007118],[23.864445,40.006996],[23.863651,40.013031],[23.857756,40.013159],[23.853772,40.017315],[23.849465,40.017814],[23.849034,40.015806],[23.837647,40.023401],[23.833014,40.023322],[23.832487,40.020947],[23.826352,40.022633],[23.829969,40.01845],[23.82838,40.015481],[23.825323,40.016632],[23.823474,40.014976],[23.822899,40.019127],[23.819839,40.019184],[23.818093,40.021806],[23.815033,40.022806],[23.812891,40.025618],[23.81345,40.027552],[23.810558,40.029605],[23.812349,40.032778],[23.807842,40.037022],[23.812597,40.037974],[23.812434,40.043177],[23.807261,40.043573],[23.808735,40.045093],[23.805886,40.048934],[23.8036,40.049539],[23.80153,40.047458],[23.797071,40.053163],[23.790683,40.056122],[23.793721,40.058245],[23.788666,40.061751],[23.789978,40.064118],[23.786798,40.064769],[23.785617,40.066606],[23.78941,40.068587],[23.787266,40.070015],[23.788764,40.071174],[23.787002,40.073216],[23.791466,40.075149],[23.791982,40.088797],[23.791173,40.090404],[23.786241,40.09076],[23.783704,40.09393],[23.78058,40.091885],[23.772665,40.095559],[23.775372,40.099537],[23.775666,40.105143],[23.772998,40.107464],[23.77493,40.10945],[23.772615,40.117282],[23.766851,40.120505],[23.762432,40.128159],[23.75843,40.131035],[23.745026,40.135441],[23.741194,40.138288],[23.740106,40.14123],[23.732843,40.141805],[23.733305,40.145704],[23.730851,40.148533],[23.725058,40.164928],[23.718644,40.16993],[23.717834,40.172622],[23.716087,40.172743],[23.71479,40.177267],[23.710626,40.178291],[23.709824,40.181849],[23.704393,40.183873],[23.697039,40.19226],[23.69163,40.192262],[23.688417,40.190153],[23.685659,40.191162],[23.686166,40.193464],[23.682719,40.195827],[23.678074,40.196225],[23.679298,40.201051],[23.676463,40.207054],[23.665648,40.216617],[23.654837,40.223154],[23.650772,40.224859],[23.615336,40.228723],[23.583956,40.225327],[23.581088,40.227657],[23.575304,40.227582],[23.572758,40.229725],[23.551339,40.23722],[23.541323,40.235004],[23.530592,40.236264],[23.508669,40.250762],[23.504907,40.250837],[23.495722,40.259237],[23.474471,40.259208],[23.471287,40.261378],[23.460787,40.261686],[23.456502,40.265578],[23.450961,40.265736],[23.44485,40.269622],[23.439675,40.269168],[23.431648,40.273266],[23.428842,40.276454],[23.401796,40.27931],[23.388659,40.274524],[23.384155,40.271369],[23.353492,40.243523],[23.341403,40.229742],[23.33122,40.211718],[23.330077,40.202178],[23.331221,40.198469],[23.335924,40.192148],[23.348231,40.18122],[23.349769,40.168417],[23.354875,40.156025],[23.361459,40.14796],[23.375967,40.139845],[23.388114,40.138182],[23.395514,40.140719],[23.39913,40.135985],[23.417909,40.125914],[23.43162,40.108323],[23.440859,40.10031],[23.444458,40.086337],[23.453735,40.070677],[23.458194,40.068846],[23.470502,40.051149],[23.494381,40.033656],[23.514324,40.02349],[23.537677,40.015023],[23.543002,40.014887],[23.549039,40.011508],[23.593445,39.995844],[23.63889,39.983288],[23.667047,39.981554],[23.67179,39.974407],[23.675141,39.973289],[23.677266,39.975054],[23.680439,39.971951],[23.680373,39.968018],[23.676375,39.965261],[23.67616,39.962064],[23.679586,39.95806],[23.683668,39.960325],[23.685531,39.958565],[23.684901,39.953021],[23.687657,39.946797],[23.687062,39.940984],[23.691484,39.934002],[23.696321,39.930842],[23.706986,39.928322],[23.727429,39.932978],[23.738741,39.930384],[23.74151,39.93173],[23.7398,39.933013],[23.740284,39.934489],[23.745137,39.934581],[23.746971,39.931774],[23.746267,39.928047],[23.750953,39.921644],[23.748539,39.920568],[23.750977,39.915363],[23.744306,39.915066],[23.739429,39.913042],[23.730481,39.913835],[23.723935,39.910062],[23.714107,39.907676],[23.698008,39.910527],[23.690596,39.915316],[23.683365,39.916776],[23.661524,39.915666],[23.655411,39.913745],[23.649948,39.915108],[23.644626,39.914156],[23.622237,39.918877],[23.592814,39.920814],[23.578001,39.931453],[23.569949,39.932401],[23.562877,39.931242],[23.539295,39.942493],[23.51419,39.951223],[23.494155,39.961187],[23.479914,39.965152],[23.47794,39.966946],[23.463854,39.969558],[23.439171,39.969379],[23.427345,39.965559],[23.417176,39.959627],[23.392759,39.959326],[23.379933,39.96271],[23.370701,39.960325],[23.356619,39.953458],[23.359506,39.960529],[23.376116,39.982951],[23.381958,39.996842],[23.381873,40.001125],[23.380111,40.006692],[23.375603,40.010107],[23.37284,40.015831],[23.362402,40.023851],[23.358475,40.038105],[23.351922,40.041728],[23.34791,40.04988],[23.342338,40.053673],[23.340646,40.065187],[23.338321,40.068507],[23.331988,40.0729],[23.324113,40.07372],[23.313991,40.078125],[23.307993,40.087693],[23.310335,40.092246],[23.310389,40.097245],[23.304304,40.099997],[23.310053,40.106119],[23.323099,40.129155],[23.323011,40.131929],[23.316998,40.140827],[23.317393,40.147323],[23.326717,40.178262],[23.325256,40.192663],[23.320936,40.196878],[23.317187,40.217214],[23.310204,40.225345],[23.294855,40.235521],[23.277708,40.238868],[23.258646,40.247353],[23.242058,40.250792],[23.23392,40.249377],[23.22194,40.255774],[23.204338,40.257843],[23.196052,40.256902],[23.185584,40.263884],[23.182898,40.267742],[23.178566,40.269589],[23.163699,40.272571],[23.140437,40.274475],[23.131827,40.284177],[23.120984,40.291761],[23.117287,40.292033],[23.101574,40.298877],[23.085095,40.301088],[23.081069,40.304938],[23.069515,40.308396],[23.058166,40.309619],[23.040073,40.318299],[23.019995,40.32433],[23.01795,40.327842],[23.019801,40.335818],[23.011212,40.347199],[22.995358,40.354982],[22.990177,40.363858],[22.984291,40.367342],[22.969092,40.37081],[22.959142,40.37115],[22.951197,40.379533],[22.937496,40.381889],[22.910988,40.380272],[22.889359,40.374111],[22.895649,40.383614],[22.910605,40.390316],[22.906988,40.391694],[22.906529,40.389989],[22.899054,40.387808],[22.89619,40.384978],[22.903785,40.395808],[22.903091,40.397978],[22.900036,40.399119],[22.89684,40.406456],[22.890826,40.408646],[22.887187,40.41554],[22.886972,40.419503],[22.881991,40.426024],[22.866005,40.431979],[22.862568,40.438787],[22.865764,40.444121],[22.863601,40.451354],[22.861421,40.456947],[22.854144,40.467052],[22.845557,40.471197],[22.832293,40.47476],[22.817648,40.475423],[22.814724,40.47906],[22.814637,40.480928],[22.816736,40.482561],[22.817741,40.496094],[22.816711,40.501637],[22.823288,40.50565],[22.837011,40.507229],[22.846127,40.506388],[22.863973,40.500865],[22.897599,40.502729],[22.937498,40.513212],[22.961349,40.525695],[22.964962,40.528007],[22.965157,40.530855],[22.96912,40.531409],[22.976331,40.53613],[22.979774,40.542227],[22.978363,40.543667],[22.981395,40.548642],[22.980458,40.552363],[22.972309,40.558555],[22.961414,40.561981],[22.951648,40.571549],[22.947878,40.570801],[22.943198,40.574379],[22.941984,40.577375],[22.936651,40.578001],[22.93571,40.579356],[22.936409,40.584523],[22.939759,40.589311],[22.946973,40.592766],[22.94821,40.595833],[22.946565,40.59804],[22.949769,40.601977],[22.949095,40.608714],[22.950758,40.610903],[22.951813,40.618274],[22.951832,40.621256],[22.947814,40.624265],[22.947847,40.626798],[22.941749,40.631138],[22.935352,40.630716],[22.932916,40.63405],[22.925241,40.634692],[22.92316,40.6367],[22.923872,40.63445],[22.921556,40.634505],[22.919218,40.63727],[22.918878,40.634254],[22.91349,40.636098],[22.91371,40.632875],[22.910054,40.634169],[22.905434,40.632956],[22.904324,40.637612],[22.900951,40.642348],[22.896092,40.644013],[22.890627,40.643158],[22.888875,40.644798],[22.888045,40.641818],[22.871558,40.633466],[22.868942,40.63502],[22.863843,40.633343],[22.859832,40.629237],[22.862377,40.627118],[22.858814,40.625516],[22.854183,40.624803],[22.847793,40.627358],[22.838459,40.622455],[22.840707,40.627744],[22.831433,40.631202],[22.829615,40.629203],[22.830712,40.623252],[22.835282,40.617203],[22.838874,40.615507],[22.85784,40.613992],[22.857313,40.597455],[22.855562,40.591591],[22.833625,40.578618],[22.827477,40.579216],[22.825712,40.577121],[22.805476,40.568513],[22.811141,40.569271],[22.813623,40.567119],[22.81175,40.564835],[22.803019,40.563051],[22.799386,40.560493],[22.795053,40.561023],[22.797002,40.56444],[22.790418,40.56369],[22.791262,40.562343],[22.789686,40.561863],[22.78576,40.563323],[22.782553,40.567019],[22.774706,40.569399],[22.741687,40.557917],[22.742874,40.54979],[22.753357,40.536421],[22.748838,40.536882],[22.748535,40.53983],[22.746015,40.541228],[22.743471,40.538853],[22.745208,40.536399],[22.74319,40.538044],[22.739965,40.537918],[22.735774,40.535717],[22.739981,40.532369],[22.74316,40.53296],[22.742616,40.531203],[22.738832,40.531567],[22.738706,40.529926],[22.742929,40.525151],[22.748709,40.523484],[22.752869,40.517616],[22.752201,40.514498],[22.747926,40.521029],[22.745889,40.520132],[22.736547,40.522865],[22.735722,40.520101],[22.740928,40.513602],[22.737594,40.511823],[22.736657,40.506163],[22.734198,40.505339],[22.731094,40.506046],[22.732836,40.509201],[22.730128,40.512185],[22.725538,40.512643],[22.724538,40.516389],[22.722264,40.516442],[22.721671,40.515121],[22.725006,40.512431],[22.722717,40.510805],[22.72296,40.508261],[22.727938,40.501534],[22.726495,40.500325],[22.724465,40.502489],[22.723204,40.501169],[22.721026,40.503034],[22.720616,40.498866],[22.718474,40.500689],[22.715851,40.500506],[22.709937,40.506545],[22.703977,40.519849],[22.700195,40.519794],[22.696362,40.517584],[22.695537,40.519772],[22.692721,40.518251],[22.688455,40.522219],[22.689372,40.524602],[22.692478,40.525401],[22.692475,40.527184],[22.683491,40.527179],[22.681497,40.529504],[22.67093,40.525526],[22.667379,40.5265],[22.661643,40.525017],[22.659799,40.522313],[22.655655,40.522912],[22.65272,40.521336],[22.656522,40.521591],[22.657306,40.519999],[22.653664,40.518296],[22.655049,40.513268],[22.652614,40.508696],[22.660862,40.492548],[22.670208,40.488153],[22.669075,40.486663],[22.657642,40.486285],[22.654946,40.485033],[22.655247,40.481441],[22.648649,40.478943],[22.653931,40.476746],[22.658917,40.470575],[22.658311,40.468913],[22.65527,40.470025],[22.655855,40.466928],[22.652264,40.467502],[22.652838,40.469103],[22.646845,40.473627],[22.646024,40.47034],[22.638433,40.475398],[22.630665,40.472416],[22.629549,40.473958],[22.625779,40.473799],[22.618707,40.481529],[22.613658,40.476398],[22.613609,40.472184],[22.60833,40.472649],[22.601536,40.475703],[22.591278,40.469908],[22.586434,40.461673],[22.588233,40.456767],[22.597461,40.452132],[22.607171,40.442045],[22.605658,40.436318],[22.606227,40.425874],[22.611418,40.418968],[22.611503,40.407223],[22.618345,40.400589],[22.619795,40.387188],[22.628538,40.379818],[22.624423,40.376966],[22.626155,40.376199],[22.630854,40.378021],[22.645174,40.370334],[22.653636,40.368545],[22.66058,40.364071],[22.661113,40.362106],[22.659483,40.362189],[22.660661,40.36004],[22.659093,40.354273],[22.64255,40.338477],[22.642897,40.336298],[22.639267,40.33462],[22.6286,40.319614],[22.624672,40.316518],[22.613996,40.299284],[22.612131,40.293762],[22.603579,40.28215],[22.597317,40.263264],[22.597516,40.259568],[22.59126,40.249432],[22.585418,40.229825],[22.582466,40.225564],[22.585167,40.225026],[22.587609,40.215973],[22.590942,40.212194],[22.590602,40.209032],[22.559851,40.179703],[22.549732,40.158377],[22.550013,40.155287],[22.54816,40.154643],[22.549564,40.153828],[22.547869,40.143857],[22.551825,40.131489],[22.560086,40.108982],[22.565587,40.100261],[22.568829,40.098181],[22.567297,40.069064],[22.569115,40.060983],[22.574254,40.050809],[22.584351,40.042778],[22.587352,40.038087],[22.59262,40.014897],[22.594926,40.011302],[22.613963,39.997862],[22.630606,39.990249],[22.636605,39.98367],[22.680082,39.968432],[22.709568,39.952353],[22.7137,39.942452],[22.718453,39.935673],[22.715974,39.934451],[22.717019,39.932407],[22.712358,39.924529],[22.711323,39.918592],[22.712328,39.911731],[22.736233,39.868497],[22.741445,39.865828],[22.747432,39.865783],[22.750413,39.86238],[22.753884,39.862476],[22.76485,39.856493],[22.770368,39.855183],[22.771757,39.852545],[22.776264,39.850923],[22.782945,39.841624],[22.798529,39.834032],[22.806441,39.821336],[22.813229,39.81648],[22.820521,39.815338],[22.824222,39.811143],[22.85332,39.799823],[22.852518,39.797349],[22.855878,39.791111],[22.85964,39.775588],[22.860743,39.76004],[22.867526,39.726563],[22.886009,39.683805],[22.891477,39.679602],[22.889514,39.6776],[22.889717,39.674466],[22.891479,39.671975],[22.891736,39.666082],[22.894277,39.664763],[22.894274,39.654767],[22.897821,39.649393],[22.897933,39.643248],[22.899574,39.640112],[22.905353,39.637133],[22.904944,39.625829],[22.908306,39.621232],[22.908962,39.614508],[22.915583,39.609375],[22.916036,39.603387],[22.920242,39.601123],[22.920566,39.597902],[22.925823,39.590273],[22.924549,39.588745],[22.927665,39.587376],[22.92867,39.583643],[22.933387,39.580814],[22.935364,39.574664],[22.945493,39.572838],[22.967456,39.561159],[22.975485,39.561259],[22.977818,39.555212],[22.984836,39.549827],[22.990703,39.551289],[22.996523,39.549441],[22.999771,39.551433],[23.004015,39.55106],[23.0064,39.549364],[23.004837,39.546859],[23.005456,39.544894],[23.010708,39.542711],[23.010422,39.539459],[23.014618,39.535518],[23.01405,39.532968],[23.02059,39.528766],[23.035962,39.527406],[23.050259,39.528155],[23.054433,39.526036],[23.055051,39.521851],[23.066266,39.51798],[23.07063,39.512694],[23.077131,39.510606],[23.080323,39.507516],[23.096254,39.499831],[23.099387,39.496407],[23.099955,39.491245],[23.104212,39.488014],[23.104183,39.485331],[23.108729,39.480062],[23.115196,39.464132],[23.121228,39.454659],[23.13398,39.448316],[23.136379,39.441852],[23.152473,39.431521],[23.155453,39.428077],[23.156438,39.423077],[23.161432,39.420931],[23.160891,39.418151],[23.166992,39.414472],[23.169715,39.408573],[23.182014,39.407427],[23.182743,39.403364],[23.185869,39.402831],[23.190054,39.397696],[23.193306,39.397468],[23.192397,39.396165],[23.195927,39.389453],[23.19437,39.384919],[23.197252,39.38229],[23.20135,39.384161],[23.203125,39.381696],[23.202225,39.377651],[23.205518,39.374621],[23.204591,39.369592],[23.207229,39.367699],[23.207994,39.36421],[23.210889,39.365614],[23.213897,39.364536],[23.214551,39.361343],[23.221457,39.355907],[23.22231,39.351907],[23.234094,39.345711],[23.233557,39.342016],[23.236499,39.342649],[23.237857,39.340574],[23.244038,39.339735],[23.251063,39.335936],[23.255651,39.335764],[23.255404,39.334194],[23.259991,39.33187],[23.260539,39.328244],[23.26316,39.325161],[23.269878,39.323012],[23.26911,39.318512],[23.272594,39.319224],[23.273515,39.315738],[23.276648,39.313623],[23.276436,39.308407],[23.278242,39.306682],[23.276022,39.295744],[23.286159,39.289328],[23.285538,39.285393],[23.283223,39.283399],[23.285338,39.282011],[23.28327,39.277735],[23.283695,39.275238],[23.286708,39.270335],[23.290095,39.27028],[23.291609,39.265324],[23.294869,39.264142],[23.296924,39.26014],[23.303198,39.259596],[23.302679,39.258006],[23.305852,39.255376],[23.310693,39.254615],[23.312512,39.250078],[23.318203,39.2454],[23.319374,39.24132],[23.316079,39.238477],[23.316033,39.236529],[23.319987,39.235171],[23.325015,39.228079],[23.329796,39.226352],[23.329795,39.224909],[23.332946,39.223169],[23.331054,39.221747],[23.334528,39.218829],[23.332477,39.215239],[23.333204,39.210701],[23.335926,39.210495],[23.336215,39.207648],[23.338419,39.205878],[23.336447,39.205871],[23.33798,39.202465],[23.343632,39.199219],[23.344092,39.192693],[23.350325,39.190106],[23.351694,39.186361],[23.351173,39.182041],[23.347806,39.176177],[23.345381,39.174767],[23.344255,39.170583],[23.334705,39.164166],[23.336672,39.161413],[23.335497,39.159573],[23.331334,39.158852],[23.330151,39.15498],[23.326118,39.154576],[23.324465,39.149722],[23.309154,39.143917],[23.306314,39.140065],[23.304021,39.140886],[23.301906,39.13863],[23.29526,39.138647],[23.293111,39.140281],[23.282693,39.137114],[23.27191,39.140154],[23.264735,39.137046],[23.262872,39.134247],[23.258589,39.133261],[23.257839,39.131181],[23.249193,39.126014],[23.245747,39.126007],[23.244493,39.127449],[23.243116,39.126339],[23.226081,39.126519],[23.22399,39.127876],[23.223185,39.131866],[23.221597,39.132193],[23.218166,39.127945],[23.210998,39.126373],[23.206888,39.117893],[23.220023,39.114398],[23.226344,39.111047],[23.211944,39.103276],[23.207975,39.10456],[23.203125,39.103237],[23.200648,39.100528],[23.204222,39.096785],[23.203029,39.094763],[23.19811,39.096162],[23.196981,39.09813],[23.197834,39.101272],[23.19601,39.103766],[23.191329,39.102657],[23.188607,39.104],[23.184261,39.101442],[23.17554,39.102525],[23.170268,39.099712],[23.164379,39.099354],[23.163502,39.09587],[23.161411,39.094542],[23.163121,39.091972],[23.159113,39.090765],[23.154034,39.091964],[23.151199,39.095036],[23.147265,39.093452],[23.145748,39.095846],[23.137728,39.094344],[23.135144,39.095449],[23.129748,39.092508],[23.129455,39.086357],[23.124919,39.087579],[23.121964,39.083157],[23.117757,39.086734],[23.112784,39.085626],[23.104689,39.088398],[23.091051,39.086848],[23.088718,39.088352],[23.083616,39.085692],[23.072122,39.085184],[23.070071,39.091804],[23.064846,39.091279],[23.062995,39.092814],[23.059198,39.0909],[23.058822,39.09251],[23.060629,39.093045],[23.058519,39.094572],[23.052323,39.094443],[23.050018,39.096008],[23.052172,39.098317],[23.049762,39.100747],[23.052251,39.101807],[23.05515,39.108214],[23.061828,39.111241],[23.064284,39.11683],[23.067322,39.117062],[23.063514,39.121349],[23.065447,39.123948],[23.065359,39.127544],[23.067664,39.128533],[23.066414,39.130793],[23.067117,39.136368],[23.068749,39.139532],[23.074034,39.141359],[23.078397,39.146454],[23.082006,39.147176],[23.08292,39.144247],[23.086859,39.147573],[23.092623,39.146785],[23.092456,39.142673],[23.093892,39.142741],[23.104875,39.156404],[23.103831,39.158725],[23.109578,39.160036],[23.108647,39.156334],[23.105356,39.15449],[23.107386,39.151515],[23.113351,39.151245],[23.109933,39.148527],[23.108405,39.143396],[23.111734,39.145074],[23.113412,39.142987],[23.111043,39.137409],[23.115789,39.138126],[23.11694,39.134332],[23.122915,39.135808],[23.116621,39.131524],[23.116112,39.128124],[23.109887,39.124544],[23.109368,39.1229],[23.11335,39.122832],[23.111159,39.119105],[23.099339,39.113836],[23.100718,39.111221],[23.095356,39.106842],[23.096901,39.101616],[23.094029,39.096879],[23.103525,39.100636],[23.108743,39.100467],[23.112543,39.104626],[23.120371,39.10707],[23.124973,39.111861],[23.130561,39.111558],[23.132391,39.114746],[23.140409,39.120899],[23.156327,39.119482],[23.155273,39.1224],[23.147223,39.128581],[23.148783,39.131683],[23.15531,39.130666],[23.159359,39.12649],[23.162762,39.127058],[23.161947,39.128654],[23.164877,39.128655],[23.168303,39.125106],[23.173628,39.125154],[23.177283,39.127684],[23.172888,39.134069],[23.178272,39.140958],[23.175159,39.143069],[23.1734,39.147242],[23.173637,39.151647],[23.175269,39.154487],[23.180359,39.156967],[23.182075,39.160198],[23.184736,39.157907],[23.182539,39.154723],[23.183048,39.153146],[23.189945,39.160617],[23.192977,39.160697],[23.194544,39.159459],[23.193055,39.156672],[23.188387,39.154437],[23.192171,39.152747],[23.191419,39.149355],[23.194034,39.150878],[23.194712,39.149409],[23.196774,39.149817],[23.200936,39.144765],[23.203672,39.145467],[23.204539,39.142911],[23.206039,39.143306],[23.205268,39.145635],[23.21013,39.148804],[23.211649,39.147118],[23.213644,39.147933],[23.215832,39.152191],[23.212868,39.153441],[23.21076,39.1566],[23.218915,39.167596],[23.221241,39.174677],[23.218976,39.17941],[23.221304,39.180697],[23.218372,39.184661],[23.218699,39.186503],[23.215143,39.190235],[23.206039,39.193942],[23.203125,39.197545],[23.195549,39.2012],[23.195262,39.204606],[23.189454,39.207708],[23.186206,39.217267],[23.185925,39.223362],[23.176689,39.228369],[23.179298,39.232529],[23.176559,39.239276],[23.181131,39.245366],[23.181239,39.248891],[23.174572,39.255173],[23.175694,39.256506],[23.17242,39.260766],[23.165942,39.261479],[23.166005,39.26765],[23.163818,39.272471],[23.158393,39.274047],[23.156461,39.278454],[23.15006,39.278965],[23.148335,39.283815],[23.14288,39.290082],[23.133083,39.291704],[23.1234,39.297757],[23.12276,39.302316],[23.119442,39.305198],[23.110239,39.306492],[23.108058,39.308841],[23.103938,39.309365],[23.097144,39.306664],[23.094461,39.309904],[23.083352,39.310994],[23.075169,39.314726],[23.068983,39.314246],[23.0639,39.311031],[23.058759,39.310616],[23.053811,39.311099],[23.04708,39.314397],[23.020353,39.315468],[23.014049,39.319454],[23.014535,39.323934],[23.011096,39.329695],[23.013191,39.335505],[23.011124,39.338858],[23.002982,39.339342],[22.999503,39.342419],[22.997664,39.347499],[22.992812,39.350972],[22.98119,39.350737],[22.975696,39.347513],[22.971249,39.347297],[22.966987,39.349568],[22.958676,39.350641],[22.955286,39.353258],[22.955766,39.355441],[22.954132,39.356551],[22.949393,39.355301],[22.949422,39.357605],[22.94341,39.357708],[22.942106,39.359472],[22.943197,39.360151],[22.940894,39.361085],[22.941008,39.357173],[22.937561,39.35367],[22.934315,39.35588],[22.93351,39.354102],[22.927948,39.352423],[22.933851,39.348894],[22.930474,39.348094],[22.930517,39.346942],[22.934361,39.34612],[22.939595,39.34852],[22.943391,39.345475],[22.943697,39.343266],[22.942089,39.339862],[22.932761,39.331684],[22.931935,39.328259],[22.927582,39.325119],[22.925877,39.320086],[22.928819,39.315442],[22.93361,39.315607],[22.936913,39.313984],[22.938199,39.311869],[22.935746,39.310135],[22.940348,39.306055],[22.942672,39.30608],[22.941336,39.303472],[22.945231,39.303484],[22.946926,39.298672],[22.943959,39.299231],[22.937099,39.294672],[22.928939,39.294914],[22.924091,39.293391],[22.910339,39.293651],[22.908963,39.292166],[22.905,39.294794],[22.900398,39.289179],[22.895666,39.286923],[22.893447,39.290398],[22.892257,39.286859],[22.891112,39.288872],[22.885586,39.287321],[22.884812,39.290393],[22.882508,39.2888],[22.881048,39.291507],[22.877756,39.292396],[22.875887,39.289485],[22.870929,39.289933],[22.867797,39.286008],[22.862998,39.285967],[22.860017,39.288687],[22.856186,39.2864],[22.856837,39.28462],[22.851563,39.282087],[22.845067,39.282608],[22.841863,39.284583],[22.831269,39.277089],[22.821929,39.27621],[22.818349,39.272248],[22.814499,39.257581],[22.814927,39.23787],[22.819108,39.230017],[22.821359,39.211356],[22.83425,39.185109],[22.840459,39.181256],[22.83978,39.178632],[22.84139,39.174506],[22.849407,39.16849],[22.848778,39.15836],[22.850593,39.153766],[22.862146,39.153294],[22.864447,39.154975],[22.86449,39.157784],[22.867354,39.161337],[22.873022,39.162362],[22.870696,39.166711],[22.872159,39.169554],[22.880873,39.169425],[22.870946,39.1782],[22.871545,39.181551],[22.869962,39.186234],[22.879027,39.183689],[22.88226,39.185372],[22.884384,39.189651],[22.886812,39.189713],[22.887099,39.186954],[22.89077,39.188785],[22.891154,39.18282],[22.886722,39.177675],[22.890334,39.175875],[22.889425,39.16795],[22.892311,39.166642],[22.897349,39.16721],[22.89958,39.168451],[22.899065,39.170449],[22.902027,39.17114],[22.904179,39.168871],[22.904309,39.162785],[22.912548,39.158397],[22.912781,39.148194],[22.915389,39.142976],[22.913164,39.140347],[22.913203,39.132853],[22.916861,39.124732],[22.916613,39.120951],[22.920703,39.11773],[22.922577,39.113053],[22.927206,39.109294],[22.930379,39.109168],[22.941733,39.113303],[22.940916,39.116214],[22.936132,39.118081],[22.935107,39.122953],[22.930986,39.124995],[22.935408,39.126678],[22.931152,39.128987],[22.931389,39.131228],[22.935483,39.13195],[22.937167,39.127102],[22.945438,39.121892],[22.945443,39.119497],[22.950336,39.12189],[22.958225,39.120728],[22.957935,39.117557],[22.964973,39.118811],[22.96642,39.114888],[22.964965,39.112858],[22.96755,39.111399],[22.967623,39.1082],[22.974892,39.105932],[22.983086,39.098416],[22.977487,39.092315],[22.976962,39.08747],[22.979722,39.081065],[22.983607,39.075607],[22.986894,39.076538],[22.990173,39.069827],[22.994034,39.071405],[23.000114,39.065837],[22.992637,39.063319],[22.994579,39.06104],[22.993136,39.057634],[22.987729,39.053417],[22.989283,39.050727],[22.996189,39.049175],[22.989856,39.042905],[22.991286,39.040157],[22.997147,39.039028],[22.996889,39.035803],[22.99306,39.03444],[22.98005,39.037025],[22.978469,39.032074],[22.974187,39.029659],[22.96962,39.031838],[22.966009,39.030989],[22.963031,39.033193],[22.959158,39.028117],[22.960313,39.027014],[22.958716,39.023438],[22.961108,39.019577],[22.964627,39.021717],[22.965799,39.020364],[22.961073,39.015293],[22.961776,39.012177],[22.958377,39.010187],[22.958403,39.008645],[22.962425,39.006191],[22.965103,39.007248],[22.969261,39.005723],[22.972806,39.012726],[22.980322,39.013456],[22.983332,39.016309],[22.995733,39.0165],[22.996156,39.018443],[22.998506,39.017527],[23.005338,39.021895],[23.006857,39.02677],[23.01113,39.02717],[23.016104,39.024831],[23.017237,39.027483],[23.020381,39.027851],[23.026668,39.034574],[23.033246,39.03699],[23.045735,39.037532],[23.048111,39.039376],[23.053929,39.037522],[23.056634,39.03901],[23.067587,39.03934],[23.065667,39.037022],[23.066652,39.032536],[23.0621,39.029115],[23.062653,39.024824],[23.057271,39.020007],[23.05686,39.015321],[23.051652,39.018434],[23.047515,39.018624],[23.038013,39.01808],[23.02668,39.014629],[23.016505,39.000485],[23.009601,38.975316],[23.00217,38.970523],[22.996748,38.969129],[22.993651,38.964283],[22.996602,38.954619],[22.991406,38.944463],[22.984548,38.945217],[22.982587,38.947399],[22.978558,38.947715],[22.979462,38.948949],[22.976505,38.951193],[22.973996,38.950429],[22.971356,38.952502],[22.962593,38.95113],[22.955009,38.946395],[22.950565,38.940158],[22.950365,38.936942],[22.941655,38.93754],[22.941889,38.942337],[22.937184,38.944529],[22.932847,38.938197],[22.941049,38.930744],[22.940288,38.928273],[22.937254,38.927886],[22.93299,38.924475],[22.923811,38.925702],[22.922841,38.922544],[22.918058,38.918312],[22.914526,38.920856],[22.908502,38.921275],[22.901948,38.919439],[22.895476,38.92045],[22.89351,38.918841],[22.891172,38.92172],[22.887262,38.92021],[22.885421,38.923455],[22.874644,38.922281],[22.860631,38.926666],[22.856173,38.926313],[22.846545,38.919249],[22.842232,38.912338],[22.839004,38.910473],[22.837995,38.900811],[22.840977,38.893743],[22.828089,38.887556],[22.821087,38.888753],[22.819751,38.886829],[22.813687,38.885697],[22.802986,38.886961],[22.799733,38.881172],[22.79116,38.879565],[22.785476,38.875907],[22.777557,38.880291],[22.774306,38.880213],[22.759257,38.872149],[22.758039,38.869509],[22.753517,38.868832],[22.740376,38.872858],[22.724195,38.874151],[22.711533,38.88686],[22.709133,38.887366],[22.700475,38.885222],[22.694434,38.877701],[22.672246,38.882486],[22.66929,38.881024],[22.654841,38.893047],[22.647763,38.903165],[22.641142,38.904773],[22.636738,38.90391],[22.631802,38.906639],[22.62438,38.905979],[22.621336,38.910993],[22.617461,38.910942],[22.616313,38.908834],[22.613121,38.911213],[22.602377,38.908188],[22.59503,38.901822],[22.586701,38.897765],[22.584118,38.893041],[22.567852,38.886109],[22.55848,38.885437],[22.548293,38.880857],[22.546064,38.87725],[22.546695,38.874693],[22.552486,38.875215],[22.556906,38.877827],[22.557333,38.874473],[22.560282,38.873565],[22.531597,38.857209],[22.53862,38.85482],[22.55179,38.861718],[22.556529,38.860585],[22.559762,38.864092],[22.578588,38.864851],[22.57518,38.861786],[22.567429,38.861263],[22.563254,38.851196],[22.560683,38.851625],[22.556502,38.849098],[22.551533,38.849894],[22.552197,38.847461],[22.55696,38.846817],[22.55854,38.844606],[22.551794,38.842381],[22.553301,38.833766],[22.55621,38.832508],[22.558255,38.837054],[22.558983,38.833531],[22.561488,38.832404],[22.56342,38.836097],[22.567883,38.836522],[22.572721,38.839821],[22.575657,38.836437],[22.574075,38.83046],[22.577301,38.824363],[22.579154,38.823589],[22.59069,38.82687],[22.595326,38.838196],[22.594433,38.840017],[22.590483,38.841422],[22.594793,38.842289],[22.598408,38.840471],[22.601018,38.842028],[22.603938,38.838585],[22.60427,38.832494],[22.602526,38.831635],[22.599331,38.834446],[22.59829,38.8311],[22.601493,38.823632],[22.604657,38.821509],[22.616324,38.826502],[22.622652,38.83306],[22.630513,38.83778],[22.639538,38.830572],[22.649879,38.831785],[22.654269,38.834803],[22.656748,38.832181],[22.661532,38.832022],[22.670898,38.839721],[22.674706,38.840342],[22.677522,38.838255],[22.684806,38.840061],[22.69001,38.84391],[22.692852,38.849199],[22.697027,38.851449],[22.698918,38.841948],[22.706556,38.830187],[22.715513,38.823772],[22.723999,38.824336],[22.733709,38.813797],[22.740769,38.808757],[22.754201,38.789977],[22.765368,38.781277],[22.774993,38.777095],[22.781762,38.777325],[22.785508,38.782582],[22.79104,38.78311],[22.800207,38.782895],[22.806003,38.780151],[22.809359,38.780268],[22.818158,38.784121],[22.824477,38.789925],[22.82751,38.784155],[22.839915,38.771577],[22.85822,38.761671],[22.860937,38.755989],[22.86457,38.754212],[22.868092,38.754147],[22.875595,38.757824],[22.879763,38.761322],[22.881073,38.766956],[22.884566,38.769696],[22.899971,38.776153],[22.917896,38.770654],[22.922106,38.770677],[22.924524,38.768849],[22.928015,38.760904],[22.935658,38.754375],[22.968888,38.744015],[22.976332,38.744465],[22.984901,38.747609],[22.995669,38.745844],[23.008815,38.748831],[23.018962,38.748399],[23.030813,38.755285],[23.033613,38.755396],[23.037028,38.749687],[23.04778,38.741366],[23.047274,38.738649],[23.049632,38.734224],[23.055903,38.731274],[23.057432,38.725814],[23.064241,38.72214],[23.06656,38.712157],[23.061695,38.707255],[23.060407,38.69745],[23.064605,38.679504],[23.068282,38.674479],[23.074765,38.671875],[23.074145,38.669574],[23.076286,38.664861],[23.082397,38.662511],[23.082262,38.660036],[23.086088,38.65361],[23.084478,38.652431],[23.085366,38.650766],[23.084139,38.648787],[23.087703,38.644685],[23.086241,38.643203],[23.087357,38.640211],[23.095351,38.639254],[23.09724,38.641412],[23.101189,38.628209],[23.106244,38.624598],[23.111727,38.624749],[23.124214,38.633611],[23.130876,38.632846],[23.135604,38.643866],[23.139163,38.644142],[23.141038,38.646255],[23.161075,38.647013],[23.165901,38.640919],[23.170359,38.646622],[23.175476,38.649359],[23.190128,38.649351],[23.192557,38.653679],[23.192316,38.656338],[23.185062,38.661257],[23.182624,38.660948],[23.169778,38.668049],[23.164648,38.674468],[23.19544,38.680177],[23.198835,38.679919],[23.203125,38.674944],[23.213927,38.669046],[23.2289,38.655635],[23.255175,38.643386],[23.262444,38.645214],[23.266793,38.649606],[23.283405,38.649524],[23.299268,38.644256],[23.313067,38.642239],[23.320906,38.638377],[23.325094,38.632693],[23.328398,38.63132],[23.330676,38.626976],[23.335746,38.624259],[23.34091,38.604625],[23.339209,38.603683],[23.339957,38.602304],[23.337131,38.601783],[23.333107,38.597476],[23.328153,38.596834],[23.327078,38.594458],[23.320794,38.590986],[23.31418,38.588308],[23.313173,38.59094],[23.306394,38.588943],[23.305015,38.586531],[23.31098,38.586043],[23.30627,38.584885],[23.288854,38.571364],[23.286348,38.566587],[23.289457,38.565596],[23.285906,38.561034],[23.289343,38.560585],[23.296696,38.569377],[23.313003,38.56749],[23.315642,38.569754],[23.317837,38.567868],[23.315626,38.563753],[23.319048,38.553974],[23.325012,38.550091],[23.325529,38.551709],[23.32753,38.550972],[23.327765,38.543907],[23.3293,38.54217],[23.333479,38.542443],[23.328753,38.536456],[23.332355,38.5366],[23.335822,38.532131],[23.343958,38.53863],[23.349835,38.53531],[23.355552,38.537045],[23.365575,38.534412],[23.369626,38.530256],[23.375785,38.529232],[23.378164,38.526285],[23.376116,38.522599],[23.371864,38.520652],[23.350454,38.518621],[23.347822,38.520035],[23.344542,38.51758],[23.337792,38.516488],[23.331572,38.517403],[23.327296,38.505132],[23.327706,38.501755],[23.330302,38.498908],[23.340972,38.497861],[23.35139,38.501287],[23.355189,38.508998],[23.35444,38.505936],[23.356699,38.504779],[23.36982,38.510817],[23.384249,38.507624],[23.404729,38.509359],[23.40913,38.50519],[23.409205,38.50209],[23.41163,38.498882],[23.429839,38.497797],[23.444349,38.500811],[23.451792,38.497903],[23.464793,38.49924],[23.479137,38.485669],[23.499671,38.485183],[23.513611,38.479964],[23.517328,38.480627],[23.52194,38.48604],[23.5222,38.491281],[23.525367,38.494939],[23.530442,38.496094],[23.534876,38.500069],[23.533731,38.503957],[23.537799,38.510303],[23.541972,38.507899],[23.551677,38.506811],[23.559899,38.501649],[23.557606,38.497691],[23.562538,38.497496],[23.567696,38.494258],[23.568367,38.490842],[23.575333,38.489401],[23.575987,38.488103],[23.573285,38.486972],[23.574124,38.485255],[23.583681,38.481202],[23.584356,38.477165],[23.590143,38.476112],[23.592686,38.4725],[23.588149,38.466207],[23.589023,38.462606],[23.57503,38.462399],[23.571075,38.458284],[23.56934,38.45321],[23.565951,38.452728],[23.566444,38.451204],[23.568973,38.450273],[23.571131,38.445717],[23.580851,38.447036],[23.597885,38.44285],[23.600169,38.440398],[23.599919,38.43532],[23.594211,38.438094],[23.592782,38.437315],[23.596664,38.435248],[23.59876,38.429387],[23.603423,38.42716],[23.600805,38.423002],[23.593362,38.419615],[23.595833,38.416167],[23.603638,38.419224],[23.613048,38.417704],[23.628437,38.410346],[23.63234,38.410321],[23.627559,38.395508],[23.631894,38.382453],[23.631153,38.37761],[23.634799,38.374506],[23.640096,38.374373],[23.640014,38.36707],[23.6451,38.363801],[23.646801,38.359577],[23.658844,38.350347],[23.667284,38.350204],[23.673172,38.343406],[23.676089,38.341229],[23.6773,38.34191],[23.677767,38.339721],[23.692469,38.340595],[23.697941,38.33681],[23.708877,38.336969],[23.714839,38.33516],[23.728149,38.34105],[23.732803,38.33334],[23.736198,38.332067],[23.74085,38.335203],[23.749358,38.334211],[23.754399,38.336712],[23.764017,38.336408],[23.768154,38.338842],[23.766026,38.335977],[23.776778,38.334712],[23.781742,38.323954],[23.78659,38.321589],[23.798757,38.322046],[23.806978,38.328329],[23.813387,38.322821],[23.821989,38.319668],[23.832504,38.312279],[23.846659,38.31134],[23.858536,38.307255],[23.868897,38.30784],[23.880465,38.299012],[23.894691,38.29449],[23.902728,38.297966],[23.908199,38.29791],[23.921563,38.2945],[23.929631,38.289392],[23.954366,38.285262],[23.96437,38.276945],[23.976667,38.263484],[23.98243,38.261314],[23.996014,38.248034],[24.001441,38.245684],[24.002086,38.24332],[24.010826,38.240461],[24.013862,38.236304],[24.017791,38.236559],[24.017724,38.234447],[24.022078,38.232194],[24.026555,38.225647],[24.038419,38.21767],[24.046637,38.217219],[24.050422,38.20746],[24.05783,38.205557],[24.062922,38.201432],[24.073452,38.199474],[24.075031,38.195369],[24.074447,38.190984],[24.063521,38.189521],[24.058141,38.1821],[24.059831,38.18153],[24.060838,38.177283],[24.06518,38.171456],[24.069199,38.169715],[24.075233,38.170211],[24.080737,38.164935],[24.080151,38.1613],[24.070436,38.162619],[24.068382,38.160467],[24.0613,38.158734],[24.061444,38.152181],[24.064443,38.150255],[24.05871,38.14695],[24.058032,38.143375],[24.055737,38.141074],[24.059174,38.138545],[24.058579,38.13435],[24.062304,38.130019],[24.057558,38.12113],[24.056462,38.123424],[24.058012,38.129301],[24.054593,38.131836],[24.05471,38.13568],[24.051998,38.1372],[24.052344,38.141936],[24.039222,38.141949],[24.020443,38.136496],[24.00952,38.13084],[24.001776,38.123526],[23.985791,38.114044],[23.980637,38.106726],[23.980636,38.097015],[23.985782,38.083066],[23.991537,38.078035],[23.997716,38.068805],[24.002582,38.068269],[24.003546,38.066672],[23.999401,38.065546],[23.998381,38.063642],[23.998912,38.05704],[23.997266,38.048107],[23.999783,38.044782],[24.002992,38.043647],[24.002594,38.037251],[24.00029,38.033078],[24.012032,38.024657],[24.010176,38.021446],[24.011155,38.018744],[24.019925,38.016534],[24.019718,38.010996],[24.021418,38.008993],[24.025749,38.008668],[24.024822,38.007956],[24.026216,38.004772],[24.024372,38.000984],[24.02719,37.999359],[24.031836,37.992052],[24.030335,37.990433],[24.021431,37.989074],[24.018407,37.986273],[24.015262,37.98601],[24.010003,37.980067],[24.010224,37.97634],[24.012371,37.974002],[24.007283,37.968097],[24.007248,37.964997],[24.010311,37.961265],[24.01157,37.954511],[24.014575,37.951023],[24.014406,37.947309],[24.018066,37.942987],[24.017115,37.938162],[24.013386,37.93646],[24.013863,37.933071],[24.009081,37.928291],[24.002782,37.925637],[24.015539,37.922204],[24.020093,37.924361],[24.026527,37.921949],[24.029659,37.923949],[24.032516,37.922124],[24.032493,37.918403],[24.036692,37.916694],[24.040869,37.908281],[24.044904,37.906525],[24.04701,37.901507],[24.044606,37.899126],[24.042957,37.893855],[24.035291,37.893129],[24.030615,37.890115],[24.027106,37.891671],[24.024338,37.890017],[24.012319,37.893136],[24.009526,37.891601],[24.009125,37.888655],[24.02233,37.884304],[24.015895,37.884724],[24.014704,37.882247],[24.018516,37.87405],[24.024269,37.870284],[24.032484,37.869018],[24.035496,37.870671],[24.03549,37.873212],[24.037343,37.874793],[24.044414,37.875269],[24.046196,37.868379],[24.043514,37.866297],[24.039839,37.866136],[24.040871,37.863444],[24.051407,37.860455],[24.058403,37.855422],[24.05511,37.851931],[24.054792,37.847669],[24.051,37.843368],[24.048728,37.836896],[24.050516,37.834156],[24.059289,37.833627],[24.060819,37.827717],[24.051481,37.827816],[24.046468,37.822408],[24.049721,37.819286],[24.056954,37.817342],[24.057776,37.815331],[24.064147,37.815076],[24.063867,37.805068],[24.068888,37.80631],[24.075219,37.804333],[24.076284,37.800586],[24.085439,37.797258],[24.086215,37.79366],[24.086349,37.791709],[24.081756,37.78949],[24.086562,37.787826],[24.086648,37.784689],[24.084901,37.784263],[24.086902,37.778306],[24.086,37.776604],[24.08284,37.777725],[24.082541,37.771327],[24.079762,37.771949],[24.078153,37.76793],[24.081942,37.765359],[24.080917,37.763012],[24.077255,37.76213],[24.08022,37.757938],[24.077582,37.757256],[24.075601,37.758904],[24.074033,37.756554],[24.080751,37.749848],[24.08225,37.744132],[24.078433,37.742901],[24.071513,37.744853],[24.071157,37.742188],[24.067978,37.744224],[24.06526,37.743685],[24.065378,37.740525],[24.069899,37.739572],[24.071657,37.7342],[24.067772,37.734618],[24.06672,37.737571],[24.060694,37.738281],[24.054894,37.735307],[24.053603,37.729771],[24.053461,37.726439],[24.056388,37.723667],[24.059369,37.721906],[24.06223,37.723692],[24.065076,37.720699],[24.062394,37.718879],[24.067844,37.71286],[24.066162,37.711588],[24.05734,37.712518],[24.05746,37.709015],[24.062559,37.70707],[24.063042,37.702177],[24.06688,37.700076],[24.066764,37.69685],[24.062838,37.696065],[24.061448,37.692666],[24.069341,37.687318],[24.073204,37.687416],[24.073259,37.682618],[24.070536,37.681397],[24.070078,37.679154],[24.067042,37.681175],[24.064152,37.681045],[24.064023,37.678997],[24.068482,37.676723],[24.067047,37.675312],[24.057812,37.67412],[24.055033,37.67829],[24.053262,37.678478],[24.049833,37.673599],[24.052232,37.671446],[24.051603,37.669442],[24.047346,37.667567],[24.043114,37.668073],[24.033691,37.659333],[24.034768,37.654172],[24.031436,37.653965],[24.029666,37.651258],[24.030694,37.648193],[24.02485,37.648537],[24.021077,37.651417],[24.024824,37.654017],[24.020931,37.657575],[24.012143,37.654979],[24.005065,37.65553],[23.998439,37.661494],[23.990192,37.662745],[23.982538,37.660389],[23.983557,37.657781],[23.980371,37.655679],[23.979465,37.658767],[23.971913,37.661943],[23.973969,37.663812],[23.972623,37.666331],[23.963466,37.664819],[23.949662,37.669329],[23.94451,37.66842],[23.937714,37.671705],[23.941027,37.676504],[23.941021,37.679462],[23.935872,37.684551],[23.938944,37.689573],[23.93735,37.693275],[23.938744,37.69602],[23.936948,37.697941],[23.940251,37.701573],[23.935569,37.707906],[23.944949,37.713887],[23.946258,37.720884],[23.942,37.724131],[23.934795,37.725979],[23.933659,37.719425],[23.922218,37.719054],[23.9167,37.716241],[23.914944,37.71864],[23.909946,37.719771],[23.907401,37.724533],[23.907794,37.726777],[23.90311,37.731462],[23.903112,37.734609],[23.905858,37.736333],[23.901705,37.746092],[23.90519,37.748575],[23.90174,37.752838],[23.902674,37.761234],[23.900754,37.762872],[23.90227,37.770173],[23.901386,37.773271],[23.895308,37.77843],[23.892212,37.77924],[23.88639,37.773171],[23.886393,37.780585],[23.889325,37.781632],[23.889013,37.783178],[23.884522,37.787919],[23.87525,37.792969],[23.869014,37.793575],[23.870899,37.795807],[23.868512,37.800199],[23.860881,37.802743],[23.85836,37.802097],[23.851715,37.805137],[23.85034,37.804359],[23.842551,37.813635],[23.836407,37.81386],[23.836152,37.818001],[23.833275,37.810157],[23.829457,37.809204],[23.82462,37.810552],[23.817913,37.818406],[23.811619,37.820239],[23.806188,37.819649],[23.80598,37.817665],[23.801322,37.815188],[23.802019,37.808249],[23.79743,37.799463],[23.791631,37.79903],[23.7871,37.796625],[23.784458,37.805919],[23.77938,37.812981],[23.774753,37.810706],[23.776598,37.808091],[23.77404,37.805014],[23.775616,37.80344],[23.77343,37.801289],[23.775027,37.797368],[23.770798,37.797254],[23.770875,37.799068],[23.766246,37.803867],[23.772595,37.805859],[23.773847,37.807328],[23.772956,37.810173],[23.769805,37.813385],[23.755989,37.813157],[23.761596,37.81818],[23.761632,37.816707],[23.768681,37.81768],[23.77024,37.825806],[23.769584,37.834691],[23.759683,37.838884],[23.759826,37.840216],[23.748653,37.850243],[23.739466,37.848249],[23.741825,37.849151],[23.742735,37.854792],[23.745006,37.857174],[23.747177,37.855214],[23.750465,37.85772],[23.744927,37.861517],[23.741937,37.8612],[23.739768,37.865771],[23.735836,37.865793],[23.736437,37.868251],[23.732419,37.869166],[23.732072,37.872977],[23.729225,37.872999],[23.728575,37.870133],[23.727179,37.87093],[23.723191,37.880857],[23.727748,37.874508],[23.729675,37.875425],[23.727894,37.880341],[23.725883,37.880012],[23.722701,37.889147],[23.717393,37.893903],[23.716882,37.898286],[23.718734,37.903341],[23.716206,37.907003],[23.708256,37.91045],[23.700464,37.910891],[23.698405,37.914457],[23.699859,37.918935],[23.681032,37.92909],[23.683285,37.930425],[23.681725,37.933159],[23.687568,37.935405],[23.687871,37.937851],[23.686239,37.938795],[23.684716,37.937508],[23.675888,37.941464],[23.671224,37.940634],[23.668757,37.9378],[23.667553,37.940815],[23.659001,37.934722],[23.651737,37.934676],[23.649768,37.932859],[23.649904,37.930334],[23.643141,37.927377],[23.631473,37.92612],[23.627218,37.929465],[23.627954,37.932777],[23.622092,37.933618],[23.622092,37.93471],[23.630489,37.939918],[23.637528,37.939852],[23.64005,37.942765],[23.642706,37.942942],[23.642519,37.94424],[23.638067,37.944682],[23.641471,37.948017],[23.637767,37.947692],[23.63386,37.941157],[23.630803,37.94149],[23.630699,37.94304],[23.625034,37.940615],[23.623513,37.941643],[23.621531,37.938545],[23.621263,37.941201],[23.615214,37.942358],[23.61481,37.944428],[23.616449,37.945246],[23.6134,37.947437],[23.610602,37.946249],[23.607063,37.948434],[23.59742,37.949183],[23.600005,37.950454],[23.608256,37.950075],[23.606958,37.954973],[23.605232,37.955269],[23.604297,37.953699],[23.602371,37.954709],[23.603943,37.957149],[23.610348,37.957133],[23.608962,37.958958],[23.600001,37.958311],[23.594889,37.951143],[23.590155,37.951746],[23.586989,37.957893],[23.580676,37.957491],[23.572461,37.96145],[23.570517,37.960047],[23.567344,37.96119],[23.566958,37.958973],[23.564272,37.960516],[23.56461,37.958241],[23.562658,37.956831],[23.558277,37.960317],[23.554959,37.95815],[23.556323,37.963787],[23.55362,37.967766],[23.554997,37.97152],[23.552402,37.979789],[23.560935,37.985642],[23.569221,37.988292],[23.571284,37.993126],[23.567692,37.99471],[23.567317,37.996554],[23.570498,37.999717],[23.580389,37.998721],[23.582872,37.996401],[23.591022,38.001517],[23.596577,38.00893],[23.592069,38.012301],[23.592611,38.014516],[23.595127,38.016847],[23.597106,38.016313],[23.59869,38.0227],[23.601314,38.021466],[23.602671,38.022409],[23.600597,38.026643],[23.597839,38.026696],[23.592063,38.03392],[23.58417,38.03661],[23.581778,38.041359],[23.568398,38.046899],[23.566762,38.043893],[23.566797,38.03836],[23.562429,38.037732],[23.556996,38.039449],[23.554151,38.036043],[23.552734,38.038027],[23.55131,38.034751],[23.542924,38.034328],[23.541809,38.030793],[23.534484,38.038881],[23.527982,38.04195],[23.524407,38.042331],[23.523539,38.041015],[23.520386,38.043651],[23.514824,38.039999],[23.513518,38.035807],[23.505109,38.035961],[23.504131,38.033442],[23.501759,38.036115],[23.498093,38.031949],[23.49765,38.0275],[23.493827,38.028579],[23.494565,38.026364],[23.487245,38.024186],[23.480519,38.02596],[23.477954,38.024742],[23.469901,38.025598],[23.456401,38.022661],[23.451216,38.023463],[23.44701,38.019954],[23.44425,38.013795],[23.439961,38.010628],[23.432084,38.008546],[23.430914,38.005876],[23.424912,38.003525],[23.41895,37.998322],[23.415552,37.987342],[23.406519,37.984368],[23.394457,37.98499],[23.387817,37.98001],[23.389004,37.977443],[23.404056,37.976779],[23.417989,37.973741],[23.421627,37.970954],[23.420506,37.96875],[23.415018,37.969468],[23.413363,37.971214],[23.40748,37.971293],[23.404015,37.969488],[23.404555,37.967742],[23.402203,37.96875],[23.398767,37.966508],[23.397228,37.972527],[23.387681,37.974103],[23.380182,37.97036],[23.368019,37.972861],[23.361077,37.972336],[23.361684,37.974255],[23.36043,37.975306],[23.350217,37.977592],[23.346575,37.976285],[23.33882,37.977616],[23.324728,37.977039],[23.320701,37.975038],[23.318987,37.970716],[23.316672,37.971615],[23.314533,37.969652],[23.308536,37.970571],[23.305202,37.969201],[23.290721,37.972187],[23.277639,37.97758],[23.24266,37.975585],[23.220068,37.96875],[23.197428,37.953883],[23.191997,37.954053],[23.184496,37.951246],[23.178747,37.951135],[23.17678,37.949447],[23.170723,37.950278],[23.166888,37.948709],[23.152392,37.937729],[23.142493,37.923648],[23.131927,37.919392],[23.127177,37.920013],[23.114332,37.916601],[23.095726,37.914955],[23.088985,37.918843],[23.077346,37.913281],[23.059904,37.911901],[23.056811,37.912507],[23.05554,37.917848],[23.050932,37.921836],[23.039165,37.917492],[23.025673,37.917529],[23.01521,37.923087],[23.011476,37.919265],[23.011097,37.915366],[23.008697,37.914004],[23.013716,37.90722],[23.012866,37.903035],[23.017577,37.899445],[23.008389,37.89194],[23.006606,37.887822],[22.999021,37.885757],[22.996709,37.883058],[22.993923,37.883548],[22.992129,37.879875],[22.997208,37.870049],[23.002466,37.868727],[22.997787,37.863434],[23.003953,37.850057],[23.011884,37.844636],[23.016576,37.843596],[23.037513,37.848292],[23.039876,37.844323],[23.042331,37.84518],[23.042802,37.847013],[23.046515,37.84761],[23.055194,37.843291],[23.059743,37.843234],[23.064177,37.839323],[23.066662,37.840147],[23.064766,37.842459],[23.065716,37.843413],[23.074473,37.841429],[23.096263,37.847783],[23.101396,37.845673],[23.106284,37.848128],[23.114189,37.847612],[23.116715,37.846661],[23.113178,37.843324],[23.116514,37.840116],[23.119164,37.840337],[23.118781,37.842263],[23.125283,37.842703],[23.128801,37.840831],[23.128875,37.836031],[23.133446,37.838462],[23.134972,37.837035],[23.131685,37.832603],[23.13476,37.831577],[23.141037,37.833776],[23.142755,37.832451],[23.145654,37.82808],[23.144738,37.825138],[23.147759,37.821604],[23.158394,37.819368],[23.159724,37.814083],[23.16263,37.811909],[23.166682,37.811758],[23.166555,37.805906],[23.171815,37.807632],[23.179095,37.80346],[23.179003,37.799472],[23.175467,37.791142],[23.176642,37.790098],[23.175648,37.784889],[23.179298,37.781567],[23.179091,37.776728],[23.171948,37.774416],[23.166779,37.770611],[23.164035,37.768209],[23.164539,37.765917],[23.157494,37.765554],[23.154142,37.763155],[23.154654,37.759368],[23.151389,37.756711],[23.149027,37.758978],[23.129051,37.757801],[23.131888,37.763044],[23.128285,37.765548],[23.125361,37.763918],[23.12192,37.757935],[23.117561,37.755718],[23.119975,37.752316],[23.117701,37.749427],[23.118266,37.746513],[23.129179,37.734425],[23.128781,37.73195],[23.12634,37.731055],[23.11996,37.732199],[23.118387,37.731069],[23.125914,37.726848],[23.134663,37.726666],[23.144499,37.723006],[23.156955,37.715994],[23.15875,37.713323],[23.177814,37.717078],[23.174086,37.714301],[23.175111,37.711213],[23.168304,37.706045],[23.172128,37.703799],[23.172622,37.701594],[23.165632,37.692683],[23.16317,37.691597],[23.159287,37.68365],[23.155293,37.682286],[23.156662,37.680107],[23.152009,37.678455],[23.150744,37.674782],[23.152805,37.670762],[23.157927,37.667941],[23.162301,37.660033],[23.165268,37.658078],[23.164246,37.6544],[23.168442,37.653391],[23.170382,37.651044],[23.170547,37.647732],[23.166543,37.647181],[23.170838,37.64215],[23.17063,37.639724],[23.160243,37.64088],[23.158574,37.637749],[23.15924,37.636036],[23.167163,37.636659],[23.169991,37.632947],[23.167367,37.631409],[23.159744,37.630939],[23.155661,37.622744],[23.158739,37.617188],[23.166589,37.613001],[23.174889,37.612283],[23.185221,37.604391],[23.228051,37.585897],[23.238131,37.582247],[23.244192,37.585379],[23.245413,37.581245],[23.250502,37.577827],[23.26388,37.573129],[23.267675,37.56494],[23.268559,37.55777],[23.270673,37.555969],[23.273718,37.555943],[23.27991,37.551372],[23.284161,37.55117],[23.286322,37.548594],[23.302365,37.54732],[23.310874,37.536373],[23.315792,37.533475],[23.319027,37.533509],[23.319584,37.531967],[23.328877,37.533402],[23.332504,37.532314],[23.342194,37.535209],[23.358331,37.544112],[23.367147,37.553169],[23.362867,37.556329],[23.362277,37.561684],[23.360378,37.559553],[23.358212,37.561126],[23.360239,37.563537],[23.357907,37.565043],[23.357689,37.569857],[23.360227,37.571376],[23.359177,37.575989],[23.351566,37.578772],[23.350673,37.580737],[23.34751,37.580423],[23.348964,37.582725],[23.347911,37.586249],[23.339733,37.591336],[23.334378,37.599831],[23.324033,37.608046],[23.316659,37.611685],[23.311952,37.610281],[23.309772,37.6121],[23.304057,37.610094],[23.308193,37.615039],[23.307504,37.617401],[23.310339,37.619622],[23.31261,37.617964],[23.317708,37.619781],[23.322515,37.624004],[23.322566,37.629608],[23.324234,37.631186],[23.335284,37.631161],[23.344286,37.636528],[23.358468,37.638029],[23.366295,37.636969],[23.375242,37.640193],[23.380567,37.63958],[23.383492,37.640827],[23.394485,37.637076],[23.398247,37.637381],[23.403289,37.634319],[23.405449,37.627498],[23.410882,37.620571],[23.414508,37.618479],[23.415204,37.6125],[23.412264,37.609783],[23.412928,37.60751],[23.410874,37.602935],[23.408409,37.602333],[23.405922,37.597319],[23.407211,37.592015],[23.405394,37.589775],[23.402637,37.589893],[23.401641,37.586691],[23.396822,37.586008],[23.389733,37.57713],[23.39082,37.574588],[23.388616,37.576685],[23.391361,37.569351],[23.386708,37.56631],[23.387613,37.562409],[23.386315,37.56017],[23.38239,37.559231],[23.380131,37.556416],[23.372819,37.555361],[23.369974,37.55811],[23.365594,37.559034],[23.373047,37.551926],[23.384122,37.548646],[23.384913,37.545394],[23.38795,37.543378],[23.403556,37.53859],[23.403568,37.534949],[23.410769,37.5351],[23.418371,37.530586],[23.417462,37.523862],[23.414323,37.520672],[23.411018,37.521928],[23.411584,37.519572],[23.407981,37.517414],[23.406349,37.520061],[23.402995,37.520299],[23.401075,37.518433],[23.393302,37.519464],[23.390283,37.518327],[23.389937,37.516662],[23.392462,37.514108],[23.391597,37.509417],[23.39907,37.508248],[23.403755,37.509712],[23.425755,37.503592],[23.438533,37.50418],[23.445519,37.498876],[23.455769,37.495041],[23.460887,37.490427],[23.465968,37.488138],[23.469731,37.488286],[23.475094,37.483605],[23.477298,37.485877],[23.478667,37.483952],[23.476975,37.47763],[23.478992,37.474952],[23.485066,37.475199],[23.490894,37.472215],[23.497864,37.473173],[23.501385,37.469738],[23.500915,37.467521],[23.507031,37.464815],[23.510213,37.459488],[23.513886,37.459433],[23.520203,37.453309],[23.521266,37.450565],[23.517583,37.448219],[23.514708,37.441045],[23.516406,37.436178],[23.520856,37.437634],[23.524404,37.43649],[23.523942,37.435047],[23.51959,37.434233],[23.517383,37.430593],[23.507449,37.428442],[23.505149,37.425772],[23.497369,37.422766],[23.491198,37.424143],[23.486547,37.421953],[23.481222,37.422282],[23.455098,37.413922],[23.444945,37.412418],[23.426763,37.412912],[23.416954,37.406055],[23.410398,37.403802],[23.399788,37.40757],[23.404557,37.407703],[23.405653,37.409382],[23.403816,37.412046],[23.398982,37.412109],[23.39607,37.408756],[23.390353,37.41006],[23.387665,37.412913],[23.383753,37.411067],[23.374704,37.410564],[23.366434,37.412571],[23.338305,37.414004],[23.331581,37.41208],[23.324641,37.405354],[23.310493,37.401937],[23.309295,37.39939],[23.31134,37.39502],[23.309509,37.393172],[23.304516,37.395127],[23.295754,37.393461],[23.288879,37.39484],[23.281829,37.398],[23.281625,37.402488],[23.280065,37.404298],[23.27212,37.406464],[23.2679,37.405825],[23.260848,37.400534],[23.26238,37.396765],[23.259945,37.396047],[23.259287,37.393589],[23.261485,37.389404],[23.253916,37.387316],[23.250201,37.390077],[23.247697,37.387843],[23.250811,37.384969],[23.25886,37.385563],[23.260458,37.383709],[23.248372,37.382072],[23.244867,37.383587],[23.235319,37.383586],[23.226851,37.381112],[23.224708,37.375983],[23.227845,37.36452],[23.23225,37.362146],[23.233935,37.362423],[23.23576,37.367599],[23.239783,37.370115],[23.24302,37.36929],[23.245661,37.366178],[23.258735,37.367172],[23.245921,37.359274],[23.246716,37.355338],[23.250691,37.353665],[23.256711,37.355674],[23.26603,37.355737],[23.278059,37.34892],[23.276862,37.346281],[23.269984,37.342769],[23.261855,37.341915],[23.254386,37.342129],[23.245642,37.346224],[23.240555,37.344594],[23.234526,37.345009],[23.233066,37.346403],[23.231916,37.344415],[23.230111,37.346792],[23.229881,37.344121],[23.225033,37.344442],[23.223611,37.346159],[23.222868,37.343819],[23.217803,37.344012],[23.206181,37.340406],[23.199398,37.341751],[23.191085,37.339703],[23.180846,37.329107],[23.180227,37.322173],[23.192211,37.315675],[23.196237,37.310795],[23.19598,37.308988],[23.201614,37.304419],[23.200159,37.29124],[23.192842,37.292276],[23.191742,37.294054],[23.183625,37.294596],[23.181747,37.293382],[23.181656,37.289689],[23.180062,37.288493],[23.181108,37.286351],[23.176152,37.286814],[23.173821,37.284943],[23.167942,37.28643],[23.168181,37.288931],[23.165027,37.289679],[23.163041,37.295274],[23.15615,37.292101],[23.154232,37.296843],[23.146927,37.295762],[23.143329,37.299445],[23.144873,37.300993],[23.144468,37.304769],[23.13623,37.307918],[23.136731,37.310201],[23.14042,37.311134],[23.139917,37.312668],[23.144387,37.312812],[23.142908,37.315363],[23.146018,37.316861],[23.151769,37.315357],[23.155945,37.316167],[23.157472,37.31935],[23.153555,37.325339],[23.145141,37.327124],[23.144902,37.320981],[23.141621,37.318187],[23.136494,37.317148],[23.134234,37.315062],[23.128532,37.317771],[23.128989,37.313679],[23.127047,37.313628],[23.125344,37.314836],[23.126301,37.316549],[23.12523,37.318001],[23.120352,37.320097],[23.118418,37.319402],[23.121237,37.323185],[23.117935,37.323703],[23.116989,37.325396],[23.11447,37.324965],[23.115947,37.327301],[23.111644,37.329792],[23.110418,37.333169],[23.113664,37.333011],[23.116616,37.335319],[23.121947,37.332353],[23.124322,37.333697],[23.124502,37.331005],[23.127946,37.328885],[23.136653,37.325852],[23.138404,37.327506],[23.133483,37.333126],[23.129249,37.335531],[23.125209,37.335147],[23.124725,37.341651],[23.111406,37.350345],[23.095452,37.352597],[23.086204,37.352228],[23.084508,37.350675],[23.076203,37.351206],[23.072179,37.349558],[23.066099,37.352451],[23.068102,37.359297],[23.069324,37.36074],[23.074458,37.360677],[23.073155,37.362934],[23.075193,37.36472],[23.072456,37.366491],[23.073272,37.369793],[23.069639,37.371617],[23.073461,37.373296],[23.073924,37.376747],[23.071925,37.377602],[23.071139,37.383064],[23.066175,37.388583],[23.062182,37.388922],[23.063289,37.392099],[23.066211,37.39336],[23.077256,37.391938],[23.077741,37.389872],[23.086311,37.387629],[23.089591,37.388471],[23.089412,37.391051],[23.101221,37.390641],[23.106321,37.396323],[23.105551,37.398971],[23.109824,37.397979],[23.111755,37.400823],[23.113074,37.410259],[23.110083,37.41179],[23.110713,37.417948],[23.107821,37.419019],[23.111129,37.422271],[23.122245,37.416722],[23.127446,37.417282],[23.127405,37.413358],[23.133103,37.409683],[23.139541,37.411362],[23.142911,37.415013],[23.14251,37.416819],[23.131178,37.421463],[23.130256,37.424016],[23.134026,37.428242],[23.132028,37.429828],[23.132986,37.435613],[23.131934,37.438842],[23.119975,37.440984],[23.120261,37.442429],[23.125031,37.443472],[23.123986,37.447752],[23.12112,37.450788],[23.114671,37.450686],[23.102777,37.454108],[23.097787,37.452703],[23.090766,37.455284],[23.084082,37.452595],[23.07469,37.453611],[23.069143,37.451034],[23.066736,37.452106],[23.063028,37.449663],[23.056261,37.450679],[23.048704,37.456383],[23.042976,37.457423],[23.044464,37.460904],[23.054451,37.465394],[23.051452,37.472622],[23.046909,37.474431],[23.047591,37.477762],[23.042405,37.480964],[23.038662,37.478238],[23.03099,37.477471],[23.028452,37.476304],[23.029509,37.474909],[23.025775,37.475082],[23.025222,37.473111],[23.017413,37.471286],[23.015656,37.466986],[23.008612,37.46474],[23.007199,37.460391],[23.001927,37.459957],[23.003557,37.472481],[23.000644,37.4771],[22.993909,37.481458],[22.988479,37.499564],[22.980543,37.51383],[22.971165,37.517548],[22.95791,37.517329],[22.949726,37.519724],[22.937099,37.519716],[22.934147,37.522176],[22.938023,37.525255],[22.938195,37.527786],[22.929176,37.534953],[22.920191,37.536243],[22.918839,37.534338],[22.916655,37.534407],[22.926967,37.528113],[22.929203,37.524648],[22.928596,37.523192],[22.914753,37.528541],[22.910838,37.528092],[22.896099,37.532616],[22.876589,37.527314],[22.87441,37.524844],[22.867884,37.527134],[22.861795,37.522182],[22.857491,37.51358],[22.852042,37.512441],[22.84701,37.516086],[22.847072,37.51977],[22.838547,37.519322],[22.830032,37.528652],[22.827252,37.528697],[22.826447,37.52714],[22.819963,37.527796],[22.816486,37.533788],[22.818057,37.536214],[22.820737,37.535557],[22.822896,37.537089],[22.821984,37.544429],[22.817957,37.546815],[22.813003,37.545571],[22.799431,37.562317],[22.791871,37.562201],[22.795189,37.568365],[22.799562,37.568217],[22.801616,37.572857],[22.793741,37.581714],[22.789185,37.583325],[22.786965,37.58641],[22.776952,37.59051],[22.767714,37.590405],[22.749428,37.585623],[22.727988,37.574219],[22.71788,37.563741],[22.71731,37.558505],[22.720895,37.552928],[22.723077,37.541498],[22.730689,37.531755],[22.731794,37.525058],[22.736536,37.521796],[22.739714,37.516495],[22.738258,37.514154],[22.738305,37.508778],[22.728052,37.494345],[22.727849,37.485909],[22.733475,37.476703],[22.746479,37.464202],[22.750088,37.463578],[22.746591,37.456537],[22.746459,37.452152],[22.750142,37.449368],[22.747889,37.445452],[22.747852,37.441406],[22.758417,37.433869],[22.763986,37.42541],[22.767347,37.424143],[22.770079,37.42574],[22.771885,37.423706],[22.771736,37.420571],[22.769326,37.419115],[22.770012,37.414639],[22.763111,37.413118],[22.758073,37.407897],[22.752615,37.393828],[22.754956,37.390153],[22.759962,37.386984],[22.774554,37.386461],[22.780085,37.374158],[22.78812,37.367885],[22.788198,37.365332],[22.795632,37.360889],[22.795925,37.358937],[22.799292,37.358957],[22.798689,37.354525],[22.800016,37.352728],[22.797845,37.350499],[22.799932,37.351136],[22.800568,37.348613],[22.804426,37.347515],[22.805711,37.340435],[22.817063,37.33742],[22.8135,37.3325],[22.808244,37.333677],[22.809625,37.328862],[22.813342,37.327334],[22.816024,37.328309],[22.817582,37.324688],[22.820478,37.324966],[22.822092,37.322293],[22.827814,37.322325],[22.827726,37.319467],[22.820896,37.317112],[22.821535,37.313278],[22.824366,37.309181],[22.829487,37.309842],[22.827056,37.30596],[22.829717,37.305202],[22.830075,37.300927],[22.83541,37.292801],[22.843235,37.292562],[22.837438,37.283338],[22.839458,37.278414],[22.845541,37.275767],[22.849577,37.277297],[22.851314,37.272583],[22.858876,37.272474],[22.859322,37.269028],[22.862774,37.270035],[22.86381,37.266161],[22.862295,37.263779],[22.855411,37.261235],[22.8541,37.259357],[22.854825,37.25591],[22.857863,37.254209],[22.859645,37.248912],[22.861929,37.247259],[22.867419,37.244761],[22.876585,37.2447],[22.874269,37.240411],[22.886187,37.229141],[22.888675,37.222294],[22.894089,37.218504],[22.891036,37.21238],[22.894852,37.207452],[22.89439,37.200955],[22.895981,37.19926],[22.903426,37.198041],[22.912304,37.188997],[22.90614,37.187877],[22.906629,37.179117],[22.902802,37.179507],[22.899696,37.176444],[22.898567,37.170822],[22.899749,37.167499],[22.894203,37.145655],[22.89257,37.144188],[22.894856,37.135202],[22.893029,37.132777],[22.8933,37.12909],[22.897253,37.119553],[22.900387,37.116503],[22.904474,37.11625],[22.909252,37.110533],[22.918122,37.108127],[22.926098,37.10948],[22.927109,37.116281],[22.930273,37.118937],[22.933964,37.115678],[22.938108,37.117428],[22.943837,37.11394],[22.952191,37.114841],[22.952923,37.118165],[22.955063,37.118536],[22.955003,37.117016],[22.958938,37.114904],[22.961007,37.107329],[22.957234,37.105845],[22.959718,37.103133],[22.954882,37.098556],[22.964806,37.096685],[22.963199,37.095356],[22.964124,37.09335],[22.961758,37.092227],[22.962502,37.089422],[22.965124,37.089098],[22.966371,37.091954],[22.969914,37.089844],[22.969519,37.086307],[22.977396,37.082218],[22.984521,37.084628],[22.981614,37.077464],[22.985192,37.073793],[22.983166,37.07082],[22.978589,37.067996],[22.973543,37.069938],[22.971761,37.072518],[22.969877,37.071511],[22.969021,37.073653],[22.964453,37.070152],[22.970577,37.063882],[22.971052,37.058744],[22.977719,37.057687],[22.983352,37.045947],[22.986824,37.047482],[22.993374,37.043707],[22.992347,37.040949],[22.997036,37.033074],[22.995508,37.031381],[23.000944,37.031085],[23.002036,37.025293],[23.005296,37.024023],[23.005101,37.020193],[22.996141,37.017543],[22.999754,37.012132],[23.00539,37.008098],[23.000543,37.003735],[23.000636,36.999861],[23.005252,36.996233],[23.007262,36.984817],[23.005325,36.982373],[22.999091,36.984622],[22.997013,36.983804],[22.992191,36.976655],[22.992157,36.972972],[23.001132,36.966868],[23.006738,36.970934],[23.011859,36.970112],[23.010053,36.966649],[23.007789,36.965899],[23.008665,36.964274],[23.006916,36.958197],[23.009923,36.957316],[23.012835,36.954028],[23.011385,36.951698],[23.012893,36.949422],[23.020568,36.945446],[23.012307,36.940503],[23.012705,36.937858],[23.020904,36.921001],[23.02775,36.914852],[23.033415,36.905966],[23.035782,36.895558],[23.039537,36.889656],[23.038333,36.882041],[23.044087,36.875756],[23.047246,36.874797],[23.046199,36.872118],[23.051609,36.861834],[23.038853,36.858168],[23.047479,36.856676],[23.048316,36.853903],[23.04467,36.850876],[23.050557,36.84881],[23.058658,36.84249],[23.058751,36.839935],[23.053204,36.840521],[23.053131,36.838353],[23.058635,36.836871],[23.062657,36.832917],[23.073607,36.830221],[23.072719,36.828321],[23.077774,36.825192],[23.07758,36.819846],[23.084244,36.821294],[23.090176,36.819242],[23.088945,36.81163],[23.083788,36.809817],[23.08484,36.805176],[23.088917,36.800469],[23.090964,36.795008],[23.089016,36.793806],[23.091369,36.791587],[23.08958,36.788491],[23.090167,36.785523],[23.087297,36.784154],[23.091681,36.783148],[23.094582,36.787476],[23.098375,36.788193],[23.098847,36.783067],[23.100385,36.781972],[23.099943,36.777944],[23.105965,36.777488],[23.110858,36.773991],[23.110865,36.770487],[23.100896,36.764531],[23.093765,36.763647],[23.092,36.761526],[23.088946,36.762452],[23.084635,36.759357],[23.08382,36.756575],[23.086092,36.747074],[23.085184,36.74378],[23.091832,36.736793],[23.087883,36.736372],[23.089147,36.733699],[23.08654,36.728794],[23.077242,36.730377],[23.073305,36.733902],[23.067428,36.733986],[23.062831,36.743046],[23.057428,36.74506],[23.053589,36.742388],[23.047363,36.742632],[23.045901,36.737906],[23.049873,36.735497],[23.046787,36.730656],[23.040344,36.730777],[23.040074,36.732706],[23.034694,36.733613],[23.030642,36.732392],[23.025839,36.727138],[23.023559,36.715339],[23.025403,36.709622],[23.032344,36.707259],[23.036499,36.703271],[23.032591,36.696289],[23.034546,36.69041],[23.039706,36.687297],[23.051175,36.690819],[23.05956,36.689871],[23.053308,36.68476],[23.048988,36.684355],[23.044192,36.686354],[23.038834,36.685355],[23.038278,36.683986],[23.039778,36.682907],[23.038547,36.674811],[23.035532,36.671174],[23.031174,36.670322],[23.027015,36.662147],[23.027622,36.657638],[23.026007,36.655809],[23.032805,36.640146],[23.032328,36.638226],[23.030201,36.639238],[23.02949,36.637538],[23.033507,36.629801],[23.032385,36.625836],[23.044896,36.618995],[23.046792,36.615546],[23.049042,36.615415],[23.048935,36.613655],[23.046007,36.613132],[23.047535,36.609228],[23.053098,36.608925],[23.054363,36.610477],[23.054858,36.608511],[23.057793,36.607252],[23.058568,36.605275],[23.056591,36.603567],[23.059252,36.600543],[23.059449,36.597878],[23.063084,36.594696],[23.062389,36.593456],[23.068751,36.589807],[23.066836,36.587187],[23.067513,36.585695],[23.087294,36.573838],[23.089182,36.571348],[23.094923,36.569368],[23.100489,36.564012],[23.10797,36.562168],[23.109617,36.559737],[23.121058,36.561905],[23.127304,36.559391],[23.131289,36.555132],[23.131483,36.550894],[23.13559,36.547681],[23.132496,36.54281],[23.133557,36.541394],[23.14064,36.543174],[23.143086,36.53923],[23.153509,36.535814],[23.153594,36.534638],[23.149104,36.533447],[23.139734,36.526877],[23.140358,36.520016],[23.142759,36.517991],[23.142728,36.511591],[23.138512,36.506445],[23.130504,36.501419],[23.130362,36.49782],[23.134281,36.495303],[23.140838,36.494957],[23.140472,36.492038],[23.145535,36.485822],[23.14808,36.48603],[23.149205,36.488036],[23.153072,36.487946],[23.154398,36.485554],[23.159582,36.486834],[23.163409,36.483602],[23.165165,36.483883],[23.164646,36.480753],[23.169424,36.476841],[23.169127,36.474918],[23.165749,36.47381],[23.165424,36.470919],[23.16758,36.466871],[23.179235,36.46859],[23.179333,36.466433],[23.182899,36.46427],[23.195755,36.460328],[23.202736,36.450217],[23.202742,36.447173],[23.200734,36.444473],[23.201702,36.440149],[23.198692,36.434794],[23.187966,36.43775],[23.180093,36.438491],[23.176964,36.436447],[23.173865,36.437999],[23.144951,36.441095],[23.141665,36.438777],[23.141538,36.434483],[23.139257,36.431171],[23.131132,36.427528],[23.112766,36.433742],[23.110526,36.439561],[23.105828,36.441181],[23.099253,36.441197],[23.095569,36.436656],[23.091658,36.441854],[23.086021,36.43919],[23.087299,36.444096],[23.083241,36.444421],[23.083771,36.44659],[23.081176,36.451348],[23.073463,36.458322],[23.075628,36.459521],[23.073794,36.46384],[23.069442,36.46407],[23.066126,36.467842],[23.066106,36.471489],[23.062624,36.474297],[23.068831,36.482026],[23.068644,36.486638],[23.066652,36.488526],[23.062861,36.48839],[23.064962,36.492418],[23.066717,36.490827],[23.068565,36.497866],[23.064569,36.5049],[23.056409,36.511526],[23.051782,36.513214],[23.035283,36.525445],[23.022232,36.52843],[23.011908,36.527556],[23.004589,36.524802],[22.99745,36.525626],[22.986627,36.520592],[22.986864,36.519127],[22.989659,36.518935],[22.985477,36.517043],[22.981962,36.520974],[22.971755,36.520662],[22.968727,36.518978],[22.968287,36.52092],[22.959543,36.507597],[22.966315,36.507602],[22.971997,36.510646],[22.975169,36.50899],[22.978677,36.510562],[22.980649,36.509655],[22.983221,36.505102],[22.984044,36.497648],[22.985971,36.494291],[22.985083,36.489054],[22.987804,36.483523],[22.98305,36.481802],[22.982313,36.47732],[22.991804,36.471338],[22.992474,36.468706],[22.989404,36.466442],[22.98981,36.462518],[22.986828,36.459608],[22.988794,36.456782],[22.987401,36.45513],[22.982182,36.458534],[22.98357,36.463228],[22.980747,36.467024],[22.978129,36.466675],[22.978275,36.463328],[22.971703,36.462212],[22.971561,36.464186],[22.977714,36.468477],[22.973711,36.474302],[22.969051,36.47643],[22.958918,36.476802],[22.956535,36.47451],[22.950647,36.474051],[22.928779,36.377959],[22.937765,36.376715],[22.939053,36.378317],[22.947066,36.379878],[22.948248,36.384674],[22.951414,36.385745],[22.955452,36.380552],[22.955653,36.373889],[22.958902,36.372829],[22.962281,36.366148],[22.960992,36.364087],[22.964629,36.362646],[22.966192,36.358331],[22.969802,36.35675],[22.968145,36.354004],[22.975105,36.352525],[22.974267,36.349748],[22.980057,36.342389],[22.977476,36.336817],[22.981103,36.332083],[22.98006,36.328559],[22.984774,36.324672],[22.986056,36.321654],[22.990885,36.317714],[22.997842,36.315812],[22.999579,36.311333],[23.003067,36.308903],[23.009161,36.307076],[23.014049,36.307438],[23.020484,36.302986],[23.022719,36.299284],[23.033261,36.297086],[23.043347,36.290005],[23.048374,36.289318],[23.069947,36.267201],[23.07699,36.264711],[23.081643,36.259957],[23.086346,36.258426],[23.09012,36.251935],[23.101052,36.250106],[23.104335,36.24273],[23.103948,36.237667],[23.105994,36.235907],[23.098401,36.231797],[23.09646,36.224812],[23.091622,36.219197],[23.081975,36.222416],[23.082274,36.225642],[23.080933,36.224293],[23.075729,36.224109],[23.073282,36.226521],[23.059763,36.223104],[23.059987,36.221244],[23.055982,36.219557],[23.054163,36.216952],[23.05446,36.209994],[23.050856,36.20689],[23.048733,36.199636],[23.050268,36.198792],[23.050916,36.194455],[23.048498,36.193255],[23.045914,36.188736],[23.046202,36.180955],[23.047473,36.179713],[23.045424,36.178993],[23.045263,36.175695],[23.049271,36.168901],[23.049252,36.160296],[23.04756,36.157082],[23.056919,36.148185],[23.05952,36.143633],[23.051175,36.145569],[23.051146,36.137195],[23.048048,36.129691],[23.037089,36.132805],[23.034889,36.131655],[23.025169,36.137701],[23.021712,36.141971],[23.020436,36.138099],[23.01793,36.138086],[23.014948,36.141696],[23.01447,36.137064],[23.010108,36.135389],[23.00551,36.136066],[23.003439,36.138038],[23.003322,36.140845],[22.999588,36.142047],[23.000925,36.143953],[22.998698,36.145292],[22.991106,36.139404],[22.989279,36.135803],[23.268783,35.905878],[23.27839,35.901945],[23.281705,35.894449],[23.286088,35.895674],[23.286881,35.891016],[23.291219,35.88628],[23.289612,35.882675],[23.292611,35.884326],[23.293353,35.892063],[23.297644,35.892607],[23.305269,35.886441],[23.306867,35.890337],[23.312248,35.886814],[23.321859,35.872396],[23.322148,35.867176],[23.327286,35.854191],[23.328847,35.839118],[23.327616,35.836596],[23.330201,35.826957],[23.325532,35.825039],[23.583027,35.644861],[23.58539,35.646654],[23.594273,35.639681],[23.596057,35.628423],[23.601255,35.625101],[23.602817,35.617695],[23.609333,35.610268],[23.607312,35.605711],[23.610635,35.603054],[23.609566,35.598061],[23.606392,35.593611],[23.602519,35.592178],[23.603498,35.583933],[23.607258,35.577273],[23.606595,35.571192],[23.605003,35.569645],[23.613114,35.564994],[23.613191,35.556463],[23.611299,35.550665],[23.613652,35.548721],[23.612677,35.537658],[23.614975,35.534991],[23.612578,35.533363],[23.612214,35.521174],[23.615677,35.518483],[23.625422,35.516088],[23.630159,35.512863],[23.63151,35.515003],[23.634267,35.513734],[23.634217,35.516321],[23.638418,35.519782],[23.638619,35.517518],[23.636176,35.515461],[23.638753,35.514352],[23.640206,35.50651],[23.643897,35.504308],[23.64669,35.500173],[23.658322,35.498413],[23.680527,35.499237],[23.707068,35.50385],[23.7179,35.50739],[23.718155,35.509298],[23.720944,35.511152],[23.723809,35.528353],[23.722179,35.530602],[23.722438,35.534576],[23.72448,35.53511],[23.728676,35.545901],[23.723525,35.55454],[23.725315,35.561306],[23.722674,35.567174],[23.723745,35.571205],[23.719417,35.572614],[23.719176,35.579737],[23.715107,35.581743],[23.712033,35.587002],[23.714432,35.589556],[23.708006,35.595636],[23.70825,35.598115],[23.711535,35.60025],[23.70753,35.605085],[23.708493,35.606307],[23.707201,35.607967],[23.714973,35.615395],[23.70999,35.620402],[23.712981,35.622267],[23.709834,35.625749],[23.710458,35.629057],[23.707961,35.629966],[23.706672,35.633767],[23.702171,35.634949],[23.704735,35.635494],[23.705956,35.637947],[23.704926,35.639415],[23.706678,35.642956],[23.704844,35.643101],[23.70486,35.645154],[23.708847,35.653637],[23.707753,35.658719],[23.712797,35.664814],[23.716568,35.665593],[23.7164,35.668815],[23.71965,35.674576],[23.724951,35.675929],[23.7292,35.684271],[23.734058,35.686299],[23.7328,35.686926],[23.733325,35.690686],[23.737773,35.695833],[23.744256,35.688916],[23.763113,35.678833],[23.76499,35.675512],[23.774426,35.668056],[23.770826,35.66396],[23.769081,35.664351],[23.767679,35.660086],[23.76408,35.656745],[23.762767,35.64838],[23.763789,35.645854],[23.766487,35.645443],[23.76635,35.64074],[23.772223,35.635952],[23.772154,35.634674],[23.767594,35.633013],[23.770508,35.632146],[23.772282,35.629043],[23.774247,35.611419],[23.775047,35.608516],[23.776371,35.608525],[23.776593,35.603355],[23.778458,35.601677],[23.777117,35.601377],[23.778361,35.598614],[23.776745,35.595972],[23.779112,35.593578],[23.77815,35.588333],[23.779403,35.584447],[23.777457,35.582619],[23.779068,35.573649],[23.77676,35.569556],[23.77944,35.566013],[23.778404,35.552297],[23.779439,35.547233],[23.783859,35.542547],[23.805879,35.536023],[23.81576,35.534385],[23.821422,35.53639],[23.827631,35.53492],[23.831717,35.535823],[23.842515,35.527132],[23.904365,35.518762],[23.909598,35.519003],[23.91176,35.520883],[23.912277,35.519424],[23.920005,35.519282],[23.928369,35.521138],[23.930404,35.52307],[23.938784,35.51694],[23.945888,35.514081],[23.96429,35.514115],[23.96589,35.5126],[23.968691,35.514878],[23.973356,35.511498],[23.977144,35.513573],[23.976076,35.515315],[23.977739,35.516685],[23.978511,35.514269],[23.982659,35.518171],[23.983793,35.51422],[23.984833,35.516893],[23.989873,35.518039],[23.99126,35.516271],[23.989352,35.513223],[23.994254,35.511497],[24.005905,35.513801],[24.009902,35.518506],[24.017505,35.518155],[24.020867,35.520383],[24.02461,35.520241],[24.025368,35.516769],[24.02843,35.516392],[24.047797,35.524395],[24.048706,35.530339],[24.046791,35.534198],[24.05098,35.538877],[24.049849,35.541456],[24.052972,35.539712],[24.052382,35.551386],[24.063154,35.54871],[24.057942,35.553237],[24.057738,35.555682],[24.066713,35.547735],[24.07091,35.551939],[24.086398,35.554039],[24.087207,35.555385],[24.08509,35.561905],[24.081113,35.566386],[24.076565,35.568318],[24.07761,35.571453],[24.073465,35.573876],[24.074309,35.578817],[24.068972,35.583291],[24.077786,35.586883],[24.078908,35.589375],[24.077924,35.592596],[24.080832,35.592503],[24.083114,35.594508],[24.08595,35.59155],[24.090775,35.591513],[24.091814,35.594161],[24.095995,35.594004],[24.095402,35.591462],[24.096696,35.590799],[24.10003,35.59773],[24.109641,35.600161],[24.12799,35.601629],[24.142629,35.595106],[24.166811,35.590651],[24.175758,35.586726],[24.185047,35.571917],[24.190628,35.567296],[24.195486,35.551947],[24.202446,35.538295],[24.196881,35.529454],[24.18736,35.519636],[24.184734,35.51318],[24.183973,35.505526],[24.181949,35.503013],[24.175143,35.505114],[24.169569,35.499897],[24.165107,35.499699],[24.168196,35.497494],[24.166677,35.494774],[24.157709,35.494206],[24.154398,35.496054],[24.143461,35.497269],[24.138565,35.495946],[24.123888,35.501908],[24.109727,35.504404],[24.106996,35.507813],[24.102542,35.505923],[24.094491,35.505731],[24.091186,35.50362],[24.084709,35.508057],[24.08087,35.50868],[24.074866,35.50544],[24.073687,35.502933],[24.061504,35.499029],[24.061606,35.492382],[24.064138,35.492456],[24.064769,35.489763],[24.068293,35.488906],[24.069561,35.490471],[24.066353,35.49209],[24.067153,35.49315],[24.072973,35.491868],[24.074671,35.48995],[24.077592,35.491018],[24.0788,35.489129],[24.086588,35.489403],[24.088659,35.485693],[24.108816,35.477921],[24.115106,35.472706],[24.123575,35.469895],[24.139261,35.46939],[24.152124,35.471606],[24.157654,35.464474],[24.175593,35.452007],[24.181483,35.45294],[24.187512,35.449284],[24.195064,35.451936],[24.19763,35.450238],[24.201556,35.450627],[24.204734,35.452953],[24.20868,35.461816],[24.218189,35.463411],[24.218589,35.460845],[24.221396,35.459991],[24.22714,35.463761],[24.231853,35.469393],[24.243391,35.475023],[24.242687,35.472461],[24.245579,35.470346],[24.24964,35.462027],[24.257813,35.455078],[24.258748,35.452381],[24.259436,35.4474],[24.25688,35.442865],[24.259751,35.438119],[24.254178,35.430385],[24.257813,35.42606],[24.262926,35.425585],[24.265555,35.420495],[24.271135,35.419622],[24.26741,35.418908],[24.265484,35.414648],[24.263737,35.41467],[24.266672,35.409604],[24.264387,35.407468],[24.265151,35.403588],[24.262214,35.40245],[24.264325,35.399197],[24.267684,35.399457],[24.26694,35.397447],[24.262709,35.395272],[24.265783,35.391575],[24.262141,35.391299],[24.257113,35.386528],[24.257495,35.376655],[24.263447,35.369362],[24.262481,35.363564],[24.265708,35.360136],[24.283922,35.35444],[24.317483,35.353166],[24.319172,35.351827],[24.333758,35.350231],[24.355152,35.350524],[24.362316,35.352168],[24.367742,35.358407],[24.369863,35.357782],[24.372084,35.361154],[24.375647,35.362419],[24.390706,35.36111],[24.404315,35.363904],[24.406768,35.360881],[24.410275,35.360326],[24.416073,35.363683],[24.420599,35.36941],[24.424189,35.367466],[24.440094,35.367907],[24.444229,35.370238],[24.449111,35.369864],[24.452558,35.366158],[24.458042,35.36447],[24.467699,35.367252],[24.469057,35.373488],[24.478612,35.372933],[24.477415,35.37173],[24.47812,35.368436],[24.481207,35.367509],[24.480856,35.369437],[24.483329,35.369584],[24.486462,35.366942],[24.552352,35.375467],[24.575949,35.38233],[24.583205,35.382458],[24.602212,35.389118],[24.603623,35.391053],[24.607068,35.390507],[24.613794,35.393312],[24.616741,35.395869],[24.617491,35.399556],[24.628807,35.402785],[24.634367,35.408824],[24.640712,35.412645],[24.642026,35.411484],[24.645058,35.413262],[24.648353,35.419973],[24.666875,35.420708],[24.679404,35.418851],[24.684883,35.421016],[24.689222,35.41846],[24.690766,35.419708],[24.693318,35.418931],[24.699495,35.427106],[24.723986,35.424173],[24.728941,35.425998],[24.735459,35.42542],[24.74003,35.420083],[24.748409,35.419442],[24.750067,35.420827],[24.754521,35.418795],[24.754794,35.42036],[24.757576,35.420968],[24.768016,35.417214],[24.775748,35.417962],[24.777859,35.419793],[24.781189,35.419247],[24.783106,35.421012],[24.786976,35.41731],[24.784881,35.413186],[24.784861,35.409076],[24.78851,35.407116],[24.790834,35.40768],[24.792839,35.411194],[24.795076,35.410252],[24.795929,35.411968],[24.798235,35.409896],[24.807806,35.410935],[24.81431,35.408409],[24.819634,35.408425],[24.823533,35.411666],[24.826949,35.412315],[24.82452,35.414507],[24.826618,35.415399],[24.829606,35.411359],[24.829151,35.409964],[24.835122,35.40611],[24.839069,35.407583],[24.838343,35.40978],[24.841409,35.407123],[24.847383,35.407487],[24.846885,35.409843],[24.849962,35.408721],[24.851372,35.410353],[24.854312,35.409096],[24.873219,35.409618],[24.875207,35.413703],[24.877095,35.414094],[24.875299,35.42208],[24.877633,35.419798],[24.880736,35.421799],[24.885831,35.422036],[24.896286,35.414701],[24.904974,35.413581],[24.910043,35.410991],[24.918773,35.403597],[24.920857,35.403615],[24.921223,35.405913],[24.925126,35.407139],[24.927527,35.409889],[24.930141,35.40399],[24.937238,35.407552],[24.940982,35.407557],[24.949378,35.405836],[24.955109,35.402092],[24.960474,35.403595],[24.960938,35.407924],[24.963919,35.408103],[24.963428,35.412814],[24.968421,35.421993],[24.96849,35.426816],[24.973407,35.432261],[24.974375,35.431455],[24.972659,35.42885],[24.974829,35.423108],[24.98093,35.418127],[24.986709,35.417321],[24.98955,35.413957],[24.997794,35.416481],[25.002257,35.421265],[25.010674,35.418826],[25.012408,35.420429],[25.014162,35.419081],[25.015424,35.420835],[25.018414,35.420284],[25.021417,35.41815],[25.019927,35.416447],[25.020952,35.413797],[25.018738,35.410618],[25.022998,35.408901],[25.01925,35.407178],[25.018901,35.404944],[25.022125,35.402354],[25.027955,35.402972],[25.026984,35.399391],[25.032916,35.402017],[25.040805,35.400217],[25.044588,35.405173],[25.046133,35.402797],[25.042808,35.398657],[25.04552,35.394974],[25.049502,35.394678],[25.049675,35.392954],[25.041425,35.388534],[25.037295,35.379523],[25.039131,35.376338],[25.037964,35.373954],[25.040326,35.36559],[25.039974,35.359602],[25.047142,35.345049],[25.056088,35.340832],[25.061311,35.339295],[25.092779,35.337167],[25.109888,35.338773],[25.121499,35.342044],[25.136127,35.342689],[25.137251,35.344081],[25.141702,35.342428],[25.146429,35.342953],[25.146166,35.346177],[25.148765,35.34354],[25.152314,35.343352],[25.153523,35.348043],[25.157832,35.345711],[25.185581,35.345137],[25.189342,35.340372],[25.192938,35.341377],[25.192154,35.333331],[25.197592,35.332031],[25.212689,35.332568],[25.223347,35.335064],[25.227077,35.332497],[25.231932,35.332402],[25.236238,35.330155],[25.243677,35.332806],[25.266456,35.33234],[25.276913,35.335882],[25.283736,35.333608],[25.290355,35.333522],[25.301691,35.334844],[25.304762,35.337019],[25.310029,35.335451],[25.331398,35.33517],[25.337688,35.337026],[25.353213,35.336582],[25.368005,35.339202],[25.381415,35.338421],[25.386879,35.337518],[25.384734,35.33495],[25.385001,35.332031],[25.387612,35.329868],[25.389096,35.324345],[25.39219,35.32247],[25.391998,35.318235],[25.397721,35.315179],[25.402089,35.310614],[25.404436,35.311099],[25.407878,35.307508],[25.420156,35.306629],[25.424029,35.30252],[25.423413,35.297897],[25.427385,35.294651],[25.442673,35.291752],[25.464589,35.292842],[25.469773,35.293949],[25.47147,35.296045],[25.47254,35.294403],[25.48724,35.295238],[25.493894,35.299532],[25.498012,35.299275],[25.513914,35.3083],[25.52943,35.309916],[25.543651,35.320832],[25.556693,35.322392],[25.563109,35.319105],[25.573114,35.319292],[25.581601,35.325867],[25.58513,35.32663],[25.587606,35.332031],[25.59886,35.331407],[25.621062,35.337838],[25.645228,35.341034],[25.659788,35.347942],[25.665392,35.347673],[25.668634,35.344261],[25.673834,35.34347],[25.67532,35.340744],[25.679088,35.340663],[25.681678,35.338459],[25.698701,35.335859],[25.714344,35.339028],[25.719904,35.337668],[25.721711,35.339723],[25.730013,35.340538],[25.732574,35.336563],[25.746231,35.338981],[25.755005,35.336011],[25.76151,35.341476],[25.768267,35.34019],[25.773041,35.341149],[25.772775,35.337819],[25.769955,35.336073],[25.771404,35.334144],[25.769119,35.32746],[25.763173,35.319511],[25.75689,35.317335],[25.750296,35.311333],[25.727337,35.302872],[25.730611,35.28871],[25.72445,35.281937],[25.724721,35.271347],[25.721982,35.266895],[25.723371,35.262411],[25.730744,35.258188],[25.732379,35.255444],[25.735001,35.255728],[25.731102,35.249416],[25.732452,35.248319],[25.732319,35.242882],[25.735811,35.240115],[25.736996,35.233893],[25.740391,35.231768],[25.732198,35.22463],[25.719151,35.222293],[25.714286,35.219615],[25.712944,35.212803],[25.713763,35.210707],[25.717499,35.208749],[25.720335,35.201758],[25.716424,35.201453],[25.716151,35.199347],[25.713392,35.197693],[25.719027,35.190311],[25.720968,35.1912],[25.720157,35.193153],[25.722791,35.18924],[25.715638,35.185964],[25.709709,35.177571],[25.711496,35.170924],[25.714538,35.16865],[25.711213,35.166173],[25.715701,35.164285],[25.715801,35.162491],[25.718653,35.161088],[25.716617,35.160072],[25.723656,35.15486],[25.722388,35.152716],[25.725248,35.150311],[25.721625,35.147936],[25.729769,35.149126],[25.730441,35.14669],[25.728539,35.143174],[25.729725,35.141318],[25.727831,35.13909],[25.729118,35.137392],[25.726138,35.131915],[25.728558,35.129046],[25.735059,35.127136],[25.738495,35.132259],[25.74085,35.132361],[25.743204,35.128753],[25.742908,35.125852],[25.747494,35.126168],[25.747424,35.129526],[25.750742,35.130827],[25.753094,35.129875],[25.752339,35.126735],[25.753846,35.125923],[25.759923,35.1306],[25.761985,35.128581],[25.761848,35.126266],[25.769825,35.1217],[25.775684,35.121502],[25.779025,35.119771],[25.782392,35.121334],[25.787894,35.11458],[25.795497,35.115002],[25.798072,35.11296],[25.801606,35.114223],[25.80521,35.110337],[25.811119,35.109489],[25.819378,35.114308],[25.825161,35.119877],[25.831022,35.131503],[25.836615,35.133729],[25.835747,35.137307],[25.843476,35.139403],[25.844876,35.145567],[25.843218,35.15011],[25.847225,35.156995],[25.858317,35.1595],[25.863238,35.152064],[25.869255,35.157874],[25.879879,35.159698],[25.883874,35.164481],[25.885233,35.169407],[25.894837,35.172018],[25.894765,35.1768],[25.891462,35.18052],[25.89433,35.185791],[25.896884,35.187314],[25.900173,35.182367],[25.904979,35.184742],[25.908952,35.180998],[25.919778,35.179216],[25.935293,35.180983],[25.938914,35.180002],[25.945826,35.181393],[25.949712,35.184027],[25.954154,35.183192],[25.955361,35.189794],[25.963133,35.200429],[25.969728,35.200399],[25.974494,35.195079],[25.983987,35.196739],[25.987865,35.199796],[25.998295,35.198928],[25.999749,35.202703],[26.003303,35.202716],[26.006822,35.206614],[26.00343,35.209446],[26.004739,35.213267],[26.015625,35.220145],[26.01738,35.223303],[26.026804,35.229878],[26.035023,35.230673],[26.041952,35.22472],[26.04901,35.224964],[26.053486,35.227035],[26.052606,35.229147],[26.056067,35.234165],[26.058871,35.234114],[26.061303,35.236501],[26.06643,35.234819],[26.060364,35.230571],[26.060243,35.228945],[26.068619,35.220457],[26.077533,35.222024],[26.07959,35.221479],[26.080003,35.21911],[26.083362,35.218562],[26.093457,35.222236],[26.100932,35.22307],[26.105499,35.227396],[26.112559,35.227963],[26.117168,35.225138],[26.117601,35.223033],[26.111836,35.210865],[26.107999,35.208179],[26.111656,35.203755],[26.126803,35.198866],[26.130656,35.200567],[26.135331,35.195618],[26.151477,35.196409],[26.15303,35.198156],[26.162625,35.198785],[26.170171,35.202671],[26.174511,35.208428],[26.17776,35.208532],[26.180027,35.212013],[26.183472,35.21292],[26.186891,35.211332],[26.186116,35.217683],[26.181376,35.224004],[26.187148,35.227156],[26.188801,35.225502],[26.195961,35.226882],[26.199107,35.228843],[26.200995,35.232796],[26.207852,35.235069],[26.207781,35.237551],[26.203854,35.241309],[26.20864,35.242298],[26.213592,35.238923],[26.2169,35.243841],[26.225919,35.25083],[26.225859,35.257007],[26.220232,35.255397],[26.221507,35.256598],[26.221689,35.266657],[26.22286,35.267806],[26.227365,35.265649],[26.231804,35.269257],[26.236717,35.269349],[26.235974,35.271712],[26.230442,35.273921],[26.236125,35.27955],[26.246624,35.281786],[26.24792,35.273075],[26.25334,35.273415],[26.254456,35.272191],[26.255916,35.277483],[26.260172,35.280345],[26.265103,35.281732],[26.271606,35.281086],[26.273974,35.283453],[26.279355,35.284964],[26.288037,35.285005],[26.288937,35.287864],[26.287213,35.290115],[26.276603,35.290909],[26.27354,35.295445],[26.281592,35.298758],[26.300226,35.300375],[26.300439,35.301768],[26.297609,35.301368],[26.298514,35.304369],[26.294935,35.302518],[26.283738,35.304148],[26.282421,35.310399],[26.285511,35.309919],[26.289764,35.311675],[26.289545,35.313306],[26.297395,35.312862],[26.302014,35.315252],[26.312398,35.316947],[26.313732,35.31594],[26.314042,35.310431],[26.312632,35.308138],[26.314573,35.30642],[26.302673,35.30155],[26.306593,35.299992],[26.307363,35.29336],[26.294217,35.290843],[26.296862,35.286927],[26.295921,35.286392],[26.290869,35.289193],[26.291094,35.286149],[26.293402,35.285607],[26.292958,35.282123],[26.288216,35.275533],[26.274188,35.273749],[26.26367,35.266386],[26.264999,35.263449],[26.263679,35.26141],[26.265648,35.260803],[26.266098,35.256305],[26.264611,35.254016],[26.270457,35.250806],[26.269723,35.241893],[26.273299,35.239836],[26.271685,35.235065],[26.276623,35.230057],[26.273721,35.22939],[26.273833,35.225734],[26.277578,35.223016],[26.273818,35.221339],[26.274979,35.219329],[26.273247,35.215902],[26.267537,35.214671],[26.267007,35.210574],[26.273925,35.202842],[26.279561,35.202195],[26.276449,35.197136],[26.278885,35.194845],[26.301806,35.186748],[26.304894,35.187776],[26.312863,35.198096],[26.316945,35.197814],[26.318337,35.195621],[27.134202,35.398753],[27.132399,35.401209],[27.143088,35.406147],[27.144474,35.408424],[27.139578,35.41509],[27.139722,35.418991],[27.133825,35.42217],[27.131227,35.426955],[27.118042,35.428396],[27.116087,35.423025],[27.112492,35.423592],[27.110106,35.429355],[27.107467,35.429152],[27.10074,35.436761],[27.09756,35.436401],[27.093199,35.440535],[27.089537,35.439605],[27.08893,35.440667],[27.090924,35.441322],[27.088946,35.44372],[27.084181,35.445001],[27.081832,35.443224],[27.079349,35.443816],[27.07928,35.449121],[27.087945,35.450766],[27.086552,35.452655],[27.082669,35.452139],[27.083366,35.454383],[27.087498,35.455255],[27.08992,35.452862],[27.089696,35.45584],[27.091544,35.455369],[27.098076,35.46072],[27.099641,35.463525],[27.098904,35.46582],[27.102111,35.46569],[27.102878,35.463619],[27.104398,35.463605],[27.109831,35.469497],[27.109766,35.471163],[27.112195,35.472132],[27.103593,35.475507],[27.103315,35.476813],[27.111181,35.4783],[27.114384,35.475883],[27.119208,35.484833],[27.118517,35.489184],[27.113471,35.490288],[27.109161,35.494755],[27.114251,35.496094],[27.114576,35.498617],[27.110871,35.500718],[27.113006,35.504474],[27.104997,35.511918],[27.105857,35.514768],[27.104641,35.516316],[27.106905,35.517789],[27.108615,35.524772],[27.107421,35.528555],[27.108624,35.53135],[27.102556,35.535448],[27.10954,35.537208],[27.112813,35.544827],[27.110526,35.549127],[27.105808,35.550583],[27.107037,35.555609],[27.101745,35.560217],[27.090775,35.560059],[27.08556,35.566127],[27.077048,35.568972],[27.073137,35.574678],[27.078307,35.581577],[27.070313,35.585379],[27.070313,35.587054],[27.069093,35.585494],[27.065938,35.586292],[27.067107,35.587453],[27.065992,35.588444],[27.068907,35.590195],[27.061076,35.597973],[27.063247,35.599602],[27.065211,35.605857],[27.082283,35.61163],[27.082226,35.613492],[27.087613,35.613921],[27.082974,35.62144],[27.088763,35.624827],[27.089958,35.628319],[27.094251,35.62662],[27.094141,35.628294],[27.097373,35.628429],[27.102713,35.635579],[27.109206,35.637347],[27.109141,35.639872],[27.113878,35.63983],[27.120718,35.643885],[27.117429,35.652054],[27.121462,35.652071],[27.123676,35.656039],[27.122901,35.65835],[27.120173,35.658661],[27.120207,35.661222],[27.116892,35.662103],[27.116326,35.665303],[27.122685,35.675697],[27.123914,35.684299],[27.127348,35.689227],[27.130463,35.689437],[27.131282,35.692214],[27.136975,35.694358],[27.137049,35.70435],[27.141482,35.705773],[27.138733,35.708812],[27.144204,35.713866],[27.148032,35.713143],[27.149393,35.715034],[27.146385,35.714646],[27.146194,35.716174],[27.152803,35.718889],[27.162172,35.726163],[27.163129,35.731218],[27.166434,35.735384],[27.165414,35.738972],[27.16297,35.740326],[27.160782,35.747328],[27.160095,35.757101],[27.162449,35.774361],[27.164402,35.778622],[27.164511,35.793938],[27.165815,35.796873],[27.162776,35.803369],[27.165751,35.803753],[27.167645,35.800112],[27.169648,35.799509],[27.170948,35.800411],[27.169392,35.802964],[27.170179,35.807062],[27.174081,35.807953],[27.183081,35.803897],[27.189178,35.803201],[27.192621,35.807487],[27.191387,35.809891],[27.197475,35.810856],[27.200443,35.814029],[27.202015,35.820175],[27.206292,35.82317],[27.205272,35.826886],[27.210293,35.831012],[27.219011,35.829578],[27.220314,35.83083],[27.230412,35.830213],[27.235823,35.824726],[27.235417,35.822984],[27.233674,35.82411],[27.230282,35.819056],[27.234201,35.813735],[27.234324,35.810711],[27.232725,35.810076],[27.233108,35.80389],[27.231104,35.796853],[27.221985,35.787144],[27.217408,35.785262],[27.212005,35.778492],[27.209738,35.758761],[27.211835,35.755898],[27.214997,35.755437],[27.215335,35.752729],[27.218022,35.752336],[27.215292,35.748353],[27.215336,35.744001],[27.219621,35.736028],[27.21853,35.732002],[27.22008,35.73001],[27.217767,35.725238],[27.212098,35.725274],[27.209343,35.719741],[27.204069,35.718138],[27.20206,35.707766],[27.197845,35.704665],[27.197301,35.70215],[27.19166,35.6988],[27.191112,35.696422],[27.193509,35.690883],[27.190617,35.687976],[27.193485,35.682651],[27.18655,35.680415],[27.182638,35.670309],[27.172307,35.665174],[27.161818,35.65476],[27.161885,35.64615],[27.159439,35.642456],[27.16224,35.633843],[27.161628,35.631601],[27.157681,35.631006],[27.158615,35.627561],[27.163646,35.62283],[27.158695,35.620495],[27.155898,35.617013],[27.151944,35.616819],[27.151215,35.615192],[27.154868,35.606709],[27.159771,35.602588],[27.164983,35.602905],[27.177049,35.599393],[27.181651,35.59607],[27.179179,35.587633],[27.189219,35.577438],[27.192688,35.577858],[27.204932,35.573253],[27.205573,35.570386],[27.203695,35.567191],[27.20549,35.557687],[27.207927,35.557964],[27.219918,35.546464],[27.218714,35.541428],[27.21174,35.534722],[27.748713,35.876504],[27.751658,35.88108],[27.749019,35.883661],[27.749625,35.884894],[27.756704,35.888365],[27.758599,35.887771],[27.76335,35.893635],[27.762549,35.896952],[27.758378,35.903563],[27.752585,35.904643],[27.747022,35.910332],[27.734563,35.914571],[27.733718,35.91872],[27.735844,35.921672],[27.733044,35.922745],[27.728118,35.928828],[27.724883,35.937597],[27.719752,35.937963],[27.717574,35.94065],[27.721064,35.944289],[27.720217,35.946391],[27.72843,35.951336],[27.75449,36.008807],[27.75717,36.022045],[27.756266,36.025183],[27.759912,36.036687],[27.761103,36.047254],[27.758348,36.05118],[27.760231,36.054978],[27.760917,36.063327],[27.760291,36.090238],[27.757049,36.099016],[27.750359,36.105175],[27.736817,36.103801],[27.736789,36.10619],[27.73143,36.107019],[27.728797,36.109422],[27.725304,36.109253],[27.719966,36.112107],[27.710709,36.112571],[27.711499,36.116176],[27.706902,36.119503],[27.708973,36.122323],[27.712555,36.122517],[27.715714,36.131054],[27.713258,36.133206],[27.713434,36.135539],[27.707541,36.138792],[27.705906,36.143569],[27.706607,36.147964],[27.704619,36.145667],[27.698382,36.145159],[27.696102,36.143267],[27.690456,36.143664],[27.685788,36.147151],[27.683987,36.15081],[27.685234,36.156028],[27.689718,36.15656],[27.699764,36.163183],[27.722843,36.165925],[27.729745,36.170412],[27.734963,36.169424],[27.736405,36.172148],[27.739532,36.172395],[27.739243,36.17516],[27.753343,36.186379],[27.757042,36.185832],[27.759506,36.188738],[27.765937,36.187191],[27.767871,36.1885],[27.775993,36.201333],[27.7803,36.203611],[27.780724,36.208681],[27.782843,36.209696],[27.788571,36.21866],[27.789153,36.221308],[27.786861,36.224236],[27.789863,36.229945],[27.790066,36.233376],[27.788661,36.234819],[27.789632,36.242616],[27.794121,36.245162],[27.795935,36.254688],[27.803266,36.257944],[27.803248,36.262185],[27.805576,36.264319],[27.805315,36.27032],[27.81165,36.272153],[27.812931,36.274509],[27.827253,36.272609],[27.832676,36.278111],[27.846034,36.283543],[27.870528,36.308777],[27.878322,36.32217],[27.89273,36.327578],[27.897606,36.33303],[27.908757,36.337167],[27.915046,36.342508],[27.92063,36.342572],[27.925778,36.344738],[27.92946,36.343861],[27.93852,36.348722],[27.946251,36.348775],[27.948624,36.35074],[27.949487,36.349921],[27.961308,36.353837],[27.982147,36.367326],[28.008587,36.374622],[28.021431,36.383329],[28.028444,36.384171],[28.044258,36.391399],[28.053905,36.398108],[28.087116,36.40891],[28.096547,36.410465],[28.118155,36.419297],[28.157377,36.424139],[28.173065,36.419951],[28.183938,36.420279],[28.192048,36.423119],[28.197917,36.427841],[28.208245,36.443724],[28.213364,36.447698],[28.220818,36.458276],[28.266688,36.730152],[28.263673,36.730621],[28.263539,36.732755],[28.254755,36.730439],[28.250952,36.724122],[28.247667,36.723003],[28.249044,36.721356],[28.247599,36.71599],[28.239616,36.717505],[28.23828,36.716057],[28.240182,36.713964],[28.239528,36.711422],[28.225915,36.702351],[28.225893,36.700074],[28.233052,36.702212],[28.234826,36.701686],[28.233626,36.699975],[28.224416,36.698775],[28.222256,36.697097],[28.222863,36.693525],[28.226892,36.69059],[28.22456,36.688262],[28.220732,36.687629],[28.216031,36.691078],[28.209476,36.688301],[28.202206,36.691061],[28.199821,36.69044],[28.197573,36.685873],[28.192203,36.686771],[28.188397,36.683595],[28.18298,36.683579],[28.182416,36.680934],[28.17626,36.678988],[28.166623,36.681398],[28.163697,36.683778],[28.165229,36.680164],[28.159011,36.678154],[28.155661,36.673547],[28.156696,36.671344],[28.164411,36.669054],[28.16338,36.666314],[28.15915,36.66565],[28.152493,36.660253],[28.148025,36.654445],[28.147414,36.650215],[28.144821,36.65213],[28.142755,36.650471],[28.146287,36.647751],[28.146269,36.643971],[28.129814,36.621981],[28.127263,36.621413],[28.123809,36.614126],[28.120491,36.611787],[28.121338,36.609694],[28.11805,36.607684],[28.115585,36.600844],[28.109017,36.597148],[28.106236,36.592182],[28.102442,36.589737],[28.097392,36.589562],[28.094825,36.584842],[28.093065,36.586331],[28.089051,36.582018],[28.085642,36.584193],[28.084886,36.586641],[28.079806,36.587459],[28.078593,36.595391],[28.073956,36.593808],[28.06658,36.59511],[28.065904,36.591935],[28.059973,36.584938],[28.052899,36.581058],[28.051196,36.578201],[28.048606,36.579583],[28.048746,36.584124],[28.044586,36.57687],[28.050614,36.577028],[28.050625,36.572427],[28.049358,36.570654],[28.045429,36.571679],[28.040452,36.569083],[28.035671,36.563039],[28.030224,36.563084],[28.024925,36.560951],[28.026554,36.567685],[28.021866,36.568535],[28.011824,36.576127],[28.009357,36.574106],[28.01116,36.57271],[28.010891,36.570382],[28.013276,36.567345],[28.018894,36.565748],[28.017512,36.56421],[28.014562,36.563116],[28.006439,36.565976],[28.003902,36.564949],[28.004637,36.563074],[28.002669,36.563059],[27.997767,36.567819],[27.991245,36.562121],[27.99123,36.559588],[27.98726,36.559421],[27.983743,36.554463],[27.979346,36.55357],[27.980276,36.567743],[27.971115,36.573397],[27.965222,36.579966],[27.966886,36.582552],[27.974396,36.582967],[27.978704,36.585961],[27.970227,36.59171],[27.969476,36.594006],[27.956487,36.600483],[27.959736,36.602012],[27.962981,36.607055],[27.97339,36.607809],[27.973047,36.611364],[27.978295,36.609144],[27.983317,36.611552],[27.99004,36.607013],[27.991777,36.608111],[28.000696,36.607411],[28.00462,36.605573],[28.01289,36.606231],[28.026665,36.602707],[28.043588,36.604149],[28.048384,36.605766],[28.049842,36.608504],[28.053742,36.608054],[28.057107,36.604851],[28.062275,36.604897],[28.063288,36.606184],[28.059782,36.607897],[28.060616,36.610328],[28.068938,36.613394],[28.074815,36.619928],[28.077565,36.62096],[28.078599,36.626343],[28.0944,36.63944],[28.095725,36.644943],[28.091865,36.649977],[28.087943,36.650245],[28.08781,36.653645],[28.083535,36.660056],[28.072338,36.660167],[28.071534,36.658929],[28.072857,36.658428],[28.071529,36.65784],[28.066623,36.642222],[28.061263,36.636536],[28.057314,36.635465],[28.05728,36.637463],[28.053161,36.641936],[28.059833,36.640658],[28.061774,36.642159],[28.062273,36.646991],[28.068292,36.648006],[28.062133,36.650967],[28.065889,36.652534],[28.064618,36.654119],[28.067358,36.654191],[28.068118,36.655638],[28.061796,36.657579],[28.05726,36.653934],[28.055001,36.654282],[28.052726,36.65748],[28.055268,36.659588],[28.061317,36.659199],[28.060378,36.661269],[28.068831,36.672816],[28.072569,36.674982],[28.067139,36.673627],[28.057688,36.674319],[28.053132,36.672405],[28.049863,36.673581],[28.048766,36.675089],[28.052302,36.683149],[28.045759,36.686821],[28.044872,36.690029],[28.040929,36.6927],[28.03775,36.687654],[28.034776,36.687889],[28.033826,36.686539],[28.040887,36.681953],[28.038193,36.677693],[28.040636,36.673988],[28.030211,36.672409],[28.024175,36.668128],[28.017863,36.66967],[28.014847,36.672046],[28.007169,36.669936],[28.003185,36.671857],[28.003718,36.673978],[28.002105,36.674835],[27.997569,36.674208],[27.991611,36.670555],[27.98556,36.674893],[27.975335,36.673706],[27.970879,36.678309],[27.968916,36.67563],[27.964309,36.675613],[27.963634,36.683787],[27.967431,36.686306],[27.968441,36.684601],[27.972405,36.685519],[27.974493,36.687986],[27.974359,36.691355],[27.976985,36.692693],[27.980774,36.689702],[27.978328,36.682823],[27.983529,36.684337],[27.985973,36.687717],[27.982611,36.690991],[27.982073,36.694192],[27.98879,36.697894],[27.990095,36.693369],[27.993811,36.697136],[27.996617,36.696986],[27.997363,36.70127],[28.001812,36.704049],[28.007986,36.70414],[28.008392,36.697358],[28.011951,36.69965],[28.017136,36.707703],[28.021237,36.707893],[28.026865,36.704656],[28.035543,36.708309],[28.042351,36.70382],[28.042903,36.712816],[28.048255,36.719246],[28.082092,36.727769],[28.087849,36.728091],[28.088849,36.723731],[28.093622,36.726171],[28.098677,36.726469],[28.095615,36.723239],[28.085278,36.718413],[28.089605,36.708519],[28.095862,36.707868],[28.096179,36.705379],[28.101959,36.706012],[28.105371,36.711981],[28.112093,36.715691],[28.115156,36.720099],[28.115199,36.721955],[28.112907,36.723727],[28.113118,36.72815],[28.12592,36.725592],[28.129845,36.726418],[28.126219,36.731892],[28.122684,36.731481],[28.120654,36.734719],[28.106051,36.736116],[28.093531,36.741349],[28.088581,36.740639],[28.087934,36.74259],[28.085039,36.743157],[28.084396,36.748535],[28.087064,36.749604],[28.0875,36.752341],[28.091322,36.752372],[28.091268,36.75602],[28.094223,36.757737],[28.092522,36.762231],[28.100058,36.768068],[28.105086,36.766814],[28.108703,36.762965],[28.113229,36.764161],[28.114347,36.767795],[28.109721,36.770456],[28.11231,36.770872],[28.111883,36.774395],[28.115825,36.771662],[28.117354,36.768571],[28.121501,36.766801],[28.120976,36.762132],[28.128492,36.754365],[28.131186,36.754438],[28.133538,36.757043],[28.130261,36.759848],[28.129065,36.76859],[28.122247,36.773588],[28.123143,36.776194],[28.125329,36.775781],[28.125299,36.778524],[28.123303,36.779577],[28.125,36.781529],[28.125,36.785714],[28.128886,36.78793],[28.128337,36.791986],[28.131858,36.793966],[28.127531,36.799083],[28.118235,36.803426],[28.110279,36.803891],[28.099765,36.801311],[28.09107,36.794075],[28.082294,36.795949],[28.081408,36.794207],[28.082932,36.792827],[28.080271,36.791008],[28.076732,36.791167],[28.073589,36.787828],[28.081638,36.78534],[28.080747,36.780409],[28.078412,36.777578],[28.078864,36.77515],[28.073804,36.77266],[28.071051,36.775071],[28.064377,36.773912],[28.064836,36.771895],[28.062418,36.768659],[28.064769,36.768564],[28.064755,36.766134],[28.062726,36.764327],[28.058848,36.764007],[28.052663,36.765999],[28.050218,36.764454],[28.052515,36.760925],[28.051096,36.759488],[28.043957,36.764656],[28.046259,36.765233],[28.045969,36.766348],[28.042161,36.768281],[28.040503,36.771977],[28.041882,36.774219],[28.040643,36.777346],[28.045431,36.779342],[28.044533,36.782167],[28.046636,36.784073],[28.049379,36.784163],[28.046976,36.784804],[28.04145,36.782721],[28.038743,36.774753],[28.036009,36.771258],[28.03248,36.769778],[28.031572,36.765785],[28.02271,36.766855],[28.021266,36.762619],[28.016969,36.761717],[28.014174,36.758461],[28.011065,36.759601],[28.011502,36.76334],[28.00873,36.764903],[28.005483,36.764524],[27.999553,36.759925],[27.989027,36.759168],[27.984294,36.756493],[27.9801,36.757284],[27.976748,36.761994],[27.969268,36.75263],[27.967254,36.752017],[27.96496,36.75483],[27.967162,36.759917],[27.958523,36.758969],[27.956156,36.76078],[27.95139,36.759664],[27.947071,36.752985],[27.943761,36.753456],[27.943794,36.750686],[27.93942,36.751905],[27.940051,36.749137],[27.936068,36.747929],[27.937256,36.745592],[27.929823,36.74211],[27.927118,36.743172],[27.920539,36.742264],[27.920632,36.743848],[27.924942,36.744528],[27.918875,36.750313],[27.919756,36.754442],[27.915091,36.751459],[27.914021,36.753736],[27.910454,36.755247],[27.90206,36.754815],[27.894419,36.756355],[27.891463,36.753902],[27.89149,36.752049],[27.895301,36.74763],[27.898426,36.747197],[27.899071,36.74245],[27.897485,36.740819],[27.890818,36.740868],[27.89114,36.743289],[27.885207,36.750149],[27.889568,36.75201],[27.889552,36.754791],[27.884264,36.757611],[27.877769,36.757656],[27.873816,36.755747],[27.871413,36.749427],[27.869172,36.747634],[27.871155,36.744448],[27.866938,36.743059],[27.864808,36.745286],[27.860151,36.744352],[27.860721,36.741563],[27.858516,36.741149],[27.855314,36.746061],[27.848421,36.747758],[27.837247,36.74457],[27.834385,36.751075],[27.836624,36.752586],[27.835876,36.754989],[27.816103,36.76305],[27.809375,36.762305],[27.805036,36.764129],[27.800544,36.75828],[27.79539,36.755062],[27.792586,36.757097],[27.79296,36.759211],[27.791433,36.760405],[27.779902,36.75537],[27.778821,36.758735],[27.753395,36.764758],[27.746108,36.764023],[27.742902,36.765363],[27.730822,36.763142],[27.720924,36.759295],[27.713947,36.75404],[27.70161,36.740093],[27.70023,36.733874],[27.6903,36.729876],[27.686739,36.725213],[27.691437,36.723048],[27.687562,36.720863],[27.688033,36.719482],[27.692725,36.717421],[27.696199,36.718344],[27.696272,36.712075],[27.692819,36.707963],[27.691224,36.702317],[27.683343,36.702051],[27.680403,36.704051],[27.676425,36.700434],[27.676279,36.697643],[27.679955,36.697154],[27.676157,36.693355],[27.675874,36.689129],[27.677537,36.688622],[27.67274,36.68284],[27.673342,36.67207],[27.672032,36.670883],[27.674203,36.670046],[27.674731,36.664332],[27.672221,36.660554],[27.678471,36.657645],[27.669069,36.658968],[27.657657,36.664026],[27.656312,36.662693],[27.651714,36.663614],[27.647804,36.665826],[27.647932,36.66878],[27.641655,36.671076],[27.638586,36.675022],[27.635973,36.675003],[27.633328,36.671566],[27.627015,36.671125],[27.621868,36.674088],[27.617864,36.673811],[27.615152,36.676397],[27.616357,36.67922],[27.608025,36.681028],[27.606767,36.682636],[27.597641,36.677998],[27.597599,36.68067],[27.59596,36.681738],[27.582796,36.678966],[27.577991,36.681763],[27.578395,36.683575],[27.573554,36.684599],[27.568025,36.677112],[27.562656,36.674963],[27.560921,36.67212],[27.559867,36.674253],[27.561164,36.679711],[27.55291,36.681854],[27.541916,36.673589],[27.537991,36.673465],[27.537349,36.675724],[27.53398,36.675099],[27.532439,36.670815],[27.527909,36.67239],[27.523431,36.677347],[27.514005,36.677002],[27.503019,36.669615],[27.498718,36.662935],[27.490928,36.661434],[27.491552,36.658279],[27.484268,36.656819],[27.483727,36.653813],[27.479654,36.651852],[27.479987,36.648591],[27.477548,36.647066],[27.476622,36.654494],[27.46836,36.652619],[27.469741,36.654776],[27.468102,36.657386],[27.46941,36.659925],[27.468375,36.661381],[27.461273,36.661096],[27.458817,36.658466],[27.4578,36.661402],[27.452872,36.659886],[27.447393,36.662602],[27.440115,36.661862],[27.43596,36.664156],[27.432484,36.66391],[27.43233,36.665881],[27.428784,36.668368],[27.421378,36.670488],[27.417046,36.66817],[27.414192,36.664324],[27.411877,36.66517],[27.405183,36.662398],[27.403876,36.665009],[27.405702,36.668461],[27.401719,36.669447],[27.40512,36.676538],[27.402377,36.680072],[27.392925,36.679497],[27.390844,36.681517],[27.387653,36.6803],[27.386225,36.680988],[27.385865,36.684337],[27.374421,36.685482],[27.373162,36.684427],[27.376392,36.681796],[27.374291,36.680318],[27.363041,36.684467],[27.363249,36.687937],[27.372275,36.685354],[27.371209,36.687384],[27.373201,36.689819],[27.37023,36.691192],[27.37243,36.694062],[27.371014,36.697453],[27.361425,36.703905],[27.363125,36.705042],[27.362028,36.708662],[27.364722,36.710066],[27.3672,36.707595],[27.372071,36.70787],[27.372203,36.704667],[27.380922,36.706168],[27.38235,36.703298],[27.383983,36.705332],[27.386217,36.703713],[27.388356,36.70697],[27.393234,36.704455],[27.396269,36.700465],[27.407036,36.703975],[27.410454,36.708594],[27.422179,36.715023],[27.42154,36.716824],[27.423881,36.719535],[27.421292,36.722293],[27.424218,36.72446],[27.423138,36.727269],[27.417446,36.729972],[27.416836,36.732188],[27.418492,36.733179],[27.419842,36.739723],[27.423723,36.737534],[27.423041,36.73981],[27.424242,36.743543],[27.426691,36.743758],[27.426611,36.746846],[27.432127,36.748822],[27.435793,36.747531],[27.438717,36.749435],[27.443984,36.745337],[27.447828,36.744743],[27.454024,36.747901],[27.452589,36.753542],[27.455368,36.757304],[27.463986,36.760129],[27.464644,36.762175],[27.475957,36.758215],[27.473771,36.756842],[27.475793,36.755388],[27.474399,36.752147],[27.476709,36.750412],[27.482779,36.750454],[27.4886,36.754267],[27.497277,36.752588],[27.499933,36.750032],[27.511914,36.750052],[27.514292,36.75198],[27.520321,36.75115],[27.52196,36.752622],[27.536029,36.753879],[27.536373,36.755919],[27.540089,36.757885],[27.542143,36.756921],[27.551564,36.758899],[27.560599,36.763362],[27.573073,36.764285],[27.579934,36.768018],[27.590921,36.767235],[27.60129,36.762974],[27.609547,36.763983],[27.618385,36.769632],[27.628248,36.781344],[27.628666,36.784133],[27.624665,36.786717],[27.627119,36.78909],[27.627213,36.791771],[27.622069,36.794276],[27.623419,36.797328],[27.629148,36.800899],[27.641537,36.800548],[27.643162,36.80459],[27.640301,36.809817],[27.641245,36.810729],[27.644259,36.810458],[27.64677,36.807206],[27.656338,36.805616],[27.664341,36.801648],[27.676456,36.801525],[27.681653,36.798703],[27.681735,36.79463],[27.685072,36.789751],[27.696968,36.785226],[27.713046,36.786734],[27.72052,36.784122],[27.725292,36.785839],[27.742671,36.784848],[27.75837,36.789591],[27.771569,36.788588],[27.780049,36.794384],[27.784426,36.803261],[27.790787,36.801171],[27.805259,36.80897],[27.815143,36.8124],[27.826052,36.813033],[27.829294,36.810907],[27.840085,36.810301],[27.842648,36.808084],[27.857698,36.803659],[27.874598,36.803903],[27.883858,36.806443],[27.884935,36.808319],[27.885956,36.806518],[27.889906,36.806952],[27.893806,36.810239],[27.894608,36.806734],[27.902077,36.807243],[27.904428,36.809424],[27.911736,36.806315],[27.918411,36.797691],[27.920528,36.796906],[27.931491,36.798969],[27.937678,36.798033],[27.939916,36.800567],[27.943903,36.797582],[27.956537,36.797156],[27.958876,36.799235],[27.96357,36.798399],[27.96929,36.795025],[27.981154,36.7969],[27.982739,36.799102],[27.991251,36.800774],[27.992125,36.79954],[27.990732,36.797974],[27.999375,36.797305],[28.00085,36.795298],[28.00575,36.797476],[28.007597,36.793327],[28.012885,36.795139],[28.013771,36.789413],[28.016955,36.793944],[28.018196,36.791852],[28.020506,36.792594],[28.022306,36.789137],[28.023059,36.792112],[28.02489,36.790504],[28.025995,36.792631],[28.032833,36.78776],[28.034814,36.789532],[28.032049,36.793457],[28.033111,36.794696],[28.0372,36.796805],[28.045258,36.795665],[28.04325,36.79693],[28.042585,36.800187],[28.049438,36.799451],[28.051835,36.801101],[28.05477,36.799468],[28.060408,36.800775],[28.060765,36.804083],[28.058063,36.809287],[28.058975,36.810692],[28.055445,36.8122],[28.055964,36.816374],[28.059108,36.815902],[28.060369,36.817545],[28.063648,36.817808],[28.065107,36.823533],[28.057367,36.826543],[28.053431,36.825392],[28.055238,36.827566],[28.051904,36.829454],[28.055181,36.830539],[28.055874,36.83365],[28.045845,36.82849],[28.044504,36.830802],[28.040665,36.831849],[28.038445,36.829826],[28.036145,36.831333],[28.030615,36.831162],[28.029438,36.828308],[28.018356,36.827609],[28.017323,36.82795],[28.018328,36.829985],[28.014133,36.832515],[28.002655,36.835292],[28.003972,36.836892],[28.011961,36.8368],[28.014798,36.838147],[28.029823,36.837087],[28.031315,36.83883],[28.024937,36.839138],[28.016751,36.844637],[28.014933,36.843818],[28.012116,36.845161],[28.018175,36.846515],[28.013052,36.848682],[28.014587,36.850299],[28.014341,36.853703],[28.006335,36.851913],[28.000258,36.853319],[28.005273,36.853084],[28.016175,36.857178],[28.0166,36.859127],[28.015071,36.860166],[28.016811,36.863696],[28.019846,36.862043],[28.020799,36.858002],[28.029527,36.85698],[28.03362,36.857566],[28.03637,36.860065],[28.035741,36.862092],[28.037705,36.864939],[28.043388,36.863106],[28.047624,36.866447],[28.053399,36.865515],[28.055442,36.867886],[28.048246,36.868598],[28.047118,36.870949],[28.056269,36.871498],[28.054395,36.875417],[28.059327,36.878802],[28.057508,36.880671],[28.058937,36.883332],[28.051742,36.879545],[28.040676,36.884324],[28.040673,36.88661],[28.04509,36.891711],[28.048706,36.892106],[28.052074,36.894596],[28.051317,36.896488],[28.048578,36.89784],[28.031804,36.897704],[28.026037,36.903333],[28.016314,36.904093],[28.014652,36.905599],[28.029678,36.907879],[28.035514,36.906052],[28.043767,36.910265],[28.040486,36.910832],[28.040862,36.914481],[28.038627,36.915841],[28.03907,36.91818],[28.02928,36.918022],[28.023443,36.919563],[28.026956,36.920714],[28.026494,36.922732],[28.021353,36.923686],[28.021335,36.925409],[28.029633,36.924353],[28.029483,36.921908],[28.031087,36.921422],[28.039114,36.923422],[28.04307,36.92067],[28.050983,36.923182],[28.051096,36.925146],[28.053223,36.924131],[28.054913,36.925953],[28.057272,36.925461],[28.06048,36.928662],[28.068514,36.929329],[28.071642,36.927794],[28.07325,36.929545],[28.065749,36.931611],[28.052548,36.931116],[28.043187,36.934718],[28.044536,36.936095],[28.059147,36.935178],[28.0644,36.936701],[28.065616,36.938591],[28.068414,36.937904],[28.072291,36.940395],[28.072204,36.941963],[28.074099,36.942056],[28.076054,36.939177],[28.080508,36.940964],[28.083718,36.938616],[28.092001,36.937709],[28.094078,36.934594],[28.097411,36.933843],[28.092334,36.931316],[28.093899,36.93084],[28.099149,36.933113],[28.09944,36.935984],[28.096427,36.938607],[28.098103,36.940406],[28.106736,36.936488],[28.11187,36.936275],[28.110152,36.932932],[28.118009,36.932092],[28.122229,36.93335],[28.122056,36.936588],[28.123865,36.936798],[28.125,36.934431],[28.129852,36.933432],[28.135078,36.928953],[28.138978,36.934415],[28.139877,36.930723],[28.138698,36.929284],[28.140962,36.925045],[28.144588,36.922875],[28.14403,36.920967],[28.145749,36.919003],[28.150065,36.922119],[28.148207,36.928007],[28.159698,36.925952],[28.161001,36.923725],[28.158643,36.923027],[28.159353,36.921016],[28.156738,36.923046],[28.157629,36.919822],[28.16158,36.917099],[28.160028,36.907777],[28.164315,36.905875],[28.165512,36.907459],[28.168221,36.906815],[28.167922,36.910383],[28.16542,36.913259],[28.167759,36.913388],[28.172765,36.920591],[28.166565,36.919712],[28.172937,36.926227],[28.166381,36.931787],[28.167209,36.935691],[28.162966,36.93419],[28.161552,36.935639],[28.165323,36.938895],[28.170351,36.93762],[28.170509,36.939652],[28.168202,36.9418],[28.161502,36.941725],[28.158493,36.943245],[28.158296,36.944862],[28.162589,36.949173],[28.164904,36.948427],[28.16822,36.951513],[28.169206,36.949328],[28.171532,36.950022],[28.173288,36.945268],[28.174512,36.946285],[28.174182,36.951741],[28.177319,36.94786],[28.188158,36.947748],[28.18828,36.94491],[28.185551,36.94323],[28.189695,36.940024],[28.193533,36.942981],[28.193522,36.947703],[28.202222,36.949174],[28.205764,36.952057],[28.206591,36.958796],[28.201268,36.969136],[28.203974,36.969398],[28.216037,36.976826],[28.205368,36.98132],[28.197544,36.981996],[28.215367,36.985338],[28.213442,36.993409],[28.216003,36.998488],[28.218747,36.997227],[28.221499,36.999201],[28.226719,36.994245],[28.232637,36.99171],[28.242071,36.992621],[28.245169,36.990144],[28.250555,36.989691],[28.257232,36.994272],[28.256218,36.996486],[28.246886,37.00027],[28.245129,37.002836],[28.25049,37.003944],[28.256557,37.008909],[28.268463,37.012388],[28.267262,37.015654],[28.279174,37.019524],[28.290571,37.018794],[28.292728,37.021449],[28.300699,37.022813],[28.306212,37.021241],[28.310499,37.025053],[28.319122,37.022725],[28.321789,37.025658],[28.326029,37.025961],[28.33055,37.032739],[28.326662,37.048635],[28.322106,37.051372],[28.315404,37.0489],[28.311061,37.05106],[28.307461,37.048768],[28.28951,37.047029],[28.274991,37.048974],[28.26674,37.044458],[28.253404,37.040786],[28.247277,37.04118],[28.240844,37.038577],[28.229829,37.041256],[28.222241,37.039408],[28.217975,37.040753],[28.197772,37.039812],[28.192053,37.038475],[28.184873,37.033513],[28.177108,37.03357],[28.170016,37.029885],[28.163319,37.02881],[28.153483,37.030907],[28.131457,37.031386],[28.119466,37.034526],[28.102016,37.03458],[28.098899,37.032536],[28.098347,37.028524],[28.112829,37.023687],[28.114876,37.022182],[28.112237,37.019252],[28.115914,37.01606],[28.113461,37.014061],[28.098745,37.011689],[28.097117,37.014485],[28.100001,37.016043],[28.098953,37.018029],[28.10104,37.020314],[28.095858,37.022733],[28.093438,37.020824],[28.090376,37.02102],[28.091137,37.027234],[28.08754,37.028708],[28.083795,37.024712],[28.080507,37.025346],[28.080698,37.022732],[28.078871,37.021581],[28.071013,37.022108],[28.065496,37.024737],[28.026776,37.021572],[28.004472,37.023496],[27.996936,37.027311],[27.979056,37.03177],[27.973393,37.02956],[27.971351,37.023555],[27.968556,37.02118],[27.946551,37.015965],[27.943856,37.016914],[27.934453,37.026796],[27.926285,37.030767],[27.921253,37.029624],[27.907918,37.022053],[27.892961,37.028389],[27.860518,37.01906],[27.845094,37.01865],[27.835114,37.011627],[27.820689,37.01149],[27.814399,37.005],[27.80566,37.000816],[27.799312,36.994852],[27.797564,36.996552],[27.800147,37.002701],[27.787068,37.005848],[27.787656,37.003742],[27.786114,37.002051],[27.788746,37.000675],[27.789262,36.998325],[27.781224,36.992516],[27.779232,36.992592],[27.776915,36.998849],[27.774706,36.997035],[27.774821,36.992157],[27.76992,36.993254],[27.766381,36.991499],[27.763392,36.994122],[27.75838,36.990319],[27.757049,36.990874],[27.756796,36.994155],[27.759328,36.998643],[27.755865,37.000718],[27.750509,36.996192],[27.74714,36.997916],[27.743646,36.997586],[27.740617,36.993607],[27.733812,36.992875],[27.732892,36.993638],[27.734685,36.995117],[27.733567,36.996814],[27.734985,36.99859],[27.733697,37.000906],[27.721602,37.002365],[27.707298,36.996182],[27.703406,36.996808],[27.701614,36.998843],[27.697081,36.99745],[27.693967,37.002222],[27.685572,37.003292],[27.683482,37.000708],[27.676799,37.000993],[27.675274,36.998313],[27.662206,36.994624],[27.657829,36.994195],[27.652472,36.997724],[27.647612,36.997731],[27.646017,36.992162],[27.642901,36.990459],[27.6434,36.985816],[27.642207,36.984387],[27.647512,36.980424],[27.646626,36.979108],[27.641982,36.978889],[27.638371,36.980183],[27.637082,36.977699],[27.631124,36.980193],[27.629056,36.978406],[27.62398,36.980832],[27.62172,36.979983],[27.615909,36.981436],[27.60869,36.98563],[27.605534,36.991061],[27.600479,36.991238],[27.593479,36.994333],[27.582597,36.994496],[27.573914,36.993399],[27.563005,36.989226],[27.563302,36.986757],[27.571263,36.986082],[27.576197,36.983551],[27.569357,36.97986],[27.565332,36.981872],[27.565542,36.977286],[27.568063,36.976367],[27.565404,36.97467],[27.560146,36.981298],[27.559397,36.984887],[27.551753,36.981928],[27.548839,36.983594],[27.545478,36.982819],[27.548517,36.987273],[27.535036,36.988084],[27.530614,36.991692],[27.522243,36.991963],[27.518114,36.995031],[27.508064,36.989208],[27.510476,36.986758],[27.507949,36.985291],[27.502625,36.98672],[27.501608,36.983857],[27.500469,36.985773],[27.489519,36.98933],[27.486229,36.986398],[27.482412,36.986324],[27.482661,36.989662],[27.480333,36.993222],[27.472642,36.996663],[27.464968,36.99759],[27.463045,37.002878],[27.453868,37.007313],[27.450185,37.010744],[27.450499,37.015787],[27.442144,37.020322],[27.439354,37.024945],[27.440661,37.027497],[27.438028,37.029761],[27.438601,37.030833],[27.434438,37.032557],[27.428923,37.030463],[27.425934,37.031298],[27.429419,37.034634],[27.424869,37.035741],[27.425189,37.032218],[27.421875,37.031529],[27.417907,37.027384],[27.418979,37.022086],[27.412831,37.021304],[27.412516,37.016719],[27.410365,37.017164],[27.411372,37.021081],[27.408817,37.02313],[27.40028,37.018531],[27.409909,37.030447],[27.401657,37.031736],[27.396091,37.029059],[27.388744,37.018283],[27.389989,37.014613],[27.388982,37.006094],[27.385006,37.007722],[27.37973,37.00053],[27.3759,36.998659],[27.374098,37.000197],[27.374486,37.004435],[27.378771,37.006972],[27.378289,37.014197],[27.380135,37.016976],[27.378972,37.019504],[27.38447,37.023949],[27.382545,37.026271],[27.374078,37.026907],[27.374337,37.024294],[27.372293,37.022409],[27.369975,37.021569],[27.366244,37.023463],[27.364143,37.018858],[27.358113,37.022542],[27.352551,37.020269],[27.343847,37.020368],[27.33511,37.015466],[27.332353,37.015394],[27.328052,37.010674],[27.330026,37.004042],[27.335811,37.001449],[27.338912,37.002953],[27.340647,36.999316],[27.337636,36.996676],[27.334782,37.000261],[27.330138,36.998522],[27.330329,36.995268],[27.33243,36.994452],[27.332444,36.989064],[27.3311,36.987461],[27.328906,36.988631],[27.321813,36.982265],[27.318845,36.977478],[27.315547,36.977025],[27.311549,36.978925],[27.309113,36.974667],[27.305463,36.976157],[27.300286,36.972287],[27.300258,36.969318],[27.304801,36.969226],[27.306919,36.961357],[27.303746,36.95728],[27.297744,36.959772],[27.296099,36.965913],[27.293605,36.968207],[27.289172,36.965261],[27.285491,36.96659],[27.284104,36.965404],[27.285389,36.961388],[27.287985,36.959414],[27.286317,36.957742],[27.278761,36.966016],[27.273024,36.961533],[27.264267,36.964121],[27.261386,36.967422],[27.260219,36.97301],[27.255231,36.976742],[27.256154,36.988957],[27.259444,37.000164],[27.25575,37.006783],[27.251095,37.023236],[27.249695,37.023572],[27.249828,37.031427],[27.24183,37.035165],[27.238003,37.034616],[27.232845,37.037447],[27.232935,37.039477],[27.23006,37.039655],[27.230976,37.044846],[27.237456,37.051891],[27.232965,37.057248],[27.230028,37.052428],[27.225254,37.058104],[27.230485,37.06062],[27.231433,37.062866],[27.229789,37.064963],[27.232123,37.063685],[27.238851,37.066107],[27.238898,37.070686],[27.235853,37.076808],[27.239214,37.083298],[27.246021,37.079827],[27.251792,37.081892],[27.25447,37.087437],[27.254035,37.094042],[27.264015,37.092431],[27.27061,37.098913],[27.274144,37.098393],[27.291302,37.105788],[27.293401,37.110431],[27.289662,37.119538],[27.285352,37.118603],[27.280039,37.120452],[27.277167,37.119308],[27.277049,37.117115],[27.269328,37.11811],[27.269853,37.114388],[27.266701,37.112523],[27.26159,37.115169],[27.259832,37.111462],[27.254715,37.111613],[27.252813,37.114798],[27.254335,37.115972],[27.254053,37.121252],[27.256044,37.124478],[27.253589,37.125661],[27.252772,37.12822],[27.255401,37.130819],[27.258288,37.123709],[27.260696,37.120791],[27.263889,37.120013],[27.264753,37.121447],[27.261384,37.125445],[27.265103,37.125211],[27.263336,37.128502],[27.264919,37.129793],[27.263596,37.132853],[27.26656,37.134654],[27.271033,37.133873],[27.273495,37.140511],[27.27667,37.138494],[27.2762,37.136002],[27.279322,37.134912],[27.281561,37.130358],[27.284812,37.132491],[27.283065,37.127996],[27.284178,37.125933],[27.290993,37.121755],[27.297144,37.123855],[27.299131,37.116642],[27.304898,37.115034],[27.307375,37.118957],[27.302869,37.121312],[27.305494,37.123832],[27.310266,37.119155],[27.311324,37.115227],[27.314443,37.116319],[27.314819,37.11913],[27.316851,37.117639],[27.318959,37.120079],[27.316941,37.123209],[27.318239,37.125141],[27.317152,37.127406],[27.310135,37.131129],[27.311712,37.138372],[27.314871,37.137024],[27.315318,37.140267],[27.320068,37.139674],[27.320268,37.141016],[27.317618,37.142303],[27.321249,37.141472],[27.320862,37.144703],[27.326143,37.142458],[27.328561,37.145522],[27.329175,37.149819],[27.325125,37.152225],[27.325972,37.155153],[27.323341,37.159126],[27.328295,37.159046],[27.334023,37.156063],[27.338162,37.150485],[27.339835,37.151387],[27.343254,37.149765],[27.344207,37.142124],[27.340794,37.139015],[27.340243,37.132829],[27.34617,37.130368],[27.349076,37.130688],[27.350621,37.133788],[27.350868,37.144265],[27.356513,37.146419],[27.356295,37.141284],[27.358104,37.140643],[27.363172,37.145779],[27.36137,37.154667],[27.364578,37.157028],[27.368429,37.151699],[27.377502,37.150902],[27.376441,37.143953],[27.37784,37.141986],[27.385219,37.145874],[27.389985,37.145478],[27.389567,37.143247],[27.384009,37.140882],[27.382023,37.13582],[27.376369,37.133793],[27.376791,37.128827],[27.378312,37.127611],[27.380072,37.12875],[27.384707,37.125491],[27.386637,37.12034],[27.395818,37.119115],[27.396716,37.124742],[27.399324,37.12708],[27.400273,37.131024],[27.406601,37.130983],[27.410374,37.134465],[27.412736,37.132603],[27.410383,37.129285],[27.412801,37.12687],[27.4199,37.127426],[27.414828,37.116968],[27.421803,37.11767],[27.422657,37.120979],[27.430335,37.128332],[27.43506,37.123358],[27.430377,37.117927],[27.439906,37.11674],[27.441196,37.114435],[27.4392,37.112838],[27.441677,37.108026],[27.444365,37.10657],[27.445487,37.099639],[27.451057,37.096943],[27.459294,37.096923],[27.459729,37.092681],[27.455559,37.089261],[27.455401,37.086109],[27.457908,37.08219],[27.464317,37.08126],[27.467318,37.082848],[27.470241,37.080784],[27.474108,37.081847],[27.476012,37.085796],[27.475504,37.088478],[27.479073,37.088211],[27.480201,37.091226],[27.49079,37.094849],[27.488842,37.101162],[27.496218,37.102151],[27.497988,37.100917],[27.503906,37.108538],[27.511984,37.108437],[27.521173,37.115186],[27.531223,37.118284],[27.53644,37.124359],[27.535688,37.125954],[27.53746,37.128667],[27.543284,37.128079],[27.546666,37.125067],[27.559117,37.127666],[27.560914,37.12653],[27.56547,37.127899],[27.569598,37.127013],[27.576862,37.131959],[27.577254,37.135508],[27.581382,37.136331],[27.581071,37.138359],[27.575956,37.139073],[27.561454,37.135392],[27.558761,37.136805],[27.556592,37.133418],[27.549966,37.135788],[27.555938,37.136828],[27.553505,37.1416],[27.553487,37.148789],[27.556973,37.153443],[27.56091,37.154273],[27.554767,37.157811],[27.553023,37.152328],[27.547561,37.150193],[27.541699,37.154103],[27.54252,37.156378],[27.539877,37.162249],[27.550247,37.166292],[27.541689,37.167536],[27.540064,37.172626],[27.537699,37.172622],[27.544134,37.174767],[27.540893,37.178089],[27.544078,37.179679],[27.546385,37.183771],[27.537156,37.187098],[27.532659,37.190991],[27.527317,37.192129],[27.526207,37.193678],[27.534342,37.193087],[27.543596,37.188907],[27.544935,37.190758],[27.54342,37.192211],[27.544136,37.194776],[27.55469,37.192876],[27.559285,37.194991],[27.558675,37.20058],[27.560354,37.202245],[27.565124,37.20286],[27.564102,37.205102],[27.5655,37.208004],[27.568063,37.208323],[27.567959,37.210537],[27.570777,37.211439],[27.581293,37.206884],[27.593455,37.193927],[27.591447,37.191602],[27.584705,37.191858],[27.581027,37.18742],[27.578035,37.186972],[27.574311,37.183365],[27.574745,37.178998],[27.582212,37.181304],[27.58583,37.178597],[27.590666,37.179031],[27.595225,37.182977],[27.597922,37.182614],[27.597831,37.185407],[27.600558,37.188943],[27.59927,37.189235],[27.601421,37.190905],[27.599276,37.192997],[27.600304,37.196045],[27.602091,37.192963],[27.610129,37.187121],[27.61495,37.187902],[27.61369,37.189952],[27.603254,37.195181],[27.607612,37.195745],[27.608465,37.199473],[27.606042,37.197962],[27.604427,37.201008],[27.601851,37.201365],[27.593433,37.199008],[27.586252,37.209066],[27.575281,37.215343],[27.578221,37.21841],[27.581683,37.217913],[27.584521,37.222366],[27.586957,37.222535],[27.589688,37.229066],[27.5893,37.234165],[27.590715,37.234967],[27.589292,37.237104],[27.59362,37.237373],[27.599196,37.241388],[27.60053,37.244387],[27.599156,37.245937],[27.605564,37.250041],[27.607504,37.254993],[27.611024,37.257511],[27.609729,37.263009],[27.612873,37.265625],[27.609749,37.265625],[27.607801,37.269108],[27.616379,37.273836],[27.610757,37.274637],[27.61026,37.27674],[27.612827,37.279479],[27.607451,37.28151],[27.600518,37.274889],[27.599331,37.278288],[27.602031,37.285077],[27.594784,37.287918],[27.589555,37.286085],[27.586284,37.282379],[27.589006,37.280173],[27.586883,37.273359],[27.585003,37.273927],[27.583041,37.277742],[27.581017,37.271326],[27.557172,37.277595],[27.55497,37.271887],[27.551529,37.271039],[27.549684,37.264279],[27.544124,37.262742],[27.54486,37.259859],[27.542011,37.259212],[27.541172,37.254818],[27.541136,37.251529],[27.545537,37.251089],[27.552138,37.244708],[27.548995,37.24379],[27.546545,37.244903],[27.545255,37.247816],[27.542107,37.246829],[27.54014,37.249938],[27.53775,37.249611],[27.538249,37.2514],[27.534966,37.251349],[27.533602,37.249889],[27.536886,37.245423],[27.533982,37.244822],[27.53254,37.240958],[27.528594,37.243286],[27.520914,37.239505],[27.527326,37.229726],[27.52245,37.226971],[27.516485,37.227896],[27.514352,37.229843],[27.511215,37.227747],[27.509797,37.229864],[27.50529,37.229472],[27.50598,37.232586],[27.499653,37.234105],[27.498854,37.237083],[27.503212,37.237108],[27.505604,37.23878],[27.510541,37.237949],[27.514249,37.244537],[27.516191,37.24428],[27.52031,37.247327],[27.519824,37.249449],[27.522228,37.250607],[27.521338,37.251974],[27.51586,37.250046],[27.514686,37.25124],[27.515551,37.253981],[27.523347,37.255624],[27.525028,37.257581],[27.523489,37.258819],[27.519236,37.258256],[27.520284,37.261642],[27.516902,37.262756],[27.517803,37.267882],[27.520946,37.270236],[27.522418,37.274169],[27.518322,37.276647],[27.512123,37.275118],[27.509453,37.279686],[27.507239,37.280158],[27.504925,37.277922],[27.498435,37.276746],[27.497293,37.274928],[27.4984,37.271723],[27.494223,37.267672],[27.493172,37.270268],[27.484908,37.265798],[27.476541,37.268939],[27.479835,37.265165],[27.475948,37.255037],[27.46556,37.256317],[27.45777,37.250367],[27.454482,37.256322],[27.459822,37.262062],[27.460704,37.265625],[27.470272,37.271615],[27.471446,37.280486],[27.473575,37.281102],[27.473485,37.285287],[27.475883,37.288337],[27.486979,37.292636],[27.486304,37.294981],[27.489424,37.301505],[27.48805,37.304717],[27.492731,37.310336],[27.492232,37.313313],[27.496768,37.315467],[27.498029,37.319369],[27.493143,37.331722],[27.48963,37.332754],[27.487723,37.329454],[27.484741,37.328501],[27.482913,37.334048],[27.487258,37.335556],[27.482367,37.336713],[27.480445,37.33548],[27.480429,37.339558],[27.477634,37.339612],[27.478442,37.343316],[27.474692,37.344866],[27.470876,37.342854],[27.473603,37.336535],[27.476674,37.334968],[27.477497,37.328715],[27.470393,37.32211],[27.471596,37.321298],[27.470366,37.319034],[27.465398,37.319591],[27.467044,37.315999],[27.464223,37.31714],[27.45731,37.310127],[27.450858,37.30954],[27.449389,37.307278],[27.447436,37.307994],[27.443494,37.302337],[27.43308,37.301656],[27.429438,37.305469],[27.42345,37.306889],[27.411881,37.304567],[27.410632,37.308709],[27.406859,37.308348],[27.407458,37.310967],[27.406137,37.310431],[27.404218,37.313527],[27.398684,37.3143],[27.4019,37.317368],[27.40024,37.318637],[27.400957,37.321304],[27.398046,37.319398],[27.394256,37.320091],[27.395271,37.321679],[27.389466,37.322417],[27.389171,37.324432],[27.394247,37.325729],[27.385741,37.327547],[27.388898,37.331471],[27.385225,37.332908],[27.386052,37.334546],[27.384378,37.339472],[27.383029,37.339221],[27.385969,37.348608],[27.386,37.352252],[27.382522,37.354684],[27.383706,37.357282],[27.387407,37.359009],[27.392043,37.365119],[27.403889,37.367579],[27.41289,37.377411],[27.412027,37.382377],[27.413748,37.383553],[27.417476,37.383649],[27.420625,37.380407],[27.422977,37.381896],[27.431554,37.380633],[27.433028,37.382525],[27.430728,37.392532],[27.431614,37.39837],[27.429885,37.403025],[27.422576,37.410296],[27.422576,37.412807],[27.416917,37.415796],[27.400643,37.413013],[27.39549,37.409159],[27.389799,37.410797],[27.377696,37.405768],[27.3743,37.401666],[27.369554,37.399819],[27.363938,37.389333],[27.365445,37.382074],[27.359655,37.375062],[27.360067,37.372092],[27.356925,37.372226],[27.354109,37.369945],[27.342615,37.368874],[27.340872,37.370175],[27.341816,37.373031],[27.339809,37.37246],[27.339646,37.370568],[27.337513,37.37055],[27.334229,37.372874],[27.337669,37.372928],[27.338101,37.374118],[27.329941,37.378105],[27.328826,37.37593],[27.331239,37.371747],[27.324909,37.369927],[27.323043,37.371374],[27.320737,37.367743],[27.320314,37.360971],[27.324877,37.355664],[27.330515,37.354749],[27.329578,37.352686],[27.33384,37.348613],[27.333391,37.344743],[27.330338,37.342822],[27.323765,37.341381],[27.320109,37.343777],[27.317778,37.342269],[27.31634,37.345075],[27.31433,37.345393],[27.312868,37.340954],[27.310239,37.343866],[27.307434,37.343844],[27.309025,37.345559],[27.305689,37.348383],[27.307195,37.349829],[27.306036,37.351138],[27.308686,37.35272],[27.300036,37.351723],[27.295844,37.349283],[27.285858,37.356181],[27.276404,37.353889],[27.275466,37.348769],[27.269784,37.346345],[27.268136,37.343194],[27.26322,37.343098],[27.26307,37.338421],[27.261479,37.336741],[27.253849,37.335703],[27.235137,37.338406],[27.234666,37.339897],[27.2367,37.341389],[27.229914,37.342282],[27.233087,37.349888],[27.219629,37.344939],[27.214108,37.346092],[27.21217,37.348029],[27.220101,37.352149],[27.220864,37.354298],[27.210745,37.352302],[27.208216,37.353079],[27.208268,37.356183],[27.20513,37.354096],[27.201523,37.354103],[27.204496,37.351997],[27.202436,37.350822],[27.192548,37.353433],[27.192675,37.356782],[27.202702,37.36076],[27.201667,37.362265],[27.205475,37.365087],[27.204285,37.367092],[27.207596,37.366561],[27.20681,37.368959],[27.202981,37.371036],[27.209723,37.376839],[27.208477,37.379888],[27.211834,37.384623],[27.211468,37.386784],[27.213215,37.388782],[27.215708,37.388493],[27.21501,37.391635],[27.217708,37.392958],[27.214854,37.39559],[27.209701,37.392922],[27.209367,37.398882],[27.215572,37.400929],[27.216834,37.399287],[27.217967,37.400957],[27.21952,37.399641],[27.22484,37.401832],[27.226544,37.400985],[27.230935,37.406149],[27.224422,37.408216],[27.223794,37.410743],[27.219983,37.412359],[27.221683,37.416044],[27.218614,37.419785],[27.220513,37.432627],[27.218959,37.436867],[27.22027,37.438066],[27.221041,37.445745],[27.220143,37.451041],[27.21805,37.452932],[27.2191,37.454765],[27.220852,37.452663],[27.223031,37.455959],[27.223907,37.462206],[27.222777,37.464759],[27.227722,37.472229],[27.225141,37.476822],[27.220521,37.479491],[27.225324,37.48392],[27.225496,37.487676],[27.22243,37.486706],[27.222866,37.483834],[27.218456,37.485405],[27.212555,37.485104],[27.208737,37.482106],[27.20889,37.480533],[27.204581,37.478511],[27.204052,37.479899],[27.208069,37.485337],[27.203678,37.488274],[27.190149,37.477325],[27.181782,37.474314],[27.190047,37.479125],[27.20276,37.489759],[27.202431,37.497675],[27.199701,37.495536],[27.198021,37.496636],[27.198866,37.502166],[27.201718,37.506008],[27.198752,37.510197],[27.201092,37.512975],[27.201118,37.5161],[27.196393,37.518219],[27.195336,37.52639],[27.193407,37.52955],[27.196159,37.532162],[27.194553,37.532472],[27.187832,37.526757],[27.192268,37.517707],[27.189849,37.518003],[27.188859,37.513896],[27.191963,37.514072],[27.190962,37.513062],[27.1935,37.509792],[27.190816,37.511329],[27.188554,37.510561],[27.189499,37.507402],[27.192698,37.507669],[27.189917,37.506903],[27.188155,37.503445],[27.189889,37.491351],[27.187586,37.4877],[27.184473,37.487995],[27.180273,37.483075],[27.185522,37.50094],[27.186366,37.519627],[27.189208,37.523022],[27.187626,37.52413],[27.183259,37.53478],[27.185414,37.535125],[27.186145,37.533137],[27.188801,37.534543],[27.192208,37.542341],[27.191088,37.545388],[27.183273,37.546403],[27.180883,37.545213],[27.181005,37.541661],[27.177544,37.542457],[27.170982,37.536702],[27.168591,37.537008],[27.16638,37.544799],[27.169415,37.554636],[27.168314,37.566499],[27.159594,37.585206],[27.163122,37.585296],[27.161783,37.583513],[27.164614,37.58039],[27.165035,37.576714],[27.173545,37.565783],[27.175744,37.560657],[27.174076,37.559852],[27.174326,37.562222],[27.172634,37.561694],[27.170897,37.558297],[27.170922,37.553581],[27.17284,37.553784],[27.171234,37.549537],[27.173944,37.547577],[27.176103,37.548513],[27.17361,37.548918],[27.174901,37.554904],[27.178421,37.549749],[27.181743,37.551764],[27.182309,37.559097],[27.189345,37.560906],[27.190692,37.564113],[27.189925,37.566864],[27.193638,37.573956],[27.201981,37.5767],[27.213013,37.575353],[27.212381,37.580198],[27.213787,37.583261],[27.217386,37.583264],[27.218794,37.586056],[27.217154,37.590361],[27.210071,37.595638],[27.207941,37.594525],[27.207639,37.597727],[27.204319,37.598651],[27.203336,37.601017],[27.198963,37.601324],[27.196285,37.603577],[27.196736,37.605165],[27.192372,37.605483],[27.192006,37.607646],[27.189343,37.609407],[27.179353,37.606605],[27.178188,37.610043],[27.173557,37.611333],[27.164531,37.617188],[27.154671,37.61815],[27.145492,37.622073],[27.142865,37.619979],[27.142424,37.622355],[27.139822,37.622998],[27.138792,37.625272],[27.133423,37.626268],[27.133396,37.623258],[27.138597,37.620886],[27.138766,37.619298],[27.131867,37.623626],[27.12545,37.630337],[27.105713,37.631467],[27.0981,37.637573],[27.090912,37.639631],[27.07906,37.638809],[27.077261,37.640926],[27.071772,37.641382],[27.057096,37.640554],[27.032671,37.649048],[27.027444,37.649685],[27.021389,37.647373],[27.014541,37.647211],[27.013987,37.650807],[27.019176,37.654925],[27.014112,37.656567],[27.006619,37.654622],[27.003068,37.659795],[27.003889,37.661674],[27.006986,37.661269],[27.008447,37.662715],[27.007766,37.666242],[27.004879,37.665822],[27.006071,37.668555],[27.009902,37.669425],[27.011874,37.678799],[27.014742,37.680362],[27.015246,37.684914],[27.025389,37.685512],[27.025926,37.68789],[27.031478,37.689874],[27.036071,37.688393],[27.037807,37.68478],[27.045087,37.685173],[27.047921,37.680987],[27.060484,37.683167],[27.066027,37.686353],[27.07266,37.683695],[27.082118,37.683762],[27.10001,37.680524],[27.111618,37.684568],[27.115396,37.684333],[27.125793,37.689981],[27.149769,37.692755],[27.156464,37.698185],[27.173189,37.699807],[27.18393,37.704073],[27.189627,37.704316],[27.19267,37.707372],[27.196182,37.707361],[27.19826,37.709127],[27.206905,37.708304],[27.21576,37.713876],[27.216739,37.715935],[27.229257,37.720837],[27.239663,37.728055],[27.250151,37.741664],[27.259443,37.761578],[27.267545,37.790405],[27.26962,37.808343],[27.267388,37.815734],[27.259259,37.823895],[27.242674,37.825223],[27.242587,37.829969],[27.237994,37.831451],[27.238953,37.833578],[27.235648,37.840055],[27.242438,37.84454],[27.243689,37.85408],[27.241488,37.859825],[27.246432,37.858728],[27.24895,37.861752],[27.246869,37.862608],[27.246931,37.864336],[27.252569,37.860856],[27.254564,37.862352],[27.253685,37.865214],[27.257017,37.861644],[27.260401,37.862471],[27.261854,37.865444],[27.259225,37.868335],[27.26337,37.866213],[27.262817,37.871786],[27.261043,37.871707],[27.260656,37.868847],[27.259949,37.870339],[27.260719,37.873389],[27.264642,37.875589],[27.263865,37.8797],[27.265799,37.88449],[27.263422,37.885968],[27.263005,37.888443],[27.267882,37.892525],[27.267446,37.895492],[27.272529,37.898271],[27.272528,37.90188],[27.26932,37.905838],[27.2645,37.905476],[27.261439,37.909468],[27.263268,37.912182],[27.260572,37.91302],[27.262758,37.914222],[27.266401,37.921746],[27.27492,37.922477],[27.277412,37.926731],[27.275,37.944328],[27.271893,37.951222],[27.261859,37.959666],[27.259154,37.96875],[27.252866,37.977532],[27.24812,37.981059],[27.242247,37.979962],[27.240433,37.984981],[27.235741,37.985633],[27.234958,37.983871],[27.230932,37.983909],[27.218338,37.988754],[27.216723,37.992203],[27.212114,37.990224],[27.205778,37.991837],[27.205423,37.98976],[27.202899,37.988366],[27.199026,37.990361],[27.194008,37.988022],[27.190756,37.990156],[27.186619,37.990218],[27.181692,37.985678],[27.175831,37.985975],[27.173489,37.98301],[27.169872,37.983768],[27.167257,37.980866],[27.156108,37.983865],[27.153898,37.986521],[27.148694,37.985846],[27.146388,37.982849],[27.142911,37.983812],[27.139303,37.988508],[27.133757,37.987473],[27.126992,37.992894],[27.121067,37.994086],[27.119819,37.992221],[27.118056,37.993434],[27.118944,37.995406],[27.115756,37.997365],[27.114917,38.000676],[27.111123,38.000909],[27.111053,38.005259],[27.1084,38.005424],[27.107811,38.008461],[27.098782,38.01534],[27.089648,38.017506],[27.086986,38.016572],[27.085835,38.013803],[27.077922,38.016003],[27.078155,38.014025],[27.075472,38.012851],[27.074174,38.017045],[27.070313,38.018973],[27.072035,38.020196],[27.070313,38.022879],[27.072208,38.023197],[27.072712,38.025061],[27.069007,38.032088],[27.063907,38.037172],[27.060749,38.036786],[27.048037,38.049902],[27.039273,38.052861],[27.017098,38.054632],[27.005627,38.060284],[27.003351,38.063615],[26.997887,38.065293],[26.992991,38.07005],[26.980883,38.074746],[26.970251,38.074566],[26.967761,38.071339],[26.965247,38.07473],[26.962311,38.075675],[26.947519,38.075285],[26.93493,38.0729],[26.898221,38.061246],[26.884372,38.051426],[26.884565,38.049118],[26.882302,38.047573],[26.88227,38.042605],[26.876611,38.037274],[26.876857,38.034109],[26.871824,38.03004],[26.868314,38.032618],[26.866686,38.028991],[26.864545,38.028554],[26.865921,38.031229],[26.864692,38.033466],[26.867395,38.039401],[26.862974,38.040234],[26.857776,38.045607],[26.858878,38.04928],[26.856716,38.051402],[26.855155,38.058818],[26.844797,38.072703],[26.844925,38.079133],[26.849768,38.083272],[26.850088,38.091801],[26.848244,38.09528],[26.850033,38.096843],[26.85109,38.102018],[26.841447,38.112537],[26.842037,38.11597],[26.839237,38.120734],[26.835227,38.123904],[26.830192,38.124001],[26.829791,38.126521],[26.833398,38.126273],[26.836812,38.131209],[26.832698,38.131995],[26.832228,38.135245],[26.829219,38.137113],[26.830082,38.138362],[26.822816,38.140344],[26.819308,38.144162],[26.819771,38.146598],[26.823174,38.149076],[26.822037,38.151293],[26.82442,38.154706],[26.824333,38.157781],[26.819771,38.161466],[26.814634,38.162668],[26.813486,38.164801],[26.807982,38.166034],[26.803368,38.170722],[26.795133,38.173299],[26.788048,38.169791],[26.785604,38.163627],[26.779213,38.165386],[26.774847,38.161433],[26.774325,38.168837],[26.772363,38.17085],[26.77335,38.173582],[26.769529,38.173176],[26.767406,38.175998],[26.772328,38.181653],[26.769766,38.183176],[26.771041,38.191084],[26.773033,38.190615],[26.774027,38.191965],[26.772534,38.197064],[26.777041,38.199311],[26.781797,38.196004],[26.781299,38.193207],[26.782732,38.191997],[26.783015,38.195241],[26.787029,38.196],[26.790195,38.198887],[26.786797,38.200999],[26.783146,38.20065],[26.78147,38.203261],[26.778564,38.202471],[26.77365,38.204785],[26.77203,38.207269],[26.773667,38.209268],[26.769228,38.21371],[26.767105,38.213308],[26.766123,38.216371],[26.762404,38.214411],[26.758173,38.217801],[26.757302,38.221911],[26.753169,38.222972],[26.749135,38.218455],[26.745417,38.218794],[26.747472,38.214504],[26.745034,38.212157],[26.743724,38.214253],[26.740023,38.212818],[26.736525,38.215799],[26.733672,38.211931],[26.735052,38.208206],[26.732472,38.206826],[26.726032,38.208755],[26.722631,38.20732],[26.721444,38.211649],[26.71875,38.208705],[26.716454,38.210513],[26.712909,38.209572],[26.70667,38.210843],[26.705856,38.208214],[26.702884,38.20686],[26.696973,38.21088],[26.693866,38.210014],[26.694677,38.205536],[26.68882,38.206019],[26.686232,38.202207],[26.683327,38.204417],[26.686399,38.20666],[26.685552,38.208214],[26.682558,38.211034],[26.678983,38.211801],[26.674924,38.204433],[26.670645,38.207325],[26.667101,38.206606],[26.665859,38.20882],[26.66071,38.209808],[26.65684,38.207042],[26.653941,38.210077],[26.650766,38.209417],[26.651999,38.206092],[26.65054,38.203736],[26.645551,38.201795],[26.636133,38.207165],[26.639557,38.201314],[26.635628,38.197909],[26.632337,38.199904],[26.63131,38.190622],[26.629449,38.18684],[26.631408,38.184321],[26.63108,38.177776],[26.63341,38.174469],[26.631192,38.168206],[26.633894,38.167383],[26.632148,38.16198],[26.629544,38.159572],[26.624074,38.138358],[26.61636,38.136787],[26.609401,38.1381],[26.608772,38.14088],[26.606704,38.139077],[26.603387,38.143217],[26.605168,38.137633],[26.608055,38.135343],[26.612987,38.134999],[26.611084,38.128535],[26.615415,38.111815],[26.610954,38.106384],[26.606744,38.105071],[26.604517,38.102138],[26.598245,38.106385],[26.591874,38.102574],[26.58127,38.109991],[26.581777,38.112986],[26.584493,38.11534],[26.583101,38.117638],[26.584065,38.125205],[26.581597,38.126951],[26.577358,38.1357],[26.570675,38.142551],[26.563347,38.143813],[26.566762,38.139399],[26.56628,38.129057],[26.567464,38.126672],[26.564257,38.12015],[26.560691,38.117374],[26.553201,38.117364],[26.552126,38.121333],[26.543635,38.11951],[26.542634,38.121412],[26.544105,38.126264],[26.541261,38.12908],[26.534545,38.12656],[26.530022,38.127651],[26.531435,38.129468],[26.529851,38.130409],[26.530314,38.134799],[26.528888,38.137077],[26.531295,38.138866],[26.520605,38.142372],[26.521497,38.154137],[26.518631,38.159425],[26.511765,38.165848],[26.513248,38.169772],[26.515422,38.17028],[26.520075,38.165496],[26.520044,38.170157],[26.51665,38.176005],[26.517616,38.179685],[26.521035,38.182343],[26.518677,38.18392],[26.517913,38.186831],[26.506429,38.175222],[26.503438,38.17606],[26.50104,38.182762],[26.496917,38.177472],[26.496466,38.179292],[26.488108,38.182198],[26.486484,38.185491],[26.492212,38.191597],[26.490158,38.195632],[26.488559,38.195439],[26.486964,38.192045],[26.47811,38.189938],[26.476988,38.191344],[26.473521,38.189741],[26.469804,38.19029],[26.464625,38.19481],[26.458288,38.191763],[26.456828,38.194713],[26.45965,38.196706],[26.46156,38.20415],[26.459013,38.205076],[26.452922,38.200952],[26.451361,38.202484],[26.450847,38.209018],[26.444849,38.209571],[26.439268,38.212126],[26.439212,38.214033],[26.443967,38.21682],[26.442922,38.217969],[26.432789,38.219103],[26.429165,38.221747],[26.419909,38.22143],[26.423658,38.213328],[26.430295,38.205758],[26.430734,38.198105],[26.422941,38.201881],[26.414332,38.210003],[26.411599,38.208758],[26.409903,38.212966],[26.389233,38.222944],[26.391583,38.22914],[26.389935,38.23731],[26.395728,38.241431],[26.400681,38.239743],[26.399935,38.241923],[26.401875,38.244818],[26.400197,38.252067],[26.391302,38.260553],[26.381971,38.260011],[26.378508,38.262738],[26.38665,38.253634],[26.385714,38.250548],[26.387168,38.246954],[26.379429,38.244329],[26.377958,38.240765],[26.374115,38.239637],[26.373947,38.236725],[26.368657,38.232444],[26.367188,38.227121],[26.36338,38.2269],[26.361304,38.229055],[26.359226,38.227516],[26.355928,38.228959],[26.354608,38.226472],[26.350704,38.228403],[26.343028,38.228549],[26.335992,38.225525],[26.332551,38.226612],[26.329114,38.230612],[26.323429,38.230477],[26.312419,38.238444],[26.306925,38.240216],[26.305957,38.246829],[26.301577,38.248554],[26.302543,38.254346],[26.30109,38.256786],[26.298183,38.259016],[26.293401,38.259127],[26.285263,38.265022],[26.272062,38.269145],[26.249489,38.268052],[26.242515,38.262761],[26.234707,38.264179],[26.231722,38.266518],[26.230197,38.273598],[26.232906,38.277765],[26.232115,38.288864],[26.233758,38.29404],[26.238215,38.292908],[26.239578,38.295178],[26.244726,38.293673],[26.243595,38.289129],[26.246782,38.286124],[26.251769,38.284554],[26.255856,38.287267],[26.2628,38.287172],[26.274416,38.291047],[26.279539,38.295113],[26.282658,38.301173],[26.279319,38.311891],[26.279208,38.319894],[26.281305,38.323467],[26.283753,38.324097],[26.286573,38.317021],[26.296451,38.323126],[26.299745,38.323199],[26.301279,38.320138],[26.302748,38.320738],[26.300238,38.325971],[26.295407,38.328611],[26.291075,38.337999],[26.285103,38.342198],[26.282677,38.35061],[26.284322,38.360968],[26.282647,38.373743],[26.284891,38.376329],[26.288409,38.367419],[26.296189,38.360744],[26.296947,38.356663],[26.300957,38.354912],[26.304558,38.357347],[26.302191,38.36366],[26.304959,38.364298],[26.305858,38.367588],[26.307786,38.366946],[26.309905,38.368733],[26.309438,38.374907],[26.312962,38.37681],[26.315724,38.376017],[26.316607,38.373405],[26.314615,38.364301],[26.317265,38.36422],[26.319104,38.361743],[26.316928,38.358335],[26.322891,38.356719],[26.324737,38.352823],[26.321858,38.350829],[26.322549,38.346047],[26.318331,38.347679],[26.316015,38.346282],[26.317789,38.340484],[26.312032,38.338855],[26.316795,38.336896],[26.31908,38.330125],[26.325727,38.32567],[26.335137,38.324095],[26.340334,38.325171],[26.34163,38.332033],[26.344688,38.33396],[26.345861,38.324077],[26.344514,38.319565],[26.353467,38.313956],[26.361676,38.313019],[26.358665,38.310838],[26.361498,38.308622],[26.367188,38.307478],[26.374871,38.30854],[26.382761,38.311759],[26.384835,38.316523],[26.383152,38.320313],[26.385126,38.321996],[26.385752,38.327829],[26.388103,38.331314],[26.384216,38.332198],[26.38282,38.336077],[26.384297,38.348312],[26.38806,38.34778],[26.387491,38.336914],[26.393037,38.342533],[26.397383,38.341804],[26.401943,38.332622],[26.395433,38.328773],[26.394233,38.322994],[26.394909,38.321705],[26.397221,38.324213],[26.401562,38.323426],[26.404746,38.327533],[26.408039,38.32771],[26.409481,38.331886],[26.417249,38.333265],[26.418842,38.330664],[26.424194,38.333485],[26.425018,38.336217],[26.419049,38.335949],[26.420039,38.33921],[26.423524,38.338174],[26.42658,38.34142],[26.430105,38.340829],[26.434941,38.346033],[26.439323,38.343195],[26.442074,38.344794],[26.443011,38.347778],[26.4512,38.347668],[26.451046,38.352376],[26.45554,38.353862],[26.456279,38.35622],[26.461483,38.35855],[26.462663,38.363587],[26.467614,38.36475],[26.47223,38.372514],[26.482346,38.376019],[26.481795,38.377762],[26.475607,38.38072],[26.473593,38.386296],[26.474062,38.390529],[26.472457,38.393814],[26.475644,38.401472],[26.466898,38.412109],[26.462658,38.409093],[26.459303,38.409584],[26.462011,38.415543],[26.461511,38.417811],[26.451823,38.420566],[26.45076,38.427311],[26.461181,38.425771],[26.463162,38.423835],[26.466242,38.426742],[26.470586,38.425854],[26.478185,38.417488],[26.483304,38.414153],[26.486174,38.408982],[26.486055,38.403671],[26.49059,38.401022],[26.496128,38.401661],[26.502743,38.406308],[26.503351,38.410252],[26.501249,38.41252],[26.501378,38.415123],[26.507199,38.414778],[26.511644,38.419933],[26.510344,38.421589],[26.51093,38.425922],[26.51573,38.427506],[26.516143,38.430539],[26.504795,38.436555],[26.501437,38.442015],[26.494733,38.448185],[26.489641,38.448653],[26.475448,38.458877],[26.469175,38.457725],[26.464188,38.463282],[26.46086,38.46332],[26.453694,38.46872],[26.449044,38.469764],[26.44218,38.475115],[26.438137,38.476347],[26.43057,38.477337],[26.420304,38.475943],[26.413897,38.468572],[26.415833,38.461658],[26.412938,38.456907],[26.409206,38.455026],[26.405012,38.456033],[26.403976,38.450717],[26.400037,38.445335],[26.397295,38.446481],[26.39514,38.445324],[26.392795,38.447431],[26.390691,38.456895],[26.391952,38.465243],[26.395455,38.466883],[26.404287,38.478375],[26.403249,38.48172],[26.404968,38.487083],[26.41203,38.49345],[26.406436,38.49804],[26.403356,38.496639],[26.404223,38.501211],[26.40201,38.501726],[26.400468,38.505206],[26.396204,38.503392],[26.389426,38.50489],[26.389081,38.506343],[26.394639,38.507909],[26.392655,38.509648],[26.393305,38.513852],[26.389548,38.516532],[26.391728,38.518257],[26.390592,38.520803],[26.385379,38.522528],[26.381004,38.51953],[26.376494,38.524693],[26.375677,38.528462],[26.371631,38.530151],[26.375121,38.541557],[26.37673,38.539539],[26.375831,38.537158],[26.37977,38.53184],[26.378603,38.529695],[26.38069,38.523604],[26.38056,38.543966],[26.374337,38.547232],[26.374907,38.550055],[26.368713,38.555435],[26.370992,38.557681],[26.369991,38.560098],[26.363625,38.562128],[26.360234,38.56645],[26.360136,38.567617],[26.362314,38.567637],[26.360522,38.569951],[26.359065,38.578563],[26.362476,38.585277],[26.362061,38.589629],[26.359735,38.597618],[26.359704,38.606951],[26.356756,38.609207],[26.353924,38.616507],[26.357817,38.621389],[26.356253,38.63179],[26.353025,38.638295],[26.354635,38.646723],[26.359003,38.652849],[26.359025,38.656667],[26.363263,38.661071],[26.368083,38.662086],[26.369192,38.6645],[26.379152,38.663955],[26.383746,38.666745],[26.386347,38.665216],[26.397399,38.667249],[26.416648,38.680605],[26.426797,38.678945],[26.432927,38.671875],[26.438133,38.670836],[26.442415,38.673476],[26.447998,38.671631],[26.454618,38.672676],[26.46511,38.669436],[26.471156,38.671875],[26.474081,38.674888],[26.477302,38.67355],[26.48148,38.668548],[26.485481,38.667313],[26.485543,38.665195],[26.489249,38.66369],[26.489674,38.661965],[26.491589,38.663523],[26.492834,38.660255],[26.499761,38.657707],[26.500206,38.654436],[26.512783,38.647478],[26.515624,38.647881],[26.517446,38.651642],[26.519161,38.649825],[26.521254,38.650897],[26.523667,38.649886],[26.524567,38.646656],[26.528675,38.642457],[26.522164,38.64031],[26.525457,38.633694],[26.52322,38.630622],[26.53274,38.626382],[26.533354,38.625085],[26.530724,38.623406],[26.532505,38.622236],[26.536106,38.622915],[26.550802,38.601462],[26.557587,38.604561],[26.559736,38.601333],[26.56247,38.602003],[26.562725,38.593529],[26.56542,38.591494],[26.567305,38.583063],[26.566168,38.581835],[26.567761,38.580488],[26.566967,38.56955],[26.570039,38.567242],[26.568025,38.565368],[26.569685,38.559697],[26.578745,38.554927],[26.585525,38.548666],[26.591237,38.546847],[26.595477,38.541474],[26.599589,38.540912],[26.6,38.538393],[26.602298,38.538154],[26.603007,38.535052],[26.607552,38.532002],[26.613779,38.529668],[26.617403,38.529621],[26.619093,38.531703],[26.620571,38.530416],[26.625401,38.531126],[26.623957,38.525329],[26.624956,38.520488],[26.627828,38.518358],[26.626313,38.515945],[26.629634,38.517199],[26.633108,38.511316],[26.632213,38.499301],[26.640247,38.47613],[26.64088,38.46862],[26.639252,38.465967],[26.6315,38.462891],[26.62807,38.468306],[26.620936,38.472024],[26.614485,38.472069],[26.60815,38.469075],[26.604273,38.470353],[26.58788,38.470021],[26.597751,38.467899],[26.589938,38.461346],[26.596666,38.458937],[26.597761,38.461643],[26.601072,38.460638],[26.604921,38.451924],[26.60266,38.446722],[26.599005,38.445891],[26.60339,38.441102],[26.600738,38.438257],[26.599774,38.433904],[26.597237,38.431952],[26.594967,38.43284],[26.591354,38.430014],[26.588076,38.431535],[26.584852,38.426553],[26.589851,38.421769],[26.600275,38.416152],[26.605179,38.420013],[26.611577,38.42212],[26.611776,38.419109],[26.616331,38.414731],[26.616648,38.412501],[26.614662,38.410869],[26.618029,38.408444],[26.617154,38.403454],[26.620459,38.400341],[26.623684,38.400723],[26.625545,38.394796],[26.623632,38.392502],[26.626963,38.389879],[26.630363,38.381249],[26.640169,38.378986],[26.644534,38.372611],[26.645419,38.357291],[26.641367,38.347874],[26.644444,38.33995],[26.652799,38.337636],[26.653685,38.335039],[26.650882,38.333951],[26.652318,38.333016],[26.65229,38.32876],[26.653802,38.330032],[26.658166,38.325075],[26.663437,38.323666],[26.667462,38.31679],[26.67402,38.311986],[26.682371,38.31034],[26.69223,38.311999],[26.701273,38.315104],[26.703037,38.31961],[26.699998,38.322826],[26.701596,38.32772],[26.700258,38.332205],[26.694221,38.33486],[26.695195,38.339418],[26.691721,38.344108],[26.684141,38.347309],[26.674992,38.348029],[26.676724,38.353341],[26.675231,38.358178],[26.678145,38.360136],[26.683053,38.356376],[26.684529,38.351241],[26.68724,38.349949],[26.688094,38.351383],[26.680378,38.365347],[26.682088,38.372787],[26.676694,38.378764],[26.674763,38.387445],[26.678305,38.397453],[26.683951,38.399565],[26.685959,38.403118],[26.682552,38.40906],[26.683221,38.411057],[26.688167,38.417791],[26.693015,38.419528],[26.696536,38.425048],[26.704815,38.429291],[26.707412,38.434527],[26.711194,38.432982],[26.715341,38.427355],[26.723543,38.427862],[26.721243,38.429829],[26.722184,38.43181],[26.719556,38.435394],[26.721115,38.436869],[26.724565,38.436064],[26.727317,38.43208],[26.731562,38.430268],[26.730182,38.426865],[26.731201,38.424438],[26.733214,38.429141],[26.736011,38.429057],[26.740377,38.421085],[26.735037,38.41823],[26.735495,38.414418],[26.743053,38.402437],[26.755314,38.400126],[26.755264,38.39742],[26.748043,38.398618],[26.751949,38.395016],[26.749517,38.39315],[26.754201,38.388397],[26.762117,38.384967],[26.763145,38.378614],[26.761997,38.374061],[26.765363,38.367923],[26.773973,38.363494],[26.781102,38.363282],[26.794596,38.356246],[26.808506,38.355184],[26.817877,38.364084],[26.835721,38.370465],[26.861717,38.373634],[26.866004,38.375756],[26.871696,38.375082],[26.884566,38.378738],[26.90032,38.379087],[26.922437,38.384751],[26.934061,38.383703],[26.955065,38.39143],[26.980882,38.396935],[26.988889,38.401159],[26.997053,38.407928],[27.011527,38.409986],[27.016932,38.414816],[27.017346,38.417886],[27.021544,38.414469],[27.028509,38.414147],[27.036756,38.410504],[27.059151,38.415124],[27.066568,38.407962],[27.071221,38.40628],[27.070313,38.404576],[27.0733,38.402457],[27.086805,38.398446],[27.0957,38.402923],[27.099349,38.4065],[27.118171,38.410138],[27.121007,38.412216],[27.125322,38.419068],[27.128698,38.421338],[27.128373,38.423421],[27.131388,38.423509],[27.132326,38.428244],[27.140443,38.436337],[27.142709,38.441913],[27.146312,38.442495],[27.1453,38.444645],[27.148169,38.44728],[27.149889,38.446178],[27.147817,38.443994],[27.149053,38.442395],[27.151525,38.442644],[27.153962,38.446336],[27.156188,38.446532],[27.159394,38.445667],[27.158164,38.441127],[27.160582,38.440722],[27.159067,38.442241],[27.161688,38.444972],[27.16222,38.440596],[27.165976,38.439877],[27.16785,38.440762],[27.167462,38.44592],[27.169965,38.44077],[27.171399,38.447751],[27.163754,38.461524],[27.158923,38.4669],[27.14897,38.464358],[27.135062,38.464767],[27.136213,38.463066],[27.135059,38.462018],[27.131826,38.462406],[27.132314,38.459362],[27.127685,38.460318],[27.126067,38.457364],[27.112821,38.450303],[27.112659,38.448698],[27.093919,38.453215],[27.079021,38.467076],[27.070313,38.466797],[27.06787,38.463217],[27.07235,38.46205],[27.072914,38.459676],[27.067037,38.458225],[27.062935,38.458999],[27.062174,38.461711],[27.059863,38.459827],[27.057481,38.461186],[27.057732,38.46376],[27.055702,38.4632],[27.051667,38.465472],[27.050503,38.463828],[27.042455,38.465491],[27.038969,38.463415],[27.034004,38.467006],[27.032579,38.466022],[27.027045,38.467594],[27.02579,38.466464],[27.026613,38.465211],[27.035407,38.463286],[27.021148,38.464201],[27.01896,38.461795],[27.01664,38.465019],[27.01387,38.462981],[27.016122,38.460868],[27.010085,38.459004],[27.008338,38.460071],[26.995784,38.458054],[26.994845,38.453811],[26.990407,38.452654],[26.987106,38.449244],[26.989953,38.457157],[26.987796,38.455125],[26.9849,38.45572],[26.986327,38.453157],[26.984315,38.45266],[26.983784,38.448853],[26.979941,38.453377],[26.979576,38.448768],[26.974544,38.454965],[26.974678,38.45183],[26.9727,38.452988],[26.971214,38.452001],[26.974262,38.447208],[26.970856,38.441899],[26.966,38.447695],[26.96319,38.445917],[26.963164,38.443461],[26.965032,38.442917],[26.964189,38.441612],[26.960335,38.445121],[26.955357,38.444354],[26.954315,38.439603],[26.952487,38.440338],[26.953349,38.437182],[26.948598,38.431687],[26.951156,38.437025],[26.949879,38.44016],[26.951549,38.441795],[26.951023,38.443892],[26.947182,38.446057],[26.946097,38.44495],[26.945467,38.446452],[26.942289,38.444526],[26.941916,38.446001],[26.939338,38.446266],[26.93929,38.44882],[26.937765,38.448612],[26.937967,38.451063],[26.931201,38.454294],[26.927802,38.45359],[26.927935,38.454999],[26.923035,38.452016],[26.923063,38.455617],[26.920026,38.453132],[26.920351,38.456617],[26.923345,38.456221],[26.924138,38.458609],[26.920686,38.460522],[26.923478,38.461545],[26.921584,38.46863],[26.908455,38.486495],[26.884217,38.503226],[26.885134,38.506281],[26.883959,38.507813],[26.872862,38.512489],[26.836478,38.522264],[26.828991,38.526115],[26.827356,38.529796],[26.837032,38.52281],[26.853904,38.520307],[26.857147,38.518715],[26.855952,38.518168],[26.88091,38.510386],[26.888243,38.51076],[26.886537,38.514457],[26.8771,38.516238],[26.87851,38.517816],[26.881285,38.517148],[26.880013,38.527241],[26.876776,38.528851],[26.880423,38.528692],[26.88265,38.534356],[26.873684,38.534645],[26.84833,38.542779],[26.845425,38.545701],[26.848787,38.550835],[26.847702,38.554665],[26.845386,38.555631],[26.847371,38.55677],[26.847027,38.558946],[26.841184,38.559815],[26.842782,38.555444],[26.839317,38.553978],[26.84271,38.550332],[26.838424,38.553499],[26.829787,38.556186],[26.825241,38.550891],[26.822959,38.550354],[26.830554,38.558305],[26.833383,38.556394],[26.840134,38.556025],[26.840743,38.557677],[26.838798,38.561027],[26.846776,38.560459],[26.843479,38.562877],[26.842023,38.568009],[26.846701,38.57295],[26.847593,38.576248],[26.843662,38.581903],[26.840216,38.58045],[26.840384,38.586878],[26.837542,38.588932],[26.83542,38.5874],[26.830688,38.578182],[26.827417,38.581532],[26.825942,38.590348],[26.818488,38.585974],[26.814365,38.590186],[26.816624,38.592757],[26.815661,38.594478],[26.810439,38.595034],[26.806197,38.601393],[26.800573,38.599063],[26.802851,38.602817],[26.801405,38.603369],[26.801247,38.60941],[26.799999,38.610584],[26.791591,38.610651],[26.787719,38.613839],[26.778608,38.617127],[26.776125,38.616492],[26.775253,38.612368],[26.769464,38.616184],[26.766642,38.615943],[26.765816,38.61439],[26.764006,38.615792],[26.760697,38.614475],[26.757364,38.615427],[26.756815,38.617346],[26.758608,38.619302],[26.755147,38.628949],[26.764069,38.633136],[26.764627,38.637462],[26.769622,38.635758],[26.764393,38.640575],[26.760096,38.639494],[26.753582,38.634981],[26.749597,38.634565],[26.74377,38.637358],[26.743722,38.643788],[26.742232,38.645451],[26.736237,38.644477],[26.732579,38.647992],[26.732233,38.649505],[26.734824,38.651698],[26.733784,38.653471],[26.727519,38.654913],[26.725553,38.649573],[26.722376,38.651586],[26.723464,38.656098],[26.728186,38.655405],[26.734585,38.659837],[26.734377,38.66684],[26.741614,38.663022],[26.741041,38.666208],[26.744736,38.668959],[26.744847,38.664376],[26.74871,38.66369],[26.750322,38.665161],[26.753406,38.664954],[26.750696,38.669021],[26.754854,38.670841],[26.753497,38.673252],[26.74534,38.677984],[26.739698,38.677753],[26.734849,38.674729],[26.730886,38.674942],[26.73702,38.678707],[26.739221,38.67808],[26.740947,38.681698],[26.736984,38.682506],[26.733456,38.685799],[26.735978,38.686757],[26.736051,38.688236],[26.732185,38.690294],[26.728292,38.695274],[26.731111,38.697905],[26.732533,38.703077],[26.728402,38.713088],[26.729145,38.715796],[26.731547,38.716238],[26.732113,38.719515],[26.728888,38.719272],[26.726668,38.721037],[26.728616,38.723025],[26.728627,38.726807],[26.731738,38.727247],[26.737394,38.731459],[26.741457,38.730778],[26.742944,38.732098],[26.74156,38.735948],[26.739144,38.736435],[26.740561,38.741276],[26.751686,38.739655],[26.753818,38.737021],[26.758944,38.735993],[26.758832,38.738875],[26.762542,38.74006],[26.76692,38.737487],[26.766918,38.742059],[26.768246,38.742324],[26.770516,38.740936],[26.768722,38.737817],[26.769778,38.734837],[26.773993,38.739156],[26.779177,38.739951],[26.778981,38.737498],[26.78035,38.736838],[26.784315,38.738964],[26.783854,38.741894],[26.786506,38.743608],[26.787064,38.746788],[26.790319,38.745568],[26.790597,38.748067],[26.792592,38.74858],[26.796178,38.746145],[26.802051,38.750405],[26.812761,38.752669],[26.815932,38.75712],[26.823038,38.762342],[26.831089,38.761167],[26.832403,38.756236],[26.837497,38.752647],[26.837346,38.751555],[26.83472,38.751946],[26.832099,38.748187],[26.832987,38.744578],[26.835508,38.742332],[26.838954,38.741402],[26.850617,38.748461],[26.850682,38.751186],[26.857588,38.753107],[26.865838,38.744156],[26.87305,38.740336],[26.877082,38.735157],[26.885773,38.732227],[26.896328,38.734385],[26.900652,38.743731],[26.89974,38.747591],[26.897179,38.749108],[26.899708,38.752226],[26.906361,38.752237],[26.906938,38.754246],[26.904266,38.756058],[26.904535,38.759905],[26.90715,38.760163],[26.905294,38.763786],[26.907562,38.766335],[26.910971,38.766323],[26.914611,38.763278],[26.917878,38.762783],[26.923539,38.757645],[26.929472,38.755919],[26.935331,38.75841],[26.939083,38.764277],[26.93809,38.767414],[26.930336,38.77309],[26.931891,38.780903],[26.92886,38.779333],[26.927031,38.78021],[26.925738,38.777475],[26.924379,38.777973],[26.925229,38.780058],[26.917211,38.785407],[26.914518,38.790555],[26.910439,38.793939],[26.911051,38.796033],[26.903779,38.807026],[26.898637,38.808288],[26.894575,38.8136],[26.891791,38.819893],[26.892832,38.82492],[26.896504,38.825186],[26.899638,38.821332],[26.910808,38.817245],[26.914096,38.817412],[26.925491,38.829216],[26.928121,38.83001],[26.929378,38.828867],[26.936876,38.834281],[26.944599,38.836087],[26.946243,38.825335],[26.94319,38.820362],[26.941756,38.813524],[26.943159,38.811499],[26.948948,38.808307],[26.953186,38.802981],[26.96886,38.803888],[26.977527,38.809436],[26.984037,38.822109],[26.98373,38.825728],[26.979249,38.82913],[26.962258,38.831284],[26.96523,38.833877],[26.971151,38.845351],[26.976581,38.845068],[26.977063,38.847656],[26.979053,38.848697],[26.987309,38.847182],[26.987388,38.853219],[26.990305,38.856027],[27.002318,38.856887],[27.005929,38.858967],[27.007359,38.866256],[27.012129,38.865677],[27.025511,38.872298],[27.02638,38.869773],[27.020182,38.865918],[27.019816,38.861856],[27.022542,38.85826],[27.031774,38.855145],[27.034051,38.855745],[27.035974,38.861848],[27.039196,38.86235],[27.04493,38.868052],[27.050858,38.867376],[27.054099,38.868942],[27.056489,38.867912],[27.056627,38.866071],[27.058989,38.865807],[27.063462,38.871046],[27.063462,38.873831],[27.060625,38.87518],[27.061046,38.877344],[27.062945,38.878016],[27.06474,38.87577],[27.066274,38.877226],[27.060543,38.888662],[27.050183,38.893852],[27.05152,38.896942],[27.048834,38.896228],[27.044177,38.890655],[27.037196,38.894082],[27.03763,38.896325],[27.041729,38.897727],[27.04223,38.901096],[27.044497,38.903044],[27.044018,38.908887],[27.054463,38.910777],[27.05692,38.914388],[27.054174,38.923644],[27.048718,38.928938],[27.053126,38.927849],[27.053712,38.931101],[27.043179,38.940944],[27.040619,38.93953],[27.037466,38.940192],[27.03191,38.936841],[27.027074,38.930628],[27.018802,38.928471],[27.016677,38.925784],[27.01117,38.924356],[27.015742,38.92328],[27.012899,38.920019],[27.010548,38.920141],[27.012015,38.917763],[27.006314,38.918651],[27.006394,38.916265],[27.016829,38.917882],[27.018329,38.914092],[27.017417,38.913345],[27.004928,38.912961],[26.992687,38.916734],[26.996739,38.91697],[26.993841,38.919814],[26.989965,38.919647],[26.989111,38.918267],[26.992545,38.917213],[26.990325,38.917177],[26.974857,38.926414],[26.969786,38.926666],[26.970208,38.928945],[26.968931,38.928481],[26.957106,38.937687],[26.965178,38.94095],[26.968372,38.943773],[26.966911,38.944239],[26.964549,38.94255],[26.959448,38.943095],[26.958238,38.940238],[26.958019,38.942958],[26.954418,38.9411],[26.957304,38.940158],[26.954867,38.939657],[26.950343,38.934188],[26.946699,38.938518],[26.936968,38.937217],[26.935884,38.933054],[26.939431,38.929011],[26.938252,38.925217],[26.934032,38.927493],[26.933155,38.932749],[26.93053,38.935623],[26.919965,38.93961],[26.909249,38.933661],[26.893343,38.929207],[26.890388,38.927164],[26.888909,38.923159],[26.884239,38.923249],[26.880764,38.921368],[26.87762,38.914933],[26.871583,38.918175],[26.865143,38.914077],[26.85833,38.913585],[26.852315,38.916048],[26.857247,38.922379],[26.853615,38.924569],[26.853127,38.930941],[26.851431,38.932467],[26.845266,38.934918],[26.83006,38.933181],[26.821036,38.936023],[26.81616,38.94099],[26.814411,38.949674],[26.811355,38.952587],[26.808227,38.953508],[26.803762,38.950443],[26.80144,38.950598],[26.797774,38.956207],[26.796213,38.962266],[26.799727,38.96436],[26.800361,38.968568],[26.800212,38.974009],[26.796168,38.981473],[26.796197,38.985065],[26.79858,38.988952],[26.797312,38.990654],[26.797526,38.99652],[26.800897,38.999032],[26.80018,39.003069],[26.802267,39.009976],[26.807732,39.015205],[26.811827,39.015199],[26.815311,39.020432],[26.816018,39.025467],[26.811568,39.023438],[26.811311,39.01993],[26.79865,39.015138],[26.798942,39.021929],[26.795062,39.023852],[26.799337,39.028332],[26.799127,39.032182],[26.803806,39.034749],[26.805374,39.038612],[26.812137,39.037544],[26.81198,39.040937],[26.813501,39.041855],[26.818037,39.036782],[26.823911,39.038077],[26.829269,39.040855],[26.830212,39.043443],[26.837997,39.045375],[26.839793,39.048397],[26.847024,39.051649],[26.8513,39.057726],[26.855728,39.056031],[26.859265,39.056989],[26.868477,39.064067],[26.879511,39.064114],[26.886494,39.068222],[26.887387,39.076305],[26.882338,39.089566],[26.876825,39.098441],[26.877849,39.099797],[26.870682,39.104902],[26.86738,39.11175],[26.864217,39.112332],[26.854508,39.11907],[26.850505,39.127973],[26.835653,39.141933],[26.817361,39.15396],[26.795392,39.162077],[26.768065,39.166124],[26.763206,39.17677],[26.758761,39.182357],[26.739423,39.200182],[26.735703,39.205512],[26.737729,39.221124],[26.733201,39.227733],[26.735243,39.231691],[26.734231,39.238601],[26.726928,39.250838],[26.717953,39.258872],[26.696244,39.266153],[26.657825,39.268045],[26.639413,39.266206],[26.635692,39.267678],[26.635772,39.271027],[26.632833,39.272118],[26.620233,39.274524],[26.614475,39.271545],[26.6092,39.272641],[26.608588,39.27577],[26.611637,39.278444],[26.611911,39.282558],[26.621042,39.287236],[26.623349,39.295387],[26.625945,39.298164],[26.625688,39.302069],[26.622666,39.305753],[26.626223,39.312103],[26.630404,39.314166],[26.636217,39.313474],[26.6508,39.323417],[26.653216,39.31852],[26.657634,39.316982],[26.65183,39.309296],[26.656793,39.30371],[26.655262,39.302067],[26.651138,39.302309],[26.647542,39.30483],[26.647302,39.30718],[26.64437,39.307397],[26.643429,39.302572],[26.638848,39.301747],[26.635166,39.304404],[26.634842,39.301461],[26.630718,39.297009],[26.634008,39.295907],[26.635274,39.292499],[26.641229,39.292395],[26.647276,39.293969],[26.649631,39.297907],[26.652594,39.297672],[26.654492,39.295484],[26.657403,39.295079],[26.658769,39.292186],[26.654654,39.286167],[26.657202,39.285406],[26.660233,39.286981],[26.661066,39.285424],[26.657933,39.283673],[26.665555,39.279807],[26.671144,39.279347],[26.673129,39.284949],[26.666878,39.294628],[26.662056,39.292464],[26.660428,39.293247],[26.66046,39.297976],[26.663481,39.300117],[26.663677,39.304646],[26.675476,39.312367],[26.683709,39.311981],[26.685713,39.314029],[26.689132,39.313193],[26.690878,39.319672],[26.697031,39.327654],[26.696916,39.331112],[26.702291,39.335768],[26.701552,39.340555],[26.71697,39.342442],[26.724169,39.348311],[26.735693,39.352906],[26.736682,39.355574],[26.735186,39.357328],[26.736724,39.359572],[26.747401,39.35762],[26.764,39.366179],[26.765597,39.368384],[26.775508,39.368784],[26.787895,39.37756],[26.790786,39.386141],[26.796527,39.387583],[26.803462,39.393277],[26.805935,39.392301],[26.807541,39.398443],[26.811116,39.400343],[26.808474,39.40164],[26.80809,39.406196],[26.804963,39.403656],[26.801829,39.403439],[26.800891,39.407471],[26.803835,39.41844],[26.802803,39.42032],[26.799619,39.420336],[26.799831,39.42328],[26.796733,39.425701],[26.797296,39.432159],[26.802034,39.435211],[26.807344,39.433341],[26.813139,39.438473],[26.815305,39.436306],[26.814777,39.433787],[26.81822,39.431517],[26.82098,39.432885],[26.823933,39.430996],[26.82778,39.432408],[26.833569,39.429458],[26.837463,39.434137],[26.849036,39.436],[26.855229,39.440213],[26.856955,39.443218],[26.856993,39.450474],[26.852403,39.456686],[26.853344,39.46719],[26.85728,39.470213],[26.85827,39.476946],[26.864563,39.477849],[26.875544,39.474407],[26.898627,39.476254],[26.931721,39.485577],[26.931669,39.489248],[26.92962,39.491435],[26.933429,39.497404],[26.931812,39.503587],[26.934083,39.506044],[26.934511,39.512107],[26.941414,39.527014],[26.939415,39.537367],[26.944863,39.543405],[26.951686,39.547151],[26.952964,39.550131],[26.952855,39.554834],[26.949468,39.563189],[26.941961,39.570262],[26.921882,39.583581],[26.906325,39.58234],[26.892542,39.584263],[26.888573,39.582091],[26.879693,39.58513],[26.873848,39.582185],[26.867053,39.569307],[26.866428,39.565296],[26.852046,39.566378],[26.841802,39.562044],[26.837658,39.557786],[26.818642,39.567621],[26.804873,39.565904],[26.798777,39.568676],[26.783368,39.568946],[26.77297,39.571095],[26.758777,39.56353],[26.742736,39.565359],[26.740238,39.566931],[26.727476,39.567111],[26.71875,39.562221],[26.702547,39.560433],[26.697948,39.556679],[26.690617,39.555042],[26.67865,39.557727],[26.669572,39.557669],[26.658178,39.551774],[26.645851,39.554936],[26.631657,39.55448],[26.615699,39.546126],[26.607855,39.544199],[26.596638,39.545273],[26.591874,39.544055],[26.586643,39.539649],[26.579693,39.540208],[26.556858,39.535233],[26.548679,39.531119],[26.536385,39.533131],[26.520693,39.531909],[26.507444,39.526439],[26.487774,39.527609],[26.476705,39.525042],[26.47095,39.521402],[26.46121,39.521294],[26.455511,39.518447],[26.446413,39.517828],[26.440809,39.516205],[26.433539,39.510641],[26.42332,39.5072],[26.417955,39.500985],[26.405147,39.501693],[26.393671,39.497392],[26.376382,39.49638],[26.371439,39.491239],[26.368729,39.485083],[26.369857,39.481298],[26.368118,39.480498],[26.353948,39.487074],[26.344472,39.486995],[26.340833,39.484696],[26.335657,39.484542],[26.324911,39.480821],[26.304769,39.484624],[26.286387,39.485132],[26.27467,39.482483],[26.267138,39.483527],[26.261374,39.480096],[26.255815,39.479167],[26.253714,39.475894],[26.249526,39.474183],[26.249539,39.470454],[26.242307,39.46389],[26.235064,39.465316],[26.234234,39.466832],[26.235945,39.468711],[26.230265,39.474527],[26.220439,39.472873],[26.214268,39.46934],[26.212067,39.469979],[26.208173,39.465232],[26.208362,39.463558],[26.20425,39.460973],[26.195692,39.459911],[26.186923,39.461144],[26.178091,39.458752],[26.164383,39.459482],[26.15664,39.456592],[26.148153,39.458352],[26.143368,39.45424],[26.137731,39.452823],[26.131382,39.453056],[26.125564,39.455281],[26.116819,39.454688],[26.105746,39.461629],[26.08118,39.467153],[26.07143,39.471848],[26.062644,39.479496],[26.069727,39.497941],[26.06975,39.502882],[26.083753,39.511068],[26.084526,39.516038],[26.080291,39.521365],[26.088926,39.528946],[26.088336,39.532215],[26.091488,39.540069],[26.090856,39.546953],[26.092716,39.548743],[26.093931,39.555686],[26.101667,39.568813],[26.105601,39.584914],[26.120692,39.596511],[26.131215,39.600836],[26.14254,39.612599],[26.149774,39.625138],[26.150424,39.630252],[26.159178,39.648015],[26.16044,39.655857],[26.163517,39.65946],[26.162562,39.672772],[26.164547,39.681604],[26.158947,39.700183],[26.157083,39.712228],[26.15877,39.718192],[26.152471,39.729939],[26.151253,39.735934],[26.142326,39.747013],[26.142914,39.750851],[26.140176,39.756987],[26.141095,39.759602],[26.149217,39.764495],[26.155649,39.77092],[26.158533,39.776664],[26.158364,39.781605],[26.155776,39.786852],[26.156672,39.789136],[26.153952,39.795005],[26.156776,39.805106],[26.162274,39.809838],[26.163613,39.81822],[26.159986,39.82603],[26.137391,39.840895],[26.143968,39.84688],[26.143067,39.850348],[26.146953,39.858084],[26.143407,39.861534],[26.145193,39.868179],[26.147654,39.87024],[26.151157,39.869729],[26.152382,39.873641],[26.155246,39.876276],[26.154705,39.879201],[26.159068,39.882964],[26.158301,39.888485],[26.161376,39.894989],[26.150797,39.907702],[26.149918,39.915387],[26.15598,39.919201],[26.159222,39.925948],[26.159231,39.92899],[26.163743,39.938715],[26.162722,39.941767],[26.166434,39.953162],[26.166541,39.961914],[26.170936,39.968008],[26.179243,39.991434],[26.183202,39.993902],[26.186868,40.000666],[26.195929,40.005871],[26.198542,40.009727],[26.211369,40.006014],[26.17028,40.045583],[26.165871,40.05256],[26.167659,40.055881],[26.177211,40.063712],[26.186919,40.081345],[26.205216,40.098331],[26.209932,40.104502],[26.212823,40.117033],[26.220933,40.125975],[26.234159,40.149972],[26.235069,40.154486],[26.24955,40.164529],[26.252335,40.173372],[26.258822,40.177928],[26.266032,40.191283],[26.270283,40.193751],[26.270871,40.199916],[26.267437,40.207418],[26.272001,40.208631],[26.278514,40.216266],[26.275922,40.23814],[26.280257,40.240423],[26.28211,40.243362],[26.278567,40.253906],[26.265612,40.265956],[26.2459,40.280379],[26.23394,40.285362],[26.229362,40.28918],[26.229641,40.290416],[26.237321,40.290828],[26.241508,40.29366],[26.241695,40.297874],[26.246535,40.299796],[26.246836,40.306786],[26.240654,40.314973],[26.235683,40.314755],[26.235815,40.315942],[26.232836,40.316324],[26.22481,40.315619],[26.223429,40.316934],[26.215551,40.31633],[26.218676,40.319448],[26.232397,40.326027],[26.237919,40.33129],[26.247211,40.334465],[26.250871,40.338663],[26.256328,40.34065],[26.257038,40.343055],[26.262309,40.345898],[26.286827,40.349397],[26.295489,40.352186],[26.30074,40.359718],[26.308223,40.365481],[26.320233,40.368795],[26.323563,40.368273],[26.322338,40.365217],[26.323204,40.363025],[26.331761,40.363882],[26.337816,40.373435],[26.345052,40.378489],[26.362924,40.385025],[26.364214,40.386662],[26.363399,40.38963],[26.366658,40.392327],[26.386278,40.399279],[26.396079,40.405671],[26.396916,40.409667],[26.4036,40.411482],[26.412549,40.41132],[26.415172,40.415986],[26.423647,40.418362],[26.429014,40.425101],[26.433668,40.426005],[26.433914,40.428734],[26.436484,40.431413],[26.450709,40.438914],[26.456209,40.441405],[26.483559,40.444865],[26.492819,40.447479],[26.495093,40.449742],[26.500314,40.450939],[26.504014,40.455272],[26.510618,40.456279],[26.509895,40.458534],[26.524612,40.462798],[26.531529,40.468929],[26.545904,40.476349],[26.549775,40.480042],[26.558353,40.481628],[26.562444,40.480865],[26.572817,40.48632],[26.575955,40.489864],[26.585695,40.493499],[26.589087,40.496953],[26.605721,40.502589],[26.620113,40.504771],[26.625238,40.507977],[26.635701,40.510376],[26.645238,40.506762],[26.651399,40.508019],[26.65903,40.506146],[26.661073,40.508029],[26.670931,40.507327],[26.679004,40.508661],[26.680547,40.506817],[26.682616,40.508736],[26.690369,40.509132],[26.694893,40.50713],[26.6962,40.510007],[26.703893,40.510505],[26.708053,40.512701],[26.71106,40.51689],[26.713251,40.527483],[26.71875,40.538504],[26.726476,40.543423],[26.734193,40.545098],[26.736004,40.550888],[26.743546,40.553832],[26.747599,40.558923],[26.748075,40.554374],[26.744796,40.549288],[26.748994,40.546038],[26.763332,40.54442],[26.770332,40.545273],[26.798917,40.556731],[26.817028,40.571079],[26.835192,40.581605],[26.838888,40.588383],[26.838725,40.595319],[26.8365,40.5984],[26.837398,40.603355],[26.83464,40.606384],[26.830452,40.623457],[26.823389,40.633338],[26.823143,40.634933],[26.825209,40.634751],[26.822983,40.639344],[26.818737,40.643121],[26.818466,40.646948],[26.810491,40.648053],[26.80508,40.652036],[26.804766,40.654263],[26.795658,40.656904],[26.784254,40.657676],[26.772415,40.656288],[26.755683,40.651844],[26.748403,40.648394],[26.743019,40.643468],[26.732512,40.644749],[26.725595,40.642321],[26.713834,40.643148],[26.696854,40.637028],[26.688963,40.639159],[26.677333,40.636748],[26.667945,40.638326],[26.661826,40.635661],[26.644117,40.637776],[26.643546,40.636207],[26.638758,40.637494],[26.632906,40.635108],[26.629674,40.635936],[26.622028,40.63428],[26.615261,40.636842],[26.609991,40.636562],[26.607451,40.634522],[26.602406,40.633785],[26.599642,40.629806],[26.596699,40.628517],[26.590992,40.630851],[26.580145,40.623585],[26.577808,40.618859],[26.566645,40.61052],[26.558627,40.610915],[26.547801,40.604872],[26.54501,40.601314],[26.542106,40.601039],[26.536425,40.592456],[26.533387,40.591285],[26.520689,40.597919],[26.514073,40.594994],[26.507008,40.59599],[26.492196,40.605469],[26.479797,40.611105],[26.45979,40.616659],[26.441339,40.612629],[26.431099,40.602697],[26.413646,40.598561],[26.407772,40.60195],[26.401978,40.601884],[26.375138,40.608009],[26.372012,40.605634],[26.359352,40.605812],[26.3499,40.603419],[26.339477,40.596316],[26.303697,40.590473],[26.279877,40.591885],[26.266312,40.595354],[26.261494,40.594617],[26.234298,40.598493],[26.203887,40.59762],[26.174269,40.593426],[26.158741,40.589315],[26.151154,40.589315],[26.123642,40.594186],[26.123085,40.592804],[26.126659,40.59112],[26.122337,40.591515],[26.121998,40.594505],[26.108546,40.59836],[26.09277,40.605469],[26.075174,40.617608],[26.06607,40.62787],[26.06578,40.631938],[26.060586,40.639086],[26.063857,40.643585],[26.065861,40.650154],[26.063483,40.662995],[26.065126,40.670148],[26.061654,40.68161],[26.062328,40.683389],[26.056409,40.69277],[26.049475,40.695152],[26.048145,40.699363],[26.051033,40.69569],[26.054267,40.696511],[26.054389,40.702228],[26.05181,40.706902],[26.05301,40.708741],[26.041698,40.722796],[26.041607,40.725974],[26.036654,40.730673],[26.025739,40.73683],[26.030024,40.737511],[26.030141,40.73928],[26.037223,40.743334],[26.047564,40.754026],[26.041828,40.75076],[26.037543,40.74592],[26.034574,40.745291],[26.035326,40.747323],[26.033306,40.748011],[26.032806,40.752244],[26.036374,40.759196],[26.037956,40.757877],[26.037467,40.756018],[26.03942,40.755687],[26.041757,40.760999],[26.039541,40.76157],[26.037654,40.758923],[26.034661,40.762445],[26.034606,40.764934],[26.041257,40.766597],[26.037828,40.767884],[26.036334,40.771717],[26.033637,40.772047],[26.036208,40.776066],[26.0452,40.772117],[26.04669,40.768667],[26.050256,40.768724],[26.063158,40.773189],[26.066536,40.776186],[26.066343,40.779091],[26.069259,40.78125],[26.055416,40.783791],[26.052078,40.780161],[26.051617,40.782822],[26.050305,40.782784],[26.04982,40.778496],[26.051762,40.778157],[26.051387,40.774921],[26.056764,40.773241],[26.054737,40.771948],[26.053346,40.773757],[26.048294,40.770498],[26.037735,40.777098],[26.035686,40.776633],[26.035103,40.778965],[26.033613,40.776747],[26.031789,40.78125],[26.02791,40.781929],[26.027564,40.784292],[26.029797,40.786007],[26.025961,40.789027],[26.024007,40.794226],[26.020712,40.796275],[26.015625,40.79548],[26.014908,40.794133],[26.008292,40.794513],[26.010627,40.793604],[26.0092,40.792819],[26.005024,40.793382],[26.004602,40.795341],[26.008417,40.797117],[26.003507,40.796049],[26.003229,40.799865],[26.006519,40.800459],[26.009234,40.803954],[26.015102,40.803375],[26.013119,40.804758],[26.010152,40.812401],[26.012377,40.814329],[26.013201,40.818276],[26.007524,40.816955],[26.006274,40.818821],[26.004646,40.814925],[26.007649,40.812174],[26.005727,40.810896],[26.00035,40.812766],[26.001939,40.810378],[26.000802,40.809648],[25.993352,40.818256],[25.982582,40.825854],[25.949796,40.842373],[25.916572,40.847802],[25.907835,40.847069],[25.905347,40.84278],[25.900315,40.843956],[25.89691,40.842186],[25.889387,40.845349],[25.886389,40.845121],[25.887424,40.844738],[25.886243,40.843785],[25.883494,40.845024],[25.883661,40.843671],[25.879823,40.844263],[25.880245,40.839929],[25.877202,40.840005],[25.876179,40.842327],[25.867514,40.84129],[25.846142,40.847034],[25.839178,40.847861],[25.835346,40.846316],[25.815866,40.850653],[25.793666,40.849403],[25.788057,40.850696],[25.77416,40.850417],[25.763313,40.8472],[25.755024,40.84841],[25.750553,40.846479],[25.735034,40.846785],[25.731731,40.844707],[25.726128,40.847347],[25.699218,40.848863],[25.664547,40.857113],[25.65705,40.856986],[25.643994,40.861007],[25.638377,40.860862],[25.624275,40.864348],[25.61593,40.862793],[25.611654,40.865287],[25.590785,40.868516],[25.58124,40.864921],[25.579169,40.862016],[25.571493,40.861869],[25.562585,40.856774],[25.550405,40.858721],[25.531844,40.8648],[25.521452,40.870395],[25.507004,40.872904],[25.505673,40.876748],[25.509661,40.877356],[25.50195,40.882212],[25.480278,40.886787],[25.461782,40.893697],[25.457278,40.896848],[25.398923,40.907499],[25.379837,40.909424],[25.370111,40.917296],[25.371565,40.92091],[25.365853,40.9251],[25.366951,40.925905],[25.362887,40.931365],[25.359411,40.933175],[25.361482,40.933586],[25.361056,40.934697],[25.357998,40.93699],[25.33512,40.941364],[25.335596,40.94768],[25.332647,40.942206],[25.32115,40.943051],[25.31546,40.944993],[25.293764,40.943045],[25.28914,40.935715],[25.286362,40.933943],[25.278324,40.934358],[25.270614,40.931792],[25.269138,40.928362],[25.270789,40.924943],[25.264098,40.92104],[25.262762,40.924371],[25.255435,40.922653],[25.258124,40.931306],[25.248622,40.93621],[25.225437,40.938071],[25.215042,40.941264],[25.18816,40.941609],[25.174258,40.940125],[25.169631,40.942364],[25.167784,40.946137],[25.16262,40.950306],[25.151258,40.953653],[25.129918,40.955844],[25.127352,40.961076],[25.124518,40.962134],[25.127742,40.965376],[25.130474,40.973551],[25.138149,40.977297],[25.138743,40.980031],[25.143599,40.979797],[25.150387,40.983786],[25.151173,40.980567],[25.148698,40.980324],[25.151679,40.979304],[25.154331,40.982648],[25.156891,40.983066],[25.157101,40.985894],[25.152966,40.984726],[25.149506,40.98851],[25.152979,40.988099],[25.159155,40.990338],[25.164956,40.994641],[25.165432,40.998549],[25.163703,40.997822],[25.161893,41.000466],[25.157998,41.000525],[25.15509,40.998197],[25.152666,40.998591],[25.152244,40.997059],[25.148768,40.997172],[25.147088,40.993464],[25.142666,40.993145],[25.143323,40.989818],[25.141625,40.988549],[25.135409,40.9974],[25.126487,40.999298],[25.128759,41.004004],[25.139809,41.007694],[25.147963,41.001312],[25.150831,41.00222],[25.154619,41.001006],[25.149065,41.003967],[25.144433,41.00965],[25.149858,41.007417],[25.155718,41.001499],[25.158968,41.00088],[25.173481,41.002769],[25.178412,41.00804],[25.174639,41.010973],[25.173259,41.026056],[25.169377,41.0267],[25.165114,41.029849],[25.165846,41.033805],[25.155548,41.042663],[25.132063,41.049325],[25.125148,41.047075],[25.121763,41.049917],[25.118845,41.057452],[25.123128,41.057354],[25.133154,41.062623],[25.137049,41.068831],[25.137382,41.073672],[25.127603,41.081985],[25.113996,41.086259],[25.114926,41.087719]],[[24.351421,40.868192],[24.350485,40.865801],[24.347467,40.865897],[24.346344,40.869023],[24.351421,40.868192]],[[24.700466,40.829736],[24.703504,40.831741],[24.713093,40.829559],[24.717206,40.826897],[24.717528,40.823474],[24.711749,40.824313],[24.711737,40.826531],[24.705897,40.826737],[24.705419,40.828434],[24.700466,40.829736]],[[24.642873,40.794811],[24.644247,40.797979],[24.651514,40.800583],[24.655072,40.798777],[24.658677,40.792257],[24.668409,40.783421],[24.674329,40.784282],[24.677107,40.781774],[24.684316,40.78125],[24.686561,40.778538],[24.694563,40.776849],[24.700086,40.77751],[24.705426,40.781703],[24.712498,40.781075],[24.71664,40.785774],[24.724475,40.780054],[24.725271,40.77784],[24.730886,40.77678],[24.727126,40.769246],[24.730338,40.767582],[24.729525,40.764707],[24.731078,40.764967],[24.732111,40.761829],[24.7378,40.756732],[24.748778,40.753877],[24.74884,40.74986],[24.751068,40.74929],[24.752382,40.746618],[24.753567,40.748289],[24.767789,40.744535],[24.768847,40.747399],[24.771964,40.747586],[24.774402,40.743468],[24.780964,40.741196],[24.781274,40.737956],[24.785058,40.736109],[24.782639,40.730034],[24.774779,40.734056],[24.771046,40.731081],[24.766238,40.732366],[24.762133,40.730991],[24.75952,40.728989],[24.756426,40.719514],[24.760707,40.708992],[24.779145,40.704971],[24.783076,40.705756],[24.776549,40.700768],[24.782946,40.685356],[24.762976,40.674334],[24.764002,40.664989],[24.766268,40.664059],[24.765349,40.660184],[24.767808,40.657218],[24.767213,40.65309],[24.769492,40.651428],[24.767906,40.644658],[24.770389,40.641664],[24.775359,40.640974],[24.774025,40.636114],[24.770896,40.634362],[24.773206,40.632391],[24.772561,40.62903],[24.784765,40.624812],[24.777301,40.61864],[24.777438,40.610589],[24.775054,40.605469],[24.762268,40.615842],[24.761783,40.618327],[24.760914,40.616394],[24.750624,40.611249],[24.74745,40.605015],[24.743181,40.605469],[24.744029,40.603393],[24.739804,40.599778],[24.737736,40.600708],[24.74086,40.604403],[24.729058,40.601825],[24.727197,40.603344],[24.723786,40.602839],[24.721186,40.605469],[24.718997,40.602797],[24.719092,40.598269],[24.715658,40.594776],[24.710024,40.595643],[24.705288,40.594363],[24.697167,40.595594],[24.693147,40.5979],[24.691583,40.597152],[24.692455,40.594391],[24.691286,40.591526],[24.686046,40.590821],[24.682322,40.58733],[24.668762,40.581274],[24.669838,40.575527],[24.662707,40.573707],[24.657185,40.575944],[24.655443,40.572963],[24.650426,40.573894],[24.647915,40.569191],[24.64171,40.567641],[24.643389,40.57468],[24.642326,40.5794],[24.639069,40.583228],[24.634588,40.582073],[24.631064,40.583954],[24.628535,40.581911],[24.624459,40.585737],[24.621297,40.583281],[24.61935,40.586969],[24.620885,40.592127],[24.616722,40.595888],[24.608885,40.595738],[24.603052,40.59375],[24.609988,40.602087],[24.609008,40.605469],[24.601661,40.613631],[24.58932,40.621631],[24.582027,40.623356],[24.576723,40.622748],[24.576624,40.62541],[24.560785,40.62525],[24.542231,40.623417],[24.540939,40.621546],[24.528965,40.61958],[24.527155,40.621561],[24.528149,40.625976],[24.524912,40.63552],[24.512721,40.636617],[24.5123,40.638383],[24.514651,40.63984],[24.513324,40.640518],[24.513597,40.64396],[24.515622,40.645251],[24.512204,40.649048],[24.513043,40.653341],[24.511184,40.663328],[24.515015,40.671995],[24.525726,40.686245],[24.524882,40.696289],[24.533039,40.706882],[24.533699,40.713588],[24.559122,40.740584],[24.561212,40.747486],[24.561251,40.759905],[24.565361,40.762214],[24.57515,40.758994],[24.577611,40.760008],[24.58369,40.758949],[24.588693,40.762793],[24.596579,40.775694],[24.611909,40.780038],[24.615639,40.784421],[24.627115,40.789324],[24.63026,40.793389],[24.640065,40.793323],[24.642873,40.794811]],[[26.017864,40.793638],[26.019943,40.793483],[26.025132,40.788124],[26.026759,40.776816],[26.023859,40.780061],[26.025845,40.77989],[26.025126,40.784306],[26.022801,40.78327],[26.021593,40.785253],[26.023686,40.786707],[26.020625,40.786037],[26.017864,40.793638]],[[26.021804,40.778965],[26.027246,40.769013],[26.010864,40.789144],[26.021804,40.778965]],[[26.03033,40.75103],[26.030508,40.753717],[26.031717,40.750433],[26.03033,40.75103]],[[24.785995,40.70645],[24.787122,40.705269],[24.783833,40.70455],[24.785995,40.70645]],[[24.779344,40.654152],[24.777476,40.65693],[24.783734,40.664182],[24.785632,40.664429],[24.783501,40.655713],[24.779344,40.654152]],[[23.804893,40.614169],[23.802202,40.616426],[23.804199,40.617043],[23.808894,40.614382],[23.80876,40.614181],[23.804893,40.614169]],[[24.618357,40.560772],[24.624015,40.562321],[24.626186,40.558046],[24.621312,40.558378],[24.618357,40.560772]],[[23.928311,40.528132],[23.925702,40.529156],[23.925452,40.529931],[23.931034,40.530077],[23.928311,40.528132]],[[25.561978,40.510573],[25.579526,40.509125],[25.594258,40.502829],[25.616957,40.503319],[25.629787,40.49696],[25.641579,40.493333],[25.656572,40.49388],[25.66098,40.488909],[25.666247,40.485788],[25.669485,40.485606],[25.675354,40.479871],[25.678606,40.480293],[25.700294,40.464762],[25.700229,40.45564],[25.694319,40.436787],[25.697734,40.422519],[25.695022,40.420725],[25.688701,40.421198],[25.66861,40.41204],[25.654878,40.41126],[25.649279,40.40743],[25.642775,40.40842],[25.635996,40.406948],[25.628008,40.401744],[25.606847,40.397423],[25.600542,40.392627],[25.594748,40.393988],[25.583336,40.39168],[25.582286,40.394791],[25.580341,40.39559],[25.574335,40.392351],[25.567325,40.396968],[25.560172,40.395143],[25.543066,40.41387],[25.522638,40.421754],[25.51009,40.424149],[25.47875,40.448631],[25.458845,40.457347],[25.453744,40.467836],[25.443587,40.476082],[25.444271,40.477071],[25.45381,40.472997],[25.468066,40.472499],[25.479569,40.485196],[25.501012,40.497566],[25.527145,40.505309],[25.536609,40.505895],[25.538939,40.504782],[25.561978,40.510573]],[[24.008191,40.45333],[24.005639,40.452229],[24.005996,40.453856],[24.008191,40.45333]],[[25.943703,40.241117],[25.949002,40.23754],[25.948533,40.234473],[25.945667,40.231644],[25.950687,40.224383],[25.954251,40.22298],[25.959463,40.224256],[25.962181,40.221905],[25.971417,40.222597],[25.977077,40.216142],[25.97378,40.210019],[25.973987,40.200487],[25.976872,40.196661],[25.975779,40.188205],[25.973564,40.184259],[25.968491,40.180902],[25.973545,40.1753],[25.974003,40.172742],[25.965171,40.164442],[25.966608,40.161207],[25.965911,40.157795],[25.970364,40.154568],[25.965893,40.150498],[25.974748,40.14463],[25.988108,40.144366],[25.991785,40.150847],[25.991561,40.154077],[26.005494,40.154291],[26.007141,40.15553],[26.008827,40.16231],[26.013649,40.16371],[26.013216,40.157704],[26.015298,40.153936],[26.013396,40.147512],[26.007289,40.1428],[25.995314,40.137805],[25.995722,40.132445],[25.981501,40.130993],[25.9756,40.127799],[25.973343,40.124732],[25.969049,40.125862],[25.957963,40.123147],[25.950239,40.123601],[25.943149,40.129078],[25.925469,40.123268],[25.920204,40.123523],[25.91331,40.119435],[25.899516,40.118706],[25.893681,40.115024],[25.880093,40.113783],[25.872161,40.109516],[25.85941,40.108311],[25.854455,40.105562],[25.853192,40.103056],[25.849519,40.104008],[25.848063,40.102312],[25.838582,40.099561],[25.833455,40.101472],[25.830397,40.100228],[25.819501,40.10056],[25.817069,40.102755],[25.807911,40.104833],[25.8006,40.10453],[25.795446,40.102255],[25.7947,40.097507],[25.792811,40.095738],[25.785192,40.096493],[25.782585,40.098867],[25.774642,40.097139],[25.770312,40.099129],[25.762291,40.099813],[25.75834,40.098787],[25.75791,40.094953],[25.755916,40.096848],[25.75135,40.09666],[25.738721,40.090725],[25.736301,40.092822],[25.731276,40.092676],[25.723647,40.107395],[25.711979,40.1098],[25.710225,40.112154],[25.70709,40.112484],[25.707121,40.11543],[25.677032,40.123868],[25.665383,40.124166],[25.669695,40.141302],[25.66781,40.147634],[25.670964,40.153666],[25.677211,40.156102],[25.677868,40.157638],[25.68246,40.157261],[25.692634,40.161596],[25.699052,40.167145],[25.699925,40.169814],[25.715633,40.177015],[25.72001,40.18131],[25.748604,40.191297],[25.756148,40.196584],[25.765902,40.199726],[25.768617,40.202762],[25.784775,40.209965],[25.793683,40.213158],[25.798115,40.21157],[25.80987,40.213689],[25.814623,40.212323],[25.82357,40.21478],[25.829782,40.212692],[25.843049,40.211429],[25.849674,40.218073],[25.864998,40.222237],[25.874334,40.228862],[25.886256,40.231524],[25.892566,40.230224],[25.894168,40.231449],[25.893284,40.233884],[25.898384,40.236116],[25.903628,40.236583],[25.90382,40.23445],[25.906268,40.236847],[25.914,40.235527],[25.919203,40.239215],[25.930811,40.240717],[25.939416,40.236046],[25.943703,40.241117]],[[23.789449,40.200715],[23.782457,40.205737],[23.774745,40.20386],[23.771225,40.206302],[23.775274,40.210467],[23.771729,40.212872],[23.773127,40.216233],[23.769626,40.224053],[23.776081,40.223003],[23.777494,40.225253],[23.782992,40.219901],[23.784216,40.222888],[23.777197,40.227916],[23.779577,40.229709],[23.787058,40.223823],[23.786325,40.218808],[23.789187,40.217358],[23.790238,40.214449],[23.786322,40.211141],[23.788855,40.209204],[23.788558,40.206691],[23.790458,40.204213],[23.794451,40.203397],[23.795295,40.201306],[23.789449,40.200715]],[[23.774366,40.227714],[23.77206,40.230278],[23.775271,40.232223],[23.774366,40.227714]],[[23.789915,40.220578],[23.789128,40.224341],[23.79375,40.223103],[23.793185,40.221829],[23.789915,40.220578]],[[23.752802,40.234455],[23.754273,40.233705],[23.754147,40.232552],[23.752239,40.233097],[23.752802,40.234455]],[[23.961766,40.308712],[23.957976,40.306992],[23.953769,40.308364],[23.958758,40.310573],[23.961766,40.308712]],[[23.948488,40.310569],[23.946,40.307852],[23.93455,40.308124],[23.934906,40.309922],[23.931323,40.309179],[23.93025,40.31092],[23.918715,40.312272],[23.915795,40.314875],[23.918153,40.317284],[23.916958,40.319215],[23.911781,40.319062],[23.910988,40.321953],[23.90679,40.318092],[23.900252,40.322799],[23.894539,40.322525],[23.896185,40.324051],[23.895259,40.325343],[23.89142,40.324306],[23.884612,40.32635],[23.883072,40.329895],[23.885899,40.330047],[23.890964,40.334306],[23.896447,40.336021],[23.906482,40.336454],[23.908346,40.338983],[23.916178,40.341645],[23.918337,40.339632],[23.918672,40.33497],[23.923659,40.334702],[23.923599,40.330917],[23.926463,40.327093],[23.926023,40.325606],[23.924169,40.326509],[23.922453,40.322667],[23.923461,40.318563],[23.927545,40.31706],[23.936602,40.317866],[23.948488,40.310569]],[[23.961513,40.312416],[23.964013,40.313681],[23.966689,40.310732],[23.964914,40.30901],[23.962813,40.309431],[23.961513,40.312416]],[[25.446449,40.036802],[25.448354,40.035038],[25.446529,40.031191],[25.446778,40.026079],[25.443622,40.022989],[25.436542,40.020285],[25.436431,40.018829],[25.433347,40.019175],[25.43215,40.017208],[25.435389,40.011448],[25.438236,40.009966],[25.444897,40.013262],[25.4466,40.012615],[25.445951,40.01105],[25.439369,40.008626],[25.437529,40.00572],[25.437604,40.002678],[25.44124,39.997894],[25.444373,39.985264],[25.443633,39.98017],[25.433872,39.974465],[25.414538,39.968145],[25.412882,39.965487],[25.413425,39.961627],[25.407063,39.959072],[25.40575,39.953142],[25.388276,39.944085],[25.383671,39.936571],[25.381213,39.924526],[25.382017,39.919751],[25.388522,39.910228],[25.385454,39.909588],[25.385413,39.907801],[25.382282,39.907974],[25.377332,39.912654],[25.372929,39.914011],[25.366489,39.913196],[25.357826,39.909285],[25.354223,39.902344],[25.356686,39.890504],[25.359681,39.888975],[25.365063,39.890549],[25.371925,39.890173],[25.368018,39.886771],[25.358933,39.883218],[25.348558,39.883325],[25.340876,39.87746],[25.34011,39.874633],[25.343891,39.864173],[25.351216,39.863666],[25.353173,39.859347],[25.35632,39.857139],[25.351465,39.853019],[25.35002,39.852487],[25.34727,39.855107],[25.342373,39.851622],[25.341563,39.844768],[25.344246,39.838547],[25.347095,39.833536],[25.354186,39.828885],[25.353899,39.82519],[25.356696,39.826803],[25.363167,39.823565],[25.372481,39.811671],[25.371876,39.80755],[25.361645,39.805599],[25.352525,39.802058],[25.350287,39.799691],[25.349894,39.792284],[25.357763,39.784879],[25.354751,39.782209],[25.35061,39.781307],[25.34082,39.782657],[25.300035,39.79497],[25.293977,39.803656],[25.288284,39.806863],[25.288326,39.809479],[25.291782,39.811435],[25.295066,39.821357],[25.284392,39.829527],[25.265879,39.830078],[25.265712,39.833417],[25.26302,39.833751],[25.260303,39.836662],[25.264173,39.840069],[25.252811,39.846256],[25.24957,39.85177],[25.242656,39.85415],[25.239586,39.852511],[25.241101,39.850767],[25.235091,39.84945],[25.238449,39.854568],[25.235921,39.856043],[25.241248,39.857506],[25.24332,39.860918],[25.25642,39.859684],[25.26038,39.861068],[25.26486,39.865402],[25.268666,39.86587],[25.268826,39.868418],[25.263133,39.871949],[25.26433,39.872774],[25.262281,39.876523],[25.274608,39.885768],[25.277257,39.889937],[25.276249,39.891503],[25.278377,39.892656],[25.27788,39.896154],[25.263419,39.902344],[25.266408,39.904854],[25.265494,39.908456],[25.256817,39.911762],[25.249956,39.912697],[25.23308,39.9107],[25.231899,39.905665],[25.224903,39.905252],[25.223791,39.902344],[25.21573,39.89569],[25.212833,39.895276],[25.207758,39.891224],[25.203334,39.891392],[25.201039,39.888576],[25.197052,39.887808],[25.196085,39.885347],[25.190471,39.883375],[25.18922,39.878896],[25.197145,39.884176],[25.207038,39.886926],[25.215228,39.885706],[25.218176,39.883465],[25.21738,39.881487],[25.221136,39.881932],[25.225302,39.878371],[25.231918,39.878873],[25.22972,39.875192],[25.223331,39.875969],[25.214751,39.879713],[25.210008,39.879743],[25.20355,39.876951],[25.202469,39.870937],[25.197145,39.869667],[25.195159,39.86635],[25.195712,39.863985],[25.189739,39.857225],[25.186264,39.855663],[25.186169,39.852733],[25.180168,39.848389],[25.18119,39.84395],[25.188203,39.841282],[25.19069,39.843618],[25.191095,39.847062],[25.196733,39.850606],[25.199587,39.848257],[25.195395,39.844159],[25.196194,39.841616],[25.1991,39.84044],[25.202036,39.842719],[25.202159,39.838501],[25.203765,39.837441],[25.21075,39.839824],[25.20972,39.837452],[25.205165,39.834618],[25.205665,39.831496],[25.208657,39.830391],[25.206577,39.821896],[25.214636,39.813389],[25.223859,39.806903],[25.226201,39.801687],[25.227951,39.801655],[25.228555,39.798078],[25.226675,39.795925],[25.213068,39.799597],[25.206563,39.798584],[25.199788,39.800625],[25.191336,39.796679],[25.183043,39.799481],[25.175666,39.798156],[25.168897,39.799695],[25.166504,39.798229],[25.165728,39.795262],[25.163165,39.798492],[25.156776,39.799134],[25.157827,39.801206],[25.156009,39.805341],[25.154409,39.805703],[25.155378,39.807276],[25.152591,39.808305],[25.144851,39.805869],[25.141508,39.807717],[25.139765,39.805395],[25.140217,39.803047],[25.137871,39.802482],[25.136668,39.810947],[25.14155,39.809561],[25.145397,39.813464],[25.146807,39.813151],[25.148214,39.817654],[25.146043,39.81902],[25.146051,39.824622],[25.148494,39.827267],[25.151383,39.826506],[25.155634,39.828613],[25.156537,39.834477],[25.160079,39.837165],[25.159851,39.841372],[25.161972,39.846246],[25.167499,39.846748],[25.172045,39.845109],[25.172179,39.850273],[25.173823,39.85294],[25.169051,39.855386],[25.159903,39.854703],[25.15819,39.851952],[25.151142,39.849766],[25.152738,39.847823],[25.147566,39.843513],[25.148156,39.839785],[25.142109,39.840082],[25.138825,39.837983],[25.139953,39.83575],[25.137358,39.833405],[25.129618,39.832814],[25.128104,39.83727],[25.132749,39.844273],[25.126025,39.843124],[25.127252,39.849293],[25.118714,39.851809],[25.114225,39.850746],[25.113809,39.848655],[25.11107,39.850071],[25.106839,39.847929],[25.107767,39.844728],[25.106694,39.842907],[25.096295,39.840922],[25.092406,39.83794],[25.089876,39.838693],[25.087327,39.837123],[25.087364,39.83899],[25.085382,39.838967],[25.085242,39.836092],[25.088577,39.834362],[25.088701,39.832386],[25.08179,39.83395],[25.079861,39.83746],[25.08132,39.840087],[25.080448,39.841141],[25.07611,39.841318],[25.072633,39.839069],[25.067635,39.84167],[25.065031,39.836933],[25.062924,39.837181],[25.060454,39.83359],[25.057781,39.834051],[25.052179,39.831521],[25.053188,39.834454],[25.051862,39.836535],[25.049946,39.836587],[25.050318,39.833583],[25.044927,39.828471],[25.04414,39.829305],[25.048268,39.838293],[25.047614,39.841106],[25.057577,39.84348],[25.057196,39.847251],[25.064842,39.850742],[25.066203,39.853203],[25.066156,39.855783],[25.058038,39.859589],[25.053961,39.858499],[25.051504,39.853854],[25.049968,39.853831],[25.048169,39.858151],[25.0523,39.859146],[25.052712,39.860885],[25.049981,39.86298],[25.048809,39.866424],[25.053474,39.865181],[25.054821,39.866776],[25.051425,39.87138],[25.059419,39.869451],[25.060783,39.871996],[25.050957,39.875419],[25.051031,39.877704],[25.053317,39.879672],[25.05971,39.878369],[25.061837,39.880556],[25.061467,39.883386],[25.06317,39.884296],[25.060166,39.887566],[25.055173,39.887615],[25.053916,39.889077],[25.056246,39.892556],[25.061289,39.894653],[25.061097,39.896335],[25.063705,39.894472],[25.068669,39.899476],[25.065445,39.900786],[25.065263,39.90609],[25.072492,39.914996],[25.071867,39.917346],[25.073218,39.91838],[25.068539,39.924427],[25.064704,39.924217],[25.066167,39.926783],[25.065403,39.928292],[25.062189,39.929694],[25.058403,39.92893],[25.056212,39.930772],[25.051925,39.928856],[25.047221,39.931919],[25.047244,39.935202],[25.052174,39.936905],[25.049377,39.939833],[25.051741,39.943418],[25.044204,39.953847],[25.045943,39.956026],[25.044257,39.955491],[25.043561,39.957667],[25.049184,39.96813],[25.047927,39.975125],[25.049354,39.976711],[25.045684,39.981018],[25.046157,39.983669],[25.043272,39.982484],[25.035305,39.983049],[25.03301,39.985701],[25.035787,39.985673],[25.036289,39.9893],[25.037889,39.988331],[25.045611,39.98964],[25.045949,39.985586],[25.049407,39.9838],[25.062727,39.990196],[25.073786,39.992405],[25.093819,39.990513],[25.098677,39.992434],[25.1024,39.990925],[25.103658,39.994545],[25.115559,39.99771],[25.121825,39.997662],[25.140542,40.007522],[25.147667,40.004115],[25.148937,40.001582],[25.152688,40.001876],[25.151928,39.998319],[25.15602,39.998773],[25.149617,39.996518],[25.150684,39.990845],[25.154303,39.988574],[25.159628,39.989347],[25.16684,39.99379],[25.171093,39.990026],[25.17689,39.994738],[25.179671,39.994294],[25.183239,39.997432],[25.186905,39.998149],[25.193504,39.996203],[25.193464,39.999384],[25.195495,40.000699],[25.200765,39.999228],[25.202077,40.000693],[25.206042,40.000768],[25.208214,39.998206],[25.215684,39.99796],[25.227945,40.005548],[25.235677,40.005479],[25.237469,40.003602],[25.234193,40.001818],[25.238863,40.000217],[25.23566,39.996776],[25.242109,39.996059],[25.244506,39.991371],[25.247581,39.992888],[25.247481,39.989243],[25.251533,39.991253],[25.25157,39.989478],[25.255003,39.989948],[25.255748,39.988018],[25.263302,39.987802],[25.264523,39.984378],[25.270724,39.987471],[25.271086,39.990481],[25.272636,39.991014],[25.272771,39.986836],[25.270637,39.985297],[25.273463,39.98366],[25.266554,39.981465],[25.265272,39.979363],[25.266126,39.977564],[25.261739,39.974209],[25.264406,39.972574],[25.264496,39.970075],[25.267019,39.970111],[25.266055,39.968143],[25.267669,39.968866],[25.26435,39.966351],[25.26458,39.965166],[25.267045,39.965719],[25.264659,39.963221],[25.2708,39.961921],[25.27069,39.959403],[25.27299,39.957591],[25.280353,39.957554],[25.285619,39.954361],[25.289131,39.954849],[25.290744,39.953004],[25.274493,39.947628],[25.281599,39.940255],[25.285734,39.942214],[25.290895,39.939481],[25.305915,39.947814],[25.307691,39.951511],[25.304637,39.955192],[25.314946,39.959718],[25.315825,39.965867],[25.318122,39.967631],[25.325872,39.967113],[25.329861,39.970178],[25.33176,39.969518],[25.328897,39.967277],[25.332739,39.963666],[25.322897,39.961604],[25.321393,39.959873],[25.325196,39.956698],[25.329468,39.957779],[25.334061,39.963179],[25.342719,39.963201],[25.347103,39.966011],[25.349125,39.969507],[25.34798,39.972275],[25.337274,39.975986],[25.33708,39.97754],[25.346153,39.984486],[25.351511,39.984113],[25.352707,39.986738],[25.351477,39.988883],[25.353078,39.991316],[25.366924,39.997867],[25.372077,40.002621],[25.370219,40.007285],[25.3713,40.011606],[25.367159,40.01449],[25.36743,40.017944],[25.374182,40.020739],[25.379156,40.019771],[25.382277,40.017708],[25.382946,40.013356],[25.391275,40.012176],[25.38938,40.01063],[25.393718,40.009378],[25.391679,40.007833],[25.393021,40.006135],[25.402179,40.005466],[25.40705,40.01014],[25.411186,40.011832],[25.412295,40.013761],[25.411234,40.016958],[25.419102,40.023272],[25.446449,40.036802]],[[26.067152,39.931453],[26.058249,39.934102],[26.057453,39.93819],[26.060465,39.940599],[26.073728,39.936341],[26.079916,39.93765],[26.073428,39.932406],[26.067152,39.931453]],[[26.053181,39.929481],[26.050203,39.929871],[26.051746,39.931405],[26.053181,39.929481]],[[26.081653,39.918488],[26.085337,39.920308],[26.08794,39.918643],[26.087307,39.917696],[26.081653,39.918488]],[[26.053052,39.847224],[26.057461,39.846247],[26.061976,39.841205],[26.070032,39.841137],[26.071536,39.837788],[26.075857,39.836312],[26.074528,39.834813],[26.076473,39.832474],[26.074849,39.831195],[26.078192,39.828248],[26.077365,39.82583],[26.079971,39.824211],[26.08052,39.821531],[26.074864,39.821243],[26.07462,39.818136],[26.077427,39.815911],[26.073758,39.812947],[26.080909,39.805932],[26.078273,39.804312],[26.078885,39.802144],[26.083889,39.800925],[26.079494,39.796881],[26.079692,39.795287],[26.07388,39.794037],[26.073683,39.792524],[26.068022,39.792057],[26.066641,39.789861],[26.063558,39.790265],[26.061556,39.787063],[26.060796,39.790406],[26.051889,39.786665],[26.048871,39.79233],[26.045341,39.792546],[26.045541,39.796566],[26.036806,39.798021],[26.032631,39.801358],[26.023723,39.803928],[26.021511,39.807396],[26.015069,39.808223],[26.007639,39.812305],[26.003487,39.812364],[26.004995,39.814637],[26.002442,39.817795],[25.991513,39.821375],[25.98418,39.816652],[25.982569,39.819572],[25.974322,39.821905],[25.970135,39.824811],[25.969146,39.829071],[25.962376,39.837498],[25.96365,39.839837],[25.972552,39.839052],[25.982732,39.841619],[25.994451,39.841827],[25.998056,39.84526],[26.002871,39.844098],[26.020316,39.844836],[26.037529,39.841562],[26.040535,39.844219],[26.053052,39.847224]],[[25.236999,39.791479],[25.236816,39.790797],[25.234463,39.793352],[25.236999,39.791479]],[[25.237664,39.797842],[25.236282,39.794817],[25.231659,39.796641],[25.23247,39.797143],[25.237664,39.797842]],[[25.214419,39.860929],[25.212964,39.86254],[25.218679,39.869796],[25.220513,39.871141],[25.223234,39.870344],[25.219205,39.862684],[25.214419,39.860929]],[[25.269447,39.887439],[25.270618,39.885784],[25.26738,39.882942],[25.265721,39.88327],[25.264187,39.885806],[25.269447,39.887439]],[[25.047175,39.857497],[25.045687,39.855581],[25.040515,39.857836],[25.047175,39.857497]],[[25.141401,40.020785],[25.141783,40.018525],[25.133191,40.016991],[25.124894,40.020053],[25.12852,40.021479],[25.129586,40.024773],[25.135169,40.026758],[25.144304,40.024521],[25.143406,40.020998],[25.141401,40.020785]],[[23.821876,40.00391],[23.823087,40.010811],[23.817564,40.009876],[23.820387,40.014824],[23.826938,40.012382],[23.830208,40.007787],[23.826585,40.006145],[23.825786,40.004103],[23.823182,40.005247],[23.821876,40.00391]],[[23.809182,40.019146],[23.806356,40.019185],[23.807498,40.023701],[23.808863,40.022061],[23.809182,40.019146]],[[23.719878,40.057655],[23.717238,40.059547],[23.720678,40.063816],[23.728302,40.063657],[23.729784,40.065102],[23.734026,40.062364],[23.730505,40.057953],[23.721991,40.058804],[23.719878,40.057655]],[[25.003862,39.562898],[25.006632,39.55967],[25.009539,39.56008],[25.011466,39.556401],[25.01663,39.553043],[25.027352,39.550781],[25.035343,39.544063],[25.039231,39.542785],[25.046718,39.535187],[25.055405,39.532355],[25.057588,39.530042],[25.053486,39.523936],[25.054932,39.520744],[25.046687,39.518786],[25.046268,39.513507],[25.040207,39.512729],[25.041512,39.510891],[25.033603,39.50878],[25.025561,39.495762],[25.017723,39.491698],[25.014262,39.493551],[25.0021,39.484179],[24.990587,39.469668],[24.991171,39.468224],[24.986284,39.460746],[24.984072,39.465267],[24.980326,39.467382],[24.979037,39.472226],[24.981528,39.472732],[24.97743,39.475056],[24.976191,39.479435],[24.977198,39.48296],[24.973563,39.482834],[24.973977,39.487304],[24.971823,39.491541],[24.973356,39.493183],[24.971061,39.494471],[24.97279,39.496944],[24.97003,39.498136],[24.971964,39.502006],[24.970438,39.503147],[24.97296,39.504817],[24.970033,39.509008],[24.973769,39.51317],[24.971262,39.516378],[24.975431,39.517376],[24.972882,39.520543],[24.975715,39.521753],[24.975091,39.527516],[24.977862,39.530308],[24.977685,39.535734],[24.980607,39.537209],[24.986042,39.536569],[24.987808,39.538638],[24.985413,39.54003],[24.991509,39.544075],[24.992319,39.546119],[24.990981,39.547958],[24.991864,39.550439],[24.993612,39.550731],[24.9932,39.556213],[24.999197,39.559291],[24.997198,39.560346],[25.003862,39.562898]],[[25.060621,39.536728],[25.061366,39.539812],[25.063214,39.541268],[25.063584,39.539222],[25.060621,39.536728]],[[24.18217,39.481781],[24.180342,39.481891],[24.17931,39.482861],[24.182159,39.483427],[24.18217,39.481781]],[[24.184792,39.496552],[24.182576,39.4925],[24.174689,39.493862],[24.174167,39.497044],[24.176384,39.501577],[24.185147,39.507899],[24.185872,39.506004],[24.183341,39.500279],[24.187384,39.497872],[24.184792,39.496552]],[[24.174925,39.428121],[24.175043,39.430256],[24.177263,39.431202],[24.177356,39.427475],[24.180822,39.423844],[24.180406,39.41939],[24.178838,39.418202],[24.180483,39.408064],[24.17964,39.404214],[24.183652,39.401867],[24.188703,39.403492],[24.189635,39.401094],[24.185849,39.398309],[24.189569,39.396697],[24.185507,39.393115],[24.183557,39.387066],[24.175328,39.377308],[24.170557,39.377223],[24.167761,39.375],[24.167779,39.372483],[24.164062,39.369279],[24.160321,39.360267],[24.153899,39.361097],[24.154937,39.368797],[24.142726,39.367746],[24.134808,39.369779],[24.145301,39.376326],[24.149418,39.376196],[24.151267,39.378273],[24.150171,39.380562],[24.157334,39.38442],[24.157934,39.388635],[24.154122,39.39113],[24.15567,39.39435],[24.160599,39.395836],[24.153897,39.398899],[24.157878,39.399668],[24.159627,39.407904],[24.164032,39.410205],[24.16785,39.409121],[24.168013,39.415177],[24.171464,39.417271],[24.172686,39.427626],[24.174925,39.428121]],[[26.706796,39.405352],[26.706555,39.407781],[26.712058,39.409769],[26.711397,39.406321],[26.706796,39.405352]],[[26.589344,39.392603],[26.589396,39.397207],[26.602791,39.395003],[26.595691,39.388063],[26.59584,39.377331],[26.59278,39.377801],[26.591597,39.375],[26.593401,39.370204],[26.588575,39.367373],[26.584429,39.371744],[26.588703,39.375468],[26.58465,39.379007],[26.582789,39.378403],[26.577415,39.380647],[26.576644,39.382805],[26.578252,39.38583],[26.57597,39.389617],[26.580892,39.392247],[26.583423,39.387251],[26.584985,39.386848],[26.584659,39.391383],[26.589344,39.392603]],[[26.598877,39.386199],[26.602794,39.39006],[26.611985,39.393348],[26.614653,39.395754],[26.616023,39.393786],[26.618823,39.393352],[26.623625,39.395177],[26.629902,39.394717],[26.628266,39.391641],[26.629407,39.388436],[26.636863,39.390814],[26.640641,39.388027],[26.645699,39.389371],[26.646293,39.38738],[26.64368,39.385435],[26.645679,39.38395],[26.65052,39.385846],[26.653419,39.384946],[26.664006,39.389285],[26.67038,39.38959],[26.664473,39.385843],[26.668727,39.383235],[26.662818,39.380872],[26.662783,39.377982],[26.660643,39.37543],[26.643384,39.376166],[26.623148,39.380427],[26.62172,39.378766],[26.624171,39.375397],[26.623375,39.370221],[26.630708,39.36366],[26.630846,39.36],[26.633247,39.357393],[26.636728,39.357991],[26.642962,39.362533],[26.649239,39.363959],[26.653646,39.363146],[26.656917,39.358693],[26.650469,39.353062],[26.657118,39.350259],[26.660434,39.342472],[26.664767,39.339359],[26.668474,39.339315],[26.675673,39.341234],[26.676972,39.343321],[26.683679,39.34357],[26.685061,39.34137],[26.682793,39.340206],[26.683223,39.338533],[26.690664,39.334476],[26.687558,39.33219],[26.681478,39.332517],[26.676498,39.330552],[26.672434,39.330927],[26.669808,39.329086],[26.656,39.331005],[26.65431,39.329988],[26.657192,39.32955],[26.648532,39.325205],[26.632453,39.324569],[26.622833,39.326437],[26.62374,39.329006],[26.621359,39.332288],[26.615617,39.335515],[26.612887,39.339704],[26.612849,39.343611],[26.616299,39.353032],[26.611843,39.35365],[26.609448,39.350779],[26.607887,39.352494],[26.610717,39.357586],[26.623566,39.356755],[26.621158,39.363165],[26.61363,39.369836],[26.617366,39.372466],[26.617223,39.379784],[26.610889,39.383869],[26.598877,39.386199]],[[26.702868,39.379604],[26.705955,39.382349],[26.708445,39.382238],[26.709982,39.379912],[26.709404,39.373682],[26.702927,39.374247],[26.702868,39.379604]],[[26.768019,39.379268],[26.770277,39.377555],[26.768922,39.375],[26.760104,39.372744],[26.760534,39.375],[26.768019,39.379268]],[[26.727747,39.378779],[26.727121,39.376886],[26.724515,39.376531],[26.724627,39.378213],[26.727747,39.378779]],[[26.69426,39.368441],[26.694548,39.37157],[26.696892,39.372285],[26.698863,39.369747],[26.696668,39.367191],[26.69426,39.368441]],[[26.665072,39.352582],[26.671445,39.354668],[26.672873,39.354221],[26.669009,39.352037],[26.665072,39.352582]],[[26.683289,39.345493],[26.683625,39.346669],[26.695168,39.349617],[26.697689,39.348003],[26.696422,39.343245],[26.689534,39.342046],[26.683289,39.345493]],[[26.657037,39.324587],[26.658746,39.324301],[26.659922,39.323507],[26.65744,39.323177],[26.657037,39.324587]],[[26.537209,39.321816],[26.530736,39.324679],[26.531426,39.331313],[26.536535,39.329865],[26.538871,39.331727],[26.540992,39.330984],[26.543594,39.325933],[26.537209,39.321816]],[[26.412441,39.322374],[26.410071,39.320094],[26.410062,39.317773],[26.41776,39.315307],[26.40526,39.311579],[26.402384,39.307368],[26.397831,39.304931],[26.397843,39.298479],[26.393858,39.297854],[26.389756,39.29388],[26.386937,39.285979],[26.37912,39.280986],[26.377516,39.277741],[26.381027,39.269703],[26.386778,39.26843],[26.394268,39.26415],[26.405573,39.262347],[26.413882,39.255283],[26.429078,39.251064],[26.432501,39.248442],[26.430124,39.244215],[26.432536,39.24193],[26.4413,39.240918],[26.444807,39.237976],[26.452039,39.238378],[26.452216,39.234471],[26.455043,39.234486],[26.461564,39.228009],[26.475127,39.224434],[26.480284,39.220061],[26.474795,39.21558],[26.474795,39.213562],[26.478911,39.210687],[26.485785,39.211975],[26.488397,39.208113],[26.485741,39.204984],[26.488958,39.201902],[26.491421,39.201775],[26.490081,39.197821],[26.492067,39.19282],[26.50263,39.17856],[26.51604,39.171525],[26.52027,39.173221],[26.526278,39.17091],[26.530195,39.171677],[26.531082,39.169464],[26.536198,39.170549],[26.537848,39.167848],[26.54047,39.167364],[26.540243,39.164989],[26.541569,39.164723],[26.540579,39.162933],[26.531918,39.160982],[26.530887,39.15801],[26.532974,39.153817],[26.531032,39.149307],[26.53306,39.14688],[26.529945,39.141595],[26.531174,39.139548],[26.53845,39.135919],[26.548243,39.137978],[26.547532,39.132404],[26.549907,39.130962],[26.547971,39.124817],[26.550339,39.119373],[26.553651,39.116736],[26.554139,39.113421],[26.556551,39.112507],[26.562444,39.113851],[26.568584,39.111459],[26.564711,39.107859],[26.563037,39.103632],[26.556515,39.10538],[26.558877,39.102802],[26.557901,39.096175],[26.560151,39.095987],[26.56058,39.093482],[26.564772,39.092081],[26.567836,39.088458],[26.578479,39.081717],[26.582777,39.07622],[26.595802,39.068236],[26.607945,39.04835],[26.611536,39.046032],[26.616287,39.024498],[26.614183,39.015759],[26.608199,39.008643],[26.592632,39.007739],[26.587759,39.008955],[26.581704,39.013379],[26.563257,39.018341],[26.556813,39.01666],[26.557778,39.015002],[26.556297,39.012028],[26.551263,39.01286],[26.544824,39.017056],[26.543123,39.015813],[26.542829,39.011599],[26.539248,39.011346],[26.536907,39.013728],[26.538832,39.018167],[26.53566,39.020158],[26.534232,39.028322],[26.531632,39.028997],[26.528522,39.027175],[26.528002,39.029331],[26.524681,39.030063],[26.523358,39.035734],[26.520872,39.037714],[26.522241,39.039209],[26.525373,39.037667],[26.528061,39.039498],[26.527538,39.041842],[26.529888,39.043937],[26.529583,39.046157],[26.518245,39.044953],[26.511329,39.049265],[26.512203,39.057014],[26.513979,39.058577],[26.52001,39.062438],[26.52246,39.060802],[26.525488,39.061314],[26.530645,39.065405],[26.52966,39.070721],[26.53079,39.073162],[26.528425,39.082171],[26.514806,39.091325],[26.511706,39.098023],[26.506905,39.101462],[26.502546,39.109779],[26.48876,39.118364],[26.483301,39.119175],[26.460686,39.115366],[26.447987,39.10906],[26.441952,39.102607],[26.445359,39.094632],[26.448663,39.091619],[26.449781,39.083287],[26.454051,39.079826],[26.458938,39.078606],[26.465985,39.068536],[26.485868,39.063828],[26.490933,39.060722],[26.494074,39.052629],[26.498902,39.051188],[26.501137,39.048307],[26.50326,39.048123],[26.504958,39.044664],[26.508619,39.043077],[26.507646,39.040734],[26.518405,39.028097],[26.52953,39.023438],[26.534623,39.013828],[26.534701,39.011506],[26.531953,39.009628],[26.534372,39.007422],[26.538405,39.007283],[26.539164,39.003467],[26.536693,39.000088],[26.546648,39.004325],[26.544271,39.001022],[26.544759,38.997338],[26.540119,38.998016],[26.540011,38.995379],[26.537237,38.992305],[26.53795,38.989881],[26.545143,38.990738],[26.544114,38.987346],[26.531731,38.979728],[26.528411,38.975336],[26.524044,38.9743],[26.518167,38.969649],[26.515886,38.970833],[26.516292,38.973111],[26.512863,38.973813],[26.515592,38.977284],[26.514693,38.980113],[26.508243,38.974704],[26.505927,38.977317],[26.506662,38.971367],[26.501042,38.969461],[26.499754,38.969604],[26.499853,38.974515],[26.496928,38.973422],[26.496789,38.976467],[26.492055,38.975191],[26.491369,38.976672],[26.489126,38.976134],[26.488553,38.971693],[26.48243,38.974157],[26.477028,38.969511],[26.469733,38.971105],[26.451676,38.967147],[26.446941,38.967453],[26.441113,38.965055],[26.438922,38.966177],[26.434132,38.964455],[26.433129,38.965385],[26.429431,38.962773],[26.41826,38.961077],[26.409961,38.964198],[26.398745,38.961998],[26.394195,38.966679],[26.377344,38.972672],[26.367188,38.973772],[26.364505,38.975698],[26.356873,38.976495],[26.352578,38.974646],[26.33969,38.976529],[26.333304,38.974971],[26.325919,38.976676],[26.320741,38.980009],[26.319051,38.983424],[26.30534,38.988632],[26.304138,38.991351],[26.292357,38.994747],[26.286482,39.000925],[26.234375,39.015875],[26.209325,39.019252],[26.183967,39.017269],[26.176666,39.013566],[26.171134,39.008186],[26.171459,39.005267],[26.168427,39.004794],[26.166461,39.008804],[26.166874,39.012825],[26.14589,39.025221],[26.14149,39.030055],[26.140097,39.038064],[26.132975,39.0425],[26.131365,39.046889],[26.126248,39.050129],[26.119498,39.061635],[26.10415,39.071321],[26.096861,39.071492],[26.091905,39.069725],[26.085093,39.071897],[26.083606,39.07432],[26.084449,39.078971],[26.089889,39.081498],[26.097659,39.082051],[26.105087,39.094052],[26.11334,39.092655],[26.116659,39.097748],[26.120019,39.093221],[26.132335,39.086833],[26.140849,39.090191],[26.145671,39.095271],[26.153156,39.094104],[26.162793,39.097407],[26.16818,39.101508],[26.170212,39.108783],[26.174428,39.114261],[26.187827,39.125582],[26.204049,39.128352],[26.207371,39.132792],[26.209767,39.133299],[26.212572,39.132769],[26.210709,39.130807],[26.222664,39.130896],[26.229442,39.137162],[26.237194,39.141287],[26.248181,39.142379],[26.251032,39.150181],[26.260086,39.149766],[26.266471,39.150891],[26.27491,39.155405],[26.281242,39.155255],[26.282096,39.158],[26.285967,39.161366],[26.283398,39.168141],[26.290356,39.168111],[26.291454,39.176283],[26.295406,39.178163],[26.295324,39.184314],[26.290972,39.189652],[26.282809,39.195651],[26.254918,39.20515],[26.239134,39.207031],[26.218601,39.202318],[26.213111,39.204815],[26.20172,39.206683],[26.185121,39.19692],[26.168587,39.197051],[26.165223,39.193877],[26.165034,39.189841],[26.161037,39.184641],[26.155316,39.182338],[26.155422,39.16639],[26.156714,39.164459],[26.155173,39.15904],[26.14098,39.151317],[26.137551,39.146297],[26.13616,39.139361],[26.13248,39.13761],[26.127812,39.139858],[26.123232,39.137488],[26.120823,39.133147],[26.120612,39.127332],[26.117427,39.125919],[26.115392,39.119805],[26.115055,39.108099],[26.112448,39.104777],[26.110133,39.104808],[26.104152,39.112065],[26.097161,39.111645],[26.096684,39.108106],[26.087645,39.103746],[26.091057,39.099473],[26.085904,39.096227],[26.084164,39.089531],[26.075902,39.08572],[26.073262,39.087574],[26.065252,39.087186],[26.0506,39.092743],[26.04491,39.092823],[26.037639,39.097409],[26.024755,39.099175],[26.012035,39.104124],[25.996042,39.106661],[25.992997,39.108576],[25.990358,39.107731],[25.988384,39.104782],[25.982939,39.107092],[25.981082,39.105495],[25.977406,39.106233],[25.973912,39.104833],[25.970623,39.105978],[25.965931,39.103613],[25.962607,39.106512],[25.959592,39.105756],[25.95904,39.103365],[25.955688,39.104213],[25.953036,39.106121],[25.949774,39.114797],[25.943359,39.1193],[25.942969,39.122538],[25.94525,39.124882],[25.938606,39.128711],[25.935627,39.127908],[25.936613,39.129493],[25.933874,39.133059],[25.919606,39.138184],[25.914312,39.137588],[25.910568,39.139452],[25.903362,39.137873],[25.89951,39.13899],[25.898088,39.141166],[25.897032,39.1395],[25.891782,39.141623],[25.890171,39.145352],[25.891184,39.146812],[25.885621,39.150065],[25.883482,39.150297],[25.882219,39.148207],[25.878622,39.150439],[25.878055,39.149117],[25.874731,39.149625],[25.867583,39.160082],[25.867322,39.16469],[25.869091,39.166318],[25.866002,39.170017],[25.860422,39.170058],[25.858354,39.171594],[25.855696,39.169307],[25.849527,39.173535],[25.842966,39.174366],[25.839762,39.177561],[25.840994,39.181267],[25.835505,39.18144],[25.831471,39.187907],[25.832004,39.189664],[25.838872,39.188594],[25.83915,39.187079],[25.842289,39.188781],[25.84375,39.186778],[25.843174,39.183832],[25.845987,39.183919],[25.84913,39.181199],[25.852028,39.181973],[25.848654,39.187053],[25.856195,39.191874],[25.855097,39.193759],[25.852118,39.193081],[25.849771,39.196174],[25.850715,39.197627],[25.854052,39.197141],[25.855106,39.199219],[25.853097,39.202858],[25.849619,39.204134],[25.851519,39.206568],[25.854095,39.206772],[25.85448,39.208747],[25.849784,39.210105],[25.84925,39.211902],[25.85516,39.213611],[25.857052,39.219775],[25.853788,39.22275],[25.855036,39.225105],[25.851064,39.226749],[25.852139,39.223705],[25.848266,39.223779],[25.845575,39.22827],[25.848197,39.235605],[25.856334,39.232188],[25.856634,39.236126],[25.862834,39.241142],[25.863107,39.243464],[25.859052,39.246595],[25.859886,39.248964],[25.857656,39.2507],[25.858812,39.253041],[25.855652,39.254521],[25.862559,39.256358],[25.86279,39.258036],[25.86608,39.257412],[25.867473,39.262996],[25.870441,39.264815],[25.870322,39.267155],[25.873913,39.270922],[25.875514,39.271018],[25.877136,39.268129],[25.878803,39.269031],[25.877693,39.271487],[25.879416,39.274878],[25.882471,39.274912],[25.881949,39.278716],[25.886182,39.279344],[25.888468,39.27626],[25.891205,39.278232],[25.892898,39.27679],[25.895923,39.279836],[25.904718,39.283507],[25.905362,39.284974],[25.901684,39.286094],[25.901111,39.288832],[25.903491,39.287392],[25.904732,39.288537],[25.904195,39.294672],[25.908507,39.288698],[25.911059,39.292652],[25.909199,39.296821],[25.914377,39.292008],[25.921733,39.29602],[25.923369,39.291838],[25.919834,39.289284],[25.920861,39.284732],[25.919794,39.281688],[25.928555,39.278509],[25.937955,39.280645],[25.937295,39.283172],[25.939859,39.279968],[25.952268,39.274409],[25.958562,39.27633],[25.962339,39.282738],[25.970322,39.285913],[25.972399,39.283778],[25.976574,39.284849],[25.97598,39.282505],[25.973191,39.281928],[25.976673,39.278162],[25.983341,39.280007],[25.986051,39.277424],[25.991279,39.277498],[26.001397,39.27931],[26.00336,39.281318],[26.003093,39.285623],[26.005045,39.288531],[26.016806,39.289958],[26.018626,39.292654],[26.02063,39.291358],[26.01976,39.289112],[26.022585,39.286974],[26.032848,39.287404],[26.037826,39.288976],[26.035196,39.292481],[26.041233,39.293213],[26.038035,39.296291],[26.038332,39.298134],[26.048733,39.295834],[26.044769,39.293202],[26.046122,39.291409],[26.071866,39.295674],[26.07648,39.297688],[26.079105,39.302992],[26.090806,39.302589],[26.094993,39.304159],[26.099484,39.310955],[26.09817,39.314384],[26.10118,39.315437],[26.113433,39.305457],[26.11955,39.305963],[26.12064,39.308455],[26.126868,39.307397],[26.130274,39.309543],[26.129412,39.312104],[26.131663,39.314269],[26.139773,39.318312],[26.14548,39.317522],[26.152104,39.322799],[26.166021,39.323032],[26.178465,39.330208],[26.181244,39.336625],[26.172421,39.341164],[26.169139,39.347486],[26.170958,39.34991],[26.16871,39.350878],[26.173315,39.353746],[26.174798,39.363374],[26.17337,39.367102],[26.168172,39.367679],[26.165731,39.369564],[26.167722,39.373225],[26.180939,39.375],[26.183731,39.379077],[26.190299,39.378449],[26.19285,39.375],[26.198663,39.374211],[26.200662,39.375442],[26.205844,39.375],[26.209992,39.378038],[26.224782,39.383607],[26.231291,39.383649],[26.252247,39.378099],[26.277976,39.375639],[26.287303,39.376891],[26.295763,39.374224],[26.305024,39.373931],[26.308351,39.375483],[26.315824,39.373122],[26.320473,39.376191],[26.332297,39.380069],[26.334946,39.386729],[26.341924,39.390038],[26.344629,39.386628],[26.344577,39.382433],[26.351808,39.381675],[26.357224,39.377149],[26.364889,39.379212],[26.367188,39.37779],[26.365877,39.371774],[26.357643,39.368795],[26.357822,39.363421],[26.354508,39.361421],[26.354797,39.357983],[26.350335,39.354913],[26.351959,39.351564],[26.357527,39.347143],[26.365155,39.348126],[26.367188,39.345982],[26.366222,39.34288],[26.369617,39.340299],[26.384092,39.343856],[26.397635,39.342403],[26.399807,39.343557],[26.424392,39.334631],[26.425112,39.333284],[26.423235,39.332026],[26.425382,39.328756],[26.419932,39.328334],[26.41975,39.3259],[26.415997,39.322564],[26.412441,39.322374]],[[26.525105,39.321284],[26.530658,39.321774],[26.528563,39.320349],[26.525105,39.321284]],[[26.444023,39.315176],[26.447359,39.315457],[26.449735,39.312018],[26.444742,39.312027],[26.444023,39.315176]],[[26.435703,39.314886],[26.440093,39.311265],[26.444197,39.310945],[26.437137,39.306862],[26.435758,39.304484],[26.431924,39.304265],[26.43222,39.312952],[26.435703,39.314886]],[[26.590979,39.301504],[26.597347,39.303324],[26.600117,39.302593],[26.600429,39.297393],[26.596322,39.292209],[26.59911,39.28941],[26.59975,39.285486],[26.603079,39.283362],[26.597963,39.281877],[26.592597,39.283618],[26.590149,39.282233],[26.588833,39.278229],[26.57926,39.276343],[26.577085,39.277746],[26.577074,39.280303],[26.584249,39.284421],[26.586227,39.289258],[26.592304,39.292553],[26.594357,39.298062],[26.590979,39.301504]],[[26.432164,39.294821],[26.433054,39.293266],[26.431409,39.292162],[26.430828,39.294088],[26.432164,39.294821]],[[26.436409,39.296115],[26.433535,39.296443],[26.433871,39.299686],[26.438719,39.297941],[26.436409,39.296115]],[[26.452258,39.2401],[26.454888,39.241009],[26.454661,39.239534],[26.452258,39.2401]],[[26.537907,39.154624],[26.53599,39.157585],[26.539877,39.156979],[26.539813,39.155275],[26.537907,39.154624]],[[26.780631,39.008797],[26.782628,39.011258],[26.787841,39.011444],[26.788416,39.006071],[26.784217,39.000004],[26.783562,39.006942],[26.780631,39.008797]],[[26.791254,39.000481],[26.793403,39.008772],[26.798213,39.011103],[26.799594,39.010171],[26.795432,39.00127],[26.796802,38.99795],[26.79507,38.995821],[26.791817,38.996586],[26.791254,39.000481]],[[26.509423,38.969442],[26.511511,38.968214],[26.51174,38.967955],[26.510412,38.967078],[26.509423,38.969442]],[[26.513165,38.964585],[26.511477,38.963585],[26.510906,38.964444],[26.513165,38.964585]],[[24.509251,38.961836],[24.515845,38.960883],[24.517172,38.958699],[24.520892,38.960205],[24.521948,38.957497],[24.524586,38.957705],[24.52532,38.955172],[24.531207,38.953311],[24.530636,38.951378],[24.535153,38.951249],[24.535797,38.94821],[24.537657,38.948786],[24.544253,38.945219],[24.548084,38.94544],[24.548789,38.943676],[24.567309,38.934582],[24.568195,38.931952],[24.575902,38.926659],[24.584944,38.925041],[24.580908,38.922286],[24.579261,38.916234],[24.575737,38.915805],[24.572142,38.912974],[24.570763,38.907857],[24.570709,38.900529],[24.579215,38.881304],[24.568245,38.875281],[24.575459,38.873266],[24.576172,38.868028],[24.579939,38.870708],[24.576892,38.871994],[24.580465,38.872965],[24.585352,38.871977],[24.584952,38.868785],[24.591097,38.869625],[24.597809,38.867836],[24.595893,38.86224],[24.60145,38.859794],[24.60261,38.856535],[24.606521,38.855367],[24.609375,38.851563],[24.616319,38.853163],[24.622771,38.851244],[24.628893,38.845259],[24.632896,38.845665],[24.634231,38.843593],[24.638464,38.842513],[24.642192,38.837385],[24.645214,38.838099],[24.647385,38.83577],[24.650633,38.836169],[24.650054,38.83449],[24.652943,38.833441],[24.652618,38.831353],[24.65706,38.831545],[24.66205,38.828115],[24.660528,38.824862],[24.667146,38.824261],[24.669282,38.817354],[24.672625,38.815831],[24.672004,38.811484],[24.673967,38.809956],[24.679101,38.810798],[24.682578,38.807924],[24.682212,38.802693],[24.685077,38.798692],[24.686524,38.791438],[24.680161,38.78943],[24.677375,38.784927],[24.684729,38.781077],[24.683848,38.773209],[24.668493,38.772444],[24.666859,38.769848],[24.659161,38.769429],[24.657253,38.766203],[24.651989,38.764548],[24.650459,38.767279],[24.647961,38.765561],[24.644921,38.767329],[24.639974,38.766596],[24.638044,38.764225],[24.637331,38.769382],[24.639665,38.774094],[24.635454,38.774446],[24.63269,38.773511],[24.633257,38.768589],[24.626338,38.764259],[24.616843,38.763421],[24.612862,38.769105],[24.607618,38.770528],[24.607474,38.776091],[24.600056,38.785226],[24.594309,38.789117],[24.588316,38.787917],[24.585714,38.789247],[24.579592,38.784733],[24.574766,38.785254],[24.571198,38.780677],[24.566159,38.782503],[24.56693,38.77633],[24.570096,38.77423],[24.569496,38.771233],[24.572181,38.768536],[24.572116,38.764828],[24.571509,38.759804],[24.565619,38.760814],[24.559932,38.766401],[24.551017,38.769648],[24.553434,38.779546],[24.544224,38.778903],[24.54304,38.781532],[24.544788,38.785595],[24.540599,38.785701],[24.536406,38.782429],[24.531617,38.783843],[24.530455,38.786502],[24.530521,38.790083],[24.532873,38.793163],[24.530584,38.795157],[24.530994,38.797165],[24.537455,38.798309],[24.539691,38.794329],[24.543036,38.798966],[24.543312,38.801975],[24.546582,38.802013],[24.547853,38.804367],[24.550105,38.804348],[24.551364,38.802496],[24.562296,38.802791],[24.563271,38.805208],[24.568945,38.80842],[24.566237,38.816669],[24.567487,38.825874],[24.565491,38.830471],[24.568565,38.83435],[24.567889,38.838011],[24.565158,38.840383],[24.560319,38.843066],[24.556474,38.843085],[24.55414,38.841892],[24.552095,38.837413],[24.547003,38.83706],[24.545908,38.834914],[24.541325,38.834177],[24.535846,38.839371],[24.535415,38.849154],[24.533052,38.849371],[24.5266,38.844074],[24.518979,38.846239],[24.516939,38.848205],[24.510175,38.842111],[24.504253,38.840353],[24.502921,38.841645],[24.506128,38.844999],[24.505638,38.850941],[24.510703,38.856262],[24.497154,38.854443],[24.48955,38.850522],[24.484357,38.854376],[24.480848,38.852491],[24.479028,38.856193],[24.480199,38.858563],[24.483174,38.859131],[24.482752,38.864874],[24.479682,38.867172],[24.477075,38.873433],[24.473922,38.870296],[24.471727,38.870123],[24.471822,38.867602],[24.466527,38.866158],[24.464827,38.86715],[24.461449,38.876274],[24.457885,38.879926],[24.449718,38.874731],[24.436489,38.874434],[24.429931,38.876706],[24.429831,38.88072],[24.431516,38.882704],[24.435954,38.884442],[24.445185,38.892403],[24.451512,38.894842],[24.452532,38.896466],[24.451256,38.906589],[24.453698,38.909278],[24.461219,38.910308],[24.467344,38.915587],[24.465088,38.921545],[24.463354,38.92223],[24.465475,38.929919],[24.460401,38.92954],[24.451946,38.934005],[24.456893,38.93686],[24.452129,38.939155],[24.447925,38.945183],[24.450406,38.945699],[24.447711,38.948812],[24.44899,38.951114],[24.453191,38.951986],[24.4563,38.955595],[24.455992,38.959124],[24.459557,38.960809],[24.459477,38.962217],[24.455704,38.962533],[24.455089,38.964558],[24.45915,38.964039],[24.46196,38.966967],[24.46958,38.968654],[24.469795,38.974558],[24.473147,38.97389],[24.471334,38.977337],[24.47735,38.977924],[24.477978,38.975303],[24.481625,38.975027],[24.482827,38.977002],[24.482242,38.981997],[24.485608,38.985732],[24.487847,38.983654],[24.488831,38.978634],[24.494696,38.97447],[24.494676,38.971559],[24.502361,38.972621],[24.508905,38.967841],[24.511683,38.964674],[24.509251,38.961836]],[[26.804259,38.937402],[26.806011,38.933744],[26.805557,38.933624],[26.804259,38.937402]],[[26.807847,38.927092],[26.811914,38.927143],[26.816199,38.922235],[26.824153,38.923512],[26.825667,38.922545],[26.826741,38.91648],[26.822184,38.913683],[26.822252,38.910899],[26.817542,38.911303],[26.814702,38.914511],[26.811313,38.913551],[26.806391,38.916892],[26.810682,38.919114],[26.811886,38.922868],[26.807449,38.923329],[26.807847,38.927092]],[[26.836357,38.901238],[26.832402,38.904973],[26.833033,38.908553],[26.839585,38.90384],[26.839601,38.901267],[26.836357,38.901238]],[[27.03843,38.884949],[27.04117,38.886559],[27.041,38.884536],[27.03843,38.884949]],[[26.891715,38.864728],[26.892934,38.866386],[26.892388,38.861909],[26.891715,38.864728]],[[26.882794,38.856269],[26.887869,38.853009],[26.887673,38.847468],[26.884089,38.84547],[26.882384,38.847656],[26.880304,38.847926],[26.8793,38.846306],[26.876252,38.847237],[26.87683,38.852282],[26.882794,38.856269]],[[24.609375,38.763393],[24.617049,38.75791],[24.622437,38.759421],[24.627697,38.758234],[24.627573,38.755662],[24.625981,38.754876],[24.627546,38.753812],[24.626495,38.74709],[24.624323,38.745916],[24.616218,38.747567],[24.613848,38.750311],[24.613936,38.748864],[24.612126,38.748387],[24.599116,38.748076],[24.594002,38.752415],[24.600204,38.75838],[24.598896,38.763467],[24.601825,38.765023],[24.609375,38.763393]],[[23.727228,38.744912],[23.730258,38.744686],[23.7325,38.739997],[23.738304,38.73579],[23.738562,38.73005],[23.740306,38.727683],[23.749253,38.726955],[23.75426,38.721962],[23.749848,38.716129],[23.752784,38.713147],[23.755232,38.713583],[23.756208,38.708318],[23.758749,38.705902],[23.762544,38.705863],[23.767075,38.702309],[23.770749,38.703771],[23.771855,38.699942],[23.774006,38.698701],[23.784219,38.701377],[23.791708,38.699934],[23.797799,38.695349],[23.803567,38.69737],[23.810005,38.695535],[23.818933,38.691309],[23.820674,38.688312],[23.822822,38.688539],[23.826896,38.685094],[23.836141,38.685979],[23.837631,38.683074],[23.851191,38.679408],[23.85482,38.674556],[23.860876,38.671875],[23.87448,38.674318],[23.877677,38.673292],[23.895776,38.679631],[23.896914,38.679159],[23.896092,38.676381],[23.897941,38.675155],[23.912681,38.671875],[23.918222,38.672355],[23.938609,38.66383],[23.956025,38.66108],[23.981459,38.673579],[23.983539,38.675941],[23.979354,38.677564],[23.982197,38.679516],[23.981658,38.682017],[23.986833,38.68272],[23.987813,38.680796],[23.989715,38.682266],[23.98946,38.677525],[23.999823,38.678789],[24.011502,38.673296],[24.013029,38.674887],[24.010256,38.676699],[24.010179,38.680766],[24.028048,38.681571],[24.027138,38.677472],[24.03177,38.677484],[24.033469,38.678146],[24.033798,38.681168],[24.03737,38.682436],[24.037786,38.684881],[24.047239,38.687178],[24.048564,38.682956],[24.055168,38.685255],[24.066513,38.677806],[24.07828,38.680215],[24.085625,38.676591],[24.086873,38.674405],[24.093976,38.671596],[24.098262,38.671603],[24.105515,38.667155],[24.113176,38.668454],[24.126078,38.666438],[24.132269,38.660534],[24.142631,38.658453],[24.155097,38.652434],[24.156481,38.650539],[24.155776,38.64493],[24.140178,38.64519],[24.126958,38.632501],[24.128153,38.620002],[24.126589,38.6289],[24.12489,38.630012],[24.122401,38.62805],[24.121293,38.620623],[24.12221,38.612971],[24.120243,38.608619],[24.122418,38.606695],[24.1217,38.601393],[24.123344,38.595931],[24.135163,38.583081],[24.149901,38.574453],[24.162022,38.564482],[24.196782,38.547661],[24.200937,38.542881],[24.207646,38.540182],[24.207878,38.537264],[24.209627,38.535973],[24.22333,38.528151],[24.22961,38.527738],[24.233187,38.524578],[24.227428,38.520692],[24.222471,38.512497],[24.216287,38.507794],[24.210647,38.506902],[24.206732,38.500995],[24.201005,38.499972],[24.188204,38.48409],[24.1886,38.478601],[24.190432,38.475658],[24.18959,38.47251],[24.191581,38.471838],[24.19,38.465586],[24.191585,38.463724],[24.190866,38.459123],[24.193247,38.453146],[24.185323,38.449615],[24.183612,38.446927],[24.186535,38.445167],[24.18839,38.440387],[24.185595,38.435992],[24.181638,38.434564],[24.184173,38.434008],[24.18407,38.431819],[24.185841,38.431005],[24.184845,38.428319],[24.187956,38.427104],[24.190717,38.42938],[24.196395,38.42598],[24.199178,38.426712],[24.198361,38.424141],[24.204829,38.420078],[24.205778,38.414163],[24.203448,38.41287],[24.208552,38.411214],[24.20907,38.405964],[24.200414,38.405443],[24.198692,38.406001],[24.198809,38.407874],[24.195718,38.407774],[24.195022,38.409802],[24.19221,38.409581],[24.185688,38.403802],[24.190306,38.399014],[24.183889,38.396572],[24.182195,38.394374],[24.184137,38.392675],[24.189401,38.393341],[24.187848,38.390226],[24.192689,38.390396],[24.193087,38.386738],[24.197718,38.386102],[24.205255,38.381322],[24.20944,38.382181],[24.213327,38.379928],[24.212772,38.375958],[24.215351,38.371781],[24.211954,38.368713],[24.218647,38.365902],[24.219947,38.362518],[24.215936,38.359946],[24.215054,38.35752],[24.21606,38.346961],[24.210376,38.342436],[24.207281,38.341903],[24.210067,38.340768],[24.206375,38.337808],[24.210436,38.334439],[24.221154,38.332275],[24.221662,38.331017],[24.218089,38.327037],[24.227343,38.321543],[24.227006,38.316011],[24.232822,38.318889],[24.240479,38.315992],[24.24043,38.312639],[24.236631,38.312317],[24.236564,38.311026],[24.241831,38.309577],[24.235309,38.303515],[24.243157,38.301649],[24.240173,38.297592],[24.241822,38.294517],[24.251606,38.29489],[24.253594,38.289593],[24.257813,38.284877],[24.258034,38.278918],[24.254639,38.27508],[24.257382,38.273085],[24.25499,38.270809],[24.25351,38.2652],[24.256494,38.263032],[24.254269,38.260501],[24.257536,38.259153],[24.252601,38.255348],[24.253452,38.252267],[24.257994,38.250885],[24.259141,38.248447],[24.254019,38.242437],[24.247522,38.242601],[24.248777,38.228309],[24.254205,38.226937],[24.258343,38.221135],[24.261092,38.220884],[24.25962,38.215459],[24.261858,38.214169],[24.26078,38.211889],[24.267048,38.209327],[24.266846,38.205714],[24.272361,38.201053],[24.272247,38.198358],[24.278302,38.200934],[24.283388,38.198616],[24.282914,38.196843],[24.295839,38.194638],[24.299661,38.192171],[24.296956,38.189924],[24.299189,38.186978],[24.304606,38.184653],[24.313332,38.183594],[24.316235,38.180835],[24.326767,38.187525],[24.33185,38.182626],[24.329485,38.180434],[24.336191,38.177307],[24.335008,38.175405],[24.331774,38.174828],[24.329148,38.167834],[24.335203,38.165247],[24.336633,38.161878],[24.347629,38.16049],[24.347786,38.156226],[24.350274,38.155322],[24.35979,38.156572],[24.364452,38.160683],[24.372453,38.163773],[24.387014,38.164045],[24.396206,38.166882],[24.398911,38.164574],[24.396925,38.158628],[24.401445,38.157681],[24.401554,38.155567],[24.404306,38.154333],[24.410805,38.154465],[24.41443,38.150389],[24.421818,38.150122],[24.425292,38.145473],[24.429522,38.145923],[24.434453,38.144051],[24.445155,38.146741],[24.449431,38.145513],[24.448338,38.142257],[24.457682,38.140981],[24.470552,38.143107],[24.480407,38.141619],[24.482982,38.144531],[24.489023,38.147294],[24.496385,38.146067],[24.508106,38.147254],[24.514477,38.143167],[24.528668,38.14481],[24.537835,38.14292],[24.545829,38.144008],[24.54724,38.141208],[24.549323,38.140972],[24.557166,38.14141],[24.561147,38.143319],[24.573363,38.153362],[24.584472,38.157626],[24.58441,38.159577],[24.588247,38.159924],[24.588887,38.156907],[24.591434,38.157174],[24.592438,38.154869],[24.593333,38.149566],[24.591074,38.144989],[24.592381,38.144531],[24.591028,38.140826],[24.592219,38.138548],[24.590502,38.135103],[24.585518,38.132934],[24.585423,38.129274],[24.580776,38.12],[24.581647,38.115659],[24.575349,38.109224],[24.574891,38.099813],[24.579844,38.096248],[24.580869,38.093409],[24.57945,38.093037],[24.58287,38.091388],[24.577906,38.085489],[24.578675,38.082272],[24.577348,38.078727],[24.579136,38.074313],[24.582016,38.072985],[24.580889,38.06993],[24.587031,38.068467],[24.588501,38.065876],[24.588308,38.057443],[24.584634,38.054008],[24.584508,38.051473],[24.587362,38.049777],[24.583171,38.046008],[24.584858,38.044103],[24.583622,38.040877],[24.585207,38.037166],[24.584533,38.033653],[24.580937,38.032041],[24.582504,38.030241],[24.58172,38.026703],[24.578583,38.025302],[24.58389,38.024771],[24.585231,38.022976],[24.581785,38.022066],[24.572438,38.011847],[24.566503,38.009076],[24.567314,38.005073],[24.573913,38.002718],[24.565149,37.99723],[24.56558,37.994041],[24.563731,37.992834],[24.564801,37.989015],[24.563469,37.987559],[24.559134,37.988791],[24.556346,37.987655],[24.556118,37.985788],[24.55757,37.986677],[24.557823,37.984475],[24.562291,37.98163],[24.556186,37.977556],[24.545764,37.977056],[24.548389,37.972775],[24.548011,37.970841],[24.543734,37.974149],[24.538734,37.975574],[24.536846,37.97356],[24.540503,37.972048],[24.540898,37.96875],[24.53011,37.968197],[24.530402,37.965743],[24.527753,37.965039],[24.529224,37.962119],[24.525897,37.956752],[24.520862,37.956917],[24.521255,37.954796],[24.511085,37.948574],[24.507115,37.949933],[24.493222,37.948706],[24.489785,37.951934],[24.48157,37.953187],[24.470637,37.959197],[24.473614,37.963662],[24.477626,37.965066],[24.476235,37.970243],[24.470996,37.973649],[24.472525,37.979081],[24.46972,37.981257],[24.46834,37.986929],[24.465026,37.988407],[24.46488,37.991369],[24.461679,37.992281],[24.461929,37.995967],[24.451131,38.003329],[24.440403,38.00695],[24.433752,38.007016],[24.427354,38.011799],[24.414142,38.012247],[24.39796,38.00595],[24.392439,38.005258],[24.391377,38.00293],[24.395997,37.996628],[24.391901,37.996417],[24.39065,37.997897],[24.387067,37.994855],[24.38694,37.983922],[24.392179,37.977602],[24.39708,37.976416],[24.401248,37.978787],[24.403294,37.977523],[24.39749,37.971452],[24.388726,37.969979],[24.388189,37.971722],[24.385988,37.969857],[24.385403,37.968649],[24.388337,37.967568],[24.385773,37.966944],[24.388351,37.965332],[24.386705,37.962853],[24.389066,37.961567],[24.386611,37.960253],[24.388332,37.95816],[24.386956,37.957161],[24.379074,37.962162],[24.372056,37.961869],[24.373713,37.965223],[24.372882,37.96875],[24.368624,37.968291],[24.36527,37.969793],[24.366358,37.971764],[24.361685,37.971185],[24.354996,37.97476],[24.356842,37.977633],[24.356206,37.979111],[24.352549,37.977319],[24.347793,37.977952],[24.346063,37.979678],[24.345804,37.985079],[24.34078,37.985098],[24.33759,37.986802],[24.336543,37.988665],[24.338153,37.989369],[24.335765,37.991789],[24.336741,37.993517],[24.332542,37.996557],[24.33384,38.002309],[24.331601,38.011089],[24.327056,38.012204],[24.323211,38.011256],[24.325434,38.015095],[24.321901,38.015833],[24.318753,38.015446],[24.318,38.011218],[24.315757,38.010641],[24.315105,38.013989],[24.311249,38.016137],[24.306229,38.022462],[24.30393,38.028978],[24.306067,38.033745],[24.319642,38.040326],[24.321297,38.046996],[24.316628,38.04759],[24.315706,38.053005],[24.31217,38.055159],[24.311849,38.063026],[24.308616,38.064482],[24.308202,38.067771],[24.301526,38.07084],[24.297287,38.07084],[24.289061,38.066368],[24.285602,38.066336],[24.286387,38.076005],[24.28352,38.083338],[24.275443,38.087148],[24.266704,38.087976],[24.260454,38.09304],[24.251593,38.09127],[24.248515,38.095336],[24.244149,38.095484],[24.238729,38.091683],[24.242585,38.089682],[24.241829,38.087773],[24.233509,38.089119],[24.22649,38.088758],[24.224792,38.08711],[24.211091,38.090179],[24.208688,38.089466],[24.203954,38.084154],[24.201839,38.084306],[24.200812,38.091378],[24.207428,38.097438],[24.205111,38.105637],[24.207567,38.116424],[24.211508,38.117775],[24.214169,38.120955],[24.211738,38.124278],[24.206547,38.126938],[24.203897,38.124768],[24.201404,38.126674],[24.196708,38.124673],[24.190959,38.126067],[24.185318,38.123354],[24.18135,38.123928],[24.179268,38.124753],[24.178258,38.129468],[24.181211,38.136038],[24.184479,38.138592],[24.184877,38.141808],[24.192035,38.14546],[24.19087,38.148011],[24.192013,38.150129],[24.198112,38.150854],[24.198306,38.147924],[24.202345,38.15132],[24.205488,38.151131],[24.206754,38.157829],[24.2105,38.161748],[24.210539,38.165659],[24.205842,38.173066],[24.20736,38.177536],[24.205635,38.180893],[24.191839,38.189616],[24.19144,38.195866],[24.188888,38.197137],[24.190317,38.200951],[24.188707,38.207984],[24.186312,38.211106],[24.18637,38.214782],[24.17285,38.220173],[24.164333,38.226533],[24.157235,38.227983],[24.153734,38.223913],[24.139365,38.225011],[24.142554,38.218889],[24.150307,38.21383],[24.150836,38.211306],[24.141896,38.216106],[24.134223,38.218005],[24.126923,38.205981],[24.12542,38.208873],[24.126469,38.211195],[24.123221,38.216143],[24.116474,38.219061],[24.116553,38.22174],[24.126977,38.227459],[24.127634,38.230588],[24.134014,38.234398],[24.134307,38.237008],[24.139323,38.240096],[24.138146,38.24651],[24.139717,38.249626],[24.146634,38.254822],[24.150921,38.263363],[24.155681,38.266385],[24.159415,38.266629],[24.159395,38.268643],[24.154974,38.271491],[24.154406,38.279049],[24.146538,38.281736],[24.139797,38.280959],[24.138747,38.279215],[24.141734,38.277303],[24.141732,38.274163],[24.139169,38.275892],[24.135867,38.273843],[24.131914,38.27384],[24.125522,38.256129],[24.121393,38.254874],[24.119995,38.25044],[24.11358,38.249334],[24.111672,38.250559],[24.111806,38.255525],[24.101244,38.260219],[24.107441,38.262117],[24.109367,38.264221],[24.10217,38.268158],[24.107574,38.27415],[24.098823,38.273573],[24.098882,38.277204],[24.095368,38.27974],[24.097972,38.283023],[24.104328,38.284343],[24.107738,38.288533],[24.110464,38.287897],[24.111359,38.285249],[24.116094,38.286913],[24.112298,38.289518],[24.112295,38.292517],[24.117292,38.297066],[24.118391,38.3012],[24.121528,38.302584],[24.117472,38.302348],[24.114993,38.298841],[24.108673,38.30026],[24.110489,38.303836],[24.109539,38.308688],[24.111451,38.311161],[24.110899,38.315701],[24.106607,38.314649],[24.103052,38.318019],[24.098874,38.318084],[24.098132,38.320747],[24.087675,38.32369],[24.085477,38.31965],[24.081569,38.320843],[24.076297,38.318786],[24.075948,38.323011],[24.073613,38.325708],[24.07132,38.325916],[24.067047,38.322573],[24.05723,38.321774],[24.053296,38.320089],[24.043867,38.322947],[24.035771,38.322338],[24.026718,38.324044],[24.022706,38.328305],[24.024603,38.335742],[24.026736,38.336736],[24.029889,38.336786],[24.034809,38.333111],[24.035218,38.335652],[24.048686,38.336407],[24.053468,38.338204],[24.054005,38.340385],[24.056854,38.339491],[24.05993,38.341582],[24.059931,38.348917],[24.052724,38.354539],[24.053471,38.358744],[24.050102,38.363078],[24.049599,38.369039],[24.05009,38.37077],[24.056142,38.373187],[24.051767,38.375224],[24.057152,38.374672],[24.058767,38.379519],[24.056379,38.384006],[24.051066,38.388273],[24.052423,38.39204],[24.048419,38.394953],[24.043917,38.394788],[24.033273,38.38844],[24.015584,38.390529],[24.00931,38.398285],[23.998694,38.398984],[23.998114,38.404323],[23.99664,38.405316],[23.987185,38.400544],[23.980823,38.39483],[23.966994,38.391153],[23.963246,38.386217],[23.957971,38.386998],[23.956928,38.388855],[23.948199,38.387289],[23.944072,38.388609],[23.936606,38.384657],[23.930981,38.386809],[23.925485,38.383683],[23.922954,38.38529],[23.90769,38.38579],[23.893325,38.38357],[23.884124,38.391099],[23.877151,38.391696],[23.871865,38.389994],[23.867946,38.391587],[23.85812,38.399806],[23.842075,38.40371],[23.824641,38.405333],[23.817625,38.403679],[23.800882,38.388469],[23.796034,38.390286],[23.790612,38.387585],[23.783376,38.392892],[23.771556,38.391209],[23.76898,38.393229],[23.757683,38.395927],[23.749392,38.401198],[23.73772,38.399025],[23.734708,38.402023],[23.730449,38.402622],[23.726836,38.408391],[23.723847,38.409711],[23.705886,38.410077],[23.70098,38.412318],[23.694679,38.412031],[23.693303,38.410722],[23.69021,38.41266],[23.688901,38.408674],[23.681147,38.408461],[23.677225,38.410901],[23.672181,38.409392],[23.668511,38.402168],[23.663558,38.399163],[23.657848,38.399055],[23.652457,38.401922],[23.649742,38.399368],[23.646596,38.399756],[23.642951,38.40455],[23.638557,38.406859],[23.64121,38.412769],[23.63732,38.419314],[23.634074,38.420954],[23.630116,38.428716],[23.625069,38.429349],[23.622391,38.428131],[23.621113,38.440738],[23.619052,38.442547],[23.621688,38.44556],[23.61552,38.449121],[23.61284,38.452996],[23.607725,38.453924],[23.604782,38.44943],[23.600391,38.452157],[23.597127,38.452234],[23.595612,38.451315],[23.595759,38.447456],[23.592518,38.445482],[23.587944,38.447637],[23.59127,38.4555],[23.594323,38.456536],[23.590899,38.45736],[23.589581,38.455514],[23.589344,38.462545],[23.594537,38.469105],[23.599165,38.471927],[23.601941,38.471767],[23.603925,38.476735],[23.605739,38.474382],[23.607829,38.474704],[23.61439,38.470474],[23.623614,38.475294],[23.627488,38.482067],[23.624084,38.486391],[23.627826,38.49621],[23.622045,38.497707],[23.628199,38.498892],[23.633064,38.502398],[23.635904,38.510729],[23.633505,38.513612],[23.631833,38.511505],[23.627942,38.512609],[23.630289,38.519779],[23.629726,38.527906],[23.622781,38.532964],[23.6255,38.534975],[23.626498,38.541216],[23.624001,38.544314],[23.619267,38.544892],[23.618475,38.547441],[23.611844,38.551544],[23.608774,38.558455],[23.603245,38.56247],[23.59886,38.571629],[23.591849,38.57357],[23.570485,38.572263],[23.559539,38.581435],[23.556368,38.582362],[23.540713,38.581129],[23.526687,38.577206],[23.512378,38.585732],[23.507383,38.589691],[23.507039,38.593328],[23.499712,38.605254],[23.495785,38.624926],[23.491393,38.634207],[23.479584,38.637972],[23.465133,38.647808],[23.457423,38.650042],[23.45367,38.648302],[23.449682,38.648755],[23.445872,38.653571],[23.446285,38.658693],[23.443357,38.66283],[23.440421,38.673135],[23.432855,38.677874],[23.428465,38.684033],[23.423915,38.685171],[23.418655,38.689444],[23.409483,38.693579],[23.401196,38.692337],[23.396296,38.695134],[23.387351,38.697009],[23.381446,38.701911],[23.376985,38.708591],[23.367746,38.712212],[23.366322,38.715711],[23.357838,38.721174],[23.355317,38.725273],[23.350507,38.72516],[23.347977,38.726946],[23.339184,38.739],[23.331993,38.744747],[23.331218,38.748798],[23.326784,38.753976],[23.324115,38.761136],[23.319631,38.76354],[23.30833,38.764259],[23.301566,38.77074],[23.297982,38.770647],[23.28964,38.766921],[23.283135,38.767289],[23.277537,38.777771],[23.269696,38.779326],[23.263105,38.782653],[23.260156,38.787835],[23.251124,38.795162],[23.243459,38.797184],[23.240199,38.800204],[23.235072,38.799718],[23.232645,38.80112],[23.223156,38.815218],[23.208335,38.823414],[23.203852,38.830736],[23.199365,38.831187],[23.19546,38.834757],[23.181658,38.836585],[23.170681,38.840583],[23.165491,38.844279],[23.133789,38.852151],[23.128913,38.851295],[23.116811,38.843915],[23.105078,38.843147],[23.099268,38.84036],[23.091866,38.841445],[23.082139,38.838614],[23.051573,38.852856],[23.043854,38.852983],[23.032135,38.88217],[23.005126,38.881669],[23.001646,38.880087],[22.997509,38.881921],[22.989694,38.881197],[22.96397,38.890293],[22.956446,38.883589],[22.951628,38.883268],[22.948582,38.879397],[22.949297,38.875132],[22.952088,38.873354],[22.959296,38.875218],[22.966641,38.874748],[22.975702,38.871218],[22.979683,38.873353],[22.993455,38.861155],[22.991779,38.855443],[22.992626,38.850311],[22.987948,38.849995],[22.984281,38.846919],[22.96394,38.839893],[22.959769,38.835881],[22.939998,38.834967],[22.937385,38.833208],[22.931686,38.836486],[22.908191,38.8351],[22.902776,38.838608],[22.897845,38.839417],[22.891682,38.836839],[22.88391,38.838286],[22.878155,38.834627],[22.867774,38.83222],[22.856597,38.832913],[22.845668,38.830053],[22.83885,38.825584],[22.829945,38.82656],[22.833661,38.834676],[22.834056,38.847656],[22.837726,38.853986],[22.846079,38.85955],[22.850925,38.870644],[22.857627,38.868101],[22.864242,38.868936],[22.873374,38.871814],[22.876116,38.877233],[22.902364,38.876753],[22.904171,38.878509],[22.902502,38.880721],[22.907072,38.884228],[22.917009,38.886012],[22.922666,38.891404],[22.928816,38.891427],[22.930542,38.889625],[22.937392,38.890346],[22.938647,38.891322],[22.937031,38.895074],[22.955763,38.900057],[22.958851,38.899293],[22.961389,38.901883],[22.964591,38.900698],[22.965038,38.902022],[22.981612,38.904373],[22.993311,38.910913],[22.997929,38.90881],[23.00027,38.910387],[23.006901,38.908332],[23.008785,38.915169],[23.012863,38.913567],[23.014945,38.918604],[23.022031,38.918579],[23.033183,38.924831],[23.035679,38.929491],[23.034574,38.936102],[23.048035,38.942484],[23.053813,38.942463],[23.059767,38.939974],[23.062489,38.941493],[23.072458,38.937919],[23.081531,38.940577],[23.087259,38.948465],[23.087256,38.957542],[23.093143,38.970019],[23.090722,38.98107],[23.122477,38.998902],[23.130169,39.008002],[23.147961,39.006464],[23.155002,39.009985],[23.172632,39.006406],[23.182,39.002595],[23.187352,39.004032],[23.203954,39.004215],[23.208093,39.005989],[23.212878,39.014376],[23.221999,39.018937],[23.237584,39.023917],[23.254551,39.023158],[23.268089,39.032608],[23.276577,39.034302],[23.278665,39.038727],[23.28855,39.037161],[23.299794,39.039753],[23.316414,39.039281],[23.324149,39.035329],[23.330855,39.024043],[23.337833,39.016211],[23.343112,39.014839],[23.347524,39.017207],[23.348517,39.01575],[23.346495,39.014266],[23.35382,39.009416],[23.359676,39.010528],[23.364145,39.008482],[23.377216,39.007188],[23.37935,38.997948],[23.376415,38.992171],[23.376878,38.988083],[23.371564,38.984968],[23.371058,38.982002],[23.376481,38.97027],[23.38489,38.962225],[23.389692,38.959685],[23.401214,38.959384],[23.403395,38.957107],[23.41158,38.957427],[23.412531,38.954407],[23.416521,38.955794],[23.418004,38.954603],[23.419489,38.956274],[23.42259,38.953495],[23.425815,38.957278],[23.429887,38.95431],[23.428694,38.952214],[23.431047,38.951299],[23.430064,38.948681],[23.432709,38.945054],[23.431503,38.942478],[23.433386,38.94014],[23.4301,38.936109],[23.427184,38.935223],[23.430253,38.932045],[23.427146,38.928587],[23.424697,38.92013],[23.426757,38.9034],[23.429279,38.897165],[23.432813,38.89632],[23.433274,38.892185],[23.437768,38.88932],[23.439148,38.886212],[23.442095,38.886132],[23.443393,38.883269],[23.448427,38.884202],[23.447054,38.88199],[23.443615,38.88237],[23.443505,38.880447],[23.437776,38.879605],[23.439397,38.871172],[23.445402,38.861532],[23.456164,38.849256],[23.47025,38.836243],[23.478395,38.834587],[23.483093,38.830984],[23.492828,38.829914],[23.499762,38.824747],[23.509206,38.821463],[23.516652,38.820868],[23.517819,38.819539],[23.516552,38.811797],[23.517872,38.808656],[23.522162,38.807258],[23.526072,38.810505],[23.530396,38.807076],[23.53013,38.80268],[23.534423,38.803128],[23.538744,38.80103],[23.539219,38.797772],[23.544863,38.796895],[23.553416,38.798223],[23.559221,38.793073],[23.563075,38.794084],[23.562796,38.792161],[23.57022,38.789307],[23.569941,38.785036],[23.574145,38.783393],[23.574268,38.778778],[23.575924,38.779132],[23.578095,38.784285],[23.581368,38.787211],[23.590083,38.784292],[23.590617,38.782517],[23.585464,38.774504],[23.589835,38.769418],[23.588799,38.766365],[23.590204,38.763953],[23.592479,38.763735],[23.594087,38.766399],[23.602388,38.767212],[23.60381,38.770534],[23.606688,38.771106],[23.608273,38.770162],[23.607299,38.766258],[23.608511,38.76458],[23.615716,38.764144],[23.623429,38.757476],[23.630584,38.754274],[23.642046,38.752995],[23.643045,38.757126],[23.647647,38.760025],[23.650133,38.758596],[23.648411,38.756471],[23.657135,38.754346],[23.660232,38.756534],[23.664225,38.755182],[23.663269,38.753253],[23.664728,38.75204],[23.669186,38.750956],[23.671342,38.754904],[23.684549,38.752598],[23.69122,38.760703],[23.695165,38.763093],[23.699011,38.762519],[23.701184,38.767954],[23.704885,38.769101],[23.707711,38.763802],[23.711492,38.764646],[23.71865,38.758479],[23.727228,38.744912]],[[26.732045,38.732505],[26.733221,38.733848],[26.73445,38.732931],[26.732045,38.732505]],[[26.7088,38.716231],[26.710064,38.714967],[26.708027,38.711075],[26.7088,38.716231]],[[26.708905,38.702348],[26.71875,38.692801],[26.723315,38.693554],[26.725476,38.69242],[26.725654,38.69044],[26.722745,38.686704],[26.711148,38.692526],[26.708779,38.691695],[26.707423,38.697899],[26.708905,38.702348]],[[23.917285,38.675531],[23.917039,38.676686],[23.917914,38.678679],[23.918362,38.676594],[23.917285,38.675531]],[[24.129617,38.670228],[24.133564,38.6696],[24.136079,38.66298],[24.133682,38.662797],[24.129617,38.670228]],[[24.249325,38.662609],[24.247987,38.66633],[24.252923,38.664798],[24.252077,38.663146],[24.249325,38.662609]],[[24.151631,38.656931],[24.151586,38.659827],[24.153469,38.660704],[24.153252,38.657202],[24.151631,38.656931]],[[25.570211,38.610273],[25.572137,38.605026],[25.574231,38.608104],[25.57669,38.607174],[25.577536,38.608237],[25.58231,38.603311],[25.585498,38.606846],[25.591512,38.608539],[25.594419,38.60359],[25.597261,38.602753],[25.598271,38.599352],[25.601729,38.600405],[25.60591,38.599158],[25.606371,38.594088],[25.609702,38.592708],[25.612611,38.594198],[25.620901,38.589879],[25.619937,38.578329],[25.623567,38.57456],[25.614578,38.567728],[25.61661,38.561734],[25.611573,38.557485],[25.612612,38.556744],[25.610649,38.553924],[25.61067,38.548193],[25.613021,38.545405],[25.609389,38.534133],[25.597209,38.532645],[25.592106,38.53596],[25.588426,38.533307],[25.581153,38.536094],[25.58184,38.538761],[25.580543,38.540541],[25.575124,38.539311],[25.573082,38.542426],[25.569915,38.543743],[25.564738,38.539674],[25.567489,38.538947],[25.565047,38.535876],[25.565614,38.531006],[25.561996,38.533064],[25.561863,38.538131],[25.56,38.538864],[25.555732,38.548419],[25.557567,38.55181],[25.561633,38.551457],[25.565991,38.558548],[25.565791,38.563492],[25.561301,38.567018],[25.553378,38.569526],[25.554207,38.5754],[25.54943,38.578962],[25.545302,38.578532],[25.541856,38.583368],[25.541468,38.587452],[25.530039,38.592718],[25.530236,38.595954],[25.534072,38.594918],[25.533596,38.598851],[25.54264,38.602883],[25.545943,38.599063],[25.548121,38.59953],[25.554023,38.596436],[25.563486,38.604675],[25.565257,38.604815],[25.567009,38.600033],[25.570211,38.610273]],[[26.00616,38.604637],[26.015625,38.599051],[26.022217,38.599658],[26.044302,38.589189],[26.048902,38.58931],[26.051074,38.591541],[26.054311,38.59049],[26.059651,38.593936],[26.063387,38.593584],[26.065946,38.584533],[26.070509,38.583232],[26.075864,38.576539],[26.075364,38.571947],[26.079246,38.565047],[26.084742,38.560396],[26.084464,38.556559],[26.088991,38.5546],[26.091129,38.556173],[26.09118,38.558736],[26.093865,38.559319],[26.106084,38.556332],[26.109553,38.552094],[26.108022,38.548878],[26.108821,38.544121],[26.115041,38.540168],[26.117939,38.540961],[26.114836,38.550149],[26.116549,38.5552],[26.121111,38.554465],[26.127617,38.543892],[26.12922,38.544477],[26.130834,38.542716],[26.128274,38.552399],[26.126203,38.554765],[26.1284,38.556318],[26.132686,38.556198],[26.131556,38.566162],[26.135611,38.566847],[26.137906,38.56284],[26.148352,38.557474],[26.148888,38.55392],[26.151924,38.554564],[26.15624,38.552115],[26.158884,38.552871],[26.161689,38.546512],[26.160817,38.538434],[26.163111,38.535581],[26.157223,38.531286],[26.150999,38.521873],[26.15247,38.513951],[26.150826,38.512672],[26.153091,38.512055],[26.153968,38.496094],[26.144481,38.488508],[26.13546,38.487707],[26.13061,38.48543],[26.130396,38.489045],[26.127629,38.489327],[26.126251,38.487316],[26.127994,38.484841],[26.127632,38.479488],[26.123744,38.476843],[26.128431,38.475223],[26.13611,38.476692],[26.136121,38.478221],[26.138267,38.479052],[26.144279,38.476758],[26.141208,38.470673],[26.144011,38.471415],[26.14423,38.469958],[26.140513,38.465161],[26.13645,38.464431],[26.136448,38.461861],[26.139529,38.464046],[26.145204,38.464789],[26.1464,38.463747],[26.144393,38.459847],[26.148344,38.465526],[26.151967,38.466057],[26.153121,38.463608],[26.151833,38.461814],[26.154876,38.45794],[26.152776,38.449929],[26.147205,38.4469],[26.141431,38.428687],[26.135011,38.420405],[26.135725,38.410234],[26.134109,38.407597],[26.136532,38.394135],[26.13929,38.389306],[26.138135,38.37517],[26.141778,38.372038],[26.137606,38.371353],[26.139393,38.367298],[26.144014,38.366852],[26.143335,38.350011],[26.144595,38.346683],[26.14329,38.345035],[26.143374,38.33898],[26.155447,38.330889],[26.16013,38.331632],[26.161675,38.329732],[26.160863,38.325899],[26.155432,38.323689],[26.153313,38.319658],[26.160367,38.313515],[26.159608,38.308959],[26.151187,38.301648],[26.140805,38.298627],[26.134132,38.294435],[26.128402,38.28785],[26.116948,38.282335],[26.104126,38.272247],[26.102933,38.265573],[26.105366,38.257071],[26.103959,38.253488],[26.104707,38.245411],[26.106952,38.240895],[26.115523,38.235393],[26.116307,38.232581],[26.115062,38.229414],[26.107921,38.224769],[26.104342,38.220412],[26.098755,38.208208],[26.065809,38.206285],[26.059097,38.205364],[26.048823,38.200511],[26.041155,38.200426],[26.034683,38.190501],[26.033784,38.185917],[26.023979,38.179078],[26.025875,38.174744],[26.02444,38.160053],[26.021962,38.155264],[26.012442,38.146831],[26.010762,38.148616],[26.010187,38.155385],[25.998537,38.154541],[25.995258,38.157909],[25.99571,38.160838],[25.992621,38.162003],[25.993487,38.163931],[25.990564,38.161648],[25.98474,38.164891],[25.982736,38.1641],[25.979759,38.166336],[25.976322,38.165896],[25.974552,38.167941],[25.972996,38.165758],[25.968533,38.166916],[25.967905,38.171505],[25.965004,38.173789],[25.963282,38.173146],[25.958172,38.18059],[25.949703,38.186184],[25.949698,38.190061],[25.952254,38.194181],[25.939081,38.196066],[25.931753,38.191561],[25.929396,38.193336],[25.927027,38.192221],[25.923358,38.19635],[25.923397,38.201849],[25.927189,38.206608],[25.921438,38.205357],[25.919255,38.20323],[25.915769,38.208043],[25.910791,38.208682],[25.909743,38.210399],[25.909084,38.213025],[25.912362,38.213326],[25.911778,38.216355],[25.914301,38.221238],[25.908554,38.21963],[25.907746,38.222353],[25.900993,38.221162],[25.896291,38.218531],[25.892142,38.223287],[25.890358,38.216099],[25.887795,38.216824],[25.886587,38.218783],[25.888883,38.227651],[25.88622,38.231134],[25.887826,38.235772],[25.887408,38.240926],[25.885613,38.243183],[25.878927,38.244904],[25.871908,38.239745],[25.866091,38.240746],[25.865276,38.242392],[25.864929,38.251148],[25.867028,38.256128],[25.870129,38.257695],[25.87165,38.260924],[25.870271,38.265047],[25.876291,38.26987],[25.876248,38.273868],[25.889404,38.274875],[25.893024,38.280882],[25.90285,38.286977],[25.901182,38.287919],[25.901814,38.289772],[25.90396,38.287841],[25.907851,38.288242],[25.913516,38.294095],[25.918808,38.296078],[25.918248,38.299763],[25.924841,38.30176],[25.926497,38.298539],[25.923133,38.292518],[25.92423,38.290307],[25.929855,38.287143],[25.928436,38.293202],[25.931302,38.300752],[25.935408,38.300725],[25.938063,38.294222],[25.940272,38.293025],[25.942995,38.298758],[25.950598,38.297141],[25.953927,38.292819],[25.960088,38.29794],[25.964904,38.295329],[25.964282,38.298448],[25.96662,38.30068],[25.966395,38.303759],[25.973198,38.310266],[25.966943,38.3185],[25.972904,38.321867],[25.971939,38.326284],[25.973008,38.328788],[25.975429,38.331988],[25.984483,38.332445],[25.986403,38.338604],[25.984762,38.342015],[25.986128,38.344018],[25.988866,38.344653],[25.992009,38.340933],[25.995628,38.342471],[25.99633,38.349226],[25.993904,38.3593],[25.985615,38.36288],[25.987254,38.36566],[25.991273,38.363889],[25.993623,38.365454],[25.991772,38.370402],[25.993588,38.371916],[25.990723,38.376049],[25.986501,38.377938],[25.990826,38.384641],[25.991846,38.390289],[25.989037,38.390845],[25.986232,38.385417],[25.98316,38.385713],[25.974359,38.399635],[25.97077,38.401162],[25.967356,38.398616],[25.966752,38.40308],[25.961197,38.401543],[25.959153,38.403995],[25.959572,38.405871],[25.963035,38.407509],[25.960006,38.41389],[25.962917,38.416971],[25.954693,38.417562],[25.953823,38.418972],[25.954558,38.424667],[25.958429,38.430102],[25.955585,38.443841],[25.9502,38.44773],[25.946848,38.445902],[25.94511,38.446554],[25.944467,38.451285],[25.945858,38.45195],[25.944424,38.456423],[25.93928,38.462335],[25.926193,38.468849],[25.921243,38.46794],[25.91959,38.469864],[25.916571,38.468506],[25.914912,38.46943],[25.915074,38.471296],[25.911846,38.469575],[25.910483,38.472109],[25.904338,38.471887],[25.902115,38.473864],[25.894725,38.474869],[25.892481,38.472959],[25.88457,38.480181],[25.881866,38.480271],[25.873503,38.485397],[25.871797,38.487963],[25.863363,38.491042],[25.862996,38.49465],[25.859374,38.495289],[25.856477,38.498489],[25.857119,38.502893],[25.850964,38.506843],[25.851749,38.510734],[25.846357,38.517066],[25.843372,38.529663],[25.831445,38.538504],[25.831895,38.542273],[25.830309,38.545642],[25.832361,38.549644],[25.840497,38.553672],[25.844055,38.560409],[25.845134,38.567677],[25.850963,38.576335],[25.857494,38.580606],[25.892527,38.589255],[25.938787,38.588212],[25.944171,38.590566],[25.949841,38.590152],[25.970519,38.597069],[25.99308,38.598355],[25.997826,38.601087],[25.999444,38.604053],[26.00616,38.604637]],[[26.115156,38.562739],[26.118776,38.561857],[26.121354,38.555586],[26.115736,38.557817],[26.115156,38.562739]],[[26.163475,38.554309],[26.163588,38.551199],[26.161475,38.551792],[26.163475,38.554309]],[[26.18462,38.538492],[26.182953,38.544435],[26.19079,38.541329],[26.200161,38.542535],[26.209796,38.541702],[26.210599,38.540956],[26.208026,38.538905],[26.213196,38.53806],[26.213785,38.534131],[26.216265,38.536531],[26.224304,38.537903],[26.227306,38.533874],[26.230307,38.53535],[26.238037,38.533321],[26.235982,38.530224],[26.237751,38.526599],[26.245861,38.526198],[26.246853,38.528121],[26.249205,38.525022],[26.253183,38.523342],[26.258548,38.523799],[26.266278,38.519223],[26.269562,38.522779],[26.272643,38.519425],[26.268834,38.512736],[26.268744,38.509344],[26.265059,38.510658],[26.265758,38.512375],[26.261247,38.513868],[26.258334,38.509493],[26.25803,38.503887],[26.255793,38.502571],[26.252621,38.504374],[26.24936,38.501437],[26.249657,38.505004],[26.247886,38.505473],[26.245943,38.50281],[26.245502,38.505251],[26.25066,38.51184],[26.25298,38.512362],[26.249859,38.513081],[26.246769,38.508092],[26.239356,38.505639],[26.23432,38.507737],[26.230227,38.513853],[26.22826,38.512858],[26.228065,38.510201],[26.225178,38.512184],[26.220126,38.512132],[26.213577,38.514919],[26.210083,38.519253],[26.207719,38.516892],[26.206483,38.51771],[26.206835,38.514891],[26.205553,38.513968],[26.201916,38.517393],[26.201707,38.520515],[26.203087,38.521602],[26.198427,38.528034],[26.199557,38.529383],[26.195038,38.531841],[26.19305,38.531379],[26.192521,38.533611],[26.18462,38.538492]],[[26.2738,38.515032],[26.276149,38.520599],[26.285952,38.514096],[26.285212,38.511683],[26.287778,38.510456],[26.287338,38.508088],[26.290768,38.50681],[26.28844,38.50487],[26.296057,38.501797],[26.295912,38.499314],[26.292338,38.496861],[26.293656,38.494428],[26.287144,38.493189],[26.285844,38.494612],[26.27863,38.495342],[26.278399,38.497675],[26.283036,38.498515],[26.2796,38.501228],[26.282472,38.503778],[26.278418,38.50529],[26.279759,38.507101],[26.276657,38.506738],[26.275297,38.510659],[26.277282,38.513253],[26.2738,38.515032]],[[26.263309,38.494161],[26.260722,38.493893],[26.260898,38.499118],[26.269727,38.503291],[26.266461,38.498961],[26.266996,38.496094],[26.2645,38.496512],[26.263309,38.494161]],[[26.273318,38.503198],[26.27265,38.504882],[26.270628,38.50476],[26.273995,38.507845],[26.276479,38.505371],[26.273318,38.503198]],[[26.22056,38.506684],[26.215804,38.50974],[26.214042,38.513707],[26.215165,38.513276],[26.22056,38.506684]],[[26.288447,38.492295],[26.289598,38.491395],[26.291634,38.48507],[26.279129,38.487985],[26.282897,38.490395],[26.288447,38.492295]],[[26.152167,38.472606],[26.155279,38.47241],[26.151561,38.468816],[26.151505,38.469329],[26.152167,38.472606]],[[26.360447,38.4556],[26.361421,38.451841],[26.3601,38.448798],[26.362351,38.44801],[26.363541,38.445236],[26.361436,38.43968],[26.358267,38.4405],[26.358533,38.434748],[26.355956,38.432873],[26.357752,38.430549],[26.35736,38.428067],[26.353435,38.424858],[26.34925,38.427585],[26.35111,38.431549],[26.345317,38.427084],[26.341395,38.430422],[26.339762,38.423445],[26.338474,38.423016],[26.338429,38.425595],[26.335024,38.428276],[26.335759,38.422952],[26.332928,38.421638],[26.327253,38.4276],[26.329353,38.433992],[26.327584,38.437092],[26.325834,38.437054],[26.325137,38.440792],[26.331898,38.445472],[26.336781,38.445282],[26.342948,38.448216],[26.349604,38.454776],[26.360447,38.4556]],[[26.367581,38.436849],[26.369297,38.437756],[26.373823,38.434018],[26.371191,38.429216],[26.368086,38.427051],[26.367581,38.436849]],[[26.374472,38.432134],[26.380852,38.432795],[26.382112,38.435176],[26.38657,38.435779],[26.387956,38.43236],[26.38533,38.430714],[26.389519,38.424713],[26.389553,38.421745],[26.385496,38.421868],[26.379502,38.425301],[26.376664,38.424739],[26.375388,38.427087],[26.373291,38.426808],[26.374472,38.432134]],[[26.308632,38.422891],[26.309892,38.417959],[26.315292,38.417455],[26.315672,38.415962],[26.313089,38.414029],[26.309282,38.416267],[26.307571,38.422263],[26.308632,38.422891]],[[26.461837,38.394985],[26.462169,38.401137],[26.464401,38.402629],[26.46841,38.391172],[26.467017,38.387253],[26.464822,38.386911],[26.461837,38.394985]],[[26.467239,38.397124],[26.468516,38.400593],[26.469382,38.395805],[26.467239,38.397124]],[[26.449379,38.390079],[26.450998,38.387562],[26.449201,38.38563],[26.447831,38.389296],[26.449379,38.390079]],[[26.449937,38.393366],[26.447709,38.391058],[26.446865,38.390979],[26.449333,38.394775],[26.449937,38.393366]],[[26.466259,38.381949],[26.46713,38.376023],[26.462046,38.374277],[26.46162,38.375503],[26.466259,38.381949]],[[26.208408,38.291952],[26.207155,38.29768],[26.209646,38.296523],[26.21084,38.290511],[26.208408,38.291952]],[[26.427878,38.194552],[26.432345,38.198693],[26.434355,38.197717],[26.433696,38.192974],[26.427878,38.194552]],[[26.442049,38.198356],[26.444551,38.200253],[26.451447,38.201257],[26.452599,38.200214],[26.44796,38.195917],[26.445239,38.198167],[26.442049,38.198356]],[[26.437163,38.182844],[26.436107,38.185825],[26.437587,38.188382],[26.440602,38.185231],[26.439229,38.182696],[26.437163,38.182844]],[[25.904269,38.2178],[25.90224,38.216568],[25.90039,38.218269],[25.902612,38.220729],[25.904293,38.220289],[25.904269,38.2178]],[[25.966158,38.313974],[25.96791,38.311818],[25.966784,38.309448],[25.964975,38.312474],[25.959824,38.310653],[25.95747,38.313651],[25.957852,38.314773],[25.966158,38.313974]],[[25.957732,38.310342],[25.956757,38.309931],[25.954126,38.311828],[25.955946,38.312895],[25.957732,38.310342]],[[25.942534,38.319547],[25.947815,38.317744],[25.946035,38.316019],[25.941632,38.316161],[25.940107,38.318799],[25.942534,38.319547]],[[24.20458,38.39285],[24.202646,38.390212],[24.201934,38.390082],[24.202371,38.391849],[24.20458,38.39285]],[[24.23018,38.518483],[24.232694,38.517275],[24.232526,38.516459],[24.228866,38.516233],[24.23018,38.518483]],[[25.521009,38.522869],[25.517283,38.51935],[25.514722,38.520558],[25.520549,38.526228],[25.524797,38.524957],[25.524521,38.523223],[25.521009,38.522869]],[[25.522635,38.53024],[25.518162,38.530456],[25.51918,38.532897],[25.517602,38.533227],[25.513497,38.530429],[25.506007,38.53152],[25.504138,38.529749],[25.495777,38.5342],[25.498578,38.536134],[25.499734,38.540818],[25.507857,38.547788],[25.5065,38.550914],[25.508466,38.550648],[25.511551,38.553227],[25.516084,38.55137],[25.518719,38.55424],[25.523011,38.550701],[25.525824,38.551861],[25.528903,38.550584],[25.526868,38.545851],[25.520972,38.541061],[25.521562,38.538507],[25.524175,38.539094],[25.523455,38.536128],[25.527067,38.533376],[25.524833,38.530597],[25.522082,38.5318],[25.522635,38.53024]],[[25.533035,38.601601],[25.533236,38.603363],[25.53637,38.603546],[25.535967,38.602306],[25.533035,38.601601]],[[26.015625,38.123884],[26.013893,38.124903],[26.01333,38.126397],[26.016357,38.125761],[26.015625,38.123884]],[[26.854018,38.045771],[26.85711,38.04582],[26.854955,38.044122],[26.854018,38.045771]],[[26.881535,38.024141],[26.884735,38.02252],[26.883857,38.020936],[26.880734,38.021177],[26.881535,38.024141]],[[24.787815,37.998919],[24.793536,37.996833],[24.792305,37.994528],[24.793586,37.993739],[24.793611,37.990109],[24.785383,37.98257],[24.789099,37.977626],[24.795015,37.977299],[24.793514,37.974471],[24.79556,37.972555],[24.793299,37.969712],[24.798543,37.969776],[24.798448,37.968046],[24.801214,37.966861],[24.805994,37.968994],[24.807011,37.967715],[24.823899,37.965876],[24.828903,37.963253],[24.832423,37.958879],[24.832436,37.954551],[24.8297,37.952877],[24.830099,37.950208],[24.82698,37.946646],[24.828232,37.939269],[24.827286,37.935924],[24.829244,37.936523],[24.830862,37.930419],[24.836364,37.927358],[24.838955,37.917878],[24.842449,37.913917],[24.838634,37.91179],[24.839879,37.909496],[24.849098,37.913203],[24.850943,37.911383],[24.855355,37.911371],[24.855925,37.906451],[24.857617,37.909051],[24.865046,37.908833],[24.867996,37.906806],[24.870027,37.909456],[24.872392,37.908239],[24.87416,37.909107],[24.873881,37.906707],[24.876176,37.905211],[24.873523,37.902691],[24.876911,37.901263],[24.880672,37.901118],[24.881885,37.902882],[24.883814,37.901287],[24.885564,37.903173],[24.890061,37.903453],[24.892698,37.900607],[24.894354,37.90362],[24.896533,37.902112],[24.900138,37.90427],[24.904617,37.902313],[24.907984,37.905967],[24.908898,37.903157],[24.90683,37.900931],[24.908978,37.900002],[24.912784,37.902576],[24.915203,37.901534],[24.92943,37.904445],[24.933224,37.904287],[24.937104,37.901659],[24.94316,37.904822],[24.944504,37.90295],[24.947019,37.90404],[24.94813,37.89909],[24.951983,37.902024],[24.957349,37.898623],[24.957358,37.896444],[24.954523,37.896718],[24.951156,37.89393],[24.952225,37.892309],[24.95804,37.892863],[24.958308,37.878816],[24.954531,37.876672],[24.958698,37.876075],[24.955693,37.874581],[24.957591,37.870906],[24.950236,37.866166],[24.949457,37.862909],[24.951998,37.861943],[24.951183,37.859432],[24.940228,37.855484],[24.939854,37.852092],[24.942487,37.850659],[24.942311,37.848906],[24.939883,37.845499],[24.935773,37.844087],[24.935221,37.84155],[24.938369,37.839607],[24.944133,37.841485],[24.941317,37.83638],[24.943797,37.834019],[24.948407,37.837891],[24.952666,37.839172],[24.952756,37.836961],[24.948061,37.833928],[24.954431,37.833788],[24.955347,37.835351],[24.956561,37.832226],[24.960938,37.833147],[24.959062,37.822085],[24.966433,37.827251],[24.971411,37.825665],[24.973909,37.820873],[24.972637,37.816834],[24.978858,37.816887],[24.980918,37.8126],[24.978881,37.808271],[24.971564,37.805873],[24.972453,37.804969],[24.964781,37.795939],[24.96602,37.794409],[24.972361,37.793759],[24.971569,37.79117],[24.973858,37.79057],[24.969346,37.787857],[24.962856,37.787844],[24.963194,37.786325],[24.958741,37.783058],[24.960938,37.778739],[24.95331,37.776676],[24.951962,37.774823],[24.952225,37.770415],[24.956709,37.767002],[24.960938,37.770089],[24.963398,37.768152],[24.971968,37.772886],[24.980669,37.774202],[24.988909,37.772405],[24.997112,37.774857],[25.001544,37.770801],[25.000116,37.766875],[24.997033,37.76557],[24.995149,37.762139],[24.997131,37.761293],[24.9978,37.757574],[24.994096,37.75654],[24.993651,37.75353],[24.990169,37.752912],[24.992519,37.750482],[24.984462,37.743349],[24.986766,37.743058],[24.987965,37.744679],[24.989695,37.743543],[24.983588,37.7375],[24.983796,37.733428],[24.981333,37.728633],[24.975772,37.723328],[24.973918,37.718949],[24.970683,37.717195],[24.969929,37.713542],[24.965881,37.713043],[24.961862,37.706152],[24.959352,37.70731],[24.958241,37.705677],[24.954903,37.705883],[24.952142,37.702646],[24.954613,37.70126],[24.954793,37.697885],[24.958007,37.697974],[24.960938,37.694754],[24.958348,37.69126],[24.959169,37.689996],[24.955382,37.688456],[24.959142,37.686227],[24.964381,37.685693],[24.962306,37.682294],[24.951974,37.68189],[24.948572,37.686451],[24.946055,37.688281],[24.943848,37.687746],[24.936175,37.694748],[24.930301,37.695632],[24.929279,37.701316],[24.924372,37.700569],[24.924094,37.705601],[24.910102,37.717215],[24.913551,37.724808],[24.905032,37.729894],[24.902666,37.733585],[24.902758,37.736587],[24.900114,37.737061],[24.897385,37.745835],[24.894042,37.74814],[24.896089,37.752171],[24.887879,37.759325],[24.887373,37.764929],[24.881802,37.764676],[24.880483,37.766932],[24.871876,37.762782],[24.868176,37.763812],[24.863411,37.768607],[24.861391,37.771891],[24.86221,37.776397],[24.859587,37.778169],[24.855769,37.775104],[24.848179,37.775304],[24.850115,37.77858],[24.848076,37.779963],[24.851107,37.782211],[24.847645,37.7823],[24.848,37.786073],[24.844748,37.789225],[24.845746,37.792969],[24.825421,37.796185],[24.826663,37.800693],[24.825205,37.809163],[24.827332,37.811874],[24.817181,37.820283],[24.808563,37.822486],[24.804142,37.82205],[24.79911,37.820509],[24.799124,37.816795],[24.795617,37.815879],[24.798914,37.834372],[24.787837,37.842757],[24.790636,37.846721],[24.787636,37.850076],[24.788149,37.851796],[24.78404,37.854632],[24.78534,37.856923],[24.783738,37.858386],[24.780342,37.855921],[24.779683,37.853429],[24.777059,37.853693],[24.775775,37.863874],[24.770693,37.866903],[24.766668,37.874933],[24.75857,37.874647],[24.756723,37.871164],[24.754178,37.873428],[24.75591,37.875556],[24.7551,37.877153],[24.74682,37.880462],[24.740877,37.880396],[24.739934,37.87851],[24.734017,37.876977],[24.733716,37.884401],[24.736031,37.885837],[24.732854,37.887772],[24.730579,37.886477],[24.731004,37.883362],[24.727794,37.87964],[24.727325,37.877591],[24.728864,37.876001],[24.727638,37.873796],[24.724348,37.874875],[24.713037,37.870452],[24.709722,37.870913],[24.709575,37.876811],[24.712208,37.87843],[24.711792,37.882044],[24.705574,37.881167],[24.70391,37.884313],[24.705346,37.887543],[24.711499,37.889109],[24.708311,37.893005],[24.711735,37.893826],[24.711902,37.895811],[24.709745,37.897037],[24.707121,37.8944],[24.70488,37.894688],[24.703781,37.89896],[24.698619,37.899871],[24.696022,37.903009],[24.695541,37.905747],[24.697587,37.908206],[24.696175,37.9131],[24.698716,37.913784],[24.696939,37.915976],[24.692188,37.915005],[24.692915,37.917546],[24.695131,37.918038],[24.693114,37.920051],[24.693678,37.922137],[24.686829,37.919799],[24.679397,37.925075],[24.680536,37.926918],[24.691385,37.923837],[24.69161,37.930937],[24.689882,37.932148],[24.694992,37.932387],[24.693287,37.933783],[24.693619,37.937023],[24.690277,37.939542],[24.69333,37.941115],[24.692428,37.942811],[24.688588,37.942156],[24.684611,37.94355],[24.686364,37.945227],[24.684599,37.951355],[24.686885,37.953318],[24.688566,37.960695],[24.692912,37.966215],[24.695874,37.967605],[24.697953,37.966705],[24.697064,37.968293],[24.700929,37.970663],[24.705157,37.968506],[24.708292,37.972933],[24.722856,37.978062],[24.725702,37.97692],[24.728042,37.980744],[24.730485,37.97856],[24.730084,37.984738],[24.738058,37.988846],[24.743184,37.988138],[24.748831,37.993271],[24.753763,37.992878],[24.755652,37.995512],[24.760023,37.992265],[24.760822,37.99466],[24.76314,37.992634],[24.763559,37.995836],[24.779499,37.998633],[24.785459,37.997339],[24.787815,37.998919]],[[26.731839,37.81134],[26.741808,37.813032],[26.74558,37.811733],[26.774058,37.810743],[26.778031,37.809234],[26.789327,37.810196],[26.809605,37.808065],[26.814528,37.809075],[26.819414,37.806865],[26.835598,37.804718],[26.848274,37.805661],[26.854105,37.802794],[26.85765,37.802855],[26.85784,37.796672],[26.868285,37.789111],[26.871775,37.788225],[26.881744,37.778755],[26.888096,37.778957],[26.893303,37.781275],[26.894781,37.77846],[26.902489,37.776547],[26.904916,37.774232],[26.916794,37.771836],[26.923867,37.773137],[26.925514,37.771098],[26.928197,37.771882],[26.940447,37.762864],[26.947462,37.760368],[26.951858,37.760506],[26.957363,37.757799],[26.960089,37.752071],[26.966065,37.747899],[26.972572,37.748635],[26.975643,37.751815],[26.975859,37.754444],[26.972884,37.756644],[26.970736,37.75584],[26.967766,37.761917],[26.962291,37.765688],[26.963738,37.771178],[26.954767,37.776524],[26.947738,37.784296],[26.949238,37.785827],[26.962075,37.787813],[26.963464,37.785443],[26.965843,37.786034],[26.971255,37.7821],[26.981373,37.778747],[26.9819,37.782134],[26.978813,37.782152],[26.976356,37.786351],[26.97897,37.788933],[26.977666,37.792969],[26.984054,37.793308],[26.9829,37.79438],[26.984034,37.79587],[26.99036,37.796002],[26.991606,37.793959],[26.986528,37.789789],[26.988498,37.786132],[26.987619,37.784173],[26.99256,37.780596],[26.994798,37.782543],[26.994967,37.780033],[26.999242,37.776842],[27.011093,37.77869],[27.014442,37.776816],[27.020203,37.776476],[27.021415,37.774706],[27.023505,37.775588],[27.030564,37.773806],[27.041543,37.774861],[27.0429,37.777167],[27.047513,37.778374],[27.059415,37.779912],[27.066238,37.779108],[27.068718,37.777839],[27.06823,37.776182],[27.062843,37.774803],[27.059512,37.770941],[27.055766,37.771159],[27.049031,37.766119],[27.039397,37.763014],[27.029812,37.762687],[27.028715,37.758547],[27.025522,37.757427],[27.029058,37.754737],[27.02491,37.752144],[27.031862,37.748259],[27.033614,37.745529],[27.043856,37.742329],[27.043448,37.74008],[27.040111,37.740508],[27.041047,37.737366],[27.036514,37.733733],[27.036529,37.728109],[27.051802,37.729562],[27.062696,37.728763],[27.067364,37.726794],[27.067924,37.720278],[27.070313,37.719587],[27.070313,37.716239],[27.06643,37.715524],[27.067994,37.711612],[27.062316,37.708742],[27.057483,37.710145],[27.05627,37.713427],[27.051663,37.710008],[27.050056,37.705679],[27.04843,37.70533],[27.044181,37.709459],[27.039206,37.707579],[27.036394,37.703554],[27.033633,37.706499],[27.029748,37.704453],[27.025882,37.704606],[27.018446,37.707661],[27.011312,37.702541],[27.005449,37.705406],[26.99393,37.707838],[26.980232,37.706267],[26.977311,37.705166],[26.975322,37.701468],[26.965393,37.696307],[26.965871,37.692897],[26.963001,37.693467],[26.957382,37.688902],[26.953536,37.688895],[26.953479,37.687246],[26.947783,37.690274],[26.943783,37.689365],[26.943915,37.687509],[26.932912,37.689948],[26.908497,37.682267],[26.890793,37.672604],[26.883039,37.663337],[26.882542,37.650798],[26.88385,37.648644],[26.879519,37.640099],[26.869051,37.637069],[26.861928,37.638507],[26.859462,37.635694],[26.856236,37.637206],[26.848763,37.636148],[26.836635,37.638329],[26.833726,37.637282],[26.831725,37.639682],[26.816785,37.636866],[26.803082,37.639187],[26.79422,37.642664],[26.784661,37.65025],[26.777912,37.664392],[26.774717,37.666461],[26.774804,37.669786],[26.770971,37.671167],[26.770759,37.673788],[26.767255,37.676724],[26.767515,37.679063],[26.758597,37.684621],[26.756412,37.692165],[26.751176,37.697342],[26.734272,37.701391],[26.729886,37.704089],[26.728485,37.707181],[26.720495,37.71003],[26.684161,37.709513],[26.64212,37.702494],[26.63678,37.695344],[26.631171,37.692473],[26.634012,37.68863],[26.626354,37.689316],[26.620989,37.68554],[26.621404,37.682503],[26.62504,37.682046],[26.623632,37.680226],[26.621181,37.680207],[26.618538,37.68332],[26.614657,37.683306],[26.609104,37.681088],[26.605729,37.676619],[26.604637,37.680263],[26.600556,37.681196],[26.591393,37.67452],[26.589784,37.676813],[26.590836,37.679941],[26.584175,37.682282],[26.581891,37.689814],[26.57784,37.690928],[26.577847,37.693556],[26.58287,37.698763],[26.582152,37.700311],[26.585045,37.70531],[26.57929,37.709057],[26.579605,37.713588],[26.570326,37.720859],[26.570333,37.726097],[26.566299,37.729892],[26.583087,37.749143],[26.586057,37.748697],[26.587582,37.751715],[26.591388,37.752324],[26.589933,37.754776],[26.593561,37.755503],[26.595348,37.761724],[26.610959,37.769561],[26.628756,37.767761],[26.629141,37.76948],[26.633358,37.770804],[26.635181,37.769106],[26.642859,37.772691],[26.645927,37.777841],[26.651272,37.781277],[26.652064,37.78456],[26.654407,37.785183],[26.657992,37.789746],[26.664356,37.789932],[26.674155,37.79654],[26.681504,37.794438],[26.691705,37.795903],[26.731839,37.81134]],[[26.996658,37.798625],[26.999345,37.800002],[27.000658,37.799556],[26.998014,37.798424],[26.996658,37.798625]],[[26.968474,37.793838],[26.969594,37.795736],[26.973881,37.794124],[26.971888,37.791921],[26.968474,37.793838]],[[27.016135,37.702942],[27.015439,37.703007],[27.017078,37.704866],[27.016135,37.702942]],[[27.015746,37.691902],[27.018325,37.692451],[27.018118,37.690406],[27.015746,37.691902]],[[27.009688,37.653797],[27.01391,37.655265],[27.015658,37.65377],[27.012295,37.652123],[27.009688,37.653797]],[[27.006022,37.653389],[27.004722,37.649519],[27.000149,37.649307],[27.001384,37.65197],[27.006022,37.653389]],[[26.78967,37.636048],[26.789415,37.632833],[26.802428,37.626867],[26.803833,37.623433],[26.788477,37.626335],[26.785789,37.629847],[26.789166,37.630715],[26.784344,37.633539],[26.787247,37.636826],[26.78967,37.636048]],[[26.539006,37.625148],[26.537965,37.618379],[26.544314,37.620643],[26.547797,37.61999],[26.537025,37.608261],[26.535881,37.602607],[26.534024,37.601771],[26.530085,37.594217],[26.526571,37.592682],[26.524315,37.593443],[26.521427,37.591397],[26.523052,37.586889],[26.517344,37.585782],[26.514864,37.581656],[26.512815,37.581288],[26.50986,37.584993],[26.506179,37.583242],[26.503488,37.579077],[26.496239,37.575944],[26.497528,37.572614],[26.500672,37.571562],[26.502422,37.568473],[26.502305,37.566515],[26.498861,37.565776],[26.502181,37.562078],[26.500207,37.559524],[26.508793,37.55722],[26.507186,37.555384],[26.509763,37.551555],[26.515526,37.551973],[26.514895,37.547793],[26.507628,37.543936],[26.511072,37.543043],[26.511413,37.539904],[26.513386,37.539492],[26.512702,37.53046],[26.509476,37.526493],[26.505686,37.533442],[26.504116,37.533499],[26.503909,37.527849],[26.501544,37.526904],[26.499445,37.531645],[26.502239,37.534931],[26.500249,37.536579],[26.4951,37.533546],[26.497464,37.540291],[26.49358,37.538003],[26.490576,37.539082],[26.48928,37.543653],[26.485519,37.547342],[26.489715,37.550093],[26.488749,37.552063],[26.484262,37.55259],[26.486228,37.554223],[26.48561,37.556583],[26.489123,37.559112],[26.487613,37.560641],[26.481887,37.557932],[26.479903,37.555135],[26.478295,37.555398],[26.47675,37.56017],[26.48277,37.562125],[26.481366,37.563194],[26.482087,37.564785],[26.478841,37.565945],[26.475098,37.563396],[26.474967,37.566815],[26.477527,37.568809],[26.473071,37.570831],[26.468802,37.566773],[26.469429,37.564338],[26.467378,37.560256],[26.464154,37.564292],[26.465599,37.570613],[26.460517,37.577043],[26.460378,37.580245],[26.462448,37.581755],[26.463548,37.579117],[26.465687,37.578836],[26.46785,37.569842],[26.471902,37.571678],[26.471449,37.573636],[26.476063,37.574108],[26.478809,37.576327],[26.478981,37.578505],[26.472998,37.585655],[26.479252,37.587728],[26.474545,37.592291],[26.479275,37.592286],[26.480495,37.594474],[26.474984,37.59642],[26.477864,37.598642],[26.473753,37.602575],[26.48028,37.605462],[26.485089,37.60487],[26.486922,37.599123],[26.489223,37.599022],[26.488238,37.588166],[26.493991,37.586421],[26.493966,37.582888],[26.502145,37.584427],[26.503355,37.586241],[26.505407,37.592423],[26.501313,37.593184],[26.502103,37.595619],[26.506216,37.594936],[26.508221,37.596197],[26.51326,37.594372],[26.518149,37.59772],[26.513659,37.602225],[26.514598,37.608412],[26.510709,37.61314],[26.516012,37.620025],[26.515463,37.622047],[26.511984,37.623538],[26.511855,37.625052],[26.507607,37.62535],[26.507902,37.627225],[26.505092,37.628181],[26.501799,37.627003],[26.50063,37.624287],[26.496321,37.625988],[26.497822,37.630123],[26.495875,37.634008],[26.499654,37.635377],[26.497447,37.64336],[26.499442,37.645681],[26.502648,37.645134],[26.5032,37.649458],[26.509493,37.65545],[26.516508,37.65568],[26.518417,37.649327],[26.522631,37.652573],[26.522537,37.649693],[26.525919,37.647483],[26.528348,37.642934],[26.530033,37.644772],[26.534486,37.642493],[26.536031,37.638809],[26.526912,37.630199],[26.528922,37.627895],[26.528304,37.625812],[26.530791,37.62448],[26.529465,37.620098],[26.539006,37.625148]],[[27.137558,37.611757],[27.139688,37.613551],[27.142434,37.606186],[27.145469,37.604506],[27.159671,37.586904],[27.156689,37.587635],[27.145515,37.601675],[27.139498,37.60689],[27.137558,37.611757]],[[26.54689,37.590528],[26.542983,37.587083],[26.535995,37.59291],[26.540885,37.594124],[26.544272,37.591897],[26.5432,37.597322],[26.549997,37.5975],[26.552097,37.602658],[26.554432,37.600698],[26.557041,37.601481],[26.553602,37.604267],[26.552762,37.608466],[26.555707,37.607747],[26.556491,37.609744],[26.560128,37.608872],[26.566342,37.610533],[26.568954,37.609644],[26.569457,37.607833],[26.565168,37.604649],[26.566253,37.602677],[26.564137,37.599877],[26.566906,37.596676],[26.561057,37.598598],[26.554285,37.595274],[26.551765,37.590927],[26.54689,37.590528]],[[26.545575,37.527786],[26.54408,37.529768],[26.545339,37.531305],[26.547474,37.529143],[26.545575,37.527786]],[[26.07706,37.525075],[26.075714,37.520809],[26.058647,37.514368],[26.056966,37.517466],[26.050611,37.515419],[26.046513,37.517055],[26.041091,37.51602],[26.02773,37.51751],[25.992311,37.5131],[25.989971,37.50781],[25.981286,37.511538],[25.978727,37.510212],[25.97394,37.52271],[25.976487,37.524441],[25.974577,37.529794],[25.976941,37.530098],[25.978084,37.535888],[25.985397,37.541717],[25.985395,37.546721],[26.010001,37.576376],[26.057469,37.62221],[26.08128,37.636995],[26.08891,37.636295],[26.091241,37.630603],[26.094089,37.631639],[26.098244,37.630404],[26.101923,37.63465],[26.104281,37.63423],[26.10349,37.631607],[26.104855,37.631452],[26.124493,37.637203],[26.140701,37.636518],[26.151424,37.638363],[26.1599,37.63146],[26.169763,37.631788],[26.181349,37.634502],[26.182482,37.633232],[26.179825,37.632074],[26.181317,37.62934],[26.183882,37.629324],[26.184883,37.631462],[26.188384,37.628378],[26.197025,37.626189],[26.209879,37.633125],[26.220431,37.635337],[26.262717,37.662647],[26.273061,37.665881],[26.296254,37.679281],[26.303957,37.681839],[26.318708,37.683242],[26.336317,37.682956],[26.342873,37.689401],[26.352011,37.688838],[26.352942,37.687285],[26.36137,37.691475],[26.365229,37.689584],[26.364542,37.686437],[26.362407,37.685755],[26.360545,37.682534],[26.360685,37.674914],[26.343533,37.669823],[26.341043,37.660235],[26.33858,37.65849],[26.33934,37.654909],[26.323632,37.637133],[26.323115,37.631081],[26.315927,37.631168],[26.305855,37.619663],[26.299466,37.61677],[26.291784,37.608831],[26.275394,37.600665],[26.269781,37.600894],[26.266879,37.597214],[26.244732,37.586197],[26.234941,37.577015],[26.231526,37.577437],[26.222731,37.570554],[26.218517,37.569959],[26.215272,37.567262],[26.211727,37.567553],[26.19783,37.562019],[26.194062,37.562919],[26.176542,37.560061],[26.163114,37.560237],[26.152534,37.557228],[26.145721,37.55879],[26.128225,37.559064],[26.110456,37.553658],[26.090502,37.537927],[26.084404,37.528579],[26.07706,37.525075]],[[26.495319,37.521955],[26.494014,37.523175],[26.494515,37.524596],[26.496182,37.523709],[26.495319,37.521955]],[[26.54528,37.520716],[26.548765,37.516226],[26.547859,37.515205],[26.542375,37.516583],[26.543246,37.511142],[26.540908,37.508845],[26.536762,37.516942],[26.537519,37.518737],[26.54528,37.520716]],[[26.501549,37.516041],[26.501447,37.512695],[26.49874,37.509995],[26.497951,37.504537],[26.495932,37.503039],[26.492562,37.503936],[26.494737,37.507972],[26.492014,37.509542],[26.492584,37.511414],[26.497018,37.51399],[26.495042,37.51754],[26.501549,37.516041]],[[24.918955,37.504082],[24.920295,37.500913],[24.924397,37.502993],[24.931237,37.501157],[24.935846,37.494969],[24.941874,37.491851],[24.947259,37.485492],[24.946742,37.478127],[24.950679,37.475851],[24.949001,37.471865],[24.951573,37.465124],[24.95041,37.459565],[24.952149,37.455545],[24.949004,37.455109],[24.950359,37.453185],[24.94996,37.446553],[24.946375,37.445472],[24.946423,37.44008],[24.944815,37.440032],[24.944808,37.442387],[24.943254,37.442827],[24.940521,37.439632],[24.943252,37.436264],[24.940644,37.434376],[24.938162,37.434688],[24.938743,37.43086],[24.941066,37.429707],[24.943253,37.431606],[24.946716,37.43083],[24.948504,37.432003],[24.950227,37.430356],[24.953936,37.43077],[24.953602,37.424362],[24.957317,37.419624],[24.961889,37.41906],[24.967623,37.415271],[24.967847,37.413177],[24.964417,37.410372],[24.969022,37.407561],[24.96928,37.404734],[24.973823,37.400883],[24.972525,37.399012],[24.969663,37.39954],[24.968598,37.397773],[24.961458,37.394894],[24.959996,37.396401],[24.955932,37.3942],[24.954005,37.392089],[24.954944,37.390208],[24.951476,37.385931],[24.952291,37.384598],[24.9494,37.385339],[24.948814,37.382376],[24.946705,37.381191],[24.942675,37.382229],[24.940539,37.380691],[24.945298,37.386802],[24.944933,37.390304],[24.943624,37.39014],[24.938687,37.383614],[24.935446,37.383538],[24.933098,37.385603],[24.928529,37.382184],[24.922177,37.380408],[24.915475,37.381232],[24.916239,37.378745],[24.914246,37.375398],[24.910373,37.377439],[24.905461,37.372049],[24.898961,37.372633],[24.898281,37.370625],[24.888921,37.368494],[24.876557,37.361924],[24.875648,37.364627],[24.879815,37.373678],[24.878241,37.375114],[24.882254,37.375968],[24.880461,37.385555],[24.877654,37.384909],[24.874017,37.386641],[24.879711,37.388683],[24.882001,37.38717],[24.884385,37.389573],[24.884386,37.392476],[24.88281,37.392666],[24.881878,37.396719],[24.880184,37.39742],[24.874506,37.395749],[24.872608,37.392884],[24.870478,37.39476],[24.863527,37.393768],[24.855205,37.395152],[24.857269,37.403196],[24.856042,37.406622],[24.860916,37.41555],[24.863883,37.415743],[24.87008,37.420156],[24.877807,37.421273],[24.87694,37.422824],[24.865381,37.427],[24.861547,37.426718],[24.863371,37.428931],[24.868611,37.428668],[24.872984,37.431026],[24.876885,37.429914],[24.87983,37.432607],[24.883167,37.43225],[24.887278,37.435197],[24.883276,37.439304],[24.88695,37.439104],[24.888164,37.445173],[24.89047,37.44704],[24.896041,37.443272],[24.900149,37.445765],[24.895955,37.449425],[24.89858,37.458095],[24.895361,37.460125],[24.890702,37.457373],[24.887454,37.461147],[24.893047,37.460996],[24.894695,37.463085],[24.894614,37.466894],[24.896332,37.468041],[24.893778,37.469012],[24.89149,37.466597],[24.889545,37.46798],[24.892023,37.46934],[24.891995,37.472568],[24.896474,37.471879],[24.901545,37.473356],[24.897887,37.476958],[24.891567,37.478777],[24.894969,37.481144],[24.894287,37.48406],[24.897686,37.485482],[24.896812,37.488125],[24.901302,37.489016],[24.899992,37.492594],[24.897348,37.492704],[24.897491,37.495632],[24.89234,37.494494],[24.893546,37.497548],[24.892023,37.498986],[24.889254,37.498569],[24.888914,37.495853],[24.884536,37.498354],[24.881732,37.501233],[24.881446,37.507108],[24.876181,37.510646],[24.884198,37.51399],[24.887161,37.513105],[24.892115,37.508284],[24.903808,37.507751],[24.912828,37.502915],[24.914534,37.505042],[24.915748,37.502224],[24.918955,37.504082]],[[25.347742,37.498925],[25.351293,37.499973],[25.360273,37.496447],[25.360525,37.490585],[25.363416,37.490083],[25.361061,37.487617],[25.364305,37.48602],[25.35926,37.483582],[25.363204,37.478819],[25.360275,37.477027],[25.361098,37.474791],[25.367285,37.471728],[25.368647,37.467141],[25.370114,37.469207],[25.373925,37.464606],[25.37271,37.461985],[25.375292,37.461249],[25.378474,37.461151],[25.380383,37.466828],[25.384215,37.469988],[25.38074,37.481162],[25.381061,37.48594],[25.378724,37.490345],[25.386916,37.496427],[25.389894,37.494605],[25.394095,37.496588],[25.403496,37.495907],[25.407337,37.491267],[25.407959,37.486814],[25.405425,37.484588],[25.405521,37.482516],[25.411392,37.483762],[25.411421,37.480101],[25.414894,37.48202],[25.414632,37.483444],[25.420178,37.481793],[25.42317,37.484699],[25.423954,37.480621],[25.430332,37.482625],[25.42965,37.48059],[25.431179,37.478601],[25.428825,37.471307],[25.433258,37.47136],[25.440309,37.474952],[25.444674,37.471512],[25.450621,37.475034],[25.452989,37.473324],[25.461441,37.474983],[25.459895,37.47025],[25.461388,37.468841],[25.46086,37.463038],[25.462598,37.458883],[25.457019,37.449395],[25.459551,37.448565],[25.459583,37.446294],[25.454273,37.443792],[25.451829,37.446049],[25.449422,37.444243],[25.441754,37.444389],[25.440361,37.442835],[25.436746,37.444693],[25.433855,37.442377],[25.423066,37.442243],[25.418732,37.438993],[25.4266,37.434488],[25.422466,37.431748],[25.420589,37.434891],[25.419325,37.433062],[25.420003,37.429243],[25.413947,37.429576],[25.408991,37.43353],[25.405469,37.433692],[25.404047,37.431628],[25.405123,37.427623],[25.401842,37.421485],[25.402727,37.41622],[25.399285,37.413319],[25.390323,37.422261],[25.387093,37.422501],[25.383533,37.42101],[25.376999,37.41249],[25.373513,37.412097],[25.36882,37.415075],[25.370643,37.410611],[25.368107,37.407516],[25.363814,37.405766],[25.356316,37.411805],[25.353024,37.405329],[25.349322,37.407528],[25.349933,37.403927],[25.348669,37.402791],[25.346801,37.408189],[25.347887,37.409294],[25.343522,37.414567],[25.341859,37.41334],[25.337028,37.41627],[25.336784,37.410167],[25.334448,37.409673],[25.331314,37.410762],[25.325246,37.417978],[25.325816,37.420576],[25.323011,37.421494],[25.321966,37.416983],[25.319047,37.416245],[25.319463,37.411469],[25.315497,37.410408],[25.314938,37.407543],[25.316931,37.405541],[25.313922,37.404466],[25.313053,37.407863],[25.306455,37.401562],[25.304331,37.403002],[25.306163,37.404952],[25.30626,37.409565],[25.3125,37.414621],[25.312807,37.418347],[25.309659,37.422485],[25.303763,37.42259],[25.304656,37.425396],[25.302315,37.426637],[25.300075,37.431227],[25.304457,37.435343],[25.305212,37.438832],[25.307541,37.439679],[25.318351,37.433682],[25.319775,37.42575],[25.323267,37.426479],[25.323406,37.437194],[25.32749,37.439736],[25.324327,37.443984],[25.326147,37.445317],[25.325111,37.446883],[25.328506,37.447127],[25.329485,37.449413],[25.327406,37.452254],[25.328504,37.462891],[25.326445,37.465196],[25.320092,37.466361],[25.31806,37.469607],[25.314188,37.468198],[25.310353,37.469957],[25.310355,37.472499],[25.313865,37.47383],[25.313785,37.47805],[25.307212,37.480129],[25.307749,37.484051],[25.3125,37.492188],[25.316481,37.493709],[25.324103,37.492811],[25.330116,37.496787],[25.32953,37.497699],[25.33795,37.497832],[25.338218,37.499458],[25.347742,37.498925]],[[25.365069,37.491414],[25.365344,37.492641],[25.367806,37.493211],[25.367921,37.490757],[25.365069,37.491414]],[[26.977569,37.485725],[26.978027,37.487444],[26.981792,37.487149],[26.982653,37.484129],[26.97954,37.483766],[26.977569,37.485725]],[[26.953836,37.48509],[26.955194,37.483378],[26.953096,37.481551],[26.950472,37.481971],[26.948986,37.484689],[26.949902,37.485491],[26.953836,37.48509]],[[27.007008,37.478239],[26.992086,37.473569],[26.984886,37.475049],[26.986146,37.476906],[27.007008,37.478239]],[[26.972028,37.47764],[26.979414,37.474688],[26.986573,37.474288],[26.986752,37.471234],[26.997553,37.468582],[26.993829,37.466287],[26.999485,37.464221],[27.001269,37.465605],[27.006608,37.461897],[27.004823,37.457394],[27.007859,37.455917],[27.007533,37.454726],[27.00365,37.453482],[26.996249,37.455071],[26.991705,37.458416],[26.990888,37.461857],[26.990658,37.459054],[26.985949,37.457567],[26.990684,37.453292],[26.981937,37.453485],[26.979343,37.45119],[26.980605,37.447326],[26.977801,37.444312],[26.974351,37.446293],[26.969465,37.446319],[26.972029,37.451965],[26.968779,37.451475],[26.966168,37.456463],[26.963726,37.454686],[26.964349,37.451212],[26.960691,37.453111],[26.959635,37.449186],[26.962268,37.446128],[26.961802,37.443858],[26.956205,37.443827],[26.954185,37.446393],[26.950936,37.444374],[26.945413,37.447374],[26.946276,37.449086],[26.944682,37.449626],[26.939764,37.458524],[26.946546,37.458037],[26.944558,37.462599],[26.940966,37.463936],[26.940625,37.466138],[26.94231,37.466664],[26.940544,37.470744],[26.936367,37.468847],[26.933621,37.471394],[26.92652,37.472938],[26.925131,37.475094],[26.940243,37.477048],[26.977301,37.472093],[26.97013,37.477005],[26.972028,37.47764]],[[27.003279,37.465962],[27.007541,37.468257],[27.010879,37.46663],[27.006322,37.464918],[27.003279,37.465962]],[[25.49031,37.443501],[25.489566,37.44179],[25.487403,37.442728],[25.48125,37.441406],[25.480984,37.446098],[25.477847,37.446621],[25.476864,37.45254],[25.479792,37.451665],[25.479925,37.45419],[25.482134,37.454191],[25.484643,37.459206],[25.486645,37.458723],[25.490322,37.461166],[25.49202,37.460568],[25.49148,37.455843],[25.487596,37.448315],[25.49031,37.443501]],[[26.98249,37.430218],[26.987127,37.428587],[26.974842,37.425529],[26.974542,37.428542],[26.98249,37.430218]],[[25.575546,37.419707],[25.576188,37.421634],[25.579041,37.423196],[25.579033,37.421944],[25.575546,37.419707]],[[25.573392,37.418309],[25.575157,37.416923],[25.575165,37.414973],[25.572617,37.412967],[25.573022,37.41112],[25.570692,37.409075],[25.563608,37.407515],[25.558118,37.409918],[25.563485,37.413486],[25.567531,37.411876],[25.573392,37.418309]],[[26.443947,37.410063],[26.443164,37.411765],[26.445594,37.412567],[26.446021,37.410396],[26.443947,37.410063]],[[26.71717,37.412694],[26.721331,37.411153],[26.71947,37.404209],[26.724797,37.401727],[26.731073,37.396094],[26.732667,37.399129],[26.734327,37.396833],[26.735857,37.397483],[26.737188,37.39183],[26.738984,37.390316],[26.737782,37.388802],[26.750968,37.384105],[26.759629,37.374388],[26.757625,37.372341],[26.753098,37.374312],[26.746473,37.367126],[26.749347,37.364676],[26.747624,37.363614],[26.746335,37.364892],[26.744765,37.361341],[26.7432,37.361693],[26.739168,37.368768],[26.742694,37.37343],[26.741844,37.375428],[26.738899,37.37265],[26.739229,37.375794],[26.735958,37.372088],[26.732706,37.372196],[26.731951,37.374392],[26.736801,37.37779],[26.736468,37.380194],[26.729727,37.378735],[26.729332,37.382592],[26.724481,37.38915],[26.720213,37.387089],[26.716625,37.388223],[26.716034,37.394355],[26.717327,37.396642],[26.712313,37.397895],[26.710064,37.401886],[26.711054,37.404379],[26.716816,37.406951],[26.71717,37.412694]],[[26.723482,37.403879],[26.723119,37.405617],[26.726416,37.405825],[26.72566,37.404095],[26.723482,37.403879]],[[26.74946,37.363623],[26.753092,37.363646],[26.758021,37.360253],[26.758309,37.358081],[26.75466,37.357568],[26.749682,37.360972],[26.74946,37.363623]],[[26.770728,37.356799],[26.77012,37.354155],[26.765546,37.351993],[26.762943,37.352572],[26.763436,37.357167],[26.770728,37.356799]],[[26.756688,37.352047],[26.758408,37.350496],[26.756759,37.348943],[26.754542,37.35069],[26.756688,37.352047]],[[26.599944,37.34693],[26.602715,37.347513],[26.606839,37.343752],[26.613824,37.341172],[26.613927,37.33827],[26.611826,37.336181],[26.608784,37.33611],[26.605629,37.338228],[26.602185,37.334624],[26.600359,37.336929],[26.602064,37.338304],[26.600749,37.341219],[26.591599,37.343571],[26.589035,37.346139],[26.585576,37.344939],[26.58256,37.346936],[26.577548,37.347207],[26.574139,37.349807],[26.57044,37.348212],[26.56751,37.351464],[26.56494,37.34949],[26.565925,37.34573],[26.569389,37.344563],[26.568498,37.343487],[26.56222,37.342144],[26.557313,37.343244],[26.556131,37.341782],[26.560431,37.338055],[26.560473,37.331578],[26.55602,37.332254],[26.55524,37.329952],[26.561433,37.327168],[26.560702,37.326126],[26.559116,37.325228],[26.556075,37.326511],[26.552642,37.322868],[26.545268,37.329737],[26.543823,37.32873],[26.543668,37.324821],[26.55151,37.318018],[26.556395,37.31699],[26.559305,37.311278],[26.563037,37.313192],[26.567005,37.309297],[26.56904,37.309557],[26.572691,37.306901],[26.573191,37.301765],[26.56101,37.302124],[26.560054,37.2924],[26.560319,37.288365],[26.562161,37.286881],[26.56856,37.285433],[26.572581,37.282487],[26.571569,37.277501],[26.572698,37.269537],[26.560736,37.270352],[26.559579,37.265927],[26.553606,37.272889],[26.542668,37.274909],[26.541619,37.276604],[26.544941,37.279091],[26.543179,37.281779],[26.544788,37.284573],[26.54942,37.284352],[26.556945,37.287969],[26.554806,37.291468],[26.549517,37.290295],[26.543377,37.293452],[26.540334,37.292783],[26.538415,37.288174],[26.534151,37.286906],[26.527378,37.287544],[26.526023,37.293812],[26.531222,37.295902],[26.529914,37.303291],[26.533275,37.308983],[26.529705,37.31518],[26.532441,37.316468],[26.531662,37.319831],[26.537491,37.32055],[26.536239,37.322803],[26.530636,37.325591],[26.530406,37.327703],[26.535581,37.333062],[26.542143,37.332609],[26.544724,37.334689],[26.543029,37.33832],[26.537571,37.336834],[26.536475,37.344796],[26.533365,37.350303],[26.535317,37.355731],[26.539937,37.354688],[26.540324,37.355815],[26.537343,37.359904],[26.532465,37.361365],[26.533225,37.366273],[26.531674,37.370111],[26.533196,37.378531],[26.544999,37.373222],[26.546029,37.371009],[26.54467,37.367553],[26.54671,37.366423],[26.557179,37.368183],[26.556839,37.37079],[26.561883,37.369441],[26.55939,37.374003],[26.567773,37.375852],[26.568552,37.377385],[26.566883,37.380224],[26.571288,37.377408],[26.577431,37.376663],[26.575243,37.366938],[26.582581,37.365033],[26.587646,37.365637],[26.593349,37.363157],[26.596919,37.365781],[26.595188,37.361471],[26.596775,37.358333],[26.599359,37.357585],[26.599944,37.34693]],[[26.722688,37.34177],[26.722703,37.343937],[26.723433,37.344272],[26.723827,37.341779],[26.722688,37.34177]],[[26.5672,37.337456],[26.564248,37.336932],[26.563939,37.339597],[26.566129,37.338896],[26.5672,37.337456]],[[26.592376,37.338294],[26.592931,37.339716],[26.593937,37.338179],[26.592376,37.338294]],[[26.587211,37.343177],[26.58867,37.34109],[26.586753,37.339864],[26.585645,37.342546],[26.587211,37.343177]],[[26.708632,37.331073],[26.712725,37.334262],[26.716861,37.333001],[26.709732,37.328785],[26.708632,37.331073]],[[27.326496,37.331143],[27.333862,37.329904],[27.333511,37.3235],[27.331735,37.321897],[27.325655,37.325385],[27.327146,37.328504],[27.326496,37.331143]],[[26.737543,37.324556],[26.738382,37.321609],[26.744145,37.319139],[26.742364,37.314297],[26.740044,37.313385],[26.757927,37.305631],[26.773552,37.303923],[26.7771,37.304738],[26.776157,37.306435],[26.780838,37.30964],[26.782311,37.308223],[26.78728,37.308003],[26.792497,37.300001],[26.791333,37.293627],[26.789356,37.292875],[26.790061,37.288658],[26.792315,37.288669],[26.78916,37.286081],[26.789384,37.284148],[26.783986,37.285246],[26.78518,37.277104],[26.7836,37.275313],[26.781162,37.274267],[26.781487,37.276477],[26.777714,37.277227],[26.778105,37.283113],[26.776037,37.281358],[26.771994,37.282348],[26.768391,37.280398],[26.767281,37.275281],[26.764178,37.278196],[26.76268,37.288929],[26.758423,37.291529],[26.762062,37.292387],[26.766385,37.290616],[26.765524,37.292892],[26.767534,37.294782],[26.762938,37.295306],[26.762978,37.2971],[26.75431,37.297379],[26.750434,37.292021],[26.745136,37.290891],[26.739874,37.292619],[26.740038,37.294531],[26.735806,37.297822],[26.736135,37.299816],[26.726158,37.29921],[26.716271,37.301844],[26.715773,37.3032],[26.717965,37.30485],[26.715715,37.306524],[26.715877,37.309578],[26.709334,37.314045],[26.713301,37.315893],[26.710299,37.317049],[26.711423,37.319738],[26.715047,37.320763],[26.71701,37.317436],[26.723514,37.31759],[26.72122,37.319879],[26.723989,37.32175],[26.721194,37.321399],[26.717917,37.324039],[26.721128,37.328138],[26.731555,37.327017],[26.737543,37.324556]],[[26.805385,37.315451],[26.803964,37.31665],[26.80488,37.31898],[26.807011,37.316364],[26.805385,37.315451]],[[26.80169,37.308061],[26.804577,37.307454],[26.803859,37.306582],[26.80169,37.308061]],[[27.090162,37.307536],[27.09266,37.30623],[27.093379,37.303446],[27.098196,37.303103],[27.099957,37.301227],[27.095821,37.296755],[27.091968,37.298169],[27.088673,37.291019],[27.091137,37.288379],[27.09354,37.289574],[27.095894,37.288623],[27.097067,37.282598],[27.10442,37.279809],[27.096503,37.275752],[27.085653,37.274555],[27.080249,37.280478],[27.081061,37.286856],[27.078499,37.289303],[27.082541,37.291],[27.082536,37.294175],[27.079669,37.295706],[27.084624,37.30118],[27.085956,37.305186],[27.090162,37.307536]],[[27.36667,37.284877],[27.370236,37.284956],[27.369421,37.282137],[27.36481,37.279994],[27.36336,37.281001],[27.36667,37.284877]],[[26.799734,37.285653],[26.800885,37.282407],[26.800276,37.281501],[26.797647,37.282909],[26.799734,37.285653]],[[26.80843,37.305878],[26.808408,37.30479],[26.804944,37.306497],[26.80843,37.305878]],[[26.746844,37.27247],[26.744262,37.272062],[26.744735,37.273984],[26.746844,37.27247]],[[26.735826,37.272034],[26.733223,37.270136],[26.730478,37.274034],[26.7407,37.275432],[26.742943,37.273373],[26.742452,37.272219],[26.735826,37.272034]],[[26.748721,37.270366],[26.749231,37.269142],[26.746626,37.268055],[26.744353,37.269055],[26.74478,37.270213],[26.748721,37.270366]],[[26.757591,37.269292],[26.759681,37.267075],[26.757979,37.265381],[26.75583,37.267774],[26.757591,37.269292]],[[26.752619,37.267642],[26.753381,37.265625],[26.75052,37.264046],[26.750616,37.266572],[26.752619,37.267642]],[[23.288249,37.264969],[23.277165,37.258832],[23.273383,37.260202],[23.280672,37.267334],[23.275892,37.273332],[23.279008,37.275638],[23.288113,37.273311],[23.288228,37.271631],[23.282736,37.269479],[23.288249,37.264969]],[[23.3195,37.262366],[23.319942,37.261925],[23.317341,37.260358],[23.3195,37.262366]],[[24.597476,37.260451],[24.607251,37.258181],[24.611815,37.254597],[24.612554,37.251292],[24.609375,37.250558],[24.605137,37.25259],[24.59848,37.252722],[24.585602,37.249757],[24.582803,37.251001],[24.585947,37.252683],[24.586161,37.256645],[24.597476,37.260451]],[[26.714133,37.25374],[26.714292,37.255483],[26.716925,37.256293],[26.7175,37.259452],[26.719356,37.259585],[26.722196,37.254317],[26.719911,37.251914],[26.717378,37.253967],[26.714133,37.25374]],[[26.810576,37.255859],[26.81443,37.255486],[26.812156,37.2541],[26.810576,37.255859]],[[23.163663,37.250109],[23.166851,37.245944],[23.163297,37.243879],[23.163388,37.239421],[23.161072,37.240502],[23.156426,37.235964],[23.144558,37.237118],[23.136351,37.234172],[23.131902,37.239185],[23.128432,37.236053],[23.124844,37.23976],[23.125926,37.240988],[23.123454,37.242098],[23.12296,37.24627],[23.115088,37.248223],[23.116152,37.252898],[23.115096,37.254836],[23.110552,37.254828],[23.110785,37.25679],[23.108988,37.257498],[23.109612,37.26073],[23.104572,37.260029],[23.104402,37.265866],[23.100164,37.266348],[23.099579,37.270403],[23.096112,37.270417],[23.09227,37.276734],[23.101215,37.280805],[23.104506,37.276657],[23.108371,37.276078],[23.111252,37.278052],[23.108272,37.281065],[23.11158,37.280536],[23.114904,37.282578],[23.13437,37.277865],[23.140739,37.274383],[23.143708,37.275176],[23.150419,37.269907],[23.157022,37.268648],[23.15826,37.265625],[23.160797,37.265625],[23.164435,37.261522],[23.166214,37.264176],[23.169072,37.262643],[23.170355,37.255463],[23.165866,37.254317],[23.163663,37.250109]],[[25.926054,37.239434],[25.930207,37.238518],[25.930429,37.237281],[25.925395,37.237633],[25.926054,37.239434]],[[23.366187,37.281684],[23.364576,37.283672],[23.367754,37.286535],[23.375452,37.286435],[23.371277,37.282483],[23.366187,37.281684]],[[23.339636,37.276188],[23.340919,37.278301],[23.342737,37.277484],[23.341414,37.275959],[23.339636,37.276188]],[[23.442322,37.254074],[23.447119,37.25617],[23.452136,37.255525],[23.449125,37.25035],[23.443243,37.251057],[23.442322,37.254074]],[[23.314978,37.260165],[23.312874,37.25935],[23.310769,37.260933],[23.311233,37.261202],[23.314978,37.260165]],[[23.365959,37.274475],[23.366474,37.274011],[23.362031,37.272396],[23.365959,37.274475]],[[23.352586,37.266062],[23.353533,37.267998],[23.355167,37.268642],[23.353666,37.266256],[23.352586,37.266062]],[[26.769293,37.275251],[26.77069,37.279431],[26.77202,37.279309],[26.77158,37.276201],[26.769293,37.275251]],[[26.571936,37.290407],[26.565662,37.291401],[26.565978,37.295018],[26.568556,37.297433],[26.571148,37.295892],[26.571936,37.290407]],[[26.604601,37.302876],[26.601114,37.308828],[26.606093,37.310175],[26.607581,37.308053],[26.604601,37.302876]],[[23.396023,37.292929],[23.39474,37.300951],[23.389654,37.299214],[23.389943,37.297137],[23.3859,37.299382],[23.381009,37.298956],[23.37768,37.2952],[23.374766,37.297368],[23.368023,37.295622],[23.369903,37.298656],[23.363441,37.299245],[23.371777,37.303265],[23.375918,37.302906],[23.380647,37.31151],[23.379887,37.313207],[23.383787,37.314588],[23.383461,37.315766],[23.39148,37.317305],[23.411173,37.325882],[23.413851,37.324725],[23.415434,37.325766],[23.414418,37.327565],[23.421163,37.328149],[23.425461,37.331575],[23.42875,37.33125],[23.430395,37.333514],[23.439375,37.337392],[23.447426,37.344548],[23.455264,37.34639],[23.462617,37.349938],[23.463424,37.352178],[23.466168,37.349776],[23.466761,37.352955],[23.469598,37.353989],[23.478998,37.355165],[23.484968,37.353245],[23.482967,37.355945],[23.483933,37.357259],[23.489231,37.358474],[23.491358,37.357416],[23.493645,37.360395],[23.502364,37.364037],[23.503951,37.363328],[23.507951,37.366209],[23.51808,37.366386],[23.519225,37.36771],[23.517216,37.369564],[23.519052,37.370549],[23.524733,37.369121],[23.524186,37.366811],[23.527598,37.366325],[23.528563,37.364481],[23.53142,37.366004],[23.534898,37.36408],[23.535963,37.361651],[23.538178,37.362576],[23.541942,37.369234],[23.547187,37.371053],[23.551002,37.368178],[23.554843,37.369785],[23.556394,37.367263],[23.560487,37.371203],[23.563507,37.365882],[23.567965,37.363993],[23.576101,37.366585],[23.579036,37.365993],[23.578297,37.363316],[23.573462,37.362869],[23.572272,37.357577],[23.56629,37.354957],[23.562266,37.357335],[23.560114,37.355716],[23.554688,37.356027],[23.549584,37.35271],[23.538885,37.352869],[23.537189,37.349125],[23.530697,37.347985],[23.529124,37.346057],[23.526014,37.346371],[23.522219,37.342679],[23.510589,37.344505],[23.502859,37.341913],[23.501162,37.337519],[23.506982,37.335206],[23.504265,37.332182],[23.505373,37.329544],[23.499423,37.326614],[23.501171,37.32302],[23.499541,37.321023],[23.50391,37.320603],[23.504344,37.318482],[23.50256,37.317569],[23.489317,37.318257],[23.485579,37.316738],[23.48047,37.318341],[23.447504,37.316422],[23.439106,37.31127],[23.440194,37.311019],[23.437641,37.31123],[23.433194,37.303381],[23.420967,37.304137],[23.414227,37.300003],[23.412603,37.300818],[23.410166,37.297528],[23.396023,37.292929]],[[23.389114,37.294555],[23.386475,37.293687],[23.386469,37.295025],[23.389114,37.294555]],[[23.206852,37.305338],[23.203125,37.305616],[23.202195,37.307119],[23.203125,37.307757],[23.206852,37.305338]],[[23.356206,37.306388],[23.357083,37.308011],[23.360491,37.308324],[23.360351,37.307814],[23.356206,37.306388]],[[23.366911,37.308915],[23.365081,37.310362],[23.370826,37.314545],[23.378148,37.315811],[23.374648,37.311704],[23.366911,37.308915]],[[23.308796,37.320168],[23.300239,37.321144],[23.293954,37.328526],[23.287448,37.328461],[23.28275,37.334741],[23.282787,37.339495],[23.28904,37.341988],[23.302771,37.339921],[23.310832,37.340727],[23.316278,37.343362],[23.315424,37.347787],[23.319689,37.346571],[23.324851,37.347328],[23.328034,37.344846],[23.331669,37.344437],[23.331994,37.334566],[23.33758,37.335304],[23.345628,37.343311],[23.342013,37.347841],[23.35097,37.350473],[23.353165,37.349797],[23.350706,37.349155],[23.351142,37.348123],[23.357041,37.347176],[23.354241,37.345065],[23.358767,37.344507],[23.36236,37.341197],[23.362383,37.338599],[23.356603,37.330538],[23.33096,37.321196],[23.314256,37.321615],[23.308796,37.320168]],[[24.392791,37.369427],[24.397379,37.371791],[24.386822,37.377492],[24.390248,37.379331],[24.38703,37.384096],[24.390606,37.388332],[24.388166,37.390713],[24.391394,37.392571],[24.393901,37.390069],[24.396179,37.392838],[24.38822,37.398095],[24.39196,37.399928],[24.398347,37.399619],[24.388919,37.403087],[24.390222,37.40548],[24.388669,37.409487],[24.39017,37.411378],[24.397276,37.412179],[24.393696,37.413983],[24.383609,37.412723],[24.383451,37.415913],[24.378198,37.415339],[24.373038,37.417393],[24.364667,37.416329],[24.362976,37.420596],[24.367759,37.42521],[24.367233,37.428453],[24.372723,37.43043],[24.370736,37.433226],[24.372538,37.437098],[24.379795,37.443366],[24.382708,37.443429],[24.384152,37.44765],[24.387093,37.448549],[24.392434,37.455255],[24.395262,37.45605],[24.39632,37.459581],[24.400814,37.463405],[24.406635,37.467262],[24.408854,37.467179],[24.40902,37.470301],[24.412139,37.470024],[24.426433,37.480487],[24.43602,37.483212],[24.438819,37.482661],[24.437643,37.472856],[24.434864,37.470812],[24.436758,37.469447],[24.436691,37.460364],[24.43445,37.460258],[24.431598,37.45744],[24.430893,37.449046],[24.431965,37.447123],[24.430946,37.445108],[24.42672,37.445349],[24.426644,37.441535],[24.429243,37.442126],[24.43087,37.438349],[24.431888,37.43958],[24.434336,37.438831],[24.431797,37.440883],[24.432785,37.442489],[24.444596,37.439531],[24.444538,37.43748],[24.442103,37.43539],[24.440508,37.429093],[24.441649,37.428291],[24.448339,37.430872],[24.452509,37.430603],[24.458863,37.426564],[24.46207,37.428335],[24.469348,37.427426],[24.469894,37.425053],[24.472108,37.424856],[24.4768,37.413594],[24.485004,37.40723],[24.484786,37.403263],[24.486868,37.399244],[24.485208,37.398795],[24.482624,37.39344],[24.479795,37.390988],[24.476756,37.391788],[24.472625,37.386154],[24.471003,37.388572],[24.472221,37.391483],[24.469973,37.392985],[24.471962,37.395216],[24.46694,37.398135],[24.465094,37.391551],[24.460346,37.390539],[24.45841,37.392813],[24.459675,37.395799],[24.45821,37.395956],[24.45628,37.391133],[24.459311,37.387413],[24.453751,37.387767],[24.456828,37.384716],[24.454532,37.38274],[24.458339,37.381212],[24.459619,37.377854],[24.456183,37.375667],[24.458641,37.374548],[24.455709,37.370369],[24.453518,37.36953],[24.453858,37.371348],[24.452005,37.372998],[24.451954,37.368704],[24.450286,37.367563],[24.450992,37.359883],[24.446069,37.357],[24.445721,37.353881],[24.442847,37.355396],[24.44565,37.348182],[24.443016,37.344335],[24.439439,37.345397],[24.437139,37.342835],[24.434811,37.343577],[24.435119,37.345877],[24.431702,37.3463],[24.432293,37.341586],[24.430739,37.338014],[24.427087,37.336783],[24.432015,37.334804],[24.428399,37.333653],[24.427777,37.331524],[24.422186,37.330626],[24.416129,37.332777],[24.419011,37.328216],[24.416625,37.328265],[24.418033,37.325248],[24.414958,37.32369],[24.41153,37.326179],[24.411896,37.321043],[24.410015,37.31993],[24.411847,37.316426],[24.408512,37.317208],[24.405046,37.315426],[24.401267,37.31691],[24.400264,37.314518],[24.403503,37.312679],[24.400174,37.311028],[24.400259,37.308118],[24.396903,37.309738],[24.396804,37.307118],[24.393679,37.304318],[24.384866,37.305196],[24.385373,37.302577],[24.38224,37.303044],[24.381672,37.300294],[24.377892,37.300482],[24.374705,37.298264],[24.371567,37.298263],[24.367996,37.300641],[24.362553,37.299734],[24.365402,37.304162],[24.360963,37.305338],[24.362573,37.307932],[24.361297,37.311738],[24.367417,37.310328],[24.373406,37.311312],[24.367872,37.314825],[24.373046,37.317538],[24.366995,37.320634],[24.369232,37.323665],[24.368302,37.326349],[24.37221,37.327506],[24.36899,37.328513],[24.370284,37.329562],[24.368969,37.332963],[24.378721,37.334472],[24.373562,37.337758],[24.378636,37.33943],[24.375251,37.340156],[24.380168,37.343818],[24.376068,37.345942],[24.379939,37.347971],[24.378115,37.349308],[24.378989,37.351706],[24.386314,37.351279],[24.38231,37.354529],[24.382808,37.356141],[24.385989,37.357159],[24.386501,37.359095],[24.3892,37.358698],[24.388742,37.360651],[24.391926,37.361754],[24.390679,37.364553],[24.397347,37.361994],[24.399322,37.365656],[24.392791,37.369427]],[[24.365206,37.409987],[24.36452,37.412524],[24.372722,37.414936],[24.381854,37.411717],[24.379951,37.410151],[24.372285,37.411234],[24.365206,37.409987]],[[23.534205,37.434944],[23.531731,37.432955],[23.524056,37.433921],[23.528311,37.435891],[23.529799,37.4384],[23.534205,37.434944]],[[23.535096,37.437956],[23.535143,37.440892],[23.539602,37.439182],[23.540657,37.441879],[23.546801,37.443583],[23.544034,37.438591],[23.541564,37.438978],[23.540705,37.436797],[23.535096,37.437956]],[[23.933571,37.46067],[23.930774,37.463541],[23.923659,37.46571],[23.918593,37.471953],[23.916905,37.477641],[23.904549,37.483176],[23.897041,37.489933],[23.905594,37.491051],[23.907204,37.488309],[23.913405,37.484975],[23.919753,37.485041],[23.923246,37.483021],[23.924337,37.484041],[23.930383,37.48119],[23.934826,37.477296],[23.93556,37.472798],[23.942316,37.463816],[23.942217,37.460675],[23.933571,37.46067]],[[23.476143,37.490547],[23.475244,37.489391],[23.473974,37.489502],[23.474615,37.491183],[23.476143,37.490547]],[[24.872672,37.381076],[24.876378,37.382063],[24.877534,37.381078],[24.875964,37.379867],[24.872672,37.381076]],[[24.872699,37.375921],[24.87457,37.374949],[24.871606,37.37365],[24.871319,37.374418],[24.872699,37.375921]],[[24.52299,37.306747],[24.524306,37.305291],[24.528138,37.305431],[24.531197,37.303149],[24.531071,37.300457],[24.524898,37.298841],[24.521761,37.301527],[24.52299,37.306747]],[[25.21847,37.366974],[25.21403,37.37168],[25.214358,37.374849],[25.215758,37.375763],[25.216622,37.373331],[25.218421,37.373547],[25.220502,37.378747],[25.223696,37.379951],[25.224386,37.383056],[25.231972,37.388257],[25.232725,37.39103],[25.235048,37.391049],[25.233097,37.393993],[25.233354,37.397593],[25.229731,37.402802],[25.225992,37.400486],[25.227239,37.405602],[25.224,37.402066],[25.217489,37.402534],[25.218727,37.3991],[25.215216,37.399402],[25.215798,37.402735],[25.214132,37.405977],[25.211935,37.403885],[25.210051,37.404861],[25.210177,37.406907],[25.213853,37.408684],[25.210726,37.411563],[25.213364,37.412998],[25.212675,37.414715],[25.211617,37.415891],[25.207993,37.414243],[25.200217,37.419953],[25.197926,37.432313],[25.201063,37.431746],[25.202938,37.433159],[25.205253,37.430801],[25.207665,37.432612],[25.208512,37.431477],[25.205812,37.430687],[25.205444,37.428618],[25.210886,37.427735],[25.21347,37.429344],[25.21369,37.425699],[25.215855,37.42713],[25.21585,37.425589],[25.218629,37.425149],[25.221309,37.428113],[25.21776,37.433086],[25.221515,37.435629],[25.221925,37.437679],[25.2198,37.438473],[25.220837,37.440039],[25.226169,37.436667],[25.228528,37.436877],[25.228638,37.435063],[25.22672,37.43383],[25.227531,37.42798],[25.233481,37.427891],[25.232785,37.424446],[25.240026,37.420678],[25.239551,37.417716],[25.236167,37.415352],[25.237017,37.413012],[25.239936,37.411586],[25.240882,37.412942],[25.241573,37.411297],[25.24024,37.408772],[25.238143,37.410675],[25.234497,37.408363],[25.23545,37.403543],[25.232762,37.404202],[25.233968,37.401209],[25.232633,37.399858],[25.237241,37.397022],[25.238079,37.393003],[25.240919,37.390938],[25.253863,37.400902],[25.256053,37.398177],[25.255506,37.394403],[25.257029,37.391913],[25.255408,37.38961],[25.255459,37.382091],[25.254021,37.381238],[25.254936,37.37911],[25.251957,37.37592],[25.250239,37.375916],[25.248727,37.37887],[25.245106,37.376503],[25.242508,37.380285],[25.240659,37.37991],[25.240479,37.386602],[25.239796,37.384924],[25.236815,37.384434],[25.238124,37.384064],[25.23501,37.374346],[25.229244,37.371765],[25.224749,37.372738],[25.21847,37.366974]],[[24.994858,37.391098],[24.992617,37.390636],[24.991434,37.391318],[24.995827,37.394277],[24.994858,37.391098]],[[24.975631,37.422552],[24.967922,37.425735],[24.967451,37.427591],[24.972039,37.431403],[24.976461,37.427473],[24.980454,37.428549],[24.981456,37.423803],[24.978884,37.42306],[24.979303,37.425462],[24.975631,37.422552]],[[24.983672,37.424995],[24.98421,37.426172],[24.987722,37.426728],[24.986097,37.423606],[24.983672,37.424995]],[[25.243132,37.423043],[25.245871,37.422212],[25.243182,37.418549],[25.241867,37.420064],[25.243132,37.423043]],[[25.277569,37.413021],[25.280822,37.411705],[25.279373,37.408864],[25.275818,37.40747],[25.276151,37.402748],[25.27432,37.402437],[25.27949,37.391533],[25.274384,37.385426],[25.277392,37.380289],[25.275015,37.377285],[25.269914,37.376343],[25.269934,37.372648],[25.264748,37.371515],[25.263871,37.368308],[25.262056,37.372066],[25.266335,37.374208],[25.264897,37.380141],[25.266681,37.381763],[25.265637,37.385607],[25.267852,37.387122],[25.264238,37.391965],[25.263829,37.396259],[25.267707,37.399657],[25.264837,37.403608],[25.267827,37.40443],[25.26668,37.406513],[25.268747,37.411693],[25.274053,37.408345],[25.277569,37.413021]],[[25.295151,37.388713],[25.300056,37.394557],[25.300588,37.393161],[25.2979,37.389314],[25.295151,37.388713]],[[25.262961,37.397192],[25.262685,37.393681],[25.259056,37.392191],[25.259716,37.396243],[25.262961,37.397192]],[[25.260315,37.398817],[25.262207,37.402649],[25.264979,37.39986],[25.260315,37.398817]],[[26.713663,37.372651],[26.71795,37.376553],[26.719357,37.372621],[26.718377,37.370581],[26.714467,37.370523],[26.713663,37.372651]],[[26.723712,37.370124],[26.721371,37.371087],[26.721919,37.374043],[26.728419,37.368782],[26.72577,37.367114],[26.727887,37.364512],[26.727033,37.362902],[26.724116,37.364004],[26.723712,37.370124]],[[26.730848,37.362722],[26.730345,37.364644],[26.73184,37.365201],[26.733339,37.362791],[26.730848,37.362722]],[[26.709426,37.361784],[26.710188,37.359812],[26.708412,37.356815],[26.703754,37.356216],[26.696152,37.364627],[26.698784,37.366323],[26.702091,37.365392],[26.698117,37.370805],[26.702537,37.372268],[26.710593,37.367224],[26.712797,37.367519],[26.709426,37.361784]],[[26.747882,37.359698],[26.750849,37.358858],[26.750679,37.357823],[26.748585,37.358132],[26.747882,37.359698]],[[26.741913,37.359346],[26.74371,37.356864],[26.743503,37.356396],[26.741457,37.357376],[26.741913,37.359346]],[[26.487568,37.407412],[26.486755,37.410044],[26.490274,37.412416],[26.497789,37.4103],[26.496755,37.407822],[26.487568,37.407412]],[[25.307227,37.441406],[25.303726,37.441836],[25.303838,37.444046],[25.306787,37.444217],[25.308092,37.442597],[25.307227,37.441406]],[[23.464465,37.494224],[23.462282,37.493466],[23.458535,37.496622],[23.45049,37.499043],[23.454271,37.501784],[23.453327,37.504923],[23.456422,37.506887],[23.445197,37.507638],[23.443521,37.512963],[23.436699,37.514174],[23.43372,37.519346],[23.422292,37.517674],[23.427704,37.522045],[23.424649,37.527186],[23.429212,37.528145],[23.435802,37.524345],[23.446216,37.524916],[23.4569,37.531268],[23.46802,37.532984],[23.470029,37.535874],[23.475397,37.533561],[23.473744,37.536126],[23.475203,37.539895],[23.471426,37.547221],[23.472891,37.549676],[23.472289,37.552713],[23.474498,37.558002],[23.484962,37.560132],[23.476342,37.54509],[23.483469,37.549607],[23.486361,37.546383],[23.48431,37.54419],[23.486033,37.538659],[23.483672,37.535854],[23.48358,37.531316],[23.492005,37.537366],[23.494321,37.534989],[23.496747,37.535338],[23.496637,37.532393],[23.499336,37.535034],[23.499532,37.529722],[23.502849,37.529994],[23.501747,37.527147],[23.504017,37.526382],[23.502825,37.522365],[23.506379,37.524106],[23.507521,37.522769],[23.510085,37.527167],[23.51226,37.527931],[23.514832,37.526976],[23.517563,37.522743],[23.524083,37.524292],[23.524213,37.521054],[23.521865,37.516571],[23.518162,37.515038],[23.513433,37.508526],[23.501498,37.504975],[23.497801,37.501549],[23.495085,37.502274],[23.491444,37.500371],[23.483123,37.504556],[23.476138,37.503529],[23.468051,37.508133],[23.460044,37.506392],[23.458799,37.504625],[23.464465,37.494224]],[[24.275525,37.55341],[24.272953,37.55578],[24.277723,37.559031],[24.275956,37.560245],[24.27981,37.563453],[24.276185,37.564895],[24.280094,37.570493],[24.278965,37.573014],[24.280612,37.576251],[24.278849,37.577897],[24.279422,37.579173],[24.271647,37.577947],[24.271303,37.579761],[24.268906,37.578406],[24.262909,37.580573],[24.262449,37.582371],[24.266174,37.587072],[24.263523,37.59137],[24.269526,37.592109],[24.270074,37.593706],[24.267494,37.595516],[24.271356,37.596853],[24.270453,37.5981],[24.272756,37.597488],[24.276333,37.599488],[24.276188,37.600658],[24.268298,37.602971],[24.270449,37.607514],[24.267899,37.607183],[24.267601,37.608642],[24.271509,37.613489],[24.270194,37.614727],[24.271679,37.617926],[24.276895,37.623064],[24.280687,37.62303],[24.277019,37.627109],[24.280341,37.630328],[24.281802,37.628045],[24.283332,37.628451],[24.28104,37.633039],[24.28365,37.63831],[24.288225,37.637666],[24.286378,37.641915],[24.290904,37.647753],[24.290873,37.653086],[24.293806,37.653669],[24.294398,37.652472],[24.292755,37.656684],[24.29467,37.659615],[24.298419,37.660309],[24.30038,37.658937],[24.300447,37.661958],[24.303615,37.661243],[24.30572,37.663746],[24.307304,37.660274],[24.308104,37.663413],[24.310848,37.663207],[24.31284,37.661862],[24.313184,37.658681],[24.316543,37.658793],[24.318071,37.662806],[24.321548,37.662274],[24.321775,37.667069],[24.32752,37.664934],[24.328387,37.665923],[24.327784,37.668684],[24.325133,37.666739],[24.324775,37.669093],[24.323948,37.667676],[24.319466,37.669879],[24.314443,37.66631],[24.313001,37.667402],[24.315927,37.66859],[24.318216,37.672618],[24.320421,37.671442],[24.321234,37.674546],[24.325587,37.67326],[24.322664,37.677455],[24.327996,37.679145],[24.32581,37.679836],[24.325412,37.681905],[24.328662,37.681979],[24.333153,37.679425],[24.333272,37.683552],[24.337613,37.684304],[24.34077,37.680974],[24.340963,37.68441],[24.344639,37.684487],[24.347464,37.688058],[24.35175,37.688217],[24.350014,37.684017],[24.351809,37.68213],[24.348755,37.675071],[24.351679,37.675277],[24.352801,37.679462],[24.356626,37.680755],[24.357745,37.683842],[24.361964,37.685035],[24.366807,37.683858],[24.368509,37.68161],[24.373629,37.682006],[24.38299,37.676728],[24.386469,37.67705],[24.387445,37.675027],[24.395363,37.675626],[24.395046,37.67116],[24.406783,37.662766],[24.411953,37.653259],[24.411708,37.650949],[24.408029,37.648407],[24.411006,37.646233],[24.408238,37.642861],[24.402511,37.646884],[24.400975,37.645754],[24.403963,37.642159],[24.404332,37.6371],[24.399882,37.635748],[24.401392,37.632563],[24.397173,37.628557],[24.400021,37.628496],[24.398663,37.625988],[24.394713,37.62592],[24.39753,37.623957],[24.394876,37.62119],[24.397193,37.619567],[24.392367,37.618359],[24.392378,37.617188],[24.39457,37.617188],[24.394359,37.61582],[24.391826,37.615071],[24.390953,37.61117],[24.385337,37.608069],[24.388744,37.607826],[24.387877,37.605766],[24.378491,37.599249],[24.3752,37.593375],[24.371082,37.592937],[24.372387,37.590247],[24.36517,37.585058],[24.364399,37.581167],[24.359062,37.578771],[24.360639,37.577521],[24.360075,37.576033],[24.347042,37.565184],[24.344502,37.565163],[24.335791,37.558271],[24.334142,37.557822],[24.333719,37.560266],[24.329917,37.558786],[24.328551,37.553235],[24.326016,37.555249],[24.324713,37.551722],[24.322258,37.552406],[24.322692,37.549812],[24.319419,37.549338],[24.323155,37.547458],[24.321329,37.54621],[24.321348,37.543657],[24.315623,37.541722],[24.311908,37.535941],[24.307559,37.535056],[24.306897,37.530967],[24.300031,37.531433],[24.302323,37.528844],[24.293625,37.522372],[24.288886,37.523959],[24.285732,37.521723],[24.274787,37.522366],[24.273456,37.525624],[24.276062,37.527851],[24.271579,37.528331],[24.27394,37.534781],[24.272009,37.544004],[24.274305,37.549268],[24.272401,37.550867],[24.275525,37.55341]],[[23.508535,37.577173],[23.508161,37.575476],[23.505896,37.575668],[23.506406,37.57658],[23.508535,37.577173]],[[23.962864,37.643913],[23.943398,37.643922],[23.940233,37.644897],[23.935948,37.649316],[23.937669,37.652471],[23.941898,37.655062],[23.941141,37.656864],[23.94562,37.65558],[23.955503,37.657563],[23.958142,37.656741],[23.959796,37.651438],[23.965039,37.648686],[23.96509,37.645704],[23.962864,37.643913]],[[24.10473,37.644039],[24.103613,37.64523],[24.104919,37.649109],[24.103683,37.650607],[24.102444,37.649351],[24.101959,37.65273],[24.100066,37.654097],[24.102185,37.656637],[24.101163,37.659446],[24.104637,37.680056],[24.112266,37.693465],[24.111863,37.695689],[24.11489,37.699331],[24.114805,37.702383],[24.120391,37.714159],[24.120841,37.718494],[24.122395,37.719509],[24.1216,37.722746],[24.123831,37.730885],[24.125554,37.731172],[24.125829,37.739674],[24.129778,37.742296],[24.130705,37.747697],[24.13358,37.747593],[24.137911,37.751871],[24.137571,37.754733],[24.143488,37.757478],[24.145924,37.754826],[24.14556,37.751417],[24.150513,37.741294],[24.15531,37.740877],[24.153485,37.735113],[24.148848,37.733066],[24.154329,37.730628],[24.150436,37.725095],[24.152986,37.72266],[24.151302,37.719513],[24.147303,37.719661],[24.149484,37.718895],[24.148984,37.716742],[24.144789,37.715451],[24.141062,37.71652],[24.141099,37.712978],[24.13667,37.71144],[24.136348,37.705821],[24.134583,37.704031],[24.135281,37.696866],[24.131038,37.696467],[24.128253,37.692227],[24.129542,37.688334],[24.127137,37.689676],[24.125018,37.687241],[24.129642,37.681442],[24.122533,37.678385],[24.124259,37.677016],[24.121931,37.670908],[24.119551,37.667438],[24.11638,37.666999],[24.116652,37.663317],[24.11372,37.663186],[24.115071,37.658737],[24.114179,37.656047],[24.110734,37.654422],[24.107292,37.645536],[24.10473,37.644039]],[[24.981938,37.677977],[24.984641,37.676734],[24.983465,37.669133],[24.987996,37.672666],[24.99463,37.675012],[24.994409,37.666119],[24.998188,37.664608],[25.000852,37.673655],[25.006471,37.677431],[25.007656,37.67607],[25.010341,37.677029],[25.014782,37.675475],[25.015044,37.671949],[25.017054,37.671058],[25.0173,37.674247],[25.020465,37.675138],[25.021237,37.6777],[25.026951,37.678503],[25.032035,37.674877],[25.0323,37.672195],[25.035033,37.669343],[25.035424,37.672283],[25.04025,37.676292],[25.052397,37.675524],[25.0553,37.673653],[25.055954,37.670855],[25.052979,37.666396],[25.054874,37.666639],[25.055697,37.663881],[25.063548,37.662435],[25.061792,37.659685],[25.059476,37.658664],[25.057233,37.659983],[25.05547,37.656302],[25.049098,37.653309],[25.057743,37.652271],[25.058732,37.647014],[25.065925,37.649462],[25.075095,37.649154],[25.079763,37.645506],[25.079766,37.640004],[25.085989,37.647564],[25.089158,37.644003],[25.092854,37.643733],[25.090243,37.648488],[25.091997,37.649261],[25.098523,37.647323],[25.098466,37.650215],[25.099884,37.650907],[25.103754,37.650888],[25.107056,37.648772],[25.112091,37.652984],[25.117876,37.653164],[25.130181,37.644773],[25.129016,37.643383],[25.130598,37.64103],[25.135852,37.642817],[25.138265,37.639412],[25.141833,37.637753],[25.140763,37.629957],[25.144225,37.630568],[25.145087,37.633189],[25.15158,37.631909],[25.150573,37.637737],[25.148072,37.639759],[25.149222,37.641984],[25.170458,37.635398],[25.178053,37.640247],[25.18407,37.6408],[25.189775,37.639298],[25.187757,37.634883],[25.197586,37.635523],[25.206677,37.632891],[25.209047,37.62939],[25.214561,37.628212],[25.218266,37.625429],[25.220085,37.620278],[25.222422,37.622109],[25.224586,37.621748],[25.230711,37.616943],[25.232415,37.620202],[25.236287,37.621274],[25.238819,37.61783],[25.236454,37.613276],[25.237153,37.609956],[25.237875,37.611009],[25.239989,37.609813],[25.242017,37.61297],[25.245184,37.613029],[25.250685,37.610171],[25.253714,37.610657],[25.252229,37.594872],[25.255162,37.591997],[25.253621,37.591718],[25.252065,37.587971],[25.253505,37.582391],[25.251825,37.582489],[25.248911,37.579048],[25.245636,37.570686],[25.243064,37.570563],[25.2419,37.567878],[25.239366,37.567563],[25.235867,37.563175],[25.234329,37.563872],[25.231582,37.559252],[25.232075,37.556547],[25.22942,37.55494],[25.230531,37.552918],[25.227806,37.545295],[25.230971,37.543946],[25.229684,37.541353],[25.233641,37.539706],[25.233137,37.536716],[25.227491,37.533745],[25.219173,37.53533],[25.218634,37.534184],[25.221434,37.532292],[25.220526,37.530796],[25.21564,37.53355],[25.21229,37.532909],[25.209646,37.531701],[25.211221,37.52957],[25.210333,37.528472],[25.200307,37.529668],[25.196953,37.526292],[25.19103,37.525862],[25.189037,37.52434],[25.183754,37.52551],[25.180493,37.529903],[25.170138,37.532031],[25.165421,37.532038],[25.166366,37.531357],[25.163973,37.52936],[25.16209,37.531845],[25.163823,37.536261],[25.160109,37.538965],[25.148388,37.540616],[25.148979,37.545259],[25.147413,37.548451],[25.139307,37.552622],[25.131912,37.552448],[25.129612,37.553793],[25.1257,37.550183],[25.126716,37.548366],[25.125317,37.546661],[25.119486,37.550179],[25.113831,37.549505],[25.114845,37.552561],[25.111877,37.551913],[25.106498,37.555112],[25.108896,37.559573],[25.111338,37.560871],[25.109239,37.567078],[25.112512,37.569759],[25.110666,37.571576],[25.107421,37.569773],[25.102992,37.571047],[25.104277,37.574641],[25.102004,37.57589],[25.102322,37.579154],[25.098752,37.577752],[25.096996,37.581086],[25.093189,37.580383],[25.091372,37.581857],[25.089523,37.579931],[25.085861,37.579846],[25.084127,37.581396],[25.085308,37.587077],[25.074982,37.586303],[25.073046,37.58867],[25.07362,37.591042],[25.069609,37.591561],[25.068427,37.595562],[25.061647,37.592223],[25.060028,37.594965],[25.056069,37.596871],[25.054764,37.603011],[25.0496,37.604698],[25.045117,37.609111],[25.042977,37.614475],[25.030787,37.61464],[25.02966,37.613316],[25.029322,37.622134],[25.026012,37.620903],[25.023393,37.622909],[25.021526,37.621969],[25.018404,37.624754],[25.013923,37.625217],[25.01309,37.631037],[25.011362,37.63018],[25.008385,37.633517],[25.002268,37.634205],[25.001916,37.636686],[24.996781,37.637136],[24.991319,37.642206],[24.992276,37.645005],[24.988459,37.646204],[24.989506,37.64736],[24.986907,37.649378],[24.98721,37.651052],[24.982504,37.651664],[24.983454,37.655565],[24.972974,37.657082],[24.972296,37.658488],[24.974944,37.661112],[24.972853,37.67144],[24.981938,37.677977]],[[25.064403,37.660133],[25.069995,37.661148],[25.066702,37.656869],[25.063857,37.658128],[25.064403,37.660133]],[[25.138668,37.645867],[25.140038,37.64703],[25.139843,37.645003],[25.138668,37.645867]],[[24.755514,37.584529],[24.755183,37.58157],[24.753229,37.581617],[24.74644,37.589893],[24.750462,37.588696],[24.755514,37.584529]],[[24.746619,37.591034],[24.720673,37.595388],[24.715724,37.593237],[24.712961,37.596621],[24.712223,37.594322],[24.706017,37.593792],[24.705566,37.596146],[24.70314,37.595202],[24.690591,37.598995],[24.672287,37.601199],[24.659857,37.600182],[24.657399,37.602755],[24.649843,37.605192],[24.651881,37.606666],[24.655802,37.606975],[24.656413,37.610651],[24.657918,37.610477],[24.658538,37.607084],[24.665206,37.608199],[24.66879,37.60677],[24.678122,37.609531],[24.685237,37.606712],[24.687732,37.610435],[24.691476,37.609795],[24.691109,37.613332],[24.695864,37.613025],[24.702138,37.618062],[24.702928,37.621565],[24.706148,37.623844],[24.704922,37.62599],[24.707098,37.630933],[24.716909,37.628814],[24.723774,37.632423],[24.729695,37.631372],[24.733893,37.635173],[24.735394,37.633417],[24.743335,37.633881],[24.744953,37.63044],[24.741946,37.628733],[24.742751,37.626371],[24.740631,37.621475],[24.742497,37.617718],[24.73875,37.612282],[24.74009,37.609219],[24.735752,37.60784],[24.738601,37.603612],[24.735564,37.60232],[24.7387,37.601396],[24.737823,37.599711],[24.746619,37.591034]],[[23.486747,37.551533],[23.48497,37.551102],[23.483765,37.552056],[23.486153,37.553279],[23.486747,37.551533]],[[23.527665,37.507034],[23.528608,37.509528],[23.5353,37.512856],[23.533739,37.509525],[23.527665,37.507034]],[[26.489639,37.517421],[26.489623,37.5143],[26.48662,37.515942],[26.486316,37.517544],[26.489639,37.517421]],[[26.586374,37.676921],[26.58714,37.678584],[26.588299,37.679503],[26.587786,37.677392],[26.586374,37.676921]],[[26.423509,37.604299],[26.42748,37.605997],[26.430673,37.604218],[26.431469,37.600366],[26.428281,37.597443],[26.423509,37.604299]],[[26.437398,37.599544],[26.43562,37.600878],[26.436785,37.602098],[26.442989,37.602066],[26.44307,37.599187],[26.449193,37.599449],[26.454332,37.594835],[26.453745,37.590572],[26.455677,37.586459],[26.454119,37.581402],[26.458162,37.582007],[26.459201,37.577859],[26.45452,37.574906],[26.456414,37.572141],[26.453056,37.572574],[26.453058,37.568714],[26.450505,37.563795],[26.444914,37.564266],[26.443822,37.565749],[26.436643,37.56481],[26.434742,37.566007],[26.435301,37.568178],[26.440829,37.572286],[26.438075,37.573186],[26.437097,37.575763],[26.438322,37.577453],[26.417655,37.579145],[26.409867,37.573846],[26.407915,37.575731],[26.404991,37.574702],[26.403329,37.579182],[26.400833,37.578404],[26.398517,37.574878],[26.395869,37.575522],[26.396889,37.57918],[26.412771,37.588743],[26.420312,37.590619],[26.425972,37.586735],[26.427132,37.588601],[26.426338,37.593074],[26.429706,37.591473],[26.428711,37.595564],[26.437398,37.599544]],[[26.411677,37.531299],[26.412936,37.533884],[26.42078,37.533862],[26.418724,37.530222],[26.411677,37.531299]],[[24.752296,37.847793],[24.750476,37.843292],[24.747056,37.845613],[24.749346,37.848548],[24.749675,37.854244],[24.752296,37.847793]],[[24.735725,37.850509],[24.733681,37.851805],[24.73636,37.853438],[24.736747,37.852502],[24.735725,37.850509]],[[24.744993,37.851011],[24.744304,37.852267],[24.745174,37.853936],[24.746526,37.852337],[24.744993,37.851011]],[[24.747266,37.857339],[24.74799,37.855321],[24.746057,37.854942],[24.745847,37.856719],[24.747266,37.857339]],[[24.051932,37.870055],[24.05148,37.868455],[24.048167,37.867775],[24.050185,37.87142],[24.051932,37.870055]],[[24.024692,37.881033],[24.02331,37.880059],[24.020743,37.881751],[24.022785,37.881933],[24.024692,37.881033]],[[24.044042,37.881623],[24.041945,37.883875],[24.045932,37.884384],[24.046783,37.881838],[24.044042,37.881623]],[[24.044596,37.916707],[24.040292,37.918611],[24.040597,37.918836],[24.044596,37.916707]],[[24.528338,37.930326],[24.52234,37.934558],[24.518077,37.935598],[24.515858,37.940925],[24.518487,37.942831],[24.522035,37.941408],[24.521653,37.939625],[24.52412,37.938948],[24.524264,37.936642],[24.527086,37.934753],[24.528338,37.930326]],[[24.246609,37.973853],[24.234124,37.977631],[24.228853,37.985336],[24.23038,37.988633],[24.233713,37.990944],[24.231139,37.994838],[24.236542,37.997375],[24.237697,38.003892],[24.241211,38.007953],[24.243289,38.019412],[24.248318,38.017038],[24.250919,38.017517],[24.253335,38.018808],[24.252548,38.022044],[24.256978,38.024773],[24.259411,38.022746],[24.259992,38.019135],[24.271704,38.015488],[24.279635,38.010701],[24.281213,38.008783],[24.280528,38.006365],[24.283974,38.001534],[24.284847,37.993855],[24.281992,37.987774],[24.282799,37.98584],[24.277508,37.985728],[24.279972,37.983418],[24.277529,37.977783],[24.264803,37.976684],[24.258623,37.979576],[24.257617,37.977735],[24.252166,37.983215],[24.251334,37.97782],[24.246609,37.973853]],[[24.266642,38.025539],[24.26598,38.028029],[24.273957,38.029472],[24.275079,38.027087],[24.273738,38.024724],[24.266642,38.025539]],[[24.251201,38.029421],[24.248147,38.027705],[24.246901,38.0314],[24.251412,38.033362],[24.251201,38.029421]],[[24.279668,38.031129],[24.280157,38.035383],[24.285271,38.037366],[24.289405,38.037797],[24.29651,38.034459],[24.297732,38.028953],[24.297073,38.018554],[24.294234,38.009465],[24.284671,38.010364],[24.279452,38.014633],[24.277755,38.018577],[24.280047,38.021002],[24.27774,38.023736],[24.277787,38.026747],[24.28404,38.028664],[24.279668,38.031129]],[[24.255738,38.034065],[24.257336,38.036922],[24.259151,38.03399],[24.255738,38.034065]],[[24.284047,38.003436],[24.285905,38.005347],[24.287887,38.004492],[24.287372,38.003006],[24.284047,38.003436]],[[24.278821,38.047374],[24.278888,38.041927],[24.270087,38.04534],[24.272359,38.049867],[24.278821,38.047374]],[[24.260886,38.047866],[24.264256,38.046765],[24.265072,38.044996],[24.259815,38.046351],[24.260886,38.047866]],[[24.212876,38.084221],[24.214139,38.078969],[24.208101,38.079017],[24.20809,38.080282],[24.212876,38.084221]],[[24.158178,38.083824],[24.153854,38.083115],[24.15381,38.085761],[24.158259,38.090948],[24.160391,38.088019],[24.158178,38.083824]],[[24.163714,38.150798],[24.161316,38.150114],[24.158517,38.152434],[24.157112,38.156974],[24.158388,38.160478],[24.16082,38.160008],[24.160522,38.155731],[24.163714,38.150798]],[[24.165607,38.155615],[24.157677,38.163819],[24.155584,38.169227],[24.152491,38.168604],[24.149678,38.171063],[24.1514,38.173942],[24.149547,38.1754],[24.149552,38.181549],[24.162092,38.179197],[24.176865,38.18279],[24.179127,38.181548],[24.179129,38.177245],[24.176318,38.177385],[24.17435,38.170774],[24.166023,38.17057],[24.169763,38.166946],[24.165948,38.164586],[24.170008,38.15583],[24.165607,38.155615]],[[24.105923,38.182601],[24.101024,38.182361],[24.1011,38.185297],[24.104526,38.184534],[24.105923,38.182601]],[[24.100029,38.185123],[24.096771,38.18252],[24.094863,38.183439],[24.094365,38.186228],[24.096701,38.187626],[24.100029,38.185123]],[[24.143792,38.187624],[24.143222,38.190987],[24.145639,38.190951],[24.146895,38.188709],[24.143792,38.187624]],[[24.16811,38.187957],[24.17124,38.187886],[24.169253,38.185574],[24.167423,38.186665],[24.16811,38.187957]],[[24.147281,38.211049],[24.149619,38.208883],[24.147325,38.208588],[24.144366,38.211262],[24.147281,38.211049]],[[24.111205,38.218206],[24.095815,38.212482],[24.095186,38.213943],[24.100338,38.220562],[24.095582,38.22553],[24.098175,38.228338],[24.098528,38.234255],[24.105459,38.237785],[24.111205,38.218206]],[[24.131657,38.236087],[24.129991,38.237206],[24.130454,38.239423],[24.133551,38.237578],[24.131657,38.236087]],[[24.141901,38.273704],[24.143519,38.27183],[24.142848,38.271108],[24.141353,38.272045],[24.141901,38.273704]],[[24.106102,38.297945],[24.106495,38.295228],[24.105054,38.294667],[24.104791,38.296166],[24.106102,38.297945]],[[24.057942,38.317571],[24.055655,38.318481],[24.056292,38.320552],[24.05844,38.320313],[24.057942,38.317571]],[[23.799337,38.380597],[23.799016,38.383919],[23.801835,38.385551],[23.800348,38.383668],[23.799337,38.380597]],[[23.814327,38.381348],[23.812725,38.386016],[23.813195,38.386195],[23.815853,38.385501],[23.814327,38.381348]],[[23.604097,38.44696],[23.605812,38.445444],[23.602917,38.443058],[23.602198,38.445707],[23.604097,38.44696]],[[23.389859,38.521377],[23.387767,38.51914],[23.385335,38.520055],[23.386913,38.52099],[23.389859,38.521377]],[[23.096421,38.682875],[23.098213,38.680442],[23.104027,38.678396],[23.100732,38.676602],[23.103087,38.671875],[23.09793,38.670585],[23.09845,38.666458],[23.092331,38.664706],[23.087409,38.665491],[23.0884,38.670498],[23.090582,38.671875],[23.089918,38.679245],[23.093271,38.682759],[23.096421,38.682875]],[[22.821375,38.809379],[22.822717,38.808258],[22.821924,38.806933],[22.819841,38.807919],[22.821375,38.809379]],[[22.823311,38.821455],[22.820347,38.816506],[22.81169,38.826761],[22.817525,38.827795],[22.823311,38.821455]],[[23.066587,39.005827],[23.059283,39.009449],[23.064182,39.010816],[23.069973,39.008948],[23.073574,39.011719],[23.077034,39.009694],[23.066587,39.005827]],[[24.059608,39.033218],[24.061958,39.037997],[24.064422,39.037094],[24.061211,39.031804],[24.059608,39.033218]],[[24.46601,39.021649],[24.469504,39.021052],[24.469654,39.01604],[24.46689,39.016079],[24.46601,39.021649]],[[24.485564,39.006444],[24.489208,39.004126],[24.48366,39.001002],[24.481916,39.004179],[24.485564,39.006444]],[[23.441376,38.954015],[23.441437,38.95533],[23.444462,38.955212],[23.44309,38.954054],[23.441376,38.954015]],[[24.451437,38.930379],[24.45582,38.931091],[24.457748,38.929786],[24.455801,38.928059],[24.451437,38.930379]],[[24.462474,38.914046],[24.463339,38.916016],[24.464219,38.915964],[24.464371,38.914164],[24.462474,38.914046]],[[24.434295,38.868188],[24.432406,38.870666],[24.434287,38.87313],[24.440734,38.873371],[24.442194,38.871262],[24.441547,38.869221],[24.434295,38.868188]],[[24.354167,38.850104],[24.358773,38.848505],[24.359346,38.845814],[24.36571,38.842169],[24.368591,38.841682],[24.370207,38.843632],[24.373102,38.840071],[24.373194,38.834163],[24.370291,38.831803],[24.366289,38.833674],[24.365845,38.831017],[24.360581,38.829843],[24.357108,38.825729],[24.345887,38.830313],[24.344322,38.829422],[24.342069,38.832585],[24.34291,38.835025],[24.341123,38.836506],[24.346809,38.841384],[24.345705,38.844653],[24.349273,38.84449],[24.348269,38.846948],[24.354167,38.850104]],[[24.500541,38.838721],[24.507232,38.838995],[24.508886,38.834816],[24.505537,38.822639],[24.500892,38.821378],[24.49891,38.817364],[24.494377,38.815578],[24.496823,38.8088],[24.492992,38.803991],[24.493598,38.799412],[24.490806,38.797256],[24.484265,38.801474],[24.483088,38.804909],[24.48071,38.803894],[24.478637,38.804882],[24.477934,38.808711],[24.481437,38.812511],[24.48186,38.816043],[24.486599,38.818673],[24.488145,38.822772],[24.491627,38.825094],[24.49208,38.829203],[24.497416,38.832121],[24.500541,38.838721]],[[24.527844,38.797627],[24.52557,38.795107],[24.522398,38.796385],[24.527844,38.797627]],[[24.433702,38.836699],[24.43548,38.83636],[24.433844,38.820289],[24.427328,38.828561],[24.433702,38.836699]],[[24.510728,38.789608],[24.513705,38.789644],[24.515345,38.787469],[24.512231,38.78741],[24.510728,38.789608]],[[24.590421,38.759508],[24.589409,38.762699],[24.580885,38.763952],[24.578354,38.767034],[24.583578,38.769282],[24.592246,38.767248],[24.593781,38.766007],[24.591902,38.763273],[24.593897,38.759758],[24.590421,38.759508]],[[23.332187,39.043752],[23.329744,39.045795],[23.334377,39.050502],[23.341509,39.048961],[23.34044,39.046348],[23.336398,39.044055],[23.333406,39.044885],[23.332187,39.043752]],[[24.079102,39.044681],[24.076965,39.04618],[24.08003,39.047562],[24.079794,39.050633],[24.083541,39.05508],[24.084528,39.049218],[24.079102,39.044681]],[[24.099807,39.053757],[24.098393,39.055607],[24.104017,39.062484],[24.113736,39.067156],[24.10907,39.069857],[24.107957,39.072961],[24.10253,39.075168],[24.103854,39.07671],[24.102757,39.082292],[24.10491,39.085848],[24.100579,39.087788],[24.099791,39.092794],[24.106083,39.100211],[24.110988,39.100214],[24.111062,39.103125],[24.116724,39.105074],[24.12068,39.099491],[24.116896,39.096125],[24.118777,39.0951],[24.120913,39.088669],[24.119596,39.086933],[24.120239,39.08422],[24.117502,39.082859],[24.117005,39.080664],[24.118296,39.079945],[24.115428,39.075902],[24.117401,39.073097],[24.12227,39.075043],[24.123619,39.072992],[24.127699,39.073128],[24.122102,39.068445],[24.122479,39.06617],[24.127022,39.067091],[24.12762,39.065667],[24.122557,39.05862],[24.117754,39.059986],[24.114133,39.056894],[24.111214,39.060014],[24.105762,39.057141],[24.103853,39.053831],[24.099807,39.053757]],[[24.095687,39.06827],[24.090922,39.067483],[24.091556,39.071574],[24.095845,39.074848],[24.101248,39.073793],[24.101263,39.070824],[24.097417,39.071344],[24.095687,39.06827]],[[23.722172,39.069664],[23.720935,39.068043],[23.720313,39.071411],[23.706062,39.073419],[23.709349,39.083204],[23.699682,39.085452],[23.697823,39.088937],[23.694323,39.085664],[23.682877,39.085629],[23.680686,39.084116],[23.665125,39.085949],[23.661553,39.085948],[23.659093,39.084037],[23.652109,39.085247],[23.653903,39.088273],[23.658397,39.089449],[23.658196,39.093668],[23.654219,39.099755],[23.655865,39.103709],[23.655362,39.108067],[23.65941,39.108604],[23.660943,39.105134],[23.662559,39.111477],[23.650746,39.111838],[23.649902,39.11386],[23.654014,39.117983],[23.654647,39.121806],[23.643634,39.132143],[23.643386,39.138532],[23.628563,39.144829],[23.625089,39.144694],[23.626056,39.147415],[23.62354,39.156222],[23.619899,39.161836],[23.615093,39.162879],[23.617402,39.164619],[23.614784,39.166488],[23.614478,39.164141],[23.612543,39.164024],[23.612034,39.166881],[23.606831,39.171428],[23.605264,39.178195],[23.60003,39.186897],[23.589856,39.196326],[23.588282,39.203889],[23.591466,39.207676],[23.597022,39.210628],[23.610426,39.211361],[23.614407,39.207593],[23.614469,39.198212],[23.621734,39.197082],[23.624514,39.194537],[23.629269,39.19628],[23.629833,39.193721],[23.63534,39.192383],[23.636042,39.185717],[23.639915,39.179438],[23.642707,39.179026],[23.643874,39.176439],[23.646972,39.177158],[23.64969,39.17503],[23.652457,39.176016],[23.651313,39.171707],[23.660597,39.16826],[23.662721,39.165357],[23.669449,39.165424],[23.682788,39.157413],[23.689578,39.159809],[23.693853,39.158855],[23.698508,39.154042],[23.703635,39.152537],[23.705522,39.153442],[23.70784,39.149532],[23.71445,39.149655],[23.713893,39.148629],[23.717713,39.14447],[23.717498,39.147238],[23.721522,39.1478],[23.724059,39.145644],[23.724605,39.140358],[23.729127,39.136327],[23.723185,39.131816],[23.723338,39.129111],[23.730853,39.124677],[23.729234,39.122185],[23.732597,39.119174],[23.739251,39.120682],[23.740741,39.127249],[23.742549,39.129838],[23.745155,39.130507],[23.767552,39.128764],[23.782821,39.129718],[23.786442,39.127171],[23.786838,39.124859],[23.793172,39.122992],[23.792712,39.120238],[23.786573,39.114944],[23.78387,39.106444],[23.766749,39.087569],[23.757479,39.088123],[23.751919,39.081854],[23.746739,39.084543],[23.740421,39.080865],[23.738976,39.078688],[23.740873,39.078074],[23.74069,39.07662],[23.736449,39.07535],[23.732796,39.071604],[23.722172,39.069664]],[[23.627836,39.112892],[23.625025,39.11275],[23.624322,39.114526],[23.626199,39.114747],[23.627836,39.112892]],[[23.498129,39.114955],[23.494532,39.118381],[23.495113,39.122082],[23.493706,39.123921],[23.49501,39.126252],[23.493072,39.127711],[23.496307,39.129978],[23.501227,39.130219],[23.504504,39.12621],[23.504556,39.118903],[23.507998,39.115991],[23.498129,39.114955]],[[23.481889,39.126832],[23.484334,39.124558],[23.483491,39.123507],[23.477858,39.125089],[23.478284,39.126489],[23.481889,39.126832]],[[23.460859,39.127],[23.447488,39.129505],[23.446704,39.134894],[23.443443,39.138068],[23.445694,39.139876],[23.444976,39.141099],[23.436794,39.141332],[23.426245,39.135783],[23.419932,39.139654],[23.414387,39.139323],[23.409814,39.145045],[23.404269,39.148677],[23.400809,39.147704],[23.394271,39.14061],[23.390291,39.140496],[23.389235,39.14277],[23.391815,39.146658],[23.390951,39.153015],[23.386233,39.156552],[23.386878,39.159223],[23.389311,39.159142],[23.392091,39.163897],[23.398901,39.166487],[23.397466,39.168913],[23.398713,39.169986],[23.401534,39.170596],[23.401639,39.168406],[23.406322,39.167168],[23.416749,39.173969],[23.426271,39.173709],[23.428411,39.176703],[23.443606,39.181723],[23.444231,39.184658],[23.441674,39.187612],[23.442933,39.194378],[23.441,39.197774],[23.443365,39.199219],[23.450948,39.199219],[23.456804,39.204919],[23.46237,39.214265],[23.462727,39.208189],[23.476851,39.208004],[23.482827,39.20616],[23.483773,39.204129],[23.493934,39.20004],[23.495046,39.193774],[23.49966,39.192315],[23.50505,39.194328],[23.507881,39.186998],[23.512821,39.187407],[23.511472,39.181832],[23.515844,39.179012],[23.51427,39.17591],[23.515204,39.169317],[23.506272,39.157189],[23.500281,39.157168],[23.501916,39.169037],[23.493744,39.165378],[23.492626,39.163007],[23.493722,39.161705],[23.49158,39.160096],[23.490101,39.160849],[23.488289,39.158496],[23.480536,39.16231],[23.475353,39.159677],[23.469109,39.153034],[23.468822,39.147739],[23.464519,39.146616],[23.463805,39.14291],[23.458217,39.140038],[23.461075,39.137184],[23.465523,39.136924],[23.463557,39.133985],[23.465415,39.129828],[23.460859,39.127]],[[23.880178,39.212066],[23.885893,39.21942],[23.882928,39.221635],[23.889185,39.223256],[23.890908,39.220774],[23.893329,39.220714],[23.896366,39.225193],[23.899919,39.225118],[23.905655,39.229627],[23.909261,39.229412],[23.914776,39.236714],[23.911779,39.243193],[23.915339,39.24541],[23.915321,39.249344],[23.918421,39.256158],[23.925089,39.258961],[23.930815,39.263655],[23.937511,39.275002],[23.936382,39.278052],[23.94336,39.28142],[23.94463,39.287241],[23.94871,39.289264],[23.949141,39.292355],[23.954805,39.293872],[23.953946,39.2894],[23.956972,39.289388],[23.956055,39.285666],[23.959063,39.281342],[23.94842,39.272442],[23.944567,39.271564],[23.951519,39.272195],[23.951507,39.27368],[23.957935,39.275949],[23.959176,39.272367],[23.961922,39.274218],[23.96629,39.271491],[23.97393,39.272995],[23.978622,39.270718],[23.979409,39.269164],[23.978117,39.268183],[23.983456,39.268552],[23.984645,39.265243],[23.981318,39.262496],[23.9785,39.255008],[23.973924,39.252973],[23.974512,39.25016],[23.967557,39.245433],[23.960765,39.236634],[23.954914,39.233047],[23.950421,39.226606],[23.946033,39.223957],[23.946344,39.219132],[23.942716,39.218066],[23.939739,39.212523],[23.931087,39.205162],[23.929909,39.198832],[23.926739,39.1952],[23.929262,39.19261],[23.926339,39.191291],[23.926009,39.188519],[23.927672,39.187586],[23.925838,39.185796],[23.92666,39.184104],[23.92189,39.180894],[23.922697,39.179055],[23.921289,39.176571],[23.914998,39.172408],[23.908389,39.173429],[23.910614,39.171277],[23.909049,39.169407],[23.89971,39.169001],[23.901036,39.166852],[23.908379,39.165002],[23.907188,39.162392],[23.90287,39.163188],[23.905745,39.160809],[23.895539,39.162076],[23.894783,39.158953],[23.89089,39.157404],[23.887106,39.160448],[23.882073,39.155519],[23.883446,39.152843],[23.881784,39.151475],[23.883829,39.151334],[23.882504,39.148698],[23.875834,39.147097],[23.872962,39.148361],[23.872481,39.145492],[23.869169,39.145373],[23.867385,39.142322],[23.864301,39.14289],[23.870789,39.137558],[23.85821,39.134601],[23.853692,39.130553],[23.848674,39.131986],[23.846932,39.136968],[23.843601,39.140255],[23.839154,39.140186],[23.837237,39.142085],[23.829633,39.138775],[23.827589,39.148464],[23.831,39.154514],[23.836411,39.157178],[23.839685,39.156935],[23.842986,39.15971],[23.848616,39.158308],[23.85801,39.170732],[23.861228,39.168913],[23.867203,39.169085],[23.869548,39.170167],[23.869566,39.171871],[23.875726,39.172851],[23.876295,39.176834],[23.879095,39.176628],[23.877314,39.181432],[23.873812,39.18135],[23.870511,39.183928],[23.871323,39.186523],[23.868925,39.188627],[23.874517,39.189343],[23.875386,39.19661],[23.866203,39.202176],[23.869026,39.205561],[23.876925,39.206974],[23.880334,39.209965],[23.880178,39.212066]],[[24.069348,39.292765],[24.065429,39.294227],[24.059802,39.299853],[24.051139,39.300832],[24.047666,39.303594],[24.048849,39.308229],[24.053897,39.31125],[24.05547,39.314006],[24.06156,39.312011],[24.060437,39.314488],[24.063007,39.315114],[24.066773,39.312623],[24.064748,39.316648],[24.058495,39.318476],[24.056721,39.323623],[24.053567,39.322084],[24.051945,39.323058],[24.051305,39.320698],[24.04701,39.317997],[24.041955,39.317809],[24.041149,39.32236],[24.039539,39.32338],[24.043743,39.326571],[24.043932,39.33293],[24.04745,39.33254],[24.041944,39.336394],[24.045431,39.338493],[24.0448,39.341605],[24.049434,39.347571],[24.051589,39.353406],[24.056324,39.357714],[24.059315,39.357581],[24.06071,39.363122],[24.063441,39.365754],[24.070397,39.369372],[24.074845,39.368052],[24.077003,39.369637],[24.078256,39.365934],[24.077502,39.361791],[24.079581,39.362714],[24.080871,39.36086],[24.079383,39.358117],[24.077022,39.357487],[24.074945,39.351492],[24.077255,39.354349],[24.081357,39.355732],[24.083789,39.350809],[24.087503,39.355592],[24.090831,39.355539],[24.093823,39.353262],[24.09216,39.34529],[24.093619,39.347833],[24.099378,39.349783],[24.099283,39.342209],[24.095027,39.329436],[24.097388,39.327158],[24.092868,39.325114],[24.095835,39.323293],[24.095765,39.315035],[24.097534,39.31286],[24.094836,39.307274],[24.088699,39.304313],[24.087916,39.300801],[24.084671,39.299465],[24.07997,39.300241],[24.069348,39.292765]],[[24.041332,39.313782],[24.038266,39.310588],[24.033875,39.311098],[24.037444,39.315113],[24.040742,39.315471],[24.041332,39.313782]],[[24.317309,39.359503],[24.319764,39.361797],[24.322726,39.369065],[24.331928,39.369437],[24.334436,39.362677],[24.333427,39.358082],[24.331392,39.356109],[24.333737,39.351679],[24.327598,39.337899],[24.327475,39.333004],[24.323917,39.330516],[24.315882,39.332784],[24.311564,39.337337],[24.312731,39.341582],[24.315262,39.34414],[24.315677,39.348757],[24.319248,39.349776],[24.317309,39.359503]],[[26.140991,39.333],[26.140715,39.334387],[26.144964,39.336311],[26.148882,39.33218],[26.147594,39.330382],[26.143096,39.333274],[26.140991,39.333]],[[24.139302,39.336056],[24.133847,39.338984],[24.134876,39.339991],[24.13184,39.341572],[24.131459,39.344135],[24.133133,39.345224],[24.131011,39.348312],[24.133894,39.349006],[24.144108,39.3434],[24.145369,39.337515],[24.139302,39.336056]],[[24.123152,39.354132],[24.122463,39.351907],[24.11935,39.352283],[24.118952,39.355303],[24.123152,39.354132]],[[23.972409,39.199864],[23.971763,39.204929],[23.969113,39.205648],[23.969634,39.207899],[23.96665,39.209285],[23.969269,39.211873],[23.963227,39.214738],[23.964784,39.217462],[23.961761,39.217937],[23.961398,39.219602],[23.967809,39.222652],[23.966864,39.224589],[23.96919,39.22669],[23.967912,39.229246],[23.97113,39.23842],[23.970382,39.239766],[23.972423,39.240448],[23.973833,39.23831],[23.977564,39.237081],[23.978558,39.233849],[23.977244,39.230495],[23.982313,39.230874],[23.979463,39.216998],[23.98223,39.208967],[23.989284,39.213812],[23.993046,39.213223],[23.988282,39.203298],[23.987711,39.199676],[23.989194,39.198364],[23.986667,39.196529],[23.987849,39.194557],[23.98577,39.192977],[23.98191,39.193625],[23.979866,39.191012],[23.98496,39.189955],[23.984645,39.187345],[23.98803,39.185519],[23.986541,39.177015],[23.98332,39.172903],[23.985402,39.165286],[23.978202,39.16356],[23.974626,39.166171],[23.972215,39.163825],[23.969072,39.163884],[23.966646,39.165314],[23.9678,39.16626],[23.966427,39.168398],[23.968335,39.170574],[23.966683,39.170732],[23.956151,39.163577],[23.953827,39.164101],[23.953508,39.166233],[23.949426,39.167345],[23.951998,39.171283],[23.94328,39.171777],[23.937555,39.180479],[23.939295,39.183089],[23.941996,39.185375],[23.95418,39.186691],[23.961982,39.189769],[23.963885,39.192067],[23.973026,39.191323],[23.977992,39.195665],[23.977533,39.200468],[23.972409,39.199864]],[[23.998106,39.232285],[23.998146,39.236719],[24.00058,39.236556],[24.002223,39.227748],[24.007281,39.22695],[23.998327,39.223168],[23.994969,39.226651],[23.994938,39.229243],[23.998106,39.232285]],[[25.841295,39.227503],[25.843905,39.22568],[25.838866,39.216591],[25.838136,39.21251],[25.839774,39.207015],[25.83786,39.203386],[25.831164,39.211827],[25.83379,39.21735],[25.836787,39.217648],[25.838538,39.221052],[25.837165,39.221687],[25.841295,39.227503]],[[25.82144,39.198247],[25.820464,39.199917],[25.821733,39.201182],[25.822194,39.199219],[25.82144,39.198247]],[[23.992759,39.131622],[23.992641,39.123747],[23.990818,39.121251],[23.98571,39.120638],[23.984347,39.127054],[23.992759,39.131622]],[[23.980234,39.123572],[23.985146,39.117978],[23.983546,39.11515],[23.983396,39.106182],[23.980101,39.103026],[23.975855,39.104473],[23.972611,39.111957],[23.978615,39.117358],[23.978157,39.11958],[23.980234,39.123572]],[[24.095382,39.106333],[24.098867,39.104835],[24.095935,39.10257],[24.095382,39.106333]],[[24.100349,39.103942],[24.103228,39.103719],[24.104105,39.102215],[24.099055,39.099667],[24.095901,39.101018],[24.100349,39.103942]],[[23.804725,39.138552],[23.806324,39.136458],[23.803995,39.131181],[23.795404,39.131927],[23.80038,39.138837],[23.804725,39.138552]],[[23.806833,39.139926],[23.808008,39.141919],[23.813545,39.143239],[23.809749,39.139191],[23.806833,39.139926]],[[23.861584,39.199219],[23.859675,39.202471],[23.862314,39.203346],[23.865481,39.202031],[23.861584,39.199219]],[[23.518272,39.167207],[23.518394,39.173316],[23.523064,39.173915],[23.524258,39.171157],[23.518272,39.167207]],[[23.517545,39.156145],[23.519822,39.152136],[23.522282,39.151321],[23.52301,39.147281],[23.518206,39.145142],[23.512275,39.153599],[23.517545,39.156145]],[[23.525433,39.145984],[23.526597,39.148447],[23.531716,39.147432],[23.52965,39.146045],[23.525433,39.145984]],[[23.503194,39.153037],[23.50221,39.14968],[23.497704,39.149674],[23.498812,39.151965],[23.503194,39.153037]],[[23.632776,39.115297],[23.63248,39.117925],[23.635306,39.120257],[23.640186,39.118431],[23.643305,39.114827],[23.640407,39.113049],[23.632776,39.115297]],[[26.077107,39.077277],[26.079722,39.07398],[26.077368,39.074892],[26.077107,39.077277]],[[26.104752,39.103872],[26.103794,39.102688],[26.101495,39.104467],[26.102952,39.105173],[26.104752,39.103872]],[[26.568648,39.383082],[26.571756,39.385122],[26.575416,39.381048],[26.570011,39.378139],[26.568648,39.383082]],[[26.595045,39.350414],[26.600377,39.348765],[26.601565,39.344213],[26.593395,39.344098],[26.591066,39.345361],[26.585895,39.343129],[26.586311,39.348967],[26.595045,39.350414]],[[26.579989,39.339656],[26.573219,39.333198],[26.575307,39.338211],[26.574578,39.341199],[26.577364,39.34483],[26.579989,39.339656]],[[26.600682,39.333232],[26.595436,39.336737],[26.602091,39.34237],[26.606545,39.342913],[26.613701,39.336057],[26.612901,39.333295],[26.600682,39.333232]],[[23.066254,39.150055],[23.064522,39.150734],[23.066124,39.152697],[23.06384,39.15407],[23.065722,39.155757],[23.064883,39.157128],[23.069866,39.158186],[23.070838,39.161066],[23.070155,39.16239],[23.066424,39.162353],[23.068378,39.166516],[23.073617,39.166906],[23.073523,39.16882],[23.075366,39.170025],[23.076712,39.168961],[23.073983,39.164499],[23.078626,39.164788],[23.081681,39.167045],[23.094916,39.16829],[23.0892,39.161793],[23.090849,39.158496],[23.086504,39.158813],[23.080085,39.153188],[23.076407,39.153336],[23.071777,39.151067],[23.069445,39.152149],[23.066254,39.150055]],[[23.207279,39.170423],[23.209381,39.170364],[23.210213,39.163085],[23.208982,39.159734],[23.203125,39.156808],[23.197853,39.151198],[23.195788,39.151816],[23.197416,39.156517],[23.203125,39.158761],[23.202838,39.161133],[23.205471,39.162562],[23.207279,39.170423]],[[22.902137,39.173557],[22.901182,39.172827],[22.900981,39.177519],[22.902137,39.173557]],[[23.052325,39.175927],[23.052087,39.179004],[23.048033,39.179187],[23.054501,39.183787],[23.055451,39.181823],[23.053759,39.179648],[23.05583,39.176883],[23.052325,39.175927]],[[23.099661,38.644127],[23.099756,38.646643],[23.101329,38.6476],[23.123232,38.644606],[23.120193,38.641095],[23.115039,38.640615],[23.11127,38.634798],[23.107211,38.633109],[23.101671,38.633682],[23.108285,38.637543],[23.103623,38.639543],[23.099661,38.644127]],[[23.122742,38.635455],[23.124242,38.637325],[23.12556,38.63573],[23.122742,38.635455]],[[23.504045,38.486918],[23.500366,38.493318],[23.502393,38.495837],[23.504193,38.495318],[23.50595,38.490077],[23.505989,38.487589],[23.504045,38.486918]],[[23.342008,37.67304],[23.33995,37.672031],[23.324722,37.675091],[23.323758,37.676983],[23.325794,37.678418],[23.322944,37.680423],[23.320871,37.685289],[23.323633,37.685189],[23.322644,37.68687],[23.324723,37.687912],[23.326454,37.69504],[23.340297,37.711392],[23.346336,37.714071],[23.351899,37.710721],[23.365677,37.71116],[23.373472,37.703527],[23.374364,37.693859],[23.360767,37.687233],[23.351455,37.685947],[23.351702,37.682979],[23.34488,37.679635],[23.342008,37.67304]],[[23.317489,37.684842],[23.319263,37.677129],[23.309541,37.678756],[23.315258,37.684354],[23.317489,37.684842]],[[23.255005,37.697343],[23.254159,37.703669],[23.251953,37.705268],[23.258482,37.704862],[23.263422,37.709144],[23.270406,37.709415],[23.268622,37.701133],[23.266421,37.701729],[23.264455,37.698674],[23.255005,37.697343]],[[23.23841,37.703648],[23.237501,37.701059],[23.234618,37.702335],[23.235362,37.703019],[23.23841,37.703648]],[[23.462752,37.711669],[23.462859,37.714728],[23.457315,37.72065],[23.434698,37.728407],[23.429993,37.740133],[23.430795,37.742053],[23.425555,37.747309],[23.426257,37.749013],[23.423747,37.749509],[23.424623,37.751943],[23.423469,37.754591],[23.419747,37.755641],[23.418435,37.762793],[23.42585,37.767522],[23.428288,37.766268],[23.43066,37.767547],[23.433235,37.765184],[23.440466,37.764959],[23.453748,37.769051],[23.457016,37.772383],[23.465369,37.771814],[23.469651,37.774898],[23.46999,37.772825],[23.476067,37.771003],[23.480994,37.773981],[23.482378,37.772817],[23.485827,37.774756],[23.492449,37.772067],[23.499442,37.772367],[23.505459,37.774802],[23.515352,37.770753],[23.516152,37.772307],[23.531632,37.773083],[23.536184,37.771015],[23.543026,37.772542],[23.56433,37.769441],[23.565385,37.76313],[23.556489,37.754833],[23.554932,37.744702],[23.54491,37.74608],[23.539381,37.744673],[23.53647,37.742224],[23.536387,37.740094],[23.539951,37.736559],[23.539618,37.732303],[23.542401,37.728756],[23.538359,37.723603],[23.53423,37.723987],[23.529009,37.720704],[23.52847,37.716534],[23.523725,37.713484],[23.521652,37.709559],[23.525022,37.707538],[23.520609,37.701541],[23.525952,37.69322],[23.518066,37.687298],[23.511817,37.689247],[23.502866,37.682104],[23.501776,37.679144],[23.493557,37.678424],[23.491432,37.679898],[23.482358,37.673344],[23.477743,37.673865],[23.477654,37.677257],[23.472679,37.675337],[23.469994,37.676085],[23.470314,37.678819],[23.463725,37.680639],[23.462643,37.685436],[23.44989,37.687794],[23.453926,37.690217],[23.449762,37.693617],[23.459403,37.695239],[23.464008,37.694336],[23.463504,37.697287],[23.468125,37.697983],[23.468364,37.700424],[23.464391,37.703266],[23.465079,37.708011],[23.462752,37.711669]],[[23.378542,37.719364],[23.376388,37.721085],[23.384498,37.726871],[23.389201,37.725717],[23.378542,37.719364]],[[23.173954,37.76389],[23.176287,37.761444],[23.173357,37.759263],[23.171832,37.761642],[23.173954,37.76389]],[[23.756732,37.775162],[23.76728,37.776972],[23.769362,37.774472],[23.766476,37.772991],[23.768089,37.765898],[23.763138,37.763417],[23.757066,37.762906],[23.757315,37.765535],[23.754916,37.765696],[23.754301,37.767191],[23.755734,37.768048],[23.753398,37.769799],[23.759306,37.76964],[23.759478,37.771291],[23.755876,37.772457],[23.756732,37.775162]],[[23.924213,37.717117],[23.926318,37.714849],[23.92329,37.713486],[23.921733,37.714316],[23.924213,37.717117]],[[23.906849,37.71412],[23.90743,37.711643],[23.902568,37.706396],[23.897903,37.705819],[23.894172,37.708647],[23.894306,37.711361],[23.897495,37.713814],[23.901906,37.715116],[23.906849,37.71412]],[[23.429091,37.684003],[23.422997,37.685974],[23.432631,37.694024],[23.43219,37.696844],[23.435047,37.696585],[23.434827,37.694843],[23.43798,37.695813],[23.443341,37.693747],[23.440436,37.689745],[23.429091,37.684003]],[[23.767546,37.780638],[23.768816,37.779595],[23.767684,37.778204],[23.766471,37.779625],[23.767546,37.780638]],[[23.337248,37.797178],[23.324803,37.799155],[23.323211,37.801121],[23.327038,37.804469],[23.337059,37.802244],[23.338357,37.799041],[23.337248,37.797178]],[[23.261229,37.799558],[23.25825,37.800159],[23.257624,37.801329],[23.263114,37.80257],[23.261229,37.799558]],[[23.252017,37.80199],[23.247361,37.800579],[23.243412,37.802341],[23.242677,37.804808],[23.247738,37.805319],[23.23673,37.810122],[23.237352,37.815681],[23.241997,37.815818],[23.247029,37.811011],[23.248763,37.812596],[23.256694,37.813753],[23.254976,37.809038],[23.250248,37.804892],[23.252017,37.80199]],[[23.25712,37.815758],[23.252769,37.819539],[23.251776,37.822709],[23.253365,37.823928],[23.262381,37.826199],[23.268973,37.824867],[23.271677,37.822128],[23.270448,37.820062],[23.264346,37.819106],[23.26271,37.816419],[23.25712,37.815758]],[[23.453194,37.816725],[23.456489,37.81812],[23.457481,37.8174],[23.456122,37.816179],[23.453194,37.816725]],[[23.465663,37.816195],[23.475196,37.81343],[23.472571,37.812152],[23.465109,37.814391],[23.461517,37.81292],[23.465663,37.816195]],[[23.380911,37.812789],[23.386783,37.810866],[23.380775,37.809569],[23.379802,37.811886],[23.380911,37.812789]],[[23.263709,37.810488],[23.263778,37.80846],[23.262267,37.808653],[23.26227,37.809916],[23.263709,37.810488]],[[23.362632,37.814935],[23.359098,37.813728],[23.355906,37.816467],[23.360089,37.816305],[23.362632,37.814935]],[[23.322477,37.804363],[23.323527,37.8065],[23.325528,37.806738],[23.324288,37.804693],[23.322477,37.804363]],[[23.321638,37.803128],[23.320234,37.799901],[23.318973,37.799797],[23.319767,37.801406],[23.321638,37.803128]],[[23.745438,37.834247],[23.743202,37.835445],[23.747915,37.8367],[23.745438,37.834247]],[[23.136198,37.858653],[23.144109,37.86072],[23.146211,37.857589],[23.136198,37.858653]],[[23.083541,37.86595],[23.083482,37.868559],[23.088366,37.866471],[23.083541,37.86595]],[[23.454225,37.877359],[23.450575,37.873073],[23.448131,37.872957],[23.4466,37.875345],[23.443274,37.873744],[23.443533,37.876131],[23.438961,37.876647],[23.439951,37.881539],[23.435823,37.884357],[23.430378,37.884727],[23.428108,37.888642],[23.42216,37.887264],[23.423489,37.889145],[23.421543,37.891348],[23.413387,37.89061],[23.412459,37.892837],[23.406958,37.891823],[23.402045,37.89432],[23.404676,37.898551],[23.409145,37.898523],[23.408954,37.903853],[23.402327,37.907499],[23.40485,37.909825],[23.403708,37.911219],[23.404487,37.913892],[23.406289,37.913605],[23.406991,37.915995],[23.412334,37.919807],[23.405409,37.923198],[23.407785,37.926058],[23.405498,37.929528],[23.413996,37.928254],[23.414458,37.925026],[23.42744,37.929439],[23.441205,37.927941],[23.45409,37.924257],[23.464367,37.923352],[23.469446,37.924572],[23.481618,37.944094],[23.494519,37.956024],[23.49713,37.961148],[23.493826,37.96254],[23.476398,37.961327],[23.46874,37.954416],[23.462727,37.951518],[23.456673,37.951931],[23.453081,37.950506],[23.44067,37.95347],[23.433616,37.956998],[23.42924,37.952043],[23.423808,37.951098],[23.42262,37.954991],[23.415185,37.95688],[23.428566,37.962908],[23.435131,37.962418],[23.446373,37.965158],[23.451308,37.969169],[23.451619,37.972473],[23.44405,37.97433],[23.436681,37.973647],[23.419052,37.977512],[23.41632,37.979764],[23.418643,37.984204],[23.442634,37.984654],[23.448121,37.983325],[23.455055,37.978109],[23.460696,37.977565],[23.465469,37.978786],[23.467413,37.981014],[23.473113,37.980808],[23.474284,37.98267],[23.477371,37.982916],[23.477535,37.986446],[23.46749,37.995959],[23.47638,37.99609],[23.478802,37.997603],[23.477042,37.999296],[23.477562,38.000873],[23.480205,38.000236],[23.487047,38.003275],[23.512567,37.998096],[23.516943,37.995854],[23.521209,37.996539],[23.523671,37.992282],[23.538535,37.984345],[23.539734,37.981365],[23.536887,37.975441],[23.530161,37.97448],[23.532812,37.970757],[23.531611,37.969965],[23.531744,37.96582],[23.526677,37.962645],[23.527444,37.958296],[23.531282,37.957669],[23.53284,37.958869],[23.544348,37.956683],[23.550797,37.952977],[23.547396,37.950934],[23.539139,37.950415],[23.538229,37.948471],[23.54037,37.947114],[23.552518,37.946842],[23.555631,37.945081],[23.566913,37.947184],[23.578416,37.946246],[23.557621,37.94174],[23.550193,37.941954],[23.54583,37.939634],[23.543137,37.94195],[23.539632,37.94038],[23.536748,37.93539],[23.537181,37.931121],[23.53928,37.929599],[23.544365,37.929639],[23.543691,37.927735],[23.545995,37.927001],[23.546339,37.925099],[23.545402,37.923857],[23.539874,37.924894],[23.532823,37.9206],[23.533077,37.917402],[23.53558,37.914153],[23.532711,37.910957],[23.529153,37.911036],[23.52348,37.913906],[23.511849,37.913088],[23.513224,37.910499],[23.516593,37.910122],[23.517529,37.908247],[23.514797,37.903314],[23.517228,37.899546],[23.515703,37.895829],[23.508896,37.89483],[23.505971,37.896643],[23.503661,37.901972],[23.489961,37.900378],[23.484686,37.896427],[23.485891,37.89032],[23.483271,37.888743],[23.486146,37.886642],[23.483743,37.885916],[23.481784,37.889307],[23.479344,37.889702],[23.479308,37.886144],[23.470625,37.886119],[23.468128,37.883993],[23.468268,37.88146],[23.454225,37.877359]],[[23.39636,37.904793],[23.402463,37.90285],[23.399248,37.901329],[23.391601,37.902899],[23.39636,37.904793]],[[23.403125,37.962429],[23.406877,37.959581],[23.396247,37.961222],[23.397087,37.962901],[23.403125,37.962429]],[[23.369092,37.964412],[23.364464,37.963514],[23.362715,37.9649],[23.364518,37.966282],[23.369092,37.964412]],[[23.410369,37.967549],[23.415768,37.968119],[23.426314,37.9658],[23.424455,37.964597],[23.410369,37.967549]],[[23.557351,37.999438],[23.560651,38.000731],[23.566701,37.998062],[23.56251,37.999216],[23.557351,37.999438]],[[23.54095,37.996695],[23.544403,37.994882],[23.540628,37.990593],[23.537303,37.989435],[23.537848,37.986689],[23.534245,37.989778],[23.53405,37.992253],[23.536586,37.99579],[23.54095,37.996695]],[[23.539929,37.960556],[23.534714,37.96269],[23.538602,37.965159],[23.542096,37.964453],[23.542354,37.961546],[23.539929,37.960556]],[[23.591378,37.944505],[23.596765,37.943721],[23.59575,37.942038],[23.592477,37.942075],[23.591651,37.939183],[23.586139,37.936414],[23.580446,37.936752],[23.583283,37.940676],[23.591378,37.944505]],[[23.499891,37.896386],[23.500159,37.895447],[23.497174,37.895621],[23.499891,37.896386]],[[23.363482,37.969559],[23.361027,37.96875],[23.360351,37.970372],[23.361846,37.971007],[23.363482,37.969559]],[[23.142123,37.302609],[23.140661,37.300653],[23.13584,37.301386],[23.137768,37.302807],[23.142123,37.302609]],[[23.06555,37.358101],[23.062661,37.359499],[23.06274,37.361234],[23.065199,37.362176],[23.068345,37.361592],[23.06555,37.358101]],[[23.116343,37.428231],[23.124705,37.426589],[23.125061,37.425647],[23.117271,37.423426],[23.116343,37.428231]],[[22.969574,37.429477],[22.967362,37.432549],[22.973294,37.442494],[22.979374,37.439878],[22.9857,37.441886],[22.99368,37.439021],[22.998059,37.435317],[22.993268,37.433542],[22.969574,37.429477]],[[22.935473,37.493716],[22.937076,37.491782],[22.932201,37.48781],[22.919091,37.489607],[22.917563,37.488654],[22.915852,37.491364],[22.912272,37.492907],[22.910849,37.499874],[22.912008,37.50147],[22.917686,37.502197],[22.925452,37.4986],[22.925325,37.494557],[22.931579,37.492592],[22.935473,37.493716]],[[22.866994,37.501525],[22.864538,37.501706],[22.863557,37.502931],[22.866479,37.503072],[22.866994,37.501525]],[[22.870034,37.502401],[22.865317,37.507524],[22.862071,37.507524],[22.861773,37.505478],[22.857984,37.504219],[22.85734,37.506657],[22.854268,37.508257],[22.857528,37.508539],[22.863254,37.514538],[22.866122,37.51393],[22.869511,37.509125],[22.875982,37.506046],[22.874171,37.502201],[22.870034,37.502401]],[[23.163183,37.232074],[23.167559,37.231276],[23.174834,37.223117],[23.179483,37.220509],[23.180063,37.215302],[23.170222,37.215211],[23.158358,37.223957],[23.157472,37.229379],[23.163183,37.232074]],[[23.189188,37.225345],[23.188749,37.22614],[23.192208,37.225585],[23.189188,37.225345]],[[26.814784,37.218129],[26.815583,37.211317],[26.813815,37.212219],[26.814784,37.218129]],[[26.782287,37.213938],[26.788631,37.21055],[26.787174,37.206049],[26.783219,37.206792],[26.777041,37.203091],[26.776969,37.19839],[26.773182,37.199711],[26.770761,37.198756],[26.769596,37.194634],[26.770713,37.192811],[26.765971,37.194896],[26.765842,37.203166],[26.777033,37.206937],[26.775147,37.209966],[26.770224,37.212374],[26.782287,37.213938]],[[26.819592,37.206102],[26.824543,37.203073],[26.82312,37.200407],[26.818468,37.20234],[26.819592,37.206102]],[[27.549557,37.202428],[27.551601,37.201411],[27.552179,37.197911],[27.550673,37.198345],[27.549557,37.202428]],[[26.810429,37.196507],[26.811784,37.19522],[26.815408,37.196117],[26.817606,37.193769],[26.816086,37.188715],[26.81749,37.187883],[26.822963,37.189637],[26.822326,37.194193],[26.823574,37.19634],[26.831384,37.194057],[26.832264,37.190569],[26.840043,37.190936],[26.850618,37.185974],[26.856977,37.188269],[26.85754,37.186003],[26.855953,37.184295],[26.858665,37.177817],[26.85203,37.175055],[26.85304,37.16953],[26.849626,37.169817],[26.844189,37.167051],[26.838689,37.167201],[26.835717,37.162409],[26.844008,37.15666],[26.847121,37.158429],[26.8513,37.157297],[26.854446,37.159124],[26.854414,37.160645],[26.85614,37.159887],[26.860227,37.161613],[26.864701,37.15749],[26.874506,37.157308],[26.874013,37.151677],[26.87123,37.150037],[26.862953,37.14973],[26.860154,37.145347],[26.862565,37.140546],[26.868541,37.13736],[26.872835,37.137005],[26.876339,37.131234],[26.878618,37.130491],[26.879656,37.131862],[26.88612,37.12586],[26.884612,37.125294],[26.887114,37.119595],[26.890817,37.118482],[26.888705,37.118775],[26.892548,37.112047],[26.888449,37.103556],[26.887852,37.101452],[26.88972,37.09958],[26.888171,37.097644],[26.886094,37.097713],[26.884458,37.10135],[26.880292,37.104707],[26.871728,37.109126],[26.868982,37.107739],[26.87644,37.097204],[26.872258,37.099846],[26.854089,37.095398],[26.845076,37.097301],[26.839466,37.102288],[26.838524,37.106208],[26.832714,37.108221],[26.830861,37.110592],[26.842409,37.115573],[26.851181,37.115184],[26.854557,37.119583],[26.860816,37.118328],[26.856318,37.124106],[26.857277,37.128278],[26.860003,37.129977],[26.852127,37.130708],[26.848908,37.12902],[26.849847,37.127334],[26.846605,37.127151],[26.84416,37.124242],[26.837582,37.124626],[26.82841,37.118885],[26.826676,37.115906],[26.827418,37.113467],[26.823996,37.111573],[26.822072,37.115207],[26.81546,37.115668],[26.813141,37.120349],[26.810114,37.12172],[26.812081,37.123641],[26.808228,37.128917],[26.80706,37.1345],[26.81034,37.135224],[26.814751,37.132903],[26.815603,37.136001],[26.814456,37.135784],[26.814445,37.137707],[26.819684,37.138741],[26.818461,37.142279],[26.831079,37.1451],[26.831422,37.149012],[26.829612,37.15184],[26.825293,37.151297],[26.824574,37.15337],[26.820367,37.153149],[26.817013,37.155327],[26.807408,37.153039],[26.803653,37.15407],[26.801869,37.151592],[26.798251,37.150688],[26.795395,37.154725],[26.796015,37.162553],[26.783509,37.164647],[26.780213,37.167673],[26.774261,37.165057],[26.770876,37.168052],[26.770329,37.172013],[26.764732,37.172765],[26.76672,37.177676],[26.765667,37.1814],[26.768906,37.180799],[26.773086,37.184722],[26.774037,37.189469],[26.777639,37.191493],[26.777848,37.194244],[26.782978,37.195771],[26.786382,37.190921],[26.791808,37.189877],[26.79448,37.186895],[26.79699,37.189231],[26.802113,37.186515],[26.803884,37.189324],[26.808484,37.191728],[26.80616,37.194159],[26.802572,37.19119],[26.796929,37.193668],[26.796209,37.196017],[26.794214,37.196352],[26.794463,37.200814],[26.798985,37.200375],[26.802934,37.202695],[26.806945,37.201458],[26.808301,37.203071],[26.811467,37.200707],[26.810429,37.196507]],[[27.519037,37.196887],[27.521562,37.19706],[27.522883,37.195853],[27.522409,37.195604],[27.519037,37.196887]],[[27.355011,37.176927],[27.359419,37.176064],[27.359871,37.173667],[27.35405,37.172522],[27.355011,37.176927]],[[27.361601,37.173688],[27.362512,37.174982],[27.367737,37.173514],[27.371218,37.169248],[27.37917,37.166873],[27.379203,37.163309],[27.371718,37.161446],[27.367495,37.162427],[27.361601,37.173688]],[[27.531888,37.165213],[27.536353,37.161684],[27.533375,37.16046],[27.535543,37.15165],[27.531071,37.150683],[27.532325,37.148373],[27.531558,37.145511],[27.527981,37.140891],[27.520603,37.141869],[27.518114,37.145116],[27.517076,37.150362],[27.511952,37.1476],[27.508096,37.147604],[27.500999,37.140772],[27.489717,37.141263],[27.497188,37.151645],[27.494519,37.154493],[27.495188,37.156978],[27.500758,37.158173],[27.506576,37.152915],[27.515104,37.159336],[27.517251,37.158949],[27.519884,37.162943],[27.524129,37.16133],[27.527517,37.16288],[27.529454,37.161646],[27.531888,37.165213]],[[26.884928,37.141076],[26.884985,37.145677],[26.891049,37.144343],[26.890798,37.143319],[26.884928,37.141076]],[[27.25658,37.133408],[27.257702,37.132266],[27.25777,37.131464],[27.255579,37.13192],[27.25658,37.133408]],[[26.90765,37.120009],[26.909164,37.119342],[26.909859,37.113939],[26.905691,37.111984],[26.900179,37.116148],[26.901115,37.119519],[26.904868,37.117739],[26.90765,37.120009]],[[26.890194,37.097178],[26.893932,37.094369],[26.890773,37.094289],[26.889352,37.095865],[26.890194,37.097178]],[[25.8339,37.092234],[25.830726,37.093109],[25.830629,37.088894],[25.826687,37.086852],[25.822434,37.092753],[25.811772,37.089194],[25.803933,37.097453],[25.801195,37.094424],[25.80116,37.091878],[25.798466,37.090559],[25.79633,37.09333],[25.795567,37.09972],[25.788176,37.101063],[25.788844,37.105742],[25.786132,37.108423],[25.784601,37.115432],[25.779604,37.118484],[25.777341,37.123839],[25.784303,37.119226],[25.787672,37.121282],[25.791354,37.118671],[25.795025,37.112948],[25.797191,37.113367],[25.799481,37.116454],[25.804404,37.116364],[25.806391,37.117941],[25.80813,37.123543],[25.811875,37.126913],[25.811411,37.134398],[25.813459,37.134648],[25.813224,37.132372],[25.818767,37.130127],[25.820547,37.132181],[25.830441,37.136186],[25.833864,37.133806],[25.831851,37.128485],[25.825416,37.125184],[25.819434,37.12449],[25.822768,37.11889],[25.829706,37.115144],[25.830195,37.112028],[25.835594,37.109981],[25.836367,37.111231],[25.84177,37.109955],[25.837006,37.10596],[25.8339,37.092234]],[[26.883233,37.09029],[26.886678,37.092042],[26.887519,37.087564],[26.890963,37.086803],[26.888778,37.081598],[26.887067,37.083034],[26.886997,37.086673],[26.883233,37.09029]],[[27.236033,37.090606],[27.24126,37.087812],[27.236403,37.086047],[27.232535,37.088614],[27.236033,37.090606]],[[27.213934,37.084884],[27.206753,37.080692],[27.204217,37.083933],[27.206514,37.085234],[27.208563,37.089844],[27.213451,37.089844],[27.213934,37.084884]],[[25.709916,37.07716],[25.705361,37.077127],[25.701802,37.081193],[25.704356,37.084036],[25.709916,37.07716]],[[26.882992,37.076785],[26.889641,37.080325],[26.896626,37.075472],[26.905461,37.073539],[26.906531,37.070275],[26.916038,37.07218],[26.93158,37.065509],[26.937214,37.066373],[26.938508,37.064061],[26.95204,37.058078],[26.951589,37.060355],[26.946038,37.064546],[26.950719,37.06532],[26.959297,37.061383],[26.960824,37.058417],[26.975433,37.052645],[26.978404,37.049406],[26.993818,37.041199],[26.994732,37.037903],[26.99268,37.036871],[26.981832,37.037739],[26.971931,37.041192],[26.977489,37.036435],[26.976758,37.034799],[26.994405,37.020682],[27.001065,37.019256],[27.001024,37.017189],[27.002925,37.015998],[27.007554,37.016716],[27.00442,37.006457],[27.00619,37.003762],[27.007725,37.00402],[27.007164,37.006943],[27.015666,37.012793],[27.023889,37.014721],[27.028237,37.012635],[27.030983,37.015565],[27.036204,37.014472],[27.039975,37.009321],[27.037908,37.008076],[27.041514,37.008117],[27.043523,37.004293],[27.051342,36.99939],[27.054216,36.995037],[27.045865,36.993994],[27.045994,36.991831],[27.043474,36.990087],[27.047061,36.98647],[27.040818,36.978897],[27.040993,36.97553],[27.030461,36.973977],[27.045156,36.971653],[27.046852,36.969599],[27.04372,36.964534],[27.041348,36.964692],[27.040791,36.962752],[27.036426,36.96314],[27.035036,36.959788],[27.031723,36.958359],[27.036083,36.955678],[27.039875,36.955668],[27.042206,36.958298],[27.046058,36.957828],[27.048128,36.956292],[27.048921,36.952088],[27.05347,36.952287],[27.056799,36.948539],[27.053799,36.945217],[27.049907,36.94454],[27.034208,36.950027],[27.017418,36.945947],[27.014907,36.948576],[27.011501,36.949029],[27.008775,36.947448],[27.002995,36.948674],[27.001534,36.95132],[26.998735,36.949289],[26.992004,36.951316],[26.986776,36.951022],[26.983281,36.947506],[26.987756,36.945655],[26.986582,36.93972],[26.988588,36.93532],[26.986941,36.931989],[26.987825,36.926758],[26.985892,36.924944],[26.978863,36.926267],[26.971506,36.924915],[26.967708,36.926831],[26.96531,36.931392],[26.964327,36.925799],[26.962856,36.925101],[26.959079,36.925026],[26.9469,36.929382],[26.944921,36.926023],[26.940546,36.925486],[26.939642,36.93311],[26.927818,36.940697],[26.930297,36.943786],[26.929642,36.946796],[26.923532,36.949088],[26.913996,36.948339],[26.909425,36.952063],[26.911942,36.954691],[26.919605,36.957883],[26.927734,36.966535],[26.934139,36.969767],[26.933027,36.972034],[26.929433,36.972742],[26.926595,36.976176],[26.924712,36.981915],[26.925241,36.986298],[26.928227,36.986478],[26.930897,36.989525],[26.932445,36.994836],[26.9392,37.002911],[26.940362,37.013647],[26.939766,37.01529],[26.937665,37.015471],[26.937602,37.018065],[26.940589,37.017611],[26.939884,37.020193],[26.9443,37.02143],[26.964042,37.014398],[26.966897,37.014449],[26.967191,37.015925],[26.958417,37.022918],[26.955366,37.027729],[26.956114,37.029353],[26.953653,37.034667],[26.940401,37.043042],[26.936762,37.044011],[26.933571,37.04275],[26.927689,37.045347],[26.922408,37.042548],[26.926008,37.039273],[26.923376,37.037076],[26.912417,37.037627],[26.909756,37.041732],[26.91344,37.046229],[26.91798,37.045316],[26.918947,37.048213],[26.916407,37.050677],[26.917837,37.052441],[26.919136,37.051016],[26.919366,37.0524],[26.898393,37.062843],[26.884276,37.068004],[26.880469,37.073237],[26.882992,37.076785]],[[27.080653,37.066477],[27.087919,37.065926],[27.09531,37.062564],[27.098676,37.062991],[27.102695,37.058598],[27.107572,37.058175],[27.098829,37.055891],[27.09418,37.057385],[27.092131,37.054794],[27.089323,37.056796],[27.082847,37.057215],[27.078135,37.060082],[27.075985,37.058736],[27.070313,37.062221],[27.070313,37.063895],[27.074854,37.062534],[27.075877,37.065079],[27.080653,37.066477]],[[27.202731,37.04579],[27.19824,37.049483],[27.200707,37.05078],[27.204506,37.050127],[27.202731,37.04579]],[[27.216132,37.00989],[27.219623,37.01333],[27.223879,37.008051],[27.21793,37.006281],[27.215519,36.998415],[27.20505,36.996223],[27.203351,36.998211],[27.209384,36.99997],[27.214623,37.005775],[27.216787,37.006219],[27.216132,37.00989]],[[27.183444,37.005009],[27.180723,37.004336],[27.17987,37.005688],[27.183444,37.005009]],[[27.196574,36.991693],[27.195896,36.993263],[27.199372,36.992442],[27.199073,36.991513],[27.196574,36.991693]],[[27.229342,36.982738],[27.229942,36.985955],[27.231736,36.98679],[27.233038,36.981623],[27.229342,36.982738]],[[27.133408,36.958813],[27.133027,36.956809],[27.136471,36.958576],[27.140729,36.957562],[27.141829,36.949213],[27.144824,36.951211],[27.145193,36.956252],[27.149569,36.956278],[27.152192,36.958984],[27.158713,36.958781],[27.163038,36.955186],[27.172351,36.952649],[27.170148,36.948067],[27.166762,36.94706],[27.16666,36.944529],[27.163946,36.941991],[27.151016,36.935272],[27.166462,36.927822],[27.169757,36.928953],[27.172487,36.927353],[27.174092,36.92309],[27.179237,36.921178],[27.17592,36.919159],[27.167285,36.922251],[27.165142,36.924959],[27.157859,36.925434],[27.15403,36.922144],[27.146859,36.921797],[27.144449,36.919484],[27.140943,36.922315],[27.133885,36.921108],[27.130546,36.927529],[27.133472,36.932446],[27.128786,36.930093],[27.124314,36.933348],[27.120871,36.937904],[27.122656,36.938962],[27.121604,36.940928],[27.1091,36.94773],[27.107142,36.954963],[27.133408,36.958813]],[[27.303481,36.951555],[27.30471,36.952415],[27.306499,36.951715],[27.305625,36.949911],[27.303481,36.951555]],[[28.153678,36.945415],[28.156693,36.944728],[28.155985,36.94386],[28.153678,36.945415]],[[26.043679,36.913602],[26.048117,36.913726],[26.049822,36.910798],[26.059938,36.907526],[26.062343,36.908503],[26.086166,36.896406],[26.084033,36.894142],[26.074732,36.891934],[26.064965,36.891815],[26.05124,36.900352],[26.043855,36.896307],[26.025475,36.89693],[26.016849,36.89314],[26.007153,36.892997],[25.990042,36.880903],[25.983821,36.883278],[25.983011,36.882373],[25.985097,36.880698],[25.973295,36.877666],[25.967662,36.872781],[25.964754,36.866866],[25.96137,36.866751],[25.956045,36.859498],[25.949321,36.853761],[25.939479,36.854023],[25.933517,36.851022],[25.933247,36.846185],[25.929297,36.843823],[25.928958,36.841126],[25.918347,36.835662],[25.915986,36.831007],[25.912452,36.832547],[25.908826,36.828379],[25.911185,36.827945],[25.90798,36.82586],[25.906946,36.817381],[25.905198,36.814579],[25.893665,36.810132],[25.89164,36.806714],[25.888278,36.80604],[25.884441,36.801747],[25.884488,36.798682],[25.880767,36.797207],[25.87972,36.793066],[25.872962,36.791837],[25.869611,36.788537],[25.858469,36.784675],[25.851982,36.786757],[25.837072,36.781898],[25.831306,36.785101],[25.826234,36.785135],[25.826357,36.783786],[25.816231,36.778472],[25.811376,36.771831],[25.804709,36.767417],[25.788368,36.766771],[25.774444,36.768179],[25.764071,36.774025],[25.757435,36.773623],[25.747759,36.781082],[25.739949,36.792721],[25.740348,36.795959],[25.743092,36.797377],[25.747526,36.794762],[25.746732,36.79269],[25.750571,36.795302],[25.753139,36.794985],[25.756521,36.79037],[25.761862,36.796769],[25.765522,36.795915],[25.766635,36.797557],[25.764045,36.800419],[25.767523,36.802023],[25.767602,36.805421],[25.769866,36.805123],[25.771662,36.809559],[25.780563,36.807371],[25.781049,36.813424],[25.784134,36.814704],[25.789659,36.813446],[25.786263,36.810689],[25.784714,36.806491],[25.792444,36.812998],[25.802319,36.811352],[25.802015,36.809533],[25.803778,36.808105],[25.807611,36.809818],[25.806871,36.812566],[25.808463,36.814321],[25.813597,36.811429],[25.81723,36.812386],[25.829584,36.808341],[25.835282,36.811575],[25.835474,36.813791],[25.841388,36.816088],[25.844964,36.811413],[25.84397,36.813208],[25.848024,36.815818],[25.850367,36.815294],[25.852295,36.81783],[25.846044,36.826031],[25.846166,36.828238],[25.855436,36.828644],[25.858189,36.826979],[25.865238,36.827689],[25.865564,36.829484],[25.85849,36.83334],[25.855315,36.833501],[25.854089,36.835498],[25.850184,36.832611],[25.846631,36.832589],[25.84461,36.834563],[25.845467,36.835919],[25.8387,36.835356],[25.837852,36.837124],[25.839632,36.839059],[25.839908,36.844638],[25.844967,36.848071],[25.843775,36.851737],[25.852893,36.852698],[25.854737,36.851187],[25.856656,36.85465],[25.860137,36.854515],[25.861514,36.857888],[25.863677,36.855953],[25.867215,36.859087],[25.873779,36.857813],[25.873789,36.860202],[25.879084,36.860289],[25.878775,36.861471],[25.885713,36.864766],[25.894639,36.864427],[25.899455,36.866147],[25.908744,36.866489],[25.911946,36.869589],[25.925891,36.874989],[25.928217,36.878292],[25.933321,36.878539],[25.937699,36.881867],[25.944796,36.883411],[25.954079,36.8903],[25.968806,36.896514],[25.975023,36.900706],[25.974738,36.902181],[25.977759,36.902408],[25.976839,36.906403],[25.95486,36.909178],[25.955171,36.912359],[25.958846,36.917848],[25.969243,36.921963],[25.968802,36.92509],[25.971468,36.927145],[25.998127,36.930509],[26.002154,36.92672],[26.0013,36.928145],[26.003691,36.929808],[26.001503,36.93418],[25.998578,36.934677],[25.998349,36.93653],[26.005275,36.936684],[26.006917,36.938031],[26.008895,36.935821],[26.019462,36.931769],[26.026597,36.922922],[26.030193,36.922839],[26.043679,36.913602]],[[26.93282,36.914063],[26.942411,36.916193],[26.944262,36.918297],[26.9474,36.917702],[26.942786,36.911366],[26.936011,36.911477],[26.93168,36.909663],[26.930429,36.911351],[26.93282,36.914063]],[[27.277984,36.915134],[27.281147,36.914535],[27.287604,36.898607],[27.291247,36.898054],[27.291715,36.895621],[27.295064,36.892887],[27.30304,36.891247],[27.304293,36.88877],[27.308632,36.886324],[27.326279,36.884773],[27.338649,36.891309],[27.344575,36.885957],[27.350258,36.877639],[27.356272,36.858565],[27.351721,36.858232],[27.341294,36.85215],[27.324399,36.845214],[27.313464,36.843961],[27.301568,36.83955],[27.290677,36.839157],[27.277733,36.833373],[27.264263,36.829853],[27.257723,36.830459],[27.224047,36.824296],[27.211265,36.820586],[27.210452,36.818626],[27.20302,36.818473],[27.188603,36.812073],[27.17766,36.810632],[27.162053,36.802725],[27.162232,36.801083],[27.151583,36.791058],[27.142042,36.778978],[27.118888,36.762085],[27.116108,36.762349],[27.112234,36.757692],[27.101065,36.756242],[27.059116,36.767512],[27.038538,36.76815],[27.028417,36.767548],[27.014792,36.763616],[27.004806,36.758618],[27.008038,36.755635],[26.999835,36.756097],[26.998878,36.754552],[26.989972,36.753452],[26.988797,36.751716],[26.983805,36.751962],[26.972572,36.744451],[26.970761,36.738281],[26.972126,36.734288],[26.978908,36.730289],[26.984543,36.72139],[26.983933,36.714258],[26.980126,36.714797],[26.972301,36.711466],[26.967568,36.705417],[26.967229,36.692784],[26.968775,36.688463],[26.967245,36.684019],[26.97455,36.673843],[26.973987,36.672232],[26.968895,36.671057],[26.969069,36.672236],[26.961809,36.674423],[26.959076,36.677769],[26.954169,36.675786],[26.954719,36.680139],[26.948351,36.684122],[26.942896,36.6852],[26.936806,36.696079],[26.923656,36.704626],[26.921967,36.713008],[26.917423,36.719205],[26.921669,36.736721],[26.923422,36.738979],[26.923316,36.74182],[26.917642,36.748789],[26.921993,36.757693],[26.921822,36.764335],[26.926841,36.762307],[26.92902,36.766765],[26.931835,36.767908],[26.94009,36.766524],[26.945292,36.769924],[26.949864,36.769815],[26.962466,36.775324],[26.965563,36.775046],[26.965738,36.773861],[26.963172,36.773847],[26.966087,36.773009],[26.977539,36.773069],[26.99114,36.769846],[27.000097,36.77543],[27.017715,36.795787],[27.018709,36.799005],[27.02941,36.812512],[27.031892,36.812017],[27.034825,36.81566],[27.044036,36.819986],[27.048881,36.828013],[27.062515,36.839802],[27.070313,36.842913],[27.074234,36.847052],[27.074503,36.850863],[27.076409,36.852577],[27.076663,36.850363],[27.079885,36.850446],[27.104619,36.857487],[27.126801,36.868205],[27.145556,36.880599],[27.169945,36.890304],[27.198756,36.888701],[27.229349,36.893002],[27.24386,36.89735],[27.277984,36.915134]],[[28.034358,36.885647],[28.036178,36.884491],[28.03502,36.882701],[28.034542,36.882687],[28.034358,36.885647]],[[28.042306,36.873559],[28.042188,36.876359],[28.045479,36.875703],[28.043708,36.873203],[28.042306,36.873559]],[[28.036596,36.871475],[28.037356,36.870037],[28.0321,36.868184],[28.036596,36.871475]],[[28.027714,36.865767],[28.02183,36.865823],[28.018115,36.868165],[28.026163,36.868541],[28.027714,36.865767]],[[27.458989,36.77479],[27.461569,36.774593],[27.464798,36.771173],[27.462824,36.770967],[27.458989,36.77479]],[[27.46807,36.770601],[27.47022,36.768445],[27.469025,36.768369],[27.46807,36.770601]],[[27.40424,36.742223],[27.405925,36.742394],[27.41404,36.737474],[27.412495,36.738281],[27.40424,36.742223]],[[27.176962,36.683454],[27.18223,36.682333],[27.180964,36.678262],[27.177246,36.679029],[27.176962,36.683454]],[[27.136536,36.681703],[27.144748,36.669207],[27.140726,36.667197],[27.136851,36.668321],[27.124097,36.66691],[27.121795,36.663551],[27.124499,36.659951],[27.119434,36.660949],[27.114867,36.651765],[27.115996,36.645988],[27.113055,36.644108],[27.113567,36.639819],[27.111509,36.6398],[27.11195,36.6448],[27.110235,36.648287],[27.104095,36.654044],[27.103662,36.665318],[27.106231,36.666781],[27.114933,36.664968],[27.122395,36.666376],[27.123515,36.673208],[27.12713,36.67482],[27.132044,36.681502],[27.136536,36.681703]],[[27.136846,36.664934],[27.1378,36.661903],[27.135782,36.661709],[27.134297,36.663823],[27.136846,36.664934]],[[27.809055,36.646494],[27.811898,36.647473],[27.812015,36.645805],[27.809055,36.646494]],[[27.832652,36.647072],[27.832765,36.649174],[27.830596,36.649436],[27.831,36.65244],[27.828779,36.653461],[27.83175,36.655359],[27.832485,36.658262],[27.835655,36.657941],[27.838959,36.661379],[27.843624,36.657423],[27.843615,36.661791],[27.847428,36.660801],[27.849184,36.663273],[27.855406,36.664213],[27.856617,36.667977],[27.860505,36.667424],[27.857183,36.65836],[27.861902,36.657859],[27.862763,36.654702],[27.866359,36.655143],[27.866914,36.65348],[27.864455,36.651088],[27.858084,36.646887],[27.837533,36.644613],[27.832652,36.647072]],[[27.819912,36.655689],[27.821771,36.650877],[27.817592,36.650255],[27.816387,36.65251],[27.819912,36.655689]],[[27.509741,36.655016],[27.507962,36.658836],[27.509908,36.662999],[27.512096,36.661289],[27.509741,36.655016]],[[28.011829,36.668226],[28.012117,36.670173],[28.014344,36.670099],[28.014561,36.666989],[28.011829,36.668226]],[[28.034285,36.666791],[28.035932,36.671079],[28.037514,36.665614],[28.043562,36.660991],[28.042717,36.656834],[28.046536,36.655957],[28.043825,36.650679],[28.037583,36.650491],[28.03413,36.657937],[28.029245,36.657851],[28.027767,36.660016],[28.030423,36.664589],[28.034285,36.666791]],[[28.039571,36.670845],[28.042293,36.672984],[28.041769,36.668995],[28.040604,36.668616],[28.039571,36.670845]],[[28.050091,36.649718],[28.05462,36.65005],[28.060282,36.647712],[28.056715,36.646239],[28.049083,36.648316],[28.050091,36.649718]],[[27.818031,36.639852],[27.834529,36.644181],[27.837536,36.643844],[27.837958,36.641581],[27.834452,36.637201],[27.822051,36.633469],[27.821835,36.628399],[27.815671,36.624097],[27.816417,36.622246],[27.822868,36.621141],[27.831797,36.624702],[27.833184,36.623342],[27.835295,36.624354],[27.839259,36.621838],[27.838196,36.619249],[27.839129,36.61608],[27.851095,36.625732],[27.860151,36.626735],[27.872208,36.63163],[27.873169,36.63095],[27.871369,36.626243],[27.873312,36.624521],[27.871835,36.620355],[27.866848,36.617082],[27.857631,36.616506],[27.856159,36.613817],[27.858348,36.612637],[27.87653,36.618254],[27.87936,36.617434],[27.881396,36.606171],[27.879827,36.602856],[27.880803,36.599902],[27.871407,36.598426],[27.879566,36.594046],[27.880373,36.592057],[27.878268,36.588011],[27.87472,36.585758],[27.864902,36.58478],[27.859627,36.582462],[27.861764,36.579722],[27.868866,36.577818],[27.87816,36.577523],[27.879412,36.572171],[27.874414,36.570273],[27.873254,36.567036],[27.862826,36.566635],[27.868231,36.563422],[27.868587,36.559813],[27.877904,36.55572],[27.87717,36.552521],[27.870917,36.552827],[27.876473,36.548559],[27.863179,36.545739],[27.865609,36.543852],[27.855013,36.54002],[27.853457,36.537042],[27.841226,36.536639],[27.837397,36.537428],[27.835313,36.541078],[27.829569,36.539366],[27.828129,36.540588],[27.833722,36.544829],[27.832207,36.550068],[27.841045,36.551557],[27.842708,36.55038],[27.842289,36.548213],[27.846535,36.548645],[27.848529,36.552663],[27.843159,36.551382],[27.843112,36.552793],[27.845715,36.556007],[27.849906,36.55702],[27.849939,36.558412],[27.843676,36.563759],[27.830641,36.566156],[27.823698,36.572254],[27.817381,36.571175],[27.818195,36.566578],[27.816,36.564696],[27.813308,36.565204],[27.811833,36.568818],[27.805292,36.566614],[27.802116,36.567144],[27.79963,36.564562],[27.795499,36.565985],[27.794724,36.571024],[27.797562,36.572103],[27.80309,36.570799],[27.804984,36.572832],[27.802113,36.576625],[27.808081,36.579536],[27.814883,36.580469],[27.813433,36.583166],[27.813414,36.589554],[27.809907,36.589852],[27.807014,36.586926],[27.805182,36.589553],[27.801403,36.590155],[27.797642,36.583517],[27.792647,36.585144],[27.784764,36.584707],[27.779313,36.586941],[27.777961,36.589625],[27.770388,36.587345],[27.770176,36.583362],[27.766524,36.583407],[27.768778,36.586956],[27.768228,36.588586],[27.770811,36.590791],[27.770508,36.593587],[27.773438,36.600167],[27.772637,36.603296],[27.765261,36.603059],[27.76901,36.609758],[27.772959,36.611016],[27.775466,36.6074],[27.775047,36.604145],[27.77989,36.606226],[27.784143,36.60229],[27.785696,36.603664],[27.784127,36.605621],[27.784167,36.609477],[27.791945,36.61028],[27.791203,36.612864],[27.797688,36.612711],[27.79606,36.617069],[27.79892,36.619303],[27.798915,36.622454],[27.791289,36.623171],[27.794333,36.627347],[27.799558,36.630408],[27.80242,36.629047],[27.805439,36.631861],[27.812933,36.630864],[27.813983,36.632692],[27.812223,36.635874],[27.818031,36.639852]],[[28.051275,36.6237],[28.052327,36.627278],[28.052767,36.627254],[28.05372,36.623353],[28.051275,36.6237]],[[28.055446,36.618405],[28.057849,36.617615],[28.053571,36.613124],[28.053283,36.614403],[28.055446,36.618405]],[[26.473761,36.536634],[26.473164,36.534078],[26.469679,36.531106],[26.47237,36.530877],[26.477625,36.534006],[26.477677,36.531639],[26.465008,36.525706],[26.461185,36.527068],[26.461859,36.529388],[26.467335,36.53103],[26.461697,36.533166],[26.461699,36.536479],[26.465261,36.538062],[26.459847,36.539992],[26.460552,36.543951],[26.466504,36.544327],[26.469588,36.542929],[26.473761,36.536634]],[[27.860205,36.530441],[27.868353,36.529016],[27.87207,36.524938],[27.874757,36.524173],[27.875673,36.521442],[27.869211,36.522303],[27.867947,36.519565],[27.863007,36.518783],[27.86015,36.516432],[27.854431,36.517319],[27.853461,36.52248],[27.85559,36.523633],[27.853249,36.526359],[27.854797,36.5289],[27.860205,36.530441]],[[27.86581,36.516613],[27.872025,36.516251],[27.86967,36.513534],[27.866201,36.514534],[27.86581,36.516613]],[[26.366337,36.514777],[26.364535,36.511064],[26.367892,36.510293],[26.368551,36.508793],[26.367188,36.507813],[26.358878,36.510566],[26.350712,36.507601],[26.345829,36.509774],[26.346545,36.511449],[26.339672,36.513317],[26.328347,36.506473],[26.31548,36.508659],[26.314174,36.51079],[26.317193,36.511761],[26.31662,36.513151],[26.312663,36.511593],[26.307707,36.513566],[26.307655,36.517293],[26.304503,36.519395],[26.30333,36.5147],[26.301156,36.513244],[26.29335,36.519213],[26.289289,36.515687],[26.288203,36.521465],[26.289829,36.524084],[26.284752,36.532216],[26.284979,36.537505],[26.279959,36.540057],[26.279121,36.547882],[26.271889,36.548249],[26.272065,36.550663],[26.261691,36.555532],[26.272592,36.557815],[26.273229,36.5625],[26.26938,36.563138],[26.272594,36.565546],[26.272026,36.570766],[26.26725,36.572987],[26.264791,36.579215],[26.261718,36.578335],[26.259799,36.583918],[26.263258,36.584038],[26.264126,36.585572],[26.262573,36.590678],[26.259504,36.590549],[26.258832,36.592487],[26.264417,36.59498],[26.266796,36.594412],[26.265351,36.601494],[26.268582,36.599103],[26.267927,36.598102],[26.278612,36.597661],[26.280316,36.592766],[26.274563,36.591707],[26.277732,36.590555],[26.276945,36.587386],[26.279112,36.586209],[26.284825,36.591002],[26.282836,36.59581],[26.286425,36.598968],[26.28995,36.597874],[26.290485,36.592044],[26.293152,36.594733],[26.292119,36.599239],[26.303939,36.595126],[26.306801,36.595715],[26.313469,36.590695],[26.314277,36.588497],[26.316183,36.590371],[26.319309,36.588549],[26.319247,36.585519],[26.320716,36.584299],[26.339113,36.580908],[26.338797,36.579312],[26.340663,36.578128],[26.340046,36.571064],[26.342899,36.57009],[26.348277,36.571241],[26.357234,36.570076],[26.358217,36.573202],[26.361893,36.576079],[26.359608,36.58041],[26.363778,36.583022],[26.361699,36.584792],[26.363479,36.588047],[26.365582,36.587585],[26.366662,36.585057],[26.37194,36.585665],[26.375163,36.588706],[26.377035,36.588222],[26.381679,36.595133],[26.383499,36.590973],[26.390288,36.590771],[26.397049,36.584585],[26.401917,36.584293],[26.403622,36.586736],[26.400668,36.588372],[26.398177,36.595572],[26.396032,36.5963],[26.396521,36.599164],[26.3924,36.600266],[26.392858,36.602597],[26.397,36.605799],[26.394409,36.606142],[26.389506,36.610227],[26.397758,36.616619],[26.410133,36.617529],[26.410458,36.619393],[26.413633,36.621359],[26.393076,36.619976],[26.392129,36.618627],[26.396681,36.618024],[26.394456,36.615541],[26.388168,36.613032],[26.381897,36.612801],[26.381341,36.61433],[26.386826,36.617423],[26.379735,36.616962],[26.378895,36.61955],[26.38271,36.621877],[26.374495,36.622874],[26.374465,36.625929],[26.378667,36.628819],[26.373594,36.630908],[26.371011,36.636815],[26.378021,36.639605],[26.376265,36.64316],[26.381944,36.645002],[26.392037,36.644386],[26.395538,36.642754],[26.39852,36.638747],[26.399538,36.641554],[26.401784,36.641096],[26.402501,36.63701],[26.417735,36.629774],[26.421859,36.62932],[26.428561,36.622412],[26.435948,36.618017],[26.435419,36.614741],[26.438276,36.616741],[26.442266,36.613834],[26.440219,36.612414],[26.449685,36.606577],[26.455531,36.605417],[26.45992,36.600505],[26.465019,36.597729],[26.466096,36.595913],[26.463389,36.593185],[26.46697,36.590847],[26.469523,36.585273],[26.474404,36.582193],[26.474669,36.579264],[26.469276,36.579525],[26.464365,36.582245],[26.456555,36.57828],[26.457425,36.576657],[26.452702,36.576752],[26.454123,36.578366],[26.44681,36.579544],[26.447333,36.583024],[26.455327,36.580982],[26.454377,36.584537],[26.448465,36.589894],[26.438849,36.588404],[26.430295,36.584509],[26.431364,36.576995],[26.427068,36.574727],[26.423343,36.576609],[26.425858,36.581571],[26.423775,36.583008],[26.424675,36.585512],[26.423155,36.585809],[26.420944,36.582708],[26.422817,36.581081],[26.422508,36.579379],[26.419114,36.575399],[26.419764,36.572033],[26.4167,36.570735],[26.409808,36.573662],[26.40827,36.57619],[26.405606,36.57389],[26.405848,36.56872],[26.397676,36.576289],[26.39395,36.57552],[26.391697,36.577266],[26.390263,36.575381],[26.385775,36.576179],[26.383832,36.574834],[26.383913,36.572022],[26.379892,36.571497],[26.376926,36.5739],[26.374905,36.571377],[26.368023,36.574839],[26.367709,36.577868],[26.365106,36.57749],[26.365181,36.57077],[26.366555,36.570459],[26.366589,36.567006],[26.370287,36.561309],[26.367188,36.561942],[26.363997,36.566947],[26.361282,36.5625],[26.357919,36.565787],[26.353469,36.564596],[26.355399,36.5625],[26.355083,36.558659],[26.358753,36.558249],[26.361308,36.555728],[26.358895,36.554325],[26.360563,36.552606],[26.358681,36.551316],[26.360101,36.549113],[26.353426,36.547792],[26.357437,36.545899],[26.359028,36.543015],[26.355614,36.540137],[26.353491,36.541848],[26.350124,36.541117],[26.344768,36.543085],[26.340936,36.539263],[26.347591,36.530408],[26.358749,36.5275],[26.357087,36.526329],[26.35934,36.52191],[26.366337,36.514777]],[[26.982857,36.508764],[26.980257,36.503635],[26.971639,36.497353],[26.965779,36.495874],[26.959867,36.497126],[26.966685,36.50651],[26.982857,36.508764]],[[26.145025,36.527915],[26.142391,36.527218],[26.14122,36.532849],[26.144507,36.540881],[26.142924,36.546515],[26.14439,36.548405],[26.134673,36.550409],[26.131821,36.553428],[26.132328,36.555219],[26.146967,36.561676],[26.147619,36.548684],[26.145707,36.544283],[26.145025,36.527915]],[[24.14588,36.548593],[24.144859,36.549846],[24.146771,36.553914],[24.149188,36.550356],[24.14588,36.548593]],[[26.226033,36.548365],[26.222363,36.554366],[26.223952,36.558077],[26.222758,36.561185],[26.224775,36.563276],[26.228001,36.559846],[26.231351,36.560274],[26.233666,36.556136],[26.233705,36.553432],[26.230801,36.549755],[26.226033,36.548365]],[[26.260125,36.577958],[26.255233,36.574793],[26.255972,36.576951],[26.253538,36.579189],[26.257481,36.579757],[26.260125,36.577958]],[[24.948964,36.593105],[24.935048,36.593839],[24.929727,36.59614],[24.923593,36.595734],[24.910952,36.598751],[24.903448,36.606302],[24.902247,36.610051],[24.895015,36.61534],[24.892622,36.622602],[24.894846,36.627602],[24.894088,36.630424],[24.884372,36.631019],[24.884102,36.629147],[24.881757,36.628273],[24.87108,36.631065],[24.859384,36.631555],[24.858571,36.636002],[24.849599,36.641608],[24.850039,36.643006],[24.844796,36.647483],[24.84575,36.649937],[24.843438,36.650668],[24.838776,36.657905],[24.83662,36.658893],[24.843718,36.660503],[24.857292,36.667218],[24.859375,36.665468],[24.861903,36.666189],[24.874356,36.658654],[24.874524,36.656064],[24.891713,36.648834],[24.903855,36.641098],[24.90434,36.63683],[24.908096,36.633096],[24.910362,36.635181],[24.913592,36.635245],[24.919781,36.63091],[24.927894,36.63622],[24.934912,36.629361],[24.944203,36.626192],[24.952847,36.62064],[24.948503,36.619589],[24.95007,36.615695],[24.947698,36.613688],[24.954679,36.608087],[24.953514,36.607001],[24.960169,36.604243],[24.958552,36.603247],[24.959234,36.601468],[24.948378,36.594137],[24.948964,36.593105]],[[24.317871,36.630057],[24.315237,36.631992],[24.319431,36.633059],[24.31941,36.632683],[24.317871,36.630057]],[[24.337137,36.651261],[24.330495,36.646047],[24.323264,36.644851],[24.320086,36.648854],[24.3213,36.652977],[24.31696,36.662191],[24.320464,36.670272],[24.327426,36.676625],[24.331303,36.677897],[24.328297,36.688149],[24.325586,36.689788],[24.325645,36.6946],[24.329049,36.698467],[24.333158,36.699684],[24.336064,36.707082],[24.331404,36.712456],[24.324565,36.714656],[24.325825,36.717618],[24.332768,36.716979],[24.336061,36.719731],[24.336074,36.72182],[24.338907,36.722489],[24.338585,36.724834],[24.341164,36.727521],[24.336681,36.727144],[24.33393,36.72977],[24.337977,36.734386],[24.34284,36.736456],[24.339797,36.738281],[24.337477,36.737559],[24.339757,36.743645],[24.343519,36.744375],[24.345801,36.743162],[24.346802,36.74603],[24.354144,36.750375],[24.354637,36.747252],[24.361426,36.742916],[24.372056,36.731496],[24.375155,36.731206],[24.37706,36.733515],[24.386174,36.733288],[24.39545,36.736079],[24.397789,36.733475],[24.393692,36.729555],[24.396982,36.727813],[24.398128,36.724648],[24.395298,36.722664],[24.394936,36.72055],[24.390575,36.7184],[24.39213,36.715386],[24.391106,36.71072],[24.395527,36.704975],[24.407706,36.700404],[24.41192,36.702792],[24.421282,36.702857],[24.423267,36.697913],[24.426877,36.69604],[24.431734,36.68994],[24.43975,36.692177],[24.446298,36.689239],[24.464118,36.697179],[24.470374,36.703281],[24.46984,36.707709],[24.465405,36.710701],[24.459208,36.721603],[24.452135,36.725724],[24.448334,36.725817],[24.445339,36.723526],[24.443677,36.725521],[24.441658,36.725371],[24.437801,36.721026],[24.435034,36.720225],[24.428074,36.723807],[24.423036,36.731188],[24.415493,36.738281],[24.410232,36.749385],[24.40504,36.750937],[24.405792,36.753595],[24.412365,36.75424],[24.409671,36.757343],[24.409667,36.764133],[24.412271,36.767448],[24.411371,36.77028],[24.420273,36.77029],[24.427083,36.772395],[24.426443,36.773934],[24.428561,36.7737],[24.43015,36.772484],[24.429149,36.769456],[24.430999,36.766759],[24.426204,36.761125],[24.427205,36.75922],[24.441179,36.756102],[24.441567,36.750134],[24.444483,36.748973],[24.446143,36.751706],[24.449765,36.751273],[24.453,36.755007],[24.453272,36.747238],[24.457697,36.744449],[24.469649,36.741636],[24.477427,36.741199],[24.477345,36.743673],[24.481223,36.749715],[24.484112,36.749935],[24.486702,36.747254],[24.491683,36.754029],[24.495569,36.752268],[24.498734,36.754815],[24.502002,36.753595],[24.505191,36.754883],[24.507302,36.758351],[24.506972,36.763896],[24.511405,36.767369],[24.51407,36.767607],[24.519784,36.764027],[24.52378,36.769061],[24.528798,36.768444],[24.528645,36.766933],[24.525186,36.765644],[24.527947,36.764194],[24.527923,36.761544],[24.534021,36.76038],[24.539145,36.756749],[24.543815,36.756693],[24.545209,36.758124],[24.548459,36.755856],[24.545428,36.753944],[24.544108,36.755639],[24.539055,36.74972],[24.536049,36.75077],[24.531844,36.744971],[24.530911,36.740485],[24.532449,36.738281],[24.539726,36.736182],[24.536151,36.72919],[24.539009,36.725417],[24.538891,36.721916],[24.54149,36.719358],[24.54306,36.712018],[24.547887,36.707451],[24.548551,36.705826],[24.546965,36.704437],[24.548588,36.702478],[24.545541,36.698889],[24.547016,36.697403],[24.546255,36.692523],[24.541839,36.689416],[24.541843,36.68372],[24.536575,36.681189],[24.535379,36.67764],[24.526997,36.673834],[24.526882,36.670311],[24.525482,36.673313],[24.515002,36.674756],[24.508496,36.668857],[24.497507,36.670341],[24.49497,36.663947],[24.489647,36.665097],[24.488021,36.663511],[24.484093,36.665895],[24.48055,36.66583],[24.472475,36.657403],[24.470661,36.660898],[24.464926,36.662992],[24.464903,36.666489],[24.458021,36.668717],[24.450375,36.666417],[24.445186,36.669859],[24.437059,36.665911],[24.437735,36.661024],[24.434515,36.658528],[24.427799,36.66292],[24.422673,36.659593],[24.414602,36.658584],[24.412275,36.655478],[24.41162,36.65718],[24.409046,36.656707],[24.405163,36.658977],[24.399972,36.657713],[24.398262,36.655695],[24.395393,36.65808],[24.383164,36.653199],[24.374236,36.653021],[24.368722,36.654907],[24.364769,36.652367],[24.362619,36.654547],[24.337137,36.651261]],[[23.090509,36.750164],[23.089002,36.749943],[23.089133,36.752812],[23.090341,36.7523],[23.090509,36.750164]],[[24.248009,36.770275],[24.2414,36.768219],[24.236373,36.77185],[24.230774,36.780952],[24.222043,36.780821],[24.222233,36.790349],[24.219944,36.793934],[24.220609,36.801456],[24.236766,36.805856],[24.243052,36.803236],[24.251775,36.8032],[24.253767,36.80173],[24.256843,36.792471],[24.254849,36.786949],[24.250214,36.781053],[24.252626,36.777932],[24.248009,36.770275]],[[23.604083,36.770198],[23.601185,36.768981],[23.599997,36.769472],[23.603433,36.77219],[23.604083,36.770198]],[[24.520792,36.803765],[24.523763,36.80554],[24.520248,36.807054],[24.519926,36.822106],[24.524079,36.824255],[24.529894,36.822389],[24.531207,36.825476],[24.533113,36.825774],[24.539152,36.832254],[24.543532,36.833958],[24.546167,36.833128],[24.545043,36.836116],[24.548782,36.837197],[24.547461,36.840956],[24.552529,36.840932],[24.552083,36.842186],[24.554253,36.842347],[24.558619,36.848558],[24.562023,36.846099],[24.56268,36.842939],[24.565857,36.841873],[24.569524,36.842948],[24.574298,36.83499],[24.574571,36.829965],[24.580489,36.833126],[24.583124,36.830261],[24.589362,36.830353],[24.590762,36.836964],[24.592867,36.837304],[24.606873,36.826035],[24.603736,36.821951],[24.601713,36.822638],[24.60158,36.82477],[24.595821,36.821912],[24.595701,36.820207],[24.597519,36.821375],[24.600486,36.819666],[24.597213,36.818334],[24.596047,36.820099],[24.595585,36.816539],[24.592699,36.815374],[24.593976,36.814044],[24.593327,36.805091],[24.590985,36.80353],[24.592299,36.801366],[24.59033,36.799451],[24.591789,36.796715],[24.58814,36.794053],[24.589523,36.790886],[24.582711,36.788402],[24.579416,36.782554],[24.572729,36.776224],[24.567478,36.777798],[24.565021,36.776278],[24.561754,36.776741],[24.561395,36.77863],[24.558784,36.779184],[24.556347,36.777399],[24.551667,36.77716],[24.542926,36.771633],[24.53958,36.771462],[24.537565,36.775361],[24.533442,36.775699],[24.532757,36.77946],[24.528172,36.782416],[24.52771,36.784441],[24.531719,36.786237],[24.531013,36.7941],[24.526561,36.79393],[24.526556,36.796267],[24.522503,36.796652],[24.51977,36.798892],[24.520792,36.803765]],[[23.896533,36.837209],[23.886217,36.83585],[23.883077,36.84069],[23.874294,36.842767],[23.873922,36.844948],[23.878239,36.847775],[23.889513,36.847542],[23.891849,36.841028],[23.898869,36.839652],[23.896533,36.837209]],[[25.430438,36.845455],[25.436846,36.851674],[25.443617,36.852295],[25.451936,36.85744],[25.453407,36.855126],[25.454138,36.858732],[25.458733,36.860953],[25.456045,36.861591],[25.457074,36.864017],[25.461082,36.865288],[25.464025,36.869228],[25.475374,36.871322],[25.475547,36.869455],[25.471627,36.868224],[25.469774,36.863059],[25.473837,36.864756],[25.477429,36.864133],[25.473005,36.852078],[25.474545,36.851651],[25.477514,36.854411],[25.481633,36.852782],[25.480354,36.848009],[25.482281,36.844144],[25.47893,36.835456],[25.480623,36.834124],[25.480595,36.830183],[25.475916,36.825966],[25.473364,36.826279],[25.467931,36.82343],[25.462386,36.826406],[25.45551,36.818517],[25.452514,36.818123],[25.433945,36.822149],[25.428731,36.820841],[25.422705,36.821877],[25.420812,36.823501],[25.421059,36.826034],[25.423586,36.827853],[25.41769,36.826585],[25.414534,36.831944],[25.419439,36.836179],[25.42973,36.837859],[25.432001,36.836195],[25.433534,36.83859],[25.430438,36.845455]],[[25.501905,36.867545],[25.500881,36.871008],[25.503836,36.873418],[25.49964,36.87395],[25.499164,36.876796],[25.503999,36.879762],[25.503242,36.881297],[25.505856,36.884791],[25.51231,36.884536],[25.508293,36.885328],[25.50939,36.889217],[25.515734,36.889092],[25.52197,36.892017],[25.523626,36.89459],[25.528555,36.890376],[25.527784,36.88609],[25.533037,36.88276],[25.532411,36.880337],[25.529333,36.87943],[25.533294,36.877378],[25.532972,36.869974],[25.53556,36.868197],[25.533934,36.865641],[25.544721,36.869723],[25.546399,36.868312],[25.544936,36.865563],[25.537014,36.862008],[25.538025,36.857506],[25.542501,36.858782],[25.543522,36.85747],[25.542065,36.854284],[25.537936,36.852069],[25.53441,36.85298],[25.531739,36.856705],[25.527359,36.856465],[25.526345,36.8577],[25.52483,36.853516],[25.52219,36.852143],[25.522547,36.853998],[25.519645,36.854757],[25.524516,36.86035],[25.523725,36.861727],[25.515715,36.860246],[25.51714,36.864782],[25.510733,36.865315],[25.509511,36.870468],[25.508086,36.869542],[25.508241,36.866724],[25.501905,36.867545]],[[25.605861,36.888631],[25.607445,36.891731],[25.616583,36.897545],[25.619711,36.895679],[25.626633,36.896418],[25.628659,36.895099],[25.638907,36.905689],[25.637961,36.907259],[25.640238,36.908803],[25.642887,36.907516],[25.649342,36.909317],[25.659757,36.90421],[25.662528,36.900404],[25.666956,36.90204],[25.672597,36.901278],[25.675542,36.896313],[25.673592,36.888832],[25.677617,36.889539],[25.683,36.888073],[25.684336,36.88512],[25.681778,36.882943],[25.684155,36.876562],[25.68176,36.873613],[25.668783,36.874836],[25.668089,36.877364],[25.662267,36.874771],[25.660416,36.876721],[25.654319,36.87633],[25.650794,36.873403],[25.644583,36.876855],[25.644166,36.879878],[25.639718,36.879396],[25.63313,36.883427],[25.624037,36.881213],[25.619648,36.882632],[25.616557,36.878971],[25.609324,36.878104],[25.605857,36.880076],[25.605258,36.881455],[25.606768,36.882294],[25.605573,36.886594],[25.60261,36.888014],[25.605861,36.888631]],[[25.571833,36.895567],[25.567074,36.900395],[25.558933,36.899305],[25.556762,36.897236],[25.552296,36.900247],[25.552211,36.90363],[25.558769,36.90817],[25.565481,36.907253],[25.568079,36.914429],[25.574339,36.914063],[25.580705,36.915877],[25.584605,36.918943],[25.583694,36.920623],[25.591599,36.922754],[25.592971,36.925673],[25.597497,36.925169],[25.597829,36.917118],[25.591187,36.911745],[25.580016,36.911242],[25.580272,36.907514],[25.573986,36.902511],[25.578396,36.899107],[25.571833,36.895567]],[[24.719067,36.897604],[24.720372,36.899012],[24.719459,36.903177],[24.720541,36.905217],[24.729069,36.908797],[24.735255,36.907023],[24.73494,36.902565],[24.729358,36.902223],[24.726129,36.89825],[24.719067,36.897604]],[[24.710163,36.905341],[24.704868,36.901478],[24.698832,36.903041],[24.70037,36.905104],[24.70596,36.90675],[24.696723,36.906412],[24.690004,36.919173],[24.683269,36.925617],[24.688383,36.927383],[24.693307,36.926987],[24.69312,36.930683],[24.689128,36.932191],[24.684577,36.928676],[24.680305,36.930979],[24.681054,36.935456],[24.677734,36.941914],[24.68086,36.945503],[24.675745,36.949358],[24.676542,36.953797],[24.680291,36.955494],[24.66667,36.961551],[24.664613,36.964996],[24.669258,36.97177],[24.662903,36.973691],[24.660665,36.977368],[24.654866,36.979521],[24.65781,36.982949],[24.661792,36.984455],[24.660466,36.987845],[24.6657,36.990831],[24.672589,36.98947],[24.679699,36.991297],[24.668849,36.996446],[24.654595,36.997598],[24.65639,36.999078],[24.656178,37.00288],[24.661007,37.006094],[24.65227,37.009934],[24.651222,37.014701],[24.652859,37.016155],[24.650933,37.018294],[24.655067,37.023098],[24.637393,37.023926],[24.635156,37.027885],[24.644825,37.028858],[24.647047,37.030219],[24.645139,37.032859],[24.648798,37.035074],[24.645271,37.035707],[24.641221,37.03408],[24.63666,37.035458],[24.637867,37.03848],[24.636404,37.040961],[24.645334,37.041061],[24.651275,37.036877],[24.658068,37.037344],[24.66093,37.035207],[24.663719,37.036118],[24.664169,37.033422],[24.666946,37.031748],[24.667413,37.028412],[24.672178,37.028142],[24.676366,37.02477],[24.684684,37.025882],[24.685202,37.023441],[24.687415,37.02287],[24.688859,37.026166],[24.690185,37.025928],[24.690168,37.023786],[24.691709,37.026371],[24.694782,37.025723],[24.695806,37.027028],[24.700215,37.023571],[24.700197,37.019438],[24.70247,37.020175],[24.702985,37.017713],[24.708666,37.019987],[24.709783,37.014276],[24.714597,37.014113],[24.713819,37.007898],[24.719032,37.004331],[24.719029,37.000292],[24.729216,36.991959],[24.733114,36.991629],[24.73735,36.98877],[24.740104,36.979369],[24.748634,36.974702],[24.747688,36.97269],[24.751447,36.969664],[24.751354,36.965447],[24.75675,36.962032],[24.756814,36.959131],[24.762499,36.957975],[24.765406,36.948743],[24.762239,36.94768],[24.761518,36.9448],[24.755771,36.943459],[24.757301,36.9411],[24.75427,36.938079],[24.75237,36.938468],[24.753201,36.940237],[24.749467,36.94434],[24.747914,36.939336],[24.744948,36.939268],[24.746509,36.935924],[24.743302,36.935281],[24.740173,36.930466],[24.739701,36.92562],[24.737033,36.926142],[24.732092,36.932281],[24.727257,36.930217],[24.726075,36.925074],[24.729261,36.91996],[24.724748,36.917575],[24.722234,36.918306],[24.716462,36.912914],[24.716612,36.910982],[24.719527,36.90873],[24.718791,36.906579],[24.710163,36.905341]],[[23.465948,36.90535],[23.458148,36.908043],[23.454245,36.921972],[23.450208,36.926415],[23.450162,36.931898],[23.455981,36.932385],[23.456013,36.925964],[23.467799,36.917336],[23.467059,36.914063],[23.469347,36.914511],[23.469837,36.9128],[23.46818,36.912488],[23.468294,36.908946],[23.469735,36.908094],[23.465948,36.90535]],[[25.069868,37.043407],[25.07545,37.04144],[25.073018,37.047187],[25.0782,37.051275],[25.08002,37.048981],[25.081645,37.050486],[25.08227,37.048727],[25.09184,37.047404],[25.091828,37.043645],[25.089636,37.040507],[25.087466,37.040886],[25.086152,37.04351],[25.085092,37.041616],[25.086923,37.039736],[25.085676,37.036961],[25.080481,37.032663],[25.080788,37.026357],[25.078424,37.024076],[25.079211,37.018837],[25.076712,37.016657],[25.074061,37.006011],[25.074416,37.004598],[25.079219,37.003319],[25.076556,37.000275],[25.076109,36.995305],[25.074062,36.992855],[25.07317,36.984818],[25.074675,36.983692],[25.060119,36.972213],[25.061682,36.966648],[25.066785,36.963305],[25.064988,36.961786],[25.068358,36.961892],[25.068161,36.959889],[25.06512,36.958953],[25.066995,36.95835],[25.066743,36.956378],[25.070995,36.95674],[25.070893,36.950498],[25.073711,36.948828],[25.072189,36.947023],[25.076442,36.947146],[25.075752,36.943199],[25.073967,36.944174],[25.071911,36.938298],[25.070324,36.938705],[25.068284,36.94305],[25.064899,36.944483],[25.060712,36.949761],[25.061376,36.950697],[25.058923,36.951273],[25.054346,36.956134],[25.048756,36.956222],[25.047614,36.962688],[25.040992,36.966403],[25.040425,36.972005],[25.024075,36.974799],[25.023026,36.977958],[25.014002,36.984485],[25.022094,36.987094],[25.025119,36.985369],[25.02207,36.991211],[25.021704,37.000716],[25.026194,37.0031],[25.020794,37.002437],[25.020429,37.004617],[25.022582,37.005903],[25.019792,37.007084],[25.021371,37.01102],[25.023197,37.012611],[25.02592,37.011756],[25.026379,37.013773],[25.028942,37.015096],[25.029239,37.017816],[25.035023,37.019301],[25.035835,37.020909],[25.039566,37.022272],[25.045968,37.021086],[25.045336,37.023056],[25.051955,37.031061],[25.053475,37.037537],[25.060656,37.038076],[25.0602,37.040004],[25.069868,37.043407]],[[25.080776,37.050937],[25.076745,37.057874],[25.080215,37.060499],[25.082921,37.059222],[25.083931,37.063041],[25.088188,37.062086],[25.090654,37.064512],[25.092214,37.063482],[25.092241,37.060962],[25.088826,37.058629],[25.083228,37.058428],[25.08347,37.056205],[25.089383,37.050942],[25.088683,37.049819],[25.085277,37.049574],[25.082229,37.051812],[25.080776,37.050937]],[[25.106653,37.059151],[25.10734,37.064025],[25.111929,37.068023],[25.113928,37.067863],[25.120341,37.072503],[25.126929,37.070953],[25.125883,37.074135],[25.128655,37.076751],[25.132365,37.078367],[25.134509,37.075669],[25.137669,37.079355],[25.141305,37.079425],[25.14506,37.082098],[25.148563,37.087024],[25.156095,37.089844],[25.154301,37.093735],[25.150701,37.094046],[25.146725,37.090843],[25.144124,37.095047],[25.140798,37.09652],[25.131881,37.0896],[25.130037,37.094507],[25.131603,37.097942],[25.136225,37.099743],[25.136185,37.102267],[25.145769,37.111011],[25.149772,37.112045],[25.151363,37.115694],[25.158018,37.121312],[25.165427,37.126775],[25.170415,37.126258],[25.172491,37.129645],[25.176427,37.128683],[25.19365,37.135406],[25.19768,37.135506],[25.204744,37.14052],[25.205251,37.143811],[25.210887,37.141803],[25.217278,37.145259],[25.221764,37.144432],[25.222852,37.145596],[25.218279,37.149835],[25.223318,37.151394],[25.225022,37.155717],[25.226687,37.155665],[25.22804,37.152313],[25.237865,37.14498],[25.233927,37.139915],[25.229232,37.146306],[25.226,37.146508],[25.226701,37.144426],[25.223141,37.142101],[25.223897,37.135482],[25.222618,37.13216],[25.220054,37.129282],[25.213568,37.128397],[25.212132,37.126859],[25.214727,37.123047],[25.22565,37.119171],[25.23042,37.124655],[25.233646,37.123634],[25.23695,37.126568],[25.239489,37.125053],[25.240597,37.127918],[25.246979,37.12446],[25.247608,37.129065],[25.252482,37.126542],[25.257509,37.128813],[25.259263,37.125137],[25.264324,37.123716],[25.266936,37.128178],[25.263241,37.127421],[25.260555,37.130647],[25.262009,37.132787],[25.265757,37.133835],[25.267649,37.129318],[25.26927,37.138714],[25.265424,37.140271],[25.262862,37.139101],[25.256935,37.139758],[25.258807,37.14992],[25.261189,37.149936],[25.263808,37.152385],[25.266587,37.148577],[25.266421,37.145489],[25.271292,37.150254],[25.276417,37.150286],[25.281792,37.152614],[25.284285,37.14833],[25.287446,37.146931],[25.289078,37.143157],[25.290921,37.142403],[25.293929,37.144413],[25.295096,37.14321],[25.292454,37.136724],[25.285811,37.137306],[25.281821,37.133366],[25.276833,37.131518],[25.279371,37.12728],[25.282367,37.125897],[25.289974,37.12712],[25.293405,37.125638],[25.290561,37.122976],[25.28643,37.12468],[25.283658,37.124113],[25.281822,37.120838],[25.272635,37.113281],[25.271827,37.108685],[25.265571,37.102244],[25.265666,37.096272],[25.267537,37.093864],[25.269632,37.094478],[25.269625,37.092215],[25.266126,37.087339],[25.261978,37.086088],[25.262134,37.084037],[25.25582,37.079695],[25.262787,37.069473],[25.271183,37.069043],[25.271048,37.067438],[25.275721,37.065219],[25.279261,37.06099],[25.276713,37.058524],[25.266077,37.057042],[25.266814,37.051754],[25.274847,37.051772],[25.279069,37.04952],[25.27454,37.046917],[25.269853,37.047018],[25.269745,37.044063],[25.264313,37.041501],[25.260729,37.033594],[25.255777,37.032344],[25.256205,37.028061],[25.252237,37.027938],[25.251672,37.016032],[25.246913,37.011225],[25.246449,37.008429],[25.242148,37.010317],[25.237599,37.009428],[25.221534,36.997903],[25.219329,36.992636],[25.220731,36.992237],[25.220151,36.988894],[25.216124,36.992144],[25.21018,36.99297],[25.206146,36.988556],[25.19715,36.984071],[25.197225,36.982874],[25.193016,36.984278],[25.188712,36.978587],[25.180241,36.975034],[25.160219,36.97968],[25.160585,36.981888],[25.157894,36.98289],[25.158523,36.984187],[25.156364,36.985558],[25.154655,36.985517],[25.152231,36.98219],[25.15117,36.982515],[25.152207,36.986096],[25.150418,36.986708],[25.142397,36.984396],[25.142369,36.987599],[25.139446,36.991051],[25.134751,36.991743],[25.136405,36.995893],[25.131387,36.998147],[25.12903,36.995308],[25.123711,36.993655],[25.120583,36.994388],[25.11716,36.992057],[25.11466,36.996223],[25.11627,36.998753],[25.115438,37.000862],[25.10581,37.006553],[25.103201,37.01224],[25.097854,37.017357],[25.099179,37.025486],[25.097562,37.031163],[25.099414,37.038203],[25.104965,37.039632],[25.107838,37.043091],[25.105562,37.053525],[25.106832,37.055937],[25.109616,37.055684],[25.106653,37.059151]],[[25.095737,37.0767],[25.094016,37.075207],[25.093101,37.078023],[25.094278,37.078159],[25.094518,37.076211],[25.095737,37.0767]],[[24.494554,37.108338],[24.492225,37.11271],[24.487616,37.109264],[24.482574,37.109139],[24.490834,37.117842],[24.494589,37.119004],[24.492644,37.122187],[24.48583,37.125496],[24.480416,37.125402],[24.478429,37.123797],[24.476971,37.124721],[24.475111,37.123281],[24.472614,37.124845],[24.465691,37.121038],[24.459552,37.122199],[24.457725,37.127064],[24.460165,37.127306],[24.459728,37.132255],[24.463805,37.134538],[24.460751,37.137511],[24.459148,37.135898],[24.453208,37.136567],[24.45384,37.131725],[24.449739,37.130522],[24.449056,37.126052],[24.446111,37.126269],[24.440909,37.135143],[24.440319,37.129452],[24.435933,37.130417],[24.437188,37.128575],[24.434044,37.125277],[24.427947,37.12464],[24.42476,37.127561],[24.424937,37.125957],[24.421551,37.124477],[24.422129,37.121462],[24.417596,37.119749],[24.41081,37.123892],[24.415145,37.129887],[24.414989,37.132151],[24.418126,37.131937],[24.416637,37.133453],[24.420178,37.135475],[24.420013,37.137186],[24.425017,37.136594],[24.43158,37.139743],[24.424469,37.140799],[24.429543,37.145365],[24.421536,37.151092],[24.421057,37.157772],[24.427325,37.16219],[24.436034,37.161648],[24.433051,37.166908],[24.42752,37.168597],[24.432414,37.173852],[24.441647,37.176904],[24.437611,37.180326],[24.440697,37.186025],[24.445311,37.183443],[24.446741,37.18423],[24.445703,37.190179],[24.443216,37.191554],[24.444268,37.192895],[24.448793,37.191935],[24.451851,37.195192],[24.458432,37.189692],[24.45768,37.19556],[24.46108,37.196075],[24.457934,37.197445],[24.460675,37.198822],[24.458325,37.201246],[24.461689,37.201155],[24.463513,37.198308],[24.465929,37.199368],[24.466743,37.196543],[24.473752,37.196024],[24.475201,37.197576],[24.472283,37.20012],[24.477152,37.203925],[24.474049,37.203014],[24.471736,37.20372],[24.472445,37.205053],[24.478023,37.208313],[24.485947,37.206455],[24.48816,37.202804],[24.491294,37.20476],[24.489778,37.205025],[24.490519,37.210171],[24.497311,37.208594],[24.497773,37.202874],[24.505608,37.20559],[24.507959,37.204324],[24.510718,37.206956],[24.514766,37.206167],[24.515847,37.204487],[24.513137,37.203579],[24.514804,37.201231],[24.522287,37.201725],[24.523709,37.197379],[24.528052,37.19829],[24.527758,37.197121],[24.533137,37.194221],[24.533455,37.190155],[24.531459,37.188754],[24.534807,37.185416],[24.528504,37.183756],[24.534787,37.17946],[24.52666,37.169497],[24.527868,37.167964],[24.523013,37.166405],[24.525568,37.163452],[24.523361,37.160908],[24.529433,37.160517],[24.532759,37.157383],[24.534616,37.158713],[24.535176,37.155578],[24.532838,37.15526],[24.534044,37.152651],[24.531743,37.149434],[24.534881,37.147698],[24.536018,37.144906],[24.539669,37.144376],[24.536251,37.142038],[24.537268,37.140156],[24.535098,37.137594],[24.535305,37.131601],[24.531698,37.128785],[24.53259,37.137985],[24.531128,37.138121],[24.529192,37.133218],[24.526219,37.132311],[24.526663,37.140486],[24.524341,37.141841],[24.521961,37.146903],[24.516464,37.145849],[24.515975,37.14234],[24.517929,37.14104],[24.514543,37.138545],[24.515254,37.136509],[24.51852,37.135121],[24.51683,37.13268],[24.519393,37.126938],[24.518419,37.122047],[24.513151,37.115375],[24.509433,37.116715],[24.506419,37.11039],[24.504139,37.11008],[24.500674,37.112934],[24.494554,37.108338]],[[25.535825,37.203338],[25.539382,37.202195],[25.538288,37.199791],[25.542909,37.200219],[25.545959,37.196928],[25.547127,37.192864],[25.545172,37.190274],[25.549142,37.186877],[25.548324,37.182704],[25.55333,37.18273],[25.551463,37.180961],[25.555375,37.178677],[25.558787,37.181618],[25.561868,37.180295],[25.561746,37.175987],[25.564602,37.171085],[25.571982,37.170322],[25.574453,37.166582],[25.57368,37.163863],[25.57639,37.164598],[25.578292,37.160743],[25.577621,37.155608],[25.5863,37.148628],[25.585384,37.147221],[25.587934,37.145829],[25.588272,37.143894],[25.586314,37.137904],[25.592188,37.138063],[25.591337,37.125977],[25.595453,37.125379],[25.597185,37.122651],[25.594853,37.118817],[25.597561,37.118654],[25.599975,37.115684],[25.597649,37.112794],[25.599063,37.111138],[25.598655,37.107841],[25.591292,37.099166],[25.591896,37.091344],[25.593357,37.091263],[25.59184,37.088445],[25.598369,37.08624],[25.599105,37.084288],[25.605401,37.086161],[25.606435,37.084605],[25.604941,37.081632],[25.601105,37.079953],[25.596848,37.080185],[25.594586,37.078446],[25.589892,37.079381],[25.585045,37.074358],[25.587145,37.073488],[25.585882,37.071955],[25.587912,37.071864],[25.586265,37.070164],[25.588973,37.067727],[25.585982,37.066707],[25.584743,37.059664],[25.582042,37.055557],[25.58383,37.051369],[25.57937,37.033604],[25.580168,37.03203],[25.57684,37.029935],[25.578684,37.023335],[25.575407,37.01749],[25.568466,37.014765],[25.570554,37.009431],[25.568051,37.008102],[25.569221,37.006317],[25.563419,36.996247],[25.565154,36.994324],[25.564343,36.991693],[25.560503,36.989648],[25.560201,36.987054],[25.563044,36.986392],[25.563103,36.984786],[25.558813,36.982595],[25.561162,36.980883],[25.557671,36.979477],[25.558669,36.971537],[25.555195,36.968134],[25.555627,36.964653],[25.550889,36.957989],[25.541311,36.953147],[25.536083,36.954845],[25.538332,36.958368],[25.527998,36.954541],[25.521095,36.956906],[25.518466,36.953815],[25.509485,36.954526],[25.509894,36.951879],[25.508241,36.950366],[25.499487,36.950568],[25.499627,36.947126],[25.496554,36.945459],[25.491389,36.946825],[25.492594,36.943097],[25.482817,36.934281],[25.486222,36.932307],[25.485554,36.931072],[25.476761,36.930624],[25.474918,36.932589],[25.474893,36.935967],[25.470391,36.936491],[25.462849,36.930768],[25.462602,36.928467],[25.45926,36.925921],[25.460912,36.925084],[25.459795,36.923176],[25.453861,36.919418],[25.450548,36.919441],[25.449507,36.915865],[25.444706,36.920087],[25.442288,36.91794],[25.435701,36.919053],[25.430531,36.922043],[25.430702,36.923742],[25.434209,36.925128],[25.433246,36.927272],[25.428179,36.931127],[25.423139,36.931499],[25.421859,36.936761],[25.422152,36.938579],[25.425476,36.939355],[25.424545,36.953212],[25.426234,36.955502],[25.425347,36.957831],[25.426908,36.962482],[25.424238,36.96735],[25.416391,36.968631],[25.412359,36.967768],[25.410877,36.970846],[25.406129,36.97023],[25.40554,36.973772],[25.395442,36.978462],[25.39295,36.976571],[25.390189,36.978436],[25.388561,36.976153],[25.384121,36.975055],[25.386425,36.980369],[25.383944,36.981733],[25.386547,36.983684],[25.38418,36.98613],[25.389174,36.98688],[25.393405,36.990154],[25.393109,36.993434],[25.385953,37.002483],[25.381598,37.012554],[25.376692,37.018063],[25.376953,37.021701],[25.368611,37.020882],[25.363657,37.024964],[25.366704,37.026915],[25.371103,37.026759],[25.374305,37.034613],[25.378641,37.0375],[25.373872,37.047581],[25.361415,37.055856],[25.353466,37.063801],[25.356003,37.067326],[25.349484,37.077064],[25.344295,37.079297],[25.341043,37.076771],[25.334101,37.076247],[25.341112,37.082468],[25.34008,37.089844],[25.344326,37.093899],[25.351524,37.088914],[25.357708,37.089283],[25.359887,37.08712],[25.362361,37.089572],[25.36183,37.086724],[25.372188,37.091068],[25.375396,37.097596],[25.371258,37.101221],[25.374716,37.103596],[25.371186,37.106066],[25.373274,37.109308],[25.378282,37.108665],[25.386504,37.113019],[25.386125,37.11439],[25.389128,37.114142],[25.393897,37.116728],[25.401038,37.123475],[25.40565,37.12535],[25.413008,37.135357],[25.417238,37.136318],[25.41706,37.13747],[25.419879,37.136201],[25.428329,37.138099],[25.437212,37.135661],[25.442129,37.140746],[25.444785,37.139096],[25.44595,37.140952],[25.449736,37.140546],[25.459946,37.148996],[25.462011,37.14902],[25.464078,37.152721],[25.469534,37.156582],[25.466538,37.160298],[25.476033,37.164078],[25.475017,37.166761],[25.477913,37.169079],[25.478058,37.172249],[25.481698,37.17237],[25.479983,37.17495],[25.480875,37.177591],[25.485745,37.182197],[25.492803,37.185612],[25.493754,37.188447],[25.501312,37.190172],[25.503574,37.192775],[25.509997,37.194857],[25.515718,37.194126],[25.525703,37.200898],[25.535825,37.203338]],[[26.760615,37.188716],[26.759288,37.194474],[26.760566,37.19566],[26.765817,37.192643],[26.760615,37.188716]],[[26.756048,37.1851],[26.75689,37.186465],[26.758595,37.186691],[26.75755,37.185161],[26.756048,37.1851]],[[25.689576,37.093691],[25.69549,37.092342],[25.698625,37.089844],[25.700279,37.087165],[25.69911,37.084373],[25.701376,37.080855],[25.693057,37.081311],[25.693133,37.08388],[25.691346,37.085217],[25.681285,37.084146],[25.681404,37.086137],[25.683541,37.085109],[25.684639,37.086735],[25.693734,37.087339],[25.694394,37.088568],[25.690648,37.089844],[25.689576,37.093691]],[[25.701828,37.072672],[25.705209,37.072351],[25.709054,37.068272],[25.709624,37.065369],[25.702021,37.067917],[25.700426,37.070676],[25.701828,37.072672]],[[26.926434,37.029673],[26.92478,37.031657],[26.928112,37.034225],[26.932913,37.036302],[26.935503,37.034229],[26.929739,37.029699],[26.926434,37.029673]],[[26.452162,37.019617],[26.458864,37.024361],[26.458033,37.016947],[26.462452,37.014074],[26.464658,37.010345],[26.467987,37.010187],[26.469099,37.011858],[26.475317,37.013294],[26.481713,37.010097],[26.492595,37.008561],[26.497695,37.000383],[26.497664,36.997714],[26.468663,36.996923],[26.461855,36.99915],[26.471021,37.002089],[26.464152,37.001715],[26.462711,37.004476],[26.462543,37.002266],[26.457232,37.001384],[26.455163,36.99892],[26.445802,36.998899],[26.453397,36.995887],[26.452779,36.994208],[26.454615,36.991789],[26.453702,36.989948],[26.448805,36.993539],[26.441965,36.991006],[26.440057,36.993285],[26.434431,36.9914],[26.426572,36.992974],[26.418971,36.991727],[26.420475,36.993974],[26.419342,36.995161],[26.422466,36.997118],[26.42654,36.99729],[26.433674,36.993887],[26.434749,36.998196],[26.441502,36.99832],[26.43823,37.001082],[26.42987,37.000757],[26.423795,37.00265],[26.425222,37.007964],[26.427868,37.009012],[26.426945,37.010589],[26.428159,37.012445],[26.431905,37.010228],[26.435368,37.011471],[26.43759,37.008371],[26.443282,37.006184],[26.444039,37.007782],[26.441263,37.011887],[26.450531,37.009956],[26.448104,37.012706],[26.450366,37.014464],[26.456164,37.011449],[26.452162,37.019617]],[[26.909211,37.017929],[26.911817,37.016233],[26.914052,37.016835],[26.915378,37.014363],[26.925115,37.007395],[26.925025,37.001956],[26.921839,36.996784],[26.921334,36.992075],[26.917963,36.989843],[26.915378,36.990602],[26.917149,36.992611],[26.914699,36.992681],[26.917659,36.996236],[26.918067,36.997943],[26.916454,36.999129],[26.903553,37.001983],[26.884028,37.011793],[26.889764,37.016711],[26.898299,37.016236],[26.909211,37.017929]],[[26.309882,36.986833],[26.308576,36.985514],[26.31171,36.982577],[26.306741,36.981828],[26.304302,36.978957],[26.302568,36.979024],[26.301551,36.975465],[26.298604,36.976863],[26.295067,36.974333],[26.293059,36.97626],[26.292885,36.972998],[26.288668,36.974459],[26.292455,36.971915],[26.288606,36.969906],[26.279951,36.969886],[26.269114,36.974798],[26.269412,36.978927],[26.271698,36.981633],[26.275547,36.981536],[26.276003,36.982803],[26.272091,36.984383],[26.269781,36.986913],[26.270492,36.987819],[26.282742,36.983036],[26.286421,36.985916],[26.2897,36.983536],[26.293837,36.987757],[26.298377,36.989774],[26.30237,36.988],[26.303696,36.990957],[26.306266,36.991086],[26.309882,36.986833]],[[26.321059,36.983287],[26.321922,36.986395],[26.32477,36.988002],[26.328382,36.987942],[26.330681,36.98525],[26.326172,36.983305],[26.323644,36.984565],[26.321059,36.983287]],[[26.907891,36.97566],[26.912492,36.97873],[26.915383,36.975851],[26.912504,36.973632],[26.907891,36.97566]],[[25.640414,36.9878],[25.641338,36.985267],[25.639012,36.984253],[25.633693,36.985952],[25.635247,36.987977],[25.640414,36.9878]],[[26.881254,37.004467],[26.881885,37.005878],[26.889441,37.006463],[26.888205,37.003483],[26.881254,37.004467]],[[26.363223,36.991341],[26.362011,36.992316],[26.36353,36.99365],[26.375245,36.995459],[26.368772,36.992737],[26.365469,36.993309],[26.363223,36.991341]],[[26.37598,36.996015],[26.381925,36.996607],[26.38592,36.994322],[26.386924,36.992049],[26.37598,36.996015]],[[25.609774,36.953404],[25.614643,36.952805],[25.619435,36.947689],[25.622447,36.949126],[25.627034,36.946978],[25.627918,36.94597],[25.626691,36.944721],[25.621181,36.945464],[25.621585,36.942915],[25.623572,36.943345],[25.625659,36.941546],[25.625203,36.93602],[25.614667,36.934548],[25.61358,36.931669],[25.608509,36.92885],[25.602346,36.930954],[25.597186,36.928607],[25.596168,36.930448],[25.593052,36.930407],[25.589929,36.934225],[25.587722,36.940878],[25.591367,36.942084],[25.594288,36.949046],[25.59895,36.951919],[25.605461,36.95141],[25.609774,36.953404]],[[25.1213,36.96762],[25.11604,36.967741],[25.112685,36.972535],[25.112824,36.974839],[25.12345,36.97284],[25.125142,36.970485],[25.1213,36.96762]],[[25.115527,36.974872],[25.11421,36.978297],[25.118312,36.978884],[25.118551,36.97639],[25.115527,36.974872]],[[25.106889,36.977241],[25.108414,36.981893],[25.111533,36.981267],[25.113444,36.978958],[25.106889,36.977241]],[[25.240362,36.988747],[25.235812,36.991672],[25.243646,36.996979],[25.245024,36.996025],[25.245089,36.989996],[25.240362,36.988747]],[[25.258992,37.003579],[25.257681,37.001391],[25.25649,37.003807],[25.257011,37.007401],[25.258992,37.003579]],[[25.299535,37.154158],[25.299437,37.151775],[25.297088,37.149762],[25.29386,37.151572],[25.295251,37.154273],[25.299535,37.154158]],[[25.290941,37.153599],[25.290839,37.150734],[25.28944,37.150167],[25.289307,37.152717],[25.290941,37.153599]],[[25.267453,37.154564],[25.265697,37.156529],[25.266567,37.15892],[25.272153,37.160052],[25.269615,37.155274],[25.267453,37.154564]],[[24.562148,37.145131],[24.565264,37.143546],[24.565456,37.141518],[24.55942,37.139252],[24.558409,37.14093],[24.559511,37.144058],[24.562148,37.145131]],[[25.099609,36.996237],[25.099632,36.993094],[25.095743,36.995602],[25.099609,36.996237]],[[25.095811,37.044891],[25.097053,37.044061],[25.096305,37.041843],[25.094473,37.043189],[25.095811,37.044891]],[[24.966435,36.944873],[24.962714,36.943881],[24.962192,36.941998],[24.95285,36.94437],[24.954587,36.951317],[24.96244,36.958547],[24.969301,36.957682],[24.969954,36.95399],[24.966435,36.944873]],[[24.980566,36.957373],[24.976016,36.962613],[24.985093,36.968926],[24.983251,36.970266],[24.985637,36.97206],[24.984025,36.976788],[24.990775,36.976264],[24.995682,36.970477],[25.000519,36.968543],[25.013609,36.971687],[25.015856,36.974432],[25.023734,36.967528],[25.028501,36.967296],[25.034483,36.963653],[25.026811,36.9612],[25.021623,36.955222],[25.018006,36.954388],[25.01231,36.953949],[25.010695,36.956692],[25.008377,36.953854],[25.003814,36.952321],[24.999198,36.957325],[25.000502,36.951935],[24.994184,36.949411],[24.991159,36.949192],[24.986913,36.952345],[24.985606,36.956316],[24.980566,36.957373]],[[25.015854,36.975899],[25.017059,36.977723],[25.021944,36.976086],[25.021226,36.974626],[25.015854,36.975899]],[[25.603279,36.91476],[25.604417,36.920096],[25.607628,36.919482],[25.605433,36.911323],[25.603279,36.91476]],[[25.900558,36.889652],[25.911327,36.890596],[25.927012,36.88752],[25.931513,36.885599],[25.935093,36.881558],[25.930164,36.881652],[25.929122,36.883473],[25.922669,36.885296],[25.91635,36.879525],[25.913425,36.878976],[25.896755,36.881447],[25.893832,36.882687],[25.892786,36.885038],[25.885501,36.886625],[25.888335,36.888776],[25.898152,36.888176],[25.900558,36.889652]],[[25.895708,36.880005],[25.894268,36.877101],[25.889451,36.877025],[25.891045,36.881014],[25.895708,36.880005]],[[25.690007,36.880515],[25.691083,36.878128],[25.684534,36.876809],[25.684483,36.879327],[25.690007,36.880515]],[[25.639616,36.873735],[25.638779,36.869719],[25.633679,36.869197],[25.633869,36.870947],[25.639616,36.873735]],[[25.628134,36.877717],[25.626652,36.875894],[25.625132,36.878005],[25.627095,36.878946],[25.628134,36.877717]],[[25.633145,36.87789],[25.632353,36.879855],[25.635043,36.88053],[25.634676,36.87855],[25.633145,36.87789]],[[25.622512,36.860061],[25.62034,36.860634],[25.621064,36.863593],[25.623802,36.861805],[25.622512,36.860061]],[[25.544345,36.855097],[25.546237,36.857143],[25.548837,36.855891],[25.546685,36.853974],[25.544345,36.855097]],[[25.485571,36.852846],[25.481165,36.856444],[25.487342,36.856964],[25.485571,36.852846]],[[25.517961,36.843464],[25.516869,36.848081],[25.520154,36.851877],[25.523194,36.850573],[25.524188,36.845025],[25.527371,36.844959],[25.528721,36.843079],[25.518007,36.836802],[25.517429,36.840223],[25.522337,36.843977],[25.517961,36.843464]],[[25.672313,36.847797],[25.675429,36.849576],[25.683707,36.850374],[25.685633,36.849712],[25.684303,36.848423],[25.688109,36.846422],[25.692817,36.847866],[25.693948,36.844783],[25.689144,36.840615],[25.682734,36.844237],[25.677622,36.842129],[25.672609,36.842353],[25.671017,36.84285],[25.672313,36.847797]],[[25.670828,36.842124],[25.676549,36.840542],[25.673294,36.83865],[25.673557,36.835642],[25.668015,36.832215],[25.667205,36.833421],[25.669606,36.83539],[25.664063,36.83817],[25.662578,36.837496],[25.657697,36.844164],[25.660408,36.847377],[25.666672,36.847625],[25.670828,36.842124]],[[25.527563,36.837017],[25.524785,36.831634],[25.522587,36.832099],[25.524904,36.837172],[25.527563,36.837017]],[[25.788674,36.819292],[25.790979,36.820639],[25.797516,36.81944],[25.795482,36.817192],[25.788674,36.819292]],[[25.748768,36.81609],[25.746964,36.813808],[25.750413,36.812343],[25.748206,36.809465],[25.752446,36.80613],[25.751936,36.803964],[25.747402,36.802055],[25.747926,36.800041],[25.746374,36.799426],[25.739688,36.808699],[25.744988,36.814345],[25.743783,36.81682],[25.748768,36.81609]],[[25.411668,36.829511],[25.410432,36.828005],[25.406699,36.827904],[25.406759,36.829441],[25.411668,36.829511]],[[25.306607,36.793203],[25.308832,36.792448],[25.310744,36.789438],[25.313027,36.789233],[25.314458,36.782836],[25.322285,36.777241],[25.326604,36.777352],[25.329704,36.775011],[25.330306,36.769612],[25.33503,36.766363],[25.329576,36.760651],[25.330494,36.758207],[25.327546,36.755213],[25.331035,36.752401],[25.338193,36.755269],[25.340707,36.75068],[25.346631,36.751378],[25.351663,36.746277],[25.358601,36.744501],[25.36412,36.750307],[25.366677,36.750331],[25.364187,36.74708],[25.365379,36.74456],[25.362976,36.742637],[25.363159,36.737882],[25.370231,36.733871],[25.386157,36.731683],[25.388693,36.730149],[25.389672,36.725772],[25.39605,36.724635],[25.396375,36.719328],[25.400655,36.71825],[25.403118,36.715795],[25.402284,36.711017],[25.392537,36.709987],[25.389493,36.708071],[25.388195,36.70494],[25.389074,36.703063],[25.386267,36.703586],[25.384604,36.698167],[25.380633,36.695396],[25.381392,36.692446],[25.388379,36.691083],[25.38931,36.687616],[25.386321,36.684989],[25.381029,36.683882],[25.386262,36.682997],[25.38698,36.679487],[25.39483,36.671085],[25.394178,36.668568],[25.388624,36.669796],[25.387467,36.671891],[25.383593,36.671226],[25.38289,36.669505],[25.388203,36.666112],[25.388024,36.663402],[25.392043,36.662259],[25.389086,36.660566],[25.390598,36.658561],[25.386369,36.651798],[25.38852,36.650744],[25.387267,36.646843],[25.385462,36.64746],[25.385577,36.650889],[25.383803,36.650547],[25.381456,36.653489],[25.376315,36.652606],[25.373888,36.65802],[25.369166,36.660116],[25.364347,36.656041],[25.366758,36.653585],[25.36165,36.650033],[25.362933,36.648894],[25.359498,36.646954],[25.356797,36.641715],[25.355351,36.641754],[25.352675,36.647179],[25.34818,36.648541],[25.349519,36.651583],[25.345819,36.655617],[25.341741,36.654054],[25.342019,36.65551],[25.338042,36.656173],[25.339529,36.660046],[25.335337,36.664463],[25.337427,36.665895],[25.334219,36.66687],[25.334903,36.67046],[25.330934,36.669442],[25.325737,36.671213],[25.325101,36.673552],[25.327051,36.674765],[25.327197,36.678055],[25.319653,36.675872],[25.320715,36.681649],[25.312196,36.684451],[25.314147,36.688131],[25.309256,36.690094],[25.304626,36.689901],[25.300633,36.692936],[25.300651,36.695452],[25.296735,36.698779],[25.296763,36.700844],[25.293024,36.702049],[25.289751,36.706019],[25.291758,36.709348],[25.295343,36.710516],[25.29355,36.714292],[25.284452,36.714118],[25.281879,36.712716],[25.27939,36.715019],[25.278353,36.711969],[25.275148,36.710469],[25.273738,36.713621],[25.264992,36.711681],[25.268763,36.715856],[25.26579,36.717426],[25.266693,36.720174],[25.272903,36.724804],[25.270643,36.727119],[25.260872,36.720106],[25.258818,36.713748],[25.254698,36.718369],[25.257992,36.724596],[25.246178,36.722201],[25.249039,36.725243],[25.25575,36.726961],[25.253157,36.729128],[25.257866,36.735182],[25.256222,36.738281],[25.258311,36.74095],[25.258099,36.743691],[25.262975,36.746503],[25.259313,36.749714],[25.262682,36.756552],[25.257964,36.756338],[25.25936,36.768254],[25.262211,36.771772],[25.266098,36.772518],[25.264174,36.774703],[25.2674,36.778923],[25.270319,36.777212],[25.271235,36.784548],[25.273397,36.787899],[25.275273,36.788466],[25.277582,36.786076],[25.281303,36.789557],[25.281663,36.786896],[25.290267,36.786142],[25.293828,36.79054],[25.29897,36.791523],[25.300839,36.789899],[25.306607,36.793203]],[[25.10489,36.650118],[25.102426,36.647438],[25.096911,36.645883],[25.095234,36.643242],[25.083742,36.638857],[25.081136,36.635364],[25.079546,36.635978],[25.075265,36.633614],[25.069366,36.632528],[25.067397,36.634837],[25.059707,36.63655],[25.060676,36.640435],[25.070511,36.656418],[25.077556,36.663482],[25.083877,36.666432],[25.083139,36.669286],[25.087992,36.675478],[25.087776,36.683168],[25.095835,36.693556],[25.125402,36.705137],[25.1397,36.715953],[25.152163,36.715261],[25.155723,36.718247],[25.161444,36.716251],[25.166392,36.718132],[25.172091,36.715455],[25.178443,36.716993],[25.185006,36.712751],[25.17717,36.708292],[25.179867,36.705736],[25.179778,36.699762],[25.174342,36.697169],[25.173679,36.694468],[25.171094,36.694737],[25.160455,36.686427],[25.157735,36.685864],[25.157411,36.684485],[25.160532,36.684332],[25.158108,36.681192],[25.155189,36.681193],[25.154713,36.675867],[25.14768,36.673912],[25.144346,36.67548],[25.140077,36.672109],[25.138285,36.666719],[25.134798,36.666902],[25.13151,36.664922],[25.133206,36.662721],[25.131718,36.659423],[25.124391,36.658168],[25.121851,36.65606],[25.121067,36.652377],[25.10489,36.650118]],[[25.058051,36.633639],[25.057471,36.63179],[25.053854,36.630404],[25.053792,36.633235],[25.050804,36.634336],[25.058051,36.633639]],[[25.678827,36.631417],[25.680831,36.629064],[25.688477,36.629279],[25.695671,36.621492],[25.685544,36.621163],[25.68441,36.620427],[25.685578,36.6189],[25.683778,36.61876],[25.677678,36.622582],[25.676811,36.627125],[25.67145,36.628989],[25.678827,36.631417]],[[25.010055,36.622319],[25.007295,36.623131],[25.006006,36.625624],[25.00683,36.629292],[25.019012,36.633507],[25.019276,36.637323],[25.024382,36.637253],[25.031071,36.633945],[25.021929,36.627131],[25.010055,36.622319]],[[24.641577,36.743781],[24.638993,36.745062],[24.638133,36.748367],[24.632944,36.746122],[24.616181,36.752906],[24.614077,36.757842],[24.616991,36.760581],[24.611351,36.763814],[24.613023,36.767316],[24.611436,36.771983],[24.609601,36.773999],[24.604822,36.774592],[24.606369,36.783548],[24.615307,36.790343],[24.619683,36.789754],[24.620657,36.788107],[24.623924,36.78863],[24.62568,36.785529],[24.638112,36.78688],[24.64301,36.781815],[24.645373,36.783613],[24.647473,36.781011],[24.651364,36.780949],[24.65737,36.777433],[24.660491,36.778881],[24.659115,36.776095],[24.662216,36.77474],[24.660373,36.772951],[24.665735,36.769625],[24.664387,36.761847],[24.665944,36.760716],[24.664768,36.75767],[24.666732,36.753315],[24.660675,36.752627],[24.659356,36.748418],[24.654969,36.747755],[24.651472,36.744328],[24.641577,36.743781]],[[24.579877,36.760851],[24.581113,36.759169],[24.580021,36.756585],[24.576733,36.754887],[24.576517,36.756799],[24.579877,36.760851]],[[24.610621,36.767758],[24.610249,36.766412],[24.608021,36.767016],[24.610621,36.767758]],[[24.584463,36.773521],[24.581001,36.772322],[24.580573,36.77579],[24.585085,36.776207],[24.584463,36.773521]],[[24.389811,36.778289],[24.388553,36.780027],[24.394247,36.781463],[24.389811,36.778289]],[[24.399902,36.779202],[24.397482,36.780876],[24.401597,36.785682],[24.403426,36.781096],[24.399902,36.779202]],[[24.985994,36.610636],[24.986063,36.61275],[24.990659,36.616408],[24.99284,36.614534],[24.988497,36.61107],[24.985994,36.610636]],[[26.342134,36.615295],[26.346869,36.615381],[26.34695,36.6136],[26.350039,36.611364],[26.354154,36.610883],[26.35337,36.607852],[26.354933,36.608194],[26.356972,36.60334],[26.359739,36.60233],[26.360086,36.597441],[26.363302,36.591955],[26.355192,36.594428],[26.358479,36.595452],[26.356026,36.602486],[26.348644,36.606024],[26.341369,36.612235],[26.337786,36.612744],[26.339564,36.614877],[26.342805,36.613169],[26.342134,36.615295]],[[24.959786,36.608382],[24.955919,36.608076],[24.957006,36.609331],[24.959786,36.608382]],[[27.79193,36.629591],[27.791686,36.631346],[27.792822,36.63218],[27.793807,36.630036],[27.79193,36.629591]],[[27.168815,36.620697],[27.171151,36.618333],[27.174536,36.617919],[27.183233,36.619921],[27.19065,36.618279],[27.194258,36.612114],[27.199128,36.607909],[27.209064,36.589631],[27.214499,36.58487],[27.213799,36.579403],[27.206026,36.568998],[27.199666,36.566102],[27.193351,36.556628],[27.190161,36.5564],[27.187369,36.558665],[27.181272,36.559704],[27.17773,36.558084],[27.165561,36.557428],[27.162801,36.559821],[27.160347,36.558971],[27.152192,36.56106],[27.149287,36.563872],[27.144596,36.565327],[27.139444,36.5625],[27.134411,36.56279],[27.132857,36.564038],[27.133368,36.568288],[27.135597,36.5702],[27.13421,36.572091],[27.128567,36.57037],[27.122883,36.571329],[27.123116,36.574074],[27.128232,36.576566],[27.126315,36.580756],[27.129336,36.589875],[27.125999,36.598327],[27.127731,36.608273],[27.13306,36.612997],[27.136664,36.613017],[27.13949,36.614944],[27.139936,36.612836],[27.154781,36.61253],[27.168815,36.620697]],[[27.759572,36.579078],[27.761039,36.581944],[27.764913,36.582178],[27.764527,36.580389],[27.759572,36.579078]],[[27.750857,36.570769],[27.752463,36.574475],[27.755174,36.575021],[27.753612,36.571622],[27.750857,36.570769]],[[27.746132,36.567818],[27.74683,36.568952],[27.748404,36.569467],[27.747818,36.568028],[27.746132,36.567818]],[[27.745151,36.560518],[27.745594,36.561716],[27.748527,36.560497],[27.745151,36.560518]],[[26.455341,36.556516],[26.457194,36.554909],[26.448756,36.548983],[26.451385,36.548149],[26.449265,36.545336],[26.446375,36.546445],[26.448491,36.548518],[26.44203,36.545807],[26.437862,36.546765],[26.443941,36.549692],[26.444847,36.551693],[26.448622,36.552013],[26.449145,36.555037],[26.455341,36.556516]],[[26.408547,36.544592],[26.405087,36.546261],[26.400996,36.54548],[26.400596,36.550933],[26.405881,36.550881],[26.408338,36.547148],[26.410838,36.546406],[26.408547,36.544592]],[[26.398621,36.558816],[26.3915,36.560764],[26.390565,36.569687],[26.392764,36.569158],[26.393393,36.564599],[26.395168,36.564932],[26.398621,36.558816]],[[27.071099,36.574142],[27.082832,36.573052],[27.083433,36.571926],[27.079226,36.566715],[27.068328,36.564641],[27.062779,36.565401],[27.061709,36.567015],[27.071099,36.574142]],[[26.399846,36.568161],[26.407006,36.565142],[26.406443,36.5625],[26.404078,36.560778],[26.39935,36.560868],[26.397144,36.567779],[26.399846,36.568161]],[[27.043581,36.593448],[27.042035,36.584849],[27.045419,36.582971],[27.043326,36.580102],[27.039171,36.580484],[27.033943,36.58754],[27.029495,36.58988],[27.03044,36.594663],[27.043581,36.593448]],[[26.449256,36.540177],[26.450559,36.542225],[26.451888,36.542886],[26.452421,36.540823],[26.449256,36.540177]],[[26.451726,36.535224],[26.451718,36.536744],[26.454183,36.537037],[26.454035,36.53634],[26.451726,36.535224]],[[27.848791,36.521065],[27.848042,36.522895],[27.848907,36.523927],[27.851079,36.521511],[27.848791,36.521065]],[[25.911904,36.817946],[25.910854,36.815967],[25.908499,36.817392],[25.911904,36.817946]],[[26.923857,36.888694],[26.924409,36.885598],[26.922897,36.884109],[26.919921,36.884604],[26.917876,36.888219],[26.923857,36.888694]],[[26.167896,36.902466],[26.172155,36.901413],[26.171359,36.898698],[26.167801,36.900012],[26.167896,36.902466]],[[26.169575,36.909154],[26.16917,36.905919],[26.166607,36.904812],[26.160862,36.906925],[26.166786,36.912641],[26.169575,36.909154]],[[26.935136,36.93085],[26.935004,36.932878],[26.938722,36.932405],[26.938295,36.931701],[26.935136,36.93085]],[[27.096726,36.950987],[27.098094,36.948931],[27.0962,36.945405],[27.096785,36.93965],[27.098951,36.936167],[27.094589,36.933102],[27.090633,36.937154],[27.091277,36.942878],[27.089537,36.945425],[27.094119,36.945341],[27.09463,36.947304],[27.091392,36.949995],[27.096726,36.950987]],[[27.057985,36.953847],[27.055651,36.954487],[27.057381,36.956236],[27.057985,36.953847]],[[27.06562,37.084414],[27.066842,37.082804],[27.068842,37.08172],[27.065926,37.08211],[27.06562,37.084414]],[[25.830392,37.125099],[25.835313,37.128986],[25.837535,37.123737],[25.834091,37.122529],[25.830392,37.125099]],[[27.282934,36.484234],[27.28876,36.485461],[27.300403,36.482724],[27.290924,36.477754],[27.282453,36.479838],[27.282934,36.484234]],[[27.346796,36.479801],[27.348601,36.48296],[27.351467,36.483847],[27.352582,36.481489],[27.351282,36.478014],[27.353414,36.476907],[27.356891,36.48165],[27.360135,36.481417],[27.361583,36.477241],[27.369243,36.469161],[27.371547,36.463858],[27.37042,36.463241],[27.377959,36.453021],[27.382015,36.451237],[27.383554,36.447469],[27.386296,36.44605],[27.384807,36.443747],[27.38765,36.437495],[27.392326,36.436507],[27.394078,36.434183],[27.397572,36.440809],[27.400566,36.441533],[27.400867,36.437882],[27.391818,36.430412],[27.394324,36.428463],[27.394509,36.426036],[27.390366,36.423714],[27.388726,36.41914],[27.386742,36.418085],[27.386896,36.41459],[27.389102,36.41266],[27.398236,36.409479],[27.401954,36.41221],[27.402982,36.416279],[27.407098,36.416386],[27.406915,36.419669],[27.408159,36.419602],[27.421875,36.404576],[27.427719,36.401644],[27.432089,36.40634],[27.430979,36.409966],[27.433498,36.412559],[27.432384,36.415365],[27.438151,36.416953],[27.442505,36.415626],[27.451314,36.406527],[27.447502,36.39948],[27.436201,36.390936],[27.42716,36.388625],[27.425307,36.386475],[27.421875,36.387835],[27.4111,36.380467],[27.40474,36.379449],[27.405126,36.384964],[27.403345,36.38542],[27.402509,36.383324],[27.399255,36.382781],[27.39818,36.376835],[27.392635,36.374599],[27.391405,36.375087],[27.389152,36.385724],[27.378969,36.377471],[27.378789,36.381366],[27.381167,36.38343],[27.381841,36.388587],[27.379127,36.388492],[27.378296,36.393077],[27.374783,36.396333],[27.376575,36.397164],[27.37256,36.39961],[27.372773,36.402012],[27.368518,36.398578],[27.36479,36.392207],[27.362255,36.391597],[27.364738,36.400228],[27.364475,36.404708],[27.35886,36.407434],[27.356731,36.419716],[27.359426,36.42749],[27.358328,36.426364],[27.353876,36.432306],[27.342874,36.432583],[27.339521,36.429901],[27.338937,36.423676],[27.334271,36.420951],[27.329927,36.423801],[27.324332,36.422428],[27.322064,36.418964],[27.322289,36.413022],[27.319376,36.406326],[27.317602,36.411408],[27.318201,36.414414],[27.313963,36.411971],[27.312126,36.412484],[27.310324,36.423083],[27.305267,36.422483],[27.30217,36.420245],[27.30008,36.422439],[27.295996,36.421722],[27.295269,36.424248],[27.292635,36.424258],[27.292624,36.432853],[27.299379,36.453584],[27.296825,36.456356],[27.296509,36.462247],[27.294384,36.46376],[27.294844,36.46512],[27.298046,36.465411],[27.297855,36.468917],[27.301348,36.471604],[27.303026,36.47075],[27.307668,36.473183],[27.303879,36.469343],[27.305316,36.464832],[27.321949,36.457932],[27.329214,36.457219],[27.335755,36.460237],[27.336968,36.465679],[27.339616,36.468498],[27.337919,36.472342],[27.340894,36.478746],[27.346796,36.479801]],[[27.465657,36.374635],[27.470764,36.377741],[27.469888,36.373745],[27.457231,36.362692],[27.45704,36.359685],[27.451942,36.358158],[27.453695,36.363402],[27.464504,36.371959],[27.465657,36.374635]],[[26.68399,36.359053],[26.683289,36.357624],[26.689585,36.35093],[26.68873,36.349501],[26.690774,36.346241],[26.698009,36.342773],[26.698298,36.33987],[26.694946,36.34002],[26.694222,36.334577],[26.690147,36.333315],[26.687269,36.334505],[26.689765,36.328775],[26.683077,36.324081],[26.681775,36.324919],[26.681545,36.329449],[26.678591,36.331246],[26.680461,36.334511],[26.678045,36.33613],[26.674205,36.334105],[26.67358,36.328693],[26.66796,36.329709],[26.666238,36.331677],[26.667225,36.332952],[26.660961,36.335517],[26.661856,36.342573],[26.667174,36.339882],[26.658777,36.352105],[26.654916,36.352944],[26.656806,36.354508],[26.654059,36.355709],[26.660548,36.357841],[26.665632,36.357245],[26.671908,36.361946],[26.68399,36.359053]],[[26.729482,36.324483],[26.728825,36.325698],[26.729806,36.32689],[26.731094,36.325184],[26.729482,36.324483]],[[25.443333,36.331547],[25.439413,36.33208],[25.437848,36.335031],[25.434,36.335164],[25.429372,36.341291],[25.422809,36.345395],[25.407614,36.348697],[25.399113,36.348794],[25.394295,36.34599],[25.39231,36.348761],[25.384543,36.346731],[25.382236,36.347236],[25.382361,36.350589],[25.373388,36.355557],[25.369989,36.355722],[25.36415,36.351071],[25.354193,36.357743],[25.361111,36.359847],[25.36551,36.366037],[25.372027,36.36419],[25.375262,36.367005],[25.378871,36.367398],[25.40439,36.361079],[25.413,36.361974],[25.416177,36.364501],[25.416086,36.36754],[25.421039,36.370777],[25.421231,36.37622],[25.42741,36.383374],[25.427737,36.38634],[25.430381,36.386719],[25.433766,36.391768],[25.431186,36.39904],[25.426092,36.402357],[25.42546,36.40553],[25.428264,36.410305],[25.428664,36.416561],[25.424959,36.419112],[25.423582,36.426746],[25.412748,36.429305],[25.414819,36.434258],[25.421785,36.442011],[25.423027,36.445957],[25.412912,36.458641],[25.395406,36.455283],[25.393221,36.458418],[25.378534,36.459775],[25.371791,36.457428],[25.369221,36.460132],[25.367192,36.46583],[25.367607,36.47051],[25.372065,36.476022],[25.381904,36.481649],[25.38914,36.482946],[25.402171,36.478304],[25.422545,36.474552],[25.423539,36.470269],[25.425849,36.469136],[25.430391,36.46004],[25.452423,36.441578],[25.461387,36.428065],[25.484598,36.411514],[25.487333,36.407757],[25.488538,36.403183],[25.486201,36.386719],[25.488036,36.378207],[25.480328,36.369611],[25.486169,36.361654],[25.48006,36.357036],[25.475856,36.357215],[25.462871,36.343858],[25.443333,36.331547]],[[25.351643,36.383582],[25.350011,36.382224],[25.344318,36.382033],[25.348778,36.385488],[25.351643,36.383582]],[[25.386656,36.393556],[25.384408,36.391708],[25.381216,36.392123],[25.379324,36.395176],[25.371567,36.398873],[25.380273,36.402005],[25.386656,36.393556]],[[25.396022,36.39375],[25.392058,36.393946],[25.386162,36.398124],[25.388025,36.400782],[25.385663,36.402549],[25.387473,36.411044],[25.391007,36.416169],[25.394106,36.413075],[25.39921,36.413173],[25.404632,36.410898],[25.406602,36.412883],[25.411173,36.409904],[25.409904,36.402802],[25.406773,36.403097],[25.406098,36.396255],[25.398585,36.396325],[25.396022,36.39375]],[[25.350572,36.415894],[25.353033,36.413965],[25.352417,36.408131],[25.345243,36.413176],[25.339849,36.414402],[25.335567,36.418353],[25.323745,36.419176],[25.323336,36.431494],[25.336859,36.45781],[25.342961,36.460134],[25.345078,36.459459],[25.344795,36.452498],[25.355896,36.450456],[25.355426,36.445184],[25.35893,36.44186],[25.356824,36.436524],[25.354294,36.438698],[25.351467,36.43848],[25.346873,36.432583],[25.35082,36.427045],[25.350572,36.415894]],[[26.614745,36.421346],[26.620803,36.423855],[26.624758,36.419903],[26.617087,36.419973],[26.614745,36.421346]],[[26.602182,36.419911],[26.599322,36.417009],[26.594357,36.418305],[26.598901,36.421096],[26.602182,36.419911]],[[25.757553,36.393944],[25.760121,36.399081],[25.765537,36.400736],[25.766258,36.402763],[25.764837,36.405118],[25.766847,36.40604],[25.772295,36.399345],[25.778307,36.399309],[25.779427,36.396702],[25.778101,36.394612],[25.779833,36.392795],[25.787003,36.389562],[25.797228,36.388636],[25.802613,36.380991],[25.810865,36.379282],[25.819491,36.374195],[25.826887,36.372389],[25.826394,36.369112],[25.829214,36.364296],[25.828569,36.362034],[25.830629,36.360581],[25.840034,36.357594],[25.844165,36.358125],[25.847096,36.355719],[25.856988,36.357874],[25.858687,36.356678],[25.858659,36.35438],[25.853955,36.348342],[25.843367,36.344149],[25.832534,36.348161],[25.829571,36.34741],[25.826089,36.350576],[25.826134,36.353536],[25.822,36.354279],[25.802543,36.349269],[25.789161,36.343793],[25.781242,36.344522],[25.779567,36.342685],[25.775405,36.344812],[25.771462,36.343754],[25.769529,36.341502],[25.768208,36.341995],[25.768692,36.344655],[25.76237,36.347015],[25.755211,36.347721],[25.748636,36.351558],[25.735663,36.353164],[25.728912,36.358965],[25.72601,36.366188],[25.734131,36.372],[25.734599,36.377307],[25.746539,36.382374],[25.749577,36.38921],[25.755137,36.393864],[25.757553,36.393944]],[[25.801543,36.313627],[25.802961,36.309838],[25.7953,36.309917],[25.793709,36.311681],[25.797644,36.311465],[25.801543,36.313627]],[[26.740391,36.303623],[26.743765,36.301747],[26.743526,36.292855],[26.741666,36.292835],[26.740321,36.296474],[26.738505,36.296174],[26.736072,36.298561],[26.737214,36.302246],[26.740391,36.303623]],[[26.755521,36.300613],[26.755223,36.303375],[26.762337,36.300865],[26.763142,36.298716],[26.755521,36.300613]],[[26.744782,36.290558],[26.749487,36.287696],[26.749576,36.284301],[26.75355,36.282094],[26.749903,36.280965],[26.748605,36.282919],[26.741332,36.28186],[26.737911,36.284163],[26.742118,36.287215],[26.739641,36.289616],[26.744782,36.290558]],[[27.714388,36.285924],[27.721897,36.283689],[27.724977,36.281055],[27.719906,36.277128],[27.722154,36.274866],[27.723307,36.269206],[27.716048,36.265457],[27.719426,36.264981],[27.720214,36.263411],[27.713063,36.255279],[27.711474,36.254859],[27.709115,36.257229],[27.707667,36.256317],[27.708872,36.251486],[27.702923,36.243654],[27.70123,36.24413],[27.694417,36.25746],[27.70049,36.254094],[27.705111,36.254943],[27.706212,36.25675],[27.703369,36.260102],[27.709063,36.266467],[27.70866,36.269111],[27.698441,36.267691],[27.688025,36.260378],[27.684673,36.260086],[27.684047,36.262896],[27.685624,36.264645],[27.685138,36.268217],[27.688966,36.271244],[27.689162,36.273865],[27.693805,36.280465],[27.698233,36.28107],[27.700236,36.283025],[27.714388,36.285924]],[[27.770928,36.265043],[27.773438,36.264788],[27.773831,36.26122],[27.766184,36.254107],[27.760489,36.252579],[27.763082,36.25759],[27.770928,36.265043]],[[27.766226,36.243973],[27.771888,36.245077],[27.774928,36.242305],[27.771745,36.240447],[27.766226,36.243973]],[[27.618671,36.243505],[27.622135,36.238902],[27.621999,36.236431],[27.619553,36.234486],[27.62214,36.231662],[27.621734,36.228504],[27.6255,36.226758],[27.625406,36.225536],[27.613475,36.223075],[27.613837,36.220851],[27.61712,36.219985],[27.616268,36.218034],[27.617813,36.215793],[27.615547,36.214191],[27.606582,36.216065],[27.604845,36.222165],[27.600216,36.216621],[27.585682,36.215774],[27.585492,36.208857],[27.581104,36.205526],[27.576051,36.210938],[27.580637,36.214316],[27.581036,36.216197],[27.555656,36.218519],[27.543375,36.213801],[27.540624,36.215644],[27.536453,36.213341],[27.534663,36.21425],[27.526412,36.210938],[27.520547,36.206216],[27.518368,36.207662],[27.519964,36.212489],[27.517598,36.214483],[27.519241,36.218628],[27.517529,36.222991],[27.515814,36.223351],[27.516067,36.227061],[27.521063,36.233054],[27.516655,36.235569],[27.519889,36.238368],[27.523954,36.236623],[27.525695,36.239077],[27.532435,36.236664],[27.534161,36.240757],[27.541674,36.240186],[27.544883,36.238027],[27.550008,36.243002],[27.553809,36.243129],[27.555904,36.23766],[27.557238,36.239647],[27.564066,36.241204],[27.566854,36.243563],[27.570369,36.242807],[27.575548,36.244216],[27.578589,36.241364],[27.585655,36.245613],[27.597619,36.248287],[27.599844,36.246616],[27.603319,36.247632],[27.605245,36.244751],[27.606973,36.245744],[27.611757,36.244594],[27.614336,36.241444],[27.618671,36.243505]],[[27.708248,36.225343],[27.709824,36.223564],[27.707555,36.220741],[27.702687,36.219575],[27.700814,36.222735],[27.708248,36.225343]],[[27.627912,36.222638],[27.632892,36.218434],[27.632622,36.217174],[27.626725,36.21568],[27.625145,36.216947],[27.6246,36.220288],[27.627912,36.222638]],[[27.675244,36.216431],[27.676521,36.213826],[27.673213,36.21296],[27.672931,36.213688],[27.675244,36.216431]],[[27.620396,36.214087],[27.617646,36.214178],[27.619456,36.215217],[27.620396,36.214087]],[[23.113829,36.225263],[23.116658,36.220044],[23.112815,36.218604],[23.11015,36.219485],[23.108603,36.222297],[23.107309,36.221324],[23.104102,36.222777],[23.106132,36.226136],[23.113829,36.225263]],[[25.215313,36.237609],[25.216985,36.233068],[25.214979,36.231651],[25.21003,36.233255],[25.210336,36.235726],[25.208542,36.236455],[25.210521,36.237734],[25.215313,36.237609]],[[23.119585,36.236816],[23.118881,36.233384],[23.10991,36.234284],[23.11155,36.237797],[23.116843,36.236104],[23.119585,36.236816]],[[25.19985,36.243171],[25.200234,36.242004],[25.198576,36.24207],[25.199404,36.24395],[25.196414,36.244869],[25.195856,36.247368],[25.204466,36.259377],[25.207137,36.252494],[25.212141,36.24876],[25.210527,36.244281],[25.208064,36.24361],[25.205535,36.245194],[25.19985,36.243171]],[[27.652216,36.251191],[27.651368,36.256577],[27.648801,36.25931],[27.657424,36.261041],[27.660342,36.258261],[27.658448,36.253393],[27.652216,36.251191]],[[27.638336,36.248976],[27.638719,36.250448],[27.640644,36.251093],[27.640471,36.249733],[27.638336,36.248976]],[[27.656064,36.249046],[27.657382,36.248786],[27.658323,36.245855],[27.655256,36.246611],[27.656064,36.249046]],[[23.080892,36.262519],[23.07913,36.268557],[23.077028,36.270215],[23.077619,36.273762],[23.079708,36.27522],[23.082083,36.274684],[23.080865,36.271458],[23.084515,36.27152],[23.086219,36.266955],[23.080892,36.262519]],[[25.822049,36.275232],[25.823942,36.278181],[25.837484,36.277467],[25.840323,36.27327],[25.840334,36.270471],[25.838509,36.268802],[25.830702,36.264759],[25.826069,36.266774],[25.822049,36.275232]],[[25.893333,36.275696],[25.897779,36.275044],[25.892586,36.272976],[25.887982,36.266808],[25.882589,36.265178],[25.881386,36.268829],[25.877388,36.272405],[25.886396,36.272007],[25.893333,36.275696]],[[27.678537,36.265484],[27.677795,36.262658],[27.674809,36.263777],[27.678537,36.265484]],[[23.096421,36.2643],[23.095175,36.262857],[23.092258,36.264334],[23.093723,36.266208],[23.096421,36.2643]],[[27.669682,36.198974],[27.674361,36.198651],[27.673746,36.197881],[27.669682,36.198974]],[[27.691567,36.14027],[27.690554,36.142325],[27.691071,36.142953],[27.693422,36.141163],[27.691567,36.14027]],[[27.700969,36.110335],[27.700628,36.113035],[27.703563,36.112016],[27.703361,36.110774],[27.700969,36.110335]],[[26.391387,36.079263],[26.390863,36.082063],[26.393057,36.083373],[26.396546,36.080104],[26.406036,36.077516],[26.405383,36.071521],[26.403444,36.068511],[26.406986,36.069999],[26.408933,36.065081],[26.406033,36.064045],[26.40124,36.065421],[26.40257,36.06665],[26.393503,36.072429],[26.396984,36.077717],[26.391387,36.079263]],[[26.40338,36.05758],[26.406386,36.057811],[26.406121,36.056501],[26.40338,36.05758]],[[26.41089,36.044133],[26.408125,36.045654],[26.40927,36.051538],[26.41196,36.045443],[26.41089,36.044133]],[[26.434824,35.999868],[26.435001,36.001478],[26.436043,36.001596],[26.436294,36.000409],[26.434824,35.999868]],[[27.702605,35.988351],[27.705023,35.990365],[27.708359,35.990653],[27.705807,35.988765],[27.702605,35.988351]],[[23.252684,35.975815],[23.251691,35.973088],[23.247359,35.970911],[23.242873,35.971615],[23.241285,35.97457],[23.242006,35.976389],[23.252684,35.975815]],[[27.701062,35.93422],[27.700072,35.936664],[27.703688,35.935892],[27.703277,35.934913],[27.701062,35.93422]],[[26.834978,35.908486],[26.834739,35.910615],[26.837126,35.910249],[26.836866,35.908899],[26.834978,35.908486]],[[27.226923,35.906174],[27.229937,35.904567],[27.234702,35.904664],[27.241404,35.901346],[27.241057,35.894928],[27.236466,35.895615],[27.235664,35.891979],[27.236834,35.889402],[27.23393,35.886211],[27.235515,35.882875],[27.232562,35.879895],[27.233909,35.878472],[27.23155,35.874554],[27.232016,35.872502],[27.235422,35.871308],[27.233767,35.867812],[27.237859,35.863038],[27.238372,35.856446],[27.241402,35.851892],[27.240127,35.84969],[27.240718,35.846008],[27.238536,35.843337],[27.23999,35.835831],[27.238046,35.833544],[27.239852,35.831794],[27.239594,35.829565],[27.233888,35.828895],[27.232211,35.830194],[27.231978,35.839759],[27.215854,35.835229],[27.214425,35.8379],[27.210745,35.836038],[27.210324,35.838937],[27.202735,35.839896],[27.197831,35.845501],[27.199053,35.84987],[27.185145,35.85881],[27.188435,35.864471],[27.198909,35.862798],[27.201746,35.864041],[27.202583,35.869714],[27.205487,35.870916],[27.205799,35.873767],[27.208633,35.873768],[27.215237,35.878274],[27.216299,35.879627],[27.212555,35.883327],[27.215235,35.886559],[27.214554,35.895368],[27.217767,35.899409],[27.216444,35.901527],[27.22352,35.90194],[27.224547,35.903689],[27.227042,35.903528],[27.226923,35.906174]],[[26.2237,35.853517],[26.221682,35.855465],[26.22867,35.865818],[26.232038,35.86419],[26.23858,35.864601],[26.237791,35.862678],[26.235127,35.864082],[26.227555,35.860585],[26.2237,35.853517]],[[26.823002,35.872506],[26.822101,35.873871],[26.824497,35.877578],[26.828577,35.874614],[26.823002,35.872506]],[[26.823491,35.879085],[26.816239,35.881835],[26.813196,35.887975],[26.814407,35.893128],[26.817461,35.895991],[26.818061,35.888601],[26.82355,35.894195],[26.82687,35.892159],[26.824893,35.885705],[26.825874,35.881068],[26.823491,35.879085]],[[26.460301,35.827217],[26.463819,35.828935],[26.471249,35.825071],[26.466683,35.820906],[26.467324,35.82365],[26.460301,35.827217]],[[26.457846,35.825235],[26.453495,35.820588],[26.451112,35.823256],[26.454996,35.827063],[26.457846,35.825235]],[[23.931677,35.54308],[23.933898,35.540496],[23.939258,35.540195],[23.940601,35.538628],[23.93189,35.533627],[23.929806,35.530893],[23.924572,35.529614],[23.92333,35.531234],[23.926142,35.535356],[23.926245,35.539582],[23.929804,35.542298],[23.93128,35.541593],[23.931677,35.54308]],[[25.574693,35.599368],[25.574402,35.600695],[25.577688,35.59969],[25.574693,35.599368]],[[27.054348,35.59908],[27.059339,35.59757],[27.060078,35.596311],[27.054712,35.594314],[27.054348,35.59908]],[[24.177801,35.499884],[24.18073,35.500728],[24.182449,35.498352],[24.178321,35.498445],[24.177801,35.499884]],[[24.14971,35.491024],[24.15385,35.490217],[24.152904,35.485563],[24.15015,35.489017],[24.14971,35.491024]],[[25.210247,35.456861],[25.209319,35.463554],[25.216548,35.466849],[25.222191,35.465199],[25.242283,35.451515],[25.249658,35.451039],[25.248312,35.448064],[25.24547,35.44734],[25.242944,35.448843],[25.240739,35.445985],[25.242321,35.442394],[25.238934,35.434057],[25.241637,35.42707],[25.240707,35.423544],[25.236254,35.426788],[25.236362,35.430071],[25.233418,35.431663],[25.233457,35.433868],[25.230193,35.434004],[25.228649,35.428724],[25.224998,35.430418],[25.219556,35.435372],[25.221742,35.438836],[25.215451,35.439546],[25.212229,35.432537],[25.207883,35.435074],[25.208085,35.439525],[25.205563,35.439301],[25.206059,35.441224],[25.203517,35.44017],[25.20031,35.435543],[25.199178,35.438773],[25.194756,35.440061],[25.193864,35.443538],[25.189015,35.441662],[25.189313,35.439178],[25.184772,35.441153],[25.184493,35.447744],[25.191624,35.448156],[25.192761,35.450336],[25.199149,35.454083],[25.202322,35.453279],[25.205024,35.456679],[25.207578,35.454822],[25.210247,35.456861]],[[26.910483,35.457423],[26.909452,35.458664],[26.91066,35.460447],[26.913484,35.458946],[26.913296,35.458058],[26.910483,35.457423]],[[26.902853,35.455956],[26.900128,35.45287],[26.891209,35.449432],[26.891199,35.451546],[26.89607,35.453782],[26.897738,35.456213],[26.902853,35.455956]],[[26.882455,35.445925],[26.88463,35.446917],[26.886439,35.445411],[26.885131,35.444823],[26.882455,35.445925]],[[26.852407,35.441945],[26.861369,35.444512],[26.867293,35.442327],[26.868019,35.443689],[26.871841,35.443496],[26.871081,35.437033],[26.874666,35.435374],[26.875529,35.431435],[26.872084,35.432396],[26.867409,35.429573],[26.861002,35.428871],[26.856887,35.433682],[26.848507,35.437315],[26.845314,35.435978],[26.84038,35.436535],[26.842006,35.441502],[26.848835,35.439221],[26.852407,35.441945]],[[27.012395,35.437271],[27.01366,35.439502],[27.016718,35.438696],[27.014114,35.438131],[27.012395,35.437271]],[[27.001231,35.435073],[27.002154,35.431717],[27.004369,35.431281],[27.012404,35.433778],[27.015641,35.431966],[27.011659,35.425525],[27.002952,35.425881],[26.999273,35.419011],[27.001848,35.413389],[27.000423,35.408612],[26.991799,35.404496],[26.99206,35.401719],[26.989097,35.397316],[26.982998,35.39729],[26.980552,35.394303],[26.977113,35.396333],[26.977243,35.394793],[26.974941,35.39456],[26.974435,35.391347],[26.970481,35.391542],[26.966931,35.394788],[26.956637,35.391398],[26.953892,35.385178],[26.949371,35.383808],[26.948804,35.380283],[26.941134,35.378448],[26.936463,35.374888],[26.931862,35.368111],[26.933442,35.365093],[26.931608,35.362833],[26.923112,35.365159],[26.908338,35.362791],[26.897998,35.354717],[26.896402,35.350533],[26.890337,35.349549],[26.882788,35.338911],[26.875587,35.343395],[26.868975,35.340122],[26.866386,35.340503],[26.862854,35.347361],[26.860069,35.347794],[26.861678,35.344207],[26.859979,35.343853],[26.858114,35.346843],[26.855029,35.346775],[26.853436,35.349734],[26.847242,35.347189],[26.852408,35.353446],[26.851343,35.355885],[26.845758,35.355755],[26.843613,35.359657],[26.84524,35.361177],[26.844629,35.363613],[26.848395,35.36452],[26.84732,35.367573],[26.850929,35.368131],[26.848475,35.371575],[26.852465,35.373179],[26.851452,35.37451],[26.855665,35.374468],[26.853555,35.376768],[26.857954,35.376155],[26.860366,35.377646],[26.864686,35.381833],[26.865133,35.386442],[26.869435,35.388507],[26.868955,35.390785],[26.871003,35.392733],[26.889328,35.402408],[26.892981,35.407341],[26.893064,35.410023],[26.895759,35.410971],[26.90318,35.421971],[26.911873,35.422909],[26.924792,35.417624],[26.9333,35.417095],[26.939157,35.420184],[26.949904,35.421949],[26.950474,35.423774],[26.953442,35.422834],[26.963125,35.426959],[27.001231,35.435073]],[[26.168689,35.334574],[26.159294,35.333902],[26.164975,35.335668],[26.167699,35.338281],[26.17039,35.347816],[26.169018,35.349515],[26.176979,35.352887],[26.178557,35.355748],[26.182861,35.353893],[26.185969,35.355103],[26.186073,35.352482],[26.189141,35.348558],[26.191962,35.348771],[26.18476,35.344142],[26.184949,35.342967],[26.187898,35.343089],[26.187419,35.340415],[26.168689,35.334574]],[[26.180053,35.357586],[26.178031,35.356362],[26.17676,35.35698],[26.178933,35.359807],[26.180053,35.357586]],[[26.822964,35.359249],[26.823594,35.363071],[26.833964,35.363157],[26.828131,35.358878],[26.822964,35.359249]],[[26.836738,35.358941],[26.837932,35.359654],[26.841131,35.359478],[26.838915,35.357765],[26.836738,35.358941]],[[26.169949,35.372897],[26.169678,35.374286],[26.173949,35.378722],[26.174675,35.38281],[26.17693,35.374499],[26.169949,35.372897]],[[26.831828,35.429567],[26.83427,35.430967],[26.839808,35.430868],[26.839327,35.430285],[26.831828,35.429567]],[[26.841486,35.430887],[26.840671,35.432552],[26.842023,35.433953],[26.843678,35.431756],[26.841486,35.430887]],[[25.276738,35.434435],[25.274616,35.434536],[25.27543,35.43589],[25.276738,35.434435]],[[26.187426,35.333311],[26.189578,35.330606],[26.186956,35.32849],[26.187019,35.325367],[26.185053,35.325787],[26.182711,35.323343],[26.17953,35.32447],[26.174509,35.322057],[26.17346,35.323568],[26.170135,35.322985],[26.167154,35.324721],[26.155134,35.324664],[26.155347,35.328354],[26.165501,35.32889],[26.173379,35.332275],[26.187426,35.333311]],[[25.73826,35.295672],[25.737152,35.297498],[25.738748,35.299607],[25.740119,35.296463],[25.73826,35.295672]],[[25.73671,35.280904],[25.735788,35.282029],[25.738165,35.291902],[25.740423,35.294611],[25.751021,35.29267],[25.759603,35.286096],[25.7572,35.282019],[25.74995,35.278816],[25.749476,35.274823],[25.751275,35.274614],[25.754602,35.277928],[25.757555,35.27657],[25.759243,35.271119],[25.754846,35.270706],[25.75206,35.261955],[25.755351,35.259419],[25.754438,35.257965],[25.756112,35.256726],[25.759796,35.25667],[25.758865,35.250085],[25.756814,35.250024],[25.753019,35.253833],[25.745569,35.257091],[25.737275,35.255609],[25.735389,35.257442],[25.73874,35.263254],[25.737838,35.265745],[25.741036,35.265833],[25.741445,35.267079],[25.741031,35.269765],[25.737791,35.270755],[25.737029,35.272736],[25.742463,35.279922],[25.740764,35.281476],[25.73671,35.280904]],[[25.760481,35.26073],[25.759995,35.265319],[25.762203,35.267942],[25.76332,35.266323],[25.760481,35.26073]],[[25.732769,35.204219],[25.73435,35.201607],[25.732396,35.201041],[25.735592,35.198534],[25.733042,35.196993],[25.733289,35.194551],[25.731726,35.193385],[25.727045,35.194927],[25.726954,35.198181],[25.729235,35.198021],[25.732769,35.204219]],[[25.866794,35.197245],[25.871726,35.197465],[25.870738,35.192109],[25.864234,35.189252],[25.865051,35.188253],[25.863656,35.186812],[25.865127,35.184793],[25.863808,35.18531],[25.862888,35.182608],[25.857817,35.180625],[25.853174,35.182346],[25.854134,35.18742],[25.857415,35.191712],[25.860212,35.193601],[25.865419,35.192699],[25.866794,35.197245]],[[25.905514,35.188235],[25.907223,35.188603],[25.908746,35.187632],[25.905337,35.185639],[25.905514,35.188235]],[[25.762794,35.129952],[25.763064,35.130396],[25.763728,35.129335],[25.762794,35.129952]],[[26.330785,35.279434],[26.333306,35.282154],[26.338662,35.277674],[26.345665,35.2743],[26.349655,35.274498],[26.353467,35.271587],[26.350291,35.268047],[26.34013,35.266618],[26.332735,35.270332],[26.330785,35.279434]],[[26.298655,35.2086],[26.3039,35.20935],[26.296583,35.202654],[26.293457,35.20207],[26.298655,35.2086]],[[28.036561,36.555395],[28.035425,36.554539],[28.035481,36.558936],[28.036561,36.555395]],[[28.041278,36.5625],[28.037128,36.560853],[28.035961,36.561131],[28.036651,36.562642],[28.041278,36.5625]],[[28.129844,36.599243],[28.129754,36.596611],[28.128122,36.595492],[28.121685,36.59783],[28.126412,36.600679],[28.129844,36.599243]],[[28.247414,36.712083],[28.243212,36.712847],[28.243149,36.714311],[28.248623,36.714565],[28.247414,36.712083]],[[28.043959,36.68179],[28.042567,36.682468],[28.044883,36.68326],[28.043959,36.68179]],[[27.99027,36.702505],[27.989776,36.700984],[27.987499,36.701763],[27.987951,36.704773],[27.99027,36.702505]],[[27.99667,36.707125],[27.994787,36.70879],[27.996632,36.710132],[27.997887,36.709332],[27.99667,36.707125]],[[28.032013,36.718071],[28.014791,36.711867],[28.01482,36.71504],[28.012162,36.716873],[28.012933,36.719456],[28.01683,36.719643],[28.015332,36.72224],[28.017811,36.72395],[28.033427,36.726454],[28.034333,36.725871],[28.032013,36.718071]],[[28.004302,36.717402],[28.004704,36.713262],[28.000154,36.717782],[28.001225,36.720234],[28.004302,36.717402]],[[28.045568,36.725367],[28.053009,36.730327],[28.04736,36.732852],[28.047188,36.734314],[28.050922,36.735272],[28.066403,36.733449],[28.060725,36.726843],[28.054146,36.724496],[28.045568,36.725367]],[[27.966307,36.75177],[27.965537,36.74959],[27.961687,36.752569],[27.962558,36.752582],[27.966307,36.75177]],[[28.060157,36.760867],[28.058147,36.759182],[28.056216,36.75952],[28.05683,36.761363],[28.060157,36.760867]],[[28.124503,36.760786],[28.123666,36.762669],[28.127065,36.761237],[28.124503,36.760786]],[[28.034179,36.762244],[28.037426,36.76082],[28.037552,36.760098],[28.033698,36.760063],[28.034179,36.762244]],[[27.759983,36.751003],[27.759678,36.752338],[27.764705,36.753081],[27.759983,36.751003]],[[27.773438,36.752232],[27.773229,36.754511],[27.775565,36.756351],[27.775159,36.752443],[27.773438,36.752232]],[[27.79102,36.753095],[27.792285,36.752404],[27.790515,36.751098],[27.79102,36.753095]],[[27.808017,36.759253],[27.804959,36.757643],[27.8057,36.760304],[27.808017,36.759253]],[[28.155178,36.937524],[28.157568,36.935483],[28.156686,36.933482],[28.153276,36.934595],[28.155178,36.937524]],[[28.198061,36.963712],[28.200215,36.958739],[28.194856,36.957119],[28.189662,36.957927],[28.190773,36.959731],[28.198061,36.963712]],[[27.477221,36.957924],[27.47493,36.960556],[27.472746,36.959862],[27.467637,36.965673],[27.461475,36.965952],[27.460681,36.963477],[27.451426,36.97014],[27.445647,36.97002],[27.443924,36.980103],[27.437378,36.984492],[27.436267,36.986812],[27.425213,36.989754],[27.424462,36.996474],[27.431039,36.996604],[27.449799,36.986637],[27.485602,36.976804],[27.491229,36.972199],[27.492932,36.968326],[27.486656,36.960269],[27.480243,36.962616],[27.477221,36.957924]],[[27.384477,36.990202],[27.38086,36.992254],[27.379679,36.994355],[27.381691,36.995522],[27.384663,37.001702],[27.38691,37.000827],[27.384477,36.990202]],[[27.592038,36.971299],[27.58857,36.973925],[27.588871,36.980212],[27.591676,36.979455],[27.592746,36.976991],[27.595537,36.978418],[27.600105,36.975428],[27.597266,36.972734],[27.598082,36.969694],[27.601873,36.966547],[27.594884,36.970258],[27.592097,36.968524],[27.592038,36.971299]],[[27.581388,36.978526],[27.57913,36.976899],[27.577962,36.97747],[27.578678,36.97862],[27.581388,36.978526]],[[27.657531,36.977989],[27.65615,36.978136],[27.65518,36.980006],[27.657531,36.977989]],[[28.210307,36.991427],[28.200488,36.9912],[28.205649,36.995643],[28.205485,36.993369],[28.209475,36.993221],[28.210307,36.991427]],[[28.209641,36.998427],[28.208611,36.996958],[28.204787,36.998856],[28.208575,36.999327],[28.209641,36.998427]],[[28.241807,37.001421],[28.238081,37.002514],[28.240935,37.002954],[28.241807,37.001421]],[[27.360211,37.010174],[27.362488,37.007906],[27.3592,37.006047],[27.3571,37.009805],[27.360211,37.010174]],[[27.385508,37.137151],[27.385517,37.139355],[27.388582,37.140387],[27.394939,37.139648],[27.388604,37.136299],[27.385508,37.137151]],[[27.480916,37.130799],[27.481989,37.128512],[27.479893,37.124821],[27.476688,37.125736],[27.480916,37.130799]],[[27.469403,37.118681],[27.472499,37.123006],[27.475005,37.123707],[27.475374,37.121884],[27.472769,37.118286],[27.469403,37.118681]],[[27.563606,37.244495],[27.55776,37.245438],[27.548733,37.250797],[27.547727,37.253263],[27.55423,37.251648],[27.561565,37.246531],[27.563608,37.24683],[27.563606,37.244495]],[[27.558913,37.255131],[27.56144,37.25345],[27.560607,37.253247],[27.558913,37.255131]],[[27.4116,37.410798],[27.409828,37.408859],[27.407872,37.409363],[27.41143,37.413476],[27.4116,37.410798]],[[27.180416,37.561412],[27.181587,37.563362],[27.182665,37.560569],[27.180416,37.561412]],[[27.014938,38.044143],[27.012784,38.043117],[27.012086,38.044799],[27.014938,38.044143]],[[26.804089,38.152715],[26.802769,38.149556],[26.80233,38.149309],[26.802721,38.152511],[26.804089,38.152715]],[[26.80583,38.162284],[26.802805,38.157824],[26.801192,38.157192],[26.801998,38.161729],[26.80583,38.162284]],[[26.772194,38.199208],[26.770012,38.197971],[26.768406,38.200483],[26.76895,38.200921],[26.772194,38.199208]],[[26.446263,38.364515],[26.449126,38.367149],[26.453745,38.368304],[26.457776,38.363193],[26.457823,38.360318],[26.452878,38.358961],[26.446263,38.364515]],[[26.490307,38.403784],[26.491025,38.405445],[26.492875,38.404699],[26.491862,38.403733],[26.490307,38.403784]],[[26.711478,38.675211],[26.71617,38.677601],[26.71875,38.677176],[26.713258,38.672882],[26.711478,38.675211]],[[26.72349,38.674991],[26.725646,38.676787],[26.729507,38.67395],[26.729468,38.671875],[26.727788,38.669942],[26.724824,38.671875],[26.72349,38.674991]],[[26.511067,38.656832],[26.510733,38.658616],[26.515433,38.662571],[26.518696,38.663105],[26.519497,38.657653],[26.511067,38.656832]],[[26.52123,38.65391],[26.526703,38.649854],[26.524952,38.650498],[26.52123,38.65391]],[[26.820615,38.548595],[26.818804,38.544946],[26.821995,38.53997],[26.824272,38.539739],[26.8243,38.537696],[26.826211,38.537783],[26.824571,38.534987],[26.827407,38.533444],[26.825383,38.531507],[26.819174,38.536582],[26.81424,38.543952],[26.820615,38.548595]],[[26.858022,38.534758],[26.860113,38.536258],[26.859333,38.533968],[26.862357,38.53486],[26.86339,38.533153],[26.858503,38.533258],[26.858022,38.534758]],[[26.853885,38.532691],[26.84927,38.534124],[26.850549,38.534247],[26.853885,38.532691]],[[26.727185,38.532282],[26.730073,38.527455],[26.728553,38.521779],[26.731133,38.519838],[26.731615,38.516098],[26.735103,38.514665],[26.731112,38.510774],[26.731601,38.495646],[26.737098,38.492255],[26.744904,38.492485],[26.742767,38.48984],[26.749488,38.481056],[26.747475,38.468915],[26.744999,38.466981],[26.742275,38.458693],[26.736415,38.460343],[26.732514,38.458497],[26.721552,38.460422],[26.727826,38.470228],[26.727241,38.47198],[26.71875,38.472377],[26.714497,38.474467],[26.713989,38.476708],[26.711902,38.475218],[26.711379,38.477297],[26.706136,38.47821],[26.704283,38.478277],[26.703096,38.474735],[26.701185,38.47455],[26.6945,38.479246],[26.694842,38.488173],[26.692721,38.496094],[26.695611,38.508093],[26.693528,38.511821],[26.695495,38.516131],[26.69488,38.519413],[26.698996,38.519144],[26.702073,38.521347],[26.70299,38.524815],[26.701724,38.532091],[26.7062,38.535671],[26.703212,38.54017],[26.700934,38.540156],[26.697319,38.546756],[26.699489,38.546736],[26.703969,38.541454],[26.711494,38.542722],[26.715332,38.541273],[26.71875,38.535714],[26.727185,38.532282]],[[26.759034,38.438727],[26.758008,38.441493],[26.759742,38.453221],[26.766875,38.455419],[26.773044,38.453215],[26.771806,38.4487],[26.775002,38.446025],[26.775539,38.440089],[26.764436,38.434828],[26.759034,38.438727]],[[26.924411,38.445664],[26.922981,38.448129],[26.927709,38.445152],[26.927047,38.444802],[26.924411,38.445664]],[[26.674543,38.330155],[26.674226,38.33193],[26.678814,38.333218],[26.678921,38.329666],[26.674543,38.330155]],[[26.781756,38.414832],[26.780492,38.416797],[26.782006,38.418044],[26.78565,38.415534],[26.785413,38.414924],[26.781756,38.414832]],[[26.79536,38.415202],[26.799382,38.407955],[26.793755,38.406538],[26.792045,38.410169],[26.79536,38.415202]],[[26.769951,38.41028],[26.773687,38.407646],[26.769985,38.404584],[26.768065,38.409929],[26.769951,38.41028]],[[26.789673,38.399859],[26.792437,38.396022],[26.785378,38.393035],[26.783895,38.395055],[26.789673,38.399859]],[[26.783616,38.367021],[26.782811,38.369618],[26.785208,38.376082],[26.789311,38.37779],[26.79181,38.374801],[26.783616,38.367021]],[[26.973684,38.442118],[26.974458,38.437962],[26.971673,38.434171],[26.968676,38.43603],[26.970541,38.43559],[26.972079,38.437354],[26.971382,38.440657],[26.973684,38.442118]],[[26.739989,40.618094],[26.740879,40.613137],[26.737462,40.611047],[26.736702,40.613598],[26.733555,40.612761],[26.731329,40.61427],[26.733221,40.616997],[26.738009,40.618962],[26.739989,40.618094]],[[26.755077,40.618497],[26.754997,40.621624],[26.758566,40.620773],[26.756747,40.618454],[26.755077,40.618497]]]}}
