{"type":"Feature","id":"iho.48","geometry_name":"the_geom","properties":{"name":"Celebes Sea","id":"48b","longitude":121.93858111739,"latitude":3.71432642228,"min_x":116.71834194632,"min_y":0.80112254577,"max_x":125.61386502511,"max_y":7.85156249981,"area":457342,"mrgid":4359},"geometry":{"type":"Polygon","coordinates":[[[123.577171,7.84787],[123.570479,7.851535],[123.543882,7.847688],[123.539979,7.848782],[123.532314,7.84511],[123.527645,7.840539],[123.527236,7.837153],[123.522234,7.834398],[123.515671,7.832618],[123.508048,7.83396],[123.50799,7.831796],[123.499009,7.829469],[123.488904,7.822176],[123.48239,7.824536],[123.481393,7.821242],[123.476931,7.819168],[123.477565,7.817388],[123.470835,7.818806],[123.461213,7.811594],[123.454931,7.814102],[123.451194,7.813918],[123.447984,7.81626],[123.447938,7.819942],[123.445681,7.820533],[123.438923,7.81749],[123.434355,7.81749],[123.43123,7.814378],[123.424189,7.815292],[123.423519,7.812383],[123.427357,7.807575],[123.427565,7.798824],[123.430631,7.794603],[123.429431,7.785015],[123.431145,7.781215],[123.426113,7.781454],[123.423585,7.779803],[123.42012,7.773962],[123.421312,7.768746],[123.426709,7.764267],[123.430437,7.765483],[123.432929,7.761655],[123.438252,7.764509],[123.446195,7.763813],[123.441289,7.7515],[123.444173,7.746604],[123.451797,7.747998],[123.45337,7.7457],[123.45803,7.743932],[123.471475,7.743118],[123.474175,7.741259],[123.474345,7.737967],[123.482082,7.72842],[123.480683,7.723107],[123.477281,7.718258],[123.481176,7.712829],[123.481748,7.708927],[123.478285,7.707456],[123.477178,7.702714],[123.481734,7.694162],[123.479292,7.689897],[123.481215,7.681919],[123.476016,7.677459],[123.475204,7.673338],[123.478191,7.668592],[123.472717,7.663246],[123.473514,7.658977],[123.470703,7.656031],[123.468937,7.648724],[123.465692,7.648406],[123.467343,7.637731],[123.463703,7.633189],[123.463089,7.629397],[123.458814,7.631975],[123.453804,7.62758],[123.450854,7.627622],[123.444177,7.623326],[123.435995,7.623867],[123.433995,7.621402],[123.429552,7.619987],[123.429835,7.615492],[123.428367,7.614671],[123.423138,7.614705],[123.415557,7.617406],[123.39673,7.610743],[123.394371,7.609057],[123.394151,7.606389],[123.392218,7.607905],[123.384694,7.606687],[123.380444,7.595528],[123.384887,7.593049],[123.383024,7.589399],[123.37934,7.588902],[123.383374,7.586803],[123.392165,7.585348],[123.389508,7.576601],[123.39396,7.572688],[123.393904,7.565738],[123.389154,7.556539],[123.386104,7.556826],[123.371169,7.574829],[123.369878,7.578417],[123.367689,7.573977],[123.365564,7.575959],[123.365663,7.572863],[123.360689,7.578932],[123.356278,7.57955],[123.351715,7.576202],[123.351071,7.572712],[123.33936,7.570933],[123.338938,7.566434],[123.340986,7.563334],[123.336875,7.550924],[123.341296,7.546509],[123.343847,7.546852],[123.346371,7.550313],[123.354692,7.540356],[123.360359,7.540564],[123.362908,7.537647],[123.36989,7.538505],[123.37261,7.534467],[123.381518,7.535292],[123.380218,7.531548],[123.383219,7.526346],[123.382218,7.520722],[123.384098,7.511837],[123.381233,7.509279],[123.38068,7.490743],[123.385522,7.482329],[123.393437,7.473907],[123.395314,7.46886],[123.395806,7.459013],[123.400547,7.458456],[123.403922,7.46013],[123.40734,7.466493],[123.412354,7.467417],[123.422719,7.457919],[123.437132,7.451957],[123.442047,7.444101],[123.446458,7.441933],[123.450748,7.434401],[123.441217,7.428668],[123.440092,7.420897],[123.441799,7.414638],[123.438849,7.413098],[123.437546,7.409752],[123.441939,7.407972],[123.445088,7.402887],[123.445065,7.396873],[123.448518,7.385308],[123.452156,7.382813],[123.450413,7.379604],[123.452712,7.376655],[123.452424,7.373246],[123.448642,7.369171],[123.444997,7.368395],[123.436917,7.371594],[123.423089,7.373404],[123.42125,7.362415],[123.416014,7.358854],[123.409351,7.357726],[123.405276,7.357503],[123.401709,7.35941],[123.388631,7.373902],[123.381113,7.375817],[123.381559,7.391077],[123.375157,7.39903],[123.365546,7.40102],[123.345144,7.408732],[123.339797,7.409058],[123.335256,7.412364],[123.325344,7.423019],[123.321547,7.441594],[123.315068,7.44833],[123.303947,7.452776],[123.302943,7.454729],[123.293953,7.45957],[123.292379,7.463113],[123.288503,7.463586],[123.284817,7.467359],[123.282178,7.475883],[123.28818,7.483699],[123.291308,7.491722],[123.294592,7.493063],[123.295147,7.495188],[123.289917,7.498963],[123.289499,7.509048],[123.295115,7.514769],[123.302318,7.515046],[123.303427,7.517304],[123.301839,7.51886],[123.305494,7.519011],[123.306564,7.521319],[123.306538,7.523554],[123.301121,7.530396],[123.295199,7.529478],[123.288656,7.531457],[123.278994,7.530481],[123.269943,7.533427],[123.263921,7.532147],[123.256262,7.536306],[123.252365,7.531789],[123.242135,7.529357],[123.237675,7.534852],[123.224785,7.53905],[123.224697,7.535403],[123.221229,7.535244],[123.216403,7.527938],[123.216617,7.524615],[123.213562,7.521813],[123.210181,7.522377],[123.203766,7.518945],[123.20204,7.515094],[123.196074,7.515188],[123.193011,7.509522],[123.182617,7.504568],[123.184858,7.49697],[123.191402,7.495073],[123.197012,7.487327],[123.198004,7.483456],[123.197181,7.4812],[123.191274,7.481785],[123.18656,7.471439],[123.177225,7.465989],[123.171711,7.466921],[123.164489,7.47254],[123.161698,7.483463],[123.163862,7.491734],[123.16494,7.492258],[123.168446,7.488839],[123.171305,7.491698],[123.168182,7.49607],[123.162178,7.495331],[123.159272,7.496912],[123.143206,7.498083],[123.126313,7.505479],[123.118662,7.513368],[123.115662,7.514054],[123.113952,7.518299],[123.115116,7.522076],[123.113017,7.523882],[123.114207,7.527511],[123.10874,7.532292],[123.105856,7.531585],[123.107594,7.536107],[123.102239,7.538719],[123.106187,7.547654],[123.104638,7.553992],[123.102154,7.555942],[123.10279,7.559642],[123.128483,7.565753],[123.131364,7.569374],[123.125506,7.580176],[123.130473,7.580217],[123.126418,7.584005],[123.123861,7.58338],[123.120979,7.588718],[123.098499,7.599729],[123.096882,7.602137],[123.106579,7.606329],[123.113009,7.604406],[123.121169,7.604665],[123.134144,7.592898],[123.130529,7.584106],[123.132857,7.579342],[123.136643,7.577156],[123.139438,7.579222],[123.14748,7.577039],[123.161518,7.582231],[123.173397,7.575496],[123.178516,7.576257],[123.180735,7.579885],[123.182807,7.580538],[123.18385,7.583975],[123.192932,7.586826],[123.196145,7.590779],[123.192506,7.597151],[123.193326,7.601947],[123.190055,7.605823],[123.186623,7.614549],[123.180463,7.614641],[123.179501,7.616436],[123.180708,7.621469],[123.174403,7.625527],[123.178042,7.627651],[123.177912,7.63088],[123.174413,7.634935],[123.178187,7.637343],[123.177168,7.640486],[123.174418,7.643107],[123.168466,7.644389],[123.165629,7.637816],[123.161061,7.637562],[123.155958,7.640089],[123.153574,7.645388],[123.14872,7.648122],[123.145572,7.647318],[123.143276,7.643706],[123.139355,7.643635],[123.139136,7.651297],[123.143058,7.655446],[123.13765,7.653536],[123.131963,7.654579],[123.131235,7.658364],[123.128611,7.660109],[123.12537,7.669861],[123.126077,7.672818],[123.133415,7.678353],[123.132858,7.682065],[123.137189,7.680834],[123.137595,7.685834],[123.14464,7.688376],[123.145103,7.692285],[123.143506,7.699596],[123.138141,7.705853],[123.139418,7.709586],[123.138445,7.712528],[123.133109,7.712109],[123.128907,7.717227],[123.126029,7.713918],[123.120109,7.718658],[123.118096,7.721287],[123.118076,7.731374],[123.116354,7.733892],[123.114426,7.732846],[123.114355,7.727767],[123.111804,7.726399],[123.11146,7.718761],[123.108713,7.716623],[123.102804,7.703133],[123.096823,7.70506],[123.091401,7.702529],[123.091091,7.699076],[123.08746,7.696612],[123.087151,7.689876],[123.08335,7.689118],[123.084083,7.684631],[123.082288,7.682702],[123.084558,7.676263],[123.079608,7.676232],[123.078926,7.679291],[123.074319,7.679998],[123.070956,7.682628],[123.068273,7.679623],[123.061957,7.679655],[123.060246,7.676211],[123.062007,7.67101],[123.060548,7.660571],[123.056403,7.658514],[123.053531,7.661522],[123.049564,7.662424],[123.053504,7.66485],[123.053019,7.667431],[123.050435,7.667488],[123.048389,7.663354],[123.04026,7.655692],[123.035681,7.656376],[123.042066,7.653212],[123.039866,7.647982],[123.046875,7.649833],[123.048439,7.654145],[123.053611,7.652818],[123.053642,7.648882],[123.048953,7.644799],[123.048748,7.641405],[123.049212,7.639987],[123.052703,7.640333],[123.054234,7.638278],[123.056134,7.634626],[123.055898,7.628469],[123.058093,7.626624],[123.050721,7.620869],[123.043069,7.624422],[123.037266,7.623822],[123.035577,7.625252],[123.026891,7.625942],[123.029628,7.621153],[123.028469,7.613508],[123.033676,7.60943],[123.030132,7.602206],[123.030237,7.595321],[123.035476,7.586546],[123.033605,7.582],[123.035224,7.578344],[123.030994,7.576916],[123.033764,7.571401],[123.025849,7.560198],[123.026333,7.548542],[123.024229,7.541719],[123.017379,7.538244],[123.013969,7.529693],[123.009132,7.525637],[123.003415,7.507988],[123.003173,7.502988],[122.996241,7.499523],[122.998665,7.496749],[122.999919,7.491082],[123.003019,7.488567],[123.003818,7.478915],[122.997496,7.477101],[122.993581,7.473364],[122.993134,7.469606],[122.995908,7.46852],[122.996384,7.466728],[122.992193,7.457328],[122.986418,7.458608],[122.983061,7.463082],[122.981713,7.466531],[122.98272,7.473352],[122.976802,7.472808],[122.973274,7.479209],[122.974381,7.484012],[122.972766,7.486886],[122.964859,7.485991],[122.96358,7.479162],[122.959903,7.473803],[122.950636,7.478779],[122.947786,7.483374],[122.947085,7.491245],[122.942701,7.498465],[122.937683,7.501398],[122.936171,7.504272],[122.932407,7.504362],[122.928255,7.513688],[122.928317,7.52517],[122.922262,7.53183],[122.92028,7.537357],[122.903121,7.544034],[122.889259,7.539514],[122.888783,7.52642],[122.886054,7.520057],[122.884674,7.508389],[122.878747,7.505686],[122.86289,7.503049],[122.856204,7.494815],[122.865045,7.488479],[122.875371,7.486195],[122.874804,7.478467],[122.876688,7.47667],[122.877503,7.470273],[122.875482,7.464366],[122.873124,7.463917],[122.870459,7.466406],[122.864661,7.456656],[122.855887,7.456632],[122.848877,7.442998],[122.842102,7.435827],[122.839565,7.436249],[122.838014,7.442771],[122.832595,7.445841],[122.824515,7.443419],[122.814583,7.433657],[122.810356,7.437372],[122.810063,7.444894],[122.815669,7.456456],[122.819026,7.455697],[122.820805,7.4569],[122.817688,7.459683],[122.819482,7.468929],[122.816851,7.470933],[122.817831,7.478745],[122.810291,7.481447],[122.807046,7.489296],[122.799827,7.488921],[122.794113,7.48401],[122.786457,7.47368],[122.781111,7.470481],[122.779406,7.476423],[122.781781,7.483594],[122.779168,7.487078],[122.783148,7.4913],[122.781094,7.493443],[122.7825,7.495396],[122.780647,7.498724],[122.781854,7.505716],[122.788371,7.512718],[122.793519,7.52232],[122.790627,7.530518],[122.787483,7.531966],[122.78761,7.538753],[122.792556,7.542398],[122.798391,7.545759],[122.800045,7.543751],[122.799699,7.540529],[122.806404,7.539754],[122.808636,7.537976],[122.810166,7.530914],[122.809185,7.528174],[122.805575,7.528384],[122.803548,7.526837],[122.804695,7.525006],[122.807678,7.525385],[122.815831,7.519798],[122.817476,7.520828],[122.81635,7.525635],[122.818601,7.528896],[122.820766,7.528381],[122.822671,7.524862],[122.81964,7.520313],[122.830549,7.522717],[122.830549,7.524004],[122.825181,7.526665],[122.828305,7.529342],[122.827999,7.539439],[122.820108,7.55543],[122.822373,7.560945],[122.813562,7.570732],[122.811462,7.580039],[122.80133,7.584439],[122.798688,7.58758],[122.79283,7.588477],[122.788674,7.59196],[122.792522,7.59944],[122.792356,7.602407],[122.798228,7.604206],[122.791877,7.604537],[122.790367,7.608135],[122.798895,7.611747],[122.798015,7.617521],[122.806666,7.620252],[122.804952,7.621594],[122.797299,7.619343],[122.795451,7.615627],[122.795768,7.611676],[122.788581,7.611509],[122.786365,7.614808],[122.793635,7.62896],[122.793578,7.634048],[122.795735,7.638254],[122.792887,7.639293],[122.789117,7.651418],[122.785233,7.654279],[122.785086,7.658539],[122.788725,7.656853],[122.785433,7.662793],[122.787445,7.66948],[122.784725,7.673873],[122.782093,7.674006],[122.783504,7.681236],[122.788041,7.688059],[122.790389,7.688446],[122.791332,7.695924],[122.797276,7.704411],[122.799943,7.704314],[122.801915,7.699215],[122.80127,7.704434],[122.804549,7.705575],[122.813613,7.701861],[122.814505,7.706131],[122.811741,7.703197],[122.806006,7.706722],[122.798492,7.70704],[122.801237,7.713366],[122.801263,7.716918],[122.798125,7.721184],[122.800392,7.725917],[122.811707,7.726563],[122.819948,7.713298],[122.816983,7.726103],[122.818242,7.728762],[122.810385,7.747929],[122.802377,7.751621],[122.803435,7.754428],[122.800302,7.753072],[122.789444,7.760096],[122.783383,7.768939],[122.779011,7.770914],[122.770659,7.768664],[122.763619,7.772346],[122.758806,7.778433],[122.753721,7.78044],[122.751864,7.782915],[122.752366,7.779862],[122.75771,7.776987],[122.76537,7.768267],[122.767564,7.762567],[122.761097,7.763185],[122.74884,7.749702],[122.744655,7.749424],[122.74581,7.755939],[122.744443,7.75875],[122.737113,7.7642],[122.733532,7.763315],[122.730789,7.764995],[122.724347,7.776048],[122.724134,7.779995],[122.718852,7.783747],[122.71275,7.782488],[122.712603,7.777963],[122.711289,7.777364],[122.709134,7.778602],[122.707772,7.783454],[122.704185,7.787693],[122.70428,7.784351],[122.697775,7.780501],[122.695743,7.781045],[122.69297,7.7884],[122.68935,7.784154],[122.685945,7.783347],[122.687358,7.778877],[122.677165,7.782063],[122.679186,7.777143],[122.677982,7.774069],[122.68129,7.776289],[122.683071,7.774017],[122.682758,7.771296],[122.67761,7.769642],[122.676039,7.766358],[122.672166,7.765928],[122.671969,7.77739],[122.666193,7.782989],[122.6622,7.782148],[122.659391,7.784083],[122.658048,7.788823],[122.654659,7.782023],[122.641065,7.776926],[122.640651,7.771093],[122.63874,7.776528],[122.634936,7.778384],[122.627733,7.774357],[122.624562,7.77618],[122.624047,7.770571],[122.62016,7.770453],[122.620081,7.767702],[122.624069,7.763802],[122.621145,7.759798],[122.618572,7.759866],[122.616449,7.764983],[122.613254,7.765074],[122.610433,7.762694],[122.612409,7.759467],[122.605907,7.756887],[122.602623,7.751844],[122.591612,7.751645],[122.584986,7.748866],[122.584771,7.744495],[122.580069,7.745281],[122.579752,7.741207],[122.567912,7.747023],[122.564147,7.743778],[122.562283,7.73877],[122.555829,7.738377],[122.547431,7.733933],[122.544106,7.73526],[122.54402,7.727044],[122.54052,7.720359],[122.536616,7.717505],[122.532609,7.704163],[122.52219,7.700842],[122.526131,7.695701],[122.525931,7.693457],[122.523743,7.691835],[122.518434,7.691934],[122.515099,7.695141],[122.51007,7.690632],[122.504776,7.679893],[122.499514,7.676616],[122.50271,7.667912],[122.497959,7.665066],[122.497915,7.660605],[122.495056,7.660172],[122.493472,7.656792],[122.486313,7.656776],[122.48306,7.653059],[122.483898,7.645508],[122.478577,7.641881],[122.48216,7.637666],[122.489777,7.63474],[122.489793,7.631287],[122.474764,7.630528],[122.473584,7.620675],[122.468905,7.615581],[122.460425,7.610975],[122.452089,7.609971],[122.446385,7.607119],[122.44461,7.593467],[122.439708,7.589599],[122.431327,7.587468],[122.434948,7.585378],[122.430216,7.58071],[122.433746,7.572415],[122.436952,7.569398],[122.450223,7.567393],[122.461286,7.569248],[122.47053,7.579577],[122.473325,7.577887],[122.478124,7.580062],[122.474533,7.575141],[122.482759,7.56981],[122.485551,7.570959],[122.487119,7.574317],[122.491027,7.57263],[122.494149,7.574165],[122.49643,7.573447],[122.498069,7.575136],[122.497184,7.578221],[122.500983,7.580006],[122.50616,7.579067],[122.506576,7.577119],[122.502063,7.571241],[122.500805,7.566265],[122.494357,7.564809],[122.490834,7.567182],[122.487492,7.562649],[122.487782,7.557662],[122.492749,7.556242],[122.48969,7.546144],[122.485043,7.53778],[122.479102,7.535602],[122.469836,7.520053],[122.468014,7.520369],[122.461339,7.515982],[122.460848,7.51017],[122.452774,7.501233],[122.450183,7.50053],[122.447096,7.5023],[122.440361,7.498316],[122.438642,7.499847],[122.435413,7.49927],[122.43477,7.500743],[122.437638,7.50258],[122.438541,7.506248],[122.447989,7.511919],[122.451398,7.520592],[122.457119,7.526646],[122.456298,7.530705],[122.462147,7.531551],[122.459482,7.533013],[122.460124,7.535677],[122.467222,7.538445],[122.460051,7.540992],[122.456405,7.545742],[122.455494,7.541913],[122.454073,7.542874],[122.455505,7.539958],[122.452144,7.53741],[122.450123,7.546255],[122.44827,7.547963],[122.443676,7.545326],[122.438864,7.544789],[122.4361,7.538695],[122.439204,7.537129],[122.441888,7.539145],[122.447161,7.538909],[122.448336,7.533462],[122.43244,7.522248],[122.428789,7.518026],[122.42707,7.514925],[122.427257,7.511163],[122.424605,7.512302],[122.421473,7.507123],[122.422473,7.503432],[122.419743,7.502279],[122.41662,7.503505],[122.40409,7.489422],[122.40397,7.49149],[122.410095,7.501007],[122.408505,7.505828],[122.405258,7.500108],[122.398597,7.497584],[122.399226,7.495286],[122.394448,7.488446],[122.390605,7.488493],[122.390107,7.486155],[122.389169,7.489405],[122.384377,7.490449],[122.378719,7.48781],[122.376458,7.483954],[122.376898,7.481383],[122.374263,7.479655],[122.371885,7.474501],[122.363855,7.475707],[122.358909,7.468405],[122.354536,7.466824],[122.357618,7.462348],[122.35322,7.457804],[122.354415,7.45468],[122.351263,7.45045],[122.351956,7.444915],[122.346889,7.444121],[122.345525,7.42963],[122.346001,7.422386],[122.350041,7.420455],[122.35061,7.418407],[122.347781,7.416324],[122.340355,7.415814],[122.344553,7.414202],[122.350906,7.415655],[122.353877,7.414112],[122.344538,7.40306],[122.344888,7.397381],[122.352841,7.398123],[122.357632,7.402013],[122.360767,7.400877],[122.363672,7.395512],[122.365881,7.395815],[122.367568,7.393943],[122.380628,7.392885],[122.384098,7.395463],[122.385926,7.394006],[122.387526,7.395507],[122.389082,7.39094],[122.39362,7.390075],[122.389875,7.382813],[122.384818,7.379269],[122.383397,7.37442],[122.379856,7.371789],[122.380193,7.364495],[122.382561,7.364005],[122.381954,7.361435],[122.377503,7.358901],[122.373592,7.353119],[122.371981,7.347126],[122.364753,7.342557],[122.362943,7.338143],[122.363954,7.335361],[122.359535,7.333794],[122.358803,7.330103],[122.352191,7.32817],[122.345792,7.322938],[122.345243,7.318663],[122.341195,7.313795],[122.338291,7.313242],[122.336659,7.315864],[122.331913,7.311529],[122.329602,7.306505],[122.325751,7.306522],[122.329052,7.312496],[122.327565,7.319815],[122.333194,7.322524],[122.334109,7.325613],[122.328934,7.329301],[122.324538,7.327271],[122.320001,7.321736],[122.31127,7.319134],[122.315936,7.331334],[122.328311,7.344362],[122.325157,7.351152],[122.330476,7.360102],[122.330439,7.363178],[122.323917,7.352187],[122.323678,7.348299],[122.325649,7.344189],[122.320842,7.340871],[122.3188,7.341093],[122.319755,7.339159],[122.31836,7.336341],[122.312389,7.330666],[122.308807,7.329305],[122.307246,7.334248],[122.302842,7.335185],[122.292553,7.324024],[122.290929,7.320374],[122.292708,7.31413],[122.29034,7.306641],[122.294583,7.304544],[122.289804,7.291365],[122.289895,7.275033],[122.285603,7.27356],[122.283914,7.267702],[122.280821,7.264564],[122.284904,7.25989],[122.281675,7.252061],[122.279142,7.249917],[122.278344,7.237882],[122.279742,7.230845],[122.274694,7.231114],[122.267018,7.2269],[122.268287,7.221557],[122.263587,7.217778],[122.265781,7.213889],[122.265777,7.210024],[122.263364,7.207537],[122.262913,7.204011],[122.258257,7.20418],[122.252393,7.207796],[122.249045,7.206613],[122.24994,7.202383],[122.255307,7.196465],[122.265244,7.19461],[122.252299,7.192494],[122.246877,7.188592],[122.252927,7.175089],[122.249627,7.169901],[122.256229,7.167585],[122.260224,7.159149],[122.256981,7.156184],[122.258529,7.15297],[122.25772,7.147441],[122.250089,7.142259],[122.241487,7.131131],[122.243623,7.129924],[122.247276,7.132991],[122.247459,7.135257],[122.256458,7.128868],[122.258393,7.125643],[122.258483,7.120821],[122.256108,7.116904],[122.251047,7.117115],[122.25705,7.111049],[122.253297,7.10975],[122.24967,7.102676],[122.242557,7.099574],[122.237105,7.090737],[122.23521,7.083782],[122.232818,7.08333],[122.227817,7.086211],[122.215044,7.075421],[122.213988,7.073082],[122.214975,7.069808],[122.213172,7.066713],[122.208701,7.070717],[122.20458,7.067132],[122.205839,7.064055],[122.209796,7.064113],[122.212727,7.05803],[122.212058,7.053401],[122.206305,7.050323],[122.210947,7.050751],[122.213199,7.048032],[122.212467,7.045598],[122.206853,7.043474],[122.205353,7.040479],[122.201999,7.041504],[122.197847,7.039831],[122.202876,7.038112],[122.201773,7.035871],[122.202829,7.035331],[122.207839,7.039895],[122.211465,7.039885],[122.212318,7.035802],[122.208321,7.028253],[122.205007,7.026055],[122.203679,7.016974],[122.200536,7.015487],[122.1963,7.006883],[122.192907,7.003414],[122.194212,6.997581],[122.192699,6.993176],[122.189764,6.990975],[122.189156,6.98368],[122.186124,6.980386],[122.184763,6.974005],[122.186627,6.963264],[122.185315,6.952165],[122.179323,6.948205],[122.175258,6.943095],[122.169558,6.940678],[122.168653,6.93518],[122.151566,6.929242],[122.154179,6.927528],[122.159645,6.927269],[122.15676,6.922626],[122.150044,6.923338],[122.142065,6.927634],[122.145044,6.924491],[122.142346,6.922706],[122.155885,6.921038],[122.159279,6.916728],[122.150828,6.90684],[122.14181,6.905663],[122.139494,6.903491],[122.139542,6.901248],[122.130961,6.895834],[122.126032,6.894698],[122.127752,6.893031],[122.12611,6.89144],[122.121767,6.890667],[122.121445,6.892282],[122.116437,6.888642],[122.109189,6.887634],[122.103199,6.889547],[122.066922,6.750975],[122.072643,6.749933],[122.076727,6.74709],[122.079096,6.743437],[122.082251,6.730962],[122.089157,6.72303],[122.090013,6.717247],[122.095745,6.714038],[122.100471,6.713383],[122.101953,6.716204],[122.110842,6.71875],[122.115159,6.722649],[122.129125,6.720395],[122.135801,6.717416],[122.141339,6.701951],[122.137167,6.689203],[122.139658,6.682739],[122.139589,6.677921],[122.141481,6.676041],[122.145491,6.677452],[122.147266,6.675955],[122.143939,6.670254],[122.15491,6.670897],[122.157514,6.669028],[122.159053,6.674879],[122.161711,6.67105],[122.171231,6.664972],[122.176522,6.665487],[122.180359,6.668382],[122.191931,6.67023],[122.202346,6.666358],[122.2147,6.666008],[122.223476,6.662178],[122.235679,6.666076],[122.244904,6.658618],[122.247662,6.654003],[122.252016,6.652035],[122.258787,6.645398],[122.265494,6.64266],[122.270114,6.642754],[122.272997,6.64542],[122.278258,6.647013],[122.291559,6.647814],[122.307016,6.644962],[122.314097,6.638611],[122.321182,6.635813],[122.327952,6.624316],[122.326891,6.616772],[122.321316,6.611468],[122.315205,6.597406],[122.308231,6.5923],[122.301289,6.590193],[122.295612,6.590407],[122.290176,6.593187],[122.28198,6.594505],[122.273069,6.591032],[122.267517,6.592537],[122.263626,6.596211],[122.265535,6.593434],[122.265036,6.591348],[122.257969,6.588478],[122.255102,6.588474],[122.249123,6.59539],[122.238505,6.594625],[122.234753,6.59215],[122.224539,6.590358],[122.219167,6.583135],[122.215541,6.582854],[122.212651,6.580201],[122.21235,6.576023],[122.209838,6.573546],[122.208477,6.568358],[122.21057,6.559847],[122.206445,6.553359],[122.206357,6.54838],[122.203034,6.540659],[122.202757,6.532784],[122.19852,6.526282],[122.191491,6.521163],[122.192317,6.513563],[122.197423,6.504604],[122.199348,6.492785],[122.19829,6.487865],[122.195698,6.487655],[122.193861,6.477949],[122.195828,6.46641],[122.192803,6.461586],[122.184563,6.458371],[122.182677,6.455776],[122.171076,6.453536],[122.17181,6.452441],[122.180965,6.454167],[122.181995,6.452699],[122.169981,6.451526],[122.16529,6.454172],[122.161183,6.451201],[122.153005,6.450349],[122.150364,6.4478],[122.14898,6.449359],[122.142332,6.44635],[122.145658,6.445421],[122.14439,6.443803],[122.141076,6.443976],[122.13852,6.446163],[122.133851,6.445871],[122.120448,6.438716],[122.114119,6.440227],[122.103814,6.438028],[122.099866,6.435297],[122.090742,6.434784],[122.089485,6.431641],[122.080044,6.425086],[122.077708,6.425594],[122.077192,6.427505],[122.07538,6.42493],[122.070571,6.424654],[122.066257,6.421238],[122.063043,6.422459],[122.064307,6.420074],[122.063013,6.418435],[122.05727,6.418737],[122.039017,6.411751],[122.033727,6.413496],[122.032101,6.411634],[122.021283,6.410941],[122.018568,6.414917],[122.016226,6.411321],[122.012442,6.410406],[122.005391,6.412876],[122.002748,6.411332],[121.991276,6.410921],[121.983956,6.408817],[121.459076,6.073106],[121.460959,6.065232],[121.459782,6.060466],[121.452368,6.057275],[121.447912,6.050302],[121.441555,6.052472],[121.440149,6.055654],[121.441061,6.062746],[121.420597,6.052865],[121.426688,6.04957],[121.431276,6.043594],[121.434329,6.034955],[121.433505,6.028361],[121.426469,6.015274],[121.418033,6.012821],[121.412115,6.01727],[121.40542,6.018857],[121.396108,6.014385],[121.387953,6.016212],[121.385053,6.018592],[121.383714,6.02355],[121.381123,6.02609],[121.379589,6.033063],[121.315911,6.002315],[121.331005,6.000561],[121.332938,6.005749],[121.338564,6.009462],[121.348625,6.010266],[121.355141,6.005051],[121.361718,6.005783],[121.364799,6.003937],[121.362717,5.996837],[121.356892,5.995626],[121.36161,5.9899],[121.367388,5.990023],[121.368673,5.995996],[121.367312,5.999208],[121.371403,6.002061],[121.36867,6.005024],[121.376999,6.009968],[121.392908,6.010525],[121.41894,5.994559],[121.425651,5.982899],[121.426921,5.96538],[121.425589,5.959148],[121.420155,5.951229],[121.407437,5.941218],[121.397728,5.942214],[121.38724,5.939614],[121.384914,5.933992],[121.380708,5.929441],[121.381609,5.925829],[121.388736,5.92183],[121.386689,5.915413],[121.381682,5.911677],[121.388513,5.911558],[121.385524,5.910643],[121.386468,5.908519],[121.381892,5.905508],[121.384558,5.903858],[121.376781,5.903487],[121.371901,5.904878],[121.369486,5.90899],[121.374149,5.904607],[121.379119,5.905468],[121.371122,5.912082],[121.373382,5.912258],[121.373366,5.913891],[121.366298,5.914093],[121.360693,5.917102],[121.353509,5.916829],[121.338857,5.904247],[121.339717,5.902826],[121.336302,5.899833],[121.328762,5.898965],[121.31883,5.893899],[121.310107,5.885672],[121.309758,5.882674],[121.304209,5.877445],[121.29949,5.874178],[121.298548,5.875494],[121.296039,5.87497],[121.297421,5.869554],[121.300488,5.867713],[121.297148,5.86201],[121.295368,5.860431],[121.290381,5.863837],[121.288272,5.861836],[121.286579,5.863177],[121.287418,5.856116],[121.28229,5.855456],[121.285662,5.856635],[121.283409,5.864955],[121.281829,5.860451],[121.281172,5.864551],[121.2778,5.862649],[121.274611,5.863209],[121.270772,5.866762],[121.270131,5.870971],[121.270985,5.871568],[121.274119,5.866827],[121.281292,5.867944],[121.277598,5.869528],[121.27879,5.872028],[121.284158,5.872254],[121.281487,5.875833],[121.262917,5.881726],[121.260499,5.883906],[121.258848,5.891216],[121.25699,5.893073],[121.254279,5.893943],[121.250301,5.889673],[121.246722,5.888462],[121.24115,5.888932],[121.236428,5.893104],[121.237738,5.895138],[121.235551,5.896909],[121.232325,5.906385],[121.23876,5.909417],[121.241606,5.917694],[121.24332,5.917074],[121.245931,5.919827],[121.242111,5.923888],[121.242229,5.928753],[121.236885,5.936305],[121.233044,5.936331],[121.231367,5.940788],[121.219152,5.936538],[121.216902,5.94022],[121.218849,5.944113],[121.213192,5.939628],[121.213153,5.943769],[121.205297,5.946916],[121.200372,5.946079],[121.195232,5.9516],[121.195338,5.953479],[121.192728,5.950723],[121.189402,5.94992],[121.189462,5.947312],[121.182359,5.934485],[121.175847,5.936116],[121.174084,5.943357],[121.171454,5.943329],[121.166487,5.938737],[121.168167,5.935124],[121.162243,5.924548],[121.159384,5.924701],[121.158639,5.929102],[121.155297,5.926775],[121.151099,5.927696],[121.147242,5.924295],[121.142317,5.925032],[121.138147,5.922391],[121.137111,5.91755],[121.138421,5.910224],[121.134288,5.910093],[121.127895,5.905383],[121.123234,5.905941],[121.116754,5.903502],[121.112986,5.904953],[121.111189,5.901041],[121.104141,5.897654],[121.090075,5.897],[121.083215,5.900874],[121.072266,5.895744],[121.072715,5.894325],[121.079928,5.89671],[121.085265,5.892066],[121.083905,5.887804],[121.078339,5.88987],[121.075229,5.884558],[121.080909,5.886434],[121.082442,5.884905],[121.080938,5.880528],[121.074102,5.877584],[121.066539,5.8819],[120.304726,5.38123],[120.31111,5.38123],[120.312011,5.382273],[120.309706,5.383054],[120.315269,5.386375],[120.320053,5.385471],[120.320746,5.386584],[120.326292,5.381578],[120.338702,5.382412],[120.339325,5.378589],[120.336483,5.377267],[120.331353,5.370941],[120.326292,5.36823],[120.304454,5.362459],[120.299047,5.366213],[120.297799,5.368855],[120.293986,5.370454],[120.2948,5.374707],[120.243611,5.341065],[120.247381,5.331758],[120.24618,5.324514],[120.242778,5.324722],[120.231667,5.333055],[120.221149,5.326303],[120.214965,5.314851],[120.215431,5.301777],[120.225551,5.293527],[120.232984,5.290539],[120.232622,5.2835],[120.240386,5.286622],[120.242318,5.284731],[120.241898,5.282132],[120.250016,5.283129],[120.251704,5.281723],[120.253911,5.276099],[120.253156,5.27118],[120.244336,5.256843],[120.25,5.2625],[120.253542,5.26118],[120.255556,5.254167],[120.253055,5.249444],[120.251389,5.230833],[120.244722,5.223333],[120.244722,5.218333],[120.248055,5.211111],[120.241111,5.205278],[120.239722,5.205833],[120.24,5.209444],[120.236667,5.22],[120.234611,5.221016],[120.231667,5.228055],[120.231102,5.233766],[120.244134,5.256381],[120.239728,5.250373],[120.230483,5.233633],[120.230774,5.227844],[120.232718,5.223188],[120.237491,5.216948],[120.236102,5.213586],[120.238762,5.207307],[120.236321,5.20304],[120.231577,5.199691],[120.235876,5.199136],[120.234375,5.195313],[120.235341,5.188511],[120.239444,5.182796],[120.238205,5.17883],[120.234375,5.174944],[120.225585,5.169739],[120.226339,5.162742],[120.219186,5.147585],[120.218759,5.133961],[120.224822,5.131523],[120.226938,5.128564],[120.223891,5.124451],[120.217707,5.122489],[120.215609,5.119718],[120.215158,5.125295],[120.207145,5.128621],[120.201757,5.13528],[120.192743,5.134845],[120.18998,5.136166],[120.190013,5.131803],[120.186745,5.130832],[120.176788,5.137886],[120.17285,5.143136],[120.167028,5.143395],[120.165791,5.148028],[120.167096,5.15358],[120.174238,5.159653],[120.175299,5.162989],[120.182553,5.171626],[120.182881,5.175997],[120.193185,5.183562],[120.188937,5.182169],[120.178747,5.183124],[120.174568,5.186237],[120.169187,5.187616],[120.168435,5.189603],[120.171039,5.192308],[120.168903,5.192938],[120.167306,5.18916],[120.168471,5.183783],[120.165258,5.178543],[120.163295,5.167866],[120.158353,5.163241],[120.15315,5.182],[120.144168,5.182886],[120.138255,5.186922],[120.135856,5.193333],[120.129488,5.197016],[120.126492,5.20714],[120.121623,5.209851],[120.118255,5.214386],[120.117929,5.218027],[120.120333,5.225103],[120.119772,5.232978],[120.124647,5.237512],[120.124579,5.241124],[120.123253,5.237461],[120.119223,5.234905],[120.117906,5.223117],[120.115105,5.21817],[120.117881,5.209312],[120.123149,5.204322],[120.122013,5.185606],[120.120226,5.182893],[120.112941,5.18579],[120.114553,5.1834],[120.110894,5.175699],[120.110359,5.167972],[120.100485,5.16698],[120.101416,5.158676],[120.09699,5.151158],[120.087732,5.151815],[120.08532,5.155616],[120.086519,5.160654],[120.083966,5.159413],[120.07889,5.149466],[120.074259,5.146213],[120.07176,5.146205],[120.070513,5.149759],[120.077193,5.158931],[120.074561,5.168218],[120.064837,5.160993],[120.056948,5.148937],[120.052061,5.151156],[120.042624,5.14984],[120.040554,5.155787],[120.044436,5.161386],[120.048061,5.161477],[120.051536,5.159398],[120.059527,5.161811],[120.058275,5.169209],[120.055396,5.17124],[120.057173,5.180228],[120.040182,5.181211],[120.035673,5.178849],[120.033181,5.173379],[120.029749,5.170239],[120.024872,5.169214],[120.02136,5.161931],[120.014798,5.157283],[120.012285,5.158949],[120.012582,5.160714],[119.995995,5.154941],[120.00252,5.151207],[120.004079,5.146551],[120.004037,5.141115],[120.00016,5.131222],[119.997548,5.130155],[119.994763,5.132012],[119.991618,5.141117],[119.98777,5.140326],[119.987612,5.137468],[119.99048,5.133342],[119.991195,5.122072],[119.985178,5.115521],[119.978099,5.117303],[119.977186,5.114012],[119.97977,5.110946],[119.983299,5.10982],[119.981911,5.101758],[119.973277,5.087679],[119.966871,5.083233],[119.963348,5.077876],[119.95648,5.078434],[119.951753,5.074832],[119.953413,5.080158],[119.943533,5.087706],[119.922773,5.086537],[119.920716,5.084456],[119.920364,5.074168],[119.912197,5.073457],[119.90653,5.074874],[119.903796,5.073524],[119.903445,5.069538],[119.898023,5.069763],[119.894933,5.067196],[119.890954,5.066635],[119.889366,5.063982],[119.880744,5.071653],[119.880366,5.064803],[119.881859,5.0595],[119.868083,5.06247],[119.861009,5.062016],[119.858861,5.063895],[119.850863,5.062189],[119.84873,5.057905],[119.854612,5.059646],[119.860933,5.056438],[119.862389,5.047848],[119.860542,5.046904],[119.838388,5.0479],[119.822626,5.053606],[119.820344,5.055943],[119.822469,5.064287],[119.818121,5.06143],[119.816262,5.057978],[119.809817,5.05689],[119.806591,5.053043],[119.784946,5.039627],[119.797473,5.038509],[119.804544,5.034824],[119.804544,5.031626],[119.79983,5.030166],[119.796988,5.025508],[119.791719,5.030931],[119.785202,5.031626],[119.778774,5.03557],[119.77608,5.0338],[119.779943,5.026261],[119.77229,5.012557],[119.761644,5.011705],[119.757018,5.008442],[119.747418,5.008108],[119.7444,5.005928],[119.741273,5.007556],[119.737272,5.012993],[119.736757,5.020096],[119.224355,5.153038],[119.220508,5.149246],[119.215854,5.147991],[119.214667,5.139911],[119.211061,5.140495],[119.207234,5.13828],[119.169472,5.108584],[119.160781,5.104007],[119.137388,5.097656],[119.117055,5.087339],[119.106166,5.084609],[119.092357,5.077351],[119.055797,5.068073],[119.042543,5.060855],[119.033597,5.062191],[119.012841,5.056112],[118.996089,5.055297],[118.97452,5.048177],[118.961761,5.046441],[118.946186,5.041083],[118.925911,5.037205],[118.916514,5.031583],[118.892878,5.022138],[118.883156,5.014744],[118.861337,4.992527],[118.855122,4.995466],[118.851704,4.993968],[118.838599,4.99379],[118.827145,4.991629],[118.816905,4.985626],[118.812358,4.98602],[118.804463,4.983592],[118.776171,4.967606],[118.774304,4.963665],[118.769454,4.962682],[118.761344,4.956676],[118.75931,4.956916],[118.756034,4.952302],[118.751692,4.952289],[118.744606,4.947958],[118.741369,4.94785],[118.738227,4.950541],[118.733581,4.946149],[118.731113,4.946183],[118.728532,4.950223],[118.726319,4.946859],[118.722402,4.94567],[118.720388,4.94687],[118.718244,4.952223],[118.70975,4.949248],[118.705297,4.949248],[118.701618,4.951319],[118.701781,4.948491],[118.699165,4.946795],[118.692542,4.946508],[118.688994,4.947966],[118.688375,4.943891],[118.683803,4.943049],[118.678162,4.938867],[118.67775,4.936005],[118.679454,4.937223],[118.680463,4.936319],[118.679236,4.933594],[118.675619,4.933586],[118.673493,4.935786],[118.667519,4.933078],[118.665441,4.934184],[118.664344,4.938607],[118.66235,4.939361],[118.659472,4.938235],[118.660068,4.933976],[118.652045,4.931674],[118.65088,4.93365],[118.652703,4.939189],[118.650935,4.941071],[118.64914,4.938348],[118.647716,4.939232],[118.644899,4.937564],[118.640965,4.941097],[118.637913,4.939877],[118.634392,4.941918],[118.631403,4.939945],[118.625755,4.944983],[118.619611,4.94721],[118.606921,4.943754],[118.602546,4.950407],[118.599711,4.951009],[118.595345,4.94881],[118.589982,4.952502],[118.584833,4.962612],[118.58352,4.961378],[118.587014,4.956369],[118.586326,4.951717],[118.58119,4.952322],[118.573339,4.959196],[118.569111,4.94964],[118.566414,4.952516],[118.561601,4.953635],[118.558229,4.958531],[118.553178,4.957868],[118.550231,4.960889],[118.545395,4.952963],[118.541463,4.951049],[118.54127,4.946791],[118.534007,4.941501],[118.526611,4.929646],[118.521855,4.931315],[118.521675,4.927913],[118.515152,4.922403],[118.511438,4.923798],[118.495942,4.923357],[118.494002,4.92959],[118.496307,4.934839],[118.49246,4.936797],[118.492669,4.942153],[118.490913,4.936615],[118.49185,4.934942],[118.49498,4.934719],[118.492049,4.923815],[118.486782,4.922224],[118.474481,4.924034],[118.470266,4.922909],[118.468673,4.924828],[118.469268,4.928025],[118.466615,4.928333],[118.467827,4.931792],[118.466853,4.933885],[118.458796,4.944926],[118.451072,4.949885],[118.44834,4.954347],[118.449213,4.956642],[118.45437,4.959929],[118.45354,4.964154],[118.460528,4.981511],[118.451479,4.965099],[118.448752,4.962818],[118.445035,4.96261],[118.444628,4.964676],[118.447281,4.966791],[118.445916,4.969437],[118.448523,4.970086],[118.450434,4.978655],[118.444731,4.984183],[118.450771,4.985855],[118.442925,4.997312],[118.438775,4.997359],[118.434934,5.002617],[118.432591,5.001059],[118.432617,5.00445],[118.43083,5.006408],[118.427974,5.006628],[118.425563,5.009238],[118.415375,5.009416],[118.407791,5.017578],[118.403197,5.016515],[118.398556,5.018608],[118.395222,5.018036],[118.387061,5.023438],[118.380168,5.02565],[118.381854,5.019091],[118.376613,5.017097],[118.371137,5.019476],[118.34176,5.01909],[118.339931,5.022018],[118.334479,5.02197],[118.326813,5.018923],[118.322751,5.01352],[118.319891,5.013405],[118.320304,5.009987],[118.315839,5.004475],[118.31717,4.998176],[118.315667,4.996881],[118.312438,4.997672],[118.312512,4.993756],[118.309453,4.989796],[118.315133,4.984507],[118.313622,4.981972],[118.309475,4.980063],[118.310946,4.978217],[118.309847,4.975816],[118.310852,4.971357],[118.305098,4.968615],[118.303904,4.960663],[118.290846,4.963083],[118.294188,4.965309],[118.295629,4.970122],[118.291756,4.971954],[118.292207,4.981995],[118.289683,4.989455],[118.284592,4.979795],[118.284803,4.971],[118.282326,4.966648],[118.283458,4.964071],[118.282323,4.962885],[118.272776,4.963758],[118.269243,4.96654],[118.265485,4.966239],[118.263799,4.967983],[118.259329,4.968649],[118.258006,4.972797],[118.254289,4.970448],[118.251364,4.971418],[118.250338,4.969359],[118.244501,4.969854],[118.241329,4.973789],[118.236355,4.976535],[118.233469,4.973684],[118.238323,4.971024],[118.234136,4.969238],[118.233795,4.965721],[118.231488,4.965821],[118.230233,4.963025],[118.225673,4.964671],[118.224112,4.961579],[118.218595,4.958219],[118.215327,4.958212],[118.211608,4.961537],[118.21016,4.961038],[118.204289,4.953357],[118.203668,4.947893],[118.195877,4.948205],[118.196674,4.941879],[118.193609,4.944189],[118.189536,4.937256],[118.183557,4.932595],[118.184967,4.927657],[118.189935,4.927567],[118.189018,4.924636],[118.195541,4.925656],[118.193851,4.921401],[118.187023,4.919353],[118.18549,4.916095],[118.182555,4.916536],[118.179429,4.91362],[118.176453,4.913191],[118.174227,4.908069],[118.172175,4.908969],[118.172474,4.913922],[118.164218,4.91054],[118.163962,4.907557],[118.166647,4.904587],[118.162765,4.894055],[118.158669,4.887908],[118.159737,4.881609],[118.156751,4.878348],[118.154981,4.878145],[118.151437,4.881464],[118.152954,4.885351],[118.150757,4.887477],[118.148319,4.887113],[118.147568,4.885166],[118.143317,4.883708],[118.140772,4.880895],[118.137336,4.882182],[118.131887,4.879351],[118.126846,4.879177],[118.12437,4.881844],[118.125,4.872489],[118.128295,4.866931],[118.133613,4.862236],[118.131187,4.854808],[118.134422,4.849779],[118.131238,4.840137],[118.140379,4.840609],[118.149181,4.837392],[118.152123,4.837518],[118.153832,4.840387],[118.156048,4.840605],[118.162874,4.839814],[118.168106,4.837193],[118.166175,4.831893],[118.172116,4.818185],[118.177509,4.813346],[118.190017,4.807179],[118.196115,4.795378],[118.196965,4.786194],[118.199448,4.779177],[118.196626,4.76572],[118.194063,4.763247],[118.202879,4.755191],[118.203003,4.750635],[118.205923,4.744611],[118.212067,4.735958],[118.214528,4.734668],[118.213629,4.733372],[118.211684,4.734577],[118.207526,4.731239],[118.207422,4.728764],[118.212267,4.730393],[118.213683,4.726931],[118.22743,4.723582],[118.228285,4.719726],[118.225135,4.717427],[118.223315,4.711262],[118.226682,4.705998],[118.24151,4.701469],[118.24452,4.698242],[118.245215,4.693139],[118.247648,4.693456],[118.246709,4.690357],[118.255762,4.691443],[118.257416,4.689752],[118.255857,4.684829],[118.257438,4.677676],[118.263169,4.67462],[118.262769,4.668449],[118.266019,4.661034],[118.269053,4.661012],[118.270568,4.65864],[118.272951,4.658179],[118.27552,4.66038],[118.276753,4.659362],[118.287486,4.661272],[118.293085,4.657398],[118.299729,4.657185],[118.30355,4.655267],[118.304072,4.647563],[118.300271,4.641492],[118.305315,4.629833],[118.312515,4.628979],[118.319948,4.630551],[118.331463,4.626747],[118.344059,4.628564],[118.352984,4.633062],[118.356879,4.633062],[118.368658,4.628598],[118.370956,4.625448],[118.369639,4.610705],[118.379729,4.600683],[118.381786,4.59676],[118.384027,4.596575],[118.387673,4.589877],[118.390467,4.59479],[118.395296,4.591953],[118.401856,4.580475],[118.400008,4.578683],[118.39471,4.578521],[118.403125,4.577459],[118.405599,4.56993],[118.40688,4.570408],[118.405368,4.577117],[118.407687,4.58154],[118.411594,4.584734],[118.414751,4.595847],[118.418201,4.600138],[118.421867,4.601745],[118.434,4.600827],[118.435163,4.595282],[118.439817,4.590988],[118.446093,4.589666],[118.454121,4.581076],[118.461723,4.569741],[118.469005,4.570313],[118.474777,4.574813],[118.484091,4.568219],[118.487568,4.560895],[118.485165,4.551665],[118.477172,4.536559],[118.477219,4.530726],[118.475891,4.528836],[118.468584,4.52514],[118.464107,4.525112],[118.459908,4.530134],[118.450655,4.533265],[118.447592,4.530163],[118.443393,4.529297],[118.439841,4.53859],[118.440125,4.525112],[118.450163,4.520339],[118.455688,4.513421],[118.465652,4.509827],[118.472443,4.509712],[118.476563,4.506138],[118.477928,4.501211],[118.484921,4.49373],[118.488617,4.486077],[118.48734,4.466355],[118.488946,4.459193],[118.503149,4.436596],[118.504195,4.43738],[118.500682,4.440745],[118.490896,4.460365],[118.489864,4.465811],[118.491734,4.480772],[118.494394,4.482353],[118.500784,4.480541],[118.505608,4.480883],[118.504875,4.486302],[118.510645,4.496532],[118.515867,4.503185],[118.518279,4.504009],[118.532846,4.523727],[118.542719,4.525361],[118.562957,4.522124],[118.564443,4.517609],[118.566112,4.520573],[118.571235,4.521415],[118.573664,4.519547],[118.574303,4.516563],[118.584259,4.517415],[118.586269,4.516032],[118.583425,4.515055],[118.583954,4.512905],[118.591782,4.513903],[118.593444,4.510377],[118.594884,4.510494],[118.591766,4.506168],[118.584457,4.504539],[118.574911,4.4977],[118.571558,4.488902],[118.583608,4.486911],[118.580446,4.492545],[118.585071,4.49715],[118.593172,4.494049],[118.595493,4.489794],[118.59512,4.484117],[118.598298,4.484451],[118.600042,4.482479],[118.602088,4.483768],[118.598508,4.49314],[118.600077,4.494577],[118.60151,4.493627],[118.601825,4.496221],[118.602913,4.49034],[118.605984,4.488738],[118.61157,4.48134],[118.617319,4.480038],[118.615778,4.478002],[118.622385,4.472774],[118.623345,4.467726],[118.620052,4.464052],[118.623499,4.465516],[118.626742,4.462019],[118.623667,4.457118],[118.616704,4.452685],[118.62117,4.450375],[118.62589,4.454205],[118.628752,4.452333],[118.632032,4.455611],[118.635424,4.45419],[118.641678,4.448521],[118.643762,4.440994],[118.64217,4.436163],[118.638379,4.435659],[118.629558,4.426605],[118.629173,4.423563],[118.626035,4.422822],[118.622774,4.418957],[118.620712,4.416032],[118.619109,4.406383],[118.614119,4.40321],[118.609229,4.403082],[118.604647,4.406092],[118.60287,4.411905],[118.60451,4.422021],[118.603278,4.425913],[118.599694,4.423876],[118.595278,4.42623],[118.591133,4.443914],[118.589371,4.440688],[118.589335,4.433751],[118.586375,4.42693],[118.578726,4.426306],[118.572494,4.429611],[118.571928,4.426191],[118.575273,4.420509],[118.584677,4.415743],[118.591214,4.409229],[118.596179,4.399782],[118.594515,4.398075],[118.588599,4.39731],[118.57974,4.384955],[118.575425,4.382163],[118.571582,4.382192],[118.570412,4.376999],[118.562029,4.371242],[118.556507,4.370045],[118.553142,4.372036],[118.55137,4.376279],[118.555039,4.382369],[118.554203,4.383707],[118.547307,4.378405],[118.545159,4.37261],[118.547308,4.367938],[118.545873,4.367332],[118.546088,4.364682],[118.551911,4.354004],[118.551419,4.351115],[118.544707,4.34997],[118.528975,4.351789],[118.526226,4.350211],[118.510113,4.354388],[118.507596,4.358058],[118.502629,4.36126],[118.485496,4.359846],[118.451824,4.349392],[118.447119,4.346627],[118.445946,4.344255],[118.432627,4.344278],[118.427172,4.342688],[118.421649,4.336597],[118.42307,4.331482],[118.419053,4.330703],[118.412233,4.324948],[118.410721,4.328553],[118.407953,4.330275],[118.399528,4.329064],[118.390243,4.331084],[118.383871,4.34412],[118.378238,4.346511],[118.367408,4.346193],[118.358381,4.341013],[118.354541,4.341163],[118.349586,4.345006],[118.342404,4.360469],[118.338202,4.363492],[118.330707,4.364901],[118.313527,4.376308],[118.305974,4.392348],[118.298409,4.397668],[118.294206,4.397671],[118.291192,4.393301],[118.295307,4.396478],[118.297823,4.396613],[118.304901,4.390926],[118.308561,4.384864],[118.311607,4.37431],[118.316795,4.367318],[118.31743,4.36149],[118.322627,4.354103],[118.328182,4.352987],[118.335698,4.354903],[118.338884,4.352353],[118.340003,4.346678],[118.33725,4.336887],[118.330965,4.33256],[118.32506,4.325275],[118.313133,4.323306],[118.31093,4.326748],[118.307979,4.325407],[118.30186,4.326097],[118.252332,4.317944],[118.246473,4.313848],[118.232846,4.309117],[118.223799,4.302539],[118.22247,4.298107],[118.22621,4.294506],[118.226211,4.292267],[118.217583,4.293662],[118.214334,4.296221],[118.195888,4.291096],[118.187813,4.292879],[118.186477,4.291132],[118.178673,4.296525],[118.176819,4.301059],[118.17757,4.303643],[118.180941,4.304894],[118.195393,4.303372],[118.19988,4.306058],[118.198807,4.31037],[118.193079,4.315017],[118.193772,4.327727],[118.18918,4.330607],[118.179725,4.330945],[118.181003,4.335295],[118.179818,4.336259],[118.17857,4.333268],[118.179265,4.330236],[118.190587,4.32921],[118.193211,4.3272],[118.191769,4.317012],[118.195892,4.307174],[118.195436,4.305049],[118.180534,4.306611],[118.1759,4.303839],[118.174912,4.297665],[118.167206,4.297082],[118.15955,4.294449],[118.157824,4.290197],[118.155226,4.2915],[118.14432,4.29011],[118.121134,4.284011],[118.097987,4.271176],[118.076794,4.254407],[118.058295,4.249721],[118.03334,4.238707],[118.023077,4.235827],[118.017829,4.231613],[118.010702,4.229567],[118.003294,4.224472],[117.995801,4.221895],[117.991023,4.224254],[117.986413,4.222738],[117.978026,4.223214],[117.969978,4.228531],[117.966562,4.235715],[117.955373,4.238868],[117.950075,4.242862],[117.937453,4.243337],[117.928601,4.247998],[117.919709,4.246871],[117.906436,4.23934],[117.901422,4.238353],[117.898564,4.238935],[117.89583,4.242407],[117.888187,4.238899],[117.87884,4.24278],[117.875333,4.247071],[117.877473,4.249084],[117.876161,4.25337],[117.873318,4.253285],[117.869788,4.258461],[117.866644,4.258459],[117.870726,4.261628],[117.871779,4.264415],[117.868121,4.267571],[117.864275,4.277236],[117.860625,4.276767],[117.857701,4.273787],[117.854189,4.274881],[117.856244,4.28224],[117.859198,4.282805],[117.859513,4.285004],[117.854992,4.288918],[117.839841,4.2963],[117.835888,4.300334],[117.835731,4.303147],[117.83288,4.304621],[117.826349,4.307493],[117.81702,4.30512],[117.813166,4.306285],[117.810266,4.313232],[117.810733,4.318601],[117.804808,4.324897],[117.800371,4.341849],[117.801036,4.3446],[117.807388,4.347131],[117.809334,4.352747],[117.804644,4.360943],[117.798315,4.365255],[117.799579,4.369585],[117.797341,4.367386],[117.797285,4.364268],[117.80475,4.357681],[117.807498,4.349687],[117.805437,4.347966],[117.799426,4.347081],[117.797049,4.342744],[117.782997,4.346188],[117.768492,4.345627],[117.763766,4.343824],[117.761204,4.350645],[117.760084,4.361872],[117.763172,4.3681],[117.763694,4.374129],[117.758946,4.362908],[117.760217,4.354771],[117.758677,4.35061],[117.761718,4.34322],[117.764358,4.342144],[117.786072,4.342604],[117.799136,4.33691],[117.798145,4.331565],[117.788553,4.327476],[117.782559,4.327595],[117.760127,4.334082],[117.754712,4.339851],[117.748561,4.351249],[117.751122,4.358044],[117.750472,4.363781],[117.748768,4.365892],[117.749592,4.358395],[117.747437,4.353137],[117.737938,4.354824],[117.735953,4.376181],[117.734224,4.380638],[117.725806,4.392819],[117.716617,4.394531],[117.713287,4.405588],[117.713787,4.412528],[117.708837,4.422889],[117.705359,4.426031],[117.706426,4.431771],[117.7042,4.425992],[117.70819,4.422292],[117.711645,4.413876],[117.71165,4.404937],[117.714937,4.394531],[117.726069,4.389407],[117.733412,4.375376],[117.733779,4.359266],[117.727125,4.355665],[117.718686,4.356012],[117.714544,4.360826],[117.714733,4.367551],[117.709987,4.375096],[117.712335,4.379223],[117.712205,4.383064],[117.703237,4.394531],[117.704105,4.389979],[117.711001,4.381128],[117.708376,4.37339],[117.706444,4.372295],[117.701228,4.375778],[117.690964,4.377706],[117.676922,4.393492],[117.672671,4.394531],[117.67409,4.399089],[117.677728,4.401259],[117.681319,4.410892],[117.681319,4.414738],[117.67776,4.423221],[117.678223,4.433242],[117.676237,4.430893],[117.676454,4.425149],[117.675158,4.423855],[117.661291,4.433005],[117.649477,4.431262],[117.653424,4.437339],[117.659235,4.44131],[117.655966,4.441632],[117.648404,4.435957],[117.645831,4.427587],[117.646254,4.423097],[117.642272,4.420815],[117.63242,4.422545],[117.623945,4.415503],[117.620831,4.410806],[117.61842,4.410268],[117.615805,4.413175],[117.613021,4.423457],[117.610204,4.42516],[117.606586,4.42237],[117.605092,4.423113],[117.604941,4.426674],[117.608402,4.435082],[117.599505,4.441097],[117.600194,4.438818],[117.606991,4.434837],[117.603697,4.427998],[117.603526,4.421763],[117.605977,4.420262],[117.610789,4.423002],[117.611694,4.41643],[117.601395,4.414418],[117.599477,4.407966],[117.592006,4.41345],[117.593989,4.422569],[117.590709,4.425723],[117.59282,4.428834],[117.589596,4.438471],[117.582016,4.447224],[117.584255,4.452793],[117.580377,4.448221],[117.58397,4.441869],[117.588366,4.438571],[117.589135,4.432249],[117.591842,4.428801],[117.589586,4.426085],[117.592541,4.421558],[117.589762,4.414504],[117.59107,4.411842],[117.598201,4.406861],[117.611495,4.405104],[117.61903,4.402391],[117.622753,4.400596],[117.62264,4.397978],[117.62019,4.396259],[117.605328,4.394287],[117.597562,4.396604],[117.591358,4.403431],[117.583092,4.407542],[117.58397,4.411132],[117.589429,4.415649],[117.591142,4.419802],[117.589166,4.422125],[117.580442,4.425781],[117.581842,4.423021],[117.589494,4.420448],[117.589566,4.417577],[117.583418,4.412533],[117.581733,4.408473],[117.577362,4.409349],[117.573812,4.415061],[117.569854,4.41779],[117.575087,4.409728],[117.589136,4.399784],[117.588763,4.39187],[117.587318,4.389487],[117.581814,4.386569],[117.576786,4.394776],[117.567305,4.395591],[117.567351,4.405102],[117.565892,4.407448],[117.562353,4.408512],[117.556819,4.403923],[117.565215,4.406365],[117.56501,4.39518],[117.576137,4.393209],[117.578914,4.387473],[117.579697,4.383908],[117.577269,4.38257],[117.569129,4.390595],[117.567169,4.391402],[117.565957,4.390106],[117.56768,4.3901],[117.57654,4.381836],[117.570461,4.375091],[117.571688,4.370027],[117.575412,4.367929],[117.573057,4.361343],[117.565535,4.361297],[117.558722,4.35751],[117.55056,4.36017],[117.548085,4.356943],[117.548734,4.353071],[117.546706,4.352653],[117.54169,4.360458],[117.535734,4.360093],[117.54014,4.365713],[117.536389,4.370857],[117.534233,4.369593],[117.527547,4.356195],[117.522306,4.359612],[117.525414,4.358295],[117.527291,4.35977],[117.528091,4.366917],[117.526759,4.369482],[117.525897,4.359769],[117.523188,4.361474],[117.52124,4.359516],[117.524911,4.355017],[117.527222,4.354598],[117.535941,4.369096],[117.53733,4.36578],[117.534443,4.35947],[117.541681,4.359066],[117.543847,4.353405],[117.54671,4.351203],[117.548997,4.351095],[117.550719,4.358558],[117.558923,4.356099],[117.564934,4.359625],[117.572485,4.359448],[117.574466,4.360665],[117.577054,4.367891],[117.572528,4.371088],[117.571816,4.375114],[117.579935,4.381193],[117.596123,4.386847],[117.598742,4.37465],[117.603383,4.368243],[117.601288,4.366709],[117.596731,4.36835],[117.594981,4.367499],[117.601437,4.35372],[117.599214,4.348544],[117.59457,4.348801],[117.59906,4.347249],[117.602193,4.352374],[117.607699,4.352968],[117.610272,4.346105],[117.610268,4.353103],[117.617997,4.361813],[117.627964,4.347994],[117.627635,4.333117],[117.622997,4.314733],[117.623204,4.305679],[117.618588,4.301814],[117.613474,4.302932],[117.609313,4.309826],[117.606734,4.319683],[117.600743,4.326048],[117.596014,4.324344],[117.592257,4.33719],[117.589344,4.33996],[117.58798,4.338698],[117.591054,4.337444],[117.594702,4.32476],[117.590566,4.320597],[117.586488,4.320543],[117.582463,4.330223],[117.578949,4.334163],[117.58384,4.321138],[117.58798,4.318436],[117.597635,4.321914],[117.600776,4.32112],[117.602253,4.318062],[117.587524,4.314204],[117.573559,4.316084],[117.56716,4.308843],[117.56207,4.31153],[117.558053,4.322427],[117.551562,4.326855],[117.553606,4.331334],[117.552401,4.333151],[117.545626,4.332384],[117.541813,4.334338],[117.543458,4.331505],[117.550843,4.331831],[117.549776,4.326115],[117.554953,4.32391],[117.557725,4.319808],[117.557114,4.318532],[117.552733,4.318091],[117.547002,4.311841],[117.544447,4.306577],[117.545017,4.301408],[117.541642,4.295157],[117.544645,4.291152],[117.545923,4.280823],[117.551898,4.27469],[117.551368,4.26702],[117.559002,4.258194],[117.54144,4.243054],[117.537549,4.241704],[117.518312,4.253493],[117.507045,4.253084],[117.494521,4.268569],[117.493743,4.265644],[117.486135,4.259555],[117.482355,4.260516],[117.476657,4.269505],[117.481542,4.259309],[117.483592,4.2581],[117.489162,4.259259],[117.494228,4.264536],[117.497151,4.262867],[117.508322,4.24957],[117.50788,4.242768],[117.501503,4.242217],[117.49075,4.246358],[117.489335,4.243105],[117.491801,4.238499],[117.483278,4.234997],[117.481637,4.236378],[117.481418,4.242371],[117.477159,4.244636],[117.474591,4.242713],[117.472105,4.236916],[117.46774,4.235791],[117.473317,4.236232],[117.47683,4.24268],[117.479461,4.240933],[117.482083,4.233787],[117.491677,4.236357],[117.493397,4.238504],[117.490915,4.243531],[117.492197,4.245466],[117.499496,4.240822],[117.507779,4.240849],[117.509404,4.242021],[117.511282,4.249422],[117.519334,4.250507],[117.532539,4.239182],[117.531863,4.235707],[117.535921,4.227285],[117.533469,4.21875],[117.534686,4.21262],[117.526253,4.208494],[117.521033,4.20847],[117.511558,4.224578],[117.509187,4.225227],[117.504483,4.221969],[117.496712,4.226622],[117.492577,4.222838],[117.4849,4.221789],[117.482566,4.21875],[117.485055,4.214042],[117.486528,4.213474],[117.484041,4.218053],[117.48516,4.220513],[117.494417,4.221399],[117.49696,4.225121],[117.504951,4.2205],[117.510586,4.223461],[117.517923,4.209629],[117.521075,4.207099],[117.526694,4.207099],[117.535406,4.210318],[117.538485,4.209366],[117.53708,4.19645],[117.513241,4.207122],[117.506162,4.204978],[117.499449,4.209407],[117.498389,4.212275],[117.49746,4.210464],[117.499024,4.207866],[117.502555,4.206912],[117.5062,4.203467],[117.509586,4.205315],[117.517392,4.204408],[117.530839,4.196344],[117.527668,4.193602],[117.51641,4.195003],[117.51286,4.194303],[117.512696,4.192887],[117.526063,4.192315],[117.532326,4.194963],[117.53907,4.189994],[117.540391,4.186821],[117.538322,4.18057],[117.536193,4.178719],[117.5347,4.173574],[117.531381,4.173255],[117.531487,4.171788],[117.534103,4.171654],[117.536513,4.17374],[117.538159,4.178867],[117.53872,4.17279],[117.540882,4.169192],[117.544752,4.166655],[117.54782,4.166603],[117.553298,4.168378],[117.563815,4.176954],[117.574333,4.179321],[117.584224,4.17668],[117.592762,4.17034],[117.591597,4.165912],[117.586217,4.160656],[117.567162,4.149889],[117.551242,4.144589],[117.547229,4.14136],[117.534632,4.124535],[117.522378,4.10153],[117.50923,4.103039],[117.498644,4.106615],[117.49423,4.110188],[117.493133,4.123972],[117.498754,4.135288],[117.493101,4.140316],[117.48712,4.141096],[117.477497,4.139259],[117.468141,4.142886],[117.459731,4.150058],[117.449188,4.148221],[117.444411,4.151807],[117.441902,4.150608],[117.449082,4.146833],[117.460264,4.148407],[117.468375,4.140955],[117.475248,4.138181],[117.491552,4.139523],[117.496536,4.136411],[117.496536,4.133399],[117.491862,4.126868],[117.489902,4.112564],[117.483289,4.109962],[117.415841,4.140374],[117.414488,4.14182],[117.415405,4.144004],[117.421875,4.147042],[117.424879,4.151213],[117.422294,4.155971],[117.413241,4.156963],[117.413703,4.160604],[117.419853,4.166481],[117.419866,4.17138],[117.416767,4.175751],[117.414397,4.176369],[117.40518,4.172062],[117.397316,4.171342],[117.404453,4.170533],[117.41247,4.174728],[117.416159,4.174357],[117.418307,4.17176],[117.418609,4.168153],[117.411422,4.158185],[117.414059,4.155183],[117.421875,4.154855],[117.423505,4.151515],[117.421875,4.148716],[117.411343,4.145375],[117.39024,4.146138],[117.374947,4.151175],[117.36016,4.164232],[117.354412,4.166664],[117.331439,4.162698],[117.323142,4.167925],[117.321541,4.173944],[117.324184,4.187927],[117.328088,4.195668],[117.332501,4.198455],[117.337701,4.198813],[117.337889,4.201468],[117.328201,4.197075],[117.324643,4.189845],[117.322573,4.18865],[117.316544,4.195841],[117.313777,4.196914],[117.305637,4.192686],[117.301804,4.200868],[117.29827,4.203076],[117.295172,4.201453],[117.294307,4.195682],[117.291447,4.19352],[117.288509,4.19417],[117.284406,4.200826],[117.27604,4.197766],[117.274544,4.20052],[117.279184,4.203778],[117.281966,4.210902],[117.280767,4.212088],[117.278647,4.204939],[117.273129,4.201067],[117.2763,4.195841],[117.284738,4.199037],[117.287119,4.193756],[117.29024,4.192041],[117.294725,4.194236],[117.296318,4.200978],[117.298454,4.201579],[117.3011,4.199672],[117.305113,4.191443],[117.309031,4.191142],[117.313173,4.195563],[117.320952,4.189029],[117.319527,4.170498],[117.307344,4.174474],[117.301579,4.161334],[117.294788,4.16106],[117.303015,4.16022],[117.308486,4.172086],[117.316594,4.169446],[117.325018,4.161603],[117.33055,4.158842],[117.354344,4.162059],[117.358484,4.159275],[117.362361,4.151949],[117.370243,4.145428],[117.405025,4.129208],[117.411806,4.122907],[117.418076,4.111536],[117.41683,4.108221],[117.401176,4.101893],[117.385835,4.098244],[117.374535,4.097407],[117.3584,4.102313],[117.35636,4.118612],[117.351005,4.124662],[117.344357,4.125784],[117.335984,4.120052],[117.332833,4.120201],[117.328662,4.124701],[117.328095,4.123412],[117.331983,4.118314],[117.33945,4.119471],[117.34589,4.123812],[117.351019,4.122459],[117.354393,4.118147],[117.353941,4.103967],[117.33809,4.094538],[117.333956,4.090132],[117.317344,4.082647],[117.311636,4.081782],[117.298064,4.086745],[117.295524,4.086841],[117.296039,4.085655],[117.313602,4.07971],[117.327249,4.084234],[117.33252,4.084328],[117.341521,4.09204],[117.353886,4.097584],[117.358531,4.096484],[117.362091,4.093588],[117.365046,4.093983],[117.376452,4.086788],[117.379825,4.089787],[117.424252,4.094587],[117.458155,4.085725],[117.470664,4.080888],[117.473875,4.070417],[117.46809,4.061599],[117.466306,4.049636],[117.462035,4.044955],[117.457429,4.044958],[117.454296,4.048844],[117.446789,4.051821],[117.444559,4.050363],[117.441445,4.043809],[117.432087,4.040486],[117.429672,4.042599],[117.43327,4.048547],[117.431562,4.053191],[117.422817,4.05171],[117.413559,4.055292],[117.417371,4.052031],[117.423134,4.050223],[117.431322,4.051442],[117.431899,4.047997],[117.428159,4.041509],[117.431479,4.038854],[117.442481,4.04265],[117.446741,4.050208],[117.45457,4.046147],[117.455685,4.041993],[117.446917,4.030751],[117.441952,4.017965],[117.438812,4.013752],[117.433939,4.013819],[117.414161,4.029547],[117.385339,4.036522],[117.374434,4.035925],[117.368898,4.032596],[117.365584,4.026874],[117.364849,4.016763],[117.369626,3.999272],[117.357201,3.969396],[117.354956,3.947033],[117.351435,3.942064],[117.344454,3.941214],[117.306494,3.946632],[117.28324,3.970673],[117.269861,3.972169],[117.2565,3.967072],[117.236961,3.946351],[117.220356,3.936327],[117.214274,3.935457],[117.198432,3.939982],[117.191243,3.939517],[117.183982,3.936611],[117.180357,3.932347],[117.17942,3.928306],[117.179639,3.90924],[117.175388,3.905461],[117.173166,3.906689],[117.170932,3.924691],[117.166502,3.934798],[117.160156,3.93775],[117.139419,3.935864],[117.136713,3.937406],[117.132615,3.948197],[117.127975,3.968513],[117.122998,3.974696],[117.119375,3.973678],[117.113595,3.959938],[117.108417,3.945887],[117.106362,3.931501],[117.099026,3.925175],[117.096491,3.924759],[117.096323,3.953264],[117.106574,3.963857],[117.107478,3.968613],[117.105352,3.970454],[117.096975,3.970359],[117.092333,3.977025],[117.087679,3.980405],[117.073038,3.97415],[117.079506,3.980602],[117.083495,3.988875],[117.081289,3.990422],[117.076169,3.990205],[117.06529,3.986022],[117.066612,4.000164],[117.065084,4.001909],[117.060723,3.999422],[117.049656,3.984649],[117.047227,3.984383],[117.049278,3.991014],[117.048467,3.993745],[117.039369,4.002218],[117.048293,3.992082],[117.045907,3.98745],[117.046604,3.983583],[117.049759,3.983849],[117.065048,4.000772],[117.063957,3.984812],[117.070313,3.987165],[117.082092,3.988446],[117.07295,3.977315],[117.072289,3.972831],[117.075275,3.972615],[117.087099,3.978266],[117.095344,3.969616],[117.105867,3.968011],[117.101917,3.961635],[117.094954,3.955216],[117.093556,3.951551],[117.095286,3.924201],[117.100142,3.923311],[117.109886,3.933002],[117.110894,3.94517],[117.1136,3.949729],[117.119952,3.970692],[117.122473,3.973054],[117.125101,3.968874],[117.129273,3.942047],[117.132809,3.935461],[117.139316,3.932507],[117.156503,3.932448],[117.165576,3.92937],[117.167007,3.926922],[117.164039,3.914832],[117.165736,3.908603],[117.170013,3.90396],[117.177033,3.902935],[117.182156,3.908358],[117.182528,3.928684],[117.185326,3.932285],[117.19323,3.9338],[117.211693,3.930804],[117.221971,3.93141],[117.242246,3.94264],[117.259798,3.958705],[117.270967,3.964496],[117.283515,3.95831],[117.294917,3.944947],[117.30433,3.938962],[117.323921,3.936885],[117.344603,3.929996],[117.351756,3.930277],[117.357436,3.932362],[117.36507,3.939343],[117.367027,3.945179],[117.365519,3.963593],[117.366527,3.972517],[117.373719,3.984245],[117.377935,3.995132],[117.378215,4.005377],[117.375209,4.025556],[117.377849,4.027592],[117.382867,4.027535],[117.408767,4.020862],[117.427059,4.005996],[117.432413,4.004215],[117.439095,4.00428],[117.446426,3.996442],[117.447759,3.99261],[117.44561,3.986485],[117.436842,3.979973],[117.43151,3.978809],[117.425464,3.986123],[117.430242,3.978192],[117.434556,3.977743],[117.442428,3.981784],[117.449406,3.989819],[117.454337,3.986226],[117.45439,3.980065],[117.456524,3.973881],[117.443831,3.969836],[117.436553,3.960796],[117.435922,3.954429],[117.441795,3.946184],[117.441544,3.94296],[117.43956,3.940884],[117.432922,3.940011],[117.420926,3.944724],[117.41771,3.942684],[117.416054,3.935481],[117.412523,3.93432],[117.41132,3.936443],[117.413965,3.941843],[117.412336,3.948521],[117.40856,3.951431],[117.398244,3.948631],[117.3965,3.946367],[117.396675,3.941519],[117.391076,3.939597],[117.387942,3.930939],[117.389122,3.926206],[117.388106,3.922537],[117.389957,3.917731],[117.388788,3.91675],[117.391582,3.916863],[117.389225,3.922053],[117.389621,3.932019],[117.392791,3.938586],[117.398202,3.940467],[117.397889,3.946011],[117.399946,3.948073],[117.407733,3.949753],[117.410916,3.947426],[117.412293,3.943808],[117.409601,3.934853],[117.413335,3.932265],[117.41793,3.934849],[117.4209,3.942789],[117.432415,3.938087],[117.438488,3.938553],[117.443733,3.942851],[117.442794,3.94852],[117.437629,3.954909],[117.438123,3.959059],[117.441648,3.964837],[117.448048,3.96958],[117.458715,3.969199],[117.462005,3.964892],[117.464033,3.956203],[117.455925,3.938694],[117.456761,3.931205],[117.447677,3.933006],[117.441594,3.931611],[117.439799,3.928931],[117.44248,3.922172],[117.444762,3.921478],[117.44843,3.925026],[117.450544,3.924631],[117.456792,3.916829],[117.462383,3.913381],[117.464605,3.908891],[117.465858,3.909959],[117.464034,3.91341],[117.457443,3.917585],[117.450614,3.926216],[117.447938,3.926414],[117.444745,3.922956],[117.442898,3.923387],[117.441423,3.928671],[117.44355,3.931053],[117.447643,3.931611],[117.457084,3.92916],[117.478564,3.920398],[117.488614,3.914092],[117.495976,3.91274],[117.50598,3.914591],[117.524668,3.924637],[117.533815,3.924357],[117.549467,3.918939],[117.562467,3.912251],[117.568122,3.906562],[117.573424,3.896135],[117.582311,3.884243],[117.597593,3.876338],[117.615836,3.873605],[117.640328,3.87508],[117.666204,3.879109],[117.675389,3.876547],[117.703107,3.860394],[117.720375,3.842693],[117.719602,3.839924],[117.722517,3.840837],[117.734247,3.835287],[117.731291,3.815262],[117.724676,3.818306],[117.716444,3.817583],[117.710169,3.820435],[117.706789,3.815588],[117.695471,3.814884],[117.691349,3.806935],[117.689041,3.807324],[117.685804,3.805266],[117.691306,3.805339],[117.69602,3.813864],[117.706953,3.814206],[117.710909,3.819304],[117.715118,3.816332],[117.725562,3.816673],[117.741339,3.802601],[117.748851,3.799853],[117.756479,3.799329],[117.779004,3.785382],[117.7787,3.771943],[117.777066,3.771511],[117.778332,3.768335],[117.768078,3.769706],[117.761454,3.767415],[117.760539,3.772128],[117.757359,3.774076],[117.756378,3.773084],[117.759763,3.771087],[117.759866,3.766437],[117.763505,3.766087],[117.767412,3.768075],[117.778634,3.767138],[117.784557,3.769596],[117.792678,3.760262],[117.7874,3.755617],[117.78267,3.754938],[117.750859,3.765875],[117.73817,3.766794],[117.692605,3.7749],[117.6642,3.788153],[117.656415,3.783941],[117.651628,3.771574],[117.63517,3.779509],[117.617197,3.780673],[117.611722,3.787522],[117.607094,3.798705],[117.608443,3.802263],[117.614297,3.805664],[117.614297,3.808175],[117.606842,3.812574],[117.603248,3.816656],[117.596361,3.818947],[117.572662,3.805201],[117.58486,3.809793],[117.587347,3.812972],[117.590791,3.813469],[117.596258,3.817801],[117.603295,3.814783],[117.606606,3.810826],[117.612745,3.808164],[117.612351,3.805749],[117.606798,3.80206],[117.6057,3.798988],[117.611809,3.784459],[117.617024,3.778831],[117.615847,3.776827],[117.60994,3.774304],[117.599295,3.775755],[117.598385,3.781084],[117.600843,3.790801],[117.599194,3.795184],[117.594874,3.796533],[117.589303,3.794052],[117.577231,3.781281],[117.561467,3.785127],[117.555715,3.78439],[117.538978,3.773963],[117.53131,3.767363],[117.52525,3.774713],[117.521289,3.776447],[117.511513,3.772292],[117.504316,3.766597],[117.500276,3.766477],[117.499625,3.774644],[117.495898,3.775348],[117.488855,3.771449],[117.477132,3.7591],[117.471239,3.766183],[117.463004,3.772673],[117.463602,3.776135],[117.469797,3.784242],[117.467324,3.789588],[117.464224,3.789588],[117.4564,3.784179],[117.447373,3.781115],[117.445896,3.781796],[117.445059,3.787777],[117.442174,3.792673],[117.430826,3.787717],[117.423424,3.793906],[117.41855,3.793277],[117.409441,3.795433],[117.402355,3.802636],[117.398718,3.821017],[117.391925,3.827227],[117.388382,3.823338],[117.390536,3.811813],[117.387415,3.810344],[117.369963,3.816745],[117.349839,3.829026],[117.343623,3.829727],[117.336983,3.828337],[117.331589,3.824678],[117.330491,3.820593],[117.331846,3.813755],[117.33741,3.802639],[117.329587,3.798067],[117.326283,3.801449],[117.322837,3.810686],[117.312627,3.818463],[117.306549,3.830686],[117.303907,3.832795],[117.295318,3.824777],[117.285809,3.83507],[117.277717,3.834902],[117.274264,3.831642],[117.277481,3.82347],[117.27674,3.821083],[117.274569,3.820204],[117.264023,3.833645],[117.261613,3.835041],[117.253969,3.834234],[117.2499,3.830995],[117.253756,3.823793],[117.253777,3.819937],[117.249751,3.813913],[117.246727,3.815115],[117.245178,3.822671],[117.242954,3.825295],[117.235628,3.821519],[117.232259,3.813641],[117.229623,3.818903],[117.21674,3.816421],[117.214697,3.827997],[117.212633,3.8319],[117.208152,3.835027],[117.205135,3.833281],[117.205971,3.82665],[117.204229,3.824872],[117.199306,3.822855],[117.192672,3.823072],[117.187535,3.81924],[117.187228,3.815172],[117.188883,3.812983],[117.197053,3.815204],[117.198318,3.81292],[117.193787,3.809643],[117.185186,3.807238],[117.183638,3.809137],[117.183833,3.813728],[117.180904,3.817769],[117.176793,3.818173],[117.173748,3.813449],[117.172203,3.814277],[117.174231,3.827499],[117.175979,3.830476],[117.174183,3.833185],[117.170139,3.833676],[117.16432,3.830578],[117.163202,3.823196],[117.160665,3.824896],[117.157979,3.830601],[117.153688,3.827656],[117.150252,3.819774],[117.143214,3.823382],[117.133355,3.81187],[117.13083,3.804784],[117.128137,3.803923],[117.115451,3.809122],[117.112169,3.809122],[117.107423,3.807169],[117.103611,3.801378],[117.099546,3.809875],[117.106562,3.810804],[117.109955,3.815761],[117.104952,3.823202],[117.114812,3.828037],[117.110475,3.835296],[117.10319,3.838619],[117.109563,3.839328],[117.108155,3.846633],[117.11607,3.851162],[117.105737,3.864756],[117.104998,3.863879],[117.107727,3.859492],[117.114444,3.851602],[117.10731,3.848461],[117.108547,3.840871],[117.103925,3.841033],[117.101657,3.839176],[117.103434,3.836547],[117.110185,3.833379],[117.113343,3.828543],[117.105659,3.826226],[117.10367,3.823531],[117.108379,3.814551],[117.106084,3.811974],[117.100191,3.812181],[117.098068,3.809864],[117.099888,3.803985],[117.103322,3.799425],[117.112404,3.807963],[117.129641,3.802147],[117.142669,3.821153],[117.145193,3.822012],[117.14777,3.818931],[117.151232,3.818883],[117.157873,3.829476],[117.160123,3.823147],[117.163605,3.821903],[117.166016,3.830885],[117.168394,3.831977],[117.174866,3.830768],[117.17161,3.823977],[117.17107,3.812419],[117.173782,3.812346],[117.17649,3.815723],[117.179854,3.816994],[117.182156,3.814725],[117.182092,3.807792],[117.184289,3.80612],[117.191232,3.80727],[117.198715,3.811345],[117.200437,3.814304],[117.198053,3.816715],[117.189903,3.814769],[117.188484,3.81535],[117.188871,3.818059],[117.192022,3.821633],[117.199468,3.820941],[117.205596,3.823395],[117.20767,3.833441],[117.21246,3.829659],[117.215373,3.815036],[117.22849,3.816949],[117.231832,3.811458],[117.233627,3.812118],[117.235157,3.817161],[117.241156,3.824002],[117.243607,3.823266],[117.245727,3.81343],[117.247265,3.812183],[117.251713,3.813375],[117.255154,3.819366],[117.251798,3.830746],[117.253288,3.832001],[117.262483,3.83285],[117.272454,3.819744],[117.276996,3.819105],[117.279093,3.821841],[117.276454,3.832163],[117.278295,3.833724],[117.282991,3.833955],[117.287229,3.832281],[117.294989,3.823176],[117.29868,3.82397],[117.30109,3.828469],[117.304583,3.831094],[117.30976,3.818772],[117.320289,3.810717],[117.325152,3.800086],[117.328372,3.796779],[117.33666,3.799137],[117.34041,3.802874],[117.332685,3.818537],[117.333237,3.824101],[117.336802,3.826394],[117.341812,3.827816],[117.349898,3.827208],[117.371406,3.813669],[117.386626,3.808623],[117.390738,3.808647],[117.392779,3.811276],[117.390888,3.822688],[117.392329,3.825443],[117.397754,3.818758],[117.400572,3.800897],[117.409173,3.793575],[117.423245,3.790662],[117.427021,3.787427],[117.433863,3.785745],[117.440756,3.788032],[117.44266,3.786531],[117.443602,3.780147],[117.447646,3.778533],[117.454667,3.779922],[117.466768,3.785996],[117.466868,3.783342],[117.460128,3.776723],[117.460504,3.771353],[117.47132,3.76105],[117.475942,3.754303],[117.477532,3.74798],[117.483392,3.744278],[117.480558,3.727948],[117.482271,3.724905],[117.487046,3.724152],[117.487697,3.721925],[117.47351,3.712394],[117.446132,3.702703],[117.442117,3.69995],[117.437817,3.691406],[117.435344,3.690042],[117.429801,3.694996],[117.422971,3.698031],[117.405973,3.698182],[117.402128,3.700726],[117.399423,3.707493],[117.404682,3.71439],[117.404225,3.718351],[117.398396,3.721291],[117.392293,3.717676],[117.38717,3.717042],[117.379689,3.723791],[117.374591,3.725162],[117.373279,3.732598],[117.3663,3.739263],[117.365348,3.74799],[117.364776,3.738837],[117.355946,3.735389],[117.365806,3.737136],[117.371792,3.732679],[117.37156,3.727013],[117.373309,3.723856],[117.380062,3.721511],[117.386564,3.715689],[117.40134,3.719111],[117.403068,3.715589],[117.401897,3.712802],[117.397483,3.710173],[117.391765,3.712861],[117.378125,3.711525],[117.358078,3.717282],[117.34249,3.714315],[117.330626,3.716307],[117.315935,3.723179],[117.313732,3.734902],[117.3099,3.733952],[117.306536,3.729931],[117.304346,3.730147],[117.302443,3.742561],[117.299212,3.751283],[117.30245,3.729771],[117.305918,3.728148],[117.310305,3.732947],[117.31294,3.7332],[117.314336,3.727794],[117.313324,3.724158],[117.292325,3.719896],[117.271507,3.731657],[117.262085,3.735004],[117.257052,3.735],[117.250653,3.731658],[117.244835,3.735072],[117.235232,3.749626],[117.238831,3.756923],[117.238372,3.763521],[117.232355,3.767782],[117.223057,3.769781],[117.214757,3.769473],[117.209199,3.762867],[117.197955,3.760098],[117.190492,3.753345],[117.182303,3.749934],[117.179113,3.749236],[117.17395,3.751318],[117.169955,3.750209],[117.181745,3.748355],[117.190713,3.751704],[117.19892,3.758947],[117.203483,3.759294],[117.206293,3.754397],[117.206769,3.749625],[117.204892,3.745225],[117.201321,3.742859],[117.207605,3.744896],[117.213064,3.731943],[117.207647,3.746513],[117.208404,3.750591],[117.206717,3.757759],[117.212586,3.762671],[117.21516,3.767329],[117.219453,3.767528],[117.232936,3.764304],[117.23671,3.761246],[117.232439,3.752149],[117.232877,3.748799],[117.242421,3.733883],[117.248217,3.729414],[117.255272,3.729262],[117.258959,3.732113],[117.26141,3.732136],[117.29056,3.716704],[117.303106,3.717385],[117.311376,3.719794],[117.335968,3.71013],[117.361834,3.71254],[117.377559,3.70734],[117.390322,3.708398],[117.395025,3.705776],[117.395804,3.698875],[117.38837,3.689314],[117.387193,3.680663],[117.384287,3.678322],[117.380487,3.6781],[117.373362,3.681698],[117.370213,3.685172],[117.368021,3.6913],[117.360742,3.696499],[117.347976,3.697683],[117.342327,3.703632],[117.333819,3.706723],[117.322093,3.703712],[117.318207,3.704404],[117.316446,3.702189],[117.321797,3.702177],[117.33031,3.705328],[117.33699,3.704731],[117.340393,3.703352],[117.348127,3.695826],[117.361761,3.694352],[117.366262,3.691406],[117.368893,3.68422],[117.375265,3.678056],[117.370873,3.67631],[117.355226,3.66387],[117.34815,3.668748],[117.338735,3.670729],[117.335637,3.668985],[117.331729,3.663397],[117.322551,3.673517],[117.320032,3.673931],[117.316059,3.669138],[117.315815,3.661883],[117.317268,3.668377],[117.320625,3.672738],[117.332026,3.661619],[117.335271,3.666711],[117.33905,3.669287],[117.344574,3.668603],[117.352681,3.663437],[117.356639,3.662851],[117.361004,3.667639],[117.365068,3.669089],[117.373078,3.675716],[117.386844,3.676727],[117.390263,3.681186],[117.390993,3.688945],[117.397629,3.695794],[117.407888,3.692158],[117.427555,3.690197],[117.428847,3.684715],[117.425449,3.681016],[117.424464,3.676934],[117.425839,3.67339],[117.428766,3.671626],[117.444893,3.670231],[117.455607,3.675426],[117.462786,3.668942],[117.468343,3.667718],[117.481155,3.674592],[117.487694,3.672117],[117.491004,3.668087],[117.502491,3.668512],[117.516583,3.654436],[117.519936,3.646594],[117.520504,3.639909],[117.513818,3.64],[117.506901,3.635669],[117.496362,3.639941],[117.487672,3.635379],[117.484734,3.636292],[117.48051,3.644693],[117.475552,3.648093],[117.471134,3.644995],[117.4666,3.637756],[117.469533,3.638652],[117.475915,3.646709],[117.485733,3.634237],[117.491813,3.634817],[117.496074,3.637422],[117.506511,3.633721],[117.516881,3.638428],[117.51848,3.636433],[117.518805,3.631323],[117.512671,3.618443],[117.500124,3.601702],[117.491737,3.59745],[117.468094,3.608605],[117.440973,3.616712],[117.429264,3.623836],[117.403443,3.635843],[117.387953,3.640293],[117.372216,3.638608],[117.323323,3.623913],[117.261783,3.616988],[117.223739,3.628839],[117.202032,3.632597],[117.173739,3.64279],[117.157644,3.644252],[117.124913,3.63591],[117.110695,3.635603],[117.088074,3.637763],[117.076085,3.634977],[117.065412,3.630627],[117.047489,3.619086],[117.020437,3.597415],[117.010222,3.594659],[116.988762,3.600654],[116.971025,3.602429],[116.965986,3.604788],[116.966941,3.620322],[116.974095,3.637952],[116.977531,3.653041],[116.976663,3.661413],[116.972357,3.673902],[116.973259,3.689214],[116.970665,3.694387],[116.966162,3.698623],[116.957141,3.702537],[116.951821,3.702858],[116.937036,3.697787],[116.924261,3.683913],[116.908901,3.672346],[116.899033,3.637089],[116.898652,3.621183],[116.891876,3.611357],[116.875381,3.606773],[116.859614,3.604425],[116.853218,3.609218],[116.845576,3.623485],[116.83716,3.631014],[116.828488,3.633283],[116.819758,3.630254],[116.812155,3.618953],[116.804619,3.58191],[116.801702,3.580006],[116.796274,3.568906],[116.789587,3.570656],[116.782202,3.575532],[116.771289,3.591099],[116.762774,3.597339],[116.751256,3.602031],[116.749067,3.600474],[116.745252,3.600707],[116.732885,3.617269],[116.725384,3.619039],[116.71875,3.616629],[116.71875,3.613002],[116.726224,3.61522],[116.739211,3.598658],[116.751586,3.588936],[116.758074,3.587126],[116.765117,3.589389],[116.773003,3.575188],[116.778326,3.569992],[116.792416,3.565199],[116.804383,3.566897],[116.809545,3.571289],[116.811185,3.574928],[116.81234,3.591105],[116.816899,3.606436],[116.824806,3.615792],[116.831574,3.620202],[116.833107,3.620564],[116.835536,3.618165],[116.841509,3.606958],[116.848838,3.600476],[116.859478,3.594506],[116.867284,3.592913],[116.874829,3.594251],[116.900548,3.608605],[116.92067,3.61332],[116.923151,3.616516],[116.926039,3.626459],[116.92476,3.631855],[116.918771,3.641076],[116.915398,3.659429],[116.929157,3.672297],[116.937614,3.685982],[116.945726,3.692181],[116.951036,3.687392],[116.956821,3.67589],[116.957101,3.655661],[116.950732,3.626681],[116.951329,3.609905],[116.955628,3.600778],[116.959781,3.596574],[116.969173,3.591294],[117.013163,3.585658],[117.022645,3.586246],[117.036078,3.590623],[117.072976,3.611019],[117.088435,3.608567],[117.103688,3.609962],[117.121883,3.618374],[117.132375,3.621286],[117.160956,3.618953],[117.173159,3.619669],[117.194547,3.612515],[117.208541,3.609682],[117.221599,3.609043],[117.227025,3.60287],[117.227861,3.593123],[117.224506,3.586877],[117.21155,3.574966],[117.207003,3.568745],[117.193627,3.536821],[117.196656,3.526698],[117.207311,3.516713],[117.211305,3.501521],[117.217685,3.492846],[117.213706,3.466477],[117.220354,3.447933],[117.220482,3.443203],[117.214898,3.4406],[117.204314,3.438866],[117.188029,3.430811],[117.186568,3.43283],[117.1865,3.441996],[117.183083,3.447506],[117.176553,3.449747],[117.166028,3.449527],[117.154813,3.458834],[117.149892,3.460863],[117.14617,3.459054],[117.147134,3.450526],[117.142318,3.44425],[117.13923,3.443654],[117.134305,3.450574],[117.136574,3.444336],[117.140929,3.442433],[117.146833,3.446825],[117.148723,3.450754],[117.147504,3.457579],[117.148624,3.459525],[117.154632,3.45718],[117.164153,3.44869],[117.177279,3.44809],[117.183571,3.44502],[117.185141,3.440047],[117.18528,3.42912],[117.181008,3.426581],[117.177672,3.426693],[117.173011,3.430882],[117.17066,3.430331],[117.169964,3.423996],[117.171587,3.413781],[117.169174,3.413139],[117.164367,3.418806],[117.161371,3.417542],[117.169579,3.411878],[117.173124,3.414206],[117.170993,3.42709],[117.172203,3.429208],[117.176922,3.425264],[117.179939,3.425252],[117.192008,3.429],[117.203232,3.434777],[117.218939,3.438095],[117.223631,3.442517],[117.225574,3.44248],[117.226743,3.440977],[117.222678,3.435976],[117.22153,3.429849],[117.227046,3.422841],[117.22264,3.41559],[117.218868,3.423796],[117.214264,3.42345],[117.212704,3.420326],[117.21351,3.411207],[117.21472,3.41243],[117.215139,3.422323],[117.219059,3.422174],[117.220975,3.415083],[117.223588,3.414249],[117.227707,3.420818],[117.230194,3.430994],[117.236501,3.433793],[117.235198,3.434947],[117.231752,3.433843],[117.227363,3.426488],[117.223251,3.432132],[117.228293,3.43819],[117.229296,3.443756],[117.223111,3.454949],[117.22128,3.46513],[117.220764,3.483684],[117.223197,3.489147],[117.240356,3.478012],[117.257172,3.470919],[117.287445,3.468676],[117.295785,3.465832],[117.290621,3.46372],[117.311853,3.467031],[117.320614,3.463375],[117.3227,3.461383],[117.320643,3.458828],[117.310239,3.456723],[117.303309,3.453392],[117.297853,3.444954],[117.298704,3.434156],[117.308513,3.414451],[117.30792,3.410902],[117.303994,3.411667],[117.301199,3.421808],[117.297397,3.426288],[117.291166,3.428542],[117.285877,3.427947],[117.28166,3.423979],[117.283072,3.412277],[117.277304,3.403164],[117.282403,3.393535],[117.27806,3.384866],[117.27337,3.38323],[117.270936,3.39023],[117.265171,3.393386],[117.259666,3.39046],[117.261078,3.389524],[117.264053,3.391551],[117.267776,3.391249],[117.269818,3.38981],[117.271989,3.382273],[117.276136,3.381447],[117.278134,3.382636],[117.283682,3.394641],[117.278864,3.402987],[117.284523,3.410782],[117.28418,3.422786],[117.28706,3.426309],[117.294281,3.426005],[117.298882,3.422573],[117.302356,3.409125],[117.310717,3.409111],[117.321441,3.40423],[117.327041,3.401023],[117.329165,3.39689],[117.329682,3.392222],[117.326269,3.370522],[117.323069,3.361075],[117.319454,3.361637],[117.311937,3.367128],[117.304721,3.369068],[117.297149,3.367437],[117.293632,3.363422],[117.292272,3.356717],[117.293632,3.35052],[117.297866,3.346291],[117.302964,3.344278],[117.305339,3.339844],[117.303249,3.334335],[117.29523,3.323249],[117.294799,3.317025],[117.289159,3.311243],[117.287263,3.306741],[117.296124,3.316209],[117.300261,3.315097],[117.304493,3.308898],[117.306505,3.309009],[117.296676,3.319615],[117.297265,3.324123],[117.303913,3.331334],[117.307296,3.339844],[117.305266,3.344998],[117.295597,3.351648],[117.294525,3.35944],[117.296146,3.363367],[117.299238,3.366276],[117.303234,3.36684],[117.310333,3.364741],[117.319216,3.358569],[117.323879,3.358545],[117.327312,3.3606],[117.333214,3.390412],[117.33272,3.395455],[117.328226,3.403878],[117.312183,3.41845],[117.303695,3.441846],[117.305178,3.44833],[117.311316,3.450387],[117.323085,3.451339],[117.354696,3.44955],[117.360643,3.444425],[117.363343,3.426304],[117.368549,3.414459],[117.372852,3.410919],[117.384148,3.409518],[117.395206,3.406033],[117.40923,3.394709],[117.414017,3.3885],[117.412681,3.349516],[117.41503,3.336906],[117.410165,3.327229],[117.39528,3.322177],[117.392069,3.322286],[117.390181,3.324044],[117.390059,3.329743],[117.394358,3.345425],[117.391263,3.353077],[117.3898,3.352067],[117.392673,3.344516],[117.384439,3.350621],[117.386675,3.364154],[117.391337,3.368238],[117.387837,3.374285],[117.390624,3.377972],[117.386711,3.375064],[117.389932,3.368615],[117.385882,3.365108],[117.383292,3.351686],[117.381952,3.351061],[117.371601,3.357003],[117.368015,3.36476],[117.372937,3.365983],[117.371627,3.372087],[117.373816,3.373409],[117.374562,3.381209],[117.372754,3.378417],[117.372675,3.374409],[117.370503,3.372362],[117.372022,3.367619],[117.367798,3.36604],[117.366601,3.364278],[117.370865,3.355448],[117.390121,3.341364],[117.386014,3.327917],[117.386761,3.322379],[117.381683,3.318799],[117.373005,3.303985],[117.37164,3.29829],[117.368913,3.296188],[117.358253,3.297361],[117.347002,3.295552],[117.345142,3.298211],[117.34058,3.300144],[117.332554,3.298704],[117.330535,3.296682],[117.337878,3.298413],[117.341519,3.295407],[117.348256,3.293726],[117.360682,3.295171],[117.367797,3.294172],[117.374047,3.298429],[117.380609,3.309698],[117.38517,3.309399],[117.387751,3.306698],[117.388847,3.299778],[117.383044,3.292791],[117.382162,3.286984],[117.375279,3.279287],[117.375465,3.274743],[117.378798,3.273513],[117.379094,3.27115],[117.370454,3.264369],[117.365648,3.254642],[117.36305,3.254197],[117.360718,3.262995],[117.35541,3.268213],[117.3538,3.273984],[117.350545,3.274421],[117.353738,3.266305],[117.359524,3.261624],[117.360505,3.254024],[117.364131,3.250977],[117.369565,3.254001],[117.373008,3.262169],[117.380107,3.268235],[117.388419,3.266711],[117.396307,3.258235],[117.380034,3.230185],[117.370841,3.22621],[117.362046,3.225932],[117.352422,3.223287],[117.347952,3.224998],[117.337402,3.219581],[117.335012,3.213786],[117.332084,3.211529],[117.317449,3.211527],[117.306469,3.240553],[117.296264,3.24072],[117.285483,3.23668],[117.278682,3.238311],[117.271263,3.243019],[117.269848,3.248465],[117.271716,3.263494],[117.268481,3.26995],[117.270338,3.277338],[117.263305,3.283558],[117.264954,3.288741],[117.261157,3.287184],[117.257731,3.289135],[117.256423,3.287284],[117.260676,3.285697],[117.262648,3.28363],[117.261869,3.281529],[117.269105,3.277621],[117.266939,3.270788],[117.270599,3.262328],[117.266556,3.253459],[117.264093,3.251401],[117.252141,3.251643],[117.241472,3.248677],[117.22088,3.250343],[117.203145,3.25561],[117.195164,3.254362],[117.192772,3.256839],[117.192167,3.26245],[117.190814,3.263481],[117.188261,3.26273],[117.190956,3.262882],[117.191414,3.261518],[117.190707,3.252998],[117.179091,3.257783],[117.166532,3.258718],[117.157057,3.261812],[117.144824,3.27696],[117.140886,3.276886],[117.137656,3.273774],[117.131436,3.277862],[117.137234,3.271763],[117.139146,3.272031],[117.142605,3.276258],[117.14423,3.27564],[117.149634,3.267836],[117.153833,3.264658],[117.156255,3.259776],[117.159876,3.26006],[117.177227,3.248357],[117.207342,3.250923],[117.216496,3.24417],[117.227538,3.240543],[117.237127,3.241278],[117.244886,3.239465],[117.262807,3.231741],[117.254058,3.222128],[117.246582,3.219575],[117.245983,3.2169],[117.254335,3.220732],[117.261647,3.229592],[117.263552,3.230253],[117.265906,3.228287],[117.27473,3.208772],[117.280675,3.20177],[117.272399,3.189976],[117.267481,3.186053],[117.2636,3.185296],[117.240327,3.193609],[117.234526,3.193148],[117.215557,3.183574],[117.208964,3.17737],[117.206336,3.170601],[117.203057,3.168387],[117.204314,3.166853],[117.209592,3.171386],[117.210105,3.176226],[117.211787,3.177424],[117.223442,3.173609],[117.231142,3.175532],[117.235724,3.182083],[117.23746,3.188163],[117.23988,3.189381],[117.245145,3.18826],[117.256631,3.182118],[117.265601,3.181656],[117.276186,3.187622],[117.294572,3.204761],[117.303781,3.208912],[117.307592,3.207122],[117.3177,3.177475],[117.318388,3.167156],[117.313025,3.163783],[117.287279,3.16108],[117.271452,3.161288],[117.268852,3.159831],[117.265626,3.154993],[117.259829,3.150589],[117.259683,3.144474],[117.253893,3.146636],[117.256866,3.143025],[117.259992,3.143344],[117.26047,3.148579],[117.263835,3.151747],[117.266147,3.147477],[117.267872,3.133124],[117.258122,3.124605],[117.267977,3.130324],[117.269801,3.133293],[117.26876,3.147711],[117.269583,3.154886],[117.271665,3.157057],[117.27823,3.158131],[117.286144,3.157086],[117.288013,3.155273],[117.284685,3.137689],[117.286977,3.139375],[117.29119,3.156688],[117.299693,3.15873],[117.317438,3.159069],[117.320785,3.156796],[117.319463,3.16185],[117.326115,3.166322],[117.327415,3.169997],[117.334771,3.178211],[117.340737,3.181612],[117.368595,3.181443],[117.394178,3.166932],[117.395255,3.161164],[117.391216,3.152234],[117.388567,3.139298],[117.385291,3.139435],[117.376485,3.146166],[117.371663,3.146678],[117.358377,3.13591],[117.356955,3.130014],[117.364846,3.124027],[117.363795,3.118994],[117.366851,3.123186],[117.364652,3.126395],[117.35789,3.129887],[117.36008,3.135887],[117.3726,3.145298],[117.376531,3.1442],[117.384538,3.137622],[117.390156,3.137586],[117.397301,3.15826],[117.415516,3.173006],[117.425732,3.173621],[117.435221,3.168449],[117.439481,3.164063],[117.444484,3.162359],[117.448621,3.154329],[117.461247,3.140464],[117.465361,3.127577],[117.44523,3.126946],[117.438755,3.123909],[117.430126,3.115273],[117.424747,3.112904],[117.410449,3.114879],[117.404686,3.114184],[117.396584,3.109654],[117.385108,3.095679],[117.381402,3.097295],[117.378902,3.110346],[117.374246,3.115485],[117.367994,3.116366],[117.363538,3.114554],[117.358511,3.105241],[117.363024,3.088621],[117.368278,3.086013],[117.375093,3.08814],[117.378132,3.087399],[117.380909,3.085896],[117.38306,3.081611],[117.381711,3.080328],[117.368479,3.082553],[117.366292,3.080159],[117.364277,3.069957],[117.361869,3.067283],[117.357358,3.069048],[117.355054,3.076042],[117.352421,3.078653],[117.349073,3.079209],[117.345634,3.075974],[117.345511,3.070961],[117.349428,3.063408],[117.350826,3.051523],[117.353199,3.047845],[117.355267,3.046606],[117.369392,3.047125],[117.376293,3.043688],[117.377369,3.038863],[117.375966,3.033373],[117.372783,3.033118],[117.3678,3.03872],[117.3641,3.032506],[117.364796,3.03099],[117.366739,3.030091],[117.370583,3.03133],[117.377898,3.028006],[117.373727,3.025715],[117.3787,3.026203],[117.378546,3.029113],[117.37116,3.031907],[117.374753,3.031317],[117.376898,3.032588],[117.379779,3.041461],[117.386625,3.036699],[117.389117,3.031635],[117.385016,3.025186],[117.384397,3.012394],[117.379092,3.008235],[117.375732,2.999355],[117.370627,2.993175],[117.371263,2.986773],[117.369766,2.982862],[117.346653,2.945741],[117.343181,2.933156],[117.337916,2.931596],[117.334552,2.928161],[117.333315,2.924762],[117.33403,2.917218],[117.320535,2.917674],[117.32931,2.915208],[117.335557,2.916099],[117.335536,2.926893],[117.343755,2.932093],[117.343876,2.919858],[117.339795,2.9094],[117.331834,2.901625],[117.324893,2.900082],[117.323472,2.896468],[117.334623,2.887398],[117.337169,2.882371],[117.33639,2.868517],[117.337696,2.86427],[117.342534,2.855612],[117.353175,2.845727],[117.356731,2.837723],[117.360084,2.823128],[117.360114,2.812919],[117.356243,2.799566],[117.352095,2.801478],[117.349463,2.814014],[117.346265,2.817595],[117.343773,2.817346],[117.341872,2.815006],[117.336653,2.804346],[117.334503,2.807962],[117.333532,2.821031],[117.330259,2.824385],[117.326926,2.823818],[117.318692,2.810991],[117.319579,2.80523],[117.331468,2.788066],[117.332049,2.778296],[117.328728,2.77849],[117.325055,2.783738],[117.321282,2.784873],[117.304764,2.753446],[117.295761,2.752288],[117.292492,2.755548],[117.28793,2.755509],[117.280118,2.751601],[117.275135,2.745257],[117.271792,2.745286],[117.266886,2.748545],[117.26813,2.753531],[117.274458,2.758759],[117.274306,2.761412],[117.267089,2.765265],[117.258937,2.765133],[117.256595,2.757546],[117.258487,2.746012],[117.257524,2.744879],[117.251093,2.746441],[117.239671,2.753319],[117.230348,2.756345],[117.221229,2.750501],[117.209214,2.747692],[117.206347,2.750266],[117.206638,2.756337],[117.198891,2.762141],[117.206809,2.771859],[117.207808,2.776951],[117.204471,2.778391],[117.195305,2.777422],[117.184382,2.768136],[117.175329,2.766574],[117.174957,2.760786],[117.179109,2.753857],[117.177202,2.751881],[117.16552,2.750181],[117.1516,2.735609],[117.152936,2.723108],[117.149877,2.720381],[117.144471,2.725501],[117.131081,2.732738],[117.1216,2.747087],[117.118885,2.750113],[117.114399,2.75181],[117.112206,2.755299],[117.102761,2.758439],[117.097919,2.763059],[117.090849,2.764693],[117.087925,2.763823],[117.090456,2.771117],[117.094437,2.77357],[117.093861,2.779367],[117.092318,2.781751],[117.087803,2.783774],[117.079201,2.797682],[117.074319,2.798375],[117.070313,2.793806],[117.065644,2.792068],[117.051487,2.792402],[117.044267,2.789372],[117.032349,2.791597],[117.023455,2.79597],[116.99452,2.799974],[116.984185,2.803293],[116.978755,2.811136],[116.962856,2.826255],[116.954012,2.827495],[116.946588,2.824397],[116.939105,2.831723],[116.934674,2.833354],[116.927927,2.832061],[116.92117,2.838584],[116.916766,2.840337],[116.910835,2.837213],[116.907999,2.837782],[116.907959,2.848028],[116.906474,2.850076],[116.902596,2.851034],[116.87944,2.8125],[116.881956,2.8125],[116.893654,2.830804],[116.899228,2.84445],[116.903893,2.849178],[116.906768,2.847227],[116.905784,2.83966],[116.907526,2.836216],[116.919677,2.838155],[116.926369,2.830841],[116.935508,2.831959],[116.938289,2.830886],[116.944974,2.822824],[116.954752,2.825734],[116.960621,2.824851],[116.978653,2.808215],[116.984511,2.800847],[116.987815,2.801454],[116.994247,2.798578],[117.021498,2.794889],[117.033334,2.78965],[117.044658,2.787734],[117.054983,2.791222],[117.066772,2.790503],[117.074705,2.796394],[117.077597,2.796499],[117.092588,2.775879],[117.084583,2.761797],[117.087744,2.760636],[117.090548,2.763533],[117.093874,2.763184],[117.103957,2.755602],[117.111784,2.752754],[117.116648,2.745476],[117.121362,2.742494],[117.131384,2.729936],[117.14606,2.720643],[117.151281,2.719083],[117.154612,2.721961],[117.15341,2.735203],[117.167301,2.748901],[117.176541,2.75003],[117.180566,2.752653],[117.176792,2.765317],[117.181887,2.764842],[117.19002,2.767779],[117.198354,2.77479],[117.202073,2.776052],[117.204478,2.776034],[117.205592,2.774127],[117.198898,2.766766],[117.19688,2.761929],[117.20455,2.755171],[117.204436,2.750092],[117.208666,2.745995],[117.220323,2.747518],[117.228171,2.753756],[117.233484,2.754457],[117.251188,2.743957],[117.258014,2.7419],[117.259879,2.744028],[117.259668,2.760185],[117.262895,2.763084],[117.266985,2.763084],[117.27204,2.76051],[117.265395,2.755268],[117.264176,2.752084],[117.26581,2.747071],[117.270128,2.743927],[117.275047,2.743068],[117.286547,2.751742],[117.29052,2.75304],[117.299774,2.749471],[117.303674,2.749898],[117.310442,2.759693],[117.320829,2.780282],[117.324763,2.782286],[117.326543,2.777111],[117.330983,2.775001],[117.335015,2.779454],[117.332734,2.789493],[117.32097,2.809437],[117.325778,2.817923],[117.329175,2.821274],[117.331711,2.820492],[117.331882,2.80664],[117.335157,2.801847],[117.339647,2.803123],[117.342581,2.811387],[117.345936,2.814418],[117.347204,2.813905],[117.348379,2.801828],[117.351087,2.796846],[117.357817,2.797814],[117.362645,2.80792],[117.365034,2.827697],[117.361232,2.837751],[117.364529,2.862956],[117.370124,2.870205],[117.37702,2.872738],[117.390566,2.869102],[117.39022,2.870533],[117.399768,2.877173],[117.401049,2.888481],[117.406085,2.883929],[117.409916,2.883915],[117.413458,2.885906],[117.417052,2.897461],[117.414791,2.901434],[117.409321,2.904528],[117.411247,2.908759],[117.417809,2.906763],[117.423287,2.902707],[117.427834,2.902889],[117.43267,2.907297],[117.443564,2.902094],[117.448537,2.902882],[117.450593,2.90722],[117.448429,2.914881],[117.454219,2.920303],[117.456558,2.929518],[117.460457,2.932608],[117.471715,2.935796],[117.475125,2.934342],[117.486893,2.920781],[117.515172,2.909417],[117.529161,2.911523],[117.540996,2.909166],[117.542464,2.907957],[117.540385,2.907217],[117.543642,2.906468],[117.542115,2.898754],[117.546617,2.888883],[117.550388,2.890809],[117.551506,2.886747],[117.557522,2.884546],[117.564905,2.885822],[117.570163,2.882561],[117.574598,2.882562],[117.580247,2.887442],[117.584419,2.888099],[117.586706,2.884672],[117.591258,2.863154],[117.594414,2.857844],[117.613189,2.854298],[117.631413,2.848022],[117.636847,2.848624],[117.644789,2.85632],[117.648586,2.856299],[117.653442,2.854629],[117.661016,2.848166],[117.661404,2.845875],[117.650474,2.835798],[117.645114,2.82599],[117.641456,2.822396],[117.628157,2.819834],[117.618472,2.820342],[117.603944,2.827039],[117.594089,2.833787],[117.586301,2.841945],[117.573545,2.846675],[117.569742,2.852669],[117.570743,2.848917],[117.568776,2.84884],[117.56293,2.85839],[117.556714,2.862921],[117.553659,2.862974],[117.549506,2.860469],[117.547662,2.856436],[117.546443,2.845366],[117.544836,2.843161],[117.542514,2.843415],[117.539778,2.851446],[117.537926,2.852992],[117.529366,2.853266],[117.521918,2.856516],[117.520804,2.861747],[117.521662,2.868627],[117.518776,2.859309],[117.513892,2.856664],[117.514267,2.84555],[117.509799,2.842539],[117.507688,2.843431],[117.51185,2.849473],[117.511853,2.851913],[117.507344,2.856461],[117.504138,2.857069],[117.501446,2.855355],[117.501212,2.846975],[117.497464,2.840405],[117.49867,2.845269],[117.497148,2.847778],[117.488453,2.851215],[117.484381,2.850696],[117.478221,2.85259],[117.475525,2.85428],[117.473818,2.858359],[117.47294,2.857653],[117.477401,2.848775],[117.483217,2.848244],[117.488268,2.850127],[117.496957,2.846158],[117.495403,2.840776],[117.497395,2.83934],[117.499643,2.840424],[117.502152,2.845327],[117.50216,2.854034],[117.503444,2.855672],[117.508195,2.854674],[117.510844,2.852229],[117.510501,2.849124],[117.506532,2.845369],[117.507119,2.841976],[117.511226,2.841816],[117.513863,2.843428],[117.516024,2.848141],[117.515465,2.855254],[117.517116,2.857696],[117.526014,2.851509],[117.537739,2.850873],[117.540667,2.841982],[117.544676,2.841269],[117.549439,2.846737],[117.55287,2.860106],[117.555874,2.861748],[117.558135,2.860718],[117.566556,2.845234],[117.553798,2.839849],[117.539583,2.824953],[117.538756,2.821871],[117.542987,2.80679],[117.540143,2.806003],[117.521552,2.816498],[117.517556,2.82279],[117.512338,2.826113],[117.496664,2.82533],[117.491231,2.821342],[117.506159,2.825306],[117.512303,2.824816],[117.516832,2.821827],[117.521332,2.815325],[117.528265,2.8125],[117.537078,2.806213],[117.542366,2.804998],[117.54415,2.807082],[117.544182,2.811803],[117.540699,2.820833],[117.541562,2.825219],[117.560073,2.840933],[117.571239,2.843162],[117.579918,2.839249],[117.582504,2.836375],[117.577881,2.830454],[117.581182,2.824036],[117.581139,2.820174],[117.579068,2.817834],[117.568986,2.81849],[117.566224,2.815922],[117.565444,2.812588],[117.567098,2.8125],[117.567633,2.815779],[117.570259,2.817471],[117.57935,2.816438],[117.580996,2.817553],[117.582481,2.824204],[117.579481,2.831104],[117.582443,2.833499],[117.585504,2.833408],[117.595774,2.818434],[117.613659,2.800959],[117.609105,2.794864],[117.60337,2.78255],[117.599295,2.782863],[117.593599,2.788712],[117.585786,2.7883],[117.585465,2.773939],[117.587212,2.775885],[117.586928,2.787191],[117.595,2.786905],[117.599397,2.774822],[117.600062,2.778797],[117.598637,2.780339],[117.605407,2.782638],[117.609969,2.790494],[117.616388,2.78824],[117.610692,2.792578],[117.612712,2.795707],[117.617812,2.79737],[117.634825,2.793314],[117.635677,2.790233],[117.638397,2.793767],[117.643621,2.794055],[117.660744,2.791213],[117.67738,2.785939],[117.676754,2.783027],[117.671896,2.779237],[117.671389,2.776309],[117.672848,2.772239],[117.670441,2.770004],[117.673691,2.771298],[117.672048,2.776297],[117.672894,2.778994],[117.67997,2.784762],[117.683567,2.785469],[117.686257,2.782889],[117.683836,2.77272],[117.690099,2.769982],[117.684402,2.775061],[117.688636,2.784781],[117.692909,2.785347],[117.732337,2.771565],[117.743636,2.761341],[117.745661,2.751625],[117.751514,2.754399],[117.772298,2.748612],[117.783209,2.750953],[117.792117,2.715394],[117.792904,2.695811],[117.789145,2.659508],[117.792772,2.641111],[117.802983,2.621627],[117.812088,2.609193],[117.82303,2.602858],[117.827577,2.597233],[117.835216,2.592885],[117.864233,2.559064],[117.869516,2.555177],[117.869246,2.553386],[117.872493,2.552932],[117.87913,2.545201],[117.886413,2.540078],[117.899142,2.524626],[117.899139,2.522218],[117.903087,2.520352],[117.935563,2.474411],[117.949358,2.460938],[117.974641,2.440723],[117.978011,2.44036],[117.985472,2.435884],[117.999256,2.43473],[117.999071,2.429008],[118.001146,2.423414],[117.995082,2.421758],[117.997587,2.41433],[118.010515,2.406599],[118.020214,2.389918],[118.019633,2.387089],[118.015011,2.383811],[118.015174,2.378971],[118.011549,2.380317],[118.007354,2.384736],[118.010139,2.380045],[118.018393,2.374129],[118.016324,2.368701],[118.013723,2.366071],[118.005091,2.367511],[118.008306,2.364937],[118.013444,2.364676],[118.022087,2.36895],[118.021974,2.359284],[118.029272,2.357987],[118.036959,2.361359],[118.040638,2.365346],[118.041044,2.36895],[118.039025,2.371281],[118.038476,2.375375],[118.042543,2.380008],[118.046393,2.379434],[118.055724,2.36481],[118.066886,2.356413],[118.066088,2.347915],[118.069747,2.340295],[118.075485,2.33805],[118.077456,2.33415],[118.077687,2.326839],[118.074017,2.327541],[118.072853,2.325168],[118.077466,2.317618],[118.075202,2.311128],[118.076781,2.3118],[118.078698,2.317458],[118.081522,2.314414],[118.082584,2.323241],[118.085487,2.325831],[118.094784,2.310436],[118.093315,2.299798],[118.087776,2.296043],[118.084474,2.285965],[118.081997,2.285156],[118.084012,2.284703],[118.085069,2.285156],[118.087652,2.289852],[118.090276,2.286649],[118.090389,2.290465],[118.092654,2.292382],[118.096277,2.291549],[118.098165,2.288356],[118.098164,2.283638],[118.093081,2.273972],[118.084929,2.265346],[118.076095,2.258469],[118.071821,2.258356],[118.06968,2.261907],[118.071403,2.257671],[118.079116,2.255437],[118.077689,2.249338],[118.068801,2.245589],[118.067817,2.24651],[118.069316,2.248344],[118.068209,2.252469],[118.068655,2.248878],[118.06599,2.246515],[118.065771,2.240653],[118.056557,2.22977],[118.040595,2.218492],[118.036744,2.211989],[118.028587,2.205909],[118.020252,2.196907],[118.013652,2.196514],[118.009306,2.202245],[118.009569,2.199112],[117.989916,2.196],[117.980267,2.190651],[117.970821,2.190863],[117.945527,2.180833],[117.932472,2.180856],[117.919606,2.198882],[117.909908,2.208915],[117.905967,2.211003],[117.898675,2.207128],[117.895432,2.195609],[117.868724,2.199747],[117.837723,2.198947],[117.814061,2.201662],[117.803543,2.198535],[117.791138,2.18946],[117.774135,2.189453],[117.753472,2.192522],[117.741185,2.192522],[117.721302,2.188545],[117.69951,2.181391],[117.688844,2.180319],[117.685782,2.181488],[117.6868,2.193493],[117.683112,2.198035],[117.663578,2.203619],[117.653103,2.209353],[117.637511,2.207118],[117.62866,2.209014],[117.609952,2.216547],[117.600421,2.211995],[117.585387,2.198835],[117.579841,2.19891],[117.573253,2.191825],[117.567026,2.180738],[117.558797,2.175002],[117.543337,2.172184],[117.5267,2.178542],[117.513883,2.17888],[117.506345,2.18189],[117.500481,2.18189],[117.496182,2.178101],[117.490774,2.169378],[117.493081,2.15918],[117.476225,2.152786],[117.472088,2.154071],[117.469875,2.164202],[117.465943,2.172595],[117.462789,2.175274],[117.458344,2.176266],[117.448226,2.174405],[117.439363,2.166123],[117.431737,2.162976],[117.411496,2.161499],[117.403285,2.158512],[117.387748,2.160682],[117.381481,2.15534],[117.379402,2.150791],[117.369943,2.139625],[117.370489,2.132571],[117.377401,2.123279],[117.377215,2.119652],[117.372868,2.115264],[117.364023,2.109773],[117.356371,2.101592],[117.352607,2.102151],[117.347013,2.107665],[117.337382,2.106797],[117.327911,2.100476],[117.322575,2.09927],[117.309244,2.085848],[117.298773,2.087795],[117.295165,2.092717],[117.29434,2.098961],[117.307556,2.104602],[117.315359,2.104942],[117.31741,2.1106],[117.314973,2.115559],[117.303088,2.125778],[117.293018,2.131205],[117.280999,2.132254],[117.275423,2.127094],[117.270952,2.112893],[117.271115,2.106724],[117.274684,2.098877],[117.274045,2.095787],[117.265306,2.104442],[117.256698,2.102708],[117.249865,2.104087],[117.224343,2.124875],[117.226818,2.127309],[117.230736,2.127232],[117.236709,2.12426],[117.239679,2.120286],[117.242725,2.119669],[117.245002,2.122329],[117.245536,2.124833],[117.241838,2.13438],[117.241729,2.14301],[117.240398,2.13577],[117.244528,2.125689],[117.243706,2.121162],[117.239974,2.121583],[117.235631,2.126176],[117.229074,2.128834],[117.224195,2.127327],[117.224399,2.123326],[117.245286,2.104382],[117.252548,2.101591],[117.264878,2.101769],[117.273093,2.094097],[117.275587,2.096471],[117.273117,2.106758],[117.274508,2.122251],[117.276241,2.126316],[117.279994,2.130551],[117.282462,2.131109],[117.288787,2.13083],[117.294692,2.128559],[117.30535,2.120728],[117.315874,2.106918],[117.300284,2.104978],[117.295601,2.103207],[117.293361,2.099991],[117.292977,2.094733],[117.295697,2.08863],[117.302436,2.08489],[117.308311,2.084293],[117.312522,2.085989],[117.327963,2.098744],[117.341827,2.105959],[117.348009,2.105947],[117.352726,2.09987],[117.357515,2.099628],[117.364492,2.104661],[117.369779,2.110967],[117.373955,2.113045],[117.378263,2.119257],[117.378835,2.122575],[117.371234,2.137934],[117.37401,2.143076],[117.381665,2.149135],[117.386878,2.157627],[117.388996,2.158747],[117.401947,2.154648],[117.415587,2.160246],[117.42497,2.159628],[117.434416,2.161391],[117.450519,2.173263],[117.457232,2.174356],[117.460997,2.174237],[117.465119,2.170085],[117.469207,2.155833],[117.473364,2.15131],[117.488162,2.152872],[117.49299,2.156328],[117.496015,2.162122],[117.50618,2.15829],[117.508991,2.148109],[117.508371,2.14013],[117.499504,2.127372],[117.492405,2.120866],[117.486958,2.118891],[117.46854,2.123533],[117.453383,2.119384],[117.453762,2.104699],[117.451724,2.100586],[117.443284,2.092716],[117.439391,2.095956],[117.433296,2.090875],[117.432037,2.091424],[117.43029,2.098535],[117.421875,2.114955],[117.425365,2.104193],[117.430171,2.09729],[117.431286,2.09048],[117.434347,2.090437],[117.438958,2.094718],[117.440767,2.091828],[117.443795,2.091518],[117.452556,2.099495],[117.454607,2.103953],[117.454363,2.117873],[117.472559,2.121901],[117.486753,2.11664],[117.492814,2.119339],[117.505888,2.130132],[117.510644,2.142478],[117.511703,2.151955],[117.509868,2.157413],[117.500859,2.162335],[117.496654,2.167463],[117.49583,2.171776],[117.50076,2.177705],[117.507741,2.178262],[117.517545,2.171346],[117.521899,2.170112],[117.52647,2.170648],[117.534979,2.168061],[117.555452,2.166603],[117.562462,2.16913],[117.560261,2.169732],[117.572886,2.177984],[117.588164,2.181393],[117.600078,2.188304],[117.602234,2.190717],[117.602807,2.194807],[117.59875,2.198375],[117.595795,2.198642],[117.593578,2.201869],[117.598776,2.206149],[117.607911,2.210028],[117.634036,2.203542],[117.640124,2.198282],[117.650482,2.18529],[117.661216,2.178141],[117.698972,2.168036],[117.704892,2.165142],[117.719484,2.149394],[117.723703,2.137901],[117.723424,2.11878],[117.719463,2.104669],[117.711818,2.097621],[117.708738,2.097667],[117.708061,2.09937],[117.712979,2.105879],[117.712167,2.108722],[117.707984,2.109626],[117.703012,2.104704],[117.698071,2.108246],[117.700826,2.104297],[117.704326,2.103546],[117.708521,2.108773],[117.711272,2.107956],[117.711139,2.104949],[117.70677,2.099315],[117.70908,2.096169],[117.712377,2.096505],[117.718868,2.10135],[117.720868,2.101871],[117.722027,2.100429],[117.726226,2.083233],[117.714401,2.082582],[117.710748,2.077738],[117.711689,2.074317],[117.719789,2.06428],[117.718567,2.059431],[117.708331,2.059959],[117.698707,2.057777],[117.685218,2.083466],[117.678912,2.087686],[117.657571,2.094398],[117.65155,2.092325],[117.64823,2.089536],[117.646266,2.085196],[117.642413,2.08316],[117.640147,2.080261],[117.638684,2.080677],[117.624519,2.097246],[117.620609,2.099912],[117.619654,2.102686],[117.623655,2.107392],[117.628559,2.10824],[117.630119,2.106757],[117.632191,2.108446],[117.629982,2.114203],[117.63376,2.121251],[117.630584,2.125513],[117.628453,2.125143],[117.631363,2.122936],[117.628297,2.117129],[117.62935,2.109375],[117.623905,2.109654],[117.619457,2.105528],[117.612525,2.113163],[117.612336,2.116303],[117.61469,2.118554],[117.626167,2.124663],[117.625988,2.126651],[117.620319,2.129791],[117.620438,2.136818],[117.621727,2.13903],[117.628096,2.138973],[117.621926,2.140552],[117.618041,2.144002],[117.620333,2.139543],[117.619074,2.130216],[117.624732,2.125654],[117.611845,2.118244],[117.607473,2.111929],[117.610062,2.114224],[117.616283,2.104807],[117.619043,2.097006],[117.62544,2.091936],[117.637139,2.078565],[117.637477,2.072994],[117.640204,2.066903],[117.651174,2.064503],[117.647471,2.055279],[117.643406,2.051305],[117.63747,2.057069],[117.636587,2.063408],[117.629661,2.064772],[117.636058,2.060384],[117.634207,2.050545],[117.635217,2.054499],[117.636942,2.055293],[117.644098,2.048711],[117.646587,2.042383],[117.644851,2.048972],[117.647439,2.052583],[117.650619,2.053789],[117.662747,2.052539],[117.674929,2.058325],[117.68259,2.075179],[117.686726,2.070733],[117.693305,2.054335],[117.700438,2.046541],[117.702301,2.03609],[117.707156,2.030158],[117.712191,2.027048],[117.722756,2.028952],[117.734293,2.039418],[117.735819,2.043135],[117.740592,2.045043],[117.741989,2.044209],[117.744332,2.032244],[117.749341,2.025965],[117.75682,2.022573],[117.766781,2.013833],[117.780558,2.012526],[117.784138,2.001508],[117.783709,1.997676],[117.780844,1.994738],[117.774335,1.995459],[117.773438,1.994141],[117.779464,1.993097],[117.785426,1.997312],[117.784122,2.01108],[117.786106,2.01397],[117.821766,2.011238],[117.82448,2.009711],[117.824509,2.006416],[117.819868,1.994803],[117.821518,1.988989],[117.819652,1.986886],[117.814657,1.987618],[117.817448,1.986078],[117.820303,1.986123],[117.822228,1.98854],[117.820879,1.99571],[117.824786,2.002395],[117.826577,2.008628],[117.830482,2.010544],[117.838179,2.007642],[117.844776,1.996518],[117.846349,1.989768],[117.863276,1.967403],[117.857655,1.960996],[117.845992,1.957056],[117.843663,1.953641],[117.844575,1.951046],[117.842483,1.950373],[117.845213,1.950601],[117.844999,1.954101],[117.846812,1.956413],[117.858861,1.959966],[117.869235,1.969397],[117.876542,1.972918],[117.87716,1.970048],[117.871807,1.94812],[117.871115,1.906766],[117.861392,1.89371],[117.858513,1.893614],[117.848122,1.899427],[117.843847,1.906499],[117.837399,1.91064],[117.834424,1.921728],[117.835957,1.923106],[117.830857,1.924375],[117.826395,1.936259],[117.828116,1.940781],[117.827871,1.948949],[117.822217,1.950162],[117.826671,1.948413],[117.826872,1.941584],[117.824759,1.940739],[117.825429,1.936451],[117.829075,1.924514],[117.833159,1.919511],[117.833526,1.911922],[117.829593,1.91389],[117.839712,1.90502],[117.846269,1.894718],[117.845428,1.893739],[117.838168,1.895231],[117.849828,1.892721],[117.847003,1.886924],[117.835023,1.886283],[117.839004,1.885118],[117.847849,1.885885],[117.850538,1.891587],[117.85231,1.892041],[117.860258,1.882699],[117.860808,1.874853],[117.852903,1.87493],[117.854375,1.873365],[117.857918,1.87467],[117.859832,1.873223],[117.854049,1.866712],[117.847137,1.863078],[117.84399,1.859455],[117.845123,1.854497],[117.84942,1.849557],[117.847021,1.839707],[117.850479,1.835268],[117.845799,1.828806],[117.851966,1.834191],[117.861165,1.829332],[117.851963,1.835822],[117.848847,1.839893],[117.850946,1.8481],[117.853676,1.849298],[117.850621,1.850121],[117.846054,1.856078],[117.846054,1.858993],[117.853236,1.86218],[117.863213,1.870565],[117.868199,1.880782],[117.872071,1.881219],[117.890243,1.873024],[117.891189,1.864949],[117.887351,1.855836],[117.891588,1.853328],[117.893717,1.846106],[117.898356,1.838512],[117.89836,1.836304],[117.89612,1.834155],[117.90123,1.837314],[117.918394,1.813492],[117.922434,1.81217],[117.929672,1.805246],[117.968607,1.790397],[117.972315,1.792928],[117.977626,1.792381],[118.008973,1.784386],[118.022723,1.783022],[118.025004,1.780656],[118.024884,1.777354],[118.027488,1.783231],[118.034937,1.787814],[118.04022,1.788196],[118.047024,1.784894],[118.060165,1.772784],[118.066607,1.762172],[118.063963,1.747018],[118.058121,1.739359],[118.050567,1.74285],[118.040599,1.75248],[118.034495,1.750822],[118.032231,1.74516],[118.02317,1.744337],[118.033013,1.744144],[118.037755,1.750932],[118.043453,1.748509],[118.046811,1.742303],[118.042281,1.736077],[118.048398,1.740702],[118.052147,1.737835],[118.054129,1.729492],[118.061466,1.719116],[118.074189,1.708566],[118.080606,1.69908],[118.081926,1.692264],[118.091482,1.684297],[118.111984,1.656042],[118.126814,1.640346],[118.134024,1.634516],[118.148253,1.632784],[118.157842,1.628137],[118.164485,1.626921],[118.174079,1.61761],[118.176528,1.610342],[118.180594,1.606893],[118.210809,1.589805],[118.228833,1.573638],[118.244568,1.563578],[118.248548,1.558888],[118.25569,1.558092],[118.262181,1.553836],[118.274175,1.550301],[118.27697,1.544909],[118.285605,1.546302],[118.288949,1.54294],[118.295612,1.541798],[118.303573,1.535613],[118.301688,1.530321],[118.307416,1.532603],[118.314858,1.531029],[118.344723,1.512618],[118.357808,1.506932],[118.364298,1.508677],[118.368265,1.506804],[118.369852,1.504138],[118.374656,1.504056],[118.37839,1.501259],[118.378662,1.495375],[118.382521,1.496845],[118.384399,1.500569],[118.386003,1.500845],[118.388134,1.493207],[118.384101,1.490444],[118.377021,1.488809],[118.375641,1.485243],[118.377537,1.482905],[118.381555,1.483289],[118.386347,1.487745],[118.387806,1.483582],[118.394701,1.488054],[118.400283,1.484261],[118.399488,1.482501],[118.400962,1.481329],[118.403585,1.484443],[118.405665,1.483962],[118.407898,1.487773],[118.410447,1.486601],[118.415149,1.474449],[118.412917,1.463783],[118.410495,1.459753],[118.418191,1.460723],[118.421397,1.452653],[118.421005,1.44847],[118.415037,1.438646],[118.39712,1.435297],[118.387443,1.435114],[118.378994,1.427042],[118.387562,1.429785],[118.38916,1.426816],[118.38687,1.423486],[118.388154,1.423141],[118.401407,1.426741],[118.403888,1.425378],[118.419518,1.434416],[118.424548,1.433264],[118.426299,1.431349],[118.419827,1.430192],[118.416723,1.427794],[118.423133,1.429057],[118.429934,1.425365],[118.429117,1.412976],[118.421224,1.408731],[118.419428,1.402861],[118.412974,1.401297],[118.410133,1.40208],[118.410359,1.399829],[118.418523,1.393737],[118.429857,1.39993],[118.432642,1.399521],[118.435547,1.391322],[118.432924,1.382985],[118.435365,1.379286],[118.438728,1.380052],[118.442374,1.376174],[118.446016,1.37926],[118.44941,1.37982],[118.454117,1.385985],[118.459014,1.398969],[118.46172,1.399992],[118.465687,1.394849],[118.469534,1.395329],[118.470703,1.393834],[118.468938,1.391883],[118.468504,1.38551],[118.460974,1.376222],[118.46121,1.370663],[118.45662,1.367993],[118.462409,1.363586],[118.463709,1.364169],[118.463768,1.369639],[118.467965,1.378253],[118.474336,1.38374],[118.4777,1.382081],[118.480329,1.384766],[118.486473,1.381658],[118.490041,1.377895],[118.489262,1.373515],[118.483135,1.366763],[118.485565,1.363768],[118.488381,1.365508],[118.491342,1.373065],[118.496726,1.366068],[118.496666,1.371182],[118.499552,1.373545],[118.514349,1.376663],[118.5166,1.375238],[118.516997,1.37296],[118.513746,1.370044],[118.516594,1.370891],[118.517886,1.369396],[118.517264,1.366284],[118.508691,1.361555],[118.517545,1.363113],[118.521042,1.367995],[118.523155,1.368671],[118.527065,1.366211],[118.518817,1.361282],[118.516832,1.357267],[118.52197,1.361366],[118.530523,1.363208],[118.53357,1.361736],[118.532676,1.359844],[118.539323,1.362372],[118.543064,1.360671],[118.547481,1.361071],[118.54994,1.35833],[118.550839,1.359816],[118.547688,1.364283],[118.554897,1.36772],[118.559873,1.365007],[118.562081,1.366629],[118.567755,1.360417],[118.571869,1.359897],[118.574113,1.355501],[118.580822,1.353765],[118.584011,1.349781],[118.587194,1.349577],[118.589318,1.347483],[118.588799,1.344103],[118.590485,1.34099],[118.594646,1.338764],[118.605728,1.325853],[118.612528,1.322829],[118.61893,1.315096],[118.628489,1.311355],[118.631505,1.307944],[118.635812,1.308033],[118.640908,1.303042],[118.644117,1.302436],[118.654112,1.287774],[118.665292,1.279329],[118.670869,1.279282],[118.67813,1.272652],[118.682724,1.270776],[118.683299,1.267081],[118.689597,1.267634],[118.690292,1.26581],[118.68747,1.260636],[118.690967,1.264748],[118.692195,1.262855],[118.695302,1.263377],[118.703838,1.255047],[118.712591,1.250644],[118.716011,1.243978],[118.726684,1.232469],[118.748719,1.216268],[118.752334,1.215128],[118.757533,1.208008],[118.767551,1.199635],[118.769769,1.191274],[118.769491,1.167962],[118.765124,1.164588],[118.76393,1.161155],[118.759394,1.159952],[118.755987,1.160918],[118.748105,1.157427],[118.738088,1.160687],[118.737032,1.158118],[118.727543,1.157613],[118.726061,1.156055],[118.730204,1.154078],[118.734367,1.155451],[118.737859,1.151702],[118.740166,1.152855],[118.744294,1.147698],[118.746109,1.150423],[118.753742,1.151979],[118.757272,1.147891],[118.756871,1.151258],[118.758501,1.152547],[118.773116,1.149985],[118.773438,1.154397],[118.775808,1.155092],[118.787871,1.13551],[118.785544,1.134128],[118.779897,1.139882],[118.777496,1.136566],[118.777583,1.132918],[118.792111,1.122819],[118.79648,1.1236],[118.797742,1.122246],[118.796235,1.116997],[118.800183,1.11354],[118.804983,1.112029],[118.807544,1.114949],[118.830979,1.098465],[118.828125,1.09375],[118.827874,1.088504],[118.831957,1.077098],[118.83736,1.071358],[118.833129,1.065541],[118.832898,1.062082],[118.835626,1.058681],[118.835407,1.053992],[118.838015,1.050307],[118.844585,1.046947],[118.853655,1.048021],[118.862819,1.056097],[118.869492,1.067131],[118.871506,1.068131],[118.884586,1.065646],[118.889302,1.066883],[118.903787,1.064762],[118.915555,1.065152],[118.932979,1.058902],[118.945113,1.058709],[118.948672,1.053786],[118.955608,1.04843],[118.957603,1.044301],[118.966638,1.036882],[118.97016,1.035788],[118.977575,1.038924],[118.982097,1.035458],[118.988478,1.022567],[118.983681,1.014865],[118.9802,1.014441],[118.982194,1.011602],[118.979275,1.005829],[118.981483,1.003311],[120.809831,1.326413],[120.820858,1.323435],[120.82495,1.32514],[120.83141,1.319626],[120.833023,1.31447],[120.840511,1.312809],[120.844846,1.314634],[120.847828,1.319081],[120.851377,1.316773],[120.857934,1.317229],[120.86307,1.321261],[120.865615,1.318563],[120.868279,1.318195],[120.875097,1.322346],[120.881256,1.322295],[120.884648,1.323991],[120.887473,1.326844],[120.889208,1.336386],[120.895167,1.341608],[120.894778,1.349625],[120.898812,1.350171],[120.902548,1.35594],[120.908877,1.352923],[120.91302,1.345542],[120.91361,1.340883],[120.911693,1.338475],[120.903311,1.337942],[120.898784,1.333651],[120.897797,1.328979],[120.900251,1.327254],[120.900733,1.323759],[120.905311,1.321493],[120.904527,1.31856],[120.89943,1.318567],[120.896125,1.324427],[120.891771,1.325833],[120.890215,1.324479],[120.893848,1.323003],[120.895488,1.318256],[120.893116,1.318002],[120.89088,1.320749],[120.887965,1.318945],[120.893274,1.313646],[120.900265,1.313429],[120.901262,1.311722],[120.900504,1.308928],[120.893687,1.308702],[120.893926,1.304418],[120.895687,1.304179],[120.897863,1.306952],[120.903067,1.306011],[120.910613,1.308959],[120.911306,1.310814],[120.908602,1.314338],[120.915543,1.319988],[120.918383,1.32577],[120.919925,1.324805],[120.920126,1.319987],[120.922247,1.318112],[120.927721,1.319168],[120.925292,1.322888],[120.929524,1.324605],[120.928821,1.32833],[120.927595,1.32952],[120.922572,1.328125],[120.920939,1.329716],[120.930063,1.335663],[120.931273,1.339882],[120.9375,1.344029],[120.941861,1.350389],[120.965691,1.342326],[120.972988,1.34425],[120.989095,1.33627],[120.993121,1.336292],[120.995225,1.339251],[120.999276,1.331316],[121.007074,1.329024],[121.011616,1.325682],[121.017134,1.325063],[121.021265,1.328567],[121.024282,1.328599],[121.025853,1.321831],[121.03807,1.322142],[121.040171,1.319314],[121.038121,1.316869],[121.039149,1.313367],[121.046583,1.313908],[121.048084,1.309493],[121.054001,1.310662],[121.057876,1.30396],[121.060973,1.302485],[121.065895,1.302716],[121.07034,1.308844],[121.074137,1.309755],[121.078541,1.318618],[121.080152,1.319247],[121.090021,1.31474],[121.101466,1.315934],[121.120269,1.303451],[121.145265,1.291611],[121.164323,1.275777],[121.173148,1.270297],[121.181852,1.267182],[121.206603,1.249378],[121.242629,1.232399],[121.245614,1.232909],[121.254046,1.23019],[121.272149,1.232845],[121.276438,1.24065],[121.282452,1.238645],[121.290039,1.239427],[121.293633,1.241651],[121.299875,1.251686],[121.305145,1.253015],[121.309802,1.256624],[121.314981,1.256258],[121.317176,1.254249],[121.324901,1.25546],[121.328442,1.253973],[121.333566,1.254464],[121.336578,1.261645],[121.338269,1.262421],[121.34314,1.257783],[121.345515,1.251226],[121.35461,1.248682],[121.362022,1.250965],[121.369349,1.256006],[121.378493,1.257311],[121.383255,1.261431],[121.387964,1.262199],[121.398257,1.260424],[121.402125,1.261776],[121.409566,1.267112],[121.409385,1.277824],[121.416158,1.279534],[121.42347,1.283829],[121.425486,1.288646],[121.428712,1.289761],[121.427798,1.291905],[121.43046,1.29461],[121.427789,1.299227],[121.435382,1.309127],[121.442262,1.310586],[121.443619,1.313452],[121.457407,1.310004],[121.468869,1.301765],[121.468639,1.295541],[121.465983,1.293902],[121.462123,1.285878],[121.462864,1.283113],[121.467724,1.278599],[121.469852,1.264267],[121.464243,1.260517],[121.460054,1.250581],[121.445087,1.247837],[121.433135,1.242539],[121.419381,1.243589],[121.413027,1.23535],[121.415248,1.233187],[121.425806,1.231863],[121.427339,1.229661],[121.431563,1.228404],[121.434402,1.223605],[121.433164,1.217222],[121.43464,1.212668],[121.430454,1.203534],[121.429754,1.197963],[121.427837,1.194598],[121.421688,1.193445],[121.419711,1.189085],[121.421736,1.182614],[121.4317,1.164451],[121.443121,1.156025],[121.435895,1.152012],[121.445911,1.153149],[121.45434,1.138502],[121.481414,1.113519],[121.482378,1.111287],[121.481205,1.110212],[121.47765,1.115002],[121.479845,1.109627],[121.486934,1.107962],[121.503518,1.091281],[121.509926,1.087252],[121.525065,1.083288],[121.554876,1.062809],[121.565357,1.061461],[121.567489,1.063329],[121.573314,1.063151],[121.582968,1.057724],[121.585821,1.058252],[121.600725,1.054688],[121.606015,1.055647],[121.607865,1.059698],[121.611769,1.061912],[121.62051,1.059508],[121.62861,1.060393],[121.637771,1.054544],[121.645574,1.053557],[121.647571,1.050921],[121.64762,1.044623],[121.651064,1.040505],[121.654141,1.043157],[121.658933,1.05616],[121.656925,1.057527],[121.653878,1.054129],[121.650391,1.054688],[121.651117,1.061114],[121.669779,1.069681],[121.675271,1.065737],[121.680246,1.065907],[121.684525,1.071345],[121.688418,1.070068],[121.693333,1.064356],[121.696162,1.055939],[121.706698,1.052359],[121.707536,1.050334],[121.705078,1.047014],[121.707322,1.044779],[121.707077,1.039585],[121.715064,1.040487],[121.718145,1.04537],[121.715469,1.04388],[121.712074,1.045153],[121.709025,1.051788],[121.708292,1.059774],[121.70316,1.067966],[121.705982,1.076061],[121.710187,1.080622],[121.714216,1.080583],[121.722034,1.075063],[121.72955,1.075244],[121.733872,1.071039],[121.735384,1.066705],[121.740711,1.063077],[121.742972,1.066065],[121.742655,1.070403],[121.744292,1.072359],[121.751534,1.072472],[121.755384,1.069946],[121.76427,1.069762],[121.774117,1.077791],[121.777468,1.075243],[121.781986,1.075883],[121.784034,1.080766],[121.787002,1.082256],[121.798975,1.080419],[121.801178,1.081985],[121.806612,1.080623],[121.809221,1.077931],[121.812087,1.081685],[121.817312,1.080957],[121.821514,1.087332],[121.821115,1.09015],[121.824345,1.092008],[121.828608,1.087091],[121.843508,1.086898],[121.845895,1.092081],[121.84859,1.093353],[121.855776,1.085919],[121.859359,1.085664],[121.858386,1.08997],[121.860866,1.093175],[121.862348,1.088848],[121.872506,1.083125],[121.87301,1.081502],[121.876963,1.079887],[121.882378,1.080109],[121.888307,1.083029],[121.887571,1.088032],[121.890461,1.090919],[121.906905,1.092641],[121.917097,1.09935],[121.926803,1.102912],[121.931129,1.102139],[121.933723,1.098404],[121.934513,1.093332],[121.932521,1.089252],[121.934572,1.079852],[121.937274,1.077243],[121.943175,1.076128],[121.949305,1.066931],[121.94891,1.05722],[121.95293,1.055718],[121.955773,1.059146],[121.958895,1.059366],[121.952875,1.044181],[121.95399,1.039204],[121.971642,1.027969],[121.974471,1.027871],[121.98414,1.022385],[121.993788,1.02688],[122.000292,1.027684],[122.003288,1.035713],[122.0108,1.03475],[122.01666,1.039831],[122.022792,1.039694],[122.028458,1.044073],[122.031902,1.043759],[122.038115,1.047081],[122.041991,1.046695],[122.045976,1.051319],[122.050951,1.054065],[122.05366,1.065374],[122.059595,1.065028],[122.059824,1.067986],[122.055861,1.071402],[122.059551,1.073575],[122.066008,1.073628],[122.069278,1.071935],[122.070691,1.069594],[122.067232,1.068187],[122.06491,1.064576],[122.070964,1.063427],[122.075918,1.059938],[122.078702,1.061037],[122.079921,1.064798],[122.089797,1.064806],[122.092792,1.068322],[122.097953,1.069692],[122.106088,1.067063],[122.108455,1.06762],[122.109115,1.06498],[122.106937,1.06303],[122.108068,1.058673],[122.113139,1.055707],[122.118566,1.054994],[122.116805,1.05166],[122.120948,1.045954],[122.124202,1.045394],[122.126905,1.049582],[122.12949,1.04889],[122.124369,1.052816],[122.125955,1.053431],[122.128019,1.051517],[122.12949,1.05384],[122.139482,1.049188],[122.142685,1.04539],[122.150142,1.045337],[122.154835,1.048353],[122.156304,1.043578],[122.158633,1.041469],[122.15886,1.037308],[122.163737,1.032332],[122.170297,1.033745],[122.172728,1.045198],[122.184269,1.043549],[122.185192,1.046773],[122.183986,1.051358],[122.187067,1.056242],[122.188323,1.052454],[122.185996,1.050644],[122.186647,1.046457],[122.195593,1.037868],[122.193813,1.037032],[122.193429,1.033404],[122.195287,1.033574],[122.201106,1.026225],[122.208846,1.020872],[122.21374,1.01965],[122.221779,1.025143],[122.225815,1.018526],[122.228903,1.016618],[122.228241,1.012575],[122.223596,1.010776],[122.221546,1.007084],[122.221045,1.000666],[122.225162,0.996956],[122.225661,0.994225],[122.230907,0.99226],[122.238021,0.99508],[122.238345,1.003894],[122.237121,1.006423],[122.241948,1.010304],[122.247521,1.007501],[122.249499,1.002666],[122.252337,1.001756],[122.255459,1.00312],[122.256328,1.006026],[122.263037,1.012481],[122.268545,1.012651],[122.269969,1.009779],[122.274004,1.007851],[122.2866,1.004215],[122.291185,1.004873],[122.292428,1.008067],[122.298746,1.006252],[122.302037,1.002583],[122.310053,1.007064],[122.314615,1.005595],[122.317328,1.012837],[122.316378,1.016716],[122.319189,1.019797],[122.33007,1.021174],[122.32801,1.02633],[122.329706,1.030259],[122.328477,1.034076],[122.329885,1.037609],[122.333854,1.040944],[122.337132,1.039782],[122.33541,1.032828],[122.338068,1.027124],[122.34375,1.022321],[122.350244,1.020357],[122.350441,1.013901],[122.359437,1.009659],[122.359163,1.004894],[122.362238,1.001274],[122.362697,0.995592],[122.366767,0.993612],[122.371769,0.993612],[122.377226,0.998882],[122.380744,1.000145],[122.383138,1.003936],[122.389761,1.003084],[122.390105,1.008045],[122.393242,1.013466],[122.400688,1.00758],[122.401882,1.004053],[122.407052,1.004313],[122.406468,1.000801],[122.410111,0.99837],[122.412278,0.992833],[122.419116,0.990865],[122.42429,0.992057],[122.428723,0.995321],[122.430366,0.993616],[122.435451,0.994171],[122.43983,0.998315],[122.444316,0.998983],[122.440654,1.013154],[122.444694,1.017272],[122.439867,1.022014],[122.446095,1.028753],[122.452148,1.032087],[122.463745,1.022623],[122.461496,1.017717],[122.466754,1.014978],[122.471241,1.016427],[122.472025,1.013998],[122.469927,1.010134],[122.474155,1.001845],[122.477178,0.998906],[122.482743,0.999759],[122.486848,0.9951],[122.487444,0.991219],[122.492322,0.987928],[122.504341,0.985557],[122.51186,0.98069],[122.538562,0.970074],[122.542828,0.971851],[122.548948,0.970476],[122.551621,0.971331],[122.551375,0.965819],[122.560384,0.960409],[122.575171,0.958768],[122.587846,0.952341],[122.596263,0.953653],[122.599949,0.952563],[122.602594,0.948925],[122.606667,0.948396],[122.611417,0.944372],[122.614368,0.94653],[122.614987,0.956635],[122.618723,0.961466],[122.624357,0.964089],[122.626236,0.962187],[122.622125,0.955189],[122.625638,0.95347],[122.628902,0.955188],[122.639606,0.941983],[122.641806,0.942206],[122.649135,0.948661],[122.651723,0.944958],[122.655812,0.943256],[122.658195,0.934051],[122.66395,0.934876],[122.674775,0.914159],[122.679078,0.912293],[122.682677,0.900512],[122.687869,0.895379],[122.69129,0.897922],[122.693406,0.897413],[122.695313,0.892299],[122.699115,0.889007],[122.7044,0.890275],[122.705905,0.888696],[122.711731,0.892276],[122.722183,0.886726],[122.719103,0.880352],[122.717406,0.881864],[122.715974,0.881154],[122.713798,0.875908],[122.713183,0.867671],[122.721081,0.867337],[122.726432,0.874567],[122.729849,0.869198],[122.73283,0.876693],[122.734524,0.876438],[122.739487,0.880777],[122.744141,0.878906],[122.747908,0.875015],[122.752483,0.87454],[122.752232,0.869001],[122.756252,0.865101],[122.760258,0.866051],[122.765229,0.862363],[122.768166,0.86556],[122.765728,0.873513],[122.770647,0.878906],[122.77314,0.878636],[122.788726,0.865054],[122.787937,0.860474],[122.794784,0.859821],[122.794652,0.857319],[122.803089,0.848016],[122.800869,0.845116],[122.792175,0.849571],[122.789685,0.849127],[122.796335,0.839836],[122.796504,0.8354],[122.809585,0.835168],[122.807271,0.839864],[122.80996,0.842146],[122.813285,0.837512],[122.813188,0.834104],[122.817261,0.831347],[122.822169,0.833792],[122.820766,0.837856],[122.823523,0.83969],[122.826381,0.82962],[122.823799,0.825082],[122.827745,0.823705],[122.830758,0.818952],[122.834708,0.819116],[122.837483,0.823488],[122.843027,0.816355],[122.841177,0.810861],[122.844006,0.802841],[122.847974,0.801123],[122.851043,0.807622],[122.858074,0.80957],[122.857264,0.812462],[122.859957,0.814593],[122.857784,0.820827],[122.860909,0.828125],[122.868539,0.827964],[122.869601,0.823906],[122.876814,0.830606],[122.880685,0.831774],[122.889323,0.842604],[122.895841,0.84498],[122.897333,0.854183],[122.905809,0.852407],[122.921465,0.86075],[122.921616,0.866486],[122.926154,0.869542],[122.926046,0.872482],[122.923729,0.874652],[122.93049,0.884335],[122.934778,0.884758],[122.935416,0.888713],[122.938716,0.88948],[122.940951,0.892669],[122.944705,0.891533],[122.94653,0.894763],[122.950208,0.89453],[122.948411,0.903011],[122.949355,0.906101],[122.945924,0.912327],[122.950003,0.917351],[122.950151,0.922624],[122.956262,0.920719],[122.965165,0.932138],[122.975802,0.93808],[122.973514,0.939945],[122.95695,0.935598],[122.948499,0.938924],[122.946261,0.937572],[122.945335,0.94066],[122.942538,0.941014],[122.939973,0.944113],[122.942755,0.951541],[122.941291,0.953422],[122.938259,0.953695],[122.940047,0.95537],[122.939411,0.958724],[122.945928,0.964912],[122.954977,0.963242],[122.968415,0.966894],[122.976087,0.965743],[122.986451,0.968251],[122.989817,0.964284],[122.996935,0.961483],[122.995905,0.958535],[123.003231,0.956846],[122.998986,0.952581],[122.99939,0.950791],[122.995853,0.946048],[123.000147,0.943388],[123.009406,0.945242],[123.012647,0.944201],[123.013603,0.942544],[123.012275,0.941268],[123.020944,0.932585],[123.038583,0.932578],[123.041219,0.934577],[123.041911,0.938799],[123.047289,0.93942],[123.050015,0.932894],[123.05399,0.934068],[123.05283,0.931989],[123.057339,0.923903],[123.057998,0.919636],[123.061613,0.920128],[123.063729,0.922634],[123.068387,0.917223],[123.074404,0.917493],[123.080099,0.928242],[123.084151,0.929742],[123.086051,0.927932],[123.085243,0.923571],[123.079864,0.917072],[123.087821,0.906544],[123.089686,0.907663],[123.090151,0.911467],[123.095228,0.912939],[123.097242,0.917192],[123.097693,0.91995],[123.091213,0.925088],[123.093101,0.926126],[123.094719,0.930495],[123.101137,0.927516],[123.112082,0.926846],[123.115127,0.924395],[123.119056,0.926125],[123.141304,0.922808],[123.148266,0.918777],[123.148055,0.915317],[123.151524,0.91062],[123.163857,0.903233],[123.177669,0.90203],[123.186834,0.906589],[123.19775,0.919962],[123.192617,0.926531],[123.188674,0.925997],[123.182364,0.932284],[123.176078,0.931477],[123.177371,0.93369],[123.175633,0.93656],[123.176046,0.941399],[123.167026,0.947939],[123.167595,0.951977],[123.174269,0.953434],[123.175921,0.95173],[123.17899,0.95173],[123.184544,0.953778],[123.189867,0.951365],[123.189844,0.948611],[123.195798,0.940245],[123.209052,0.94191],[123.211271,0.939513],[123.215225,0.943116],[123.21453,0.946953],[123.230497,0.94561],[123.236671,0.942595],[123.241283,0.943914],[123.241645,0.950431],[123.239022,0.956319],[123.24785,0.9591],[123.253876,0.955443],[123.254672,0.953012],[123.251825,0.94892],[123.252428,0.945458],[123.256087,0.942686],[123.261896,0.933771],[123.256253,0.931263],[123.254299,0.923473],[123.255578,0.920548],[123.256558,0.924842],[123.260736,0.914837],[123.262689,0.915571],[123.268342,0.924613],[123.270394,0.923188],[123.271215,0.916501],[123.284262,0.912139],[123.316066,0.909671],[123.315668,0.908097],[123.316915,0.907945],[123.321575,0.910379],[123.333539,0.90933],[123.337859,0.914844],[123.341377,0.908153],[123.34395,0.908228],[123.346936,0.910792],[123.348665,0.919181],[123.35112,0.920087],[123.352084,0.918983],[123.349648,0.913206],[123.349478,0.907775],[123.350853,0.905492],[123.354249,0.905257],[123.356326,0.901912],[123.35956,0.906522],[123.366545,0.909065],[123.368474,0.912359],[123.373036,0.913993],[123.381278,0.909011],[123.389101,0.90042],[123.395533,0.899245],[123.399091,0.910339],[123.398438,0.915179],[123.400567,0.915439],[123.409425,0.906597],[123.409763,0.899112],[123.416439,0.891328],[123.42613,0.895395],[123.423652,0.899412],[123.425085,0.902051],[123.446731,0.90534],[123.45082,0.904267],[123.455685,0.897177],[123.468939,0.892636],[123.528292,0.886531],[123.55678,0.887835],[123.570731,0.894282],[123.577906,0.902342],[123.580455,0.901687],[123.580997,0.898523],[123.582286,0.900327],[123.581616,0.903783],[123.584159,0.905193],[123.59668,0.904855],[123.61397,0.900339],[123.627659,0.894321],[123.629648,0.89077],[123.633387,0.891075],[123.640055,0.88708],[123.659667,0.87981],[123.682438,0.875722],[123.694353,0.866272],[123.700056,0.858588],[123.705124,0.859041],[123.708628,0.86148],[123.706769,0.871666],[123.710838,0.87359],[123.715013,0.873877],[123.717956,0.867593],[123.727003,0.866466],[123.726968,0.863851],[123.730299,0.863309],[123.73167,0.865382],[123.736448,0.865814],[123.735552,0.857299],[123.736995,0.850544],[123.742335,0.852609],[123.743194,0.849604],[123.740433,0.845082],[123.741063,0.842813],[123.746536,0.841695],[123.746949,0.836319],[123.75151,0.831927],[123.75937,0.834969],[123.762198,0.834281],[123.764615,0.837927],[123.757932,0.845179],[123.757938,0.849139],[123.754937,0.85293],[123.756703,0.855132],[123.761719,0.851702],[123.76398,0.844728],[123.769084,0.83827],[123.775826,0.840666],[123.781536,0.832773],[123.787705,0.830607],[123.789968,0.832721],[123.797272,0.833438],[123.802089,0.835717],[123.80407,0.838678],[123.802961,0.843375],[123.795497,0.849532],[123.791317,0.854535],[123.791845,0.855679],[123.80482,0.851621],[123.81172,0.845454],[123.819088,0.842806],[123.824414,0.844817],[123.826626,0.840535],[123.840642,0.839352],[123.846283,0.842849],[123.846952,0.845447],[123.851713,0.844519],[123.858376,0.840109],[123.881706,0.839639],[123.894958,0.843721],[123.8985,0.842961],[123.91026,0.845769],[123.913921,0.852982],[123.916574,0.847517],[123.922474,0.843405],[123.928833,0.840623],[123.931322,0.842928],[123.933492,0.842251],[123.935427,0.835727],[123.937199,0.835158],[123.944192,0.838933],[123.958573,0.838376],[123.962433,0.844973],[123.953192,0.84622],[123.951309,0.850953],[123.943612,0.846567],[123.942628,0.849935],[123.939721,0.852038],[123.939235,0.8554],[123.929733,0.856136],[123.93232,0.86047],[123.948093,0.862519],[123.957994,0.865718],[123.970824,0.874678],[123.97463,0.875161],[123.977543,0.878407],[124.000032,0.885353],[124.016009,0.893135],[124.031646,0.898475],[124.042287,0.904601],[124.048315,0.910705],[124.072458,0.921439],[124.074072,0.921092],[124.0743,0.918274],[124.077957,0.923188],[124.090041,0.923134],[124.087497,0.917548],[124.094076,0.911697],[124.090471,0.90534],[124.094961,0.898713],[124.095061,0.901995],[124.09131,0.906315],[124.095436,0.911944],[124.088896,0.917411],[124.090822,0.922403],[124.093596,0.923075],[124.099589,0.919445],[124.114506,0.921067],[124.134906,0.927235],[124.145888,0.932907],[124.158901,0.945871],[124.162548,0.946182],[124.16042,0.947795],[124.176456,0.959311],[124.178551,0.966352],[124.181737,0.969076],[124.181691,0.973686],[124.186832,0.979305],[124.202157,0.989627],[124.209975,0.988167],[124.2148,0.993158],[124.218636,0.990245],[124.230287,0.990799],[124.238007,0.994481],[124.244525,1.001613],[124.253187,1.000844],[124.256869,1.00254],[124.267874,0.999233],[124.276944,0.999144],[124.288334,1.003913],[124.298029,1.010126],[124.307449,1.022204],[124.307448,1.024969],[124.304205,1.028307],[124.309123,1.035017],[124.312256,1.043372],[124.315533,1.046512],[124.313859,1.054974],[124.321736,1.06783],[124.319824,1.073238],[124.321054,1.077685],[124.327927,1.078689],[124.330666,1.087669],[124.33935,1.098545],[124.342009,1.111294],[124.339739,1.116186],[124.340155,1.119585],[124.347902,1.124909],[124.351687,1.132165],[124.356431,1.134237],[124.350483,1.144719],[124.342707,1.154238],[124.346999,1.160402],[124.353485,1.165181],[124.35972,1.165594],[124.362627,1.169074],[124.374303,1.175075],[124.382011,1.176368],[124.384187,1.180439],[124.394224,1.178832],[124.405314,1.185109],[124.408055,1.191865],[124.416211,1.195801],[124.42178,1.194446],[124.427298,1.188649],[124.445254,1.188586],[124.454713,1.186159],[124.463201,1.189651],[124.47116,1.186692],[124.489248,1.184503],[124.497898,1.191892],[124.5041,1.188622],[124.509527,1.189926],[124.517759,1.189074],[124.521145,1.19313],[124.51705,1.200214],[124.518487,1.210007],[124.522936,1.214141],[124.527782,1.215329],[124.534595,1.213199],[124.542492,1.212951],[124.546494,1.210543],[124.548767,1.207712],[124.550163,1.200263],[124.557845,1.189307],[124.561634,1.186404],[124.563268,1.181551],[124.566198,1.184591],[124.577995,1.188969],[124.585071,1.196289],[124.596312,1.218979],[124.606386,1.227697],[124.611858,1.235352],[124.61211,1.252251],[124.608684,1.255923],[124.5942,1.262027],[124.589383,1.267747],[124.573521,1.270368],[124.570206,1.277176],[124.570808,1.280942],[124.565051,1.277176],[124.562457,1.271042],[124.549155,1.271499],[124.546495,1.274733],[124.534155,1.281339],[124.525861,1.294549],[124.515416,1.299826],[124.514301,1.306389],[124.515552,1.310717],[124.512348,1.316191],[124.516279,1.320387],[124.518096,1.328549],[124.528247,1.336602],[124.532075,1.353325],[124.539668,1.358974],[124.551637,1.376402],[124.556503,1.378755],[124.564931,1.37909],[124.568411,1.384131],[124.574789,1.385065],[124.574231,1.390244],[124.580371,1.398289],[124.583302,1.398524],[124.586379,1.395377],[124.589844,1.395387],[124.591263,1.398582],[124.595287,1.401044],[124.602108,1.401418],[124.604962,1.405845],[124.604602,1.411608],[124.609883,1.416243],[124.623168,1.418896],[124.627689,1.41526],[124.629089,1.410467],[124.63494,1.407251],[124.641297,1.399317],[124.646691,1.4002],[124.656414,1.3946],[124.665265,1.39697],[124.674482,1.394538],[124.680977,1.397729],[124.683859,1.401075],[124.686492,1.40837],[124.703971,1.409347],[124.707123,1.412279],[124.707675,1.418981],[124.723423,1.424523],[124.730341,1.432281],[124.740741,1.436429],[124.743995,1.448353],[124.75177,1.453654],[124.773843,1.460865],[124.779269,1.460175],[124.785481,1.461971],[124.815965,1.458734],[124.828018,1.464665],[124.833212,1.474128],[124.834814,1.480189],[124.834113,1.485834],[124.836565,1.487584],[124.841488,1.500984],[124.844836,1.51797],[124.841611,1.525924],[124.837266,1.528451],[124.831304,1.535684],[124.823487,1.539186],[124.820542,1.543987],[124.807431,1.555908],[124.803146,1.563743],[124.806256,1.576591],[124.823196,1.584572],[124.831422,1.593442],[124.838318,1.594512],[124.842262,1.597392],[124.850946,1.599456],[124.854789,1.598742],[124.861352,1.602621],[124.864848,1.599583],[124.86838,1.601283],[124.868585,1.614323],[124.87252,1.617341],[124.872798,1.622017],[124.878319,1.626513],[124.880061,1.63017],[124.895966,1.638924],[124.902146,1.648876],[124.910919,1.653813],[124.919178,1.663506],[124.922406,1.662358],[124.918626,1.654007],[124.92175,1.659659],[124.923298,1.658854],[124.924008,1.662078],[124.928763,1.662397],[124.929054,1.664732],[124.925611,1.664972],[124.924237,1.671676],[124.926932,1.676644],[124.932071,1.676123],[124.930005,1.677305],[124.931971,1.684916],[124.940879,1.69433],[124.942455,1.693246],[124.940442,1.687655],[124.940753,1.685787],[124.942157,1.689056],[124.941341,1.683887],[124.944305,1.687169],[124.948171,1.683941],[124.95755,1.682653],[124.959862,1.679781],[124.96108,1.680424],[124.96083,1.68493],[124.966234,1.677076],[124.964528,1.683934],[124.967573,1.689539],[124.963159,1.687328],[124.957098,1.69736],[124.958548,1.700023],[124.968948,1.6997],[124.968528,1.702551],[124.962787,1.704363],[124.963236,1.705747],[124.966283,1.706007],[124.966209,1.709961],[124.962054,1.727539],[124.965795,1.732079],[124.971103,1.731843],[124.976465,1.724086],[124.983504,1.719801],[124.984946,1.725823],[124.980171,1.72644],[124.97718,1.731951],[124.981834,1.74179],[124.980201,1.748083],[124.981454,1.749953],[124.990962,1.751609],[124.996835,1.749783],[125.00973,1.73947],[125.010234,1.729924],[125.011844,1.733922],[125.014546,1.735528],[125.022777,1.73258],[125.025476,1.729855],[125.025949,1.72447],[125.021322,1.721719],[125.018047,1.714483],[125.013466,1.693574],[125.015555,1.6883],[125.019361,1.686912],[125.023002,1.68917],[125.031267,1.681558],[125.038473,1.680851],[125.042048,1.684952],[125.047256,1.685092],[125.057946,1.675252],[125.068572,1.671303],[125.07309,1.672857],[125.074062,1.676098],[125.075143,1.675582],[125.078198,1.679656],[125.084534,1.676073],[125.090278,1.676976],[125.104993,1.665088],[125.110609,1.66465],[125.118238,1.669748],[125.119267,1.671814],[125.118223,1.675374],[125.119551,1.676549],[125.12484,1.671703],[125.133541,1.668311],[125.138355,1.676337],[125.139915,1.682262],[125.144668,1.687729],[125.149876,1.680548],[125.159484,1.681414],[125.161695,1.687196],[125.165086,1.688466],[125.423213,2.639326],[125.421111,2.635833],[125.413641,2.635487],[125.4075,2.6325],[125.3925,2.64],[125.37862,2.651116],[125.375574,2.651673],[125.375366,2.655573],[125.378481,2.656756],[125.378611,2.658889],[125.373055,2.668333],[125.373889,2.678889],[125.363889,2.698611],[125.3625,2.710278],[125.360278,2.713889],[125.360556,2.719167],[125.358611,2.723611],[125.360278,2.726667],[125.359167,2.730556],[125.360833,2.733055],[125.358889,2.741667],[125.360556,2.748889],[125.359167,2.752222],[125.364614,2.753126],[125.363438,2.758488],[125.368889,2.765278],[125.371111,2.773889],[125.369444,2.785833],[125.373055,2.791111],[125.373611,2.795],[125.378128,2.801494],[125.386223,2.804752],[125.391389,2.809167],[125.405338,2.812016],[125.423661,2.807494],[125.426767,2.808119],[125.433835,2.804569],[125.440035,2.795028],[125.446177,2.792221],[125.448192,2.787913],[125.451735,2.785209],[125.456027,2.777303],[125.456858,2.770339],[125.454722,2.7625],[125.452222,2.759444],[125.453889,2.7575],[125.452222,2.754167],[125.448889,2.752778],[125.446944,2.749722],[125.438889,2.746944],[125.435278,2.741667],[125.431125,2.740134],[125.431402,2.73714],[125.427222,2.733611],[125.425,2.734444],[125.418611,2.731389],[125.411944,2.731389],[125.407851,2.728053],[125.405833,2.725556],[125.403333,2.715833],[125.400833,2.713056],[125.402222,2.708889],[125.398826,2.703672],[125.399449,2.701514],[125.39758,2.699285],[125.396389,2.6925],[125.393067,2.6886],[125.39279,2.67899],[125.395351,2.675509],[125.399898,2.673705],[125.401905,2.668831],[125.408186,2.665829],[125.411667,2.666667],[125.419444,2.664167],[125.421106,2.661382],[125.428092,2.657299],[125.613865,3.34163],[125.611782,3.338447],[125.609922,3.341925],[125.605974,3.340274],[125.607254,3.348535],[125.605104,3.351014],[125.605399,3.359807],[125.60786,3.361747],[125.607931,3.364927],[125.610993,3.367574],[125.610916,3.369776],[125.609399,3.371402],[125.605533,3.368353],[125.604785,3.373532],[125.594497,3.379416],[125.588421,3.377634],[125.583455,3.373782],[125.580553,3.375673],[125.583725,3.378872],[125.589123,3.380016],[125.591591,3.38421],[125.590261,3.392726],[125.586821,3.397795],[125.586351,3.40413],[125.579823,3.409205],[125.574386,3.410938],[125.573499,3.413218],[125.575792,3.413501],[125.574722,3.415478],[125.567292,3.416893],[125.5638,3.420454],[125.558537,3.422201],[125.561371,3.427961],[125.563646,3.428744],[125.569343,3.436284],[125.565599,3.437989],[125.556227,3.435803],[125.554721,3.431363],[125.548025,3.433274],[125.547448,3.424233],[125.551322,3.419459],[125.546862,3.415858],[125.545113,3.411144],[125.541995,3.410887],[125.537855,3.417411],[125.535339,3.417411],[125.533673,3.407993],[125.531205,3.412747],[125.528042,3.411366],[125.527303,3.40782],[125.526575,3.414007],[125.523098,3.411063],[125.523556,3.419723],[125.519011,3.426364],[125.52325,3.428702],[125.52443,3.432993],[125.520996,3.433497],[125.524423,3.435625],[125.524702,3.437742],[125.520516,3.438402],[125.518913,3.440267],[125.512312,3.440272],[125.503132,3.435294],[125.501165,3.439758],[125.50183,3.442929],[125.499197,3.445286],[125.50345,3.448554],[125.501289,3.449762],[125.500062,3.456914],[125.496533,3.459455],[125.491703,3.458062],[125.490165,3.459694],[125.495935,3.462612],[125.498312,3.466859],[125.494903,3.469617],[125.484903,3.467597],[125.490164,3.473178],[125.486276,3.481651],[125.481347,3.482245],[125.485533,3.48588],[125.48706,3.492045],[125.488457,3.507759],[125.486661,3.512787],[125.490133,3.520261],[125.486768,3.525241],[125.491622,3.52912],[125.492345,3.536299],[125.496104,3.541648],[125.496651,3.546481],[125.500799,3.549182],[125.504532,3.557778],[125.508157,3.558636],[125.511652,3.567654],[125.508604,3.572749],[125.499508,3.57132],[125.502252,3.576304],[125.500265,3.577793],[125.497481,3.576524],[125.495518,3.578987],[125.493575,3.57836],[125.491685,3.573092],[125.489761,3.572848],[125.4859,3.578725],[125.486793,3.58358],[125.481879,3.593307],[125.48525,3.597196],[125.503329,3.602299],[125.50298,3.60841],[125.499857,3.610358],[125.479478,3.605652],[125.46566,3.612675],[125.441149,3.621032],[125.4327,3.627664],[125.426107,3.6375],[125.41677,3.640746],[125.414071,3.644168],[125.412535,3.650158],[125.405202,3.656747],[125.408551,3.659973],[125.405448,3.661217],[125.403655,3.666552],[125.398293,3.669484],[125.397217,3.674042],[125.399026,3.684323],[125.397407,3.694197],[125.397835,3.704442],[125.404055,3.719974],[125.412134,3.721569],[125.418419,3.729248],[125.426852,3.734745],[125.439049,3.73417],[125.446395,3.737092],[125.343114,5.385152],[125.338221,5.383551],[125.328266,5.390088],[125.330328,5.392737],[125.337524,5.390408],[125.342645,5.392639],[125.3325,5.554515],[125.328124,5.555765],[125.329804,5.560243],[125.329564,5.565951],[125.327355,5.568325],[125.320938,5.569015],[125.318982,5.566866],[125.31189,5.576134],[125.306266,5.577968],[125.3028,5.581642],[125.294091,5.58267],[125.292752,5.595523],[125.29669,5.601157],[125.298979,5.609796],[125.301292,5.611665],[125.301223,5.617833],[125.308733,5.627372],[125.308732,5.631453],[125.304807,5.649693],[125.299477,5.657207],[125.298069,5.664842],[125.295073,5.666752],[125.293033,5.679518],[125.28816,5.690779],[125.274743,5.708854],[125.270245,5.710886],[125.266016,5.708372],[125.250348,5.712206],[125.246025,5.711085],[125.233506,5.725091],[125.227829,5.729272],[125.229629,5.736588],[125.227111,5.745894],[125.22023,5.76297],[125.212474,5.773061],[125.209887,5.774266],[125.199153,5.773883],[125.195751,5.769078],[125.182371,5.774456],[125.183745,5.776465],[125.186929,5.774613],[125.187078,5.777591],[125.189378,5.778481],[125.189123,5.786995],[125.186949,5.790986],[125.181825,5.794318],[125.177379,5.794178],[125.174454,5.79774],[125.172762,5.812339],[125.176745,5.820173],[125.173727,5.825427],[125.180751,5.838267],[125.192836,5.827846],[125.20138,5.825678],[125.205135,5.827615],[125.207466,5.825476],[125.205347,5.835817],[125.210712,5.844746],[125.214664,5.847003],[125.216239,5.85559],[125.219549,5.856972],[125.221262,5.859794],[125.221499,5.86981],[125.219834,5.876955],[125.213228,5.882762],[125.214593,5.886537],[125.220581,5.890915],[125.230462,5.891766],[125.236889,5.895767],[125.238325,5.899455],[125.236353,5.906649],[125.24206,5.91015],[125.247505,5.911581],[125.257845,5.91849],[125.265728,5.916324],[125.273175,5.918413],[125.272566,5.923197],[125.266555,5.927642],[125.265511,5.935156],[125.270982,5.946326],[125.279886,5.954659],[125.2837,5.96314],[125.283216,5.967861],[125.288615,5.973038],[125.291173,5.977616],[125.289824,5.980133],[125.291855,5.982467],[125.290382,5.988057],[125.291446,5.992538],[125.288266,5.996976],[125.288931,6.000994],[125.287407,6.004033],[125.289833,6.007433],[125.289469,6.009397],[125.282191,6.022539],[125.280164,6.0218],[125.276395,6.02777],[125.277678,6.03086],[125.276588,6.034783],[125.279954,6.037774],[125.278957,6.043332],[125.277883,6.047415],[125.27446,6.050326],[125.276056,6.052316],[125.271549,6.053996],[125.270383,6.056381],[125.271996,6.058251],[125.273689,6.057641],[125.272158,6.056798],[125.273323,6.055937],[125.276752,6.057241],[125.275215,6.059144],[125.27833,6.065804],[125.270656,6.085252],[125.26298,6.089355],[125.259843,6.089269],[125.25657,6.092884],[125.243372,6.096854],[125.243401,6.0981],[125.239272,6.096336],[125.224289,6.095226],[125.216217,6.101597],[125.208537,6.1006],[125.21253,6.102613],[125.210695,6.104007],[125.20361,6.101869],[125.203354,6.103333],[125.199935,6.102849],[125.195718,6.104878],[125.195914,6.102028],[125.205052,6.099897],[125.200817,6.098801],[125.189051,6.104283],[125.177899,6.106276],[125.17098,6.106306],[125.166708,6.104118],[125.164284,6.10535],[125.16383,6.101789],[125.158812,6.097548],[125.160141,6.094133],[125.153912,6.090873],[125.154619,6.082769],[125.158178,6.081352],[125.15846,6.079509],[125.155689,6.079659],[125.15347,6.07285],[125.15625,6.066685],[125.150649,6.059724],[125.152135,6.056496],[125.150062,6.055917],[125.150072,6.053225],[125.148163,6.051139],[125.148736,6.048124],[125.143865,6.041843],[125.143677,6.032218],[125.145044,6.029941],[125.14183,6.020445],[125.132682,6.013462],[125.128396,5.999902],[125.12388,5.995514],[125.121214,5.990222],[125.121076,5.983161],[125.114443,5.978003],[125.113887,5.967297],[125.101052,5.954344],[125.09815,5.949068],[125.096616,5.937143],[125.093444,5.933805],[125.100134,5.918338],[125.097021,5.911927],[125.088699,5.905858],[125.082657,5.903739],[125.076659,5.894902],[125.075725,5.889547],[125.077958,5.884559],[125.087779,5.87365],[125.083545,5.870219],[125.080835,5.864258],[125.068079,5.855498],[125.054061,5.855439],[125.039793,5.850785],[125.005898,5.855363],[124.994399,5.86014],[124.979231,5.861733],[124.970516,5.860741],[124.956839,5.854703],[124.951983,5.855271],[124.943241,5.860713],[124.936571,5.862093],[124.928766,5.862136],[124.923772,5.858828],[124.91393,5.866601],[124.892791,5.87104],[124.881457,5.878489],[124.875258,5.880705],[124.853094,5.882285],[124.843638,5.886233],[124.834103,5.885954],[124.826819,5.88919],[124.822692,5.889148],[124.813238,5.899833],[124.804688,5.906529],[124.779856,5.915115],[124.761034,5.925435],[124.730977,5.930563],[124.716184,5.939981],[124.70472,5.945063],[124.694109,5.953256],[124.670848,5.959305],[124.652757,5.969498],[124.649372,5.976563],[124.639913,5.98416],[124.631955,5.985973],[124.612634,5.986462],[124.610397,5.984599],[124.602924,5.985825],[124.59709,5.99149],[124.592195,6.003833],[124.578909,6.014658],[124.566919,6.017508],[124.545462,6.016534],[124.517539,6.023167],[124.510257,6.029482],[124.475405,6.052451],[124.457214,6.059576],[124.449518,6.067821],[124.424944,6.087676],[124.403099,6.09368],[124.399728,6.092936],[124.398589,6.089836],[124.394889,6.090897],[124.386768,6.100417],[124.380158,6.101306],[124.371898,6.110741],[124.360943,6.116417],[124.351587,6.118274],[124.335371,6.113921],[124.325109,6.113523],[124.296174,6.14168],[124.287792,6.145984],[124.285871,6.150243],[124.278216,6.156469],[124.275424,6.157961],[124.266728,6.154858],[124.265419,6.152344],[124.261772,6.152344],[124.258865,6.155486],[124.246633,6.161765],[124.232638,6.17485],[124.225297,6.18457],[124.214775,6.193609],[124.20887,6.195759],[124.196565,6.2043],[124.189527,6.206502],[124.184515,6.210685],[124.180034,6.220999],[124.181165,6.231745],[124.170774,6.250651],[124.171186,6.260364],[124.168201,6.266772],[124.167748,6.272184],[124.160955,6.275038],[124.156375,6.271647],[124.154793,6.271999],[124.150892,6.281134],[124.145754,6.285126],[124.139127,6.286992],[124.136798,6.2928],[124.12459,6.305843],[124.11088,6.31863],[124.107951,6.319323],[124.107423,6.322965],[124.09918,6.332527],[124.092631,6.351427],[124.083104,6.364165],[124.080756,6.371882],[124.082449,6.374061],[124.082437,6.381227],[124.076834,6.389876],[124.069159,6.395739],[124.066022,6.394517],[124.065292,6.39031],[124.062924,6.389577],[124.065015,6.380486],[124.05839,6.378991],[124.056414,6.376272],[124.056566,6.38386],[124.052733,6.387304],[124.051513,6.3936],[124.046738,6.400266],[124.046495,6.402398],[124.049563,6.405543],[124.04884,6.41272],[124.044158,6.413823],[124.044378,6.418363],[124.041139,6.423257],[124.035455,6.424108],[124.0374,6.427425],[124.043136,6.431424],[124.043969,6.437888],[124.0417,6.444146],[124.039295,6.446204],[124.036395,6.448342],[124.030265,6.448253],[124.02715,6.45745],[124.029884,6.459479],[124.033537,6.458676],[124.035394,6.455335],[124.041577,6.452336],[124.039583,6.471239],[124.038401,6.472168],[124.035985,6.470082],[124.032352,6.474956],[124.038124,6.477062],[124.039415,6.48456],[124.038332,6.488156],[124.03542,6.490334],[124.037183,6.494435],[124.035635,6.498811],[124.032945,6.500223],[124.028658,6.497842],[124.024135,6.507563],[124.026175,6.511132],[124.030992,6.512665],[124.032571,6.517717],[124.024391,6.522279],[124.020303,6.522674],[124.020563,6.530583],[124.025034,6.532245],[124.024508,6.536923],[124.027429,6.535906],[124.029479,6.537734],[124.036943,6.534802],[124.039648,6.531052],[124.042984,6.529469],[124.047041,6.535728],[124.048813,6.533649],[124.051272,6.533965],[124.063666,6.543692],[124.062764,6.546834],[124.048606,6.551584],[124.042045,6.557174],[124.035344,6.552999],[124.037765,6.560193],[124.034774,6.562709],[124.036334,6.567985],[124.033666,6.571298],[124.038471,6.571202],[124.041771,6.574172],[124.045431,6.586302],[124.051628,6.592449],[124.055147,6.601644],[124.052214,6.61446],[124.051543,6.629602],[124.046187,6.645818],[124.034385,6.672595],[124.035399,6.678701],[124.030087,6.683611],[124.024879,6.693527],[124.015365,6.718329],[124.016323,6.725291],[124.021747,6.732135],[124.031969,6.740514],[124.035721,6.74609],[124.038573,6.745964],[124.04112,6.750111],[124.040242,6.759966],[124.038123,6.760616],[124.038297,6.764249],[124.032962,6.775876],[124.020206,6.789063],[124.009172,6.794635],[123.998754,6.794847],[123.996715,6.79329],[123.992836,6.784997],[123.992206,6.776991],[123.988605,6.777295],[123.987592,6.771476],[123.982947,6.769953],[123.982195,6.768311],[123.979133,6.770588],[123.976177,6.768172],[123.970137,6.768947],[123.970811,6.772954],[123.969386,6.774682],[123.974767,6.784483],[123.975367,6.793447],[123.968691,6.79759],[123.966143,6.79505],[123.964123,6.787006],[123.959918,6.788143],[123.959083,6.789857],[123.962729,6.798151],[123.961557,6.812678],[123.957625,6.815094],[123.955528,6.81427],[123.953718,6.818942],[123.944572,6.81766],[123.943384,6.818828],[123.950065,6.826489],[123.957494,6.824571],[123.962144,6.828299],[123.962536,6.834173],[123.956891,6.839597],[123.956291,6.848038],[123.957769,6.850032],[123.957958,6.855469],[123.963176,6.85738],[123.967568,6.861291],[123.972878,6.862108],[123.975038,6.867025],[123.969433,6.883528],[123.956374,6.895352],[123.956861,6.911459],[123.963227,6.916414],[123.961767,6.920733],[123.966427,6.921015],[123.970001,6.927299],[123.968951,6.939852],[123.971137,6.956053],[123.969531,6.962671],[123.979836,6.972783],[123.991149,6.998233],[123.995229,7.001727],[123.995585,7.007116],[123.992318,7.019234],[123.996367,7.029011],[124.000529,7.030552],[124.001736,7.042536],[124.014134,7.052317],[124.017572,7.067382],[124.024018,7.076683],[124.02645,7.083449],[124.036437,7.094452],[124.036313,7.104062],[124.043165,7.112465],[124.046538,7.121583],[124.052409,7.129344],[124.061978,7.136668],[124.066515,7.145337],[124.07927,7.146678],[124.088171,7.145708],[124.097,7.148926],[124.103052,7.147366],[124.10758,7.150303],[124.114319,7.150979],[124.119969,7.153767],[124.133728,7.167363],[124.155949,7.173587],[124.158912,7.176813],[124.161937,7.185412],[124.158778,7.18907],[124.166061,7.194693],[124.178096,7.195682],[124.187094,7.190698],[124.193826,7.188977],[124.196783,7.188969],[124.205971,7.194724],[124.21198,7.194435],[124.225345,7.17554],[124.232943,7.171345],[124.2393,7.172458],[124.232314,7.173422],[124.225032,7.177804],[124.219726,7.184854],[124.217293,7.19185],[124.213613,7.19558],[124.208697,7.196636],[124.192213,7.191489],[124.186884,7.19311],[124.182172,7.197066],[124.164653,7.200086],[124.161119,7.202869],[124.166859,7.210969],[124.168591,7.211906],[124.170277,7.210718],[124.17115,7.215049],[124.16914,7.221555],[124.171787,7.224859],[124.17837,7.227556],[124.18788,7.221233],[124.180664,7.229625],[124.188849,7.243588],[124.19698,7.242235],[124.188315,7.248883],[124.193358,7.252743],[124.200656,7.253622],[124.211619,7.249133],[124.237221,7.230027],[124.2446,7.22677],[124.252679,7.22765],[124.271049,7.220773],[124.278111,7.225192],[124.269089,7.222965],[124.257945,7.227761],[124.241984,7.229127],[124.207968,7.252302],[124.2057,7.25479],[124.207862,7.257812],[124.204666,7.258716],[124.203468,7.262293],[124.203689,7.266345],[124.209386,7.273313],[124.209479,7.281324],[124.211307,7.285787],[124.21002,7.289211],[124.213021,7.296193],[124.212988,7.300415],[124.21623,7.298986],[124.218966,7.299702],[124.215843,7.301244],[124.216819,7.310122],[124.211893,7.33052],[124.214848,7.340542],[124.213758,7.344628],[124.210408,7.348666],[124.202359,7.350577],[124.205751,7.353767],[124.215551,7.354365],[124.218474,7.357269],[124.225277,7.353395],[124.225258,7.350756],[124.222964,7.349188],[124.223441,7.346911],[124.229913,7.34589],[124.231811,7.342579],[124.232507,7.343718],[124.236097,7.343182],[124.240367,7.347626],[124.255481,7.348001],[124.257375,7.349263],[124.255687,7.357561],[124.259421,7.358657],[124.260091,7.373889],[124.259822,7.375743],[124.255126,7.37918],[124.252014,7.376405],[124.248226,7.377421],[124.247885,7.386433],[124.250747,7.401481],[124.249748,7.40631],[124.242526,7.413177],[124.233824,7.417608],[124.227114,7.412299],[124.227056,7.408039],[124.223552,7.405445],[124.219608,7.407812],[124.216786,7.406377],[124.210267,7.409146],[124.206776,7.407937],[124.2048,7.414745],[124.199543,7.420356],[124.196165,7.421243],[124.183547,7.409319],[124.179853,7.40958],[124.176553,7.406511],[124.17315,7.406778],[124.163336,7.40058],[124.154984,7.402395],[124.153614,7.404337],[124.1599,7.408838],[124.163674,7.406852],[124.167519,7.410744],[124.174066,7.409507],[124.179927,7.414485],[124.169935,7.41536],[124.168409,7.421804],[124.169044,7.42406],[124.172815,7.425626],[124.1719,7.427836],[124.167673,7.428217],[124.156118,7.433285],[124.148284,7.434065],[124.144609,7.43694],[124.141206,7.436375],[124.139152,7.43898],[124.135608,7.439724],[124.13412,7.445067],[124.130611,7.444143],[124.127959,7.446363],[124.128485,7.452781],[124.130672,7.455078],[124.136435,7.447829],[124.144273,7.450619],[124.146205,7.454695],[124.145689,7.460755],[124.143471,7.46518],[124.133093,7.47138],[124.126834,7.489946],[124.120207,7.501491],[124.120588,7.505455],[124.116927,7.512717],[124.108498,7.525457],[124.095184,7.538304],[124.092373,7.546361],[124.087863,7.550083],[124.083562,7.558594],[124.075424,7.568211],[124.065987,7.583869],[124.04583,7.600586],[124.047097,7.602679],[124.050037,7.602897],[124.045042,7.604288],[124.044488,7.610626],[124.033118,7.629378],[124.022902,7.637128],[124.016923,7.638023],[124.013556,7.646788],[124.011064,7.647139],[124.007163,7.642571],[124.002508,7.641509],[123.999922,7.645238],[123.996112,7.645108],[123.994647,7.643149],[123.991825,7.645072],[123.989165,7.642245],[123.987652,7.642297],[123.987535,7.64427],[123.984956,7.642744],[123.977507,7.646557],[123.974136,7.650758],[123.972264,7.658917],[123.97427,7.662016],[123.973155,7.6646],[123.963499,7.666325],[123.950798,7.674636],[123.91542,7.692479],[123.912728,7.691779],[123.911936,7.689778],[123.909515,7.690794],[123.907848,7.688884],[123.904124,7.691179],[123.9023,7.689508],[123.893738,7.69612],[123.88905,7.697195],[123.886459,7.696098],[123.875212,7.700822],[123.865706,7.696213],[123.8506,7.697168],[123.843829,7.699468],[123.826139,7.696459],[123.819385,7.697018],[123.814307,7.700671],[123.792449,7.706959],[123.782491,7.705611],[123.781215,7.704037],[123.773086,7.70402],[123.772155,7.708145],[123.775157,7.711869],[123.774725,7.715079],[123.763525,7.732082],[123.752115,7.736299],[123.74817,7.736328],[123.746085,7.727125],[123.735815,7.732387],[123.737238,7.73657],[123.736057,7.738119],[123.73726,7.744354],[123.735702,7.746645],[123.735965,7.753838],[123.739237,7.760469],[123.738148,7.764928],[123.730201,7.773492],[123.726326,7.783968],[123.720567,7.790603],[123.71716,7.792466],[123.716019,7.791593],[123.716164,7.793433],[123.709944,7.795956],[123.695933,7.799315],[123.691774,7.797773],[123.692226,7.80176],[123.69506,7.804971],[123.691595,7.81275],[123.660673,7.818853],[123.655876,7.821648],[123.642109,7.821339],[123.630764,7.824609],[123.625897,7.830578],[123.616158,7.827875],[123.607482,7.83542],[123.598128,7.833059],[123.582796,7.841816],[123.577171,7.84787]],[[123.449589,7.814894],[123.449928,7.814343],[123.44735,7.815396],[123.449589,7.814894]],[[123.435067,7.792138],[123.434789,7.794636],[123.435484,7.795052],[123.436317,7.79297],[123.435067,7.792138]],[[124.016667,7.635278],[124.016667,7.629167],[124.014167,7.629722],[124.010833,7.633333],[124.012222,7.635],[124.016667,7.635278]],[[123.459793,7.62087],[123.460765,7.621426],[123.461738,7.619344],[123.459793,7.62087]],[[123.46507,7.621041],[123.467431,7.619098],[123.462083,7.617293],[123.46507,7.621041]],[[123.458022,7.615821],[123.461655,7.614213],[123.464528,7.609433],[123.461007,7.603627],[123.458918,7.603506],[123.453949,7.608133],[123.457136,7.611284],[123.458022,7.615821]],[[123.383035,7.588584],[123.384786,7.589844],[123.386119,7.588531],[123.385329,7.587468],[123.383035,7.588584]],[[123.374068,7.567896],[123.373498,7.56934],[123.37514,7.569332],[123.375157,7.568482],[123.374068,7.567896]],[[124.077222,7.376389],[124.078889,7.371667],[124.072778,7.357778],[124.068611,7.352778],[124.058889,7.3475],[124.057778,7.3425],[124.056111,7.344444],[124.051944,7.343056],[124.044444,7.336667],[124.041945,7.332222],[124.040833,7.3275],[124.042778,7.318611],[124.045833,7.313611],[124.0375,7.302778],[124.028611,7.294722],[124.021389,7.296667],[124.0175,7.300833],[124.014444,7.318056],[124.015833,7.325833],[124.018889,7.331667],[124.024444,7.337778],[124.029444,7.34],[124.036667,7.346389],[124.045,7.357222],[124.0575,7.365],[124.065833,7.374444],[124.077222,7.376389]],[[122.838468,7.29438],[122.831681,7.288301],[122.83495,7.287357],[122.839579,7.281962],[122.838268,7.278166],[122.830093,7.277349],[122.827663,7.280104],[122.815806,7.28407],[122.80913,7.28993],[122.804749,7.298458],[122.804254,7.305589],[122.806494,7.312079],[122.801522,7.316753],[122.802508,7.325988],[122.800752,7.327865],[122.802287,7.33154],[122.809663,7.337509],[122.800149,7.336569],[122.792356,7.338778],[122.787527,7.344242],[122.787644,7.363433],[122.798739,7.380512],[122.797505,7.386978],[122.794031,7.389648],[122.794059,7.392634],[122.795188,7.397182],[122.799642,7.400869],[122.799686,7.407207],[122.802688,7.416403],[122.802241,7.422053],[122.805518,7.429657],[122.813855,7.430165],[122.825286,7.439204],[122.837422,7.434119],[122.838168,7.43016],[122.847085,7.426524],[122.853631,7.417088],[122.860048,7.411691],[122.861447,7.406582],[122.858583,7.400817],[122.860033,7.38877],[122.871673,7.372957],[122.874052,7.371993],[122.877301,7.373472],[122.87803,7.36913],[122.88242,7.375529],[122.891215,7.378853],[122.887431,7.378139],[122.885449,7.379607],[122.883541,7.395457],[122.888845,7.404064],[122.885791,7.413074],[122.887155,7.427316],[122.88927,7.431331],[122.89582,7.437209],[122.897089,7.442658],[122.898428,7.443085],[122.90414,7.4375],[122.908516,7.431083],[122.9195,7.427229],[122.923646,7.428749],[122.929302,7.427742],[122.933004,7.421492],[122.944212,7.412184],[122.946218,7.408186],[122.945339,7.403914],[122.938645,7.404282],[122.937483,7.400902],[122.942096,7.400324],[122.947359,7.39227],[122.952715,7.392839],[122.958533,7.387988],[122.959687,7.382813],[122.96439,7.380533],[122.967391,7.373704],[122.973187,7.370396],[122.974697,7.362238],[122.972756,7.360941],[122.965919,7.362857],[122.957924,7.369652],[122.956179,7.367375],[122.942932,7.373016],[122.937395,7.373899],[122.924527,7.370506],[122.922057,7.362327],[122.926601,7.356694],[122.932333,7.356988],[122.939396,7.352168],[122.952087,7.349412],[122.953299,7.345175],[122.949008,7.338019],[122.944556,7.336778],[122.942446,7.334193],[122.937601,7.335873],[122.931375,7.342666],[122.919047,7.348493],[122.917755,7.347234],[122.919669,7.344358],[122.917038,7.344594],[122.915108,7.341364],[122.907211,7.339382],[122.904959,7.329855],[122.902569,7.327286],[122.902956,7.324253],[122.899357,7.319225],[122.892062,7.315582],[122.886498,7.314786],[122.881341,7.316827],[122.875853,7.316196],[122.865953,7.311286],[122.856225,7.310894],[122.848114,7.308249],[122.846727,7.307211],[122.847502,7.304592],[122.84015,7.300492],[122.838468,7.29438]],[[122.855906,7.288923],[122.857984,7.288177],[122.857875,7.287088],[122.854333,7.287197],[122.855906,7.288923]],[[122.850499,7.280007],[122.854701,7.284352],[122.859694,7.27402],[122.854609,7.269006],[122.850429,7.267541],[122.841203,7.275234],[122.845472,7.276964],[122.845585,7.279448],[122.849186,7.276327],[122.850499,7.280007]],[[122.843283,7.277666],[122.84,7.277503],[122.843118,7.27992],[122.843283,7.277666]],[[122.4383,7.347199],[122.43495,7.348072],[122.436709,7.349751],[122.4383,7.347199]],[[122.409268,7.359406],[122.410076,7.357049],[122.409555,7.355777],[122.408058,7.358389],[122.409268,7.359406]],[[122.40625,7.364953],[122.405486,7.361969],[122.405,7.36176],[122.404722,7.364467],[122.40625,7.364953]],[[122.38641,7.374619],[122.386774,7.373069],[122.384914,7.371838],[122.384149,7.373225],[122.38641,7.374619]],[[122.788438,7.390239],[122.790735,7.387172],[122.788429,7.384828],[122.786159,7.387079],[122.788438,7.390239]],[[122.430073,7.390048],[122.428846,7.387864],[122.427167,7.388465],[122.429176,7.391248],[122.430073,7.390048]],[[122.403592,7.396114],[122.401834,7.395401],[122.401297,7.396649],[122.403592,7.396114]],[[122.371487,7.407067],[122.37363,7.405925],[122.372654,7.403356],[122.369679,7.405643],[122.371487,7.407067]],[[122.370857,7.412339],[122.373369,7.410495],[122.371989,7.408268],[122.370384,7.409225],[122.370857,7.412339]],[[122.845262,7.43336],[122.847437,7.436212],[122.848685,7.435434],[122.847943,7.433343],[122.845262,7.43336]],[[122.85086,7.434681],[122.856208,7.436862],[122.858996,7.434536],[122.852421,7.429755],[122.848672,7.431859],[122.85086,7.434681]],[[122.926922,7.433873],[122.928656,7.430673],[122.92708,7.430201],[122.926922,7.433873]],[[123.328333,7.374722],[123.330556,7.372778],[123.32941,7.370244],[123.327778,7.371944],[123.328333,7.374722]],[[122.918797,7.341245],[122.917202,7.342361],[122.918581,7.343343],[122.918797,7.341245]],[[122.970007,7.45156],[122.962819,7.457843],[122.963116,7.462943],[122.966483,7.461552],[122.970007,7.45156]],[[123.224645,7.516614],[123.222284,7.516891],[123.218533,7.519043],[123.217769,7.521194],[123.221519,7.522027],[123.224645,7.516614]],[[123.256219,7.527129],[123.250662,7.527546],[123.251357,7.529072],[123.256219,7.527129]],[[123.135993,7.487215],[123.136132,7.48555],[123.135021,7.484301],[123.134604,7.486799],[123.135993,7.487215]],[[123.049144,7.576072],[123.049839,7.573434],[123.049283,7.572533],[123.047477,7.575725],[123.049144,7.576072]],[[123.0523,7.581164],[123.051326,7.580771],[123.046058,7.585037],[123.051028,7.583258],[123.0523,7.581164]],[[123.049731,7.591563],[123.05053,7.590136],[123.050275,7.58932],[123.04945,7.589566],[123.049731,7.591563]],[[123.077418,7.61145],[123.076875,7.608615],[123.075139,7.608823],[123.0725,7.614722],[123.074861,7.611876],[123.077418,7.61145]],[[123.071261,7.653486],[123.070566,7.656054],[123.071886,7.658136],[123.071886,7.654527],[123.071261,7.653486]],[[123.124204,7.670516],[123.123926,7.668503],[123.122954,7.668503],[123.12219,7.670377],[123.124204,7.670516]],[[123.110789,7.676857],[123.108042,7.674346],[123.107015,7.674708],[123.107197,7.675597],[123.110789,7.676857]],[[123.110387,7.681311],[123.110596,7.678743],[123.106429,7.677772],[123.106498,7.6802],[123.110387,7.681311]],[[123.138194,7.709166],[123.136805,7.70875],[123.136389,7.711525],[123.137778,7.711803],[123.138194,7.709166]],[[123.046659,7.650941],[123.044976,7.650066],[123.044687,7.651247],[123.046659,7.650941]],[[122.691932,7.463067],[122.692098,7.462406],[122.689551,7.462617],[122.691932,7.463067]],[[122.807838,7.479703],[122.807855,7.47741],[122.806438,7.476945],[122.806001,7.478646],[122.807838,7.479703]],[[122.422996,7.49677],[122.422872,7.494961],[122.416765,7.490036],[122.414495,7.490427],[122.418418,7.497242],[122.422996,7.49677]],[[122.787153,7.528683],[122.786458,7.530557],[122.7875,7.53021],[122.787153,7.528683]],[[122.799356,7.55373],[122.797099,7.551156],[122.793008,7.553147],[122.791255,7.551367],[122.787658,7.55215],[122.789433,7.555843],[122.795254,7.554474],[122.797219,7.555884],[122.799356,7.55373]],[[122.447778,7.5875],[122.443889,7.586389],[122.442778,7.5875],[122.446111,7.588611],[122.447778,7.5875]],[[122.492423,7.596117],[122.49233,7.593818],[122.48945,7.593828],[122.490821,7.595982],[122.492423,7.596117]],[[122.541292,7.687903],[122.54575,7.685787],[122.545552,7.682313],[122.541165,7.683977],[122.540078,7.686264],[122.541292,7.687903]],[[122.805853,7.726635],[122.798804,7.728661],[122.798362,7.735064],[122.800348,7.738891],[122.804091,7.737142],[122.809806,7.73064],[122.810465,7.727855],[122.805853,7.726635]],[[122.805932,7.7387],[122.810853,7.740309],[122.813367,7.737105],[122.815575,7.727934],[122.812827,7.727992],[122.805932,7.7387]],[[122.758333,7.753055],[122.756944,7.755278],[122.761111,7.761944],[122.768056,7.761111],[122.769167,7.7625],[122.768056,7.768333],[122.783333,7.7675],[122.785833,7.764444],[122.785278,7.757778],[122.780833,7.753333],[122.758333,7.753055]],[[122.437643,7.519578],[122.437101,7.519578],[122.437948,7.521508],[122.437643,7.519578]],[[122.446507,7.544088],[122.448517,7.542344],[122.448601,7.541806],[122.444914,7.542493],[122.446507,7.544088]],[[122.310752,7.307362],[122.308372,7.309634],[122.309767,7.312679],[122.31671,7.315113],[122.318454,7.310998],[122.315139,7.307624],[122.310752,7.307362]],[[122.326001,7.319138],[122.326111,7.3175],[122.322778,7.318611],[122.323889,7.319722],[122.326001,7.319138]],[[124.162222,7.196944],[124.165555,7.198333],[124.17,7.197778],[124.165,7.195555],[124.162222,7.196944]],[[124.178958,7.196249],[124.181389,7.196666],[124.183056,7.194722],[124.181528,7.195555],[124.178958,7.196249]],[[122.267434,7.176217],[122.268532,7.18045],[122.271031,7.180083],[122.270373,7.177588],[122.267434,7.176217]],[[122.284298,7.176118],[122.287338,7.175979],[122.286116,7.171844],[122.282743,7.17385],[122.284298,7.176118]],[[122.271381,7.172361],[122.275297,7.17095],[122.278078,7.167698],[122.274789,7.16244],[122.266496,7.165734],[122.267089,7.168455],[122.270122,7.168726],[122.269477,7.170694],[122.271381,7.172361]],[[122.287245,7.169566],[122.287938,7.17142],[122.289209,7.170884],[122.289114,7.169993],[122.287245,7.169566]],[[122.27113,7.154994],[122.273145,7.156193],[122.273721,7.150431],[122.27113,7.154994]],[[122.266559,7.151889],[122.263568,7.145463],[122.261468,7.145041],[122.261434,7.148817],[122.266559,7.151889]],[[122.256006,7.137414],[122.253755,7.138348],[122.257494,7.140502],[122.258816,7.137767],[122.25678,7.133142],[122.254872,7.133327],[122.256006,7.137414]],[[122.266505,7.133264],[122.26884,7.134987],[122.27112,7.132695],[122.269645,7.127586],[122.267442,7.128539],[122.266505,7.133264]],[[122.262529,7.131972],[122.263639,7.130415],[122.2621,7.129098],[122.260986,7.130726],[122.262529,7.131972]],[[122.273927,7.123209],[122.271826,7.12459],[122.272465,7.126145],[122.275357,7.124826],[122.273927,7.123209]],[[122.270448,7.120722],[122.270612,7.121149],[122.272478,7.119564],[122.270448,7.120722]],[[122.270978,7.11794],[122.269323,7.117474],[122.269578,7.118769],[122.270978,7.11794]],[[122.250592,7.10146],[122.252521,7.10413],[122.254508,7.104068],[122.253879,7.098931],[122.25167,7.098573],[122.250592,7.10146]],[[122.247781,6.991253],[122.260061,7.000179],[122.27061,7.003441],[122.285742,6.977786],[122.280543,6.971702],[122.274304,6.959411],[122.265898,6.953365],[122.250459,6.955984],[122.24794,6.962975],[122.245091,6.964138],[122.241722,6.962378],[122.23832,6.965076],[122.236706,6.96321],[122.235564,6.964265],[122.237171,6.965957],[122.235923,6.96678],[122.234042,6.964733],[122.229629,6.964795],[122.22816,6.961817],[122.230849,6.963592],[122.233953,6.958325],[122.230883,6.957029],[122.23763,6.957543],[122.238421,6.955322],[122.236735,6.953843],[122.236864,6.950454],[122.235001,6.952001],[122.232837,6.950342],[122.233551,6.949174],[122.231262,6.947533],[122.231585,6.946198],[122.229151,6.946554],[122.228639,6.944848],[122.225389,6.946654],[122.226325,6.943931],[122.224287,6.946174],[122.220732,6.946162],[122.219038,6.944549],[122.219537,6.942217],[122.217538,6.941316],[122.217207,6.937943],[122.211658,6.939434],[122.207753,6.937895],[122.206871,6.928063],[122.20517,6.927234],[122.206309,6.926337],[122.203727,6.923316],[122.200812,6.922515],[122.201553,6.919831],[122.199296,6.91971],[122.200644,6.924692],[122.196565,6.925686],[122.197418,6.930817],[122.199901,6.935105],[122.20259,6.935139],[122.205315,6.939227],[122.204277,6.947757],[122.209419,6.948383],[122.206241,6.949304],[122.207409,6.950912],[122.206498,6.95216],[122.207328,6.954236],[122.213964,6.957138],[122.213038,6.961369],[122.219071,6.974602],[122.227978,6.986175],[122.231534,6.988504],[122.237262,6.988677],[122.2373,6.986213],[122.238904,6.985127],[122.237008,6.984082],[122.241189,6.983052],[122.238743,6.981752],[122.240314,6.982275],[122.239534,6.980197],[122.241319,6.981287],[122.241815,6.979644],[122.242915,6.982129],[122.244762,6.98169],[122.242584,6.983392],[122.242751,6.985621],[122.247781,6.991253]],[[122.348107,6.977987],[122.345758,6.981274],[122.350909,6.983288],[122.356256,6.989118],[122.357725,6.987444],[122.354995,6.985873],[122.354978,6.983779],[122.358584,6.983693],[122.358808,6.982561],[122.355943,6.981218],[122.354681,6.977173],[122.348107,6.977987]],[[122.323611,6.954958],[122.328611,6.955514],[122.328611,6.953569],[122.325278,6.953014],[122.323611,6.954958]],[[122.24075,6.95275],[122.238528,6.954695],[122.239083,6.957472],[122.242694,6.957472],[122.243806,6.954417],[122.24075,6.95275]],[[122.238545,6.951402],[122.238281,6.953083],[122.239641,6.9525],[122.238545,6.951402]],[[122.219028,6.938278],[122.221136,6.940602],[122.222427,6.940873],[122.220556,6.937778],[122.219028,6.938278]],[[122.193873,6.923636],[122.195842,6.921204],[122.191056,6.919319],[122.187227,6.918554],[122.182892,6.920306],[122.181403,6.927201],[122.183314,6.931801],[122.18609,6.932565],[122.188272,6.93054],[122.188313,6.92797],[122.190229,6.928339],[122.191733,6.926626],[122.191475,6.922851],[122.193873,6.923636]],[[122.18411,6.91688],[122.183915,6.914297],[122.180018,6.912282],[122.178774,6.913138],[122.181177,6.919364],[122.18411,6.91688]],[[122.159462,6.914243],[122.15874,6.910513],[122.156682,6.909781],[122.156337,6.911693],[122.159462,6.914243]],[[122.185883,6.935476],[122.194776,6.94665],[122.197575,6.941968],[122.196678,6.938109],[122.193836,6.939794],[122.192746,6.936869],[122.185883,6.935476]],[[122.171568,6.940256],[122.170833,6.938333],[122.169494,6.938833],[122.169937,6.940141],[122.171568,6.940256]],[[122.166242,6.897157],[122.168895,6.893821],[122.169461,6.889763],[122.166314,6.884136],[122.161487,6.884132],[122.153914,6.880371],[122.143326,6.880306],[122.143859,6.878153],[122.140877,6.877584],[122.135581,6.880664],[122.144236,6.891117],[122.166242,6.897157]],[[122.283484,6.892575],[122.286745,6.891672],[122.291463,6.886462],[122.293753,6.870693],[122.287508,6.872569],[122.287231,6.875764],[122.284733,6.875695],[122.280639,6.879516],[122.283484,6.892575]],[[122.299556,6.873674],[122.298167,6.874229],[122.297056,6.875896],[122.300111,6.875062],[122.299556,6.873674]],[[122.375409,6.775131],[122.380595,6.774273],[122.381977,6.769638],[122.373162,6.763973],[122.372989,6.762257],[122.367803,6.760712],[122.364173,6.76157],[122.362963,6.769123],[122.365556,6.773415],[122.368494,6.774101],[122.37247,6.772213],[122.372643,6.76981],[122.376446,6.769638],[122.375409,6.775131]],[[122.390754,6.743011],[122.394265,6.749429],[122.398172,6.749412],[122.40672,6.741898],[122.406936,6.736145],[122.405213,6.733586],[122.395932,6.735698],[122.391247,6.738666],[122.390754,6.743011]],[[122.26172,6.72938],[122.264464,6.727856],[122.262687,6.726181],[122.256687,6.728351],[122.253698,6.733183],[122.254084,6.737695],[122.255177,6.73865],[122.257957,6.737316],[122.26172,6.72938]],[[122.251478,6.742308],[122.251988,6.740648],[122.250921,6.739935],[122.249952,6.741201],[122.251478,6.742308]],[[122.264757,6.586403],[122.259722,6.586111],[122.26,6.586667],[122.264757,6.586403]],[[122.205042,6.529996],[122.204761,6.531679],[122.206182,6.53262],[122.206528,6.531001],[122.205042,6.529996]],[[122.213333,6.500556],[122.215278,6.500833],[122.217778,6.498333],[122.2175,6.494444],[122.215833,6.495278],[122.216389,6.498055],[122.213333,6.500556]],[[122.206057,6.465402],[122.202564,6.47053],[122.205998,6.479471],[122.211804,6.468371],[122.226382,6.456138],[122.226379,6.454465],[122.223255,6.451515],[122.213935,6.457749],[122.20812,6.458555],[122.205178,6.460582],[122.201558,6.460011],[122.19722,6.462783],[122.199829,6.465068],[122.205408,6.46314],[122.206057,6.465402]],[[122.220402,6.465517],[122.227265,6.465978],[122.232219,6.457065],[122.232242,6.451867],[122.227513,6.446452],[122.217969,6.448199],[122.219015,6.449163],[122.22713,6.447848],[122.229839,6.453226],[122.227751,6.459404],[122.228309,6.463031],[122.226485,6.464661],[122.220402,6.465517]],[[124.021714,6.454342],[124.021352,6.463288],[124.02399,6.459974],[124.023213,6.454732],[124.021714,6.454342]],[[122.037001,6.39325],[122.037126,6.395752],[122.039459,6.397652],[122.04229,6.396721],[122.040656,6.394369],[122.041277,6.392254],[122.037001,6.39325]],[[121.969722,6.359167],[121.975278,6.362222],[121.978889,6.359722],[121.985251,6.345465],[121.985459,6.339421],[121.976944,6.334444],[121.965278,6.3325],[121.958055,6.335556],[121.954444,6.338889],[121.95,6.346111],[121.949167,6.351111],[121.959931,6.355208],[121.962222,6.358611],[121.969722,6.359167]],[[122.017575,6.340536],[122.020533,6.34579],[122.027473,6.350462],[122.030821,6.350511],[122.034539,6.346952],[122.034718,6.344706],[122.032245,6.345482],[122.041271,6.329377],[122.035969,6.328476],[122.024216,6.330175],[122.021746,6.326638],[122.017048,6.329827],[122.017575,6.340536]],[[122.050761,6.336554],[122.050063,6.341612],[122.052342,6.338843],[122.052809,6.333004],[122.049483,6.324404],[122.038057,6.314569],[122.039428,6.317129],[122.037325,6.319751],[122.042975,6.321881],[122.042188,6.325934],[122.04834,6.32947],[122.046211,6.33607],[122.050761,6.336554]],[[121.929444,6.32],[121.931667,6.307778],[121.929444,6.304167],[121.925,6.303611],[121.9225,6.305555],[121.919167,6.314722],[121.919167,6.322778],[121.924167,6.328333],[121.929444,6.32]],[[121.9925,6.313889],[121.995556,6.312778],[121.994167,6.311389],[121.995833,6.310278],[121.994444,6.308333],[121.989167,6.31],[121.988889,6.311389],[121.9925,6.313889]],[[121.988466,6.308373],[121.992856,6.303094],[121.994648,6.298074],[121.98913,6.286082],[121.992188,6.285993],[121.999094,6.29083],[122.003752,6.289686],[122.007792,6.291787],[122.009724,6.297357],[122.015743,6.292944],[122.014337,6.288401],[122.003262,6.286767],[121.980402,6.278648],[121.969957,6.278726],[121.96871,6.28534],[121.975222,6.281442],[121.979197,6.280949],[121.979249,6.285368],[121.97579,6.289135],[121.972844,6.28916],[121.97145,6.292834],[121.969296,6.292376],[121.966353,6.288678],[121.962192,6.287706],[121.95753,6.292485],[121.955825,6.297328],[121.958276,6.310034],[121.9626,6.312922],[121.988466,6.308373]],[[124.136399,6.285462],[124.136889,6.286336],[124.138232,6.285282],[124.136399,6.285462]],[[121.968611,6.282778],[121.968056,6.281944],[121.966389,6.285833],[121.968611,6.282778]],[[121.836301,6.215017],[121.830435,6.232004],[121.832871,6.240396],[121.835766,6.242466],[121.840525,6.242436],[121.845029,6.236809],[121.845817,6.224834],[121.840533,6.215989],[121.836301,6.215017]],[[121.794722,6.151667],[121.797186,6.158509],[121.805833,6.1725],[121.8175,6.176944],[121.819444,6.176389],[121.823748,6.16986],[121.825555,6.160278],[121.83,6.154444],[121.831667,6.149444],[121.829167,6.145555],[121.824167,6.140833],[121.814722,6.137222],[121.809722,6.130556],[121.805539,6.129838],[121.801944,6.132222],[121.799719,6.136866],[121.796735,6.137422],[121.794722,6.151667]],[[121.87,6.154722],[121.870278,6.156667],[121.8725,6.155972],[121.871736,6.154166],[121.87,6.154722]],[[121.81669,6.135852],[121.827354,6.140277],[121.83964,6.148688],[121.847689,6.14701],[121.852992,6.139089],[121.855474,6.131787],[121.854913,6.126751],[121.847506,6.117237],[121.828228,6.115332],[121.817514,6.120151],[121.81293,6.125242],[121.812193,6.127636],[121.81669,6.135852]],[[121.76407,6.145631],[121.768456,6.140563],[121.768212,6.137712],[121.762,6.139106],[121.76407,6.145631]],[[121.761866,6.09242],[121.765217,6.09496],[121.773005,6.090795],[121.778741,6.084874],[121.78851,6.067152],[121.794544,6.061691],[121.798291,6.060364],[121.816933,6.041056],[121.822593,6.038685],[121.827054,6.038879],[121.829113,6.035418],[121.835338,6.036201],[121.840579,6.034011],[121.846707,6.02821],[121.854828,6.023406],[121.860179,6.023442],[121.863042,6.020121],[121.868009,6.021927],[121.868621,6.024497],[121.873924,6.027315],[121.888807,6.033045],[121.896376,6.030201],[121.905607,6.033967],[121.912993,6.031554],[121.909264,6.034482],[121.909503,6.037014],[121.917413,6.040986],[121.921659,6.041144],[121.929732,6.047083],[121.936342,6.048688],[121.947135,6.05686],[121.949069,6.052027],[121.942496,6.041487],[121.93004,6.034319],[121.909863,6.017521],[121.902794,6.015692],[121.896961,6.010565],[121.880981,6.001704],[121.855238,5.998227],[121.845643,6.002254],[121.831566,6.016424],[121.825449,6.019459],[121.817342,6.019665],[121.804563,6.029385],[121.800434,6.034515],[121.800862,6.036772],[121.802695,6.034414],[121.80426,6.035081],[121.802169,6.040983],[121.794497,6.045828],[121.792883,6.049289],[121.789644,6.04849],[121.785829,6.052156],[121.779859,6.053267],[121.790892,6.0467],[121.791616,6.04441],[121.776288,6.05301],[121.776843,6.055229],[121.774516,6.055606],[121.774905,6.056999],[121.772507,6.057974],[121.766687,6.065389],[121.766238,6.069298],[121.761571,6.071311],[121.761171,6.074097],[121.755804,6.077974],[121.75799,6.082996],[121.762226,6.085572],[121.760501,6.087538],[121.761866,6.09242]],[[121.906692,6.036667],[121.908923,6.036888],[121.908587,6.035255],[121.90729,6.035034],[121.906692,6.036667]],[[121.69323,6.005427],[121.693165,5.995144],[121.678101,5.993928],[121.668376,5.987792],[121.655987,5.991666],[121.652813,5.995566],[121.656801,6.00116],[121.656841,6.004153],[121.668093,6.011142],[121.675105,6.012175],[121.672311,6.015331],[121.683008,6.022416],[121.683607,6.025878],[121.686037,6.028389],[121.685219,6.03133],[121.681711,6.031775],[121.682533,6.034769],[121.678688,6.039047],[121.673423,6.035588],[121.669891,6.036722],[121.669027,6.040248],[121.671335,6.048044],[121.670834,6.05253],[121.673432,6.056548],[121.682231,6.057964],[121.70012,6.051144],[121.69847,6.047972],[121.692899,6.047505],[121.681547,6.049929],[121.675361,6.05385],[121.678014,6.050252],[121.690865,6.046822],[121.691535,6.044256],[121.689692,6.039317],[121.691546,6.036522],[121.693223,6.042481],[121.703411,6.043096],[121.724441,6.031214],[121.726878,6.032357],[121.728166,6.031072],[121.726101,6.026142],[121.722974,6.023746],[121.713934,6.023924],[121.702607,6.019492],[121.69323,6.005427]],[[121.543647,6.008492],[121.543506,6.006053],[121.528326,5.992158],[121.5211,5.996007],[121.531555,6.018022],[121.532916,6.024308],[121.540583,6.037886],[121.548353,6.041935],[121.548736,6.043527],[121.551718,6.040882],[121.557946,6.038596],[121.559161,6.033373],[121.558302,6.028549],[121.554112,6.0258],[121.556311,6.021358],[121.55438,6.018563],[121.556955,6.015551],[121.5507,6.01144],[121.534011,6.010264],[121.543647,6.008492]],[[121.373889,6.012778],[121.374444,6.010556],[121.36855,6.007554],[121.361944,6.011944],[121.363611,6.015556],[121.366944,6.016667],[121.373889,6.012778]],[[121.540738,6.041044],[121.54171,6.04292],[121.54747,6.045491],[121.54747,6.045144],[121.540738,6.041044]],[[121.521586,6.04283],[121.51541,6.041627],[121.513663,6.042494],[121.513875,6.049107],[121.51675,6.051693],[121.523598,6.046512],[121.521586,6.04283]],[[121.548466,6.045116],[121.553329,6.041465],[121.551304,6.041878],[121.548466,6.045116]],[[121.663427,6.041514],[121.666374,6.038933],[121.665182,6.037302],[121.662561,6.038325],[121.663427,6.041514]],[[121.655285,6.010684],[121.661216,6.023891],[121.666775,6.027707],[121.668537,6.023198],[121.665521,6.017753],[121.661504,6.014966],[121.657731,6.008948],[121.655882,6.008783],[121.655285,6.010684]],[[121.705184,6.076936],[121.716691,6.070349],[121.72178,6.061764],[121.719412,6.059049],[121.708496,6.064051],[121.706587,6.068341],[121.701039,6.07381],[121.701129,6.075884],[121.705184,6.076936]],[[121.65653,6.076893],[121.654729,6.079525],[121.657769,6.088586],[121.663245,6.092103],[121.665807,6.091587],[121.668092,6.089191],[121.668949,6.082758],[121.65653,6.076893]],[[121.575583,5.976563],[121.579052,5.979382],[121.584349,5.978028],[121.586932,5.975348],[121.58958,5.975565],[121.597467,5.960752],[121.59794,5.955682],[121.5967,5.951491],[121.579854,5.934769],[121.574289,5.93167],[121.570677,5.931641],[121.563447,5.936118],[121.558712,5.942924],[121.557003,5.948119],[121.55739,5.953793],[121.558386,5.956708],[121.569677,5.968739],[121.573772,5.968684],[121.575485,5.965036],[121.580065,5.963946],[121.57979,5.961704],[121.577526,5.960225],[121.579182,5.959133],[121.58108,5.962139],[121.580842,5.965113],[121.575974,5.966118],[121.574568,5.968869],[121.579437,5.969668],[121.573497,5.970965],[121.575583,5.976563]],[[121.386935,5.912993],[121.387066,5.914041],[121.389075,5.914066],[121.388956,5.913261],[121.386935,5.912993]],[[121.386944,5.904392],[121.39142,5.905442],[121.394593,5.90844],[121.391541,5.904804],[121.386944,5.904392]],[[121.352464,5.91235],[121.351887,5.91255],[121.354021,5.915551],[121.352464,5.91235]],[[121.355924,5.914409],[121.35705,5.915484],[121.360885,5.914608],[121.360793,5.914312],[121.355924,5.914409]],[[121.315723,5.885483],[121.319032,5.887056],[121.318524,5.888852],[121.320246,5.887896],[121.319254,5.88608],[121.315723,5.885483]],[[121.308602,5.87904],[121.30942,5.880561],[121.311731,5.883316],[121.310318,5.879861],[121.308602,5.87904]],[[121.279935,5.855699],[121.277978,5.854672],[121.277126,5.854673],[121.277661,5.855061],[121.279935,5.855699]],[[121.269945,5.855054],[121.272138,5.854133],[121.276016,5.854157],[121.272059,5.853702],[121.269945,5.855054]],[[121.230338,5.852551],[121.230929,5.849996],[121.233721,5.848627],[121.233762,5.846303],[121.237932,5.843115],[121.237661,5.839414],[121.227805,5.839594],[121.223281,5.842851],[121.216835,5.858088],[121.222075,5.858225],[121.230338,5.852551]],[[121.241056,5.84106],[121.238883,5.844036],[121.239027,5.844654],[121.241287,5.842738],[121.241056,5.84106]],[[121.241037,5.83967],[121.238801,5.835977],[121.237506,5.837273],[121.238328,5.839645],[121.241037,5.83967]],[[121.205246,5.833912],[121.200587,5.828762],[121.200241,5.8358],[121.198516,5.838718],[121.205246,5.833912]],[[121.20397,5.828487],[121.203479,5.826266],[121.201891,5.827935],[121.20397,5.828487]],[[121.198642,5.828756],[121.204765,5.820114],[121.202327,5.817484],[121.207196,5.812519],[121.206385,5.809109],[121.208017,5.808149],[121.205478,5.806132],[121.204419,5.801955],[121.206082,5.802084],[121.20615,5.800306],[121.200577,5.798596],[121.198586,5.799925],[121.199226,5.797911],[121.194242,5.790385],[121.192015,5.789968],[121.191087,5.791753],[121.185892,5.788533],[121.180741,5.78764],[121.178367,5.784646],[121.160058,5.779069],[121.150685,5.780447],[121.138269,5.788471],[121.130358,5.808678],[121.132257,5.808334],[121.131221,5.812969],[121.135363,5.819321],[121.137433,5.830307],[121.140539,5.829105],[121.146061,5.833397],[121.146924,5.838718],[121.149167,5.841465],[121.151583,5.84095],[121.161073,5.84816],[121.168271,5.848846],[121.188681,5.837517],[121.198642,5.828756]],[[121.209061,5.820629],[121.218345,5.818303],[121.224305,5.812185],[121.224423,5.807991],[121.226478,5.812036],[121.225754,5.815913],[121.223345,5.815047],[121.224509,5.817513],[121.228404,5.816369],[121.231467,5.818421],[121.237252,5.818313],[121.241811,5.816249],[121.239633,5.811982],[121.23275,5.813543],[121.233638,5.810779],[121.232358,5.809207],[121.228833,5.809164],[121.22224,5.804518],[121.218251,5.803908],[121.215097,5.808674],[121.216995,5.808746],[121.209061,5.820629]],[[121.233659,5.808154],[121.234468,5.807803],[121.233131,5.8061],[121.233659,5.808154]],[[121.208546,5.801421],[121.207576,5.803812],[121.209059,5.806414],[121.20994,5.805322],[121.208546,5.801421]],[[121.213963,5.804014],[121.213679,5.806717],[121.216963,5.805019],[121.216138,5.804338],[121.213963,5.804014]],[[121.215238,5.798659],[121.215246,5.798097],[121.211866,5.797869],[121.215238,5.798659]],[[121.210489,5.797016],[121.209103,5.79728],[121.210771,5.797851],[121.210489,5.797016]],[[121.208853,5.796988],[121.208839,5.79671],[121.208576,5.79703],[121.208853,5.796988]],[[121.207993,5.796446],[121.204943,5.796168],[121.206385,5.797016],[121.207993,5.796446]],[[121.196371,5.791451],[121.197743,5.791701],[121.192142,5.788406],[121.196371,5.791451]],[[121.187986,5.785876],[121.187977,5.787009],[121.189702,5.787562],[121.189667,5.786947],[121.187986,5.785876]],[[121.177171,5.78145],[121.170511,5.779269],[121.171079,5.780076],[121.177171,5.78145]],[[121.152179,5.778399],[121.151085,5.777841],[121.149974,5.779242],[121.152179,5.778399]],[[121.159433,5.777874],[121.166895,5.778368],[121.165245,5.77727],[121.16133,5.777298],[121.159433,5.777874]],[[121.032177,5.837172],[121.030791,5.834358],[121.026708,5.833586],[121.021864,5.837646],[121.021341,5.840812],[121.025166,5.844386],[121.032177,5.837172]],[[121.083461,5.840301],[121.079848,5.843255],[121.079231,5.851818],[121.083419,5.848736],[121.083003,5.846401],[121.086605,5.84503],[121.081799,5.855458],[121.088966,5.859402],[121.091873,5.858895],[121.094188,5.856426],[121.095255,5.850371],[121.091705,5.845486],[121.093017,5.844854],[121.091832,5.842955],[121.083461,5.840301]],[[121.093383,5.840263],[121.096144,5.84404],[121.098905,5.84507],[121.101408,5.839636],[121.098696,5.837258],[121.093383,5.840263]],[[121.21279,5.867729],[121.207958,5.873909],[121.212461,5.877612],[121.215553,5.874712],[121.21279,5.867729]],[[120.911129,5.759897],[120.92645,5.752458],[120.930817,5.747382],[120.935046,5.737301],[120.936294,5.729237],[120.934006,5.721311],[120.934908,5.71846],[120.924093,5.705251],[120.915219,5.701844],[120.910297,5.702956],[120.907871,5.700593],[120.905167,5.701288],[120.899444,5.695833],[120.895278,5.693611],[120.891389,5.693611],[120.879722,5.706389],[120.881318,5.714775],[120.88423,5.717487],[120.886726,5.742794],[120.894282,5.754335],[120.898512,5.756281],[120.899274,5.758228],[120.900938,5.756977],[120.911129,5.759897]],[[120.996504,5.719373],[120.993079,5.73506],[120.994832,5.737723],[121.009539,5.736483],[121.01653,5.731209],[121.018445,5.723066],[121.016242,5.721117],[121.009321,5.721457],[121.010309,5.71865],[121.013391,5.718248],[121.011675,5.715711],[121.003459,5.715711],[120.999051,5.71873],[120.9994,5.720723],[120.996504,5.719373]],[[121.028072,5.723962],[121.029181,5.725909],[121.029597,5.723127],[121.028072,5.723962]],[[121.013599,5.719632],[121.012548,5.720788],[121.013014,5.72105],[121.013599,5.719632]],[[121.020259,5.717274],[121.021063,5.718387],[121.022533,5.717553],[121.021909,5.716774],[121.020259,5.717274]],[[121.043716,5.717663],[121.046783,5.716481],[121.05104,5.712649],[121.043648,5.716553],[121.043716,5.717663]],[[121.030707,5.715693],[121.026667,5.71],[121.025278,5.711111],[121.026671,5.713327],[121.023056,5.711667],[121.027519,5.71627],[121.030707,5.715693]],[[121.049854,5.705222],[121.049189,5.702106],[121.046487,5.701367],[121.046596,5.701753],[121.049854,5.705222]],[[120.916259,5.700801],[120.915566,5.699828],[120.914665,5.700384],[120.914942,5.701079],[120.916259,5.700801]],[[120.915635,5.698854],[120.91411,5.698368],[120.913763,5.699341],[120.915635,5.698854]],[[120.99291,5.698423],[121.009438,5.676003],[121.012573,5.66996],[121.011095,5.667164],[121.006259,5.667514],[120.999203,5.672517],[120.995282,5.678087],[120.991429,5.686239],[120.991358,5.695701],[120.99291,5.698423]],[[121.068565,5.694754],[121.070358,5.693447],[121.073184,5.685503],[121.071362,5.674876],[121.056789,5.662416],[121.046317,5.658543],[121.039165,5.657836],[121.041256,5.659062],[121.037173,5.662917],[121.02739,5.664915],[121.018996,5.671066],[121.012107,5.682001],[121.014212,5.683292],[121.015673,5.687676],[121.017031,5.685131],[121.019821,5.686543],[121.024224,5.682677],[121.031322,5.680866],[121.035159,5.683689],[121.040037,5.682917],[121.044418,5.68802],[121.058597,5.693018],[121.068565,5.694754]],[[120.8132,5.6636],[120.809131,5.661652],[120.801543,5.662049],[120.798087,5.663273],[120.794741,5.668872],[120.798793,5.678475],[120.801839,5.694631],[120.804695,5.69969],[120.807876,5.701951],[120.815355,5.701919],[120.835855,5.710629],[120.854353,5.708676],[120.8751,5.697334],[120.89033,5.692435],[120.887894,5.688036],[120.888431,5.685133],[120.885344,5.681648],[120.878391,5.680598],[120.874839,5.682402],[120.866323,5.676508],[120.866589,5.675007],[120.870366,5.6767],[120.868261,5.673857],[120.862931,5.672518],[120.863716,5.667654],[120.862519,5.666231],[120.852844,5.66387],[120.843462,5.665289],[120.842549,5.66369],[120.839517,5.663812],[120.826112,5.669849],[120.816389,5.668101],[120.8132,5.6636]],[[120.822439,5.664809],[120.820983,5.66467],[120.821052,5.66599],[120.822439,5.664809]],[[121.014273,5.687618],[121.012635,5.683324],[121.008248,5.686429],[121.010326,5.688438],[121.009317,5.690508],[121.010589,5.692047],[121.014273,5.687618]],[[121.015076,5.690887],[121.014511,5.693688],[121.015333,5.69452],[121.016986,5.693013],[121.015076,5.690887]],[[120.911406,5.696421],[120.908494,5.693918],[120.910089,5.698229],[120.911406,5.696421]],[[120.855384,5.599793],[120.857497,5.603657],[120.859215,5.595457],[120.861488,5.593779],[120.867969,5.593328],[120.871605,5.595155],[120.875685,5.600158],[120.877357,5.599066],[120.875555,5.591846],[120.860883,5.588546],[120.859335,5.588507],[120.85682,5.591905],[120.855384,5.599793]],[[120.87301,5.600166],[120.872399,5.601316],[120.872734,5.603022],[120.873806,5.601847],[120.87301,5.600166]],[[120.850781,5.592568],[120.856949,5.585529],[120.869234,5.584542],[120.885816,5.561285],[120.892554,5.54886],[120.894696,5.551301],[120.899222,5.549952],[120.901545,5.546054],[120.905467,5.54352],[120.90827,5.536818],[120.906064,5.531083],[120.897824,5.523132],[120.888969,5.506274],[120.878766,5.494141],[120.866962,5.489276],[120.860874,5.489708],[120.857494,5.486958],[120.850891,5.489001],[120.847641,5.494511],[120.83908,5.499674],[120.836474,5.503491],[120.83684,5.505402],[120.829003,5.510184],[120.823744,5.518339],[120.824707,5.52311],[120.822723,5.520936],[120.818629,5.523074],[120.816453,5.527572],[120.815495,5.541582],[120.814068,5.538004],[120.812212,5.543161],[120.816952,5.551169],[120.818903,5.55072],[120.821698,5.571721],[120.824688,5.570147],[120.82299,5.573248],[120.828303,5.578404],[120.850781,5.592568]],[[120.912151,5.551525],[120.910738,5.553505],[120.912409,5.556722],[120.920326,5.552802],[120.927304,5.551589],[120.93004,5.545646],[120.920975,5.545529],[120.91923,5.548946],[120.912151,5.551525]],[[120.956216,5.534492],[120.96158,5.524973],[120.962756,5.51871],[120.961812,5.519558],[120.956216,5.534492]],[[120.956003,5.519113],[120.953915,5.515491],[120.95216,5.515434],[120.951733,5.517399],[120.954461,5.520647],[120.956003,5.519113]],[[120.962667,5.515173],[120.96329,5.51705],[120.963914,5.517397],[120.964607,5.513991],[120.962667,5.515173]],[[120.951325,5.514239],[120.952197,5.509572],[120.947666,5.508865],[120.945372,5.515224],[120.951325,5.514239]],[[120.909653,5.508333],[120.908056,5.505],[120.906667,5.508889],[120.9075,5.511181],[120.909653,5.508333]],[[120.93924,5.506336],[120.940392,5.50806],[120.944008,5.506034],[120.94376,5.499363],[120.941531,5.499883],[120.93924,5.506336]],[[120.9625,5.506944],[120.965833,5.505],[120.964722,5.500833],[120.957847,5.492222],[120.952778,5.489167],[120.923889,5.485],[120.916783,5.487429],[120.898333,5.489722],[120.900556,5.491667],[120.90195,5.490206],[120.923508,5.486843],[120.924548,5.488094],[120.926312,5.486944],[120.93172,5.488778],[120.944512,5.489097],[120.944108,5.492297],[120.940728,5.492562],[120.942583,5.49619],[120.944663,5.494522],[120.946293,5.489422],[120.956021,5.492782],[120.96,5.496389],[120.9625,5.499444],[120.961864,5.502072],[120.963528,5.501238],[120.964498,5.504158],[120.9625,5.506944]],[[120.869195,5.485839],[120.86351,5.484101],[120.86358,5.486118],[120.864273,5.484727],[120.869195,5.485839]],[[120.735617,5.475306],[120.74489,5.455732],[120.743874,5.446373],[120.740277,5.443006],[120.732004,5.44601],[120.73251,5.449734],[120.7363,5.451434],[120.738663,5.455479],[120.731963,5.476172],[120.725372,5.482599],[120.719689,5.481986],[120.7205,5.478139],[120.721554,5.477146],[120.722749,5.478321],[120.72433,5.476039],[120.724281,5.4725],[120.721346,5.471623],[120.716048,5.478379],[120.715951,5.483187],[120.720375,5.488103],[120.722936,5.487691],[120.735617,5.475306]],[[120.796038,5.468983],[120.794144,5.470045],[120.794464,5.472628],[120.79979,5.473107],[120.800642,5.469652],[120.797156,5.468364],[120.797425,5.464863],[120.794261,5.464224],[120.79145,5.46657],[120.79354,5.466684],[120.793166,5.468566],[120.795592,5.466896],[120.794236,5.468799],[120.796038,5.468983]],[[120.826221,5.467235],[120.822824,5.464454],[120.816515,5.462855],[120.816446,5.463759],[120.826221,5.467235]],[[120.591389,5.444584],[120.586667,5.442778],[120.581111,5.444722],[120.578611,5.451944],[120.578333,5.461389],[120.587847,5.467916],[120.589791,5.466111],[120.591389,5.444584]],[[120.608101,5.466178],[120.607092,5.468081],[120.607421,5.468781],[120.608788,5.467454],[120.608101,5.466178]],[[120.732153,5.454306],[120.731483,5.457872],[120.734444,5.456944],[120.734167,5.455],[120.732153,5.454306]],[[120.876019,5.488404],[120.877822,5.489794],[120.882883,5.49049],[120.883021,5.489864],[120.876019,5.488404]],[[120.884061,5.490142],[120.886349,5.491046],[120.887042,5.490351],[120.886765,5.489794],[120.884061,5.490142]],[[120.893707,5.49007],[120.895232,5.490174],[120.896315,5.489677],[120.894834,5.48861],[120.893707,5.49007]],[[120.921944,5.490833],[120.921667,5.4925],[120.923539,5.493957],[120.923054,5.497433],[120.925278,5.500833],[120.927633,5.494863],[120.929297,5.49542],[120.930555,5.492778],[120.92802,5.487671],[120.921944,5.490833]],[[120.917917,5.49618],[120.918125,5.494444],[120.916945,5.493889],[120.916389,5.495278],[120.917917,5.49618]],[[120.928388,5.502511],[120.930181,5.500725],[120.931289,5.49501],[120.928684,5.497864],[120.928388,5.502511]],[[120.934987,5.499747],[120.933069,5.502854],[120.933605,5.506012],[120.935881,5.501188],[120.934987,5.499747]],[[120.936801,5.50091],[120.937778,5.5],[120.936944,5.491111],[120.935555,5.492222],[120.936801,5.50091]],[[120.944808,5.497434],[120.946264,5.498825],[120.947374,5.496878],[120.945779,5.495001],[120.944808,5.497434]],[[120.938569,5.493124],[120.939678,5.493749],[120.939124,5.491038],[120.938569,5.493124]],[[120.948889,5.500833],[120.946667,5.500278],[120.945278,5.501667],[120.946389,5.506944],[120.951111,5.504722],[120.948889,5.500833]],[[120.948403,5.515278],[120.946389,5.516944],[120.946875,5.517987],[120.949931,5.516945],[120.948403,5.515278]],[[120.956667,5.524167],[120.955,5.522222],[120.953889,5.522778],[120.954376,5.524096],[120.956667,5.524167]],[[120.765576,5.495771],[120.757979,5.498062],[120.74689,5.509904],[120.74467,5.518984],[120.749972,5.531388],[120.75608,5.53639],[120.758384,5.549357],[120.763594,5.55941],[120.772577,5.563028],[120.777298,5.56247],[120.785859,5.568653],[120.79438,5.569754],[120.808139,5.562727],[120.810866,5.558723],[120.809676,5.550409],[120.804413,5.54025],[120.806498,5.536183],[120.805666,5.531698],[120.801401,5.522708],[120.799911,5.525391],[120.800881,5.52829],[120.798803,5.527151],[120.79858,5.523449],[120.793577,5.517769],[120.783667,5.514417],[120.784926,5.511001],[120.783557,5.507165],[120.785002,5.50396],[120.778857,5.499558],[120.777107,5.496421],[120.765576,5.495771]],[[120.570278,5.502778],[120.569028,5.501181],[120.567778,5.501667],[120.568056,5.5025],[120.570278,5.502778]],[[120.753819,5.549777],[120.752432,5.552906],[120.756522,5.555826],[120.756938,5.551098],[120.753819,5.549777]],[[120.729861,5.586181],[120.729026,5.583194],[120.726111,5.583889],[120.72882,5.586389],[120.729861,5.586181]],[[120.577272,5.422331],[120.578371,5.434785],[120.58163,5.43645],[120.589155,5.434488],[120.601605,5.417092],[120.608346,5.411532],[120.608337,5.405278],[120.605316,5.402681],[120.590155,5.398148],[120.584675,5.40381],[120.578954,5.405326],[120.572904,5.41406],[120.572787,5.417608],[120.574877,5.419606],[120.579097,5.417939],[120.584458,5.412634],[120.59085,5.416632],[120.593796,5.41433],[120.592467,5.409274],[120.595292,5.406544],[120.598823,5.409477],[120.597091,5.418396],[120.588005,5.423882],[120.587574,5.422085],[120.585938,5.422154],[120.585581,5.427245],[120.583578,5.42986],[120.582345,5.428427],[120.584527,5.425942],[120.582064,5.424528],[120.581513,5.421516],[120.579135,5.420132],[120.577272,5.422331]],[[120.404444,5.401389],[120.389167,5.393056],[120.376667,5.3925],[120.368055,5.389722],[120.366111,5.390833],[120.3775,5.403056],[120.390781,5.405625],[120.404444,5.401389]],[[120.265603,5.345213],[120.266227,5.34855],[120.270386,5.34855],[120.276002,5.343128],[120.272397,5.342085],[120.265603,5.345213]],[[120.576111,5.327778],[120.576772,5.330692],[120.580585,5.329997],[120.577705,5.32743],[120.576111,5.327778]],[[120.230235,5.323857],[120.235312,5.31428],[120.235344,5.30996],[120.240083,5.302443],[120.239661,5.300295],[120.235282,5.297505],[120.221353,5.301648],[120.218316,5.307014],[120.219022,5.316233],[120.223849,5.323851],[120.225627,5.326171],[120.230235,5.323857]],[[120.2675,5.303611],[120.264444,5.308333],[120.26604,5.314756],[120.271389,5.311667],[120.27119,5.308955],[120.272161,5.310554],[120.274167,5.309167],[120.277222,5.305],[120.278056,5.3],[120.274167,5.299722],[120.2675,5.303611]],[[120.415346,5.306041],[120.416667,5.309167],[120.418611,5.307778],[120.4175,5.305278],[120.415346,5.306041]],[[120.570235,5.305931],[120.574376,5.301876],[120.576111,5.298056],[120.573056,5.2925],[120.566111,5.296181],[120.566319,5.301389],[120.570235,5.305931]],[[120.287502,5.294995],[120.282748,5.296698],[120.284521,5.300252],[120.290232,5.298186],[120.287502,5.294995]],[[120.474444,5.296389],[120.476527,5.298333],[120.477778,5.297222],[120.477152,5.295834],[120.474444,5.296389]],[[120.274722,5.288056],[120.276389,5.2875],[120.275833,5.285],[120.273611,5.285833],[120.274722,5.288056]],[[120.271944,5.284722],[120.270555,5.283611],[120.268611,5.286667],[120.271667,5.287222],[120.271944,5.284722]],[[120.305278,5.283611],[120.3125,5.280278],[120.315278,5.275833],[120.313056,5.274444],[120.307222,5.275278],[120.303611,5.280833],[120.305278,5.283611]],[[120.296925,5.274568],[120.297397,5.266903],[120.295645,5.264067],[120.291884,5.262489],[120.284518,5.273438],[120.292277,5.276714],[120.296925,5.274568]],[[120.368055,5.268333],[120.37,5.271389],[120.373333,5.2725],[120.378889,5.270555],[120.383611,5.266389],[120.382778,5.263333],[120.378889,5.259444],[120.375556,5.258889],[120.368055,5.268333]],[[120.368273,5.261009],[120.368481,5.257667],[120.364026,5.258467],[120.364227,5.260026],[120.368273,5.261009]],[[120.363294,5.255157],[120.367579,5.255097],[120.367947,5.253249],[120.357909,5.23149],[120.349381,5.231766],[120.344603,5.236856],[120.340064,5.235698],[120.346071,5.245775],[120.347528,5.24511],[120.347384,5.242818],[120.349195,5.242924],[120.348188,5.243773],[120.34962,5.245196],[120.346753,5.247344],[120.346741,5.252084],[120.354738,5.257756],[120.358892,5.258649],[120.363294,5.255157]],[[120.402569,5.235556],[120.403333,5.2375],[120.405833,5.235556],[120.405625,5.232083],[120.404236,5.2325],[120.402569,5.235556]],[[120.630833,5.232778],[120.639722,5.236111],[120.6525,5.228333],[120.64948,5.227575],[120.64747,5.222569],[120.635833,5.221944],[120.628611,5.229722],[120.630833,5.232778]],[[120.660625,5.2275],[120.662328,5.228441],[120.665278,5.226389],[120.663889,5.226111],[120.660625,5.2275]],[[120.669919,5.224382],[120.672862,5.222854],[120.671046,5.222843],[120.669919,5.224382]],[[120.671111,5.220278],[120.685727,5.210933],[120.685588,5.209195],[120.679002,5.207184],[120.671723,5.20927],[120.66,5.222778],[120.671111,5.220278]],[[120.674049,5.221713],[120.688952,5.213316],[120.697056,5.211044],[120.697909,5.209003],[120.689435,5.21193],[120.674049,5.221713]],[[120.662755,5.206705],[120.665849,5.203499],[120.643643,5.211769],[120.662755,5.206705]],[[120.619883,5.204781],[120.619883,5.202835],[120.611841,5.197899],[120.611287,5.199915],[120.615238,5.201236],[120.614614,5.203113],[120.617734,5.202626],[120.618219,5.20499],[120.619883,5.204781]],[[120.669482,5.200536],[120.667048,5.202067],[120.666858,5.202617],[120.670478,5.201578],[120.669482,5.200536]],[[120.686959,5.200571],[120.687233,5.199655],[120.684237,5.199351],[120.686959,5.200571]],[[120.598603,5.19973],[120.598611,5.198056],[120.594441,5.196874],[120.59055,5.198732],[120.589441,5.201257],[120.591106,5.203446],[120.598603,5.19973]],[[120.609813,5.197664],[120.610278,5.195555],[120.605052,5.191084],[120.597425,5.186704],[120.595693,5.1874],[120.604913,5.194769],[120.606993,5.194004],[120.606715,5.196229],[120.607778,5.195555],[120.609813,5.197664]],[[120.524167,5.188889],[120.523611,5.185555],[120.520278,5.189167],[120.512222,5.193056],[120.507222,5.200555],[120.512222,5.203333],[120.520278,5.196944],[120.524167,5.188889]],[[120.500008,5.187762],[120.506993,5.179359],[120.509682,5.168759],[120.508024,5.164708],[120.505209,5.164073],[120.507667,5.173302],[120.504026,5.178495],[120.498083,5.182309],[120.496957,5.186514],[120.496036,5.181899],[120.502293,5.178192],[120.503415,5.173964],[120.506115,5.172877],[120.502191,5.168053],[120.502306,5.161601],[120.498826,5.159015],[120.493774,5.16015],[120.487577,5.166506],[120.4876,5.175273],[120.481505,5.184917],[120.48064,5.193436],[120.481597,5.194505],[120.486562,5.193676],[120.500008,5.187762]],[[120.521276,5.182063],[120.522262,5.184794],[120.523982,5.181137],[120.521276,5.182063]],[[120.590831,5.181254],[120.584864,5.177857],[120.583174,5.179128],[120.58323,5.179715],[120.590831,5.181254]],[[120.451323,5.159207],[120.451432,5.156886],[120.450403,5.156615],[120.449955,5.15804],[120.451323,5.159207]],[[120.453919,5.156802],[120.455508,5.156951],[120.45473,5.154935],[120.454284,5.154897],[120.453919,5.156802]],[[120.513045,5.155072],[120.515507,5.156352],[120.516105,5.155702],[120.5135,5.15379],[120.513045,5.155072]],[[120.488885,5.153956],[120.488964,5.153429],[120.48624,5.154104],[120.488885,5.153956]],[[120.451901,5.151474],[120.448,5.146537],[120.448869,5.14905],[120.447422,5.149464],[120.447363,5.152054],[120.449767,5.155503],[120.451901,5.151474]],[[120.496979,5.149307],[120.496109,5.150696],[120.506359,5.152272],[120.502177,5.149901],[120.496979,5.149307]],[[120.349206,5.143037],[120.348316,5.132658],[120.340155,5.119231],[120.336418,5.117296],[120.324589,5.123357],[120.321893,5.128324],[120.319618,5.129125],[120.321043,5.135242],[120.320122,5.136577],[120.323385,5.140214],[120.322348,5.142588],[120.323542,5.146088],[120.325542,5.14635],[120.32676,5.149402],[120.324646,5.148418],[120.324592,5.152988],[120.33256,5.158061],[120.342867,5.16175],[120.346096,5.157384],[120.349206,5.143037]],[[120.461008,5.145125],[120.461816,5.144906],[120.460342,5.143841],[120.461008,5.145125]],[[120.437295,5.138091],[120.437324,5.138984],[120.438691,5.137964],[120.437295,5.138091]],[[120.449697,5.137432],[120.449444,5.135833],[120.443958,5.135556],[120.445833,5.1375],[120.449697,5.137432]],[[120.315278,5.126667],[120.318889,5.122222],[120.319444,5.113889],[120.3175,5.11],[120.318611,5.103889],[120.308056,5.096944],[120.303333,5.090556],[120.2925,5.088056],[120.282524,5.082787],[120.276076,5.087445],[120.269213,5.090017],[120.270392,5.090226],[120.270392,5.096622],[120.276944,5.105833],[120.295,5.112222],[120.2975,5.117778],[120.303889,5.123611],[120.304722,5.126667],[120.309722,5.128055],[120.3125,5.133055],[120.315,5.130556],[120.315278,5.126667]],[[120.261759,5.08762],[120.27274,5.084705],[120.273546,5.081835],[120.271112,5.075441],[120.262663,5.065922],[120.251331,5.064725],[120.244517,5.075456],[120.246032,5.075517],[120.246954,5.073436],[120.248867,5.074058],[120.252526,5.083629],[120.258466,5.089943],[120.261759,5.08762]],[[119.924971,5.07051],[119.922822,5.066338],[119.919217,5.068354],[119.921088,5.072387],[119.924971,5.07051]],[[119.937398,5.074793],[119.933862,5.073681],[119.93206,5.078617],[119.936427,5.084944],[119.941558,5.086473],[119.944192,5.081607],[119.937398,5.074793]],[[119.988819,5.084384],[119.98563,5.085219],[119.984174,5.085775],[119.983688,5.088834],[119.987501,5.099332],[119.992354,5.101835],[119.99686,5.0953],[119.994434,5.088625],[119.992008,5.088278],[119.988819,5.084384]],[[120.263608,5.097406],[120.264995,5.096363],[120.263885,5.093096],[120.263123,5.094625],[120.263608,5.097406]],[[120.31584,5.127269],[120.315812,5.13054],[120.31551,5.131555],[120.317004,5.12903],[120.31584,5.127269]],[[120.232216,5.141714],[120.232304,5.137619],[120.2289,5.137179],[120.227782,5.140391],[120.232216,5.141714]],[[120.287826,5.158768],[120.284206,5.152244],[120.280759,5.152416],[120.278691,5.156879],[120.278691,5.162887],[120.283,5.164948],[120.287826,5.158768]],[[120.23574,5.161326],[120.236489,5.157731],[120.235412,5.156274],[120.232802,5.156563],[120.233847,5.16154],[120.23574,5.161326]],[[120.286648,5.168552],[120.289955,5.167966],[120.287337,5.164261],[120.286648,5.168552]],[[120.413975,5.168482],[120.414373,5.169769],[120.415822,5.166942],[120.413975,5.168482]],[[120.26631,5.169503],[120.260965,5.167694],[120.259758,5.171299],[120.263249,5.171874],[120.26631,5.169503]],[[120.267397,5.173736],[120.267307,5.180467],[120.264996,5.180567],[120.266579,5.185679],[120.253586,5.181733],[120.249655,5.178985],[120.244085,5.180078],[120.246731,5.188844],[120.253495,5.194187],[120.255232,5.198362],[120.248521,5.192301],[120.24291,5.190041],[120.241729,5.190912],[120.255635,5.21555],[120.258474,5.24591],[120.261112,5.249412],[120.266201,5.252046],[120.269506,5.256677],[120.279984,5.247997],[120.282697,5.242775],[120.290849,5.238459],[120.297037,5.231335],[120.304075,5.227561],[120.306899,5.223981],[120.310739,5.211595],[120.316993,5.210746],[120.318653,5.205159],[120.30663,5.192848],[120.306343,5.189441],[120.303103,5.188584],[120.29653,5.181882],[120.291636,5.182017],[120.286627,5.179963],[120.28281,5.174412],[120.279578,5.17939],[120.273214,5.171529],[120.267397,5.173736]],[[120.242211,5.193512],[120.238972,5.1934],[120.239838,5.197824],[120.242211,5.193512]],[[120.250451,5.227854],[120.250998,5.225017],[120.248235,5.215811],[120.24699,5.221836],[120.250451,5.227854]],[[120.262223,5.251875],[120.264167,5.261944],[120.267848,5.262361],[120.268889,5.258611],[120.265278,5.252778],[120.262223,5.251875]],[[120.256667,5.260833],[120.254763,5.260278],[120.255,5.261944],[120.256667,5.260833]],[[120.278894,5.256904],[120.281222,5.258311],[120.287603,5.25481],[120.287034,5.248237],[120.281196,5.248233],[120.277849,5.252739],[120.278894,5.256904]],[[120.316851,5.252086],[120.317821,5.254171],[120.318792,5.254102],[120.318168,5.252016],[120.316851,5.252086]],[[120.324305,5.252431],[120.325694,5.252778],[120.328889,5.249167],[120.330278,5.246111],[120.329519,5.243599],[120.325278,5.2475],[120.324305,5.252431]],[[120.326394,5.242746],[120.326267,5.23632],[120.321634,5.235506],[120.322821,5.238927],[120.320952,5.23993],[120.323206,5.246457],[120.324988,5.246549],[120.326394,5.242746]],[[120.343263,5.235796],[120.348558,5.231782],[120.349364,5.229287],[120.353527,5.230862],[120.358691,5.227229],[120.358332,5.220145],[120.354207,5.22016],[120.348685,5.216816],[120.350584,5.214881],[120.347815,5.213374],[120.347932,5.207672],[120.352542,5.202001],[120.349689,5.191661],[120.347011,5.192847],[120.347794,5.190191],[120.345891,5.189044],[120.347038,5.186445],[120.343229,5.181728],[120.339355,5.183925],[120.340267,5.187933],[120.335772,5.188661],[120.331528,5.19433],[120.331514,5.198577],[120.33486,5.198903],[120.336635,5.205803],[120.330258,5.210953],[120.326952,5.218849],[120.327641,5.223312],[120.330775,5.227432],[120.337634,5.229462],[120.339415,5.234113],[120.343263,5.235796]],[[120.376389,5.231389],[120.37493,5.234306],[120.377222,5.235278],[120.378611,5.2325],[120.376389,5.231389]],[[120.603153,5.220335],[120.608409,5.21939],[120.609444,5.217778],[120.607778,5.216111],[120.604382,5.216321],[120.602788,5.213748],[120.601111,5.214167],[120.600418,5.208884],[120.602567,5.207424],[120.598269,5.202627],[120.581936,5.207642],[120.5836,5.204582],[120.588056,5.201944],[120.586389,5.198611],[120.584091,5.198773],[120.580278,5.202222],[120.577998,5.208193],[120.572222,5.206389],[120.568611,5.208333],[120.571285,5.213307],[120.577222,5.213889],[120.585199,5.21785],[120.603153,5.220335]],[[120.609553,5.216253],[120.610663,5.215975],[120.611217,5.214376],[120.609346,5.214445],[120.609553,5.216253]],[[120.355828,5.215372],[120.352426,5.215429],[120.351634,5.217785],[120.355942,5.219021],[120.355828,5.215372]],[[120.358333,5.197778],[120.361111,5.198611],[120.361667,5.1975],[120.35849,5.19618],[120.358333,5.197778]],[[120.50736,5.196876],[120.508611,5.197154],[120.508264,5.195348],[120.50736,5.196876]],[[120.357528,5.195733],[120.357338,5.189756],[120.356017,5.188556],[120.352663,5.190213],[120.353179,5.195676],[120.355676,5.197672],[120.357528,5.195733]],[[120.315818,5.21954],[120.313739,5.218428],[120.312699,5.223364],[120.314848,5.22246],[120.315818,5.21954]],[[120.310833,5.225],[120.300833,5.233055],[120.298056,5.241389],[120.301552,5.241348],[120.299819,5.243572],[120.300304,5.24545],[120.306387,5.246111],[120.308124,5.249446],[120.315278,5.251111],[120.321111,5.248055],[120.321389,5.243611],[120.317778,5.239444],[120.318611,5.237778],[120.314167,5.229722],[120.314167,5.226111],[120.310833,5.225]],[[120.298156,5.249671],[120.298417,5.247688],[120.297862,5.246912],[120.296478,5.248659],[120.298156,5.249671]],[[120.346667,5.174444],[120.35,5.176736],[120.352778,5.176389],[120.354723,5.174237],[120.354445,5.172222],[120.3575,5.170278],[120.350556,5.170278],[120.346667,5.174444]],[[120.403923,5.172595],[120.41134,5.172595],[120.41349,5.170857],[120.412866,5.17051],[120.403923,5.172595]],[[120.457788,5.168499],[120.457386,5.163028],[120.45629,5.164508],[120.457788,5.168499]],[[120.426535,5.153384],[120.426108,5.155223],[120.429457,5.151997],[120.426535,5.153384]],[[120.281389,5.266944],[120.279444,5.268889],[120.281389,5.272222],[120.283333,5.271111],[120.281389,5.266944]],[[120.256753,5.271754],[120.254341,5.272017],[120.255129,5.274923],[120.256773,5.273849],[120.256753,5.271754]],[[120.265833,5.281667],[120.263611,5.279722],[120.260833,5.281389],[120.259593,5.284575],[120.263889,5.285],[120.265833,5.281667]],[[120.151398,5.144699],[120.149457,5.146368],[120.150012,5.150261],[120.151398,5.144699]],[[120.14264,5.159164],[120.142816,5.16156],[120.145705,5.163717],[120.152136,5.165763],[120.155083,5.163645],[120.154807,5.161729],[120.150821,5.158811],[120.14264,5.159164]],[[120.140722,5.16208],[120.13989,5.158882],[120.139336,5.158882],[120.138088,5.161246],[120.140722,5.16208]],[[120.069226,5.061441],[120.075739,5.060507],[120.076851,5.05879],[120.075364,5.058996],[120.075206,5.05728],[120.069226,5.061441]],[[120.05049,5.043956],[120.050223,5.045505],[120.051725,5.045021],[120.051874,5.044171],[120.05049,5.043956]],[[120.210105,5.045286],[120.220574,5.042366],[120.228823,5.033954],[120.225288,5.029782],[120.225634,5.027835],[120.223624,5.027488],[120.222237,5.023316],[120.217246,5.020049],[120.214889,5.015391],[120.199013,5.017059],[120.19208,5.024707],[120.18799,5.024429],[120.186812,5.020674],[120.185564,5.021022],[120.185772,5.024498],[120.197765,5.033536],[120.210105,5.045286]],[[120.138132,5.008277],[120.134496,5.004224],[120.131099,5.003149],[120.125402,5.004065],[120.121632,5.008706],[120.117648,5.020324],[120.105093,5.025491],[120.100788,5.029716],[120.102646,5.036523],[120.105377,5.037358],[120.113566,5.033457],[120.132184,5.019801],[120.135149,5.020456],[120.138132,5.008277]],[[120.169418,5.010977],[120.182131,5.013393],[120.194264,5.012619],[120.18101,5.012556],[120.169418,5.010977]],[[120.168658,5.010132],[120.166093,5.009854],[120.166301,5.010619],[120.168658,5.010132]],[[120.159299,5.009089],[120.158883,5.009645],[120.162141,5.010132],[120.159299,5.009089]],[[120.02517,4.998152],[120.02048,4.987063],[120.01747,4.986924],[120.01355,4.984134],[120.01341,4.969699],[120.01033,4.960703],[120.00256,4.952613],[119.99464,4.952902],[119.988733,4.960778],[119.987916,4.967528],[119.98399,4.971069],[119.985106,4.97279],[119.987256,4.97277],[119.985573,4.978005],[119.989484,4.97835],[119.98763,4.979908],[119.987458,4.985468],[119.991614,4.985226],[119.99488,4.986967],[119.994141,4.989863],[119.998669,4.99089],[119.99695,4.994014],[119.998506,4.995325],[119.995512,4.995349],[119.993354,4.998234],[119.996262,5.002676],[119.991706,5.004496],[120.000363,5.011615],[120.003596,5.010664],[120.007358,5.012523],[120.012647,5.010645],[120.013773,5.016741],[120.026342,5.007802],[120.02517,4.998152]],[[119.979722,4.952222],[119.981389,4.950833],[119.981111,4.947222],[119.976667,4.946111],[119.973611,4.947778],[119.976111,4.951667],[119.979722,4.952222]],[[119.87367,4.946313],[119.872007,4.942487],[119.867227,4.938591],[119.867504,4.942626],[119.872215,4.946731],[119.87367,4.946313]],[[119.969723,4.939167],[119.970556,4.933889],[119.971944,4.933056],[119.970833,4.932222],[119.969444,4.933333],[119.969723,4.939167]],[[119.972222,4.934167],[119.971389,4.9375],[119.972778,4.938056],[119.973333,4.935],[119.972222,4.934167]],[[119.833611,4.958819],[119.831389,4.956389],[119.830278,4.956944],[119.830972,4.958125],[119.833611,4.958819]],[[119.988055,4.963333],[119.987778,4.961389],[119.985278,4.960278],[119.984722,4.962778],[119.988055,4.963333]],[[119.992111,4.995085],[119.987167,4.998609],[119.989272,5.00171],[119.992428,4.997625],[119.992111,4.995085]],[[119.990552,5.004849],[119.987917,5.004432],[119.986947,5.008255],[119.98965,5.006865],[119.990552,5.004849]],[[119.987779,5.011176],[119.98556,5.011384],[119.985837,5.013817],[119.987709,5.012844],[119.987779,5.011176]],[[119.985837,5.016668],[119.984174,5.017433],[119.984174,5.022438],[119.987917,5.018962],[119.985837,5.016668]],[[120.010969,5.022908],[120.012725,5.020044],[120.009538,5.019021],[120.010969,5.022908]],[[120.112049,5.018189],[120.107404,5.018814],[120.107404,5.019232],[120.112049,5.018189]],[[120.117884,5.008195],[120.115527,5.011324],[120.119132,5.007361],[120.117884,5.008195]],[[120.011452,5.026286],[120.011817,5.024872],[120.010407,5.025042],[120.010102,5.025431],[120.011452,5.026286]],[[120.016119,5.035874],[120.01665,5.032789],[120.015679,5.029841],[120.015122,5.034478],[120.016119,5.035874]],[[120.011454,5.034367],[120.012009,5.033533],[120.009167,5.033672],[120.011454,5.034367]],[[119.96,4.925833],[119.963056,4.924722],[119.959722,4.921389],[119.955833,4.921111],[119.96,4.924722],[119.96,4.925833]],[[119.823161,4.921471],[119.82255,4.916596],[119.817932,4.909573],[119.819443,4.907173],[119.825014,4.905615],[119.826764,4.912882],[119.825706,4.915774],[119.829794,4.917624],[119.841432,4.908504],[119.848095,4.900314],[119.851991,4.89931],[119.852506,4.897457],[119.850136,4.893316],[119.853348,4.86556],[119.851732,4.863899],[119.846143,4.864325],[119.835701,4.860705],[119.82443,4.855219],[119.8065,4.853405],[119.802811,4.856378],[119.800579,4.861179],[119.796011,4.88042],[119.791976,4.889382],[119.789404,4.907944],[119.789667,4.919293],[119.792842,4.923639],[119.797524,4.924915],[119.820462,4.924099],[119.823161,4.921471]],[[119.948333,4.914444],[119.948611,4.913056],[119.945278,4.910556],[119.945278,4.911944],[119.948333,4.914444]],[[119.937222,4.905],[119.940278,4.908056],[119.944167,4.909167],[119.944444,4.905],[119.937222,4.905]],[[119.929722,4.900833],[119.931944,4.9025],[119.932778,4.899444],[119.930555,4.8975],[119.931389,4.894722],[119.929722,4.896389],[119.929722,4.900833]],[[119.933611,4.900556],[119.934167,4.900833],[119.933889,4.9],[119.933611,4.900556]],[[119.497178,4.826134],[119.498569,4.810284],[119.506531,4.772263],[119.506588,4.750177],[119.497626,4.718502],[119.494515,4.714417],[119.493114,4.706092],[119.483158,4.67896],[119.481825,4.667758],[119.477996,4.665354],[119.476654,4.658299],[119.469473,4.652814],[119.463483,4.644132],[119.458355,4.64196],[119.455167,4.644585],[119.454631,4.65053],[119.45847,4.660313],[119.454708,4.663288],[119.454303,4.675595],[119.456176,4.679005],[119.455467,4.685622],[119.4654,4.743827],[119.465672,4.790697],[119.459307,4.831547],[119.453777,4.844647],[119.445966,4.880423],[119.445067,4.9072],[119.448818,4.91264],[119.457618,4.913196],[119.462834,4.907556],[119.478945,4.876649],[119.497178,4.826134]],[[119.827211,4.792618],[119.816063,4.796717],[119.810648,4.801155],[119.808667,4.805964],[119.807858,4.815877],[119.810708,4.819815],[119.821373,4.823103],[119.832908,4.822236],[119.846378,4.811086],[119.853877,4.811064],[119.865908,4.805185],[119.86819,4.801297],[119.868749,4.797406],[119.867343,4.794792],[119.862236,4.792214],[119.841242,4.789929],[119.827211,4.792618]],[[119.456254,4.642111],[119.458028,4.641163],[119.458354,4.639071],[119.455014,4.641033],[119.456254,4.642111]],[[119.386824,4.639849],[119.387096,4.637918],[119.38467,4.63664],[119.384611,4.638258],[119.386824,4.639849]],[[118.580736,4.63798],[118.586362,4.633426],[118.587086,4.628586],[118.585395,4.624395],[118.5786,4.619533],[118.570788,4.621581],[118.565414,4.618217],[118.560287,4.610621],[118.557957,4.595256],[118.552692,4.588686],[118.549462,4.591473],[118.54269,4.60958],[118.544546,4.613594],[118.541643,4.616732],[118.53632,4.616042],[118.531216,4.610574],[118.529578,4.604519],[118.533943,4.601423],[118.533247,4.596785],[118.514492,4.596342],[118.504919,4.603292],[118.500196,4.604382],[118.494295,4.609249],[118.488451,4.610693],[118.479089,4.617268],[118.475554,4.61685],[118.470997,4.613378],[118.466492,4.605716],[118.460169,4.606337],[118.454325,4.611257],[118.447678,4.608642],[118.448508,4.613263],[118.444421,4.618694],[118.444035,4.623197],[118.438355,4.628876],[118.426857,4.628372],[118.422399,4.631669],[118.418062,4.632175],[118.411108,4.629622],[118.408429,4.633062],[118.38907,4.640875],[118.381163,4.641298],[118.378846,4.644209],[118.371125,4.647849],[118.365616,4.647976],[118.352412,4.64377],[118.339482,4.645436],[118.324486,4.652781],[118.320655,4.657506],[118.330051,4.664274],[118.336844,4.665775],[118.340552,4.663807],[118.340378,4.665611],[118.344103,4.667244],[118.353757,4.667102],[118.370634,4.662467],[118.390458,4.665657],[118.396957,4.6627],[118.400101,4.666245],[118.404968,4.661086],[118.415936,4.663999],[118.429397,4.663255],[118.431451,4.665263],[118.43232,4.66999],[118.426852,4.673438],[118.426757,4.676628],[118.42369,4.675922],[118.424987,4.679287],[118.423513,4.682727],[118.426322,4.683609],[118.427047,4.680372],[118.429943,4.680043],[118.430439,4.683332],[118.434499,4.682863],[118.436299,4.684304],[118.437147,4.690957],[118.439197,4.687284],[118.441749,4.689557],[118.446914,4.698693],[118.460078,4.70028],[118.46576,4.694126],[118.462996,4.688475],[118.46371,4.686317],[118.473039,4.676452],[118.476563,4.675223],[118.481542,4.677395],[118.484848,4.675451],[118.489729,4.676325],[118.486151,4.674287],[118.48426,4.668952],[118.489045,4.659361],[118.492002,4.66162],[118.494405,4.659498],[118.493994,4.649704],[118.496807,4.641097],[118.501424,4.641237],[118.506203,4.646065],[118.506606,4.659733],[118.509205,4.661594],[118.511013,4.659755],[118.514406,4.661773],[118.520317,4.655516],[118.518963,4.648942],[118.535216,4.645843],[118.540295,4.651746],[118.539324,4.655585],[118.540465,4.656811],[118.547002,4.655168],[118.551372,4.64791],[118.563479,4.644193],[118.568901,4.63845],[118.572443,4.640694],[118.573544,4.638897],[118.580736,4.63798]],[[118.79152,4.634391],[118.791929,4.636464],[118.793661,4.635725],[118.793295,4.633791],[118.79152,4.634391]],[[119.384985,4.634851],[119.386198,4.63323],[119.384557,4.629057],[119.3816,4.629926],[119.380832,4.630957],[119.384985,4.634851]],[[118.755189,4.627548],[118.766846,4.627805],[118.770897,4.626166],[118.775193,4.622877],[118.776372,4.617607],[118.782077,4.613424],[118.778408,4.60977],[118.772774,4.607926],[118.767707,4.616209],[118.757954,4.617786],[118.748247,4.623817],[118.746408,4.623001],[118.744433,4.61649],[118.739486,4.613754],[118.737192,4.610453],[118.725297,4.602734],[118.722029,4.602726],[118.721573,4.605341],[118.724869,4.614661],[118.734011,4.625281],[118.739804,4.62854],[118.745091,4.627974],[118.751345,4.631162],[118.755189,4.627548]],[[119.383055,4.6175],[119.382222,4.622778],[119.384444,4.626111],[119.391944,4.6225],[119.390833,4.615833],[119.385278,4.615833],[119.383055,4.6175]],[[118.782634,4.612551],[118.788998,4.609111],[118.794009,4.603502],[118.791209,4.598291],[118.790115,4.589437],[118.786236,4.586247],[118.780209,4.587468],[118.779905,4.592029],[118.782176,4.597357],[118.781209,4.607375],[118.782634,4.612551]],[[119.47009,4.602679],[119.471744,4.598639],[119.470084,4.597838],[119.467291,4.599062],[119.47009,4.602679]],[[118.863735,4.599542],[118.867263,4.595918],[118.867273,4.592505],[118.862167,4.593804],[118.8619,4.596643],[118.863735,4.599542]],[[119.4675,4.592778],[119.469167,4.593056],[119.470833,4.59],[119.466389,4.586944],[119.465556,4.588333],[119.4675,4.592778]],[[118.945966,4.591099],[118.945546,4.587995],[118.945266,4.587995],[118.944902,4.591136],[118.945966,4.591099]],[[118.520269,4.584055],[118.519459,4.57945],[118.516618,4.585413],[118.517289,4.587582],[118.520269,4.584055]],[[118.915087,4.583862],[118.915373,4.582262],[118.91627,4.576773],[118.913847,4.579551],[118.915087,4.583862]],[[118.946737,4.577716],[118.946945,4.58231],[118.950415,4.575988],[118.950475,4.570942],[118.946737,4.577716]],[[118.578868,4.563781],[118.579581,4.551525],[118.578107,4.549487],[118.570892,4.548066],[118.564672,4.550426],[118.554214,4.548371],[118.559798,4.542805],[118.558152,4.539543],[118.547635,4.538452],[118.529303,4.532396],[118.522794,4.53244],[118.520538,4.534459],[118.519706,4.539291],[118.522807,4.542225],[118.529484,4.545728],[118.534739,4.544853],[118.534357,4.548093],[118.55535,4.555553],[118.566045,4.562316],[118.565686,4.56619],[118.5674,4.564468],[118.571231,4.564733],[118.575206,4.560329],[118.573267,4.567084],[118.575089,4.570313],[118.572588,4.572074],[118.574182,4.573269],[118.573493,4.575382],[118.576345,4.575348],[118.578067,4.578379],[118.580593,4.579271],[118.582294,4.575261],[118.578868,4.563781]],[[118.592787,4.553284],[118.597587,4.555276],[118.603462,4.564905],[118.606579,4.566685],[118.611376,4.565457],[118.613364,4.559967],[118.610444,4.55566],[118.592787,4.553284]],[[118.659714,4.554992],[118.659469,4.558213],[118.662841,4.562469],[118.665919,4.562809],[118.669526,4.560148],[118.661805,4.555264],[118.659714,4.554992]],[[118.919684,4.557385],[118.921159,4.55681],[118.921059,4.552372],[118.919684,4.557385]],[[118.840371,4.532823],[118.846205,4.532022],[118.855103,4.525689],[118.849498,4.524763],[118.840371,4.532823]],[[118.503333,4.532222],[118.504167,4.515833],[118.503055,4.513889],[118.492222,4.514167],[118.480556,4.519444],[118.478611,4.521944],[118.479722,4.530833],[118.484444,4.5375],[118.490556,4.551944],[118.495278,4.555833],[118.500278,4.555278],[118.505,4.551111],[118.505556,4.543056],[118.503333,4.532222]],[[118.48315,4.517413],[118.486048,4.51188],[118.479674,4.509226],[118.476555,4.517012],[118.477861,4.519311],[118.48315,4.517413]],[[118.509856,4.568133],[118.502471,4.56715],[118.496716,4.570313],[118.494474,4.572283],[118.493787,4.576964],[118.495191,4.578127],[118.504971,4.576421],[118.509389,4.572585],[118.509856,4.568133]],[[118.695222,4.573016],[118.693828,4.574647],[118.696489,4.579572],[118.700165,4.576768],[118.698138,4.573765],[118.695222,4.573016]],[[118.721664,4.601068],[118.722574,4.596624],[118.718538,4.595624],[118.718992,4.59919],[118.721664,4.601068]],[[118.565977,4.600816],[118.564932,4.600307],[118.563357,4.60138],[118.564487,4.602245],[118.565977,4.600816]],[[118.686226,4.602096],[118.687325,4.608024],[118.689514,4.605056],[118.688659,4.601894],[118.686226,4.602096]],[[118.506339,4.590832],[118.505381,4.589308],[118.504584,4.58918],[118.505146,4.590544],[118.506339,4.590832]],[[118.336027,4.63853],[118.330253,4.639628],[118.330557,4.646591],[118.337148,4.643699],[118.336027,4.63853]],[[118.346001,4.639327],[118.346311,4.641501],[118.347793,4.639751],[118.346001,4.639327]],[[118.377217,4.671355],[118.377611,4.668312],[118.375389,4.672497],[118.377217,4.671355]],[[118.420958,4.689623],[118.426477,4.687619],[118.423443,4.684746],[118.416958,4.687117],[118.417951,4.690007],[118.412267,4.689355],[118.407743,4.691046],[118.40744,4.693544],[118.411019,4.697646],[118.409135,4.701584],[118.40609,4.700784],[118.40488,4.695041],[118.401592,4.693149],[118.396361,4.695895],[118.397238,4.699869],[118.392954,4.700588],[118.391002,4.698395],[118.389149,4.700736],[118.392276,4.703462],[118.396552,4.703943],[118.397499,4.709637],[118.407318,4.708689],[118.411004,4.711],[118.412246,4.706916],[118.416726,4.705603],[118.420677,4.698154],[118.4314,4.696576],[118.431566,4.692543],[118.429587,4.690594],[118.425401,4.691324],[118.420958,4.689623]],[[118.450009,4.705231],[118.446668,4.710239],[118.449213,4.714436],[118.449169,4.718835],[118.452639,4.721475],[118.459124,4.720675],[118.459579,4.726106],[118.464609,4.719216],[118.477379,4.719321],[118.473047,4.715588],[118.468721,4.715488],[118.463407,4.709403],[118.462807,4.705082],[118.46051,4.705647],[118.458428,4.703772],[118.454631,4.706913],[118.450009,4.705231]],[[118.229189,4.726215],[118.230058,4.728469],[118.230678,4.727045],[118.229189,4.726215]],[[119.40734,4.728088],[119.403657,4.7306],[119.405867,4.737404],[119.393508,4.738593],[119.388269,4.744021],[119.400843,4.752067],[119.398582,4.757696],[119.399536,4.759114],[119.411141,4.765206],[119.410693,4.772374],[119.41618,4.776088],[119.417818,4.780277],[119.417018,4.783843],[119.421387,4.788225],[119.42313,4.784451],[119.420195,4.769256],[119.420967,4.761858],[119.418921,4.737373],[119.412777,4.699929],[119.410392,4.693885],[119.410942,4.688941],[119.407177,4.685234],[119.406482,4.67485],[119.405139,4.673039],[119.406041,4.670617],[119.404017,4.670423],[119.401042,4.667094],[119.393034,4.670292],[119.394125,4.674058],[119.391693,4.676721],[119.393309,4.682684],[119.396626,4.685972],[119.394742,4.689556],[119.396564,4.692036],[119.393245,4.702122],[119.402458,4.70644],[119.40145,4.709236],[119.40734,4.728088]],[[118.210052,4.72977],[118.208249,4.730989],[118.209107,4.731097],[118.210052,4.72977]],[[118.519122,4.746747],[118.51641,4.743762],[118.514502,4.744019],[118.516473,4.749411],[118.519122,4.746747]],[[118.490697,4.754686],[118.492094,4.752096],[118.489487,4.751519],[118.489342,4.753745],[118.490697,4.754686]],[[118.391646,4.758157],[118.390402,4.756468],[118.387112,4.756184],[118.386002,4.759755],[118.380276,4.763504],[118.384963,4.77051],[118.381114,4.77553],[118.382407,4.777673],[118.38579,4.774997],[118.388161,4.767703],[118.391204,4.763757],[118.391646,4.758157]],[[118.311294,4.774143],[118.305385,4.768925],[118.302842,4.76956],[118.304815,4.773773],[118.311088,4.775726],[118.311294,4.774143]],[[119.244494,4.771821],[119.245376,4.774066],[119.246985,4.772423],[119.246156,4.771667],[119.244494,4.771821]],[[118.484402,4.761191],[118.485616,4.762378],[118.487956,4.76087],[118.487121,4.760456],[118.484402,4.761191]],[[118.381678,4.780897],[118.378658,4.780512],[118.38142,4.782562],[118.380491,4.785227],[118.383379,4.789152],[118.381843,4.79404],[118.37918,4.793163],[118.378701,4.789448],[118.374823,4.787875],[118.373397,4.78385],[118.372348,4.787008],[118.369625,4.788146],[118.371997,4.789668],[118.372928,4.795018],[118.36501,4.800845],[118.35966,4.802348],[118.357564,4.806921],[118.359872,4.807498],[118.368992,4.801625],[118.373974,4.802112],[118.378133,4.806167],[118.380825,4.804198],[118.398281,4.799977],[118.407295,4.790916],[118.413723,4.790149],[118.417743,4.784276],[118.414283,4.780971],[118.411603,4.787084],[118.405556,4.787316],[118.403923,4.790985],[118.399769,4.788038],[118.390062,4.789406],[118.381678,4.780897]],[[118.310289,4.782931],[118.308952,4.785698],[118.311614,4.790206],[118.313599,4.785733],[118.310289,4.782931]],[[118.293655,4.788206],[118.289594,4.783641],[118.288155,4.785586],[118.284873,4.785707],[118.288704,4.787377],[118.287953,4.79047],[118.28919,4.790991],[118.293672,4.791192],[118.293655,4.788206]],[[118.311297,4.79579],[118.303069,4.79736],[118.303624,4.798769],[118.309904,4.79836],[118.308643,4.799789],[118.311113,4.802599],[118.309215,4.804708],[118.310548,4.807648],[118.30968,4.810019],[118.319289,4.806703],[118.326762,4.799001],[118.32593,4.797436],[118.319998,4.799078],[118.311297,4.79579]],[[119.208889,4.669167],[119.206944,4.668333],[119.205833,4.669722],[119.207778,4.670833],[119.208889,4.669167]],[[119.031418,4.711482],[119.03297,4.709108],[119.032278,4.707979],[119.030293,4.709816],[119.031418,4.711482]],[[119.146924,4.722098],[119.148099,4.720795],[119.147639,4.716903],[119.145229,4.721371],[119.146924,4.722098]],[[119.234722,4.727222],[119.238889,4.7275],[119.236944,4.725556],[119.234722,4.727222]],[[118.539772,4.662153],[118.541786,4.664706],[118.543775,4.66334],[118.543815,4.660848],[118.540668,4.659609],[118.539772,4.662153]],[[118.658942,4.652483],[118.659154,4.650261],[118.65712,4.649203],[118.658942,4.652483]],[[119.392931,4.651254],[119.395149,4.650698],[119.395426,4.649585],[119.393347,4.650072],[119.392931,4.651254]],[[119.39346,4.648958],[119.39743,4.648804],[119.399746,4.644408],[119.399457,4.64251],[119.395758,4.640038],[119.391654,4.642053],[119.389694,4.649423],[119.391157,4.650949],[119.39346,4.648958]],[[118.276554,4.823031],[118.281871,4.81941],[118.286273,4.818657],[118.291134,4.814286],[118.288706,4.812464],[118.276739,4.818774],[118.274216,4.820466],[118.276554,4.823031]],[[119.414167,4.865],[119.416945,4.851389],[119.416111,4.846111],[119.412778,4.848611],[119.408889,4.857222],[119.411111,4.866111],[119.414167,4.865]],[[119.404432,4.896428],[119.409558,4.882235],[119.409697,4.874582],[119.404917,4.875695],[119.393209,4.891558],[119.390299,4.891906],[119.387547,4.898368],[119.390438,4.900463],[119.390271,4.904],[119.397221,4.906512],[119.401778,4.9013],[119.404016,4.90102],[119.404432,4.896428]],[[118.171111,4.900779],[118.170092,4.901659],[118.171929,4.907123],[118.173396,4.90597],[118.171111,4.900779]],[[119.402815,4.904172],[119.409116,4.897733],[119.405047,4.897199],[119.406029,4.900234],[119.402815,4.904172]],[[119.7975,4.87],[119.799167,4.866667],[119.80007,4.861111],[119.7975,4.87]],[[118.26654,4.921071],[118.266073,4.921875],[118.267166,4.923067],[118.26654,4.921071]],[[118.200511,4.924261],[118.20042,4.930136],[118.202912,4.931327],[118.203662,4.924946],[118.200511,4.924261]],[[118.226067,4.931996],[118.229214,4.932424],[118.229436,4.930663],[118.226067,4.931996]],[[118.233733,4.933063],[118.235578,4.925328],[118.233987,4.923841],[118.230929,4.92878],[118.233733,4.933063]],[[118.223624,4.932811],[118.216874,4.939112],[118.217575,4.940886],[118.223606,4.936803],[118.223624,4.932811]],[[118.212871,4.940049],[118.210786,4.938603],[118.209163,4.940451],[118.2104,4.941944],[118.212871,4.940049]],[[118.259448,4.94311],[118.252656,4.945904],[118.25192,4.94793],[118.25858,4.947414],[118.259448,4.94311]],[[118.304885,4.950218],[118.309795,4.948823],[118.310069,4.946926],[118.304885,4.950218]],[[118.297766,4.949936],[118.298341,4.953208],[118.299166,4.950312],[118.297766,4.949936]],[[118.296306,4.949889],[118.294515,4.949928],[118.294238,4.951807],[118.29552,4.952155],[118.296306,4.949889]],[[118.307467,4.951875],[118.303764,4.952226],[118.304778,4.955163],[118.303567,4.958345],[118.30537,4.96257],[118.31011,4.966745],[118.313623,4.974639],[118.317761,4.972515],[118.315526,4.966221],[118.319781,4.963636],[118.325485,4.967385],[118.332907,4.96603],[118.335482,4.967448],[118.334432,4.970793],[118.328592,4.971054],[118.324685,4.976721],[118.326955,4.979395],[118.323189,4.979931],[118.324488,4.985624],[118.326979,4.986403],[118.325685,4.989221],[118.331511,4.990238],[118.333573,4.991714],[118.335158,4.990197],[118.34174,4.992217],[118.34591,4.991158],[118.345556,4.98984],[118.34128,4.989737],[118.345662,4.987419],[118.341874,4.982728],[118.344778,4.984076],[118.345781,4.977152],[118.351845,4.986182],[118.353346,4.981506],[118.355601,4.98564],[118.358794,4.985628],[118.358087,4.978285],[118.360497,4.978549],[118.362612,4.976179],[118.365248,4.976711],[118.362957,4.980632],[118.365178,4.981289],[118.36685,4.977944],[118.382309,4.981784],[118.386301,4.97862],[118.383801,4.975424],[118.377825,4.972443],[118.360739,4.966871],[118.347301,4.959014],[118.332426,4.954103],[118.328261,4.950214],[118.320783,4.951275],[118.319832,4.95315],[118.318215,4.950875],[118.311788,4.948585],[118.307467,4.951875]],[[118.306654,4.968697],[118.308593,4.967615],[118.308431,4.966393],[118.305555,4.967086],[118.306654,4.968697]],[[118.318611,4.972737],[118.315222,4.976011],[118.316709,4.97663],[118.322334,4.973771],[118.321501,4.972369],[118.318611,4.972737]],[[118.315539,4.989712],[118.314722,4.987222],[118.312874,4.988062],[118.313889,4.989722],[118.315539,4.989712]],[[118.331941,4.990975],[118.329367,4.990871],[118.329932,4.992548],[118.331941,4.990975]],[[118.369001,4.981688],[118.369703,4.980262],[118.367804,4.979647],[118.369001,4.981688]],[[118.323209,4.949455],[118.323313,4.949129],[118.32096,4.947668],[118.323209,4.949455]],[[118.299426,4.946941],[118.301177,4.943423],[118.298993,4.944894],[118.299426,4.946941]],[[118.287463,4.970096],[118.290719,4.96521],[118.290314,4.963744],[118.283684,4.965996],[118.287463,4.970096]],[[118.291557,4.982299],[118.291323,4.980936],[118.290793,4.980853],[118.290172,4.981632],[118.291557,4.982299]],[[118.235574,4.965618],[118.235183,4.96732],[118.236935,4.966728],[118.235574,4.965618]],[[118.492321,4.482955],[118.491874,4.487717],[118.495517,4.488768],[118.500597,4.486475],[118.50162,4.481396],[118.492321,4.482955]],[[118.597808,4.498498],[118.598515,4.499939],[118.599692,4.497583],[118.597808,4.498498]],[[118.628186,4.497543],[118.629251,4.499721],[118.632579,4.499691],[118.650239,4.491422],[118.672328,4.495312],[118.67317,4.490563],[118.681065,4.490932],[118.684003,4.485703],[118.68288,4.481827],[118.684662,4.481571],[118.684533,4.479503],[118.686947,4.477931],[118.688927,4.47868],[118.689161,4.473718],[118.692099,4.474356],[118.693331,4.471231],[118.702153,4.473678],[118.708888,4.468869],[118.713384,4.46824],[118.713711,4.470957],[118.716883,4.472497],[118.720161,4.463904],[118.728915,4.46154],[118.730743,4.459249],[118.730738,4.462335],[118.732906,4.460768],[118.734203,4.454466],[118.732965,4.452061],[118.735278,4.450734],[118.737583,4.454369],[118.740137,4.450656],[118.7402,4.465071],[118.737939,4.468468],[118.732697,4.471066],[118.739535,4.470145],[118.742492,4.467449],[118.744519,4.457601],[118.754156,4.456049],[118.740415,4.442328],[118.733018,4.439805],[118.72507,4.439944],[118.720491,4.435563],[118.712645,4.435866],[118.709749,4.437866],[118.692142,4.442258],[118.68714,4.442281],[118.687006,4.440894],[118.683491,4.442104],[118.685202,4.439561],[118.672174,4.425469],[118.668885,4.425944],[118.667319,4.423549],[118.664282,4.425214],[118.662442,4.424313],[118.658973,4.418782],[118.649145,4.413933],[118.646351,4.41595],[118.643994,4.415352],[118.642655,4.416273],[118.642764,4.420732],[118.650509,4.428065],[118.649171,4.429257],[118.652434,4.432464],[118.654894,4.44049],[118.656784,4.442049],[118.65338,4.447745],[118.655517,4.449658],[118.653208,4.450215],[118.654557,4.451992],[118.651973,4.452024],[118.645736,4.459792],[118.637181,4.463328],[118.638252,4.46517],[118.636499,4.46873],[118.63315,4.470447],[118.630415,4.476465],[118.627619,4.476641],[118.625804,4.485014],[118.629727,4.483678],[118.628517,4.48634],[118.631219,4.486729],[118.633315,4.484971],[118.63304,4.48675],[118.635568,4.486089],[118.635936,4.488043],[118.637378,4.486502],[118.638228,4.488092],[118.63515,4.492437],[118.626296,4.493227],[118.627409,4.495649],[118.629859,4.495127],[118.628186,4.497543]],[[118.677761,4.495343],[118.679619,4.494684],[118.680211,4.493258],[118.678396,4.493519],[118.677761,4.495343]],[[118.6838,4.48774],[118.683056,4.491111],[118.685555,4.488889],[118.6838,4.48774]],[[118.689167,4.488611],[118.690278,4.489722],[118.695,4.487778],[118.691944,4.485],[118.689167,4.488611]],[[118.687483,4.486514],[118.686761,4.48607],[118.685587,4.487247],[118.687483,4.486514]],[[118.715,4.481944],[118.716111,4.483264],[118.7175,4.483055],[118.716389,4.481389],[118.715,4.481944]],[[118.932495,4.476357],[118.935887,4.473841],[118.939557,4.46717],[118.932266,4.472834],[118.932495,4.476357]],[[118.752575,4.427424],[118.753569,4.428331],[118.761659,4.426964],[118.767631,4.424624],[118.768392,4.422289],[118.764199,4.419603],[118.762856,4.416028],[118.757567,4.415214],[118.760628,4.417905],[118.760771,4.420059],[118.756116,4.421605],[118.752575,4.427424]],[[118.663611,4.421667],[118.6625,4.422222],[118.664855,4.423372],[118.663611,4.421667]],[[118.577885,4.488393],[118.578094,4.491184],[118.580158,4.489175],[118.577885,4.488393]],[[118.649436,4.388299],[118.654535,4.391936],[118.661221,4.391956],[118.66433,4.38972],[118.662744,4.386408],[118.656909,4.383707],[118.647547,4.382892],[118.649436,4.388299]],[[118.597965,4.372021],[118.60297,4.373251],[118.6053,4.370377],[118.598503,4.367062],[118.597167,4.369158],[118.597965,4.372021]],[[118.582908,4.354422],[118.58426,4.358611],[118.588571,4.360502],[118.592583,4.365278],[118.594034,4.36476],[118.596646,4.360337],[118.595887,4.358093],[118.582908,4.354422]],[[118.569167,4.346403],[118.571279,4.346501],[118.571146,4.342433],[118.56416,4.337781],[118.56532,4.341764],[118.569167,4.346403]],[[118.360334,4.319323],[118.351922,4.313953],[118.34684,4.322862],[118.339913,4.322413],[118.33253,4.327719],[118.332158,4.330277],[118.337645,4.336135],[118.340432,4.343161],[118.350955,4.338866],[118.352131,4.329661],[118.360334,4.319323]],[[118.869635,4.317831],[118.875979,4.314385],[118.875027,4.310792],[118.867325,4.312277],[118.869635,4.317831]],[[118.862575,4.305561],[118.856343,4.302011],[118.853511,4.306563],[118.85941,4.313172],[118.862575,4.305561]],[[118.318129,4.371997],[118.327631,4.364706],[118.339343,4.360177],[118.344825,4.3514],[118.345086,4.348323],[118.342345,4.348689],[118.337461,4.355718],[118.332643,4.356403],[118.326267,4.353871],[118.321668,4.356425],[118.31917,4.359565],[118.317637,4.367549],[118.315117,4.371778],[118.318129,4.371997]],[[118.632848,4.254305],[118.633889,4.254167],[118.633611,4.253126],[118.632848,4.254305]],[[118.630479,4.243313],[118.627323,4.246783],[118.627581,4.248454],[118.633662,4.245285],[118.63258,4.243141],[118.630479,4.243313]],[[125.318333,4.231389],[125.317015,4.235068],[125.319722,4.2375],[125.33127,4.234818],[125.332102,4.231479],[125.329444,4.226944],[125.324722,4.226944],[125.318333,4.231389]],[[117.789861,4.21875],[117.800278,4.215],[117.808056,4.206389],[117.819722,4.1975],[117.829722,4.194444],[117.836111,4.196111],[117.840278,4.1925],[117.843333,4.193611],[117.867222,4.186389],[117.883889,4.185278],[117.891111,4.175555],[117.903889,4.164722],[117.904167,4.160833],[117.907778,4.155],[117.914167,4.150278],[117.916389,4.145],[117.920555,4.140833],[117.924444,4.133055],[117.925833,4.125],[117.920278,4.101667],[117.918889,4.100556],[117.917222,4.085833],[117.919444,4.076111],[117.926389,4.063611],[117.914722,4.051667],[117.912222,4.045833],[117.905278,4.040555],[117.9,4.042778],[117.891667,4.041944],[117.883055,4.037222],[117.880833,4.034167],[117.861389,4.029444],[117.8525,4.033611],[117.8475,4.0375],[117.839167,4.048056],[117.8225,4.058333],[117.811389,4.069722],[117.803333,4.074167],[117.799167,4.074444],[117.774444,4.088333],[117.765556,4.094444],[117.756111,4.103889],[117.748889,4.106667],[117.738055,4.116389],[117.730556,4.120833],[117.723056,4.128055],[117.711389,4.143333],[117.701667,4.1525],[117.689167,4.159722],[117.681944,4.166944],[117.680555,4.170278],[117.673889,4.169722],[117.67,4.171944],[117.666667,4.175833],[117.666111,4.18],[117.658056,4.181667],[117.653889,4.184167],[117.651944,4.188611],[117.647222,4.191111],[117.637222,4.200833],[117.628333,4.204444],[117.625141,4.214097],[117.626667,4.221111],[117.6325,4.227778],[117.643333,4.236667],[117.658889,4.245833],[117.6725,4.262222],[117.682778,4.265833],[117.691667,4.266389],[117.696667,4.264444],[117.696944,4.261944],[117.723056,4.263055],[117.733611,4.2625],[117.735,4.261667],[117.733889,4.259444],[117.753055,4.259167],[117.763333,4.248055],[117.776111,4.243611],[117.779444,4.238889],[117.778889,4.229722],[117.780278,4.224722],[117.789861,4.21875]],[[118.626826,4.115435],[118.62805,4.117509],[118.630594,4.11445],[118.629331,4.112159],[118.626826,4.115435]],[[117.738092,4.02968],[117.731383,4.020329],[117.726878,4.010413],[117.721762,3.986576],[117.712456,3.981723],[117.697516,3.977736],[117.675595,3.966405],[117.665115,3.967142],[117.655478,3.974153],[117.638744,3.980426],[117.623379,3.989993],[117.602361,4.011157],[117.599667,4.03303],[117.595467,4.047549],[117.593633,4.065938],[117.590274,4.074121],[117.589471,4.082697],[117.591739,4.087282],[117.602136,4.098301],[117.615727,4.119839],[117.630155,4.136125],[117.653592,4.14725],[117.668454,4.144781],[117.690171,4.12219],[117.715123,4.092634],[117.725751,4.083705],[117.731259,4.076786],[117.752149,4.061826],[117.752551,4.059232],[117.743307,4.033885],[117.738092,4.02968]],[[117.57724,3.970006],[117.584518,3.95852],[117.590617,3.944691],[117.599031,3.933344],[117.621428,3.924916],[117.626764,3.921785],[117.629734,3.918018],[117.638934,3.913301],[117.665847,3.910786],[117.678296,3.912884],[117.682115,3.91616],[117.68413,3.91552],[117.687487,3.902778],[117.682338,3.887274],[117.661284,3.890276],[117.623832,3.883679],[117.601851,3.882533],[117.589406,3.890206],[117.578188,3.905831],[117.567962,3.916252],[117.548659,3.925441],[117.535681,3.928782],[117.526145,3.929379],[117.515969,3.92554],[117.503132,3.917344],[117.495572,3.916295],[117.480449,3.923337],[117.461694,3.929473],[117.458301,3.933425],[117.457705,3.938177],[117.466552,3.958566],[117.463215,3.967202],[117.456705,3.977305],[117.456247,3.986189],[117.450432,3.992282],[117.443482,4.004997],[117.464322,4.030417],[117.480504,4.038348],[117.495408,4.052319],[117.498907,4.053119],[117.511834,4.039913],[117.52337,4.033398],[117.521619,4.023816],[117.518196,4.022351],[117.505677,4.023408],[117.495899,4.021517],[117.489978,4.02564],[117.486541,4.02555],[117.482147,4.018973],[117.479692,4.018881],[117.474153,4.024686],[117.467603,4.025361],[117.464311,4.021927],[117.465991,4.014458],[117.462083,4.008928],[117.46242,4.006964],[117.46657,4.013284],[117.465595,4.02141],[117.467938,4.024363],[117.474316,4.023129],[117.479175,4.018046],[117.482818,4.018118],[117.486239,4.024016],[117.487943,4.02449],[117.496693,4.019884],[117.5072,4.022528],[117.520185,4.021234],[117.523598,4.023502],[117.528008,4.030332],[117.531062,4.03106],[117.545186,4.017998],[117.548204,4.011509],[117.5501,3.998243],[117.554572,3.986386],[117.567786,3.975595],[117.571452,3.969828],[117.571596,3.966165],[117.568707,3.958499],[117.561806,3.960027],[117.555037,3.955543],[117.554644,3.95237],[117.558113,3.945901],[117.561404,3.944053],[117.556433,3.95155],[117.556122,3.954521],[117.560738,3.958397],[117.568738,3.957002],[117.574107,3.968122],[117.57724,3.970006]],[[125.388526,3.916263],[125.390483,3.914432],[125.391388,3.90755],[125.387078,3.907518],[125.384192,3.909738],[125.38408,3.912488],[125.388526,3.916263]],[[117.481966,4.048611],[117.479334,4.048054],[117.478225,4.052855],[117.480858,4.056264],[117.48259,4.063012],[117.495752,4.063917],[117.497554,4.062804],[117.495337,4.059603],[117.493258,4.060786],[117.487993,4.057794],[117.481966,4.048611]],[[117.563922,4.105521],[117.55353,4.098355],[117.547988,4.101764],[117.537458,4.104686],[117.535934,4.1154],[117.546304,4.133783],[117.550667,4.137746],[117.546279,4.132254],[117.548222,4.129997],[117.547908,4.131945],[117.550365,4.130535],[117.549847,4.132762],[117.553731,4.133067],[117.55233,4.136074],[117.553457,4.137428],[117.550959,4.138068],[117.570657,4.144419],[117.57317,4.143807],[117.56929,4.143306],[117.570157,4.140725],[117.57265,4.141895],[117.573396,4.140274],[117.573414,4.142203],[117.576518,4.14109],[117.576733,4.143012],[117.57847,4.143058],[117.578488,4.141611],[117.582627,4.141142],[117.582765,4.138499],[117.586298,4.137316],[117.588152,4.140787],[117.585661,4.141913],[117.586486,4.143304],[117.588167,4.142742],[117.589273,4.141069],[117.587268,4.136551],[117.579509,4.123888],[117.563922,4.105521]],[[117.577031,4.144963],[117.582091,4.144721],[117.579008,4.144385],[117.577031,4.144963]],[[117.619374,4.15852],[117.598428,4.171044],[117.589311,4.178704],[117.580264,4.182168],[117.570016,4.182632],[117.562844,4.18064],[117.555959,4.175639],[117.553596,4.175885],[117.549983,4.170401],[117.544685,4.169991],[117.542593,4.174275],[117.544359,4.188298],[117.539497,4.203261],[117.541291,4.206099],[117.546806,4.203725],[117.551017,4.204844],[117.552164,4.222286],[117.557299,4.222722],[117.573287,4.206075],[117.585981,4.199532],[117.601118,4.195345],[117.605646,4.189909],[117.609341,4.190049],[117.611949,4.186229],[117.613959,4.185984],[117.623186,4.16908],[117.62258,4.160648],[117.619374,4.15852]],[[117.548889,4.222222],[117.5475,4.217222],[117.548889,4.207222],[117.547222,4.206389],[117.536389,4.213889],[117.535556,4.220278],[117.5375,4.2275],[117.533611,4.236111],[117.536389,4.238889],[117.542222,4.239722],[117.556111,4.251667],[117.563889,4.254167],[117.582222,4.2375],[117.597222,4.229445],[117.602222,4.225],[117.608055,4.216389],[117.607778,4.210833],[117.603055,4.2],[117.595833,4.200278],[117.573889,4.209167],[117.561389,4.223056],[117.555555,4.225833],[117.551667,4.225],[117.548889,4.222222]],[[117.586111,4.240556],[117.567778,4.257222],[117.560833,4.258333],[117.552777,4.267096],[117.553333,4.275],[117.546389,4.282222],[117.546944,4.289722],[117.543611,4.296389],[117.546667,4.300555],[117.547778,4.309167],[117.555,4.315833],[117.558333,4.308333],[117.555278,4.304444],[117.560555,4.307778],[117.573333,4.303611],[117.603611,4.278889],[117.607778,4.278333],[117.615,4.281667],[117.624722,4.281389],[117.638333,4.278611],[117.645278,4.274722],[117.6475,4.271389],[117.651667,4.256944],[117.651111,4.253055],[117.632778,4.243611],[117.619444,4.229722],[117.616667,4.2275],[117.586111,4.240556]],[[117.571111,4.308889],[117.574167,4.314167],[117.581389,4.311944],[117.588333,4.311944],[117.601389,4.315833],[117.603333,4.313333],[117.605,4.302222],[117.610278,4.300555],[117.613889,4.295278],[117.618611,4.294722],[117.628055,4.296667],[117.633333,4.294722],[117.64,4.296111],[117.645833,4.292778],[117.656667,4.281667],[117.658056,4.276111],[117.656389,4.275278],[117.643889,4.281944],[117.628333,4.286111],[117.618611,4.286111],[117.607222,4.282222],[117.603055,4.2825],[117.59,4.295],[117.571111,4.308889]],[[117.628501,4.202178],[117.634529,4.200786],[117.644782,4.190698],[117.63536,4.184924],[117.628501,4.202178]],[[117.629284,4.192658],[117.628692,4.192423],[117.628381,4.196332],[117.629284,4.192658]],[[117.61,4.365],[117.61,4.358055],[117.608055,4.355833],[117.603333,4.355],[117.596111,4.366111],[117.602222,4.365278],[117.606389,4.367778],[117.61,4.365]],[[117.637222,4.382778],[117.631667,4.386111],[117.629444,4.391111],[117.629167,4.397222],[117.630556,4.399722],[117.634722,4.397222],[117.638333,4.398333],[117.649444,4.413889],[117.655,4.405556],[117.656111,4.398889],[117.646667,4.385556],[117.638333,4.384444],[117.637222,4.382778]],[[117.628333,4.3975],[117.620556,4.405278],[117.603333,4.409444],[117.600756,4.411619],[117.602558,4.413984],[117.608889,4.414444],[117.6175,4.408611],[117.626111,4.408056],[117.629444,4.401111],[117.628333,4.3975]],[[117.629722,4.406667],[117.629167,4.411389],[117.634167,4.417222],[117.637778,4.418333],[117.6475,4.414444],[117.635556,4.399167],[117.634167,4.399167],[117.629722,4.406667]],[[117.652222,4.418333],[117.650556,4.424167],[117.648056,4.425833],[117.648889,4.429722],[117.663611,4.430555],[117.675278,4.421389],[117.678333,4.4175],[117.679167,4.4125],[117.673611,4.408611],[117.671951,4.410006],[117.671535,4.415154],[117.668764,4.415711],[117.667517,4.413902],[117.671397,4.413763],[117.671667,4.406667],[117.669444,4.404444],[117.652222,4.418333]],[[117.72005,3.873977],[117.729898,3.876123],[117.734142,3.873884],[117.739511,3.873826],[117.744053,3.87087],[117.746097,3.871597],[117.755234,3.868881],[117.759882,3.865411],[117.772721,3.845765],[117.776361,3.845675],[117.783468,3.839044],[117.783239,3.837418],[117.773861,3.834872],[117.789215,3.83724],[117.788135,3.834602],[117.791005,3.834073],[117.79289,3.831192],[117.800436,3.826537],[117.80437,3.826264],[117.805149,3.825252],[117.803355,3.82451],[117.80694,3.822275],[117.806659,3.820944],[117.810071,3.821767],[117.819418,3.815816],[117.835457,3.794999],[117.833995,3.787514],[117.829238,3.784303],[117.824759,3.78404],[117.812055,3.787231],[117.810408,3.799901],[117.805792,3.805401],[117.800272,3.805834],[117.796129,3.80912],[117.787964,3.811144],[117.782207,3.815439],[117.781029,3.815431],[117.782983,3.812749],[117.789857,3.809212],[117.794487,3.808893],[117.798014,3.805917],[117.806132,3.803959],[117.809882,3.798605],[117.811143,3.791609],[117.81017,3.788566],[117.784639,3.78965],[117.771397,3.795506],[117.757417,3.804479],[117.743121,3.806112],[117.739288,3.809566],[117.73932,3.812408],[117.736307,3.813131],[117.734715,3.819493],[117.737309,3.837794],[117.740914,3.840909],[117.738251,3.840343],[117.73698,3.842316],[117.73647,3.839487],[117.733034,3.843637],[117.733638,3.841211],[117.724347,3.84323],[117.710014,3.860636],[117.72005,3.873977]],[[117.806528,3.781778],[117.813696,3.779395],[117.816177,3.775953],[117.81706,3.770842],[117.816219,3.758175],[117.805521,3.759642],[117.796754,3.758426],[117.786437,3.77006],[117.779795,3.772281],[117.779393,3.778041],[117.780579,3.784347],[117.806528,3.781778]],[[117.74995,3.761791],[117.779819,3.751425],[117.809111,3.753733],[117.815056,3.742054],[117.813591,3.73347],[117.81019,3.730611],[117.806429,3.733614],[117.80809,3.73032],[117.802856,3.731352],[117.797499,3.733994],[117.792326,3.740445],[117.780854,3.742079],[117.771781,3.747727],[117.749016,3.754773],[117.742367,3.758908],[117.746117,3.761917],[117.74995,3.761791]],[[117.814791,3.721051],[117.819476,3.715209],[117.8248,3.712471],[117.826577,3.704659],[117.824312,3.70292],[117.815288,3.703647],[117.79232,3.688665],[117.777991,3.685634],[117.762716,3.696399],[117.752871,3.697086],[117.755624,3.700312],[117.755552,3.704144],[117.758615,3.70641],[117.762663,3.706208],[117.766873,3.712982],[117.762633,3.707847],[117.758554,3.707651],[117.755058,3.705],[117.753111,3.699003],[117.749966,3.699709],[117.744584,3.713047],[117.734901,3.720254],[117.728441,3.732003],[117.730615,3.736475],[117.730646,3.740653],[117.729101,3.742252],[117.729739,3.737994],[117.727448,3.73335],[117.708704,3.727189],[117.702024,3.7292],[117.704841,3.737421],[117.702508,3.741597],[117.699556,3.741881],[117.694427,3.737753],[117.691257,3.737798],[117.688,3.74115],[117.68671,3.747316],[117.685631,3.747019],[117.686958,3.740932],[117.691351,3.736357],[117.694707,3.736358],[117.700585,3.740733],[117.703256,3.738607],[117.703488,3.735631],[117.699962,3.730108],[117.702796,3.726592],[117.70803,3.72552],[117.72511,3.729281],[117.728847,3.727872],[117.731727,3.718996],[117.728191,3.716694],[117.728113,3.71472],[117.732741,3.718261],[117.739462,3.713413],[117.743164,3.708578],[117.744635,3.70022],[117.747975,3.695536],[117.75204,3.692273],[117.764967,3.68744],[117.768478,3.682049],[117.768896,3.676954],[117.765808,3.669661],[117.762798,3.669513],[117.76039,3.665402],[117.764312,3.66287],[117.761562,3.659485],[117.7618,3.65747],[117.756489,3.654184],[117.751005,3.646363],[117.75167,3.643378],[117.74533,3.63815],[117.734221,3.632874],[117.727187,3.632533],[117.724692,3.635788],[117.71969,3.636968],[117.714659,3.641994],[117.716013,3.636269],[117.714367,3.631897],[117.686455,3.626328],[117.675503,3.621624],[117.663422,3.613922],[117.646556,3.620352],[117.589852,3.627857],[117.572076,3.635834],[117.552491,3.647983],[117.539699,3.660038],[117.522031,3.672192],[117.511075,3.682316],[117.501491,3.702347],[117.493508,3.711236],[117.485992,3.716654],[117.4899,3.720231],[117.490502,3.723752],[117.489444,3.725801],[117.483434,3.728088],[117.486232,3.74313],[117.484121,3.747127],[117.478457,3.750348],[117.478121,3.756248],[117.484307,3.765479],[117.495902,3.773417],[117.497792,3.773297],[117.498562,3.766583],[117.501234,3.764796],[117.505924,3.765558],[117.517946,3.773408],[117.521551,3.774207],[117.523932,3.773901],[117.528833,3.766495],[117.531612,3.766103],[117.551507,3.779546],[117.558656,3.782577],[117.564127,3.782813],[117.571078,3.779379],[117.578921,3.779789],[117.590944,3.791574],[117.596387,3.794865],[117.598605,3.79254],[117.598606,3.788381],[117.595076,3.778201],[117.596759,3.774682],[117.599967,3.772658],[117.608789,3.771234],[117.62372,3.776198],[117.628566,3.776199],[117.644696,3.769121],[117.651356,3.768165],[117.655035,3.770488],[117.660742,3.78245],[117.664772,3.784443],[117.673954,3.775229],[117.68791,3.766129],[117.722618,3.754884],[117.814791,3.721051]],[[117.524372,3.61538],[117.541457,3.608787],[117.54844,3.601221],[117.548239,3.589838],[117.549785,3.585695],[117.548271,3.581715],[117.541628,3.581123],[117.528607,3.587797],[117.530748,3.588516],[117.531363,3.594671],[117.529511,3.595285],[117.527632,3.593657],[117.529776,3.58955],[117.528152,3.592004],[117.52589,3.590313],[117.527281,3.596316],[117.524422,3.599192],[117.525607,3.601418],[117.522871,3.600795],[117.521716,3.603315],[117.518653,3.60321],[117.517025,3.600579],[117.516015,3.591873],[117.506913,3.594783],[117.511819,3.607386],[117.51486,3.607673],[117.512184,3.60842],[117.512741,3.60988],[117.519267,3.615513],[117.524372,3.61538]],[[117.79786,3.588823],[117.802357,3.589254],[117.82558,3.57163],[117.831707,3.559059],[117.846137,3.539807],[117.851181,3.53559],[117.85734,3.504843],[117.863309,3.495326],[117.866149,3.484694],[117.873608,3.477311],[117.873734,3.464477],[117.870343,3.454638],[117.866991,3.449837],[117.862806,3.448396],[117.858813,3.451421],[117.845795,3.453624],[117.832032,3.466261],[117.826234,3.473881],[117.824086,3.473663],[117.820604,3.477308],[117.815989,3.476812],[117.799859,3.48942],[117.784799,3.496691],[117.78175,3.499902],[117.771893,3.504781],[117.76557,3.511159],[117.760034,3.513232],[117.757293,3.52472],[117.750733,3.536829],[117.750749,3.54644],[117.752419,3.54821],[117.751422,3.552533],[117.754208,3.561241],[117.763793,3.569417],[117.775226,3.575268],[117.789269,3.580024],[117.796325,3.585239],[117.79786,3.588823]],[[117.852879,3.575257],[117.851908,3.576871],[117.854348,3.580393],[117.853381,3.583786],[117.859433,3.578715],[117.85639,3.57519],[117.852879,3.575257]],[[117.487876,3.452332],[117.487761,3.435729],[117.485426,3.431899],[117.481267,3.432353],[117.474092,3.436359],[117.469345,3.44267],[117.46086,3.449747],[117.447981,3.455703],[117.424656,3.460446],[117.420002,3.462243],[117.421875,3.464286],[117.417552,3.463236],[117.405913,3.466465],[117.37651,3.47077],[117.348753,3.483532],[117.325353,3.490443],[117.324136,3.492468],[117.327723,3.501661],[117.326159,3.503348],[117.326496,3.499156],[117.32326,3.491207],[117.298931,3.484126],[117.272118,3.485706],[117.23342,3.49519],[117.225734,3.500465],[117.217718,3.515496],[117.202799,3.535972],[117.201992,3.540184],[117.210115,3.552018],[117.219235,3.571332],[117.238148,3.587301],[117.27807,3.588265],[117.279865,3.586718],[117.279938,3.578273],[117.283291,3.571569],[117.292322,3.563925],[117.302567,3.560618],[117.313177,3.560297],[117.336602,3.56554],[117.358967,3.56554],[117.369176,3.563308],[117.381914,3.556231],[117.397155,3.550555],[117.401,3.547966],[117.4028,3.543976],[117.401757,3.541731],[117.392571,3.537655],[117.391208,3.535028],[117.391878,3.526806],[117.38813,3.524048],[117.385993,3.52401],[117.380377,3.530753],[117.371015,3.530488],[117.368806,3.525501],[117.368889,3.521263],[117.371868,3.516382],[117.377633,3.512984],[117.378221,3.510605],[117.375853,3.506805],[117.368393,3.506774],[117.36361,3.50308],[117.368865,3.505499],[117.376688,3.505676],[117.379766,3.510762],[117.377739,3.514834],[117.372673,3.517509],[117.370204,3.522739],[117.370205,3.526087],[117.373359,3.529522],[117.380323,3.528604],[117.382952,3.524276],[117.388404,3.522171],[117.388633,3.517188],[117.390761,3.514956],[117.393076,3.514956],[117.395207,3.518922],[117.398916,3.517508],[117.395265,3.513179],[117.397577,3.510181],[117.39912,3.502888],[117.400303,3.505144],[117.396775,3.513303],[117.400077,3.515625],[117.400023,3.518379],[117.395179,3.520284],[117.392179,3.516011],[117.389911,3.517679],[117.390597,3.521595],[117.394578,3.52687],[117.394239,3.535297],[117.395605,3.537475],[117.406029,3.538356],[117.42871,3.532702],[117.437138,3.528569],[117.434389,3.522257],[117.434451,3.514648],[117.435785,3.508416],[117.438201,3.505411],[117.443545,3.503807],[117.455612,3.509417],[117.467005,3.506205],[117.470726,3.502843],[117.462512,3.493779],[117.460537,3.489412],[117.455688,3.486156],[117.454527,3.48285],[117.450721,3.482601],[117.448557,3.48736],[117.442928,3.487059],[117.440281,3.482759],[117.443936,3.478355],[117.441903,3.48466],[117.446632,3.486572],[117.450185,3.481407],[117.454754,3.481205],[117.471479,3.501395],[117.480747,3.4924],[117.49028,3.491976],[117.500344,3.496872],[117.504872,3.497382],[117.509006,3.491209],[117.507272,3.489748],[117.501605,3.491541],[117.496102,3.490772],[117.495163,3.488106],[117.497255,3.481948],[117.495441,3.479971],[117.483474,3.489625],[117.468945,3.487969],[117.465813,3.483947],[117.467879,3.479698],[117.46355,3.476955],[117.463599,3.473767],[117.464534,3.476589],[117.469088,3.479471],[117.467487,3.483665],[117.469462,3.486871],[117.484035,3.487685],[117.490483,3.482511],[117.492522,3.479277],[117.491829,3.476794],[117.498581,3.480609],[117.497085,3.488527],[117.49877,3.490153],[117.513296,3.487412],[117.516914,3.483862],[117.517938,3.481435],[117.514505,3.474949],[117.498867,3.464535],[117.487876,3.452332]],[[117.600784,3.44333],[117.613716,3.441098],[117.637092,3.427142],[117.652355,3.41995],[117.663815,3.417102],[117.668427,3.408565],[117.669417,3.396734],[117.6657,3.387729],[117.6648,3.380277],[117.667771,3.368059],[117.667745,3.361151],[117.664275,3.359533],[117.661682,3.353354],[117.660782,3.339214],[117.65749,3.328375],[117.658786,3.315906],[117.655029,3.292531],[117.653901,3.263393],[117.656356,3.251279],[117.651762,3.243953],[117.646446,3.23951],[117.63944,3.23887],[117.63359,3.240898],[117.629553,3.242925],[117.620343,3.252072],[117.614077,3.264413],[117.611405,3.273307],[117.611485,3.279875],[117.602463,3.278918],[117.597269,3.281021],[117.590362,3.28764],[117.588435,3.287439],[117.587246,3.290171],[117.58477,3.29049],[117.586686,3.293476],[117.578495,3.296368],[117.574293,3.302147],[117.555082,3.317728],[117.541484,3.325753],[117.536669,3.344461],[117.519459,3.365351],[117.515017,3.379266],[117.514955,3.391277],[117.515971,3.393901],[117.516005,3.391567],[117.518916,3.392686],[117.515896,3.396057],[117.517759,3.407465],[117.521169,3.413274],[117.519715,3.415401],[117.535144,3.426345],[117.545133,3.440261],[117.550603,3.442656],[117.555707,3.441934],[117.559562,3.43911],[117.566217,3.438616],[117.600784,3.44333]],[[125.561085,3.401738],[125.561247,3.40831],[125.55899,3.409678],[125.561155,3.410817],[125.560494,3.413326],[125.562009,3.413189],[125.563638,3.416839],[125.569926,3.413808],[125.567964,3.411824],[125.57057,3.411421],[125.569066,3.409651],[125.569764,3.407586],[125.570409,3.408793],[125.574278,3.4067],[125.577207,3.400451],[125.579276,3.399163],[125.579845,3.392668],[125.577906,3.391289],[125.578551,3.390044],[125.575386,3.389062],[125.574001,3.390176],[125.57616,3.393194],[125.571785,3.398223],[125.568462,3.396009],[125.569093,3.393263],[125.566352,3.393477],[125.565956,3.39516],[125.560679,3.392389],[125.558741,3.395174],[125.556248,3.39406],[125.553831,3.397018],[125.555943,3.398515],[125.555971,3.401564],[125.558173,3.399893],[125.561085,3.401738]],[[125.571667,3.365278],[125.572778,3.367778],[125.573889,3.363611],[125.572778,3.364167],[125.571667,3.365278]],[[125.577778,3.359522],[125.576496,3.362358],[125.577512,3.363571],[125.579603,3.360623],[125.577778,3.359522]],[[125.595263,3.34869],[125.596835,3.351852],[125.599825,3.35165],[125.59965,3.350377],[125.595263,3.34869]],[[125.58,3.3425],[125.573056,3.337222],[125.57,3.331944],[125.567222,3.333611],[125.565118,3.337525],[125.56778,3.33843],[125.568749,3.340866],[125.58,3.3425]],[[125.459722,3.255833],[125.466938,3.253472],[125.473238,3.245466],[125.471389,3.242778],[125.47222,3.240385],[125.47,3.24],[125.4675,3.235278],[125.455556,3.231389],[125.450278,3.234444],[125.448477,3.238584],[125.446399,3.239419],[125.448333,3.2425],[125.447778,3.251389],[125.449578,3.253358],[125.452209,3.252244],[125.452958,3.25448],[125.456667,3.253889],[125.459722,3.255833]],[[117.414147,3.247292],[117.409685,3.248551],[117.404828,3.25293],[117.397218,3.264683],[117.387691,3.271161],[117.380979,3.272105],[117.380057,3.277139],[117.38331,3.281394],[117.386764,3.280209],[117.384064,3.282403],[117.383167,3.286943],[117.389729,3.298709],[117.388859,3.306622],[117.382656,3.313108],[117.385081,3.318624],[117.395228,3.313669],[117.398373,3.313631],[117.403654,3.31766],[117.421875,3.326451],[117.434568,3.337303],[117.445482,3.341445],[117.46783,3.331083],[117.494921,3.325583],[117.505046,3.321669],[117.523011,3.300083],[117.524344,3.295792],[117.523111,3.285849],[117.516392,3.274817],[117.5076,3.274582],[117.502771,3.27658],[117.498295,3.274906],[117.492446,3.276922],[117.484714,3.275184],[117.469721,3.274779],[117.459802,3.271836],[117.456615,3.273565],[117.456653,3.275635],[117.468277,3.284264],[117.472987,3.294006],[117.472987,3.298123],[117.470039,3.304379],[117.465307,3.307846],[117.461601,3.307249],[117.455625,3.301775],[117.449202,3.284082],[117.446367,3.281297],[117.437801,3.278767],[117.413668,3.279557],[117.401315,3.276176],[117.415447,3.278151],[117.434671,3.277152],[117.444734,3.279239],[117.450265,3.2844],[117.459099,3.304016],[117.465255,3.306549],[117.468795,3.303712],[117.4712,3.295095],[117.468471,3.287205],[117.444348,3.271712],[117.434595,3.263314],[117.428442,3.253906],[117.414147,3.247292]],[[117.421875,3.340123],[117.417124,3.339844],[117.415782,3.341564],[117.41856,3.340772],[117.419276,3.342324],[117.422901,3.342132],[117.421875,3.340123]],[[117.426073,3.3424],[117.42576,3.350546],[117.424208,3.350682],[117.423617,3.352991],[117.425209,3.351831],[117.427691,3.35269],[117.426381,3.355424],[117.427961,3.355357],[117.425228,3.357509],[117.423545,3.356364],[117.422992,3.358169],[117.4194,3.358453],[117.421286,3.375602],[117.41513,3.391633],[117.401055,3.405941],[117.392163,3.409531],[117.373426,3.413717],[117.369086,3.416435],[117.366055,3.426898],[117.366294,3.439032],[117.367545,3.440649],[117.371132,3.441098],[117.413065,3.422924],[117.437303,3.418381],[117.441193,3.41426],[117.44444,3.39964],[117.437554,3.378474],[117.436996,3.370198],[117.439201,3.360631],[117.435784,3.353953],[117.435853,3.351093],[117.434616,3.350914],[117.435547,3.34925],[117.43406,3.348002],[117.430674,3.34869],[117.431039,3.346825],[117.426073,3.3424]],[[117.416528,3.345735],[117.419028,3.35607],[117.422905,3.35621],[117.423182,3.352938],[117.419028,3.355277],[117.416528,3.345735]],[[117.416828,3.38345],[117.419763,3.369149],[117.417345,3.36408],[117.415894,3.366065],[117.414873,3.379771],[117.416828,3.38345]],[[117.48624,3.408143],[117.486464,3.406279],[117.485458,3.407695],[117.480394,3.406899],[117.48172,3.400566],[117.483159,3.402351],[117.485837,3.402044],[117.482855,3.403595],[117.483495,3.405333],[117.484082,3.403782],[117.485803,3.405751],[117.486359,3.399279],[117.487499,3.403043],[117.49105,3.403674],[117.489267,3.406218],[117.493267,3.406354],[117.493656,3.403359],[117.496311,3.401679],[117.496697,3.403871],[117.49553,3.403202],[117.494549,3.405519],[117.495639,3.406048],[117.491738,3.407787],[117.495589,3.406827],[117.498819,3.398729],[117.498036,3.405262],[117.499654,3.402683],[117.499852,3.395327],[117.501583,3.392681],[117.500767,3.387835],[117.497471,3.386913],[117.497073,3.388368],[117.499768,3.392978],[117.498915,3.398065],[117.494704,3.398952],[117.496066,3.395287],[117.498308,3.393674],[117.496536,3.393231],[117.497542,3.390907],[117.490787,3.392748],[117.490231,3.394863],[117.488151,3.395554],[117.491377,3.397842],[117.493263,3.396285],[117.493214,3.398673],[117.491194,3.399923],[117.487129,3.398894],[117.486621,3.396124],[117.488081,3.394439],[117.486445,3.394406],[117.48936,3.391488],[117.485629,3.391997],[117.485877,3.390481],[117.483212,3.389656],[117.483505,3.391628],[117.4793,3.391704],[117.47959,3.388126],[117.477457,3.387844],[117.479951,3.3861],[117.482517,3.386806],[117.482793,3.38462],[117.480633,3.384052],[117.478217,3.386888],[117.474686,3.384615],[117.476118,3.381554],[117.476558,3.383172],[117.483667,3.377842],[117.482401,3.376819],[117.480935,3.377669],[117.480186,3.373858],[117.478763,3.373227],[117.477375,3.373243],[117.479017,3.375415],[117.476778,3.376882],[117.476738,3.373323],[117.475385,3.376033],[117.473913,3.375379],[117.479688,3.367411],[117.477679,3.369139],[117.477852,3.366937],[117.474849,3.369724],[117.47273,3.368622],[117.473271,3.369791],[117.470793,3.370224],[117.470159,3.368706],[117.467911,3.368662],[117.47008,3.367694],[117.468641,3.366583],[117.466676,3.367937],[117.468236,3.37164],[117.467157,3.372584],[117.46846,3.373579],[117.469981,3.372454],[117.469729,3.370168],[117.472546,3.372498],[117.470264,3.374918],[117.470353,3.375387],[117.471525,3.373961],[117.468807,3.38093],[117.471228,3.378363],[117.472817,3.379163],[117.474176,3.38191],[117.470488,3.382334],[117.476319,3.38866],[117.476514,3.392513],[117.480127,3.392538],[117.4812,3.395777],[117.478451,3.400003],[117.4773,3.397908],[117.475869,3.398651],[117.473325,3.396584],[117.473799,3.393852],[117.471715,3.392071],[117.472529,3.39035],[117.4703,3.392081],[117.468032,3.391212],[117.464479,3.39236],[117.466115,3.395624],[117.463984,3.39569],[117.464877,3.398269],[117.461975,3.401119],[117.464683,3.391315],[117.466988,3.390961],[117.467319,3.388119],[117.469045,3.388713],[117.466335,3.385112],[117.467463,3.385099],[117.466334,3.382794],[117.468202,3.382105],[117.461681,3.378376],[117.462345,3.380237],[117.4597,3.3816],[117.459668,3.384104],[117.45509,3.381549],[117.454055,3.381519],[117.455777,3.383332],[117.453861,3.382919],[117.453369,3.381199],[117.450939,3.38072],[117.450939,3.377651],[117.455375,3.376853],[117.451484,3.376561],[117.451025,3.37482],[117.44879,3.397101],[117.45013,3.403944],[117.454809,3.406522],[117.468493,3.407124],[117.469584,3.406386],[117.46802,3.405799],[117.468725,3.40438],[117.471234,3.403805],[117.472249,3.401296],[117.468087,3.401373],[117.466668,3.399824],[117.465139,3.401855],[117.466191,3.401989],[117.462704,3.402229],[117.466457,3.403488],[117.467124,3.403074],[117.465573,3.405581],[117.461586,3.405282],[117.459728,3.401859],[117.462362,3.402151],[117.464553,3.398873],[117.472548,3.400984],[117.471279,3.399578],[117.47331,3.400919],[117.475076,3.399877],[117.476057,3.400769],[117.473697,3.401406],[117.474225,3.404715],[117.475711,3.405045],[117.474743,3.403337],[117.475931,3.403546],[117.476361,3.406064],[117.473694,3.406321],[117.473608,3.40477],[117.470013,3.407179],[117.48624,3.408143]],[[117.487016,3.408141],[117.49012,3.407549],[117.488263,3.40774],[117.487016,3.408141]],[[117.490669,3.407994],[117.491121,3.407512],[117.490546,3.407461],[117.490669,3.407994]],[[117.488205,3.40454],[117.486411,3.405518],[117.489978,3.403857],[117.488205,3.40454]],[[117.501968,3.388889],[117.502754,3.366958],[117.504943,3.363174],[117.505424,3.353999],[117.502795,3.347011],[117.500017,3.34348],[117.500222,3.347228],[117.501106,3.345517],[117.503451,3.351132],[117.498602,3.350252],[117.499218,3.348746],[117.497665,3.349786],[117.50087,3.352195],[117.499538,3.354227],[117.502029,3.355123],[117.50259,3.353646],[117.502503,3.35608],[117.497735,3.357094],[117.49864,3.355606],[117.496127,3.355986],[117.495392,3.352429],[117.491627,3.351403],[117.490494,3.352633],[117.492033,3.349951],[117.489412,3.349685],[117.488711,3.351259],[117.491086,3.353415],[117.490579,3.355435],[117.487448,3.354926],[117.488251,3.352368],[117.485655,3.352615],[117.487579,3.355981],[117.495165,3.357489],[117.49515,3.358727],[117.49059,3.360116],[117.494971,3.359785],[117.495858,3.356302],[117.497428,3.358095],[117.496916,3.362874],[117.493228,3.363232],[117.498088,3.365963],[117.493069,3.370352],[117.495331,3.371548],[117.493535,3.373806],[117.495105,3.374932],[117.495965,3.373957],[117.496237,3.378898],[117.499432,3.379196],[117.500132,3.377822],[117.501325,3.378922],[117.501922,3.387238],[117.50111,3.383186],[117.499865,3.383801],[117.501968,3.388889]],[[117.521647,3.344535],[117.521645,3.349906],[117.523186,3.350685],[117.524337,3.348511],[117.526204,3.349051],[117.526393,3.342659],[117.523321,3.342654],[117.521647,3.344535]],[[117.499019,3.342395],[117.491086,3.341371],[117.493306,3.341694],[117.49304,3.343143],[117.495613,3.344846],[117.49597,3.343371],[117.497213,3.34385],[117.496589,3.342188],[117.499019,3.342395]],[[117.489005,3.342191],[117.489521,3.341701],[117.486431,3.342737],[117.489005,3.342191]],[[117.48607,3.343051],[117.4724,3.345446],[117.474583,3.346995],[117.472536,3.350125],[117.474074,3.35434],[117.4758,3.350528],[117.481056,3.352248],[117.47836,3.35378],[117.479972,3.3548],[117.477704,3.358934],[117.476076,3.359072],[117.478613,3.359909],[117.479573,3.35668],[117.481,3.357632],[117.482225,3.356194],[117.482803,3.357677],[117.479426,3.361093],[117.481508,3.360523],[117.481546,3.364744],[117.482017,3.361676],[117.485019,3.360687],[117.486501,3.36319],[117.486182,3.368403],[117.490854,3.371347],[117.490787,3.369164],[117.492856,3.368592],[117.487877,3.367445],[117.487059,3.36485],[117.491267,3.363325],[117.488358,3.363804],[117.489066,3.360551],[117.483119,3.359465],[117.484724,3.358017],[117.486686,3.358686],[117.485659,3.357233],[117.483111,3.356656],[117.486151,3.354621],[117.484897,3.353612],[117.483551,3.355016],[117.482898,3.345084],[117.484941,3.343485],[117.48603,3.344496],[117.48607,3.343051]],[[117.469115,3.346875],[117.471389,3.3456],[117.468056,3.345835],[117.467268,3.349079],[117.470616,3.349866],[117.470585,3.348827],[117.469115,3.346875]],[[117.466504,3.346058],[117.45293,3.348389],[117.45128,3.353653],[117.452777,3.350515],[117.4531,3.35366],[117.451065,3.356079],[117.450703,3.373463],[117.452753,3.373519],[117.451749,3.369752],[117.456113,3.369046],[117.454433,3.370201],[117.455968,3.371558],[117.453028,3.372444],[117.453494,3.375017],[117.456103,3.372662],[117.458607,3.375113],[117.458668,3.377733],[117.466266,3.378853],[117.464458,3.374611],[117.46524,3.371057],[117.467249,3.369648],[117.464375,3.368526],[117.465951,3.367347],[117.464593,3.363973],[117.460208,3.363887],[117.461772,3.360696],[117.459808,3.358451],[117.459737,3.361389],[117.455823,3.360546],[117.457,3.360039],[117.45612,3.358129],[117.458745,3.356372],[117.461718,3.359065],[117.462787,3.358265],[117.461615,3.360103],[117.464051,3.36081],[117.46286,3.361863],[117.46425,3.361701],[117.464238,3.36314],[117.46615,3.359512],[117.468705,3.360592],[117.467884,3.363685],[117.469283,3.362636],[117.470062,3.360409],[117.46792,3.358347],[117.46692,3.359706],[117.466525,3.355058],[117.464882,3.355624],[117.465289,3.349725],[117.463195,3.347713],[117.466504,3.346058]],[[117.470794,3.366665],[117.472553,3.365287],[117.474662,3.365902],[117.474048,3.36427],[117.467607,3.365342],[117.471589,3.365994],[117.470794,3.366665]],[[117.47474,3.366775],[117.47596,3.367806],[117.477123,3.366248],[117.47474,3.366775]],[[117.480413,3.367962],[117.482102,3.36902],[117.48098,3.37044],[117.482864,3.37101],[117.484027,3.367404],[117.482905,3.364899],[117.480413,3.367962]],[[117.481257,3.370955],[117.480966,3.373767],[117.487129,3.374923],[117.490134,3.377373],[117.48958,3.374059],[117.486616,3.37456],[117.484318,3.371581],[117.483487,3.373739],[117.482102,3.373474],[117.481257,3.370955]],[[117.480543,3.366087],[117.477719,3.361779],[117.4765,3.361698],[117.477774,3.365617],[117.480543,3.366087]],[[117.467062,3.365978],[117.466151,3.366487],[117.466311,3.366537],[117.467062,3.365978]],[[117.470668,3.35906],[117.473991,3.356289],[117.471831,3.353825],[117.470973,3.354619],[117.472357,3.355997],[117.470696,3.356554],[117.470668,3.35906]],[[117.47034,3.353033],[117.468289,3.352844],[117.469259,3.354322],[117.47034,3.353033]],[[117.470407,3.356497],[117.467942,3.356094],[117.467288,3.356842],[117.468524,3.358038],[117.470407,3.356497]],[[117.492913,3.361921],[117.494899,3.360578],[117.494225,3.360849],[117.492913,3.361921]],[[117.494402,3.348548],[117.496922,3.350929],[117.497805,3.347555],[117.49666,3.345013],[117.494971,3.345304],[117.494402,3.348548]],[[117.492093,3.343577],[117.488785,3.345922],[117.490456,3.34853],[117.492577,3.348083],[117.492093,3.343577]],[[117.486925,3.378679],[117.484522,3.378482],[117.486051,3.380127],[117.484931,3.381731],[117.486496,3.380275],[117.486925,3.378679]],[[117.4862,3.382076],[117.486441,3.384226],[117.487733,3.385125],[117.487948,3.382725],[117.4862,3.382076]],[[117.48178,3.382746],[117.481606,3.382083],[117.480363,3.382964],[117.48178,3.382746]],[[117.482202,3.383092],[117.484392,3.383237],[117.482846,3.381845],[117.482202,3.383092]],[[117.488696,3.384632],[117.487015,3.385766],[117.48762,3.386928],[117.48555,3.387072],[117.491879,3.389341],[117.493028,3.391276],[117.495042,3.38982],[117.496663,3.386257],[117.495742,3.384559],[117.490098,3.382313],[117.49272,3.385618],[117.488696,3.384632]],[[117.494448,3.382112],[117.493363,3.380916],[117.493081,3.382123],[117.494448,3.382112]],[[117.497744,3.396353],[117.496967,3.394851],[117.49656,3.396337],[117.497744,3.396353]],[[117.475389,3.369098],[117.475389,3.367956],[117.473173,3.36822],[117.473478,3.368778],[117.475389,3.369098]],[[117.47858,3.395412],[117.478447,3.393559],[117.476232,3.392892],[117.474475,3.395216],[117.475443,3.397086],[117.477058,3.39487],[117.47858,3.395412]],[[117.470111,3.404612],[117.470139,3.406004],[117.472936,3.404862],[117.473739,3.402969],[117.470111,3.404612]],[[117.417074,3.443498],[117.406014,3.4451],[117.395866,3.449231],[117.39523,3.451036],[117.397669,3.452216],[117.40894,3.44954],[117.416182,3.445972],[117.417074,3.443498]],[[117.440548,3.446188],[117.433121,3.449581],[117.429682,3.452345],[117.434783,3.449435],[117.439679,3.450517],[117.443438,3.453442],[117.446239,3.452979],[117.447887,3.452151],[117.447041,3.448934],[117.450563,3.446273],[117.44688,3.446458],[117.44559,3.443977],[117.443382,3.44476],[117.442674,3.4479],[117.440548,3.446188]],[[117.439294,3.453251],[117.43743,3.452614],[117.43225,3.453783],[117.436983,3.454234],[117.439294,3.453251]],[[117.456393,3.446832],[117.455931,3.447996],[117.45838,3.444917],[117.456393,3.446832]],[[117.333115,3.474859],[117.339686,3.472427],[117.343777,3.469415],[117.328005,3.474322],[117.333115,3.474859]],[[117.329515,3.485087],[117.331885,3.482208],[117.327196,3.482138],[117.32873,3.482967],[117.329515,3.485087]],[[117.323835,3.482479],[117.31651,3.484446],[117.324142,3.488615],[117.326578,3.487567],[117.323835,3.482479]],[[117.302538,3.578729],[117.299411,3.582725],[117.295786,3.592587],[117.2928,3.595757],[117.292236,3.597557],[117.294052,3.599301],[117.301131,3.601254],[117.329249,3.601159],[117.347796,3.604602],[117.359321,3.604941],[117.384496,3.612377],[117.39351,3.61356],[117.394146,3.61012],[117.397759,3.612407],[117.402453,3.611299],[117.45031,3.586033],[117.448757,3.581924],[117.450627,3.582146],[117.451584,3.579239],[117.454797,3.582938],[117.457087,3.578544],[117.455751,3.576314],[117.458212,3.575927],[117.455802,3.574614],[117.45919,3.574128],[117.459041,3.57071],[117.460426,3.56976],[117.453604,3.565335],[117.436286,3.56223],[117.430572,3.566218],[117.430069,3.567912],[117.433088,3.568872],[117.432775,3.565449],[117.434784,3.563858],[117.436433,3.5646],[117.434509,3.565698],[117.432143,3.573349],[117.430134,3.57276],[117.429266,3.570125],[117.4249,3.576647],[117.42688,3.576637],[117.424497,3.578322],[117.425072,3.580035],[117.423265,3.579543],[117.421875,3.582589],[117.420278,3.581927],[117.415866,3.585908],[117.410438,3.588103],[117.390715,3.590402],[117.325728,3.586745],[117.311418,3.583917],[117.302538,3.578729]],[[117.340132,3.61183],[117.328493,3.61192],[117.325895,3.612554],[117.324145,3.615331],[117.322152,3.613018],[117.319391,3.615029],[117.324296,3.618595],[117.341876,3.622459],[117.354656,3.623421],[117.355641,3.621527],[117.35718,3.623605],[117.364114,3.623575],[117.37222,3.621602],[117.361331,3.614679],[117.340132,3.61183]],[[117.521522,3.592062],[117.522214,3.590879],[117.52263,3.592062],[117.522353,3.590044],[117.521176,3.590462],[117.521522,3.592062]],[[117.495948,3.574299],[117.495332,3.569593],[117.474009,3.572707],[117.467045,3.575639],[117.459018,3.589446],[117.462518,3.591446],[117.495948,3.574299]],[[117.511147,3.586452],[117.521781,3.583956],[117.533578,3.577162],[117.544272,3.574838],[117.550695,3.576049],[117.557356,3.586518],[117.561437,3.588478],[117.608604,3.580152],[117.631943,3.573023],[117.64193,3.568043],[117.654374,3.560511],[117.657248,3.557844],[117.655964,3.557694],[117.656605,3.556663],[117.660287,3.554738],[117.661851,3.555588],[117.663919,3.552067],[117.653323,3.542778],[117.626421,3.537747],[117.616608,3.539086],[117.603715,3.542738],[117.583843,3.554603],[117.575109,3.557978],[117.559361,3.561051],[117.538292,3.560305],[117.533809,3.562248],[117.511273,3.577838],[117.509847,3.584694],[117.511147,3.586452]],[[117.520999,3.535875],[117.521368,3.535314],[117.517067,3.537537],[117.520999,3.535875]],[[117.51416,3.537742],[117.512,3.531804],[117.504763,3.528785],[117.500078,3.534048],[117.495509,3.534112],[117.495677,3.531717],[117.501765,3.527816],[117.49765,3.525218],[117.492644,3.528474],[117.487306,3.528027],[117.487655,3.523343],[117.490688,3.526401],[117.494194,3.524722],[117.494285,3.523213],[117.492286,3.524431],[117.489786,3.522932],[117.493246,3.520579],[117.493565,3.51703],[117.495392,3.517329],[117.495794,3.524797],[117.498387,3.523764],[117.499928,3.524795],[117.500877,3.519578],[117.504617,3.519188],[117.498226,3.517501],[117.497134,3.513851],[117.498065,3.509902],[117.495683,3.508804],[117.496999,3.508175],[117.496259,3.507134],[117.500016,3.508393],[117.499125,3.511244],[117.500882,3.513345],[117.502184,3.510801],[117.503897,3.512277],[117.505997,3.509036],[117.493153,3.500902],[117.48377,3.4983],[117.476007,3.509593],[117.465519,3.514096],[117.467051,3.514754],[117.46293,3.51772],[117.464052,3.520215],[117.461879,3.519147],[117.464811,3.522991],[117.46286,3.524683],[117.46684,3.525892],[117.46483,3.52656],[117.465235,3.532044],[117.463207,3.529743],[117.458284,3.528501],[117.461279,3.52553],[117.461285,3.522693],[117.458037,3.52413],[117.456102,3.521235],[117.46021,3.520664],[117.457061,3.520377],[117.454067,3.517232],[117.454572,3.515625],[117.442282,3.510719],[117.442662,3.514579],[117.441187,3.516446],[117.443399,3.522118],[117.439338,3.52146],[117.437767,3.524081],[117.443067,3.523523],[117.445974,3.525788],[117.447182,3.530561],[117.444241,3.535775],[117.424093,3.540849],[117.425528,3.541633],[117.424932,3.543794],[117.422371,3.541927],[117.421875,3.543527],[117.420355,3.541329],[117.414731,3.542468],[117.413198,3.543392],[117.412639,3.547235],[117.414689,3.555014],[117.417148,3.557132],[117.440731,3.550254],[117.473855,3.549585],[117.495465,3.546303],[117.497288,3.545039],[117.497647,3.536984],[117.500138,3.535758],[117.500848,3.537962],[117.498669,3.538587],[117.498155,3.54572],[117.50308,3.545215],[117.516588,3.538751],[117.51416,3.537742]],[[117.523837,3.533509],[117.522144,3.535056],[117.52832,3.531713],[117.523837,3.533509]],[[117.530685,3.531334],[117.55493,3.524659],[117.554939,3.522527],[117.557595,3.524245],[117.567865,3.520897],[117.609814,3.500498],[117.616541,3.486963],[117.614593,3.480928],[117.609827,3.475772],[117.605713,3.474118],[117.578501,3.474304],[117.578383,3.478299],[117.576897,3.475245],[117.564946,3.474964],[117.561461,3.475162],[117.560181,3.477534],[117.561443,3.478785],[117.561218,3.476978],[117.565976,3.475936],[117.565863,3.479543],[117.564399,3.47981],[117.566099,3.481058],[117.563062,3.480913],[117.560433,3.483797],[117.559675,3.480247],[117.557567,3.479521],[117.559557,3.477569],[117.557712,3.477548],[117.557607,3.474682],[117.546407,3.472091],[117.54617,3.476997],[117.543433,3.474984],[117.539686,3.481204],[117.542216,3.477893],[117.542081,3.48224],[117.545791,3.481201],[117.547521,3.483098],[117.550878,3.483372],[117.547662,3.484287],[117.548575,3.487257],[117.544162,3.489715],[117.543505,3.49347],[117.547462,3.491618],[117.549884,3.488007],[117.559034,3.484574],[117.561873,3.487327],[117.565798,3.485844],[117.568288,3.487656],[117.563487,3.488654],[117.560401,3.492881],[117.561041,3.494554],[117.559553,3.493999],[117.558588,3.495539],[117.560344,3.497702],[117.56129,3.496781],[117.559957,3.49937],[117.557981,3.497792],[117.557,3.498935],[117.5575,3.500669],[117.560992,3.500412],[117.559428,3.503906],[117.555194,3.502945],[117.554982,3.501792],[117.556856,3.501638],[117.555462,3.499063],[117.556855,3.497949],[117.556855,3.493722],[117.555121,3.492052],[117.553532,3.49296],[117.55403,3.495164],[117.545984,3.495671],[117.543044,3.497514],[117.548144,3.504664],[117.550988,3.505],[117.549079,3.508485],[117.551821,3.510341],[117.548375,3.512115],[117.550132,3.513192],[117.548751,3.515625],[117.551824,3.515625],[117.552274,3.517762],[117.5549,3.51684],[117.556407,3.521972],[117.555302,3.520677],[117.549622,3.521688],[117.547633,3.515625],[117.541337,3.51286],[117.541842,3.51079],[117.544932,3.509374],[117.545138,3.506582],[117.547966,3.506291],[117.545594,3.502571],[117.543916,3.503033],[117.541838,3.501127],[117.541032,3.509046],[117.543716,3.506432],[117.544092,3.509351],[117.53878,3.510022],[117.538725,3.516326],[117.53685,3.51705],[117.535582,3.514528],[117.536377,3.51887],[117.534607,3.517063],[117.53131,3.51961],[117.533469,3.524462],[117.529541,3.524485],[117.533054,3.527867],[117.530685,3.531334]],[[117.638763,3.52697],[117.658115,3.530164],[117.662186,3.52801],[117.655924,3.524833],[117.638763,3.52697]],[[117.540056,3.482587],[117.538027,3.488012],[117.542261,3.490505],[117.543705,3.488158],[117.542347,3.488408],[117.541844,3.486308],[117.541654,3.488784],[117.539328,3.487105],[117.540056,3.482587]],[[117.528929,3.48833],[117.518089,3.495659],[117.511257,3.503794],[117.516938,3.506187],[117.518166,3.510577],[117.520758,3.511133],[117.517712,3.51404],[117.514257,3.513433],[117.514167,3.519163],[117.517109,3.52239],[117.516227,3.526804],[117.518216,3.526336],[117.517751,3.523163],[117.522094,3.523601],[117.522818,3.520602],[117.526844,3.519352],[117.525555,3.515625],[117.527557,3.514796],[117.525634,3.512921],[117.527641,3.513081],[117.52807,3.515625],[117.530616,3.514188],[117.528454,3.513559],[117.530185,3.512431],[117.528582,3.511676],[117.529227,3.50971],[117.526948,3.510149],[117.527621,3.506985],[117.524709,3.504176],[117.529089,3.503339],[117.527803,3.505116],[117.532931,3.515385],[117.534238,3.514108],[117.5342,3.507729],[117.530524,3.504918],[117.532026,3.502459],[117.533456,3.50581],[117.53589,3.504993],[117.534466,3.506325],[117.536356,3.506979],[117.535698,3.508005],[117.537238,3.507418],[117.535438,3.511323],[117.537647,3.510844],[117.540899,3.505709],[117.53954,3.504488],[117.538033,3.50572],[117.535264,3.502632],[117.534419,3.498832],[117.536206,3.496833],[117.534227,3.493188],[117.535451,3.49158],[117.536136,3.492649],[117.535738,3.491092],[117.533247,3.488583],[117.528929,3.48833]],[[117.511174,3.505345],[117.509927,3.505137],[117.508127,3.505833],[117.509166,3.506181],[117.511174,3.505345]],[[117.507642,3.505902],[117.507642,3.506459],[117.508058,3.506529],[117.507642,3.505902]],[[117.511458,3.507622],[117.510004,3.511451],[117.513743,3.513748],[117.510489,3.510476],[117.51222,3.510129],[117.511458,3.507622]],[[117.503748,3.513748],[117.50174,3.513678],[117.501394,3.51514],[117.502017,3.514096],[117.503748,3.513748]],[[117.501313,3.521707],[117.501191,3.524661],[117.502639,3.523775],[117.501313,3.521707]],[[117.508081,3.524633],[117.511728,3.527717],[117.512401,3.525683],[117.514488,3.526384],[117.511463,3.523449],[117.508081,3.524633]],[[117.516376,3.529512],[117.515684,3.527424],[117.513468,3.526728],[117.516376,3.529512]],[[117.536173,3.499804],[117.536342,3.502483],[117.540053,3.502288],[117.539761,3.500442],[117.536173,3.499804]],[[117.552804,3.493546],[117.552023,3.491284],[117.550562,3.489831],[117.549065,3.491443],[117.552804,3.493546]],[[117.558453,3.489991],[117.557928,3.49193],[117.56069,3.491465],[117.560355,3.490025],[117.558453,3.489991]],[[117.538184,3.493412],[117.53853,3.490141],[117.537838,3.490906],[117.538184,3.493412]],[[117.544243,3.487162],[117.545627,3.485924],[117.542024,3.48302],[117.541375,3.483964],[117.544243,3.487162]],[[117.557522,3.488249],[117.5578,3.486701],[117.555179,3.487921],[117.557522,3.488249]],[[117.459019,3.516992],[117.457427,3.51704],[117.456999,3.51809],[117.458701,3.518225],[117.459019,3.516992]],[[117.459463,3.518136],[117.462057,3.518167],[117.46163,3.517327],[117.459463,3.518136]],[[117.412355,3.556978],[117.41263,3.553558],[117.410229,3.55023],[117.408139,3.551724],[117.409008,3.550441],[117.406826,3.552361],[117.403739,3.560479],[117.407205,3.561075],[117.412355,3.556978]],[[117.558111,3.550463],[117.564386,3.553043],[117.567772,3.552671],[117.574675,3.548244],[117.564305,3.546346],[117.558111,3.550463]],[[117.507697,3.586175],[117.509316,3.58364],[117.508029,3.582041],[117.505841,3.585253],[117.507697,3.586175]],[[117.459315,3.576854],[117.45793,3.578663],[117.458692,3.579638],[117.459038,3.579081],[117.459315,3.576854]],[[117.416568,3.566213],[117.410345,3.565916],[117.410223,3.56973],[117.408928,3.568723],[117.406621,3.572353],[117.404309,3.572141],[117.405865,3.570876],[117.404665,3.568992],[117.403394,3.572732],[117.394068,3.584542],[117.406141,3.584458],[117.413257,3.582369],[117.416565,3.574916],[117.416568,3.566213]],[[117.393441,3.584454],[117.396148,3.578134],[117.398561,3.577258],[117.403339,3.571381],[117.403055,3.56901],[117.367303,3.580156],[117.382611,3.585658],[117.393441,3.584454]],[[117.315936,3.571933],[117.312509,3.572296],[117.309281,3.576032],[117.312334,3.581199],[117.332033,3.583092],[117.333679,3.586269],[117.335173,3.585295],[117.335675,3.583476],[117.333941,3.581333],[117.315936,3.571933]],[[117.330431,3.575476],[117.328897,3.573503],[117.322706,3.572291],[117.323628,3.574294],[117.330431,3.575476]],[[117.521468,3.593085],[117.520757,3.592349],[117.520221,3.594015],[117.521468,3.593085]],[[117.519058,3.592523],[117.518205,3.601025],[117.519421,3.602276],[117.520202,3.601565],[117.519058,3.592523]],[[117.473575,3.676837],[117.468498,3.67167],[117.465449,3.671672],[117.463964,3.674568],[117.457764,3.6791],[117.452755,3.6791],[117.445747,3.673836],[117.431893,3.675038],[117.431075,3.676297],[117.429927,3.674835],[117.428347,3.676458],[117.432287,3.682957],[117.441271,3.686981],[117.446689,3.696677],[117.450011,3.699187],[117.471789,3.704312],[117.480747,3.708712],[117.484671,3.708712],[117.492635,3.699358],[117.490945,3.688564],[117.492842,3.686843],[117.491354,3.685442],[117.491446,3.679204],[117.490384,3.677153],[117.48215,3.679423],[117.473575,3.676837]],[[117.75351,3.748474],[117.749082,3.751658],[117.76429,3.749215],[117.772324,3.745892],[117.773661,3.743443],[117.75351,3.748474]],[[117.793397,3.73616],[117.782891,3.739172],[117.781076,3.740937],[117.790853,3.740484],[117.793397,3.73616]],[[117.38307,3.633651],[117.375262,3.629215],[117.372085,3.629149],[117.36961,3.630723],[117.371524,3.631892],[117.373111,3.629764],[117.372145,3.634966],[117.377386,3.636748],[117.38307,3.633651]],[[117.382694,3.636303],[117.3882,3.637277],[117.390028,3.635084],[117.385274,3.633894],[117.382694,3.636303]],[[117.10027,3.623952],[117.10718,3.620945],[117.102486,3.615669],[117.096918,3.61571],[117.090825,3.618453],[117.094398,3.62288],[117.10027,3.623952]],[[117.05805,3.613132],[117.045602,3.605697],[117.04167,3.604792],[117.040285,3.605948],[117.040866,3.608732],[117.044162,3.612031],[117.058867,3.619007],[117.060003,3.617294],[117.05805,3.613132]],[[116.969112,3.653757],[116.970737,3.648269],[116.97037,3.639424],[116.964208,3.627314],[116.960948,3.624733],[116.960371,3.631828],[116.963057,3.645466],[116.969112,3.653757]],[[116.974387,3.65998],[116.975909,3.657395],[116.974682,3.654906],[116.973108,3.657809],[116.974387,3.65998]],[[116.965818,3.69127],[116.967998,3.688355],[116.966728,3.68556],[116.96185,3.69264],[116.965818,3.69127]],[[116.906375,3.630177],[116.903242,3.634614],[116.906376,3.639895],[116.90926,3.633649],[116.906375,3.630177]],[[116.919737,3.63398],[116.921034,3.635528],[116.924119,3.63101],[116.923754,3.630914],[116.919737,3.63398]],[[116.919673,3.632075],[116.924139,3.628821],[116.924357,3.627085],[116.9208,3.615374],[116.916065,3.612512],[116.907451,3.611398],[116.918056,3.631322],[116.919673,3.632075]],[[116.756764,3.599204],[116.757305,3.59867],[116.750069,3.600251],[116.756764,3.599204]],[[117.305078,3.232575],[117.305897,3.228397],[117.301453,3.223134],[117.299834,3.218294],[117.294441,3.214425],[117.29139,3.207889],[117.290451,3.208682],[117.285873,3.20543],[117.279736,3.207698],[117.271277,3.224573],[117.270572,3.230721],[117.276037,3.231516],[117.28453,3.229159],[117.292125,3.231519],[117.305078,3.232575]],[[117.266153,3.238989],[117.26651,3.238473],[117.26355,3.239304],[117.266153,3.238989]],[[117.257531,3.244436],[117.257792,3.242493],[117.246279,3.242844],[117.246813,3.24403],[117.257531,3.244436]],[[117.235397,3.191305],[117.234371,3.181078],[117.231466,3.177529],[117.223377,3.174974],[117.21874,3.177632],[117.218416,3.179228],[117.224762,3.186927],[117.235397,3.191305]],[[125.512778,3.189444],[125.513055,3.193056],[125.515278,3.190833],[125.513333,3.188056],[125.516389,3.178056],[125.519722,3.1725],[125.52458,3.174652],[125.525833,3.173889],[125.5275,3.176667],[125.526111,3.180555],[125.523244,3.182613],[125.523889,3.185555],[125.520278,3.191389],[125.521111,3.1925],[125.526667,3.192778],[125.529722,3.19],[125.530556,3.186111],[125.531944,3.188056],[125.534722,3.185555],[125.535278,3.181944],[125.539722,3.180278],[125.535278,3.178056],[125.540278,3.1725],[125.539444,3.169444],[125.534167,3.164444],[125.533306,3.15948],[125.531667,3.16],[125.530737,3.158095],[125.523889,3.163056],[125.523333,3.161667],[125.525278,3.159444],[125.523993,3.156004],[125.521111,3.159167],[125.519815,3.157103],[125.516667,3.158056],[125.515756,3.155406],[125.514444,3.156944],[125.512225,3.156179],[125.511733,3.158264],[125.508889,3.159444],[125.508333,3.163889],[125.504722,3.161111],[125.503766,3.164063],[125.501407,3.164063],[125.501581,3.166183],[125.504579,3.16808],[125.499722,3.169167],[125.498611,3.1725],[125.500135,3.173892],[125.506944,3.174444],[125.509167,3.172222],[125.515278,3.171389],[125.513055,3.175555],[125.508611,3.177222],[125.505833,3.175833],[125.502222,3.176944],[125.507703,3.180484],[125.506837,3.181633],[125.502779,3.18101],[125.503333,3.185555],[125.5075,3.184722],[125.512778,3.189444]],[[117.630791,3.158382],[117.627734,3.157188],[117.626912,3.158784],[117.630267,3.159862],[117.630791,3.158382]],[[125.446944,3.143056],[125.448611,3.148056],[125.453056,3.149722],[125.455278,3.147778],[125.457056,3.14248],[125.4525,3.14],[125.446944,3.143056]],[[117.61542,3.128343],[117.615027,3.129282],[117.618318,3.128112],[117.61542,3.128343]],[[117.604192,3.127362],[117.612501,3.125134],[117.617486,3.121236],[117.620256,3.116781],[117.618317,3.110377],[117.613886,3.108428],[117.598099,3.1062],[117.590344,3.114832],[117.581759,3.119844],[117.58259,3.122628],[117.590068,3.126526],[117.604192,3.127362]],[[117.583064,3.115733],[117.587007,3.112327],[117.589021,3.107893],[117.580188,3.100659],[117.566641,3.097392],[117.559493,3.105779],[117.562534,3.109583],[117.583064,3.115733]],[[125.492778,3.102222],[125.498333,3.096389],[125.496667,3.091389],[125.4925,3.094722],[125.487222,3.095],[125.492222,3.098611],[125.492778,3.102222]],[[125.500556,3.091389],[125.503611,3.093611],[125.503334,3.086465],[125.505556,3.084722],[125.509722,3.087222],[125.507222,3.083333],[125.512222,3.079444],[125.509444,3.073056],[125.510556,3.071111],[125.504957,3.063113],[125.508055,3.058889],[125.505278,3.057778],[125.502981,3.058621],[125.499444,3.063889],[125.5,3.07],[125.502222,3.072222],[125.501389,3.076944],[125.499722,3.078611],[125.496389,3.0775],[125.494167,3.080278],[125.500556,3.091389]],[[117.62735,3.052303],[117.627053,3.048378],[117.625414,3.046842],[117.615441,3.046659],[117.612525,3.043284],[117.617079,3.045975],[117.623899,3.041316],[117.620331,3.041344],[117.623395,3.037355],[117.618987,3.025456],[117.620221,3.020104],[117.618319,3.017014],[117.613553,3.015411],[117.587737,3.017163],[117.582705,3.012277],[117.580469,3.012277],[117.575719,3.017269],[117.570226,3.016535],[117.563435,3.018334],[117.563836,3.01671],[117.570155,3.015139],[117.575677,3.015934],[117.578473,3.011839],[117.58127,3.010675],[117.588563,3.016107],[117.595678,3.013701],[117.602147,3.013556],[117.603225,3.011965],[117.603852,3.009946],[117.587296,2.99446],[117.576035,2.981424],[117.573865,2.98069],[117.570197,2.98528],[117.565268,2.997401],[117.563708,3.007293],[117.555041,3.016938],[117.538687,3.017828],[117.522052,3.015139],[117.51396,3.017295],[117.512494,3.01992],[117.508145,3.017645],[117.502268,3.021218],[117.495064,3.031347],[117.491455,3.032675],[117.487674,3.03144],[117.485064,3.027484],[117.485003,3.023019],[117.481616,3.017138],[117.479298,3.007108],[117.476434,3.003128],[117.472399,3.002402],[117.461447,3.005393],[117.45839,3.00359],[117.456925,2.999178],[117.454877,2.998112],[117.446074,3.000592],[117.445931,3.00333],[117.444375,3.001333],[117.455287,2.994435],[117.459329,2.995535],[117.463285,2.989475],[117.462974,2.992513],[117.458671,2.996753],[117.460191,3.003179],[117.463667,3.003724],[117.47092,3.000309],[117.475397,3.000342],[117.478275,3.002134],[117.482869,3.008818],[117.483758,3.016761],[117.487796,3.019973],[117.487472,3.027982],[117.491113,3.030619],[117.495592,3.027514],[117.501343,3.018483],[117.506162,3.015411],[117.512912,3.014583],[117.492708,2.995271],[117.49218,2.996784],[117.495903,3.001601],[117.495672,3.005478],[117.493233,3.008421],[117.495174,3.004305],[117.494793,3.001194],[117.491212,2.996773],[117.490243,2.991197],[117.479753,2.984559],[117.476748,2.968703],[117.473341,2.968098],[117.463782,2.971809],[117.447695,2.964873],[117.421875,2.968471],[117.407858,2.964156],[117.403294,2.956974],[117.381052,2.956602],[117.377332,2.960427],[117.37314,2.961702],[117.369156,2.959645],[117.366958,2.952966],[117.367968,2.949084],[117.373827,2.945182],[117.373778,2.940709],[117.371619,2.938039],[117.368683,2.937786],[117.364623,2.941032],[117.363695,2.943417],[117.366747,2.946754],[117.366814,2.950443],[117.363228,2.955377],[117.358998,2.957783],[117.360042,2.962463],[117.366513,2.970544],[117.367673,2.975634],[117.378,2.988281],[117.379604,2.99376],[117.378372,3.004082],[117.397607,3.019303],[117.400047,3.027866],[117.399943,3.032566],[117.396752,3.038388],[117.397939,3.039591],[117.403302,3.040544],[117.418748,3.028486],[117.435702,3.0418],[117.43689,3.038643],[117.436927,3.043597],[117.441812,3.050429],[117.446298,3.053818],[117.464138,3.054438],[117.47741,3.059356],[117.477723,3.056167],[117.475173,3.050086],[117.469078,3.049909],[117.465508,3.045942],[117.466522,3.040562],[117.460454,3.043195],[117.457854,3.041756],[117.457601,3.039627],[117.461481,3.036759],[117.457441,3.033085],[117.459388,3.031262],[117.458656,3.033364],[117.462117,3.037249],[117.458886,3.041548],[117.467344,3.039428],[117.466604,3.045642],[117.470927,3.049331],[117.476116,3.049041],[117.480032,3.059239],[117.482658,3.061942],[117.491659,3.064665],[117.520458,3.068551],[117.541299,3.068286],[117.547249,3.066311],[117.551355,3.060427],[117.550736,3.052311],[117.553419,3.03991],[117.551509,3.03625],[117.540122,3.04249],[117.527069,3.04134],[117.525066,3.044654],[117.530102,3.054465],[117.528879,3.058455],[117.526004,3.060459],[117.515663,3.05946],[117.510085,3.063336],[117.509839,3.060952],[117.51154,3.059153],[117.517101,3.058112],[117.523496,3.059357],[117.528327,3.057011],[117.528313,3.053756],[117.520193,3.03793],[117.52355,3.041255],[117.528831,3.039091],[117.538638,3.040943],[117.548804,3.034964],[117.552803,3.035466],[117.554846,3.039355],[117.55352,3.054864],[117.554859,3.056342],[117.562068,3.049982],[117.572147,3.046287],[117.590175,3.054928],[117.601766,3.058564],[117.62123,3.059939],[117.62735,3.052303]],[[117.619722,2.988281],[117.623333,2.992222],[117.627716,2.99353],[117.633814,2.993105],[117.638328,2.987737],[117.633732,2.982223],[117.623055,2.985278],[117.619722,2.988281]],[[117.63676,2.992759],[117.641235,2.992232],[117.642058,2.990832],[117.640621,2.99029],[117.63676,2.992759]],[[117.664444,2.989167],[117.667222,2.986667],[117.671389,2.976667],[117.670833,2.971111],[117.668889,2.968333],[117.659167,2.966111],[117.649236,2.954445],[117.636944,2.956111],[117.632222,2.960278],[117.627222,2.960278],[117.624167,2.956804],[117.617431,2.957918],[117.614444,2.955556],[117.614167,2.949444],[117.609117,2.947984],[117.611825,2.948085],[117.611079,2.946916],[117.613612,2.947916],[117.611279,2.946065],[117.612176,2.942375],[117.613656,2.940971],[117.614025,2.942347],[117.612519,2.94286],[117.612379,2.946007],[117.614584,2.946805],[117.620951,2.944593],[117.622201,2.940292],[117.62417,2.940339],[117.621701,2.94426],[117.623477,2.946812],[117.62084,2.945165],[117.615278,2.946944],[117.615278,2.954444],[117.617222,2.956389],[117.624167,2.955],[117.629722,2.958889],[117.635071,2.951365],[117.63577,2.952838],[117.633928,2.953276],[117.634375,2.954999],[117.649097,2.951805],[117.649912,2.945912],[117.652905,2.945001],[117.650402,2.946094],[117.650833,2.951944],[117.656944,2.956111],[117.662778,2.963333],[117.666667,2.964167],[117.682222,2.962222],[117.691667,2.956389],[117.695833,2.951667],[117.695833,2.948889],[117.691944,2.945],[117.661389,2.935555],[117.644722,2.934444],[117.615556,2.925833],[117.6,2.925555],[117.575555,2.920278],[117.570833,2.921944],[117.5725,2.925],[117.580833,2.927222],[117.583611,2.931111],[117.579684,2.935374],[117.571944,2.936944],[117.575336,2.943276],[117.574549,2.945733],[117.561419,2.95142],[117.565054,2.955476],[117.576781,2.962151],[117.580176,2.95708],[117.579444,2.950278],[117.580278,2.950833],[117.581667,2.955833],[117.578819,2.964306],[117.588889,2.974167],[117.5925,2.974444],[117.595556,2.972778],[117.599703,2.9739],[117.604306,2.972844],[117.605278,2.971106],[117.605694,2.972082],[117.6025,2.975833],[117.603055,2.978055],[117.611667,2.981944],[117.617222,2.9825],[117.629167,2.979167],[117.634722,2.979167],[117.655556,2.988055],[117.664444,2.989167]],[[125.477274,2.947145],[125.480596,2.947632],[125.476789,2.943663],[125.477274,2.947145]],[[125.452219,2.944011],[125.450973,2.942967],[125.450281,2.945265],[125.452219,2.944011]],[[125.477343,2.942967],[125.480319,2.941713],[125.478312,2.938719],[125.477343,2.940181],[125.477343,2.942967]],[[117.684167,2.934444],[117.692908,2.931343],[117.701148,2.931471],[117.703382,2.92967],[117.706111,2.926667],[117.707778,2.920278],[117.711667,2.916389],[117.713056,2.908056],[117.698333,2.9025],[117.67596,2.904473],[117.656389,2.901389],[117.643679,2.901688],[117.61254,2.907799],[117.596494,2.90615],[117.580336,2.910278],[117.590116,2.915296],[117.606944,2.9175],[117.613951,2.921111],[117.63757,2.926111],[117.63816,2.925854],[117.636487,2.924696],[117.636757,2.921976],[117.641201,2.92391],[117.644861,2.923097],[117.645422,2.924464],[117.646389,2.922222],[117.650074,2.922239],[117.648975,2.924218],[117.651472,2.923889],[117.651504,2.923069],[117.650404,2.922265],[117.654778,2.921688],[117.655556,2.924444],[117.657347,2.925194],[117.640362,2.926706],[117.646778,2.927523],[117.656773,2.926363],[117.665555,2.927778],[117.684167,2.934444]],[[117.626935,2.901517],[117.652822,2.894722],[117.676111,2.8975],[117.694968,2.896445],[117.713547,2.898009],[117.719722,2.891667],[117.717181,2.87085],[117.707906,2.861444],[117.692845,2.863009],[117.68886,2.861978],[117.685691,2.863886],[117.681667,2.873333],[117.677014,2.878264],[117.677222,2.882778],[117.674099,2.883516],[117.669926,2.880441],[117.666676,2.880945],[117.669628,2.879629],[117.672865,2.882414],[117.676396,2.882931],[117.676043,2.878264],[117.681944,2.870833],[117.684472,2.863369],[117.674521,2.85778],[117.667564,2.863306],[117.672376,2.857979],[117.667766,2.854726],[117.653677,2.859631],[117.648465,2.860233],[117.643003,2.858652],[117.640849,2.860561],[117.638057,2.871608],[117.630579,2.872307],[117.62904,2.874364],[117.633729,2.880072],[117.638051,2.882585],[117.63814,2.885163],[117.63239,2.885657],[117.633057,2.889722],[117.631748,2.8911],[117.628899,2.890842],[117.626696,2.893224],[117.62368,2.89229],[117.62125,2.893541],[117.620973,2.886944],[117.621389,2.8925],[117.624444,2.891389],[117.626268,2.892529],[117.627214,2.888972],[117.631408,2.889723],[117.630983,2.886675],[117.632362,2.884637],[117.637067,2.884093],[117.627094,2.874878],[117.625676,2.874649],[117.625225,2.876686],[117.624719,2.875679],[117.625057,2.874142],[117.63009,2.870989],[117.636935,2.870746],[117.639567,2.865009],[117.63879,2.857847],[117.635835,2.851573],[117.633704,2.850183],[117.6175,2.856667],[117.60375,2.85892],[117.606403,2.866526],[117.611064,2.868122],[117.611596,2.870832],[117.609883,2.871977],[117.608752,2.871179],[117.610695,2.869514],[117.606111,2.867222],[117.60441,2.862056],[117.601006,2.859636],[117.595364,2.859119],[117.593325,2.861758],[117.591944,2.871389],[117.585761,2.888506],[117.580556,2.889444],[117.572709,2.88368],[117.565997,2.886798],[117.558374,2.885692],[117.552252,2.888028],[117.550789,2.891986],[117.546441,2.890825],[117.543457,2.899941],[117.545556,2.907572],[117.558488,2.908889],[117.56796,2.907703],[117.579193,2.903624],[117.605864,2.904444],[117.626935,2.901517]],[[117.546517,2.912404],[117.54031,2.912419],[117.527054,2.915707],[117.511809,2.91465],[117.504802,2.916022],[117.497264,2.920188],[117.492998,2.925751],[117.480287,2.930282],[117.473426,2.937742],[117.462266,2.939145],[117.455981,2.93543],[117.454543,2.923689],[117.453024,2.92086],[117.447714,2.917987],[117.446531,2.913774],[117.448072,2.909125],[117.44532,2.904228],[117.435711,2.908689],[117.425882,2.905237],[117.420363,2.907657],[117.420409,2.909693],[117.41255,2.910921],[117.40847,2.909878],[117.406505,2.904715],[117.414181,2.898182],[117.414045,2.890147],[117.406611,2.886065],[117.402191,2.889736],[117.399711,2.889512],[117.39613,2.878765],[117.392311,2.875029],[117.370872,2.874133],[117.365777,2.870998],[117.360735,2.864507],[117.359525,2.850315],[117.357125,2.844678],[117.346236,2.854984],[117.339667,2.865018],[117.338668,2.869933],[117.339685,2.880316],[117.338098,2.886047],[117.325301,2.897749],[117.336048,2.901407],[117.343572,2.912215],[117.347736,2.929914],[117.348593,2.944028],[117.352041,2.950448],[117.356682,2.954772],[117.35971,2.955064],[117.364931,2.950757],[117.365501,2.947441],[117.362061,2.94286],[117.36183,2.940072],[117.364875,2.935283],[117.369197,2.934461],[117.375476,2.941296],[117.375224,2.945917],[117.369223,2.948796],[117.368955,2.956962],[117.372268,2.959763],[117.376415,2.959789],[117.383494,2.953991],[117.394798,2.956401],[117.398641,2.954597],[117.405249,2.955944],[117.408858,2.963103],[117.425129,2.966159],[117.447261,2.960729],[117.452261,2.956922],[117.452847,2.954289],[117.480591,2.954792],[117.486318,2.953225],[117.48811,2.950904],[117.487991,2.953665],[117.494455,2.955607],[117.5016,2.954177],[117.514347,2.94626],[117.515688,2.941639],[117.513673,2.939484],[117.501716,2.941594],[117.508772,2.938366],[117.524389,2.938247],[117.532448,2.942796],[117.537153,2.942801],[117.553272,2.947522],[117.553867,2.94656],[117.550041,2.945007],[117.54885,2.942699],[117.552707,2.940027],[117.550045,2.944068],[117.554347,2.945495],[117.555897,2.949763],[117.558668,2.95103],[117.573328,2.94485],[117.573987,2.943592],[117.570519,2.938093],[117.571312,2.935951],[117.579931,2.933826],[117.581735,2.93216],[117.581556,2.92915],[117.574119,2.927129],[117.564216,2.919347],[117.546517,2.912404]],[[117.496111,2.919444],[117.489167,2.925555],[117.4925,2.924722],[117.496111,2.919444]],[[117.345355,2.931318],[117.344455,2.929856],[117.344178,2.932154],[117.345355,2.931318]],[[117.364485,2.937306],[117.364402,2.939222],[117.367237,2.937178],[117.364485,2.937306]],[[117.45515,2.956948],[117.450246,2.961915],[117.453332,2.965372],[117.465608,2.968956],[117.476696,2.966778],[117.478855,2.969734],[117.478678,2.975858],[117.481701,2.98279],[117.522952,3.006109],[117.531477,3.009876],[117.545911,3.012471],[117.555228,3.011125],[117.558466,3.007123],[117.559679,3.002006],[117.557766,2.999859],[117.556685,2.989911],[117.546995,2.992713],[117.542952,2.989828],[117.542941,2.985889],[117.547352,2.981672],[117.547838,2.979249],[117.542701,2.97186],[117.539966,2.971155],[117.537344,2.973523],[117.542692,2.98009],[117.541091,2.983985],[117.533654,2.985461],[117.528649,2.981959],[117.530827,2.97972],[117.529842,2.976896],[117.531679,2.978391],[117.533449,2.98402],[117.537991,2.984096],[117.541592,2.981801],[117.541386,2.979792],[117.536373,2.975281],[117.536174,2.972595],[117.540015,2.968543],[117.534497,2.958205],[117.531276,2.957981],[117.531953,2.96886],[117.527734,2.971614],[117.521109,2.973071],[117.515798,2.978051],[117.520431,2.971857],[117.530017,2.968829],[117.531114,2.964176],[117.529931,2.958233],[117.532763,2.955998],[117.538372,2.960788],[117.542698,2.970116],[117.548535,2.975877],[117.548689,2.981224],[117.545117,2.988281],[117.54608,2.990887],[117.555645,2.987109],[117.56409,2.974748],[117.564328,2.970006],[117.56065,2.964895],[117.528202,2.945833],[117.523671,2.940914],[117.520219,2.94132],[117.517795,2.947965],[117.513162,2.953611],[117.500083,2.958425],[117.499938,2.962031],[117.497745,2.958456],[117.488985,2.956503],[117.479581,2.957729],[117.47196,2.955945],[117.45515,2.956948]],[[117.510221,3.004186],[117.504243,2.998657],[117.49774,2.996718],[117.501996,3.001927],[117.513398,3.010316],[117.510221,3.004186]],[[117.514189,3.004481],[117.519606,3.010026],[117.524649,3.010054],[117.520102,3.00647],[117.514189,3.004481]],[[117.548959,2.947996],[117.550412,2.947299],[117.549235,2.946812],[117.548959,2.947996]],[[117.594018,2.920311],[117.602386,2.923333],[117.611389,2.9225],[117.604575,2.918611],[117.592843,2.918611],[117.594018,2.920311]],[[117.572112,2.918601],[117.574413,2.91592],[117.56888,2.912812],[117.560761,2.912819],[117.556234,2.91466],[117.566722,2.919118],[117.572112,2.918601]],[[117.375338,2.994582],[117.374508,2.991588],[117.372224,2.989777],[117.37257,2.992702],[117.375338,2.994582]],[[117.39,3.016944],[117.388136,3.017418],[117.38599,3.024797],[117.386405,3.027094],[117.390075,3.029113],[117.390629,3.031827],[117.388333,3.038333],[117.382846,3.042091],[117.3825,3.045833],[117.385,3.049722],[117.380833,3.052222],[117.38,3.055555],[117.393333,3.059167],[117.3975,3.065],[117.396111,3.074722],[117.398889,3.076944],[117.404722,3.075833],[117.406667,3.079722],[117.402778,3.084167],[117.402778,3.090556],[117.3925,3.090278],[117.389167,3.091944],[117.389167,3.094722],[117.403056,3.109167],[117.407778,3.109722],[117.417222,3.1075],[117.428056,3.108333],[117.433056,3.110278],[117.448889,3.123055],[117.452222,3.122778],[117.46,3.115833],[117.462778,3.116111],[117.470833,3.110556],[117.478889,3.101111],[117.478611,3.096944],[117.475833,3.094722],[117.465556,3.092222],[117.448889,3.082778],[117.447778,3.084167],[117.453889,3.091944],[117.453611,3.095278],[117.450555,3.099167],[117.445833,3.098056],[117.442778,3.090278],[117.434722,3.095],[117.430833,3.0925],[117.430833,3.084444],[117.433611,3.081944],[117.438889,3.081389],[117.439444,3.079444],[117.4375,3.077778],[117.43,3.076944],[117.428473,3.075276],[117.438333,3.076667],[117.440555,3.079167],[117.439167,3.0825],[117.431944,3.085278],[117.431389,3.089444],[117.433333,3.093333],[117.4425,3.088611],[117.445278,3.090833],[117.448056,3.098056],[117.4525,3.093611],[117.452222,3.091111],[117.447222,3.086667],[117.446944,3.081111],[117.438611,3.0675],[117.438889,3.058889],[117.436944,3.053611],[117.430278,3.043333],[117.421667,3.035],[117.410833,3.036111],[117.403611,3.041945],[117.400556,3.0425],[117.397222,3.040555],[117.395278,3.0375],[117.398056,3.031111],[117.398056,3.026389],[117.394722,3.020833],[117.39,3.016944]],[[117.382738,3.048749],[117.377698,3.044694],[117.370353,3.048361],[117.353878,3.048829],[117.351527,3.054695],[117.351379,3.063887],[117.346684,3.071357],[117.346923,3.075437],[117.351032,3.077846],[117.355622,3.068031],[117.361352,3.065601],[117.365856,3.068982],[117.369456,3.07988],[117.379382,3.077808],[117.383737,3.079741],[117.384097,3.084074],[117.380104,3.088779],[117.375515,3.090093],[117.367484,3.089081],[117.364738,3.090412],[117.362383,3.109771],[117.369156,3.114148],[117.376293,3.110653],[117.379793,3.095799],[117.383727,3.093223],[117.386963,3.093084],[117.390206,3.089357],[117.400555,3.088821],[117.400562,3.083281],[117.405073,3.079115],[117.403823,3.077552],[117.396979,3.07781],[117.395053,3.075991],[117.396093,3.067109],[117.392949,3.060855],[117.379024,3.057446],[117.378448,3.055404],[117.382738,3.048749]],[[117.524688,3.114952],[117.524683,3.114638],[117.524205,3.114622],[117.524688,3.114952]],[[117.528786,3.113705],[117.529273,3.111754],[117.525707,3.109779],[117.518924,3.112438],[117.523186,3.11524],[117.524307,3.114035],[117.528786,3.113705]],[[117.488368,3.110582],[117.488743,3.108941],[117.486595,3.107117],[117.486058,3.109388],[117.487496,3.108427],[117.488368,3.110582]],[[117.486657,3.105807],[117.484875,3.104646],[117.484792,3.106859],[117.486657,3.105807]],[[117.504109,3.106687],[117.50079,3.103065],[117.498185,3.103973],[117.50163,3.106304],[117.504109,3.106687]],[[117.505064,3.104226],[117.507782,3.100242],[117.497689,3.091839],[117.495371,3.092889],[117.487031,3.092014],[117.487939,3.09562],[117.495541,3.102611],[117.500929,3.102018],[117.505064,3.104226]],[[117.557856,3.102989],[117.559412,3.101621],[117.559203,3.09993],[117.555863,3.101993],[117.557856,3.102989]],[[117.55092,3.101933],[117.555776,3.098608],[117.550015,3.096354],[117.546173,3.096039],[117.545819,3.097404],[117.542667,3.096255],[117.544191,3.099649],[117.540458,3.099695],[117.541406,3.096728],[117.539316,3.097273],[117.537588,3.100881],[117.543862,3.10297],[117.55092,3.101933]],[[125.482013,3.097503],[125.482305,3.101346],[125.484647,3.096935],[125.48145,3.092276],[125.477175,3.092192],[125.47699,3.094863],[125.482013,3.097503]],[[117.606592,3.094107],[117.607233,3.088805],[117.60231,3.086156],[117.588733,3.084064],[117.576028,3.083735],[117.572306,3.085331],[117.572177,3.089684],[117.57405,3.09082],[117.592207,3.097098],[117.606592,3.094107]],[[117.603466,3.083757],[117.622891,3.074196],[117.622214,3.069373],[117.619864,3.067587],[117.61517,3.067692],[117.615747,3.0661],[117.613477,3.066447],[117.617218,3.070112],[117.615118,3.07179],[117.612548,3.070896],[117.610603,3.073055],[117.608821,3.071886],[117.606173,3.072853],[117.604735,3.067137],[117.608936,3.065135],[117.602448,3.065175],[117.591025,3.06162],[117.574806,3.054108],[117.574696,3.059644],[117.57623,3.057308],[117.577796,3.058479],[117.576033,3.062249],[117.574049,3.062906],[117.577661,3.06618],[117.578968,3.064777],[117.579973,3.065563],[117.577506,3.069376],[117.581592,3.069243],[117.587712,3.073177],[117.58691,3.075025],[117.582316,3.073242],[117.580447,3.076316],[117.581899,3.076827],[117.581768,3.078612],[117.583638,3.078432],[117.583463,3.076348],[117.585033,3.076903],[117.584862,3.079799],[117.582224,3.080447],[117.586369,3.080846],[117.586334,3.077752],[117.588959,3.078917],[117.590842,3.077234],[117.592264,3.078805],[117.591605,3.081157],[117.603466,3.083757]],[[117.626068,3.083065],[117.632011,3.082647],[117.639088,3.074671],[117.638733,3.070241],[117.633599,3.069268],[117.627023,3.073303],[117.621642,3.081143],[117.626068,3.083065]],[[117.612582,3.06633],[117.610746,3.065478],[117.610152,3.067439],[117.611763,3.067524],[117.612582,3.06633]],[[117.610152,3.068064],[117.610915,3.069456],[117.611226,3.069427],[117.610152,3.068064]],[[125.482809,3.062734],[125.487833,3.062488],[125.490436,3.059104],[125.483333,3.061586],[125.482809,3.062734]],[[117.57234,3.058807],[117.574396,3.055918],[117.572638,3.05277],[117.569852,3.055511],[117.571103,3.05729],[117.567395,3.058184],[117.569251,3.05539],[117.568776,3.052781],[117.570594,3.051824],[117.569691,3.051119],[117.561911,3.058241],[117.566756,3.063265],[117.568583,3.060564],[117.569922,3.062691],[117.571345,3.062322],[117.571254,3.059577],[117.573142,3.061354],[117.573816,3.059264],[117.57234,3.058807]],[[117.5617,3.058895],[117.555129,3.06565],[117.551442,3.071302],[117.551943,3.072754],[117.553247,3.072003],[117.553294,3.073559],[117.556925,3.074465],[117.558007,3.071214],[117.560434,3.07214],[117.563367,3.076421],[117.566169,3.072277],[117.56727,3.073717],[117.567798,3.071689],[117.570342,3.072083],[117.567802,3.074862],[117.568092,3.078253],[117.579693,3.080258],[117.576157,3.078784],[117.577042,3.07575],[117.574418,3.074919],[117.574486,3.072018],[117.576134,3.072543],[117.577497,3.070304],[117.575399,3.069845],[117.576944,3.068743],[117.576119,3.067303],[117.575176,3.068588],[117.575172,3.067611],[117.576242,3.066707],[117.574944,3.064514],[117.570357,3.068701],[117.5644,3.068913],[117.56609,3.066585],[117.564273,3.063691],[117.562299,3.064008],[117.5617,3.058895]],[[117.476838,3.067559],[117.476136,3.070265],[117.478189,3.071178],[117.476838,3.067559]],[[117.474398,3.067001],[117.474167,3.065894],[117.472579,3.069807],[117.474398,3.067001]],[[117.471111,3.065555],[117.471111,3.064167],[117.473611,3.064167],[117.470556,3.062778],[117.470977,3.060305],[117.469167,3.059722],[117.466667,3.059722],[117.465833,3.061389],[117.463333,3.060278],[117.465278,3.061944],[117.463056,3.065],[117.4625,3.063333],[117.458889,3.062778],[117.460278,3.058333],[117.455249,3.057778],[117.457778,3.058611],[117.456944,3.063889],[117.455278,3.064167],[117.455278,3.062222],[117.452666,3.061695],[117.455556,3.064722],[117.453333,3.065],[117.453611,3.067778],[117.455556,3.070278],[117.458889,3.071111],[117.458889,3.072778],[117.453805,3.070514],[117.45375,3.071639],[117.458611,3.073611],[117.463333,3.078889],[117.464167,3.078889],[117.463333,3.076111],[117.467361,3.076124],[117.465146,3.079813],[117.466669,3.080996],[117.469162,3.077098],[117.466944,3.074167],[117.467222,3.071111],[117.469167,3.070833],[117.4675,3.07],[117.468333,3.066667],[117.471111,3.065555]],[[117.449167,3.059167],[117.446667,3.056667],[117.440555,3.055555],[117.440833,3.065278],[117.447778,3.069167],[117.446389,3.063611],[117.448333,3.063333],[117.449167,3.059167]],[[117.441057,3.065965],[117.44136,3.068849],[117.44504,3.07306],[117.446878,3.070377],[117.441057,3.065965]],[[117.44739,3.071383],[117.445383,3.073708],[117.447961,3.079125],[117.460254,3.081697],[117.460839,3.080152],[117.454046,3.073968],[117.44739,3.071383]],[[117.467986,3.081632],[117.472065,3.083396],[117.47818,3.083395],[117.47925,3.081519],[117.479803,3.083289],[117.473041,3.084323],[117.478745,3.087905],[117.484601,3.087288],[117.483019,3.083459],[117.491304,3.086769],[117.495924,3.0818],[117.489325,3.080768],[117.489202,3.077754],[117.487113,3.077761],[117.484395,3.074277],[117.47965,3.078588],[117.47779,3.077237],[117.478208,3.075707],[117.472786,3.074995],[117.473761,3.071005],[117.471126,3.069206],[117.472496,3.072646],[117.470245,3.07239],[117.47148,3.07583],[117.475159,3.076274],[117.474875,3.082934],[117.467986,3.081632]],[[117.505732,3.093797],[117.51455,3.097546],[117.52384,3.098029],[117.516757,3.096765],[117.509527,3.092317],[117.509951,3.086771],[117.513009,3.085698],[117.512286,3.08355],[117.508134,3.085785],[117.506136,3.084648],[117.503842,3.088145],[117.498853,3.083224],[117.500085,3.081115],[117.50305,3.081328],[117.511927,3.078714],[117.506682,3.078397],[117.503385,3.080711],[117.499148,3.080667],[117.498193,3.08366],[117.505732,3.093797]],[[117.52697,3.09822],[117.54216,3.093732],[117.544512,3.088056],[117.542208,3.087578],[117.541702,3.085824],[117.541096,3.087985],[117.537509,3.086608],[117.536894,3.089783],[117.53467,3.090306],[117.534182,3.092261],[117.536538,3.091698],[117.537416,3.089655],[117.537547,3.091992],[117.532145,3.095868],[117.531429,3.094432],[117.532979,3.093316],[117.530201,3.092428],[117.533359,3.091272],[117.532441,3.090333],[117.533564,3.08971],[117.532808,3.087893],[117.531003,3.089192],[117.530134,3.085962],[117.528816,3.085968],[117.526011,3.090522],[117.529744,3.092094],[117.531032,3.094947],[117.529281,3.096085],[117.528194,3.094425],[117.52819,3.09581],[117.529087,3.097183],[117.52697,3.09822]],[[117.565257,3.093087],[117.559746,3.09281],[117.558634,3.090931],[117.557994,3.092758],[117.554791,3.09267],[117.565257,3.093087]],[[117.565413,3.09306],[117.568681,3.091777],[117.569445,3.090593],[117.566761,3.090853],[117.565413,3.09306]],[[117.564475,3.091143],[117.564498,3.086513],[117.561461,3.086088],[117.567728,3.086315],[117.56813,3.082744],[117.556307,3.076724],[117.554191,3.082487],[117.552229,3.083752],[117.555717,3.086317],[117.550562,3.088241],[117.548931,3.084642],[117.547735,3.08525],[117.548947,3.086661],[117.546888,3.086913],[117.545625,3.093084],[117.553958,3.092675],[117.55352,3.089482],[117.556814,3.087669],[117.560082,3.088239],[117.560952,3.091019],[117.564475,3.091143]],[[117.568822,3.089905],[117.569108,3.090275],[117.569677,3.089498],[117.568822,3.089905]],[[117.564543,3.076861],[117.566398,3.077187],[117.56663,3.075936],[117.56607,3.075613],[117.564543,3.076861]],[[117.547194,3.075024],[117.546961,3.073934],[117.534058,3.072304],[117.531197,3.074903],[117.534643,3.077386],[117.53495,3.073721],[117.537237,3.07344],[117.539772,3.077875],[117.547194,3.075024]],[[117.51612,3.072198],[117.517022,3.073625],[117.531319,3.073182],[117.51612,3.072198]],[[117.5051,3.070106],[117.498922,3.071606],[117.502488,3.07461],[117.504868,3.072603],[117.506565,3.072856],[117.506137,3.071569],[117.510725,3.073184],[117.511154,3.075013],[117.505584,3.077227],[117.505727,3.074685],[117.503677,3.073987],[117.499977,3.077207],[117.50214,3.079557],[117.508477,3.076604],[117.514295,3.076683],[117.515932,3.073278],[117.5051,3.070106]],[[117.482665,3.070535],[117.481267,3.074725],[117.482981,3.074698],[117.483482,3.072497],[117.48765,3.073902],[117.484643,3.071038],[117.482665,3.070535]],[[117.49273,3.074137],[117.496109,3.076072],[117.494957,3.08022],[117.496615,3.075388],[117.49273,3.074137]],[[117.498625,3.075695],[117.499841,3.074527],[117.498487,3.071734],[117.497862,3.071796],[117.498625,3.075695]],[[117.494714,3.071435],[117.494169,3.07227],[117.495501,3.072801],[117.494714,3.071435]],[[117.512575,3.078889],[117.5137,3.079488],[117.515564,3.078406],[117.518414,3.074833],[117.517568,3.075154],[117.512575,3.078889]],[[117.510691,3.079436],[117.510667,3.080554],[117.511756,3.080816],[117.510691,3.079436]],[[117.50875,3.07996],[117.507069,3.08222],[117.509294,3.081935],[117.509578,3.083434],[117.510667,3.080816],[117.50875,3.07996]],[[117.518196,3.083739],[117.518297,3.086008],[117.52242,3.082352],[117.523676,3.084254],[117.525142,3.0808],[117.52663,3.082149],[117.528058,3.077158],[117.523685,3.076051],[117.526581,3.077458],[117.518196,3.083739]],[[117.527681,3.086562],[117.528095,3.084585],[117.526984,3.085306],[117.527681,3.086562]],[[117.521875,3.086363],[117.519829,3.087385],[117.520211,3.09034],[117.515535,3.092117],[117.518716,3.095685],[117.521201,3.094591],[117.521606,3.096648],[117.522005,3.091072],[117.523736,3.095583],[117.526907,3.094376],[117.523397,3.088191],[117.522897,3.090727],[117.521875,3.086363]],[[117.516253,3.086624],[117.515708,3.089123],[117.517886,3.088885],[117.516253,3.086624]],[[117.537917,3.086051],[117.540116,3.086133],[117.539302,3.083921],[117.540958,3.083839],[117.541555,3.079172],[117.539546,3.080318],[117.537917,3.086051]],[[117.532696,3.086403],[117.531677,3.086912],[117.532174,3.087416],[117.532696,3.086403]],[[117.541734,3.085066],[117.544079,3.085093],[117.546361,3.081787],[117.55008,3.083521],[117.551467,3.080265],[117.552807,3.081132],[117.553956,3.076814],[117.542618,3.078875],[117.545196,3.080107],[117.54162,3.081358],[117.543701,3.083134],[117.541734,3.085066]],[[117.531214,3.077847],[117.53181,3.080323],[117.528111,3.082598],[117.528616,3.085541],[117.530294,3.085207],[117.531593,3.080781],[117.53247,3.081836],[117.534452,3.080386],[117.531214,3.077847]],[[117.533195,3.085278],[117.535144,3.082184],[117.534837,3.084736],[117.535965,3.08502],[117.536529,3.080482],[117.533837,3.081643],[117.533195,3.085278]],[[117.523087,3.075939],[117.52245,3.075986],[117.522946,3.076489],[117.523087,3.075939]],[[117.518194,3.079128],[117.516229,3.083054],[117.517105,3.083054],[117.51959,3.080294],[117.521792,3.080579],[117.518194,3.079128]],[[117.53531,3.092822],[117.534848,3.092937],[117.534962,3.093229],[117.53531,3.092822]],[[117.452366,3.070805],[117.450732,3.067492],[117.451591,3.06635],[117.450428,3.06752],[117.449901,3.066406],[117.452366,3.062758],[117.450732,3.062007],[117.449043,3.068327],[117.452366,3.070805]],[[117.453524,3.061527],[117.455131,3.059634],[117.453774,3.059439],[117.453524,3.061527]],[[117.558392,3.074181],[117.559299,3.073795],[117.558682,3.073431],[117.558392,3.074181]],[[117.559323,3.072926],[117.559894,3.073353],[117.559907,3.072425],[117.559323,3.072926]],[[117.581627,3.073165],[117.582159,3.071537],[117.581599,3.070935],[117.580925,3.0713],[117.581627,3.073165]],[[117.579276,3.070785],[117.577905,3.070753],[117.578005,3.073125],[117.579879,3.072788],[117.579276,3.070785]],[[117.528405,3.101344],[117.530516,3.099716],[117.52085,3.100861],[117.523462,3.101498],[117.528405,3.101344]],[[117.484573,3.107466],[117.4828,3.107634],[117.484156,3.107864],[117.485537,3.110024],[117.485299,3.10843],[117.484573,3.107466]],[[117.479865,3.107696],[117.47766,3.108886],[117.477396,3.110562],[117.478736,3.110264],[117.479865,3.107696]],[[117.4843,3.108908],[117.482359,3.108334],[117.482102,3.109741],[117.4843,3.108908]],[[117.472086,3.112174],[117.470725,3.113333],[117.471281,3.113667],[117.472086,3.112174]],[[117.365008,3.031978],[117.367525,3.036857],[117.370433,3.033429],[117.365008,3.031978]],[[117.193392,2.772625],[117.195236,2.775547],[117.197844,2.775714],[117.19448,2.772766],[117.193392,2.772625]],[[117.118686,2.749161],[117.120535,2.747028],[117.121649,2.743613],[117.116991,2.746169],[117.118686,2.749161]],[[117.692579,2.852278],[117.698709,2.84725],[117.70175,2.844208],[117.701764,2.841722],[117.695624,2.83811],[117.686484,2.836995],[117.685362,2.835877],[117.685084,2.830056],[117.682044,2.828958],[117.684236,2.828681],[117.685918,2.830068],[117.685919,2.835333],[117.687322,2.836459],[117.694238,2.836732],[117.699822,2.839778],[117.707862,2.838389],[117.721741,2.831705],[117.723125,2.827542],[117.729542,2.828372],[117.728703,2.826987],[117.737848,2.817265],[117.735081,2.809792],[117.729521,2.807011],[117.718681,2.807292],[117.718406,2.808386],[117.712028,2.807264],[117.710917,2.808929],[117.699528,2.805597],[117.69146,2.800611],[117.688986,2.80036],[117.687598,2.80312],[117.687581,2.800583],[117.682042,2.798389],[117.670648,2.79865],[117.667014,2.799222],[117.666742,2.800599],[117.658148,2.800048],[117.653446,2.802828],[117.641458,2.815875],[117.642222,2.817778],[117.649167,2.824167],[117.658056,2.837222],[117.666111,2.841667],[117.678333,2.851667],[117.682778,2.851111],[117.692579,2.852278]],[[117.713111,2.839793],[117.7148,2.838944],[117.714537,2.837829],[117.713125,2.838122],[117.714246,2.838359],[117.713111,2.839793]],[[117.628055,2.799444],[117.616389,2.802778],[117.612778,2.806389],[117.610278,2.8125],[117.613333,2.813056],[117.620556,2.809722],[117.629272,2.802519],[117.630556,2.800278],[117.628055,2.799444]],[[117.630833,2.813056],[117.640626,2.812958],[117.6475,2.806944],[117.650278,2.802222],[117.645833,2.802222],[117.635,2.805833],[117.629444,2.811389],[117.630833,2.813056]],[[125.168143,2.724642],[125.165494,2.726684],[125.164091,2.731707],[125.159388,2.73602],[125.162161,2.741465],[125.167282,2.745283],[125.176003,2.741321],[125.179081,2.735816],[125.1752,2.727531],[125.172805,2.725197],[125.168143,2.724642]],[[118.198753,2.38316],[118.202861,2.38366],[118.207379,2.378769],[118.210201,2.371],[118.221338,2.359216],[118.221078,2.354631],[118.216549,2.34866],[118.211492,2.351038],[118.203537,2.361271],[118.200073,2.369821],[118.194297,2.376341],[118.193656,2.378482],[118.198753,2.38316]],[[125.298768,2.348555],[125.295539,2.351981],[125.294266,2.358129],[125.298802,2.364367],[125.301512,2.36523],[125.304775,2.360337],[125.304989,2.355025],[125.309244,2.351454],[125.306044,2.348144],[125.298768,2.348555]],[[118.131749,2.329685],[118.128835,2.332567],[118.130391,2.335419],[118.132778,2.334942],[118.134458,2.331936],[118.131749,2.329685]],[[118.562318,2.298844],[118.567204,2.311199],[118.570073,2.312634],[118.572538,2.31184],[118.579844,2.30623],[118.591493,2.289391],[118.607549,2.272796],[118.615763,2.266462],[118.635331,2.255949],[118.637669,2.252252],[118.63692,2.247687],[118.621887,2.253012],[118.614349,2.262835],[118.596106,2.271667],[118.590528,2.27751],[118.589549,2.281984],[118.587328,2.283218],[118.573731,2.304125],[118.569464,2.304857],[118.565477,2.291108],[118.566431,2.2844],[118.563781,2.278163],[118.567809,2.266261],[118.566818,2.263387],[118.569204,2.255969],[118.57233,2.251722],[118.572657,2.24749],[118.585368,2.225794],[118.593161,2.214461],[118.607442,2.209623],[118.611085,2.201613],[118.625775,2.186505],[118.636032,2.18196],[118.644397,2.174868],[118.649116,2.173286],[118.65349,2.163236],[118.644521,2.172103],[118.623457,2.18201],[118.618286,2.182217],[118.603685,2.198723],[118.609044,2.188925],[118.598828,2.193974],[118.591454,2.205163],[118.586054,2.210043],[118.575387,2.227503],[118.566719,2.235303],[118.567705,2.236202],[118.562318,2.247952],[118.562818,2.269226],[118.56041,2.279016],[118.562318,2.298844]],[[118.599711,2.260805],[118.602033,2.256173],[118.597303,2.257633],[118.594209,2.261875],[118.597536,2.259517],[118.599711,2.260805]],[[118.591949,2.260193],[118.589266,2.262888],[118.590997,2.262929],[118.591949,2.260193]],[[118.63482,2.232626],[118.634701,2.234194],[118.637578,2.234191],[118.636903,2.232773],[118.63482,2.232626]],[[118.643283,2.232561],[118.64508,2.230911],[118.644801,2.229784],[118.643867,2.229874],[118.643283,2.232561]],[[118.63998,2.23034],[118.638331,2.22872],[118.636888,2.230675],[118.63998,2.23034]],[[118.650819,2.219422],[118.650893,2.220872],[118.652881,2.221673],[118.653482,2.218462],[118.650819,2.219422]],[[117.925295,2.179865],[117.927719,2.173447],[117.926198,2.167591],[117.923585,2.162263],[117.917173,2.156666],[117.904768,2.16662],[117.892887,2.189481],[117.899153,2.195668],[117.903568,2.206608],[117.905462,2.206968],[117.913611,2.1975],[117.925295,2.179865]],[[118.511606,2.156742],[118.51496,2.160685],[118.520879,2.162359],[118.537861,2.161371],[118.541983,2.150179],[118.561954,2.12489],[118.562733,2.116731],[118.557437,2.119456],[118.542882,2.134178],[118.538221,2.13706],[118.526952,2.139999],[118.518155,2.140037],[118.505203,2.135459],[118.511606,2.156742]],[[117.955943,2.130293],[117.956915,2.127844],[117.954849,2.126166],[117.957988,2.124134],[117.954985,2.118322],[117.930808,2.106156],[117.927665,2.10531],[117.924654,2.1066],[117.920951,2.101782],[117.913368,2.098632],[117.908438,2.099352],[117.902014,2.107332],[117.905002,2.117999],[117.901389,2.128333],[117.88314,2.142128],[117.868797,2.148018],[117.861244,2.14693],[117.852287,2.133126],[117.840325,2.126881],[117.830711,2.118378],[117.827567,2.117789],[117.814943,2.121132],[117.811513,2.122945],[117.809754,2.131126],[117.807738,2.170623],[117.801516,2.183989],[117.812359,2.192611],[117.825687,2.192437],[117.827835,2.190562],[117.828436,2.184906],[117.83801,2.178891],[117.844488,2.168497],[117.86373,2.157295],[117.877331,2.153647],[117.891042,2.155486],[117.914688,2.143657],[117.945034,2.136907],[117.955943,2.130293]],[[118.735013,2.112595],[118.733664,2.113685],[118.733602,2.115513],[118.736341,2.113796],[118.735013,2.112595]],[[118.7297,2.0997],[118.729711,2.102326],[118.73347,2.104962],[118.731671,2.101038],[118.7297,2.0997]],[[117.902598,2.098624],[117.915083,2.08965],[117.911733,2.08453],[117.904834,2.080589],[117.898682,2.079187],[117.880286,2.081424],[117.866252,2.085418],[117.8578,2.09022],[117.842889,2.101679],[117.830214,2.115424],[117.840278,2.124414],[117.853877,2.132382],[117.861713,2.145593],[117.866087,2.146348],[117.880556,2.140278],[117.899643,2.126304],[117.900772,2.124006],[117.898157,2.105865],[117.902598,2.098624]],[[118.3991,2.084335],[118.397469,2.0858],[118.397839,2.087917],[118.402377,2.085518],[118.3991,2.084335]],[[117.854517,2.079429],[117.879668,2.069342],[117.898838,2.056959],[117.907183,2.05614],[117.9119,2.050873],[117.911356,2.045571],[117.906667,2.04],[117.903121,2.04134],[117.893335,2.037854],[117.885203,2.041007],[117.883889,2.044167],[117.883333,2.042778],[117.884414,2.040871],[117.887757,2.039873],[117.889877,2.037681],[117.889381,2.036332],[117.878009,2.035792],[117.859258,2.024479],[117.847124,2.024885],[117.843915,2.028816],[117.8445,2.038244],[117.853889,2.037778],[117.862222,2.034444],[117.864444,2.036389],[117.864652,2.045416],[117.86729,2.044097],[117.868333,2.041389],[117.871598,2.042084],[117.870832,2.048475],[117.869167,2.046389],[117.870278,2.042221],[117.866389,2.046389],[117.863333,2.045555],[117.863611,2.037222],[117.862222,2.035833],[117.846667,2.04],[117.847222,2.048056],[117.845278,2.053611],[117.846389,2.059722],[117.84514,2.064792],[117.850348,2.069098],[117.844167,2.065],[117.845,2.056389],[117.843611,2.053611],[117.83389,2.05507],[117.841111,2.057778],[117.840069,2.05986],[117.836389,2.061389],[117.835556,2.067222],[117.835278,2.060833],[117.84,2.057778],[117.828505,2.053957],[117.843611,2.051667],[117.844722,2.048056],[117.842721,2.042237],[117.827687,2.033411],[117.804718,2.025915],[117.802026,2.026961],[117.801387,2.029279],[117.803594,2.036662],[117.803036,2.042084],[117.806944,2.048819],[117.806036,2.057493],[117.804583,2.054167],[117.806111,2.048889],[117.801694,2.042069],[117.79721,2.041358],[117.789495,2.036156],[117.787875,2.037727],[117.786944,2.048611],[117.784167,2.052222],[117.778889,2.052222],[117.775833,2.048611],[117.773889,2.048611],[117.772222,2.054167],[117.769444,2.056667],[117.766111,2.050278],[117.762778,2.053611],[117.762778,2.050555],[117.766667,2.049444],[117.769722,2.054722],[117.771389,2.049722],[117.774722,2.046944],[117.779722,2.050833],[117.783611,2.051111],[117.786175,2.047017],[117.786423,2.038356],[117.787953,2.035446],[117.791089,2.03532],[117.800046,2.040887],[117.801887,2.03793],[117.797111,2.027419],[117.785555,2.022541],[117.774026,2.021666],[117.766196,2.023415],[117.758889,2.027778],[117.754722,2.033611],[117.749722,2.046944],[117.744167,2.051389],[117.737016,2.053015],[117.729002,2.0505],[117.723639,2.045614],[117.720504,2.036112],[117.716512,2.032269],[117.712804,2.035804],[117.706461,2.050233],[117.709558,2.05329],[117.718747,2.056141],[117.721898,2.060786],[117.721315,2.067276],[117.714028,2.074866],[117.713431,2.079862],[117.724278,2.080123],[117.730348,2.084684],[117.739165,2.08503],[117.753724,2.094659],[117.767689,2.099947],[117.785,2.096389],[117.79,2.099167],[117.795627,2.109786],[117.801123,2.111624],[117.823857,2.10878],[117.829034,2.104572],[117.831111,2.097222],[117.811944,2.090833],[117.809167,2.088056],[117.81,2.083333],[117.813958,2.079792],[117.817735,2.081403],[117.812222,2.082778],[117.810555,2.085556],[117.811667,2.089444],[117.831944,2.096389],[117.834726,2.095133],[117.8423,2.08617],[117.854517,2.079429]],[[117.744764,2.095791],[117.735042,2.086625],[117.732264,2.087458],[117.730597,2.090791],[117.724496,2.091836],[117.724634,2.096004],[117.728653,2.095791],[117.726709,2.102736],[117.723106,2.102875],[117.723037,2.113877],[117.728931,2.11968],[117.729486,2.123569],[117.726782,2.123499],[117.726506,2.134154],[117.729486,2.134125],[117.729208,2.136624],[117.724764,2.149958],[117.718097,2.156069],[117.713931,2.163291],[117.721431,2.164124],[117.730597,2.168569],[117.739486,2.169958],[117.752542,2.169402],[117.766153,2.164958],[117.774486,2.170236],[117.780875,2.182458],[117.799209,2.180236],[117.802264,2.176902],[117.804209,2.167458],[117.804209,2.146902],[117.801708,2.128847],[117.803097,2.121624],[117.790598,2.113291],[117.788375,2.113569],[117.783098,2.11968],[117.774209,2.123013],[117.764764,2.11968],[117.762542,2.11718],[117.761709,2.113847],[117.763653,2.113847],[117.764764,2.117736],[117.776153,2.121069],[117.779486,2.11968],[117.785042,2.112458],[117.789764,2.110235],[117.788927,2.099402],[117.784138,2.096967],[117.783653,2.09968],[117.777967,2.098443],[117.768347,2.101855],[117.767544,2.104402],[117.744764,2.095791]],[[117.719444,2.165555],[117.713611,2.165555],[117.7075,2.170555],[117.715833,2.176111],[117.731389,2.183056],[117.753611,2.185278],[117.776667,2.181389],[117.774167,2.1725],[117.7675,2.166389],[117.763333,2.166389],[117.752222,2.171389],[117.735556,2.1725],[117.719444,2.165555]],[[117.680426,2.180266],[117.680042,2.178384],[117.674945,2.179238],[117.672567,2.180685],[117.671756,2.183933],[117.672913,2.184626],[117.680426,2.180266]],[[117.670555,2.180833],[117.656667,2.186667],[117.652222,2.193333],[117.666667,2.188056],[117.670555,2.180833]],[[117.646923,2.201954],[117.645123,2.20526],[117.650016,2.207962],[117.653766,2.207989],[117.66272,2.202523],[117.682345,2.197019],[117.685437,2.193526],[117.684643,2.182347],[117.68072,2.18167],[117.646923,2.201954]],[[117.86856,2.157298],[117.844159,2.170779],[117.838869,2.179451],[117.829319,2.185434],[117.828372,2.192029],[117.839593,2.191648],[117.856219,2.187939],[117.881318,2.176838],[117.884361,2.166448],[117.883975,2.161697],[117.86856,2.157298]],[[117.890002,2.189939],[117.891883,2.187527],[117.897446,2.16891],[117.896462,2.167251],[117.891443,2.169406],[117.883566,2.179662],[117.872875,2.185309],[117.870696,2.188237],[117.874519,2.19052],[117.890002,2.189939]],[[117.88061,2.159444],[117.8825,2.158129],[117.880701,2.154779],[117.872103,2.156971],[117.87584,2.15892],[117.88061,2.159444]],[[118.327568,2.141474],[118.331752,2.13992],[118.332855,2.135621],[118.330648,2.13727],[118.330365,2.13625],[118.334044,2.132718],[118.330748,2.131204],[118.327814,2.13347],[118.329282,2.135693],[118.325069,2.134365],[118.323833,2.13804],[118.327568,2.141474]],[[118.245463,2.286623],[118.248047,2.284628],[118.244461,2.281804],[118.242213,2.281985],[118.239488,2.285156],[118.241004,2.286797],[118.245463,2.286623]],[[117.591844,2.198969],[117.600981,2.195681],[117.601724,2.192476],[117.588959,2.183253],[117.579714,2.183517],[117.580233,2.186803],[117.591844,2.198969]],[[117.584167,2.193611],[117.581667,2.190833],[117.581389,2.190833],[117.580833,2.191944],[117.584167,2.193611]],[[117.680278,2.076667],[117.675555,2.073333],[117.674444,2.062222],[117.670278,2.058056],[117.665278,2.056389],[117.650833,2.056944],[117.65,2.058611],[117.652778,2.064167],[117.651944,2.0675],[117.641389,2.067778],[117.639444,2.073889],[117.640556,2.078056],[117.6475,2.076111],[117.651667,2.077778],[117.6525,2.089167],[117.655,2.091667],[117.660833,2.091389],[117.680833,2.084444],[117.686111,2.078333],[117.685555,2.076667],[117.680278,2.076667]],[[117.647292,2.07776],[117.641962,2.080058],[117.6421,2.081938],[117.646461,2.084584],[117.649576,2.090016],[117.651721,2.090713],[117.650614,2.079222],[117.647292,2.07776]],[[125.086825,1.881609],[125.09756,1.888157],[125.099306,1.88726],[125.097379,1.884372],[125.09859,1.87705],[125.094288,1.872268],[125.088462,1.855661],[125.08889,1.843722],[125.086947,1.837617],[125.070562,1.824925],[125.06906,1.819306],[125.065247,1.817939],[125.060611,1.806949],[125.050746,1.804423],[125.048007,1.809454],[125.05117,1.823309],[125.055754,1.836047],[125.064071,1.844146],[125.064598,1.856433],[125.066516,1.859093],[125.074422,1.861808],[125.08306,1.872607],[125.086825,1.881609]],[[125.134165,1.846961],[125.136388,1.847651],[125.139637,1.839582],[125.147351,1.830184],[125.146453,1.825757],[125.150185,1.821584],[125.153079,1.82152],[125.15775,1.817513],[125.15878,1.811211],[125.166168,1.80288],[125.171935,1.802982],[125.1753,1.80489],[125.181536,1.801376],[125.188164,1.801235],[125.188818,1.79984],[125.185174,1.796621],[125.186572,1.794492],[125.185627,1.791313],[125.187475,1.788324],[125.186962,1.786195],[125.188759,1.784258],[125.185333,1.779649],[125.187062,1.77572],[125.18124,1.771793],[125.177581,1.771267],[125.174644,1.768228],[125.159776,1.769033],[125.148996,1.757813],[125.147974,1.753729],[125.157148,1.749345],[125.159771,1.74963],[125.161356,1.746979],[125.153301,1.747908],[125.149012,1.746709],[125.151365,1.737033],[125.150609,1.734682],[125.13995,1.745785],[125.135074,1.748186],[125.13212,1.753149],[125.130767,1.781634],[125.127482,1.788578],[125.12028,1.795907],[125.118484,1.802081],[125.112751,1.811794],[125.114103,1.817869],[125.118087,1.816595],[125.133057,1.822747],[125.132116,1.825242],[125.126203,1.82599],[125.125112,1.831855],[125.126361,1.837072],[125.12953,1.839304],[125.134165,1.846961]],[[125.157383,1.740688],[125.154649,1.743408],[125.155731,1.745458],[125.159262,1.743725],[125.157383,1.740688]],[[124.763693,1.745717],[124.76884,1.741066],[124.770772,1.735262],[124.76932,1.731626],[124.770028,1.726424],[124.776199,1.715963],[124.780894,1.700189],[124.778151,1.695447],[124.770197,1.692055],[124.760509,1.694142],[124.746253,1.701483],[124.733009,1.71461],[124.731313,1.719491],[124.73053,1.727188],[124.734213,1.73084],[124.736285,1.730942],[124.734642,1.732432],[124.736042,1.733478],[124.739655,1.731432],[124.740794,1.727883],[124.74565,1.722903],[124.7471,1.723587],[124.749498,1.731439],[124.756639,1.741734],[124.753363,1.749009],[124.758231,1.753348],[124.763693,1.745717]],[[124.957831,1.709746],[124.956634,1.711825],[124.958534,1.709891],[124.957831,1.709746]],[[124.94976,1.700366],[124.951052,1.700506],[124.953256,1.698737],[124.955716,1.691793],[124.955563,1.687217],[124.953634,1.686681],[124.950397,1.691717],[124.948653,1.690703],[124.94976,1.700366]],[[124.74001,1.732705],[124.733889,1.74424],[124.736194,1.750786],[124.739517,1.75277],[124.743824,1.749021],[124.744213,1.741513],[124.746339,1.741726],[124.749376,1.737211],[124.745851,1.728207],[124.74001,1.732705]],[[124.749031,1.751813],[124.749893,1.750239],[124.749232,1.749881],[124.749031,1.751813]],[[124.750541,1.745697],[124.745718,1.746927],[124.74707,1.750279],[124.750541,1.745697]],[[125.057331,1.786882],[125.056904,1.778328],[125.05951,1.770815],[125.057853,1.764864],[125.051282,1.759247],[125.049341,1.761113],[125.048815,1.764947],[125.052343,1.773577],[125.053134,1.783132],[125.057331,1.786882]],[[125.035789,1.765525],[125.037844,1.762445],[125.037613,1.76101],[125.033895,1.763618],[125.035789,1.765525]],[[124.797561,1.775543],[124.789785,1.777078],[124.78745,1.785413],[124.792398,1.794697],[124.797857,1.793391],[124.79628,1.786602],[124.797561,1.775543]],[[119.036916,1.78229],[119.03673,1.780421],[119.035437,1.779875],[119.035336,1.781433],[119.036916,1.78229]],[[118.998611,1.789167],[118.996111,1.7875],[118.993889,1.788611],[118.996111,1.790278],[118.998611,1.789167]],[[125.056395,1.794237],[125.058872,1.795602],[125.058318,1.791451],[125.055827,1.788957],[125.0558,1.791451],[125.056395,1.794237]],[[124.803821,1.784807],[124.804688,1.784632],[124.804374,1.783763],[124.803821,1.784807]],[[125.091884,1.829937],[125.090407,1.836194],[125.09784,1.843835],[125.09953,1.842491],[125.098697,1.839484],[125.100372,1.834959],[125.098929,1.832096],[125.094417,1.832482],[125.091884,1.829937]],[[124.684074,1.640647],[124.691602,1.647393],[124.701642,1.649583],[124.707903,1.647292],[124.716133,1.640113],[124.716242,1.627992],[124.711677,1.623654],[124.698161,1.616601],[124.687858,1.619031],[124.685907,1.621354],[124.683734,1.62146],[124.68262,1.624318],[124.68178,1.635728],[124.684074,1.640647]],[[124.801189,1.636903],[124.804688,1.633091],[124.80574,1.629095],[124.804269,1.626953],[124.800027,1.628284],[124.801189,1.636903]],[[124.773669,1.628702],[124.777329,1.625224],[124.781497,1.614351],[124.781135,1.595302],[124.772632,1.600599],[124.770963,1.603954],[124.770182,1.613397],[124.765623,1.619552],[124.748336,1.619563],[124.738571,1.615859],[124.73605,1.617271],[124.736786,1.627431],[124.739298,1.630837],[124.74484,1.633957],[124.753721,1.62871],[124.759416,1.627262],[124.767649,1.627025],[124.773669,1.628702]],[[118.951111,1.563889],[118.9525,1.561667],[118.944722,1.556944],[118.943611,1.557778],[118.944444,1.560278],[118.951111,1.563889]],[[118.630833,1.524722],[118.635556,1.526111],[118.638611,1.523611],[118.636111,1.522778],[118.630833,1.524722]],[[118.91,1.523056],[118.911667,1.5225],[118.906111,1.516111],[118.903889,1.515833],[118.904167,1.517222],[118.91,1.523056]],[[118.53285,1.467782],[118.535,1.467778],[118.535833,1.466667],[118.533889,1.466111],[118.53285,1.467782]],[[118.474161,1.46664],[118.474231,1.46184],[118.472159,1.463452],[118.472965,1.467003],[118.474161,1.46664]],[[118.468825,1.467559],[118.472414,1.454956],[118.473331,1.456122],[118.472047,1.459343],[118.4745,1.460399],[118.477288,1.458254],[118.478372,1.454823],[118.481652,1.45357],[118.479823,1.450028],[118.487276,1.4492],[118.48582,1.443946],[118.49176,1.448893],[118.492783,1.448428],[118.490886,1.445365],[118.49718,1.443221],[118.498715,1.440008],[118.489454,1.4388],[118.493553,1.435406],[118.497736,1.427602],[118.495732,1.424566],[118.493301,1.424955],[118.495564,1.420341],[118.498358,1.416343],[118.502903,1.416275],[118.501037,1.412094],[118.505097,1.411881],[118.506942,1.408639],[118.510132,1.411581],[118.512645,1.409565],[118.511897,1.407906],[118.515397,1.406671],[118.517095,1.403874],[118.516926,1.396588],[118.521232,1.392445],[118.523901,1.39463],[118.527414,1.393428],[118.529575,1.385802],[118.51706,1.385375],[118.514171,1.382697],[118.503215,1.380374],[118.496233,1.384766],[118.484221,1.38898],[118.480507,1.39271],[118.471267,1.405855],[118.465474,1.422894],[118.469389,1.428266],[118.474761,1.430978],[118.478636,1.430156],[118.480687,1.432296],[118.477178,1.438765],[118.473894,1.439407],[118.471698,1.438115],[118.470272,1.439673],[118.465811,1.439772],[118.469896,1.445173],[118.469347,1.447282],[118.466129,1.44696],[118.466618,1.449719],[118.464535,1.451553],[118.460736,1.450588],[118.457283,1.463022],[118.463061,1.464371],[118.465541,1.467355],[118.468825,1.467559]],[[118.496319,1.435826],[118.495776,1.4372],[118.498986,1.437156],[118.498297,1.436054],[118.496319,1.435826]],[[118.504151,1.414659],[118.505816,1.416308],[118.506365,1.414251],[118.504151,1.414659]],[[118.528899,1.394746],[118.531389,1.397321],[118.53432,1.393274],[118.539041,1.392653],[118.542801,1.396523],[118.544038,1.395857],[118.541523,1.391278],[118.536186,1.387168],[118.531644,1.38877],[118.528899,1.394746]],[[118.53261,1.386017],[118.533718,1.385153],[118.532928,1.383774],[118.532333,1.384081],[118.53261,1.386017]],[[118.423988,1.405924],[118.424974,1.404673],[118.421651,1.404289],[118.422229,1.405215],[118.423988,1.405924]],[[118.441338,1.428668],[118.439954,1.427972],[118.439263,1.430061],[118.441338,1.428668]],[[118.392487,1.426863],[118.394074,1.427609],[118.39468,1.426438],[118.392487,1.426863]],[[118.449544,1.396492],[118.452823,1.386339],[118.448079,1.381387],[118.444574,1.380647],[118.440245,1.385279],[118.439643,1.394561],[118.442686,1.39403],[118.449544,1.396492]],[[118.437265,1.381026],[118.436803,1.380336],[118.435117,1.381729],[118.437265,1.381026]],[[118.461814,1.37243],[118.462641,1.375945],[118.463588,1.376674],[118.464585,1.374407],[118.461814,1.37243]],[[118.554117,1.374828],[118.555097,1.376103],[118.562118,1.372906],[118.556137,1.368465],[118.554117,1.374828]],[[120.887778,1.374444],[120.891944,1.370556],[120.892222,1.365833],[120.885833,1.3575],[120.881667,1.358333],[120.881944,1.37],[120.887778,1.374444]],[[118.545676,1.365115],[118.542839,1.364279],[118.543739,1.36797],[118.545676,1.365115]],[[118.544265,1.372395],[118.543213,1.373747],[118.544528,1.374332],[118.544265,1.372395]],[[118.69592,1.265276],[118.700902,1.2621],[118.702286,1.259926],[118.697235,1.26249],[118.69592,1.265276]],[[118.789202,1.134766],[118.79269,1.131278],[118.794287,1.126855],[118.786569,1.131045],[118.789202,1.134766]],[[118.835556,1.116111],[118.838611,1.120833],[118.840708,1.121201],[118.846667,1.118055],[118.846944,1.113889],[118.843056,1.112778],[118.835556,1.116111]],[[121.05938,1.316175],[121.060484,1.318167],[121.061273,1.31761],[121.061085,1.316576],[121.05938,1.316175]],[[121.361327,1.268577],[121.361208,1.270486],[121.365126,1.272399],[121.364362,1.268261],[121.361327,1.268577]],[[124.510839,1.304003],[124.511854,1.298684],[124.509301,1.295787],[124.506789,1.295557],[124.503398,1.300415],[124.50596,1.304314],[124.510839,1.304003]],[[121.833702,1.119528],[121.838359,1.123572],[121.842586,1.12532],[121.844404,1.124278],[121.84058,1.117935],[121.833702,1.119528]],[[121.810388,1.093318],[121.810181,1.095533],[121.811836,1.097227],[121.813201,1.095285],[121.810388,1.093318]],[[121.971156,1.064572],[121.970885,1.069146],[121.972913,1.071557],[121.976563,1.067104],[121.975325,1.061193],[121.970424,1.054688],[121.963594,1.050882],[121.963728,1.054688],[121.971156,1.064572]],[[121.961131,1.049867],[121.960417,1.049863],[121.96142,1.051442],[121.961131,1.049867]],[[122.435852,1.005197],[122.436529,1.007607],[122.440276,1.005105],[122.440296,1.003456],[122.437342,1.002986],[122.435852,1.005197]],[[122.662745,1.00362],[122.666752,1.001568],[122.667157,0.996622],[122.665316,0.994406],[122.664609,0.986725],[122.659242,0.992053],[122.653714,0.993683],[122.653542,0.998409],[122.662745,1.00362]],[[122.930385,0.988002],[122.93469,0.985915],[122.932782,0.981898],[122.928616,0.985157],[122.930385,0.988002]],[[122.526111,0.985833],[122.521944,0.986944],[122.5225,0.989167],[122.521111,0.990833],[122.522778,0.993055],[122.523889,0.993333],[122.523333,0.991667],[122.526111,0.987778],[122.530833,0.986944],[122.526111,0.985833]],[[122.638173,0.995344],[122.636322,0.99474],[122.63644,0.997907],[122.638173,0.995344]],[[122.889286,0.964405],[122.891287,0.967507],[122.89302,0.967255],[122.890972,0.964271],[122.889286,0.964405]],[[122.856111,0.937222],[122.857778,0.940833],[122.859167,0.938889],[122.856111,0.937222]],[[122.863889,0.925278],[122.862778,0.926667],[122.863611,0.927778],[122.865833,0.926111],[122.863889,0.925278]],[[122.879633,0.925881],[122.876681,0.923528],[122.87927,0.92145],[122.877291,0.919613],[122.874281,0.920509],[122.872862,0.922329],[122.873999,0.924298],[122.872184,0.926137],[122.879633,0.925881]],[[122.769964,0.91369],[122.776162,0.909942],[122.774862,0.90669],[122.777875,0.899933],[122.782045,0.903725],[122.786624,0.90371],[122.79227,0.901396],[122.79323,0.896549],[122.795863,0.898942],[122.798103,0.897306],[122.798018,0.892627],[122.802083,0.891597],[122.808336,0.894835],[122.810517,0.891909],[122.812913,0.891709],[122.812081,0.888428],[122.807995,0.886839],[122.808836,0.88414],[122.806457,0.88275],[122.80876,0.879902],[122.807104,0.877776],[122.807353,0.87339],[122.799248,0.873873],[122.797031,0.876599],[122.791219,0.874219],[122.786665,0.875764],[122.783859,0.881065],[122.777467,0.885221],[122.775106,0.890769],[122.771113,0.889759],[122.767309,0.896517],[122.756153,0.905464],[122.756332,0.908456],[122.758718,0.91091],[122.766601,0.911272],[122.769964,0.91369]],[[122.845083,0.905385],[122.846959,0.906529],[122.848494,0.903891],[122.847506,0.9035],[122.845083,0.905385]],[[122.853794,0.898955],[122.864945,0.898816],[122.869843,0.89436],[122.875995,0.897452],[122.881765,0.897267],[122.885134,0.8951],[122.885729,0.891007],[122.891713,0.889365],[122.892964,0.8864],[122.890035,0.874039],[122.896979,0.869032],[122.898385,0.863016],[122.894222,0.853126],[122.889649,0.854661],[122.887182,0.857392],[122.880435,0.858852],[122.877863,0.867926],[122.883294,0.879855],[122.881361,0.887441],[122.876218,0.892597],[122.862691,0.891432],[122.860221,0.89379],[122.855653,0.8939],[122.852139,0.896808],[122.853794,0.898955]],[[122.806539,0.864979],[122.80773,0.863836],[122.809985,0.860531],[122.804954,0.863865],[122.806539,0.864979]],[[122.800555,0.868888],[122.802778,0.8675],[122.802362,0.865765],[122.799444,0.8675],[122.800555,0.868888]],[[122.7425,0.885278],[122.741111,0.8825],[122.738055,0.885278],[122.741111,0.885833],[122.7425,0.885278]],[[122.740833,0.910833],[122.739444,0.908333],[122.737778,0.911944],[122.738611,0.9125],[122.740833,0.910833]],[[123.037398,0.949289],[123.036983,0.95087],[123.037858,0.951847],[123.039388,0.950088],[123.037398,0.949289]],[[123.258421,0.925083],[123.259826,0.927193],[123.262421,0.926713],[123.262581,0.920869],[123.25963,0.920758],[123.258421,0.925083]],[[123.263665,0.920795],[123.264138,0.923363],[123.26458,0.923559],[123.265484,0.922482],[123.263665,0.920795]],[[123.394511,0.916054],[123.397486,0.915427],[123.397417,0.91473],[123.394511,0.916054]],[[123.976575,0.899472],[123.975135,0.901873],[123.973191,0.904087],[123.977453,0.903184],[123.976575,0.899472]],[[123.786957,0.878906],[123.787116,0.882339],[123.791277,0.879609],[123.788759,0.875998],[123.786957,0.878906]],[[123.803333,0.867778],[123.801667,0.87],[123.802778,0.871667],[123.804722,0.870556],[123.803333,0.867778]],[[123.809722,0.863889],[123.811389,0.863611],[123.811944,0.860833],[123.81,0.860833],[123.809722,0.863889]],[[125.018751,1.692032],[125.017624,1.697073],[125.020601,1.698771],[125.018567,1.699728],[125.021446,1.701597],[125.022015,1.703884],[125.026733,1.705199],[125.028744,1.701841],[125.028511,1.698567],[125.030944,1.695926],[125.029716,1.694804],[125.031246,1.692969],[125.030241,1.687547],[125.028792,1.687456],[125.027731,1.690542],[125.025114,1.692105],[125.018751,1.692032]],[[125.038625,1.687984],[125.036595,1.686005],[125.036728,1.686334],[125.038625,1.687984]],[[124.192793,7.190584],[124.196996,7.192689],[124.19939,7.192707],[124.196244,7.190077],[124.192793,7.190584]]]}}
