{"type":"Feature","properties":{"mrgid":47893,"name":"Lake Huron","placeType":"SeaVoX SeaArea - level 2","source":"MarineRegions:seavox_v19"},"geometry":{"type":"MultiPolygon","coordinates":[[[[-83.728493,46.28812],[-83.745247,46.284821],[-83.786552,46.22831],[-83.778107,46.213989],[-83.808159,46.199371],[-83.793373,46.183331],[-83.802727,46.169201],[-83.817787,46.166771],[-83.811493,46.14291],[-83.823898,46.151001],[-83.818542,46.13942],[-83.837051,46.137611],[-83.871597,46.159801],[-83.890602,46.153961],[-83.879097,46.133549],[-83.896561,46.10244],[-83.878128,46.09581],[-83.914337,46.077019],[-83.914459,46.067059],[-83.927673,46.067379],[-83.865967,46.00684],[-83.843903,46.023472],[-83.830917,46.021259],[-83.828751,45.996349],[-83.818268,46.001389],[-83.823273,45.993301],[-83.803917,45.98291],[-83.763443,46.024101],[-83.741592,46.024399],[-83.71978,46.038521],[-83.672722,46.037521],[-83.687851,46.046619],[-83.671791,46.05851],[-83.672531,46.07201],[-83.726273,46.08643],[-83.715942,46.102409],[-83.684479,46.098122],[-83.691887,46.104939],[-83.64077,46.104801],[-83.596519,46.086479],[-83.58345,46.090961],[-83.572319,46.08419],[-83.569962,46.069538],[-83.551193,46.059189],[-83.533127,46.007889],[-83.474869,45.990509],[-83.528732,45.916538],[-83.545227,45.927269],[-83.547394,45.913769],[-83.563454,45.923649],[-83.580627,45.917591],[-83.603439,45.92202],[-83.610603,45.927441],[-83.605888,45.937401],[-83.613403,45.940071],[-83.629539,45.928631],[-83.633636,45.9361],[-83.62278,45.947262],[-83.633087,45.956421],[-83.638878,45.93924],[-83.646469,45.946621],[-83.691658,45.935101],[-83.700783,45.943661],[-83.715942,45.930431],[-83.729637,45.946461],[-83.738937,45.93774],[-83.761093,45.955219],[-83.778503,45.947491],[-83.785599,45.93177],[-83.802147,45.93692],[-83.797707,45.944382],[-83.804657,45.94202],[-83.810593,45.95031],[-83.802643,45.950642],[-83.818611,45.96413],[-83.820824,45.956211],[-83.844704,45.953171],[-83.83358,45.962559],[-83.846008,45.963039],[-83.83931,45.97488],[-83.85759,45.97189],[-83.853897,45.989849],[-83.873871,45.967388],[-83.883713,45.969181],[-83.879509,45.983131],[-83.908485,45.98053],[-83.913177,45.972137],[-83.905579,45.967716],[-83.913712,45.957008],[-83.915619,45.968937],[-83.92942,45.966518],[-83.924866,45.976311],[-83.932037,45.968796],[-83.945793,45.97052],[-83.944443,45.963711],[-83.979904,45.969982],[-83.999695,45.958477],[-83.995956,45.946007],[-84.052742,45.966774],[-84.091476,45.966743],[-84.098854,45.97533],[-84.101585,45.967304],[-84.106117,45.971527],[-84.101059,45.977203],[-84.117249,45.983143],[-84.149475,45.973236],[-84.150444,45.977516],[-84.155525,45.980881],[-84.158859,45.980911],[-84.159119,45.978531],[-84.164436,45.978901],[-84.16217,45.974945],[-84.182373,45.981289],[-84.171249,45.965317],[-84.178238,45.968609],[-84.180855,45.975891],[-84.201721,45.979237],[-84.198792,45.972691],[-84.216927,45.986107],[-84.234009,45.987862],[-84.223152,45.980377],[-84.214264,45.968739],[-84.22213,45.973339],[-84.222557,45.978546],[-84.257309,45.982342],[-84.267784,45.991138],[-84.274368,45.982521],[-84.298157,45.998405],[-84.300499,45.992767],[-84.279778,45.973061],[-84.29631,45.976776],[-84.289871,45.977146],[-84.319283,45.995926],[-84.34449,45.997475],[-84.362083,45.995708],[-84.350388,45.981091],[-84.36515,45.979641],[-84.35424,45.97015],[-84.391014,45.990192],[-84.390961,45.999737],[-84.412842,46.005417],[-84.408569,45.993233],[-84.444191,46.009628],[-84.451843,46.007397],[-84.448036,46.001778],[-84.461655,46.00724],[-84.470573,46.001869],[-84.461716,45.993088],[-84.46209,45.968937],[-84.481361,45.977428],[-84.483864,45.994873],[-84.502747,45.998631],[-84.506767,45.990921],[-84.516754,45.991447],[-84.509201,45.982117],[-84.513542,45.971062],[-84.527275,45.967716],[-84.533997,45.972672],[-84.533447,46.007034],[-84.553314,46.032112],[-84.561211,46.0322],[-84.560295,46.04031],[-84.56147,46.04575],[-84.561852,46.042664],[-84.560493,46.040092],[-84.561394,46.036884],[-84.561836,46.032867],[-84.580612,46.030994],[-84.581764,46.021828],[-84.609009,46.026272],[-84.617851,46.037258],[-84.653252,46.051472],[-84.657448,46.065342],[-84.656235,46.052586],[-84.674767,46.04649],[-84.691963,46.026295],[-84.698723,46.027351],[-84.705864,46.026459],[-84.72068,46.016956],[-84.728523,46.021534],[-84.727654,46.033409],[-84.719933,46.033463],[-84.716095,46.039322],[-84.721519,46.041431],[-84.734009,46.044838],[-84.726906,46.041981],[-84.717873,46.039875],[-84.716652,46.038872],[-84.728058,46.033581],[-84.728943,46.021263],[-84.725136,46.018059],[-84.722061,46.016407],[-84.72049,46.016666],[-84.698784,46.026203],[-84.683357,46.005001],[-84.692436,45.986725],[-84.684273,45.97237],[-84.722595,45.965622],[-84.738136,45.944641],[-84.73188,45.930923],[-84.712921,45.919548],[-84.733871,45.911327],[-84.734253,45.897617],[-84.719322,45.874329],[-84.729881,45.869888],[-84.700562,45.853539],[-84.72287,45.845539],[-84.732529,45.787769],[-84.722466,45.783257],[-84.724396,45.770462],[-84.598053,45.718616],[-84.556267,45.709126],[-84.536301,45.687595],[-84.471184,45.655499],[-84.462852,45.658009],[-84.470345,45.65007],[-84.463654,45.65567],[-84.441475,45.655273],[-84.430779,45.64463],[-84.415016,45.650105],[-84.419083,45.660889],[-84.434074,45.663937],[-84.426201,45.669289],[-84.374435,45.655251],[-84.329193,45.664654],[-84.214813,45.635109],[-84.134758,45.57156],[-84.124435,45.55563],[-84.117599,45.5149],[-84.090508,45.494801],[-84.073219,45.488224],[-84.03241,45.497471],[-83.996826,45.490444],[-83.93412,45.492367],[-83.907486,45.484909],[-83.845901,45.437389],[-83.812149,45.421352],[-83.776627,45.417046],[-83.787689,45.413414],[-83.776581,45.407055],[-83.759956,45.412708],[-83.743965,45.403938],[-83.737701,45.41185],[-83.716324,45.414761],[-83.697128,45.396206],[-83.630127,45.36565],[-83.608948,45.363358],[-83.596451,45.351311],[-83.583115,45.34914],[-83.582245,45.350307],[-83.584473,45.353889],[-83.583366,45.357075],[-83.568626,45.347355],[-83.541077,45.359043],[-83.493576,45.340382],[-83.492149,45.359982],[-83.475891,45.344761],[-83.48851,45.340454],[-83.484207,45.330147],[-83.465683,45.332386],[-83.461212,45.319462],[-83.450249,45.320389],[-83.443375,45.307129],[-83.418793,45.297592],[-83.421196,45.290543],[-83.381119,45.270279],[-83.390984,45.252766],[-83.414032,45.256069],[-83.410271,45.257656],[-83.411644,45.261074],[-83.418755,45.263317],[-83.400322,45.277779],[-83.419182,45.272007],[-83.419144,45.26236],[-83.412025,45.259361],[-83.418137,45.254356],[-83.408379,45.247875],[-83.411263,45.238701],[-83.373291,45.194763],[-83.363136,45.166672],[-83.346954,45.160584],[-83.334183,45.142193],[-83.31604,45.141071],[-83.32193,45.133171],[-83.313049,45.125904],[-83.320457,45.119366],[-83.308945,45.107506],[-83.313995,45.10157],[-83.297462,45.088524],[-83.326241,45.085308],[-83.325111,45.080353],[-83.312088,45.084991],[-83.322968,45.077141],[-83.31015,45.070648],[-83.313805,45.054638],[-83.277847,45.045296],[-83.266182,45.026913],[-83.260994,45.025181],[-83.26635,45.021202],[-83.344025,45.044079],[-83.362183,45.055141],[-83.367073,45.075134],[-83.37719,45.079773],[-83.388283,45.07634],[-83.389526,45.06818],[-83.421829,45.059494],[-83.441681,45.077637],[-83.456215,45.076492],[-83.451317,45.071259],[-83.447044,45.070972],[-83.448509,45.068123],[-83.450638,45.069561],[-83.452042,45.069561],[-83.456848,45.067169],[-83.459976,45.060776],[-83.457375,45.069248],[-83.459038,45.075539],[-83.464455,45.075474],[-83.462891,45.068077],[-83.470894,45.067451],[-83.494095,45.09301],[-83.521683,45.102604],[-83.502823,45.091164],[-83.495041,45.090927],[-83.488899,45.081047],[-83.47068,45.066391],[-83.46286,45.066917],[-83.460442,45.060452],[-83.456352,45.060623],[-83.453178,45.068687],[-83.45118,45.069222],[-83.448998,45.067745],[-83.447754,45.068043],[-83.443672,45.076042],[-83.435989,45.067486],[-83.42659,45.061062],[-83.447197,45.044113],[-83.453018,45.031406],[-83.446632,45.026707],[-83.451424,45.028572],[-83.456108,45.028767],[-83.461823,45.019279],[-83.430725,45.006199],[-83.456696,45.00848],[-83.465248,44.99316],[-83.453026,44.989605],[-83.451424,44.996185],[-83.437126,44.939896],[-83.42038,44.923443],[-83.399994,44.920464],[-83.398109,44.906639],[-83.372871,44.901833],[-83.347183,44.885006],[-83.312813,44.882916],[-83.322464,44.855335],[-83.300003,44.830105],[-83.299789,44.816376],[-83.307747,44.814896],[-83.291847,44.806507],[-83.298012,44.746429],[-83.289978,44.728027],[-83.271446,44.713055],[-83.287369,44.658718],[-83.314987,44.609856],[-83.307304,44.543922],[-83.319481,44.507786],[-83.326851,44.440231],[-83.320694,44.407314],[-83.331512,44.418728],[-83.340363,44.420818],[-83.331528,44.422409],[-83.331917,44.42506],[-83.339806,44.428085],[-83.345055,44.42482],[-83.339195,44.432442],[-83.335732,44.456814],[-83.372337,44.494087],[-83.384499,44.492481],[-83.383026,44.480865],[-83.348312,44.459854],[-83.340424,44.450516],[-83.342369,44.440983],[-83.340584,44.43166],[-83.345634,44.432423],[-83.354027,44.426971],[-83.353188,44.431625],[-83.37706,44.438324],[-83.398186,44.435619],[-83.388336,44.433178],[-83.393982,44.426891],[-83.403961,44.432728],[-83.423233,44.430489],[-83.427925,44.425838],[-83.429115,44.433899],[-83.435753,44.438557],[-83.429512,44.433296],[-83.43013,44.426476],[-83.428391,44.42532],[-83.426857,44.425533],[-83.42263,44.430126],[-83.420876,44.430229],[-83.417549,44.426682],[-83.414795,44.426285],[-83.41288,44.42664],[-83.406166,44.431519],[-83.403954,44.432014],[-83.393753,44.426025],[-83.386681,44.432999],[-83.397141,44.435593],[-83.381653,44.434235],[-83.378975,44.434952],[-83.377174,44.437653],[-83.375862,44.432446],[-83.371323,44.434788],[-83.369064,44.431831],[-83.357307,44.428734],[-83.35392,44.430969],[-83.355118,44.428009],[-83.354332,44.426426],[-83.344765,44.431404],[-83.345978,44.424927],[-83.341064,44.420139],[-83.345169,44.416946],[-83.339966,44.415138],[-83.343201,44.413311],[-83.332382,44.418373],[-83.327492,44.408222],[-83.324493,44.406921],[-83.319725,44.406525],[-83.335045,44.369469],[-83.333656,44.33881],[-83.341141,44.331509],[-83.040001,44.031277],[-83.027702,44.046425],[-82.991585,44.049591],[-82.965126,44.067993],[-82.94873,44.06205],[-82.920929,44.068874],[-82.875198,44.045559],[-82.830338,44.037716],[-82.840218,44.02507],[-82.836525,44.027935],[-82.831581,44.035404],[-82.812744,44.03331],[-82.784126,44.008957],[-82.768021,44.010185],[-82.739182,43.989372],[-82.719879,43.953194],[-82.70118,43.937145],[-82.700539,43.926392],[-82.682899,43.907784],[-82.680412,43.882202],[-82.655556,43.869781],[-82.643883,43.85181],[-82.647423,43.841019],[-82.636177,43.835716],[-82.623497,43.786655],[-82.614594,43.779427],[-82.618004,43.755169],[-82.605812,43.710579],[-82.597862,43.591908],[-82.571175,43.514751],[-82.579468,43.51836],[-82.565498,43.502857],[-82.536873,43.433033],[-82.537109,43.353531],[-82.52948,43.331726],[-82.522781,43.225472],[-82.508049,43.19685],[-82.485649,43.102417],[-82.42189,43.004593],[-82.411423,43.000774],[-82.381592,43.015888],[-82.239952,43.036964],[-82.247078,43.02858],[-82.247765,43.022747],[-82.238289,43.015556],[-82.247177,43.026985],[-82.237785,43.037544],[-82.161903,43.065945],[-82.150696,43.076271],[-82.150925,43.093014],[-82.103119,43.108822],[-82.020584,43.173241],[-82.015358,43.18858],[-82.023712,43.212971],[-82.01683,43.218273],[-81.980286,43.211452],[-81.905998,43.234802],[-81.897812,43.2332],[-81.89315,43.233822],[-81.892235,43.235474],[-81.89003,43.231926],[-81.886169,43.231003],[-81.871643,43.232059],[-81.852524,43.217709],[-81.839401,43.211639],[-81.815987,43.204788],[-81.809937,43.204151],[-81.80867,43.200485],[-81.806747,43.213932],[-81.809837,43.21711],[-81.7976,43.225677],[-81.788834,43.228657],[-81.783806,43.21986],[-81.780403,43.216507],[-81.778732,43.21632],[-81.767998,43.234413],[-81.772133,43.246624],[-81.76545,43.256535],[-81.758247,43.280983],[-81.75489,43.309013],[-81.755524,43.311146],[-81.758224,43.312374],[-81.766716,43.313599],[-81.730049,43.351036],[-81.71151,43.391785],[-81.718697,43.45322],[-81.707733,43.519684],[-81.70887,43.567692],[-81.697281,43.563],[-81.681007,43.574841],[-81.655151,43.569408],[-81.667763,43.575222],[-81.678909,43.575535],[-81.683472,43.574421],[-81.695572,43.56451],[-81.696838,43.567764],[-81.698364,43.569004],[-81.709564,43.569538],[-81.730621,43.696434],[-81.724319,43.707878],[-81.729385,43.7435],[-81.720467,43.745125],[-81.739174,43.746265],[-81.735474,43.748199],[-81.719574,43.746075],[-81.70224,43.753571],[-81.698662,43.744514],[-81.684387,43.735073],[-81.670074,43.733864],[-81.667107,43.721275],[-81.664474,43.717102],[-81.653419,43.715191],[-81.665413,43.718887],[-81.667549,43.730453],[-81.670136,43.735008],[-81.696785,43.745293],[-81.698975,43.754051],[-81.701645,43.756733],[-81.70549,43.75703],[-81.714066,43.754658],[-81.728294,43.748211],[-81.721626,43.7841],[-81.730843,43.803474],[-81.723145,43.827606],[-81.730087,43.866982],[-81.721695,43.878254],[-81.683014,43.875511],[-81.651657,43.863865],[-81.671448,43.872334],[-81.682854,43.875839],[-81.728027,43.882481],[-81.736183,44.030159],[-81.759277,44.075901],[-81.737373,44.102371],[-81.644089,44.176418],[-81.618637,44.219131],[-81.606239,44.25666],[-81.609131,44.272411],[-81.594482,44.29092],[-81.604088,44.300732],[-81.601227,44.32914],[-81.578644,44.342781],[-81.55352,44.33812],[-81.553673,44.357712],[-81.531776,44.370941],[-81.497238,44.409969],[-81.412514,44.431561],[-81.405029,44.437481],[-81.40612,44.458351],[-81.393478,44.466171],[-81.377617,44.497749],[-81.345497,44.506069],[-81.327164,44.497551],[-81.330833,44.489182],[-81.313492,44.474079],[-81.360779,44.44006],[-81.364143,44.423168],[-81.35405,44.39954],[-81.317429,44.37849],[-81.327271,44.391991],[-81.35257,44.402119],[-81.360321,44.424438],[-81.356903,44.4394],[-81.347939,44.441391],[-81.315224,44.465092],[-81.310448,44.475849],[-81.326607,44.488091],[-81.323914,44.497532],[-81.331047,44.503132],[-81.349487,44.508659],[-81.375671,44.50238],[-81.299583,44.575802],[-81.275703,44.616562],[-81.275627,44.646309],[-81.28904,44.665089],[-81.303833,44.671169],[-81.30851,44.68898],[-81.278976,44.694328],[-81.280739,44.706902],[-81.290382,44.711411],[-81.28186,44.730518],[-81.29213,44.729099],[-81.280434,44.749512],[-81.287888,44.771198],[-81.299149,44.77541],[-81.300911,44.788849],[-81.289032,44.80122],[-81.302338,44.808281],[-81.302856,44.817711],[-81.317291,44.818192],[-81.330353,44.836979],[-81.33403,44.853729],[-81.322289,44.866489],[-81.330772,44.871288],[-81.343437,44.857471],[-81.366707,44.889629],[-81.354927,44.89806],[-81.365883,44.893299],[-81.372902,44.902161],[-81.375671,44.91716],[-81.358383,44.959171],[-81.375687,44.9622],[-81.36908,44.990898],[-81.39138,44.988899],[-81.392967,44.97905],[-81.405983,44.973419],[-81.407043,44.994438],[-81.434822,44.96748],[-81.434677,44.985489],[-81.452972,44.999069],[-81.453903,45.02137],[-81.468262,45.02755],[-81.467247,45.041561],[-81.480911,45.039459],[-81.477966,45.04879],[-81.493134,45.04908],[-81.491203,45.054821],[-81.508972,45.06591],[-81.513321,45.08876],[-81.527863,45.107979],[-81.54036,45.108742],[-81.540863,45.115589],[-81.549652,45.110939],[-81.564903,45.131401],[-81.578957,45.129269],[-81.570213,45.135929],[-81.571991,45.14592],[-81.592979,45.147732],[-81.580727,45.186741],[-81.605942,45.174789],[-81.61985,45.18581],[-81.6306,45.178268],[-81.630753,45.186569],[-81.657249,45.180031],[-81.653847,45.192638],[-81.699402,45.190769],[-81.697113,45.209091],[-81.726013,45.210789],[-81.72139,45.226391],[-81.689758,45.23428],[-81.691147,45.252449],[-81.706177,45.258709],[-81.698303,45.265888],[-81.716957,45.289021],[-81.735062,45.28933],[-81.750618,45.31039],[-81.773956,45.31065],[-81.736839,45.322239],[-81.773064,45.401581],[-81.795708,45.401161],[-81.776993,45.408909],[-81.788353,45.44614],[-81.808357,45.435692],[-81.80101,45.443081],[-81.810043,45.44899],[-81.829857,45.44677],[-81.824821,45.457691],[-81.832603,45.461319],[-81.82473,45.472561],[-81.838478,45.47126],[-81.816872,45.484661],[-81.829643,45.491299],[-81.815939,45.500078],[-81.823723,45.521191],[-81.845848,45.512371],[-81.906647,45.527969],[-81.928497,45.54287],[-81.91748,45.550499],[-81.927399,45.554699],[-81.927544,45.56316],[-81.94664,45.554951],[-81.947929,45.54034],[-81.961617,45.5359],[-81.984688,45.5499],[-82.008926,45.550121],[-81.9459,45.589691],[-81.906212,45.59832],[-81.895218,45.597309],[-81.907928,45.585369],[-81.908867,45.572269],[-81.886887,45.569672],[-81.881607,45.602558],[-81.841873,45.629089],[-81.808327,45.638599],[-81.798439,45.652439],[-81.749603,45.671261],[-81.750214,45.681259],[-81.76165,45.68372],[-81.759956,45.69236],[-81.781792,45.693218],[-81.799042,45.68161],[-81.84478,45.684471],[-81.849083,45.669579],[-81.867973,45.669971],[-81.884804,45.65892],[-81.923119,45.62701],[-81.934914,45.606461],[-81.955093,45.6073],[-82.001709,45.590382],[-82.012627,45.580441],[-82.009354,45.562759],[-82.016937,45.554611],[-82.069977,45.551109],[-82.07943,45.555271],[-82.078323,45.575298],[-82.086304,45.570049],[-82.096619,45.576771],[-82.124229,45.576408],[-82.095413,45.583641],[-82.098732,45.59906],[-82.135262,45.593979],[-82.144447,45.603291],[-82.192032,45.610619],[-82.196457,45.625271],[-82.272018,45.649479],[-82.264526,45.670219],[-82.281723,45.6703],[-82.292824,45.66124],[-82.323349,45.68568],[-82.351341,45.687988],[-82.359596,45.695641],[-82.420792,45.703781],[-82.432121,45.690781],[-82.471962,45.701561],[-82.485657,45.709629],[-82.481148,45.72086],[-82.509148,45.73011],[-82.509911,45.740681],[-82.522041,45.750198],[-82.546783,45.746632],[-82.60331,45.760799],[-82.630737,45.75708],[-82.667824,45.78109],[-82.686531,45.779881],[-82.692627,45.790352],[-82.692329,45.782341],[-82.706757,45.775791],[-82.739807,45.780849],[-82.734322,45.786282],[-82.745148,45.799091],[-82.742538,45.783699],[-82.75531,45.776581],[-82.791206,45.80061],[-82.817146,45.791191],[-82.83577,45.81134],[-82.866837,45.783291],[-82.865578,45.791592],[-82.880203,45.79015],[-82.878098,45.798771],[-82.913933,45.79718],[-82.952202,45.834728],[-82.96991,45.82378],[-82.9879,45.827961],[-82.989166,45.82159],[-83.010643,45.83041],[-83.002831,45.835442],[-83.006401,45.842289],[-83.019318,45.839031],[-83.041443,45.850281],[-83.045113,45.840759],[-83.07,45.838982],[-83.090721,45.866089],[-83.108528,45.8717],[-83.161728,45.864792],[-83.17942,45.87669],[-83.22216,45.876369],[-83.2267,45.909641],[-83.194687,45.95129],[-83.171783,45.961391],[-83.125793,45.953331],[-83.113388,45.913132],[-83.084259,45.91457],[-83.056877,45.95554],[-83.010696,45.94363],[-83.007019,45.92889],[-82.995728,45.920971],[-82.94558,45.941269],[-82.949692,45.951771],[-82.939377,45.959419],[-82.86602,45.963459],[-82.853218,45.981899],[-82.813927,45.99427],[-82.803139,45.980179],[-82.83532,45.934929],[-82.842087,45.909328],[-82.803192,45.886639],[-82.806259,45.880341],[-82.774429,45.877819],[-82.768204,45.884312],[-82.756844,45.838341],[-82.742577,45.83918],[-82.7285,45.855461],[-82.680367,45.868092],[-82.66581,45.86063],[-82.664383,45.83765],[-82.656578,45.831051],[-82.632149,45.832649],[-82.614517,45.853561],[-82.595322,45.848469],[-82.596024,45.82642],[-82.578873,45.825859],[-82.56868,45.83355],[-82.556961,45.86544],[-82.602043,45.881809],[-82.587196,45.89587],[-82.595093,45.903881],[-82.622414,45.903179],[-82.654648,45.890591],[-82.684959,45.892891],[-82.708488,45.899601],[-82.715118,45.912922],[-82.729279,45.909229],[-82.740623,45.917309],[-82.738564,45.927639],[-82.725693,45.933319],[-82.709778,45.923321],[-82.713829,45.94413],[-82.692337,45.960251],[-82.633713,45.962471],[-82.618713,45.9716],[-82.607628,45.96022],[-82.577362,45.959179],[-82.577187,45.91914],[-82.593933,45.90654],[-82.590492,45.902031],[-82.56633,45.91217],[-82.520828,45.9081],[-82.499733,45.945492],[-82.485603,45.944969],[-82.466339,45.916161],[-82.446419,45.952911],[-82.374603,45.975979],[-82.327522,45.977169],[-82.296898,45.988369],[-82.297333,45.96373],[-82.291122,45.960972],[-82.295822,45.9305],[-82.262039,45.9086],[-82.239838,45.941132],[-82.219383,45.940849],[-82.224068,45.91848],[-82.205017,45.909889],[-82.174606,45.873711],[-82.179459,45.847641],[-82.156563,45.825699],[-82.114632,45.891121],[-82.128723,45.895309],[-82.120163,45.91507],[-82.053169,45.951611],[-82.055206,45.958969],[-82.00222,45.970421],[-81.981277,45.984921],[-81.937943,45.986012],[-81.905357,45.975239],[-81.900681,45.95499],[-81.890823,45.959148],[-81.895409,45.950771],[-81.887802,45.93969],[-81.904068,45.900051],[-81.96032,45.894241],[-81.941238,45.881882],[-81.917351,45.891029],[-81.914627,45.882999],[-81.874367,45.886951],[-81.820969,45.872391],[-81.817451,45.85041],[-81.844971,45.800289],[-81.839867,45.763802],[-81.798767,45.746799],[-81.80056,45.735062],[-81.788109,45.723751],[-81.770508,45.73938],[-81.784332,45.7584],[-81.777733,45.774189],[-81.78315,45.779861],[-81.735359,45.837261],[-81.729233,45.85733],[-81.681473,45.901852],[-81.677567,45.930698],[-81.668583,45.942052],[-81.685066,45.941269],[-81.685204,45.948132],[-81.661942,45.950642],[-81.605659,45.98233],[-81.582893,45.99025],[-81.577888,45.985142],[-81.558449,45.99789],[-81.573318,46.005779],[-81.649353,45.999939],[-81.665443,46.007511],[-81.620102,46.020851],[-81.538406,46.02322],[-81.508636,46.030899],[-81.50811,46.040451],[-81.488388,46.04565],[-81.637466,46.02293],[-81.671608,46.008881],[-81.715408,46.009312],[-81.677261,46.02684],[-81.632607,46.025829],[-81.541344,46.052361],[-81.587242,46.05426],[-81.56411,46.057411],[-81.55471,46.06884],[-81.568626,46.068722],[-81.545822,46.076351],[-81.539436,46.087269],[-81.625763,46.101379],[-81.607819,46.106689],[-81.614502,46.113781],[-81.668251,46.11116],[-81.665543,46.10215],[-81.654427,46.0994],[-81.669357,46.08725],[-81.655083,46.088009],[-81.652847,46.08025],[-81.674873,46.074619],[-81.641548,46.068859],[-81.64518,46.058472],[-81.66021,46.05975],[-81.649544,46.06881],[-81.696312,46.060108],[-81.767723,46.066681],[-81.735024,46.052212],[-81.732819,46.041451],[-81.753906,46.030941],[-81.742691,46.022758],[-81.76371,46.009392],[-81.760719,46.003712],[-81.777123,46.004971],[-81.77243,46.015881],[-81.780891,46.009499],[-81.782761,46.000332],[-81.769562,45.995319],[-81.772667,45.987282],[-81.803741,45.986099],[-81.801804,45.971821],[-81.808029,45.970409],[-81.816742,45.97401],[-81.81678,45.983379],[-81.828247,45.98468],[-81.828423,45.992401],[-81.861893,46.00209],[-81.906288,45.985489],[-81.935043,46.002338],[-81.968941,46.006962],[-81.959862,46.038952],[-81.964417,46.044411],[-81.873222,46.05682],[-81.864777,46.045189],[-81.855293,46.061241],[-81.821297,46.06168],[-81.829727,46.05415],[-81.798897,46.048481],[-81.800247,46.033279],[-81.823013,46.0196],[-81.877563,46.022491],[-81.8862,46.002041],[-81.871887,46.008888],[-81.820992,46.008789],[-81.819687,46.019699],[-81.809013,46.022362],[-81.787697,46.015209],[-81.780693,46.034088],[-81.797119,46.061081],[-81.763496,46.080589],[-81.736893,46.08144],[-81.732628,46.09206],[-81.75074,46.094109],[-81.730461,46.095718],[-81.730011,46.10725],[-81.79335,46.09716],[-81.840622,46.102928],[-81.890411,46.092659],[-81.997917,46.087212],[-82.041473,46.100552],[-82.135834,46.112751],[-82.146309,46.111462],[-82.14299,46.099331],[-82.152519,46.098511],[-82.154556,46.113071],[-82.171288,46.109692],[-82.188713,46.117161],[-82.196671,46.123058],[-82.196167,46.134789],[-82.219597,46.136181],[-82.201813,46.128059],[-82.239967,46.141689],[-82.264603,46.145531],[-82.290024,46.144581],[-82.288879,46.1343],[-82.309868,46.136269],[-82.3564,46.15501],[-82.361191,46.163799],[-82.38382,46.15258],[-82.373131,46.165051],[-82.338173,46.16301],[-82.319473,46.16901],[-82.325821,46.175209],[-82.315323,46.181099],[-82.302116,46.179279],[-82.290642,46.179741],[-82.277603,46.1828],[-82.105476,46.164921],[-82.094513,46.169071],[-82.097862,46.189991],[-82.101913,46.169819],[-82.179787,46.17992],[-82.219116,46.177071],[-82.245697,46.187271],[-82.285149,46.188122],[-82.387337,46.17981],[-82.391037,46.186211],[-82.433723,46.185532],[-82.455391,46.170021],[-82.463737,46.178211],[-82.462151,46.187931],[-82.45356,46.189209],[-82.459579,46.197399],[-82.528374,46.166801],[-82.612511,46.166191],[-82.642319,46.15432],[-82.690163,46.15678],[-82.694832,46.160992],[-82.682167,46.173809],[-82.704659,46.16869],[-82.682343,46.178379],[-82.676811,46.190819],[-82.631233,46.195889],[-82.620171,46.203789],[-82.796509,46.189098],[-82.834976,46.17519],[-82.939423,46.17852],[-82.95034,46.184021],[-82.944962,46.192989],[-82.985382,46.197021],[-82.996834,46.195629],[-82.99836,46.183289],[-82.971252,46.172451],[-83.007988,46.168221],[-83.038406,46.18816],[-83.041008,46.21014],[-83.082451,46.208672],[-83.040871,46.206989],[-83.049553,46.18906],[-83.07579,46.186161],[-83.111908,46.196579],[-83.139343,46.185379],[-83.157494,46.186981],[-83.17276,46.197498],[-83.338997,46.21936],[-83.406609,46.23959],[-83.519379,46.248852],[-83.538147,46.258148],[-83.566093,46.253899],[-83.574829,46.239429],[-83.571449,46.259369],[-83.616127,46.286678],[-83.646744,46.271561],[-83.686836,46.27092],[-83.703041,46.27211],[-83.728493,46.28812]],[[-83.725777,46.282711],[-83.724762,46.279999],[-83.730957,46.278721],[-83.725777,46.282711]],[[-83.713654,46.27179],[-83.726952,46.270969],[-83.72377,46.272781],[-83.713654,46.27179]],[[-83.620659,46.270851],[-83.618629,46.269909],[-83.624992,46.269981],[-83.620659,46.270851]],[[-83.643272,46.26807],[-83.642937,46.266991],[-83.646927,46.266022],[-83.643272,46.26807]],[[-83.698883,46.264542],[-83.701813,46.264919],[-83.696602,46.2682],[-83.698883,46.264542]],[[-83.708359,46.26585],[-83.70993,46.26651],[-83.704842,46.268131],[-83.708359,46.26585]],[[-83.684181,46.251518],[-83.687447,46.247051],[-83.693123,46.249599],[-83.684181,46.251518]],[[-83.724533,46.24292],[-83.734253,46.242649],[-83.724113,46.251801],[-83.724533,46.24292]],[[-83.714447,46.252232],[-83.713089,46.249298],[-83.71566,46.249062],[-83.714447,46.252232]],[[-83.629349,46.208271],[-83.621223,46.198528],[-83.640694,46.200951],[-83.629349,46.208271]],[[-83.234718,46.19886],[-83.234352,46.19804],[-83.237228,46.197632],[-83.234718,46.19886]],[[-83.20459,46.194519],[-83.203529,46.19241],[-83.206123,46.192638],[-83.20459,46.194519]],[[-83.168961,46.192699],[-83.169357,46.190788],[-83.171654,46.191521],[-83.168961,46.192699]],[[-83.054893,46.185322],[-83.068787,46.168911],[-83.068153,46.184441],[-83.054893,46.185322]],[[-83.044922,46.186588],[-83.056473,46.1689],[-83.057114,46.17432],[-83.044922,46.186588]],[[-83.037033,46.182442],[-83.034943,46.180061],[-83.038094,46.180321],[-83.037033,46.182442]],[[-83.033699,46.174252],[-83.051224,46.171009],[-83.048553,46.175652],[-83.033699,46.174252]],[[-83.079514,46.170059],[-83.107208,46.164928],[-83.127861,46.167622],[-83.094383,46.171791],[-83.079514,46.170059]],[[-83.795357,46.164841],[-83.795258,46.163231],[-83.799637,46.163761],[-83.795357,46.164841]],[[-83.146347,46.164452],[-83.143089,46.163021],[-83.149406,46.162159],[-83.146347,46.164452]],[[-82.83345,46.162769],[-82.833351,46.160542],[-82.839394,46.15942],[-82.83345,46.162769]],[[-83.625183,46.16193],[-83.617554,46.162491],[-83.617981,46.161079],[-83.625183,46.16193]],[[-83.430801,46.168522],[-83.434517,46.172211],[-83.427277,46.173161],[-83.430801,46.168522]],[[-83.690468,46.17532],[-83.691498,46.176331],[-83.68367,46.17654],[-83.690468,46.17532]],[[-83.776398,46.17852],[-83.776619,46.182369],[-83.773811,46.181629],[-83.776398,46.17852]],[[-82.765221,46.157551],[-82.762688,46.156071],[-82.766373,46.153839],[-82.765221,46.157551]],[[-82.627136,46.155251],[-82.624077,46.154812],[-82.624771,46.154011],[-82.627136,46.155251]],[[-82.579437,46.1562],[-82.57737,46.1549],[-82.578041,46.15448],[-82.579437,46.1562]],[[-82.406899,46.155361],[-82.401703,46.15974],[-82.384537,46.162289],[-82.393417,46.154591],[-82.406899,46.155361]],[[-82.41642,46.15778],[-82.413261,46.161839],[-82.411537,46.15958],[-82.41642,46.15778]],[[-82.551666,46.159229],[-82.552399,46.160358],[-82.547737,46.160419],[-82.551666,46.159229]],[[-82.5383,46.16209],[-82.535507,46.16124],[-82.537941,46.159519],[-82.5383,46.16209]],[[-82.420662,46.162479],[-82.41922,46.160809],[-82.421371,46.16106],[-82.420662,46.162479]],[[-82.523323,46.16328],[-82.524361,46.16383],[-82.522583,46.16497],[-82.523323,46.16328]],[[-82.755508,46.143589],[-82.764267,46.142651],[-82.7612,46.15316],[-82.755508,46.143589]],[[-82.564209,46.14674],[-82.542709,46.130241],[-82.601822,46.13121],[-82.630913,46.140991],[-82.564209,46.14674]],[[-82.419899,46.14962],[-82.413078,46.14909],[-82.420021,46.147179],[-82.419899,46.14962]],[[-82.433693,46.14584],[-82.435226,46.147869],[-82.431633,46.148361],[-82.433693,46.14584]],[[-82.380463,46.14465],[-82.370567,46.135632],[-82.395737,46.12722],[-82.404099,46.13224],[-82.456818,46.126942],[-82.497238,46.13599],[-82.492363,46.140751],[-82.464783,46.137501],[-82.380463,46.14465]],[[-82.278061,46.13414],[-82.267967,46.136608],[-82.251953,46.132141],[-82.263443,46.1306],[-82.278061,46.13414]],[[-82.229523,46.124729],[-82.256439,46.12907],[-82.245712,46.130119],[-82.229523,46.124729]],[[-82.214546,46.130859],[-82.213257,46.12788],[-82.217339,46.127121],[-82.214546,46.130859]],[[-82.204964,46.126831],[-82.203239,46.123428],[-82.21064,46.125809],[-82.204964,46.126831]],[[-82.26889,46.12402],[-82.272339,46.115959],[-82.293823,46.121071],[-82.275963,46.127338],[-82.26889,46.12402]],[[-82.239967,46.116718],[-82.223991,46.117241],[-82.202057,46.107422],[-82.21891,46.111881],[-82.244461,46.10207],[-82.239967,46.116718]],[[-82.25528,46.101398],[-82.256447,46.102112],[-82.255112,46.103069],[-82.25528,46.101398]],[[-82.271133,46.102249],[-82.308739,46.098541],[-82.315857,46.117592],[-82.298378,46.115028],[-82.303917,46.105629],[-82.27919,46.111568],[-82.271133,46.102249]],[[-82.206146,46.10067],[-82.206627,46.09877],[-82.209793,46.09977],[-82.206146,46.10067]],[[-82.128464,46.099751],[-82.125412,46.098431],[-82.125649,46.09742],[-82.128464,46.099751]],[[-82.109573,46.099918],[-82.108849,46.097279],[-82.110413,46.09708],[-82.109573,46.099918]],[[-83.79567,46.106861],[-83.794647,46.100639],[-83.817787,46.09362],[-83.823357,46.102379],[-83.813606,46.108608],[-83.79567,46.106861]],[[-83.793312,46.097649],[-83.781891,46.098831],[-83.778259,46.09264],[-83.78064,46.091141],[-83.793312,46.097649]],[[-83.766251,46.09211],[-83.762466,46.090118],[-83.768173,46.087761],[-83.766251,46.09211]],[[-83.798508,46.092999],[-83.798813,46.093861],[-83.79583,46.09412],[-83.798508,46.092999]],[[-83.803299,46.09409],[-83.803543,46.095348],[-83.800209,46.095219],[-83.803299,46.09409]],[[-83.82901,46.101109],[-83.829147,46.102039],[-83.826767,46.102501],[-83.82901,46.101109]],[[-83.007874,46.110931],[-83.007957,46.114819],[-83.003319,46.113548],[-83.007874,46.110931]],[[-83.779213,46.11628],[-83.781616,46.12159],[-83.775757,46.11874],[-83.779213,46.11628]],[[-82.47081,46.122101],[-82.457657,46.12151],[-82.459847,46.119919],[-82.47081,46.122101]],[[-82.550232,46.12212],[-82.550568,46.122768],[-82.548019,46.123562],[-82.550232,46.12212]],[[-82.441849,46.124981],[-82.438698,46.124168],[-82.439377,46.122669],[-82.441849,46.124981]],[[-82.317833,46.121658],[-82.317253,46.12109],[-82.318733,46.120129],[-82.317833,46.121658]],[[-82.325974,46.119621],[-82.325546,46.118992],[-82.327919,46.118301],[-82.325974,46.119621]],[[-82.547737,46.117222],[-82.550133,46.117271],[-82.549896,46.118061],[-82.547737,46.117222]],[[-82.317322,46.115021],[-82.317589,46.113369],[-82.320663,46.113411],[-82.317322,46.115021]],[[-82.499924,46.110958],[-82.504013,46.11124],[-82.504242,46.112701],[-82.499924,46.110958]],[[-82.289253,46.1166],[-82.289047,46.11594],[-82.291153,46.115639],[-82.289253,46.1166]],[[-82.255341,46.11084],[-82.254539,46.109692],[-82.25647,46.109501],[-82.255341,46.11084]],[[-82.25013,46.10783],[-82.249367,46.106731],[-82.251877,46.10606],[-82.25013,46.10783]],[[-82.511436,46.136452],[-82.496689,46.14061],[-82.498367,46.137428],[-82.511436,46.136452]],[[-82.540627,46.141972],[-82.524773,46.140541],[-82.526382,46.138069],[-82.540627,46.141972]],[[-82.482643,46.141319],[-82.476639,46.144089],[-82.470779,46.143909],[-82.474762,46.141399],[-82.482643,46.141319]],[[-82.450844,46.145229],[-82.447693,46.144562],[-82.451263,46.143421],[-82.450844,46.145229]],[[-82.465263,46.142899],[-82.466217,46.143169],[-82.465027,46.144718],[-82.465263,46.142899]],[[-82.45948,46.142521],[-82.459389,46.141869],[-82.463127,46.14175],[-82.45948,46.142521]],[[-82.516876,46.139671],[-82.515167,46.137611],[-82.520668,46.137211],[-82.516876,46.139671]],[[-82.569237,46.127949],[-82.569847,46.129471],[-82.567108,46.12973],[-82.569237,46.127949]],[[-82.614304,46.127949],[-82.633522,46.13237],[-82.649353,46.133499],[-82.619438,46.13411],[-82.614304,46.127949]],[[-83.352028,46.13311],[-83.352676,46.135181],[-83.341087,46.132771],[-83.352028,46.13311]],[[-83.324898,46.136929],[-83.324539,46.13784],[-83.320381,46.136921],[-83.324898,46.136929]],[[-83.292648,46.140789],[-83.27845,46.145939],[-83.279053,46.136589],[-83.292648,46.140789]],[[-83.786942,46.138729],[-83.786507,46.14262],[-83.782921,46.143101],[-83.786942,46.138729]],[[-83.799759,46.143188],[-83.80117,46.146801],[-83.797661,46.147461],[-83.799759,46.143188]],[[-83.782951,46.147869],[-83.781738,46.146332],[-83.784653,46.145302],[-83.782951,46.147869]],[[-83.617126,46.149971],[-83.617073,46.151829],[-83.606277,46.144588],[-83.617126,46.149971]],[[-83.795769,46.14954],[-83.79673,46.15657],[-83.790779,46.15382],[-83.795769,46.14954]],[[-82.583344,46.15493],[-82.581268,46.15321],[-82.584709,46.152748],[-82.583344,46.15493]],[[-82.764091,46.15028],[-82.763184,46.149368],[-82.764687,46.148621],[-82.764091,46.15028]],[[-82.779213,46.147511],[-82.78109,46.148411],[-82.780296,46.149139],[-82.779213,46.147511]],[[-82.799957,46.143421],[-82.816307,46.143181],[-82.818413,46.149368],[-82.804863,46.150639],[-82.799957,46.143421]],[[-82.785591,46.146309],[-82.783943,46.145882],[-82.790123,46.144829],[-82.785591,46.146309]],[[-82.771317,46.14608],[-82.770958,46.144279],[-82.774849,46.143532],[-82.771317,46.14608]],[[-82.822212,46.14399],[-82.822792,46.145771],[-82.820541,46.146179],[-82.822212,46.14399]],[[-82.693916,46.142319],[-82.693649,46.140739],[-82.696213,46.14069],[-82.693916,46.142319]],[[-82.826431,46.139111],[-82.829407,46.138969],[-82.829361,46.140331],[-82.826431,46.139111]],[[-82.638969,46.140141],[-82.633827,46.1385],[-82.64019,46.138378],[-82.638969,46.140141]],[[-82.658684,46.136822],[-82.663841,46.138329],[-82.658623,46.140251],[-82.658684,46.136822]],[[-82.814873,46.13274],[-82.818703,46.133381],[-82.817482,46.136269],[-82.814873,46.13274]],[[-82.707764,46.13781],[-82.708298,46.13903],[-82.704582,46.138359],[-82.707764,46.13781]],[[-82.668083,46.13316],[-82.666039,46.13253],[-82.667809,46.130951],[-82.668083,46.13316]],[[-82.677322,46.130039],[-82.681091,46.130211],[-82.678886,46.132191],[-82.677322,46.130039]],[[-82.704468,46.129478],[-82.705757,46.12981],[-82.70388,46.13084],[-82.704468,46.129478]],[[-82.720108,46.12962],[-82.723869,46.130661],[-82.720573,46.13245],[-82.720108,46.12962]],[[-82.695953,46.13187],[-82.695702,46.130989],[-82.697662,46.1301],[-82.695953,46.13187]],[[-82.686096,46.130871],[-82.688637,46.130268],[-82.688583,46.13097],[-82.686096,46.130871]],[[-83.778549,46.085899],[-83.778763,46.08374],[-83.782089,46.08382],[-83.778549,46.085899]],[[-83.88588,46.080391],[-83.890968,46.080669],[-83.890442,46.082241],[-83.88588,46.080391]],[[-83.745888,46.08065],[-83.748802,46.080631],[-83.748947,46.08173],[-83.745888,46.08065]],[[-83.862747,46.080448],[-83.854301,46.075008],[-83.85878,46.07011],[-83.869049,46.074829],[-83.862747,46.080448]],[[-83.810158,46.076759],[-83.814972,46.07272],[-83.815063,46.07428],[-83.810158,46.076759]],[[-83.84819,46.071781],[-83.842957,46.067799],[-83.844612,46.06419],[-83.850388,46.065559],[-83.84819,46.071781]],[[-83.770531,46.065552],[-83.773582,46.063862],[-83.775017,46.066521],[-83.770531,46.065552]],[[-83.701149,46.066608],[-83.702438,46.06237],[-83.705017,46.063358],[-83.701149,46.066608]],[[-83.75161,46.063629],[-83.748192,46.046558],[-83.760773,46.044201],[-83.752228,46.052738],[-83.760689,46.057369],[-83.772774,46.044788],[-83.76355,46.064442],[-83.75161,46.063629]],[[-83.69281,46.060379],[-83.694206,46.056049],[-83.69799,46.057659],[-83.69281,46.060379]],[[-83.73616,46.051182],[-83.738831,46.04768],[-83.741051,46.050758],[-83.73616,46.051182]],[[-83.703789,46.052551],[-83.703377,46.05162],[-83.709686,46.050449],[-83.703789,46.052551]],[[-83.690537,46.051971],[-83.689957,46.051109],[-83.692017,46.049999],[-83.690537,46.051971]],[[-83.721657,46.048771],[-83.720497,46.045681],[-83.728447,46.04546],[-83.721657,46.048771]],[[-83.693298,46.048191],[-83.692497,46.046711],[-83.694817,46.04633],[-83.693298,46.048191]],[[-83.835403,46.049061],[-83.833702,46.052158],[-83.832031,46.050209],[-83.835403,46.049061]],[[-83.848892,46.05394],[-83.854568,46.05352],[-83.855957,46.055691],[-83.852798,46.05909],[-83.848892,46.05394]],[[-83.878754,46.055908],[-83.879311,46.05761],[-83.876343,46.058411],[-83.878754,46.055908]],[[-83.79744,46.060699],[-83.796158,46.058239],[-83.797943,46.05669],[-83.79744,46.060699]],[[-83.826187,46.054951],[-83.828903,46.054508],[-83.827858,46.0578],[-83.826187,46.054951]],[[-83.896194,46.062019],[-83.895164,46.062473],[-83.895103,46.061878],[-83.896194,46.062019]],[[-83.792282,46.062939],[-83.790176,46.06369],[-83.790627,46.061691],[-83.792282,46.062939]],[[-83.909447,46.0634],[-83.909531,46.064949],[-83.906471,46.065479],[-83.909447,46.0634]],[[-83.886047,46.067699],[-83.879913,46.06974],[-83.879868,46.065121],[-83.886047,46.067699]],[[-83.902863,46.072731],[-83.903816,46.076489],[-83.898376,46.076321],[-83.902863,46.072731]],[[-83.755852,46.041088],[-83.756866,46.03907],[-83.760353,46.039669],[-83.755852,46.041088]],[[-83.750572,46.041439],[-83.749077,46.040279],[-83.751442,46.039021],[-83.750572,46.041439]],[[-83.724297,46.038898],[-83.727943,46.037689],[-83.728432,46.039688],[-83.724297,46.038898]],[[-83.733521,46.035889],[-83.73629,46.036659],[-83.736107,46.03751],[-83.733521,46.035889]],[[-83.748688,46.035801],[-83.749413,46.03857],[-83.74704,46.039639],[-83.748688,46.035801]],[[-83.791023,46.033119],[-83.792503,46.03418],[-83.791267,46.037609],[-83.791023,46.033119]],[[-83.82486,46.033981],[-83.827621,46.03648],[-83.825058,46.037552],[-83.82486,46.033981]],[[-83.821457,46.029869],[-83.821167,46.027119],[-83.823196,46.027889],[-83.821457,46.029869]],[[-83.823158,46.02504],[-83.822693,46.02359],[-83.826302,46.022579],[-83.823158,46.02504]],[[-83.789833,46.0093],[-83.788918,46.00713],[-83.791763,46.00613],[-83.789833,46.0093]],[[-83.803162,46.005901],[-83.80294,46.00444],[-83.805153,46.00383],[-83.803162,46.005901]],[[-83.799057,45.99382],[-83.79805,45.992291],[-83.800217,45.991211],[-83.799057,45.99382]],[[-82.250633,46.095749],[-82.249863,46.090149],[-82.256561,46.089149],[-82.250633,46.095749]],[[-82.077332,46.094292],[-82.076912,46.093029],[-82.080513,46.092701],[-82.077332,46.094292]],[[-82.119164,46.09],[-82.124893,46.093399],[-82.123093,46.094429],[-82.119164,46.09]],[[-82.067291,46.090012],[-82.06337,46.087818],[-82.069908,46.088161],[-82.067291,46.090012]],[[-82.208847,46.08857],[-82.201103,46.078819],[-82.217796,46.073421],[-82.212753,46.077621],[-82.221718,46.089668],[-82.208847,46.08857]],[[-82.056557,46.086399],[-82.055153,46.085201],[-82.059258,46.084801],[-82.056557,46.086399]],[[-81.887993,46.087391],[-81.885811,46.087379],[-81.885727,46.08654],[-81.887993,46.087391]],[[-81.805771,46.090099],[-81.790169,46.091061],[-81.797943,46.08535],[-81.805771,46.090099]],[[-81.872437,46.0909],[-81.873238,46.091671],[-81.870583,46.09243],[-81.872437,46.0909]],[[-81.774063,46.09317],[-81.770523,46.09005],[-81.784012,46.087791],[-81.774063,46.09317]],[[-81.746986,46.088951],[-81.746674,46.08683],[-81.752457,46.086781],[-81.746986,46.088951]],[[-81.761803,46.083969],[-81.770653,46.08321],[-81.769577,46.086849],[-81.761803,46.083969]],[[-81.739227,46.085678],[-81.737877,46.085159],[-81.743477,46.08268],[-81.739227,46.085678]],[[-81.777977,46.08131],[-81.781807,46.081459],[-81.780724,46.08329],[-81.777977,46.08131]],[[-81.877258,46.080769],[-81.879379,46.08149],[-81.877808,46.08292],[-81.877258,46.080769]],[[-81.969498,46.077499],[-81.974243,46.078838],[-81.973038,46.081478],[-81.969498,46.077499]],[[-81.954323,46.079632],[-81.954071,46.07761],[-81.962914,46.07835],[-81.954323,46.079632]],[[-81.863693,46.079781],[-81.863747,46.07906],[-81.866341,46.07869],[-81.863693,46.079781]],[[-81.846878,46.077621],[-81.849991,46.076061],[-81.849953,46.077061],[-81.846878,46.077621]],[[-81.839233,46.076069],[-81.829292,46.07132],[-81.849358,46.071091],[-81.839233,46.076069]],[[-81.869713,46.074848],[-81.870567,46.076012],[-81.868553,46.076431],[-81.869713,46.074848]],[[-81.809883,46.073929],[-81.808762,46.072689],[-81.810867,46.07262],[-81.809883,46.073929]],[[-81.802681,46.06995],[-81.80336,46.068119],[-81.805687,46.068321],[-81.802681,46.06995]],[[-81.796463,46.065552],[-81.799263,46.06456],[-81.799667,46.065632],[-81.796463,46.065552]],[[-81.812607,46.064121],[-81.814346,46.06422],[-81.811531,46.067581],[-81.812607,46.064121]],[[-81.80484,46.063869],[-81.804237,46.06353],[-81.807854,46.062771],[-81.80484,46.063869]],[[-81.855881,46.06348],[-81.858147,46.064091],[-81.855843,46.065022],[-81.855881,46.06348]],[[-82.129997,46.060169],[-82.135902,46.05957],[-82.132843,46.064911],[-82.129997,46.060169]],[[-82.154778,46.06102],[-82.150597,46.050781],[-82.11898,46.050282],[-82.114571,46.043541],[-82.153183,46.03215],[-82.172951,46.040569],[-82.168541,46.060059],[-82.154778,46.06102]],[[-81.987267,46.04583],[-81.986763,46.04422],[-81.989403,46.044048],[-81.987267,46.04583]],[[-82.003891,46.04221],[-82.002861,46.041458],[-82.007332,46.041359],[-82.003891,46.04221]],[[-82.037651,46.04113],[-82.02755,46.03582],[-82.037437,46.021969],[-82.027,46.023022],[-82.032768,46.01516],[-82.074333,46.007469],[-82.065018,46.0116],[-82.073349,46.02496],[-82.037651,46.04113]],[[-81.997063,46.037529],[-81.985901,46.035389],[-82.000366,46.012989],[-82.007652,46.026051],[-81.997063,46.037529]],[[-82.00959,46.021019],[-82.015694,46.006802],[-82.03054,46.008041],[-82.01944,46.027721],[-82.00959,46.021019]],[[-81.995453,46.006569],[-81.995193,46.005348],[-81.997589,46.00565],[-81.995453,46.006569]],[[-82.20079,46.006611],[-82.209381,45.983601],[-82.234009,46.008999],[-82.257568,46.00293],[-82.272392,46.019871],[-82.256729,46.020679],[-82.251167,46.044369],[-82.230728,46.051941],[-82.209686,46.04652],[-82.200378,46.035789],[-82.217102,46.033821],[-82.207169,46.025761],[-82.212936,46.016731],[-82.20079,46.006611]],[[-81.970161,46.00378],[-81.968964,46.003201],[-81.970757,46.001629],[-81.970161,46.00378]],[[-81.964897,46.0019],[-81.959457,46.0019],[-81.958832,46.001148],[-81.960403,45.999611],[-81.964897,46.0019]],[[-81.950417,46.00032],[-81.949516,45.998322],[-81.953194,45.998249],[-81.950417,46.00032]],[[-82.024384,46.001659],[-82.027168,46.003059],[-82.024117,46.003578],[-82.024384,46.001659]],[[-81.952377,45.991829],[-81.95266,45.99025],[-81.955833,45.990372],[-81.952377,45.991829]],[[-81.94429,45.991951],[-81.946587,45.98653],[-81.948441,45.987389],[-81.94429,45.991951]],[[-81.957947,45.987209],[-81.960289,45.988949],[-81.95668,45.98967],[-81.957947,45.987209]],[[-82.221489,45.983219],[-82.223343,45.98378],[-82.22142,45.987301],[-82.221489,45.983219]],[[-82.232071,45.98999],[-82.232887,45.99139],[-82.226784,45.991402],[-82.232071,45.98999]],[[-83.353737,45.995071],[-83.32399,45.96154],[-83.262581,45.955559],[-83.263382,45.911221],[-83.290169,45.896481],[-83.287666,45.88533],[-83.294807,45.88916],[-83.311012,45.87072],[-83.359657,45.853271],[-83.4375,45.885479],[-83.454292,45.8997],[-83.473122,45.900219],[-83.478279,45.88121],[-83.494827,45.89933],[-83.483437,45.910259],[-83.470596,45.936489],[-83.437714,45.950771],[-83.429031,45.9739],[-83.353737,45.995071]],[[-82.980438,45.973129],[-82.979927,45.972721],[-82.985413,45.971642],[-82.980438,45.973129]],[[-82.902992,45.970409],[-82.901291,45.9674],[-82.904404,45.967331],[-82.902992,45.970409]],[[-82.981903,45.96777],[-82.97551,45.962769],[-82.981796,45.95681],[-83.011383,45.959629],[-83.008209,45.961979],[-82.981903,45.96777]],[[-83.120087,45.85659],[-83.12294,45.85281],[-83.123718,45.85553],[-83.120087,45.85659]],[[-84.603409,45.853008],[-84.621628,45.845718],[-84.649681,45.858025],[-84.645775,45.884853],[-84.62442,45.878399],[-84.603409,45.853008]],[[-83.109657,45.846119],[-83.111313,45.83876],[-83.139763,45.836529],[-83.136703,45.842831],[-83.109657,45.846119]],[[-84.612297,45.834744],[-84.599182,45.833187],[-84.587265,45.825985],[-84.606964,45.824451],[-84.612297,45.834744]],[[-83.501717,45.902451],[-83.499893,45.90707],[-83.497871,45.905769],[-83.501717,45.902451]],[[-83.491493,45.908741],[-83.48864,45.908852],[-83.489304,45.906521],[-83.491493,45.908741]],[[-84.424187,45.908417],[-84.433083,45.926559],[-84.425934,45.919178],[-84.427658,45.91592],[-84.423454,45.910099],[-84.424187,45.908417]],[[-83.56665,45.91901],[-83.55957,45.915058],[-83.563957,45.913769],[-83.56665,45.91901]],[[-83.484291,45.916981],[-83.485672,45.918579],[-83.482536,45.919559],[-83.484291,45.916981]],[[-82.236221,45.99955],[-82.23613,46.002831],[-82.234207,46.002541],[-82.236221,45.99955]],[[-82.271477,46.00272],[-82.290451,46.007591],[-82.279922,46.011169],[-82.271477,46.00272]],[[-82.347076,46.042809],[-82.360336,46.043831],[-82.344688,46.054241],[-82.342392,46.073151],[-82.33033,46.071522],[-82.333252,46.055561],[-82.347076,46.042809]],[[-82.463097,46.057961],[-82.464783,46.05896],[-82.461777,46.06049],[-82.463097,46.057961]],[[-82.437637,46.060551],[-82.437401,46.058441],[-82.438606,46.05785],[-82.437637,46.060551]],[[-82.407997,46.06126],[-82.434898,46.069401],[-82.423439,46.080372],[-82.394463,46.086632],[-82.391411,46.06781],[-82.407997,46.06126]],[[-82.253471,46.08268],[-82.253471,46.077599],[-82.266243,46.079868],[-82.253471,46.08268]],[[-82.226097,46.083389],[-82.225311,46.079899],[-82.228706,46.079948],[-82.226097,46.083389]],[[-82.223534,46.07486],[-82.226021,46.071369],[-82.227203,46.072289],[-82.223534,46.07486]],[[-81.855728,46.069359],[-81.854881,46.068409],[-81.856438,46.0672],[-81.855728,46.069359]],[[-82.327332,46.053612],[-82.330719,46.051682],[-82.330917,46.05265],[-82.327332,46.053612]],[[-82.099907,46.025009],[-82.113274,46.02145],[-82.112556,46.02351],[-82.099907,46.025009]],[[-82.019028,46.07782],[-82.019997,46.078209],[-82.013649,46.07975],[-82.019028,46.07782]],[[-82.037483,46.08289],[-82.034508,46.084],[-82.033997,46.082039],[-82.037483,46.08289]],[[-81.860359,46.083679],[-81.859863,46.08316],[-81.86232,46.08252],[-81.860359,46.083679]],[[-81.78994,46.084461],[-81.790573,46.085419],[-81.788422,46.086658],[-81.78994,46.084461]],[[-81.857239,46.084999],[-81.857597,46.085579],[-81.855347,46.08651],[-81.857239,46.084999]],[[-82.092369,46.094662],[-82.091301,46.093658],[-82.091927,46.092651],[-82.092369,46.094662]],[[-84.377266,45.931187],[-84.434959,45.960579],[-84.420654,45.957378],[-84.414986,45.964996],[-84.421021,45.971931],[-84.412491,45.977737],[-84.430046,45.992737],[-84.407127,45.981781],[-84.385643,45.98214],[-84.399826,45.9916],[-84.387062,45.987679],[-84.365768,45.97089],[-84.388954,45.971863],[-84.386086,45.96426],[-84.372505,45.965336],[-84.345703,45.947311],[-84.357346,45.939003],[-84.392769,45.948532],[-84.377266,45.931187]],[[-84.566727,45.943645],[-84.568779,45.944389],[-84.567223,45.944351],[-84.566727,45.943645]],[[-84.565643,45.945358],[-84.565697,45.945538],[-84.564224,45.946228],[-84.565643,45.945358]],[[-84.567207,45.952026],[-84.580856,45.958447],[-84.57724,45.969421],[-84.562592,45.964943],[-84.567207,45.952026]],[[-84.632301,45.955616],[-84.640732,45.972446],[-84.635551,45.979889],[-84.608704,45.966835],[-84.622398,45.956612],[-84.632301,45.955616]],[[-84.529373,45.960594],[-84.528053,45.958622],[-84.530632,45.959209],[-84.529373,45.960594]],[[-84.438164,45.973892],[-84.443039,45.977444],[-84.43589,45.973629],[-84.438164,45.973892]],[[-84.440948,45.982986],[-84.420937,45.974094],[-84.421288,45.972279],[-84.440948,45.982986]],[[-84.443184,45.978058],[-84.445068,45.97897],[-84.444618,45.979065],[-84.443184,45.978058]],[[-84.458626,45.992367],[-84.459099,45.992813],[-84.458473,45.99287],[-84.458626,45.992367]],[[-84.407135,45.992672],[-84.406975,45.992302],[-84.407578,45.992371],[-84.407135,45.992672]],[[-84.407539,45.991882],[-84.407394,45.991425],[-84.408028,45.991524],[-84.407539,45.991882]],[[-84.403564,45.9911],[-84.402237,45.991623],[-84.40358,45.990173],[-84.403564,45.9911]],[[-84.35463,45.992485],[-84.332718,45.985146],[-84.329453,45.971985],[-84.310699,45.960495],[-84.325386,45.956085],[-84.35463,45.992485]],[[-84.331505,45.992386],[-84.31916,45.99316],[-84.299438,45.975918],[-84.312973,45.980728],[-84.331505,45.992386]],[[-84.297806,45.975769],[-84.296844,45.975281],[-84.297508,45.97517],[-84.297806,45.975769]],[[-84.302704,45.968662],[-84.325676,45.984997],[-84.320625,45.985054],[-84.302704,45.968662]],[[-84.303139,45.973618],[-84.281464,45.962627],[-84.280617,45.960415],[-84.287598,45.961971],[-84.303139,45.973618]],[[-84.298309,45.973335],[-84.297188,45.972488],[-84.297714,45.972366],[-84.298309,45.973335]],[[-84.283295,45.971962],[-84.282799,45.971634],[-84.283424,45.971344],[-84.283295,45.971962]],[[-84.275665,45.975048],[-84.258911,45.96611],[-84.263222,45.966503],[-84.275665,45.975048]],[[-84.234756,45.972092],[-84.234657,45.971764],[-84.235245,45.971519],[-84.234756,45.972092]],[[-84.238297,45.967896],[-84.237961,45.96698],[-84.239388,45.967087],[-84.238297,45.967896]],[[-84.202866,45.971878],[-84.199081,45.968719],[-84.200546,45.966682],[-84.202866,45.971878]],[[-84.262024,45.956093],[-84.290703,45.959427],[-84.278328,45.959091],[-84.262024,45.956093]],[[-84.036873,45.956001],[-84.034302,45.952862],[-84.037842,45.954926],[-84.036873,45.956001]],[[-84.29393,45.95377],[-84.314766,45.964195],[-84.313583,45.968765],[-84.298859,45.9631],[-84.29393,45.95377]],[[-84.332016,45.955254],[-84.343765,45.955196],[-84.35817,45.961182],[-84.33683,45.96331],[-84.332016,45.955254]],[[-84.327187,45.988152],[-84.327202,45.988579],[-84.326706,45.988335],[-84.327187,45.988152]],[[-84.333321,45.990753],[-84.332634,45.991611],[-84.33252,45.991341],[-84.333321,45.990753]],[[-84.377464,45.966],[-84.380707,45.968071],[-84.379234,45.967583],[-84.377464,45.966]],[[-83.819839,45.944439],[-83.819733,45.943661],[-83.821548,45.94323],[-83.819839,45.944439]],[[-83.82428,45.94371],[-83.830994,45.93766],[-83.834686,45.937511],[-83.832474,45.94265],[-83.82428,45.94371]],[[-83.768997,45.93412],[-83.765556,45.936378],[-83.764748,45.933189],[-83.768997,45.93412]],[[-83.775726,45.935379],[-83.770088,45.93792],[-83.770531,45.935848],[-83.775726,45.935379]],[[-83.763817,45.944851],[-83.764191,45.94595],[-83.760941,45.94743],[-83.763817,45.944851]],[[-83.829903,45.94854],[-83.830673,45.950359],[-83.828468,45.951069],[-83.829903,45.94854]],[[-83.822517,45.953178],[-83.821617,45.95496],[-83.81974,45.954269],[-83.822517,45.953178]],[[-83.8536,45.960232],[-83.848923,45.962269],[-83.849136,45.961079],[-83.8536,45.960232]],[[-83.867813,45.962734],[-83.866547,45.965195],[-83.864098,45.963646],[-83.867813,45.962734]],[[-83.871979,45.966125],[-83.866455,45.969074],[-83.866402,45.968391],[-83.871979,45.966125]],[[-83.864662,45.969444],[-83.864632,45.968563],[-83.865318,45.968857],[-83.864662,45.969444]],[[-83.859138,45.966339],[-83.860489,45.964554],[-83.860954,45.964939],[-83.859138,45.966339]],[[-83.968353,45.960014],[-83.968384,45.960884],[-83.96772,45.960316],[-83.968353,45.960014]],[[-83.966934,45.96376],[-83.967651,45.964863],[-83.965714,45.963795],[-83.966934,45.96376]],[[-84.094917,45.96788],[-84.094566,45.968822],[-84.094391,45.968185],[-84.094917,45.96788]],[[-84.16143,45.973667],[-84.161995,45.974072],[-84.156487,45.974438],[-84.16143,45.973667]],[[-84.154213,45.974728],[-84.153946,45.974201],[-84.154526,45.97435],[-84.154213,45.974728]],[[-84.152077,45.977119],[-84.152473,45.977623],[-84.151581,45.977379],[-84.152077,45.977119]],[[-84.153084,45.97818],[-84.153183,45.978363],[-84.152832,45.978535],[-84.153084,45.97818]],[[-84.155724,45.979832],[-84.155739,45.980213],[-84.155388,45.980057],[-84.155724,45.979832]],[[-84.157303,45.980274],[-84.157333,45.980335],[-84.156929,45.980648],[-84.157303,45.980274]],[[-84.216019,45.982914],[-84.216171,45.983448],[-84.215843,45.983532],[-84.216019,45.982914]],[[-84.396385,45.993443],[-84.396759,45.994083],[-84.394699,45.993526],[-84.396385,45.993443]],[[-84.405304,45.994648],[-84.407387,45.995956],[-84.406387,45.996094],[-84.405304,45.994648]],[[-84.400078,45.995022],[-84.399628,45.9949],[-84.40023,45.994774],[-84.400078,45.995022]],[[-84.438484,45.994709],[-84.439407,45.995651],[-84.438583,45.995777],[-84.438484,45.994709]],[[-84.428658,45.995934],[-84.430367,45.997448],[-84.429855,45.997463],[-84.428658,45.995934]],[[-84.448563,45.999699],[-84.44873,46.000065],[-84.447891,46.000023],[-84.448563,45.999699]],[[-84.446381,46.001633],[-84.446686,46.001747],[-84.44622,46.002022],[-84.446381,46.001633]],[[-84.44297,46.002048],[-84.442581,46.001987],[-84.442589,46.001785],[-84.44297,46.002048]],[[-84.443939,46.003044],[-84.443932,46.003307],[-84.443695,46.003414],[-84.443939,46.003044]],[[-84.435127,46.004738],[-84.436279,46.005703],[-84.435951,46.005692],[-84.435127,46.004738]],[[-84.44175,46.006382],[-84.442245,46.006577],[-84.441658,46.006847],[-84.44175,46.006382]],[[-84.688202,46.015167],[-84.688278,46.01543],[-84.687744,46.015442],[-84.688202,46.015167]],[[-84.689026,46.015385],[-84.689186,46.015709],[-84.688782,46.015656],[-84.689026,46.015385]],[[-84.689743,46.01548],[-84.689812,46.015743],[-84.689354,46.015728],[-84.689743,46.01548]],[[-84.689896,46.016365],[-84.689926,46.016602],[-84.689728,46.016663],[-84.689896,46.016365]],[[-84.57962,46.023968],[-84.579994,46.024052],[-84.579956,46.02433],[-84.57962,46.023968]],[[-84.570206,46.027534],[-84.572044,46.028118],[-84.569962,46.028431],[-84.570206,46.027534]],[[-84.69146,46.022675],[-84.691879,46.022717],[-84.691834,46.022972],[-84.69146,46.022675]],[[-84.691299,46.02351],[-84.691277,46.023685],[-84.690857,46.023697],[-84.691299,46.02351]],[[-84.692726,46.024784],[-84.691605,46.025162],[-84.691589,46.024937],[-84.692726,46.024784]],[[-84.693344,46.024918],[-84.694122,46.0252],[-84.692802,46.025623],[-84.693344,46.024918]],[[-84.694611,46.02515],[-84.695374,46.025448],[-84.694695,46.02549],[-84.694611,46.02515]],[[-84.690468,46.026058],[-84.69104,46.024525],[-84.691109,46.025253],[-84.690468,46.026058]],[[-84.69091,46.027199],[-84.690102,46.027592],[-84.690086,46.027428],[-84.69091,46.027199]],[[-84.620964,46.027725],[-84.622284,46.028992],[-84.61824,46.028732],[-84.620964,46.027725]],[[-84.655281,46.049992],[-84.655647,46.050133],[-84.654991,46.050621],[-84.655281,46.049992]],[[-84.661209,46.050671],[-84.661217,46.050869],[-84.660782,46.050934],[-84.661209,46.050671]],[[-84.65625,46.051308],[-84.6558,46.050846],[-84.657288,46.050617],[-84.65625,46.051308]],[[-84.658844,46.051537],[-84.656624,46.05201],[-84.656937,46.051632],[-84.658844,46.051537]],[[-84.655594,46.053547],[-84.655357,46.053921],[-84.655029,46.053867],[-84.655594,46.053547]],[[-84.697121,46.026096],[-84.69783,46.026451],[-84.697426,46.026581],[-84.697121,46.026096]],[[-82.941277,45.820629],[-82.941872,45.809799],[-82.949806,45.806461],[-82.952103,45.81818],[-82.941277,45.820629]],[[-84.402046,45.783276],[-84.354675,45.770172],[-84.370644,45.755783],[-84.37162,45.744926],[-84.393158,45.740471],[-84.393547,45.727825],[-84.418282,45.719532],[-84.435333,45.729126],[-84.499664,45.736732],[-84.507561,45.753162],[-84.549271,45.789101],[-84.590088,45.81163],[-84.577324,45.819416],[-84.540039,45.808392],[-84.505219,45.810776],[-84.432617,45.785957],[-84.420036,45.795807],[-84.428421,45.811722],[-84.402046,45.783276]],[[-82.92804,45.771198],[-82.925743,45.763062],[-82.931877,45.75359],[-82.933128,45.765202],[-82.92804,45.771198]],[[-82.98703,45.735229],[-83.012466,45.751369],[-82.983131,45.764969],[-82.98703,45.735229]],[[-82.924324,45.715141],[-82.921112,45.709934],[-82.921432,45.703644],[-82.92511,45.704407],[-82.924324,45.715141]],[[-82.959702,45.698612],[-82.959511,45.698269],[-82.960686,45.698067],[-82.959702,45.698612]],[[-82.932701,45.685547],[-82.943611,45.634544],[-82.964249,45.643078],[-82.976326,45.667267],[-82.968636,45.671612],[-82.97567,45.677101],[-82.972092,45.691185],[-82.932701,45.685547]],[[-82.922447,45.656651],[-82.915848,45.643291],[-82.916069,45.628853],[-82.92321,45.640438],[-82.922447,45.656651]],[[-82.101707,45.572369],[-82.105232,45.571041],[-82.105331,45.571781],[-82.101707,45.572369]],[[-82.08358,45.567341],[-82.087257,45.56596],[-82.086113,45.567791],[-82.08358,45.567341]],[[-82.082588,45.56139],[-82.088699,45.55933],[-82.087196,45.561081],[-82.082588,45.56139]],[[-84.121414,45.560135],[-84.121574,45.560234],[-84.120476,45.560581],[-84.121414,45.560135]],[[-84.121223,45.555305],[-84.120949,45.55508],[-84.122749,45.554974],[-84.121223,45.555305]],[[-82.085541,45.553768],[-82.084801,45.55225],[-82.087379,45.552109],[-82.085541,45.553768]],[[-84.122971,45.552067],[-84.123016,45.552441],[-84.122635,45.552589],[-84.122971,45.552067]],[[-81.844742,45.4711],[-81.844414,45.469959],[-81.845688,45.46981],[-81.844742,45.4711]],[[-81.844856,45.464439],[-81.850693,45.463501],[-81.85041,45.464642],[-81.844856,45.464439]],[[-83.596298,45.35693],[-83.595947,45.356384],[-83.596687,45.356121],[-83.596298,45.35693]],[[-83.583168,45.351189],[-83.582932,45.350731],[-83.583931,45.350414],[-83.583168,45.351189]],[[-83.462059,45.327602],[-83.462776,45.326923],[-83.463013,45.327518],[-83.462059,45.327602]],[[-83.454979,45.324162],[-83.45681,45.323448],[-83.456795,45.324158],[-83.454979,45.324162]],[[-83.450592,45.322193],[-83.450851,45.320736],[-83.451523,45.321022],[-83.450592,45.322193]],[[-81.71788,45.28167],[-81.724274,45.28072],[-81.722557,45.282558],[-81.71788,45.28167]],[[-81.731667,45.281059],[-81.732101,45.2817],[-81.730042,45.28249],[-81.731667,45.281059]],[[-83.384285,45.259892],[-83.384804,45.259319],[-83.385094,45.260002],[-83.384285,45.259892]],[[-81.719437,45.252789],[-81.719643,45.251011],[-81.722023,45.250309],[-81.719437,45.252789]],[[-83.335449,45.198284],[-83.324112,45.196247],[-83.319725,45.189205],[-83.338684,45.190552],[-83.335449,45.198284]],[[-83.312775,45.120876],[-83.314613,45.120289],[-83.314293,45.121098],[-83.312775,45.120876]],[[-83.303482,45.084972],[-83.303101,45.084457],[-83.30407,45.08427],[-83.303482,45.084972]],[[-83.30143,45.082645],[-83.300781,45.081211],[-83.30143,45.081314],[-83.30143,45.082645]],[[-83.307999,45.081326],[-83.308113,45.081543],[-83.307236,45.081638],[-83.307999,45.081326]],[[-83.309486,45.078655],[-83.308807,45.077492],[-83.31221,45.078228],[-83.309486,45.078655]],[[-83.301918,45.077019],[-83.300949,45.075787],[-83.301788,45.075832],[-83.301918,45.077019]],[[-83.298676,45.075741],[-83.298416,45.075306],[-83.299294,45.075203],[-83.298676,45.075741]],[[-83.303093,45.072601],[-83.305008,45.072704],[-83.30722,45.075489],[-83.303093,45.072601]],[[-83.28891,45.070595],[-83.291931,45.064655],[-83.287926,45.059235],[-83.302177,45.066151],[-83.28891,45.070595]],[[-83.289299,45.065094],[-83.289108,45.06488],[-83.289658,45.064617],[-83.289299,45.065094]],[[-83.303398,45.061512],[-83.301613,45.062023],[-83.301765,45.061661],[-83.303398,45.061512]],[[-83.30336,45.061974],[-83.303497,45.062092],[-83.302544,45.062523],[-83.30336,45.061974]],[[-83.308342,45.075859],[-83.30899,45.076485],[-83.30764,45.076214],[-83.308342,45.075859]],[[-83.232979,45.056511],[-83.228554,45.05592],[-83.232841,45.054459],[-83.232979,45.056511]],[[-83.309952,45.05579],[-83.310432,45.056026],[-83.310059,45.056229],[-83.309952,45.05579]],[[-83.308693,45.05592],[-83.308464,45.055534],[-83.309128,45.055466],[-83.308693,45.05592]],[[-83.212677,45.051445],[-83.205071,45.047234],[-83.191383,45.033764],[-83.205643,45.039608],[-83.212677,45.051445]],[[-83.232643,45.04707],[-83.220215,45.049309],[-83.2183,45.041592],[-83.232643,45.04707]],[[-83.26564,45.028797],[-83.266098,45.02832],[-83.26635,45.028736],[-83.26564,45.028797]],[[-83.262268,45.026722],[-83.261955,45.026184],[-83.262611,45.026196],[-83.262268,45.026722]],[[-83.453926,45.017468],[-83.456841,45.021431],[-83.455978,45.02676],[-83.452583,45.02821],[-83.44783,45.026924],[-83.452209,45.027287],[-83.453926,45.017468]],[[-83.438789,45.034714],[-83.439377,45.035603],[-83.437141,45.035538],[-83.438789,45.034714]],[[-83.434982,45.067039],[-83.435783,45.067707],[-83.434883,45.067547],[-83.434982,45.067039]],[[-83.450386,45.072525],[-83.450478,45.071678],[-83.451012,45.071583],[-83.450386,45.072525]],[[-83.455093,45.066776],[-83.456024,45.065475],[-83.456711,45.066063],[-83.455093,45.066776]],[[-83.461189,45.069935],[-83.45945,45.070358],[-83.458931,45.069271],[-83.461189,45.069935]],[[-83.462776,45.071724],[-83.463387,45.07515],[-83.460159,45.074612],[-83.462776,45.071724]],[[-83.455933,45.00312],[-83.459618,45.002605],[-83.45945,45.003101],[-83.455933,45.00312]],[[-83.436539,45.00312],[-83.433464,45.001396],[-83.436722,45.002369],[-83.436539,45.00312]],[[-83.444656,45.004711],[-83.446037,45.005203],[-83.444801,45.005268],[-83.444656,45.004711]],[[-83.457199,45.006935],[-83.456146,45.007168],[-83.45623,45.006851],[-83.457199,45.006935]],[[-83.455536,45.007587],[-83.454399,45.007523],[-83.454483,45.007339],[-83.455536,45.007587]],[[-83.421844,44.989666],[-83.412468,44.991417],[-83.410301,44.986641],[-83.414528,44.985405],[-83.421844,44.989666]],[[-81.423927,44.960751],[-81.43084,44.95755],[-81.430687,44.958961],[-81.423927,44.960751]],[[-81.419739,44.95129],[-81.392853,44.952629],[-81.392807,44.95063],[-81.409843,44.93277],[-81.419739,44.95129]],[[-81.365913,44.948261],[-81.369423,44.94548],[-81.369621,44.946892],[-81.365913,44.948261]],[[-81.40332,44.931931],[-81.405632,44.930351],[-81.406303,44.931931],[-81.40332,44.931931]],[[-83.325783,44.912117],[-83.331223,44.912041],[-83.330772,44.912769],[-83.325783,44.912117]],[[-83.324814,44.891552],[-83.326393,44.890659],[-83.326355,44.891323],[-83.324814,44.891552]],[[-83.324089,44.891033],[-83.324059,44.890816],[-83.325134,44.890625],[-83.324089,44.891033]],[[-83.323662,44.890038],[-83.325706,44.889095],[-83.325783,44.889771],[-83.323662,44.890038]],[[-81.347023,44.845798],[-81.346046,44.84544],[-81.349197,44.843632],[-81.347023,44.845798]],[[-83.284637,44.831882],[-83.292732,44.830025],[-83.290962,44.831593],[-83.284637,44.831882]],[[-83.284012,44.831425],[-83.284012,44.831211],[-83.284798,44.831039],[-83.284012,44.831425]],[[-81.345108,44.797901],[-81.344688,44.795921],[-81.347412,44.795422],[-81.345108,44.797901]],[[-81.325043,44.788731],[-81.325012,44.786621],[-81.326797,44.78677],[-81.325043,44.788731]],[[-81.327553,44.78429],[-81.331291,44.780731],[-81.331757,44.782398],[-81.327553,44.78429]],[[-81.309387,44.77322],[-81.308502,44.771919],[-81.311981,44.771832],[-81.309387,44.77322]],[[-81.322769,44.771019],[-81.321457,44.770779],[-81.323433,44.768459],[-81.322769,44.771019]],[[-81.315468,44.76466],[-81.319023,44.763771],[-81.31868,44.764702],[-81.315468,44.76466]],[[-81.307457,44.76453],[-81.306557,44.762859],[-81.308823,44.763088],[-81.307457,44.76453]],[[-81.3116,44.761761],[-81.310966,44.759651],[-81.315933,44.75975],[-81.3116,44.761761]],[[-81.309982,44.743359],[-81.31765,44.74387],[-81.317162,44.746849],[-81.309982,44.743359]],[[-81.304077,44.737122],[-81.311913,44.73793],[-81.312019,44.73912],[-81.304077,44.737122]],[[-81.317627,44.736092],[-81.3218,44.735439],[-81.320892,44.73843],[-81.317627,44.736092]],[[-81.297043,44.73101],[-81.309242,44.717621],[-81.309357,44.728371],[-81.297043,44.73101]],[[-81.298172,44.723541],[-81.297012,44.720692],[-81.302673,44.72189],[-81.298172,44.723541]],[[-81.292542,44.718311],[-81.292686,44.716011],[-81.29435,44.716492],[-81.292542,44.718311]],[[-81.396751,44.49612],[-81.396347,44.49445],[-81.401657,44.492531],[-81.396751,44.49612]],[[-83.327309,44.409313],[-83.327362,44.409756],[-83.32653,44.410076],[-83.327309,44.409313]],[[-83.33989,44.427227],[-83.331825,44.42387],[-83.332367,44.423126],[-83.33989,44.427227]],[[-83.33345,44.425438],[-83.333191,44.424866],[-83.333763,44.42477],[-83.33345,44.425438]],[[-83.332764,44.422562],[-83.334122,44.422268],[-83.334122,44.422436],[-83.332764,44.422562]],[[-83.341728,44.440823],[-83.339645,44.443745],[-83.338692,44.441608],[-83.341728,44.440823]],[[-83.371735,44.480541],[-83.373856,44.484894],[-83.368439,44.484489],[-83.371735,44.480541]],[[-81.737724,43.744209],[-81.734596,43.742153],[-81.735298,43.741768],[-81.737724,43.744209]],[[-81.76754,43.312656],[-81.764328,43.307224],[-81.785126,43.285973],[-81.842133,43.252182],[-81.871231,43.233524],[-81.890312,43.237164],[-81.902428,43.235279],[-81.823524,43.274353],[-81.76754,43.312656]],[[-81.755661,43.309486],[-81.759171,43.27932],[-81.772667,43.246296],[-81.768547,43.235115],[-81.778961,43.216908],[-81.787483,43.22831],[-81.788635,43.229187],[-81.791809,43.229294],[-81.797798,43.226402],[-81.810379,43.217506],[-81.814743,43.205147],[-81.871017,43.232567],[-81.785728,43.284985],[-81.764565,43.305733],[-81.755661,43.309486]],[[-81.884727,43.231834],[-81.889076,43.233135],[-81.887665,43.233753],[-81.884727,43.231834]],[[-81.890289,43.235538],[-81.891136,43.236156],[-81.890289,43.236294],[-81.890289,43.235538]],[[-81.714882,43.752647],[-81.712692,43.754086],[-81.712883,43.752842],[-81.714882,43.752647]],[[-81.702522,43.756763],[-81.699837,43.754318],[-81.699265,43.75148],[-81.702522,43.756763]],[[-81.70784,43.755066],[-81.708862,43.755219],[-81.703445,43.756481],[-81.70784,43.755066]],[[-81.395073,44.976551],[-81.390213,44.9795],[-81.389748,44.977711],[-81.395073,44.976551]],[[-81.382973,44.979271],[-81.382378,44.984711],[-81.377861,44.98455],[-81.378227,44.983109],[-81.382973,44.979271]],[[-82.77285,45.925659],[-82.770554,45.923119],[-82.777878,45.922642],[-82.77285,45.925659]],[[-82.769676,45.913021],[-82.768272,45.908421],[-82.78093,45.90963],[-82.769676,45.913021]],[[-82.785202,45.889999],[-82.783577,45.886089],[-82.786163,45.886211],[-82.785202,45.889999]],[[-82.776367,45.884541],[-82.777237,45.88308],[-82.778374,45.883831],[-82.776367,45.884541]],[[-82.565971,45.862671],[-82.564247,45.86187],[-82.566116,45.86134],[-82.565971,45.862671]],[[-82.570763,45.842152],[-82.572357,45.839321],[-82.57328,45.839859],[-82.570763,45.842152]],[[-82.573341,45.835659],[-82.57222,45.835468],[-82.574051,45.83334],[-82.573341,45.835659]],[[-82.073051,45.959492],[-82.081787,45.958302],[-82.081261,45.95919],[-82.073051,45.959492]],[[-81.917053,45.98555],[-81.902359,45.98296],[-81.901848,45.98016],[-81.91404,45.980339],[-81.917053,45.98555]],[[-81.891922,45.981319],[-81.890022,45.979671],[-81.893662,45.97953],[-81.891922,45.981319]],[[-81.858238,45.980259],[-81.856934,45.978981],[-81.863419,45.979229],[-81.858238,45.980259]],[[-81.861214,45.971588],[-81.851067,45.960701],[-81.857681,45.955799],[-81.852722,45.943531],[-81.838219,45.93425],[-81.885063,45.908569],[-81.873062,45.938438],[-81.875389,45.950989],[-81.858063,45.96291],[-81.861214,45.971588]],[[-81.770111,45.970482],[-81.765892,45.96785],[-81.771057,45.96743],[-81.770111,45.970482]],[[-81.75415,45.96656],[-81.750763,45.96413],[-81.753258,45.963409],[-81.75415,45.96656]],[[-81.697372,45.94537],[-81.696213,45.944382],[-81.698257,45.943291],[-81.697372,45.94537]],[[-81.757278,45.936001],[-81.757042,45.934608],[-81.75972,45.93438],[-81.757278,45.936001]],[[-81.754433,45.934059],[-81.739792,45.923531],[-81.781471,45.921768],[-81.79245,45.930069],[-81.78022,45.936081],[-81.773239,45.93063],[-81.754433,45.934059]],[[-81.684082,45.928242],[-81.700989,45.925789],[-81.699898,45.92868],[-81.684082,45.928242]],[[-81.852043,45.918289],[-81.857292,45.915001],[-81.855713,45.921902],[-81.852043,45.918289]],[[-81.769341,45.934269],[-81.769501,45.932819],[-81.771477,45.93259],[-81.769341,45.934269]],[[-81.891281,45.909599],[-81.891083,45.910809],[-81.88752,45.911751],[-81.891281,45.909599]],[[-81.731247,45.85503],[-81.736687,45.85157],[-81.737244,45.85376],[-81.731247,45.85503]],[[-81.730904,45.974861],[-81.767593,45.98629],[-81.747887,46.01363],[-81.73201,46.005711],[-81.742752,46.00713],[-81.728889,45.991718],[-81.734543,45.990139],[-81.730904,45.974861]],[[-81.667221,46.00433],[-81.667412,46.003368],[-81.669182,46.002991],[-81.667221,46.00433]],[[-81.691704,46.002029],[-81.695824,46.003971],[-81.691727,46.004459],[-81.691704,46.002029]],[[-81.57692,46.001129],[-81.575798,45.999001],[-81.576942,45.99823],[-81.57692,46.001129]],[[-81.591927,45.99633],[-81.593948,45.997749],[-81.591743,45.99934],[-81.591927,45.99633]],[[-81.582947,45.99371],[-81.582779,45.992641],[-81.585678,45.991539],[-81.582947,45.99371]],[[-81.643753,46.031689],[-81.641319,46.032551],[-81.641212,46.031929],[-81.643753,46.031689]],[[-81.657257,46.032162],[-81.657318,46.032719],[-81.654083,46.032398],[-81.657257,46.032162]],[[-81.650291,46.035011],[-81.650803,46.035938],[-81.647919,46.036308],[-81.650291,46.035011]],[[-81.728653,46.038059],[-81.716698,46.05476],[-81.711678,46.049961],[-81.728653,46.038059]],[[-81.732437,46.054798],[-81.733749,46.056412],[-81.730728,46.056438],[-81.732437,46.054798]],[[-81.72422,46.056751],[-81.720963,46.056461],[-81.723152,46.055302],[-81.72422,46.056751]],[[-81.633163,46.056709],[-81.618423,46.056839],[-81.630867,46.06588],[-81.614151,46.070889],[-81.607407,46.05315],[-81.621567,46.049381],[-81.633163,46.056709]],[[-81.641167,46.061138],[-81.641312,46.06189],[-81.639183,46.062141],[-81.641167,46.061138]],[[-81.617104,46.075729],[-81.634644,46.093861],[-81.608482,46.09782],[-81.605301,46.088219],[-81.555367,46.083988],[-81.564636,46.07476],[-81.617104,46.075729]],[[-81.618843,46.07198],[-81.621323,46.072521],[-81.619072,46.073849],[-81.618843,46.07198]],[[-81.62487,46.074219],[-81.636421,46.0784],[-81.630333,46.081322],[-81.62487,46.074219]],[[-81.645866,46.07497],[-81.646294,46.07634],[-81.641701,46.076859],[-81.645866,46.07497]],[[-81.647186,46.085171],[-81.661263,46.092751],[-81.639771,46.105259],[-81.638779,46.096111],[-81.647186,46.085171]],[[-81.569252,46.060261],[-81.589409,46.05481],[-81.604012,46.064758],[-81.600327,46.068432],[-81.569252,46.060261]],[[-81.575462,46.05204],[-81.574318,46.051559],[-81.576988,46.0499],[-81.575462,46.05204]],[[-81.582062,46.046692],[-81.584747,46.04678],[-81.584122,46.049999],[-81.582062,46.046692]],[[-81.637604,46.049],[-81.638893,46.049831],[-81.637367,46.050732],[-81.637604,46.049]],[[-81.643959,46.052952],[-81.644699,46.05365],[-81.642273,46.05521],[-81.643959,46.052952]],[[-81.757843,46.094849],[-81.758972,46.09523],[-81.757309,46.096821],[-81.757843,46.094849]],[[-81.845009,46.096458],[-81.845383,46.09779],[-81.843468,46.097939],[-81.845009,46.096458]],[[-81.82766,46.09866],[-81.826462,46.098461],[-81.834267,46.096619],[-81.82766,46.09866]],[[-81.748642,46.09774],[-81.748749,46.099171],[-81.745537,46.097919],[-81.748642,46.09774]],[[-81.735123,46.09906],[-81.733177,46.097401],[-81.74015,46.0965],[-81.735123,46.09906]],[[-81.738937,46.10207],[-81.738541,46.103062],[-81.736313,46.10358],[-81.738937,46.10207]],[[-82.086983,46.10117],[-82.08831,46.103001],[-82.083527,46.102261],[-82.086983,46.10117]],[[-82.135887,46.102409],[-82.139389,46.105469],[-82.127518,46.103439],[-82.135887,46.102409]],[[-82.122101,46.106621],[-82.120613,46.105541],[-82.122688,46.104599],[-82.122101,46.106621]],[[-82.133789,46.107201],[-82.135246,46.108181],[-82.133148,46.10902],[-82.133789,46.107201]],[[-82.259941,46.13953],[-82.260483,46.140831],[-82.240723,46.139931],[-82.259941,46.13953]],[[-82.468742,46.169491],[-82.465782,46.175098],[-82.462593,46.169281],[-82.468742,46.169491]],[[-82.441071,46.172581],[-82.438553,46.172279],[-82.441544,46.168701],[-82.441071,46.172581]],[[-82.433968,46.17482],[-82.433083,46.174931],[-82.432579,46.172001],[-82.433968,46.17482]],[[-82.427528,46.175362],[-82.426613,46.174709],[-82.427711,46.17408],[-82.427528,46.175362]],[[-82.33123,46.17165],[-82.348442,46.172981],[-82.346947,46.17421],[-82.33123,46.17165]],[[-82.423622,46.176361],[-82.42028,46.17691],[-82.420563,46.17601],[-82.423622,46.176361]],[[-82.41626,46.17654],[-82.409592,46.181179],[-82.40036,46.180248],[-82.401802,46.178951],[-82.41626,46.17654]],[[-82.382339,46.17141],[-82.384041,46.173401],[-82.381538,46.173439],[-82.382339,46.17141]],[[-82.356377,46.173389],[-82.35331,46.172218],[-82.356773,46.172009],[-82.356377,46.173389]],[[-82.301987,46.18203],[-82.293167,46.18071],[-82.29673,46.180119],[-82.301987,46.18203]],[[-82.24437,46.184219],[-82.240013,46.181179],[-82.241341,46.18111],[-82.24437,46.184219]],[[-82.180267,46.177181],[-82.173332,46.177429],[-82.174301,46.1763],[-82.180267,46.177181]],[[-82.113243,46.168732],[-82.112091,46.16703],[-82.118279,46.16713],[-82.113243,46.168732]],[[-82.7621,46.168671],[-82.762573,46.172352],[-82.759048,46.172421],[-82.7621,46.168671]],[[-82.693207,46.180519],[-82.693863,46.181568],[-82.690842,46.18232],[-82.693207,46.180519]],[[-82.78373,46.184319],[-82.783836,46.185261],[-82.781433,46.18549],[-82.78373,46.184319]],[[-82.70433,46.191799],[-82.705269,46.192421],[-82.703163,46.1931],[-82.70433,46.191799]],[[-82.696861,46.194328],[-82.694923,46.193508],[-82.695427,46.192871],[-82.696861,46.194328]],[[-82.689873,46.195202],[-82.688248,46.195011],[-82.689148,46.192558],[-82.689873,46.195202]],[[-82.672073,46.19661],[-82.659233,46.198681],[-82.659081,46.197159],[-82.672073,46.19661]],[[-82.960197,46.178619],[-82.995132,46.187149],[-82.962532,46.189362],[-82.953682,46.183201],[-82.960197,46.178619]]],[[[-83.35685,44.33308],[-83.415291,44.293873],[-83.425865,44.271557],[-83.450249,44.250526],[-83.458244,44.249329],[-83.438118,44.264378],[-83.439865,44.270073],[-83.475258,44.280605],[-83.507027,44.274303],[-83.537315,44.248119],[-83.566658,44.156391],[-83.563515,44.105865],[-83.59063,44.080582],[-83.57695,44.048454],[-83.609444,44.05611],[-83.645699,44.053516],[-83.685776,44.037853],[-83.673683,44.02396],[-83.690109,44.033855],[-83.691231,44.036259],[-83.682503,44.065186],[-83.692314,44.07692],[-83.681854,44.087589],[-83.680725,44.091827],[-83.681541,44.095036],[-83.683952,44.098186],[-83.69352,44.102673],[-83.697388,44.110786],[-83.694046,44.102455],[-83.681633,44.093929],[-83.681847,44.088501],[-83.690994,44.081562],[-83.692642,44.07864],[-83.693031,44.074184],[-83.690208,44.068317],[-83.683105,44.064964],[-83.689491,44.057968],[-83.689034,44.054729],[-83.68705,44.053303],[-83.690819,44.051624],[-83.691963,44.036716],[-83.690674,44.033585],[-83.6819,44.026962],[-83.690414,44.025234],[-83.67662,43.991196],[-83.680985,43.987553],[-83.703987,43.999359],[-83.718735,43.998238],[-83.706459,44.001816],[-83.740517,44.005661],[-83.755768,43.999626],[-83.750252,43.991089],[-83.760612,43.986145],[-83.795578,43.99321],[-83.803719,43.986443],[-83.802193,43.996029],[-83.82605,43.999252],[-83.82161,44.01902],[-83.862907,44.055557],[-83.875923,44.063271],[-83.894363,44.066811],[-83.90049,44.074726],[-83.895035,44.066475],[-83.883766,44.061398],[-83.880928,44.061333],[-83.877151,44.063152],[-83.869728,44.057564],[-83.862114,44.054173],[-83.856964,44.045689],[-83.848694,44.03656],[-83.829887,44.021626],[-83.827705,44.020676],[-83.825073,44.021133],[-83.827263,44.019451],[-83.826775,43.998974],[-83.830719,43.998997],[-83.8461,43.992962],[-83.856239,43.97607],[-83.864014,43.981426],[-83.857361,43.974529],[-83.866585,43.960022],[-83.876595,43.960934],[-83.892044,43.924381],[-83.908958,43.918461],[-83.918053,43.899174],[-83.918823,43.857067],[-83.921593,43.86483],[-83.92347,43.847492],[-83.934296,43.849258],[-83.932884,43.847256],[-83.93129,43.847313],[-83.930244,43.848354],[-83.927826,43.846466],[-83.922485,43.84689],[-83.928513,43.782379],[-83.94223,43.764362],[-83.942596,43.772701],[-83.948769,43.772655],[-83.944244,43.768166],[-83.944298,43.757332],[-83.946503,43.760189],[-83.945442,43.767776],[-83.957581,43.76659],[-83.942268,43.717587],[-83.910439,43.674007],[-83.916756,43.675358],[-83.852646,43.645397],[-83.838562,43.656097],[-83.817154,43.644512],[-83.815506,43.635365],[-83.749565,43.625725],[-83.722839,43.61301],[-83.727158,43.606804],[-83.690834,43.591717],[-83.701683,43.590237],[-83.67971,43.587845],[-83.719788,43.55323],[-83.613983,43.632923],[-83.524048,43.720459],[-83.513535,43.715485],[-83.513817,43.699837],[-83.506523,43.707066],[-83.50634,43.6996],[-83.494751,43.697487],[-83.467896,43.730145],[-83.467499,43.736317],[-83.485931,43.743999],[-83.455917,43.743885],[-83.459541,43.745407],[-83.443138,43.761948],[-83.445366,43.769119],[-83.4403,43.770466],[-83.442902,43.77153],[-83.434586,43.780106],[-83.436676,43.781883],[-83.423866,43.785],[-83.430153,43.794071],[-83.415817,43.797947],[-83.425934,43.803959],[-83.41613,43.801174],[-83.412796,43.810497],[-83.403648,43.807259],[-83.410034,43.813179],[-83.395256,43.818226],[-83.386665,43.835049],[-83.39225,43.848942],[-83.354927,43.858101],[-83.357407,43.8643],[-83.324852,43.884529],[-83.332077,43.886166],[-83.324944,43.893326],[-83.331429,43.892879],[-83.32637,43.897911],[-83.331909,43.902649],[-83.378777,43.909962],[-83.39518,43.908493],[-83.400055,43.917713],[-83.353561,43.913635],[-83.307709,43.921024],[-83.287598,43.933098],[-83.281288,43.941971],[-83.274765,43.939709],[-83.275345,43.943703],[-83.269287,43.943943],[-83.266739,43.946625],[-83.25808,43.946556],[-83.249657,43.951553],[-83.258873,43.950466],[-83.259224,43.948822],[-83.258186,43.94698],[-83.272064,43.947426],[-83.269737,43.944248],[-83.279297,43.945477],[-83.261993,43.975788],[-83.179489,43.982674],[-83.114471,44.004951],[-83.080566,44.00161],[-83.054535,44.008221],[-83.061882,43.999847],[-83.074265,43.998268],[-83.076477,43.995346],[-83.100517,43.992596],[-83.09874,43.992573],[-83.076202,43.995037],[-83.073257,43.998062],[-83.070778,43.996452],[-83.059303,44.000389],[-83.05481,44.004585],[-83.040001,44.031277],[-83.341141,44.331509],[-83.35685,44.33308]],[[-83.456352,44.247448],[-83.456718,44.247013],[-83.45713,44.247276],[-83.456352,44.247448]],[[-83.458839,44.246582],[-83.459351,44.246628],[-83.459236,44.247112],[-83.458839,44.246582]],[[-83.44091,44.038906],[-83.427307,44.032772],[-83.425591,44.028576],[-83.436493,44.021614],[-83.44091,44.038906]],[[-83.677116,44.03326],[-83.676933,44.033661],[-83.675117,44.032501],[-83.677116,44.03326]],[[-83.678162,44.031746],[-83.678452,44.031963],[-83.677948,44.032238],[-83.678162,44.031746]],[[-83.688728,44.025322],[-83.686272,44.025314],[-83.686401,44.024994],[-83.688728,44.025322]],[[-83.683891,44.02515],[-83.68367,44.024906],[-83.684135,44.024704],[-83.683891,44.02515]],[[-83.682388,44.019035],[-83.682014,44.018757],[-83.682289,44.018505],[-83.682388,44.019035]],[[-83.466095,44.003811],[-83.46328,44.002007],[-83.469742,44.002548],[-83.466095,44.003811]],[[-83.749184,43.989697],[-83.750717,43.989735],[-83.749809,43.990265],[-83.749184,43.989697]],[[-83.750748,43.992558],[-83.746033,43.995041],[-83.749786,43.992428],[-83.750748,43.992558]],[[-83.750671,43.993134],[-83.751099,43.993031],[-83.750664,43.99342],[-83.750671,43.993134]],[[-83.720039,43.99847],[-83.719711,43.998684],[-83.720131,43.994827],[-83.720039,43.99847]],[[-83.750427,43.996422],[-83.750519,43.996487],[-83.750305,43.99688],[-83.750427,43.996422]],[[-83.751358,43.996937],[-83.751175,43.997368],[-83.750717,43.997295],[-83.751358,43.996937]],[[-83.717247,43.99789],[-83.715729,43.996655],[-83.717216,43.997135],[-83.717247,43.99789]],[[-83.820496,43.995193],[-83.82074,43.996433],[-83.820221,43.996475],[-83.820496,43.995193]],[[-83.828346,43.996952],[-83.826057,43.998554],[-83.826859,43.996769],[-83.828346,43.996952]],[[-83.831284,43.99728],[-83.831268,43.997902],[-83.828682,43.997837],[-83.831284,43.99728]],[[-83.824707,43.998867],[-83.824081,43.998413],[-83.824593,43.998138],[-83.824707,43.998867]],[[-83.27758,43.943096],[-83.281334,43.942593],[-83.279167,43.944092],[-83.27758,43.943096]],[[-83.284676,43.938507],[-83.285179,43.937977],[-83.285484,43.938316],[-83.284676,43.938507]],[[-83.286026,43.937553],[-83.285835,43.937542],[-83.286293,43.936821],[-83.286026,43.937553]],[[-83.287155,43.936275],[-83.285934,43.935486],[-83.287361,43.934586],[-83.287155,43.936275]],[[-83.403214,43.917645],[-83.402077,43.912239],[-83.395844,43.907475],[-83.404556,43.912128],[-83.403214,43.917645]],[[-83.353775,43.904797],[-83.353935,43.904224],[-83.354141,43.904278],[-83.353775,43.904797]],[[-83.353416,43.904594],[-83.352905,43.904514],[-83.352974,43.904041],[-83.353416,43.904594]],[[-83.354416,43.90192],[-83.354813,43.901836],[-83.355003,43.903881],[-83.354416,43.90192]],[[-83.33712,43.899372],[-83.336098,43.896976],[-83.3405,43.901524],[-83.33712,43.899372]],[[-83.333679,43.900898],[-83.332764,43.899361],[-83.33358,43.899761],[-83.333679,43.900898]],[[-83.331543,43.895554],[-83.331543,43.895309],[-83.332008,43.895226],[-83.331543,43.895554]],[[-83.432899,43.885532],[-83.415413,43.877846],[-83.414986,43.875557],[-83.428665,43.877869],[-83.432899,43.885532]],[[-83.43718,43.862846],[-83.428223,43.851585],[-83.437866,43.848652],[-83.439087,43.839527],[-83.45105,43.855637],[-83.43718,43.862846]],[[-83.372353,43.856602],[-83.372734,43.855484],[-83.373268,43.855419],[-83.372353,43.856602]],[[-83.425385,43.841141],[-83.411545,43.833858],[-83.429153,43.820316],[-83.42012,43.817181],[-83.431625,43.819992],[-83.420502,43.828838],[-83.421791,43.838299],[-83.43309,43.834591],[-83.430725,43.839188],[-83.425385,43.841141]],[[-83.391449,43.831299],[-83.394661,43.831913],[-83.393257,43.832142],[-83.391449,43.831299]],[[-83.41066,43.830399],[-83.406532,43.826435],[-83.411461,43.829578],[-83.41066,43.830399]],[[-83.405067,43.830139],[-83.405327,43.829144],[-83.406067,43.829628],[-83.405067,43.830139]],[[-83.395676,43.829994],[-83.392654,43.829033],[-83.394539,43.8288],[-83.395676,43.829994]],[[-83.449638,43.815571],[-83.445244,43.824516],[-83.432335,43.821079],[-83.449638,43.815571]],[[-83.437134,43.811466],[-83.460114,43.811584],[-83.45372,43.833271],[-83.44548,43.834965],[-83.458618,43.81535],[-83.437134,43.811466]],[[-83.467102,43.813572],[-83.46727,43.814564],[-83.466003,43.814175],[-83.467102,43.813572]],[[-83.460716,43.824932],[-83.460823,43.826149],[-83.459961,43.826237],[-83.460716,43.824932]],[[-83.463333,43.827518],[-83.463341,43.827858],[-83.462791,43.827713],[-83.463333,43.827518]],[[-83.432892,43.833656],[-83.432396,43.831154],[-83.433426,43.831474],[-83.432892,43.833656]],[[-83.472069,43.798412],[-83.469337,43.796978],[-83.474648,43.798244],[-83.472069,43.798412]],[[-83.479622,43.793919],[-83.477348,43.792381],[-83.479538,43.792999],[-83.479622,43.793919]],[[-83.429443,43.790272],[-83.429794,43.788227],[-83.432068,43.788525],[-83.429443,43.790272]],[[-83.435097,43.787418],[-83.432037,43.78574],[-83.433197,43.785797],[-83.435097,43.787418]],[[-83.437096,43.78117],[-83.435776,43.779922],[-83.437065,43.780132],[-83.437096,43.78117]],[[-83.484985,43.76664],[-83.48465,43.76577],[-83.495468,43.77047],[-83.484985,43.76664]],[[-83.454323,43.762062],[-83.459702,43.758865],[-83.457283,43.760761],[-83.454323,43.762062]],[[-83.475258,43.758736],[-83.47538,43.757919],[-83.476006,43.758286],[-83.475258,43.758736]],[[-83.460663,43.758766],[-83.460396,43.758495],[-83.463074,43.757858],[-83.460663,43.758766]],[[-83.464325,43.757561],[-83.464973,43.757652],[-83.464951,43.75806],[-83.464325,43.757561]],[[-83.467773,43.756821],[-83.470749,43.756203],[-83.470123,43.758068],[-83.467773,43.756821]],[[-83.474106,43.756397],[-83.472191,43.757706],[-83.472801,43.757236],[-83.474106,43.756397]],[[-83.47612,43.756752],[-83.476173,43.757298],[-83.475349,43.757301],[-83.47612,43.756752]],[[-83.476952,43.757408],[-83.476875,43.75803],[-83.476639,43.757992],[-83.476952,43.757408]],[[-83.47287,43.758945],[-83.473541,43.758999],[-83.472832,43.759838],[-83.47287,43.758945]],[[-83.475136,43.759514],[-83.475067,43.760796],[-83.474045,43.760353],[-83.475136,43.759514]],[[-83.470764,43.762001],[-83.469666,43.761913],[-83.470848,43.759987],[-83.470764,43.762001]],[[-83.45974,43.759933],[-83.461029,43.759674],[-83.460945,43.75985],[-83.45974,43.759933]],[[-83.455475,43.753059],[-83.455147,43.752522],[-83.455963,43.752151],[-83.455475,43.753059]],[[-83.457642,43.750603],[-83.456871,43.750504],[-83.456802,43.749355],[-83.457642,43.750603]],[[-83.512512,43.732861],[-83.513466,43.730515],[-83.513084,43.73291],[-83.512512,43.732861]],[[-83.46962,43.72998],[-83.470482,43.729019],[-83.470619,43.729561],[-83.46962,43.72998]],[[-83.51268,43.728989],[-83.514267,43.726158],[-83.514503,43.728111],[-83.51268,43.728989]],[[-83.470757,43.728058],[-83.470604,43.726959],[-83.471466,43.727341],[-83.470757,43.728058]],[[-83.82473,43.676594],[-83.817322,43.667973],[-83.829613,43.663692],[-83.832268,43.670475],[-83.82473,43.676594]],[[-83.460068,43.746109],[-83.460022,43.745464],[-83.460968,43.745575],[-83.460068,43.746109]]],[[[-80.82444,46.103951],[-80.807518,46.092091],[-80.831367,46.075031],[-80.838631,46.058899],[-80.948761,46.011311],[-80.931068,46.00724],[-80.981583,45.964149],[-80.996819,45.961552],[-81.023102,45.94553],[-81.030144,45.951729],[-81.071999,45.952999],[-81.084961,45.939209],[-81.112068,45.941818],[-81.104767,45.946362],[-81.136101,45.942699],[-81.144547,45.939491],[-81.150177,45.91861],[-81.185448,45.93129],[-81.162666,45.94228],[-81.182587,45.940659],[-81.189812,45.94751],[-81.160431,45.966869],[-81.150742,45.980652],[-81.15332,45.99321],[-81.166977,46.001572],[-81.227089,46.00568],[-81.24334,45.994438],[-81.32251,46.000439],[-81.41684,45.988232],[-81.425453,45.99638],[-81.457657,45.988419],[-81.466057,45.974911],[-81.488167,45.967972],[-81.519127,45.972172],[-81.515182,45.987011],[-81.495003,45.996132],[-81.504883,46.002731],[-81.491943,46.00745],[-81.511673,46.010189],[-81.546463,46.000721],[-81.53672,45.99437],[-81.546387,45.98513],[-81.567642,45.984089],[-81.585823,45.970779],[-81.621979,45.95673],[-81.640228,45.958401],[-81.639076,45.952862],[-81.668583,45.942052],[-81.670501,45.934951],[-81.637283,45.94165],[-81.646423,45.934978],[-81.673088,45.92775],[-81.681473,45.901852],[-81.650017,45.901859],[-81.646523,45.88903],[-81.656677,45.886349],[-81.647743,45.866131],[-81.658539,45.85849],[-81.658607,45.835152],[-81.703827,45.81012],[-81.71096,45.798901],[-81.699753,45.78886],[-81.627609,45.789688],[-81.585541,45.809521],[-81.578209,45.780731],[-81.615982,45.731171],[-81.664108,45.70837],[-81.663063,45.69846],[-81.648567,45.69825],[-81.64653,45.686001],[-81.697456,45.64576],[-81.717216,45.616112],[-81.711014,45.610741],[-81.752808,45.587151],[-81.792793,45.53611],[-81.823723,45.521191],[-81.815939,45.500078],[-81.784241,45.514751],[-81.714653,45.52462],[-81.703743,45.53389],[-81.736061,45.471409],[-81.788353,45.44614],[-81.736839,45.322239],[-81.714188,45.30637],[-81.716957,45.289021],[-81.701088,45.291019],[-81.712517,45.28455],[-81.691109,45.265141],[-81.691147,45.252449],[-81.639427,45.263889],[-81.648491,45.253601],[-81.640259,45.25235],[-81.644051,45.247898],[-81.585823,45.249611],[-81.580803,45.238209],[-81.537292,45.244598],[-81.463562,45.22805],[-81.290154,45.240452],[-81.283478,45.222191],[-81.335274,45.173698],[-81.335243,45.140591],[-81.313667,45.120979],[-81.280762,45.113491],[-81.269913,45.09359],[-81.260048,45.070919],[-81.264801,45.029999],[-81.274673,45.01693],[-81.268852,45.005669],[-81.242683,44.99308],[-81.220039,45.0061],[-81.192139,44.9953],[-81.214821,44.971699],[-81.213448,44.957378],[-81.110138,44.950329],[-81.111519,44.9375],[-81.146637,44.91444],[-81.152184,44.898258],[-81.13208,44.900501],[-81.104446,44.917568],[-81.085533,44.908619],[-81.097473,44.890949],[-81.072319,44.887829],[-81.059761,44.891701],[-81.057121,44.90834],[-81.021652,44.916821],[-81.050461,44.935211],[-81.032707,44.961071],[-81.012993,44.963821],[-80.997322,44.954979],[-80.982643,44.9683],[-80.959,44.955711],[-80.960297,44.941669],[-80.999397,44.92358],[-81.026199,44.892632],[-81.025368,44.886082],[-81.001877,44.877609],[-81.010651,44.84967],[-81.127274,44.767269],[-81.134239,44.740349],[-81.119408,44.736992],[-81.079742,44.771801],[-81.009392,44.801559],[-80.971474,44.801701],[-80.942787,44.788818],[-80.905838,44.791199],[-80.886543,44.768082],[-80.883461,44.732029],[-80.9394,44.612518],[-80.936798,44.571388],[-80.904709,44.614552],[-80.872147,44.62252],[-80.821617,44.682442],[-80.775146,44.70676],[-80.739014,44.720619],[-80.637573,44.718399],[-80.619949,44.683689],[-80.620338,44.638062],[-80.552467,44.592918],[-80.510353,44.594009],[-80.407211,44.53994],[-80.357094,44.538731],[-80.311707,44.5215],[-80.293716,44.52861],[-80.268227,44.524841],[-80.234428,44.511028],[-80.226921,44.500721],[-80.195969,44.502041],[-80.106033,44.468311],[-80.069267,44.48045],[-80.025429,44.51445],[-79.997513,44.551369],[-79.996101,44.58049],[-80.010727,44.595421],[-79.989098,44.627529],[-79.980507,44.65731],[-80.009666,44.697189],[-80.033279,44.715229],[-80.124451,44.746262],[-80.130707,44.762581],[-80.121948,44.804569],[-80.076378,44.816731],[-80.073097,44.797131],[-80.051514,44.79715],[-80.030571,44.84737],[-79.950218,44.861561],[-79.919273,44.854622],[-79.903999,44.836441],[-79.923531,44.812248],[-79.947273,44.804081],[-79.940697,44.79015],[-79.948914,44.76664],[-79.939247,44.769451],[-79.93084,44.804279],[-79.885109,44.808311],[-79.871567,44.801651],[-79.865791,44.779099],[-79.892448,44.766899],[-79.897232,44.756828],[-79.891792,44.753151],[-79.872414,44.75642],[-79.854439,44.743999],[-79.847092,44.758942],[-79.810471,44.767941],[-79.808533,44.754391],[-79.79982,44.750221],[-79.803558,44.744129],[-79.79496,44.74728],[-79.804047,44.72871],[-79.782784,44.742592],[-79.779617,44.750679],[-79.786232,44.754791],[-79.766571,44.76516],[-79.756561,44.759079],[-79.759033,44.751389],[-79.743088,44.729359],[-79.71151,44.75547],[-79.660141,44.726299],[-79.652496,44.732121],[-79.676064,44.759472],[-79.697723,44.75375],[-79.716728,44.76112],[-79.713692,44.780128],[-79.722893,44.78756],[-79.722542,44.801262],[-79.689499,44.81303],[-79.680618,44.829819],[-79.698059,44.864639],[-79.675499,44.877682],[-79.650131,44.860111],[-79.65976,44.87719],[-79.671951,44.882061],[-79.648987,44.887032],[-79.60408,44.864609],[-79.535477,44.84177],[-79.501022,44.840279],[-79.526131,44.84164],[-79.556824,44.85883],[-79.568192,44.856041],[-79.613487,44.871651],[-79.626678,44.881561],[-79.616051,44.882519],[-79.636276,44.886398],[-79.633133,44.89909],[-79.642822,44.908741],[-79.639343,44.893829],[-79.662567,44.890018],[-79.67495,44.898842],[-79.671921,44.8881],[-79.697929,44.868179],[-79.727692,44.871429],[-79.725769,44.858311],[-79.709824,44.85603],[-79.719902,44.841591],[-79.701622,44.828171],[-79.735199,44.806301],[-79.729782,44.795361],[-79.739403,44.791988],[-79.735672,44.78381],[-79.763123,44.787411],[-79.758667,44.791828],[-79.768112,44.80072],[-79.796944,44.809769],[-79.784027,44.815399],[-79.774178,44.832489],[-79.81221,44.83617],[-79.813316,44.842468],[-79.803658,44.845261],[-79.820801,44.85252],[-79.824966,44.865742],[-79.802696,44.868641],[-79.785843,44.857719],[-79.778137,44.863159],[-79.784081,44.86829],[-79.768349,44.86792],[-79.782227,44.875229],[-79.7929,44.868629],[-79.821548,44.87075],[-79.81604,44.877361],[-79.83532,44.88522],[-79.822052,44.887562],[-79.84584,44.899559],[-79.818962,44.916481],[-79.830856,44.912579],[-79.834747,44.918072],[-79.825867,44.922581],[-79.8311,44.93684],[-79.837868,44.93047],[-79.847267,44.943298],[-79.873627,44.954029],[-79.87912,44.9492],[-79.894257,44.964088],[-79.883041,44.94392],[-79.92186,44.92688],[-79.914726,44.951462],[-79.922256,44.952591],[-79.921143,44.941269],[-79.932243,44.944839],[-79.928658,44.974388],[-79.951492,44.974331],[-79.939438,44.982201],[-79.922913,44.980011],[-79.931877,44.990921],[-79.870956,45.013741],[-79.861511,45.013882],[-79.86631,45.00412],[-79.854507,45.005772],[-79.851624,44.993408],[-79.842743,44.98473],[-79.815842,44.985569],[-79.841003,44.986938],[-79.849792,44.995628],[-79.854691,45.0121],[-79.831459,45.02002],[-79.854897,45.017101],[-79.801804,45.03014],[-79.792892,45.017929],[-79.718536,45.002312],[-79.681587,45.01783],[-79.640266,45.013611],[-79.634651,45.005249],[-79.644096,45.020939],[-79.662117,45.025242],[-79.655434,45.016171],[-79.684113,45.023621],[-79.716904,45.004349],[-79.789886,45.019951],[-79.797157,45.033951],[-79.839127,45.0252],[-79.84993,45.03199],[-79.860992,45.025661],[-79.852882,45.019341],[-79.911232,45.009499],[-79.907509,45.004688],[-79.929947,45.001598],[-79.961868,44.979061],[-79.963814,44.989559],[-79.952904,44.9856],[-79.957481,44.992981],[-79.945511,45.008339],[-79.970207,45.00489],[-79.993057,45.012421],[-79.998657,45.022739],[-80.010231,45.02396],[-80.005363,45.03091],[-80.010071,45.038952],[-79.986107,45.022961],[-79.992737,45.033421],[-79.986198,45.040218],[-79.974983,45.035568],[-79.9645,45.054958],[-79.954323,45.03051],[-79.928192,45.03838],[-79.905861,45.032059],[-79.917038,45.039719],[-79.952316,45.0457],[-79.958763,45.054821],[-79.953339,45.058208],[-80.037537,45.055111],[-80.047882,45.069309],[-80.098373,45.079399],[-80.058327,45.087212],[-80.005943,45.078129],[-79.934914,45.078388],[-80.068901,45.09206],[-80.069679,45.1022],[-80.096329,45.102421],[-80.112473,45.111],[-80.108429,45.118561],[-80.055634,45.104939],[-79.99295,45.12714],[-79.982246,45.12043],[-79.983963,45.112141],[-79.954681,45.10228],[-79.897858,45.095798],[-79.913361,45.10487],[-79.976387,45.113491],[-79.971329,45.125801],[-79.987808,45.129028],[-80.00045,45.144211],[-79.979797,45.160149],[-80.004257,45.16951],[-80.010406,45.164009],[-79.994141,45.15889],[-80.005867,45.148899],[-80.033684,45.172989],[-80.022369,45.176071],[-80.028679,45.189541],[-80.048508,45.182629],[-80.054733,45.171181],[-80.063339,45.192268],[-80.072197,45.193741],[-80.06282,45.204269],[-80.074463,45.211182],[-80.084663,45.19836],[-80.104874,45.193871],[-80.102989,45.179859],[-80.118652,45.18515],[-80.127327,45.17733],[-80.130234,45.201111],[-80.112747,45.213909],[-80.121162,45.2005],[-80.095833,45.212002],[-80.091263,45.225319],[-80.099442,45.223339],[-80.102501,45.231621],[-80.129662,45.213741],[-80.128418,45.22369],[-80.147636,45.24205],[-80.123367,45.247971],[-80.079803,45.269329],[-80.084503,45.273689],[-80.051933,45.284561],[-80.055977,45.293701],[-80.04451,45.303761],[-80.053802,45.31403],[-80.042267,45.320808],[-80.043968,45.333569],[-80.062401,45.351261],[-80.064499,45.37693],[-80.074982,45.375069],[-80.079338,45.398579],[-80.129494,45.405109],[-80.13826,45.392948],[-80.170593,45.398331],[-80.167473,45.3871],[-80.175468,45.377861],[-80.207809,45.389912],[-80.193573,45.375301],[-80.211182,45.37933],[-80.194,45.367962],[-80.226097,45.380291],[-80.183456,45.358109],[-80.168533,45.330669],[-80.214363,45.34663],[-80.236473,45.33778],[-80.241531,45.352219],[-80.260513,45.35157],[-80.265167,45.357941],[-80.304047,45.353001],[-80.305359,45.370609],[-80.320007,45.379799],[-80.317101,45.411751],[-80.294769,45.418129],[-80.337547,45.425369],[-80.355568,45.436821],[-80.359123,45.426731],[-80.391487,45.43536],[-80.404793,45.481522],[-80.392059,45.49139],[-80.397636,45.51598],[-80.38427,45.525421],[-80.389374,45.55341],[-80.359032,45.55822],[-80.330032,45.5494],[-80.343224,45.559448],[-80.388031,45.559219],[-80.402153,45.5793],[-80.38401,45.590191],[-80.389488,45.59919],[-80.429863,45.610321],[-80.418739,45.61935],[-80.452469,45.610619],[-80.414352,45.59948],[-80.416054,45.58004],[-80.509071,45.5555],[-80.495163,45.572159],[-80.513229,45.567051],[-80.509064,45.58355],[-80.48098,45.589081],[-80.488342,45.592812],[-80.477722,45.600121],[-80.51162,45.588291],[-80.501244,45.59499],[-80.524048,45.597],[-80.519157,45.606998],[-80.480453,45.61652],[-80.521111,45.620178],[-80.534287,45.628929],[-80.536873,45.65995],[-80.578003,45.661381],[-80.563026,45.667019],[-80.611321,45.674789],[-80.582413,45.685398],[-80.599586,45.686069],[-80.600357,45.695911],[-80.630203,45.708569],[-80.625664,45.724731],[-80.655167,45.716461],[-80.629669,45.73307],[-80.657387,45.722832],[-80.640984,45.736019],[-80.663071,45.729649],[-80.623787,45.759911],[-80.520569,45.76577],[-80.636238,45.765099],[-80.649231,45.786549],[-80.680473,45.794102],[-80.67334,45.80566],[-80.723923,45.81506],[-80.722366,45.833309],[-80.677628,45.826469],[-80.672722,45.839031],[-80.600189,45.861221],[-80.630836,45.861431],[-80.688103,45.83659],[-80.713966,45.83857],[-80.724609,45.850891],[-80.734756,45.848221],[-80.744164,45.865101],[-80.741966,45.87878],[-80.735451,45.87801],[-80.739082,45.867439],[-80.729424,45.878132],[-80.546188,45.888371],[-80.541252,45.89925],[-80.559189,45.904819],[-80.54937,45.89003],[-80.719727,45.879509],[-80.734177,45.881821],[-80.752327,45.9048],[-80.749657,45.91325],[-80.740753,45.913269],[-80.746002,45.918152],[-80.741081,45.922379],[-80.75238,45.926701],[-80.732063,45.946419],[-80.761429,45.924809],[-80.75351,45.93782],[-80.758598,45.937599],[-80.77697,45.916779],[-80.780746,45.89999],[-80.788399,45.907539],[-80.794243,45.894402],[-80.7938,45.908859],[-80.804123,45.906391],[-80.792091,45.925091],[-80.790848,45.933651],[-80.800537,45.933632],[-80.798027,45.943081],[-80.802979,45.95097],[-80.824348,45.923908],[-80.82412,45.950699],[-80.834961,45.91433],[-80.841003,45.913979],[-80.835457,45.92355],[-80.853073,45.915401],[-80.873611,45.92746],[-80.85762,45.940399],[-80.862717,45.94561],[-80.848824,45.966339],[-80.834351,45.968929],[-80.83477,45.952358],[-80.810127,46.005798],[-80.756828,45.996899],[-80.754852,45.966221],[-80.751877,45.963482],[-80.747017,45.968891],[-80.750252,45.99231],[-80.743462,45.997299],[-80.716423,45.997181],[-80.708878,45.989182],[-80.702744,45.996681],[-80.682793,45.994331],[-80.671227,45.976479],[-80.661369,45.980782],[-80.65786,45.971298],[-80.592537,45.992519],[-80.520668,45.976189],[-80.5093,45.98671],[-80.534317,45.99398],[-80.519547,46.001251],[-80.527687,46.015862],[-80.512718,46.020962],[-80.511749,46.029049],[-80.489326,46.033859],[-80.548668,46.032711],[-80.559174,46.03672],[-80.55938,46.042858],[-80.566681,46.05331],[-80.574448,46.04657],[-80.586327,46.049389],[-80.61264,46.075192],[-80.616676,46.073639],[-80.598961,46.057701],[-80.599289,46.043701],[-80.586746,46.045391],[-80.553886,46.020119],[-80.565903,46.014549],[-80.690788,46.014042],[-80.712784,46.025799],[-80.700027,46.013142],[-80.78286,46.015041],[-80.783089,46.021259],[-80.796967,46.014721],[-80.805923,46.029072],[-80.795143,46.039028],[-80.779907,46.02787],[-80.76368,46.029381],[-80.767532,46.041088],[-80.782913,46.035351],[-80.796967,46.04948],[-80.805122,46.04517],[-80.816719,46.053379],[-80.817978,46.045441],[-80.827744,46.043789],[-80.841026,46.051979],[-80.827187,46.076271],[-80.804482,46.09087],[-80.803864,46.0961],[-80.82444,46.103951]],[[-80.854553,46.050449],[-80.821358,46.039082],[-80.827477,46.016602],[-80.857178,46.009239],[-80.867401,46.015572],[-80.884247,46.00909],[-80.90731,46.012169],[-80.898987,46.025162],[-80.867958,46.03524],[-80.854553,46.050449]],[[-80.811172,46.04393],[-80.809708,46.042149],[-80.818581,46.04036],[-80.811172,46.04393]],[[-80.802788,46.039879],[-80.810417,46.03672],[-80.810928,46.038158],[-80.802788,46.039879]],[[-80.810158,46.028759],[-80.81562,46.026119],[-80.814774,46.02858],[-80.810158,46.028759]],[[-80.810143,46.021641],[-80.810493,46.016548],[-80.817162,46.016788],[-80.810143,46.021641]],[[-80.813026,46.014679],[-80.810493,46.013161],[-80.820671,46.012119],[-80.813026,46.014679]],[[-80.765137,46.013409],[-80.63279,46.010269],[-80.538811,46.015621],[-80.534309,46.007481],[-80.540253,45.993301],[-80.533653,45.988201],[-80.586609,45.99633],[-80.644592,45.983089],[-80.653801,45.996189],[-80.672546,46.000061],[-80.762863,45.999939],[-80.78318,46.007191],[-80.765137,46.013409]],[[-80.526321,46.00396],[-80.52668,46.000931],[-80.529114,46.00214],[-80.526321,46.00396]],[[-80.666557,45.98439],[-80.669197,45.985451],[-80.664917,45.98724],[-80.666557,45.98439]],[[-80.654793,45.988121],[-80.662086,45.989269],[-80.663139,45.993629],[-80.655968,45.993969],[-80.654793,45.988121]],[[-80.671707,45.991562],[-80.674202,45.9967],[-80.66803,45.994881],[-80.671707,45.991562]],[[-80.818382,46.007889],[-80.830093,45.972389],[-80.852463,45.97057],[-80.833656,46.00481],[-80.818382,46.007889]],[[-80.892113,45.96804],[-80.88839,45.991829],[-80.917007,45.92815],[-80.922279,45.928249],[-80.918312,45.937038],[-80.942047,45.922852],[-80.958603,45.923439],[-80.952469,45.933239],[-80.983383,45.933392],[-80.964447,45.960678],[-80.960007,45.98027],[-80.934067,45.992699],[-80.923927,46.00621],[-80.912453,46.002419],[-80.91394,46.010181],[-80.83786,46.007339],[-80.858299,45.97385],[-80.892113,45.96804]],[[-80.857567,45.96146],[-80.878304,45.92889],[-80.879463,45.937119],[-80.894043,45.94445],[-80.905647,45.938831],[-80.885399,45.96418],[-80.857567,45.96146]],[[-80.884277,45.92646],[-80.87043,45.918362],[-80.898407,45.91497],[-80.894432,45.922112],[-80.884277,45.92646]],[[-81.18808,45.91824],[-81.186569,45.92049],[-81.18531,45.918861],[-81.18808,45.91824]],[[-81.019379,45.920559],[-81.016823,45.918942],[-81.018929,45.917622],[-81.019379,45.920559]],[[-81.094917,45.919239],[-81.095222,45.921131],[-81.093277,45.921009],[-81.094917,45.919239]],[[-81.026833,45.92358],[-81.023979,45.922531],[-81.024178,45.921471],[-81.026833,45.92358]],[[-81.033913,45.92408],[-81.028847,45.92614],[-81.028732,45.925201],[-81.033913,45.92408]],[[-81.081268,45.924309],[-81.082474,45.927021],[-81.07888,45.926579],[-81.081268,45.924309]],[[-81.111687,45.924881],[-81.111702,45.926109],[-81.108559,45.927231],[-81.111687,45.924881]],[[-81.13427,45.92643],[-81.135933,45.926552],[-81.133339,45.93005],[-81.13427,45.92643]],[[-81.106056,45.93092],[-81.104118,45.929451],[-81.10717,45.928459],[-81.106056,45.93092]],[[-81.126259,45.930511],[-81.128113,45.932339],[-81.124283,45.933331],[-81.126259,45.930511]],[[-81.117043,45.936852],[-81.113533,45.93565],[-81.115181,45.93325],[-81.117043,45.936852]],[[-81.104797,45.937099],[-81.10173,45.936562],[-81.104424,45.93483],[-81.104797,45.937099]],[[-81.047867,45.938938],[-81.044373,45.938961],[-81.04406,45.937199],[-81.047867,45.938938]],[[-81.074539,45.940399],[-81.070038,45.94276],[-81.069733,45.940498],[-81.074539,45.940399]],[[-81.067047,45.944981],[-81.06469,45.945789],[-81.064758,45.94408],[-81.067047,45.944981]],[[-81.016533,45.944611],[-81.003487,45.955509],[-80.984108,45.960049],[-81.009697,45.9468],[-81.016533,45.944611]],[[-81.048943,45.944569],[-81.046722,45.942669],[-81.063217,45.940681],[-81.048943,45.944569]],[[-81.006393,45.9445],[-81.001167,45.950741],[-80.987396,45.956051],[-80.992126,45.94574],[-81.006393,45.9445]],[[-80.976761,45.962139],[-80.992332,45.92012],[-80.995918,45.927021],[-81.013634,45.920609],[-81.010719,45.927959],[-81.025673,45.930302],[-81.018387,45.940361],[-81.000801,45.938911],[-80.991821,45.94389],[-80.976761,45.962139]],[[-80.969353,45.964062],[-80.979752,45.94521],[-80.980202,45.95084],[-80.969353,45.964062]],[[-80.983009,45.924492],[-80.988243,45.92128],[-80.985909,45.92762],[-80.983009,45.924492]],[[-80.96489,45.922192],[-80.981621,45.91769],[-80.975906,45.924461],[-80.96489,45.922192]],[[-80.955551,45.92078],[-80.954964,45.918018],[-80.957802,45.91872],[-80.955551,45.92078]],[[-80.946503,45.92157],[-80.945053,45.920479],[-80.951424,45.92028],[-80.946503,45.92157]],[[-81.070633,45.925381],[-81.074577,45.926529],[-81.057213,45.93071],[-81.070633,45.925381]],[[-81.093384,45.92606],[-81.096268,45.926682],[-81.095383,45.928711],[-81.093384,45.92606]],[[-81.091187,45.93158],[-81.09095,45.934151],[-81.088341,45.9347],[-81.091187,45.93158]],[[-81.044327,45.93364],[-81.040291,45.93322],[-81.043022,45.931091],[-81.044327,45.93364]],[[-81.081284,45.931999],[-81.082336,45.934422],[-81.077187,45.936329],[-81.081284,45.931999]],[[-81.058998,45.936649],[-81.051239,45.936958],[-81.049026,45.93515],[-81.054947,45.93359],[-81.058998,45.936649]],[[-81.021873,45.938999],[-81.034813,45.93082],[-81.033913,45.932098],[-81.021873,45.938999]],[[-81.033951,45.937679],[-81.026787,45.943771],[-81.025414,45.94099],[-81.033951,45.937679]],[[-81.040993,45.938931],[-81.041893,45.939892],[-81.038383,45.941811],[-81.040993,45.938931]],[[-81.047813,45.92952],[-81.048401,45.927292],[-81.051437,45.928501],[-81.047813,45.92952]],[[-81.072433,45.932659],[-81.073883,45.93362],[-81.071297,45.934639],[-81.072433,45.932659]],[[-81.346733,45.924011],[-81.347923,45.924721],[-81.344963,45.926498],[-81.346733,45.924011]],[[-81.609169,45.9254],[-81.621452,45.926708],[-81.625229,45.942539],[-81.575523,45.966011],[-81.579041,45.955971],[-81.609169,45.9254]],[[-81.537064,45.957859],[-81.535797,45.971741],[-81.505676,45.962601],[-81.525757,45.950859],[-81.537064,45.957859]],[[-81.425003,45.968739],[-81.423172,45.967731],[-81.424477,45.965939],[-81.425003,45.968739]],[[-81.353416,45.967892],[-81.357513,45.977909],[-81.393944,45.977989],[-81.404312,45.984631],[-81.325119,45.997021],[-81.248177,45.99231],[-81.257973,45.964458],[-81.230698,45.992729],[-81.163597,45.995369],[-81.183418,45.977131],[-81.20163,45.98164],[-81.202606,45.955978],[-81.211853,45.950581],[-81.242592,45.967579],[-81.270432,45.96064],[-81.285561,45.94912],[-81.282707,45.963638],[-81.304008,45.9603],[-81.292976,45.970699],[-81.309662,45.964958],[-81.326279,45.970329],[-81.32502,45.97958],[-81.336571,45.968349],[-81.353416,45.967892]],[[-81.420532,45.969791],[-81.422623,45.971378],[-81.41983,45.972252],[-81.420532,45.969791]],[[-81.386871,45.973751],[-81.385269,45.97456],[-81.384949,45.971401],[-81.386871,45.973751]],[[-81.381157,45.976158],[-81.379646,45.976311],[-81.378738,45.971241],[-81.381157,45.976158]],[[-81.427544,45.985081],[-81.430092,45.98558],[-81.421753,45.98793],[-81.427544,45.985081]],[[-81.15892,45.992378],[-81.158028,45.99123],[-81.162209,45.988682],[-81.15892,45.992378]],[[-81.164413,45.98497],[-81.168221,45.98428],[-81.168327,45.98592],[-81.164413,45.98497]],[[-81.155891,45.982559],[-81.159882,45.980831],[-81.160477,45.981781],[-81.155891,45.982559]],[[-81.15966,45.977489],[-81.163071,45.976589],[-81.163094,45.977741],[-81.15966,45.977489]],[[-81.171173,45.975182],[-81.175926,45.972561],[-81.176529,45.974541],[-81.171173,45.975182]],[[-81.164612,45.9748],[-81.163727,45.973091],[-81.168411,45.97348],[-81.164612,45.9748]],[[-81.191017,45.966671],[-81.193916,45.964951],[-81.192047,45.972401],[-81.191017,45.966671]],[[-81.175392,45.96785],[-81.175087,45.966679],[-81.177818,45.965851],[-81.175392,45.96785]],[[-81.184532,45.96241],[-81.190659,45.959709],[-81.190376,45.961761],[-81.184532,45.96241]],[[-81.240707,45.951271],[-81.2276,45.959],[-81.227753,45.95787],[-81.240707,45.951271]],[[-81.223648,45.949581],[-81.223312,45.94846],[-81.228432,45.94561],[-81.223648,45.949581]],[[-81.201469,45.946091],[-81.201408,45.94426],[-81.204086,45.944141],[-81.201469,45.946091]],[[-81.210968,45.939659],[-81.218781,45.94054],[-81.215363,45.943218],[-81.210968,45.939659]],[[-81.322113,45.937881],[-81.326424,45.944031],[-81.322197,45.944431],[-81.322113,45.937881]],[[-81.204849,45.937672],[-81.193169,45.935871],[-81.18924,45.92897],[-81.203117,45.925499],[-81.204849,45.937672]],[[-81.327789,45.929241],[-81.326088,45.932281],[-81.324677,45.931412],[-81.327789,45.929241]],[[-81.342743,45.930851],[-81.340797,45.932522],[-81.339523,45.931702],[-81.342743,45.930851]],[[-81.578537,45.933411],[-81.579353,45.93647],[-81.573036,45.940239],[-81.578537,45.933411]],[[-81.262123,45.94548],[-81.260338,45.944141],[-81.261993,45.941761],[-81.262123,45.94548]],[[-81.273781,45.945129],[-81.274437,45.946751],[-81.272034,45.94722],[-81.273781,45.945129]],[[-81.371147,45.945679],[-81.371559,45.94812],[-81.369667,45.9482],[-81.371147,45.945679]],[[-81.26561,45.94799],[-81.265457,45.9571],[-81.260643,45.95763],[-81.261131,45.95116],[-81.26561,45.94799]],[[-81.279373,45.949871],[-81.280357,45.95166],[-81.277878,45.952412],[-81.279373,45.949871]],[[-81.271202,45.953388],[-81.268066,45.952419],[-81.26973,45.950489],[-81.271202,45.953388]],[[-81.251808,45.95937],[-81.24955,45.958591],[-81.250504,45.95702],[-81.251808,45.95937]],[[-81.245216,45.959412],[-81.244476,45.958729],[-81.247841,45.957371],[-81.245216,45.959412]],[[-81.238853,45.957359],[-81.242767,45.956379],[-81.242767,45.957279],[-81.238853,45.957359]],[[-81.25602,45.954788],[-81.258827,45.95517],[-81.257813,45.95697],[-81.25602,45.954788]],[[-81.30043,45.949459],[-81.300873,45.951],[-81.29837,45.951561],[-81.30043,45.949459]],[[-81.374268,45.95422],[-81.374657,45.955608],[-81.37149,45.957142],[-81.374268,45.95422]],[[-81.36039,45.95834],[-81.356697,45.956261],[-81.358559,45.95565],[-81.36039,45.95834]],[[-81.296631,45.96027],[-81.293503,45.959518],[-81.297256,45.956169],[-81.296631,45.96027]],[[-81.351547,45.959648],[-81.352417,45.96043],[-81.34922,45.961311],[-81.351547,45.959648]],[[-81.35704,45.96072],[-81.358276,45.96236],[-81.35611,45.962639],[-81.35704,45.96072]],[[-81.379936,45.961891],[-81.380814,45.963261],[-81.377029,45.963879],[-81.379936,45.961891]],[[-81.368767,45.965851],[-81.365173,45.96397],[-81.366943,45.96283],[-81.368767,45.965851]],[[-81.3908,45.965302],[-81.39167,45.966282],[-81.389893,45.967079],[-81.3908,45.965302]],[[-81.323448,45.966381],[-81.322472,45.964809],[-81.325668,45.96386],[-81.323448,45.966381]],[[-81.288521,45.959141],[-81.287361,45.957802],[-81.289589,45.956799],[-81.288521,45.959141]],[[-81.304314,45.954769],[-81.307503,45.955521],[-81.306213,45.956261],[-81.304314,45.954769]],[[-81.538918,45.984371],[-81.538101,45.987789],[-81.531967,45.986568],[-81.538918,45.984371]],[[-81.52494,45.99044],[-81.525726,45.991299],[-81.513123,45.993542],[-81.52494,45.99044]],[[-80.797028,45.924881],[-80.793488,45.927971],[-80.805443,45.90892],[-80.797028,45.924881]],[[-80.824272,45.91515],[-80.806107,45.924339],[-80.814194,45.918491],[-80.824272,45.91515]],[[-80.8284,45.91888],[-80.822418,45.921261],[-80.823288,45.91951],[-80.8284,45.91888]],[[-80.800011,45.924351],[-80.805733,45.918591],[-80.806229,45.920158],[-80.800011,45.924351]],[[-80.822502,45.903912],[-80.825989,45.90469],[-80.813812,45.913521],[-80.822502,45.903912]],[[-80.812531,45.90559],[-80.813026,45.904362],[-80.816887,45.904881],[-80.812531,45.90559]],[[-80.847031,45.902802],[-80.849274,45.903412],[-80.844673,45.906639],[-80.847031,45.902802]],[[-81.372993,45.90546],[-81.368294,45.908619],[-81.368683,45.906021],[-81.372993,45.90546]],[[-81.328133,45.91259],[-81.323158,45.91037],[-81.326477,45.906231],[-81.328133,45.91259]],[[-80.822388,45.90984],[-80.832207,45.904331],[-80.831596,45.90633],[-80.822388,45.90984]],[[-81.356033,45.905449],[-81.358727,45.906281],[-81.358498,45.90723],[-81.356033,45.905449]],[[-80.835052,45.900909],[-80.834427,45.899948],[-80.838783,45.898369],[-80.835052,45.900909]],[[-81.631172,45.898602],[-81.629044,45.893188],[-81.634651,45.887421],[-81.636787,45.89312],[-81.631172,45.898602]],[[-80.905952,45.89669],[-80.905327,45.895809],[-80.910408,45.89537],[-80.905952,45.89669]],[[-80.898598,45.894241],[-80.904503,45.89299],[-80.90377,45.894161],[-80.898598,45.894241]],[[-80.743042,45.892021],[-80.743637,45.888538],[-80.746353,45.888802],[-80.743042,45.892021]],[[-80.768982,45.8866],[-80.77182,45.886791],[-80.770203,45.890862],[-80.768982,45.8866]],[[-80.805153,45.8843],[-80.809624,45.884251],[-80.808228,45.88641],[-80.805153,45.8843]],[[-80.760201,45.88504],[-80.759132,45.88261],[-80.761391,45.882019],[-80.760201,45.88504]],[[-80.895554,45.882729],[-80.902123,45.874668],[-80.919502,45.87178],[-80.906952,45.886459],[-80.895554,45.882729]],[[-80.888077,45.880569],[-80.886917,45.87862],[-80.890663,45.878601],[-80.888077,45.880569]],[[-80.758987,45.879082],[-80.757057,45.87814],[-80.75869,45.875999],[-80.758987,45.879082]],[[-80.772781,45.873611],[-80.775543,45.87431],[-80.773071,45.87743],[-80.772781,45.873611]],[[-80.925179,45.868141],[-80.926842,45.869518],[-80.924782,45.870831],[-80.925179,45.868141]],[[-81.616302,45.86763],[-81.61702,45.86945],[-81.615372,45.869831],[-81.616302,45.86763]],[[-81.634827,45.86557],[-81.637039,45.865021],[-81.637283,45.867821],[-81.634827,45.86557]],[[-81.644737,45.871639],[-81.645332,45.873058],[-81.643387,45.873459],[-81.644737,45.871639]],[[-81.619743,45.875832],[-81.620667,45.890018],[-81.609657,45.883072],[-81.619743,45.875832]],[[-81.644707,45.879681],[-81.64225,45.88229],[-81.641296,45.88081],[-81.644707,45.879681]],[[-81.632271,45.88316],[-81.630524,45.883511],[-81.630653,45.880718],[-81.632271,45.88316]],[[-81.648109,45.883282],[-81.647293,45.884392],[-81.645714,45.88401],[-81.648109,45.883282]],[[-81.643028,45.88475],[-81.642349,45.887348],[-81.640869,45.887501],[-81.643028,45.88475]],[[-80.909653,45.890511],[-80.923592,45.882351],[-80.921143,45.889099],[-80.909653,45.890511]],[[-80.896004,45.891129],[-80.894951,45.8894],[-80.901672,45.88974],[-80.896004,45.891129]],[[-80.887299,45.889351],[-80.886551,45.886959],[-80.8908,45.88723],[-80.887299,45.889351]],[[-80.930527,45.881969],[-80.931152,45.88356],[-80.928162,45.885601],[-80.930527,45.881969]],[[-80.932892,45.878269],[-80.933487,45.876011],[-80.936302,45.876659],[-80.932892,45.878269]],[[-80.925201,45.87373],[-80.929863,45.873501],[-80.929764,45.875092],[-80.925201,45.87373]],[[-80.759331,45.863468],[-80.766548,45.861172],[-80.766586,45.863579],[-80.759331,45.863468]],[[-80.772629,45.859329],[-80.775864,45.863361],[-80.773529,45.86351],[-80.772629,45.859329]],[[-81.652344,45.857399],[-81.65435,45.85788],[-81.65123,45.860901],[-81.652344,45.857399]],[[-81.35733,45.85804],[-81.354637,45.856819],[-81.36113,45.856419],[-81.35733,45.85804]],[[-80.761513,45.85796],[-80.760559,45.856129],[-80.764679,45.85413],[-80.761513,45.85796]],[[-81.643761,45.85318],[-81.644836,45.853039],[-81.645149,45.855129],[-81.643761,45.85318]],[[-81.641113,45.846802],[-81.644043,45.84391],[-81.644974,45.844921],[-81.641113,45.846802]],[[-80.789047,45.846531],[-80.789543,45.845161],[-80.792473,45.845501],[-80.789047,45.846531]],[[-80.764618,45.844059],[-80.763474,45.841671],[-80.76722,45.842121],[-80.764618,45.844059]],[[-80.754997,45.83952],[-80.754189,45.837349],[-80.758423,45.83757],[-80.754997,45.83952]],[[-80.725906,45.838799],[-80.724983,45.837719],[-80.729584,45.836048],[-80.725906,45.838799]],[[-80.695534,45.836288],[-80.693207,45.83316],[-80.704247,45.833729],[-80.695534,45.836288]],[[-81.463364,45.836281],[-81.463638,45.83036],[-81.456177,45.831291],[-81.465752,45.817181],[-81.473473,45.82729],[-81.463364,45.836281]],[[-80.729691,45.829269],[-80.726257,45.82761],[-80.730988,45.82719],[-80.729691,45.829269]],[[-80.753601,45.825001],[-80.75692,45.825081],[-80.756348,45.8265],[-80.753601,45.825001]],[[-80.759857,45.821442],[-80.759857,45.82019],[-80.762581,45.819691],[-80.759857,45.821442]],[[-80.740898,45.817822],[-80.736877,45.81517],[-80.740532,45.813351],[-80.740898,45.817822]],[[-80.788544,45.84026],[-80.790009,45.842541],[-80.787903,45.843559],[-80.788544,45.84026]],[[-80.730293,45.80986],[-80.728691,45.807968],[-80.734497,45.805779],[-80.730293,45.80986]],[[-80.71225,45.808262],[-80.711594,45.805302],[-80.715477,45.80571],[-80.71225,45.808262]],[[-80.6987,45.805309],[-80.697777,45.80299],[-80.701607,45.801929],[-80.6987,45.805309]],[[-80.722023,45.803661],[-80.722023,45.804909],[-80.718452,45.80571],[-80.722023,45.803661]],[[-80.688972,45.794479],[-80.688477,45.79184],[-80.694061,45.79369],[-80.688972,45.794479]],[[-80.681511,45.790668],[-80.681702,45.786659],[-80.685127,45.788658],[-80.681511,45.790668]],[[-80.670273,45.78931],[-80.67041,45.78437],[-80.675087,45.786221],[-80.670273,45.78931]],[[-80.651077,45.784431],[-80.649117,45.779301],[-80.652931,45.7803],[-80.651077,45.784431]],[[-80.675148,45.777081],[-80.681572,45.782059],[-80.67794,45.78215],[-80.675148,45.777081]],[[-80.659737,45.77758],[-80.648331,45.77319],[-80.646973,45.768459],[-80.660957,45.77177],[-80.659737,45.77758]],[[-80.634743,45.757931],[-80.646584,45.75367],[-80.647987,45.756931],[-80.634743,45.757931]],[[-80.665482,45.733601],[-80.664124,45.731171],[-80.668297,45.731621],[-80.665482,45.733601]],[[-80.673317,45.731339],[-80.673714,45.732811],[-80.671692,45.733021],[-80.673317,45.731339]],[[-80.63781,45.693691],[-80.645988,45.693729],[-80.64502,45.694561],[-80.63781,45.693691]],[[-80.62294,45.68996],[-80.6222,45.688358],[-80.624992,45.68832],[-80.62294,45.68996]],[[-80.634048,45.68737],[-80.635818,45.688671],[-80.634422,45.69006],[-80.634048,45.68737]],[[-80.618301,45.684071],[-80.617783,45.678902],[-80.620796,45.679878],[-80.618301,45.684071]],[[-80.605637,45.66943],[-80.605202,45.66803],[-80.608521,45.667969],[-80.605637,45.66943]],[[-80.610062,45.665501],[-80.613823,45.666168],[-80.612282,45.668079],[-80.610062,45.665501]],[[-80.592987,45.66571],[-80.592041,45.661671],[-80.602562,45.660839],[-80.592987,45.66571]],[[-80.61515,45.661201],[-80.616097,45.662079],[-80.612648,45.663528],[-80.61515,45.661201]],[[-80.540619,45.655571],[-80.582108,45.63942],[-80.596687,45.655319],[-80.591141,45.65847],[-80.540619,45.655571]],[[-80.539902,45.652531],[-80.539459,45.650169],[-80.543854,45.649929],[-80.539902,45.652531]],[[-80.540977,45.646412],[-80.546043,45.639069],[-80.539078,45.636539],[-80.539772,45.62542],[-80.573998,45.631969],[-80.572311,45.639938],[-80.540977,45.646412]],[[-80.558853,45.62455],[-80.567284,45.621151],[-80.571541,45.62661],[-80.562668,45.628891],[-80.558853,45.62455]],[[-80.577927,45.620899],[-80.580544,45.62204],[-80.579071,45.62257],[-80.577927,45.620899]],[[-81.650337,45.620449],[-81.654793,45.622139],[-81.646667,45.627491],[-81.650337,45.620449]],[[-80.577606,45.626759],[-80.577301,45.625519],[-80.579376,45.625408],[-80.577606,45.626759]],[[-80.582764,45.633621],[-80.583321,45.635201],[-80.579498,45.636791],[-80.582764,45.633621]],[[-80.594994,45.64397],[-80.595192,45.645939],[-80.5924,45.64629],[-80.594994,45.64397]],[[-80.602028,45.646881],[-80.601479,45.648811],[-80.59919,45.648491],[-80.602028,45.646881]],[[-80.569656,45.618382],[-80.568649,45.6171],[-80.571732,45.616779],[-80.569656,45.618382]],[[-80.562897,45.61639],[-80.561798,45.615009],[-80.564568,45.6143],[-80.562897,45.61639]],[[-80.551857,45.60997],[-80.551247,45.608631],[-80.553658,45.6087],[-80.551857,45.60997]],[[-80.554123,45.605301],[-80.553726,45.604019],[-80.556763,45.603859],[-80.554123,45.605301]],[[-80.543839,45.602119],[-80.543518,45.600349],[-80.546478,45.600769],[-80.543839,45.602119]],[[-80.548187,45.5993],[-80.547638,45.597832],[-80.550552,45.59803],[-80.548187,45.5993]],[[-80.542969,45.597031],[-80.54258,45.595409],[-80.544678,45.59499],[-80.542969,45.597031]],[[-80.535439,45.596142],[-80.535172,45.594978],[-80.538139,45.594639],[-80.535439,45.596142]],[[-80.54232,45.593891],[-80.541496,45.592731],[-80.54451,45.59227],[-80.54232,45.593891]],[[-80.531403,45.590141],[-80.530907,45.588951],[-80.533546,45.588779],[-80.531403,45.590141]],[[-80.537231,45.58707],[-80.540298,45.587921],[-80.539574,45.589119],[-80.537231,45.58707]],[[-80.518303,45.587811],[-80.518173,45.586239],[-80.520599,45.58633],[-80.518303,45.587811]],[[-80.530891,45.583889],[-80.530281,45.581619],[-80.53289,45.582581],[-80.530891,45.583889]],[[-80.525261,45.583672],[-80.5242,45.58136],[-80.527123,45.581631],[-80.525261,45.583672]],[[-80.515282,45.578388],[-80.514793,45.576599],[-80.517517,45.576641],[-80.515282,45.578388]],[[-80.523781,45.575642],[-80.526199,45.576118],[-80.525513,45.577339],[-80.523781,45.575642]],[[-80.516586,45.575199],[-80.516586,45.573669],[-80.519127,45.573681],[-80.516586,45.575199]],[[-81.588623,45.574459],[-81.588913,45.566849],[-81.5998,45.565208],[-81.594048,45.56073],[-81.599831,45.54821],[-81.605858,45.56913],[-81.588623,45.574459]],[[-81.474831,45.57111],[-81.457802,45.56432],[-81.461693,45.546661],[-81.48597,45.555401],[-81.474831,45.57111]],[[-80.506012,45.549389],[-80.516541,45.549252],[-80.516953,45.551109],[-80.506012,45.549389]],[[-80.486542,45.553539],[-80.48584,45.552731],[-80.487762,45.55151],[-80.486542,45.553539]],[[-80.450279,45.543159],[-80.46759,45.545391],[-80.4674,45.547058],[-80.450279,45.543159]],[[-80.414589,45.541698],[-80.414337,45.54068],[-80.421944,45.539398],[-80.414589,45.541698]],[[-80.504128,45.543388],[-80.497498,45.545528],[-80.498238,45.544048],[-80.504128,45.543388]],[[-81.693481,45.549999],[-81.695763,45.555698],[-81.688667,45.559769],[-81.687134,45.557259],[-81.693481,45.549999]],[[-80.47448,45.531609],[-80.484444,45.5294],[-80.478928,45.533459],[-80.47448,45.531609]],[[-80.408707,45.535221],[-80.408577,45.532921],[-80.412376,45.532829],[-80.408707,45.535221]],[[-80.424461,45.531281],[-80.423553,45.5285],[-80.427353,45.52961],[-80.424461,45.531281]],[[-80.446693,45.523731],[-80.454407,45.528999],[-80.435257,45.534981],[-80.446693,45.523731]],[[-80.421997,45.525181],[-80.427917,45.519081],[-80.437881,45.520851],[-80.434853,45.52409],[-80.421997,45.525181]],[[-80.417953,45.52055],[-80.417839,45.513901],[-80.422974,45.512428],[-80.420464,45.515381],[-80.417953,45.52055]],[[-80.429672,45.505638],[-80.437714,45.493271],[-80.464684,45.501068],[-80.451401,45.51329],[-80.429672,45.505638]],[[-80.42379,45.501289],[-80.430107,45.492069],[-80.431671,45.494659],[-80.42379,45.501289]],[[-80.458221,45.488651],[-80.460159,45.488369],[-80.462219,45.494129],[-80.458221,45.488651]],[[-80.439217,45.488312],[-80.439293,45.48616],[-80.442413,45.48592],[-80.439217,45.488312]],[[-80.433182,45.485001],[-80.435562,45.483158],[-80.436348,45.48391],[-80.433182,45.485001]],[[-80.425774,45.48267],[-80.427917,45.480389],[-80.429787,45.482349],[-80.425774,45.48267]],[[-80.429672,45.47052],[-80.451157,45.470692],[-80.464607,45.48542],[-80.429672,45.47052]],[[-80.473183,45.486488],[-80.47348,45.488621],[-80.468292,45.488461],[-80.473183,45.486488]],[[-80.441513,45.484322],[-80.441566,45.482399],[-80.445541,45.483212],[-80.441513,45.484322]],[[-80.472061,45.491501],[-80.474747,45.495209],[-80.470596,45.49472],[-80.472061,45.491501]],[[-80.471901,45.49828],[-80.473007,45.500278],[-80.469749,45.500381],[-80.471901,45.49828]],[[-80.478889,45.500092],[-80.479103,45.501659],[-80.476257,45.501171],[-80.478889,45.500092]],[[-80.474991,45.503712],[-80.474678,45.505779],[-80.470741,45.506599],[-80.474991,45.503712]],[[-80.484016,45.50465],[-80.485626,45.50988],[-80.479538,45.507641],[-80.484016,45.50465]],[[-80.483429,45.51379],[-80.445663,45.520222],[-80.461037,45.509979],[-80.483429,45.51379]],[[-80.489853,45.514622],[-80.491814,45.5173],[-80.488403,45.5173],[-80.489853,45.514622]],[[-80.487747,45.521641],[-80.4627,45.52282],[-80.468727,45.520061],[-80.487747,45.521641]],[[-80.497566,45.520081],[-80.499397,45.520908],[-80.497047,45.523491],[-80.497566,45.520081]],[[-80.478416,45.52515],[-80.471474,45.528278],[-80.472267,45.5256],[-80.478416,45.52515]],[[-80.460442,45.530201],[-80.454933,45.53278],[-80.4552,45.530479],[-80.460442,45.530201]],[[-80.430237,45.46743],[-80.429398,45.466331],[-80.431541,45.465439],[-80.430237,45.46743]],[[-80.43782,45.464691],[-80.439079,45.46521],[-80.437538,45.466419],[-80.43782,45.464691]],[[-80.442459,45.463291],[-80.444443,45.46386],[-80.442902,45.465069],[-80.442459,45.463291]],[[-80.513443,45.462189],[-80.51564,45.463161],[-80.511742,45.466282],[-80.513443,45.462189]],[[-80.434387,45.456909],[-80.441704,45.457611],[-80.441933,45.460178],[-80.434387,45.456909]],[[-80.485558,45.454159],[-80.49102,45.45639],[-80.489548,45.458031],[-80.485558,45.454159]],[[-80.474602,45.452881],[-80.476402,45.448879],[-80.479988,45.450451],[-80.474602,45.452881]],[[-80.4272,45.451111],[-80.426323,45.449699],[-80.429688,45.449299],[-80.4272,45.451111]],[[-80.421783,45.44878],[-80.421722,45.447281],[-80.425117,45.447281],[-80.421783,45.44878]],[[-80.513672,45.44912],[-80.515137,45.450459],[-80.509979,45.4515],[-80.513672,45.44912]],[[-80.499763,45.45417],[-80.499969,45.456551],[-80.497231,45.456619],[-80.499763,45.45417]],[[-80.508087,45.45425],[-80.509453,45.455582],[-80.506813,45.456551],[-80.508087,45.45425]],[[-80.480423,45.443161],[-80.479477,45.441078],[-80.483276,45.439449],[-80.480423,45.443161]],[[-81.46553,45.433998],[-81.464882,45.432152],[-81.471657,45.434589],[-81.46553,45.433998]],[[-80.394524,45.431129],[-80.393494,45.429218],[-80.396721,45.428501],[-80.394524,45.431129]],[[-80.386818,45.425758],[-80.386307,45.422939],[-80.389526,45.42313],[-80.386818,45.425758]],[[-80.381927,45.426479],[-80.381668,45.425571],[-80.385803,45.425308],[-80.381927,45.426479]],[[-80.338913,45.421082],[-80.32132,45.39011],[-80.348099,45.369999],[-80.362343,45.403831],[-80.35376,45.411671],[-80.344391,45.405109],[-80.35141,45.416931],[-80.338913,45.421082]],[[-80.326973,45.41806],[-80.318382,45.40897],[-80.325844,45.411339],[-80.326973,45.41806]],[[-80.316994,45.370258],[-80.316612,45.369499],[-80.319061,45.36834],[-80.316994,45.370258]],[[-80.430962,45.372921],[-80.431717,45.374432],[-80.426697,45.37484],[-80.430962,45.372921]],[[-80.542328,45.375641],[-80.54348,45.377548],[-80.539833,45.37904],[-80.542328,45.375641]],[[-80.538849,45.382038],[-80.545776,45.382721],[-80.541527,45.39101],[-80.537682,45.389648],[-80.538849,45.382038]],[[-80.437477,45.384239],[-80.436729,45.382309],[-80.44175,45.38232],[-80.437477,45.384239]],[[-80.462227,45.396461],[-80.4627,45.398479],[-80.458214,45.397491],[-80.462227,45.396461]],[[-80.380997,45.402321],[-80.381248,45.40377],[-80.37854,45.404308],[-80.380997,45.402321]],[[-80.37307,45.407909],[-80.372337,45.412029],[-80.368736,45.411831],[-80.37307,45.407909]],[[-80.551697,45.41169],[-80.540138,45.416309],[-80.540527,45.415081],[-80.551697,45.41169]],[[-80.358414,45.418541],[-80.355957,45.41835],[-80.355583,45.416451],[-80.358414,45.418541]],[[-80.375031,45.414028],[-80.37516,45.412029],[-80.379532,45.41449],[-80.375031,45.414028]],[[-80.361252,45.41473],[-80.358299,45.41354],[-80.359718,45.412449],[-80.361252,45.41473]],[[-80.474808,45.41143],[-80.475258,45.415279],[-80.472717,45.414951],[-80.474808,45.41143]],[[-80.297524,45.35054],[-80.288834,45.34861],[-80.287933,45.345718],[-80.294052,45.34502],[-80.297524,45.35054]],[[-80.253197,45.34388],[-80.25956,45.339809],[-80.269623,45.34359],[-80.253197,45.34388]],[[-80.352058,45.32954],[-80.35041,45.326511],[-80.353241,45.325802],[-80.352058,45.32954]],[[-80.10334,45.33839],[-80.090523,45.342461],[-80.051491,45.332329],[-80.061256,45.31102],[-80.084976,45.297489],[-80.079002,45.288521],[-80.092346,45.278831],[-80.090172,45.287418],[-80.108047,45.276131],[-80.128151,45.277969],[-80.146606,45.265141],[-80.164886,45.26366],[-80.15654,45.254089],[-80.176788,45.221619],[-80.185501,45.23082],[-80.181847,45.237991],[-80.195976,45.236721],[-80.206871,45.254341],[-80.222214,45.25816],[-80.213501,45.26366],[-80.221336,45.275082],[-80.228409,45.273609],[-80.224762,45.282372],[-80.230789,45.287922],[-80.217346,45.3134],[-80.190804,45.324539],[-80.133614,45.31461],[-80.134407,45.307152],[-80.111168,45.309311],[-80.103928,45.313931],[-80.10334,45.33839]],[[-80.049789,45.305012],[-80.05616,45.297352],[-80.077843,45.291538],[-80.075859,45.295738],[-80.049789,45.305012]],[[-80.078011,45.27882],[-80.077797,45.277691],[-80.082039,45.277031],[-80.078011,45.27882]],[[-80.091316,45.272869],[-80.124969,45.250969],[-80.136642,45.2547],[-80.161377,45.24263],[-80.139343,45.263828],[-80.091316,45.272869]],[[-80.093857,45.269291],[-80.092934,45.267342],[-80.097816,45.265491],[-80.093857,45.269291]],[[-80.121902,45.270828],[-80.123154,45.272861],[-80.119659,45.273659],[-80.121902,45.270828]],[[-80.160713,45.235821],[-80.165497,45.233082],[-80.165398,45.235458],[-80.160713,45.235821]],[[-80.155212,45.23587],[-80.154587,45.23436],[-80.159271,45.232029],[-80.155212,45.23587]],[[-80.160912,45.230621],[-80.160927,45.22974],[-80.16394,45.228691],[-80.160912,45.230621]],[[-80.148117,45.229919],[-80.147118,45.228741],[-80.149323,45.227612],[-80.148117,45.229919]],[[-80.15361,45.226219],[-80.155159,45.227329],[-80.154129,45.228649],[-80.15361,45.226219]],[[-80.158051,45.223591],[-80.144524,45.22179],[-80.142159,45.219139],[-80.150414,45.21666],[-80.158051,45.223591]],[[-80.181381,45.21476],[-80.182388,45.215279],[-80.180893,45.217571],[-80.181381,45.21476]],[[-80.187447,45.217461],[-80.188744,45.218651],[-80.1856,45.21962],[-80.187447,45.217461]],[[-80.201187,45.222279],[-80.197456,45.226719],[-80.195534,45.225609],[-80.201187,45.222279]],[[-80.189346,45.224079],[-80.188431,45.222839],[-80.191673,45.221859],[-80.189346,45.224079]],[[-80.194412,45.226971],[-80.195053,45.228291],[-80.191711,45.22887],[-80.194412,45.226971]],[[-80.229759,45.238071],[-80.230202,45.238991],[-80.227524,45.240742],[-80.229759,45.238071]],[[-80.209084,45.24107],[-80.20771,45.23925],[-80.211098,45.238621],[-80.209084,45.24107]],[[-80.223793,45.24435],[-80.224327,45.24572],[-80.221207,45.246559],[-80.223793,45.24435]],[[-80.210487,45.24781],[-80.208488,45.246899],[-80.209686,45.244572],[-80.210487,45.24781]],[[-80.226852,45.250649],[-80.227493,45.251431],[-80.222168,45.253231],[-80.226852,45.250649]],[[-80.276512,45.25412],[-80.282303,45.27256],[-80.261139,45.299919],[-80.271317,45.280369],[-80.259827,45.26778],[-80.276512,45.25412]],[[-80.293411,45.270672],[-80.295914,45.272999],[-80.293282,45.27359],[-80.293411,45.270672]],[[-80.286453,45.27599],[-80.283768,45.276249],[-80.283493,45.27459],[-80.286453,45.27599]],[[-80.305222,45.277451],[-80.305603,45.278568],[-80.303032,45.27887],[-80.305222,45.277451]],[[-80.302139,45.28009],[-80.302681,45.282082],[-80.2995,45.282459],[-80.302139,45.28009]],[[-80.316933,45.28109],[-80.317734,45.285469],[-80.314133,45.285332],[-80.316933,45.28109]],[[-81.700378,45.284321],[-81.697403,45.284939],[-81.696892,45.284302],[-81.700378,45.284321]],[[-81.695381,45.288078],[-81.696068,45.2892],[-81.692383,45.292469],[-81.695381,45.288078]],[[-81.6269,45.292271],[-81.63945,45.297112],[-81.641052,45.300289],[-81.613953,45.30159],[-81.6269,45.292271]],[[-81.685387,45.303551],[-81.686401,45.30476],[-81.68235,45.30682],[-81.685387,45.303551]],[[-80.294182,45.303219],[-80.296944,45.294529],[-80.309914,45.301418],[-80.294182,45.303219]],[[-80.24411,45.303532],[-80.241966,45.302891],[-80.247704,45.299191],[-80.24411,45.303532]],[[-80.286232,45.297409],[-80.288673,45.297138],[-80.28923,45.299171],[-80.286232,45.297409]],[[-80.278641,45.295559],[-80.280724,45.291611],[-80.282593,45.293541],[-80.278641,45.295559]],[[-80.289963,45.29129],[-80.290901,45.292648],[-80.289551,45.294338],[-80.289963,45.29129]],[[-80.233719,45.284149],[-80.237503,45.28019],[-80.238007,45.28265],[-80.233719,45.284149]],[[-80.265007,45.281391],[-80.265892,45.282669],[-80.263107,45.284039],[-80.265007,45.281391]],[[-80.232307,45.2738],[-80.231087,45.27158],[-80.234367,45.271801],[-80.232307,45.2738]],[[-80.226227,45.269989],[-80.224617,45.268391],[-80.227631,45.26799],[-80.226227,45.269989]],[[-81.575127,45.310612],[-81.563927,45.317291],[-81.563873,45.313862],[-81.575127,45.310612]],[[-80.23674,45.316212],[-80.232841,45.323051],[-80.198936,45.326832],[-80.201607,45.321011],[-80.23674,45.316212]],[[-80.315857,45.319691],[-80.312653,45.320702],[-80.313271,45.318741],[-80.315857,45.319691]],[[-80.222557,45.31509],[-80.221138,45.31345],[-80.230057,45.312149],[-80.222557,45.31509]],[[-80.139099,45.211651],[-80.152878,45.2047],[-80.149963,45.209438],[-80.139099,45.211651]],[[-80.139503,45.204842],[-80.138939,45.203369],[-80.141647,45.20248],[-80.139503,45.204842]],[[-80.146507,45.200668],[-80.149933,45.200539],[-80.150131,45.20195],[-80.146507,45.200668]],[[-80.194031,45.203209],[-80.191994,45.203918],[-80.192101,45.202148],[-80.194031,45.203209]],[[-80.157303,45.2047],[-80.155968,45.20348],[-80.157623,45.20208],[-80.157303,45.2047]],[[-80.189774,45.20496],[-80.190323,45.20673],[-80.187531,45.207569],[-80.189774,45.20496]],[[-80.184357,45.21064],[-80.185204,45.210838],[-80.18325,45.212341],[-80.184357,45.21064]],[[-80.14296,45.198589],[-80.141701,45.197071],[-80.147179,45.196491],[-80.14296,45.198589]],[[-80.187866,45.195271],[-80.186882,45.193359],[-80.188927,45.192921],[-80.187866,45.195271]],[[-80.136902,45.190899],[-80.14006,45.18903],[-80.141479,45.190208],[-80.136902,45.190899]],[[-80.140221,45.186581],[-80.132568,45.182461],[-80.144073,45.166828],[-80.145477,45.170132],[-80.140221,45.186581]],[[-80.114311,45.176041],[-80.113403,45.17485],[-80.116821,45.174],[-80.114311,45.176041]],[[-80.105141,45.173962],[-80.105118,45.17215],[-80.108353,45.172031],[-80.105141,45.173962]],[[-80.074074,45.172859],[-80.039421,45.15696],[-80.031754,45.165619],[-80.027573,45.141289],[-80.017303,45.142139],[-80.009247,45.12756],[-80.032318,45.126141],[-80.035683,45.144699],[-80.046227,45.139629],[-80.060493,45.157188],[-80.077591,45.154839],[-80.097214,45.167301],[-80.074074,45.172859]],[[-80.048126,45.122372],[-80.049629,45.12402],[-80.045723,45.125381],[-80.048126,45.122372]],[[-80.083687,45.121311],[-80.086617,45.122261],[-80.084213,45.123489],[-80.083687,45.121311]],[[-80.107262,45.119831],[-80.111794,45.120781],[-80.103691,45.126789],[-80.107262,45.119831]],[[-80.136047,45.120152],[-80.136803,45.12162],[-80.134323,45.122299],[-80.136047,45.120152]],[[-80.082039,45.12756],[-80.080338,45.126469],[-80.082741,45.12542],[-80.082039,45.12756]],[[-80.056107,45.131062],[-80.064507,45.13298],[-80.051613,45.137581],[-80.056107,45.131062]],[[-80.055557,45.123138],[-80.059563,45.122532],[-80.060677,45.126678],[-80.055557,45.123138]],[[-80.076874,45.123119],[-80.07737,45.124249],[-80.074257,45.125092],[-80.076874,45.123119]],[[-80.076332,45.129639],[-80.06842,45.131439],[-80.069069,45.129169],[-80.076332,45.129639]],[[-80.123428,45.136761],[-80.098099,45.142769],[-80.099327,45.139431],[-80.123428,45.136761]],[[-80.068443,45.140041],[-80.067741,45.137959],[-80.070328,45.1366],[-80.068443,45.140041]],[[-80.060204,45.1385],[-80.059433,45.137371],[-80.064842,45.135689],[-80.060204,45.1385]],[[-80.120827,45.147129],[-80.11821,45.14769],[-80.11763,45.146622],[-80.120827,45.147129]],[[-80.156647,45.146439],[-80.157066,45.147739],[-80.154671,45.148029],[-80.156647,45.146439]],[[-80.102364,45.148521],[-80.104057,45.150089],[-80.097717,45.150211],[-80.102364,45.148521]],[[-80.116692,45.14986],[-80.117088,45.151421],[-80.114067,45.151272],[-80.116692,45.14986]],[[-80.151337,45.150688],[-80.152603,45.151958],[-80.149872,45.152821],[-80.151337,45.150688]],[[-80.156212,45.153751],[-80.156822,45.15485],[-80.153801,45.155472],[-80.156212,45.153751]],[[-80.105949,45.155239],[-80.100761,45.159111],[-80.095543,45.15987],[-80.100502,45.154911],[-80.105949,45.155239]],[[-80.147873,45.156731],[-80.156113,45.164108],[-80.154167,45.170052],[-80.148064,45.16729],[-80.147873,45.156731]],[[-80.158623,45.16806],[-80.16069,45.16861],[-80.155746,45.173199],[-80.158623,45.16806]],[[-80.12561,45.16552],[-80.125381,45.164131],[-80.127853,45.163311],[-80.12561,45.16552]],[[-80.109138,45.16412],[-80.109154,45.163269],[-80.111557,45.16293],[-80.109138,45.16412]],[[-80.102654,45.16069],[-80.110893,45.15823],[-80.111076,45.15958],[-80.102654,45.16069]],[[-80.148933,45.177631],[-80.146637,45.179489],[-80.145309,45.178261],[-80.148933,45.177631]],[[-80.158722,45.179161],[-80.162712,45.185989],[-80.157173,45.184021],[-80.158722,45.179161]],[[-80.135468,45.10714],[-80.135483,45.106201],[-80.139999,45.106602],[-80.135468,45.10714]],[[-80.121727,45.106812],[-80.123009,45.104382],[-80.127441,45.105438],[-80.121727,45.106812]],[[-80.102013,45.10186],[-80.100021,45.100029],[-80.105919,45.099918],[-80.102013,45.10186]],[[-80.081177,45.101429],[-80.080063,45.0994],[-80.085007,45.099018],[-80.081177,45.101429]],[[-80.09549,45.097382],[-80.094833,45.096031],[-80.100243,45.096722],[-80.09549,45.097382]],[[-80.308907,45.09042],[-80.317078,45.087421],[-80.316933,45.08942],[-80.308907,45.09042]],[[-80.089371,45.090939],[-80.088226,45.089451],[-80.098328,45.08828],[-80.089371,45.090939]],[[-80.080544,45.089958],[-80.079689,45.088799],[-80.084717,45.088959],[-80.080544,45.089958]],[[-80.069038,45.0891],[-80.068291,45.087551],[-80.073891,45.087429],[-80.069038,45.0891]],[[-80.110207,45.08873],[-80.110573,45.09042],[-80.105637,45.089729],[-80.110207,45.08873]],[[-80.308746,45.082581],[-80.308128,45.080589],[-80.310883,45.080109],[-80.308746,45.082581]],[[-80.310493,45.076309],[-80.319267,45.07481],[-80.316933,45.076321],[-80.310493,45.076309]],[[-80.117058,45.07642],[-80.116707,45.075329],[-80.121674,45.074772],[-80.117058,45.07642]],[[-80.304001,45.073181],[-80.306801,45.073681],[-80.306473,45.07465],[-80.304001,45.073181]],[[-80.070763,45.073551],[-80.069801,45.07169],[-80.07563,45.072071],[-80.070763,45.073551]],[[-80.311333,45.071831],[-80.311951,45.07251],[-80.309479,45.07349],[-80.311333,45.071831]],[[-80.064957,45.070358],[-80.050827,45.0672],[-80.049187,45.06596],[-80.062523,45.06229],[-80.064957,45.070358]],[[-80.04747,45.064011],[-80.047089,45.06284],[-80.051071,45.062099],[-80.04747,45.064011]],[[-80.309578,45.06823],[-80.309563,45.069061],[-80.306549,45.069679],[-80.309578,45.06823]],[[-80.005791,45.052929],[-79.988358,45.04525],[-79.999367,45.03862],[-80.018997,45.04924],[-80.005791,45.052929]],[[-80.029228,45.038841],[-80.031174,45.044689],[-80.026337,45.044338],[-80.029228,45.038841]],[[-80.333214,45.038212],[-80.333504,45.039188],[-80.330002,45.040588],[-80.333214,45.038212]],[[-80.341217,45.04351],[-80.341927,45.045109],[-80.337837,45.046299],[-80.341217,45.04351]],[[-80.031937,45.04837],[-80.033821,45.049061],[-80.030388,45.050709],[-80.031937,45.04837]],[[-80.040283,45.049511],[-80.040863,45.050919],[-80.037209,45.051491],[-80.040283,45.049511]],[[-80.335777,45.037071],[-80.336304,45.034641],[-80.339211,45.03558],[-80.335777,45.037071]],[[-80.01577,45.03627],[-80.008774,45.03167],[-80.015709,45.02536],[-80.018333,45.027168],[-80.01577,45.03627]],[[-80.013512,45.022202],[-80.008492,45.018372],[-80.013618,45.017971],[-80.013512,45.022202]],[[-80.061401,45.01067],[-80.060738,45.008579],[-80.064873,45.00914],[-80.061401,45.01067]],[[-79.97467,45.002102],[-79.983719,45.001049],[-79.983459,45.001499],[-79.97467,45.002102]],[[-80.047981,45.00349],[-80.047623,45.002258],[-80.05484,45.003311],[-80.047981,45.00349]],[[-79.988182,44.999981],[-79.994476,45.00106],[-79.994148,45.00251],[-79.988182,44.999981]],[[-80.024857,44.99041],[-80.02388,44.98914],[-80.02919,44.988762],[-80.024857,44.99041]],[[-80.017059,44.98098],[-80.01651,44.979401],[-80.020767,44.979778],[-80.017059,44.98098]],[[-80.027649,44.976601],[-80.025757,44.974232],[-80.029587,44.974289],[-80.027649,44.976601]],[[-80.066994,44.962009],[-80.067307,44.957409],[-80.070602,44.958172],[-80.066994,44.962009]],[[-80.070732,44.945099],[-80.071289,44.94191],[-80.075249,44.94202],[-80.070732,44.945099]],[[-79.929298,44.941391],[-79.929253,44.938671],[-79.933838,44.939991],[-79.929298,44.941391]],[[-79.938721,44.937981],[-79.937302,44.936401],[-79.941498,44.935989],[-79.938721,44.937981]],[[-79.922318,44.936401],[-79.923126,44.934361],[-79.926407,44.935371],[-79.922318,44.936401]],[[-79.966591,44.93066],[-79.960068,44.928371],[-79.952278,44.921261],[-79.956543,44.921509],[-79.966591,44.93066]],[[-79.937286,44.928051],[-79.936653,44.927021],[-79.939247,44.925789],[-79.937286,44.928051]],[[-79.912178,44.92622],[-79.897232,44.932991],[-79.901894,44.928398],[-79.891632,44.921242],[-79.904579,44.916801],[-79.912178,44.92622]],[[-79.862953,44.94022],[-79.879112,44.94241],[-79.865837,44.944359],[-79.837257,44.924702],[-79.852188,44.923389],[-79.8657,44.933392],[-79.878037,44.925919],[-79.862953,44.94022]],[[-79.873611,44.92091],[-79.872307,44.91946],[-79.880798,44.92194],[-79.873611,44.92091]],[[-79.862671,44.921421],[-79.860657,44.918659],[-79.862633,44.917999],[-79.862671,44.921421]],[[-79.849907,44.91745],[-79.849388,44.911491],[-79.856277,44.91428],[-79.849907,44.91745]],[[-79.899673,44.911251],[-79.901199,44.91172],[-79.898003,44.913651],[-79.899673,44.911251]],[[-79.992783,44.895771],[-80.006317,44.875771],[-80.017639,44.895439],[-79.990402,44.92495],[-79.992783,44.895771]],[[-79.856361,44.909721],[-79.855621,44.907909],[-79.857628,44.90704],[-79.856361,44.909721]],[[-79.862938,44.906849],[-79.863991,44.908939],[-79.862289,44.909321],[-79.862938,44.906849]],[[-79.857529,44.90239],[-79.854187,44.899349],[-79.857964,44.899429],[-79.857529,44.90239]],[[-79.894211,44.892029],[-79.905273,44.89027],[-79.906036,44.89814],[-79.894211,44.892029]],[[-79.855621,44.897049],[-79.839699,44.884281],[-79.856552,44.883831],[-79.850403,44.86483],[-79.862137,44.864841],[-79.85984,44.842751],[-79.875923,44.824478],[-79.880867,44.848431],[-79.873558,44.877911],[-79.887703,44.88131],[-79.855621,44.897049]],[[-79.837334,44.879742],[-79.829224,44.87611],[-79.840782,44.869251],[-79.837334,44.879742]],[[-79.845581,44.867008],[-79.833313,44.863369],[-79.832161,44.8451],[-79.848343,44.845921],[-79.839043,44.857319],[-79.845581,44.867008]],[[-79.820976,44.839401],[-79.819107,44.83786],[-79.823219,44.836712],[-79.820976,44.839401]],[[-79.825523,44.82996],[-79.817101,44.830189],[-79.814888,44.824299],[-79.819031,44.824089],[-79.825523,44.82996]],[[-80.102173,44.862041],[-80.101219,44.839371],[-80.124496,44.835461],[-80.123863,44.863762],[-80.137016,44.872959],[-80.122917,44.880051],[-80.120216,44.866322],[-80.102173,44.862041]],[[-80.151871,44.82164],[-80.187286,44.804909],[-80.189171,44.796322],[-80.179283,44.786518],[-80.15844,44.78046],[-80.176376,44.780788],[-80.245209,44.828979],[-80.233017,44.852959],[-80.242683,44.875431],[-80.232597,44.876411],[-80.206253,44.8512],[-80.179588,44.8671],[-80.154861,44.848141],[-80.151871,44.82164]],[[-80.990784,44.823631],[-80.982918,44.840961],[-80.969994,44.849731],[-80.960663,44.844231],[-80.961647,44.827179],[-80.990784,44.823631]],[[-80.912788,44.849041],[-80.89386,44.855141],[-80.889099,44.832191],[-80.921379,44.82835],[-80.912788,44.849041]],[[-80.966187,44.86776],[-80.979782,44.88377],[-80.97123,44.90258],[-80.953438,44.887402],[-80.966187,44.86776]],[[-80.198509,44.90152],[-80.195107,44.908112],[-80.168732,44.90987],[-80.161491,44.899639],[-80.165527,44.89175],[-80.184402,44.8876],[-80.198509,44.90152]],[[-79.887177,44.884171],[-79.890152,44.885231],[-79.885674,44.887291],[-79.887177,44.884171]],[[-79.915176,44.887939],[-79.920189,44.892651],[-79.916832,44.892769],[-79.915176,44.887939]],[[-79.914917,44.89875],[-79.911171,44.90176],[-79.910423,44.899231],[-79.914917,44.89875]],[[-79.921577,44.920269],[-79.91993,44.91745],[-79.922478,44.917881],[-79.921577,44.920269]],[[-79.874573,44.914379],[-79.877327,44.912731],[-79.877403,44.915169],[-79.874573,44.914379]],[[-79.889992,44.923672],[-79.890793,44.924912],[-79.888741,44.92511],[-79.889992,44.923672]],[[-79.943336,44.925301],[-79.94519,44.926361],[-79.943748,44.927219],[-79.943336,44.925301]],[[-79.986504,44.926571],[-79.988068,44.928871],[-79.986321,44.9296],[-79.986504,44.926571]],[[-79.847603,44.813389],[-79.847427,44.81171],[-79.85611,44.811901],[-79.847603,44.813389]],[[-79.760468,44.78331],[-79.742104,44.780739],[-79.738541,44.776459],[-79.75119,44.77578],[-79.760468,44.78331]],[[-79.741402,44.770721],[-79.740128,44.768299],[-79.743713,44.768639],[-79.741402,44.770721]],[[-79.784714,44.760361],[-79.789917,44.76025],[-79.790024,44.76141],[-79.784714,44.760361]],[[-79.705803,44.815609],[-79.709129,44.8162],[-79.706711,44.81741],[-79.705803,44.815609]],[[-79.704498,44.82262],[-79.695824,44.816769],[-79.696503,44.815819],[-79.704498,44.82262]],[[-79.692383,44.832272],[-79.695679,44.833912],[-79.688721,44.8367],[-79.692383,44.832272]],[[-79.705742,44.845459],[-79.708099,44.847839],[-79.701134,44.850731],[-79.705742,44.845459]],[[-79.709877,44.85215],[-79.709747,44.8531],[-79.707336,44.853359],[-79.709877,44.85215]],[[-79.715599,44.861271],[-79.716232,44.863171],[-79.713173,44.86372],[-79.715599,44.861271]],[[-80.080803,45.18306],[-80.070717,45.188511],[-80.071938,45.18605],[-80.080803,45.18306]],[[-80.109108,45.219421],[-80.109093,45.22044],[-80.104362,45.220032],[-80.109108,45.219421]],[[-80.143257,45.357719],[-80.158836,45.359531],[-80.161743,45.362068],[-80.147476,45.363468],[-80.143257,45.357719]],[[-80.114868,45.371262],[-80.133423,45.37397],[-80.117043,45.395321],[-80.106323,45.37571],[-80.1129,45.35981],[-80.114868,45.371262]],[[-80.152458,45.365101],[-80.152946,45.366791],[-80.150742,45.367401],[-80.152458,45.365101]],[[-80.16143,45.36525],[-80.161789,45.366982],[-80.15963,45.367321],[-80.16143,45.36525]],[[-80.155052,45.367569],[-80.154953,45.365959],[-80.157402,45.365669],[-80.155052,45.367569]],[[-80.151604,45.368259],[-80.152382,45.36964],[-80.143669,45.36792],[-80.151604,45.368259]],[[-80.16954,45.369759],[-80.169579,45.371681],[-80.166313,45.37167],[-80.16954,45.369759]],[[-80.196213,45.37149],[-80.196114,45.373249],[-80.192787,45.373161],[-80.196213,45.37149]],[[-80.182907,45.374168],[-80.184509,45.375839],[-80.176811,45.373489],[-80.182907,45.374168]],[[-80.147171,45.37825],[-80.142616,45.375172],[-80.146294,45.373341],[-80.147171,45.37825]],[[-80.159439,45.371689],[-80.163063,45.3745],[-80.160019,45.375149],[-80.159439,45.371689]],[[-80.17038,45.373829],[-80.170853,45.37492],[-80.167999,45.375561],[-80.17038,45.373829]],[[-80.149437,45.386509],[-80.142601,45.38895],[-80.142807,45.38718],[-80.149437,45.386509]],[[-80.16111,45.387699],[-80.163254,45.391331],[-80.158173,45.389751],[-80.16111,45.387699]],[[-80.078331,45.384239],[-80.081551,45.37537],[-80.087051,45.37912],[-80.078331,45.384239]],[[-80.089653,45.379929],[-80.089943,45.381062],[-80.088753,45.381599],[-80.089653,45.379929]],[[-80.075233,45.372421],[-80.076187,45.37075],[-80.07814,45.372139],[-80.075233,45.372421]],[[-80.069962,45.371891],[-80.07058,45.369751],[-80.072884,45.370651],[-80.069962,45.371891]],[[-80.189873,45.37825],[-80.191429,45.379719],[-80.189087,45.380718],[-80.189873,45.37825]],[[-80.479713,45.55722],[-80.474983,45.560181],[-80.474541,45.55846],[-80.479713,45.55722]],[[-80.771408,45.899029],[-80.759064,45.91732],[-80.757713,45.908718],[-80.771408,45.899029]],[[-80.770363,45.909882],[-80.764061,45.919941],[-80.765213,45.914509],[-80.770363,45.909882]],[[-80.754578,45.90218],[-80.758759,45.899559],[-80.757156,45.903351],[-80.754578,45.90218]],[[-80.811729,45.928249],[-80.813606,45.928421],[-80.810379,45.93087],[-80.811729,45.928249]],[[-80.807129,45.93306],[-80.79969,45.944229],[-80.80043,45.937691],[-80.807129,45.93306]],[[-80.749573,45.97052],[-80.750519,45.96563],[-80.753052,45.96674],[-80.749573,45.97052]],[[-80.538643,46.017799],[-80.563797,46.035519],[-80.518799,46.026279],[-80.540703,46.02338],[-80.538643,46.017799]],[[-80.564636,46.041592],[-80.567436,46.044861],[-80.56395,46.045952],[-80.564636,46.041592]]]]}}
