{"type":"Feature","properties":{"mrgid":49198,"name":"Vietnamese 12 NM","placeType":"Territorial Sea","source":"MarineRegions:eez_12nm"},"geometry":{"type":"MultiPolygon","coordinates":[[[[107.954043,20.14804],[107.935122,20.230014],[107.883393,20.296731],[107.80616,20.338523],[107.718166,20.346765],[107.63851,20.324107],[107.558254,20.265762],[107.51392,20.193249],[107.503343,20.113184],[107.526024,20.036641],[107.579007,19.973633],[107.65561,19.934133],[107.74535,19.924949],[107.825446,19.944785],[107.893205,19.993317],[107.936669,20.062201],[107.954043,20.14804]],[[107.717271,20.12637],[107.719814,20.135047],[107.741277,20.147219],[107.733575,20.125927],[107.717271,20.12637]]],[[[107.112334,17.086508],[107.331301,17.157744],[107.334321,17.166283],[107.346901,17.163149],[109.15,15.385],[109.35,13.9],[109.453148,12.898469],[109.458953,12.897529],[109.454229,12.880098],[109.469525,12.65625],[109.085158,9.970021],[106.741022,8.682527],[106.625,8.63],[104.873333,8.38],[103.45,9.25],[103.167449,9.587032],[103.013922,9.455831],[103.295003,9.120733],[103.333174,9.085835],[104.767751,8.208611],[104.823231,8.185221],[104.901967,8.18095],[106.653666,8.430955],[106.699155,8.442959],[106.836232,8.505189],[109.184703,9.792531],[109.245509,9.845981],[109.282642,9.924309],[109.674246,12.656211],[109.662885,12.917152],[109.651384,12.973973],[109.554582,13.921562],[109.34471,15.453697],[109.297773,15.525899],[107.479789,17.318917],[107.404071,17.35894],[107.31221,17.366189],[107.231695,17.341358],[107.169137,17.289786],[106.953274,17.446951],[106.845508,17.546369],[106.767776,17.65123],[106.730314,17.718029],[106.773014,17.73466],[106.813214,17.761625],[106.8453,17.795844],[106.869497,17.837994],[106.882551,17.884444],[106.884097,17.928166],[106.874346,17.975354],[106.85463,18.016656],[106.820536,18.05773],[106.778946,18.087836],[106.72806,18.107962],[106.674104,18.114896],[106.666638,18.159478],[106.649631,18.200091],[106.623821,18.23622],[106.588363,18.267498],[106.509318,18.310448],[106.427326,18.326927],[106.360504,18.387413],[106.318955,18.449569],[106.272116,18.485503],[106.217161,18.507243],[106.153758,18.513256],[106.12287,18.576291],[106.081627,18.622533],[106.137666,18.673725],[106.169403,18.736604],[106.176547,18.810403],[106.158414,18.878207],[106.116639,18.936481],[106.057397,18.980188],[105.990772,19.003659],[105.922037,19.005054],[105.944436,19.058997],[105.94935,19.120673],[106.009703,19.140884],[106.064387,19.179164],[106.11905,19.246168],[106.144242,19.31172],[106.149163,19.39183],[106.13284,19.455598],[106.094333,19.51404],[106.03085,19.565665],[106.074879,19.61185],[106.132433,19.71055],[106.220596,19.733521],[106.281436,19.768499],[106.313053,19.800395],[106.376523,19.889713],[106.471086,19.990157],[106.535725,19.990971],[106.645698,20.021151],[106.697779,20.047659],[106.745702,20.090558],[106.779836,20.142922],[106.818211,20.245507],[106.82174,20.304361],[106.809363,20.358357],[106.82348,20.414716],[106.823388,20.464505],[106.890151,20.476509],[106.949217,20.507496],[106.992115,20.461389],[107.057581,20.425963],[107.131575,20.411644],[107.228852,20.412887],[107.280872,20.424016],[107.330965,20.448355],[107.370991,20.481075],[107.400332,20.520533],[107.480419,20.516569],[107.550817,20.536106],[107.599696,20.56655],[107.64603,20.615414],[107.685151,20.684255],[107.704741,20.744431],[107.758851,20.742825],[107.809119,20.752202],[107.946565,20.819526],[108.039671,20.910359],[108.061662,20.948904],[108.074746,20.994111],[108.140333,21.022338],[108.189956,21.066521],[108.221255,21.117156],[108.200833,21.209722],[108.134722,21.275556],[108.094111,21.456417],[108.101705,21.497268],[108.089879,21.51127],[108.059889,21.522206],[108.049265,21.540999],[108.034277,21.547163],[108.048483,21.525454],[108.017632,21.535393],[108.040385,21.517148],[108.011934,21.518327],[108.017351,21.509517],[108.035604,21.509984],[108.038747,21.51365],[108.045731,21.507934],[108.012292,21.490437],[108.027653,21.486473],[108.061604,21.495437],[108.078536,21.483931],[108.047702,21.484343],[108.020038,21.476906],[107.96932,21.433079],[107.967283,21.448186],[107.98674,21.465554],[107.987515,21.485827],[107.972972,21.483744],[107.983721,21.472162],[107.978408,21.46521],[107.975482,21.479027],[107.963297,21.485017],[107.972849,21.466378],[107.965151,21.461465],[107.961276,21.469914],[107.949919,21.444045],[107.94216,21.449689],[107.947282,21.458157],[107.940004,21.451369],[107.936793,21.456138],[107.938111,21.45025],[107.945087,21.438746],[107.932542,21.437722],[107.915986,21.446567],[107.909776,21.466732],[107.934686,21.490485],[107.947323,21.493118],[107.934936,21.492998],[107.926875,21.484897],[107.928892,21.492978],[107.922188,21.48641],[107.91026,21.489353],[107.903802,21.495893],[107.91226,21.518256],[107.901182,21.504169],[107.903448,21.509658],[107.895516,21.526124],[107.890756,21.515125],[107.896363,21.51],[107.876664,21.504976],[107.884405,21.501031],[107.874165,21.490119],[107.855608,21.507308],[107.861023,21.517424],[107.85085,21.518867],[107.839027,21.47569],[107.832252,21.476976],[107.830094,21.524827],[107.816082,21.482398],[107.807749,21.503305],[107.804865,21.494084],[107.789165,21.513001],[107.786476,21.510447],[107.788652,21.504573],[107.765954,21.51037],[107.79884,21.494923],[107.803127,21.47271],[107.790835,21.472649],[107.788481,21.457338],[107.768362,21.441697],[107.754787,21.403902],[107.724419,21.393715],[107.71771,21.407902],[107.72122,21.394864],[107.70735,21.386748],[107.694925,21.405875],[107.695925,21.388237],[107.685047,21.387964],[107.683248,21.38068],[107.67999,21.396446],[107.671468,21.395443],[107.675614,21.409285],[107.666275,21.39476],[107.676128,21.380482],[107.664143,21.366803],[107.638505,21.384437],[107.649691,21.360873],[107.645927,21.344658],[107.628001,21.322467],[107.618896,21.330441],[107.623285,21.315438],[107.614977,21.310416],[107.620563,21.305333],[107.607251,21.302335],[107.604327,21.291045],[107.588083,21.291177],[107.586004,21.282167],[107.573245,21.286405],[107.566755,21.313308],[107.566232,21.305823],[107.56995,21.286374],[107.559762,21.291038],[107.535357,21.334404],[107.535119,21.331129],[107.543015,21.320493],[107.544559,21.308982],[107.535631,21.310321],[107.533357,21.321145],[107.531509,21.309193],[107.524407,21.310589],[107.546395,21.301854],[107.546325,21.289714],[107.528792,21.29827],[107.530139,21.29161],[107.519086,21.291963],[107.515207,21.30635],[107.509209,21.303585],[107.513042,21.294704],[107.502808,21.291924],[107.485559,21.30159],[107.493058,21.291275],[107.488083,21.288134],[107.464327,21.311053],[107.464187,21.295811],[107.409938,21.317943],[107.42891,21.303976],[107.437978,21.305724],[107.452894,21.288011],[107.420739,21.268336],[107.40752,21.280545],[107.400441,21.304993],[107.391816,21.306827],[107.391729,21.302099],[107.369991,21.315496],[107.397203,21.284461],[107.373705,21.292792],[107.370185,21.303727],[107.360582,21.301002],[107.389996,21.279458],[107.383459,21.279562],[107.374664,21.273198],[107.361944,21.284513],[107.361249,21.271791],[107.376929,21.267993],[107.373463,21.26327],[107.384094,21.266247],[107.37019,21.248752],[107.368462,21.234487],[107.370624,21.239822],[107.370989,21.246838],[107.373195,21.235824],[107.387956,21.259822],[107.376603,21.230938],[107.363837,21.221631],[107.371234,21.219835],[107.367269,21.208738],[107.370746,21.212212],[107.374428,21.225976],[107.380786,21.232281],[107.385831,21.24745],[107.393668,21.255021],[107.414424,21.256646],[107.409891,21.250316],[107.434116,21.259755],[107.432794,21.242383],[107.439345,21.242148],[107.409131,21.218807],[107.416875,21.215441],[107.403471,21.211456],[107.404404,21.206759],[107.4109,21.208865],[107.393179,21.188388],[107.383517,21.183397],[107.367481,21.188705],[107.369496,21.181781],[107.380102,21.181397],[107.376492,21.175596],[107.397172,21.179605],[107.391932,21.173071],[107.387443,21.154887],[107.385699,21.113489],[107.374718,21.09502],[107.36771,21.099411],[107.3771,21.085445],[107.356465,21.075872],[107.366619,21.067359],[107.36372,21.040305],[107.372898,21.023247],[107.35929,21.005629],[107.340728,20.995171],[107.33434,21.001086],[107.33196,20.992862],[107.304142,21.002211],[107.295182,20.996439],[107.249009,20.998918],[107.240953,20.99076],[107.24592,20.981632],[107.2362,20.987407],[107.215543,20.968015],[107.216406,20.950132],[107.205243,20.949739],[107.204491,20.962428],[107.194303,20.947858],[107.199905,20.934696],[107.152302,20.923312],[107.147037,20.943152],[107.117352,20.938208],[107.091345,20.95077],[107.083816,20.949273],[107.079483,20.944269],[107.069792,20.948833],[107.066333,20.957439],[107.079412,20.982866],[107.107911,21.011035],[107.132236,21.014992],[107.130335,21.026964],[107.080758,20.992154],[107.080877,21.017274],[107.076419,20.989167],[107.056075,20.984718],[107.049201,20.992302],[107.05976,20.999792],[107.061622,21.024882],[107.045173,20.992483],[107.048187,21.020805],[107.04239,21.016238],[107.031762,21.028775],[107.041627,21.011931],[107.026611,21.014114],[107.031029,21.00839],[107.019637,21.009536],[107.023554,21.005344],[107.015766,20.999188],[107.004344,21.011563],[107.013083,20.996886],[107.038319,20.999056],[107.041512,20.986679],[107.028954,20.993274],[107.01457,20.990403],[106.990863,21.014369],[107.011804,20.990308],[107.01783,20.988867],[107.034471,20.989208],[107.063321,20.963397],[107.031533,20.945958],[107.002266,20.957987],[106.939356,20.949933],[106.918485,20.967413],[106.890872,20.973426],[106.89036,20.991318],[106.886333,20.979074],[106.887091,20.992933],[106.880413,20.978843],[106.866373,20.988445],[106.871001,20.978659],[106.862471,20.977822],[106.875831,20.966576],[106.865319,20.962994],[106.891187,20.964088],[106.886785,20.949904],[106.875855,20.95718],[106.886052,20.941267],[106.87982,20.943212],[106.875242,20.954987],[106.877004,20.945186],[106.882015,20.939041],[106.869224,20.934646],[106.876294,20.933639],[106.882108,20.936377],[106.881307,20.925113],[106.891803,20.9133],[106.876454,20.892482],[106.87963,20.925665],[106.872408,20.924788],[106.869317,20.903931],[106.87583,20.887409],[106.869754,20.872582],[106.85665,20.86958],[106.849252,20.901675],[106.830306,20.92296],[106.802893,20.934462],[106.775287,20.939298],[106.763475,20.994315],[106.741866,21.002079],[106.708803,20.999164],[106.676422,21.012873],[106.653786,21.020361],[106.628026,21.01207],[106.613407,21.020237],[106.622976,21.010967],[106.637152,21.011104],[106.650651,21.018341],[106.70582,20.998479],[106.728629,20.994478],[106.745522,20.994761],[106.759762,20.982643],[106.763173,20.945408],[106.699488,20.951801],[106.688732,20.960967],[106.669655,20.958737],[106.637916,20.97232],[106.621027,21.001927],[106.634799,20.97294],[106.669371,20.957038],[106.701113,20.949805],[106.764147,20.9432],[106.763651,20.908343],[106.750188,20.880283],[106.73879,20.875549],[106.734059,20.885876],[106.729624,20.886173],[106.722311,20.879824],[106.716299,20.886729],[106.712981,20.88737],[106.68024,20.86836],[106.656597,20.881605],[106.623216,20.882285],[106.622711,20.917532],[106.602293,20.924526],[106.602247,20.940227],[106.59116,20.945494],[106.601714,20.922618],[106.6217,20.916415],[106.618672,20.886653],[106.622854,20.881284],[106.655902,20.879105],[106.677711,20.866694],[106.708043,20.876366],[106.730979,20.858846],[106.764898,20.845479],[106.788843,20.826132],[106.807755,20.824685],[106.806714,20.814447],[106.79326,20.8067],[106.758402,20.822151],[106.769892,20.798638],[106.747334,20.774862],[106.736447,20.77815],[106.734097,20.791076],[106.730603,20.796898],[106.707934,20.80592],[106.714886,20.800237],[106.731419,20.794828],[106.733181,20.780571],[106.737569,20.775391],[106.773864,20.760975],[106.789833,20.724795],[106.801705,20.722247],[106.790995,20.701639],[106.79872,20.69369],[106.795568,20.685073],[106.809572,20.67556],[106.802049,20.673739],[106.79111,20.687375],[106.792437,20.692405],[106.76701,20.713602],[106.716445,20.682038],[106.684406,20.698352],[106.653538,20.690354],[106.64425,20.709792],[106.621498,20.70054],[106.600854,20.729449],[106.546788,20.759767],[106.603582,20.720484],[106.617138,20.699807],[106.624242,20.69899],[106.64363,20.707281],[106.655369,20.686729],[106.686517,20.695394],[106.704523,20.671523],[106.685063,20.648059],[106.690961,20.64815],[106.696887,20.654317],[106.695352,20.645597],[106.656068,20.616908],[106.63417,20.62836],[106.611182,20.627818],[106.599861,20.651448],[106.586227,20.664893],[106.596689,20.653329],[106.600657,20.639463],[106.609747,20.627136],[106.619231,20.624236],[106.633868,20.626516],[106.645388,20.620409],[106.640828,20.606753],[106.648786,20.612082],[106.622193,20.587408],[106.608559,20.586489],[106.607616,20.574845],[106.589423,20.553723],[106.577577,20.558233],[106.590075,20.540184],[106.581998,20.513265],[106.59819,20.49953],[106.600156,20.484958],[106.601673,20.496504],[106.605925,20.471422],[106.603902,20.467444],[106.581638,20.47737],[106.562901,20.47485],[106.517923,20.444072],[106.495284,20.454211],[106.469458,20.451879],[106.480067,20.478921],[106.480187,20.486206],[106.472478,20.504689],[106.463923,20.503729],[106.446968,20.486403],[106.436742,20.495037],[106.408468,20.483047],[106.377401,20.489365],[106.362423,20.457999],[106.362669,20.451702],[106.360283,20.449852],[106.334934,20.475639],[106.339051,20.505942],[106.289641,20.513127],[106.284453,20.493095],[106.272057,20.503032],[106.250747,20.507166],[106.250834,20.513344],[106.247399,20.516336],[106.236865,20.518064],[106.219587,20.512628],[106.191513,20.52274],[106.183603,20.519394],[106.169685,20.551874],[106.179465,20.48619],[106.223989,20.464388],[106.205513,20.430106],[106.209415,20.420898],[106.225699,20.40687],[106.265244,20.403527],[106.284959,20.392867],[106.282919,20.380031],[106.253946,20.357115],[106.25078,20.343334],[106.256078,20.330776],[106.270115,20.325695],[106.318453,20.344206],[106.310872,20.33155],[106.311831,20.298717],[106.316559,20.295549],[106.328281,20.297431],[106.328862,20.290156],[106.316905,20.262742],[106.288849,20.241478],[106.276468,20.238213],[106.265121,20.25025],[106.256195,20.251364],[106.191891,20.204409],[106.185189,20.196029],[106.179923,20.178667],[106.175771,20.144657],[106.18294,20.128217],[106.197379,20.112584],[106.207577,20.086604],[106.209124,20.045353],[106.178224,19.973767],[106.132031,19.952096],[106.127364,19.940521],[106.135998,19.940828],[106.138333,19.931098],[106.149336,19.935359],[106.143274,19.921018],[106.13081,19.92477],[106.119043,19.913422],[106.09973,19.911279],[106.109777,19.930504],[106.096299,19.965295],[106.115234,20.044395],[106.142448,20.064873],[106.148479,20.098613],[106.169466,20.130457],[106.163484,20.187226],[106.152723,20.226443],[106.107807,20.217065],[106.098685,20.244598],[106.100266,20.226598],[106.108077,20.215432],[106.151844,20.2243],[106.167093,20.138193],[106.145013,20.096366],[106.139478,20.064288],[106.118854,20.053678],[106.1142,20.047546],[106.093494,19.972349],[106.101687,19.935699],[106.097464,19.924055],[106.068581,19.91418],[106.043793,19.935923],[106.044386,19.950291],[106.030627,19.961035],[106.005369,19.950393],[106.004221,19.967187],[105.998765,19.970765],[105.972512,19.963191],[105.98205,19.960534],[106.000851,19.968712],[106.003481,19.944904],[105.994581,19.947576],[105.959876,19.927403],[105.94985,19.890338],[105.938194,19.88898],[105.944472,19.886719],[105.966239,19.890403],[105.947823,19.868238],[105.932986,19.8305],[105.938735,19.792586],[105.91611,19.781001],[105.863376,19.771514],[105.824314,19.79269],[105.820164,19.806083],[105.816761,19.801433],[105.816755,19.795619],[105.837659,19.77737],[105.85903,19.769323],[105.932022,19.77714],[105.897342,19.721715],[105.877533,19.728535],[105.856515,19.708016],[105.835167,19.659275],[105.816064,19.577858],[105.807073,19.584417],[105.819393,19.601754],[105.810993,19.618802],[105.801404,19.615374],[105.796463,19.597924],[105.786142,19.595353],[105.778242,19.606894],[105.769936,19.597974],[105.772246,19.598011],[105.777992,19.605362],[105.785631,19.593831],[105.796073,19.595745],[105.800175,19.600069],[105.806261,19.615508],[105.815376,19.606084],[105.80472,19.585241],[105.814469,19.570969],[105.805824,19.494559],[105.814167,19.426515],[105.798445,19.426973],[105.789104,19.401691],[105.786499,19.413576],[105.779207,19.416222],[105.773708,19.414231],[105.766264,19.403787],[105.769012,19.397205],[105.770739,19.408683],[105.784542,19.412628],[105.78309,19.41033],[105.784567,19.386119],[105.789057,19.362532],[105.817419,19.313417],[105.807466,19.312027],[105.815959,19.309309],[105.797692,19.271579],[105.779484,19.270617],[105.767391,19.228626],[105.756917,19.224754],[105.744718,19.248556],[105.737748,19.243703],[105.743238,19.24683],[105.746691,19.238637],[105.725909,19.232932],[105.734495,19.229666],[105.744821,19.23653],[105.751467,19.231916],[105.737623,19.219615],[105.730881,19.187739],[105.729427,19.124064],[105.738678,19.104731],[105.717632,19.09758],[105.714048,19.104472],[105.692198,19.082091],[105.674341,19.097711],[105.651802,19.082412],[105.625405,19.036115],[105.613577,18.985284],[105.606971,18.996748],[105.616582,19.004001],[105.61781,19.009275],[105.606913,19.01808],[105.616282,19.006539],[105.607268,19.001013],[105.605379,18.990839],[105.618176,18.978822],[105.63617,18.898313],[105.690628,18.874383],[105.707538,18.849921],[105.719493,18.849514],[105.719793,18.833117],[105.700347,18.830298],[105.695282,18.83827],[105.697004,18.829347],[105.692894,18.837086],[105.688823,18.831865],[105.697463,18.82763],[105.714057,18.830603],[105.72923,18.79887],[105.759579,18.766713],[105.735545,18.746008],[105.766353,18.681715],[105.75782,18.67186],[105.726864,18.674356],[105.711989,18.664429],[105.704262,18.637832],[105.687404,18.630522],[105.680371,18.581226],[105.664497,18.586359],[105.643199,18.579982],[105.635456,18.565943],[105.617381,18.55988],[105.608655,18.529025],[105.584105,18.546867],[105.570976,18.546378],[105.559129,18.539789],[105.544166,18.500082],[105.547487,18.501234],[105.553729,18.510779],[105.557625,18.532731],[105.572363,18.543661],[105.584517,18.544049],[105.607332,18.526327],[105.615863,18.534233],[105.619798,18.557989],[105.636843,18.562826],[105.661943,18.582202],[105.680276,18.575434],[105.691968,18.595529],[105.693276,18.62588],[105.704569,18.626419],[105.711475,18.647532],[105.718506,18.652195],[105.737419,18.656559],[105.750979,18.664675],[105.762718,18.666045],[105.769568,18.670272],[105.771995,18.678152],[105.753738,18.7269],[105.746484,18.739336],[105.75071,18.750795],[105.774785,18.759883],[105.824462,18.601475],[105.855612,18.54014],[105.9216,18.45352],[105.912171,18.444746],[105.911993,18.420905],[105.900986,18.402275],[105.884028,18.397781],[105.876564,18.405378],[105.865073,18.409417],[105.869666,18.418938],[105.866715,18.423606],[105.857337,18.424863],[105.856246,18.431651],[105.845929,18.427841],[105.846302,18.416301],[105.835372,18.427922],[105.834454,18.422615],[105.845088,18.414709],[105.849041,18.417439],[105.848458,18.428349],[105.858093,18.422447],[105.866613,18.422458],[105.862729,18.410845],[105.877216,18.401985],[105.87509,18.389619],[105.881111,18.397225],[105.922922,18.394282],[105.904752,18.399915],[105.925778,18.424197],[105.925179,18.446545],[105.941915,18.472357],[105.947675,18.445682],[105.992888,18.381932],[106.057642,18.31101],[106.115302,18.268002],[106.116758,18.262342],[106.094987,18.261158],[106.085433,18.248518],[106.09358,18.248317],[106.094656,18.258636],[106.109973,18.258996],[106.10238,18.242957],[106.10714,18.24008],[106.122302,18.266882],[106.158785,18.267828],[106.235053,18.216383],[106.252253,18.21516],[106.356628,18.109189],[106.340637,18.116018],[106.318509,18.107729],[106.306905,18.114803],[106.31464,18.107175],[106.324114,18.10681],[106.335163,18.113329],[106.3412,18.105469],[106.364814,18.10902],[106.400873,18.099081],[106.414298,18.123973],[106.435405,18.122083],[106.42074,18.102276],[106.43876,18.050343],[106.467831,17.999037],[106.482523,17.988516],[106.490414,17.963893],[106.511067,17.960024],[106.504703,17.953309],[106.515479,17.941674],[106.501066,17.922924],[106.482453,17.919806],[106.457049,17.876826],[106.433026,17.876331],[106.425032,17.892461],[106.408147,17.889595],[106.416513,17.888352],[106.423851,17.891193],[106.432017,17.87588],[106.453562,17.874997],[106.444127,17.844846],[106.449347,17.80391],[106.489971,17.705813],[106.459177,17.713099],[106.441536,17.715005],[106.43381,17.739061],[106.427552,17.744477],[106.347183,17.768676],[106.321154,17.771434],[106.300609,17.762307],[106.294714,17.778743],[106.28068,17.788492],[106.271051,17.788571],[106.260187,17.781605],[106.25312,17.782713],[106.223875,17.803003],[106.182045,17.81629],[106.20997,17.802268],[106.226581,17.799263],[106.251421,17.780187],[106.262354,17.77965],[106.271971,17.787015],[106.2803,17.785778],[106.29897,17.759729],[106.325918,17.763049],[106.37904,17.742497],[106.40323,17.745469],[106.430527,17.731366],[106.433203,17.7217],[106.41582,17.729835],[106.403225,17.730265],[106.38931,17.72183],[106.377831,17.709401],[106.38839,17.714246],[106.392212,17.697675],[106.403098,17.68763],[106.388108,17.676453],[106.391142,17.659687],[106.375925,17.644421],[106.380607,17.634998],[106.318733,17.616583],[106.344886,17.619187],[106.381056,17.632867],[106.381961,17.63782],[106.378188,17.645322],[106.386432,17.648695],[106.39205,17.658667],[106.392477,17.67741],[106.404384,17.681959],[106.402408,17.692115],[106.391782,17.706725],[106.399023,17.717862],[106.424354,17.723183],[106.45188,17.707392],[106.495629,17.703247],[106.511957,17.663003],[106.547997,17.618912],[106.582842,17.556799],[106.570869,17.545011],[106.584424,17.552584],[106.626776,17.494247],[106.624711,17.471415],[106.646249,17.410038],[106.623706,17.381536],[106.627243,17.358935],[106.641471,17.338586],[106.624926,17.324066],[106.633312,17.325111],[106.641873,17.329832],[106.641833,17.347581],[106.653802,17.344896],[106.673177,17.35151],[106.693038,17.342334],[106.699688,17.325412],[106.727952,17.293916],[106.726356,17.300943],[106.712995,17.321042],[106.702778,17.323107],[106.698163,17.339687],[106.69477,17.344294],[106.672385,17.353446],[106.650053,17.347137],[106.629854,17.359903],[106.630737,17.382409],[106.652145,17.405597],[106.629661,17.472707],[106.632936,17.484703],[106.687543,17.41425],[106.80914,17.299014],[107.021424,17.142327],[107.112334,17.086508]],[[108.039283,21.539726],[108.037253,21.544494],[108.048027,21.537762],[108.039283,21.539726]],[[108.04276,21.515093],[108.045689,21.514575],[108.041468,21.513258],[108.04276,21.515093]],[[108.025017,21.512312],[108.030789,21.511207],[108.02312,21.512137],[108.025017,21.512312]],[[108.045645,21.512312],[108.056616,21.510473],[108.049204,21.508702],[108.045645,21.512312]],[[108.068041,21.481371],[108.067984,21.480807],[108.064771,21.483407],[108.068041,21.481371]],[[107.943595,21.424029],[107.941165,21.416981],[107.911532,21.418901],[107.914593,21.440585],[107.943595,21.424029]],[[107.901043,21.414721],[107.899838,21.414501],[107.899886,21.41828],[107.901043,21.414721]],[[107.951803,21.440369],[107.951495,21.438617],[107.949989,21.44006],[107.951803,21.440369]],[[107.900316,21.51409],[107.899799,21.510687],[107.895702,21.515685],[107.900316,21.51409]],[[108.005947,21.396326],[107.999968,21.389591],[107.969029,21.37979],[107.944465,21.355219],[107.926497,21.362414],[107.882298,21.35839],[107.845178,21.338419],[107.840573,21.346736],[107.849509,21.358293],[107.857978,21.352854],[107.854251,21.360574],[107.861436,21.367378],[107.827765,21.3645],[107.863297,21.381092],[107.904704,21.381215],[108.005947,21.396326]],[[107.731569,21.301813],[107.729844,21.311384],[107.703771,21.301437],[107.794518,21.351088],[107.814454,21.358587],[107.82359,21.353308],[107.731569,21.301813]],[[107.805109,21.317198],[107.806293,21.315927],[107.805044,21.31536],[107.805109,21.317198]],[[107.811902,21.316434],[107.81472,21.315432],[107.814637,21.315218],[107.811902,21.316434]],[[107.701118,21.300584],[107.699158,21.293544],[107.652084,21.265872],[107.672491,21.2798],[107.667895,21.285058],[107.673719,21.291436],[107.701118,21.300584]],[[107.796289,21.295205],[107.750517,21.285256],[107.766791,21.296848],[107.796289,21.295205]],[[107.704077,21.279588],[107.707334,21.279265],[107.702837,21.275671],[107.704077,21.279588]],[[107.695627,21.270525],[107.691596,21.265686],[107.680772,21.264578],[107.695627,21.270525]],[[107.585909,21.263508],[107.559257,21.253154],[107.55081,21.255157],[107.555534,21.260579],[107.533044,21.259829],[107.568392,21.27749],[107.585909,21.263508]],[[107.643197,21.260126],[107.627182,21.250223],[107.641685,21.253855],[107.615098,21.233717],[107.605117,21.236794],[107.610309,21.241867],[107.591583,21.236588],[107.619905,21.254657],[107.643197,21.260126]],[[107.678622,21.261203],[107.680016,21.260389],[107.674725,21.256379],[107.678622,21.261203]],[[107.981553,21.241815],[107.977806,21.229888],[107.947256,21.235596],[107.956297,21.247762],[107.981553,21.241815]],[[107.686786,21.219947],[107.681122,21.220136],[107.6916,21.233499],[107.686786,21.219947]],[[107.527426,21.223228],[107.535864,21.205743],[107.530655,21.199369],[107.540265,21.198515],[107.536931,21.191999],[107.569271,21.199615],[107.597003,21.219104],[107.611555,21.217868],[107.593381,21.188529],[107.543327,21.14181],[107.536766,21.148016],[107.538513,21.157548],[107.534012,21.157299],[107.524448,21.148835],[107.538333,21.141051],[107.509215,21.122398],[107.504505,21.129331],[107.506701,21.12149],[107.466259,21.083838],[107.452721,21.091357],[107.414407,21.053196],[107.383228,21.039986],[107.381503,21.066035],[107.371626,21.063395],[107.367621,21.075861],[107.380438,21.078436],[107.394845,21.092396],[107.381036,21.091112],[107.396588,21.103678],[107.416653,21.132966],[107.416227,21.14856],[107.429216,21.151987],[107.415194,21.152199],[107.414344,21.184036],[107.43144,21.195683],[107.443659,21.168684],[107.440076,21.190121],[107.435626,21.198121],[107.441479,21.208898],[107.442877,21.19147],[107.444343,21.202143],[107.471922,21.185421],[107.472259,21.192659],[107.453267,21.197897],[107.444546,21.213215],[107.447813,21.223448],[107.45183,21.217285],[107.45593,21.273828],[107.473953,21.271989],[107.527426,21.223228]],[[107.566486,21.205995],[107.573938,21.21119],[107.587988,21.216468],[107.576892,21.208232],[107.566486,21.205995]],[[107.681996,21.214983],[107.664528,21.162471],[107.665658,21.144262],[107.656585,21.13709],[107.657414,21.173995],[107.681996,21.214983]],[[108.011749,21.20731],[108.015639,21.205205],[108.011741,21.200344],[108.011749,21.20731]],[[108.009274,21.190949],[108.015217,21.196335],[108.022334,21.191433],[108.019553,21.188156],[108.009274,21.190949]],[[107.852345,21.154331],[107.861978,21.164872],[107.868082,21.167256],[107.867617,21.160772],[107.852345,21.154331]],[[107.841568,21.147404],[107.845217,21.148702],[107.844208,21.146147],[107.841568,21.147404]],[[107.870762,21.145861],[107.869718,21.138671],[107.865644,21.142176],[107.870762,21.145861]],[[107.852886,21.134892],[107.849061,21.133476],[107.845246,21.137548],[107.852886,21.134892]],[[107.798344,21.130465],[107.795034,21.13092],[107.795484,21.133767],[107.798344,21.130465]],[[107.858871,21.131777],[107.860978,21.129923],[107.860834,21.127144],[107.859419,21.128418],[107.858871,21.131777]],[[107.607882,21.117706],[107.60358,21.119452],[107.60757,21.127408],[107.607882,21.117706]],[[107.631062,21.125542],[107.577245,20.979257],[107.563373,20.96977],[107.563987,20.983139],[107.573889,20.988693],[107.565914,21.000452],[107.585699,21.032727],[107.587613,21.071659],[107.631062,21.125542]],[[107.819185,21.11577],[107.820389,21.109225],[107.80226,21.103076],[107.801721,21.105633],[107.819185,21.11577]],[[107.827039,21.102313],[107.823339,21.101442],[107.823287,21.101821],[107.827039,21.102313]],[[107.768979,21.069522],[107.772419,21.075351],[107.775078,21.076044],[107.775077,21.067628],[107.768979,21.069522]],[[107.862978,21.061007],[107.866993,21.055692],[107.861354,21.052234],[107.860676,21.053738],[107.862978,21.061007]],[[107.853119,21.050184],[107.850069,21.050276],[107.851604,21.05251],[107.853119,21.050184]],[[107.778856,21.050188],[107.78392,21.036965],[107.762447,21.033375],[107.763407,21.043768],[107.778856,21.050188]],[[107.85454,21.04637],[107.863243,21.023854],[107.844881,21.019041],[107.832437,21.004904],[107.835402,20.997838],[107.821426,20.99442],[107.82213,20.982836],[107.804781,20.976817],[107.812302,21.016356],[107.837266,21.044613],[107.846114,21.038587],[107.85454,21.04637]],[[107.792186,20.973666],[107.784006,20.973503],[107.784087,20.978719],[107.792186,20.973666]],[[107.78056,20.969159],[107.737441,20.943032],[107.762588,20.968781],[107.755925,20.981855],[107.734666,20.992553],[107.73875,20.998737],[107.730925,21.004685],[107.743464,21.022283],[107.759891,21.016129],[107.787478,20.9887],[107.780172,20.980506],[107.779899,20.989058],[107.766713,20.992432],[107.78056,20.969159]],[[107.561842,20.933654],[107.521453,20.900477],[107.519047,20.883443],[107.497574,20.86842],[107.482414,20.821224],[107.469832,20.813735],[107.489112,20.864339],[107.475188,20.8871],[107.51107,20.889251],[107.520975,20.918939],[107.529441,20.924904],[107.530911,20.917045],[107.556243,20.968989],[107.551274,20.945195],[107.561842,20.933654]],[[107.383419,20.82945],[107.384586,20.794364],[107.366966,20.806419],[107.343735,20.803864],[107.333178,20.853304],[107.346745,20.852041],[107.348371,20.832169],[107.357967,20.848982],[107.36489,20.826451],[107.370489,20.833699],[107.371974,20.825372],[107.383419,20.82945]],[[107.39884,20.801191],[107.405926,20.809177],[107.422808,20.798353],[107.410199,20.767535],[107.400076,20.7782],[107.39884,20.801191]],[[107.480148,20.801662],[107.480553,20.803088],[107.482575,20.801137],[107.480148,20.801662]],[[107.42968,20.793225],[107.434891,20.787765],[107.434551,20.786951],[107.430792,20.78661],[107.42968,20.793225]],[[107.493475,20.77759],[107.48886,20.763252],[107.473999,20.758543],[107.473771,20.765795],[107.493475,20.77759]],[[107.400811,20.757387],[107.39919,20.750768],[107.385382,20.74507],[107.392486,20.758312],[107.400811,20.757387]],[[107.150893,20.74027],[107.158558,20.7368],[107.146779,20.7411],[107.150893,20.74027]],[[107.157534,20.744067],[107.160674,20.741052],[107.158509,20.739518],[107.157534,20.744067]],[[107.47213,20.741461],[107.458597,20.717237],[107.44537,20.717712],[107.448118,20.724036],[107.47213,20.741461]],[[107.06661,20.714067],[107.068208,20.710106],[107.063195,20.71282],[107.06661,20.714067]],[[107.053921,20.710338],[107.043476,20.711268],[107.051134,20.719858],[107.040712,20.722327],[107.040033,20.731115],[107.037745,20.725817],[107.031281,20.73054],[107.034782,20.71991],[107.014521,20.728858],[107.038972,20.738529],[107.01195,20.737515],[107.000204,20.750348],[106.998985,20.727254],[106.99527,20.742934],[106.988361,20.736806],[106.982128,20.749852],[106.965493,20.758894],[106.975034,20.763496],[106.951118,20.79245],[106.917283,20.798944],[106.912617,20.817876],[106.931754,20.829015],[106.921049,20.826671],[106.911771,20.81933],[106.904983,20.826702],[106.933892,20.854746],[106.949394,20.839705],[106.950979,20.847469],[106.948399,20.844075],[106.942473,20.849021],[106.94734,20.847135],[106.951977,20.855186],[106.943052,20.86178],[106.952023,20.868133],[106.94742,20.879993],[106.955951,20.873483],[106.954876,20.856899],[106.981711,20.857633],[106.980487,20.845727],[106.985592,20.857765],[106.995524,20.855609],[106.99062,20.860615],[107.003919,20.860192],[107.009199,20.847702],[107.008248,20.861169],[107.037161,20.86045],[107.047065,20.847717],[107.047004,20.815221],[107.052828,20.812661],[107.047828,20.834073],[107.060336,20.833378],[107.059246,20.820133],[107.069725,20.817137],[107.064751,20.812197],[107.069952,20.811711],[107.07654,20.824164],[107.10649,20.803164],[107.108654,20.786599],[107.107391,20.794267],[107.089052,20.798835],[107.089882,20.805496],[107.081147,20.802659],[107.102064,20.781],[107.085202,20.777144],[107.086446,20.788348],[107.07729,20.788737],[107.080659,20.779403],[107.064332,20.802673],[107.064378,20.815219],[107.052221,20.817365],[107.054847,20.813635],[107.059078,20.813718],[107.054828,20.809919],[107.075333,20.785245],[107.064492,20.77988],[107.072932,20.782215],[107.075538,20.779507],[107.065235,20.773507],[107.067576,20.780026],[107.049763,20.778659],[107.042843,20.771938],[107.053864,20.767051],[107.056502,20.770252],[107.057786,20.766217],[107.049723,20.765235],[107.049423,20.761936],[107.04247,20.764832],[107.049982,20.754519],[107.073769,20.743999],[107.070958,20.723363],[107.060475,20.73599],[107.053921,20.710338]],[[107.042613,20.707755],[107.043451,20.702647],[107.036501,20.70663],[107.042613,20.707755]],[[107.04443,20.707028],[107.045121,20.707634],[107.047325,20.706566],[107.04443,20.707028]],[[107.076867,20.704348],[107.075053,20.700364],[107.072734,20.70089],[107.076867,20.704348]],[[107.046303,20.698471],[107.045092,20.701078],[107.045865,20.70173],[107.046303,20.698471]],[[107.045704,20.703493],[107.045963,20.70272],[107.044976,20.702933],[107.045704,20.703493]],[[107.016367,20.709631],[107.017262,20.718159],[107.029074,20.709421],[107.016367,20.709631]],[[107.011461,20.718376],[107.007432,20.725446],[107.010472,20.725465],[107.011461,20.718376]],[[107.029118,20.720767],[107.031749,20.718852],[107.030371,20.717118],[107.029118,20.720767]],[[106.918611,20.774722],[106.907222,20.786944],[106.9075,20.795555],[106.910556,20.792222],[106.918611,20.774722]],[[106.851395,20.790396],[106.842222,20.815555],[106.870556,20.831944],[106.905,20.802222],[106.851395,20.790396]],[[106.867647,20.831227],[106.84199,20.818974],[106.832072,20.82769],[106.831694,20.846955],[106.817743,20.854361],[106.821843,20.865397],[106.796331,20.880962],[106.794685,20.890222],[106.785973,20.895225],[106.786582,20.911784],[106.77673,20.931501],[106.804413,20.932395],[106.846633,20.901394],[106.844919,20.882426],[106.864213,20.856506],[106.867647,20.831227]],[[106.784167,20.840556],[106.768611,20.850833],[106.757222,20.875278],[106.773889,20.906944],[106.785556,20.905],[106.784444,20.895],[106.793889,20.881111],[106.82,20.864444],[106.816667,20.8525],[106.830556,20.844444],[106.795278,20.848889],[106.784167,20.840556]],[[106.749825,20.877498],[106.760225,20.849542],[106.705532,20.880464],[106.715556,20.886111],[106.72308,20.878654],[106.73293,20.885266],[106.738611,20.874167],[106.749825,20.877498]],[[106.779722,20.917969],[106.784722,20.9125],[106.784444,20.907778],[106.774722,20.911111],[106.779722,20.917969]],[[106.878055,20.871111],[106.882778,20.869167],[106.88,20.865833],[106.878055,20.871111]],[[106.8875,20.874722],[106.894444,20.870556],[106.898056,20.844722],[106.877222,20.849722],[106.8875,20.874722]],[[106.928333,20.869722],[106.935435,20.879039],[106.938889,20.879167],[106.935,20.870278],[106.928333,20.869722]],[[106.947878,20.870287],[106.944167,20.866441],[106.940241,20.870152],[106.947878,20.870287]],[[106.914167,20.856111],[106.920833,20.86],[106.908611,20.839444],[106.914167,20.856111]],[[106.946166,20.855813],[106.946095,20.857905],[106.947522,20.855409],[106.946166,20.855813]],[[106.947451,20.851833],[106.949307,20.85109],[106.947379,20.850146],[106.947451,20.851833]],[[106.960421,20.880034],[106.966646,20.880608],[106.967265,20.8756],[106.96613,20.875308],[106.960421,20.880034]],[[106.968278,20.881209],[106.970617,20.879508],[106.968141,20.879356],[106.968278,20.881209]],[[106.972131,20.873893],[106.968588,20.876819],[106.971409,20.877047],[106.972131,20.873893]],[[106.94977,20.884059],[106.955067,20.886172],[106.95407,20.891603],[106.961087,20.885587],[106.94977,20.884059]],[[106.952834,20.887668],[106.948117,20.887442],[106.95198,20.889555],[106.952834,20.887668]],[[106.964733,20.895316],[106.966177,20.895999],[106.967003,20.884228],[106.964733,20.895316]],[[107.012169,20.901756],[107.014827,20.902167],[107.015808,20.895567],[107.012169,20.901756]],[[106.966969,20.902011],[106.970787,20.903734],[106.972851,20.902173],[106.966969,20.902011]],[[106.900278,20.903056],[106.896111,20.914167],[106.899722,20.908889],[106.922204,20.922905],[106.901389,20.915555],[106.887778,20.922778],[106.887018,20.930455],[106.890833,20.9225],[106.898333,20.936389],[106.885976,20.93403],[106.891944,20.953056],[106.914444,20.949167],[106.929167,20.936111],[106.922222,20.929167],[106.93,20.931667],[106.928056,20.916667],[106.951895,20.918991],[106.949444,20.906389],[106.900278,20.903056]],[[106.885278,20.926389],[106.883055,20.926667],[106.884444,20.928889],[106.885278,20.926389]],[[106.907534,20.954133],[106.890434,20.969624],[106.917222,20.9625],[106.918333,20.953889],[106.907534,20.954133]],[[106.875,20.970833],[106.87581,20.972557],[106.881111,20.967222],[106.875,20.970833]],[[106.878611,20.974444],[106.872222,20.978889],[106.882222,20.975556],[106.878611,20.974444]],[[106.883412,20.97509],[106.888333,20.97],[106.882357,20.966858],[106.883412,20.97509]],[[106.921389,20.957778],[106.922222,20.959722],[106.924152,20.95534],[106.921389,20.957778]],[[106.926944,20.954444],[106.951667,20.938889],[106.941111,20.933333],[106.928333,20.940833],[106.926944,20.954444]],[[106.941944,20.948056],[106.956944,20.949167],[106.96,20.944444],[106.951944,20.942222],[106.941944,20.948056]],[[107.094342,20.945567],[107.097612,20.940714],[107.095276,20.943325],[107.094342,20.945567]],[[107.083317,20.945888],[107.084215,20.947589],[107.085588,20.946833],[107.083317,20.945888]],[[107.099181,20.94002],[107.099199,20.941093],[107.099888,20.938764],[107.099181,20.94002]],[[107.084746,20.937614],[107.084562,20.94285],[107.0869,20.942423],[107.084746,20.937614]],[[107.10151,20.938179],[107.101663,20.935977],[107.100924,20.935631],[107.10151,20.938179]],[[107.111505,20.936898],[107.113163,20.935224],[107.110857,20.935864],[107.111505,20.936898]],[[107.095909,20.929995],[107.098608,20.93551],[107.10027,20.934034],[107.095909,20.929995]],[[107.138988,20.927969],[107.128526,20.927204],[107.133409,20.931198],[107.138988,20.927969]],[[106.988055,20.918333],[106.973056,20.935833],[106.993611,20.938333],[106.988055,20.918333]],[[107.129409,20.925939],[107.130003,20.923357],[107.125703,20.922925],[107.129409,20.925939]],[[107.146165,20.92482],[107.14832,20.920483],[107.146906,20.920867],[107.146165,20.92482]],[[107.165592,20.923313],[107.16597,20.923254],[107.166479,20.919525],[107.165592,20.923313]],[[107.180429,20.92447],[107.183247,20.923663],[107.182847,20.921962],[107.180429,20.92447]],[[107.311127,20.924526],[107.320162,20.927984],[107.349223,20.914296],[107.340712,20.913196],[107.311127,20.924526]],[[107.187598,20.925081],[107.187284,20.926012],[107.188415,20.926277],[107.187598,20.925081]],[[107.282543,20.927379],[107.28089,20.92904],[107.282669,20.92887],[107.282543,20.927379]],[[107.311491,20.93398],[107.313088,20.942765],[107.336568,20.944668],[107.34564,20.936963],[107.38535,20.966213],[107.383934,20.957677],[107.391367,20.962001],[107.362037,20.92888],[107.311491,20.93398]],[[107.201633,20.93309],[107.201133,20.934247],[107.202059,20.934684],[107.201633,20.93309]],[[107.289007,20.935989],[107.284063,20.94215],[107.290087,20.939123],[107.290367,20.946395],[107.298545,20.939311],[107.289007,20.935989]],[[107.277914,20.935963],[107.273864,20.937321],[107.271057,20.943233],[107.277914,20.935963]],[[107.265456,20.945421],[107.262691,20.946634],[107.264658,20.948165],[107.265456,20.945421]],[[107.268913,20.950698],[107.270733,20.950278],[107.269241,20.94744],[107.268913,20.950698]],[[107.255857,20.950435],[107.26044,20.951978],[107.262794,20.9499],[107.257835,20.949746],[107.255857,20.950435]],[[107.242979,20.949536],[107.241566,20.952891],[107.250558,20.954455],[107.242979,20.949536]],[[107.233839,20.952189],[107.235524,20.951648],[107.233075,20.951001],[107.233839,20.952189]],[[107.219787,20.951759],[107.218684,20.952414],[107.219078,20.954057],[107.219787,20.951759]],[[107.232862,20.954291],[107.233041,20.955107],[107.234328,20.954436],[107.232862,20.954291]],[[107.235762,20.956798],[107.237609,20.955945],[107.237272,20.954352],[107.235762,20.956798]],[[107.232097,20.956068],[107.231272,20.957337],[107.231531,20.957676],[107.232097,20.956068]],[[107.291934,20.958548],[107.281583,20.955336],[107.284996,20.957545],[107.291934,20.958548]],[[107.292501,20.956871],[107.292572,20.959304],[107.295174,20.956402],[107.292501,20.956871]],[[107.298852,20.962466],[107.306193,20.970759],[107.315942,20.960803],[107.298852,20.962466]],[[107.238405,20.960429],[107.237234,20.959857],[107.236588,20.961312],[107.238405,20.960429]],[[107.228266,20.964682],[107.231685,20.96991],[107.235413,20.967191],[107.228266,20.964682]],[[107.225376,20.964285],[107.224384,20.965415],[107.22532,20.96565],[107.225376,20.964285]],[[107.221132,20.96668],[107.22059,20.966242],[107.220071,20.967406],[107.221132,20.96668]],[[107.226563,20.967913],[107.226563,20.974856],[107.231178,20.974231],[107.232819,20.972159],[107.226563,20.967913]],[[107.233025,20.974651],[107.2319,20.976385],[107.234933,20.974482],[107.233025,20.974651]],[[107.261676,20.97652],[107.262339,20.975321],[107.262051,20.975179],[107.261676,20.97652]],[[107.266121,20.977469],[107.265245,20.982674],[107.27509,20.975857],[107.266121,20.977469]],[[107.247686,20.979602],[107.247524,20.978985],[107.245942,20.980613],[107.247686,20.979602]],[[107.249263,20.981613],[107.246177,20.986293],[107.254745,20.984906],[107.249263,20.981613]],[[107.252766,20.987781],[107.253001,20.989711],[107.254666,20.986187],[107.252766,20.987781]],[[107.246829,20.98794],[107.244158,20.99037],[107.246593,20.98978],[107.246829,20.98794]],[[107.25529,20.991696],[107.256774,20.991088],[107.254741,20.990349],[107.25529,20.991696]],[[107.292142,20.991313],[107.302629,20.995881],[107.302313,20.991127],[107.288174,20.981619],[107.28185,20.990672],[107.297716,20.988812],[107.292142,20.991313]],[[107.350032,20.997001],[107.355283,20.994293],[107.348414,20.990253],[107.350032,20.997001]],[[107.36122,20.997458],[107.363626,20.997369],[107.364051,20.994308],[107.36122,20.997458]],[[107.366908,20.999744],[107.368336,20.999436],[107.366176,20.997368],[107.366908,20.999744]],[[107.394044,20.998772],[107.394509,20.996748],[107.389447,20.997994],[107.394044,20.998772]],[[107.403112,20.999786],[107.403872,21.00035],[107.404452,20.999526],[107.403112,20.999786]],[[107.364095,21.000158],[107.366924,21.00177],[107.367093,21.000875],[107.364095,21.000158]],[[107.379507,21.007218],[107.388058,21.008202],[107.382739,21.001295],[107.379507,21.007218]],[[107.404659,21.012353],[107.407991,21.011078],[107.405885,21.008806],[107.404659,21.012353]],[[107.420062,21.013711],[107.424909,21.012315],[107.422071,21.010329],[107.420062,21.013711]],[[107.407534,21.013291],[107.405742,21.013922],[107.409018,21.014883],[107.407534,21.013291]],[[107.434679,21.014659],[107.444133,21.02756],[107.446535,21.02032],[107.451856,21.025859],[107.456198,21.02066],[107.442168,21.01218],[107.447782,21.00395],[107.434679,21.014659]],[[107.427787,21.019294],[107.427125,21.022535],[107.431964,21.027129],[107.42853,21.022551],[107.427787,21.019294]],[[107.412098,21.019347],[107.4111,21.021569],[107.41252,21.020406],[107.412098,21.019347]],[[107.422957,21.021879],[107.423962,21.023896],[107.424501,21.022072],[107.422957,21.021879]],[[107.41586,21.022884],[107.413856,21.022572],[107.415404,21.024037],[107.41586,21.022884]],[[107.406173,21.02824],[107.411006,21.031673],[107.411898,21.02966],[107.406173,21.02824]],[[107.416726,21.030657],[107.419137,21.032503],[107.418998,21.029181],[107.416726,21.030657]],[[107.403244,21.032171],[107.402656,21.034547],[107.406188,21.033723],[107.403244,21.032171]],[[107.37528,21.033461],[107.37098,21.036955],[107.375333,21.054952],[107.379121,21.05088],[107.37528,21.033461]],[[107.410283,21.040851],[107.411448,21.041296],[107.410133,21.03945],[107.410283,21.040851]],[[107.493654,21.04131],[107.524025,21.064351],[107.522416,21.0733],[107.532154,21.071512],[107.525972,21.090269],[107.544455,21.099149],[107.548472,21.115733],[107.557461,21.118842],[107.563891,21.111918],[107.583205,21.12476],[107.570326,21.083045],[107.537372,21.064432],[107.522768,21.044197],[107.496842,21.033877],[107.493654,21.04131]],[[107.419232,21.043615],[107.420295,21.044407],[107.42086,21.042904],[107.419232,21.043615]],[[107.439565,21.043117],[107.439107,21.049344],[107.445093,21.04947],[107.44624,21.046907],[107.439565,21.043117]],[[107.421772,21.045822],[107.423926,21.048737],[107.42487,21.048121],[107.421772,21.045822]],[[107.417713,21.048637],[107.419163,21.046446],[107.415585,21.048661],[107.417713,21.048637]],[[107.436443,21.048591],[107.437895,21.048133],[107.436415,21.046141],[107.436443,21.048591]],[[107.42603,21.048924],[107.424939,21.049865],[107.42608,21.050913],[107.42603,21.048924]],[[107.443458,21.052282],[107.445438,21.054215],[107.446727,21.050481],[107.443458,21.052282]],[[107.442376,21.052141],[107.440687,21.055241],[107.442415,21.055207],[107.442376,21.052141]],[[107.423024,21.052307],[107.421824,21.052963],[107.42393,21.054078],[107.423024,21.052307]],[[107.437649,21.057583],[107.43874,21.056818],[107.436048,21.053445],[107.437649,21.057583]],[[107.429816,21.055542],[107.427507,21.055726],[107.428794,21.056708],[107.429816,21.055542]],[[107.425302,21.057669],[107.424999,21.060635],[107.426547,21.060111],[107.425302,21.057669]],[[107.428118,21.059888],[107.431069,21.064563],[107.430668,21.061217],[107.428118,21.059888]],[[107.440844,21.064228],[107.446252,21.070313],[107.450098,21.063102],[107.447132,21.061675],[107.440844,21.064228]],[[107.497049,21.07235],[107.515139,21.072778],[107.514777,21.069096],[107.497049,21.07235]],[[107.457642,21.071323],[107.456995,21.070328],[107.455711,21.071069],[107.457642,21.071323]],[[107.450602,21.07044],[107.451344,21.074029],[107.453148,21.073456],[107.450602,21.07044]],[[107.440326,21.070959],[107.436802,21.071511],[107.438455,21.072299],[107.440326,21.070959]],[[107.514621,21.061308],[107.506146,21.065722],[107.512181,21.065914],[107.514621,21.061308]],[[107.509794,21.060374],[107.50708,21.059579],[107.507132,21.060972],[107.509794,21.060374]],[[107.505421,21.057579],[107.499359,21.05873],[107.503561,21.059258],[107.505421,21.057579]],[[107.497432,21.054719],[107.491046,21.05582],[107.493232,21.055566],[107.497432,21.054719]],[[107.471488,21.055647],[107.470206,21.054984],[107.468731,21.056949],[107.471488,21.055647]],[[107.461457,21.05589],[107.45896,21.056915],[107.462765,21.058473],[107.461457,21.05589]],[[107.432363,21.059808],[107.434111,21.060231],[107.434153,21.059225],[107.432363,21.059808]],[[107.465695,21.059936],[107.466612,21.06092],[107.465399,21.058146],[107.465695,21.059936]],[[107.489187,21.062305],[107.487503,21.062602],[107.491456,21.066719],[107.489187,21.062305]],[[107.475182,21.065511],[107.474658,21.065059],[107.475403,21.0677],[107.475182,21.065511]],[[107.458837,21.053921],[107.460428,21.05356],[107.459833,21.052856],[107.458837,21.053921]],[[107.469229,21.053901],[107.472304,21.052103],[107.469106,21.050932],[107.469229,21.053901]],[[107.481796,21.045317],[107.483279,21.045992],[107.482377,21.044217],[107.481796,21.045317]],[[107.455525,21.075953],[107.454787,21.075767],[107.454782,21.078056],[107.455525,21.075953]],[[107.499448,21.078724],[107.500003,21.077664],[107.498079,21.077264],[107.499448,21.078724]],[[107.481163,21.080822],[107.480044,21.079597],[107.480709,21.082418],[107.481163,21.080822]],[[107.50905,21.082013],[107.50961,21.082683],[107.510182,21.08163],[107.50905,21.082013]],[[107.49062,21.089644],[107.495631,21.088607],[107.491351,21.083328],[107.49062,21.089644]],[[107.513454,21.087278],[107.515336,21.088558],[107.516885,21.086194],[107.513454,21.087278]],[[107.498984,21.09301],[107.502664,21.09476],[107.503089,21.09375],[107.498984,21.09301]],[[107.538317,21.105768],[107.537309,21.110412],[107.537748,21.109987],[107.538317,21.105768]],[[107.518506,21.111552],[107.520033,21.112297],[107.520603,21.111567],[107.518506,21.111552]],[[107.545504,21.110084],[107.544648,21.108797],[107.544103,21.109197],[107.545504,21.110084]],[[107.541023,21.115827],[107.542331,21.117002],[107.543389,21.116555],[107.541023,21.115827]],[[107.526374,21.114468],[107.524219,21.115368],[107.525816,21.116025],[107.526374,21.114468]],[[107.557117,21.120223],[107.560502,21.133789],[107.5803,21.140277],[107.577861,21.12681],[107.557117,21.120223]],[[107.650373,21.142151],[107.643696,21.132295],[107.642465,21.134113],[107.650373,21.142151]],[[107.582923,21.14163],[107.580921,21.148744],[107.590133,21.155938],[107.590014,21.151598],[107.582923,21.14163]],[[107.616601,21.131832],[107.615529,21.131236],[107.616052,21.134273],[107.616601,21.131832]],[[107.591266,21.130521],[107.588029,21.128881],[107.589059,21.131321],[107.591266,21.130521]],[[107.793113,21.130667],[107.794549,21.129689],[107.792874,21.128718],[107.793113,21.130667]],[[107.801239,21.130452],[107.803225,21.127953],[107.799719,21.128381],[107.801239,21.130452]],[[107.617943,21.120692],[107.620136,21.122981],[107.619437,21.119838],[107.617943,21.120692]],[[107.615311,21.112321],[107.614588,21.110966],[107.613135,21.111304],[107.615311,21.112321]],[[107.59784,21.108544],[107.597659,21.111836],[107.599981,21.112414],[107.59784,21.108544]],[[107.587472,21.101426],[107.585212,21.085354],[107.572323,21.074799],[107.571852,21.080548],[107.587472,21.101426]],[[107.572083,21.073222],[107.57237,21.070405],[107.57119,21.071555],[107.572083,21.073222]],[[107.558253,21.070292],[107.560146,21.049977],[107.548342,21.053458],[107.558253,21.070292]],[[107.570889,21.06974],[107.575799,21.062577],[107.57096,21.063132],[107.570889,21.06974]],[[107.569082,21.064083],[107.56778,21.063486],[107.567702,21.065985],[107.569082,21.064083]],[[107.554029,21.047822],[107.553787,21.047502],[107.552707,21.049867],[107.554029,21.047822]],[[107.54014,21.053163],[107.537744,21.054127],[107.537983,21.057957],[107.54014,21.053163]],[[107.541175,21.059094],[107.542736,21.062096],[107.544933,21.057972],[107.541175,21.059094]],[[107.547598,21.063378],[107.547984,21.063304],[107.547811,21.060758],[107.547598,21.063378]],[[107.549897,21.06793],[107.549364,21.065685],[107.547297,21.067266],[107.549897,21.06793]],[[107.556905,21.045187],[107.560841,21.037038],[107.54547,21.018851],[107.542833,21.002638],[107.552276,20.995164],[107.551659,20.985363],[107.538869,20.977594],[107.517373,20.920691],[107.44923,20.906064],[107.448936,20.892358],[107.430524,20.8834],[107.41529,20.892704],[107.439702,20.908444],[107.417115,20.902726],[107.394084,20.890133],[107.394162,20.90146],[107.47465,20.945123],[107.49092,20.976094],[107.483052,20.973581],[107.477249,20.98576],[107.485992,20.983076],[107.510493,21.017412],[107.508786,21.001833],[107.519089,21.022773],[107.536279,21.041079],[107.541926,21.029617],[107.546358,21.043367],[107.543563,21.023179],[107.556905,21.045187]],[[107.563641,21.038971],[107.564531,21.041875],[107.565511,21.040082],[107.563641,21.038971]],[[107.562795,21.036696],[107.561597,21.03582],[107.561102,21.037707],[107.562795,21.036696]],[[107.550645,21.011806],[107.552991,21.009772],[107.551695,21.00899],[107.550645,21.011806]],[[107.513857,20.914296],[107.503591,20.892579],[107.476377,20.895251],[107.479187,20.899857],[107.513857,20.914296]],[[107.469813,20.888821],[107.463133,20.897824],[107.467977,20.897136],[107.469813,20.888821]],[[107.398312,20.878669],[107.395799,20.880582],[107.397219,20.883404],[107.398312,20.878669]],[[107.39505,20.872652],[107.387182,20.873282],[107.392088,20.863857],[107.353827,20.856355],[107.340765,20.881012],[107.337165,20.871264],[107.329257,20.875338],[107.328989,20.894176],[107.337662,20.896388],[107.349102,20.885627],[107.339138,20.899285],[107.34775,20.89969],[107.34684,20.893983],[107.352111,20.899419],[107.351039,20.889124],[107.374233,20.894485],[107.39505,20.872652]],[[107.462814,20.875275],[107.468127,20.862749],[107.45944,20.861817],[107.462814,20.875275]],[[107.414417,20.856372],[107.416398,20.850019],[107.41199,20.848349],[107.410156,20.850793],[107.414417,20.856372]],[[107.313571,20.853615],[107.310872,20.853856],[107.311102,20.855321],[107.313571,20.853615]],[[107.296238,20.853655],[107.293863,20.853172],[107.294145,20.854937],[107.296238,20.853655]],[[107.291116,20.854374],[107.286127,20.847976],[107.296685,20.845013],[107.288912,20.83679],[107.268742,20.834792],[107.273832,20.855904],[107.291116,20.854374]],[[107.289415,20.851704],[107.292436,20.851925],[107.288886,20.848425],[107.289415,20.851704]],[[107.299246,20.848355],[107.297417,20.846644],[107.296924,20.847659],[107.299246,20.848355]],[[107.325595,20.844961],[107.325156,20.843588],[107.32079,20.844994],[107.325595,20.844961]],[[107.331901,20.842716],[107.332271,20.840716],[107.329303,20.841131],[107.331901,20.842716]],[[107.307973,20.837433],[107.300798,20.836588],[107.300879,20.839268],[107.307973,20.837433]],[[107.311693,20.835614],[107.311835,20.834988],[107.309595,20.834907],[107.311693,20.835614]],[[107.328655,20.835597],[107.329141,20.833819],[107.327822,20.834101],[107.328655,20.835597]],[[107.301984,20.840556],[107.300297,20.841687],[107.302075,20.843506],[107.301984,20.840556]],[[107.308521,20.843526],[107.308955,20.845171],[107.311474,20.843097],[107.308521,20.843526]],[[107.255664,20.832322],[107.254029,20.839105],[107.263708,20.836794],[107.255664,20.832322]],[[107.220619,20.830816],[107.220074,20.832748],[107.224757,20.832973],[107.220619,20.830816]],[[107.274053,20.829286],[107.275909,20.819386],[107.273238,20.816152],[107.270468,20.825286],[107.274053,20.829286]],[[107.281955,20.828008],[107.280948,20.824752],[107.280434,20.825349],[107.281955,20.828008]],[[107.30918,20.833241],[107.313302,20.833415],[107.313083,20.82969],[107.30918,20.833241]],[[107.289678,20.831448],[107.289957,20.830732],[107.287444,20.831613],[107.289678,20.831448]],[[107.294766,20.825471],[107.294206,20.827046],[107.295713,20.826169],[107.294766,20.825471]],[[107.27731,20.823226],[107.277172,20.825801],[107.279028,20.826423],[107.27731,20.823226]],[[107.277546,20.827356],[107.277216,20.826997],[107.277253,20.828712],[107.277546,20.827356]],[[107.257213,20.816198],[107.257189,20.816522],[107.258129,20.817852],[107.257213,20.816198]],[[107.177524,20.80778],[107.172678,20.810472],[107.176517,20.817541],[107.177524,20.80778]],[[107.267128,20.81479],[107.269214,20.812776],[107.26782,20.81258],[107.267128,20.81479]],[[107.335613,20.811345],[107.334361,20.808671],[107.332114,20.809656],[107.335613,20.811345]],[[107.194809,20.808728],[107.193974,20.808142],[107.193624,20.809744],[107.194809,20.808728]],[[107.186402,20.80421],[107.183329,20.809931],[107.184373,20.810863],[107.186402,20.80421]],[[107.183673,20.801454],[107.181961,20.802046],[107.181807,20.804362],[107.183673,20.801454]],[[107.17581,20.802317],[107.17952,20.795349],[107.172077,20.793546],[107.174431,20.796136],[107.17581,20.802317]],[[107.183796,20.799587],[107.184353,20.797943],[107.181257,20.796142],[107.183796,20.799587]],[[107.202599,20.797738],[107.202477,20.794117],[107.201004,20.795367],[107.202599,20.797738]],[[107.135946,20.796463],[107.133484,20.787964],[107.143046,20.783934],[107.123683,20.768032],[107.113348,20.815915],[107.11837,20.810897],[107.124158,20.817858],[107.124073,20.807411],[107.135946,20.796463]],[[107.137202,20.788637],[107.137841,20.791149],[107.139113,20.78854],[107.137202,20.788637]],[[107.386471,20.789573],[107.385778,20.785261],[107.382812,20.788378],[107.386471,20.789573]],[[107.186903,20.785891],[107.188193,20.786784],[107.188321,20.786468],[107.186903,20.785891]],[[107.191663,20.788385],[107.192505,20.7876],[107.191828,20.786006],[107.191663,20.788385]],[[107.335851,20.790076],[107.336658,20.790567],[107.338005,20.787462],[107.335851,20.790076]],[[107.177799,20.778926],[107.175946,20.777242],[107.174965,20.778603],[107.177799,20.778926]],[[107.181167,20.777369],[107.188133,20.776698],[107.186779,20.77135],[107.182189,20.771671],[107.181167,20.777369]],[[107.195361,20.776871],[107.196557,20.775388],[107.195062,20.775617],[107.195361,20.776871]],[[107.146539,20.771492],[107.137128,20.746851],[107.146835,20.740108],[107.132984,20.737753],[107.12258,20.76341],[107.146539,20.771492]],[[107.155368,20.762694],[107.15474,20.759552],[107.153054,20.759507],[107.155368,20.762694]],[[107.190443,20.762306],[107.19315,20.761521],[107.190407,20.760711],[107.190443,20.762306]],[[107.150041,20.762179],[107.154151,20.752291],[107.153462,20.749246],[107.144834,20.752688],[107.150041,20.762179]],[[107.186447,20.756616],[107.187706,20.75695],[107.188581,20.755405],[107.186447,20.756616]],[[107.377975,20.753115],[107.379626,20.752338],[107.375746,20.747837],[107.377975,20.753115]],[[107.19289,20.745867],[107.191704,20.746872],[107.192716,20.748375],[107.19289,20.745867]],[[107.145631,20.746546],[107.143628,20.747959],[107.144655,20.749382],[107.145631,20.746546]],[[107.077629,20.738968],[107.074656,20.742188],[107.075563,20.743209],[107.077629,20.738968]],[[107.086275,20.744652],[107.072311,20.75199],[107.071308,20.758419],[107.078218,20.756232],[107.086275,20.744652]],[[107.056278,20.754648],[107.054332,20.760515],[107.062773,20.757782],[107.056278,20.754648]],[[107.051617,20.758522],[107.049926,20.758994],[107.051307,20.759847],[107.051617,20.758522]],[[107.057319,20.764271],[107.06113,20.763302],[107.059134,20.760597],[107.057319,20.764271]],[[107.051887,20.762574],[107.051196,20.762954],[107.052666,20.764847],[107.051887,20.762574]],[[107.07574,20.769014],[107.08157,20.767721],[107.075488,20.763969],[107.07574,20.769014]],[[107.061571,20.774212],[107.062289,20.774934],[107.065932,20.771263],[107.061571,20.774212]],[[107.061375,20.776814],[107.063603,20.775594],[107.061707,20.774939],[107.061375,20.776814]],[[107.068859,20.774452],[107.076374,20.774664],[107.076056,20.770012],[107.068859,20.774452]],[[107.101756,20.771919],[107.088361,20.76259],[107.079402,20.77557],[107.086406,20.773684],[107.085527,20.769656],[107.101756,20.771919]],[[107.104624,20.768029],[107.10528,20.771938],[107.106538,20.767774],[107.104624,20.768029]],[[107.081104,20.766054],[107.087835,20.761584],[107.090117,20.75736],[107.083488,20.758678],[107.081104,20.766054]],[[107.066057,20.759762],[107.060409,20.760534],[107.07115,20.76051],[107.066057,20.759762]],[[107.072119,20.76398],[107.074207,20.76243],[107.074038,20.761858],[107.072119,20.76398]],[[107.079696,20.764058],[107.080163,20.762037],[107.079602,20.761819],[107.079696,20.764058]],[[107.081119,20.760083],[107.081805,20.758434],[107.078081,20.75967],[107.081119,20.760083]],[[107.078299,20.773359],[107.077903,20.772693],[107.07638,20.773771],[107.078299,20.773359]],[[107.139082,20.773194],[107.138552,20.774138],[107.141166,20.774413],[107.139082,20.773194]],[[107.173371,20.776846],[107.175454,20.775588],[107.173929,20.773839],[107.173371,20.776846]],[[107.168847,20.775155],[107.173299,20.779693],[107.173913,20.778128],[107.168847,20.775155]],[[107.11024,20.806404],[107.109504,20.806959],[107.110353,20.807799],[107.11024,20.806404]],[[107.102807,20.811546],[107.103941,20.80813],[107.099572,20.811375],[107.102807,20.811546]],[[107.0956,20.817406],[107.093467,20.820195],[107.095398,20.820004],[107.0956,20.817406]],[[107.135909,20.820706],[107.136431,20.819591],[107.135685,20.819344],[107.135909,20.820706]],[[107.165432,20.819478],[107.173912,20.814411],[107.167204,20.810745],[107.174197,20.806898],[107.170626,20.800257],[107.169337,20.803641],[107.172478,20.806471],[107.165571,20.809556],[107.165432,20.819478]],[[107.17387,20.824549],[107.183372,20.820508],[107.181818,20.818555],[107.17387,20.824549]],[[107.124635,20.822632],[107.124474,20.823809],[107.128228,20.823369],[107.124635,20.822632]],[[107.103564,20.824519],[107.101154,20.826902],[107.108544,20.82553],[107.103564,20.824519]],[[107.070315,20.820906],[107.065072,20.824355],[107.07226,20.82817],[107.070315,20.820906]],[[107.065853,20.831473],[107.069316,20.829783],[107.068704,20.829219],[107.065853,20.831473]],[[107.086825,20.829259],[107.075688,20.834031],[107.073554,20.839111],[107.079763,20.839472],[107.086825,20.829259]],[[107.065309,20.836913],[107.065925,20.836323],[107.06337,20.836977],[107.065309,20.836913]],[[107.049341,20.838735],[107.049344,20.843794],[107.052228,20.840212],[107.049341,20.838735]],[[107.085408,20.845788],[107.09207,20.845151],[107.09224,20.863899],[107.098231,20.851209],[107.099014,20.862427],[107.101848,20.833431],[107.109768,20.835043],[107.111158,20.82852],[107.108582,20.825895],[107.094406,20.83447],[107.100851,20.838337],[107.096635,20.845271],[107.091553,20.835461],[107.085756,20.837796],[107.085408,20.845788]],[[107.079788,20.845899],[107.079998,20.844891],[107.07764,20.846463],[107.079788,20.845899]],[[107.049672,20.85022],[107.055286,20.854095],[107.045735,20.851421],[107.044704,20.858354],[107.055653,20.855172],[107.057649,20.847809],[107.049672,20.85022]],[[107.067781,20.856294],[107.063524,20.860259],[107.059001,20.877317],[107.061519,20.870112],[107.067969,20.872806],[107.067781,20.856294]],[[107.05186,20.862292],[107.054946,20.860277],[107.048488,20.862165],[107.05186,20.862292]],[[106.976387,20.862332],[106.956188,20.858075],[106.955617,20.864148],[106.961889,20.86372],[106.957739,20.872065],[106.964414,20.87016],[106.958746,20.877582],[106.976102,20.870699],[106.976387,20.862332]],[[106.984918,20.878351],[106.978004,20.887976],[106.995879,20.887717],[106.999413,20.893353],[106.998342,20.88674],[106.989562,20.887196],[106.985606,20.87902],[106.995456,20.877265],[106.996667,20.869167],[106.980324,20.870331],[106.984918,20.878351]],[[106.973111,20.874902],[106.973971,20.876365],[106.974452,20.875909],[106.973111,20.874902]],[[106.975794,20.877178],[106.977204,20.87747],[106.976688,20.875162],[106.975794,20.877178]],[[106.975209,20.888617],[106.971701,20.89382],[106.973111,20.89499],[106.974418,20.893625],[106.975209,20.888617]],[[107.006487,20.894757],[107.012679,20.883778],[107.009202,20.888686],[107.003606,20.878939],[107.002173,20.891021],[107.006487,20.894757]],[[107.017925,20.897801],[107.019724,20.89845],[107.019285,20.895416],[107.017925,20.897801]],[[107.017781,20.914368],[107.024429,20.904186],[107.023436,20.89877],[107.017781,20.914368]],[[107.010224,20.908065],[107.013041,20.907835],[107.013718,20.903916],[107.010224,20.908065]],[[107.108426,20.915516],[107.109771,20.923012],[107.111095,20.912694],[107.108426,20.915516]],[[107.09883,20.915917],[107.095526,20.916845],[107.095547,20.917969],[107.09883,20.915917]],[[107.100778,20.919519],[107.099738,20.919545],[107.098553,20.921732],[107.100778,20.919519]],[[107.093505,20.921193],[107.092277,20.920894],[107.092174,20.924003],[107.093505,20.921193]],[[107.088139,20.922591],[107.086042,20.921991],[107.085791,20.926704],[107.088139,20.922591]],[[107.121033,20.925117],[107.120802,20.923249],[107.120089,20.923846],[107.121033,20.925117]],[[107.158686,20.920113],[107.159277,20.918457],[107.155789,20.917725],[107.158686,20.920113]],[[107.306357,20.913353],[107.302988,20.911003],[107.300908,20.912972],[107.306357,20.913353]],[[107.306043,20.919882],[107.319644,20.901345],[107.322402,20.870983],[107.290496,20.906969],[107.308459,20.896811],[107.306043,20.919882]],[[107.370157,20.91718],[107.372134,20.913616],[107.362935,20.912961],[107.370157,20.91718]],[[107.406472,20.92023],[107.420125,20.948104],[107.454432,20.968375],[107.449035,20.946664],[107.420574,20.919684],[107.371647,20.902854],[107.3759,20.896448],[107.357129,20.901427],[107.359852,20.895295],[107.353287,20.901604],[107.344338,20.905559],[107.406472,20.92023]],[[107.399109,20.925414],[107.395968,20.924231],[107.395407,20.927121],[107.399109,20.925414]],[[107.394185,20.933365],[107.394036,20.933877],[107.39435,20.93421],[107.394185,20.933365]],[[107.386287,20.933959],[107.385247,20.933439],[107.385872,20.936118],[107.386287,20.933959]],[[107.398401,20.937208],[107.391449,20.942183],[107.379536,20.938485],[107.388812,20.950295],[107.398401,20.937208]],[[107.392842,20.948864],[107.392483,20.950084],[107.395314,20.948843],[107.392842,20.948864]],[[107.414137,20.949585],[107.415299,20.94796],[107.414587,20.948185],[107.414137,20.949585]],[[107.395247,20.950709],[107.391841,20.95125],[107.39237,20.95524],[107.395247,20.950709]],[[107.390084,20.953493],[107.38739,20.952864],[107.387904,20.954723],[107.390084,20.953493]],[[107.433617,20.962895],[107.428991,20.961254],[107.431664,20.965956],[107.433617,20.962895]],[[107.369506,20.965424],[107.368467,20.966007],[107.371297,20.969269],[107.369506,20.965424]],[[107.364675,20.964881],[107.364391,20.966275],[107.367501,20.966817],[107.364675,20.964881]],[[107.370578,20.965041],[107.371989,20.964446],[107.370089,20.962433],[107.370578,20.965041]],[[107.367947,20.96207],[107.366918,20.96184],[107.367165,20.963906],[107.367947,20.96207]],[[107.348548,20.964944],[107.348145,20.964871],[107.347505,20.96582],[107.348548,20.964944]],[[107.357364,20.969628],[107.357141,20.970016],[107.36031,20.971921],[107.357364,20.969628]],[[107.322209,20.973262],[107.325444,20.974296],[107.325949,20.972944],[107.322209,20.973262]],[[107.242412,20.969215],[107.239236,20.96964],[107.23883,20.974873],[107.241694,20.972751],[107.242412,20.969215]],[[107.264299,20.96827],[107.264178,20.966919],[107.262604,20.967467],[107.264299,20.96827]],[[107.282199,20.973899],[107.282878,20.979973],[107.287462,20.977603],[107.288208,20.976002],[107.282199,20.973899]],[[107.292424,20.980469],[107.296684,20.978582],[107.290322,20.977091],[107.292424,20.980469]],[[107.273776,20.980237],[107.274024,20.981914],[107.274316,20.981031],[107.273776,20.980237]],[[107.274233,20.986308],[107.280176,20.985995],[107.280539,20.981215],[107.274233,20.986308]],[[107.308244,20.981837],[107.309665,20.982343],[107.309641,20.980824],[107.308244,20.981837]],[[107.318983,20.98409],[107.324367,20.980675],[107.322419,20.979129],[107.318983,20.98409]],[[107.309922,20.985132],[107.312567,20.986414],[107.31391,20.98537],[107.309922,20.985132]],[[107.340988,20.985626],[107.340477,20.987132],[107.342416,20.986296],[107.340988,20.985626]],[[107.34628,20.988654],[107.347663,20.986668],[107.344045,20.985446],[107.34628,20.988654]],[[107.340754,20.988059],[107.341304,20.991449],[107.34541,20.991647],[107.340754,20.988059]],[[107.309454,20.989293],[107.304085,20.990342],[107.307565,20.992801],[107.309454,20.989293]],[[107.353634,20.991122],[107.354851,20.992746],[107.355298,20.988705],[107.353634,20.991122]],[[107.402284,20.989561],[107.400834,20.988222],[107.397896,20.990964],[107.402284,20.989561]],[[107.401559,20.994219],[107.405347,20.991527],[107.404964,20.991181],[107.401559,20.994219]],[[107.393095,20.993438],[107.392818,20.993924],[107.393301,20.994227],[107.393095,20.993438]],[[107.424716,21.000589],[107.42812,20.995999],[107.426581,20.992763],[107.424716,21.000589]],[[107.379942,20.994478],[107.376719,20.997354],[107.38239,20.997342],[107.379942,20.994478]],[[107.406798,20.997743],[107.411209,20.999684],[107.409737,20.996065],[107.406798,20.997743]],[[107.415414,20.989951],[107.416555,20.98624],[107.415658,20.986313],[107.415414,20.989951]],[[107.412712,20.987293],[107.414345,20.985381],[107.410761,20.985439],[107.412712,20.987293]],[[107.389441,20.984646],[107.386912,20.986712],[107.388616,20.988042],[107.389441,20.984646]],[[107.350123,20.983878],[107.348587,20.986377],[107.350078,20.986709],[107.350123,20.983878]],[[107.47496,20.981144],[107.470128,20.975516],[107.465597,20.978098],[107.47496,20.981144]],[[107.47313,20.975652],[107.481876,20.967942],[107.474193,20.955459],[107.443461,20.931999],[107.457832,20.948648],[107.47313,20.975652]],[[107.440748,20.931914],[107.439044,20.931488],[107.439845,20.933148],[107.440748,20.931914]],[[107.466368,20.96924],[107.464752,20.969465],[107.465591,20.970815],[107.466368,20.96924]],[[107.444645,20.971056],[107.447152,20.97296],[107.448237,20.971135],[107.444645,20.971056]],[[107.439674,20.969929],[107.43916,20.969623],[107.438127,20.97136],[107.439674,20.969929]],[[107.430908,20.973979],[107.434113,20.974722],[107.434665,20.973124],[107.430908,20.973979]],[[107.398909,20.971419],[107.398454,20.971141],[107.396189,20.97358],[107.398909,20.971419]],[[107.417138,20.974217],[107.413759,20.978332],[107.415136,20.978957],[107.417138,20.974217]],[[107.311203,20.971955],[107.308738,20.973934],[107.310347,20.974837],[107.311203,20.971955]],[[107.285991,20.972223],[107.284203,20.973625],[107.285811,20.97399],[107.285991,20.972223]],[[107.26815,20.972438],[107.266881,20.97307],[107.268087,20.973423],[107.26815,20.972438]],[[107.37384,20.976876],[107.374724,20.978256],[107.379376,20.976513],[107.37384,20.976876]],[[107.405256,20.983007],[107.408559,20.979912],[107.404807,20.97565],[107.405256,20.983007]],[[107.442463,20.981798],[107.443881,20.975234],[107.435133,20.97675],[107.442463,20.981798]],[[107.418645,20.977425],[107.417389,20.978889],[107.418046,20.979042],[107.418645,20.977425]],[[107.415221,20.982813],[107.415689,20.980824],[107.413441,20.982461],[107.415221,20.982813]],[[107.387259,20.981689],[107.380491,20.981594],[107.382991,20.983492],[107.387259,20.981689]],[[107.342553,20.983162],[107.342259,20.984099],[107.343416,20.98492],[107.342553,20.983162]],[[107.448702,20.973235],[107.449666,20.97389],[107.449938,20.972686],[107.448702,20.973235]],[[107.354562,20.986267],[107.35486,20.986951],[107.355902,20.985614],[107.354562,20.986267]],[[107.359852,20.991946],[107.36262,20.989528],[107.360085,20.986948],[107.359852,20.991946]],[[107.432048,20.928669],[107.435568,20.929413],[107.432913,20.926136],[107.432048,20.928669]],[[107.377419,20.901297],[107.379637,20.901604],[107.379534,20.900552],[107.377419,20.901297]],[[107.393061,20.894536],[107.392922,20.891501],[107.389331,20.891221],[107.393061,20.894536]],[[107.38915,20.890841],[107.390064,20.88871],[107.388529,20.889641],[107.38915,20.890841]],[[107.357844,20.894074],[107.357123,20.894246],[107.357154,20.895501],[107.357844,20.894074]],[[107.328684,20.899041],[107.325692,20.900757],[107.326394,20.901306],[107.328684,20.899041]],[[107.332042,20.900816],[107.333301,20.90189],[107.333546,20.900441],[107.332042,20.900816]],[[107.331217,20.901666],[107.329648,20.904322],[107.331466,20.903652],[107.331217,20.901666]],[[107.326963,20.901772],[107.319333,20.908308],[107.322731,20.907094],[107.326963,20.901772]],[[107.340191,20.905831],[107.345842,20.902738],[107.341365,20.901932],[107.340191,20.905831]],[[107.347322,20.902205],[107.34872,20.902777],[107.348795,20.901355],[107.347322,20.902205]],[[107.313399,20.871195],[107.311805,20.870869],[107.309654,20.873167],[107.313399,20.871195]],[[107.307358,20.872595],[107.306674,20.865547],[107.294395,20.873706],[107.296507,20.87728],[107.307358,20.872595]],[[107.317176,20.869509],[107.318209,20.869927],[107.318498,20.86831],[107.317176,20.869509]],[[107.322157,20.863464],[107.316144,20.865704],[107.317364,20.867175],[107.322157,20.863464]],[[107.304944,20.860626],[107.299392,20.862579],[107.300872,20.867229],[107.304944,20.860626]],[[107.271778,20.859617],[107.260765,20.858649],[107.2679,20.864525],[107.256994,20.872383],[107.272655,20.866786],[107.271778,20.859617]],[[107.27084,20.856674],[107.268824,20.855292],[107.267591,20.857283],[107.27084,20.856674]],[[107.247788,20.855246],[107.245972,20.856495],[107.249424,20.858007],[107.247788,20.855246]],[[107.18685,20.854481],[107.185984,20.853969],[107.184227,20.855788],[107.18685,20.854481]],[[107.271795,20.853113],[107.268753,20.847889],[107.265414,20.851719],[107.271795,20.853113]],[[107.252886,20.842424],[107.244798,20.841741],[107.249441,20.851457],[107.252886,20.842424]],[[107.206241,20.842619],[107.214633,20.835439],[107.214855,20.833548],[107.205121,20.836749],[107.206241,20.842619]],[[107.217285,20.836071],[107.222476,20.835534],[107.222294,20.834135],[107.217285,20.836071]],[[107.24763,20.834098],[107.246665,20.831742],[107.244958,20.832621],[107.24763,20.834098]],[[107.253657,20.83447],[107.254775,20.834784],[107.254212,20.833616],[107.253657,20.83447]],[[107.207769,20.832887],[107.208662,20.829926],[107.205739,20.832439],[107.207769,20.832887]],[[107.211416,20.831072],[107.210353,20.832111],[107.212459,20.831551],[107.211416,20.831072]],[[107.182936,20.8263],[107.181635,20.826598],[107.182776,20.831084],[107.182936,20.8263]],[[107.27019,20.828336],[107.270175,20.827787],[107.267836,20.827435],[107.27019,20.828336]],[[107.227421,20.826489],[107.225419,20.827406],[107.226563,20.828683],[107.227421,20.826489]],[[107.21371,20.822023],[107.211081,20.824742],[107.213154,20.826322],[107.21371,20.822023]],[[107.254977,20.825139],[107.257546,20.822904],[107.254516,20.821776],[107.254977,20.825139]],[[107.258924,20.825657],[107.260455,20.824286],[107.259559,20.824112],[107.258924,20.825657]],[[107.260173,20.821894],[107.261426,20.818776],[107.258796,20.819971],[107.260173,20.821894]],[[107.264599,20.820855],[107.265629,20.818665],[107.265398,20.81842],[107.264599,20.820855]],[[107.230069,20.817274],[107.228305,20.819859],[107.230658,20.819299],[107.230069,20.817274]],[[107.210777,20.818499],[107.210581,20.821258],[107.212919,20.818806],[107.210777,20.818499]],[[107.225256,20.821894],[107.224585,20.818381],[107.223208,20.819206],[107.225256,20.821894]],[[107.231097,20.821576],[107.235091,20.821221],[107.232364,20.819333],[107.231097,20.821576]],[[107.221459,20.818723],[107.219157,20.817758],[107.219656,20.818914],[107.221459,20.818723]],[[107.218179,20.82009],[107.216769,20.819077],[107.216053,20.821201],[107.218179,20.82009]],[[107.182033,20.823835],[107.177664,20.824724],[107.175847,20.829276],[107.179365,20.828284],[107.182033,20.823835]],[[107.144839,20.825088],[107.144625,20.822063],[107.140981,20.825963],[107.144839,20.825088]],[[107.163902,20.82454],[107.164747,20.824316],[107.164436,20.823545],[107.163902,20.82454]],[[107.110455,20.824942],[107.11267,20.830186],[107.114193,20.827363],[107.110455,20.824942]],[[107.143212,20.833315],[107.140432,20.828272],[107.138088,20.828197],[107.143212,20.833315]],[[107.157355,20.835178],[107.168034,20.840691],[107.154674,20.838918],[107.156088,20.850758],[107.160116,20.84786],[107.158273,20.839717],[107.167325,20.844558],[107.176256,20.830732],[107.162361,20.827469],[107.157355,20.835178]],[[107.127668,20.83361],[107.116683,20.833942],[107.11294,20.84049],[107.127668,20.83361]],[[107.110316,20.836293],[107.107738,20.837996],[107.10939,20.838212],[107.110316,20.836293]],[[107.109134,20.841299],[107.106873,20.839961],[107.108067,20.842737],[107.109134,20.841299]],[[107.150375,20.845384],[107.151522,20.846647],[107.154283,20.844883],[107.150375,20.845384]],[[107.121153,20.84351],[107.120321,20.844224],[107.122654,20.844823],[107.121153,20.84351]],[[107.112999,20.846823],[107.112428,20.8479],[107.115168,20.847971],[107.112999,20.846823]],[[107.121289,20.849928],[107.121688,20.8511],[107.125087,20.848478],[107.121289,20.849928]],[[107.114769,20.849278],[107.107647,20.857748],[107.116624,20.855278],[107.114769,20.849278]],[[107.148306,20.857888],[107.149736,20.867029],[107.138375,20.86834],[107.136434,20.878209],[107.152253,20.865636],[107.148306,20.857888]],[[107.137945,20.858055],[107.127231,20.862031],[107.131751,20.863933],[107.137945,20.858055]],[[107.082756,20.865486],[107.083849,20.868623],[107.088324,20.865585],[107.082756,20.865486]],[[107.073022,20.865744],[107.073121,20.865428],[107.071421,20.864928],[107.073022,20.865744]],[[107.114362,20.871961],[107.116733,20.876202],[107.120135,20.868949],[107.114362,20.871961]],[[107.109208,20.873243],[107.112685,20.876442],[107.111367,20.87303],[107.109208,20.873243]],[[107.123637,20.878194],[107.131525,20.878575],[107.135521,20.873181],[107.13364,20.872722],[107.123637,20.878194]],[[107.109328,20.877265],[107.108297,20.878434],[107.108817,20.878905],[107.109328,20.877265]],[[107.045604,20.865179],[107.033793,20.879308],[107.030931,20.865572],[107.030223,20.880078],[107.035757,20.884799],[107.045604,20.865179]],[[107.055293,20.86906],[107.055495,20.870323],[107.056402,20.869122],[107.055293,20.86906]],[[107.047958,20.865582],[107.048953,20.868247],[107.050062,20.865759],[107.047958,20.865582]],[[107.03758,20.864973],[107.036345,20.862728],[107.035305,20.866167],[107.03758,20.864973]],[[106.981982,20.866335],[106.987451,20.865847],[106.98752,20.864287],[106.981982,20.866335]],[[106.996165,20.867998],[106.997484,20.863717],[106.994557,20.864257],[106.996165,20.867998]],[[106.977785,20.868367],[106.97806,20.870644],[106.979676,20.869441],[106.977785,20.868367]],[[107.003393,20.870437],[107.008293,20.871546],[107.009528,20.878708],[107.015333,20.870305],[107.024376,20.874107],[107.029095,20.865902],[107.020808,20.871698],[107.013197,20.862977],[107.003393,20.870437]],[[107.003661,20.877049],[107.00647,20.878077],[107.008068,20.875675],[107.003661,20.877049]],[[106.999662,20.877866],[106.999448,20.876246],[106.998449,20.878203],[106.999662,20.877866]],[[106.99267,20.879625],[106.990055,20.878797],[106.992838,20.881451],[106.99267,20.879625]],[[107.011851,20.880949],[107.013643,20.883068],[107.01541,20.878775],[107.011851,20.880949]],[[107.007391,20.881188],[107.006818,20.88089],[107.007166,20.882597],[107.007391,20.881188]],[[107.021913,20.886279],[107.022726,20.88734],[107.024276,20.88284],[107.021913,20.886279]],[[107.115929,20.890512],[107.116579,20.891827],[107.119372,20.888836],[107.115929,20.890512]],[[107.018829,20.889869],[107.016623,20.88853],[107.016339,20.889692],[107.018829,20.889869]],[[107.106684,20.890875],[107.104619,20.896672],[107.107631,20.89755],[107.106684,20.890875]],[[107.123948,20.895182],[107.120691,20.901326],[107.125687,20.897627],[107.123948,20.895182]],[[107.100057,20.899013],[107.099727,20.898958],[107.099924,20.901708],[107.100057,20.899013]],[[107.027174,20.901287],[107.025774,20.901041],[107.025955,20.902101],[107.027174,20.901287]],[[107.138651,20.903227],[107.140848,20.901848],[107.138476,20.901529],[107.138651,20.903227]],[[107.142547,20.903253],[107.143785,20.901981],[107.14317,20.901313],[107.142547,20.903253]],[[107.14899,20.90451],[107.152298,20.904176],[107.151575,20.901054],[107.14899,20.90451]],[[107.106449,20.905197],[107.107336,20.911551],[107.110212,20.910256],[107.106449,20.905197]],[[107.101599,20.911647],[107.101602,20.912956],[107.103456,20.914063],[107.101599,20.911647]],[[107.119126,20.908475],[107.118873,20.904393],[107.112429,20.907903],[107.119126,20.908475]],[[107.122705,20.912653],[107.12168,20.913875],[107.123611,20.913614],[107.122705,20.912653]],[[107.117635,20.913529],[107.116302,20.918213],[107.119271,20.916441],[107.117635,20.913529]],[[107.114579,20.913558],[107.113019,20.914479],[107.114374,20.915162],[107.114579,20.913558]],[[107.150759,20.917969],[107.155213,20.907219],[107.149009,20.909773],[107.150759,20.917969]],[[107.26373,20.911761],[107.26491,20.908273],[107.257978,20.91052],[107.26373,20.911761]],[[107.294054,20.911125],[107.295384,20.911871],[107.29575,20.908916],[107.294054,20.911125]],[[107.141575,20.906608],[107.139843,20.906922],[107.139716,20.911339],[107.141575,20.906608]],[[107.129099,20.909687],[107.125859,20.906847],[107.127977,20.913961],[107.129099,20.909687]],[[107.124089,20.908508],[107.123575,20.909756],[107.124219,20.909831],[107.124089,20.908508]],[[107.290961,20.904309],[107.291107,20.901669],[107.284278,20.905756],[107.290961,20.904309]],[[107.173408,20.89966],[107.172802,20.899593],[107.173407,20.902205],[107.173408,20.89966]],[[107.169598,20.896529],[107.162123,20.896883],[107.16422,20.903287],[107.169598,20.896529]],[[107.163162,20.894354],[107.164085,20.892016],[107.157067,20.890391],[107.163162,20.894354]],[[107.167509,20.893806],[107.170401,20.893549],[107.1669,20.891872],[107.167509,20.893806]],[[107.175787,20.891956],[107.176341,20.890219],[107.175012,20.890214],[107.175787,20.891956]],[[107.190712,20.889562],[107.192367,20.88878],[107.189964,20.888358],[107.190712,20.889562]],[[107.200318,20.889907],[107.226563,20.857701],[107.21886,20.856879],[107.214476,20.868805],[107.210898,20.867923],[107.211198,20.858382],[107.199542,20.867383],[107.204962,20.870943],[107.188478,20.87887],[107.189636,20.870054],[107.179783,20.87212],[107.182837,20.886825],[107.186101,20.880774],[107.186135,20.887213],[107.200318,20.889907]],[[107.210384,20.885725],[107.211789,20.880186],[107.209849,20.879883],[107.210384,20.885725]],[[107.251266,20.8827],[107.250138,20.880882],[107.248317,20.883535],[107.251266,20.8827]],[[107.217392,20.881667],[107.22107,20.875211],[107.218328,20.871873],[107.214227,20.873181],[107.217392,20.881667]],[[107.2949,20.879053],[107.292752,20.878209],[107.292024,20.879412],[107.2949,20.879053]],[[107.283708,20.876037],[107.282804,20.875454],[107.278191,20.87821],[107.283708,20.876037]],[[107.288659,20.876349],[107.290813,20.873656],[107.28904,20.873403],[107.288659,20.876349]],[[107.278602,20.872894],[107.275523,20.870225],[107.275234,20.875304],[107.278602,20.872894]],[[107.286872,20.866769],[107.283127,20.86137],[107.276742,20.867179],[107.286872,20.866769]],[[107.251458,20.873049],[107.249995,20.872376],[107.249542,20.875422],[107.251458,20.873049]],[[107.246235,20.86666],[107.241148,20.864412],[107.230247,20.876554],[107.246235,20.86666]],[[107.256248,20.87079],[107.26231,20.864257],[107.258153,20.862171],[107.256248,20.87079]],[[107.248866,20.861322],[107.246011,20.860038],[107.247352,20.866854],[107.248866,20.861322]],[[107.228339,20.859109],[107.227117,20.86798],[107.221522,20.871366],[107.232086,20.870576],[107.228339,20.859109]],[[107.232225,20.863225],[107.232783,20.86652],[107.235371,20.863693],[107.232225,20.863225]],[[107.250837,20.859368],[107.253156,20.859901],[107.252783,20.858147],[107.250837,20.859368]],[[107.225197,20.875127],[107.224439,20.874753],[107.225026,20.876996],[107.225197,20.875127]],[[107.24791,20.878823],[107.247553,20.87635],[107.246769,20.876201],[107.24791,20.878823]],[[107.26382,20.875433],[107.262064,20.875836],[107.262293,20.876059],[107.26382,20.875433]],[[107.21325,20.877575],[107.211132,20.877983],[107.212469,20.87886],[107.21325,20.877575]],[[107.234304,20.88292],[107.234136,20.882043],[107.233192,20.883021],[107.234304,20.88292]],[[107.190833,20.856912],[107.1889,20.85621],[107.190003,20.858663],[107.190833,20.856912]],[[107.18342,20.859265],[107.180775,20.859819],[107.18138,20.861379],[107.18342,20.859265]],[[107.167969,20.861905],[107.161577,20.864294],[107.160664,20.866047],[107.165596,20.868522],[107.167969,20.861905]],[[107.157432,20.86352],[107.156555,20.863185],[107.15631,20.864237],[107.157432,20.86352]],[[107.191088,20.867375],[107.196831,20.870568],[107.200399,20.862814],[107.191088,20.867375]],[[107.177597,20.86393],[107.176421,20.861993],[107.174276,20.864419],[107.177597,20.86393]],[[107.157481,20.871819],[107.156394,20.873191],[107.156667,20.873377],[107.157481,20.871819]],[[107.17607,20.879755],[107.170218,20.875062],[107.167385,20.87765],[107.168552,20.884248],[107.17607,20.879755]],[[107.113634,20.87904],[107.113288,20.879527],[107.113932,20.879829],[107.113634,20.87904]],[[107.159517,20.882048],[107.1612,20.880767],[107.160098,20.879583],[107.159517,20.882048]],[[107.138992,20.882463],[107.139244,20.8837],[107.140461,20.883037],[107.138992,20.882463]],[[107.12802,20.880435],[107.126652,20.880153],[107.126459,20.881376],[107.12802,20.880435]],[[107.173776,20.883148],[107.172714,20.886469],[107.175474,20.885504],[107.173776,20.883148]],[[107.122465,20.886333],[107.120586,20.889873],[107.126425,20.888363],[107.122465,20.886333]],[[107.179217,20.888819],[107.179972,20.888023],[107.1781,20.887664],[107.179217,20.888819]],[[107.167913,20.88763],[107.166628,20.887064],[107.166431,20.888316],[107.167913,20.88763]],[[107.137904,20.887109],[107.137577,20.886722],[107.136622,20.887314],[107.137904,20.887109]],[[107.164062,20.885952],[107.16469,20.885116],[107.164334,20.884859],[107.164062,20.885952]],[[107.179163,20.882101],[107.179595,20.884617],[107.180874,20.881289],[107.179163,20.882101]],[[107.123481,20.89421],[107.128559,20.893752],[107.128021,20.8917],[107.123481,20.89421]],[[107.129442,20.893833],[107.127274,20.895288],[107.128619,20.8971],[107.133976,20.893269],[107.129442,20.893833]],[[107.149879,20.897151],[107.150085,20.897429],[107.151895,20.892545],[107.149879,20.897151]],[[107.02714,20.882107],[107.027717,20.882535],[107.028278,20.881227],[107.02714,20.882107]],[[107.026837,20.872527],[107.027149,20.874476],[107.02842,20.873394],[107.026837,20.872527]],[[107.121757,20.871102],[107.124032,20.871123],[107.123731,20.868005],[107.121757,20.871102]],[[107.122408,20.867503],[107.123886,20.866704],[107.123035,20.866403],[107.122408,20.867503]],[[107.137552,20.865279],[107.136614,20.863724],[107.135609,20.864708],[107.137552,20.865279]],[[107.172269,20.854213],[107.189084,20.845409],[107.187684,20.840488],[107.19308,20.836892],[107.173497,20.845601],[107.172269,20.854213]],[[107.212716,20.844683],[107.213181,20.842672],[107.210829,20.844032],[107.212716,20.844683]],[[107.209681,20.844417],[107.209448,20.842775],[107.208268,20.845168],[107.209681,20.844417]],[[107.196099,20.84068],[107.191016,20.840602],[107.190687,20.842036],[107.196099,20.84068]],[[107.164976,20.846834],[107.164424,20.849072],[107.167077,20.848064],[107.164976,20.846834]],[[107.164242,20.851029],[107.16144,20.853401],[107.163372,20.85346],[107.164242,20.851029]],[[107.175582,20.834633],[107.17678,20.835347],[107.176408,20.833869],[107.175582,20.834633]],[[107.19836,20.834542],[107.199662,20.832605],[107.197631,20.833033],[107.19836,20.834542]],[[107.262123,20.849109],[107.262293,20.849957],[107.264416,20.848841],[107.262123,20.849109]],[[107.296482,20.858692],[107.293943,20.856055],[107.29279,20.857807],[107.296482,20.858692]],[[107.313662,20.864454],[107.315764,20.863966],[107.314976,20.863636],[107.313662,20.864454]],[[107.30466,20.903261],[107.305013,20.903566],[107.306364,20.902769],[107.30466,20.903261]],[[106.990885,20.882711],[106.990171,20.884735],[106.990814,20.884803],[106.990885,20.882711]],[[106.996125,20.892238],[106.995506,20.892563],[106.995919,20.893994],[106.996125,20.892238]],[[107.084228,20.861622],[107.088613,20.858453],[107.083429,20.857314],[107.084228,20.861622]],[[107.071795,20.856182],[107.070403,20.856263],[107.071222,20.857503],[107.071795,20.856182]],[[107.080527,20.858052],[107.080125,20.857993],[107.079332,20.858867],[107.080527,20.858052]],[[107.082648,20.85175],[107.081391,20.849359],[107.080462,20.850024],[107.082648,20.85175]],[[107.084631,20.851038],[107.088012,20.850064],[107.08526,20.849442],[107.084631,20.851038]],[[107.076249,20.847054],[107.075071,20.846373],[107.072262,20.851207],[107.076249,20.847054]],[[107.06424,20.849476],[107.06429,20.846912],[107.060576,20.851343],[107.06424,20.849476]],[[107.070185,20.851536],[107.070765,20.851342],[107.069883,20.850616],[107.070185,20.851536]],[[107.068024,20.840839],[107.067085,20.84009],[107.065629,20.84139],[107.068024,20.840839]],[[107.136258,20.803038],[107.134654,20.802908],[107.134449,20.803998],[107.136258,20.803038]],[[107.130713,20.805185],[107.130488,20.804977],[107.12948,20.806095],[107.130713,20.805185]],[[107.130989,20.811801],[107.128221,20.809382],[107.127721,20.815086],[107.130989,20.811801]],[[107.391021,20.888479],[107.392422,20.886287],[107.391412,20.886259],[107.391021,20.888479]],[[107.394772,20.887914],[107.399846,20.88665],[107.396102,20.884845],[107.394772,20.887914]],[[107.412679,20.89549],[107.411521,20.893291],[107.409229,20.895937],[107.412679,20.89549]],[[107.406507,21.004755],[107.40757,21.006251],[107.408116,21.005595],[107.406507,21.004755]],[[107.450866,21.009261],[107.449347,21.011021],[107.457678,21.016987],[107.450866,21.009261]],[[107.47813,21.016857],[107.478251,21.022173],[107.480594,21.01895],[107.47813,21.016857]],[[107.459415,21.017327],[107.458449,21.021836],[107.461284,21.019547],[107.459415,21.017327]],[[107.475411,21.019622],[107.476836,21.019546],[107.475903,21.01743],[107.475411,21.019622]],[[107.482456,21.024324],[107.486191,21.021908],[107.485778,21.020954],[107.482456,21.024324]],[[107.4592,21.023723],[107.46063,21.027943],[107.462594,21.026723],[107.4592,21.023723]],[[107.456223,21.024187],[107.454905,21.024039],[107.45488,21.030024],[107.456223,21.024187]],[[107.448446,21.028138],[107.447084,21.027061],[107.44616,21.028854],[107.448446,21.028138]],[[107.483388,21.030923],[107.491682,21.036268],[107.494426,21.033011],[107.488325,21.026071],[107.483388,21.030923]],[[107.423476,21.035096],[107.426846,21.036605],[107.428019,21.032127],[107.423476,21.035096]],[[107.434741,21.034035],[107.432543,21.033007],[107.431832,21.034773],[107.434741,21.034035]],[[107.486586,21.039518],[107.489277,21.040461],[107.490198,21.036662],[107.486586,21.039518]],[[107.417972,21.038934],[107.416012,21.039683],[107.417905,21.040434],[107.417972,21.038934]],[[107.436186,21.036057],[107.436577,21.035951],[107.436191,21.033362],[107.436186,21.036057]],[[107.482514,21.03153],[107.481615,21.031028],[107.481103,21.031847],[107.482514,21.03153]],[[107.430553,21.035525],[107.429065,21.034599],[107.428725,21.036588],[107.430553,21.035525]],[[107.511353,21.031496],[107.511763,21.032684],[107.51416,21.032274],[107.511353,21.031496]],[[107.487242,21.02488],[107.487134,21.024369],[107.48621,21.026112],[107.487242,21.02488]],[[107.4762,21.027084],[107.475572,21.02386],[107.474529,21.024776],[107.4762,21.027084]],[[107.498252,21.021597],[107.498583,21.023309],[107.499803,21.021625],[107.498252,21.021597]],[[107.47664,21.013554],[107.477707,21.015453],[107.477924,21.012436],[107.47664,21.013554]],[[107.518076,21.036147],[107.516949,21.036676],[107.518362,21.038331],[107.518076,21.036147]],[[107.417932,21.009912],[107.418179,21.012196],[107.418629,21.01175],[107.417932,21.009912]],[[107.337294,20.956424],[107.332044,20.955569],[107.332741,20.958071],[107.337294,20.956424]],[[107.35341,20.957379],[107.350667,20.95246],[107.349672,20.95401],[107.35341,20.957379]],[[107.331537,20.951484],[107.328623,20.95345],[107.330672,20.953812],[107.331537,20.951484]],[[107.303187,20.948928],[107.296645,20.956368],[107.307925,20.95699],[107.303187,20.948928]],[[107.334651,20.950276],[107.336111,20.948798],[107.326109,20.947598],[107.334651,20.950276]],[[107.273256,20.946506],[107.27228,20.95052],[107.27492,20.950065],[107.273256,20.946506]],[[107.242812,20.953795],[107.242405,20.953683],[107.242019,20.954725],[107.242812,20.953795]],[[107.077485,20.939804],[107.077867,20.9397],[107.077846,20.937284],[107.077485,20.939804]],[[107.024297,20.939464],[107.024496,20.943109],[107.026849,20.941284],[107.024297,20.939464]],[[107.080176,20.94142],[107.081753,20.93863],[107.078853,20.93962],[107.080176,20.94142]],[[107.080456,20.933754],[107.077499,20.934478],[107.079931,20.934169],[107.080456,20.933754]],[[107.081187,20.928728],[107.082618,20.92912],[107.083119,20.927582],[107.081187,20.928728]],[[107.106218,20.931061],[107.107602,20.933333],[107.110012,20.92842],[107.106218,20.931061]],[[107.11709,20.927588],[107.116858,20.928942],[107.118028,20.927837],[107.11709,20.927588]],[[107.008928,20.899111],[107.008956,20.897771],[107.006939,20.897483],[107.008928,20.899111]],[[107.106655,20.786843],[107.100355,20.790453],[107.101179,20.791917],[107.106655,20.786843]],[[107.062352,20.810419],[107.062237,20.81],[107.06026,20.812222],[107.062352,20.810419]],[[107.079643,20.736916],[107.087384,20.728445],[107.083055,20.730305],[107.079643,20.736916]],[[107.149122,20.736263],[107.152638,20.736351],[107.150389,20.733827],[107.149122,20.736263]],[[107.084092,20.727825],[107.082809,20.726034],[107.081835,20.727374],[107.084092,20.727825]],[[107.07926,20.724586],[107.082274,20.718662],[107.076246,20.728906],[107.07926,20.724586]],[[107.072789,20.718354],[107.07089,20.718489],[107.071052,20.71995],[107.072789,20.718354]],[[107.063823,20.717924],[107.062172,20.725038],[107.063859,20.724997],[107.063823,20.717924]],[[107.387172,20.847963],[107.391564,20.845025],[107.388337,20.843606],[107.387172,20.847963]],[[107.797984,20.986706],[107.801809,20.987679],[107.803302,20.983099],[107.797984,20.986706]],[[107.824588,21.03333],[107.820125,21.032],[107.819512,21.037777],[107.824588,21.03333]],[[107.796116,21.034323],[107.794904,21.032683],[107.79333,21.034225],[107.796116,21.034323]],[[107.755071,21.04803],[107.751938,21.047017],[107.756342,21.054313],[107.755071,21.04803]],[[107.617551,21.172295],[107.626246,21.192974],[107.626819,21.189009],[107.617551,21.172295]],[[107.622034,21.179627],[107.624408,21.18103],[107.624459,21.178333],[107.622034,21.179627]],[[107.452098,21.083908],[107.454617,21.087373],[107.454573,21.084235],[107.452098,21.083908]],[[107.374451,21.081203],[107.379448,21.081558],[107.378397,21.078762],[107.374451,21.081203]],[[107.395927,21.108585],[107.391489,21.104093],[107.391002,21.106447],[107.395927,21.108585]],[[107.38509,21.107288],[107.383604,21.10587],[107.383855,21.108468],[107.38509,21.107288]],[[107.39149,21.114498],[107.392362,21.115558],[107.394382,21.114755],[107.39149,21.114498]],[[107.393152,21.117276],[107.391695,21.116417],[107.390313,21.123436],[107.393152,21.117276]],[[107.396347,21.127914],[107.389869,21.151739],[107.392419,21.157924],[107.39416,21.173442],[107.405158,21.181566],[107.410494,21.138252],[107.396347,21.127914]],[[107.390604,21.155991],[107.389271,21.155812],[107.390553,21.158978],[107.390604,21.155991]],[[107.412882,21.186004],[107.407691,21.184496],[107.414123,21.194488],[107.412882,21.186004]],[[107.409177,21.193905],[107.406717,21.184624],[107.39757,21.184691],[107.401279,21.191302],[107.409177,21.193905]],[[107.420465,21.196331],[107.417899,21.195948],[107.420138,21.199494],[107.420465,21.196331]],[[107.417265,21.207293],[107.409416,21.199541],[107.416251,21.208776],[107.417265,21.207293]],[[107.436,21.215807],[107.434333,21.211013],[107.432042,21.210226],[107.431391,21.212371],[107.436,21.215807]],[[107.396376,21.267663],[107.390476,21.263039],[107.385499,21.262408],[107.387924,21.266285],[107.396376,21.267663]],[[107.435529,21.272475],[107.431428,21.270902],[107.434866,21.274617],[107.435529,21.272475]],[[107.522184,21.275652],[107.529488,21.285262],[107.559039,21.281466],[107.52986,21.263729],[107.522184,21.275652]],[[107.4983,21.276063],[107.495082,21.277781],[107.495877,21.278709],[107.4983,21.276063]],[[107.503602,21.282828],[107.502812,21.286272],[107.507921,21.284696],[107.503602,21.282828]],[[107.50749,21.28728],[107.507264,21.287823],[107.523086,21.286117],[107.50749,21.28728]],[[107.619014,21.281883],[107.619918,21.281129],[107.614554,21.279954],[107.619014,21.281883]],[[107.66963,21.281039],[107.650594,21.269531],[107.65123,21.276804],[107.66963,21.281039]],[[107.647525,21.274103],[107.647471,21.266683],[107.640256,21.267948],[107.640306,21.269531],[107.647525,21.274103]],[[107.534109,21.264293],[107.534158,21.262415],[107.532156,21.262439],[107.534109,21.264293]],[[107.536284,21.256583],[107.546427,21.253813],[107.543308,21.252859],[107.536284,21.256583]],[[107.547121,21.256315],[107.55015,21.257777],[107.548844,21.255206],[107.547121,21.256315]],[[107.590235,21.239143],[107.590929,21.236708],[107.589906,21.236071],[107.590235,21.239143]],[[107.595934,21.233343],[107.600717,21.232031],[107.579486,21.223558],[107.595934,21.233343]],[[107.628044,21.236753],[107.640053,21.242932],[107.634779,21.233561],[107.628044,21.236753]],[[107.613551,21.228352],[107.618592,21.230989],[107.616593,21.227736],[107.613551,21.228352]],[[107.628884,21.28896],[107.629165,21.285264],[107.626413,21.287896],[107.628884,21.28896]],[[107.618889,21.301429],[107.6193,21.302734],[107.621999,21.302811],[107.618889,21.301429]],[[107.664266,21.304562],[107.658699,21.306178],[107.661608,21.306412],[107.664266,21.304562]],[[107.654698,21.30681],[107.655882,21.310737],[107.657902,21.307293],[107.654698,21.30681]],[[107.687978,21.330412],[107.686399,21.332394],[107.687927,21.332408],[107.687978,21.330412]],[[107.688684,21.340124],[107.687431,21.340281],[107.687924,21.342617],[107.688684,21.340124]],[[107.678367,21.344149],[107.677387,21.343354],[107.675809,21.345592],[107.678367,21.344149]],[[107.723428,21.350146],[107.726791,21.352484],[107.726258,21.346634],[107.723428,21.350146]],[[107.69212,21.348012],[107.690149,21.34877],[107.692815,21.35049],[107.69212,21.348012]],[[107.692427,21.350755],[107.689874,21.351918],[107.692324,21.353262],[107.692427,21.350755]],[[107.727201,21.354357],[107.726879,21.353779],[107.725211,21.355946],[107.727201,21.354357]],[[107.745304,21.361358],[107.74227,21.368974],[107.756974,21.372473],[107.761927,21.365704],[107.745304,21.361358]],[[107.764314,21.381528],[107.760815,21.388069],[107.76917,21.388672],[107.764314,21.381528]],[[107.552107,21.293552],[107.551778,21.293472],[107.550543,21.297796],[107.552107,21.293552]],[[107.385834,21.269943],[107.381976,21.270935],[107.390824,21.275455],[107.385834,21.269943]],[[107.383317,21.27278],[107.382591,21.27284],[107.386636,21.278248],[107.383317,21.27278]],[[107.396494,21.278041],[107.406137,21.279944],[107.408571,21.274468],[107.400398,21.274861],[107.396494,21.278041]],[[107.394954,21.274655],[107.393688,21.275096],[107.394476,21.277391],[107.394954,21.274655]],[[107.399035,21.303568],[107.396961,21.300227],[107.395251,21.303083],[107.399035,21.303568]],[[107.075347,20.978375],[107.072754,20.97128],[107.068457,20.976703],[107.075347,20.978375]],[[106.875372,20.907504],[106.873085,20.904942],[106.87323,20.909865],[106.875372,20.907504]],[[106.875,20.916111],[106.873055,20.921389],[106.875,20.924061],[106.875,20.916111]],[[106.877222,20.924167],[106.878611,20.923333],[106.878055,20.921944],[106.877222,20.924167]],[[106.730531,20.995894],[106.726944,20.995833],[106.729722,20.996944],[106.730531,20.995894]],[[106.678905,21.009582],[106.670657,21.013023],[106.671687,21.013185],[106.678905,21.009582]],[[106.666151,21.013013],[106.655262,21.01768],[106.659444,21.017222],[106.666151,21.013013]],[[107.068193,20.69626],[107.066849,20.695389],[107.066618,20.696509],[107.068193,20.69626]],[[106.817778,20.668889],[106.819167,20.667222],[106.813889,20.666111],[106.817778,20.668889]],[[106.7025,20.654722],[106.698333,20.655],[106.702778,20.665],[106.7025,20.654722]],[[107.130939,20.651132],[107.132519,20.65176],[107.132863,20.650405],[107.130939,20.651132]],[[107.161966,20.628533],[107.16004,20.61945],[107.153448,20.623936],[107.161966,20.628533]],[[107.134719,20.627688],[107.142825,20.61902],[107.141439,20.615346],[107.133695,20.621507],[107.134719,20.627688]],[[107.204159,20.61778],[107.208192,20.614568],[107.212273,20.615226],[107.207968,20.612786],[107.204159,20.61778]],[[107.147828,20.611924],[107.146172,20.613809],[107.149247,20.617156],[107.147828,20.611924]],[[106.659142,20.615702],[106.659444,20.618333],[106.665278,20.618889],[106.659142,20.615702]],[[107.13018,20.618332],[107.131993,20.617384],[107.131403,20.615313],[107.13018,20.618332]],[[107.167274,20.617327],[107.169619,20.617478],[107.171008,20.614948],[107.167274,20.617327]],[[106.578316,20.475374],[106.599634,20.467373],[106.590552,20.466391],[106.593968,20.457191],[106.588468,20.460189],[106.599512,20.42979],[106.59049,20.413254],[106.577399,20.367902],[106.570155,20.368617],[106.569922,20.378334],[106.56286,20.383996],[106.554074,20.381712],[106.567107,20.379738],[106.571133,20.364017],[106.579634,20.360803],[106.579777,20.346885],[106.598631,20.318787],[106.587925,20.291411],[106.569046,20.277349],[106.526299,20.318043],[106.497088,20.309122],[106.474782,20.292065],[106.442979,20.294589],[106.400168,20.339464],[106.359768,20.351294],[106.339457,20.378859],[106.282779,20.333358],[106.262347,20.328807],[106.254285,20.353016],[106.261285,20.356679],[106.285257,20.379854],[106.285371,20.396884],[106.277295,20.405383],[106.216859,20.415652],[106.211842,20.427054],[106.226641,20.470224],[106.217664,20.479045],[106.18726,20.483296],[106.181989,20.517854],[106.192896,20.521006],[106.217314,20.511191],[106.247123,20.514704],[106.24916,20.506165],[106.283403,20.491638],[106.291584,20.497506],[106.289666,20.511435],[106.337261,20.505551],[106.333886,20.474614],[106.358099,20.44869],[106.364071,20.450336],[106.378227,20.488022],[106.408003,20.481614],[106.436579,20.493247],[106.447051,20.485006],[106.46783,20.503274],[106.478456,20.485306],[106.467543,20.453964],[106.468653,20.450821],[106.473067,20.449012],[106.492872,20.452258],[106.516091,20.442052],[106.578316,20.475374]],[[106.606111,20.445],[106.609444,20.440555],[106.608055,20.433889],[106.600833,20.438333],[106.606111,20.445]],[[106.610587,20.438061],[106.609444,20.443889],[106.611944,20.439444],[106.61,20.429167],[106.596111,20.418056],[106.609444,20.431389],[106.610587,20.438061]],[[106.599722,20.4325],[106.599167,20.435],[106.6,20.435555],[106.599722,20.4325]],[[106.5925,20.295555],[106.599829,20.319251],[106.601389,20.300555],[106.590833,20.2875],[106.594167,20.283333],[106.5975,20.288889],[106.600833,20.280278],[106.600833,20.2925],[106.609444,20.289167],[106.593611,20.251667],[106.577778,20.273333],[106.5925,20.295555]],[[106.606944,20.2825],[106.608611,20.285278],[106.606389,20.277148],[106.606944,20.2825]],[[106.571667,20.253889],[106.571389,20.234167],[106.563611,20.226944],[106.570278,20.230278],[106.5725,20.233333],[106.576944,20.248055],[106.587222,20.230556],[106.573333,20.210556],[106.559722,20.206111],[106.555833,20.215833],[106.545555,20.216111],[106.548611,20.244444],[106.546111,20.255995],[106.565555,20.274167],[106.580833,20.259167],[106.571667,20.253889]],[[106.428188,20.206642],[106.353477,20.177989],[106.357961,20.174486],[106.341739,20.155672],[106.193486,19.997542],[106.211288,20.047859],[106.210691,20.077501],[106.199754,20.111468],[106.179357,20.1399],[106.184572,20.189842],[106.254686,20.24951],[106.26245,20.250244],[106.27548,20.237497],[106.282328,20.236357],[106.319411,20.263335],[106.326805,20.279993],[106.330328,20.295183],[106.328547,20.29903],[106.313154,20.298792],[106.311996,20.329095],[106.320525,20.344484],[106.31615,20.346173],[106.300134,20.341647],[106.336861,20.374983],[106.355199,20.352191],[106.403097,20.33369],[106.442977,20.291333],[106.476252,20.28913],[106.498879,20.307169],[106.527673,20.315251],[106.563872,20.276055],[106.548644,20.265093],[106.544432,20.254127],[106.543927,20.234573],[106.531302,20.223657],[106.526425,20.228085],[106.521021,20.221047],[106.521869,20.231091],[106.499023,20.219192],[106.428188,20.206642]],[[106.489167,20.193889],[106.505278,20.190278],[106.5,20.189167],[106.489167,20.193889]],[[106.177841,20.1437],[106.1775,20.143611],[106.1775,20.149722],[106.177841,20.1437]],[[106.549722,20.211667],[106.545833,20.208055],[106.544722,20.209167],[106.549722,20.211667]],[[106.261078,20.357779],[106.255893,20.35591],[106.259858,20.359997],[106.261078,20.357779]],[[106.280833,20.400556],[106.281944,20.398611],[106.269167,20.403056],[106.280833,20.400556]],[[106.550833,20.465],[106.548611,20.464444],[106.5525,20.4675],[106.550833,20.465]],[[106.010916,19.911598],[106.004846,19.912755],[106.007401,19.914371],[106.010916,19.911598]],[[105.839929,19.781809],[105.845278,19.776389],[105.836809,19.78],[105.839929,19.781809]],[[105.938071,19.376805],[105.929444,19.3575],[105.912987,19.369833],[105.914611,19.383013],[105.938071,19.376805]],[[105.873611,19.355556],[105.870556,19.357222],[105.874167,19.358889],[105.873611,19.355556]],[[105.930081,19.356367],[105.935647,19.354986],[105.934722,19.345833],[105.930098,19.348984],[105.930081,19.356367]],[[105.905725,19.34196],[105.904429,19.340628],[105.897646,19.345919],[105.905725,19.34196]],[[105.82594,19.34106],[105.823889,19.325833],[105.827488,19.303465],[105.814167,19.330833],[105.82594,19.34106]],[[105.889271,19.335938],[105.890833,19.3375],[105.891389,19.335278],[105.889271,19.335938]],[[105.898818,19.326606],[105.899444,19.326389],[105.89854,19.323949],[105.898818,19.326606]],[[105.910911,19.321043],[105.913333,19.32],[105.91,19.318056],[105.910911,19.321043]],[[105.879167,19.350833],[105.878333,19.349722],[105.876944,19.3525],[105.879167,19.350833]],[[105.908889,19.369167],[105.908889,19.366389],[105.906944,19.371944],[105.908889,19.369167]],[[105.802222,19.275278],[105.804722,19.278611],[105.806389,19.274167],[105.802222,19.275278]],[[105.77765,18.807173],[105.782311,18.801334],[105.771768,18.796021],[105.769278,18.800389],[105.77765,18.807173]],[[105.951264,18.805647],[105.95183,18.806207],[105.966323,18.790826],[105.951264,18.805647]],[[105.751563,18.724471],[105.751382,18.726395],[105.752753,18.723998],[105.751563,18.724471]],[[105.766971,18.671725],[105.767597,18.671104],[105.766169,18.668758],[105.766971,18.671725]],[[105.743627,18.665007],[105.713712,18.655581],[105.718516,18.668726],[105.743627,18.665007]],[[105.563017,18.541266],[105.570718,18.543983],[105.562188,18.536376],[105.563017,18.541266]],[[106.164311,18.312289],[106.164879,18.312629],[106.165375,18.308623],[106.164311,18.312289]],[[106.118759,18.28125],[106.118923,18.280066],[106.117873,18.279676],[106.118759,18.28125]],[[106.464158,18.101657],[106.452268,18.100025],[106.454726,18.10292],[106.464158,18.101657]],[[106.521133,17.94431],[106.524881,17.941936],[106.522587,17.939193],[106.521133,17.94431]],[[106.526203,17.938645],[106.535449,17.93574],[106.533587,17.931114],[106.526203,17.938645]],[[106.492611,17.911856],[106.494385,17.914472],[106.497925,17.908359],[106.492611,17.911856]],[[106.671506,17.913552],[106.674813,17.912951],[106.671384,17.910774],[106.671506,17.913552]],[[106.468492,17.708215],[106.466723,17.709169],[106.46828,17.710054],[106.468492,17.708215]],[[106.451568,17.711309],[106.452828,17.711742],[106.453712,17.710265],[106.451568,17.711309]],[[106.432968,17.738803],[106.43294,17.735585],[106.42274,17.744001],[106.432968,17.738803]],[[106.395607,17.748629],[106.387488,17.745844],[106.351962,17.758277],[106.385884,17.756066],[106.395607,17.748629]],[[106.380692,17.746502],[106.384003,17.743668],[106.376228,17.744161],[106.380692,17.746502]],[[106.347073,17.758411],[106.337777,17.759348],[106.331391,17.763815],[106.332927,17.765417],[106.347073,17.758411]],[[106.327247,17.764596],[106.320188,17.766884],[106.323499,17.76959],[106.327247,17.764596]],[[106.348434,17.767058],[106.358904,17.760737],[106.355427,17.759828],[106.348434,17.767058]],[[106.414217,17.727403],[106.3988,17.72052],[106.389696,17.713479],[106.390972,17.721225],[106.414217,17.727403]],[[106.408344,17.728268],[106.403795,17.727886],[106.404315,17.729452],[106.408344,17.728268]],[[106.388543,17.675318],[106.390792,17.678102],[106.390217,17.673058],[106.388543,17.675318]],[[106.646765,17.408198],[106.648265,17.408679],[106.64628,17.402344],[106.646765,17.408198]],[[106.637719,17.395473],[106.639451,17.395889],[106.637895,17.392373],[106.637719,17.395473]],[[106.634959,17.350198],[106.634926,17.351589],[106.636586,17.349666],[106.634959,17.350198]],[[106.643749,17.349799],[106.646021,17.347497],[106.64357,17.348129],[106.643749,17.349799]],[[106.629854,17.325504],[106.63352,17.327339],[106.633362,17.326221],[106.629854,17.325504]],[[106.694428,17.341389],[106.696716,17.339918],[106.696793,17.33732],[106.694428,17.341389]],[[106.709991,17.317626],[106.7088,17.320793],[106.712097,17.320769],[106.709991,17.317626]]],[[[107.087783,20.769461],[107.088308,20.768417],[107.08812,20.769432],[107.087783,20.769461]]]]}}
