{"type":"Feature","properties":{"mrgid":63539,"name":"Sub-Saharan Africa","placeType":"General Region","source":"MarineRegions:gazetteer_polygon"},"geometry":{"type":"GeometryCollection","geometries":[{"type":"MultiPolygon","coordinates":[[[[-16.4729,11.273824],[-16.472699,11.274885],[-16.475194,11.27529],[-16.4729,11.273824]]],[[[-16.417751,11.284667],[-16.416642,11.294505],[-16.445991,11.310268],[-16.474975,11.310138],[-16.477006,11.277176],[-16.449125,11.2876],[-16.417751,11.284667]]],[[[-16.45412,11.322332],[-16.45444,11.319874],[-16.451611,11.31848],[-16.45412,11.322332]]],[[[-16.528446,12.256621],[-16.531173,12.257516],[-16.528644,12.254583],[-16.528446,12.256621]]],[[[-16.538962,12.264537],[-16.538865,12.263424],[-16.536881,12.262902],[-16.538962,12.264537]]],[[[-16.543937,12.264676],[-16.543512,12.267234],[-16.549644,12.270224],[-16.543937,12.264676]]],[[[-16.684759,12.451012],[-16.683026,12.441905],[-16.670173,12.439862],[-16.6677,12.453237],[-16.688092,12.468522],[-16.685928,12.457154],[-16.682072,12.454591],[-16.684759,12.451012]]],[[[-16.704327,12.452093],[-16.699847,12.447131],[-16.692571,12.44061],[-16.684759,12.451012],[-16.685928,12.457154],[-16.698672,12.465625],[-16.704606,12.467142],[-16.726187,12.445994],[-16.724874,12.44492],[-16.706162,12.45279],[-16.704662,12.451446],[-16.704327,12.452093]]],[[[-16.663694,12.45349],[-16.666845,12.42598],[-16.690518,12.436798],[-16.699847,12.447131],[-16.704662,12.451446],[-16.71306,12.435253],[-16.724874,12.44492],[-16.729095,12.443145],[-16.726187,12.445994],[-16.731006,12.449937],[-16.708633,12.468172],[-16.704606,12.467142],[-16.703131,12.468588],[-16.698672,12.465625],[-16.697701,12.465377],[-16.673794,12.488842],[-16.67353,12.499858],[-16.678253,12.50068],[-16.681572,12.499902],[-16.68096,12.501152],[-16.7277,12.509291],[-16.749348,12.545477],[-16.775788,12.522741],[-16.791049,12.484802],[-16.771309,12.404383],[-16.730498,12.368338],[-16.729863,12.355292],[-16.710101,12.336194],[-16.684942,12.344826],[-16.659189,12.328083],[-16.627481,12.319917],[-16.596111,12.286047],[-16.564874,12.281392],[-16.527594,12.257782],[-16.487616,12.20794],[-16.457275,12.186543],[-16.440103,12.183941],[-16.430392,12.185958],[-16.432846,12.186059],[-16.428786,12.187529],[-16.427216,12.186617],[-16.397054,12.192882],[-16.395208,12.210323],[-16.375465,12.222576],[-16.381175,12.242609],[-16.374965,12.262853],[-16.370672,12.229753],[-16.356361,12.229852],[-16.364943,12.213735],[-16.391738,12.204341],[-16.348702,12.193218],[-16.325993,12.204665],[-16.337891,12.225015],[-16.333755,12.245527],[-16.307658,12.268005],[-16.322642,12.282576],[-16.307454,12.294032],[-16.326392,12.301898],[-16.32081,12.314701],[-16.30406,12.312031],[-16.303159,12.320751],[-16.297701,12.311018],[-16.297404,12.31097],[-16.289624,12.315315],[-16.28963,12.309731],[-16.284011,12.308836],[-16.289536,12.286335],[-16.305365,12.280164],[-16.307455,12.279176],[-16.307436,12.279357],[-16.308114,12.279093],[-16.300971,12.263598],[-16.334181,12.231179],[-16.315814,12.214999],[-16.291417,12.220173],[-16.232743,12.273404],[-16.211269,12.282818],[-16.217164,12.29852],[-16.231687,12.300555],[-16.23851,12.316836],[-16.203091,12.290649],[-16.139444,12.291925],[-16.120705,12.307052],[-16.109569,12.331351],[-16.077091,12.350183],[-16.031311,12.355157],[-15.924712,12.320619],[-15.887082,12.278216],[-15.859272,12.272013],[-15.804201,12.220742],[-15.73003,12.252823],[-15.724728,12.262763],[-15.725975,12.252052],[-15.804791,12.216594],[-15.834126,12.236389],[-15.85213,12.259487],[-15.896626,12.276278],[-15.930364,12.31692],[-16.031273,12.344851],[-16.090703,12.333503],[-16.11372,12.293177],[-16.131084,12.281735],[-16.165275,12.278947],[-16.232515,12.24212],[-16.2671,12.174298],[-16.269503,12.188794],[-16.319369,12.164091],[-16.346743,12.100008],[-16.333601,12.079379],[-16.327329,12.04522],[-16.340146,12.023864],[-16.311348,11.999533],[-16.281479,11.997089],[-16.254704,11.977399],[-16.231093,11.931208],[-16.192508,11.909606],[-16.119556,11.896735],[-16.096182,11.876883],[-16.051824,11.920982],[-15.979827,11.913312],[-15.958959,11.921519],[-15.927241,11.952762],[-15.952063,11.994493],[-15.973203,11.998388],[-15.982654,12.013781],[-15.978354,12.037818],[-16.00044,12.078634],[-15.977039,12.04923],[-15.959607,12.079481],[-15.952119,12.066945],[-15.973885,12.044654],[-15.974527,12.005847],[-15.945101,11.997729],[-15.917095,11.968095],[-15.885461,11.99746],[-15.838937,12.013885],[-15.764968,12.018834],[-15.752823,12.00376],[-15.75333,11.980289],[-15.706586,11.983462],[-15.707561,12.009952],[-15.676532,12.030585],[-15.660542,12.03178],[-15.637293,12.018778],[-15.636616,12.00017],[-15.625393,11.990823],[-15.604276,12.000631],[-15.605823,12.023619],[-15.582963,12.036192],[-15.545769,12.026044],[-15.588858,12.030636],[-15.605232,12.016529],[-15.60274,11.993543],[-15.623215,11.986677],[-15.638941,11.995116],[-15.646794,12.020969],[-15.669186,12.027058],[-15.70459,12.003485],[-15.698352,11.986109],[-15.709912,11.972848],[-15.725499,11.977044],[-15.760955,11.968205],[-15.762366,12.000971],[-15.784246,12.011689],[-15.844352,11.978774],[-15.876189,11.939279],[-15.887756,11.910361],[-15.908205,11.896465],[-15.936466,11.853674],[-15.94171,11.822715],[-15.9681,11.774562],[-15.95502,11.736149],[-15.930865,11.75236],[-15.88763,11.755929],[-15.881595,11.77071],[-15.888915,11.802044],[-15.867838,11.817211],[-15.86519,11.811713],[-15.885006,11.804556],[-15.874293,11.767464],[-15.859198,11.762131],[-15.840078,11.774106],[-15.826594,11.808097],[-15.80124,11.833843],[-15.803108,11.861846],[-15.781808,11.881109],[-15.732973,11.855893],[-15.700775,11.867323],[-15.723519,11.852152],[-15.782834,11.874356],[-15.797068,11.86146],[-15.793322,11.837397],[-15.824211,11.788695],[-15.829158,11.752091],[-15.800225,11.744334],[-15.765638,11.768918],[-15.700586,11.793996],[-15.668617,11.792344],[-15.647769,11.800482],[-15.619825,11.828077],[-15.591951,11.834749],[-15.564354,11.875542],[-15.504664,11.907001],[-15.489944,11.932732],[-15.434377,11.940451],[-15.416747,11.958303],[-15.36747,11.966434],[-15.320318,11.955585],[-15.292982,11.922518],[-15.232142,11.921227],[-15.174146,11.907675],[-15.146312,11.926795],[-15.127016,11.960732],[-15.102842,11.97955],[-15.057214,11.995725],[-15.015583,11.997622],[-14.978235,11.962641],[-14.993536,11.963139],[-15.00683,11.950458],[-15.004319,11.923873],[-15.014285,11.894928],[-15.030007,11.880454],[-15.040223,11.854858],[-15.033054,11.810457],[-15.00112,11.805797],[-14.965296,11.76247],[-14.945792,11.751553],[-14.919865,11.761909],[-14.928689,11.789917],[-14.904599,11.793719],[-14.885132,11.787493],[-14.927137,11.786521],[-14.916388,11.759634],[-14.927341,11.748541],[-14.950901,11.746681],[-14.995343,11.787218],[-15.008914,11.783791],[-15.048162,11.797636],[-15.049689,11.831909],[-15.060447,11.853376],[-15.055514,11.892853],[-15.031842,11.911385],[-15.026085,11.925911],[-15.033262,11.948618],[-15.059506,11.956143],[-15.104558,11.907755],[-15.129573,11.901469],[-15.160957,11.877524],[-15.295985,11.868611],[-15.342917,11.890043],[-15.379116,11.887163],[-15.425397,11.835997],[-15.44979,11.841488],[-15.512803,11.779185],[-15.546781,11.711319],[-15.524396,11.731074],[-15.538965,11.699537],[-15.536629,11.680365],[-15.508519,11.671704],[-15.501656,11.701583],[-15.483023,11.706324],[-15.478911,11.681956],[-15.485698,11.649844],[-15.457011,11.643378],[-15.433443,11.664265],[-15.425393,11.683733],[-15.409633,11.68628],[-15.435824,11.65192],[-15.459215,11.596132],[-15.437199,11.54864],[-15.427888,11.564847],[-15.42989,11.564578],[-15.428306,11.568426],[-15.426766,11.566799],[-15.424975,11.569917],[-15.411871,11.557041],[-15.417032,11.581349],[-15.399275,11.612609],[-15.395569,11.565365],[-15.372303,11.566927],[-15.367279,11.585093],[-15.37992,11.598439],[-15.346935,11.58608],[-15.37798,11.632694],[-15.367991,11.639629],[-15.332838,11.597334],[-15.319762,11.612214],[-15.320585,11.640106],[-15.323198,11.648302],[-15.321284,11.648743],[-15.320714,11.644502],[-15.321393,11.667518],[-15.301479,11.629328],[-15.299266,11.649969],[-15.276577,11.640029],[-15.269314,11.656668],[-15.287328,11.672001],[-15.295915,11.710157],[-15.278133,11.692884],[-15.265914,11.727609],[-15.271569,11.687583],[-15.258495,11.659245],[-15.246112,11.66867],[-15.230715,11.660409],[-15.199622,11.706422],[-15.19096,11.740007],[-15.194753,11.696718],[-15.213727,11.672309],[-15.215909,11.655964],[-15.256232,11.648143],[-15.256225,11.632787],[-15.216784,11.636017],[-15.194939,11.654054],[-15.12848,11.644535],[-15.076267,11.606995],[-15.064494,11.585563],[-15.04015,11.575907],[-14.97378,11.58716],[-15.037891,11.571892],[-15.066391,11.578377],[-15.079643,11.600832],[-15.115165,11.626596],[-15.114766,11.601807],[-15.127458,11.618794],[-15.121187,11.630438],[-15.173253,11.639485],[-15.19767,11.627242],[-15.180931,11.606769],[-15.180527,11.567181],[-15.194055,11.596181],[-15.187619,11.60533],[-15.211374,11.623829],[-15.219423,11.606007],[-15.225117,11.622925],[-15.255466,11.612513],[-15.277978,11.621441],[-15.247874,11.566153],[-15.284938,11.609657],[-15.325727,11.577077],[-15.323545,11.570491],[-15.285619,11.574406],[-15.288302,11.554134],[-15.306212,11.562414],[-15.338114,11.514946],[-15.356703,11.518414],[-15.351346,11.533376],[-15.368128,11.535014],[-15.379191,11.523935],[-15.390283,11.531681],[-15.391089,11.491116],[-15.414348,11.513072],[-15.416378,11.484052],[-15.432814,11.485172],[-15.45387,11.468487],[-15.465938,11.481449],[-15.475561,11.464883],[-15.455942,11.4412],[-15.481175,11.418935],[-15.503852,11.348085],[-15.50057,11.326711],[-15.471531,11.325349],[-15.408101,11.376618],[-15.361375,11.399274],[-15.333105,11.446959],[-15.348355,11.389313],[-15.32603,11.375617],[-15.296718,11.387455],[-15.291055,11.404201],[-15.217735,11.475996],[-15.221067,11.459628],[-15.280159,11.407461],[-15.294307,11.379489],[-15.327106,11.366319],[-15.355681,11.377748],[-15.387993,11.354682],[-15.419077,11.300966],[-15.415678,11.28212],[-15.38492,11.24952],[-15.365128,11.276384],[-15.333,11.271199],[-15.329656,11.264804],[-15.322867,11.263489],[-15.326299,11.258384],[-15.322167,11.250483],[-15.372647,11.242145],[-15.366756,11.232279],[-15.373309,11.231908],[-15.373228,11.224341],[-15.404688,11.231482],[-15.406479,11.204132],[-15.391509,11.181243],[-15.322175,11.131778],[-15.29327,11.133228],[-15.289953,11.121166],[-15.267962,11.113921],[-15.215855,11.120684],[-15.208482,11.149408],[-15.228984,11.206119],[-15.218503,11.230598],[-15.19599,11.233091],[-15.157647,11.222384],[-15.147703,11.2303],[-15.153337,11.216967],[-15.206241,11.223763],[-15.212652,11.210901],[-15.187731,11.139409],[-15.213109,11.07353],[-15.152908,11.078653],[-15.137672,11.069382],[-15.098913,11.106884],[-15.104808,11.122037],[-15.05094,11.132831],[-15.043032,11.183033],[-15.033005,11.151536],[-15.016573,11.16207],[-14.987909,11.217522],[-14.945097,11.235642],[-14.955781,11.323324],[-14.942276,11.244531],[-14.922915,11.234441],[-14.967358,11.216222],[-14.980724,11.193079],[-14.964549,11.181111],[-14.932827,11.186581],[-14.926388,11.178539],[-14.968796,11.177905],[-14.98431,11.184241],[-15.000198,11.157699],[-14.980019,11.14093],[-14.975549,11.119155],[-14.983962,11.115208],[-15.009105,11.146697],[-15.07109,11.081706],[-15.07091,11.064543],[-15.097363,11.050191],[-15.089985,11.012025],[-15.097302,10.972271],[-15.105232,10.966784],[-15.09917,10.943481],[-15.078616,10.923239],[-15.059863,10.921112],[-15.029827,10.933631],[-15.016127,10.949465],[-14.981048,10.973358],[-14.95813,10.979071],[-14.915186,10.952561],[-14.903396,10.960599],[-14.90208,10.961805],[-14.901988,10.961559],[-14.89781,10.964407],[-14.898379,11.008767],[-14.925967,11.052534],[-14.975933,11.077589],[-14.96432,11.08506],[-14.955645,11.072646],[-14.921141,11.055424],[-14.901109,11.030261],[-14.886774,11.038641],[-14.89163,11.034768],[-14.882659,10.97891],[-14.869194,10.96041],[-14.809546,10.99058],[-14.797525,11.014344],[-14.790132,11.00996],[-14.789634,11.010246],[-14.789714,11.009713],[-14.784926,11.006874],[-14.753413,11.02424],[-14.726324,11.019658],[-14.679629,11.048733],[-14.700105,11.068017],[-14.705048,11.09134],[-14.685524,11.108873],[-14.681811,11.100031],[-14.699129,11.083012],[-14.692736,11.06594],[-14.664739,11.048946],[-14.651562,11.030667],[-14.688753,11.025232],[-14.688924,10.999707],[-14.717466,10.987622],[-14.743617,10.958797],[-14.766081,10.961157],[-14.803506,10.936047],[-14.803949,10.93437],[-14.805172,10.93493],[-14.816073,10.927616],[-14.811445,10.883153],[-14.796233,10.88789],[-14.806152,10.871632],[-14.80497,10.820344],[-14.767097,10.827406],[-14.724669,10.912891],[-14.74484,10.862878],[-14.697961,10.846151],[-14.743639,10.853501],[-14.740024,10.823285],[-14.750439,10.834919],[-14.761342,10.778107],[-14.775421,10.760934],[-14.789449,10.759708],[-14.773269,10.718491],[-14.743995,10.695231],[-14.735403,10.742871],[-14.703029,10.770859],[-14.671775,10.78356],[-14.658568,10.812065],[-14.620335,10.807281],[-14.616995,10.837294],[-14.625553,10.842292],[-14.633099,10.8435],[-14.633237,10.846779],[-14.638942,10.850109],[-14.634072,10.86664],[-14.634114,10.867649],[-14.633714,10.867855],[-14.632607,10.871613],[-14.608825,10.880787],[-14.565917,10.856714],[-14.55917,10.860083],[-14.56104,10.853978],[-14.551016,10.848354],[-14.563043,10.840552],[-14.543292,10.828596],[-14.518718,10.834461],[-14.511375,10.848331],[-14.51487,10.863828],[-14.5061,10.850007],[-14.510555,10.83286],[-14.540677,10.816224],[-14.564784,10.746793],[-14.596539,10.708412],[-14.607195,10.705295],[-14.624028,10.624659],[-14.611398,10.593224],[-14.569664,10.604487],[-14.657371,10.554482],[-14.649583,10.529429],[-14.667417,10.513392],[-14.649834,10.460132],[-14.646115,10.475967],[-14.626392,10.474025],[-14.637494,10.469557],[-14.626822,10.456802],[-14.605285,10.465974],[-14.54704,10.429381],[-14.459178,10.336386],[-14.452158,10.305422],[-14.468617,10.255148],[-14.454277,10.206705],[-14.429689,10.224521],[-14.407422,10.222941],[-14.398582,10.235],[-14.364853,10.229565],[-14.316906,10.200088],[-14.308671,10.223191],[-14.289826,10.213241],[-14.288342,10.214248],[-14.275861,10.232138],[-14.276313,10.217322],[-14.273599,10.215545],[-14.253758,10.216457],[-14.225215,10.193134],[-14.220919,10.204161],[-14.22067,10.206635],[-14.219835,10.206945],[-14.218761,10.2097],[-14.214165,10.209046],[-14.202553,10.21335],[-14.195189,10.231146],[-14.188425,10.215309],[-14.200275,10.205768],[-14.150656,10.178496],[-14.149789,10.172363],[-14.145669,10.169638],[-14.148853,10.165743],[-14.147504,10.156202],[-14.131049,10.15806],[-14.139218,10.192016],[-14.124778,10.196701],[-14.096733,10.17882],[-14.085156,10.174667],[-14.080092,10.175242],[-14.068073,10.148833],[-14.049647,10.15034],[-14.007867,10.20053],[-14.045477,10.131255],[-13.998791,10.100216],[-13.992413,10.075432],[-13.975357,10.059764],[-13.97477,10.054304],[-13.959325,10.041844],[-13.953017,10.040194],[-13.941727,10.025279],[-13.936961,10.030375],[-13.928143,10.040986],[-13.927094,10.023578],[-13.909359,10.015744],[-13.91416,10.014257],[-13.913086,10.013536],[-13.918161,10.013018],[-13.924641,10.011011],[-13.924627,10.010942],[-13.924758,10.010974],[-13.931877,10.00877],[-13.937564,9.974538],[-13.949847,9.964852],[-13.885857,9.919261],[-13.841858,9.878364],[-13.824659,9.848535],[-13.787789,9.839286],[-13.728473,9.864528],[-13.713815,9.877501],[-13.697089,9.911796],[-13.689499,9.951238],[-13.663549,9.927716],[-13.664592,9.915609],[-13.662398,9.911538],[-13.657045,9.90385],[-13.649581,9.9036],[-13.656442,9.870915],[-13.636708,9.857278],[-13.653602,9.831752],[-13.612079,9.800148],[-13.62113,9.79329],[-13.616141,9.771793],[-13.593258,9.765692],[-13.55671,9.775783],[-13.560033,9.747937],[-13.569781,9.761266],[-13.619153,9.720336],[-13.627279,9.634874],[-13.65475,9.607911],[-13.66635,9.583434],[-13.665976,9.561555],[-13.693239,9.529423],[-13.704883,9.521944],[-13.704879,9.521913],[-13.704893,9.521937],[-13.722032,9.510929],[-13.715946,9.501238],[-13.63607,9.559831],[-13.604451,9.573058],[-13.59487,9.568672],[-13.573275,9.587926],[-13.58922,9.556998],[-13.541155,9.497889],[-13.52392,9.495678],[-13.500171,9.530002],[-13.483306,9.574607],[-13.48227,9.552968],[-13.51631,9.480091],[-13.502226,9.439423],[-13.464466,9.405003],[-13.403322,9.413062],[-13.394759,9.436863],[-13.395066,9.47691],[-13.387123,9.445073],[-13.394545,9.408898],[-13.419315,9.396852],[-13.423505,9.336219],[-13.408335,9.291498],[-13.41196,9.278405],[-13.429742,9.27849],[-13.430269,9.266308],[-13.409569,9.278658],[-13.369968,9.274864],[-13.348712,9.28075],[-13.347356,9.320913],[-13.337008,9.334494],[-13.295482,9.354598],[-13.308709,9.33242],[-13.288383,9.299171],[-13.256479,9.312356],[-13.270908,9.291656],[-13.297666,9.300057],[-13.314656,9.32642],[-13.324261,9.321245],[-13.325263,9.278869],[-13.310298,9.253241],[-13.307383,9.223163],[-13.320364,9.185667],[-13.318905,9.15902],[-13.27557,9.155974],[-13.264656,9.202444],[-13.256902,9.198061],[-13.257463,9.166626],[-13.221799,9.182168],[-13.206582,9.175638],[-13.174145,9.184407],[-13.167158,9.177764],[-13.1333,9.177362],[-13.115811,9.164922],[-13.158352,9.173188],[-13.190235,9.166882],[-13.22085,9.175043],[-13.289204,9.108464],[-13.298485,9.08185],[-13.31723,9.07363],[-13.317543,9.060719],[-13.297864,9.031369],[-13.2932,8.964126],[-13.284587,8.95373],[-13.237684,8.947687],[-13.231739,8.964844],[-13.213102,8.964844],[-13.192065,8.986607],[-13.183972,8.976815],[-13.183261,8.976706],[-13.183478,8.976218],[-13.179819,8.971791],[-13.20571,8.949556],[-13.216385,8.962884],[-13.231289,8.961456],[-13.229293,8.947022],[-13.198822,8.91512],[-13.163673,8.906966],[-13.133824,8.92984],[-13.075274,8.940748],[-13.089491,8.932283],[-13.063003,8.928276],[-13.061651,8.928878],[-13.060565,8.927907],[-13.050393,8.926369],[-13.061097,8.919138],[-13.107019,8.928509],[-13.137043,8.899181],[-13.159689,8.884955],[-13.128529,8.851985],[-13.000271,8.857617],[-12.995492,8.855125],[-12.983884,8.853781],[-12.980735,8.849459],[-12.99523,8.854989],[-12.968699,8.841156],[-12.910798,8.847515],[-12.860363,8.894079],[-12.867616,8.877097],[-12.873289,8.871602],[-12.873541,8.871126],[-12.87371,8.871194],[-12.89309,8.852419],[-12.95148,8.834016],[-12.961859,8.836922],[-12.96277,8.836804],[-12.962727,8.837166],[-12.990824,8.845034],[-13.004282,8.854043],[-13.088937,8.838517],[-13.135307,8.841041],[-13.205666,8.858274],[-13.245529,8.820725],[-13.248416,8.758238],[-13.238128,8.737772],[-13.244749,8.725023],[-13.24319,8.662199],[-13.211831,8.616155],[-13.197623,8.57294],[-13.169799,8.526679],[-13.147626,8.516047],[-13.108615,8.603548],[-13.126154,8.62089],[-13.125799,8.631994],[-13.152959,8.641152],[-13.131439,8.646058],[-13.101172,8.615417],[-13.077029,8.616432],[-13.061717,8.627742],[-13.059372,8.655343],[-13.045588,8.646051],[-13.068089,8.615164],[-13.095252,8.604113],[-13.08944,8.584258],[-13.072038,8.578924],[-13.071159,8.580045],[-13.070298,8.57839],[-13.056387,8.574126],[-13.049717,8.586673],[-13.021472,8.603453],[-12.969575,8.59295],[-12.934185,8.596615],[-12.915836,8.630448],[-12.897244,8.64342],[-12.875929,8.689617],[-12.884749,8.70705],[-12.868294,8.722406],[-12.857327,8.719936],[-12.883304,8.704837],[-12.872748,8.687548],[-12.897181,8.635739],[-12.913113,8.626639],[-12.932566,8.591629],[-12.954717,8.577467],[-12.918529,8.556114],[-12.896479,8.572815],[-12.869961,8.573013],[-12.790242,8.552818],[-12.770486,8.59045],[-12.773656,8.563698],[-12.789178,8.550266],[-12.816293,8.557963],[-12.857859,8.560323],[-12.880589,8.568844],[-12.943972,8.52918],[-12.967588,8.536903],[-12.967854,8.553291],[-12.990777,8.55993],[-13.012149,8.554967],[-13.02274,8.563751],[-13.042346,8.533827],[-13.022973,8.517759],[-13.051183,8.526897],[-13.061824,8.501201],[-13.083328,8.486422],[-13.104351,8.48712],[-13.107613,8.469102],[-13.138669,8.450953],[-13.134328,8.439239],[-13.083432,8.418171],[-13.065413,8.380996],[-13.079497,8.383477],[-13.093315,8.41402],[-13.106115,8.410041],[-13.141412,8.427165],[-13.185711,8.482669],[-13.201878,8.481204],[-13.209116,8.494094],[-13.292841,8.492595],[-13.280158,8.465224],[-13.279329,8.441708],[-13.293006,8.436424],[-13.233771,8.344613],[-13.201827,8.334411],[-13.194268,8.300376],[-13.167038,8.270207],[-13.153261,8.211414],[-13.163797,8.19375],[-13.16,8.169437],[-13.130243,8.196158],[-13.107176,8.201199],[-13.060944,8.238028],[-12.990696,8.236655],[-12.992813,8.208817],[-12.941961,8.154749],[-12.912002,8.091649],[-12.866592,8.09195],[-12.899695,8.087088],[-12.905078,8.042583],[-12.887272,7.958874],[-12.811519,7.919107],[-12.855518,7.940058],[-12.888846,7.946356],[-12.96017,7.914079],[-12.9252,7.869699],[-12.90202,7.866268],[-12.871476,7.825211],[-12.848882,7.809173],[-12.807355,7.788579],[-12.794704,7.809909],[-12.768745,7.817235],[-12.794108,7.799844],[-12.785627,7.758275],[-12.75446,7.742272],[-12.710525,7.701466],[-12.680436,7.708482],[-12.588336,7.684226],[-12.495633,7.749009],[-12.474561,7.779779],[-12.456654,7.766839],[-12.44236,7.773854],[-12.459566,7.783628],[-12.456766,7.788681],[-12.457812,7.784864],[-12.445847,7.785156],[-12.421211,7.763301],[-12.447575,7.751162],[-12.453621,7.723116],[-12.468344,7.721748],[-12.490764,7.744646],[-12.525241,7.687306],[-12.543485,7.683831],[-12.547437,7.669092],[-12.531675,7.647072],[-12.50739,7.637169],[-12.500666,7.64927],[-12.461584,7.66635],[-12.498582,7.642585],[-12.499667,7.631531],[-12.476521,7.614113],[-12.46229,7.552706],[-12.424927,7.557112],[-12.380486,7.542465],[-12.364778,7.559484],[-12.340235,7.551837],[-12.322224,7.528476],[-12.355215,7.552879],[-12.365523,7.536381],[-12.430442,7.529826],[-12.454476,7.509274],[-12.490002,7.448521],[-12.463805,7.423966],[-12.420112,7.431011],[-12.415066,7.427305],[-12.412987,7.427775],[-12.383084,7.405503],[-12.369757,7.40326],[-12.347017,7.378041],[-12.420194,7.412762],[-12.47518,7.407036],[-12.524368,7.383944],[-12.464373,7.376611],[-12.322889,7.333638],[-11.923949,7.177426],[-11.760491,7.098723],[-11.661356,7.040713],[-11.619315,7.006801],[-11.597399,6.977472],[-11.545696,7.016294],[-11.536719,7.055094],[-11.535833,7.028878],[-11.547666,7.003178],[-11.568928,6.988954],[-11.580543,6.968118],[-11.607028,6.97732],[-11.492084,6.927817],[-11.452479,6.883958],[-11.399047,6.85038],[-11.36525,6.792798],[-11.363646,6.766565],[-11.325772,6.755265],[-11.312528,6.767573],[-11.260033,6.784259],[-11.224201,6.777288],[-11.181892,6.71186],[-11.199356,6.673939],[-11.258583,6.690047],[-11.281593,6.707245],[-11.304709,6.712364],[-11.367975,6.769142],[-11.385574,6.743433],[-11.360366,6.706223],[-11.073748,6.584834],[-11.083222,6.623701],[-11.067664,6.585296],[-10.957427,6.52484],[-10.865656,6.462977],[-10.817976,6.413098],[-10.802358,6.384076],[-10.785124,6.395427],[-10.745315,6.404027],[-10.753161,6.396345],[-10.784292,6.393296],[-10.797926,6.373541],[-10.793211,6.35911],[-10.802651,6.326947],[-10.804134,6.330868],[-10.81753,6.311458],[-10.759699,6.273081],[-10.708853,6.253782],[-10.693737,6.233985],[-10.509501,6.184813],[-10.383504,6.140906],[-10.366615,6.132496],[-10.374148,6.114226],[-10.355276,6.102174],[-10.237295,6.050747],[-10.217518,6.033858],[-10.195313,5.986607],[-10.148038,5.96841],[-10.075396,5.919353],[-10.047359,5.912524],[-10.07002,5.909684],[-10.054506,5.892688],[-10.059829,5.868382],[-10.019461,5.832857],[-10.006537,5.809532],[-9.959434,5.778705],[-9.897147,5.718235],[-9.874753,5.708997],[-9.777964,5.602424],[-9.595266,5.477362],[-9.582294,5.449618],[-9.558722,5.4757],[-9.579435,5.440476],[-9.593901,5.433217],[-9.532076,5.407412],[-9.494922,5.379628],[-9.489362,5.342837],[-9.461626,5.306839],[-9.376315,5.24095],[-9.37581,5.227228],[-9.294836,5.182478],[-9.284356,5.170257],[-9.294797,5.149585],[-9.197882,5.106397],[-9.19903,5.100197],[-9.170156,5.080732],[-9.12921,5.064986],[-9.125004,5.04882],[-9.048314,5.01312],[-9.039088,5.005031],[-9.043895,4.984751],[-8.88923,4.938047],[-8.84926,4.91294],[-8.846979,4.898069],[-8.813646,4.881274],[-8.789722,4.852898],[-8.729277,4.831408],[-8.716048,4.808082],[-8.60681,4.776371],[-8.543729,4.746617],[-8.473476,4.702456],[-8.450795,4.67523],[-8.406281,4.652654],[-8.321318,4.629679],[-8.250116,4.572768],[-8.00319,4.525448],[-7.934228,4.502372],[-7.939539,4.495394],[-7.830508,4.455553],[-7.817562,4.431247],[-7.828048,4.419034],[-7.785146,4.403399],[-7.784191,4.391724],[-7.744933,4.385294],[-7.719895,4.371689],[-7.628592,4.362938],[-7.616951,4.354932],[-7.536858,4.362452],[-7.554803,4.374939],[-7.569597,4.398678],[-7.561391,4.419616],[-7.553576,4.383229],[-7.525023,4.369603],[-7.524463,4.362209],[-7.481684,4.361957],[-7.404765,4.383399],[-7.319433,4.430563],[-7.299929,4.45347],[-7.249742,4.466342],[-7.240497,4.488791],[-7.184214,4.521259],[-7.057418,4.538851],[-7.03125,4.548828],[-7.023943,4.566391],[-6.957077,4.622279],[-6.916661,4.644781],[-6.913709,4.663677],[-6.707012,4.693946],[-6.70292,4.706055],[-6.664923,4.7178],[-6.689254,4.733358],[-6.66584,4.733882],[-6.660539,4.718142],[-6.612359,4.735896],[-6.583935,4.765178],[-6.447498,4.792764],[-6.437775,4.810407],[-6.251013,4.863804],[-6.104923,4.931551],[-6.076689,4.957417],[-6.108067,4.971275],[-6.145182,5.028916],[-6.159071,5.045573],[-6.149298,5.03783],[-6.115666,4.99427],[-6.103493,4.992668],[-6.102481,4.993862],[-6.098658,4.99316],[-6.101109,4.992354],[-6.094758,4.991518],[-6.087385,4.991344],[-6.086432,4.990422],[-6.075541,4.988988],[-6.073149,4.977556],[-6.071777,4.976227],[-6.072659,4.975213],[-6.070338,4.964121],[-6.023546,4.969075],[-5.979848,4.98373],[-5.970794,4.995339],[-5.849626,5.03564],[-5.634139,5.067886],[-5.572804,5.088587],[-5.61699,5.086868],[-5.600078,5.111438],[-5.585519,5.095175],[-5.549327,5.08408],[-5.205375,5.122966],[-4.759041,5.153811],[-4.543254,5.187695],[-4.003921,5.247915],[-4.022853,5.264462],[-4.034068,5.259282],[-4.065259,5.271638],[-4.128684,5.265487],[-4.12887,5.266515],[-4.128935,5.266505],[-4.132335,5.285123],[-4.13224,5.285132],[-4.133065,5.289691],[-4.196751,5.297802],[-4.215428,5.290362],[-4.223077,5.274891],[-4.260694,5.275053],[-4.273453,5.259559],[-4.395881,5.259025],[-4.404462,5.240273],[-4.417867,5.246808],[-4.428095,5.233619],[-4.455549,5.225699],[-4.517274,5.235659],[-4.576991,5.225565],[-4.571437,5.205429],[-4.537425,5.210586],[-4.569932,5.1959],[-4.591745,5.213104],[-4.64575,5.22066],[-4.66871,5.214855],[-4.696793,5.183343],[-4.703178,5.184448],[-4.730983,5.186434],[-4.742153,5.17393],[-4.797645,5.165828],[-4.808951,5.17785],[-4.791224,5.229504],[-4.727832,5.240925],[-4.735125,5.282966],[-4.706739,5.271837],[-4.694397,5.295145],[-4.668829,5.31845],[-4.686418,5.276654],[-4.675007,5.268889],[-4.699931,5.259773],[-4.726027,5.265587],[-4.713724,5.244692],[-4.67762,5.236412],[-4.622882,5.260202],[-4.606938,5.246581],[-4.60776,5.270368],[-4.594035,5.264326],[-4.554119,5.268578],[-4.570684,5.294429],[-4.545045,5.268732],[-4.537803,5.275337],[-4.520634,5.261447],[-4.49224,5.274022],[-4.451293,5.266387],[-4.4655,5.292282],[-4.484823,5.286096],[-4.467549,5.307209],[-4.450343,5.300347],[-4.443727,5.309765],[-4.42156,5.307123],[-4.441114,5.298128],[-4.420388,5.295015],[-4.39748,5.302574],[-4.347752,5.282448],[-4.321867,5.325085],[-4.290875,5.312638],[-4.275811,5.323884],[-4.256554,5.312581],[-4.253778,5.292607],[-4.238907,5.288594],[-4.219357,5.314118],[-4.18611,5.304264],[-4.121396,5.30918],[-4.066566,5.30054],[-3.968176,5.330725],[-3.953242,5.320276],[-3.912429,5.32471],[-3.906873,5.353155],[-3.882068,5.316408],[-3.818538,5.301983],[-3.740657,5.275175],[-3.723587,5.284714],[-3.72674,5.300478],[-3.752305,5.309327],[-3.758032,5.333308],[-3.818709,5.376948],[-3.804826,5.382476],[-3.785866,5.368888],[-3.764225,5.369495],[-3.766592,5.340657],[-3.746128,5.330766],[-3.745605,5.314058],[-3.715701,5.295902],[-3.728243,5.273438],[-3.729567,5.25076],[-3.706923,5.230416],[-3.723806,5.21397],[-3.726891,5.204691],[-3.723807,5.197348],[-3.729071,5.198131],[-3.729402,5.197136],[-3.738144,5.19948],[-3.775861,5.205091],[-3.775864,5.204969],[-3.776102,5.205127],[-3.803092,5.209142],[-3.714718,5.18952],[-3.517846,5.166215],[-3.286814,5.127106],[-3.280951,5.148484],[-3.299833,5.153789],[-3.324587,5.171478],[-3.322028,5.187363],[-3.339821,5.188225],[-3.328917,5.204766],[-3.295862,5.198249],[-3.275373,5.231858],[-3.2496,5.243705],[-3.282019,5.241974],[-3.296114,5.252593],[-3.294007,5.284425],[-3.274915,5.286759],[-3.258411,5.30529],[-3.269868,5.332549],[-3.251754,5.358711],[-3.219925,5.357831],[-3.198944,5.348561],[-3.176072,5.372591],[-3.142077,5.357397],[-3.130239,5.336771],[-3.17228,5.302848],[-3.183141,5.252413],[-3.207906,5.237477],[-3.204721,5.224164],[-3.217577,5.211545],[-3.174949,5.17656],[-3.160467,5.175044],[-3.136516,5.14368],[-3.059347,5.147977],[-3.038323,5.132557],[-3.028057,5.140312],[-2.969579,5.114904],[-2.93331,5.153506],[-2.941233,5.170004],[-2.871461,5.186035],[-2.854898,5.168404],[-2.853191,5.15268],[-2.945145,5.123994],[-2.931405,5.098495],[-2.953484,5.085409],[-2.977733,5.089208],[-3.023875,5.120902],[-3.129444,5.111079],[-3.143764,5.127948],[-3.205201,5.13551],[-3.207304,5.15615],[-3.254958,5.168727],[-3.264377,5.147652],[-3.278461,5.146381],[-3.281633,5.130677],[-2.351692,4.932413],[-2.267311,4.900051],[-2.269649,4.890331],[-2.24813,4.881276],[-2.246784,4.855266],[-2.20759,4.83816],[-2.201907,4.821455],[-2.177473,4.815166],[-2.16696,4.79672],[-2.110698,4.788987],[-2.111292,4.754704],[-2.090202,4.74483],[-2.057172,4.743408],[-2.034209,4.758269],[-1.972782,4.759114],[-1.937861,4.806084],[-1.916737,4.813001],[-1.913861,4.825305],[-1.891669,4.827493],[-1.858865,4.847589],[-1.837765,4.848097],[-1.831159,4.861246],[-1.808313,4.873316],[-1.741886,4.881125],[-1.747698,4.896429],[-1.736975,4.922335],[-1.703846,4.934501],[-1.70757,4.944923],[-1.689211,4.962409],[-1.643832,4.971292],[-1.631081,4.991517],[-1.630176,5.014926],[-1.617244,5.026932],[-1.504395,5.042771],[-1.474784,5.055424],[-1.354266,5.079275],[-1.342207,5.091743],[-1.315488,5.097656],[-1.241234,5.102683],[-1.198446,5.127784],[-1.193688,5.137696],[-1.170831,5.14279],[-1.14758,5.163805],[-1.119361,5.172741],[-1.090952,5.194318],[-0.833978,5.21013],[-0.789597,5.226046],[-0.748226,5.273438],[-0.726902,5.285013],[-0.721746,5.300931],[-0.620062,5.33278],[-0.61253,5.347743],[-0.583331,5.359346],[-0.498098,5.37805],[-0.46299,5.416886],[-0.465551,5.428383],[-0.42137,5.451186],[-0.39852,5.477753],[-0.325051,5.509375],[-0.237427,5.525419],[-0.163301,5.551927],[-0.101621,5.575251],[-0.059024,5.606262],[0.009797,5.625465],[0.016733,5.642727],[0.044045,5.661896],[0.046499,5.676347],[0.069533,5.694182],[0.126092,5.707147],[0.139976,5.72225],[0.18887,5.745227],[0.220116,5.746998],[0.255267,5.767939],[0.324062,5.782616],[0.476271,5.788877],[0.457418,5.80665],[0.438337,5.804467],[0.408751,5.819711],[0.429471,5.817186],[0.433982,5.83649],[0.425347,5.842683],[0.422512,5.843231],[0.4235,5.844007],[0.416904,5.848737],[0.476665,5.841011],[0.492834,5.808406],[0.510999,5.806035],[0.516243,5.810479],[0.521645,5.786687],[0.661027,5.773221],[0.633756,5.79022],[0.632518,5.790725],[0.6324,5.791065],[0.629319,5.792985],[0.62819,5.793362],[0.628326,5.793605],[0.625845,5.795151],[0.625623,5.794932],[0.62556,5.795329],[0.622537,5.797213],[0.620304,5.822446],[0.645851,5.875741],[0.639228,5.909709],[0.625679,5.92645],[0.612669,5.962852],[0.56723,6.007819],[0.535192,6.013282],[0.514388,6.049372],[0.445988,6.080157],[0.406656,6.080716],[0.419126,6.086218],[0.445082,6.084422],[0.509115,6.058204],[0.555125,6.015187],[0.580094,6.008062],[0.642204,5.926469],[0.65148,5.893556],[0.643013,5.833301],[0.694337,5.772075],[0.809284,5.771341],[0.92249,5.785948],[0.96571,5.820694],[0.992105,5.87094],[0.990512,5.923679],[0.960283,5.877476],[0.9687,5.85393],[0.940925,5.820051],[0.905722,5.805642],[0.899006,5.825874],[0.883314,5.8213],[0.868638,5.833258],[0.912463,5.850826],[0.922307,5.864639],[0.907192,5.876813],[0.904489,5.893934],[0.88332,5.877092],[0.865785,5.880342],[0.874024,5.901263],[0.892614,5.913115],[0.896354,5.93905],[0.856626,5.952643],[0.86721,5.95998],[0.867137,5.960272],[0.867393,5.960107],[0.874096,5.964754],[0.878839,5.990887],[0.904108,5.988012],[0.929233,6.013334],[0.937002,6.038964],[0.956788,6.034014],[0.961136,6.021235],[0.998935,6.022889],[0.989594,6.014648],[1.024394,5.973584],[1.083416,6.048436],[1.14321,6.08814],[1.296439,6.149082],[1.486105,6.204768],[1.851537,6.282437],[1.855942,6.291007],[1.89575,6.294425],[1.929311,6.308309],[1.929288,6.309528],[1.931451,6.309194],[1.940047,6.31275],[1.972605,6.311553],[1.974413,6.302206],[2.25367,6.34498],[2.334329,6.348982],[2.428116,6.341257],[2.444337,6.35074],[2.431767,6.393146],[2.361245,6.396883],[2.356436,6.434018],[2.369177,6.473048],[2.391102,6.461197],[2.415995,6.474659],[2.429692,6.50967],[2.447318,6.50321],[2.476575,6.480736],[2.483227,6.491228],[2.499907,6.482104],[2.493691,6.471541],[2.521461,6.467853],[2.537708,6.437337],[2.563671,6.445456],[2.567791,6.447304],[2.566994,6.462207],[2.587513,6.476658],[2.649007,6.459094],[2.66138,6.448206],[2.687374,6.447742],[2.714049,6.459571],[2.745495,6.449274],[2.780823,6.450771],[2.786955,6.455244],[2.788207,6.456928],[2.788881,6.45665],[2.792779,6.459493],[2.807348,6.453711],[2.808679,6.454211],[2.811074,6.452232],[2.834286,6.443021],[2.856331,6.453543],[2.861387,6.469957],[2.88607,6.475103],[2.896361,6.486931],[2.880764,6.544452],[2.904133,6.513258],[2.897792,6.474541],[2.872043,6.466315],[2.849785,6.438276],[2.856719,6.424794],[2.878265,6.413317],[2.985803,6.406423],[3.06423,6.416601],[3.104926,6.41082],[3.10923,6.410901],[3.114381,6.412784],[3.123958,6.411179],[3.166002,6.411973],[3.199111,6.417925],[3.219591,6.410173],[3.242832,6.41687],[3.23959,6.427117],[3.281848,6.430445],[3.294026,6.432544],[3.305537,6.438957],[3.36063,6.438263],[3.365226,6.432282],[3.393333,6.439982],[3.372371,6.453235],[3.397513,6.487293],[3.403821,6.56523],[3.430941,6.56066],[3.442395,6.588594],[3.46055,6.59273],[3.466148,6.610795],[3.480631,6.607107],[3.486217,6.590819],[3.470714,6.554408],[3.491517,6.536787],[3.52682,6.528816],[3.542365,6.538764],[3.556723,6.53495],[3.580127,6.559986],[3.636018,6.555213],[3.715846,6.621728],[3.747509,6.61418],[3.762233,6.620507],[3.872649,6.617518],[3.908059,6.613651],[3.946588,6.578248],[4.011974,6.579797],[4.028361,6.563484],[4.086259,6.562181],[4.088588,6.563253],[4.088454,6.562132],[4.090705,6.562081],[4.091802,6.548239],[4.107945,6.546967],[4.112893,6.562308],[4.161869,6.592679],[4.198766,6.58728],[4.216738,6.577207],[4.208171,6.557599],[4.22685,6.560073],[4.219766,6.537497],[4.169044,6.513495],[4.153795,6.49617],[4.16085,6.476027],[4.19324,6.462526],[4.21465,6.463046],[4.22365,6.447354],[4.220162,6.423338],[4.254843,6.420826],[4.276277,6.405765],[4.296105,6.427246],[4.343023,6.422506],[4.363824,6.437472],[4.388178,6.42741],[4.421031,6.43526],[4.397716,6.423579],[4.367069,6.432127],[4.331349,6.413586],[4.393475,6.410685],[4.53989,6.387664],[4.610325,6.362452],[4.58778,6.360802],[4.573986,6.371906],[4.497166,6.390074],[4.349471,6.409045],[4.270289,6.401567],[4.250679,6.415606],[4.227081,6.41489],[4.206077,6.4247],[4.161402,6.421067],[4.142808,6.433719],[4.142676,6.433705],[4.103815,6.423881],[4.073735,6.446953],[4.06513,6.439775],[4.040578,6.465931],[4.010574,6.473901],[3.999789,6.492112],[3.967925,6.502187],[3.904065,6.504997],[3.898922,6.513818],[3.971252,6.5178],[4.017054,6.496413],[4.045248,6.505209],[4.088713,6.491552],[4.097075,6.516385],[4.090353,6.535283],[4.072881,6.546716],[4.033841,6.540112],[4.015126,6.549539],[4.005607,6.565705],[3.933077,6.580136],[3.917326,6.599224],[3.874048,6.612349],[3.856325,6.600492],[3.761162,6.589785],[3.737238,6.539943],[3.707315,6.52909],[3.689354,6.535099],[3.673265,6.518329],[3.62351,6.508057],[3.604836,6.515523],[3.575155,6.512059],[3.58108,6.491149],[3.557513,6.469829],[3.533759,6.467342],[3.530872,6.457895],[3.512423,6.467943],[3.491026,6.446728],[3.48245,6.469746],[3.468603,6.44883],[3.453257,6.445249],[3.451699,6.441811],[3.437032,6.441464],[3.43525,6.441048],[3.40279,6.44001],[3.407169,6.419629],[3.890126,6.438001],[4.346619,6.372459],[4.448047,6.343348],[4.496067,6.321109],[4.566893,6.271026],[4.737506,6.135636],[4.831502,6.048918],[4.880605,5.999241],[4.937816,5.935769],[4.938011,5.935738],[4.939072,5.934375],[4.980366,5.888562],[5.010157,5.846968],[5.044002,5.783526],[5.065788,5.769568],[5.076398,5.795938],[5.109602,5.823546],[5.266336,5.904417],[5.263026,5.936894],[5.248834,5.951577],[5.241762,5.991452],[5.265418,6.052512],[5.243764,5.991073],[5.251073,5.950554],[5.264238,5.937647],[5.273418,5.912698],[5.291624,5.917802],[5.35438,5.973425],[5.388119,5.991278],[5.4092,5.98831],[5.453465,5.999702],[5.474066,5.991954],[5.518318,5.939211],[5.537601,5.936495],[5.547603,5.947758],[5.547116,5.947732],[5.548973,5.9493],[5.557534,5.958941],[5.572148,5.951442],[5.577734,5.949343],[5.576378,5.949271],[5.580631,5.947089],[5.561842,5.946728],[5.562252,5.946017],[5.560019,5.946692],[5.55484,5.946593],[5.534403,5.931997],[5.504685,5.935305],[5.472187,5.987689],[5.45736,5.991879],[5.412603,5.976563],[5.393658,5.984903],[5.374398,5.979174],[5.367379,5.960519],[5.349282,5.956101],[5.30623,5.922488],[5.294202,5.898527],[5.295822,5.89043],[5.30912,5.880473],[5.312113,5.880743],[5.31168,5.878556],[5.313492,5.877199],[5.307737,5.858364],[5.315838,5.853443],[5.333544,5.845388],[5.333293,5.842842],[5.334681,5.841999],[5.330195,5.811517],[5.330017,5.809717],[5.352383,5.811561],[5.34805,5.805876],[5.351756,5.805257],[5.342994,5.799242],[5.336937,5.791295],[5.334016,5.759606],[5.342654,5.742627],[5.324778,5.72583],[5.328905,5.714937],[5.360691,5.695385],[5.414968,5.710501],[5.456366,5.74871],[5.472451,5.736754],[5.48538,5.707114],[5.485928,5.706234],[5.510857,5.70779],[5.51406,5.722352],[5.523892,5.700385],[5.513156,5.657552],[5.510049,5.658117],[5.509517,5.655999],[5.468665,5.66537],[5.46874,5.665638],[5.465768,5.666179],[5.470988,5.673664],[5.472573,5.679324],[5.45877,5.684438],[5.433546,5.660339],[5.455217,5.643195],[5.502066,5.620528],[5.537317,5.623398],[5.535707,5.640336],[5.549383,5.635432],[5.541925,5.605712],[5.556432,5.606834],[5.575361,5.585293],[5.566543,5.587577],[5.555303,5.603765],[5.515695,5.595238],[5.503597,5.583528],[5.504525,5.573216],[5.498201,5.564855],[5.492249,5.539634],[5.47165,5.525005],[5.4719,5.504326],[5.459828,5.481492],[5.455567,5.480054],[5.45496,5.478979],[5.442002,5.472406],[5.435324,5.449931],[5.418582,5.428448],[5.423955,5.420269],[5.470557,5.403244],[5.514675,5.509147],[5.538273,5.519282],[5.564461,5.516991],[5.596864,5.526349],[5.604292,5.543907],[5.63399,5.547391],[5.643503,5.532784],[5.65978,5.544039],[5.701512,5.535233],[5.708679,5.524438],[5.720045,5.512392],[5.728004,5.511001],[5.711986,5.493482],[5.711486,5.491398],[5.70904,5.47003],[5.705794,5.467682],[5.705249,5.465412],[5.699844,5.463378],[5.69166,5.457459],[5.665704,5.450262],[5.65809,5.429807],[5.691845,5.420012],[5.702068,5.397289],[5.711981,5.38975],[5.719211,5.385694],[5.728,5.329825],[5.743288,5.329061],[5.74506,5.330621],[5.752679,5.345559],[5.760293,5.344029],[5.762341,5.345832],[5.77244,5.341587],[5.773574,5.341359],[5.79449,5.356353],[5.790519,5.354957],[5.794058,5.359096],[5.797433,5.358463],[5.801,5.36102],[5.819617,5.341322],[5.798677,5.320678],[5.80134,5.306112],[5.812944,5.305853],[5.821511,5.307727],[5.823827,5.305609],[5.833946,5.305383],[5.848063,5.286751],[5.844984,5.27058],[5.84487,5.254884],[5.840833,5.248784],[5.83983,5.243516],[5.844447,5.230811],[5.845616,5.228999],[5.845235,5.228644],[5.846184,5.226034],[5.826639,5.206614],[5.829489,5.208082],[5.827848,5.206306],[5.826436,5.206412],[5.823097,5.203096],[5.793385,5.201635],[5.826803,5.19333],[5.84148,5.177249],[5.871394,5.193137],[5.885603,5.192177],[5.889883,5.194167],[5.892692,5.191698],[5.907341,5.190708],[5.927163,5.164651],[5.958581,5.1615],[5.99323,5.119978],[6.032186,5.095733],[6.057944,5.100538],[6.064862,5.13658],[6.079481,5.150999],[6.096435,5.152389],[6.121524,5.134956],[6.137892,5.134823],[6.158672,5.157583],[6.199223,5.167625],[6.192551,5.224974],[6.202724,5.236536],[6.241163,5.242608],[6.266283,5.230855],[6.283275,5.247605],[6.28205,5.275002],[6.289621,5.290406],[6.310916,5.29195],[6.331425,5.318072],[6.345716,5.324174],[6.379128,5.312255],[6.410728,5.313807],[6.422493,5.328715],[6.430328,5.329166],[6.432462,5.331887],[6.433894,5.329371],[6.457406,5.330723],[6.4235,5.302381],[6.4118,5.26378],[6.389901,5.246404],[6.342718,5.238095],[6.322498,5.195573],[6.310242,5.188989],[6.311413,5.16802],[6.353197,5.175781],[6.363941,5.153992],[6.335871,5.134853],[6.308244,5.142212],[6.296825,5.137249],[6.312283,5.099794],[6.295498,5.076444],[6.24198,5.084397],[6.231511,5.078413],[6.246685,5.030225],[6.257694,5.021794],[6.29153,5.026178],[6.295041,5.013855],[6.277812,5.000588],[6.258483,4.999376],[6.255442,4.993658],[6.256324,4.987753],[6.283095,4.973598],[6.278788,4.963369],[6.279073,4.962729],[6.278412,4.962476],[6.275784,4.956233],[6.255504,4.949984],[6.249588,4.928224],[6.249545,4.926708],[6.274353,4.897558],[6.262195,4.86927],[6.269821,4.834649],[6.255738,4.799704],[6.24256,4.800131],[6.23945,4.752834],[6.247814,4.742992],[6.257839,4.735317],[6.258509,4.712719],[6.242451,4.678253],[6.230256,4.672184],[6.212403,4.681811],[6.20192,4.653618],[6.197451,4.580166],[6.198457,4.578832],[6.195815,4.553275],[6.194942,4.538923],[6.20975,4.521208],[6.207514,4.457761],[6.215529,4.450678],[6.223684,4.445079],[6.222648,4.444386],[6.227286,4.440287],[6.212523,4.427192],[6.229001,4.425246],[6.246067,4.399969],[6.254675,4.419034],[6.245582,4.433006],[6.247482,4.46378],[6.232749,4.496166],[6.251367,4.474109],[6.263672,4.441856],[6.263442,4.384827],[6.307049,4.425147],[6.299346,4.431758],[6.299132,4.466658],[6.323042,4.467736],[6.323872,4.467983],[6.338096,4.479715],[6.347364,4.470935],[6.350005,4.433433],[6.34364,4.422856],[6.35335,4.401364],[6.354387,4.375281],[6.378438,4.36896],[6.40243,4.334875],[6.437789,4.346823],[6.430034,4.326843],[6.444333,4.316054],[6.582968,4.32621],[6.594976,4.332829],[6.537161,4.333076],[6.582885,4.337914],[6.583727,4.357322],[6.564685,4.360254],[6.56198,4.388907],[6.554528,4.392202],[6.546869,4.392278],[6.550621,4.419782],[6.52693,4.439539],[6.529501,4.465625],[6.499532,4.478344],[6.48695,4.525396],[6.489447,4.552425],[6.502156,4.480044],[6.536524,4.468617],[6.542704,4.474329],[6.545752,4.478237],[6.558298,4.462974],[6.577918,4.471905],[6.578151,4.478788],[6.575737,4.490154],[6.539484,4.513231],[6.579722,4.49619],[6.604041,4.46294],[6.602709,4.386948],[6.594414,4.356136],[6.629944,4.318802],[6.64569,4.333972],[6.70353,4.3414],[6.691133,4.399025],[6.672264,4.414099],[6.666076,4.435955],[6.670938,4.452961],[6.665345,4.482417],[6.654368,4.500723],[6.634255,4.508675],[6.612385,4.54175],[6.595277,4.541657],[6.597958,4.566666],[6.593232,4.578573],[6.591826,4.580196],[6.585037,4.64158],[6.603179,4.653366],[6.608726,4.636152],[6.623634,4.626602],[6.617631,4.605554],[6.639735,4.598203],[6.663557,4.546998],[6.671665,4.536341],[6.676257,4.531442],[6.675756,4.530964],[6.678293,4.52763],[6.659814,4.5113],[6.683076,4.445687],[6.699416,4.423579],[6.689273,4.511657],[6.712392,4.558705],[6.721082,4.6014],[6.712466,4.620178],[6.728358,4.617341],[6.731943,4.581326],[6.724703,4.551179],[6.714705,4.542828],[6.696678,4.496347],[6.716846,4.407663],[6.713056,4.363773],[6.735168,4.349691],[6.771004,4.347098],[6.867207,4.358566],[6.871327,4.36489],[6.833115,4.404957],[6.833347,4.431451],[6.800917,4.528596],[6.795849,4.570313],[6.828188,4.605296],[6.800286,4.64741],[6.776297,4.665646],[6.759566,4.735049],[6.75956,4.770167],[6.739375,4.790142],[6.730376,4.788962],[6.73061,4.817068],[6.74057,4.824785],[6.753004,4.807466],[6.787296,4.816041],[6.781012,4.805863],[6.795303,4.801629],[6.801548,4.801516],[6.801999,4.799646],[6.813332,4.796288],[6.818891,4.79962],[6.824417,4.818877],[6.824323,4.821901],[6.825159,4.821462],[6.826416,4.825842],[6.855911,4.807507],[6.883823,4.803799],[6.910703,4.79073],[6.911996,4.790662],[6.911864,4.790165],[6.91618,4.788067],[6.920376,4.788157],[6.924006,4.791042],[6.923579,4.788225],[6.927452,4.788309],[6.929668,4.793741],[6.939856,4.79036],[6.934487,4.788459],[6.941484,4.788609],[6.941489,4.788619],[6.941494,4.78861],[6.944725,4.788679],[6.94961,4.773795],[6.965782,4.770493],[6.965074,4.762437],[6.970638,4.758736],[7.000703,4.773936],[7.009075,4.77004],[7.003585,4.742496],[7.029815,4.714929],[7.058596,4.725789],[7.053515,4.766692],[7.075678,4.77056],[7.091503,4.692013],[7.105346,4.674971],[7.151476,4.663021],[7.159386,4.692163],[7.16096,4.650399],[7.169871,4.669054],[7.175835,4.631335],[7.19147,4.623911],[7.206847,4.626043],[7.207519,4.63537],[7.20593,4.637743],[7.207832,4.63972],[7.2081,4.643441],[7.221315,4.653737],[7.225081,4.657652],[7.225107,4.656692],[7.227898,4.658866],[7.233095,4.630987],[7.226002,4.627739],[7.221841,4.622038],[7.224181,4.604232],[7.229166,4.599437],[7.231387,4.592477],[7.248152,4.573278],[7.241037,4.542025],[7.266743,4.502086],[7.294894,4.506315],[7.29309,4.509143],[7.282691,4.516022],[7.28542,4.521168],[7.270556,4.544472],[7.266394,4.585359],[7.288429,4.593042],[7.291084,4.606698],[7.326747,4.591016],[7.336013,4.579213],[7.380433,4.570871],[7.382714,4.569049],[7.388652,4.568986],[7.389155,4.563905],[7.397059,4.557591],[7.408299,4.570659],[7.410877,4.546421],[7.423458,4.565337],[7.433596,4.545509],[7.447148,4.545921],[7.451283,4.55063],[7.451419,4.552389],[7.452464,4.552602],[7.452188,4.551662],[7.454877,4.554725],[7.452688,4.554649],[7.455895,4.557411],[7.456762,4.556871],[7.47358,4.576028],[7.499904,4.556852],[7.513945,4.533417],[7.521689,4.55404],[7.543743,4.575992],[7.526894,4.600264],[7.518652,4.632094],[7.522236,4.688476],[7.528002,4.655884],[7.523281,4.629018],[7.549338,4.577148],[7.528178,4.548783],[7.561478,4.513994],[7.575759,4.514149],[7.601767,4.490269],[7.607473,4.473808],[7.662853,4.494265],[7.650323,4.514159],[7.672328,4.519593],[7.673424,4.519195],[7.673565,4.519264],[7.678392,4.517388],[7.692556,4.512236],[7.709327,4.514819],[7.723636,4.518192],[7.732844,4.509886],[7.985585,4.542281],[8.165337,4.546231],[8.280052,4.535576],[8.289122,4.576288],[8.307766,4.594757],[8.309506,4.599138],[8.307123,4.608616],[8.314485,4.611674],[8.327482,4.644398],[8.312292,4.654597],[8.30805,4.675306],[8.278847,4.683924],[8.286886,4.688529],[8.324345,4.668412],[8.323558,4.709333],[8.311752,4.722109],[8.318167,4.746483],[8.300127,4.772013],[8.272101,4.787532],[8.257975,4.810447],[8.221727,4.832485],[8.20065,4.866188],[8.180683,4.881353],[8.12454,4.971949],[8.120217,5.003302],[8.103081,5.021024],[8.097761,5.111169],[8.071041,5.134466],[8.065483,5.146627],[8.065425,5.146702],[8.065447,5.146705],[8.058848,5.161145],[8.063485,5.202887],[8.048374,5.215722],[8.019127,5.220982],[7.992511,5.201182],[7.973001,5.213915],[7.977955,5.208203],[7.971573,5.212476],[7.97084,5.215325],[7.968313,5.216975],[7.969897,5.244988],[7.988101,5.285856],[8.013282,5.311345],[8.031901,5.313129],[8.053303,5.331764],[8.088209,5.327245],[8.081297,5.296227],[8.05657,5.312683],[8.051835,5.312494],[8.03751,5.309695],[8.039389,5.312],[8.023101,5.311353],[8.007141,5.301856],[7.975635,5.236285],[7.977846,5.215863],[7.999535,5.211677],[8.011745,5.240174],[8.024873,5.241924],[8.028082,5.246065],[8.031496,5.242807],[8.03653,5.243478],[8.056681,5.221071],[8.071901,5.188106],[8.070594,5.145148],[8.112383,5.110788],[8.148404,5.048488],[8.150439,5.050083],[8.153149,5.053685],[8.15419,5.053022],[8.159703,5.05734],[8.181893,5.04293],[8.182872,5.035415],[8.189563,5.031613],[8.184411,5.023613],[8.184906,5.019813],[8.212663,5.008085],[8.211778,5.001263],[8.21448,4.999455],[8.210752,4.993361],[8.210547,4.991782],[8.239067,4.95991],[8.235834,4.92732],[8.257964,4.910188],[8.319548,4.980945],[8.303431,4.9837],[8.320879,4.984542],[8.32329,4.97414],[8.267605,4.903718],[8.274672,4.882265],[8.314704,4.855557],[8.310221,4.838832],[8.32366,4.825101],[8.337661,4.828601],[8.332672,4.804456],[8.376623,4.776161],[8.394922,4.781937],[8.407789,4.816787],[8.395181,4.856571],[8.39008,4.859388],[8.387469,4.858676],[8.385272,4.862044],[8.358677,4.876733],[8.393349,4.864929],[8.404987,4.849985],[8.412559,4.816825],[8.385717,4.753767],[8.396374,4.735497],[8.418342,4.72715],[8.448671,4.735669],[8.459482,4.7628],[8.481076,4.730753],[8.463863,4.726189],[8.456392,4.698617],[8.480198,4.68909],[8.509373,4.694016],[8.507986,4.704195],[8.531653,4.710421],[8.520425,4.747364],[8.536714,4.799395],[8.56082,4.819693],[8.575052,4.813827],[8.576005,4.816968],[8.579353,4.812055],[8.589583,4.807838],[8.627114,4.825482],[8.600478,4.873041],[8.626966,4.849749],[8.630687,4.821636],[8.60531,4.803007],[8.568798,4.79947],[8.5583,4.777642],[8.568142,4.761327],[8.567796,4.734009],[8.594742,4.729275],[8.595647,4.746094],[8.638818,4.755291],[8.632278,4.743234],[8.632858,4.739911],[8.643053,4.737417],[8.648873,4.684579],[8.675929,4.664523],[8.702918,4.671446],[8.705583,4.696709],[8.698702,4.711006],[8.720129,4.73063],[8.711109,4.734967],[8.716599,4.763902],[8.717195,4.763036],[8.725323,4.76386],[8.724157,4.752921],[8.730146,4.744219],[8.714308,4.71532],[8.703245,4.711572],[8.71376,4.685811],[8.700415,4.664647],[8.678772,4.649408],[8.694536,4.623371],[8.703349,4.581295],[8.740873,4.561206],[8.768698,4.532114],[8.79699,4.545072],[8.758979,4.62408],[8.760208,4.639652],[8.739541,4.645285],[8.729785,4.676898],[8.76155,4.738648],[8.735074,4.671714],[8.746045,4.645998],[8.805027,4.663239],[8.817664,4.6846],[8.817664,4.685047],[8.81785,4.684914],[8.829696,4.704938],[8.832691,4.731746],[8.8096,4.769485],[8.842094,4.728716],[8.819196,4.631485],[8.837086,4.632605],[8.859627,4.595327],[8.884401,4.579687],[8.88152,4.517321],[8.89998,4.503351],[8.937663,4.561049],[8.936937,4.572685],[8.957245,4.598751],[8.949926,4.575526],[8.951336,4.57575],[8.946721,4.565356],[8.939469,4.542342],[8.895619,4.476581],[8.895457,4.458289],[8.907394,4.452017],[8.883485,4.439599],[8.880385,4.407942],[8.896555,4.363611],[8.91406,4.353613],[8.923311,4.32207],[8.914622,4.287416],[8.933799,4.258091],[8.971466,4.236002],[8.984809,4.219189],[8.998482,4.179098],[8.977107,4.096672],[9.015246,4.066125],[9.052023,4.056213],[9.12566,4.005409],[9.136092,4.01484],[9.149956,4.007341],[9.195713,4.011928],[9.20812,4.00566],[9.211376,3.985029],[9.204452,3.964289],[9.230786,3.962202],[9.239694,3.94292],[9.253928,3.959803],[9.27105,3.963768],[9.301832,4.003847],[9.313317,4.000567],[9.323478,4.007382],[9.32332,4.008529],[9.325843,4.008968],[9.371178,4.039372],[9.374974,4.053435],[9.395268,4.064584],[9.39553,4.062701],[9.395597,4.062734],[9.395622,4.062044],[9.397776,4.046571],[9.417222,4.061029],[9.417124,4.063861],[9.42886,4.074632],[9.435209,4.074403],[9.447997,4.083911],[9.463524,4.07485],[9.473194,4.114309],[9.479915,4.115967],[9.479983,4.116864],[9.480529,4.116119],[9.484305,4.117051],[9.482685,4.118186],[9.488163,4.118003],[9.491238,4.118762],[9.496931,4.098846],[9.487597,4.083995],[9.500969,4.057022],[9.526407,4.039503],[9.529129,4.02521],[9.581871,4.004256],[9.624958,4.019157],[9.654925,4.051163],[9.692527,4.067337],[9.681491,4.088597],[9.695618,4.115631],[9.696745,4.117052],[9.697,4.12167],[9.702285,4.124041],[9.722489,4.14953],[9.752472,4.150246],[9.753242,4.186014],[9.759254,4.14133],[9.750807,4.109824],[9.732716,4.105962],[9.706292,4.068676],[9.667591,4.031663],[9.678746,4.003529],[9.697032,4.008445],[9.721825,3.991956],[9.677385,4.001748],[9.658909,4.015512],[9.623824,3.970304],[9.624282,3.947116],[9.634373,3.9396],[9.687819,3.940879],[9.701799,3.934585],[9.754085,3.944734],[9.765648,3.960083],[9.782144,3.963798],[9.76238,3.940567],[9.761638,3.925053],[9.741928,3.936038],[9.679038,3.906459],[9.716332,3.8656],[9.735592,3.861357],[9.772799,3.87204],[9.742876,3.85723],[9.744666,3.836531],[9.758099,3.809816],[9.77917,3.817289],[9.799255,3.814317],[9.770281,3.801369],[9.755098,3.807407],[9.731287,3.84216],[9.711879,3.854044],[9.687451,3.840042],[9.710675,3.76984],[9.699821,3.761522],[9.699931,3.76132],[9.699084,3.760957],[9.675485,3.742872],[9.697539,3.703529],[9.667965,3.738132],[9.689474,3.753943],[9.696549,3.786925],[9.690355,3.825253],[9.6271,3.868481],[9.612645,3.86405],[9.599089,3.833182],[9.595421,3.799526],[9.616627,3.760382],[9.656245,3.746997],[9.617242,3.745089],[9.630377,3.715602],[9.663144,3.692143],[9.659194,3.684174],[9.620502,3.719981],[9.614739,3.74104],[9.596867,3.749298],[9.582474,3.792801],[9.550977,3.818077],[9.62182,3.699834],[9.643214,3.655821],[9.643346,3.656895],[9.643518,3.655196],[9.652589,3.636535],[9.638675,3.585943],[9.672033,3.586976],[9.672553,3.587369],[9.672505,3.58699],[9.680431,3.587235],[9.722131,3.595752],[9.750161,3.620615],[9.778549,3.635538],[9.813671,3.639994],[9.878826,3.61102],[9.906002,3.624107],[9.950991,3.631271],[9.978853,3.643996],[9.996852,3.662626],[9.998623,3.684571],[10.032499,3.746789],[10.057622,3.776168],[10.103099,3.792705],[10.099849,3.783005],[10.058633,3.767727],[10.007453,3.69046],[9.99673,3.645413],[9.971543,3.631474],[9.97238,3.631246],[9.97061,3.630958],[9.961682,3.626017],[9.950161,3.624308],[9.950131,3.623984],[9.949651,3.624233],[9.930319,3.621366],[9.910629,3.611392],[9.871003,3.602418],[9.814017,3.630218],[9.774638,3.623466],[9.755391,3.612309],[9.742164,3.590709],[9.710046,3.566929],[9.64853,3.540565],[9.773106,3.442522],[9.875766,3.327996],[9.898309,3.295176],[9.905974,3.261822],[9.919227,3.264572],[9.916452,3.265598],[9.924019,3.265566],[9.932258,3.267275],[9.932296,3.2673],[9.932295,3.267282],[9.943369,3.269579],[9.967197,3.280236],[9.978278,3.304571],[9.984576,3.30623],[9.985116,3.306608],[9.985074,3.306361],[9.993413,3.308559],[10.00836,3.318358],[10.010628,3.321448],[10.014232,3.322208],[10.03458,3.335549],[10.031456,3.327747],[9.982551,3.302711],[9.97004,3.281757],[9.925527,3.250885],[9.924345,3.248541],[9.923017,3.249144],[9.919127,3.246446],[9.911017,3.252976],[9.910869,3.252971],[9.910775,3.25317],[9.897001,3.264262],[9.975368,3.090242],[9.964793,3.077888],[9.968185,3.060681],[9.950695,3.009609],[9.926173,2.995054],[9.913922,2.975607],[9.883219,2.846044],[9.894814,2.802441],[9.877414,2.768482],[9.876763,2.738323],[9.859349,2.720342],[9.861684,2.700929],[9.851953,2.686768],[9.841607,2.621597],[9.823953,2.569977],[9.824732,2.520758],[9.817501,2.510881],[9.828083,2.442868],[9.819161,2.425103],[9.823539,2.351164],[9.841943,2.329012],[9.834058,2.295532],[9.850208,2.246675],[9.831046,2.290077],[9.833947,2.32204],[9.825845,2.341375],[9.799444,2.337605],[9.775423,2.317036],[9.790107,2.267648],[9.793759,2.145007],[9.783719,2.119056],[9.767797,2.109375],[9.765073,2.094173],[9.811321,1.944584],[9.806487,1.908563],[9.792212,1.905849],[9.787864,1.882317],[9.743122,1.845284],[9.73961,1.798303],[9.704948,1.755631],[9.682104,1.746346],[9.655956,1.706247],[9.608831,1.667216],[9.604405,1.633662],[9.628933,1.588623],[9.646367,1.576293],[9.675843,1.568153],[9.701295,1.583296],[9.703041,1.584548],[9.702566,1.584053],[9.717218,1.59277],[9.716439,1.587499],[9.723906,1.593393],[9.735183,1.593285],[9.716374,1.587058],[9.714679,1.575586],[9.659452,1.554682],[9.630144,1.574303],[9.620608,1.590301],[9.597271,1.574941],[9.561302,1.487558],[9.549281,1.485522],[9.542381,1.466697],[9.478935,1.419005],[9.458866,1.39166],[9.461687,1.33472],[9.441873,1.315592],[9.427316,1.284349],[9.395632,1.273355],[9.384006,1.213445],[9.369226,1.186145],[9.344594,1.180344],[9.360083,1.154133],[9.356305,1.142348],[9.375206,1.133552],[9.387187,1.107495],[9.409682,1.10032],[9.479781,1.136966],[9.530207,1.130955],[9.549337,1.115078],[9.570283,1.079321],[9.586621,1.029846],[9.673256,1.079429],[9.681962,1.118958],[9.74431,1.167861],[9.762803,1.168712],[9.695342,1.12201],[9.694739,1.081232],[9.730239,1.094347],[9.7621,1.092554],[9.820557,1.071452],[9.858524,1.089475],[9.869159,1.077428],[9.784631,1.055385],[9.796286,1.027979],[9.797506,1.001086],[9.844145,1.007501],[9.888084,0.981166],[9.84375,1.002232],[9.78285,0.990482],[9.781958,1.015786],[9.744331,1.059925],[9.689872,1.052176],[9.661558,1.056199],[9.654976,1.02003],[9.625366,1.009828],[9.590288,1.010957],[9.574932,0.997296],[9.553037,0.955118],[9.55162,0.937744],[9.566928,0.920865],[9.585281,0.826638],[9.593979,0.818508],[9.617115,0.736001],[9.605531,0.617128],[9.619053,0.588342],[9.616283,0.541496],[9.607847,0.518775],[9.595603,0.516221],[9.590698,0.482876],[9.613929,0.449859],[9.585563,0.476612],[9.577474,0.472885],[9.574776,0.499412],[9.560855,0.526923],[9.569638,0.554879],[9.558274,0.595099],[9.551756,0.596494],[9.540802,0.565781],[9.489868,0.594555],[9.475384,0.58373],[9.453876,0.589811],[9.492606,0.600725],[9.533217,0.590562],[9.536783,0.612417],[9.514048,0.663506],[9.499028,0.668623],[9.447672,0.641476],[9.400203,0.645273],[9.378205,0.621364],[9.323215,0.619023],[9.307844,0.593256],[9.307792,0.516465],[9.318779,0.505433],[9.335678,0.521405],[9.352391,0.518476],[9.382706,0.494299],[9.424022,0.416147],[9.472225,0.353173],[9.47238,0.3382],[9.503229,0.282998],[9.513574,0.293961],[9.512913,0.295477],[9.514007,0.297405],[9.513638,0.294029],[9.516396,0.296952],[9.516581,0.297462],[9.516708,0.297282],[9.526638,0.307806],[9.538688,0.291577],[9.581473,0.327706],[9.578313,0.360637],[9.587466,0.340955],[9.583214,0.323779],[9.565872,0.303414],[9.596864,0.263795],[9.653081,0.23655],[9.679456,0.211431],[9.709784,0.223689],[9.729373,0.26711],[9.71403,0.206396],[9.757602,0.182137],[9.802588,0.169459],[9.83503,0.169165],[9.92912,0.197768],[9.952407,0.190822],[9.965402,0.175781],[10.036026,0.197945],[10.087515,0.166099],[10.112863,0.170171],[10.090047,0.153811],[10.026657,0.191623],[10.009342,0.17829],[10.009208,0.175781],[10.004481,0.174547],[9.996022,0.168033],[9.962466,0.166346],[9.922287,0.185555],[9.902435,0.167909],[9.836317,0.145117],[9.819046,0.1285],[9.808218,0.138876],[9.766656,0.133648],[9.757127,0.126802],[9.772363,0.086941],[9.819457,0.01036],[9.78612,0.035615],[9.768922,0.062527],[9.764668,0.085104],[9.741226,0.116317],[9.692065,0.131945],[9.668964,0.132225],[9.661057,0.123516],[9.645582,0.147225],[9.626732,0.153357],[9.591271,0.124491],[9.601471,0.047892],[9.576694,0.152663],[9.516086,0.172402],[9.493649,0.149874],[9.506393,0.088571],[9.481521,0.106154],[9.479172,0.136575],[9.453029,0.180771],[9.43862,0.177993],[9.425022,0.204817],[9.405798,0.192045],[9.404573,0.173375],[9.390486,0.207589],[9.377695,0.199751],[9.377103,0.181449],[9.363343,0.191007],[9.383165,0.20701],[9.389075,0.224907],[9.372222,0.291546],[9.378204,0.307395],[9.349888,0.351563],[9.333036,0.331525],[9.317265,0.331025],[9.301501,0.30495],[9.313717,0.192954],[9.346742,0.03522],[9.345674,-0.019944],[9.327924,-0.045512],[9.326923,-0.151359],[9.304974,-0.206984],[9.294055,-0.385419],[9.237708,-0.488614],[9.215707,-0.505725],[9.19639,-0.540606],[9.158144,-0.568269],[9.144035,-0.608092],[9.104957,-0.639974],[9.105413,-0.666542],[9.129736,-0.702171],[9.13734,-0.750293],[9.163614,-0.793306],[9.136748,-0.757388],[9.134432,-0.733154],[9.118877,-0.702673],[9.100033,-0.714942],[9.097034,-0.770979],[9.091212,-0.712187],[9.074809,-0.705518],[9.051329,-0.733493],[9.039756,-0.761612],[9.055888,-0.778479],[9.054704,-0.780203],[9.055019,-0.780563],[9.046965,-0.791478],[9.0242,-0.824646],[9.021376,-0.886806],[9.017145,-0.895478],[9.010756,-0.915699],[9.012864,-0.934868],[9.027546,-0.96001],[9.045681,-0.972912],[9.069369,-1.020284],[9.125996,-1.04624],[9.201848,-1.044955],[9.208333,-1.059967],[9.231479,-1.072528],[9.252208,-1.061177],[9.31006,-1.065401],[9.381485,-0.993325],[9.450714,-0.991938],[9.478995,-1.000922],[9.506858,-0.984029],[9.578537,-0.959982],[9.582053,-0.957829],[9.582052,-0.957827],[9.582061,-0.957823],[9.640246,-0.922184],[9.686542,-0.912643],[9.723838,-0.869531],[9.722688,-0.883122],[9.703357,-0.908219],[9.705336,-0.906986],[9.697308,-0.917724],[9.69647,-0.91716],[9.69129,-0.923884],[9.625722,-0.941594],[9.586926,-0.96855],[9.547293,-0.979661],[9.55969,-0.995497],[9.550618,-1.024354],[9.518585,-1.019478],[9.515236,-1.003831],[9.511165,-1.004296],[9.511127,-1.004329],[9.511133,-1.0043],[9.502769,-1.005255],[9.504604,-1.006905],[9.496383,-1.006345],[9.496876,-1.005927],[9.485954,-1.007175],[9.459332,-1.024188],[9.442984,-1.025144],[9.441432,-1.025913],[9.422397,-1.039848],[9.425136,-1.06017],[9.412549,-1.081702],[9.405539,-1.083392],[9.404376,-1.084338],[9.403719,-1.08383],[9.377834,-1.09007],[9.431535,-1.114727],[9.439621,-1.106883],[9.476796,-1.106331],[9.481528,-1.111385],[9.481855,-1.111504],[9.481765,-1.111638],[9.506238,-1.137769],[9.559122,-1.117928],[9.560384,-1.137233],[9.547008,-1.128473],[9.526813,-1.137999],[9.525327,-1.179483],[9.507375,-1.1905],[9.492962,-1.15551],[9.478269,-1.159179],[9.466083,-1.139696],[9.407143,-1.116194],[9.393114,-1.102344],[9.357951,-1.093407],[9.335134,-1.101247],[9.329757,-1.100232],[9.328954,-1.100653],[9.324243,-1.099191],[9.291413,-1.092994],[9.280193,-1.097339],[9.279136,-1.098734],[9.274977,-1.09937],[9.275117,-1.099305],[9.268644,-1.101812],[9.203106,-1.086261],[9.15337,-1.122995],[9.147879,-1.182059],[9.152188,-1.204377],[9.153457,-1.208023],[9.187719,-1.223882],[9.187953,-1.225845],[9.188028,-1.22587],[9.188267,-1.228475],[9.193169,-1.269552],[9.159575,-1.347834],[9.153538,-1.354375],[9.151617,-1.358514],[9.147486,-1.360932],[9.13921,-1.369898],[9.123938,-1.375927],[9.118624,-1.395183],[9.13021,-1.398981],[9.130221,-1.379016],[9.147963,-1.386305],[9.159891,-1.367646],[9.176715,-1.387666],[9.165806,-1.41433],[9.196406,-1.455058],[9.203699,-1.443678],[9.215582,-1.452584],[9.222901,-1.453761],[9.221534,-1.457045],[9.225846,-1.460277],[9.237827,-1.439013],[9.255774,-1.427334],[9.250322,-1.415625],[9.273158,-1.40625],[9.268886,-1.392745],[9.288603,-1.396559],[9.298879,-1.420014],[9.32943,-1.413722],[9.340823,-1.380905],[9.324031,-1.328031],[9.345341,-1.323149],[9.338568,-1.339716],[9.346465,-1.361607],[9.362159,-1.362917],[9.350094,-1.383833],[9.35048,-1.406716],[9.34125,-1.412156],[9.34381,-1.434291],[9.321747,-1.448438],[9.283372,-1.45152],[9.304896,-1.483497],[9.284422,-1.50419],[9.267692,-1.472109],[9.241769,-1.465547],[9.236934,-1.488913],[9.263255,-1.499004],[9.247374,-1.503984],[9.25183,-1.52994],[9.28112,-1.539932],[9.278739,-1.566825],[9.29574,-1.60685],[9.321103,-1.616256],[9.360759,-1.593506],[9.382652,-1.598739],[9.445667,-1.554846],[9.43189,-1.511067],[9.452984,-1.49636],[9.459725,-1.508903],[9.483122,-1.51592],[9.491821,-1.55668],[9.484618,-1.577379],[9.495767,-1.61602],[9.504046,-1.624442],[9.562743,-1.637187],[9.548573,-1.63814],[9.550689,-1.639045],[9.548066,-1.639053],[9.548437,-1.638149],[9.479453,-1.642786],[9.425789,-1.630843],[9.415578,-1.638362],[9.432962,-1.646249],[9.420805,-1.688511],[9.43158,-1.7033],[9.405313,-1.690248],[9.399927,-1.67659],[9.411244,-1.648578],[9.388716,-1.640291],[9.366015,-1.656345],[9.332114,-1.665365],[9.316928,-1.682754],[9.304121,-1.663645],[9.290913,-1.683891],[9.302597,-1.700918],[9.295653,-1.709146],[9.281871,-1.677151],[9.292386,-1.655527],[9.282855,-1.65342],[9.278224,-1.631204],[9.28407,-1.610764],[9.260583,-1.589988],[9.272278,-1.579609],[9.259626,-1.565402],[9.234228,-1.574857],[9.229815,-1.558924],[9.196946,-1.543956],[9.161217,-1.505856],[9.150569,-1.479494],[9.126711,-1.459377],[9.118103,-1.427589],[9.10132,-1.414198],[9.099249,-1.412721],[9.099444,-1.412701],[9.094338,-1.408627],[9.095673,-1.390504],[9.069317,-1.368891],[9.036235,-1.358974],[9.016071,-1.336119],[8.982755,-1.266094],[8.99687,-1.305115],[9.019459,-1.347115],[9.197515,-1.570451],[9.23754,-1.645513],[9.270119,-1.781291],[9.258865,-1.795925],[9.26418,-1.859202],[9.275308,-1.876616],[9.296353,-1.8561],[9.325171,-1.858774],[9.313347,-1.875252],[9.319526,-1.885691],[9.318589,-1.888267],[9.318717,-1.88835],[9.318161,-1.889442],[9.311002,-1.909119],[9.341007,-1.916473],[9.349751,-1.889617],[9.363631,-1.889783],[9.37027,-1.848812],[9.417164,-1.867796],[9.410424,-1.888946],[9.433812,-1.91369],[9.433095,-1.879371],[9.458934,-1.904061],[9.457263,-1.876066],[9.469416,-1.870538],[9.50113,-1.898068],[9.486169,-1.913974],[9.502222,-1.925415],[9.506693,-1.94399],[9.527063,-1.967468],[9.510105,-1.9726],[9.511122,-2.0094],[9.53842,-2.01641],[9.542567,-2.029535],[9.559106,-2.017177],[9.560162,-2.038184],[9.574807,-2.048949],[9.563158,-2.083626],[9.542796,-2.086778],[9.538574,-2.063607],[9.53752,-2.063206],[9.538394,-2.062619],[9.534226,-2.039747],[9.521714,-2.046242],[9.505714,-2.025791],[9.499301,-2.024973],[9.499066,-2.025833],[9.498584,-2.024882],[9.48522,-2.023178],[9.486092,-1.956609],[9.469041,-1.945122],[9.411199,-1.946649],[9.402184,-1.94208],[9.389692,-1.95811],[9.383255,-1.913981],[9.356449,-1.950446],[9.348062,-1.940104],[9.361023,-1.920771],[9.332626,-1.928183],[9.324783,-1.915209],[9.309265,-1.915895],[9.300789,-1.897292],[9.272474,-1.879997],[9.296821,-1.920374],[9.352981,-1.978266],[9.401899,-2.045174],[9.554145,-2.202426],[9.584575,-2.248669],[9.587048,-2.339746],[9.627653,-2.406086],[9.725441,-2.477884],[9.762816,-2.52236],[9.783179,-2.518302],[9.799186,-2.50131],[9.798542,-2.483644],[9.818178,-2.473091],[9.824388,-2.454255],[9.834222,-2.45909],[9.837973,-2.473914],[9.838059,-2.473885],[9.838022,-2.474105],[9.841617,-2.488313],[9.850033,-2.491557],[9.847514,-2.442073],[9.859602,-2.437877],[9.869444,-2.45981],[9.883706,-2.436414],[9.878562,-2.41889],[9.897022,-2.424726],[9.899511,-2.448342],[9.869481,-2.480633],[9.874617,-2.493123],[9.909465,-2.471693],[9.889964,-2.495962],[9.900654,-2.50796],[9.905901,-2.492781],[9.924531,-2.498148],[9.933929,-2.519114],[9.954118,-2.518555],[9.961608,-2.494155],[9.974016,-2.519458],[10.015365,-2.535828],[9.982451,-2.545518],[9.979355,-2.562039],[9.996709,-2.580125],[9.985429,-2.606186],[10.000132,-2.604278],[10.012439,-2.625104],[10.036019,-2.610425],[10.060627,-2.572056],[10.060088,-2.571875],[10.061555,-2.56939],[10.06176,-2.570289],[10.06879,-2.559328],[10.086136,-2.573245],[10.081998,-2.60338],[10.103095,-2.603599],[10.131333,-2.625822],[10.14757,-2.624275],[10.105201,-2.538551],[10.094376,-2.551765],[10.078134,-2.536439],[10.088483,-2.533242],[10.07613,-2.514097],[10.164768,-2.553105],[10.168387,-2.579495],[10.191131,-2.581246],[10.189461,-2.593544],[10.221366,-2.591209],[10.225155,-2.600857],[10.195313,-2.607143],[10.21071,-2.626251],[10.189788,-2.637986],[10.169503,-2.625782],[10.168473,-2.610412],[10.153706,-2.636719],[10.099395,-2.637917],[10.087598,-2.672718],[10.093572,-2.696693],[10.045495,-2.692098],[10.039796,-2.685037],[10.01888,-2.695247],[10.030739,-2.715372],[10.011753,-2.715094],[9.99635,-2.72977],[10.007025,-2.701759],[10.025087,-2.682282],[10.011614,-2.681106],[10.005917,-2.653763],[10.016903,-2.667795],[10.032526,-2.662757],[10.027128,-2.651075],[9.993642,-2.641999],[9.980246,-2.667559],[9.975042,-2.637604],[9.943307,-2.621901],[9.920662,-2.585985],[9.889767,-2.579792],[9.87976,-2.55825],[9.857908,-2.555626],[9.861639,-2.537701],[9.84375,-2.548828],[9.844802,-2.501786],[9.825672,-2.510875],[9.826213,-2.502238],[9.82564,-2.502761],[9.826276,-2.501237],[9.828297,-2.469007],[9.810542,-2.508394],[9.770339,-2.52672],[9.754489,-2.522763],[9.735856,-2.496131],[9.662971,-2.434823],[9.878028,-2.652452],[9.883186,-2.684544],[9.896307,-2.701566],[10.222873,-2.939513],[10.419409,-3.095539],[10.527942,-3.213447],[10.544577,-3.256145],[10.652177,-3.330729],[10.67444,-3.401846],[10.665948,-3.433968],[10.683094,-3.428445],[10.69425,-3.448798],[10.709138,-3.446776],[10.705504,-3.470582],[10.661723,-3.439738],[10.655257,-3.416064],[10.640447,-3.435269],[10.842704,-3.5919],[10.943055,-3.689247],[11.019458,-3.785346],[11.007264,-3.817624],[11.021984,-3.858682],[11.06977,-3.900354],[11.238792,-4.015511],[11.273117,-4.005489],[11.271541,-3.993722],[11.301246,-3.957459],[11.314701,-3.957943],[11.323428,-3.938202],[11.341763,-3.938232],[11.326302,-3.972788],[11.293949,-3.984809],[11.290063,-3.997669],[11.255464,-4.017092],[11.233415,-4.016031],[11.291856,-4.059504],[11.37415,-4.145],[11.373255,-4.17875],[11.396114,-4.213699],[11.711812,-4.473591],[11.747867,-4.419384],[11.776455,-4.412784],[11.796193,-4.386491],[11.817408,-4.377369],[11.774127,-4.417465],[11.740989,-4.435475],[11.734042,-4.456962],[11.725854,-4.465975],[11.725822,-4.466068],[11.725806,-4.466027],[11.714392,-4.478591],[11.797604,-4.563106],[11.825997,-4.611491],[11.822379,-4.63437],[11.799345,-4.660369],[11.781681,-4.659262],[11.785774,-4.681859],[11.849,-4.746094],[11.8498,-4.786034],[11.824,-4.788497],[11.891092,-4.862483],[11.897904,-4.884089],[11.96708,-4.966635],[12.11891,-5.182595],[12.116402,-5.156874],[12.147496,-5.190954],[12.131556,-5.201395],[12.141926,-5.217518],[12.132621,-5.242594],[12.179469,-5.317662],[12.167749,-5.330094],[12.206612,-5.415597],[12.230132,-5.495024],[12.232888,-5.530384],[12.223701,-5.552766],[12.21072,-5.557963],[12.183714,-5.549025],[12.169286,-5.572428],[12.145909,-5.651051],[12.154627,-5.691803],[12.177421,-5.74034],[12.227961,-5.813816],[12.341931,-5.933757],[12.399517,-6.007996],[12.396077,-5.990483],[12.42072,-5.979941],[12.478158,-5.970217],[12.508014,-5.988487],[12.506678,-5.98974],[12.507959,-5.989692],[12.502224,-5.994352],[12.502027,-5.994097],[12.466512,-6.027365],[12.467641,-6.027784],[12.46559,-6.028228],[12.460492,-6.033003],[12.435174,-6.038328],[12.438921,-6.057169],[12.474516,-6.054122],[12.516453,-6.035445],[12.564195,-6.025784],[12.574535,-6.005084],[12.598615,-5.995785],[12.623079,-5.997838],[12.623315,-5.997459],[12.625513,-5.998043],[12.684543,-6.002997],[12.724948,-5.983434],[12.731315,-5.947962],[12.768021,-5.893166],[12.827504,-5.86618],[12.883734,-5.8535],[12.901699,-5.837891],[12.92262,-5.838313],[12.996771,-5.858907],[13.093136,-5.866101],[13.118223,-5.899327],[13.150365,-5.87857],[13.213228,-5.857832],[13.288502,-5.871057],[13.32476,-5.89328],[13.332863,-5.887189],[13.359375,-5.90346],[13.364622,-5.879292],[13.380139,-5.864176],[13.425223,-5.861351],[13.416146,-5.826285],[13.450733,-5.814924],[13.457914,-5.801244],[13.482586,-5.801138],[13.510897,-5.787275],[13.516092,-5.757115],[13.529239,-5.749533],[13.543989,-5.719138],[13.582209,-5.704363],[13.592681,-5.640048],[13.586964,-5.588415],[13.550067,-5.550028],[13.559553,-5.537272],[13.579492,-5.547546],[13.603646,-5.527091],[13.643039,-5.533656],[13.596042,-5.533962],[13.59025,-5.553673],[13.56283,-5.557332],[13.591126,-5.579623],[13.598442,-5.643505],[13.589331,-5.677226],[13.594278,-5.694594],[13.58412,-5.717113],[13.558229,-5.716491],[13.534891,-5.744814],[13.51465,-5.79959],[13.497782,-5.794911],[13.495024,-5.806512],[13.469639,-5.804336],[13.454246,-5.822436],[13.432524,-5.827493],[13.431986,-5.865095],[13.420862,-5.873396],[13.384363,-5.876674],[13.354628,-5.918185],[13.327537,-5.899479],[13.310125,-5.901599],[13.259967,-5.872649],[13.20266,-5.869421],[13.149984,-5.888182],[13.134766,-5.904529],[13.134772,-5.904968],[13.134437,-5.904882],[13.130374,-5.909247],[13.114499,-5.911345],[13.10058,-5.89601],[13.066518,-5.895442],[13.036526,-5.90873],[13.021151,-5.898215],[12.987491,-5.90365],[12.959902,-5.927105],[12.964048,-5.956307],[12.960398,-5.960307],[12.960381,-5.962494],[12.953521,-5.967843],[12.949919,-5.97179],[12.937836,-5.969828],[12.911715,-5.997738],[12.88758,-5.99601],[12.846958,-6.032891],[12.815811,-6.028768],[12.789714,-6.046934],[12.773433,-6.038255],[12.74505,-6.049031],[12.662916,-6.031658],[12.662874,-6.044438],[12.635067,-6.069726],[12.620494,-6.058],[12.586878,-6.053612],[12.502393,-6.08631],[12.508189,-6.109566],[12.483783,-6.092094],[12.459948,-6.097646],[12.458736,-6.113108],[12.443246,-6.10359],[12.321271,-6.121428],[12.316157,-6.133265],[12.316409,-6.111368],[12.331717,-6.077381],[12.275407,-6.108511],[12.277972,-6.153771],[12.395378,-6.324355],[12.500997,-6.550333],[12.559336,-6.642732],[12.562213,-6.662806],[12.750063,-6.870075],[12.760275,-6.898313],[12.829332,-6.992862],[12.837851,-7.079234],[12.849826,-7.10897],[12.844017,-7.160417],[12.856754,-7.227034],[12.850373,-7.245948],[12.853736,-7.269526],[12.90615,-7.323478],[12.935539,-7.432874],[12.965149,-7.489274],[12.986946,-7.553715],[13.001863,-7.571772],[12.996592,-7.591644],[13.023087,-7.631859],[13.077397,-7.789255],[13.104349,-7.81875],[13.129023,-7.809807],[13.151201,-7.822642],[13.13329,-7.849889],[13.096532,-7.837593],[13.14835,-7.915897],[13.150486,-7.945079],[13.183507,-7.988656],[13.178882,-7.997214],[13.213471,-8.073926],[13.266309,-8.146721],[13.265124,-8.17483],[13.37003,-8.334971],[13.389327,-8.378217],[13.397081,-8.406184],[13.38616,-8.415099],[13.391326,-8.450726],[13.381826,-8.468422],[13.353615,-8.465027],[13.346308,-8.473144],[13.365835,-8.523027],[13.372323,-8.584434],[13.394154,-8.6216],[13.410756,-8.63411],[13.416284,-8.65839],[13.397833,-8.748194],[13.370102,-8.774253],[13.34224,-8.772121],[13.302303,-8.755865],[13.289708,-8.76422],[13.276366,-8.790393],[13.229672,-8.811261],[13.223083,-8.803761],[13.205189,-8.853296],[13.158252,-8.909354],[13.159671,-8.927055],[13.145192,-8.960024],[13.104754,-8.958692],[13.091288,-8.992651],[13.073877,-9.00284],[13.052734,-9.052428],[13.019647,-9.081043],[13.017666,-9.103376],[13.003017,-9.064691],[13.010908,-9.043415],[12.996563,-9.032369],[12.995612,-9.097296],[13.029852,-9.139694],[13.051645,-9.187335],[13.153427,-9.345249],[13.153397,-9.364518],[13.177907,-9.412731],[13.179136,-9.442011],[13.170473,-9.465869],[13.206312,-9.52695],[13.192994,-9.558397],[13.226404,-9.60563],[13.236997,-9.644663],[13.217948,-9.670446],[13.194981,-9.676015],[13.197497,-9.692388],[13.288144,-9.818436],[13.313816,-9.869563],[13.311246,-9.890211],[13.342284,-9.950025],[13.329906,-9.97462],[13.314615,-9.985072],[13.362638,-10.036706],[13.359814,-10.043811],[13.439886,-10.122944],[13.467546,-10.208454],[13.528681,-10.277404],[13.546017,-10.365226],[13.529922,-10.389065],[13.621519,-10.480937],[13.767069,-10.656155],[13.783504,-10.693557],[13.773332,-10.713588],[13.757557,-10.719553],[13.743474,-10.748018],[13.721821,-10.752899],[13.736887,-10.783035],[13.827918,-10.901764],[13.854386,-10.959868],[13.865173,-11.019889],[13.855628,-11.038459],[13.857558,-11.070153],[13.847079,-11.099497],[13.8334,-11.230878],[13.824764,-11.24707],[13.826524,-11.315472],[13.800119,-11.329393],[13.796337,-11.358143],[13.805572,-11.396585],[13.792768,-11.43127],[13.797231,-11.457608],[13.779484,-11.52832],[13.785844,-11.544814],[13.781105,-11.56932],[13.768655,-11.578179],[13.786004,-11.60978],[13.781986,-11.648205],[13.798193,-11.775267],[13.791877,-11.823149],[13.777127,-11.864319],[13.778798,-11.890206],[13.76319,-11.956571],[13.726143,-11.990015],[13.70843,-12.104825],[13.696063,-12.127531],[13.673671,-12.146007],[13.647839,-12.250834],[13.575074,-12.347643],[13.548496,-12.3459],[13.581494,-12.315851],[13.516176,-12.372411],[13.477468,-12.454618],[13.484679,-12.46864],[13.482063,-12.497058],[13.467907,-12.517443],[13.406557,-12.559604],[13.39179,-12.583102],[13.342562,-12.613267],[13.329795,-12.613573],[13.308486,-12.598161],[13.301709,-12.580498],[13.280629,-12.589851],[13.266757,-12.583583],[13.266622,-12.599951],[13.244445,-12.619841],[13.20255,-12.611749],[13.204482,-12.598298],[13.150172,-12.636723],[13.139787,-12.669603],[13.117502,-12.680616],[13.096498,-12.708094],[13.074937,-12.716658],[12.970521,-12.819965],[12.944989,-12.830266],[12.938617,-12.863121],[12.977263,-12.958783],[12.976392,-12.984364],[12.917149,-13.032175],[12.875955,-13.10489],[12.851092,-13.110541],[12.822108,-13.140744],[12.819586,-13.130433],[12.779804,-13.154608],[12.795142,-13.162245],[12.782672,-13.19586],[12.757386,-13.203661],[12.727738,-13.232607],[12.716875,-13.215021],[12.70658,-13.237196],[12.671585,-13.2581],[12.65504,-13.245767],[12.63848,-13.290033],[12.653493,-13.320727],[12.651937,-13.339398],[12.613237,-13.359375],[12.589235,-13.396731],[12.53093,-13.418668],[12.524951,-13.450712],[12.538071,-13.455829],[12.532178,-13.4988],[12.548931,-13.504592],[12.541565,-13.520612],[12.542948,-13.551702],[12.553691,-13.555078],[12.547451,-13.593205],[12.53534,-13.597312],[12.533955,-13.70345],[12.521606,-13.765995],[12.528385,-13.816536],[12.519768,-13.845117],[12.523775,-13.861316],[12.511458,-13.882057],[12.487987,-13.881079],[12.477195,-13.867579],[12.419502,-13.881946],[12.425632,-13.935963],[12.410869,-13.956513],[12.397716,-13.957333],[12.397754,-14.015801],[12.377014,-14.052323],[12.361104,-14.059799],[12.353095,-14.101742],[12.371063,-14.155126],[12.361381,-14.180764],[12.331819,-14.186046],[12.334648,-14.215753],[12.354732,-14.24407],[12.354233,-14.268363],[12.36733,-14.282828],[12.369011,-14.312961],[12.352344,-14.338309],[12.357812,-14.350101],[12.354461,-14.410887],[12.312348,-14.532796],[12.30035,-14.617238],[12.291784,-14.630631],[12.295629,-14.668393],[12.271309,-14.699648],[12.285463,-14.729886],[12.284168,-14.761753],[12.264822,-14.784012],[12.242954,-14.834242],[12.224157,-14.834961],[12.210685,-14.870659],[12.215422,-14.895448],[12.204727,-14.900422],[12.19315,-14.948967],[12.172103,-14.958289],[12.164083,-14.985141],[12.169339,-15.021512],[12.148438,-15.040594],[12.125584,-15.095564],[12.125584,-15.117188],[12.112294,-15.136052],[12.143467,-15.12961],[12.156622,-15.16123],[12.153739,-15.182299],[12.141426,-15.196568],[12.125568,-15.186296],[12.095814,-15.200129],[12.057504,-15.228728],[12.050342,-15.284205],[12.05321,-15.341317],[12.043304,-15.351861],[12.030103,-15.396112],[12.030704,-15.486336],[12.019965,-15.567265],[12.00459,-15.592495],[11.995095,-15.631489],[11.967423,-15.658463],[11.926901,-15.677265],[11.909725,-15.745674],[11.894034,-15.757118],[11.882622,-15.784222],[11.846733,-15.801535],[11.814169,-15.800554],[11.781417,-15.781734],[11.763505,-15.797977],[11.731544,-15.878033],[11.736589,-15.908345],[11.79989,-16.003796],[11.805279,-16.026778],[11.789392,-16.095006],[11.790073,-16.131914],[11.826663,-16.456228],[11.817022,-16.750463],[11.804171,-16.805742],[11.778363,-16.822405],[11.783479,-16.774405],[11.771279,-16.780645],[11.782224,-16.87756],[11.763135,-16.940093],[11.752305,-17.030715],[11.752007,-17.240931],[11.768521,-17.248349],[11.789465,-17.271047],[11.752433,-17.244811],[11.750381,-17.343121],[11.75754,-17.37387],[11.7474,-17.389585],[11.737938,-17.456105],[11.735279,-17.586409],[11.760188,-17.690489],[11.768039,-17.781755],[11.80202,-17.891305],[11.800533,-17.95649],[11.808187,-17.99963],[11.827441,-18.033102],[11.832871,-18.094718],[11.858183,-18.147538],[11.884309,-18.167162],[11.956423,-18.261308],[11.96311,-18.285554],[11.954508,-18.300588],[11.984253,-18.343332],[12.003608,-18.388496],[12.001686,-18.434919],[12.034635,-18.501465],[12.325217,-18.739189],[12.332582,-18.760351],[12.386865,-18.824305],[12.385893,-18.832919],[12.451062,-18.906894],[12.467323,-18.936583],[12.475059,-18.994247],[12.488051,-19.017687],[12.566514,-19.084751],[12.610489,-19.159202],[12.615914,-19.190047],[12.696209,-19.315928],[12.706484,-19.347912],[12.702851,-19.381235],[12.723122,-19.424056],[12.774777,-19.5009],[12.800229,-19.561077],[12.857064,-19.649325],[12.894739,-19.738913],[12.926847,-19.778868],[12.952571,-19.850832],[13.03444,-19.988423],[13.054707,-20.072442],[13.082471,-20.10417],[13.147646,-20.152846],[13.195399,-20.212412],[13.206191,-20.235675],[13.203083,-20.259518],[13.210657,-20.279281],[13.2402,-20.322367],[13.253605,-20.401018],[13.248248,-20.457435],[13.32876,-20.5954],[13.365286,-20.689078],[13.380959,-20.778056],[13.375281,-20.791138],[13.419743,-20.883792],[13.452247,-20.91417],[13.457682,-20.931288],[13.55028,-21.050905],[13.552478,-21.09173],[13.573403,-21.135176],[13.686898,-21.257617],[13.686205,-21.274943],[13.703378,-21.305202],[13.737655,-21.336592],[13.745446,-21.359588],[13.806041,-21.422941],[13.819163,-21.460237],[13.860957,-21.506924],[13.853978,-21.520789],[13.879407,-21.589303],[13.973493,-21.711729],[13.977329,-21.743754],[13.94841,-21.771425],[14.065104,-21.869178],[14.067638,-21.884396],[14.107219,-21.916727],[14.141433,-21.966931],[14.289511,-22.134663],[14.288424,-22.167057],[14.391734,-22.281786],[14.45288,-22.428711],[14.447079,-22.448888],[14.508558,-22.553725],[14.505296,-22.591434],[14.52037,-22.618487],[14.521382,-22.703423],[14.529202,-22.733648],[14.520849,-22.751528],[14.543667,-22.808195],[14.539348,-22.89815],[14.49651,-22.951313],[14.480428,-22.959176],[14.458019,-23.017796],[14.473395,-22.959122],[14.453317,-22.958928],[14.43289,-22.974026],[14.443673,-22.915867],[14.438341,-22.894652],[14.449133,-22.877608],[14.437813,-22.874249],[14.429286,-22.906167],[14.431847,-22.932896],[14.407457,-22.9511],[14.40289,-23.016459],[14.423187,-23.096687],[14.481256,-23.24573],[14.497478,-23.308332],[14.497587,-23.389179],[14.486378,-23.401746],[14.460845,-23.408086],[14.466874,-23.384482],[14.4447,-23.376359],[14.432888,-23.394711],[14.442394,-23.4524],[14.510888,-23.628202],[14.496469,-23.758711],[14.507595,-23.796049],[14.506755,-23.865095],[14.514909,-23.903102],[14.508731,-23.9233],[14.475012,-23.935646],[14.452596,-23.98191],[14.451631,-24.031347],[14.46035,-24.088292],[14.499273,-24.211606],[14.610533,-24.447405],[14.613284,-24.503679],[14.594499,-24.554427],[14.738877,-24.717191],[14.77473,-24.779738],[14.798167,-24.837479],[14.790235,-24.853731],[14.79755,-24.895948],[14.793384,-24.918609],[14.864826,-25.049555],[14.875186,-25.095563],[14.857728,-25.115242],[14.840885,-25.162019],[14.843239,-25.19322],[14.828558,-25.214007],[14.801765,-25.301199],[14.81256,-25.323288],[14.811624,-25.388227],[14.843694,-25.433774],[14.837391,-25.466186],[14.877181,-25.5295],[14.882474,-25.563532],[14.858303,-25.595547],[14.837764,-25.654409],[14.844921,-25.73235],[14.829115,-25.732628],[14.826996,-25.747682],[14.85819,-25.79847],[14.897749,-25.833922],[14.911566,-25.857074],[14.903026,-25.891851],[14.90987,-25.93079],[14.952227,-25.988334],[14.979881,-26.073531],[14.978642,-26.115632],[14.95982,-26.141163],[14.930336,-26.137255],[14.969157,-26.195092],[14.952904,-26.224026],[14.949317,-26.281345],[14.956398,-26.303152],[14.948433,-26.312357],[14.968351,-26.337995],[15.03001,-26.363489],[15.094789,-26.40775],[15.123339,-26.453128],[15.114744,-26.463283],[15.120658,-26.482452],[15.140848,-26.504641],[15.148495,-26.579263],[15.168814,-26.579582],[15.176978,-26.607905],[15.156107,-26.643907],[15.151024,-26.631307],[15.143453,-26.689146],[15.129155,-26.655044],[15.137263,-26.644878],[15.125766,-26.627118],[15.122567,-26.647213],[15.095351,-26.646112],[15.080242,-26.655599],[15.078987,-26.689956],[15.090335,-26.735549],[15.110096,-26.739583],[15.103075,-26.766271],[15.156621,-26.875587],[15.148823,-26.90135],[15.187351,-26.921195],[15.209569,-26.915185],[15.228088,-26.928823],[15.238331,-26.963245],[15.228917,-27.016567],[15.233261,-27.058154],[15.253145,-27.083223],[15.252904,-27.131433],[15.271733,-27.173858],[15.264288,-27.180504],[15.262311,-27.217199],[15.281256,-27.252998],[15.287441,-27.304461],[15.323411,-27.368073],[15.359138,-27.403296],[15.370348,-27.440985],[15.420065,-27.480645],[15.441637,-27.51305],[15.46647,-27.55824],[15.46039,-27.570014],[15.496255,-27.605853],[15.530672,-27.657741],[15.520709,-27.677038],[15.534873,-27.70441],[15.531908,-27.725566],[15.548391,-27.754261],[15.646838,-27.853611],[15.684519,-27.911399],[15.674725,-27.933907],[15.67977,-27.95353],[15.713063,-27.995036],[15.853225,-28.132381],[16.04305,-28.276968],[16.117768,-28.353109],[16.168835,-28.395413],[16.336476,-28.557474],[16.450419,-28.631905],[16.451906,-28.611465],[16.469604,-28.584933],[16.496667,-28.564832],[16.574039,-28.552519],[16.602585,-28.537317],[16.618038,-28.50516],[16.631157,-28.49417],[16.682136,-28.470412],[16.694167,-28.474696],[16.70037,-28.497178],[16.735284,-28.496322],[16.709285,-28.502761],[16.694495,-28.493726],[16.684238,-28.471333],[16.619589,-28.504109],[16.606333,-28.536091],[16.574038,-28.553356],[16.517899,-28.566338],[16.495039,-28.567551],[16.459398,-28.600536],[16.4534,-28.632409],[16.484919,-28.64972],[16.540985,-28.709995],[16.569087,-28.727504],[16.56268,-28.766386],[16.568917,-28.777619],[16.569632,-28.776849],[16.569511,-28.778687],[16.582301,-28.80172],[16.579524,-28.821856],[16.595444,-28.840633],[16.601397,-28.877574],[16.653557,-28.901008],[16.688674,-28.928123],[16.701568,-28.965878],[16.720309,-28.980386],[16.718007,-29.003906],[16.746963,-29.042661],[16.78142,-29.06174],[16.817451,-29.095979],[16.814485,-29.116142],[16.841745,-29.183779],[16.837533,-29.211619],[16.866336,-29.24696],[16.873508,-29.290151],[16.907724,-29.327686],[16.940992,-29.3721],[16.945433,-29.408875],[16.966219,-29.43214],[16.985289,-29.490128],[16.982576,-29.506753],[16.997416,-29.52433],[17.004301,-29.561249],[16.997569,-29.57293],[17.034335,-29.617606],[17.034939,-29.649203],[17.051343,-29.679169],[17.05826,-29.75515],[17.07631,-29.792083],[17.074585,-29.812057],[17.089062,-29.851254],[17.104927,-29.869081],[17.100702,-29.886112],[17.110742,-29.898298],[17.11875,-29.933576],[17.155714,-29.977854],[17.166074,-30.033696],[17.177738,-30.047722],[17.182164,-30.0928],[17.19589,-30.129381],[17.221941,-30.162647],[17.232488,-30.21704],[17.270077,-30.291613],[17.271834,-30.334481],[17.30724,-30.377146],[17.307543,-30.392716],[17.341151,-30.438469],[17.361886,-30.489773],[17.398608,-30.527082],[17.411144,-30.562985],[17.442905,-30.597421],[17.434386,-30.620907],[17.461664,-30.65117],[17.470339,-30.683134],[17.515819,-30.724745],[17.536054,-30.782866],[17.56906,-30.835213],[17.603582,-30.916284],[17.618239,-30.924807],[17.681887,-31.002615],[17.685832,-31.025716],[17.705282,-31.055943],[17.702751,-31.067338],[17.73843,-31.113281],[17.735788,-31.123471],[17.772648,-31.172434],[17.86086,-31.254895],[17.879237,-31.280551],[17.877406,-31.320672],[17.95757,-31.416452],[18.09773,-31.559623],[18.151101,-31.656122],[18.191668,-31.695868],[18.226686,-31.754161],[18.221315,-31.756601],[18.235247,-31.814066],[18.229947,-31.815727],[18.266085,-31.86426],[18.280559,-31.897482],[18.27632,-31.925732],[18.265441,-31.933875],[18.314761,-32.071033],[18.302963,-32.089484],[18.303532,-32.089605],[18.303583,-32.090786],[18.302544,-32.090139],[18.301252,-32.092159],[18.301346,-32.115253],[18.311145,-32.176172],[18.326339,-32.204352],[18.345744,-32.281408],[18.335757,-32.316166],[18.313596,-32.318411],[18.333372,-32.414908],[18.334397,-32.476423],[18.311786,-32.571556],[18.255018,-32.668932],[18.145039,-32.769377],[18.145897,-32.772086],[18.112573,-32.780383],[18.079428,-32.776917],[18.055568,-32.784469],[18.019083,-32.741404],[17.979484,-32.72626],[17.983287,-32.70268],[17.968011,-32.704765],[17.947379,-32.722238],[17.920118,-32.713743],[17.919944,-32.72558],[17.899962,-32.736529],[17.893669,-32.751561],[17.907134,-32.777762],[17.893503,-32.806845],[17.852464,-32.816593],[17.848434,-32.837484],[17.877198,-32.851898],[17.882919,-32.876852],[17.858037,-32.899134],[17.858688,-32.912272],[17.876179,-32.918735],[17.885264,-32.949624],[17.872806,-32.956089],[17.884266,-32.980547],[17.871755,-33.000243],[17.890577,-33.003099],[17.902859,-33.016056],[17.887178,-33.028577],[17.911009,-33.055061],[17.938861,-33.038961],[17.94731,-33.004581],[17.983707,-32.995848],[17.994794,-33.0105],[18.008863,-33.008116],[18.030284,-33.024982],[18.042451,-33.047964],[18.030797,-33.084147],[18.032449,-33.105721],[18.090757,-33.143975],[18.080909,-33.167207],[18.101107,-33.180106],[18.123247,-33.181105],[18.120745,-33.19456],[18.097944,-33.204457],[18.089804,-33.189748],[18.063224,-33.174525],[18.052187,-33.155058],[18.024607,-33.144391],[18.031145,-33.132035],[18.013415,-33.120734],[18.014086,-33.095754],[17.984786,-33.090402],[18.005177,-33.086915],[17.99684,-33.072357],[17.972669,-33.067556],[17.980751,-33.087423],[17.95787,-33.09469],[17.954157,-33.110491],[17.968877,-33.115935],[17.977419,-33.143414],[18.008775,-33.150774],[18.088157,-33.220006],[18.130969,-33.274223],[18.15925,-33.327193],[18.161236,-33.342208],[18.144338,-33.349284],[18.162945,-33.369314],[18.239564,-33.414087],[18.284258,-33.455217],[18.317137,-33.497249],[18.310477,-33.507648],[18.325039,-33.518109],[18.313625,-33.531853],[18.30773,-33.566126],[18.320067,-33.575904],[18.33727,-33.569903],[18.357372,-33.5812],[18.376069,-33.620203],[18.397399,-33.626257],[18.420829,-33.65836],[18.43992,-33.698856],[18.438267,-33.740087],[18.449282,-33.781908],[18.485631,-33.842176],[18.485174,-33.886273],[18.465809,-33.911849],[18.439726,-33.920046],[18.428899,-33.899063],[18.398163,-33.899622],[18.368759,-33.939605],[18.377613,-33.947041],[18.370464,-33.972944],[18.343187,-33.992336],[18.330237,-34.024152],[18.306516,-34.037554],[18.328539,-34.05847],[18.359965,-34.047436],[18.367948,-34.063483],[18.349774,-34.091102],[18.35709,-34.101563],[18.349602,-34.128563],[18.337935,-34.128538],[18.318562,-34.14826],[18.343395,-34.181623],[18.364483,-34.187113],[18.38464,-34.266457],[18.404154,-34.300056],[18.400938,-34.309096],[18.428059,-34.330884],[18.454414,-34.337299],[18.475243,-34.358888],[18.49703,-34.358392],[18.460935,-34.320849],[18.475081,-34.280427],[18.467319,-34.266067],[18.478725,-34.240129],[18.456665,-34.199254],[18.426463,-34.178042],[18.440849,-34.149715],[18.432449,-34.140755],[18.470383,-34.108336],[18.611821,-34.075086],[18.7127,-34.072531],[18.764459,-34.079785],[18.813053,-34.100758],[18.867123,-34.160869],[18.822276,-34.182033],[18.818364,-34.194648],[18.852247,-34.23788],[18.850664,-34.266097],[18.828688,-34.277344],[18.822292,-34.299646],[18.812179,-34.297863],[18.830034,-34.343783],[18.809792,-34.349303],[18.826409,-34.387186],[18.838967,-34.377948],[18.855113,-34.384699],[18.871482,-34.368934],[18.893488,-34.372101],[18.915357,-34.357077],[18.966691,-34.36401],[18.996064,-34.343152],[19.01672,-34.348154],[19.044307,-34.341269],[19.096284,-34.366721],[19.090372,-34.352499],[19.116554,-34.327547],[19.130698,-34.341498],[19.112821,-34.364043],[19.099625,-34.368862],[19.125836,-34.399111],[19.11806,-34.419233],[19.15541,-34.424499],[19.170853,-34.417781],[19.218746,-34.439383],[19.252622,-34.414222],[19.272072,-34.409381],[19.302624,-34.416287],[19.314961,-34.40914],[19.381174,-34.409718],[19.350615,-34.4285],[19.323291,-34.414153],[19.305127,-34.424693],[19.354017,-34.477514],[19.378488,-34.543088],[19.349203,-34.561542],[19.328614,-34.608476],[19.301788,-34.615496],[19.291145,-34.63338],[19.35023,-34.625684],[19.357442,-34.616075],[19.411432,-34.606926],[19.439077,-34.632497],[19.446146,-34.651798],[19.52612,-34.674034],[19.575306,-34.728319],[19.598141,-34.731657],[19.609594,-34.758754],[19.633443,-34.756034],[19.641342,-34.770437],[19.63238,-34.78598],[19.677278,-34.782507],[19.691028,-34.762932],[19.754039,-34.769805],[19.822664,-34.76288],[19.874809,-34.767107],[19.990319,-34.835011],[20.014409,-34.832296],[20.030422,-34.814747],[20.054552,-34.814671],[20.065839,-34.803206],[20.047236,-34.788581],[20.055841,-34.759272],[20.083354,-34.733288],[20.165351,-34.695599],[20.230665,-34.687518],[20.241161,-34.650281],[20.32795,-34.610989],[20.344708,-34.591913],[20.400791,-34.569392],[20.428111,-34.52567],[20.479804,-34.489248],[20.533588,-34.470353],[20.662993,-34.449498],[20.847264,-34.475038],[20.86981,-34.466704],[20.867602,-34.426455],[20.854775,-34.410321],[20.819879,-34.404332],[20.795098,-34.410319],[20.732166,-34.38818],[20.721856,-34.377289],[20.792238,-34.404954],[20.85614,-34.397111],[20.887291,-34.378389],[20.93553,-34.366629],[21.000942,-34.364838],[21.162081,-34.391248],[21.219119,-34.41711],[21.299229,-34.440537],[21.33866,-34.434031],[21.360157,-34.419994],[21.371312,-34.424631],[21.431521,-34.392019],[21.422347,-34.378466],[21.444859,-34.36831],[21.536734,-34.357049],[21.695338,-34.395834],[21.812884,-34.381671],[21.869631,-34.364146],[21.88866,-34.344748],[21.915635,-34.338279],[21.904629,-34.332766],[21.912469,-34.314823],[21.946773,-34.299781],[21.915301,-34.291265],[21.912188,-34.272197],[21.930828,-34.245629],[21.963677,-34.225015],[22.012093,-34.209572],[22.090205,-34.21058],[22.143894,-34.197357],[22.158547,-34.181582],[22.110776,-34.1621],[22.123402,-34.116724],[22.158083,-34.085139],[22.236664,-34.057667],[22.285242,-34.051419],[22.385212,-34.061603],[22.485213,-34.052534],[22.564424,-33.99643],[22.66335,-34.007751],[22.761234,-34.03407],[22.777363,-34.027094],[22.954448,-34.078014],[22.980302,-34.094514],[22.982941,-34.076091],[23.002306,-34.071715],[23.059123,-34.082576],[23.033956,-34.059775],[23.000548,-34.052467],[23.005207,-34.029023],[23.013623,-34.040019],[23.031426,-34.036579],[23.059668,-34.045506],[23.065614,-34.045836],[23.064229,-34.046947],[23.067124,-34.047862],[23.050645,-34.063986],[23.061907,-34.081568],[23.225134,-34.087063],[23.269072,-34.099335],[23.352443,-34.105716],[23.375439,-34.098253],[23.372045,-34.077466],[23.380278,-34.054297],[23.3723,-34.047885],[23.396516,-34.020179],[23.398923,-34.026367],[23.449017,-34.00545],[23.530013,-33.999339],[23.536071,-33.989439],[23.566812,-33.981112],[23.643606,-33.980898],[23.891255,-34.024751],[24.195076,-34.060134],[24.309622,-34.101563],[24.380912,-34.10385],[24.474482,-34.162709],[24.514204,-34.173485],[24.607154,-34.191908],[24.610418,-34.179316],[24.635492,-34.171463],[24.695834,-34.191936],[24.725769,-34.186744],[24.769917,-34.200086],[24.794967,-34.198532],[24.82596,-34.211379],[24.850126,-34.19315],[24.869202,-34.195187],[24.833049,-34.168647],[24.840416,-34.148246],[24.861502,-34.126256],[24.92044,-34.081092],[24.929353,-34.015193],[24.976234,-33.985279],[25.029189,-33.971605],[25.14412,-33.962891],[25.192382,-33.966586],[25.278607,-33.984163],[25.397995,-34.031767],[25.459749,-34.02882],[25.578469,-34.049378],[25.632915,-34.046384],[25.655903,-34.026742],[25.702561,-34.035797],[25.687448,-33.999607],[25.671913,-33.983837],[25.647805,-33.974854],[25.639381,-33.955479],[25.613006,-33.947673],[25.613583,-33.918945],[25.633112,-33.86791],[25.682083,-33.79725],[25.781317,-33.74623],[25.848275,-33.722529],[25.93223,-33.710409],[26.057888,-33.705666],[26.147032,-33.715989],[26.321733,-33.767857],[26.380232,-33.759516],[26.466098,-33.773371],[26.545582,-33.751469],[26.624472,-33.719138],[26.74135,-33.652652],[26.866976,-33.628031],[26.937189,-33.581256],[27.006314,-33.571398],[27.041207,-33.553766],[27.050798,-33.539108],[27.112191,-33.524245],[27.166239,-33.472244],[27.214252,-33.460809],[27.233127,-33.437267],[27.423472,-33.331944],[27.524143,-33.258684],[27.598467,-33.222366],[27.663912,-33.170855],[27.692042,-33.158262],[27.730739,-33.118712],[27.782913,-33.103793],[27.901647,-33.043956],[27.918689,-33.02969],[27.927176,-33.006822],[27.952814,-32.997352],[27.964649,-32.975049],[28.035795,-32.943524],[28.035726,-32.934308],[28.081958,-32.911453],[28.108167,-32.874952],[28.119693,-32.847238],[28.116288,-32.831588],[28.153027,-32.797125],[28.266761,-32.760594],[28.308729,-32.724311],[28.374191,-32.704428],[28.374555,-32.689866],[28.428161,-32.645515],[28.428755,-32.633015],[28.510709,-32.604534],[28.536991,-32.575271],[28.552637,-32.57318],[28.554723,-32.55181],[28.598241,-32.517629],[28.60339,-32.501623],[28.644835,-32.480202],[28.686536,-32.436578],[28.74409,-32.397295],[28.751889,-32.375724],[28.771909,-32.363213],[28.77773,-32.348895],[28.816405,-32.329515],[28.837222,-32.300324],[28.851162,-32.301101],[28.878942,-32.27888],[28.899143,-32.251531],[28.944272,-32.2187],[28.962041,-32.187333],[28.998194,-32.161666],[29.013256,-32.130736],[29.061719,-32.102555],[29.130647,-32.019111],[29.137676,-31.996001],[29.154974,-31.987344],[29.169948,-31.965809],[29.21786,-31.942223],[29.275375,-31.859277],[29.324299,-31.809584],[29.349606,-31.804924],[29.360026,-31.759144],[29.40308,-31.734934],[29.403344,-31.719221],[29.424853,-31.693149],[29.454043,-31.674183],[29.473528,-31.677809],[29.554779,-31.635914],[29.552477,-31.623867],[29.590213,-31.609051],[29.628015,-31.581095],[29.646467,-31.556134],[29.685674,-31.530783],[29.723304,-31.488886],[29.733783,-31.465595],[29.78695,-31.439674],[29.835344,-31.433565],[29.854561,-31.423801],[29.961142,-31.337631],[29.96671,-31.321778],[30.013384,-31.292558],[30.096705,-31.192068],[30.152572,-31.140159],[30.183358,-31.090304],[30.227851,-31.058709],[30.22833,-31.043111],[30.255064,-31.01886],[30.372163,-30.860896],[30.389012,-30.850393],[30.412631,-30.805363],[30.535232,-30.642888],[30.583417,-30.561226],[30.624848,-30.513579],[30.633464,-30.484762],[30.652521,-30.465763],[30.674259,-30.419048],[30.735811,-30.33919],[30.759186,-30.278042],[30.798218,-30.222041],[30.803425,-30.201669],[30.891782,-30.048287],[30.962724,-29.987976],[31.059834,-29.879663],[31.028309,-29.890944],[31.009532,-29.872083],[31.031746,-29.86308],[31.044898,-29.874224],[31.03844,-29.817662],[31.126858,-29.651611],[31.187032,-29.569987],[31.223758,-29.537606],[31.235643,-29.507893],[31.317995,-29.409977],[31.422762,-29.308866],[31.452998,-29.267818],[31.482748,-29.24672],[31.495308,-29.22575],[31.445935,-29.220032],[31.422908,-29.201231],[31.425838,-29.199566],[31.451644,-29.21875],[31.479373,-29.215395],[31.502316,-29.226268],[31.557099,-29.181245],[31.600391,-29.135699],[31.640318,-29.085452],[31.625826,-29.102041],[31.627894,-29.096962],[31.640518,-29.0852],[31.64346,-29.081498],[31.76366,-28.965405],[31.920671,-28.917757],[32.0102,-28.880533],[32.042695,-28.855089],[32.013418,-28.84092],[32.009047,-28.81988],[32.052151,-28.844815],[32.08519,-28.815314],[32.06425,-28.805154],[32.046004,-28.823431],[32.025505,-28.803175],[32.037764,-28.792411],[32.095288,-28.803818],[32.121029,-28.784837],[32.216078,-28.694826],[32.360827,-28.577111],[32.398516,-28.527277],[32.426747,-28.425004],[32.423695,-28.386804],[32.402348,-28.38662],[32.425618,-28.380448],[32.534396,-28.193695],[32.559527,-28.131197],[32.558225,-28.103376],[32.595046,-27.932338],[32.589719,-27.893891],[32.609941,-27.777928],[32.679199,-27.545831],[32.673382,-27.529588],[32.682029,-27.488456],[32.712574,-27.433172],[32.775908,-27.260468],[32.793646,-27.230477],[32.80592,-27.178432],[32.842623,-27.108426],[32.86757,-27.013559],[32.880859,-26.898351],[32.859858,-26.912543],[32.8627,-26.940402],[32.85404,-26.950582],[32.856478,-26.918833],[32.855896,-26.918494],[32.856551,-26.917884],[32.857774,-26.901969],[32.880949,-26.892547],[32.896471,-26.845866],[32.88597,-26.833961],[32.904838,-26.710825],[32.893742,-26.669724],[32.895615,-26.638598],[32.919744,-26.519542],[32.917369,-26.49022],[32.930036,-26.454027],[32.923199,-26.446041],[32.922662,-26.397889],[32.933808,-26.352202],[32.929377,-26.34082],[32.960502,-26.082926],[32.911809,-26.106388],[32.876651,-26.184539],[32.866664,-26.218351],[32.866047,-26.259855],[32.89027,-26.287812],[32.871751,-26.27797],[32.832076,-26.289284],[32.809154,-26.274752],[32.795327,-26.243682],[32.720802,-26.183089],[32.687887,-26.200348],[32.688196,-26.241678],[32.711444,-26.321463],[32.676234,-26.350772],[32.670492,-26.379076],[32.667059,-26.357893],[32.704016,-26.324358],[32.692892,-26.270248],[32.680114,-26.247254],[32.680993,-26.183223],[32.664598,-26.140696],[32.666706,-26.124902],[32.60081,-26.025512],[32.571304,-26.015625],[32.556584,-25.974091],[32.536215,-25.977342],[32.507662,-25.967195],[32.494448,-25.973137],[32.495878,-26.031921],[32.489167,-26.011274],[32.476807,-26.011483],[32.471362,-25.990373],[32.488085,-25.962544],[32.50629,-25.959687],[32.508973,-25.936215],[32.518405,-25.933557],[32.544057,-25.960843],[32.59397,-25.983908],[32.606326,-25.959073],[32.669848,-25.895617],[32.698816,-25.877486],[32.700946,-25.822414],[32.721768,-25.807617],[32.713454,-25.804394],[32.703042,-25.804658],[32.693041,-25.79648],[32.688539,-25.794734],[32.688265,-25.792573],[32.688232,-25.792547],[32.688224,-25.792252],[32.685784,-25.772989],[32.687698,-25.772293],[32.687678,-25.771512],[32.72046,-25.758734],[32.724433,-25.762902],[32.732923,-25.763224],[32.735309,-25.782948],[32.770547,-25.679246],[32.833943,-25.582103],[32.893097,-25.53044],[32.985421,-25.466552],[33.200465,-25.344359],[33.248025,-25.325977],[33.245829,-25.305788],[33.229822,-25.319083],[33.218553,-25.298923],[33.304944,-25.262193],[33.317217,-25.246994],[33.341913,-25.255023],[33.321826,-25.267748],[33.306693,-25.266234],[33.274064,-25.297682],[33.261228,-25.295832],[33.262239,-25.316204],[33.459002,-25.228442],[33.493481,-25.217704],[33.498107,-25.215634],[33.499924,-25.214175],[33.500626,-25.214508],[33.546178,-25.194125],[33.604128,-25.176391],[33.69392,-25.132677],[34.823189,-24.744676],[35.065118,-24.635902],[35.151917,-24.579802],[35.15625,-24.567243],[35.202857,-24.522138],[35.206443,-24.487845],[35.390145,-24.277012],[35.42228,-24.233713],[35.431745,-24.207942],[35.477821,-24.15368],[35.499714,-24.105694],[35.492627,-24.061418],[35.498435,-24.001722],[35.529763,-23.925671],[35.526433,-23.916738],[35.55113,-23.877837],[35.551214,-23.853384],[35.537908,-23.839725],[35.538484,-23.792825],[35.493092,-23.78472],[35.484819,-23.808315],[35.493207,-23.846385],[35.467661,-23.854831],[35.469447,-23.882758],[35.449667,-23.873294],[35.438516,-23.846133],[35.435321,-23.865997],[35.410345,-23.840985],[35.383469,-23.843236],[35.389328,-23.862127],[35.377963,-23.862306],[35.393313,-23.915858],[35.375835,-23.947374],[35.349363,-23.9682],[35.354426,-23.982318],[35.332685,-23.998797],[35.332498,-23.974306],[35.323331,-23.955651],[35.335778,-23.941839],[35.345853,-23.907775],[35.337381,-23.892055],[35.3511,-23.864199],[35.349365,-23.812763],[35.363558,-23.778835],[35.362146,-23.750409],[35.377339,-23.700769],[35.368051,-23.687842],[35.345456,-23.69271],[35.351815,-23.673032],[35.396034,-23.673691],[35.393626,-23.72136],[35.408279,-23.730469],[35.425597,-23.648457],[35.423612,-23.509123],[35.494365,-23.293444],[35.495491,-23.237092],[35.485285,-23.176719],[35.517959,-23.082595],[35.595292,-22.964146],[35.603895,-22.923965],[35.56538,-22.91443],[35.577019,-22.929742],[35.553167,-22.924737],[35.512133,-22.806385],[35.514684,-22.682886],[35.500335,-22.604172],[35.538836,-22.42976],[35.543089,-22.324219],[35.527996,-22.247907],[35.535776,-22.186207],[35.527168,-22.197749],[35.523255,-22.27534],[35.53183,-22.298737],[35.518236,-22.306365],[35.515291,-22.243979],[35.522202,-22.230703],[35.513014,-22.184619],[35.489786,-22.129859],[35.489486,-22.105867],[35.460364,-22.098668],[35.441973,-22.129974],[35.446906,-22.153932],[35.413064,-22.174316],[35.416991,-22.198872],[35.404026,-22.19852],[35.398273,-22.214686],[35.336437,-22.207835],[35.329785,-22.184275],[35.334874,-22.138672],[35.334373,-22.091298],[35.321274,-22.023012],[35.324123,-21.983694],[35.312474,-21.973309],[35.319278,-21.907488],[35.303818,-21.882333],[35.302227,-21.85507],[35.283685,-21.816497],[35.277907,-21.765857],[35.284679,-21.734001],[35.268615,-21.708424],[35.272336,-21.637417],[35.249728,-21.582986],[35.223508,-21.559601],[35.128772,-21.397028],[35.112024,-21.335169],[35.115722,-21.255315],[35.106926,-21.281405],[35.082584,-21.314218],[35.075201,-21.305568],[35.078471,-21.281525],[35.06029,-21.271108],[35.079067,-21.257574],[35.052723,-21.250058],[35.08178,-21.236592],[35.096403,-21.243965],[35.104426,-21.210441],[35.085881,-21.20521],[35.07804,-21.18239],[35.060787,-21.171971],[35.065635,-21.133158],[35.055974,-21.122408],[35.04433,-21.130314],[35.032869,-21.116171],[35.009519,-21.113896],[35.028309,-21.091168],[35.014609,-21.069649],[35.047803,-21.091497],[35.069326,-21.083225],[35.086347,-21.08691],[35.092121,-21.051077],[35.07402,-21.029055],[35.08236,-21.022988],[35.08067,-21.02139],[35.084623,-21.021342],[35.103412,-21.007674],[35.105384,-21.026419],[35.116488,-20.987348],[35.110842,-20.961524],[35.092928,-20.960038],[35.090582,-20.961428],[35.080085,-20.959948],[35.066832,-20.973227],[34.994928,-20.994073],[34.969239,-20.991981],[34.864831,-21.050082],[34.860176,-21.051088],[34.860168,-21.051245],[34.857758,-21.052443],[34.858989,-21.051345],[34.852783,-21.052687],[34.852739,-21.052706],[34.852738,-21.052696],[34.843371,-21.054721],[34.813041,-21.083775],[34.813437,-21.083903],[34.812412,-21.084377],[34.798291,-21.097904],[34.797767,-21.098896],[34.796692,-21.099437],[34.776734,-21.118555],[34.745289,-21.132317],[34.70975,-21.123775],[34.688759,-21.103081],[34.656731,-21.094908],[34.572862,-21.138934],[34.531604,-21.140934],[34.498957,-21.165427],[34.470567,-21.167806],[34.453125,-21.188058],[34.443041,-21.217304],[34.398749,-21.247661],[34.38646,-21.269531],[34.361595,-21.283328],[34.341818,-21.314142],[34.308038,-21.31275],[34.278541,-21.294982],[34.244888,-21.265202],[34.266264,-21.269531],[34.285321,-21.295176],[34.335182,-21.308335],[34.360488,-21.275981],[34.381592,-21.26717],[34.394663,-21.243671],[34.4444,-21.205519],[34.458321,-21.164931],[34.493953,-21.159291],[34.521332,-21.137808],[34.567737,-21.133029],[34.640784,-21.091033],[34.666834,-21.089601],[34.70129,-21.101504],[34.724936,-21.121696],[34.762755,-21.115323],[34.823933,-21.057549],[34.859968,-21.045729],[34.881042,-21.028005],[34.925664,-21.004645],[34.925122,-21.004592],[34.932051,-21.000005],[34.931793,-21.001436],[34.964927,-20.98409],[35.021602,-20.980971],[35.031756,-20.975709],[35.031844,-20.972377],[35.036525,-20.973238],[35.052045,-20.965196],[35.054263,-20.947008],[35.040409,-20.942123],[35.043783,-20.939324],[35.043677,-20.939287],[35.044348,-20.938855],[35.068724,-20.918633],[35.050634,-20.904432],[35.060545,-20.886526],[35.028486,-20.819298],[35.018466,-20.847085],[35.000861,-20.79996],[34.985314,-20.795494],[35.02429,-20.789575],[35.01625,-20.766881],[34.9902,-20.760684],[35.011194,-20.746781],[34.990743,-20.712981],[34.940722,-20.686691],[34.892354,-20.696009],[34.891684,-20.742188],[34.873564,-20.690829],[34.891603,-20.680619],[34.905656,-20.656965],[34.88768,-20.645407],[34.854665,-20.6762],[34.804688,-20.688616],[34.846319,-20.670154],[34.846881,-20.628407],[34.80819,-20.584296],[34.788725,-20.578357],[34.785131,-20.563359],[34.749144,-20.537579],[34.747775,-20.519148],[34.736418,-20.512383],[34.711324,-20.518633],[34.702471,-20.531952],[34.682706,-20.522061],[34.67079,-20.584981],[34.660136,-20.560194],[34.674476,-20.517247],[34.623537,-20.524371],[34.628791,-20.522856],[34.628221,-20.522974],[34.630147,-20.520877],[34.629127,-20.522759],[34.656473,-20.514875],[34.651005,-20.466005],[34.661839,-20.453244],[34.664968,-20.44786],[34.667322,-20.446786],[34.676982,-20.435407],[34.664534,-20.414676],[34.659214,-20.434688],[34.656059,-20.397254],[34.675665,-20.400853],[34.698201,-20.377271],[34.710997,-20.374861],[34.690961,-20.336898],[34.677946,-20.330999],[34.702526,-20.310787],[34.702729,-20.30875],[34.70372,-20.309805],[34.710751,-20.304024],[34.74019,-20.228886],[34.709192,-20.201911],[34.704126,-20.175805],[34.678616,-20.176407],[34.7114,-20.157525],[34.74247,-20.157502],[34.762212,-20.172651],[34.780308,-20.147183],[34.771486,-20.104261],[34.753883,-20.075427],[34.749411,-20.005674],[34.757483,-19.998205],[34.762528,-19.905128],[34.744401,-19.888779],[34.738129,-19.9065],[34.719659,-19.907194],[34.698917,-19.887625],[34.674555,-19.905083],[34.689999,-19.883479],[34.705165,-19.882466],[34.725853,-19.89506],[34.755439,-19.863281],[34.772319,-19.860625],[34.776792,-19.843434],[34.754298,-19.785663],[34.744713,-19.776768],[34.745896,-19.778151],[34.741011,-19.774994],[34.740542,-19.772898],[34.729784,-19.762915],[34.694318,-19.758431],[34.692394,-19.755634],[34.691944,-19.755552],[34.680539,-19.743187],[34.68736,-19.748316],[34.671327,-19.725007],[34.676326,-19.700562],[34.656482,-19.673872],[34.639089,-19.674851],[34.636237,-19.668113],[34.6346,-19.667032],[34.633936,-19.662677],[34.616024,-19.620363],[34.607389,-19.609443],[34.559422,-19.595117],[34.543286,-19.603559],[34.542971,-19.602009],[34.540448,-19.604366],[34.54142,-19.594379],[34.540466,-19.589685],[34.594496,-19.593735],[34.624869,-19.610284],[34.624509,-19.62554],[34.640937,-19.64814],[34.647894,-19.654233],[34.651384,-19.653394],[34.652251,-19.656631],[34.648913,-19.655125],[34.695571,-19.695988],[34.697796,-19.722547],[34.712033,-19.733907],[34.728145,-19.729082],[34.754947,-19.737861],[34.804688,-19.767299],[34.828184,-19.793349],[34.834254,-19.816385],[34.829534,-19.83785],[34.839305,-19.848233],[34.890504,-19.849394],[34.933159,-19.816246],[34.999975,-19.775969],[35.004056,-19.779774],[35.084132,-19.712062],[35.109521,-19.707196],[35.142667,-19.667378],[35.136719,-19.6875],[35.326515,-19.527312],[35.459003,-19.392714],[35.487575,-19.340497],[35.49876,-19.33866],[35.591316,-19.243511],[35.591528,-19.232161],[35.67697,-19.148778],[35.66573,-19.143181],[35.67451,-19.120321],[35.693337,-19.117071],[35.694801,-19.113478],[35.694598,-19.116853],[35.707348,-19.114652],[35.72789,-19.09437],[35.720806,-19.087467],[35.721779,-19.090046],[35.719803,-19.091075],[35.720503,-19.087172],[35.715901,-19.082687],[35.741784,-19.077635],[35.804892,-19.027727],[35.901978,-18.975118],[35.907596,-18.967412],[35.889045,-18.952211],[35.919639,-18.953154],[35.935648,-18.962294],[35.952295,-18.954397],[35.954882,-18.915092],[36.010632,-18.900256],[36.02573,-18.863896],[36.020241,-18.90612],[35.984001,-18.932077],[35.995682,-18.936871],[36.042088,-18.925225],[36.03979,-18.913414],[36.076936,-18.894309],[36.057405,-18.918666],[36.109488,-18.9165],[36.130994,-18.866259],[36.120327,-18.840391],[36.13255,-18.808594],[36.158206,-18.793811],[36.155869,-18.782245],[36.154996,-18.782163],[36.155418,-18.780011],[36.154254,-18.77425],[36.165133,-18.768696],[36.163561,-18.795346],[36.139623,-18.808594],[36.127391,-18.839702],[36.140253,-18.871313],[36.167641,-18.90064],[36.270597,-18.885331],[36.293327,-18.864405],[36.249095,-18.801443],[36.233734,-18.794922],[36.234619,-18.792214],[36.234926,-18.788424],[36.235613,-18.789173],[36.240268,-18.774931],[36.232432,-18.756836],[36.236108,-18.744567],[36.23767,-18.738599],[36.221008,-18.701883],[36.220115,-18.702121],[36.219404,-18.698349],[36.217008,-18.693069],[36.206539,-18.682371],[36.216207,-18.666063],[36.216735,-18.629081],[36.231871,-18.624191],[36.243083,-18.602492],[36.241974,-18.597035],[36.240535,-18.600696],[36.238278,-18.590876],[36.240905,-18.591771],[36.24038,-18.58919],[36.238489,-18.589185],[36.240124,-18.587927],[36.237837,-18.57667],[36.212595,-18.571389],[36.162234,-18.54194],[36.135011,-18.516899],[36.116879,-18.482123],[36.100085,-18.425951],[36.07348,-18.402117],[36.073762,-18.390524],[36.067094,-18.37671],[36.051963,-18.352557],[36.028248,-18.347068],[36.003052,-18.315679],[35.948226,-18.286142],[35.92863,-18.257936],[35.893104,-18.254993],[35.87752,-18.242291],[35.882882,-18.214167],[35.840679,-18.171229],[35.823242,-18.11316],[35.794465,-18.102524],[35.781063,-18.08513],[35.731974,-18.068359],[35.707548,-18.046959],[35.689976,-18.054808],[35.678866,-18.044221],[35.640239,-18.039729],[35.570058,-18.016435],[35.567402,-18.008624],[35.530465,-17.999654],[35.580545,-18.000169],[35.592178,-18.020745],[35.616295,-18.01568],[35.613512,-18.014516],[35.619896,-18.014924],[35.630469,-18.012703],[35.735137,-18.048719],[35.752778,-18.071115],[35.833976,-18.099677],[35.850508,-18.122542],[35.861915,-18.187597],[35.883083,-18.194989],[35.892002,-18.217306],[35.887322,-18.23236],[35.899409,-18.250758],[35.935848,-18.255054],[35.960282,-18.282393],[35.981396,-18.289819],[35.981835,-18.289834],[35.981947,-18.290013],[35.99602,-18.294963],[36.004457,-18.312336],[36.015458,-18.316851],[36.018883,-18.317862],[36.018491,-18.318095],[36.044525,-18.328779],[36.04477,-18.328771],[36.044789,-18.328887],[36.045846,-18.329321],[36.048484,-18.344843],[36.06683,-18.362473],[36.081005,-18.364118],[36.099021,-18.41527],[36.123912,-18.456226],[36.136829,-18.50721],[36.153092,-18.525972],[36.185415,-18.538934],[36.198018,-18.551909],[36.231612,-18.559583],[36.256644,-18.594346],[36.264583,-18.599637],[36.265571,-18.599775],[36.266515,-18.600924],[36.274902,-18.606514],[36.303174,-18.598978],[36.319548,-18.607475],[36.341214,-18.592685],[36.362018,-18.620625],[36.389987,-18.606902],[36.395812,-18.591857],[36.419763,-18.59822],[36.413236,-18.585441],[36.423466,-18.563069],[36.425139,-18.543466],[36.424264,-18.543679],[36.425291,-18.54169],[36.425895,-18.53461],[36.395322,-18.538926],[36.429164,-18.52474],[36.43057,-18.56261],[36.467476,-18.557389],[36.496845,-18.569221],[36.507618,-18.543252],[36.494879,-18.53433],[36.513497,-18.512463],[36.509237,-18.529795],[36.526523,-18.52655],[36.538004,-18.509432],[36.531632,-18.475404],[36.548452,-18.49594],[36.692108,-18.360457],[36.833022,-18.206991],[36.812057,-18.210134],[36.796785,-18.230586],[36.782633,-18.230161],[36.757524,-18.244167],[36.77318,-18.222495],[36.766552,-18.199583],[36.782876,-18.207231],[36.833851,-18.166468],[36.863411,-18.165538],[36.872084,-18.153757],[36.866219,-18.146796],[36.862017,-18.142331],[36.878721,-18.126343],[36.882635,-18.107877],[36.896153,-18.097228],[36.897376,-18.090959],[36.905898,-18.089553],[36.90718,-18.088543],[36.908816,-18.070195],[36.924242,-18.065625],[36.931922,-18.049977],[36.907339,-18.013736],[36.884651,-17.890863],[36.810995,-17.9102],[36.811135,-17.952846],[36.805686,-17.913813],[36.816714,-17.900269],[36.842172,-17.892681],[36.859181,-17.881559],[36.859735,-17.880552],[36.860415,-17.880751],[36.867614,-17.876044],[36.902236,-17.888722],[36.911961,-17.911077],[36.908098,-17.934124],[36.921274,-17.960494],[36.95173,-17.978655],[36.977249,-18.020005],[36.999919,-18.000535],[37.127019,-17.833252],[37.197575,-17.763542],[37.175572,-17.711731],[37.150165,-17.713559],[37.162097,-17.691806],[37.183295,-17.706019],[37.207813,-17.760885],[37.219769,-17.759591],[37.288322,-17.700143],[37.295274,-17.684783],[37.311276,-17.691645],[37.328825,-17.672214],[37.353665,-17.657079],[37.361184,-17.631818],[37.36303,-17.636458],[37.363045,-17.636284],[37.363268,-17.637056],[37.36916,-17.651865],[37.367946,-17.653284],[37.368188,-17.654122],[37.364375,-17.657456],[37.355659,-17.667641],[37.421731,-17.628067],[37.424878,-17.610532],[37.443841,-17.616128],[37.572085,-17.551623],[37.580573,-17.541587],[37.5536,-17.525923],[37.560473,-17.527222],[37.560435,-17.526723],[37.561513,-17.527418],[37.608025,-17.536205],[37.679419,-17.494942],[37.687404,-17.473534],[37.728084,-17.44689],[37.700011,-17.472908],[37.708829,-17.478964],[37.854669,-17.401925],[37.963711,-17.35471],[38.046636,-17.328375],[38.0435,-17.318063],[38.000002,-17.283898],[38.040831,-17.305214],[38.050302,-17.320445],[38.085021,-17.323043],[38.086001,-17.313271],[38.112644,-17.296343],[38.082233,-17.280901],[38.101024,-17.283328],[38.117737,-17.262794],[38.115948,-17.245772],[38.081848,-17.221928],[38.064083,-17.191911],[38.090588,-17.202456],[38.105167,-17.216801],[38.121938,-17.207401],[38.138976,-17.294959],[38.185366,-17.281638],[38.186142,-17.268025],[38.225588,-17.241236],[38.499358,-17.142131],[38.502562,-17.132792],[38.468542,-17.149634],[38.433643,-17.146096],[38.472155,-17.140765],[38.493848,-17.12137],[38.491417,-17.109555],[38.526983,-17.134318],[38.577173,-17.118187],[38.571036,-17.114241],[38.585544,-17.099707],[38.584046,-17.099342],[38.585956,-17.096212],[38.58698,-17.098268],[38.592123,-17.093117],[38.602232,-17.108239],[38.676989,-17.087132],[38.678249,-17.077765],[38.645025,-17.092378],[38.668583,-17.071309],[38.666635,-17.034081],[38.682362,-17.050363],[38.688179,-17.073725],[38.710922,-17.08182],[38.873293,-17.050363],[38.99529,-17.009347],[39.072746,-17.013224],[39.121593,-16.940261],[39.099942,-16.928153],[39.09198,-16.953039],[39.080986,-16.961873],[39.054426,-16.954454],[39.062573,-16.934142],[39.103566,-16.915642],[39.136378,-16.892303],[39.121938,-16.8665],[39.135443,-16.834518],[39.137828,-16.837229],[39.131255,-16.875674],[39.144675,-16.891873],[39.180876,-16.84833],[39.261376,-16.796745],[39.220563,-16.76777],[39.238551,-16.769176],[39.229922,-16.696149],[39.24541,-16.692937],[39.23732,-16.707697],[39.247828,-16.725068],[39.245451,-16.75072],[39.262946,-16.77466],[39.29708,-16.770059],[39.326773,-16.749492],[39.460556,-16.690406],[39.534436,-16.644639],[39.543471,-16.626303],[39.564198,-16.612365],[39.600094,-16.600979],[39.632181,-16.573972],[39.784305,-16.488902],[39.773586,-16.482002],[39.787636,-16.466776],[39.858616,-16.442214],[39.789698,-16.353447],[39.792189,-16.346875],[39.792143,-16.346755],[39.79223,-16.346768],[39.805814,-16.310933],[39.787012,-16.313061],[39.754152,-16.256263],[39.786175,-16.284848],[39.855415,-16.264598],[39.863264,-16.248234],[39.855366,-16.234989],[39.88536,-16.246455],[39.887496,-16.222549],[39.868495,-16.200643],[39.881641,-16.19819],[39.884437,-16.193135],[39.88294,-16.192392],[39.886788,-16.188591],[39.886833,-16.188804],[39.893767,-16.176269],[39.897257,-16.191994],[39.885087,-16.208579],[39.905975,-16.246094],[39.960372,-16.242677],[40.02738,-16.187152],[40.050899,-16.129015],[40.104633,-16.077706],[40.099011,-16.06352],[40.135248,-16.003245],[40.138627,-15.976021],[40.113632,-16.005551],[40.083204,-16.004807],[40.06683,-16.026413],[40.062174,-16.015331],[40.079476,-16.00003],[40.104708,-15.998277],[40.121886,-15.967777],[40.117603,-15.949638],[40.131354,-15.94314],[40.13198,-15.941553],[40.131919,-15.942873],[40.143262,-15.937513],[40.120844,-15.95598],[40.154029,-15.944154],[40.181309,-15.905995],[40.350084,-15.746323],[40.426842,-15.617083],[40.472078,-15.584772],[40.468397,-15.573321],[40.499434,-15.557853],[40.501369,-15.54557],[40.539199,-15.516242],[40.539229,-15.516081],[40.539344,-15.51613],[40.562693,-15.498029],[40.575967,-15.407758],[40.61612,-15.366476],[40.678873,-15.253552],[40.659367,-15.231858],[40.659503,-15.196651],[40.647896,-15.175635],[40.609806,-15.151559],[40.589505,-15.161741],[40.596308,-15.182607],[40.567663,-15.202557],[40.523044,-15.191671],[40.517941,-15.172861],[40.525141,-15.130105],[40.555553,-15.124233],[40.580455,-15.142357],[40.616178,-15.096491],[40.644308,-15.085566],[40.676926,-15.093121],[40.709521,-15.079804],[40.69404,-15.053991],[40.695709,-15.033208],[40.672381,-15.022148],[40.636368,-14.986261],[40.650297,-14.97892],[40.636601,-14.970265],[40.663494,-14.969141],[40.678519,-14.990589],[40.725353,-14.992844],[40.744262,-14.983767],[40.746074,-15.000169],[40.765666,-15.003048],[40.766335,-14.991799],[40.74508,-14.966439],[40.738917,-14.935403],[40.694779,-14.925002],[40.680973,-14.935132],[40.647923,-14.914703],[40.64863,-14.883899],[40.633316,-14.86797],[40.639066,-14.843399],[40.662549,-14.895736],[40.651734,-14.906188],[40.687761,-14.90093],[40.755012,-14.872746],[40.78125,-14.847377],[40.806604,-14.846081],[40.814329,-14.829569],[40.831455,-14.827753],[40.834192,-14.80474],[40.81724,-14.804518],[40.824872,-14.775937],[40.836347,-14.778506],[40.837287,-14.686174],[40.830058,-14.659988],[40.815027,-14.656955],[40.798628,-14.628903],[40.818378,-14.604127],[40.829876,-14.557815],[40.825507,-14.533656],[40.800421,-14.527424],[40.788886,-14.539969],[40.789418,-14.560078],[40.760288,-14.555406],[40.767793,-14.540484],[40.798724,-14.519423],[40.818895,-14.522],[40.829919,-14.502372],[40.825844,-14.453865],[40.808213,-14.411644],[40.756975,-14.423875],[40.733277,-14.439874],[40.707614,-14.442382],[40.676334,-14.457812],[40.682601,-14.481094],[40.672482,-14.507011],[40.67622,-14.5316],[40.665172,-14.542924],[40.672569,-14.555531],[40.659351,-14.570391],[40.63959,-14.575422],[40.632137,-14.594553],[40.625721,-14.556485],[40.645995,-14.525473],[40.620643,-14.519134],[40.639741,-14.492626],[40.622236,-14.474071],[40.631216,-14.459311],[40.668098,-14.469121],[40.650234,-14.455528],[40.637551,-14.419715],[40.649344,-14.384912],[40.639097,-14.383891],[40.640107,-14.363293],[40.625846,-14.326499],[40.63906,-14.329905],[40.665407,-14.377676],[40.677561,-14.383485],[40.704686,-14.349126],[40.732789,-14.330057],[40.738797,-14.275611],[40.713806,-14.254027],[40.718188,-14.206529],[40.693443,-14.186698],[40.678489,-14.202792],[40.652002,-14.198617],[40.63461,-14.218931],[40.623193,-14.215711],[40.612903,-14.246274],[40.614779,-14.269888],[40.599929,-14.275823],[40.601548,-14.254696],[40.58635,-14.238978],[40.594341,-14.222165],[40.585199,-14.205903],[40.566054,-14.219178],[40.536553,-14.199884],[40.526148,-14.174808],[40.538831,-14.155806],[40.610329,-14.142954],[40.602254,-14.093755],[40.625648,-14.078559],[40.631937,-14.0625],[40.636661,-14.018339],[40.623801,-14.000271],[40.591179,-14.00861],[40.575626,-13.986766],[40.586187,-13.976751],[40.602815,-13.984638],[40.623055,-13.981116],[40.616181,-13.927348],[40.587661,-13.885463],[40.58394,-13.797868],[40.57333,-13.768803],[40.574417,-13.716133],[40.539981,-13.687718],[40.535374,-13.638212],[40.544343,-13.613912],[40.562398,-13.594681],[40.589884,-13.584557],[40.601225,-13.565207],[40.592418,-13.551243],[40.58562,-13.570324],[40.558179,-13.563316],[40.526806,-13.518283],[40.510908,-13.524797],[40.475693,-13.524483],[40.45544,-13.516147],[40.448977,-13.498278],[40.449147,-13.500967],[40.445706,-13.495445],[40.448789,-13.497757],[40.447797,-13.495016],[40.446734,-13.494955],[40.446793,-13.493268],[40.447311,-13.493671],[40.439686,-13.47259],[40.412658,-13.460187],[40.380523,-13.462247],[40.371099,-13.455169],[40.371041,-13.455186],[40.371055,-13.455136],[40.365833,-13.451214],[40.371796,-13.4525],[40.371977,-13.451859],[40.372653,-13.452685],[40.394253,-13.457344],[40.411456,-13.452596],[40.450899,-13.4745],[40.452592,-13.502586],[40.476219,-13.516711],[40.525092,-13.507604],[40.537567,-13.446979],[40.551845,-13.41755],[40.575902,-13.401109],[40.584219,-13.365628],[40.560544,-13.285971],[40.56135,-13.148957],[40.550591,-13.103367],[40.560568,-13.04604],[40.587401,-12.987607],[40.583092,-12.964138],[40.570041,-12.960685],[40.541966,-12.971774],[40.498193,-12.950418],[40.481895,-12.96299],[40.504353,-12.974618],[40.514001,-12.993238],[40.5089,-13.026932],[40.498014,-13.036081],[40.440393,-13.029506],[40.432658,-12.992205],[40.406015,-12.962546],[40.410265,-12.919692],[40.426158,-12.918351],[40.461287,-12.88312],[40.480076,-12.880652],[40.502315,-12.890135],[40.502409,-12.925116],[40.510492,-12.929742],[40.547172,-12.843744],[40.562207,-12.82838],[40.563061,-12.794392],[40.581674,-12.813001],[40.607309,-12.805507],[40.626466,-12.77598],[40.629877,-12.746986],[40.60823,-12.75265],[40.609306,-12.744608],[40.608667,-12.744404],[40.609405,-12.743871],[40.612767,-12.718747],[40.597386,-12.704942],[40.579247,-12.723791],[40.563932,-12.721327],[40.57528,-12.709191],[40.566495,-12.679357],[40.578136,-12.649245],[40.616757,-12.67115],[40.618948,-12.653543],[40.606375,-12.636371],[40.589536,-12.642231],[40.574128,-12.63318],[40.551545,-12.588546],[40.553486,-12.551806],[40.564595,-12.55057],[40.569263,-12.531275],[40.484888,-12.529608],[40.486486,-12.52631],[40.485835,-12.525728],[40.486809,-12.525642],[40.490316,-12.518402],[40.490139,-12.518136],[40.490441,-12.518146],[40.49146,-12.51604],[40.469299,-12.499104],[40.491908,-12.473728],[40.49975,-12.440111],[40.570398,-12.39872],[40.560315,-12.384773],[40.496249,-12.384401],[40.492293,-12.381296],[40.490958,-12.384153],[40.489995,-12.379572],[40.490045,-12.379532],[40.488595,-12.378395],[40.514103,-12.327772],[40.495784,-12.277908],[40.47789,-12.275177],[40.459138,-12.260748],[40.457668,-12.24179],[40.480817,-12.270491],[40.490323,-12.272031],[40.509368,-12.229899],[40.499332,-12.22056],[40.515905,-12.204714],[40.495327,-12.168923],[40.488558,-12.137981],[40.510366,-12.095347],[40.500429,-12.042577],[40.517461,-12.016155],[40.542178,-11.998854],[40.50186,-11.970006],[40.482514,-11.92416],[40.485234,-11.885707],[40.514782,-11.853905],[40.484195,-11.841944],[40.461128,-11.814371],[40.46927,-11.779241],[40.465626,-11.743063],[40.449497,-11.744915],[40.435288,-11.727087],[40.44441,-11.65191],[40.434929,-11.635314],[40.458683,-11.624362],[40.456183,-11.601563],[40.429688,-11.58817],[40.417816,-11.555344],[40.451821,-11.529264],[40.437951,-11.507077],[40.457729,-11.479797],[40.455922,-11.451972],[40.47513,-11.409091],[40.466848,-11.400757],[40.446122,-11.406554],[40.414227,-11.388607],[40.411437,-11.371217],[40.388888,-11.350469],[40.37058,-11.355989],[40.36082,-11.331844],[40.377736,-11.330798],[40.417184,-11.290397],[40.427642,-11.247384],[40.506387,-11.197886],[40.491366,-11.178087],[40.493776,-11.143166],[40.559433,-11.063543],[40.564285,-11.029725],[40.503352,-11.008221],[40.491744,-10.956003],[40.513778,-10.91371],[40.544538,-10.888161],[40.589184,-10.866778],[40.617587,-10.831078],[40.571249,-10.818954],[40.516714,-10.783958],[40.48298,-10.772451],[40.483668,-10.755505],[40.568007,-10.693675],[40.617773,-10.698693],[40.631824,-10.708317],[40.640211,-10.69055],[40.626352,-10.671956],[40.584764,-10.664636],[40.572212,-10.638802],[40.575391,-10.615419],[40.589095,-10.603843],[40.531874,-10.576025],[40.508451,-10.588911],[40.521325,-10.573087],[40.506871,-10.568945],[40.498284,-10.570356],[40.499737,-10.566901],[40.489645,-10.564009],[40.504936,-10.552425],[40.520614,-10.557725],[40.543379,-10.551418],[40.544076,-10.534207],[40.520017,-10.481529],[40.492464,-10.505263],[40.474744,-10.512378],[40.499343,-10.489938],[40.449825,-10.473694],[40.435574,-10.482793],[40.426927,-10.507711],[40.390086,-10.526726],[40.375344,-10.560481],[40.368586,-10.56574],[40.365076,-10.570316],[40.364968,-10.568555],[40.351994,-10.578651],[40.349007,-10.577776],[40.34868,-10.577952],[40.347892,-10.577449],[40.321759,-10.569792],[40.233143,-10.607485],[40.200675,-10.649293],[40.180747,-10.65381],[40.184876,-10.646122],[40.198553,-10.645817],[40.227399,-10.609288],[40.258524,-10.596077],[40.258736,-10.586887],[40.323481,-10.567609],[40.355658,-10.573642],[40.371274,-10.531039],[40.389479,-10.514964],[40.389549,-10.514431],[40.390164,-10.514358],[40.401492,-10.504356],[40.429153,-10.46713],[40.421992,-10.431786],[40.386096,-10.436458],[40.369039,-10.426516],[40.384974,-10.400018],[40.440797,-10.365529],[40.445207,-10.350757],[40.423184,-10.316766],[40.399404,-10.298211],[40.381817,-10.326411],[40.396133,-10.321167],[40.40994,-10.330778],[40.41336,-10.348074],[40.388991,-10.365139],[40.369226,-10.355099],[40.337186,-10.358533],[40.321895,-10.343883],[40.291856,-10.268802],[40.259799,-10.258642],[40.238646,-10.233951],[40.236392,-10.209439],[40.202287,-10.238514],[40.1948,-10.261137],[40.218391,-10.248913],[40.25695,-10.272475],[40.251454,-10.280233],[40.221565,-10.272756],[40.216974,-10.279726],[40.18667,-10.261595],[40.188294,-10.251814],[40.150607,-10.26602],[40.128514,-10.264468],[40.136047,-10.275552],[40.114044,-10.279452],[40.110515,-10.266388],[40.127225,-10.245901],[40.123204,-10.207729],[40.136693,-10.18687],[40.120239,-10.171904],[39.986975,-10.121247],[39.971579,-10.145499],[39.993641,-10.170873],[39.989039,-10.194095],[39.967181,-10.202281],[39.982326,-10.177476],[39.961704,-10.148581],[39.975887,-10.128518],[39.957186,-10.109659],[39.945424,-10.081521],[39.93364,-10.07947],[39.926813,-10.056317],[39.904096,-10.033397],[39.869154,-10.013422],[39.83004,-10.006668],[39.818757,-9.982673],[39.775713,-9.980997],[39.765552,-9.974328],[39.741275,-9.980273],[39.725504,-10.00346],[39.724824,-10.021074],[39.710503,-10.037398],[39.663277,-10.069788],[39.680157,-10.047607],[39.715162,-10.015165],[39.718715,-9.995251],[39.706217,-9.968635],[39.712822,-9.955553],[39.755898,-9.931705],[39.77124,-9.937007],[39.787542,-9.925305],[39.771665,-9.895258],[39.80376,-9.873473],[39.803015,-9.827093],[39.789247,-9.803833],[39.754672,-9.775838],[39.753706,-9.750697],[39.731971,-9.748907],[39.716233,-9.736746],[39.750128,-9.705812],[39.731347,-9.691833],[39.749595,-9.658085],[39.737683,-9.642912],[39.721662,-9.643113],[39.717452,-9.625361],[39.729633,-9.617308],[39.731518,-9.598848],[39.716693,-9.581841],[39.708241,-9.552807],[39.696385,-9.543553],[39.698803,-9.520876],[39.688623,-9.517425],[39.678334,-9.490028],[39.657659,-9.487808],[39.656419,-9.457046],[39.629953,-9.422665],[39.603842,-9.422079],[39.593196,-9.432436],[39.562409,-9.428163],[39.57146,-9.397275],[39.604003,-9.412307],[39.630539,-9.37981],[39.644274,-9.378709],[39.655729,-9.357987],[39.648126,-9.269604],[39.627904,-9.257107],[39.640415,-9.239746],[39.643443,-9.201777],[39.637191,-9.177089],[39.607466,-9.135763],[39.616933,-9.100587],[39.613746,-9.061412],[39.57663,-9.035641],[39.553862,-9.035718],[39.549275,-9.064304],[39.555513,-9.08529],[39.574575,-9.093738],[39.580122,-9.093527],[39.577569,-9.095065],[39.599385,-9.104733],[39.589627,-9.130666],[39.581866,-9.112253],[39.552223,-9.091995],[39.544822,-9.106464],[39.532148,-9.100373],[39.510935,-9.122145],[39.519228,-9.160118],[39.502746,-9.180388],[39.507895,-9.106679],[39.479989,-9.089741],[39.511913,-9.065309],[39.49559,-9.057015],[39.504711,-9.036394],[39.480357,-8.962505],[39.492465,-8.93174],[39.47623,-8.933801],[39.462405,-8.94828],[39.459221,-8.947171],[39.458156,-8.949035],[39.457705,-8.946643],[39.439508,-8.940305],[39.440866,-8.937517],[39.438833,-8.937889],[39.441524,-8.936167],[39.446048,-8.926883],[39.476639,-8.916808],[39.429607,-8.900516],[39.394217,-8.913705],[39.380618,-8.935659],[39.39994,-8.884009],[39.399863,-8.882806],[39.400413,-8.882745],[39.401672,-8.879379],[39.41622,-8.870605],[39.451597,-8.869728],[39.459056,-8.883611],[39.474077,-8.883198],[39.495481,-8.909306],[39.511444,-8.947805],[39.520908,-8.928296],[39.529059,-8.93542],[39.554252,-8.930991],[39.556023,-8.916117],[39.5235,-8.90429],[39.495457,-8.828556],[39.462613,-8.81357],[39.449554,-8.791612],[39.439581,-8.746395],[39.413778,-8.744517],[39.361963,-8.695721],[39.356973,-8.665669],[39.364248,-8.620998],[39.350922,-8.576068],[39.337976,-8.561022],[39.342714,-8.547139],[39.326924,-8.544782],[39.29372,-8.50968],[39.299795,-8.488815],[39.289313,-8.456697],[39.307019,-8.429787],[39.299182,-8.396319],[39.312054,-8.374848],[39.292461,-8.367424],[39.268461,-8.327424],[39.30214,-8.285544],[39.268463,-8.264312],[39.299192,-8.268804],[39.317388,-8.292393],[39.34318,-8.296429],[39.338507,-8.280886],[39.350359,-8.272847],[39.335021,-8.252531],[39.3439,-8.244027],[39.34394,-8.218979],[39.328393,-8.1993],[39.357333,-8.213974],[39.363949,-8.203133],[39.375,-8.147321],[39.418945,-8.085938],[39.449932,-7.999861],[39.437622,-7.991351],[39.417148,-7.916847],[39.38701,-7.92246],[39.414532,-7.90898],[39.433806,-7.878477],[39.445868,-7.847575],[39.447447,-7.815325],[39.415099,-7.80039],[39.406445,-7.808262],[39.401279,-7.824717],[39.401384,-7.83115],[39.39901,-7.831944],[39.396175,-7.840976],[39.385762,-7.836381],[39.378822,-7.838705],[39.370471,-7.863106],[39.3535,-7.874553],[39.353869,-7.874497],[39.349821,-7.877043],[39.349831,-7.877027],[39.336662,-7.885909],[39.336595,-7.88625],[39.336058,-7.886316],[39.331018,-7.889715],[39.318008,-7.887864],[39.294271,-7.905849],[39.292907,-7.907333],[39.292243,-7.907385],[39.288993,-7.909847],[39.262113,-7.921921],[39.262986,-7.931979],[39.261007,-7.919791],[39.275295,-7.909049],[39.264774,-7.891625],[39.262586,-7.893838],[39.245409,-7.880301],[39.245343,-7.879824],[39.242079,-7.878836],[39.236095,-7.847368],[39.241414,-7.824582],[39.249884,-7.81932],[39.249632,-7.819338],[39.251886,-7.816996],[39.252486,-7.817704],[39.263963,-7.810573],[39.3094,-7.753826],[39.291631,-7.721379],[39.303714,-7.673655],[39.280095,-7.635666],[39.275386,-7.601678],[39.305422,-7.469063],[39.320641,-7.434542],[39.341607,-7.410322],[39.341073,-7.408991],[39.342034,-7.40983],[39.352974,-7.397192],[39.351162,-7.363516],[39.360051,-7.337509],[39.351125,-7.322315],[39.355709,-7.320653],[39.356133,-7.32033],[39.35607,-7.320522],[39.368589,-7.315984],[39.379816,-7.289664],[39.386707,-7.281362],[39.387647,-7.279361],[39.387802,-7.280042],[39.409385,-7.254038],[39.421783,-7.251649],[39.444272,-7.18748],[39.468452,-7.169011],[39.487792,-7.165728],[39.498578,-7.186548],[39.518319,-7.175249],[39.515299,-7.157691],[39.533962,-7.123617],[39.550916,-7.135005],[39.541702,-7.074437],[39.547463,-7.072906],[39.545105,-7.031883],[39.552249,-7.01934],[39.547083,-6.988711],[39.532954,-6.986153],[39.506203,-6.942637],[39.493714,-6.890638],[39.448896,-6.864434],[39.445397,-6.86942],[39.402075,-6.859303],[39.391073,-6.847898],[39.359122,-6.850446],[39.349223,-6.831214],[39.31181,-6.815345],[39.295185,-6.826437],[39.297559,-6.810214],[39.283133,-6.797173],[39.282053,-6.766081],[39.289495,-6.752894],[39.275735,-6.732407],[39.272317,-6.756833],[39.245051,-6.750696],[39.215317,-6.658211],[39.193498,-6.626399],[39.177117,-6.625443],[39.152181,-6.580696],[39.111713,-6.559607],[39.077338,-6.504621],[39.039077,-6.475504],[39.028623,-6.493672],[39.006792,-6.479979],[38.968881,-6.471912],[38.960273,-6.454827],[38.943277,-6.459229],[38.911173,-6.442151],[38.89932,-6.404429],[38.885115,-6.400955],[38.843938,-6.339795],[38.841123,-6.315888],[38.865837,-6.222671],[38.860955,-6.161134],[38.843301,-6.155094],[38.824251,-6.119933],[38.799394,-6.094335],[38.781237,-6.053948],[38.779431,-6.023676],[38.80557,-5.950471],[38.819834,-5.935112],[38.823295,-5.84464],[38.895661,-5.713555],[38.894622,-5.669085],[38.903276,-5.641771],[38.933409,-5.618973],[38.950295,-5.571289],[38.969522,-5.551231],[38.983562,-5.501811],[38.993149,-5.496697],[39.003179,-5.455601],[38.984459,-5.432433],[38.993952,-5.41238],[39.021727,-5.409223],[39.070648,-5.290254],[39.07471,-5.258808],[39.089237,-5.230257],[39.072864,-5.215735],[39.112386,-5.176056],[39.101107,-5.16572],[39.102202,-5.140524],[39.114556,-5.123079],[39.137895,-5.126234],[39.126665,-5.053652],[39.093282,-5.06482],[39.101978,-5.036189],[39.11839,-5.023194],[39.129322,-5.02815],[39.15403,-5.002279],[39.123234,-4.986338],[39.142754,-4.973186],[39.137698,-4.941572],[39.121842,-4.921126],[39.135418,-4.923255],[39.149062,-4.90166],[39.146178,-4.886844],[39.166291,-4.859448],[39.168504,-4.881717],[39.156155,-4.91681],[39.175656,-4.942397],[39.196755,-4.886281],[39.210548,-4.872268],[39.217338,-4.839618],[39.205977,-4.833342],[39.220982,-4.808367],[39.215214,-4.79302],[39.186908,-4.795956],[39.169639,-4.778803],[39.186407,-4.756076],[39.20982,-4.772988],[39.216228,-4.758425],[39.210454,-4.68893],[39.258019,-4.621273],[39.275323,-4.625975],[39.297251,-4.604586],[39.297133,-4.604421],[39.302637,-4.59899],[39.302535,-4.599432],[39.305087,-4.596942],[39.305134,-4.60109],[39.306031,-4.603448],[39.305159,-4.603236],[39.305564,-4.638828],[39.328522,-4.646437],[39.354444,-4.64098],[39.384383,-4.64976],[39.404942,-4.646119],[39.412469,-4.621498],[39.398219,-4.618946],[39.40204,-4.589538],[39.421759,-4.574446],[39.427055,-4.557347],[39.429861,-4.567183],[39.430675,-4.565483],[39.433118,-4.573362],[39.431171,-4.571773],[39.436374,-4.590013],[39.450596,-4.58661],[39.481226,-4.482983],[39.499951,-4.465366],[39.503228,-4.444045],[39.524933,-4.419119],[39.533421,-4.438575],[39.543995,-4.426772],[39.571115,-4.331069],[39.598997,-4.270229],[39.614615,-4.203268],[39.676967,-4.082824],[39.665691,-4.079596],[39.665607,-4.079632],[39.665526,-4.079548],[39.645762,-4.07389],[39.637932,-4.057921],[39.574968,-4.068447],[39.567175,-4.044991],[39.617506,-4.042222],[39.626893,-4.047965],[39.650998,-4.029496],[39.649273,-4.021092],[39.647899,-4.020545],[39.648139,-4.015565],[39.64369,-3.993888],[39.646331,-3.995103],[39.645572,-3.992173],[39.656187,-3.997741],[39.655417,-3.999283],[39.65757,-4.000274],[39.654462,-4.020617],[39.676688,-4.032464],[39.687527,-4.065436],[39.70181,-4.060547],[39.729021,-4.003191],[39.754598,-3.969801],[39.752989,-3.959129],[39.774899,-3.944122],[39.830016,-3.823521],[39.870527,-3.69775],[39.863582,-3.643472],[39.837661,-3.63368],[39.820203,-3.647083],[39.805175,-3.64311],[39.817543,-3.609066],[39.844598,-3.635304],[39.865436,-3.637342],[39.884815,-3.607283],[39.968375,-3.409449],[39.965822,-3.35354],[39.957204,-3.344272],[39.974048,-3.32339],[39.991297,-3.321864],[39.989482,-3.344743],[39.971812,-3.354771],[39.96977,-3.387618],[39.976625,-3.390188],[40.007077,-3.36162],[40.122462,-3.288756],[40.132825,-3.25597],[40.121933,-3.199016],[40.163912,-3.131814],[40.15636,-3.083583],[40.173712,-3.068753],[40.174405,-3.04177],[40.195362,-3.031003],[40.201783,-3.010575],[40.241504,-2.989263],[40.238134,-2.978027],[40.212258,-2.993786],[40.188737,-2.99549],[40.190519,-2.984798],[40.175062,-2.960308],[40.166384,-2.959996],[40.164308,-2.935473],[40.172822,-2.899392],[40.171906,-2.855005],[40.18457,-2.822911],[40.180752,-2.7651],[40.224224,-2.694906],[40.30572,-2.618317],[40.384017,-2.571428],[40.478736,-2.536581],[40.523449,-2.533011],[40.500702,-2.517027],[40.573389,-2.551973],[40.610047,-2.560885],[40.649314,-2.533036],[40.706068,-2.476127],[40.741439,-2.455387],[40.771883,-2.453223],[40.78125,-2.427734],[40.825084,-2.392686],[40.81796,-2.359025],[40.778558,-2.328564],[40.796867,-2.330228],[40.800559,-2.319274],[40.771423,-2.297452],[40.774835,-2.263705],[40.784565,-2.267447],[40.776988,-2.299814],[40.785825,-2.302916],[40.800673,-2.304998],[40.803154,-2.308998],[40.806383,-2.310132],[40.79349,-2.280126],[40.806242,-2.291295],[40.848699,-2.252271],[40.890969,-2.242634],[40.885522,-2.215651],[40.902428,-2.225147],[40.907198,-2.257229],[40.924548,-2.277779],[40.913134,-2.310635],[40.925279,-2.323313],[40.957886,-2.310155],[40.990295,-2.261789],[40.969033,-2.223053],[40.925088,-2.216937],[40.920407,-2.182694],[40.92135,-2.135831],[40.920514,-2.128494],[40.919135,-2.127697],[40.920176,-2.12552],[40.916549,-2.093692],[40.907338,-2.070138],[40.905953,-2.010574],[40.868409,-1.997994],[40.845836,-1.980801],[40.819729,-1.968563],[40.819667,-1.968812],[40.819475,-1.968444],[40.808756,-1.963419],[40.819893,-1.966258],[40.820317,-1.966166],[40.820271,-1.966354],[40.86336,-1.977337],[40.887521,-1.994631],[40.921112,-1.999087],[40.919218,-2.034124],[40.939168,-2.061813],[40.933511,-2.074356],[40.947812,-2.084749],[40.979117,-2.068817],[40.980652,-2.052401],[40.960117,-2.017931],[40.974717,-1.986641],[40.975452,-1.936745],[40.990304,-1.930136],[41.003492,-1.908259],[41.012989,-1.912941],[40.986136,-1.948248],[40.991488,-1.97964],[40.97926,-2.019662],[40.989867,-2.041381],[41.012621,-2.056075],[41.034314,-2.053729],[41.045192,-2.032989],[41.077787,-2.018542],[41.124277,-1.980666],[41.141381,-1.99831],[41.191871,-1.996337],[41.202764,-1.956537],[41.215971,-1.951931],[41.219128,-1.922377],[41.229337,-1.970289],[41.234306,-1.961411],[41.26588,-1.962118],[41.278085,-1.985773],[41.30158,-1.962419],[41.323045,-1.95371],[41.409517,-1.854932],[41.392535,-1.885184],[41.438822,-1.841371],[41.412229,-1.840858],[41.43369,-1.820112],[41.428548,-1.809646],[41.457121,-1.789217],[41.453492,-1.802655],[41.479693,-1.799323],[41.486321,-1.767262],[41.45935,-1.780206],[41.495643,-1.745194],[41.518692,-1.702223],[41.579649,-1.640123],[41.613377,-1.583719],[41.622113,-1.583623],[41.749889,-1.376718],[41.783637,-1.342734],[41.798756,-1.305948],[41.830175,-1.26464],[41.839484,-1.224225],[41.82472,-1.186872],[41.783256,-1.15664],[41.766353,-1.155423],[41.718316,-1.184181],[41.758636,-1.154397],[41.793792,-1.155347],[41.782236,-1.126264],[41.800309,-1.14999],[41.79652,-1.160812],[41.835938,-1.176618],[41.836784,-1.200449],[41.854292,-1.219236],[41.882422,-1.219805],[41.876212,-1.20051],[41.917271,-1.15362],[41.935018,-1.140741],[41.928322,-1.130729],[41.955706,-1.090273],[41.976917,-1.035073],[41.965152,-1.019112],[41.97258,-0.994077],[41.961525,-0.96973],[41.981243,-0.992344],[41.968142,-1.016047],[41.982803,-1.021656],[42.035638,-0.975513],[42.03,-0.958772],[42.083011,-0.900439],[42.102703,-0.857836],[42.084242,-0.846733],[42.055585,-0.863654],[42.044878,-0.844203],[42.051571,-0.816674],[42.045505,-0.810128],[41.999572,-0.820789],[41.999846,-0.811863],[42.030831,-0.811075],[42.043387,-0.802275],[42.055602,-0.811116],[42.048857,-0.843567],[42.057565,-0.862465],[42.069012,-0.840564],[42.113979,-0.844278],[42.178361,-0.809531],[42.377378,-0.545788],[42.458121,-0.455697],[42.466874,-0.465256],[42.485618,-0.448585],[42.473846,-0.439595],[42.478877,-0.426343],[42.521056,-0.376374],[42.533645,-0.367139],[42.554022,-0.371233],[42.589891,-0.298444],[42.873884,-0.019671],[43.385045,0.541713],[43.495396,0.653739],[43.648019,0.795201],[43.757289,0.880676],[43.777959,0.910124],[43.979463,1.069137],[44.018837,1.092279],[44.047328,1.133067],[44.123506,1.186483],[44.168358,1.239617],[44.216982,1.270558],[44.224783,1.28902],[44.330189,1.383031],[44.514391,1.520956],[44.59936,1.598714],[44.622128,1.601351],[44.710179,1.671183],[44.730586,1.677331],[44.761831,1.71028],[45.085274,1.906991],[45.392228,2.051811],[45.636594,2.203721],[45.901891,2.35195],[46.023942,2.441728],[46.047754,2.47086],[46.106376,2.51754],[46.221475,2.658395],[46.297626,2.712193],[46.317291,2.754693],[46.364096,2.80226],[46.392725,2.820092],[46.449986,2.878348],[46.57239,2.975446],[46.670236,3.065953],[46.853947,3.266881],[46.928284,3.362026],[47.086129,3.521324],[47.190698,3.642997],[47.451728,3.89756],[47.586236,4.066546],[47.748423,4.237305],[47.787956,4.290665],[47.937898,4.447963],[47.985205,4.509854],[48.0164,4.573023],[48.151548,4.793103],[48.196037,4.889963],[48.28892,5.028168],[48.629962,5.473894],[48.9124,5.920812],[48.981315,6.052306],[49.060718,6.229841],[49.081238,6.308057],[49.075335,6.345639],[49.096669,6.452639],[49.216289,6.751554],[49.472188,7.168017],[49.588284,7.317744],[49.666475,7.433516],[49.76026,7.618255],[49.769276,7.667026],[49.826053,7.745129],[49.819474,7.755208],[49.830957,7.769428],[49.805076,7.824618],[49.809255,7.889541],[49.822189,7.92616],[49.855732,7.973098],[49.898374,8.00389],[49.969314,8.0803],[50.031623,8.12459],[50.066078,8.138142],[50.13047,8.197141],[50.157913,8.30557],[50.183761,8.332588],[50.191033,8.363994],[50.227378,8.40616],[50.2397,8.436029],[50.299922,8.492598],[50.330941,8.545701],[50.334917,8.575998],[50.327402,8.597638],[50.336181,8.640222],[50.385114,8.703226],[50.420136,8.854541],[50.446119,8.898021],[50.577654,9.013721],[50.588101,9.033805],[50.61924,9.051677],[50.647338,9.091209],[50.653238,9.140625],[50.644846,9.178955],[50.659422,9.211945],[50.706272,9.271256],[50.747648,9.294546],[50.828858,9.418646],[50.844723,9.452912],[50.845241,9.475377],[50.821476,9.485243],[50.802227,9.519372],[50.803404,9.59038],[50.823886,9.653232],[50.851265,9.857138],[50.862025,9.867867],[50.885241,9.965569],[50.900256,9.998122],[50.885627,10.095842],[50.901461,10.161713],[50.898666,10.311031],[50.93273,10.340726],[51.022763,10.385515],[51.135116,10.415428],[51.247617,10.424078],[51.271665,10.413853],[51.265602,10.383818],[51.291739,10.372004],[51.340422,10.377448],[51.357308,10.366816],[51.377854,10.365972],[51.406266,10.415509],[51.415341,10.444999],[51.401163,10.456674],[51.392964,10.478101],[51.351292,10.482352],[51.328125,10.47154],[51.295637,10.478545],[51.238327,10.508401],[51.218788,10.527346],[51.194594,10.534248],[51.204628,10.511633],[51.196997,10.479765],[51.23543,10.445273],[51.234756,10.432336],[51.139905,10.43189],[51.057362,10.41579],[51.044237,10.404883],[51.024624,10.415524],[51.022911,10.430931],[51.032913,10.460841],[51.048763,10.466099],[51.079362,10.495098],[51.075413,10.516027],[51.103256,10.528211],[51.1051,10.547851],[51.124232,10.56056],[51.169468,10.567948],[51.170333,10.581892],[51.151419,10.623391],[51.148093,10.662371],[51.134732,10.673057],[51.129218,10.714983],[51.121457,10.970315],[51.132934,11.033302],[51.183426,11.144022],[51.175923,11.154693],[51.140163,11.138143],[51.118934,11.154065],[51.159695,11.151566],[51.110734,11.160918],[51.09454,11.180508],[51.077496,11.239926],[51.083569,11.327922],[51.114454,11.401786],[51.127916,11.467631],[51.122059,11.489908],[51.16455,11.566543],[51.224668,11.628551],[51.257216,11.680128],[51.247373,11.716144],[51.259666,11.735021],[51.261093,11.767253],[51.282511,11.801294],[51.288176,11.833757],[51.259568,11.841725],[51.238803,11.834893],[51.133239,11.873573],[51.048917,11.874999],[50.976563,11.918806],[50.849264,11.949368],[50.795079,11.987973],[50.77419,11.988232],[50.765651,11.971287],[50.67532,11.935879],[50.630324,11.943307],[50.626601,11.932636],[50.605375,11.927949],[50.569276,11.90295],[50.548046,11.87581],[50.534958,11.810048],[50.509855,11.757682],[50.485146,11.721238],[50.444541,11.681738],[50.302385,11.617584],[50.26373,11.584666],[50.14734,11.549701],[50.071184,11.505332],[50.002802,11.502319],[49.946536,11.515618],[49.880191,11.477429],[49.826943,11.460172],[49.754064,11.458705],[49.680963,11.47765],[49.661523,11.462284],[49.581453,11.456057],[49.555367,11.44894],[49.508366,11.381852],[49.47608,11.375321],[49.467505,11.360726],[49.449266,11.357908],[49.442217,11.344358],[49.390654,11.330997],[49.302498,11.336824],[49.251925,11.303331],[48.955291,11.240314],[48.897612,11.243368],[48.775385,11.291516],[48.658125,11.325703],[48.59456,11.308006],[48.515197,11.307726],[48.484779,11.289136],[48.412375,11.284798],[48.353941,11.269505],[48.320521,11.233446],[48.276559,11.212641],[48.239174,11.205547],[48.157968,11.133165],[48.138914,11.125714],[48.095391,11.130786],[48.052841,11.127782],[48.035175,11.118862],[47.947855,11.116101],[47.918151,11.127159],[47.869515,11.113074],[47.792134,11.119151],[47.698308,11.089873],[47.630277,11.114658],[47.537033,11.18189],[47.41788,11.178013],[47.325126,11.144315],[47.194402,11.077634],[47.149213,11.063866],[47.132853,11.032302],[47.114046,11.021046],[47.100643,10.988394],[47.039277,10.962362],[47.015954,10.963981],[46.990686,10.930074],[46.963488,10.917906],[46.93123,10.915847],[46.921049,10.897783],[46.900921,10.894624],[46.869044,10.860315],[46.844814,10.852649],[46.813644,10.825158],[46.669056,10.747818],[46.627113,10.731499],[46.529874,10.715651],[46.45627,10.685297],[46.357171,10.686481],[46.331191,10.698977],[46.257594,10.771268],[46.231321,10.783363],[46.118404,10.765009],[45.978193,10.77763],[45.9231,10.813402],[45.873361,10.83447],[45.874658,10.820154],[45.860225,10.816386],[45.85813,10.830493],[45.805208,10.868601],[45.770421,10.857966],[45.75357,10.829631],[45.719096,10.818051],[45.679183,10.786775],[45.594029,10.761862],[45.574091,10.722535],[45.529895,10.707172],[45.511155,10.687732],[45.479374,10.681434],[45.466051,10.665679],[45.406751,10.658482],[45.333251,10.663987],[45.313024,10.652783],[45.236258,10.562395],[45.14142,10.516674],[45.086117,10.507505],[45.057179,10.478748],[44.982823,10.447317],[45.002778,10.452333],[45.007852,10.443216],[44.94588,10.408512],[44.884657,10.40346],[44.818264,10.415707],[44.748427,10.417907],[44.609641,10.380308],[44.569505,10.378099],[44.448536,10.4006],[44.418423,10.390375],[44.360611,10.400604],[44.260786,10.450331],[44.203426,10.50495],[44.137389,10.550184],[44.117686,10.554995],[44.083249,10.581665],[44.068658,10.607582],[43.894407,10.730488],[43.746053,10.879303],[43.665146,10.975835],[43.592387,11.092772],[43.556314,11.174808],[43.529945,11.184181],[43.504356,11.215152],[43.478902,11.329739],[43.483046,11.351402],[43.466478,11.350894],[43.465942,11.350216],[43.465057,11.35085],[43.452317,11.350459],[43.416954,11.383426],[43.393132,11.383693],[43.351825,11.409456],[43.348899,11.432341],[43.331376,11.424562],[43.312023,11.464815],[43.2572,11.461341],[42.963362,10.993709],[42.86824,10.970535],[42.856349,10.981007],[42.792701,10.987873],[42.786919,11.022377],[42.758759,11.07954],[42.693342,11.057396],[42.634396,11.096706],[42.589622,11.067696],[42.50322,11.040916],[42.418246,10.983582],[42.354241,11.002636],[42.274159,10.989075],[42.232193,10.951481],[42.204391,10.953884],[42.197221,10.974998],[42.14966,10.97311],[42.142141,10.980492],[42.071341,10.948906],[42.072915,10.935345],[42.053683,10.92659],[42.037249,10.93483],[42.019066,10.92556],[41.976058,10.933285],[41.966617,10.914917],[41.940733,10.927963],[41.942656,10.942039],[41.918702,10.93998],[41.785449,10.97929],[41.796641,11.008987],[41.809406,11.272488],[41.803629,11.363468],[41.771745,11.485863],[41.834154,11.733913],[41.890093,11.758461],[41.896581,11.793651],[41.948852,11.816654],[42.007624,11.88961],[42.141373,12.080498],[42.150679,12.075176],[42.168237,12.126846],[42.246755,12.242546],[42.317393,12.305889],[42.343774,12.388801],[42.404268,12.46873],[42.462561,12.528019],[42.548006,12.490768],[42.643975,12.399616],[42.695466,12.362366],[42.718105,12.384639],[42.750774,12.384853],[42.76352,12.411547],[42.803047,12.414486],[42.825107,12.435],[42.820654,12.461264],[42.797102,12.477196],[42.802487,12.509716],[42.825493,12.541258],[42.858402,12.548275],[42.865348,12.588787],[42.881442,12.595997],[42.889994,12.616156],[42.916843,12.61179],[42.947924,12.625244],[42.962437,12.642828],[43.123687,12.70939],[43.115721,12.732896],[43.098022,12.74009],[43.089216,12.803112],[43.072624,12.840272],[43.067387,12.837952],[43.022762,12.88719],[43.035536,12.903672],[42.982443,12.956225],[42.969125,12.955048],[42.975011,12.937639],[42.967605,12.913545],[42.99358,12.892961],[42.983863,12.886423],[42.99291,12.861216],[42.981275,12.845844],[42.995405,12.82968],[42.956922,12.804809],[42.943868,12.808676],[42.925165,12.783327],[42.904689,12.791499],[42.928421,12.799521],[42.927805,12.810519],[42.905834,12.814496],[42.897627,12.803079],[42.848915,12.841505],[42.843541,12.865819],[42.802311,12.839653],[42.785167,12.841892],[42.761118,12.871419],[42.770594,12.881441],[42.769079,12.917251],[42.744997,12.955452],[42.731364,12.960239],[42.749234,13.023863],[42.74287,13.037806],[42.712378,13.052711],[42.673642,13.05376],[42.644321,13.108169],[42.585244,13.159123],[42.565453,13.185099],[42.563571,13.198729],[42.547786,13.195347],[42.551957,13.228379],[42.530961,13.226244],[42.51871,13.193542],[42.49723,13.183594],[42.396194,13.20272],[42.380089,13.222474],[42.383154,13.240096],[42.353856,13.411678],[42.342886,13.437459],[42.308141,13.476349],[42.301971,13.501775],[42.307277,13.51587],[42.2925,13.560946],[42.235468,13.624509],[42.200526,13.651331],[42.199518,13.665291],[42.162015,13.659745],[42.1661,13.651541],[42.208228,13.64394],[42.220549,13.605786],[42.199609,13.60933],[42.23572,13.558195],[42.228487,13.554856],[42.194279,13.586054],[42.146311,13.649661],[42.12052,13.636113],[42.104072,13.645344],[42.102517,13.663942],[42.076865,13.708807],[42.080485,13.717267],[42.054754,13.72808],[42.032398,13.772959],[42.013318,13.773111],[42.001214,13.821859],[41.977648,13.827013],[41.970082,13.852781],[41.858945,13.864982],[41.814327,13.921458],[41.797578,13.926587],[41.772565,13.915599],[41.727415,13.916332],[41.721456,13.93876],[41.691445,13.93174],[41.667168,13.99364],[41.624633,14.066208],[41.547879,14.132842],[41.513131,14.208005],[41.477773,14.255348],[41.432691,14.296287],[41.424197,14.295758],[41.400087,14.357143],[41.34421,14.405291],[41.32812,14.462066],[41.298719,14.509613],[41.219674,14.564833],[41.197507,14.597214],[41.188552,14.626137],[41.046117,14.669892],[40.998449,14.663255],[40.973425,14.670306],[40.961415,14.696614],[40.943975,14.690479],[40.895497,14.727787],[40.849716,14.719144],[40.827216,14.725386],[40.818311,14.708778],[40.811348,14.720845],[40.78125,14.705636],[40.771579,14.742626],[40.751053,14.737262],[40.733141,14.769902],[40.751187,14.812663],[40.746199,14.845653],[40.730333,14.842891],[40.686934,14.887733],[40.709918,14.881142],[40.720721,14.892701],[40.700257,14.915189],[40.674677,14.915765],[40.67399,14.890934],[40.617983,14.894116],[40.646564,14.929235],[40.637238,14.959219],[40.577632,14.948708],[40.56208,14.964034],[40.56983,14.998757],[40.546008,15.003115],[40.522586,15.024268],[40.537542,14.981964],[40.518383,14.972475],[40.517645,14.961535],[40.495081,14.95537],[40.475432,14.977511],[40.464338,14.969596],[40.467472,14.997467],[40.448602,15.006865],[40.42697,14.999728],[40.414233,14.98019],[40.429071,14.971053],[40.405299,14.952776],[40.401945,14.953115],[40.401855,14.952953],[40.401595,14.953151],[40.388156,14.954508],[40.383896,14.972398],[40.392384,14.99731],[40.370141,14.98305],[40.355873,14.946865],[40.338515,14.929548],[40.315452,14.918754],[40.314067,14.906852],[40.296752,14.904084],[40.279514,14.926937],[40.242929,14.937568],[40.234383,14.947969],[40.21203,14.947383],[40.180759,14.979335],[40.161173,14.987978],[40.156267,15.002353],[40.165292,15.022827],[40.142369,15.05604],[40.123342,15.058948],[40.115777,15.074681],[40.106984,15.062608],[40.101393,15.120517],[40.05069,15.188684],[40.08256,15.1981],[40.076137,15.179968],[40.097317,15.196211],[40.086602,15.210008],[40.047409,15.199468],[40.056416,15.23366],[40.012077,15.243885],[40.033177,15.250029],[40.054692,15.283445],[40.082018,15.303674],[40.089092,15.32483],[40.058968,15.360229],[40.03229,15.366762],[39.982366,15.398933],[39.974787,15.418396],[39.95765,15.423606],[39.882677,15.483799],[39.879435,15.504867],[39.866983,15.501238],[39.870528,15.486074],[39.855608,15.484047],[39.854918,15.461589],[39.842158,15.455629],[39.841355,15.476481],[39.829757,15.463259],[39.833461,15.429854],[39.806463,15.445863],[39.804782,15.415294],[39.776214,15.397252],[39.785458,15.355023],[39.776406,15.31286],[39.785271,15.263455],[39.802621,15.250739],[39.813211,15.27534],[39.850255,15.201072],[39.850097,15.160302],[39.826453,15.127208],[39.825285,15.098779],[39.813481,15.070537],[39.765004,15.062964],[39.752401,15.087286],[39.718025,15.087834],[39.6931,15.126606],[39.714212,15.261682],[39.658924,15.335019],[39.635775,15.43982],[39.612854,15.496631],[39.600407,15.518658],[39.566262,15.537603],[39.534876,15.536243],[39.487423,15.514583],[39.461618,15.533652],[39.442779,15.598791],[39.466259,15.619556],[39.468282,15.644224],[39.480335,15.643148],[39.449259,15.680533],[39.447962,15.712307],[39.427754,15.741535],[39.427506,15.768196],[39.442789,15.79019],[39.431975,15.808843],[39.375,15.837333],[39.328728,15.892497],[39.30531,15.897418],[39.294738,15.950897],[39.275337,15.970459],[39.26262,16.037637],[39.241683,16.073831],[39.204937,16.249044],[39.207883,16.276415],[39.198019,16.289058],[39.204607,16.34394],[39.188447,16.415382],[39.194626,16.422807],[39.169422,16.499606],[39.148362,16.537795],[39.167438,16.552409],[39.162208,16.570729],[39.13876,16.598954],[39.153611,16.633607],[39.144889,16.699328],[39.124246,16.734257],[39.118408,16.779516],[39.101276,16.803198],[39.092188,16.847332],[39.064029,16.898211],[39.042739,16.999928],[38.999245,17.137949],[38.999191,17.181157],[38.992545,17.199802],[38.970857,17.218532],[38.966421,17.274364],[38.941026,17.331334],[38.938174,17.371891],[38.922299,17.41728],[38.890327,17.482068],[38.862818,17.515736],[38.839551,17.581322],[38.799275,17.648859],[38.676598,17.814073],[38.647076,17.867548],[38.645769,17.891497],[38.632928,17.917488],[38.615783,17.918076],[38.595107,17.961673],[38.566936,17.990971],[38.582662,18.018907],[38.558213,18.031381],[38.5623,18.049832],[38.545683,18.081796],[38.520383,18.102277],[38.517986,18.077522],[38.506035,18.056686],[38.48697,18.057349],[38.489745,18.070554],[38.470339,18.087289],[38.456778,18.083364],[38.456306,18.106336],[38.481339,18.101785],[38.455206,18.121936],[38.439958,18.103286],[38.404181,18.123027],[38.39567,18.145739],[38.407127,18.171719],[38.38263,18.199329],[38.353379,18.196929],[38.371468,18.177571],[38.343512,18.171659],[38.302099,18.186133],[38.29487,18.200897],[38.279375,18.200488],[38.257087,18.215408],[38.279491,18.2492],[38.261601,18.260415],[38.262486,18.281845],[38.24647,18.265225],[38.258677,18.253175],[38.252792,18.236971],[38.2122,18.226567],[38.156342,18.244427],[38.163953,18.256587],[38.119719,18.264024],[38.100533,18.282205],[38.098783,18.310803],[38.084821,18.32216],[38.080233,18.346659],[38.087242,18.391219],[38.118914,18.404322],[38.119055,18.414309],[38.0377,18.460209],[37.993396,18.501247],[37.954376,18.558335],[37.910717,18.585629],[37.802384,18.61906],[37.76797,18.649115],[37.769913,18.66604],[37.745556,18.679613],[37.75158,18.691143],[37.739227,18.710595],[37.708852,18.707113],[37.688884,18.715711],[37.676736,18.73598],[37.657627,18.722657],[37.583243,18.71518],[37.538738,18.720177],[37.492518,18.759534],[37.466139,18.808594],[37.428721,18.845603],[37.411867,18.875608],[37.416769,18.910048],[37.410576,18.933042],[37.399145,18.94291],[37.408999,18.98723],[37.394909,18.998549],[37.392927,19.023335],[37.375318,19.057781],[37.366818,19.059709],[37.3677,19.09392],[37.357294,19.127789],[37.33649,19.10566],[37.340383,19.161629],[37.331297,19.182853],[37.336765,19.207197],[37.329155,19.24129],[37.328734,19.241573],[37.329014,19.241922],[37.325036,19.259744],[37.327792,19.298331],[37.316777,19.30922],[37.319514,19.357307],[37.302684,19.428867],[37.280611,19.477988],[37.293139,19.485453],[37.248376,19.552226],[37.236804,19.597561],[37.239023,19.681213],[37.24444,19.656821],[37.256407,19.671506],[37.256124,19.696281],[37.264093,19.707592],[37.266092,19.846072],[37.222875,19.913382],[37.181667,20.035541],[37.216723,20.074906],[37.214522,20.157484],[37.203298,20.2268],[37.205466,20.283831],[37.195268,20.33424],[37.186546,20.333934],[37.19145,20.375523],[37.207794,20.398455],[37.1889,20.454843],[37.237008,20.463667],[37.229911,20.483789],[37.240528,20.525755],[37.237277,20.565218],[37.211682,20.615081],[37.208643,20.64509],[37.179306,20.689267],[37.183541,20.737403],[37.167815,20.805445],[37.170689,20.878712],[37.156866,20.933122],[37.130083,20.995417],[37.108346,21.016829],[37.109208,21.031126],[37.094257,21.038621],[37.092689,21.072401],[37.126168,21.075373],[37.126136,21.103222],[37.118002,21.110398],[37.128909,21.129024],[37.121849,21.144912],[37.133724,21.152992],[37.100668,21.159259],[37.096636,21.1893],[37.122804,21.224577],[37.137227,21.228237],[37.163877,21.215307],[37.17438,21.191796],[37.160162,21.168453],[37.165609,21.150143],[37.180904,21.140355],[37.184369,21.161584],[37.198478,21.162212],[37.202685,21.145201],[37.187724,21.156628],[37.201624,21.132447],[37.205571,21.144732],[37.220034,21.134093],[37.235428,21.137588],[37.233423,21.107195],[37.278056,21.050524],[37.274151,21.0444],[37.237784,21.066104],[37.217849,21.102252],[37.207904,21.098088],[37.25428,20.995561],[37.254872,21.016322],[37.2935,21.018144],[37.319763,21.065716],[37.290376,21.087155],[37.279367,21.123168],[37.195642,21.220778],[37.162924,21.238157],[37.127895,21.272882],[37.01459,21.421848],[36.986715,21.397702],[36.977776,21.40267],[37.016118,21.425017],[36.972718,21.500234],[36.966342,21.484043],[36.956616,21.49141],[36.96884,21.505168],[36.961385,21.529632],[36.911474,21.612669],[36.917065,21.622628],[36.898853,21.683539],[36.898366,21.732611],[36.876845,21.792742],[36.887481,21.830038],[36.87383,21.861173],[36.878574,21.899605],[36.870137,21.930204],[36.884164,21.928113],[36.883681,21.944551],[36.862756,21.973145],[36.880854,22.0],[34.081636,22.0],[34.000521,21.770632],[33.553826,21.724638],[33.164167,21.99995],[31.40794,21.99966],[31.421802,22.058058],[31.45582,22.11546],[31.492507,22.136571],[31.522514,22.175624],[31.49483,22.1988],[31.48597,22.21831],[31.465171,22.230706],[31.383465,22.195559],[31.345517,22.167104],[31.309611,22.091703],[31.290005,21.99977],[24.998719,21.999156],[24.998414,19.999355],[23.998253,19.999237],[23.997882,19.500904],[23.150077,19.954605],[23.046389,19.999752],[23.011134,20.02739],[22.90698,20.084553],[21.705591,20.711632],[20.629376,21.259747],[19.589122,21.775417],[19.095993,22.006154],[18.973262,22.072831],[17.760363,22.638187],[15.994687,23.446369],[15.034826,23.014469],[14.973589,22.978206],[14.900882,22.96649],[14.883265,22.934432],[14.818244,22.926407],[14.804366,22.917997],[14.795217,22.896709],[14.769422,22.892589],[14.755075,22.877913],[14.743661,22.881904],[14.710452,22.873106],[14.673943,22.848215],[14.651403,22.858171],[14.615936,22.830276],[14.182925,22.633209],[13.673591,23.071461],[13.551937,23.14373],[13.46756,23.18407],[13.350288,23.220119],[12.000768,23.500614],[10.734638,22.784271],[10.630476,22.719941],[10.616169,22.703848],[10.602143,22.705972],[10.561233,22.672606],[10.469728,22.632179],[9.690048,22.180023],[7.535307,20.889645],[7.432629,20.793686],[7.370921,20.760137],[7.305584,20.705538],[7.26072,20.684252],[7.169343,20.5937],[6.942217,20.404358],[6.900672,20.313406],[6.812548,20.29398],[6.086391,19.68235],[5.817575,19.443741],[4.502993,19.183674],[3.398823,18.954677],[3.356469,18.973217],[3.324203,19.000616],[3.300718,18.99991],[3.275936,19.034414],[3.187183,19.090462],[3.169739,19.113808],[3.123411,19.128227],[3.115119,19.164963],[3.159678,19.217491],[3.205589,19.30212],[3.18458,19.334393],[3.178823,19.361],[3.196842,19.392071],[3.204487,19.427948],[3.245996,19.431381],[3.266202,19.447689],[3.250539,19.491119],[3.269119,19.525452],[3.23123,19.580383],[3.252184,19.645958],[3.230029,19.6875],[3.229772,19.714279],[3.245641,19.752388],[3.243087,19.77745],[3.256776,19.805431],[3.25595,19.844259],[3.216615,19.840794],[3.151987,19.858646],[3.087744,19.899845],[3.04703,19.911346],[2.975268,19.95203],[2.905137,19.965076],[2.875546,19.958897],[2.846138,19.971599],[2.831524,19.963531],[2.806499,19.976578],[2.768685,19.981556],[2.759186,19.996147],[2.729216,19.99752],[2.695598,20.076313],[2.674171,20.084209],[2.654812,20.050564],[2.620826,20.051594],[2.585563,20.034256],[2.559618,20.035629],[2.552295,20.056915],[2.533833,20.065842],[2.520855,20.090217],[2.49106,20.086098],[2.473695,20.099659],[2.440809,20.082664],[2.444098,20.056057],[2.411206,20.040264],[2.390009,20.01606],[2.378315,20.035458],[2.38672,20.058117],[2.378667,20.085754],[2.401521,20.121803],[2.390185,20.147552],[2.362578,20.146523],[2.347929,20.174675],[2.331284,20.185833],[2.34482,20.189953],[2.332747,20.206432],[2.319028,20.208321],[2.307138,20.231323],[2.307477,20.268059],[2.275631,20.292606],[2.252023,20.292263],[2.211028,20.313721],[2.192726,20.312176],[2.189066,20.277157],[2.159982,20.256901],[2.137848,20.255184],[2.129799,20.237503],[2.074907,20.241966],[2.04856,20.265656],[2.037033,20.266857],[2.012516,20.236816],[1.99367,20.24128],[1.975542,20.264969],[1.961816,20.253811],[1.945162,20.257072],[1.922103,20.22583],[1.901789,20.234756],[1.897763,20.257587],[1.871218,20.294666],[1.827517,20.296211],[1.783102,20.321488],[1.77365,20.337582],[1.739232,20.354748],[1.671463,20.410366],[1.677743,20.440063],[1.665599,20.454998],[1.676409,20.488644],[1.640039,20.521345],[1.616296,20.557308],[1.570733,20.57147],[1.559456,20.599193],[1.52507,20.606747],[1.492886,20.599108],[1.466661,20.609751],[1.444739,20.628204],[1.4375,20.65625],[1.377935,20.66288],[1.350595,20.679188],[1.334795,20.7197],[1.311116,20.738926],[1.298635,20.731888],[1.255087,20.738068],[1.229209,20.722618],[1.179649,20.72382],[1.166249,20.732746],[1.161833,20.795574],[1.194911,20.94595],[1.166484,21.108513],[0.49334,21.57217],[-1.560285,22.927437],[-2.091164,23.259945],[-2.110881,23.280888],[-3.296875,24.030273],[-4.472538,24.785328],[-6.826261,26.256466],[-8.086159,27.023449],[-8.667324,27.364883],[-8.667298,25.999832],[-11.999593,26.001034],[-12.000878,23.415298],[-12.037639,23.409119],[-12.070218,23.419912],[-12.088243,23.412037],[-12.152291,23.413582],[-12.234213,23.375816],[-12.270822,23.336334],[-12.296901,23.321743],[-12.322787,23.324747],[-12.341943,23.304577],[-12.37717,23.285093],[-12.418844,23.277969],[-12.44239,23.285437],[-12.465747,23.261147],[-12.542354,23.26561],[-12.655389,23.233279],[-13.014826,23.009319],[-13.102832,22.880916],[-13.151446,22.761097],[-13.08073,22.518883],[-13.065681,22.38945],[-13.028744,21.986561],[-12.997902,21.332016],[-16.945805,21.331158],[-17.034525,21.031952],[-17.034157,21.003113],[-17.058786,20.921059],[-17.065202,20.881577],[-17.047863,20.770321],[-17.028013,20.853625],[-17.053655,20.873227],[-17.050275,20.90442],[-17.021739,20.910035],[-17.004865,20.968354],[-17.004656,21.019391],[-17.019434,21.01718],[-17.025963,21.043213],[-17.004145,21.039231],[-16.999603,21.025882],[-16.973665,21.05681],[-16.964344,21.097396],[-16.941437,21.108687],[-16.943726,21.122864],[-16.928807,21.161328],[-16.915102,21.166356],[-16.910742,21.149611],[-16.884815,21.119662],[-16.878582,21.065386],[-16.86447,21.053503],[-16.86201,21.026675],[-16.845755,21.019354],[-16.837206,20.996733],[-16.818791,20.984603],[-16.818215,20.950652],[-16.804149,20.927099],[-16.778246,20.928431],[-16.77512,20.892296],[-16.757446,20.857493],[-16.757591,20.831702],[-16.724745,20.803377],[-16.712995,20.765468],[-16.698009,20.749303],[-16.668466,20.736179],[-16.669799,20.703617],[-16.680383,20.690276],[-16.676078,20.673364],[-16.662756,20.674535],[-16.643562,20.661109],[-16.611477,20.617188],[-16.530919,20.555265],[-16.526496,20.580943],[-16.534474,20.676324],[-16.525604,20.735552],[-16.514222,20.722942],[-16.48593,20.718352],[-16.487342,20.674922],[-16.440408,20.630904],[-16.430888,20.641427],[-16.429258,20.599213],[-16.421544,20.581055],[-16.399453,20.564683],[-16.37884,20.51812],[-16.374964,20.483834],[-16.353492,20.435411],[-16.361945,20.423291],[-16.337935,20.398458],[-16.33048,20.400013],[-16.323049,20.361805],[-16.305171,20.332827],[-16.289219,20.326142],[-16.268427,20.279666],[-16.243053,20.285632],[-16.204348,20.219147],[-16.202233,20.193049],[-16.227953,20.158862],[-16.227697,20.148577],[-16.264681,20.11943],[-16.236333,20.084738],[-16.239026,20.059831],[-16.222421,20.051929],[-16.232069,20.032718],[-16.22385,19.995484],[-16.233881,19.967215],[-16.310857,19.903213],[-16.30675,19.878191],[-16.293862,19.880451],[-16.276639,19.91056],[-16.254682,19.877903],[-16.264334,19.846714],[-16.250805,19.844319],[-16.261049,19.807146],[-16.256707,19.780815],[-16.281011,19.746479],[-16.31775,19.734903],[-16.401174,19.608003],[-16.363505,19.626703],[-16.380755,19.604939],[-16.390625,19.5738],[-16.4229,19.532535],[-16.425863,19.511719],[-16.467563,19.438061],[-16.467543,19.417068],[-16.445793,19.407126],[-16.437191,19.425306],[-16.411997,19.43543],[-16.402843,19.44825],[-16.414542,19.461966],[-16.405429,19.487307],[-16.372663,19.529267],[-16.355771,19.534889],[-16.401216,19.459515],[-16.355399,19.511841],[-16.326739,19.532058],[-16.289937,19.542225],[-16.291726,19.523298],[-16.353836,19.434706],[-16.401909,19.396812],[-16.47252,19.370275],[-16.496316,19.376924],[-16.499095,19.391673],[-16.544421,19.385059],[-16.511309,19.349767],[-16.472001,19.26044],[-16.445718,19.238117],[-16.362681,19.196169],[-16.312731,19.149993],[-16.251711,19.071397],[-16.194302,18.947172],[-16.136238,18.666452],[-16.125942,18.632813],[-16.093626,18.579915],[-16.052562,18.437598],[-16.020222,17.981461],[-16.035554,17.912808],[-16.045678,17.717551],[-16.057622,17.631588],[-16.099666,17.456592],[-16.152336,17.309169],[-16.353115,16.847509],[-16.432315,16.646894],[-16.469994,16.428036],[-16.507244,16.328779],[-16.520211,16.265381],[-16.511098,16.215827],[-16.513545,15.982983],[-16.507471,15.991592],[-16.505375,16.027039],[-16.50625,16.036646],[-16.504779,16.037117],[-16.504534,16.041259],[-16.5099,16.164751],[-16.5025,16.153065],[-16.50588,16.161811],[-16.50197,16.165727],[-16.50075,16.1503],[-16.499356,16.1481],[-16.487058,16.168249],[-16.474048,16.154923],[-16.460529,16.172218],[-16.47563,16.209485],[-16.50359,16.206239],[-16.478944,16.221872],[-16.448961,16.210783],[-16.413755,16.220115],[-16.400116,16.214398],[-16.42813,16.208782],[-16.437156,16.182346],[-16.433109,16.162747],[-16.431929,16.159773],[-16.432537,16.159977],[-16.431662,16.155739],[-16.412719,16.148014],[-16.431034,16.096773],[-16.463748,16.062956],[-16.457668,16.028087],[-16.463886,15.992231],[-16.475448,15.97528],[-16.486161,15.980773],[-16.459795,15.908769],[-16.47646,15.917639],[-16.47791,15.944767],[-16.490674,15.92259],[-16.503459,15.936506],[-16.516091,15.834956],[-16.540884,15.766299],[-16.614889,15.624851],[-16.851323,15.26293],[-17.002394,15.068499],[-17.107226,14.952986],[-17.128326,14.910185],[-17.342971,14.80583],[-17.451124,14.765625],[-17.481287,14.766991],[-17.495787,14.754934],[-17.526684,14.7518],[-17.504007,14.71917],[-17.474158,14.697189],[-17.469988,14.673862],[-17.447048,14.671566],[-17.429672,14.650399],[-17.4205,14.674554],[-17.425481,14.694615],[-17.41678,14.701007],[-17.430676,14.714834],[-17.424446,14.726872],[-17.395901,14.73847],[-17.339475,14.733917],[-17.246932,14.700197],[-17.203707,14.668231],[-17.158458,14.618194],[-17.131265,14.565595],[-17.107869,14.548409],[-17.08782,14.493362],[-17.057365,14.45499],[-17.003056,14.434083],[-16.960103,14.397202],[-16.930421,14.338821],[-16.929136,14.286055],[-16.914424,14.284269],[-16.8811,14.243184],[-16.86698,14.185963],[-16.829257,14.151367],[-16.801694,14.132587],[-16.785557,14.098624],[-16.773557,14.05399],[-16.764531,13.939534],[-16.753488,13.974208],[-16.724336,13.993551],[-16.719612,14.020311],[-16.688774,14.043295],[-16.706469,14.055249],[-16.702455,14.0662],[-16.686441,14.053217],[-16.684813,14.041667],[-16.718335,14.014928],[-16.714166,14.007825],[-16.680567,14.015596],[-16.649223,13.997694],[-16.629079,13.996373],[-16.571798,14.060417],[-16.56618,14.081896],[-16.564865,14.0625],[-16.537898,14.073477],[-16.505586,14.122348],[-16.487963,14.136269],[-16.513131,14.166056],[-16.530875,14.146463],[-16.5396,14.160328],[-16.525681,14.180422],[-16.511795,14.171091],[-16.488626,14.190988],[-16.490943,14.203303],[-16.471003,14.212459],[-16.465277,14.240694],[-16.461019,14.205609],[-16.474673,14.204799],[-16.507667,14.16541],[-16.489221,14.151113],[-16.468373,14.185909],[-16.438633,14.19311],[-16.451555,14.168684],[-16.430782,14.1701],[-16.390088,14.146341],[-16.370648,14.162575],[-16.354604,14.158025],[-16.328802,14.165873],[-16.29561,14.159888],[-16.276361,14.148847],[-16.279389,14.170952],[-16.257044,14.177248],[-16.248122,14.162397],[-16.227854,14.171603],[-16.19798,14.141547],[-16.23204,14.160529],[-16.252336,14.1581],[-16.260816,14.175059],[-16.276943,14.170686],[-16.274884,14.145645],[-16.305225,14.158886],[-16.333329,14.160374],[-16.364461,14.154379],[-16.369821,14.149899],[-16.369521,14.149141],[-16.370238,14.14955],[-16.37988,14.141491],[-16.419206,14.149476],[-16.427204,14.165327],[-16.439299,14.160735],[-16.441185,14.133522],[-16.469767,14.130523],[-16.486674,14.118786],[-16.51328,14.080097],[-16.581599,14.031374],[-16.563874,14.022952],[-16.538275,14.024588],[-16.575447,14.01157],[-16.579231,13.999244],[-16.556759,13.993455],[-16.548596,13.994582],[-16.541349,13.989485],[-16.535547,13.987991],[-16.532612,13.990675],[-16.532785,13.991971],[-16.514043,14.007649],[-16.512073,14.00945],[-16.49328,13.989537],[-16.477746,14.011553],[-16.477129,14.044582],[-16.454359,14.065349],[-16.44592,14.058805],[-16.47194,14.045856],[-16.470265,14.011066],[-16.489439,13.979583],[-16.476041,13.966472],[-16.480168,13.949889],[-16.497789,13.933445],[-16.495382,13.91138],[-16.494517,13.910958],[-16.495204,13.909751],[-16.494296,13.901425],[-16.499355,13.878075],[-16.479285,13.890157],[-16.460431,13.93045],[-16.450557,13.935892],[-16.461259,13.906218],[-16.459942,13.906188],[-16.460352,13.902921],[-16.461727,13.904922],[-16.465072,13.895647],[-16.491114,13.869638],[-16.459968,13.863471],[-16.486642,13.860021],[-16.49217,13.817222],[-16.478949,13.793087],[-16.480442,13.79153],[-16.480143,13.790946],[-16.491701,13.77917],[-16.488267,13.755367],[-16.492331,13.754272],[-16.492186,13.752678],[-16.497134,13.752545],[-16.496773,13.753075],[-16.499062,13.752458],[-16.502735,13.747286],[-16.492687,13.725894],[-16.512083,13.669131],[-16.532447,13.668578],[-16.568213,13.652292],[-16.584973,13.632624],[-16.559168,13.597377],[-16.541797,13.605852],[-16.547447,13.628891],[-16.507841,13.593183],[-16.506804,13.578594],[-16.523438,13.603795],[-16.546722,13.600642],[-16.526379,13.530837],[-16.543461,13.480382],[-16.50146,13.464419],[-16.482265,13.440474],[-16.483322,13.391881],[-16.50662,13.364657],[-16.455633,13.354857],[-16.412951,13.32869],[-16.334979,13.346511],[-16.31468,13.337378],[-16.260867,13.366402],[-16.181553,13.436879],[-16.145936,13.453555],[-16.154813,13.468163],[-16.088811,13.44162],[-15.937165,13.45173],[-15.905367,13.447794],[-15.851041,13.467604],[-15.790779,13.455153],[-15.735509,13.466585],[-15.67375,13.502481],[-15.646109,13.499692],[-15.608979,13.471879],[-15.571664,13.519668],[-15.526396,13.518653],[-15.506465,13.496367],[-15.485586,13.493525],[-15.461558,13.501924],[-15.437536,13.493692],[-15.41635,13.465129],[-15.359902,13.443411],[-15.345588,13.463419],[-15.305372,13.478673],[-15.306565,13.50353],[-15.354472,13.519278],[-15.369775,13.539455],[-15.375736,13.613524],[-15.369096,13.613419],[-15.371491,13.568977],[-15.35441,13.523734],[-15.310491,13.511021],[-15.299881,13.493012],[-15.303648,13.461838],[-15.312368,13.449807],[-15.351899,13.434801],[-15.386441,13.443705],[-15.424565,13.466431],[-15.444414,13.49144],[-15.461884,13.496877],[-15.494245,13.487358],[-15.543192,13.514758],[-15.570118,13.51423],[-15.595392,13.453463],[-15.630289,13.45344],[-15.667613,13.487643],[-15.69448,13.460284],[-15.809808,13.43836],[-15.86199,13.449867],[-15.880074,13.432395],[-15.909625,13.425296],[-16.023831,13.422147],[-16.073592,13.408589],[-16.146514,13.434799],[-16.208509,13.3696],[-16.223791,13.337464],[-16.202656,13.30324],[-16.209666,13.268467],[-16.20144,13.250421],[-16.209323,13.246378],[-16.216502,13.266443],[-16.206002,13.293108],[-16.226172,13.32335],[-16.300387,13.294978],[-16.331588,13.291115],[-16.357912,13.264038],[-16.377078,13.263093],[-16.37763,13.278876],[-16.429427,13.269228],[-16.414228,13.26355],[-16.43481,13.266253],[-16.462089,13.256854],[-16.459219,13.263689],[-16.461742,13.263183],[-16.458439,13.265546],[-16.454782,13.274254],[-16.480807,13.286483],[-16.5414,13.29318],[-16.566595,13.311425],[-16.578102,13.335516],[-16.571287,13.359375],[-16.596599,13.40756],[-16.618193,13.419477],[-16.607625,13.445224],[-16.570234,13.445246],[-16.571543,13.456473],[-16.657548,13.473836],[-16.667307,13.489376],[-16.693879,13.476168],[-16.723102,13.449644],[-16.750664,13.401048],[-16.793367,13.378632],[-16.798792,13.3548],[-16.813187,13.338421],[-16.802827,13.317567],[-16.80678,13.275893],[-16.790134,13.264565],[-16.783057,13.240065],[-16.787181,13.164165],[-16.765954,13.112942],[-16.771915,13.078523],[-16.75169,13.070459],[-16.737325,13.047542],[-16.746059,12.94436],[-16.790457,12.763888],[-16.784057,12.761064],[-16.772951,12.823213],[-16.763498,12.83742],[-16.769013,12.802855],[-16.721855,12.825353],[-16.704454,12.81468],[-16.730125,12.815905],[-16.763837,12.802527],[-16.780285,12.755389],[-16.774903,12.741424],[-16.786067,12.697789],[-16.746187,12.745048],[-16.72083,12.743682],[-16.699435,12.732805],[-16.703595,12.755965],[-16.658284,12.777818],[-16.642038,12.771331],[-16.620266,12.77752],[-16.608452,12.793622],[-16.640563,12.836723],[-16.623945,12.84785],[-16.61721,12.855186],[-16.631596,12.884747],[-16.656834,12.886074],[-16.64063,12.898533],[-16.640819,12.900854],[-16.651484,12.918993],[-16.644701,12.939269],[-16.643957,12.939503],[-16.645216,12.954998],[-16.631417,12.958075],[-16.607749,12.942618],[-16.59448,12.910508],[-16.577117,12.913633],[-16.567954,12.895712],[-16.565804,12.851247],[-16.581994,12.807607],[-16.583648,12.755414],[-16.554094,12.733299],[-16.549468,12.735743],[-16.546198,12.72739],[-16.545118,12.726582],[-16.536131,12.72966],[-16.538033,12.687671],[-16.539401,12.68793],[-16.554623,12.688472],[-16.554904,12.690873],[-16.561881,12.692197],[-16.561341,12.670509],[-16.490126,12.619727],[-16.494824,12.639903],[-16.481227,12.658352],[-16.489151,12.683859],[-16.468109,12.668844],[-16.455277,12.682428],[-16.451711,12.671242],[-16.450838,12.671803],[-16.451274,12.66987],[-16.448527,12.661251],[-16.465717,12.653821],[-16.466501,12.65531],[-16.468801,12.65625],[-16.468192,12.658524],[-16.471409,12.664634],[-16.488641,12.634902],[-16.472705,12.62108],[-16.446831,12.618927],[-16.424926,12.583567],[-16.40183,12.57986],[-16.373262,12.562287],[-16.357726,12.562677],[-16.341219,12.600945],[-16.306352,12.610703],[-16.275643,12.595457],[-16.253537,12.595453],[-16.231477,12.613671],[-16.175429,12.615443],[-16.130739,12.605641],[-16.123948,12.629383],[-16.074066,12.633563],[-16.053653,12.627026],[-16.033304,12.666694],[-16.040432,12.690132],[-16.020076,12.698449],[-16.010749,12.71975],[-16.022421,12.750954],[-15.995687,12.768938],[-15.989881,12.788634],[-16.000196,12.806745],[-15.999333,12.830715],[-15.973951,12.856071],[-15.980718,12.874584],[-15.972092,12.891727],[-15.954339,12.895618],[-15.928777,12.884431],[-15.916235,12.89994],[-15.934663,12.924221],[-15.925673,12.94642],[-15.904001,12.945825],[-15.881715,12.928821],[-15.870268,12.951899],[-15.850584,12.962362],[-15.826136,12.938343],[-15.800672,12.943845],[-15.787758,12.933182],[-15.776004,12.941825],[-15.766119,12.978329],[-15.713291,12.970718],[-15.713819,12.981969],[-15.674794,13.009827],[-15.651861,12.979219],[-15.646809,12.995837],[-15.597644,13.00374],[-15.609051,12.993346],[-15.639615,12.992103],[-15.650419,12.97369],[-15.674325,12.99405],[-15.675637,13.00657],[-15.708035,12.96596],[-15.767577,12.968418],[-15.764626,12.946961],[-15.789,12.924871],[-15.799889,12.932447],[-15.825014,12.929159],[-15.841634,12.937982],[-15.849026,12.954083],[-15.865945,12.947829],[-15.866745,12.931834],[-15.880926,12.922274],[-15.924586,12.941133],[-15.928928,12.922844],[-15.911067,12.902638],[-15.912679,12.885256],[-15.943408,12.879819],[-15.95656,12.890319],[-15.974944,12.880201],[-15.970058,12.854947],[-15.996492,12.824948],[-15.985398,12.788106],[-15.994942,12.764281],[-16.019826,12.750948],[-16.008466,12.717244],[-16.016242,12.69208],[-15.981839,12.672951],[-15.971781,12.641636],[-15.937933,12.630076],[-15.902602,12.589796],[-15.855914,12.613531],[-15.833845,12.607304],[-15.824512,12.585487],[-15.807989,12.584786],[-15.786489,12.614926],[-15.737453,12.621831],[-15.714444,12.604156],[-15.695274,12.612931],[-15.666605,12.610383],[-15.658618,12.594846],[-15.663408,12.557387],[-15.64554,12.543881],[-15.627001,12.549974],[-15.608071,12.573331],[-15.572952,12.59593],[-15.533542,12.649124],[-15.558601,12.729046],[-15.557302,12.751231],[-15.520259,12.818624],[-15.504665,12.817833],[-15.486838,12.79905],[-15.463436,12.810389],[-15.441704,12.835778],[-15.429989,12.836505],[-15.387546,12.814038],[-15.385222,12.832031],[-15.365334,12.853341],[-15.284122,12.869728],[-15.254319,12.855646],[-15.249762,12.84314],[-15.245508,12.837265],[-15.246359,12.833798],[-15.238904,12.813337],[-15.242851,12.820228],[-15.244007,12.820037],[-15.244016,12.822022],[-15.243608,12.82155],[-15.260177,12.850482],[-15.279317,12.861031],[-15.336014,12.85239],[-15.376244,12.832502],[-15.376605,12.82706],[-15.376125,12.825437],[-15.376749,12.824884],[-15.377873,12.80795],[-15.389695,12.800575],[-15.435194,12.825848],[-15.445386,12.798417],[-15.465041,12.789185],[-15.512394,12.794],[-15.532809,12.78616],[-15.525186,12.769134],[-15.538334,12.746542],[-15.517433,12.682732],[-15.517815,12.653533],[-15.499653,12.651227],[-15.549665,12.60025],[-15.544218,12.592241],[-15.561566,12.567433],[-15.550218,12.550618],[-15.580926,12.56215],[-15.600368,12.553821],[-15.612412,12.535444],[-15.635939,12.527058],[-15.6695,12.548571],[-15.677144,12.578509],[-15.704527,12.57832],[-15.722155,12.588697],[-15.769289,12.581718],[-15.812695,12.551411],[-15.851357,12.578713],[-15.887579,12.578675],[-15.901096,12.570385],[-15.936451,12.581013],[-15.974032,12.608811],[-15.983121,12.628891],[-16.025708,12.635124],[-16.047454,12.616383],[-16.102834,12.606412],[-16.153402,12.579026],[-16.191007,12.574638],[-16.194005,12.594697],[-16.216341,12.610139],[-16.2569,12.586577],[-16.32554,12.603995],[-16.320141,12.58959],[-16.334043,12.586465],[-16.352988,12.552548],[-16.382158,12.546533],[-16.402744,12.564167],[-16.431904,12.568724],[-16.456413,12.591211],[-16.508258,12.59815],[-16.533638,12.584652],[-16.525046,12.554523],[-16.496421,12.558376],[-16.485461,12.549804],[-16.485174,12.518622],[-16.493683,12.530854],[-16.487702,12.546728],[-16.503026,12.555948],[-16.528201,12.552564],[-16.538803,12.584123],[-16.537641,12.613984],[-16.557896,12.632692],[-16.57951,12.638106],[-16.585217,12.624296],[-16.602557,12.622591],[-16.63731,12.572212],[-16.67931,12.552873],[-16.677993,12.540591],[-16.677869,12.540555],[-16.677942,12.540116],[-16.675984,12.521849],[-16.662481,12.499706],[-16.680477,12.474768],[-16.663694,12.45349]],[[-16.410427,13.26213],[-16.414228,13.26355],[-16.410397,13.263047],[-16.410427,13.26213]],[[-16.411376,13.232572],[-16.410427,13.26213],[-16.403886,13.259686],[-16.411376,13.232572]],[[-16.201358,13.250242],[-16.20144,13.250421],[-16.181187,13.260809],[-16.177449,13.260629],[-16.201358,13.250242]],[[-16.148553,13.259239],[-16.177449,13.260629],[-16.171087,13.263393],[-16.137693,13.26533],[-16.136659,13.232741],[-16.149757,13.236918],[-16.148553,13.259239]],[[-16.531287,14.146008],[-16.530875,14.146463],[-16.530342,14.145615],[-16.531287,14.146008]],[[-16.519801,14.128863],[-16.530342,14.145615],[-16.512578,14.138225],[-16.519801,14.128863]],[[-16.565237,14.085502],[-16.56618,14.081896],[-16.566689,14.089399],[-16.565237,14.085502]],[[-16.567337,14.098956],[-16.566689,14.089399],[-16.582321,14.131362],[-16.584763,14.109335],[-16.60913,14.129311],[-16.576321,14.190408],[-16.581297,14.201916],[-16.557865,14.214863],[-16.571184,14.230604],[-16.548293,14.244139],[-16.534168,14.227541],[-16.535829,14.207878],[-16.54976,14.197816],[-16.542238,14.191718],[-16.541934,14.192189],[-16.542221,14.191705],[-16.536798,14.187309],[-16.562696,14.155571],[-16.545095,14.146188],[-16.567337,14.098956]],[[-16.701847,14.067857],[-16.702455,14.0662],[-16.706091,14.069148],[-16.701847,14.067857]],[[-16.681589,14.061693],[-16.701847,14.067857],[-16.698187,14.077841],[-16.680503,14.066175],[-16.659836,14.078587],[-16.663367,14.089149],[-16.646894,14.103651],[-16.658829,14.129939],[-16.639177,14.14674],[-16.628586,14.14447],[-16.619904,14.120078],[-16.641297,14.111727],[-16.616076,14.0893],[-16.622404,14.0625],[-16.630238,14.097307],[-16.653799,14.091769],[-16.655323,14.071525],[-16.681589,14.061693]],[[-16.397869,16.213457],[-16.400116,16.214398],[-16.395759,16.215272],[-16.397869,16.213457]],[[-16.38346,16.217738],[-16.395759,16.215272],[-16.375203,16.232959],[-16.366792,16.258767],[-16.359856,16.265962],[-16.36356,16.258598],[-16.368316,16.232239],[-16.38346,16.217738]],[[-16.35437,16.271654],[-16.359856,16.265962],[-16.355689,16.274248],[-16.35437,16.271654]],[[-16.350508,16.284551],[-16.355689,16.274248],[-16.36925,16.300905],[-16.366321,16.318197],[-16.33391,16.348617],[-16.334932,16.389893],[-16.310375,16.412476],[-16.307818,16.440042],[-16.305599,16.41512],[-16.33259,16.39131],[-16.329191,16.348633],[-16.34541,16.329343],[-16.331126,16.30957],[-16.335874,16.291999],[-16.350508,16.284551]],[[-16.307688,16.441448],[-16.307818,16.440042],[-16.307897,16.440929],[-16.307688,16.441448]],[[-16.296206,16.469922],[-16.307688,16.441448],[-16.305607,16.463888],[-16.296206,16.469922]],[[-16.287063,16.47579],[-16.296206,16.469922],[-16.296005,16.470421],[-16.286973,16.477883],[-16.287063,16.47579]],[[-16.277104,16.486037],[-16.286973,16.477883],[-16.285796,16.505166],[-16.277104,16.486037]],[[39.263385,-7.936571],[39.262986,-7.931979],[39.26366,-7.936127],[39.263385,-7.936571]],[[39.251856,-7.955214],[39.263385,-7.936571],[39.263795,-7.941296],[39.251856,-7.955214]],[[39.251838,-7.955236],[39.251856,-7.955214],[39.251842,-7.955237],[39.251838,-7.955236]],[[39.243647,-7.953479],[39.251838,-7.955236],[39.250561,-7.956724],[39.243647,-7.953479]],[[39.239392,-7.951482],[39.243647,-7.953479],[39.239272,-7.952541],[39.239392,-7.951482]],[[39.234802,-7.951583],[39.239272,-7.952541],[39.237002,-7.972491],[39.240803,-7.978158],[39.234361,-7.972238],[39.234802,-7.951583]],[[39.246054,-7.985986],[39.240803,-7.978158],[39.24677,-7.98364],[39.246054,-7.985986]],[[39.238406,-8.011073],[39.246054,-7.985986],[39.252123,-7.995033],[39.242283,-8.0156],[39.238406,-8.011073]],[[39.240007,-8.020357],[39.242283,-8.0156],[39.251654,-8.026541],[39.240007,-8.020357]],[[39.253839,-8.029091],[39.251654,-8.026541],[39.257492,-8.029641],[39.252877,-8.036415],[39.253839,-8.029091]],[[39.247271,-8.044643],[39.252877,-8.036415],[39.251493,-8.046949],[39.247271,-8.044643]],[[39.232729,-8.0367],[39.247271,-8.044643],[39.243869,-8.049636],[39.22085,-8.038192],[39.232729,-8.0367]],[[39.219385,-8.037463],[39.22085,-8.038192],[39.217664,-8.038592],[39.219385,-8.037463]],[[39.208894,-8.039694],[39.217664,-8.038592],[39.214143,-8.040902],[39.213403,-8.044333],[39.209457,-8.046146],[39.213052,-8.041619],[39.198941,-8.050878],[39.208894,-8.039694]],[[39.197814,-8.051617],[39.198941,-8.050878],[39.19823,-8.051677],[39.197814,-8.051617]],[[39.179797,-8.049019],[39.197814,-8.051617],[39.190597,-8.056354],[39.188927,-8.055229],[39.188543,-8.055137],[39.188657,-8.055046],[39.154356,-8.031935],[39.157071,-8.030917],[39.179797,-8.049019]],[[39.153452,-8.031327],[39.154356,-8.031935],[39.144327,-8.035697],[39.153452,-8.031327]],[[39.129507,-8.041256],[39.144327,-8.035697],[39.125808,-8.044567],[39.091234,-8.0291],[39.057561,-8.04906],[39.035417,-8.018966],[39.008356,-8.027272],[38.995987,-8.012585],[38.975155,-8.010353],[38.957919,-8.022519],[38.9017,-8.009369],[38.881322,-7.994771],[38.877293,-7.996386],[38.88136,-7.993654],[38.905892,-8.009472],[38.929803,-8.008221],[38.955759,-8.020283],[38.973171,-8.008854],[38.996163,-8.008133],[39.009953,-8.02554],[39.030911,-8.015375],[39.049655,-8.023845],[39.059636,-8.046281],[39.092701,-8.025463],[39.129507,-8.041256]],[[38.867946,-8.000134],[38.877293,-7.996386],[38.869912,-8.001344],[38.867946,-8.000134]],[[38.854204,-7.991684],[38.867946,-8.000134],[38.862898,-8.002159],[38.850592,-7.997255],[38.854204,-7.991684]],[[38.848651,-7.996482],[38.850592,-7.997255],[38.847078,-8.002676],[38.848651,-7.996482]],[[38.842278,-8.010079],[38.847078,-8.002676],[38.84422,-8.013925],[38.830276,-8.003063],[38.790679,-7.999303],[38.740705,-7.975605],[38.761138,-7.981789],[38.762352,-7.979328],[38.765624,-7.982231],[38.762978,-7.982346],[38.788728,-7.990139],[38.796264,-7.999769],[38.806124,-7.998314],[38.806949,-7.997172],[38.808622,-7.997945],[38.827039,-7.995227],[38.842278,-8.010079]],[[38.735727,-7.973245],[38.740705,-7.975605],[38.73471,-7.973791],[38.735727,-7.973245]],[[38.725854,-7.97111],[38.73471,-7.973791],[38.710931,-7.986563],[38.699635,-7.983595],[38.677605,-7.957048],[38.651019,-7.962798],[38.67513,-7.952177],[38.710384,-7.982891],[38.725854,-7.97111]],[[38.647273,-7.963609],[38.651019,-7.962798],[38.647471,-7.964362],[38.647273,-7.963609]],[[38.639159,-7.932743],[38.647273,-7.963609],[38.642632,-7.964613],[38.635343,-7.940589],[38.629289,-7.939129],[38.627735,-7.939947],[38.627193,-7.938623],[38.622075,-7.937388],[38.612357,-7.906752],[38.587995,-7.90661],[38.580219,-7.894523],[38.566546,-7.887063],[38.564219,-7.886417],[38.565085,-7.886266],[38.537634,-7.871289],[38.568251,-7.885715],[38.568714,-7.885634],[38.568876,-7.886009],[38.620099,-7.910144],[38.639159,-7.932743]],[[40.176995,-10.654661],[40.180747,-10.65381],[40.176924,-10.660927],[40.176995,-10.654661]],[[40.1724,-10.669349],[40.176924,-10.660927],[40.176838,-10.668633],[40.15225,-10.685387],[40.136917,-10.707326],[40.088111,-10.732919],[40.078125,-10.751674],[40.071836,-10.750012],[40.07656,-10.747757],[40.08068,-10.735693],[40.109725,-10.713001],[40.13618,-10.705552],[40.144956,-10.687284],[40.1724,-10.669349]],[[40.068478,-10.749125],[40.071836,-10.750012],[40.065232,-10.753165],[40.068478,-10.749125]],[[40.05278,-10.759109],[40.065232,-10.753165],[40.032682,-10.793688],[40.027883,-10.798382],[40.022277,-10.806307],[40.022478,-10.803667],[40.006464,-10.819328],[39.975752,-10.828962],[39.955606,-10.820069],[39.950929,-10.821225],[39.950545,-10.822835],[39.948349,-10.821862],[39.917072,-10.829591],[39.917302,-10.830129],[39.916295,-10.829783],[39.905947,-10.83234],[39.8972,-10.847348],[39.872241,-10.866996],[39.83746,-10.880427],[39.834635,-10.890184],[39.802205,-10.909533],[39.798056,-10.906158],[39.790986,-10.907874],[39.794231,-10.903047],[39.789128,-10.898896],[39.819121,-10.896605],[39.822773,-10.883992],[39.822559,-10.882938],[39.823156,-10.882668],[39.824454,-10.878183],[39.87028,-10.865098],[39.903127,-10.832711],[39.915399,-10.829255],[39.916701,-10.828717],[39.916766,-10.82887],[39.959568,-10.816814],[39.974575,-10.826112],[40.000785,-10.813958],[40.022928,-10.79776],[40.022967,-10.797251],[40.024741,-10.796434],[40.03446,-10.789325],[40.05278,-10.759109]],[[39.135456,-16.834488],[39.135443,-16.834518],[39.135337,-16.834398],[39.135456,-16.834488]],[[39.117151,-16.813722],[39.135337,-16.834398],[39.118225,-16.821503],[39.111949,-16.794725],[39.085168,-16.782124],[39.073304,-16.762748],[39.073512,-16.742253],[39.04633,-16.718473],[39.049471,-16.693686],[39.039026,-16.665521],[39.025208,-16.66192],[39.024165,-16.662109],[39.023975,-16.661599],[39.003426,-16.656245],[38.992038,-16.647058],[38.983868,-16.615356],[39.002998,-16.653669],[39.04058,-16.664337],[39.049867,-16.681186],[39.049158,-16.719402],[39.074773,-16.739202],[39.075692,-16.76435],[39.089708,-16.78371],[39.112735,-16.792745],[39.117151,-16.813722]],[[37.364033,-17.622247],[37.361184,-17.631818],[37.356026,-17.618856],[37.35609,-17.618641],[37.364033,-17.622247]],[[37.366112,-17.58503],[37.35609,-17.618641],[37.3534,-17.61742],[37.364192,-17.585007],[37.366112,-17.58503]],[[37.364787,-17.58322],[37.364192,-17.585007],[37.346824,-17.584799],[37.364787,-17.58322]],[[37.345552,-17.584784],[37.346824,-17.584799],[37.343017,-17.585134],[37.343768,-17.577155],[37.345552,-17.584784]],[[37.344787,-17.566337],[37.343768,-17.577155],[37.34145,-17.567245],[37.344787,-17.566337]],[[37.33605,-17.544153],[37.34145,-17.567245],[37.327881,-17.570939],[37.33605,-17.544153]],[[37.33607,-17.544086],[37.33605,-17.544153],[37.33603,-17.544067],[37.33607,-17.544086]],[[37.33525,-17.540735],[37.33603,-17.544067],[37.298266,-17.526615],[37.293849,-17.51667],[37.308306,-17.531012],[37.33525,-17.540735]],[[37.293103,-17.514991],[37.293849,-17.51667],[37.292542,-17.515373],[37.293103,-17.514991]],[[37.30795,-17.504883],[37.293103,-17.514991],[37.291382,-17.511116],[37.304212,-17.497791],[37.271031,-17.451047],[37.293631,-17.475777],[37.30795,-17.504883]],[[36.756279,-18.244862],[36.757524,-18.244167],[36.756681,-18.245334],[36.756279,-18.244862]],[[36.719029,-18.201161],[36.756279,-18.244862],[36.750067,-18.248327],[36.736439,-18.238122],[36.719029,-18.201161]],[[32.400808,-28.386606],[32.402348,-28.38662],[32.400449,-28.387123],[32.400808,-28.386606]],[[32.411214,-28.371643],[32.400808,-28.386606],[32.399392,-28.386594],[32.404474,-28.312106],[32.411214,-28.371643]],[[31.42753,-29.198605],[31.425838,-29.199566],[31.425565,-29.199363],[31.42753,-29.198605]],[[31.441962,-29.193038],[31.42753,-29.198605],[31.441607,-29.190606],[31.441962,-29.193038]],[[31.443109,-29.189753],[31.441607,-29.190606],[31.439904,-29.178942],[31.443109,-29.189753]],[[31.439125,-29.173603],[31.439904,-29.178942],[31.438526,-29.17429],[31.379047,-29.172115],[31.382893,-29.164657],[31.439125,-29.173603]],[[31.388258,-29.154255],[31.382893,-29.164657],[31.376274,-29.163604],[31.388258,-29.154255]],[[31.391663,-29.151598],[31.388258,-29.154255],[31.390061,-29.150759],[31.383963,-29.139538],[31.348344,-29.142997],[31.356855,-29.135603],[31.388392,-29.138027],[31.391663,-29.151598]],[[31.348116,-29.143019],[31.348344,-29.142997],[31.348131,-29.143182],[31.348116,-29.143019]],[[31.346581,-29.144529],[31.348131,-29.143182],[31.350281,-29.16697],[31.335358,-29.172826],[31.336653,-29.160582],[31.34915,-29.166742],[31.346581,-29.144529]],[[31.337064,-29.156697],[31.336653,-29.160582],[31.317547,-29.151165],[31.318322,-29.150699],[31.337064,-29.156697]],[[31.315538,-29.150175],[31.317547,-29.151165],[31.304777,-29.158834],[31.308781,-29.17141],[31.30609,-29.170713],[31.303385,-29.159336],[31.315538,-29.150175]],[[31.293866,-29.167546],[31.30609,-29.170713],[31.306879,-29.17403],[31.293866,-29.167546]],[[31.287069,-29.164159],[31.293866,-29.167546],[31.286384,-29.165607],[31.287069,-29.164159]],[[31.292938,-29.151748],[31.287069,-29.164159],[31.284915,-29.163086],[31.292938,-29.151748]],[[31.29853,-29.143844],[31.292938,-29.151748],[31.297006,-29.143143],[31.285959,-29.117908],[31.289565,-29.113593],[31.29853,-29.143844]],[[31.284436,-29.114428],[31.285959,-29.117908],[31.274387,-29.131754],[31.284436,-29.114428]],[[31.269887,-29.137138],[31.274387,-29.131754],[31.270636,-29.138221],[31.246987,-29.144648],[31.246714,-29.122242],[31.210279,-29.10499],[31.204808,-29.08859],[31.176911,-29.076445],[31.177374,-29.073656],[31.209077,-29.089413],[31.21097,-29.10201],[31.23402,-29.109202],[31.250723,-29.126141],[31.247622,-29.144388],[31.269887,-29.137138]],[[31.181027,-29.051654],[31.177374,-29.073656],[31.176482,-29.073212],[31.179042,-29.051358],[31.181027,-29.051654]],[[31.1796,-29.046593],[31.179042,-29.051358],[31.154246,-29.047666],[31.131843,-29.031011],[31.115616,-29.00149],[31.123952,-28.95922],[31.10002,-28.95814],[31.10097,-28.958726],[31.098277,-28.958062],[31.086654,-28.957537],[31.090468,-28.954508],[31.122677,-28.956782],[31.131352,-28.965455],[31.117788,-29.000391],[31.134284,-29.030283],[31.150669,-29.044361],[31.1796,-29.046593]],[[31.083735,-28.957405],[31.086654,-28.957537],[31.084762,-28.95904],[31.083735,-28.957405]],[[31.079878,-28.96292],[31.084762,-28.95904],[31.099906,-28.983119],[31.0904,-28.995483],[31.080257,-28.989213],[31.097886,-28.98273],[31.091603,-28.975819],[31.086329,-28.974796],[31.084441,-28.970377],[31.089873,-28.973915],[31.079878,-28.96292]],[[31.077662,-28.987609],[31.080257,-28.989213],[31.077741,-28.990138],[31.077662,-28.987609]],[[31.076944,-28.964748],[31.077662,-28.987609],[31.073558,-28.985072],[31.067107,-28.95312],[31.076944,-28.964748]],[[18.148581,-32.780566],[18.145897,-32.772086],[18.147876,-32.771593],[18.148581,-32.780566]],[[18.149598,-32.793519],[18.148581,-32.780566],[18.152254,-32.792173],[18.15627,-32.791722],[18.149598,-32.793519]],[[18.170511,-32.790121],[18.15627,-32.791722],[18.169123,-32.78826],[18.170511,-32.790121]],[[18.176575,-32.798246],[18.170511,-32.790121],[18.19219,-32.787684],[18.210768,-32.798466],[18.204638,-32.806898],[18.198479,-32.797618],[18.19873,-32.800135],[18.195711,-32.798112],[18.198388,-32.797481],[18.192364,-32.788403],[18.176575,-32.798246]],[[12.31338,-6.139693],[12.316157,-6.133265],[12.316104,-6.137904],[12.31338,-6.139693]],[[12.300034,-6.14846],[12.31338,-6.139693],[12.304366,-6.160557],[12.300034,-6.14846]],[[10.704822,-3.475049],[10.705504,-3.470582],[10.720058,-3.480835],[10.710962,-3.477381],[10.711167,-3.478693],[10.707643,-3.476808],[10.710688,-3.477277],[10.704822,-3.475049]],[[10.723841,-3.483501],[10.720058,-3.480835],[10.727645,-3.483717],[10.764149,-3.517367],[10.789545,-3.529335],[10.873474,-3.582396],[10.883602,-3.599022],[10.91138,-3.615328],[10.915341,-3.616302],[10.915051,-3.615763],[10.922173,-3.617418],[10.921917,-3.617919],[10.944131,-3.623382],[10.966322,-3.659973],[10.989105,-3.669567],[10.990793,-3.688083],[11.075869,-3.709758],[11.081734,-3.688432],[11.091934,-3.693135],[11.097805,-3.719547],[11.170535,-3.774533],[11.180539,-3.79482],[11.148924,-3.799915],[11.119015,-3.786156],[11.105963,-3.77274],[11.111888,-3.763502],[11.080758,-3.731458],[11.049068,-3.721898],[11.041188,-3.730121],[11.010888,-3.713759],[10.993727,-3.717062],[10.958849,-3.691825],[10.958482,-3.680806],[10.938904,-3.674643],[10.895966,-3.616751],[10.875349,-3.602837],[10.871757,-3.588708],[10.848671,-3.584215],[10.783966,-3.528192],[10.761075,-3.517763],[10.723841,-3.483501]],[[8.301455,4.984037],[8.303431,4.9837],[8.301572,4.98361],[8.301455,4.984037]],[[8.297013,5.000304],[8.301455,4.984037],[8.295935,4.984981],[8.293914,5.000188],[8.313683,5.005441],[8.302237,5.056861],[8.278536,5.069392],[8.259642,5.067249],[8.247888,5.085795],[8.270234,5.095844],[8.259588,5.141301],[8.272917,5.115055],[8.270122,5.083456],[8.253245,5.086977],[8.262461,5.072444],[8.281316,5.071475],[8.30494,5.058331],[8.317262,5.006313],[8.297013,5.000304]],[[5.578094,5.582183],[5.575361,5.585293],[5.578288,5.584535],[5.578094,5.582183]],[[5.581838,5.583615],[5.578288,5.584535],[5.579497,5.599218],[5.581838,5.583615]],[[5.579565,5.600043],[5.579497,5.599218],[5.579379,5.600005],[5.579565,5.600043]],[[5.588021,5.601781],[5.579565,5.600043],[5.580004,5.605367],[5.588021,5.601781]],[[5.598597,5.597051],[5.588021,5.601781],[5.594447,5.603102],[5.598597,5.597051]],[[5.602573,5.591254],[5.598597,5.597051],[5.602432,5.595336],[5.610422,5.625],[5.61198,5.62377],[5.602573,5.591254]],[[5.613239,5.622775],[5.61198,5.62377],[5.612062,5.624055],[5.613239,5.622775]],[[5.623809,5.61129],[5.613239,5.622775],[5.625442,5.613139],[5.630781,5.633524],[5.632434,5.631356],[5.632614,5.632736],[5.641025,5.626163],[5.638537,5.623347],[5.643929,5.616274],[5.623809,5.61129]],[[0.406519,6.080718],[0.406656,6.080716],[0.406487,6.080642],[0.406519,6.080718]],[[0.394822,6.075495],[0.406487,6.080642],[0.395123,6.053379],[0.38805,6.048838],[0.394822,6.075495]],[[0.387261,6.048331],[0.38805,6.048838],[0.387919,6.048322],[0.387261,6.048331]],[[0.351149,6.048857],[0.387261,6.048331],[0.371634,6.038298],[0.29108,6.06236],[0.287802,6.076998],[0.270356,6.092683],[0.261778,6.097847],[0.236241,6.104044],[0.179147,6.092713],[0.125404,6.117411],[0.189755,6.096628],[0.234103,6.109588],[0.263587,6.105697],[0.289526,6.088087],[0.296008,6.064302],[0.351149,6.048857]],[[0.516768,5.810924],[0.516243,5.810479],[0.516201,5.810661],[0.516768,5.810924]],[[0.562651,5.83225],[0.516768,5.810924],[0.522352,5.815657],[0.514117,5.837336],[0.530284,5.847275],[0.532262,5.822094],[0.544903,5.824554],[0.55608,5.844587],[0.562651,5.83225]],[[-6.1635,5.050885],[-6.159071,5.045573],[-6.169414,5.053767],[-6.1635,5.050885]],[[-6.177451,5.060135],[-6.169414,5.053767],[-6.180403,5.059123],[-6.210348,5.054764],[-6.220176,5.192668],[-6.249288,5.201421],[-6.256715,5.209382],[-6.218728,5.193131],[-6.207242,5.057772],[-6.177451,5.060135]],[[-6.262651,5.215745],[-6.256715,5.209382],[-6.260827,5.211141],[-6.262651,5.215745]],[[-6.268112,5.229527],[-6.262651,5.215745],[-6.270248,5.223888],[-6.264967,5.237903],[-6.240147,5.265368],[-6.280985,5.287923],[-6.288944,5.319305],[-6.30563,5.321175],[-6.345742,5.349493],[-6.346305,5.3659],[-6.338681,5.373019],[-6.343958,5.350204],[-6.287977,5.32057],[-6.27911,5.291768],[-6.247196,5.279728],[-6.238806,5.263304],[-6.268112,5.229527]],[[-6.334268,5.37714],[-6.338681,5.373019],[-6.33728,5.379076],[-6.334268,5.37714]],[[-6.335521,5.386678],[-6.33728,5.379076],[-6.349192,5.386733],[-6.335521,5.386678]],[[-6.350943,5.387859],[-6.349192,5.386733],[-6.355262,5.386757],[-6.350943,5.387859]],[[-6.359914,5.386776],[-6.355262,5.386757],[-6.362029,5.385031],[-6.361507,5.384653],[-6.362172,5.384994],[-6.365806,5.384067],[-6.369129,5.388554],[-6.371631,5.389834],[-6.370009,5.389742],[-6.37412,5.395293],[-6.359914,5.386776]],[[-6.374503,5.39581],[-6.37412,5.395293],[-6.374509,5.395526],[-6.374503,5.39581]],[[-6.373868,5.427007],[-6.374503,5.39581],[-6.383101,5.407421],[-6.379517,5.435704],[-6.415376,5.456863],[-6.420966,5.47369],[-6.427181,5.481941],[-6.426631,5.485083],[-6.420995,5.473778],[-6.427017,5.491904],[-6.404402,5.451742],[-6.383999,5.443689],[-6.373868,5.427007]],[[-10.042689,5.911387],[-10.047359,5.912524],[-10.042287,5.91316],[-10.042689,5.911387]],[[-10.024001,5.915451],[-10.042287,5.91316],[-10.038024,5.931991],[-10.017444,5.933632],[-10.024001,5.915451]],[[-10.803427,6.324303],[-10.802651,6.326947],[-10.800596,6.321515],[-10.803427,6.324303]],[[-10.792059,6.298942],[-10.800596,6.321515],[-10.779883,6.301108],[-10.787287,6.299791],[-10.787871,6.298342],[-10.788434,6.299587],[-10.792059,6.298942]],[[-12.451149,7.798817],[-12.456766,7.788681],[-12.453557,7.800389],[-12.451149,7.798817]],[[-12.451597,7.807538],[-12.453557,7.800389],[-12.485817,7.821461],[-12.451597,7.807538]],[[-14.623677,10.473758],[-14.626392,10.474025],[-14.622552,10.475571],[-14.623677,10.473758]],[[-14.610729,10.480329],[-14.622552,10.475571],[-14.604476,10.504713],[-14.610729,10.480329]],[[-14.515429,10.866306],[-14.51487,10.863828],[-14.516229,10.86597],[-14.515429,10.866306]],[[-14.4742,10.883642],[-14.515429,10.866306],[-14.518643,10.880557],[-14.472464,10.889045],[-14.462993,10.865515],[-14.445734,10.890865],[-14.453873,10.865653],[-14.467239,10.864023],[-14.4742,10.883642]],[[-14.878882,11.043255],[-14.886774,11.038641],[-14.877566,11.045986],[-14.878882,11.043255]],[[-14.863739,11.057014],[-14.877566,11.045986],[-14.86396,11.074219],[-14.86268,11.104456],[-14.853851,11.099416],[-14.863739,11.057014]],[[-15.144785,11.232622],[-15.147703,11.2303],[-15.145483,11.235552],[-15.144785,11.232622]],[[-15.140772,11.246702],[-15.145483,11.235552],[-15.159797,11.29563],[-15.140772,11.246702]],[[-15.865105,11.819178],[-15.867838,11.817211],[-15.87487,11.831808],[-15.865105,11.819178]],[[-15.875919,11.833985],[-15.87487,11.831808],[-15.880759,11.839425],[-15.880611,11.867385],[-15.849775,11.882704],[-15.849293,11.87084],[-15.877262,11.865206],[-15.875919,11.833985]],[[-15.721894,12.268077],[-15.724728,12.262763],[-15.72398,12.269194],[-15.721894,12.268077]],[[-15.722906,12.27842],[-15.72398,12.269194],[-15.744506,12.280184],[-15.722906,12.27842]],[[6.607041,4.35427],[6.606762,4.354006],[6.606383,4.354067],[6.607041,4.35427]],[[6.610599,4.355366],[6.607041,4.35427],[6.612981,4.357108],[6.610599,4.355366]],[[6.234185,4.512715],[6.234837,4.512526],[6.234945,4.5124],[6.234185,4.512715]],[[6.231169,4.513964],[6.234185,4.512715],[6.230531,4.513773],[6.231169,4.513964]],[[5.574475,5.532688],[5.574414,5.532868],[5.575178,5.532379],[5.574475,5.532688]],[[5.573976,5.537807],[5.574414,5.532868],[5.573727,5.534887],[5.573976,5.537807]],[[5.545054,5.540316],[5.545198,5.540987],[5.545417,5.541148],[5.545054,5.540316]],[[5.539367,5.536098],[5.545054,5.540316],[5.540212,5.536191],[5.539367,5.536098]],[[39.514449,-4.421803],[39.51521,-4.422348],[39.515513,-4.423191],[39.514449,-4.421803]],[[39.512725,-4.419555],[39.514449,-4.421803],[39.511876,-4.419963],[39.512725,-4.419555]],[[-16.011311,11.992607],[-16.010119,11.990638],[-16.011175,11.990059],[-16.011311,11.992607]],[[31.431425,-29.211228],[31.431458,-29.208948],[31.432693,-29.211741],[31.431425,-29.211228]],[[32.084022,-28.794483],[32.086877,-28.795069],[32.085053,-28.795709],[32.084022,-28.794483]],[[31.174567,-29.067411],[31.175099,-29.064257],[31.175597,-29.067634],[31.174567,-29.067411]],[[31.04694,-28.946823],[31.037273,-28.941883],[31.041,-28.942039],[31.04694,-28.946823]],[[31.03424,-28.927995],[31.033121,-28.926163],[31.033691,-28.924675],[31.03424,-28.927995]],[[31.035111,-28.924713],[31.034846,-28.921868],[31.036196,-28.922544],[31.035111,-28.924713]],[[31.002818,-28.856675],[31.008467,-28.85523],[31.014093,-28.859065],[31.002818,-28.856675]],[[30.968412,-28.837029],[30.972191,-28.838389],[30.974039,-28.842481],[30.968412,-28.837029]],[[22.765367,-34.012437],[22.768322,-34.012369],[22.76944,-34.016316],[22.765367,-34.012437]],[[23.400648,-34.004835],[23.402271,-34.014214],[23.398707,-34.016847],[23.400648,-34.004835]],[[15.144034,-26.6874],[15.150003,-26.683459],[15.147791,-26.686911],[15.144034,-26.6874]],[[32.888768,-26.291157],[32.88738,-26.287232],[32.888946,-26.287547],[32.888768,-26.291157]],[[32.675707,-26.391171],[32.674087,-26.388792],[32.678142,-26.391788],[32.675707,-26.391171]],[[32.702042,-26.329544],[32.703878,-26.329151],[32.702258,-26.330343],[32.702042,-26.329544]],[[32.724727,-25.6216],[32.726035,-25.619492],[32.724954,-25.634353],[32.724727,-25.6216]],[[32.710442,-25.748355],[32.705667,-25.747092],[32.708055,-25.746506],[32.710442,-25.748355]],[[35.3279,-23.710887],[35.324162,-23.710155],[35.326984,-23.709729],[35.3279,-23.710887]],[[35.333878,-22.134144],[35.333851,-22.130959],[35.334707,-22.132786],[35.333878,-22.134144]],[[35.091719,-21.342632],[35.089941,-21.340983],[35.092622,-21.341561],[35.091719,-21.342632]],[[35.089408,-21.329724],[35.091428,-21.325642],[35.092684,-21.327091],[35.089408,-21.329724]],[[35.073213,-21.014928],[35.074958,-21.014136],[35.075347,-21.016068],[35.073213,-21.014928]],[[35.095598,-20.962422],[35.097023,-20.961428],[35.099211,-20.962218],[35.095598,-20.962422]],[[34.853322,-20.692412],[34.85494,-20.69016],[34.854303,-20.692919],[34.853322,-20.692412]],[[34.854469,-20.685374],[34.852363,-20.680934],[34.859201,-20.685724],[34.854469,-20.685374]],[[34.78181,-20.57939],[34.783412,-20.577687],[34.785685,-20.579494],[34.78181,-20.57939]],[[34.6904,-20.556611],[34.691615,-20.556103],[34.69137,-20.558274],[34.6904,-20.556611]],[[34.659984,-20.395358],[34.660452,-20.39214],[34.662991,-20.390625],[34.659984,-20.395358]],[[34.677861,-20.339613],[34.676813,-20.343245],[34.675336,-20.339425],[34.677861,-20.339613]],[[35.462909,-19.3706],[35.466025,-19.368129],[35.465858,-19.370794],[35.462909,-19.3706]],[[35.518724,-19.312249],[35.518857,-19.310377],[35.520658,-19.313389],[35.518724,-19.312249]],[[35.887686,-18.956069],[35.889117,-18.957346],[35.886902,-18.960016],[35.887686,-18.956069]],[[35.895368,-18.959923],[35.899544,-18.961038],[35.898859,-18.962135],[35.895368,-18.959923]],[[36.388551,-18.529426],[36.389379,-18.528036],[36.392199,-18.53092],[36.388551,-18.529426]],[[34.557046,-19.617674],[34.555873,-19.616901],[34.559625,-19.616257],[34.557046,-19.617674]],[[36.515736,-18.511054],[36.517644,-18.512504],[36.51629,-18.514934],[36.515736,-18.511054]],[[37.540403,-17.55294],[37.535359,-17.550212],[37.548001,-17.550349],[37.540403,-17.55294]],[[37.54678,-17.540102],[37.550937,-17.535452],[37.548964,-17.547292],[37.54678,-17.540102]],[[37.76019,-17.433488],[37.759535,-17.430496],[37.76341,-17.433249],[37.76019,-17.433488]],[[37.174932,-17.352579],[37.168185,-17.351758],[37.172483,-17.351494],[37.174932,-17.352579]],[[37.096146,-17.292965],[37.09342,-17.289585],[37.095722,-17.289042],[37.096146,-17.292965]],[[37.086626,-17.268356],[37.084125,-17.267191],[37.086583,-17.267359],[37.086626,-17.268356]],[[37.082518,-17.265246],[37.081297,-17.260588],[37.085258,-17.263946],[37.082518,-17.265246]],[[38.52348,-17.130692],[38.521039,-17.128767],[38.523806,-17.128268],[38.52348,-17.130692]],[[38.674184,-17.032536],[38.677677,-17.032554],[38.677422,-17.033565],[38.674184,-17.032536]],[[38.837572,-17.048937],[38.837041,-17.047304],[38.838869,-17.047393],[38.837572,-17.048937]],[[39.125405,-16.898549],[39.123289,-16.898412],[39.123775,-16.897407],[39.125405,-16.898549]],[[39.216815,-16.770513],[39.217568,-16.770161],[39.21959,-16.771571],[39.216815,-16.770513]],[[39.223155,-16.775633],[39.221705,-16.772367],[39.227868,-16.776369],[39.223155,-16.775633]],[[39.247206,-16.736591],[39.248549,-16.734962],[39.248013,-16.738004],[39.247206,-16.736591]],[[39.237604,-16.680875],[39.240324,-16.681813],[39.241087,-16.685435],[39.237604,-16.680875]],[[39.857178,-16.191895],[39.861967,-16.194364],[39.862003,-16.19611],[39.857178,-16.191895]],[[12.54187,-13.418556],[12.543172,-13.416705],[12.543097,-13.419225],[12.54187,-13.418556]],[[40.53045,-13.543488],[40.534058,-13.541349],[40.533772,-13.542776],[40.53045,-13.543488]],[[40.300088,-13.470263],[40.297864,-13.469577],[40.299565,-13.4691],[40.300088,-13.470263]],[[40.333612,-13.464473],[40.33603,-13.463473],[40.335534,-13.467096],[40.333612,-13.464473]],[[40.33936,-13.462893],[40.341635,-13.461711],[40.341395,-13.4629],[40.33936,-13.462893]],[[40.30102,-13.471708],[40.302255,-13.470335],[40.302599,-13.471627],[40.30102,-13.471708]],[[40.337941,-13.46127],[40.340472,-13.460033],[40.339345,-13.461883],[40.337941,-13.46127]],[[40.371663,-13.458011],[40.371149,-13.456137],[40.3737,-13.457394],[40.371663,-13.458011]],[[40.355154,-13.457016],[40.356851,-13.455599],[40.359745,-13.457663],[40.355154,-13.457016]],[[40.62057,-14.597057],[40.622825,-14.595359],[40.621335,-14.597465],[40.62057,-14.597057]],[[40.133298,-15.939832],[40.135023,-15.937728],[40.137862,-15.939247],[40.133298,-15.939832]],[[40.463488,-15.580103],[40.466299,-15.577591],[40.463323,-15.582076],[40.463488,-15.580103]],[[40.515429,-15.527864],[40.515849,-15.525883],[40.516343,-15.528157],[40.515429,-15.527864]],[[40.549798,-15.456994],[40.547854,-15.452491],[40.556134,-15.454659],[40.549798,-15.456994]],[[40.561074,-15.453761],[40.562485,-15.453039],[40.563764,-15.454949],[40.561074,-15.453761]],[[40.592229,-15.121752],[40.591931,-15.119666],[40.593581,-15.122193],[40.592229,-15.121752]],[[40.547228,-12.77485],[40.547983,-12.77391],[40.548405,-12.776413],[40.547228,-12.77485]],[[40.490445,-12.386831],[40.493027,-12.385209],[40.490943,-12.387655],[40.490445,-12.386831]],[[40.488805,-12.469726],[40.489145,-12.468103],[40.491104,-12.470859],[40.488805,-12.469726]],[[11.322009,-3.981801],[11.322926,-3.98025],[11.32572,-3.981176],[11.322009,-3.981801]],[[11.155331,-3.955075],[11.155825,-3.95626],[11.155155,-3.957424],[11.155331,-3.955075]],[[11.823182,-4.371195],[11.824019,-4.374312],[11.817216,-4.380847],[11.823182,-4.371195]],[[39.288291,-6.822969],[39.291647,-6.821725],[39.291012,-6.823194],[39.288291,-6.822969]],[[12.386769,-6.132323],[12.387637,-6.130545],[12.38897,-6.132693],[12.386769,-6.132323]],[[12.5094,-6.113308],[12.508439,-6.113128],[12.50749,-6.111564],[12.5094,-6.113308]],[[12.569891,-6.078208],[12.570413,-6.077173],[12.570805,-6.078823],[12.569891,-6.078208]],[[12.581175,-6.070093],[12.58329,-6.069105],[12.583175,-6.070403],[12.581175,-6.070093]],[[38.853186,-6.389919],[38.853499,-6.387515],[38.855048,-6.390648],[38.853186,-6.389919]],[[13.067529,-9.022723],[13.068386,-9.018566],[13.069199,-9.020498],[13.067529,-9.022723]],[[39.318418,-8.180758],[39.319412,-8.179121],[39.319877,-8.182398],[39.318418,-8.180758]],[[39.437977,-8.019289],[39.438873,-8.020927],[39.437768,-8.024798],[39.437977,-8.019289]],[[39.263738,-7.932305],[39.262768,-7.928072],[39.266247,-7.929942],[39.263738,-7.932305]],[[45.794684,2.293643],[45.796112,2.294372],[45.7955,2.29345],[45.794684,2.293643]],[[9.909703,3.251256],[9.909933,3.252045],[9.911783,3.250192],[9.909703,3.251256]],[[10.04377,3.355528],[10.044899,3.352456],[10.043441,3.348816],[10.04377,3.355528]],[[9.660566,3.586849],[9.661997,3.588205],[9.663471,3.586972],[9.660566,3.586849]],[[9.654877,3.587556],[9.655427,3.588805],[9.656155,3.58689],[9.654877,3.587556]],[[10.112438,3.799795],[10.11089,3.800879],[10.113286,3.801133],[10.112438,3.799795]],[[9.686876,3.813188],[9.686925,3.815057],[9.690168,3.813892],[9.686876,3.813188]],[[9.770827,3.869432],[9.771656,3.869898],[9.771871,3.867188],[9.770827,3.869432]],[[9.812218,3.947916],[9.81285,3.950121],[9.813201,3.947935],[9.812218,3.947916]],[[9.862069,3.972098],[9.86369,3.970437],[9.863118,3.969397],[9.862069,3.972098]],[[9.775512,3.963261],[9.777805,3.963942],[9.778216,3.963032],[9.775512,3.963261]],[[9.505661,4.071181],[9.511158,4.070747],[9.509111,4.068793],[9.505661,4.071181]],[[9.773697,4.223392],[9.771894,4.223964],[9.774081,4.225266],[9.773697,4.223392]],[[9.785063,4.242037],[9.786303,4.249661],[9.787698,4.241723],[9.785063,4.242037]],[[9.656375,4.121816],[9.662114,4.123912],[9.662429,4.121455],[9.656375,4.121816]],[[9.696956,4.128455],[9.701897,4.130541],[9.695629,4.12518],[9.696956,4.128455]],[[9.873646,4.368897],[9.874429,4.368783],[9.875024,4.366841],[9.873646,4.368897]],[[9.024144,-0.849581],[9.025072,-0.848429],[9.024789,-0.852584],[9.024144,-0.849581]],[[41.989816,-0.788225],[41.992403,-0.792712],[41.98882,-0.797894],[41.989816,-0.788225]],[[41.991717,-0.775811],[41.993054,-0.77186],[41.993541,-0.776661],[41.991717,-0.775811]],[[41.179746,-1.9348],[41.183076,-1.933594],[41.18431,-1.93635],[41.179746,-1.9348]],[[9.471023,-2.007118],[9.471985,-2.005542],[9.473387,-2.007411],[9.471023,-2.007118]],[[41.184374,-1.98683],[41.185145,-1.98516],[41.186359,-1.986774],[41.184374,-1.98683]],[[9.886325,-2.579612],[9.886867,-2.577855],[9.888677,-2.579525],[9.886325,-2.579612]],[[9.727144,-2.453036],[9.728395,-2.452305],[9.727751,-2.455023],[9.727144,-2.453036]],[[9.270433,-1.674866],[9.271942,-1.673735],[9.272541,-1.674885],[9.270433,-1.674866]],[[9.534994,0.561149],[9.534175,0.56218],[9.536811,0.562898],[9.534994,0.561149]],[[9.751536,1.223305],[9.751246,1.215757],[9.748433,1.214622],[9.751536,1.223305]],[[9.772876,1.58012],[9.772617,1.581503],[9.777117,1.57852],[9.772876,1.58012]],[[-11.080884,6.604477],[-11.079866,6.608841],[-11.078053,6.601],[-11.080884,6.604477]],[[-11.516652,7.19685],[-11.51575,7.197493],[-11.515611,7.195055],[-11.516652,7.19685]],[[-11.512048,7.181662],[-11.510676,7.184326],[-11.510525,7.18328],[-11.512048,7.181662]],[[-11.514829,7.189574],[-11.514634,7.191384],[-11.513678,7.189333],[-11.514829,7.189574]],[[-11.477621,6.925478],[-11.474426,6.927144],[-11.47411,6.925578],[-11.477621,6.925478]],[[-11.488838,6.926578],[-11.488169,6.927734],[-11.484667,6.927551],[-11.488838,6.926578]],[[-10.050157,5.952704],[-10.046785,5.955217],[-10.051625,5.944366],[-10.050157,5.952704]],[[-10.36744,6.129617],[-10.366273,6.130901],[-10.366135,6.128127],[-10.36744,6.129617]],[[-10.363999,6.129272],[-10.357883,6.136121],[-10.359042,6.129222],[-10.363999,6.129272]],[[-10.406849,6.169547],[-10.407946,6.171706],[-10.405505,6.16942],[-10.406849,6.169547]],[[-10.803835,6.320636],[-10.799992,6.319467],[-10.800111,6.31892],[-10.803835,6.320636]],[[-4.677403,5.201015],[-4.679294,5.202456],[-4.6771,5.20296],[-4.677403,5.201015]],[[-3.14512,5.119284],[-3.142989,5.121285],[-3.143259,5.118319],[-3.14512,5.119284]],[[6.750812,4.460283],[6.754285,4.462918],[6.756715,4.460472],[6.750812,4.460283]],[[7.532771,4.699037],[7.533811,4.700293],[7.532982,4.697482],[7.532771,4.699037]],[[6.581404,4.671368],[6.583434,4.671566],[6.585611,4.668667],[6.581404,4.671368]],[[7.383451,4.572428],[7.384442,4.573078],[7.384382,4.57093],[7.383451,4.572428]],[[7.278676,4.595586],[7.279922,4.595097],[7.281319,4.592638],[7.278676,4.595586]],[[6.914606,4.810946],[6.917611,4.814777],[6.919445,4.806986],[6.914606,4.810946]],[[-0.651859,5.327565],[-0.650436,5.32876],[-0.649763,5.327953],[-0.651859,5.327565]],[[8.083264,5.29828],[8.085938,5.304966],[8.085763,5.301056],[8.083264,5.29828]],[[8.068624,5.303383],[8.064827,5.304437],[8.06381,5.307506],[8.068624,5.303383]],[[-6.480023,5.541098],[-6.477066,5.539586],[-6.476742,5.537658],[-6.480023,5.541098]],[[-6.43399,5.507161],[-6.433701,5.508061],[-6.431464,5.50598],[-6.43399,5.507161]],[[-6.429707,5.485406],[-6.43003,5.491384],[-6.428307,5.483613],[-6.429707,5.485406]],[[5.741377,5.507951],[5.743389,5.509197],[5.744383,5.506451],[5.741377,5.507951]],[[5.801831,5.516349],[5.798782,5.516732],[5.800857,5.517509],[5.801831,5.516349]],[[0.560606,5.839233],[0.557718,5.842939],[0.560236,5.841698],[0.560606,5.839233]],[[3.106001,6.417211],[3.107201,6.418598],[3.108142,6.416513],[3.106001,6.417211]],[[-13.02217,8.481689],[-13.02176,8.485179],[-13.019474,8.480923],[-13.02217,8.481689]],[[-12.962484,8.532528],[-12.960233,8.532876],[-12.959128,8.531132],[-12.962484,8.532528]],[[-12.798287,8.550811],[-12.803033,8.553141],[-12.792152,8.550882],[-12.798287,8.550811]],[[-13.251881,8.989701],[-13.253894,8.996399],[-13.244889,8.990652],[-13.251881,8.989701]],[[-16.733703,12.83062],[-16.732258,12.832031],[-16.731157,12.830289],[-16.733703,12.83062]],[[-16.703614,12.857046],[-16.703262,12.858047],[-16.701539,12.856732],[-16.703614,12.857046]],[[-13.664982,10.063278],[-13.663534,10.064067],[-13.662606,10.06182],[-13.664982,10.063278]],[[-14.599149,10.500673],[-14.593447,10.507296],[-14.591593,10.501487],[-14.599149,10.500673]],[[-14.591746,10.50812],[-14.588727,10.506935],[-14.589253,10.505453],[-14.591746,10.50812]],[[-13.994889,10.21115],[-13.992572,10.211342],[-13.993422,10.209124],[-13.994889,10.21115]],[[-15.384802,11.488754],[-15.380266,11.486611],[-15.380934,11.481756],[-15.384802,11.488754]],[[-15.398859,11.494469],[-15.397177,11.494379],[-15.396532,11.493104],[-15.398859,11.494469]],[[-15.993039,12.070685],[-15.992051,12.072834],[-15.991307,12.07013],[-15.993039,12.070685]],[[-14.95481,11.997784],[-14.953959,11.99856],[-14.953073,11.997612],[-14.95481,11.997784]],[[-15.974355,12.064235],[-15.975452,12.067956],[-15.973465,12.063985],[-15.974355,12.064235]],[[-16.424669,12.599167],[-16.422967,12.601113],[-16.422729,12.598248],[-16.424669,12.599167]],[[-16.388103,13.216253],[-16.389427,13.22273],[-16.384132,13.216946],[-16.388103,13.216253]],[[-16.41107,13.88993],[-16.409057,13.889992],[-16.409799,13.888758],[-16.41107,13.88993]],[[-16.824514,14.150525],[-16.822086,14.154394],[-16.819965,14.150664],[-16.824514,14.150525]],[[37.569284,18.711789],[37.570904,18.712218],[37.570342,18.710871],[37.569284,18.711789]],[[37.257005,19.839086],[37.25722,19.839289],[37.257278,19.838889],[37.257005,19.839086]],[[37.20142,20.228965],[37.202262,20.230601],[37.203307,20.228666],[37.20142,20.228965]]],[[[-16.738632,12.534189],[-16.721955,12.515291],[-16.682416,12.513176],[-16.677942,12.540116],[-16.677993,12.540591],[-16.699762,12.546856],[-16.697136,12.557954],[-16.717355,12.549989],[-16.730925,12.555072],[-16.738632,12.534189]]],[[[-15.376605,12.82706],[-15.377468,12.829979],[-15.37803,12.823751],[-15.376749,12.824884],[-15.376605,12.82706]]],[[[-15.243608,12.82155],[-15.242851,12.820228],[-15.242514,12.820284],[-15.243608,12.82155]]],[[[-15.249762,12.84314],[-15.251121,12.845015],[-15.247341,12.829797],[-15.246359,12.833798],[-15.249762,12.84314]]],[[[-16.466501,12.65531],[-16.465101,12.654739],[-16.467126,12.662506],[-16.468192,12.658524],[-16.466501,12.65531]]],[[[-16.451711,12.671242],[-16.464762,12.662844],[-16.452615,12.663925],[-16.451274,12.66987],[-16.451711,12.671242]]],[[[-16.554094,12.733299],[-16.571772,12.723956],[-16.557231,12.710743],[-16.554904,12.690873],[-16.539401,12.68793],[-16.539266,12.687925],[-16.545424,12.725414],[-16.546198,12.72739],[-16.554094,12.733299]]],[[[-16.627982,12.923899],[-16.629252,12.931628],[-16.635643,12.942118],[-16.643957,12.939503],[-16.640819,12.900854],[-16.639416,12.898469],[-16.654532,12.886281],[-16.631968,12.887195],[-16.613486,12.859242],[-16.61721,12.855186],[-16.616173,12.853054],[-16.623945,12.84785],[-16.635827,12.834909],[-16.600609,12.78609],[-16.589486,12.794015],[-16.588181,12.821494],[-16.574129,12.852432],[-16.574563,12.906133],[-16.600202,12.911319],[-16.611037,12.929926],[-16.627982,12.923899]]],[[[-16.62594,12.926194],[-16.611448,12.944129],[-16.640417,12.949952],[-16.635643,12.942118],[-16.631205,12.943514],[-16.629252,12.931628],[-16.62594,12.926194]]],[[[-16.459219,13.263689],[-16.433557,13.268827],[-16.449975,13.2716],[-16.458439,13.265546],[-16.459219,13.263689]]],[[[-16.519938,13.691013],[-16.505429,13.726065],[-16.508196,13.739597],[-16.502735,13.747286],[-16.504478,13.750998],[-16.499062,13.752458],[-16.493067,13.760898],[-16.493919,13.776911],[-16.491701,13.77917],[-16.491778,13.779709],[-16.480442,13.79153],[-16.497579,13.825043],[-16.49348,13.844699],[-16.498913,13.852372],[-16.55035,13.839582],[-16.535609,13.832767],[-16.562817,13.830011],[-16.622898,13.769804],[-16.638203,13.70363],[-16.612682,13.650556],[-16.587419,13.642205],[-16.561368,13.669922],[-16.534962,13.672263],[-16.519938,13.691013]]],[[[-16.461727,13.904922],[-16.461259,13.906218],[-16.46264,13.90625],[-16.461727,13.904922]]],[[[-16.495382,13.91138],[-16.496732,13.912039],[-16.495279,13.909621],[-16.495204,13.909751],[-16.495382,13.91138]]],[[[-16.489017,13.957202],[-16.495757,13.987035],[-16.513913,14.007758],[-16.514043,14.007649],[-16.532612,13.990675],[-16.531528,13.982579],[-16.529244,13.980972],[-16.53072,13.976533],[-16.525072,13.934316],[-16.508147,13.913239],[-16.50755,13.932152],[-16.489017,13.957202]]],[[[-16.586449,13.840845],[-16.525323,13.921325],[-16.533999,13.966669],[-16.53072,13.976533],[-16.531528,13.982579],[-16.541349,13.989485],[-16.556759,13.993455],[-16.571376,13.991437],[-16.591111,14.001105],[-16.616701,13.979092],[-16.649301,13.979576],[-16.689285,14.003443],[-16.706316,13.995849],[-16.743508,13.951601],[-16.734229,13.909749],[-16.711962,13.909011],[-16.683235,13.920385],[-16.702237,13.905273],[-16.702508,13.898509],[-16.702318,13.89837],[-16.702602,13.89615],[-16.703165,13.882072],[-16.684527,13.851548],[-16.655179,13.851159],[-16.64557,13.826543],[-16.586449,13.840845]]],[[[-16.667784,13.845897],[-16.686059,13.84709],[-16.705109,13.876517],[-16.702602,13.89615],[-16.702508,13.898509],[-16.712135,13.905628],[-16.730462,13.905675],[-16.734758,13.852924],[-16.728001,13.826599],[-16.693663,13.779962],[-16.677693,13.785742],[-16.670892,13.82703],[-16.671327,13.840304],[-16.668388,13.842228],[-16.667784,13.845897]]],[[[-16.666253,13.820986],[-16.664951,13.823417],[-16.6557,13.850534],[-16.668388,13.842228],[-16.670892,13.82703],[-16.670262,13.807847],[-16.666036,13.820238],[-16.666253,13.820986]]],[[[-16.661334,13.804093],[-16.647115,13.81598],[-16.655704,13.840681],[-16.664951,13.823417],[-16.666036,13.820238],[-16.661334,13.804093]]],[[[-16.369821,14.149899],[-16.371357,14.153782],[-16.372786,14.151002],[-16.370238,14.14955],[-16.369821,14.149899]]],[[[-16.433109,16.162747],[-16.435504,16.168785],[-16.437291,16.161575],[-16.432537,16.159977],[-16.433109,16.162747]]],[[[-16.50075,16.1503],[-16.5025,16.153065],[-16.500574,16.148078],[-16.50075,16.1503]]],[[[-16.505375,16.027039],[-16.50469,16.019526],[-16.501897,16.038041],[-16.504779,16.037117],[-16.505375,16.027039]]],[[[37.329155,19.24129],[37.33038,19.240466],[37.331336,19.244813],[37.329014,19.241922],[37.329155,19.24129]]],[[[40.401945,14.953115],[40.403018,14.955055],[40.399503,14.954733],[40.401595,14.953151],[40.401945,14.953115]]],[[[43.466478,11.350894],[43.467704,11.352441],[43.460966,11.353785],[43.465057,11.35085],[43.466478,11.350894]]],[[[40.81849,-1.966561],[40.819475,-1.968444],[40.819729,-1.968563],[40.820271,-1.966354],[40.819893,-1.966258],[40.81849,-1.966561]]],[[[40.920514,-2.128494],[40.920861,-2.128695],[40.920208,-2.125451],[40.920176,-2.12552],[40.920514,-2.128494]]],[[[40.785825,-2.302916],[40.783713,-2.30262],[40.806833,-2.314928],[40.803154,-2.308998],[40.785825,-2.302916]]],[[[39.655417,-3.999283],[39.646331,-3.995103],[39.650149,-4.009844],[39.655417,-3.999283]]],[[[39.649273,-4.021092],[39.651219,-4.021865],[39.648367,-4.01083],[39.648139,-4.015565],[39.649273,-4.021092]]],[[[39.658254,-4.02985],[39.641616,-4.038932],[39.647778,-4.06122],[39.665526,-4.079548],[39.665691,-4.079596],[39.682914,-4.072181],[39.675277,-4.038402],[39.658254,-4.02985]]],[[[39.431171,-4.571773],[39.429861,-4.567183],[39.428649,-4.569716],[39.431171,-4.571773]]],[[[39.305134,-4.60109],[39.304903,-4.600482],[39.304528,-4.603083],[39.305159,-4.603236],[39.305134,-4.60109]]],[[[39.302535,-4.599432],[39.297251,-4.604586],[39.300347,-4.608896],[39.302535,-4.599432]]],[[[39.386707,-7.281362],[39.385902,-7.283074],[39.388697,-7.283981],[39.387802,-7.280042],[39.386707,-7.281362]]],[[[39.355709,-7.320653],[39.352258,-7.323278],[39.353964,-7.32696],[39.35607,-7.320522],[39.355709,-7.320653]]],[[[39.341607,-7.410322],[39.342759,-7.41319],[39.342758,-7.410461],[39.342034,-7.40983],[39.341607,-7.410322]]],[[[39.252486,-7.817704],[39.249884,-7.81932],[39.253625,-7.819046],[39.252486,-7.817704]]],[[[39.29174,-7.800331],[39.247393,-7.82594],[39.24092,-7.84746],[39.245343,-7.879824],[39.260399,-7.884379],[39.264774,-7.891625],[39.276565,-7.879701],[39.288617,-7.848701],[39.314563,-7.825772],[39.332263,-7.782766],[39.35342,-7.768664],[39.355187,-7.757155],[39.336146,-7.73396],[39.320751,-7.73242],[39.316705,-7.770721],[39.296801,-7.780229],[39.29174,-7.800331]]],[[[39.281659,-7.877963],[39.268767,-7.89205],[39.280566,-7.908299],[39.292243,-7.907385],[39.294271,-7.905849],[39.310647,-7.888018],[39.341095,-7.882441],[39.362675,-7.864334],[39.368274,-7.842237],[39.378822,-7.838705],[39.380424,-7.834025],[39.385762,-7.836381],[39.39901,-7.831944],[39.401279,-7.824717],[39.400929,-7.80317],[39.405946,-7.78993],[39.381581,-7.772812],[39.360523,-7.770104],[39.380059,-7.794853],[39.373245,-7.810138],[39.348636,-7.807591],[39.347078,-7.825483],[39.322609,-7.859182],[39.303387,-7.865548],[39.299166,-7.878439],[39.295275,-7.878333],[39.293682,-7.882106],[39.289296,-7.878171],[39.281659,-7.877963]]],[[[39.295275,-7.878333],[39.300549,-7.865842],[39.281423,-7.871106],[39.289296,-7.878171],[39.295275,-7.878333]]],[[[39.39994,-8.884009],[39.400506,-8.892849],[39.416268,-8.880966],[39.400413,-8.882745],[39.39994,-8.884009]]],[[[39.440866,-8.937517],[39.456623,-8.934641],[39.460447,-8.924064],[39.441524,-8.936167],[39.440866,-8.937517]]],[[[39.459221,-8.947171],[39.463722,-8.93929],[39.45691,-8.942437],[39.457705,-8.946643],[39.459221,-8.947171]]],[[[39.574575,-9.093738],[39.5707,-9.093885],[39.576738,-9.095566],[39.577569,-9.095065],[39.574575,-9.093738]]],[[[40.389479,-10.514964],[40.389193,-10.517147],[40.397437,-10.513503],[40.390164,-10.514358],[40.389479,-10.514964]]],[[[40.349007,-10.577776],[40.354222,-10.574962],[40.342594,-10.574066],[40.347892,-10.577449],[40.349007,-10.577776]]],[[[40.368586,-10.56574],[40.376395,-10.555557],[40.364555,-10.561826],[40.364968,-10.568555],[40.368586,-10.56574]]],[[[40.506871,-10.568945],[40.524434,-10.566061],[40.504573,-10.555409],[40.499737,-10.566901],[40.506871,-10.568945]]],[[[40.490045,-12.379532],[40.492293,-12.381296],[40.494959,-12.375589],[40.490045,-12.379532]]],[[[40.490316,-12.518402],[40.491603,-12.520339],[40.492864,-12.518222],[40.490441,-12.518146],[40.490316,-12.518402]]],[[[40.486486,-12.52631],[40.48779,-12.527475],[40.489563,-12.5254],[40.486809,-12.525642],[40.486486,-12.52631]]],[[[40.609306,-12.744608],[40.609628,-12.744711],[40.611209,-12.742566],[40.609405,-12.743871],[40.609306,-12.744608]]],[[[40.371055,-13.455136],[40.371099,-13.455169],[40.373989,-13.454316],[40.372653,-13.452685],[40.371796,-13.4525],[40.371055,-13.455136]]],[[[40.447311,-13.493671],[40.447797,-13.495016],[40.449138,-13.495094],[40.447311,-13.493671]]],[[[40.448789,-13.497757],[40.448977,-13.498278],[40.448952,-13.497879],[40.448789,-13.497757]]],[[[40.539199,-15.516242],[40.538414,-15.520481],[40.541151,-15.51689],[40.539344,-15.51613],[40.539199,-15.516242]]],[[[40.131354,-15.94314],[40.130979,-15.944092],[40.13186,-15.944149],[40.131919,-15.942873],[40.131354,-15.94314]]],[[[39.886833,-16.188804],[39.884437,-16.193135],[39.888128,-16.194967],[39.886833,-16.188804]]],[[[39.792189,-16.346875],[39.794858,-16.353807],[39.795387,-16.347218],[39.79223,-16.346768],[39.792189,-16.346875]]],[[[38.58698,-17.098268],[38.585544,-17.099707],[38.587994,-17.100304],[38.58698,-17.098268]]],[[[37.560473,-17.527222],[37.560578,-17.528577],[37.561589,-17.527467],[37.561513,-17.527418],[37.560473,-17.527222]]],[[[37.363268,-17.637056],[37.36303,-17.636458],[37.360864,-17.660527],[37.364375,-17.657456],[37.367946,-17.653284],[37.363268,-17.637056]]],[[[36.859181,-17.881559],[36.852289,-17.894085],[36.874144,-17.884768],[36.860415,-17.880751],[36.859181,-17.881559]]],[[[36.925483,-18.067238],[36.910476,-18.07043],[36.908409,-18.089138],[36.905898,-18.089553],[36.896153,-18.097228],[36.893689,-18.109866],[36.864658,-18.144944],[36.866219,-18.146796],[36.872385,-18.153349],[36.872084,-18.153757],[36.879518,-18.162579],[36.967297,-18.062339],[36.968347,-18.043072],[36.944575,-18.027254],[36.925483,-18.067238]]],[[[36.425139,-18.543466],[36.426149,-18.54322],[36.427416,-18.537571],[36.425291,-18.54169],[36.425139,-18.543466]]],[[[36.264583,-18.599637],[36.263274,-18.599453],[36.267548,-18.602183],[36.266515,-18.600924],[36.264583,-18.599637]]],[[[36.030417,-18.329259],[36.030476,-18.343868],[36.047333,-18.34497],[36.044789,-18.328887],[36.044525,-18.328779],[36.030417,-18.329259]]],[[[36.015458,-18.316851],[36.010544,-18.3154],[36.016698,-18.31916],[36.018491,-18.318095],[36.015458,-18.316851]]],[[[35.981396,-18.289819],[35.977953,-18.289704],[35.98272,-18.291256],[35.981947,-18.290013],[35.981396,-18.289819]]],[[[35.616295,-18.01568],[35.632277,-18.022366],[35.633185,-18.015774],[35.619896,-18.014924],[35.616295,-18.01568]]],[[[36.079766,-18.395183],[36.080102,-18.377375],[36.061578,-18.365281],[36.067094,-18.37671],[36.073836,-18.387472],[36.073762,-18.390524],[36.079625,-18.402671],[36.079719,-18.3977],[36.078131,-18.397819],[36.079766,-18.395183]]],[[[36.079719,-18.3977],[36.080816,-18.397618],[36.080305,-18.394314],[36.079766,-18.395183],[36.079719,-18.3977]]],[[[36.24038,-18.58919],[36.245247,-18.589201],[36.243075,-18.585656],[36.240124,-18.587927],[36.24038,-18.58919]]],[[[36.240905,-18.591771],[36.241974,-18.597035],[36.243673,-18.592715],[36.240905,-18.591771]]],[[[36.221008,-18.701883],[36.22222,-18.701558],[36.219293,-18.69776],[36.219404,-18.698349],[36.221008,-18.701883]]],[[[36.243879,-18.768509],[36.251244,-18.750419],[36.239255,-18.732543],[36.23767,-18.738599],[36.237807,-18.738899],[36.236108,-18.744567],[36.233346,-18.755119],[36.243879,-18.768509]]],[[[36.234619,-18.792214],[36.234481,-18.79392],[36.243301,-18.797554],[36.235613,-18.789173],[36.234619,-18.792214]]],[[[36.155869,-18.782245],[36.157552,-18.782402],[36.156377,-18.775117],[36.155418,-18.780011],[36.155869,-18.782245]]],[[[35.720503,-19.087172],[35.720806,-19.087467],[35.720565,-19.086828],[35.720503,-19.087172]]],[[[35.693337,-19.117071],[35.691462,-19.121674],[35.694327,-19.121358],[35.694598,-19.116853],[35.693337,-19.117071]]],[[[34.648913,-19.655125],[34.647894,-19.654233],[34.647267,-19.654383],[34.648913,-19.655125]]],[[[34.542971,-19.602009],[34.550541,-19.594936],[34.541461,-19.593958],[34.54142,-19.594379],[34.542971,-19.602009]]],[[[34.636237,-19.668113],[34.644201,-19.673369],[34.63296,-19.656276],[34.633936,-19.662677],[34.636237,-19.668113]]],[[[34.68736,-19.748316],[34.692394,-19.755634],[34.698596,-19.756764],[34.68736,-19.748316]]],[[[34.740542,-19.772898],[34.744713,-19.776768],[34.740238,-19.771536],[34.740542,-19.772898]]],[[[34.702526,-20.310787],[34.702464,-20.311403],[34.703913,-20.310011],[34.70372,-20.309805],[34.702526,-20.310787]]],[[[34.684508,-20.51575],[34.718882,-20.474487],[34.699455,-20.432119],[34.667322,-20.446786],[34.661839,-20.453244],[34.653033,-20.468394],[34.658809,-20.513383],[34.684508,-20.51575]]],[[[34.629127,-20.522759],[34.628791,-20.522856],[34.62911,-20.52279],[34.629127,-20.522759]]],[[[35.092933,-20.91331],[35.069258,-20.909976],[35.071364,-20.921482],[35.044348,-20.938855],[35.043783,-20.939324],[35.058844,-20.944631],[35.052233,-20.972366],[35.075797,-20.959344],[35.080085,-20.959948],[35.080984,-20.959048],[35.092928,-20.960038],[35.129338,-20.93848],[35.104821,-20.900489],[35.092933,-20.91331]],[[35.09247,-20.951942],[35.094344,-20.952772],[35.093817,-20.954101],[35.09247,-20.951942]]],[[[35.08236,-21.022988],[35.0849,-21.025391],[35.087505,-21.021307],[35.084623,-21.021342],[35.08236,-21.022988]]],[[[33.498107,-25.215634],[33.497241,-25.21633],[33.501394,-25.214872],[33.500626,-25.214508],[33.498107,-25.215634]]],[[[32.713454,-25.804394],[32.721982,-25.804177],[32.731318,-25.770124],[32.724433,-25.762902],[32.714541,-25.762526],[32.687698,-25.772293],[32.688224,-25.792252],[32.688265,-25.792573],[32.693041,-25.79648],[32.713454,-25.804394]]],[[[32.856478,-26.918833],[32.856855,-26.919053],[32.858778,-26.915811],[32.856551,-26.917884],[32.856478,-26.918833]]],[[[31.640518,-29.0852],[31.640318,-29.085452],[31.640625,-29.0851],[31.640518,-29.0852]]],[[[23.059668,-34.045506],[23.046376,-34.044767],[23.055938,-34.053601],[23.064229,-34.046947],[23.059668,-34.045506]]],[[[18.302544,-32.090139],[18.302963,-32.089484],[18.30072,-32.089005],[18.302544,-32.090139]]],[[[16.568917,-28.777619],[16.56772,-28.778908],[16.569498,-28.778872],[16.569511,-28.778687],[16.568917,-28.777619]]],[[[12.960398,-5.960307],[12.960452,-5.953267],[12.950245,-5.970397],[12.953521,-5.967843],[12.960398,-5.960307]]],[[[13.134766,-5.904529],[13.134728,-5.901805],[13.129236,-5.903536],[13.134437,-5.904882],[13.134766,-5.904529]]],[[[12.623079,-5.997838],[12.622151,-5.999329],[12.62733,-5.998525],[12.625513,-5.998043],[12.623079,-5.997838]]],[[[12.466512,-6.027365],[12.454626,-6.022945],[12.454383,-6.030652],[12.46559,-6.028228],[12.466512,-6.027365]]],[[[12.502027,-5.994097],[12.506678,-5.98974],[12.498875,-5.99003],[12.502027,-5.994097]]],[[[11.725854,-4.465975],[11.729295,-4.455943],[11.72361,-4.46054],[11.725806,-4.466027],[11.725854,-4.465975]]],[[[9.826213,-2.502238],[9.836769,-2.492606],[9.832468,-2.486411],[9.826276,-2.501237],[9.826213,-2.502238]]],[[[10.06176,-2.570289],[10.060627,-2.572056],[10.062291,-2.572616],[10.06176,-2.570289]]],[[[9.837973,-2.473914],[9.830539,-2.476428],[9.836852,-2.481045],[9.838022,-2.474105],[9.837973,-2.473914]]],[[[9.499301,-2.024973],[9.500598,-2.020233],[9.496761,-2.021285],[9.498584,-2.024882],[9.499301,-2.024973]]],[[[9.538574,-2.063607],[9.541863,-2.064859],[9.540282,-2.061349],[9.538394,-2.062619],[9.538574,-2.063607]]],[[[9.318589,-1.888267],[9.316999,-1.887233],[9.317269,-1.891196],[9.318161,-1.889442],[9.318589,-1.888267]]],[[[9.10132,-1.414198],[9.102234,-1.41485],[9.102255,-1.412412],[9.099444,-1.412701],[9.10132,-1.414198]]],[[[9.548437,-1.638149],[9.548573,-1.63814],[9.54846,-1.638091],[9.548437,-1.638149]]],[[[9.209167,-1.483448],[9.233149,-1.513895],[9.21638,-1.469429],[9.221534,-1.457045],[9.215582,-1.452584],[9.209672,-1.451633],[9.200015,-1.457584],[9.209167,-1.483448]]],[[[9.093259,-1.378042],[9.109254,-1.39207],[9.123455,-1.374999],[9.147486,-1.360932],[9.153538,-1.354375],[9.192171,-1.271154],[9.188267,-1.228475],[9.187953,-1.225845],[9.156089,-1.215587],[9.153457,-1.208023],[9.152836,-1.207736],[9.152188,-1.204377],[9.146544,-1.188161],[9.148548,-1.123522],[9.122876,-1.14603],[9.114763,-1.177085],[9.127481,-1.19914],[9.129396,-1.20228],[9.12937,-1.202417],[9.130551,-1.204464],[9.118082,-1.264659],[9.099207,-1.320924],[9.075106,-1.362121],[9.091117,-1.376163],[9.091939,-1.375059],[9.093259,-1.378042]]],[[[9.091117,-1.376163],[9.090126,-1.377494],[9.094325,-1.38045],[9.093259,-1.378042],[9.091117,-1.376163]]],[[[9.074086,-1.363114],[9.098462,-1.320996],[9.118096,-1.261027],[9.12937,-1.202417],[9.127481,-1.19914],[9.114522,-1.1779],[9.122396,-1.145669],[9.170164,-1.102366],[9.197885,-1.084939],[9.248423,-1.089635],[9.244397,-1.074961],[9.219184,-1.07949],[9.206732,-1.063828],[9.143715,-1.053085],[9.110946,-1.063357],[9.101672,-1.07612],[9.084507,-1.078059],[9.061975,-1.0636],[9.044224,-1.096714],[9.043738,-1.096502],[9.042873,-1.098184],[9.025552,-1.090266],[8.993208,-1.093721],[8.972875,-1.080652],[8.973096,-1.079272],[8.972477,-1.078859],[8.974111,-1.072922],[8.97735,-1.052668],[8.949751,-1.037475],[8.913257,-1.048719],[8.910434,-1.049886],[8.91004,-1.04971],[8.899414,-1.052984],[8.864227,-1.023098],[8.957001,-1.149188],[8.993861,-1.218476],[8.994728,-1.260109],[9.002293,-1.259349],[9.021299,-1.212201],[9.038085,-1.255866],[9.033783,-1.268758],[9.015215,-1.276136],[9.016155,-1.284978],[9.01705,-1.287076],[9.016421,-1.287484],[9.020991,-1.330471],[9.035594,-1.348273],[9.074086,-1.363114]],[[9.012599,-1.213909],[9.01573,-1.211554],[9.015993,-1.214684],[9.012599,-1.213909]],[[9.002517,-1.209501],[9.001237,-1.204473],[9.003297,-1.20715],[9.002517,-1.209501]]],[[[9.009747,-1.269948],[8.992067,-1.271809],[9.004646,-1.295132],[9.016421,-1.287484],[9.016155,-1.284978],[9.009747,-1.269948]]],[[[8.912321,-1.027097],[8.891594,-1.03097],[8.890746,-1.041121],[8.91004,-1.04971],[8.913257,-1.048719],[8.944387,-1.035852],[8.966081,-1.04041],[8.963472,-1.037735],[8.980316,-1.043401],[8.985267,-1.044441],[8.989866,-1.02833],[8.990137,-1.028491],[8.99102,-1.025154],[8.958869,-0.997722],[8.927892,-0.998541],[8.912321,-1.027097]]],[[[9.031893,-1.050257],[9.028485,-1.047759],[9.017637,-1.044788],[8.990137,-1.028491],[8.985881,-1.04457],[8.985267,-1.044441],[8.985104,-1.045012],[8.980316,-1.043401],[8.966081,-1.04041],[8.979323,-1.053989],[8.974111,-1.072922],[8.973096,-1.079272],[8.990147,-1.090664],[9.026815,-1.089093],[9.043738,-1.096502],[9.06099,-1.062968],[9.061975,-1.0636],[9.06465,-1.05861],[9.063027,-1.05722],[9.032147,-1.048762],[9.031893,-1.050257]]],[[[9.032147,-1.048762],[9.032305,-1.04783],[9.023582,-1.044166],[9.028485,-1.047759],[9.032147,-1.048762]]],[[[9.078482,-1.033454],[9.078057,-1.033498],[9.052006,-1.047784],[9.063027,-1.05722],[9.065092,-1.057786],[9.06465,-1.05861],[9.080354,-1.072056],[9.094281,-1.073479],[9.108907,-1.05823],[9.136486,-1.051004],[9.080984,-1.031893],[9.07838,-1.033321],[9.078482,-1.033454]]],[[[8.952402,-0.990689],[9.0415,-1.047426],[9.057488,-1.035628],[9.078057,-1.033498],[9.07838,-1.033321],[9.054617,-1.002097],[9.043128,-0.971763],[9.027536,-0.962588],[9.010107,-0.93349],[9.008466,-0.924693],[8.9747,-0.93073],[8.974244,-0.934209],[8.9743,-0.934342],[8.972371,-0.958801],[8.970629,-0.961783],[8.969479,-0.970555],[8.952402,-0.990689]]],[[[8.903723,-1.017649],[8.925776,-0.996446],[8.959764,-0.980377],[8.970629,-0.961783],[8.974244,-0.934209],[8.955107,-0.888523],[8.939949,-0.818473],[8.918388,-0.80715],[8.906568,-0.785289],[8.917328,-0.775302],[8.904854,-0.762892],[8.866357,-0.759925],[8.852594,-0.845685],[8.834369,-0.812257],[8.80248,-0.791651],[8.801821,-0.764846],[8.792763,-0.754892],[8.795959,-0.738352],[8.795573,-0.736709],[8.796342,-0.736369],[8.797087,-0.732513],[8.775246,-0.693503],[8.778167,-0.679323],[8.750487,-0.674883],[8.75279,-0.656947],[8.724742,-0.655697],[8.712446,-0.643302],[8.716985,-0.622852],[8.702291,-0.631474],[8.699299,-0.659419],[8.715174,-0.705519],[8.763363,-0.779774],[8.799434,-0.874564],[8.854767,-0.954171],[8.86694,-0.996732],[8.882563,-1.018275],[8.903723,-1.017649]]],[[[8.795959,-0.738352],[8.796229,-0.739503],[8.796781,-0.736175],[8.796342,-0.736369],[8.795959,-0.738352]]],[[[9.275117,-1.099305],[9.280193,-1.097339],[9.280632,-1.096759],[9.275117,-1.099305]]],[[[9.249223,-1.089671],[9.26615,-1.099399],[9.297815,-1.09099],[9.324243,-1.099191],[9.329757,-1.100232],[9.35537,-1.086803],[9.36215,-1.087041],[9.365124,-1.085925],[9.366302,-1.087187],[9.384286,-1.087819],[9.420439,-1.068193],[9.422545,-1.035267],[9.441432,-1.025913],[9.442438,-1.025176],[9.442984,-1.025144],[9.474918,-1.009328],[9.448753,-0.997238],[9.388901,-1.003389],[9.3604,-1.034189],[9.316269,-1.069612],[9.316717,-1.070267],[9.314404,-1.071109],[9.295619,-1.086187],[9.282,-1.078756],[9.249223,-1.089671]]],[[[9.316269,-1.069612],[9.315369,-1.068297],[9.311399,-1.072203],[9.314404,-1.071109],[9.316269,-1.069612]]],[[[9.496876,-1.005927],[9.502769,-1.005255],[9.500298,-1.003031],[9.496876,-1.005927]]],[[[9.524059,-0.993147],[9.533568,-0.984924],[9.514318,-0.989007],[9.511133,-1.0043],[9.511165,-1.004296],[9.519155,-0.997387],[9.519919,-0.995636],[9.524059,-0.993147]]],[[[9.519155,-0.997387],[9.517521,-1.001135],[9.528143,-0.990691],[9.524059,-0.993147],[9.519155,-0.997387]]],[[[9.69647,-0.91716],[9.703357,-0.908219],[9.692884,-0.914745],[9.69647,-0.91716]]],[[[9.582053,-0.957829],[9.582928,-0.960095],[9.58718,-0.956012],[9.582061,-0.957823],[9.582053,-0.957829]]],[[[8.955944,-0.888523],[8.974488,-0.930014],[9.008267,-0.923575],[9.010756,-0.915699],[9.010116,-0.909885],[9.017145,-0.895478],[9.019782,-0.887135],[9.021835,-0.826086],[8.982103,-0.812265],[8.950813,-0.788378],[8.931221,-0.724083],[8.894468,-0.721895],[8.889245,-0.743111],[8.921533,-0.773938],[8.910348,-0.785435],[8.918022,-0.802282],[8.943515,-0.820575],[8.955944,-0.888523]]],[[[8.95981,-0.750466],[8.972038,-0.802177],[9.023359,-0.823474],[9.046965,-0.791478],[9.054704,-0.780203],[9.037638,-0.760709],[9.04245,-0.735644],[9.064037,-0.702026],[9.040851,-0.667974],[9.023324,-0.677605],[9.031425,-0.706123],[9.019428,-0.705263],[9.017946,-0.707165],[8.999111,-0.739064],[8.95981,-0.750466]]],[[[8.963642,-0.743545],[8.978653,-0.725326],[8.993667,-0.73832],[9.017946,-0.707165],[9.019083,-0.705239],[9.019428,-0.705263],[9.020603,-0.703755],[9.030363,-0.704143],[9.016358,-0.67901],[9.032581,-0.672501],[9.032812,-0.659647],[9.013301,-0.65091],[9.01219,-0.636264],[8.9902,-0.652128],[8.967712,-0.656879],[8.945064,-0.688733],[8.947603,-0.719794],[8.963642,-0.743545]]],[[[10.009342,0.17829],[10.00938,0.179006],[10.002523,0.174035],[10.004481,0.174547],[10.009342,0.17829]]],[[[9.516396,0.296952],[9.514909,0.292846],[9.517712,0.295858],[9.516708,0.297282],[9.516396,0.296952]]],[[[9.513638,0.294029],[9.513574,0.293961],[9.51362,0.293856],[9.513638,0.294029]]],[[[9.716374,1.587058],[9.716439,1.587499],[9.715523,1.586776],[9.716374,1.587058]]],[[[9.701295,1.583296],[9.697183,1.58035],[9.698125,1.579422],[9.702566,1.584053],[9.701295,1.583296]]],[[[9.911017,3.252976],[9.912331,3.253019],[9.910234,3.254326],[9.910775,3.25317],[9.911017,3.252976]]],[[[9.925527,3.250885],[9.92842,3.256622],[9.914598,3.252965],[9.923017,3.249144],[9.925527,3.250885]]],[[[10.00836,3.318358],[10.00624,3.315471],[10.015969,3.322574],[10.014232,3.322208],[10.00836,3.318358]]],[[[9.984576,3.30623],[9.981524,3.304096],[9.984945,3.305594],[9.985074,3.306361],[9.984576,3.30623]]],[[[9.932258,3.267275],[9.930537,3.266112],[9.93224,3.265775],[9.932295,3.267282],[9.932258,3.267275]]],[[[9.919227,3.264572],[9.933323,3.25936],[9.940316,3.265496],[9.924019,3.265566],[9.919227,3.264572]]],[[[9.950161,3.624308],[9.950208,3.624811],[9.947931,3.625125],[9.949651,3.624233],[9.950161,3.624308]]],[[[9.971543,3.631474],[9.969012,3.632162],[9.968317,3.630584],[9.97061,3.630958],[9.971543,3.631474]]],[[[9.672033,3.586976],[9.670034,3.585462],[9.672361,3.585861],[9.672505,3.58699],[9.672033,3.586976]]],[[[9.643214,3.655821],[9.642269,3.648112],[9.644516,3.645334],[9.643518,3.655196],[9.643214,3.655821]]],[[[9.699821,3.761522],[9.698466,3.764014],[9.697982,3.760486],[9.699084,3.760957],[9.699821,3.761522]]],[[[9.743761,4.148649],[9.72456,4.148712],[9.711776,4.128299],[9.702285,4.124041],[9.696745,4.117052],[9.695249,4.08995],[9.752558,4.137147],[9.743761,4.148649]]],[[[9.484305,4.117051],[9.48925,4.113583],[9.491025,4.117907],[9.488163,4.118003],[9.484305,4.117051]]],[[[9.479915,4.115967],[9.479014,4.104106],[9.490134,4.103009],[9.480529,4.116119],[9.479915,4.115967]]],[[[9.434068,4.038788],[9.438946,4.048068],[9.449801,4.073876],[9.435209,4.074403],[9.417222,4.061029],[9.417773,4.04525],[9.422333,4.03725],[9.434068,4.038788]]],[[[9.423113,4.01597],[9.450206,4.032267],[9.454268,4.077215],[9.438946,4.048068],[9.4351,4.038924],[9.434068,4.038788],[9.425163,4.021849],[9.423113,4.01597]]],[[[9.378961,3.969167],[9.38299,3.983846],[9.421109,4.010227],[9.423113,4.01597],[9.421592,4.015056],[9.425163,4.021849],[9.427422,4.028324],[9.422333,4.03725],[9.418071,4.036691],[9.417773,4.04525],[9.41621,4.047991],[9.394024,4.041649],[9.382624,4.033075],[9.37849,4.024692],[9.36384,4.031957],[9.338477,4.011167],[9.325843,4.008968],[9.323478,4.007382],[9.325502,3.992687],[9.348565,3.976615],[9.378961,3.969167]]],[[[8.949926,4.575526],[8.939125,4.573803],[8.943625,4.558381],[8.946721,4.565356],[8.949926,4.575526]]],[[[8.817664,4.6846],[8.817664,4.679087],[8.82098,4.682686],[8.81785,4.684914],[8.817664,4.6846]]],[[[8.716693,4.762985],[8.711395,4.735786],[8.72178,4.730625],[8.724157,4.752921],[8.717195,4.763036],[8.716693,4.762985]]],[[[8.615146,4.707468],[8.619832,4.709257],[8.636543,4.718802],[8.632858,4.739911],[8.630754,4.740426],[8.632278,4.743234],[8.630807,4.751661],[8.609083,4.746094],[8.604438,4.72735],[8.615146,4.707468]]],[[[8.651321,4.662827],[8.633545,4.679865],[8.630455,4.71331],[8.619832,4.709257],[8.615512,4.706789],[8.615146,4.707468],[8.613622,4.706887],[8.605667,4.721028],[8.573177,4.721126],[8.58471,4.704058],[8.558,4.682902],[8.571472,4.678535],[8.572863,4.646006],[8.595308,4.629257],[8.600406,4.630531],[8.622145,4.639167],[8.6221,4.635951],[8.627678,4.637344],[8.62371,4.619389],[8.624502,4.615296],[8.635542,4.590629],[8.639059,4.585825],[8.64964,4.575999],[8.648579,4.553241],[8.667486,4.539097],[8.676684,4.544029],[8.651321,4.662827]]],[[[8.662367,4.534834],[8.648911,4.545438],[8.647628,4.57412],[8.639059,4.585825],[8.63672,4.587997],[8.635542,4.590629],[8.627027,4.60226],[8.624502,4.615296],[8.623366,4.617834],[8.62371,4.619389],[8.621994,4.62825],[8.6221,4.635951],[8.600406,4.630531],[8.594174,4.628055],[8.595573,4.607493],[8.583188,4.588134],[8.576298,4.58516],[8.574744,4.58329],[8.567571,4.581392],[8.556097,4.576438],[8.565916,4.56236],[8.554838,4.553418],[8.554802,4.553384],[8.574562,4.539515],[8.577008,4.515782],[8.616528,4.510255],[8.634298,4.509929],[8.646095,4.522252],[8.646106,4.522306],[8.646261,4.522426],[8.647466,4.523685],[8.648523,4.524168],[8.662367,4.534834]]],[[[8.696494,4.482841],[8.725288,4.509992],[8.691538,4.543861],[8.648523,4.524168],[8.646261,4.522426],[8.646095,4.522252],[8.642892,4.506568],[8.616528,4.510255],[8.577315,4.510975],[8.561528,4.483643],[8.696494,4.482841]]],[[[8.563747,4.520155],[8.572228,4.53734],[8.552189,4.550959],[8.554802,4.553384],[8.554799,4.553386],[8.554838,4.553418],[8.56313,4.561111],[8.53766,4.590096],[8.523808,4.559236],[8.500563,4.55572],[8.50852,4.503929],[8.534178,4.494391],[8.563747,4.520155]]],[[[8.589841,4.618156],[8.54084,4.591372],[8.554456,4.577922],[8.567571,4.581392],[8.576298,4.58516],[8.593704,4.606109],[8.589841,4.618156]]],[[[8.575052,4.813827],[8.572646,4.805896],[8.584339,4.804737],[8.579353,4.812055],[8.575052,4.813827]]],[[[8.39008,4.859388],[8.392741,4.860114],[8.381025,4.868555],[8.385272,4.862044],[8.39008,4.859388]]],[[[8.229367,4.944159],[8.23465,4.958226],[8.208257,4.989283],[8.210752,4.993361],[8.211778,5.001263],[8.182592,5.020789],[8.184411,5.023613],[8.182872,5.035415],[8.173211,5.040905],[8.15419,5.053022],[8.150439,5.050083],[8.146728,5.045151],[8.148188,5.042792],[8.145286,5.043235],[8.142575,5.039634],[8.154073,5.025491],[8.155828,5.005615],[8.156042,5.004568],[8.189353,4.970541],[8.229367,4.944159]]],[[[8.18906,4.963558],[8.188461,4.968464],[8.158607,4.992029],[8.156042,5.004568],[8.155908,5.004705],[8.155828,5.005615],[8.151845,5.025085],[8.14167,5.03708],[8.122694,5.046686],[8.117278,5.047513],[8.115792,5.05018],[8.103305,5.056501],[8.105296,5.030838],[8.157118,4.939923],[8.170573,4.937974],[8.204671,4.909979],[8.210187,4.906625],[8.21054,4.90516],[8.219685,4.897652],[8.240296,4.857739],[8.266359,4.84105],[8.233607,4.907202],[8.229284,4.928719],[8.189988,4.955961],[8.189728,4.958095],[8.189167,4.958218],[8.186063,4.965732],[8.18906,4.963558]],[[8.155682,5.000352],[8.154879,5.001537],[8.155466,5.004157],[8.155682,5.000352]]],[[[8.18906,4.963558],[8.189728,4.958095],[8.199594,4.955914],[8.18906,4.963558]]],[[[8.214108,4.88267],[8.214558,4.881551],[8.216773,4.879264],[8.21054,4.90516],[8.204671,4.909979],[8.185103,4.921875],[8.175508,4.921875],[8.213407,4.88274],[8.214108,4.88267]]],[[[8.207989,4.883281],[8.211205,4.879706],[8.216897,4.875726],[8.214558,4.881551],[8.213407,4.88274],[8.207989,4.883281]]],[[[8.22676,4.833845],[8.23817,4.84295],[8.21897,4.871074],[8.211205,4.879706],[8.205775,4.883502],[8.207989,4.883281],[8.173268,4.921875],[8.185904,4.881869],[8.21515,4.864333],[8.22676,4.833845]]],[[[8.114231,5.097656],[8.104562,5.110804],[8.106138,5.067505],[8.115792,5.05018],[8.122694,5.046686],[8.145286,5.043235],[8.146728,5.045151],[8.114231,5.097656]]],[[[8.024873,5.241924],[8.010674,5.223598],[8.044598,5.230301],[8.031496,5.242807],[8.024873,5.241924]]],[[[8.080215,5.297124],[8.084295,5.319851],[8.051622,5.327009],[8.039389,5.312],[8.051835,5.312494],[8.058041,5.313707],[8.080215,5.297124]]],[[[7.97084,5.215325],[7.973001,5.213915],[7.970445,5.216862],[7.97084,5.215325]]],[[[8.065483,5.146627],[8.068522,5.14269],[8.067781,5.146967],[8.065447,5.146705],[8.065483,5.146627]]],[[[8.343563,4.603609],[8.329318,4.637804],[8.320159,4.614031],[8.314485,4.611674],[8.309506,4.599138],[8.312133,4.588685],[8.324791,4.587559],[8.343563,4.603609]]],[[[7.679797,4.495051],[7.732835,4.509074],[7.723861,4.517057],[7.709327,4.514819],[7.694842,4.511405],[7.692556,4.512236],[7.691904,4.512136],[7.678392,4.517388],[7.673424,4.519195],[7.656735,4.511028],[7.679797,4.495051]]],[[[7.456762,4.556871],[7.454877,4.554725],[7.459928,4.5549],[7.456762,4.556871]]],[[[7.452188,4.551662],[7.451283,4.55063],[7.451065,4.547822],[7.452188,4.551662]]],[[[7.380198,4.536104],[7.381536,4.535653],[7.391886,4.536295],[7.389155,4.563905],[7.382714,4.569049],[7.377127,4.569108],[7.351902,4.539071],[7.358638,4.516665],[7.357369,4.514486],[7.36023,4.505166],[7.378945,4.505295],[7.376041,4.535312],[7.380411,4.535583],[7.380198,4.536104]]],[[[7.380411,4.535583],[7.383791,4.527336],[7.388599,4.533272],[7.381536,4.535653],[7.380411,4.535583]]],[[[7.332389,4.560768],[7.339456,4.507983],[7.350376,4.502484],[7.357369,4.514486],[7.350378,4.537256],[7.351902,4.539071],[7.347237,4.55459],[7.341177,4.575395],[7.33884,4.571505],[7.339707,4.570313],[7.33702,4.568476],[7.332389,4.560768]]],[[[7.33884,4.571505],[7.333923,4.578275],[7.332898,4.565658],[7.33702,4.568476],[7.33884,4.571505]]],[[[7.328436,4.508825],[7.327935,4.536363],[7.290557,4.530854],[7.28542,4.521168],[7.29309,4.509143],[7.29836,4.505657],[7.328436,4.508825]]],[[[7.178509,4.622115],[7.202304,4.587244],[7.241841,4.559731],[7.231387,4.592477],[7.224722,4.60011],[7.224181,4.604232],[7.21517,4.612899],[7.221841,4.622038],[7.221371,4.625618],[7.226002,4.627739],[7.226781,4.628806],[7.206847,4.626043],[7.20619,4.616923],[7.19147,4.623911],[7.178509,4.622115]]],[[[6.99966,4.748284],[7.006997,4.77077],[6.975757,4.755331],[6.970638,4.758736],[6.964475,4.755621],[6.965074,4.762437],[6.949745,4.772634],[6.941494,4.78861],[6.941484,4.788609],[6.933197,4.771874],[6.966528,4.73225],[6.97053,4.707544],[7.007112,4.703124],[7.021525,4.712558],[6.99966,4.748284]]],[[[6.934487,4.788459],[6.927452,4.788309],[6.926337,4.785574],[6.934487,4.788459]]],[[[6.920376,4.788157],[6.919755,4.787663],[6.923001,4.784413],[6.923579,4.788225],[6.920376,4.788157]]],[[[6.945941,4.754496],[6.917044,4.751632],[6.905356,4.765611],[6.911864,4.790165],[6.910703,4.79073],[6.892325,4.791691],[6.869155,4.782272],[6.865844,4.777129],[6.864728,4.770902],[6.881652,4.734582],[6.866975,4.710246],[6.887715,4.701614],[6.919694,4.665928],[6.945324,4.673379],[6.955658,4.679299],[6.96184,4.687175],[6.961201,4.733434],[6.945941,4.754496]]],[[[6.955791,4.60667],[6.983471,4.61476],[6.962127,4.683006],[6.955658,4.679299],[6.952692,4.67552],[6.945324,4.673379],[6.92102,4.659454],[6.955791,4.60667]]],[[[6.867947,4.728244],[6.878068,4.737859],[6.861781,4.770817],[6.865844,4.777129],[6.866579,4.781225],[6.869155,4.782272],[6.874882,4.791167],[6.88333,4.801146],[6.852445,4.807126],[6.825159,4.821462],[6.824417,4.818877],[6.824905,4.803224],[6.818891,4.79962],[6.817575,4.795032],[6.813332,4.796288],[6.804139,4.790779],[6.801999,4.799646],[6.795303,4.801629],[6.78232,4.801865],[6.753542,4.791387],[6.763813,4.775886],[6.765739,4.741761],[6.784696,4.758711],[6.82955,4.754568],[6.867947,4.728244]]],[[[6.61544,4.547811],[6.63902,4.511175],[6.653521,4.50973],[6.675756,4.530964],[6.671665,4.536341],[6.647764,4.56184],[6.638283,4.596158],[6.621104,4.59124],[6.612244,4.566869],[6.611033,4.566127],[6.608984,4.557841],[6.61062,4.5553],[6.612568,4.554937],[6.611481,4.553962],[6.613626,4.550629],[6.619931,4.555962],[6.61544,4.547811]]],[[[6.613626,4.550629],[6.607555,4.545494],[6.614211,4.545581],[6.61544,4.547811],[6.613626,4.550629]]],[[[6.61062,4.5553],[6.600575,4.557169],[6.59811,4.541969],[6.611481,4.553962],[6.61062,4.5553]]],[[[6.598573,4.572403],[6.597958,4.566666],[6.600687,4.559789],[6.611033,4.566127],[6.616949,4.590051],[6.621104,4.59124],[6.622073,4.593907],[6.612582,4.612512],[6.621986,4.625996],[6.601526,4.641074],[6.587395,4.64205],[6.591707,4.582413],[6.593232,4.578573],[6.598573,4.572403]]],[[[6.591766,4.372619],[6.592327,4.469749],[6.578447,4.487502],[6.578151,4.478788],[6.579464,4.472608],[6.577918,4.471905],[6.577854,4.470018],[6.556949,4.461496],[6.545406,4.476827],[6.542704,4.474329],[6.537893,4.468162],[6.536524,4.468617],[6.534109,4.466385],[6.529981,4.443069],[6.552666,4.421193],[6.551626,4.393485],[6.554528,4.392202],[6.561676,4.392131],[6.56198,4.388907],[6.569544,4.385563],[6.56696,4.360898],[6.591766,4.372619]]],[[[6.336167,4.425699],[6.343654,4.453478],[6.334507,4.471151],[6.323872,4.467983],[6.323603,4.467761],[6.323042,4.467736],[6.301928,4.461448],[6.301388,4.435181],[6.336167,4.425699]]],[[[6.188717,4.495454],[6.191003,4.443451],[6.201222,4.430045],[6.222648,4.444386],[6.215529,4.450678],[6.205038,4.45788],[6.204759,4.514112],[6.194374,4.539338],[6.195815,4.553275],[6.197451,4.580166],[6.185641,4.595814],[6.190131,4.570313],[6.180681,4.557759],[6.175045,4.519112],[6.188717,4.495454]]],[[[6.23936,4.67762],[6.255834,4.709291],[6.256439,4.732841],[6.247814,4.742992],[6.239235,4.749559],[6.23945,4.752834],[6.231307,4.762416],[6.240943,4.801831],[6.255648,4.803041],[6.26719,4.833182],[6.260417,4.869185],[6.271993,4.898991],[6.249409,4.921875],[6.249545,4.926708],[6.249265,4.927037],[6.249588,4.928224],[6.25015,4.948134],[6.240844,4.944984],[6.228898,4.911023],[6.218262,4.909906],[6.20963,4.937361],[6.197614,4.924811],[6.21327,4.889424],[6.206056,4.864257],[6.184113,4.856306],[6.16846,4.875785],[6.16083,4.877069],[6.152271,4.868825],[6.148504,4.856454],[6.132007,4.841277],[6.113656,4.840128],[6.107734,4.82117],[6.086687,4.806693],[6.094876,4.788513],[6.095047,4.788353],[6.095012,4.788211],[6.099942,4.777264],[6.091424,4.773482],[6.090942,4.771503],[6.08833,4.772108],[6.071675,4.764712],[6.071673,4.760693],[6.096082,4.746094],[6.093901,4.721021],[6.095968,4.709802],[6.092519,4.702827],[6.101049,4.669343],[6.072135,4.617995],[6.068896,4.611397],[6.080827,4.607949],[6.069293,4.585253],[6.076674,4.561424],[6.084339,4.569391],[6.031275,4.487011],[6.039952,4.468509],[6.060002,4.46314],[6.059743,4.460683],[6.059892,4.46064],[6.059706,4.460341],[6.054211,4.408396],[6.062893,4.397391],[6.068157,4.392331],[6.121365,4.420799],[6.139255,4.451045],[6.138976,4.41503],[6.152077,4.391992],[6.147004,4.383068],[6.146185,4.379236],[6.145954,4.38122],[6.137408,4.366184],[6.125404,4.366307],[6.123274,4.365392],[6.118935,4.366373],[6.100025,4.366567],[6.100278,4.342745],[6.102924,4.339846],[6.129127,4.329317],[6.14178,4.328548],[6.152272,4.332315],[6.17011,4.319814],[6.186674,4.336655],[6.197685,4.310493],[6.200329,4.312717],[6.213806,4.333582],[6.238037,4.388253],[6.233302,4.410139],[6.19643,4.42936],[6.187936,4.443717],[6.188702,4.467193],[6.179868,4.476498],[6.185635,4.495627],[6.173422,4.51788],[6.184652,4.596642],[6.19766,4.605609],[6.200768,4.653878],[6.211409,4.683154],[6.23936,4.67762]],[[6.084471,4.569318],[6.084339,4.569391],[6.0845,4.569379],[6.084471,4.569318]],[[6.083895,4.56811],[6.084471,4.569318],[6.085324,4.568847],[6.083895,4.56811]]],[[[6.214625,4.279604],[6.221565,4.291155],[6.207222,4.318515],[6.200329,4.312717],[6.198161,4.309361],[6.197685,4.310493],[6.192886,4.306456],[6.185966,4.326317],[6.1719,4.318609],[6.151883,4.327934],[6.14178,4.328548],[6.136107,4.326512],[6.129127,4.329317],[6.111562,4.330384],[6.102924,4.339846],[6.100297,4.340902],[6.100278,4.342745],[6.090386,4.35358],[6.080412,4.332492],[6.086453,4.270627],[6.214625,4.279604]]],[[[6.076762,4.37949],[6.087993,4.35948],[6.101477,4.37032],[6.118935,4.366373],[6.125404,4.366307],[6.138118,4.371766],[6.141427,4.394531],[6.130875,4.421298],[6.081298,4.393787],[6.076762,4.37949]]],[[[6.147004,4.383068],[6.148482,4.389978],[6.144975,4.389641],[6.145954,4.38122],[6.147004,4.383068]]],[[[6.047056,4.375591],[6.069922,4.352781],[6.070335,4.387958],[6.062893,4.397391],[6.053956,4.405982],[6.054211,4.408396],[6.047174,4.417317],[6.044995,4.41487],[6.038416,4.391918],[6.039055,4.38435],[6.047437,4.377454],[6.047056,4.375591]]],[[[6.066594,4.287472],[6.069499,4.323481],[6.043155,4.356489],[6.047056,4.375591],[6.039126,4.383501],[6.039055,4.38435],[6.036782,4.386219],[6.038416,4.391918],[6.037216,4.406132],[6.044995,4.41487],[6.055548,4.451682],[6.036574,4.468015],[6.028698,4.486957],[6.073076,4.555603],[6.066744,4.584107],[6.079514,4.605978],[6.066921,4.607376],[6.068896,4.611397],[6.068486,4.611516],[6.072135,4.617995],[6.097395,4.669442],[6.089029,4.695768],[6.092519,4.702827],[6.092369,4.703417],[6.093901,4.721021],[6.091295,4.735165],[6.078019,4.736249],[6.057105,4.744282],[6.054355,4.743296],[6.032894,4.687536],[6.039464,4.650099],[6.025576,4.610901],[6.042518,4.586719],[6.042258,4.578174],[6.04371,4.577457],[6.042138,4.574222],[6.041855,4.564881],[6.03495,4.559429],[6.033663,4.55678],[6.028659,4.55446],[6.015593,4.544142],[6.011637,4.525159],[5.987911,4.50599],[5.99047,4.497633],[6.0008,4.477817],[5.974325,4.388811],[5.988037,4.360648],[5.978441,4.310836],[6.066594,4.287472]]],[[[5.970914,4.376739],[5.970033,4.40255],[5.997806,4.473673],[5.99047,4.497633],[5.986646,4.504968],[5.987911,4.50599],[5.985848,4.512727],[6.008862,4.525709],[6.015645,4.548428],[6.028659,4.55446],[6.03495,4.559429],[6.042138,4.574222],[6.042258,4.578174],[6.032098,4.583187],[6.023384,4.609553],[6.037552,4.649416],[6.032514,4.679503],[6.007338,4.682292],[6.005428,4.66682],[5.972023,4.644187],[5.961384,4.62278],[5.968535,4.610285],[5.970673,4.607308],[5.952716,4.583847],[5.963302,4.565241],[5.939696,4.542313],[5.939585,4.526113],[5.916949,4.479748],[5.918051,4.477468],[5.938015,4.460818],[5.951901,4.453206],[5.958059,4.43871],[5.95361,4.394531],[5.970914,4.376739]]],[[[5.947314,4.396104],[5.956351,4.434167],[5.952271,4.448928],[5.938015,4.460818],[5.92181,4.469702],[5.918051,4.477468],[5.916007,4.479173],[5.939023,4.526372],[5.939098,4.542652],[5.960196,4.562538],[5.951465,4.585612],[5.970091,4.607564],[5.968535,4.610285],[5.960637,4.621277],[5.961384,4.62278],[5.960143,4.624949],[5.971681,4.644884],[6.00192,4.665278],[6.006498,4.68225],[6.029646,4.68453],[6.033872,4.709123],[6.050679,4.742948],[6.029663,4.748051],[6.029146,4.749607],[6.026415,4.750419],[6.022967,4.763004],[5.991707,4.783623],[5.993755,4.799078],[6.015386,4.803429],[6.01914,4.8044],[6.023583,4.812799],[6.023795,4.814382],[5.993105,4.820944],[5.9917,4.825439],[5.991547,4.825469],[5.991585,4.825806],[5.988709,4.835004],[5.993113,4.839354],[5.993294,4.840965],[5.997339,4.843528],[6.004113,4.850218],[6.008891,4.850848],[6.012791,4.85332],[6.021665,4.852533],[6.032232,4.853927],[6.027013,4.869566],[6.02508,4.874134],[6.025536,4.873994],[6.024843,4.876071],[6.051749,4.866915],[6.066335,4.870717],[6.073261,4.873781],[6.085379,4.897503],[6.081153,4.910644],[6.073599,4.92767],[6.07563,4.927814],[6.075232,4.929052],[6.119183,4.936139],[6.128029,4.949171],[6.116581,4.964901],[6.109419,4.965248],[6.088806,4.963199],[6.078559,4.969726],[6.080024,4.993034],[6.063433,5.00003],[6.053962,5.003157],[6.054382,5.003846],[6.051592,5.005022],[6.062631,5.017361],[6.06665,5.023947],[6.068183,5.023567],[6.069773,5.025345],[6.112244,5.016183],[6.112316,5.016684],[6.0917,5.031193],[6.095411,5.056868],[6.119942,5.061226],[6.128328,5.081613],[6.123847,5.105292],[6.122806,5.108979],[6.123089,5.109299],[6.12187,5.11574],[6.129454,5.116504],[6.132442,5.119887],[6.158783,5.120207],[6.162328,5.144678],[6.181067,5.147671],[6.163949,5.156763],[6.143767,5.129648],[6.124394,5.128657],[6.100699,5.143849],[6.078698,5.147272],[6.067051,5.130342],[6.067267,5.109866],[6.054816,5.094643],[6.03609,5.092076],[6.005765,5.100864],[5.943921,5.161336],[5.929142,5.157998],[5.915155,5.106974],[5.895543,5.101512],[5.882,5.094842],[5.868484,5.069233],[5.865237,5.069116],[5.849453,5.065816],[5.847247,5.068467],[5.838783,5.068161],[5.812298,5.083619],[5.804638,5.083969],[5.790959,5.084081],[5.776265,5.054159],[5.760873,5.059709],[5.750171,5.053023],[5.737414,5.053984],[5.709268,5.022232],[5.67304,5.025477],[5.663878,5.016698],[5.663351,5.01264],[5.629039,5.017607],[5.613934,5.035407],[5.583961,5.044393],[5.578065,5.055816],[5.527682,5.06206],[5.502167,5.090549],[5.476484,5.088757],[5.450117,5.109242],[5.431884,5.137831],[5.377758,5.126789],[5.431926,5.006753],[5.44389,4.940395],[5.500922,4.846312],[5.52901,4.8215],[5.557912,4.835274],[5.57545,4.81217],[5.628742,4.843019],[5.611032,4.816674],[5.611536,4.802569],[5.611756,4.801327],[5.619272,4.803571],[5.628477,4.809485],[5.633385,4.807785],[5.639135,4.809502],[5.669387,4.797184],[5.667942,4.795067],[5.66588,4.78316],[5.677329,4.77928],[5.687724,4.779684],[5.696384,4.811085],[5.756261,4.795287],[5.77209,4.81275],[5.783387,4.80865],[5.773856,4.794989],[5.774758,4.784897],[5.765276,4.778418],[5.766088,4.769705],[5.667406,4.671904],[5.660741,4.67521],[5.659084,4.673685],[5.642093,4.684459],[5.633237,4.688852],[5.582139,4.688646],[5.542135,4.739767],[5.546206,4.724539],[5.667075,4.556473],[5.686446,4.546473],[5.701594,4.551968],[5.698465,4.568191],[5.707013,4.55399],[5.68573,4.534733],[5.730883,4.512306],[5.762583,4.530205],[5.753302,4.515361],[5.726009,4.505925],[5.735237,4.494807],[5.735877,4.49426],[5.735455,4.494544],[5.74526,4.482733],[5.796387,4.458172],[5.821043,4.472792],[5.836079,4.508223],[5.836581,4.491823],[5.818706,4.464954],[5.791273,4.4484],[5.833346,4.413591],[5.840351,4.435326],[5.855552,4.445004],[5.871733,4.435475],[5.845136,4.425235],[5.847275,4.401394],[5.885266,4.373374],[5.965958,4.335323],[5.969495,4.366352],[5.95028,4.392125],[5.951064,4.38971],[5.949734,4.390033],[5.950112,4.392352],[5.947314,4.396104]],[[5.855605,4.445253],[5.855552,4.445004],[5.855485,4.445287],[5.855605,4.445253]],[[5.855135,4.446775],[5.855485,4.445287],[5.851027,4.447509],[5.855135,4.446775]],[[5.698056,4.570313],[5.698465,4.568191],[5.695924,4.572412],[5.698056,4.570313]],[[5.68736,4.586641],[5.695924,4.572412],[5.68343,4.584717],[5.68736,4.586641]],[[5.687697,4.586805],[5.68736,4.586641],[5.687279,4.586774],[5.687697,4.586805]],[[5.705048,4.588094],[5.687697,4.586805],[5.704154,4.594861],[5.705048,4.588094]],[[5.705143,4.595345],[5.704154,4.594861],[5.703535,4.599548],[5.705143,4.595345]],[[5.702891,4.604423],[5.703535,4.599548],[5.699935,4.608956],[5.719813,4.626721],[5.711395,4.643266],[5.724768,4.6304],[5.702891,4.604423]],[[5.711015,4.644013],[5.711395,4.643266],[5.710743,4.643893],[5.711015,4.644013]],[[5.735175,4.654648],[5.711015,4.644013],[5.707792,4.650348],[5.733376,4.655806],[5.748717,4.665928],[5.735175,4.654648]],[[5.754491,4.669738],[5.748717,4.665928],[5.754631,4.670855],[5.754491,4.669738]],[[5.770087,4.68373],[5.754631,4.670855],[5.75585,4.680555],[5.770087,4.68373]],[[5.773294,4.684445],[5.770087,4.68373],[5.771573,4.684967],[5.773294,4.684445]],[[5.798512,4.676787],[5.773294,4.684445],[5.793103,4.688862],[5.798512,4.676787]],[[5.707572,4.576525],[5.707731,4.576657],[5.707499,4.576417],[5.707572,4.576525]],[[5.711791,4.580038],[5.707731,4.576657],[5.713802,4.585785],[5.711791,4.580038]]],[[[5.950112,4.392352],[5.95028,4.392125],[5.950143,4.392547],[5.950112,4.392352]]],[[[5.735237,4.494807],[5.698505,4.526258],[5.704822,4.51525],[5.735455,4.494544],[5.735237,4.494807]]],[[[5.57021,4.714973],[5.586535,4.689204],[5.629266,4.692593],[5.642093,4.684459],[5.660741,4.67521],[5.713269,4.723544],[5.741533,4.745669],[5.755255,4.77157],[5.765276,4.778418],[5.764925,4.782188],[5.773856,4.794989],[5.772354,4.811793],[5.760923,4.794952],[5.737111,4.794393],[5.697004,4.809941],[5.692762,4.779879],[5.687724,4.779684],[5.686733,4.776092],[5.677329,4.77928],[5.665126,4.778805],[5.66588,4.78316],[5.660951,4.784831],[5.667942,4.795067],[5.668064,4.795776],[5.633385,4.807785],[5.619272,4.803571],[5.612167,4.799006],[5.611756,4.801327],[5.611583,4.801275],[5.611536,4.802569],[5.609051,4.816601],[5.577616,4.807786],[5.552114,4.824723],[5.519323,4.820099],[5.489194,4.847692],[5.452198,4.911579],[5.526975,4.776927],[5.529735,4.754281],[5.563062,4.734343],[5.564647,4.723824],[5.593212,4.731296],[5.57021,4.714973]]],[[[5.613989,5.037071],[5.628745,5.020198],[5.661118,5.014053],[5.663878,5.016698],[5.66511,5.026187],[5.67304,5.025477],[5.677534,5.029783],[5.698102,5.023467],[5.714388,5.028615],[5.731035,5.054465],[5.737414,5.053984],[5.737708,5.054316],[5.759322,5.060268],[5.760873,5.059709],[5.766896,5.063471],[5.77633,5.056422],[5.789168,5.084674],[5.804638,5.083969],[5.8118,5.08391],[5.812298,5.083619],[5.835517,5.08256],[5.847247,5.068467],[5.865237,5.069116],[5.866436,5.069367],[5.876768,5.092266],[5.882,5.094842],[5.883793,5.09824],[5.895543,5.101512],[5.914624,5.110909],[5.92685,5.161669],[5.892692,5.191698],[5.885603,5.192177],[5.849588,5.175431],[5.831485,5.175764],[5.825115,5.189976],[5.794433,5.19807],[5.795459,5.185826],[5.747268,5.166882],[5.71207,5.176588],[5.692687,5.14997],[5.680496,5.158892],[5.668405,5.166201],[5.653964,5.157675],[5.640752,5.165192],[5.627627,5.151536],[5.619547,5.159179],[5.613457,5.156998],[5.582074,5.134838],[5.574358,5.146194],[5.567652,5.152623],[5.553088,5.15815],[5.536856,5.14792],[5.528977,5.14631],[5.51502,5.136748],[5.483184,5.13625],[5.46715,5.144918],[5.448617,5.134961],[5.471035,5.116257],[5.465606,5.097656],[5.501044,5.092883],[5.531028,5.063474],[5.578618,5.057448],[5.585671,5.044951],[5.613989,5.037071]]],[[[5.478912,5.148965],[5.491686,5.141767],[5.49869,5.140124],[5.528977,5.14631],[5.548693,5.159818],[5.553088,5.15815],[5.558397,5.161497],[5.567652,5.152623],[5.570801,5.151428],[5.574358,5.146194],[5.583519,5.137411],[5.601905,5.15286],[5.613457,5.156998],[5.618264,5.160392],[5.619547,5.159179],[5.642258,5.167313],[5.664998,5.16826],[5.668405,5.166201],[5.66957,5.166889],[5.680496,5.158892],[5.691082,5.152493],[5.710897,5.179099],[5.736175,5.169964],[5.794338,5.186663],[5.792899,5.209151],[5.821169,5.206223],[5.845235,5.228644],[5.844447,5.230811],[5.836792,5.242679],[5.840833,5.248784],[5.844984,5.27058],[5.845096,5.286163],[5.823827,5.305609],[5.812944,5.305853],[5.798829,5.302764],[5.796597,5.322768],[5.816315,5.34],[5.800792,5.357002],[5.77725,5.339565],[5.77244,5.341587],[5.760293,5.344029],[5.74506,5.330621],[5.74424,5.329013],[5.743288,5.329061],[5.737503,5.323969],[5.721954,5.331893],[5.722398,5.36087],[5.714768,5.370977],[5.671936,5.339387],[5.667177,5.341202],[5.666853,5.340988],[5.666093,5.341615],[5.64885,5.348192],[5.638978,5.362295],[5.615905,5.333806],[5.605039,5.333083],[5.577269,5.37215],[5.554754,5.387976],[5.543534,5.367434],[5.464235,5.347194],[5.457646,5.338195],[5.472768,5.327287],[5.46792,5.321107],[5.470628,5.318252],[5.459292,5.307778],[5.470205,5.301076],[5.47601,5.313432],[5.478998,5.31023],[5.481493,5.312948],[5.500339,5.28835],[5.487507,5.276626],[5.49359,5.261286],[5.492021,5.260058],[5.492151,5.259606],[5.489025,5.257712],[5.457276,5.232858],[5.461432,5.222503],[5.451953,5.183623],[5.469681,5.170329],[5.465936,5.147811],[5.482947,5.143819],[5.478912,5.148965]]],[[[5.482947,5.143819],[5.487833,5.137585],[5.493992,5.140468],[5.491686,5.141767],[5.482947,5.143819]]],[[[5.461655,5.163923],[5.446606,5.17796],[5.45667,5.238109],[5.489025,5.257712],[5.492021,5.260058],[5.486928,5.277742],[5.499416,5.288348],[5.478998,5.31023],[5.470453,5.300924],[5.470205,5.301076],[5.469103,5.298731],[5.45629,5.305005],[5.459292,5.307778],[5.458058,5.308536],[5.46792,5.321107],[5.455839,5.33384],[5.450281,5.353393],[5.412747,5.363752],[5.374402,5.354571],[5.322262,5.356401],[5.357944,5.192156],[5.352058,5.176501],[5.371197,5.148039],[5.38677,5.139032],[5.422921,5.154289],[5.451976,5.151815],[5.461655,5.163923]],[[5.389784,5.30405],[5.39183,5.302268],[5.388991,5.300679],[5.389784,5.30405]]],[[[5.603764,5.337796],[5.610844,5.33541],[5.638535,5.364367],[5.666093,5.341615],[5.667177,5.341202],[5.71231,5.371007],[5.717582,5.385489],[5.711981,5.38975],[5.703259,5.394642],[5.702068,5.397289],[5.697576,5.400705],[5.689208,5.419982],[5.65705,5.427426],[5.612991,5.379894],[5.601334,5.379022],[5.600209,5.378348],[5.596913,5.378692],[5.579412,5.377384],[5.603764,5.337796]],[[5.636793,5.404201],[5.640854,5.408823],[5.637503,5.401772],[5.636793,5.404201]]],[[[5.601334,5.379022],[5.617018,5.388419],[5.590312,5.37938],[5.596913,5.378692],[5.601334,5.379022]]],[[[5.611693,5.386748],[5.648722,5.418607],[5.665056,5.450289],[5.699844,5.463378],[5.705794,5.467682],[5.711486,5.491398],[5.711687,5.493155],[5.711986,5.493482],[5.71278,5.496791],[5.724486,5.507684],[5.720045,5.512392],[5.716234,5.513058],[5.708679,5.524438],[5.703961,5.529438],[5.679086,5.535327],[5.678921,5.534922],[5.673606,5.536625],[5.660965,5.539618],[5.658786,5.527597],[5.63783,5.529312],[5.620646,5.54194],[5.605707,5.514513],[5.579716,5.502304],[5.517665,5.5],[5.508746,5.449219],[5.530681,5.400621],[5.58987,5.381503],[5.611693,5.386748]],[[5.65215,5.459615],[5.651306,5.458818],[5.651275,5.461432],[5.65215,5.459615]]],[[[5.679086,5.535327],[5.680043,5.537676],[5.67326,5.536736],[5.673606,5.536625],[5.679086,5.535327]]],[[[5.399778,5.476237],[5.416336,5.440364],[5.428602,5.465609],[5.442002,5.472406],[5.443016,5.475818],[5.455567,5.480054],[5.470055,5.50573],[5.470282,5.527944],[5.498201,5.564855],[5.502314,5.582286],[5.503597,5.583528],[5.502746,5.592986],[5.488036,5.604092],[5.491791,5.584726],[5.475205,5.588721],[5.485645,5.600315],[5.480047,5.623415],[5.463012,5.633813],[5.406785,5.638921],[5.400786,5.601965],[5.377059,5.573163],[5.357402,5.558973],[5.357071,5.558533],[5.361785,5.545675],[5.382127,5.532675],[5.398435,5.535308],[5.41835,5.497907],[5.415431,5.494501],[5.41594,5.492863],[5.413547,5.492303],[5.399778,5.476237]]],[[[5.410092,5.511696],[5.394189,5.503448],[5.394995,5.487962],[5.413547,5.492303],[5.415431,5.494501],[5.410092,5.511696]]],[[[5.355463,5.510249],[5.361154,5.540946],[5.35367,5.554007],[5.357071,5.558533],[5.357013,5.558692],[5.357402,5.558973],[5.371204,5.57734],[5.273438,5.599609],[5.206892,5.599039],[5.158183,5.537763],[5.220643,5.459304],[5.260994,5.431304],[5.350333,5.392857],[5.432362,5.388216],[5.431318,5.400909],[5.413585,5.421157],[5.399512,5.46959],[5.3755,5.47298],[5.355463,5.510249]]],[[[5.431306,5.664429],[5.456928,5.686942],[5.473775,5.683614],[5.472573,5.679324],[5.474451,5.678629],[5.470988,5.673664],[5.46874,5.665638],[5.510049,5.658117],[5.520296,5.698915],[5.51686,5.70895],[5.488086,5.702775],[5.485928,5.706234],[5.485768,5.706224],[5.48538,5.707114],[5.464428,5.740709],[5.454672,5.744363],[5.408708,5.701482],[5.355719,5.693115],[5.330088,5.710999],[5.309661,5.633031],[5.326051,5.607429],[5.354843,5.598296],[5.38101,5.602676],[5.407028,5.650317],[5.432179,5.65262],[5.431306,5.664429]]],[[[5.338896,5.742512],[5.331268,5.760198],[5.334126,5.793154],[5.342994,5.799242],[5.34805,5.805876],[5.329936,5.808902],[5.330017,5.809717],[5.329929,5.80971],[5.330195,5.811517],[5.333293,5.842842],[5.315838,5.853443],[5.307461,5.857254],[5.31168,5.878556],[5.30912,5.880473],[5.298015,5.87947],[5.295822,5.89043],[5.29169,5.893524],[5.294202,5.898527],[5.29294,5.904834],[5.263919,5.890529],[5.245928,5.860881],[5.231267,5.869016],[5.197021,5.853289],[5.145431,5.812145],[5.159275,5.772138],[5.142555,5.796747],[5.123541,5.807448],[5.102765,5.806441],[5.09101,5.794132],[5.078166,5.743417],[5.080868,5.722494],[5.125834,5.644558],[5.179784,5.594094],[5.229574,5.622701],[5.288526,5.618379],[5.32131,5.705145],[5.299595,5.698404],[5.338896,5.742512]],[[5.299517,5.698481],[5.299595,5.698404],[5.299516,5.698396],[5.299517,5.698481]],[[5.299602,5.706704],[5.299517,5.698481],[5.298231,5.699736],[5.299602,5.706704]]],[[[5.561842,5.946728],[5.561659,5.947047],[5.559612,5.946816],[5.560019,5.946692],[5.561842,5.946728]]],[[[5.557866,5.956809],[5.548973,5.9493],[5.547603,5.947758],[5.576378,5.949271],[5.572148,5.951442],[5.557866,5.956809]]],[[[4.937816,5.935769],[4.936679,5.935945],[4.94175,5.930935],[4.939072,5.934375],[4.937816,5.935769]]],[[[3.445174,6.468653],[3.383487,6.452492],[3.401246,6.440618],[3.437032,6.441464],[3.453257,6.445249],[3.461563,6.463582],[3.445174,6.468653]]],[[[4.110865,6.4643],[4.080353,6.458541],[4.113,6.430609],[4.142676,6.433705],[4.142787,6.433733],[4.142808,6.433719],[4.152835,6.434765],[4.152735,6.452653],[4.110865,6.4643]]],[[[4.086259,6.562181],[4.076747,6.557804],[4.0866,6.546597],[4.088454,6.562132],[4.086259,6.562181]]],[[[3.351796,6.427665],[3.317887,6.428646],[3.309618,6.435231],[3.294026,6.432544],[3.291644,6.431217],[3.281848,6.430445],[3.244787,6.424058],[3.254581,6.411609],[3.3274,6.414702],[3.351796,6.427665]]],[[[3.366006,6.403244],[3.337576,6.413722],[3.154699,6.406027],[3.123958,6.411179],[3.10923,6.410901],[3.09211,6.404642],[3.004397,6.403177],[2.958931,6.407616],[2.942598,6.400978],[2.881703,6.406571],[2.827886,6.438347],[2.811074,6.452232],[2.807348,6.453711],[2.778886,6.443026],[2.746434,6.442225],[2.719835,6.455006],[2.667222,6.439204],[2.627957,6.459699],[2.592391,6.44732],[2.581488,6.453449],[2.567791,6.447304],[2.56782,6.446754],[2.563671,6.445456],[2.544763,6.436973],[2.547384,6.410849],[2.534983,6.402653],[2.503457,6.410772],[2.489553,6.383419],[2.443929,6.396617],[2.437668,6.389648],[2.444956,6.353359],[2.469597,6.359968],[2.617594,6.362793],[2.897859,6.394719],[3.198408,6.404085],[3.397026,6.393464],[3.39857,6.426626],[3.370223,6.422019],[3.366006,6.403244]],[[3.129526,6.404073],[3.129466,6.404076],[3.129527,6.404088],[3.129526,6.404073]],[[3.121276,6.409533],[3.129466,6.404076],[3.114167,6.408372],[3.121276,6.409533]],[[2.977106,6.403779],[2.973645,6.405237],[2.975809,6.405087],[2.977106,6.403779]]],[[[1.929311,6.308309],[1.929463,6.300283],[1.946066,6.306934],[1.931451,6.309194],[1.929311,6.308309]]],[[[0.86721,5.95998],[0.868353,5.955369],[0.874071,5.955793],[0.867393,5.960107],[0.86721,5.95998]]],[[[0.625845,5.795151],[0.627395,5.796672],[0.624998,5.798884],[0.62556,5.795329],[0.625845,5.795151]]],[[[0.629319,5.792985],[0.629947,5.792776],[0.628703,5.794278],[0.628326,5.793605],[0.629319,5.792985]]],[[[0.640655,5.811818],[0.630732,5.834079],[0.622464,5.81967],[0.6324,5.791065],[0.633756,5.79022],[0.653954,5.781981],[0.645224,5.801567],[0.644882,5.800009],[0.63927,5.812039],[0.640655,5.811818]]],[[[0.640655,5.811818],[0.645224,5.801567],[0.647241,5.810766],[0.640655,5.811818]]],[[[0.425347,5.842683],[0.427744,5.842219],[0.424594,5.844866],[0.4235,5.844007],[0.425347,5.842683]]],[[[-3.803092,5.209142],[-3.803834,5.209307],[-3.804104,5.209293],[-3.803092,5.209142]]],[[[-3.969217,5.253839],[-3.862217,5.230001],[-3.821364,5.213199],[-3.803834,5.209307],[-3.779555,5.210586],[-3.738144,5.19948],[-3.729071,5.198131],[-3.726891,5.204691],[-3.728761,5.209143],[-3.723806,5.21397],[-3.718838,5.228915],[-3.766481,5.247797],[-3.767783,5.2507],[-3.777292,5.267605],[-3.791531,5.267928],[-3.799688,5.280863],[-3.851924,5.289647],[-3.87158,5.302538],[-3.894516,5.301446],[-3.911618,5.288907],[-3.93465,5.293682],[-3.936512,5.283733],[-3.960521,5.270179],[-3.939848,5.30353],[-3.944165,5.315778],[-3.999099,5.316047],[-4.026837,5.303743],[-4.010458,5.293133],[-4.020344,5.266788],[-4.002809,5.249485],[-3.969217,5.253839]],[[-3.726527,5.216609],[-3.725261,5.217796],[-3.723894,5.215916],[-3.726527,5.216609]]],[[[-3.733574,5.237118],[-3.736523,5.271742],[-3.778944,5.270541],[-3.777292,5.267605],[-3.775344,5.267561],[-3.767783,5.2507],[-3.766761,5.248884],[-3.733574,5.237118]]],[[[-4.692593,5.205699],[-4.745419,5.209381],[-4.740536,5.187116],[-4.730983,5.186434],[-4.728797,5.18888],[-4.703178,5.184448],[-4.699032,5.184152],[-4.692593,5.205699]]],[[[-4.040504,5.269554],[-4.029426,5.287234],[-4.051919,5.293166],[-4.13224,5.285132],[-4.12887,5.266515],[-4.07068,5.27556],[-4.057289,5.282401],[-4.040504,5.269554]]],[[[-6.117404,4.992051],[-6.099965,4.97225],[-6.079763,4.967039],[-6.072659,4.975213],[-6.073149,4.977556],[-6.086432,4.990422],[-6.094758,4.991518],[-6.103057,4.991713],[-6.104785,4.991145],[-6.104279,4.991742],[-6.117404,4.992051]]],[[[-6.103057,4.991713],[-6.101109,4.992354],[-6.103493,4.992668],[-6.104279,4.991742],[-6.103057,4.991713]]],[[[-12.430816,7.423741],[-12.374011,7.39446],[-12.378565,7.402137],[-12.383084,7.405503],[-12.386072,7.406006],[-12.415066,7.427305],[-12.430816,7.423741]]],[[[-13.072038,8.578924],[-13.073412,8.577169],[-13.066033,8.5702],[-13.070298,8.57839],[-13.072038,8.578924]]],[[[-12.961859,8.836922],[-12.953175,8.838055],[-12.96228,8.840971],[-12.962727,8.837166],[-12.961859,8.836922]]],[[[-12.873289,8.871602],[-12.870029,8.877747],[-12.876686,8.872375],[-12.87371,8.871194],[-12.873289,8.871602]]],[[[-12.99523,8.854989],[-12.995492,8.855125],[-12.99563,8.855141],[-12.99523,8.854989]]],[[[-13.063003,8.928276],[-13.065586,8.927127],[-13.05614,8.923952],[-13.060565,8.927907],[-13.063003,8.928276]]],[[[-13.183972,8.976815],[-13.194001,8.978361],[-13.188535,8.964844],[-13.183478,8.976218],[-13.183972,8.976815]]],[[[-13.704883,9.521944],[-13.704932,9.522266],[-13.707477,9.526321],[-13.704893,9.521937],[-13.704883,9.521944]]],[[[-13.657172,9.859871],[-13.662696,9.874251],[-13.655761,9.902006],[-13.657045,9.90385],[-13.665581,9.904135],[-13.664592,9.915609],[-13.677724,9.939965],[-13.679126,9.905844],[-13.738653,9.822041],[-13.658903,9.830204],[-13.66248,9.840694],[-13.666749,9.837531],[-13.666024,9.851089],[-13.666923,9.853727],[-13.665876,9.853858],[-13.665876,9.853862],[-13.657172,9.859871]]],[[[-13.66248,9.840694],[-13.641933,9.855917],[-13.650908,9.864195],[-13.657172,9.859871],[-13.655367,9.855171],[-13.665876,9.853858],[-13.666024,9.851089],[-13.66248,9.840694]]],[[[-13.924907,10.01233],[-13.9251,10.01231],[-13.925997,10.011279],[-13.924758,10.010974],[-13.924641,10.011011],[-13.924907,10.01233]]],[[[-13.967714,9.975493],[-13.942695,9.975519],[-13.932214,10.011584],[-13.9251,10.01231],[-13.92494,10.012494],[-13.924907,10.01233],[-13.918161,10.013018],[-13.91416,10.014257],[-13.928132,10.023645],[-13.928863,10.039035],[-13.936961,10.030375],[-13.941474,10.024944],[-13.941727,10.025279],[-13.944952,10.02183],[-13.955841,10.039033],[-13.959325,10.041844],[-13.973838,10.045639],[-13.97477,10.054304],[-13.994498,10.07022],[-14.003402,10.09645],[-14.028895,10.10644],[-14.047418,10.069069],[-14.021473,10.061114],[-14.018822,10.061082],[-14.018874,10.060318],[-14.008479,10.05713],[-14.018524,10.033752],[-14.01051,10.022386],[-14.017395,10.00318],[-14.003523,9.989584],[-13.967714,9.975493]],[[-13.937634,9.997614],[-13.936745,9.996256],[-13.937907,9.994263],[-13.937634,9.997614]]],[[[-14.027059,9.999612],[-14.013497,10.021578],[-14.020543,10.035831],[-14.018874,10.060318],[-14.021473,10.061114],[-14.053572,10.061499],[-14.063275,10.044612],[-14.056058,10.026238],[-14.027059,9.999612]]],[[[-14.084445,10.156219],[-14.069897,10.147998],[-14.080094,10.17285],[-14.085156,10.174667],[-14.089452,10.174179],[-14.096733,10.17882],[-14.104381,10.181565],[-14.129462,10.195063],[-14.136975,10.189549],[-14.121242,10.159356],[-14.120497,10.160461],[-14.116095,10.151738],[-14.09427,10.1447],[-14.084445,10.156219]]],[[[-14.079439,10.150692],[-14.092052,10.14353],[-14.113903,10.147394],[-14.116095,10.151738],[-14.11751,10.152195],[-14.121242,10.159356],[-14.130738,10.145262],[-14.153171,10.140038],[-14.184858,10.101315],[-14.170689,10.074358],[-14.137746,10.053081],[-14.124667,10.050854],[-14.072477,10.068871],[-14.090611,10.086012],[-14.074468,10.086906],[-14.082173,10.100523],[-14.079439,10.150692]]],[[[-14.249387,10.140635],[-14.229782,10.115792],[-14.200356,10.102743],[-14.148853,10.165743],[-14.149789,10.172363],[-14.186539,10.196678],[-14.189736,10.176935],[-14.211077,10.173579],[-14.230428,10.180171],[-14.249387,10.140635]]],[[[-14.192465,10.184816],[-14.203334,10.205205],[-14.191556,10.217426],[-14.202553,10.21335],[-14.20488,10.207725],[-14.214165,10.209046],[-14.219835,10.206945],[-14.220919,10.204161],[-14.222716,10.18631],[-14.203146,10.176369],[-14.192465,10.184816]]],[[[-14.227222,10.191146],[-14.253747,10.21562],[-14.261966,10.20793],[-14.273599,10.215545],[-14.276371,10.215418],[-14.276313,10.217322],[-14.280132,10.219822],[-14.288342,10.214248],[-14.289255,10.212939],[-14.289826,10.213241],[-14.293735,10.210587],[-14.307681,10.218821],[-14.308491,10.192683],[-14.272159,10.16304],[-14.254889,10.158927],[-14.242833,10.181116],[-14.227222,10.191146]]],[[[-14.565917,10.856714],[-14.576524,10.851418],[-14.56472,10.841961],[-14.56104,10.853978],[-14.565917,10.856714]]],[[[-14.550787,10.831376],[-14.570289,10.842062],[-14.609928,10.88005],[-14.633714,10.867855],[-14.634072,10.86664],[-14.633237,10.846779],[-14.625553,10.842292],[-14.615982,10.840759],[-14.608244,10.812736],[-14.580856,10.803373],[-14.576221,10.802305],[-14.56126,10.80725],[-14.550787,10.831376]]],[[[-14.615156,10.741834],[-14.604712,10.737513],[-14.568923,10.800624],[-14.576221,10.802305],[-14.57699,10.802051],[-14.580856,10.803373],[-14.608137,10.809658],[-14.620691,10.802798],[-14.650493,10.805711],[-14.674924,10.76755],[-14.700602,10.757399],[-14.717755,10.69901],[-14.700198,10.685331],[-14.678177,10.69691],[-14.652156,10.690498],[-14.66061,10.717466],[-14.644044,10.749869],[-14.62996,10.760941],[-14.625376,10.759666],[-14.624944,10.759986],[-14.624635,10.75946],[-14.613432,10.756346],[-14.618717,10.749409],[-14.618546,10.749118],[-14.615156,10.741834]]],[[[-14.630241,10.682635],[-14.625991,10.70831],[-14.609012,10.728631],[-14.615156,10.741834],[-14.622252,10.744769],[-14.618717,10.749409],[-14.624635,10.75946],[-14.625376,10.759666],[-14.642349,10.747094],[-14.658022,10.715417],[-14.644763,10.694043],[-14.654829,10.681949],[-14.680047,10.690255],[-14.706268,10.675985],[-14.699214,10.632427],[-14.652945,10.673004],[-14.630241,10.682635]]],[[[-14.803506,10.936047],[-14.801577,10.943359],[-14.812622,10.938336],[-14.805172,10.93493],[-14.803506,10.936047]]],[[[-14.801401,11.003487],[-14.793569,10.988863],[-14.79263,10.990236],[-14.789714,11.009713],[-14.790132,11.00996],[-14.801401,11.003487]]],[[[-14.723133,11.017326],[-14.745395,11.022239],[-14.784177,11.002598],[-14.79263,10.990236],[-14.792996,10.987793],[-14.793569,10.988863],[-14.798224,10.982056],[-14.78286,10.972128],[-14.746192,10.969902],[-14.71775,11.005301],[-14.723133,11.017326]]],[[[-14.903396,10.960599],[-14.913722,10.951136],[-14.895228,10.943522],[-14.901988,10.961559],[-14.903396,10.960599]]],[[[-15.378268,11.247138],[-15.408165,11.256278],[-15.386096,11.231185],[-15.373309,11.231908],[-15.373417,11.242018],[-15.372647,11.242145],[-15.374932,11.245971],[-15.331936,11.25],[-15.326299,11.258384],[-15.329656,11.264804],[-15.346592,11.268085],[-15.364863,11.272808],[-15.378268,11.247138]]],[[[-15.320714,11.644502],[-15.320585,11.640106],[-15.319787,11.637605],[-15.320714,11.644502]]],[[[-15.426766,11.566799],[-15.427888,11.564847],[-15.425252,11.5652],[-15.426766,11.566799]]],[[[-16.29761,12.310855],[-16.297701,12.311018],[-16.30406,12.312031],[-16.307436,12.279357],[-16.305365,12.280164],[-16.289654,12.287595],[-16.28963,12.309731],[-16.297404,12.31097],[-16.29761,12.310855]]],[[[-16.427216,12.186617],[-16.430392,12.185958],[-16.42575,12.185766],[-16.427216,12.186617]]],[[[-16.678253,12.50068],[-16.671556,12.50225],[-16.676723,12.509792],[-16.68096,12.501152],[-16.678253,12.50068]]],[[[-16.566227,14.144834],[-16.564676,14.143337],[-16.565281,14.146004],[-16.566227,14.144834]]],[[[-16.564435,14.141009],[-16.563676,14.139464],[-16.562662,14.140056],[-16.564435,14.141009]]],[[[-16.571694,14.13657],[-16.565831,14.132627],[-16.568386,14.136923],[-16.571694,14.13657]]],[[[-16.591189,14.124442],[-16.588635,14.122361],[-16.588286,14.124547],[-16.591189,14.124442]]],[[[-16.575648,14.126822],[-16.571514,14.127392],[-16.575638,14.134085],[-16.575648,14.126822]]],[[[-16.564768,14.151281],[-16.565423,14.155578],[-16.57132,14.15242],[-16.564768,14.151281]]],[[[-16.575125,14.157897],[-16.570746,14.156628],[-16.570326,14.161572],[-16.575125,14.157897]]],[[[-16.574437,14.195198],[-16.569638,14.19194],[-16.569936,14.198411],[-16.574437,14.195198]]],[[[-16.54905,14.20376],[-16.5428,14.209713],[-16.563563,14.210894],[-16.54905,14.20376]]],[[[-16.553752,14.21482],[-16.538265,14.225555],[-16.558929,14.234064],[-16.553752,14.21482]]],[[[-16.563006,14.229575],[-16.562336,14.228693],[-16.561763,14.231146],[-16.563006,14.229575]]],[[[-16.548878,14.239851],[-16.547028,14.236747],[-16.546945,14.239851],[-16.548878,14.239851]]],[[[-16.55967,14.168831],[-16.562427,14.161178],[-16.557035,14.16688],[-16.55967,14.168831]]],[[[-16.570255,14.178525],[-16.569054,14.175089],[-16.567501,14.178966],[-16.570255,14.178525]]],[[[-16.568095,14.172879],[-16.556575,14.169521],[-16.549386,14.180651],[-16.562454,14.188805],[-16.568095,14.172879]]],[[[0.291305,6.072826],[0.292171,6.071472],[0.292345,6.073787],[0.291305,6.072826]]],[[[0.175708,6.095198],[0.184013,6.095792],[0.174775,6.098544],[0.175708,6.095198]]],[[[0.287371,6.083354],[0.288698,6.084432],[0.285344,6.090499],[0.287371,6.083354]]],[[[2.575119,6.464601],[2.575143,6.461918],[2.576007,6.463806],[2.575119,6.464601]]],[[[2.612176,6.465458],[2.610076,6.466179],[2.610022,6.465531],[2.612176,6.465458]]],[[[2.933538,6.40641],[2.945833,6.403281],[2.944981,6.40691],[2.933538,6.40641]]],[[[3.015356,6.410126],[3.024814,6.405342],[3.02981,6.408851],[3.015356,6.410126]]],[[[3.057757,6.415208],[3.062386,6.410911],[3.06301,6.413328],[3.057757,6.415208]]],[[[2.83407,6.440973],[2.847579,6.434297],[2.843495,6.442209],[2.83407,6.440973]]],[[[5.867203,5.189409],[5.867972,5.188521],[5.871999,5.191362],[5.867203,5.189409]]],[[[5.716431,5.370914],[5.720487,5.368319],[5.715333,5.373263],[5.716431,5.370914]]],[[[6.206697,4.885771],[6.209362,4.882752],[6.20917,4.887413],[6.206697,4.885771]]],[[[6.312448,5.193668],[6.318593,5.196083],[6.320189,5.204418],[6.312448,5.193668]]],[[[6.201672,5.190164],[6.202758,5.174443],[6.206578,5.184579],[6.201672,5.190164]]],[[[6.289478,5.284098],[6.296774,5.285286],[6.292681,5.286861],[6.289478,5.284098]]],[[[6.415592,5.293474],[6.41569,5.289932],[6.418194,5.295097],[6.415592,5.293474]]],[[[6.248974,5.084739],[6.247566,5.085471],[6.243614,5.085526],[6.248974,5.084739]]],[[[6.131614,5.130289],[6.135209,5.13228],[6.12427,5.133268],[6.131614,5.130289]]],[[[6.005616,5.10354],[6.015165,5.099599],[5.996732,5.113421],[6.005616,5.10354]]],[[[6.348934,5.14741],[6.357104,5.150794],[6.352248,5.168835],[6.348934,5.14741]]],[[[6.412694,5.300161],[6.413942,5.29919],[6.413455,5.301124],[6.412694,5.300161]]],[[[6.414819,5.301438],[6.42467,5.305873],[6.430252,5.314137],[6.414819,5.301438]]],[[[9.403614,-1.105021],[9.399243,-1.104555],[9.40106,-1.106751],[9.403614,-1.105021]]],[[[9.514534,-1.183264],[9.516701,-1.182566],[9.5128,-1.181364],[9.514534,-1.183264]]],[[[9.516506,-1.172397],[9.517761,-1.174785],[9.519748,-1.173172],[9.516506,-1.172397]]],[[[9.488672,-1.146738],[9.492188,-1.148158],[9.488801,-1.142995],[9.488672,-1.146738]]],[[[9.493657,-1.143495],[9.494927,-1.142966],[9.493354,-1.142132],[9.493657,-1.143495]]],[[[9.46559,-1.134516],[9.468257,-1.138521],[9.468715,-1.133275],[9.46559,-1.134516]]],[[[9.480654,-1.138545],[9.483512,-1.140312],[9.482806,-1.138444],[9.480654,-1.138545]]],[[[11.144492,-3.788476],[11.148181,-3.787807],[11.146183,-3.78284],[11.144492,-3.788476]]],[[[18.197214,-32.791518],[18.197961,-32.796445],[18.199829,-32.792767],[18.197214,-32.791518]]],[[[34.26162,-21.27542],[34.270238,-21.285837],[34.271994,-21.284545],[34.26162,-21.27542]]],[[[34.744156,-21.125655],[34.749974,-21.122246],[34.744161,-21.124451],[34.744156,-21.125655]]],[[[34.753364,-21.122561],[34.75555,-21.123354],[34.759905,-21.119357],[34.753364,-21.122561]]],[[[34.630384,-21.102891],[34.630808,-21.10363],[34.632751,-21.101752],[34.630384,-21.102891]]],[[[34.699692,-21.102855],[34.704105,-21.107091],[34.701682,-21.102431],[34.699692,-21.102855]]],[[[34.696886,-21.102586],[34.701828,-21.107206],[34.696715,-21.100946],[34.696886,-21.102586]]],[[[34.809653,-21.076719],[34.811836,-21.076295],[34.812377,-21.073802],[34.809653,-21.076719]]],[[[34.821842,-21.063152],[34.81994,-21.072204],[34.83044,-21.060035],[34.821842,-21.063152]]],[[[34.679377,-21.09652],[34.683145,-21.095642],[34.676669,-21.094586],[34.679377,-21.09652]]],[[[34.782715,-21.099318],[34.783583,-21.101811],[34.788499,-21.094055],[34.782715,-21.099318]]],[[[34.64518,-21.093724],[34.645185,-21.09375],[34.645348,-21.09375],[34.64518,-21.093724]]],[[[34.64518,-21.093724],[34.645003,-21.09212],[34.640025,-21.093607],[34.64518,-21.093724]]],[[[34.776775,-21.112087],[34.776137,-21.115918],[34.777859,-21.114279],[34.776775,-21.112087]]],[[[34.780183,-21.110275],[34.782022,-21.111959],[34.783222,-21.108012],[34.780183,-21.110275]]],[[[34.770718,-21.112561],[34.774847,-21.106578],[34.769783,-21.110325],[34.770718,-21.112561]]],[[[34.891025,-21.025301],[34.885116,-21.032735],[34.891784,-21.030302],[34.891025,-21.025301]]],[[[34.897289,-21.026737],[34.897134,-21.029102],[34.900315,-21.02771],[34.897289,-21.026737]]],[[[34.903118,-21.020573],[34.903868,-21.018237],[34.901059,-21.018843],[34.903118,-21.020573]]],[[[35.008842,-20.985112],[35.002871,-20.983625],[35.003211,-20.987034],[35.008842,-20.985112]]],[[[34.970447,-20.987459],[34.995579,-20.985565],[34.977137,-20.983619],[34.970447,-20.987459]]],[[[35.053054,-20.957194],[35.053961,-20.958238],[35.054622,-20.955473],[35.053054,-20.957194]]],[[[38.620021,-7.918089],[38.621063,-7.921468],[38.621405,-7.919558],[38.620021,-7.918089]]],[[[38.594978,-7.901998],[38.584196,-7.894562],[38.584292,-7.899806],[38.594978,-7.901998]]],[[[38.826028,-7.99877],[38.828408,-7.998728],[38.826163,-7.996815],[38.826028,-7.99877]]],[[[39.364876,-7.862185],[39.369447,-7.862165],[39.368378,-7.849209],[39.364876,-7.862185]]],[[[39.892357,-10.846506],[39.896894,-10.845988],[39.895259,-10.842407],[39.892357,-10.846506]]],[[[40.003634,-10.81392],[40.002704,-10.819759],[40.017081,-10.807186],[40.003634,-10.81392]]],[[[39.999923,-10.820954],[39.99932,-10.818908],[39.99248,-10.823571],[39.999923,-10.820954]]],[[[-16.6687,12.496761],[-16.671627,12.499768],[-16.671265,12.494297],[-16.6687,12.496761]]],[[[-16.736415,12.742239],[-16.76293,12.715886],[-16.768084,12.690832],[-16.783399,12.667765],[-16.763559,12.604922],[-16.766641,12.577178],[-16.750399,12.56833],[-16.742508,12.577602],[-16.694555,12.592324],[-16.633396,12.633379],[-16.639748,12.717419],[-16.64667,12.730296],[-16.655082,12.736284],[-16.669651,12.725228],[-16.669644,12.724814],[-16.66991,12.725031],[-16.672493,12.723071],[-16.673793,12.720637],[-16.674922,12.721227],[-16.678717,12.718348],[-16.679849,12.716866],[-16.680082,12.717312],[-16.681421,12.716296],[-16.687368,12.726669],[-16.736415,12.742239]]],[[[-16.678717,12.718348],[-16.678653,12.718432],[-16.681432,12.719895],[-16.680082,12.717312],[-16.678717,12.718348]]],[[[-16.661533,12.774067],[-16.696866,12.758308],[-16.696023,12.73226],[-16.674922,12.721227],[-16.672493,12.723071],[-16.67098,12.725902],[-16.673727,12.728138],[-16.669753,12.731631],[-16.6697,12.728298],[-16.664175,12.738639],[-16.665281,12.738909],[-16.663924,12.739107],[-16.662581,12.741622],[-16.659881,12.7397],[-16.659875,12.739701],[-16.659878,12.739697],[-16.655082,12.736284],[-16.651394,12.739082],[-16.64667,12.730296],[-16.641999,12.72697],[-16.594884,12.747658],[-16.591776,12.776352],[-16.605031,12.788698],[-16.615134,12.772914],[-16.647475,12.766292],[-16.661533,12.774067]]],[[[-16.593317,12.736123],[-16.626522,12.723179],[-16.632044,12.713296],[-16.625255,12.66427],[-16.609626,12.657717],[-16.588268,12.665862],[-16.5809,12.681719],[-16.556018,12.697401],[-16.572629,12.723984],[-16.562343,12.737029],[-16.583758,12.749767],[-16.593317,12.736123]]],[[[-16.510565,13.363872],[-16.509127,13.36317],[-16.508164,13.365222],[-16.510565,13.363872]]],[[[-16.814358,13.386055],[-16.814819,13.38795],[-16.816395,13.38524],[-16.814358,13.386055]]],[[[-16.601838,13.421835],[-16.611846,13.418957],[-16.601787,13.417033],[-16.601838,13.421835]]],[[[-16.60521,13.434362],[-16.608492,13.434619],[-16.608753,13.422875],[-16.60521,13.434362]]],[[[-16.602955,13.471594],[-16.60991,13.471292],[-16.602189,13.468543],[-16.602955,13.471594]]],[[[-16.644273,13.634473],[-16.632003,13.623166],[-16.638956,13.634053],[-16.644273,13.634473]]],[[[-16.642672,13.657428],[-16.64365,13.650441],[-16.641508,13.653852],[-16.642672,13.657428]]],[[[-16.558456,13.666108],[-16.562783,13.667855],[-16.560942,13.663947],[-16.558456,13.666108]]],[[[-16.633103,13.669858],[-16.639925,13.680089],[-16.643181,13.659199],[-16.633103,13.669858]]],[[[-16.637713,13.681468],[-16.637292,13.679976],[-16.636012,13.680146],[-16.637713,13.681468]]],[[[-16.510541,13.693675],[-16.521861,13.680829],[-16.509752,13.680577],[-16.510541,13.693675]]],[[[-16.638087,13.691479],[-16.63902,13.685303],[-16.636294,13.682939],[-16.638087,13.691479]]],[[[-16.504553,13.709684],[-16.506291,13.716162],[-16.510512,13.710938],[-16.504553,13.709684]]],[[[-16.502526,13.72287],[-16.504899,13.72528],[-16.50487,13.721413],[-16.502526,13.72287]]],[[[-16.503119,13.724436],[-16.502259,13.723906],[-16.50092,13.725345],[-16.503119,13.724436]]],[[[-16.725915,13.7731],[-16.725796,13.772148],[-16.723317,13.772441],[-16.725915,13.7731]]],[[[-16.668514,13.797869],[-16.671352,13.806005],[-16.673336,13.794758],[-16.668514,13.797869]]],[[[-16.649489,13.792901],[-16.633898,13.812668],[-16.640373,13.81532],[-16.649489,13.792901]]],[[[-16.644494,13.787683],[-16.627328,13.790996],[-16.592436,13.82134],[-16.596249,13.830357],[-16.631381,13.815731],[-16.644494,13.787683]]],[[[-16.756379,13.886819],[-16.76119,13.864293],[-16.758644,13.809591],[-16.748987,13.819863],[-16.756379,13.886819]]],[[[-16.534621,13.907782],[-16.553141,13.867289],[-16.539511,13.862197],[-16.520998,13.870005],[-16.508277,13.903587],[-16.534621,13.907782]]],[[[-16.739463,13.887667],[-16.740513,13.885075],[-16.739863,13.883958],[-16.739463,13.887667]]],[[[-16.651819,13.992905],[-16.654559,13.989857],[-16.645976,13.98483],[-16.651819,13.992905]]],[[[-16.641228,13.992674],[-16.638431,13.987643],[-16.633536,13.98832],[-16.641228,13.992674]]],[[[-16.639156,13.995221],[-16.630711,13.991435],[-16.625186,13.994151],[-16.639156,13.995221]]],[[[-16.589208,14.032471],[-16.59901,14.024072],[-16.599967,14.019166],[-16.589208,14.032471]]],[[[-16.697458,14.053743],[-16.692248,14.047396],[-16.690472,14.049795],[-16.697458,14.053743]]],[[[-16.623677,14.082533],[-16.621083,14.077385],[-16.620711,14.081072],[-16.623677,14.082533]]],[[[-16.619125,14.086204],[-16.621829,14.08803],[-16.62134,14.085423],[-16.619125,14.086204]]],[[[-16.63631,14.102809],[-16.639822,14.101199],[-16.638261,14.099764],[-16.63631,14.102809]]],[[[-16.653699,14.124807],[-16.642401,14.113032],[-16.638942,14.125437],[-16.653699,14.124807]]],[[[-16.641376,14.139953],[-16.62976,14.121422],[-16.630674,14.141595],[-16.641376,14.139953]]],[[[-16.641881,14.138757],[-16.647082,14.133203],[-16.639432,14.131763],[-16.641881,14.138757]]],[[[-16.486404,14.143214],[-16.491029,14.146297],[-16.488223,14.141057],[-16.486404,14.143214]]],[[[-16.455184,14.174935],[-16.473569,14.175955],[-16.486968,14.148273],[-16.449294,14.139387],[-16.455184,14.174935]]],[[[-16.528251,14.159727],[-16.536629,14.161559],[-16.532407,14.15392],[-16.528251,14.159727]]],[[[-16.520722,14.167598],[-16.526964,14.166963],[-16.523438,14.164341],[-16.520722,14.167598]]],[[[-16.446488,14.189484],[-16.447434,14.186905],[-16.445953,14.186143],[-16.446488,14.189484]]],[[[-17.468114,14.651317],[-17.468046,14.649281],[-17.466815,14.649105],[-17.468114,14.651317]]],[[[-17.468719,14.655349],[-17.472947,14.657424],[-17.471398,14.650937],[-17.468719,14.655349]]],[[[-17.398877,14.671458],[-17.399106,14.663353],[-17.395748,14.664145],[-17.398877,14.671458]]],[[[-17.537659,14.746907],[-17.542328,14.74457],[-17.540736,14.742401],[-17.537659,14.746907]]],[[[-17.515109,14.757813],[-17.517213,14.754617],[-17.512741,14.754344],[-17.515109,14.757813]]],[[[-17.477502,14.770463],[-17.480214,14.768271],[-17.475837,14.768549],[-17.477502,14.770463]]],[[[-24.673858,14.818959],[-24.664326,14.843828],[-24.680576,14.897599],[-24.72004,14.890661],[-24.735434,14.882248],[-24.732589,14.868909],[-24.748465,14.867158],[-24.748164,14.834494],[-24.725851,14.81369],[-24.697572,14.807359],[-24.673858,14.818959]]],[[[-24.277437,14.882297],[-24.286197,14.971887],[-24.298632,15.011866],[-24.33102,15.043197],[-24.366341,15.04985],[-24.453916,15.010178],[-24.486698,14.979821],[-24.504496,14.919075],[-24.496914,14.882],[-24.430025,14.827357],[-24.400657,14.813661],[-24.345968,14.816931],[-24.308517,14.838179],[-24.283987,14.863576],[-24.277437,14.882297]]],[[[-24.697971,14.964224],[-24.692431,14.959091],[-24.682677,14.977546],[-24.697971,14.964224]]],[[[-24.662864,14.970041],[-24.661899,14.966933],[-24.656298,14.969917],[-24.662864,14.970041]]],[[[-24.650107,14.972517],[-24.650148,14.969355],[-24.646388,14.969196],[-24.650107,14.972517]]],[[[-24.646149,14.968117],[-24.640269,14.963648],[-24.630203,14.978413],[-24.646149,14.968117]]],[[[-23.768386,15.17478],[-23.760007,15.136928],[-23.777858,15.091662],[-23.778552,15.066317],[-23.748698,15.030475],[-23.739994,15.03469],[-23.714912,15.012776],[-23.719934,14.992831],[-23.704145,14.964891],[-23.669982,14.936485],[-23.585029,14.907054],[-23.511486,14.902501],[-23.478269,14.910298],[-23.47887,14.922321],[-23.453909,14.963548],[-23.45605,14.972751],[-23.429741,14.986983],[-23.443769,15.042176],[-23.481373,15.075482],[-23.501243,15.123642],[-23.526428,15.12988],[-23.531114,15.150472],[-23.557235,15.151644],[-23.574757,15.162634],[-23.60347,15.213335],[-23.63886,15.244611],[-23.680574,15.260231],[-23.690477,15.287859],[-23.681577,15.310129],[-23.698336,15.331084],[-23.743497,15.340091],[-23.757672,15.33308],[-23.762117,15.304804],[-23.77482,15.299238],[-23.75352,15.283037],[-23.756584,15.258557],[-23.7412,15.248726],[-23.768386,15.17478]],[[-23.506653,14.905607],[-23.508436,14.908901],[-23.50608,14.90722],[-23.506653,14.905607]]],[[[-23.229957,15.267824],[-23.215644,15.247375],[-23.216372,15.222958],[-23.227978,15.218668],[-23.232828,15.163345],[-23.215878,15.148686],[-23.207341,15.127748],[-23.184323,15.118935],[-23.148793,15.118606],[-23.087412,15.168521],[-23.093407,15.230348],[-23.109117,15.306484],[-23.123798,15.315953],[-23.134501,15.308122],[-23.176126,15.324079],[-23.177781,15.334305],[-23.186237,15.310807],[-23.229957,15.267824]]],[[[-23.136822,15.313115],[-23.137336,15.311756],[-23.134335,15.312111],[-23.136822,15.313115]]],[[[-23.157041,15.356159],[-23.157918,15.357463],[-23.15851,15.354185],[-23.157041,15.356159]]],[[[-16.544811,15.775437],[-16.529338,15.804295],[-16.527169,15.820947],[-16.544811,15.775437]]],[[[-16.521186,15.833794],[-16.519137,15.832749],[-16.519356,15.834326],[-16.521186,15.833794]]],[[[-16.518351,15.890153],[-16.52598,15.836449],[-16.517676,15.854846],[-16.518351,15.890153]]],[[[-16.493408,15.933019],[-16.489168,15.93892],[-16.490284,15.95689],[-16.493408,15.933019]]],[[[-16.501108,15.957695],[-16.500271,15.935701],[-16.497983,15.945947],[-16.501108,15.957695]]],[[[-16.502781,15.968048],[-16.50585,15.955228],[-16.502112,15.942138],[-16.502781,15.968048]]],[[[-16.496022,15.987847],[-16.483595,15.998116],[-16.486966,16.036477],[-16.497012,16.029525],[-16.498038,15.98618],[-16.496691,15.987294],[-16.495728,15.997761],[-16.493008,15.994442],[-16.496022,15.987847]]],[[[-16.496022,15.987847],[-16.496691,15.987294],[-16.496796,15.986153],[-16.496022,15.987847]]],[[[-16.474002,16.01871],[-16.479097,15.993986],[-16.472467,15.999237],[-16.474002,16.01871]]],[[[-16.467898,16.013824],[-16.468343,16.013069],[-16.467703,16.012925],[-16.467898,16.013824]]],[[[-16.477378,16.02107],[-16.475598,16.019359],[-16.474739,16.023608],[-16.477378,16.02107]]],[[[-16.485577,16.047935],[-16.480308,16.036777],[-16.475753,16.046391],[-16.485577,16.047935]]],[[[-16.471287,16.060381],[-16.474413,16.056776],[-16.468072,16.053171],[-16.471287,16.060381]]],[[[-16.500356,16.067553],[-16.49709,16.053697],[-16.49272,16.054421],[-16.500356,16.067553]]],[[[-16.487997,16.066153],[-16.489455,16.063305],[-16.487495,16.063594],[-16.487997,16.066153]]],[[[-16.487847,16.068519],[-16.484581,16.065043],[-16.483626,16.06567],[-16.487847,16.068519]]],[[[-16.504577,16.084692],[-16.505532,16.079671],[-16.503975,16.072623],[-16.504577,16.084692]]],[[[-16.500708,16.089907],[-16.501663,16.084741],[-16.499653,16.078416],[-16.500708,16.089907]]],[[[-16.491765,16.076244],[-16.490207,16.080444],[-16.493624,16.103618],[-16.491765,16.076244]]],[[[-16.500055,16.094976],[-16.501111,16.093528],[-16.500307,16.091548],[-16.500055,16.094976]]],[[[-16.506487,16.092996],[-16.504929,16.089182],[-16.505281,16.098694],[-16.506487,16.092996]]],[[[-22.892396,15.994152],[-22.878285,15.973648],[-22.798057,15.976119],[-22.778755,15.996094],[-22.688482,16.041367],[-22.665293,16.084312],[-22.677592,16.120327],[-22.672552,16.146338],[-22.705077,16.177334],[-22.703998,16.199451],[-22.788347,16.225583],[-22.807342,16.208199],[-22.833962,16.202922],[-22.86886,16.203582],[-22.91952,16.227222],[-22.91038,16.204316],[-22.920995,16.175586],[-22.904765,16.150524],[-22.906462,16.124034],[-22.956784,16.086044],[-22.960713,16.028709],[-22.945815,16.011555],[-22.892396,15.994152]]],[[[-16.50023,16.105356],[-16.500933,16.10526],[-16.498722,16.102846],[-16.50023,16.105356]]],[[[-16.481284,16.123944],[-16.464701,16.092948],[-16.464047,16.108398],[-16.481284,16.123944]]],[[[-16.48661,16.11675],[-16.491887,16.10806],[-16.48445,16.100818],[-16.48661,16.11675]]],[[[-16.503396,16.114481],[-16.50028,16.106563],[-16.50028,16.107287],[-16.503396,16.114481]]],[[[-16.504853,16.125054],[-16.505607,16.124234],[-16.5043,16.119116],[-16.504853,16.125054]]],[[[-16.502742,16.116799],[-16.494199,16.118875],[-16.495707,16.134228],[-16.502742,16.116799]]],[[[-16.480278,16.132924],[-16.485304,16.132827],[-16.483193,16.129351],[-16.480278,16.132924]]],[[[-16.474146,16.13529],[-16.480228,16.132103],[-16.476006,16.1308],[-16.474146,16.13529]]],[[[-16.481183,16.135579],[-16.482212,16.137935],[-16.48295,16.136976],[-16.484198,16.135193],[-16.481183,16.135579]]],[[[-16.479122,16.141952],[-16.485103,16.143932],[-16.491788,16.125489],[-16.48295,16.136976],[-16.482238,16.137993],[-16.482212,16.137935],[-16.479122,16.141952]]],[[[-16.462636,16.148084],[-16.472488,16.146297],[-16.468366,16.140552],[-16.462636,16.148084]]],[[[-22.669581,16.146539],[-22.66651,16.144385],[-22.666847,16.147196],[-22.669581,16.146539]]],[[[-16.503981,16.153443],[-16.506215,16.15001],[-16.504595,16.14486],[-16.503981,16.153443]]],[[[-16.477466,16.150997],[-16.474416,16.1509],[-16.472674,16.152284],[-16.477466,16.150997]]],[[[-22.660651,16.154327],[-22.662689,16.152526],[-22.656965,16.153048],[-22.660651,16.154327]]],[[[-16.480649,16.154022],[-16.481319,16.153539],[-16.479175,16.153636],[-16.480649,16.154022]]],[[[-22.937778,16.176198],[-22.92524,16.163579],[-22.927147,16.172092],[-22.937778,16.176198]]],[[[-22.69688,16.197446],[-22.698427,16.198211],[-22.697741,16.195658],[-22.69688,16.197446]]],[[[-24.278045,16.630937],[-24.31766,16.67087],[-24.340266,16.680596],[-24.362693,16.666967],[-24.388922,16.667991],[-24.42565,16.646375],[-24.425232,16.612726],[-24.358854,16.569941],[-24.357941,16.552095],[-24.33429,16.523438],[-24.32311,16.48467],[-24.30516,16.48459],[-24.307971,16.496542],[-24.283432,16.553987],[-24.259964,16.580967],[-24.231025,16.593922],[-24.167678,16.590377],[-24.125833,16.569446],[-24.117524,16.556002],[-24.067919,16.550431],[-24.053611,16.557487],[-24.016407,16.551926],[-24.006987,16.571112],[-24.035286,16.584404],[-24.044999,16.602416],[-24.129258,16.6214],[-24.138358,16.611871],[-24.161858,16.615817],[-24.176948,16.631223],[-24.215472,16.646175],[-24.278045,16.630937]]],[[[-24.579583,16.60733],[-24.571886,16.621235],[-24.582356,16.629987],[-24.6016,16.624449],[-24.5993,16.608558],[-24.579583,16.60733]]],[[[-24.666387,16.648813],[-24.659141,16.653247],[-24.678736,16.67063],[-24.666387,16.648813]]],[[[-22.909913,16.597366],[-22.888294,16.591118],[-22.897663,16.638075],[-22.871711,16.670079],[-22.899558,16.750616],[-22.879857,16.773551],[-22.90213,16.804906],[-22.889283,16.834482],[-22.919295,16.855122],[-22.940839,16.841251],[-22.951341,16.844787],[-22.97954,16.831155],[-22.992677,16.81214],[-22.988486,16.757616],[-22.978581,16.748067],[-22.987504,16.733444],[-22.976747,16.712417],[-22.98687,16.695185],[-22.96952,16.700086],[-22.939484,16.687917],[-22.93868,16.662221],[-22.948976,16.651778],[-22.932946,16.628569],[-22.922212,16.585478],[-22.909913,16.597366]]],[[[-24.745203,16.736945],[-24.690801,16.738987],[-24.686267,16.756214],[-24.716514,16.75119],[-24.747137,16.793391],[-24.770517,16.802605],[-24.791022,16.784093],[-24.785604,16.768976],[-24.759265,16.760296],[-24.745203,16.736945]]],[[[-25.050664,16.878464],[-25.083818,16.84286],[-25.085531,16.826056],[-25.062917,16.826831],[-25.060494,16.811474],[-24.983755,16.776513],[-24.862514,16.816512],[-24.863996,16.864565],[-24.882991,16.861665],[-24.91161,16.880669],[-24.913713,16.899414],[-24.903479,16.90353],[-24.918152,16.922387],[-24.932617,16.921016],[-24.94605,16.904648],[-24.973895,16.917379],[-24.998523,16.905974],[-24.990622,16.883735],[-25.010271,16.871835],[-25.033662,16.886513],[-25.050664,16.878464]]],[[[-25.011224,16.911303],[-25.011882,16.910069],[-25.010314,16.909495],[-25.011224,16.911303]]],[[[-24.989995,17.119469],[-25.01674,17.153785],[-25.021723,17.176388],[-25.079376,17.193851],[-25.089474,17.205068],[-25.147285,17.176369],[-25.161623,17.176532],[-25.17155,17.161873],[-25.213166,17.153669],[-25.243698,17.122804],[-25.331633,17.097901],[-25.353465,17.070264],[-25.36086,17.043424],[-25.347919,17.023438],[-25.321568,17.008209],[-25.321175,16.976676],[-25.309643,16.952742],[-25.316641,16.924429],[-25.299387,16.906265],[-25.261106,16.922241],[-25.22951,16.912139],[-25.173736,16.922848],[-25.150975,16.955515],[-25.136903,16.95954],[-25.084157,17.013661],[-25.041799,17.020823],[-24.985519,17.05563],[-24.962974,17.088239],[-24.966966,17.114158],[-24.989995,17.119469]]],[[[-16.48664,19.647311],[-16.495427,19.636024],[-16.482631,19.631279],[-16.48664,19.647311]]],[[[-16.491329,19.662667],[-16.492617,19.658079],[-16.487526,19.660471],[-16.491329,19.662667]]],[[[-16.440263,19.773253],[-16.44595,19.764411],[-16.444122,19.763608],[-16.440263,19.773253]]],[[[-16.508646,19.893355],[-16.510173,19.892119],[-16.509936,19.889864],[-16.508646,19.893355]]],[[[-16.501377,19.901378],[-16.505337,19.901238],[-16.503461,19.898587],[-16.501377,19.901378]]],[[[-16.477482,20.591093],[-16.456796,20.567837],[-16.447917,20.59153],[-16.449429,20.619908],[-16.470533,20.61779],[-16.477482,20.591093]]],[[[-16.490614,20.602527],[-16.483621,20.5948],[-16.481508,20.612443],[-16.490614,20.602527]]],[[[-16.489238,20.620765],[-16.49598,20.612307],[-16.492209,20.612023],[-16.489238,20.620765]]],[[[-16.458297,20.632131],[-16.457817,20.623985],[-16.45091,20.621367],[-16.458297,20.632131]]],[[[-16.501915,20.639648],[-16.495079,20.626902],[-16.491527,20.637144],[-16.501915,20.639648]]],[[[-15.720674,10.873883],[-15.730006,10.870421],[-15.72586,10.86418],[-15.720674,10.873883]]],[[[-14.956165,10.974815],[-15.00747,10.946352],[-15.013054,10.928838],[-15.033174,10.921845],[-15.072203,10.887171],[-15.075957,10.867846],[-15.067852,10.846826],[-15.015706,10.780761],[-14.961975,10.768561],[-14.938429,10.792969],[-14.97414,10.815871],[-14.992929,10.838816],[-14.964079,10.829895],[-14.963161,10.865895],[-14.951051,10.859723],[-14.90182,10.92874],[-14.956165,10.974815]],[[-14.969516,10.857783],[-14.967909,10.858057],[-14.9671,10.856784],[-14.969516,10.857783]],[[-14.967548,10.870352],[-14.965292,10.869206],[-14.965669,10.867713],[-14.967548,10.870352]]],[[[-15.010363,10.949357],[-15.017522,10.94571],[-15.014542,10.942387],[-15.010363,10.949357]]],[[[-15.681867,10.968201],[-15.683738,10.965145],[-15.680968,10.965021],[-15.681867,10.968201]]],[[[-14.979529,10.967375],[-14.982209,10.971344],[-14.98548,10.96515],[-14.979529,10.967375]]],[[[-15.667853,11.006099],[-15.676534,10.996516],[-15.677007,10.969468],[-15.659539,10.960396],[-15.667853,11.006099]]],[[[-16.084873,10.998216],[-16.086862,11.000018],[-16.085026,10.996263],[-16.084873,10.998216]]],[[[-16.068346,11.011884],[-16.069876,11.007979],[-16.067428,11.008279],[-16.068346,11.011884]]],[[[-15.710295,11.008492],[-15.699717,11.012918],[-15.709461,11.02379],[-15.710295,11.008492]]],[[[-15.270258,11.027558],[-15.249261,11.006475],[-15.263782,11.040697],[-15.270258,11.027558]]],[[[-16.124203,11.030359],[-16.127723,11.027656],[-16.12405,11.028407],[-16.124203,11.030359]]],[[[-15.146909,11.074463],[-15.201337,11.069993],[-15.233288,11.059426],[-15.259799,11.040351],[-15.241027,11.002662],[-15.205939,10.995604],[-15.190472,11.023014],[-15.140237,11.067672],[-15.146909,11.074463]]],[[[-15.638845,11.024834],[-15.608515,11.051609],[-15.64455,11.052594],[-15.638845,11.024834]]],[[[-15.983938,11.035388],[-15.955086,11.043931],[-15.969107,11.048344],[-15.983938,11.035388]]],[[[-16.009125,11.05289],[-16.015552,11.051087],[-16.015093,11.04583],[-16.009125,11.05289]]],[[[-16.23113,11.111021],[-16.243447,11.08522],[-16.179154,11.027259],[-16.142245,11.02507],[-16.139119,11.055266],[-16.132314,11.033213],[-16.101094,11.02345],[-16.071864,11.027956],[-16.051356,11.04598],[-16.068344,11.057246],[-16.064531,11.058748],[-16.066376,11.05967],[-16.061385,11.059988],[-16.040478,11.068228],[-16.042708,11.096763],[-16.042966,11.098042],[-16.042782,11.09771],[-16.044978,11.125808],[-16.069328,11.158642],[-16.05367,11.181161],[-16.058772,11.191926],[-16.0838,11.203092],[-16.113428,11.202396],[-16.124428,11.184057],[-16.171385,11.164598],[-16.180403,11.138658],[-16.23113,11.111021]],[[-16.221261,11.10831],[-16.21696,11.11297],[-16.219751,11.107052],[-16.221261,11.10831]],[[-16.204197,11.116033],[-16.203595,11.1185],[-16.201805,11.118276],[-16.204197,11.116033]],[[-16.186707,11.123924],[-16.186005,11.12471],[-16.186001,11.124061],[-16.186707,11.123924]],[[-16.176218,11.142653],[-16.175961,11.144169],[-16.174772,11.14001],[-16.176218,11.142653]]],[[[-16.042708,11.096763],[-16.042061,11.093554],[-16.039958,11.09261],[-16.042782,11.09771],[-16.042708,11.096763]]],[[[-16.064531,11.058748],[-16.057019,11.054993],[-16.05997,11.060078],[-16.061385,11.059988],[-16.064531,11.058748]]],[[[-15.987853,11.062953],[-15.992138,11.061151],[-15.986475,11.056945],[-15.987853,11.062953]]],[[[-15.214282,11.067398],[-15.218073,11.066487],[-15.216304,11.06514],[-15.214282,11.067398]]],[[[-16.029788,11.120409],[-16.033336,11.118475],[-16.033061,11.116181],[-16.029788,11.120409]]],[[[-15.90162,11.099264],[-15.897156,11.124285],[-15.909507,11.147879],[-15.908901,11.171203],[-15.956587,11.202671],[-15.978947,11.166705],[-15.948045,11.131353],[-15.974701,11.091439],[-15.968783,11.068503],[-15.986615,11.069423],[-15.981357,11.053592],[-15.888674,11.044772],[-15.881255,11.07606],[-15.890934,11.072326],[-15.90162,11.099264]]],[[[-16.056819,11.176413],[-16.054929,11.172636],[-16.053772,11.174575],[-16.053363,11.175467],[-16.056819,11.176413]]],[[[-16.051085,11.179079],[-16.05108,11.178836],[-16.051187,11.178908],[-16.053772,11.174575],[-16.05479,11.172358],[-16.054929,11.172636],[-16.063054,11.159016],[-16.034949,11.121433],[-16.026229,11.125144],[-16.026145,11.125354],[-16.025884,11.125291],[-16.015028,11.129911],[-16.034248,11.101264],[-16.027498,11.074219],[-16.012696,11.066633],[-15.967029,11.124836],[-15.987551,11.163291],[-15.977556,11.199536],[-15.987387,11.206908],[-16.023512,11.194032],[-16.039852,11.197909],[-16.051085,11.179079]],[[-16.057117,11.166615],[-16.056253,11.165783],[-16.058015,11.164371],[-16.057117,11.166615]]],[[[-16.051085,11.179079],[-16.051126,11.180939],[-16.052339,11.179673],[-16.051187,11.178908],[-16.051085,11.179079]]],[[[-16.026229,11.125144],[-16.027338,11.122383],[-16.024181,11.124877],[-16.025884,11.125291],[-16.026229,11.125144]]],[[[-15.896106,11.131797],[-15.900634,11.133739],[-15.897654,11.130323],[-15.896106,11.131797]]],[[[-15.202787,11.139043],[-15.206857,11.146752],[-15.208639,11.126386],[-15.202787,11.139043]]],[[[-15.199196,11.150524],[-15.201456,11.152871],[-15.200318,11.149117],[-15.199196,11.150524]]],[[[-15.979593,11.160809],[-15.974527,11.154897],[-15.974892,11.157946],[-15.979593,11.160809]]],[[[-15.209081,11.16478],[-15.212481,11.163627],[-15.20305,11.151174],[-15.209081,11.16478]]],[[[-15.774659,11.165772],[-15.775903,11.163965],[-15.774213,11.1637],[-15.774659,11.165772]]],[[[-16.126308,11.189309],[-16.125856,11.185513],[-16.124188,11.189685],[-16.126308,11.189309]]],[[[-15.975411,11.188776],[-15.971028,11.188584],[-15.973957,11.192069],[-15.975411,11.188776]]],[[[-15.9697,11.189863],[-15.967808,11.195986],[-15.969974,11.197212],[-15.9697,11.189863]]],[[[-15.898812,11.202356],[-15.903727,11.205915],[-15.903172,11.19742],[-15.898812,11.202356]]],[[[-16.121968,11.20901],[-16.12318,11.205762],[-16.120183,11.205961],[-16.121968,11.20901]]],[[[-15.219098,11.213442],[-15.21806,11.203871],[-15.214273,11.206396],[-15.219098,11.213442]]],[[[-15.985145,11.209055],[-15.987759,11.209597],[-15.985871,11.207807],[-15.985145,11.209055]]],[[[-15.691636,11.209402],[-15.695429,11.211747],[-15.693525,11.207882],[-15.691636,11.209402]]],[[[-15.93381,11.216404],[-15.941801,11.210351],[-15.933838,11.205251],[-15.93381,11.216404]]],[[[-15.195546,11.228377],[-15.193769,11.228034],[-15.192217,11.228886],[-15.195546,11.228377]]],[[[-15.656505,11.305174],[-15.714309,11.29741],[-15.731192,11.27688],[-15.756461,11.270303],[-15.756192,11.252958],[-15.77958,11.226274],[-15.766546,11.219378],[-15.785185,11.198703],[-15.771269,11.188462],[-15.773677,11.16744],[-15.720608,11.169466],[-15.719915,11.226982],[-15.696807,11.213642],[-15.673338,11.252234],[-15.674108,11.227379],[-15.662122,11.230376],[-15.656505,11.305174]]],[[[-16.158969,11.238397],[-16.161644,11.2387],[-16.158609,11.236373],[-16.158969,11.238397]]],[[[-15.86067,11.231376],[-15.833936,11.234987],[-15.835939,11.250194],[-15.86067,11.231376]]],[[[-15.834095,11.303807],[-15.863501,11.293481],[-15.908416,11.214704],[-15.875129,11.193033],[-15.835776,11.203176],[-15.835181,11.226684],[-15.866466,11.22641],[-15.818663,11.287647],[-15.834095,11.303807]]],[[[-16.14098,11.250682],[-16.143488,11.251766],[-16.142642,11.249547],[-16.14098,11.250682]]],[[[-16.130502,11.254259],[-16.133895,11.252812],[-16.132508,11.251256],[-16.130502,11.254259]]],[[[-16.283517,11.245614],[-16.24759,11.212602],[-16.223063,11.219836],[-16.192204,11.216826],[-16.150264,11.255789],[-16.149658,11.268764],[-16.178465,11.297706],[-16.202643,11.289008],[-16.215747,11.305662],[-16.249956,11.28567],[-16.260314,11.288209],[-16.264885,11.26057],[-16.283517,11.245614]]],[[[-15.773459,11.26532],[-15.77493,11.26306],[-15.773754,11.262046],[-15.773459,11.26532]]],[[[-16.073226,11.267627],[-16.070563,11.269803],[-16.071865,11.273837],[-16.073226,11.267627]]],[[[-16.06438,11.277143],[-16.067089,11.27544],[-16.06595,11.272771],[-16.06438,11.277143]]],[[[-16.3774,11.279999],[-16.380008,11.27988],[-16.377082,11.278958],[-16.3774,11.279999]]],[[[-16.414357,11.282673],[-16.413966,11.280882],[-16.412713,11.281226],[-16.414357,11.282673]]],[[[-16.394046,11.300095],[-16.401601,11.292005],[-16.382957,11.281337],[-16.36455,11.293411],[-16.394046,11.300095]]],[[[-15.724205,11.296395],[-15.730753,11.30109],[-15.728795,11.289766],[-15.724205,11.296395]]],[[[-15.924369,11.305415],[-15.918427,11.303549],[-15.92059,11.307969],[-15.924369,11.305415]]],[[[-16.063362,11.312808],[-16.064842,11.309827],[-16.06377,11.308624],[-16.063362,11.312808]]],[[[-16.064967,11.317312],[-16.067305,11.312049],[-16.066358,11.311559],[-16.064967,11.317312]]],[[[-15.790583,11.318997],[-15.791291,11.320416],[-15.791957,11.318193],[-15.790583,11.318997]]],[[[-15.907905,11.320899],[-15.906634,11.317772],[-15.905038,11.319332],[-15.907905,11.320899]]],[[[-15.660252,11.325569],[-15.665049,11.324285],[-15.661149,11.31993],[-15.660252,11.325569]]],[[[-16.124061,11.344435],[-16.13175,11.319224],[-16.12261,11.298882],[-16.107836,11.288731],[-16.091807,11.294719],[-16.062076,11.324239],[-16.057649,11.31502],[-16.026769,11.3192],[-16.021958,11.330429],[-16.031836,11.357155],[-16.060784,11.350665],[-16.078616,11.330197],[-16.124061,11.344435]]],[[[-15.498414,11.323215],[-15.498471,11.324813],[-15.500196,11.322302],[-15.498414,11.323215]]],[[[-15.656059,11.330686],[-15.651473,11.320601],[-15.644506,11.335519],[-15.656059,11.330686]]],[[[-15.705698,11.341064],[-15.718337,11.32649],[-15.706892,11.330982],[-15.705698,11.341064]]],[[[-15.830943,11.306954],[-15.812849,11.300864],[-15.790053,11.329841],[-15.78874,11.356445],[-15.77571,11.373938],[-15.79034,11.374114],[-15.817878,11.355958],[-15.830943,11.306954]]],[[[-16.1831,11.340131],[-16.157226,11.329241],[-16.173787,11.348739],[-16.1831,11.340131]]],[[[-15.762362,11.347795],[-15.775084,11.33974],[-15.773402,11.337669],[-15.762362,11.347795]]],[[[-16.09172,11.345746],[-16.091877,11.344396],[-16.090264,11.34413],[-16.09172,11.345746]]],[[[-15.879616,11.326759],[-15.84784,11.356137],[-15.844267,11.379697],[-15.861372,11.373739],[-15.899256,11.332411],[-15.879616,11.326759]]],[[[-16.174994,11.351542],[-16.17135,11.355446],[-16.175499,11.355592],[-16.174994,11.351542]]],[[[-16.172848,11.366827],[-16.171641,11.361606],[-16.169235,11.361374],[-16.172848,11.366827]]],[[[-16.097192,11.374525],[-16.099661,11.374156],[-16.098544,11.372367],[-16.097192,11.374525]]],[[[-15.750946,11.379853],[-15.753409,11.378054],[-15.751223,11.378081],[-15.750946,11.379853]]],[[[-16.013741,11.384727],[-15.998826,11.377547],[-15.993831,11.38717],[-16.013741,11.384727]]],[[[-15.838363,11.384123],[-15.837903,11.382427],[-15.836119,11.382089],[-15.838363,11.384123]]],[[[-15.349444,11.4055],[-15.357754,11.395527],[-15.357956,11.390738],[-15.349444,11.4055]]],[[[-16.114277,11.371094],[-16.090583,11.38761],[-16.095992,11.398972],[-16.062467,11.390303],[-16.068128,11.41956],[-16.097106,11.426245],[-16.160148,11.396124],[-16.145506,11.370262],[-16.133757,11.37707],[-16.114277,11.371094]]],[[[-16.310193,11.434495],[-16.31068,11.410017],[-16.303639,11.427483],[-16.310193,11.434495]]],[[[-16.099067,11.429175],[-16.101342,11.430557],[-16.100004,11.427634],[-16.099067,11.429175]]],[[[-15.963081,11.521278],[-15.948675,11.506995],[-15.947151,11.506274],[-15.932925,11.520088],[-15.946881,11.53503],[-15.963081,11.521278]]],[[[-15.909884,11.514467],[-15.927549,11.516933],[-15.944573,11.505056],[-15.947151,11.506274],[-15.947554,11.505883],[-15.948675,11.506995],[-15.971414,11.517743],[-15.99461,11.505086],[-16.022096,11.513828],[-16.047719,11.473184],[-16.080657,11.458959],[-16.078712,11.445626],[-16.063364,11.438557],[-16.063275,11.438616],[-16.063242,11.438501],[-16.029498,11.422959],[-15.985456,11.439177],[-15.964186,11.435032],[-15.966764,11.420654],[-15.943393,11.427485],[-15.906458,11.459773],[-15.909884,11.514467]]],[[[-16.063364,11.438557],[-16.064884,11.437548],[-16.062307,11.435178],[-16.063242,11.438501],[-16.063364,11.438557]]],[[[-15.222568,11.460717],[-15.238036,11.44883],[-15.239824,11.444093],[-15.222568,11.460717]]],[[[-15.899028,11.468197],[-15.901646,11.466932],[-15.899744,11.464635],[-15.899028,11.468197]]],[[[-15.644973,11.459124],[-15.666559,11.484256],[-15.658999,11.500929],[-15.685093,11.495348],[-15.692035,11.474537],[-15.717449,11.468849],[-15.73545,11.453159],[-15.706138,11.432745],[-15.680432,11.434404],[-15.662966,11.452835],[-15.644973,11.459124]]],[[[-16.161791,11.535009],[-16.188548,11.520154],[-16.234517,11.514011],[-16.275911,11.466291],[-16.3045,11.455746],[-16.300546,11.432532],[-16.212582,11.447405],[-16.1644,11.498984],[-16.161791,11.535009]]],[[[-15.421381,11.495556],[-15.422811,11.494588],[-15.420816,11.492239],[-15.421381,11.495556]]],[[[-15.910462,11.519068],[-15.905067,11.508844],[-15.899988,11.521732],[-15.910462,11.519068]]],[[[-15.949181,11.608454],[-15.976309,11.584403],[-15.963877,11.557492],[-15.953955,11.546823],[-15.94743,11.545613],[-15.950537,11.543147],[-15.931527,11.522704],[-15.915254,11.519684],[-15.895496,11.541762],[-15.903496,11.551669],[-15.905563,11.582885],[-15.934147,11.577875],[-15.949181,11.608454]]],[[[-15.976512,11.522524],[-15.976682,11.522596],[-15.975989,11.522939],[-15.950537,11.543147],[-15.953955,11.546823],[-15.965086,11.548886],[-15.986435,11.584791],[-16.009302,11.553731],[-16.008251,11.516729],[-15.989027,11.512589],[-15.976512,11.522524]]],[[[-15.976512,11.522524],[-15.974435,11.521651],[-15.973325,11.524263],[-15.975989,11.522939],[-15.976512,11.522524]]],[[[-15.96432,11.528557],[-15.966755,11.524129],[-15.964491,11.524185],[-15.96432,11.528557]]],[[[-15.959274,11.532416],[-15.961521,11.531749],[-15.96059,11.529639],[-15.959274,11.532416]]],[[[-16.216978,11.535296],[-16.219864,11.535254],[-16.217345,11.534082],[-16.216978,11.535296]]],[[[-16.248816,11.540964],[-16.245907,11.579566],[-16.284434,11.593246],[-16.317712,11.555585],[-16.342528,11.542719],[-16.360669,11.557606],[-16.388468,11.559573],[-16.418833,11.529487],[-16.410253,11.504003],[-16.39641,11.49113],[-16.374089,11.503154],[-16.356282,11.494393],[-16.346328,11.502716],[-16.306755,11.48385],[-16.270803,11.501638],[-16.248816,11.540964]]],[[[-15.872788,11.549576],[-15.874851,11.548754],[-15.872463,11.546175],[-15.872788,11.549576]]],[[[-16.040725,11.550459],[-16.042921,11.550642],[-16.039941,11.548945],[-16.040725,11.550459]]],[[[-16.236589,11.55232],[-16.239924,11.553005],[-16.239206,11.54874],[-16.236589,11.55232]]],[[[-15.423879,11.561417],[-15.42426,11.558213],[-15.420554,11.557053],[-15.423879,11.561417]]],[[[-15.549999,11.57215],[-15.589513,11.571625],[-15.612225,11.535481],[-15.629484,11.52377],[-15.54653,11.501746],[-15.536654,11.516862],[-15.547587,11.540724],[-15.521427,11.539644],[-15.509823,11.565348],[-15.481578,11.548868],[-15.460204,11.555605],[-15.475119,11.569957],[-15.481524,11.590961],[-15.460162,11.634228],[-15.46875,11.638114],[-15.474287,11.626119],[-15.521825,11.613384],[-15.550701,11.584102],[-15.549999,11.57215]]],[[[-15.87131,11.579306],[-15.872981,11.578131],[-15.871017,11.578008],[-15.87131,11.579306]]],[[[-15.876839,11.607013],[-15.879948,11.606772],[-15.878257,11.603135],[-15.876839,11.607013]]],[[[-15.352908,11.608238],[-15.353367,11.607561],[-15.351402,11.606511],[-15.352908,11.608238]]],[[[-15.355753,11.611488],[-15.356425,11.611096],[-15.353665,11.60843],[-15.355753,11.611488]]],[[[-15.364987,11.633199],[-15.366212,11.633409],[-15.364077,11.630116],[-15.364987,11.633199]]],[[[-15.477217,11.635941],[-15.475476,11.634058],[-15.472784,11.635847],[-15.477217,11.635941]]],[[[-15.437249,11.657486],[-15.437806,11.65827],[-15.438682,11.655473],[-15.437249,11.657486]]],[[[-15.602287,11.706061],[-15.614014,11.703267],[-15.605952,11.690844],[-15.602287,11.706061]]],[[[-16.050075,11.750925],[-16.050725,11.749642],[-16.049204,11.7488],[-16.050075,11.750925]]],[[[-16.038148,11.756874],[-16.037269,11.755517],[-16.036025,11.756941],[-16.038148,11.756874]]],[[[-15.857537,11.758909],[-15.858464,11.756655],[-15.856805,11.75839],[-15.857537,11.758909]]],[[[-15.874015,11.764509],[-15.870689,11.751459],[-15.863377,11.761102],[-15.874015,11.764509]]],[[[-16.001776,11.806796],[-15.977433,11.828563],[-15.987546,11.842722],[-15.998773,11.830381],[-16.001776,11.806796]]],[[[-16.044125,11.886957],[-16.076595,11.865969],[-16.159014,11.873436],[-16.154963,11.809483],[-16.099251,11.782243],[-16.093195,11.758238],[-16.042412,11.759238],[-16.026677,11.784076],[-16.019853,11.820207],[-15.983778,11.88047],[-16.018294,11.891312],[-16.044125,11.886957]]],[[[-16.320009,11.840271],[-16.323491,11.835493],[-16.319684,11.835229],[-16.320009,11.840271]]],[[[-16.33003,11.84489],[-16.323647,11.839579],[-16.321537,11.844993],[-16.33003,11.84489]]],[[[-15.557548,11.853636],[-15.565091,11.854788],[-15.561837,11.848664],[-15.557548,11.853636]]],[[[-15.414978,11.876584],[-15.452443,11.861136],[-15.425776,11.841357],[-15.411192,11.854522],[-15.414978,11.876584]]],[[[-15.390453,11.880968],[-15.406042,11.878235],[-15.407179,11.859936],[-15.390453,11.880968]]],[[[-15.925689,11.884182],[-15.942251,11.872363],[-15.933835,11.873778],[-15.925689,11.884182]]],[[[-16.140416,11.878102],[-16.134602,11.877939],[-16.138361,11.879655],[-16.140416,11.878102]]],[[[-16.059705,11.883795],[-16.062909,11.885358],[-16.062966,11.880935],[-16.059705,11.883795]]],[[[-16.084421,11.886503],[-16.085027,11.883136],[-16.083503,11.884324],[-16.084421,11.886503]]],[[[-15.973216,11.906327],[-16.00749,11.900699],[-15.969183,11.901084],[-15.973216,11.906327]]],[[[-15.89929,11.906909],[-15.89915,11.90904],[-15.901699,11.906033],[-15.89929,11.906909]]],[[[-16.297586,11.964729],[-16.299963,11.907645],[-16.313635,11.869357],[-16.330386,11.853305],[-16.300479,11.847343],[-16.296136,11.855135],[-16.257105,11.839411],[-16.232419,11.839913],[-16.209793,11.849101],[-16.198131,11.86742],[-16.171875,11.874721],[-16.174208,11.88646],[-16.199582,11.887865],[-16.234277,11.909842],[-16.24428,11.889851],[-16.250874,11.893722],[-16.238576,11.917308],[-16.289916,11.978946],[-16.297586,11.964729]]],[[[-16.325253,11.958401],[-16.3268,11.956965],[-16.324724,11.957684],[-16.325253,11.958401]]],[[[-15.106476,11.961566],[-15.111632,11.961184],[-15.11221,11.955529],[-15.106476,11.961566]]],[[[-15.099889,11.96691],[-15.095297,11.965302],[-15.095392,11.970664],[-15.099889,11.96691]]],[[[-14.990726,11.971569],[-14.990656,11.967178],[-14.984044,11.964982],[-14.990726,11.971569]]],[[[-15.894766,11.960136],[-15.834162,12.004506],[-15.840074,12.011035],[-15.888923,11.984588],[-15.906381,11.958966],[-15.894766,11.960136]]],[[[-15.823082,11.99898],[-15.817873,11.993367],[-15.813319,11.999638],[-15.823082,11.99898]]],[[[-15.553851,12.736087],[-15.552585,12.735705],[-15.553397,12.737476],[-15.553851,12.736087]]],[[[-15.495755,12.806817],[-15.49762,12.804102],[-15.496364,12.803468],[-15.495755,12.806817]]],[[[-15.407802,12.819085],[-15.407967,12.816849],[-15.404137,12.816868],[-15.407802,12.819085]]],[[[-15.246056,12.829241],[-15.244836,12.826811],[-15.244245,12.826955],[-15.246056,12.829241]]],[[[-15.262692,12.856475],[-15.263641,12.856796],[-15.262061,12.854705],[-15.262692,12.856475]]],[[[-15.273146,12.86098],[-15.274588,12.860523],[-15.270688,12.860047],[-15.273146,12.86098]]],[[[-15.289404,12.862455],[-15.294763,12.86229],[-15.292131,12.860105],[-15.289404,12.862455]]],[[[-16.141637,13.244725],[-16.147391,13.236626],[-16.13753,13.237869],[-16.141637,13.244725]]],[[[-15.34667,13.460932],[-15.359994,13.44096],[-15.348152,13.438276],[-15.311645,13.454498],[-15.306262,13.473947],[-15.34667,13.460932]]],[[[-16.423977,16.139603],[-16.431036,16.152134],[-16.425228,16.131706],[-16.423977,16.139603]]],[[[-16.348619,16.288475],[-16.332966,16.309677],[-16.348132,16.331451],[-16.367092,16.306385],[-16.348619,16.288475]]],[[[-16.283351,16.492351],[-16.282945,16.485411],[-16.281875,16.485908],[-16.283351,16.492351]]],[[[-16.354306,19.695084],[-16.34002,19.727344],[-16.338262,19.754223],[-16.347583,19.747132],[-16.354306,19.695084]]],[[[-16.502359,19.721122],[-16.499668,19.676753],[-16.484765,19.677867],[-16.470999,19.713888],[-16.45009,19.620103],[-16.432794,19.598456],[-16.36577,19.701972],[-16.348272,19.766048],[-16.334941,19.777258],[-16.345316,19.789715],[-16.344325,19.827939],[-16.334287,19.848623],[-16.348622,19.863705],[-16.36396,19.861747],[-16.384233,19.828769],[-16.393897,19.835258],[-16.42124,19.819088],[-16.426922,19.755444],[-16.45764,19.72728],[-16.481525,19.742716],[-16.502359,19.721122]]],[[[-16.319486,19.797253],[-16.323762,19.797221],[-16.318507,19.794784],[-16.319486,19.797253]]],[[[-16.325585,19.797391],[-16.327762,19.796802],[-16.326059,19.795636],[-16.325585,19.797391]]],[[[-16.326398,19.83545],[-16.328839,19.832772],[-16.324094,19.832597],[-16.326398,19.83545]]],[[[-16.388256,19.846118],[-16.392388,19.846497],[-16.389886,19.841085],[-16.388256,19.846118]]],[[[-16.379391,19.8547],[-16.380798,19.852202],[-16.379876,19.852101],[-16.379391,19.8547]]],[[[-16.408677,19.865187],[-16.414797,19.862224],[-16.409779,19.857628],[-16.408677,19.865187]]],[[[-16.363424,19.867902],[-16.367353,19.867076],[-16.366867,19.863699],[-16.363424,19.867902]]],[[[-16.38471,19.877202],[-16.395242,19.866513],[-16.384511,19.863691],[-16.38471,19.877202]]],[[[-16.297947,19.872095],[-16.296484,19.870648],[-16.293481,19.871006],[-16.297947,19.872095]]],[[[-16.293779,20.002282],[-16.285097,19.991658],[-16.289771,20.00316],[-16.293779,20.002282]]],[[[-16.300676,20.016315],[-16.304464,20.008474],[-16.299047,20.007616],[-16.300676,20.016315]]],[[[-12.555251,7.384977],[-12.557086,7.384161],[-12.556687,7.382813],[-12.555251,7.384977]]],[[[-12.448737,7.411293],[-12.433372,7.412257],[-12.441857,7.418542],[-12.448737,7.411293]]],[[[-12.462582,7.416394],[-12.464937,7.415596],[-12.462859,7.415094],[-12.462582,7.416394]]],[[[-12.463258,7.41827],[-12.465459,7.419335],[-12.468536,7.416502],[-12.463258,7.41827]]],[[[-12.426813,7.418667],[-12.435258,7.420338],[-12.428338,7.417844],[-12.426813,7.418667]]],[[[-12.501926,7.434427],[-12.503975,7.433437],[-12.501125,7.428523],[-12.501926,7.434427]]],[[[-12.487284,7.441991],[-12.485669,7.440574],[-12.482781,7.440434],[-12.489935,7.445342],[-12.487284,7.441991]]],[[[-12.493708,7.447627],[-12.483539,7.430436],[-12.480503,7.436041],[-12.485669,7.440574],[-12.486183,7.440598],[-12.487284,7.441991],[-12.493708,7.447627]]],[[[-12.494647,7.452474],[-12.500136,7.447231],[-12.498189,7.445935],[-12.494647,7.452474]]],[[[-12.500641,7.468605],[-12.499748,7.465747],[-12.497984,7.467325],[-12.500641,7.468605]]],[[[-12.508966,7.470266],[-12.51466,7.470438],[-12.512123,7.465457],[-12.508966,7.470266]]],[[[-12.49387,7.500382],[-12.488987,7.511629],[-12.494557,7.514247],[-12.49387,7.500382]]],[[[-12.8106,7.538139],[-12.637836,7.481555],[-12.583812,7.454474],[-12.562564,7.425702],[-12.566725,7.408043],[-12.559359,7.38923],[-12.52931,7.393265],[-12.535957,7.425745],[-12.529812,7.467516],[-12.495136,7.499892],[-12.502056,7.53396],[-12.516953,7.559247],[-12.525253,7.561187],[-12.531215,7.556704],[-12.543242,7.542832],[-12.563922,7.547462],[-12.568406,7.548046],[-12.568545,7.548498],[-12.569612,7.548736],[-12.582483,7.585606],[-12.594856,7.589224],[-12.595595,7.60955],[-12.575502,7.61932],[-12.584233,7.633742],[-12.628418,7.64139],[-12.700605,7.636405],[-12.725081,7.622142],[-12.795979,7.62995],[-12.804725,7.618026],[-12.822439,7.624435],[-12.844218,7.614115],[-12.872061,7.61801],[-12.90777,7.604985],[-12.921768,7.591873],[-12.892885,7.573237],[-12.947786,7.579576],[-12.9567,7.569783],[-12.8106,7.538139]],[[-12.88638,7.56904],[-12.892885,7.573237],[-12.870193,7.570617],[-12.88638,7.56904]],[[-12.870031,7.569686],[-12.870193,7.570617],[-12.870106,7.570596],[-12.870031,7.569686]],[[-12.869749,7.566295],[-12.870031,7.569686],[-12.869467,7.566462],[-12.869749,7.566295]]],[[[-12.565294,7.613266],[-12.593726,7.59376],[-12.57997,7.585519],[-12.568545,7.548498],[-12.563922,7.547462],[-12.546517,7.545198],[-12.531215,7.556704],[-12.526978,7.56159],[-12.525253,7.561187],[-12.521582,7.563947],[-12.502686,7.547617],[-12.493335,7.564066],[-12.504748,7.585368],[-12.52732,7.601379],[-12.565294,7.613266]]],[[[-12.474736,7.522707],[-12.477177,7.513669],[-12.471372,7.512924],[-12.474736,7.522707]]],[[[-12.478362,7.523987],[-12.47816,7.521119],[-12.476285,7.520475],[-12.478362,7.523987]]],[[[-12.488928,7.535131],[-12.491122,7.528721],[-12.482531,7.52137],[-12.488928,7.535131]]],[[[-12.461164,7.542755],[-12.477784,7.540393],[-12.464216,7.522595],[-12.461164,7.542755]]],[[[-12.491856,7.546723],[-12.49724,7.543207],[-12.492876,7.535064],[-12.491856,7.546723]]],[[[-12.436809,7.547616],[-12.439021,7.544464],[-12.431915,7.544204],[-12.436809,7.547616]]],[[[-12.480589,7.550553],[-12.479109,7.542374],[-12.475006,7.543416],[-12.480589,7.550553]]],[[[-12.494702,7.556248],[-12.495134,7.557865],[-12.495906,7.555283],[-12.494702,7.556248]]],[[[-12.471734,7.580417],[-12.474897,7.573764],[-12.472766,7.572201],[-12.471734,7.580417]]],[[[-12.982576,7.578193],[-12.968305,7.587041],[-12.988674,7.592659],[-12.982576,7.578193]]],[[[-12.920681,7.587018],[-12.924979,7.592059],[-12.926089,7.58405],[-12.920681,7.587018]]],[[[-12.475836,7.596079],[-12.484368,7.591892],[-12.478307,7.581849],[-12.475836,7.596079]]],[[[-12.995795,7.591377],[-12.996441,7.588284],[-12.99419,7.587738],[-12.995795,7.591377]]],[[[-12.978642,7.592517],[-12.979771,7.593229],[-12.98028,7.590838],[-12.978642,7.592517]]],[[[-13.015066,7.600789],[-13.015229,7.591854],[-13.006763,7.595732],[-13.015066,7.600789]]],[[[-12.484865,7.617608],[-12.507164,7.618092],[-12.478395,7.604509],[-12.484865,7.617608]]],[[[-12.912742,7.618887],[-12.915348,7.618862],[-12.914801,7.617691],[-12.912742,7.618887]]],[[[-12.805105,7.622274],[-12.805957,7.620845],[-12.80378,7.620991],[-12.805105,7.622274]]],[[[-12.502187,7.631084],[-12.505185,7.627005],[-12.501342,7.628006],[-12.502187,7.631084]]],[[[-12.520171,7.631531],[-12.520496,7.628449],[-12.51692,7.629761],[-12.520171,7.631531]]],[[[-12.956028,7.631105],[-12.958421,7.629834],[-12.957282,7.629314],[-12.956028,7.631105]]],[[[-12.560486,7.6343],[-12.558478,7.630691],[-12.55407,7.632275],[-12.560486,7.6343]]],[[[-12.994287,7.642837],[-13.002951,7.632406],[-12.991346,7.633426],[-12.994287,7.642837]]],[[[-12.521463,7.625744],[-12.523835,7.641421],[-12.555131,7.654829],[-12.535012,7.62563],[-12.521463,7.625744]]],[[[-13.025405,7.661272],[-13.065058,7.640103],[-13.062606,7.626983],[-13.047302,7.630599],[-13.025405,7.661272]]],[[[-12.569159,7.655211],[-12.568852,7.651507],[-12.562292,7.649485],[-12.569159,7.655211]]],[[[-12.635804,7.66138],[-12.638188,7.659097],[-12.635284,7.657817],[-12.635804,7.66138]]],[[[-12.650902,7.657506],[-12.636917,7.662418],[-12.644993,7.662428],[-12.650902,7.657506]]],[[[-13.060098,7.676643],[-13.071232,7.671143],[-13.065656,7.669393],[-13.060098,7.676643]]],[[[-12.674134,7.679931],[-12.693336,7.68167],[-12.682436,7.673617],[-12.674134,7.679931]]],[[[-12.515777,7.715062],[-12.540398,7.699312],[-12.5269,7.694132],[-12.515777,7.715062]]],[[[-12.481543,7.750391],[-12.468396,7.725206],[-12.452181,7.731215],[-12.447085,7.754272],[-12.431133,7.770743],[-12.458815,7.764844],[-12.478906,7.769475],[-12.481543,7.750391]]],[[[-12.999764,7.909451],[-13.001608,7.907561],[-12.999529,7.907073],[-12.999764,7.909451]]],[[[-12.990368,7.913165],[-12.994827,7.908903],[-12.98445,7.910156],[-12.990368,7.913165]]],[[[-12.965839,7.915295],[-12.966329,7.913796],[-12.964796,7.914595],[-12.965839,7.915295]]],[[[-12.884066,7.951201],[-12.884455,7.947381],[-12.869269,7.94438],[-12.884066,7.951201]]],[[[-13.240904,8.097712],[-13.249558,8.09262],[-13.243927,8.092667],[-13.240904,8.097712]]],[[[-13.240579,8.101326],[-13.219015,8.10103],[-13.188324,8.139377],[-13.240579,8.101326]]],[[[-13.163682,8.203271],[-13.165439,8.203365],[-13.162961,8.20151],[-13.163682,8.203271]]],[[[-13.202302,8.307706],[-13.205154,8.306399],[-13.204281,8.304564],[-13.202302,8.307706]]],[[[-13.120159,8.4716],[-13.119153,8.469138],[-13.117153,8.470245],[-13.120159,8.4716]]],[[[-13.111649,8.47753],[-13.113888,8.476387],[-13.109783,8.474046],[-13.111649,8.47753]]],[[[-13.129224,8.539018],[-13.130963,8.539683],[-13.130169,8.536537],[-13.129224,8.539018]]],[[[-13.123335,8.546642],[-13.120457,8.537745],[-13.115519,8.546767],[-13.123335,8.546642]]],[[[-12.945317,8.531332],[-12.922521,8.547114],[-12.937225,8.555732],[-12.958313,8.554729],[-12.960011,8.539812],[-12.945317,8.531332]]],[[[-13.088761,8.563194],[-13.087024,8.537573],[-13.060701,8.545138],[-13.06032,8.564316],[-13.088761,8.563194]]],[[[-13.119722,8.564377],[-13.123301,8.563188],[-13.11975,8.559762],[-13.119722,8.564377]]],[[[-12.857767,8.564235],[-12.855762,8.56112],[-12.849478,8.562021],[-12.857767,8.564235]]],[[[-13.104902,8.566068],[-13.113572,8.565793],[-13.105972,8.559291],[-13.104902,8.566068]]],[[[-12.901259,8.563929],[-12.900854,8.56173],[-12.898511,8.563133],[-12.901259,8.563929]]],[[[-12.889517,8.565887],[-12.893051,8.566182],[-12.893164,8.562286],[-12.889517,8.565887]]],[[[-12.77465,8.563738],[-12.776088,8.572291],[-12.782279,8.557916],[-12.77465,8.563738]]],[[[-12.850202,8.566096],[-12.851778,8.565208],[-12.849071,8.564796],[-12.850202,8.566096]]],[[[-12.860337,8.566845],[-12.861623,8.565184],[-12.85816,8.565678],[-12.860337,8.566845]]],[[[-12.871767,8.569074],[-12.868428,8.568832],[-12.870459,8.569791],[-12.871767,8.569074]]],[[[-12.892146,8.570227],[-12.894798,8.572014],[-12.895314,8.566759],[-12.892146,8.570227]]],[[[-13.039833,8.57229],[-13.041095,8.567557],[-13.038902,8.569185],[-13.039833,8.57229]]],[[[-12.871334,8.571504],[-12.869193,8.570079],[-12.866439,8.570378],[-12.871334,8.571504]]],[[[-12.880548,8.571648],[-12.879772,8.570119],[-12.878887,8.572057],[-12.880548,8.571648]]],[[[-12.955863,8.573567],[-12.956139,8.570255],[-12.948512,8.569554],[-12.955863,8.573567]]],[[[-12.999012,8.574251],[-12.960291,8.568406],[-12.980151,8.583354],[-12.999012,8.574251]]],[[[-12.999111,8.579974],[-13.014201,8.579315],[-13.007813,8.575056],[-12.999111,8.579974]]],[[[-13.111215,8.593385],[-13.12456,8.566846],[-13.102506,8.585199],[-13.111215,8.593385]]],[[[-12.998487,8.582292],[-13.000543,8.582694],[-12.997964,8.581022],[-12.998487,8.582292]]],[[[-13.108764,8.599864],[-13.10961,8.596498],[-13.108257,8.596456],[-13.108764,8.599864]]],[[[-13.111304,8.84563],[-13.08779,8.840748],[-13.074639,8.844518],[-13.111304,8.84563]]],[[[-13.140977,8.846753],[-13.14428,8.844107],[-13.133448,8.84463],[-13.140977,8.846753]]],[[[-13.053458,8.850126],[-13.058588,8.847605],[-13.056769,8.846901],[-13.053458,8.850126]]],[[[-13.142341,8.850138],[-13.154053,8.851085],[-13.144104,8.847849],[-13.142341,8.850138]]],[[[-13.093499,8.85215],[-13.1026,8.848624],[-13.09348,8.846999],[-13.093499,8.85215]]],[[[-12.997107,8.854334],[-12.988653,8.84578],[-12.983258,8.846322],[-12.997107,8.854334]]],[[[-13.156906,8.856847],[-13.155665,8.853234],[-13.150815,8.853812],[-13.156906,8.856847]]],[[[-13.151788,8.862268],[-13.146891,8.855001],[-13.137742,8.854004],[-13.151788,8.862268]]],[[[-13.157353,8.860798],[-13.157964,8.858938],[-13.152143,8.856679],[-13.157353,8.860798]]],[[[-13.166799,8.876806],[-13.15879,8.869192],[-13.151049,8.866912],[-13.166799,8.876806]]],[[[-13.162891,8.886532],[-13.172574,8.884793],[-13.146606,8.868144],[-13.162891,8.886532]]],[[[-13.249323,8.881228],[-13.250862,8.880146],[-13.247308,8.880222],[-13.249323,8.881228]]],[[[-13.160426,8.892676],[-13.165294,8.894034],[-13.160203,8.889767],[-13.160426,8.892676]]],[[[-13.171114,8.894279],[-13.171587,8.89106],[-13.169238,8.891318],[-13.171114,8.894279]]],[[[-13.156452,8.904899],[-13.160915,8.904924],[-13.158579,8.901925],[-13.156452,8.904899]]],[[[-13.198718,8.896791],[-13.214055,8.915894],[-13.23698,8.920084],[-13.238228,8.896404],[-13.225267,8.886784],[-13.198718,8.896791]]],[[[-13.204319,8.911415],[-13.202321,8.906691],[-13.1966,8.906527],[-13.204319,8.911415]]],[[[-13.117106,8.922822],[-13.136961,8.921304],[-13.143285,8.898059],[-13.117106,8.922822]]],[[[-13.322647,9.182732],[-13.325886,9.182757],[-13.324072,9.175746],[-13.322647,9.182732]]],[[[-13.442845,9.269559],[-13.437804,9.271399],[-13.440616,9.27326],[-13.442845,9.269559]]],[[[-13.27128,9.298786],[-13.276279,9.2967],[-13.272788,9.294276],[-13.27128,9.298786]]],[[[-13.75928,9.439418],[-13.769092,9.432981],[-13.764848,9.432791],[-13.75928,9.439418]]],[[[-13.799705,9.458282],[-13.784329,9.46249],[-13.793589,9.464599],[-13.799705,9.458282]]],[[[-13.755074,9.446909],[-13.741248,9.460982],[-13.755059,9.492188],[-13.769694,9.498801],[-13.749997,9.469408],[-13.755074,9.446909]]],[[[-13.840832,9.468097],[-13.83154,9.463957],[-13.7968,9.511031],[-13.803238,9.51596],[-13.840832,9.468097]]],[[[-13.700691,9.736633],[-13.698367,9.736192],[-13.69872,9.734806],[-13.695527,9.733328],[-13.643888,9.771397],[-13.634187,9.795604],[-13.663284,9.825768],[-13.687932,9.821573],[-13.700718,9.802618],[-13.707679,9.820241],[-13.731051,9.8167],[-13.747198,9.805351],[-13.757669,9.769947],[-13.72739,9.748076],[-13.700545,9.735651],[-13.700691,9.736633]]],[[[-13.69872,9.734806],[-13.700545,9.735651],[-13.699793,9.730598],[-13.69872,9.734806]]],[[[-13.780673,9.832093],[-13.774497,9.810705],[-13.764392,9.812551],[-13.756384,9.832489],[-13.713304,9.867119],[-13.780673,9.832093]]],[[[-13.679128,9.90976],[-13.684699,9.923091],[-13.692653,9.895065],[-13.679128,9.90976]]],[[[-14.054495,10.125406],[-14.06756,10.11816],[-14.05852,10.101528],[-14.035334,10.110672],[-14.054495,10.125406]]],[[[-14.047258,10.130083],[-14.050532,10.125615],[-14.048093,10.123675],[-14.047258,10.130083]]],[[[-14.46854,10.28008],[-14.471385,10.278924],[-14.471408,10.274848],[-14.46854,10.28008]]],[[[-14.57176,10.771565],[-14.575211,10.763264],[-14.574072,10.759625],[-14.57176,10.771565]]],[[[-14.9547,10.841063],[-14.949283,10.834265],[-14.951677,10.84211],[-14.9547,10.841063]]],[[[-14.896733,10.883588],[-14.897583,10.884655],[-14.89439,10.887424],[-14.885782,10.901515],[-14.895039,10.919063],[-14.936129,10.86082],[-14.91697,10.812029],[-14.887803,10.817397],[-14.87803,10.841796],[-14.882372,10.865552],[-14.886291,10.870473],[-14.898314,10.880999],[-14.896733,10.883588]]],[[[-14.875384,10.856777],[-14.867946,10.877461],[-14.881527,10.898581],[-14.89439,10.887424],[-14.896733,10.883588],[-14.886291,10.870473],[-14.882697,10.867327],[-14.882372,10.865552],[-14.875384,10.856777]]],[[[-14.851455,10.898438],[-14.856846,10.928152],[-14.88404,10.945833],[-14.887566,10.922338],[-14.877225,10.902535],[-14.851455,10.898438]]],[[[-14.711247,11.005684],[-14.700383,11.00625],[-14.703424,11.016765],[-14.711247,11.005684]]],[[[-14.712055,11.01721],[-14.717398,11.015525],[-14.714616,11.013131],[-14.712055,11.01721]]],[[[-14.712373,11.022003],[-14.714606,11.021145],[-14.713882,11.020283],[-14.712373,11.022003]]],[[[-14.859279,11.100523],[-14.858149,11.097765],[-14.857736,11.098117],[-14.859279,11.100523]]],[[[-7.541721,4.375931],[-7.544467,4.375703],[-7.540105,4.374254],[-7.541721,4.375931]]],[[[-7.549946,4.378586],[-7.555222,4.37767],[-7.545702,4.373777],[-7.549946,4.378586]]],[[[-6.6689,4.728624],[-6.671502,4.7273],[-6.669875,4.725259],[-6.6689,4.728624]]],[[[-2.034402,4.753753],[-2.036307,4.753399],[-2.035526,4.751253],[-2.034402,4.753753]]],[[[-1.739864,4.885905],[-1.736319,4.885963],[-1.738827,4.887595],[-1.739864,4.885905]]],[[[-6.106963,4.975781],[-6.106565,4.97401],[-6.103511,4.972759],[-6.106963,4.975781]]],[[[-2.939395,5.097414],[-2.939837,5.09621],[-2.937453,5.096616],[-2.939395,5.097414]]],[[[-5.59674,5.101924],[-5.600327,5.099446],[-5.595586,5.097656],[-5.59674,5.101924]]],[[[-2.954357,5.102745],[-2.956874,5.102498],[-2.953408,5.101182],[-2.954357,5.102745]]],[[[-2.954473,5.111241],[-2.951853,5.110931],[-2.953565,5.112783],[-2.954473,5.111241]]],[[[-3.164881,5.1526],[-3.168491,5.150141],[-3.168594,5.143158],[-3.164881,5.1526]]],[[[-3.289151,5.158394],[-3.293062,5.160435],[-3.298216,5.154353],[-3.289151,5.158394]]],[[[-3.279946,5.162977],[-3.268194,5.150594],[-3.259296,5.170054],[-3.279946,5.162977]]],[[[-3.212127,5.162352],[-3.214973,5.159627],[-3.213856,5.158489],[-3.212127,5.162352]]],[[[-3.285861,5.160298],[-3.285878,5.175176],[-3.313658,5.179221],[-3.285861,5.160298]]],[[[-3.274081,5.177442],[-3.277701,5.179164],[-3.281437,5.166155],[-3.274081,5.177442]]],[[[-3.286549,5.184106],[-3.289476,5.181715],[-3.282314,5.178974],[-3.286549,5.184106]]],[[[-4.645637,5.231619],[-4.649034,5.223642],[-4.643599,5.22436],[-4.645637,5.231619]]],[[[-4.630681,5.232433],[-4.629943,5.22772],[-4.627801,5.231202],[-4.630681,5.232433]]],[[[-3.726702,5.244978],[-3.731122,5.235339],[-3.721169,5.234235],[-3.726702,5.244978]]],[[[-4.44453,5.272169],[-4.439723,5.270051],[-4.442293,5.273438],[-4.44453,5.272169]]],[[[-6.261639,5.280381],[-6.263798,5.280727],[-6.260916,5.279462],[-6.261639,5.280381]]],[[[-4.259675,5.286108],[-4.261721,5.282673],[-4.257828,5.282641],[-4.259675,5.286108]]],[[[-3.791351,5.286919],[-3.79504,5.281916],[-3.790616,5.282723],[-3.791351,5.286919]]],[[[-4.015449,5.290388],[-4.016804,5.290562],[-4.016054,5.288548],[-4.015449,5.290388]]],[[[-4.230624,5.291061],[-4.232424,5.288628],[-4.230145,5.28841],[-4.230624,5.291061]]],[[[-4.313347,5.288666],[-4.317815,5.299742],[-4.323792,5.283296],[-4.313347,5.288666]]],[[[-4.424141,5.294229],[-4.426536,5.293468],[-4.425337,5.292547],[-4.424141,5.294229]]],[[[-4.4472,5.294033],[-4.445551,5.292522],[-4.443849,5.294788],[-4.4472,5.294033]]],[[[-3.81937,5.296615],[-3.823871,5.301365],[-3.822233,5.296592],[-3.81937,5.296615]]],[[[-3.904648,5.317626],[-3.902903,5.311253],[-3.900582,5.313547],[-3.904648,5.317626]]],[[[-3.919218,5.311133],[-3.915835,5.317201],[-3.926207,5.321016],[-3.919218,5.311133]]],[[[-6.340732,5.385466],[-6.33632,5.383809],[-6.338365,5.385394],[-6.340732,5.385466]]],[[[0.683781,5.780736],[0.679941,5.778153],[0.684078,5.778133],[0.683781,5.780736]]],[[[0.66143,5.784607],[0.658414,5.782706],[0.664518,5.776894],[0.66143,5.784607]]],[[[0.527043,5.785376],[0.524647,5.78504],[0.528078,5.783637],[0.527043,5.785376]]],[[[0.647225,5.803083],[0.664684,5.787255],[0.653177,5.811518],[0.647225,5.803083]]],[[[0.454584,5.807235],[0.45289,5.808142],[0.453145,5.806813],[0.454584,5.807235]]],[[[0.660878,5.810707],[0.659172,5.810109],[0.661565,5.808101],[0.660878,5.810707]]],[[[0.451517,5.812564],[0.449459,5.809672],[0.453143,5.81017],[0.451517,5.812564]]],[[[0.46507,5.815534],[0.464523,5.807171],[0.467447,5.807485],[0.46507,5.815534]]],[[[0.454866,5.819209],[0.456854,5.81594],[0.461067,5.816296],[0.454866,5.819209]]],[[[0.46008,5.821075],[0.46483,5.816733],[0.465008,5.820647],[0.46008,5.821075]]],[[[0.891513,5.828188],[0.889306,5.82642],[0.89142,5.825104],[0.891513,5.828188]]],[[[0.436594,5.814699],[0.466061,5.825879],[0.451633,5.841604],[0.436594,5.814699]]],[[[0.897479,5.829232],[0.893288,5.829985],[0.894699,5.828454],[0.897479,5.829232]]],[[[0.471815,5.832711],[0.46633,5.840671],[0.460181,5.838387],[0.471815,5.832711]]],[[[0.436476,5.838581],[0.433706,5.838588],[0.436757,5.835866],[0.436476,5.838581]]],[[[4.996117,5.862885],[4.998544,5.858883],[4.999498,5.858854],[4.996117,5.862885]]],[[[4.98993,5.871273],[4.992904,5.866459],[4.994149,5.866127],[4.98993,5.871273]]],[[[0.93764,5.883649],[0.926575,5.875293],[0.944442,5.877654],[0.93764,5.883649]]],[[[4.979815,5.887162],[4.977964,5.886041],[4.987456,5.874977],[4.979815,5.887162]]],[[[0.646913,5.885396],[0.645518,5.883675],[0.646923,5.882603],[0.646913,5.885396]]],[[[0.88617,5.906628],[0.879684,5.902544],[0.882997,5.90219],[0.88617,5.906628]]],[[[0.905785,5.917128],[0.896766,5.913384],[0.900219,5.911741],[0.905785,5.917128]]],[[[0.637624,5.918482],[0.63245,5.920584],[0.638504,5.912851],[0.637624,5.918482]]],[[[-10.023833,5.922082],[-10.02761,5.922895],[-10.027177,5.919309],[-10.023833,5.922082]]],[[[0.899531,5.922261],[0.896187,5.922139],[0.89642,5.920662],[0.899531,5.922261]]],[[[0.904376,5.925237],[0.901389,5.923464],[0.90424,5.922994],[0.904376,5.925237]]],[[[0.640142,5.92843],[0.636691,5.930179],[0.641028,5.92222],[0.640142,5.92843]]],[[[0.627648,5.929664],[0.626334,5.926423],[0.631742,5.92326],[0.627648,5.929664]]],[[[0.946097,5.979707],[0.95254,5.987397],[0.938388,5.986886],[0.946097,5.979707]]],[[[0.978346,5.989199],[0.971207,5.988979],[0.976836,5.987362],[0.978346,5.989199]]],[[[0.940116,5.991162],[0.937366,5.989419],[0.940387,5.988994],[0.940116,5.991162]]],[[[0.966763,5.997286],[0.969803,6.00044],[0.96127,6.002651],[0.966763,5.997286]]],[[[0.951839,6.002476],[0.950037,6.003734],[0.95066,6.000897],[0.951839,6.002476]]],[[[0.927806,6.005177],[0.925622,6.004883],[0.926414,6.00183],[0.927806,6.005177]]],[[[0.970894,6.002278],[0.984345,5.99809],[0.983923,6.012588],[0.970894,6.002278]]],[[[0.977304,6.012815],[0.974476,6.011089],[0.979663,6.010791],[0.977304,6.012815]]],[[[0.529523,6.03573],[0.532287,6.020283],[0.546242,6.021743],[0.529523,6.03573]]],[[[1.856904,6.284929],[1.903385,6.289881],[1.892485,6.29223],[1.856904,6.284929]]],[[[1.869813,6.289308],[1.870377,6.28802],[1.87336,6.289635],[1.869813,6.289308]]],[[[1.86105,6.289993],[1.85645,6.290471],[1.855382,6.287323],[1.86105,6.289993]]],[[[1.873638,6.292059],[1.875756,6.29053],[1.878134,6.291704],[1.873638,6.292059]]],[[[1.928945,6.294499],[1.931685,6.293917],[1.932545,6.294305],[1.928945,6.294499]]],[[[1.90556,6.295177],[1.902441,6.295726],[1.904895,6.294278],[1.90556,6.295177]]],[[[1.939829,6.29671],[1.932975,6.295323],[1.937834,6.294731],[1.939829,6.29671]]],[[[1.936533,6.297797],[1.933033,6.29827],[1.934673,6.296529],[1.936533,6.297797]]],[[[1.916878,6.298527],[1.912564,6.297652],[1.915896,6.297064],[1.916878,6.298527]]],[[[1.941305,6.299808],[1.943181,6.29856],[1.945791,6.299329],[1.941305,6.299808]]],[[[1.952585,6.301646],[1.946596,6.29952],[1.954821,6.300756],[1.952585,6.301646]]],[[[1.917918,6.299666],[1.928046,6.299819],[1.922207,6.302541],[1.917918,6.299666]]],[[[2.478834,6.39606],[2.483202,6.387684],[2.486538,6.38717],[2.478834,6.39606]]],[[[4.466895,6.397807],[4.464491,6.396018],[4.470196,6.394683],[4.466895,6.397807]]],[[[2.489261,6.40014],[2.488264,6.399395],[2.491271,6.399318],[2.489261,6.40014]]],[[[2.388692,6.406],[2.392688,6.400074],[2.392847,6.403243],[2.388692,6.406]]],[[[2.49114,6.407424],[2.489488,6.405849],[2.492549,6.404457],[2.49114,6.407424]]],[[[3.184451,6.411114],[3.186556,6.409029],[3.186935,6.410989],[3.184451,6.411114]]],[[[4.294554,6.412086],[4.290823,6.409767],[4.292954,6.408367],[4.294554,6.412086]]],[[[4.314866,6.410911],[4.322764,6.422426],[4.30159,6.426055],[4.293572,6.414716],[4.314866,6.410911]]],[[[4.225912,6.421822],[4.228414,6.41805],[4.238372,6.418168],[4.225912,6.421822]]],[[[3.380469,6.427321],[3.374056,6.432101],[3.343993,6.421657],[3.348614,6.412753],[3.380469,6.427321]]],[[[4.1594,6.431713],[4.157743,6.424977],[4.166711,6.424941],[4.1594,6.431713]]],[[[3.33317,6.435133],[3.343434,6.428623],[3.360663,6.436408],[3.33317,6.435133]]],[[[4.209555,6.429933],[4.220313,6.448288],[4.199499,6.451099],[4.166288,6.437271],[4.177861,6.425254],[4.209555,6.429933]]],[[[2.376534,6.452849],[2.378696,6.462255],[2.372812,6.461903],[2.376534,6.452849]]],[[[2.378288,6.466177],[2.376431,6.46436],[2.379988,6.464162],[2.378288,6.466177]]],[[[2.457765,6.492835],[2.457322,6.491269],[2.458687,6.490618],[2.457765,6.492835]]],[[[4.060627,6.499184],[4.058615,6.499746],[4.060323,6.497997],[4.060627,6.499184]]],[[[2.433709,6.500335],[2.440971,6.499329],[2.438562,6.500471],[2.433709,6.500335]]],[[[3.56184,6.520684],[3.559535,6.523936],[3.558295,6.521966],[3.56184,6.520684]]],[[[-11.055003,6.57612],[-11.055579,6.57525],[-11.051816,6.573231],[-11.055003,6.57612]]],[[[-11.074815,6.601665],[-11.07504,6.596796],[-11.07267,6.594129],[-11.074815,6.601665]]],[[[-11.317803,6.752059],[-11.325478,6.74202],[-11.315199,6.741172],[-11.317803,6.752059]]],[[[-11.330068,6.752613],[-11.328775,6.750095],[-11.325951,6.751781],[-11.330068,6.752613]]],[[[-11.342148,6.754632],[-11.340832,6.754349],[-11.341805,6.75661],[-11.342148,6.754632]]],[[[-11.535324,6.943735],[-11.508153,6.928579],[-11.508618,6.930354],[-11.535324,6.943735]]],[[[-11.574437,6.987414],[-11.585773,6.980321],[-11.583166,6.973678],[-11.574437,6.987414]]],[[[-11.578041,6.988586],[-11.580326,6.987092],[-11.577291,6.987478],[-11.578041,6.988586]]],[[[-11.620699,6.997161],[-11.619887,6.994379],[-11.619063,6.996555],[-11.620699,6.997161]]],[[[-12.369028,7.549133],[-12.380607,7.54116],[-12.371263,7.540753],[-12.369028,7.549133]]],[[[-12.363506,7.553661],[-12.367613,7.55032],[-12.365356,7.548223],[-12.363506,7.553661]]],[[[5.617206,-1.450903],[5.628555,-1.46698],[5.651641,-1.4599],[5.654833,-1.4355],[5.635484,-1.405211],[5.61705,-1.410348],[5.625872,-1.443251],[5.617206,-1.450903]]],[[[5.980498,4.353294],[5.979769,4.349988],[5.981082,4.350542],[5.980498,4.353294]]],[[[5.980835,4.365216],[5.976563,4.359933],[5.98642,4.359921],[5.980835,4.365216]]],[[[5.979043,4.36981],[5.977479,4.36782],[5.978356,4.367895],[5.979043,4.36981]]],[[[6.129958,4.431958],[6.125473,4.42423],[6.131601,4.42423],[6.129958,4.431958]]],[[[5.866761,4.436134],[5.861808,4.434152],[5.863936,4.434193],[5.866761,4.436134]]],[[[5.436198,4.94547],[5.438953,4.944049],[5.437851,4.946805],[5.436198,4.94547]]],[[[5.45049,5.11198],[5.467504,5.113715],[5.452097,5.12721],[5.45049,5.11198]]],[[[5.449596,5.128056],[5.44193,5.127719],[5.448061,5.116742],[5.449596,5.128056]]],[[[5.496346,5.357572],[5.499161,5.356752],[5.506076,5.359612],[5.496346,5.357572]]],[[[5.462098,5.364874],[5.511972,5.362689],[5.49375,5.376751],[5.462098,5.364874]]],[[[5.50779,5.377511],[5.53416,5.366738],[5.541476,5.387081],[5.50779,5.377511]]],[[[5.572909,5.384276],[5.563405,5.383263],[5.574162,5.377398],[5.572909,5.384276]]],[[[5.508887,5.387585],[5.504413,5.385542],[5.513108,5.382752],[5.508887,5.387585]]],[[[5.501272,5.388556],[5.529003,5.386838],[5.513306,5.394932],[5.501272,5.388556]]],[[[5.509204,5.397748],[5.507369,5.397309],[5.508923,5.396794],[5.509204,5.397748]]],[[[5.51981,5.404331],[5.515993,5.395678],[5.525075,5.399852],[5.51981,5.404331]]],[[[5.397863,5.483675],[5.395796,5.484198],[5.396733,5.482187],[5.397863,5.483675]]],[[[5.391522,5.503123],[5.401755,5.523803],[5.363308,5.538352],[5.356452,5.510183],[5.375111,5.475208],[5.393994,5.475359],[5.391522,5.503123]]],[[[5.590659,5.522068],[5.582537,5.517264],[5.588942,5.517892],[5.590659,5.522068]]],[[[5.612525,5.529127],[5.606524,5.536662],[5.608327,5.521402],[5.612525,5.529127]]],[[[5.508934,5.592576],[5.538404,5.605332],[5.537139,5.615601],[5.522993,5.619361],[5.49042,5.605682],[5.508934,5.592576]]],[[[5.505534,5.941239],[5.504762,5.940732],[5.505837,5.938222],[5.505534,5.941239]]],[[[6.51131,-0.008124],[6.524361,-0.013547],[6.528805,0.003873],[6.51131,-0.008124]]],[[[6.478561,0.131508],[6.479915,0.129279],[6.481462,0.131458],[6.478561,0.131508]]],[[[6.481587,0.138702],[6.480046,0.137156],[6.484642,0.137188],[6.481587,0.138702]]],[[[6.461329,0.22497],[6.468199,0.1863],[6.478562,0.173523],[6.477999,0.146017],[6.496314,0.123937],[6.490854,0.110828],[6.512321,0.106332],[6.518199,0.078147],[6.506436,0.047229],[6.511504,0.02518],[6.534026,0.028298],[6.539919,0.047395],[6.558316,0.03612],[6.569923,0.084419],[6.598745,0.075637],[6.614858,0.081193],[6.621786,0.097484],[6.651931,0.107136],[6.646928,0.130216],[6.673214,0.145507],[6.674723,0.160426],[6.706607,0.201284],[6.748863,0.240667],[6.746292,0.27725],[6.762449,0.293493],[6.741753,0.318578],[6.740458,0.346069],[6.725817,0.341915],[6.715305,0.360615],[6.720098,0.381368],[6.702342,0.38482],[6.689308,0.404778],[6.66443,0.412149],[6.608871,0.407506],[6.604787,0.395829],[6.561764,0.358998],[6.545604,0.360297],[6.522777,0.331824],[6.492189,0.318068],[6.481782,0.275221],[6.466268,0.262416],[6.461329,0.22497]]],[[[6.759489,0.242399],[6.758198,0.240098],[6.761694,0.241094],[6.759489,0.242399]]],[[[6.7178,0.411635],[6.712783,0.4082],[6.714457,0.405247],[6.7178,0.411635]]],[[[7.292148,1.344746],[7.289487,1.342124],[7.291442,1.339118],[7.292148,1.344746]]],[[[7.284414,1.382625],[7.281629,1.383607],[7.282696,1.380337],[7.284414,1.382625]]],[[[6.440523,4.308358],[6.43922,4.307607],[6.440986,4.304845],[6.440523,4.308358]]],[[[6.262068,4.356341],[6.259025,4.347992],[6.264338,4.34834],[6.262068,4.356341]]],[[[6.311224,4.375948],[6.308455,4.387214],[6.301919,4.40232],[6.266461,4.359576],[6.294878,4.360322],[6.311224,4.375948]]],[[[6.340708,4.421134],[6.321308,4.426531],[6.303466,4.407511],[6.308455,4.387214],[6.312713,4.377372],[6.311224,4.375948],[6.312147,4.37219],[6.296873,4.359236],[6.257396,4.345901],[6.237697,4.309944],[6.239589,4.293832],[6.284734,4.292211],[6.417506,4.309252],[6.391137,4.337122],[6.378445,4.363392],[6.348566,4.375742],[6.340708,4.421134]]],[[[6.250848,4.37751],[6.24229,4.365956],[6.248331,4.360344],[6.250848,4.37751]]],[[[6.97066,4.379022],[6.968659,4.378384],[6.971553,4.374807],[6.97066,4.379022]]],[[[6.248061,4.3896],[6.245095,4.389318],[6.246273,4.384346],[6.248061,4.3896]]],[[[6.294727,4.404685],[6.291781,4.403107],[6.293454,4.403249],[6.294727,4.404685]]],[[[6.862642,4.396935],[6.946781,4.375599],[6.968596,4.379773],[6.966271,4.399923],[6.933898,4.411157],[6.918038,4.439235],[6.912898,4.448821],[6.91146,4.449461],[6.911493,4.451442],[6.905982,4.461719],[6.876061,4.440068],[6.870163,4.442919],[6.855637,4.446788],[6.848533,4.439112],[6.862642,4.396935]]],[[[6.837199,4.500134],[6.82261,4.510134],[6.846418,4.449243],[6.855637,4.446788],[6.857654,4.448967],[6.870163,4.442919],[6.874143,4.441859],[6.908747,4.474211],[6.89339,4.485806],[6.888056,4.481708],[6.880986,4.475022],[6.880236,4.475698],[6.877991,4.473973],[6.875581,4.479897],[6.852435,4.500777],[6.848287,4.503427],[6.837199,4.500134]]],[[[6.837367,4.511041],[6.843073,4.519838],[6.851378,4.50173],[6.852435,4.500777],[6.872236,4.488122],[6.875581,4.479897],[6.880236,4.475698],[6.888056,4.481708],[6.893792,4.487132],[6.905167,4.480687],[6.941531,4.534849],[6.911866,4.473844],[6.911493,4.451442],[6.912898,4.448821],[6.944971,4.434544],[6.946843,4.434777],[6.959462,4.428395],[6.959545,4.428056],[6.961653,4.427117],[6.972176,4.385751],[6.989798,4.374073],[7.020026,4.397845],[6.997934,4.420613],[6.991842,4.469531],[6.978176,4.490749],[6.973311,4.525785],[6.961744,4.544799],[6.915169,4.571289],[6.923892,4.589441],[6.912621,4.599156],[6.912452,4.59915],[6.912075,4.599628],[6.905413,4.60537],[6.895444,4.596169],[6.892903,4.59755],[6.892496,4.597166],[6.873717,4.597442],[6.865774,4.60181],[6.855786,4.599569],[6.847253,4.605726],[6.813512,4.573747],[6.811021,4.554161],[6.821754,4.516874],[6.833589,4.505216],[6.837168,4.510735],[6.837162,4.511153],[6.837367,4.511041]],[[6.94224,4.541434],[6.94444,4.539676],[6.942949,4.537855],[6.94224,4.541434]]],[[[6.837168,4.510735],[6.837319,4.500689],[6.848418,4.505013],[6.837367,4.511041],[6.837168,4.510735]]],[[[6.84625,4.64557],[6.8199,4.643334],[6.840604,4.615653],[6.865774,4.60181],[6.879431,4.604874],[6.892903,4.59755],[6.904829,4.608809],[6.912075,4.599628],[6.912621,4.599156],[6.93926,4.600178],[6.898942,4.682164],[6.864474,4.706979],[6.82727,4.706434],[6.821284,4.684636],[6.837546,4.659191],[6.837978,4.660203],[6.840824,4.65406],[6.84625,4.64557]]],[[[6.837546,4.659191],[6.832016,4.646253],[6.843809,4.647618],[6.840824,4.65406],[6.837546,4.659191]]],[[[6.925764,4.432149],[6.934881,4.413375],[6.964503,4.407795],[6.959545,4.428056],[6.944971,4.434544],[6.925764,4.432149]]],[[[6.675912,4.431769],[6.673093,4.422374],[6.679688,4.416574],[6.675912,4.431769]]],[[[6.252729,4.444519],[6.248406,4.435724],[6.254881,4.426644],[6.252729,4.444519]]],[[[7.170258,4.45717],[7.133336,4.401929],[7.136427,4.384612],[7.209385,4.380793],[7.325147,4.417431],[7.317956,4.434797],[7.312517,4.475843],[7.301451,4.470615],[7.296832,4.466843],[7.281416,4.483901],[7.270749,4.480301],[7.264473,4.477193],[7.263661,4.477909],[7.261577,4.477206],[7.234644,4.502883],[7.219214,4.50578],[7.199471,4.493533],[7.199886,4.47856],[7.22682,4.472031],[7.232058,4.448318],[7.223617,4.44794],[7.201964,4.438241],[7.198504,4.438763],[7.19593,4.435711],[7.179443,4.441491],[7.170258,4.45717]]],[[[7.184493,4.471576],[7.175887,4.460024],[7.180473,4.441486],[7.198504,4.438763],[7.205562,4.447133],[7.223617,4.44794],[7.223759,4.448004],[7.218639,4.471752],[7.184493,4.471576]]],[[[7.238166,4.536576],[7.214643,4.511422],[7.234374,4.503721],[7.263661,4.477909],[7.270749,4.480301],[7.28108,4.485418],[7.296701,4.468371],[7.301451,4.470615],[7.312062,4.47928],[7.312517,4.475843],[7.318346,4.478596],[7.32994,4.495677],[7.281063,4.493076],[7.258562,4.504099],[7.238166,4.536576]]],[[[7.225376,4.450126],[7.224728,4.448236],[7.227378,4.44857],[7.225376,4.450126]]],[[[7.226588,4.456622],[7.227572,4.454886],[7.229071,4.454906],[7.226588,4.456622]]],[[[6.339306,4.476059],[6.336651,4.472342],[6.34455,4.465757],[6.339306,4.476059]]],[[[7.133631,4.563949],[7.112011,4.564798],[7.097493,4.583624],[7.080838,4.582886],[7.082084,4.569281],[7.082114,4.569299],[7.082214,4.567867],[7.083225,4.556831],[7.104105,4.540417],[7.119569,4.508728],[7.13064,4.517138],[7.13107,4.517748],[7.131489,4.517782],[7.147105,4.529644],[7.147371,4.521354],[7.147541,4.521076],[7.147379,4.521097],[7.147444,4.51908],[7.149191,4.519222],[7.147498,4.517366],[7.147645,4.512777],[7.125774,4.493553],[7.125486,4.493236],[7.125854,4.481206],[7.115318,4.484362],[7.114433,4.483584],[7.10881,4.464676],[7.154018,4.464466],[7.172617,4.499128],[7.175106,4.527866],[7.133631,4.563949]]],[[[7.131489,4.517782],[7.13064,4.517138],[7.108919,4.486279],[7.115318,4.484362],[7.125774,4.493553],[7.147498,4.517366],[7.147444,4.51908],[7.131489,4.517782]]],[[[7.082084,4.569281],[7.070614,4.56231],[7.082748,4.560209],[7.082214,4.567867],[7.082084,4.569281]]],[[[7.117538,4.507931],[7.103879,4.53874],[7.081565,4.557831],[7.052864,4.556271],[7.060824,4.524587],[7.075574,4.50542],[7.061234,4.482791],[7.077051,4.459025],[7.10541,4.450921],[7.106014,4.486729],[7.117538,4.507931]]],[[[7.053682,4.527889],[7.046044,4.57796],[6.996306,4.598587],[7.022673,4.44368],[7.036703,4.435419],[7.073829,4.445276],[7.056493,4.477536],[7.070264,4.504323],[7.053682,4.527889]]],[[[6.703946,4.528968],[6.699063,4.52412],[6.702341,4.521113],[6.703946,4.528968]]],[[[7.276863,4.552692],[7.271786,4.542725],[7.279089,4.543728],[7.276863,4.552692]]],[[[7.280831,4.556369],[7.27344,4.555157],[7.275932,4.553496],[7.280831,4.556369]]],[[[7.285089,4.556457],[7.282483,4.556803],[7.283576,4.554146],[7.285089,4.556457]]],[[[7.274967,4.5589],[7.275347,4.557052],[7.276739,4.558538],[7.274967,4.5589]]],[[[6.918747,4.571623],[6.943501,4.565701],[6.966486,4.549387],[6.984773,4.518749],[6.977155,4.592523],[6.948958,4.602072],[6.931656,4.595648],[6.918747,4.571623]]],[[[6.723033,4.562798],[6.722133,4.561076],[6.722452,4.560422],[6.723033,4.562798]]],[[[7.272387,4.56021],[7.275767,4.560052],[7.2737,4.564165],[7.272387,4.56021]]],[[[7.067096,4.574732],[7.058371,4.562065],[7.065591,4.559901],[7.067096,4.574732]]],[[[7.279344,4.558951],[7.299567,4.561305],[7.279831,4.579055],[7.279344,4.558951]]],[[[7.274745,4.57927],[7.27288,4.577979],[7.274072,4.576797],[7.274745,4.57927]]],[[[7.270947,4.580706],[7.26793,4.577918],[7.271157,4.576816],[7.270947,4.580706]]],[[[7.273487,4.58146],[7.27162,4.5818],[7.273219,4.57942],[7.273487,4.58146]]],[[[7.003749,4.601863],[7.00608,4.606756],[7.005234,4.610386],[6.998521,4.611578],[7.003749,4.601863]]],[[[7.017366,4.634426],[7.019661,4.630074],[7.001486,4.626454],[7.005234,4.610386],[7.007609,4.609964],[7.00608,4.606756],[7.007535,4.600517],[7.020119,4.599371],[7.022128,4.601091],[7.025882,4.610619],[7.034593,4.611759],[7.040767,4.617043],[7.02305,4.659763],[7.012556,4.649881],[7.017366,4.634426]]],[[[7.001421,4.648333],[6.993526,4.632612],[7.018198,4.63175],[7.017366,4.634426],[7.010323,4.647779],[7.012556,4.649881],[7.005874,4.671355],[6.993278,4.670274],[6.99739,4.659195],[7.001286,4.65753],[6.999918,4.652384],[7.001421,4.648333]]],[[[6.99739,4.659195],[6.988736,4.662892],[6.998983,4.648868],[6.999918,4.652384],[6.99739,4.659195]]],[[[7.0473,4.59465],[7.054795,4.612705],[7.055378,4.614479],[7.034593,4.611759],[7.022128,4.601091],[7.021352,4.59912],[7.04674,4.583942],[7.052461,4.566561],[7.062865,4.579673],[7.048731,4.593274],[7.048328,4.593025],[7.048487,4.593508],[7.0473,4.59465]]],[[[7.03726,4.634795],[7.043026,4.614911],[7.055852,4.615922],[7.055378,4.614479],[7.05554,4.6145],[7.054795,4.612705],[7.048487,4.593508],[7.048731,4.593274],[7.059229,4.599767],[7.059959,4.620378],[7.053891,4.630408],[7.04693,4.633056],[7.03726,4.634795]]],[[[7.002651,4.696289],[7.019868,4.676299],[7.036607,4.636984],[7.04693,4.633056],[7.052943,4.631975],[7.053891,4.630408],[7.059078,4.628434],[7.071769,4.633737],[7.078759,4.610165],[7.071612,4.591503],[7.106505,4.584343],[7.111749,4.566134],[7.130663,4.566727],[7.118579,4.633778],[7.09921,4.65324],[7.098018,4.655698],[7.090346,4.661356],[7.094697,4.662545],[7.077385,4.698243],[7.042084,4.702954],[7.026292,4.710939],[7.002651,4.696289]]],[[[7.098018,4.655698],[7.09872,4.65518],[7.104946,4.665343],[7.094697,4.662545],[7.098018,4.655698]]],[[[7.07792,4.609887],[7.071015,4.633343],[7.060159,4.626032],[7.059959,4.620378],[7.061958,4.617073],[7.063188,4.602216],[7.059229,4.599767],[7.05904,4.594438],[7.07737,4.569369],[7.070384,4.592465],[7.07792,4.609887]]],[[[7.150481,4.640347],[7.135518,4.651566],[7.121926,4.636446],[7.12602,4.630281],[7.126856,4.630969],[7.127082,4.628682],[7.131942,4.621364],[7.130423,4.58022],[7.157304,4.557844],[7.170809,4.561896],[7.173699,4.59391],[7.150481,4.640347]]],[[[7.12602,4.630281],[7.12045,4.625696],[7.128811,4.611135],[7.127082,4.628682],[7.12602,4.630281]]],[[[7.174413,4.636001],[7.171528,4.63192],[7.173328,4.629977],[7.174413,4.636001]]],[[[6.82773,4.656282],[6.816678,4.642087],[6.830769,4.647898],[6.82773,4.656282]]],[[[7.12107,4.636913],[7.129819,4.655116],[7.106282,4.664907],[7.101176,4.654043],[7.12107,4.636913]]],[[[7.021131,4.662085],[7.019042,4.660855],[7.020758,4.660519],[7.021131,4.662085]]],[[[7.159432,4.666238],[7.156958,4.670776],[7.157318,4.66369],[7.159432,4.666238]]],[[[7.09448,4.673968],[7.096128,4.670465],[7.099109,4.670789],[7.09448,4.673968]]],[[[7.005965,4.685069],[7.010373,4.662748],[7.020274,4.66424],[7.005965,4.685069]]],[[[6.98076,4.675569],[6.976958,4.675383],[6.979922,4.672834],[6.98076,4.675569]]],[[[7.001845,4.678173],[6.997387,4.672186],[7.001001,4.67205],[7.001845,4.678173]]],[[[6.992725,4.684081],[6.992536,4.6781],[6.99734,4.677865],[6.992725,4.684081]]],[[[6.99532,4.695635],[6.991133,4.685962],[7.001418,4.682666],[6.99532,4.695635]]],[[[6.98979,4.678106],[6.98576,4.694017],[7.003419,4.702344],[6.972273,4.703944],[6.9725,4.681205],[6.98979,4.678106]]],[[[6.785145,4.757196],[6.788765,4.740004],[6.769816,4.73584],[6.780763,4.671563],[6.819293,4.649631],[6.832442,4.661523],[6.819195,4.687621],[6.825838,4.706782],[6.85456,4.707561],[6.864611,4.726439],[6.827622,4.754642],[6.785145,4.757196]]],[[[7.078961,4.707716],[7.075055,4.72308],[7.043952,4.720147],[7.04324,4.705006],[7.078961,4.707716]]],[[[7.063431,4.728647],[7.065591,4.728026],[7.066901,4.729219],[7.063431,4.728647]]],[[[7.057471,4.766998],[7.062506,4.728894],[7.073873,4.731496],[7.057471,4.766998]]],[[[7.068159,4.760707],[7.076315,4.746094],[7.076509,4.760455],[7.068159,4.760707]]],[[[6.912853,4.760149],[6.913077,4.758031],[6.914942,4.75788],[6.912853,4.760149]]],[[[6.919702,4.762003],[6.919606,4.76018],[6.920926,4.759498],[6.919702,4.762003]]],[[[6.931889,4.773901],[6.926188,4.772078],[6.940536,4.756794],[6.931889,4.773901]]],[[[6.925235,4.772861],[6.9187,4.771628],[6.927599,4.759413],[6.925235,4.772861]]],[[[7.070631,4.768109],[7.069752,4.767232],[7.071429,4.765462],[7.070631,4.768109]]],[[[6.745541,4.792454],[6.75546,4.79904],[6.743227,4.812934],[6.745541,4.792454]]],[[[6.736655,4.808934],[6.736085,4.80679],[6.737452,4.80502],[6.736655,4.808934]]],[[[9.011994,-1.316029],[9.009726,-1.317158],[9.01215,-1.317721],[9.011994,-1.316029]]],[[[9.005441,-1.301897],[9.004138,-1.303536],[9.007936,-1.304],[9.005441,-1.301897]]],[[[9.016308,-1.253106],[9.014519,-1.270196],[9.023433,-1.270185],[9.016308,-1.253106]]],[[[9.006542,-1.255222],[9.002818,-1.259215],[9.006293,-1.260773],[9.006542,-1.255222]]],[[[9.028141,-1.243708],[9.021837,-1.258144],[9.027207,-1.265816],[9.028141,-1.243708]]],[[[9.02182,-1.251263],[9.018596,-1.249316],[9.018291,-1.254852],[9.02182,-1.251263]]],[[[9.029243,-1.238593],[9.028148,-1.239333],[9.029264,-1.242033],[9.029243,-1.238593]]],[[[9.02364,-1.229727],[9.022073,-1.228378],[9.022619,-1.231273],[9.02364,-1.229727]]],[[[9.013861,-1.038758],[9.018643,-1.040595],[9.012726,-1.035277],[9.013861,-1.038758]]],[[[8.914133,-1.017832],[8.900623,-1.024792],[8.906455,-1.027146],[8.914133,-1.017832]]],[[[8.965883,-0.788108],[8.964615,-0.790394],[8.968243,-0.794199],[8.965883,-0.788108]]],[[[8.955948,-0.775294],[8.955547,-0.786843],[8.96364,-0.786685],[8.955948,-0.775294]]],[[[8.954917,-0.764734],[8.954827,-0.766369],[8.956191,-0.76679],[8.954917,-0.764734]]],[[[8.799194,-0.73137],[8.797991,-0.730608],[8.798289,-0.733594],[8.799194,-0.73137]]],[[[8.921746,-0.713827],[8.916834,-0.710407],[8.918936,-0.717178],[8.921746,-0.713827]]],[[[9.018098,-0.678805],[9.017339,-0.679555],[9.018229,-0.680698],[9.018098,-0.678805]]],[[[7.430965,1.516959],[7.424881,1.513975],[7.434173,1.511858],[7.430965,1.516959]]],[[[7.338224,1.558857],[7.35501,1.55924],[7.383101,1.533146],[7.413101,1.557292],[7.421811,1.55113],[7.430607,1.578842],[7.425968,1.6034],[7.462571,1.624878],[7.433356,1.659708],[7.462078,1.668093],[7.46235,1.680421],[7.4411,1.692412],[7.426101,1.683884],[7.406173,1.691036],[7.380173,1.679199],[7.371898,1.683554],[7.363655,1.604684],[7.327058,1.603328],[7.335861,1.593919],[7.338224,1.558857]]],[[[7.404444,1.69717],[7.40143,1.699879],[7.401581,1.694455],[7.404444,1.69717]]],[[[8.572922,3.468071],[8.554171,3.461071],[8.546072,3.46874],[8.477998,3.474601],[8.45735,3.464931],[8.434457,3.428706],[8.413973,3.360659],[8.443141,3.276042],[8.562248,3.238728],[8.590061,3.245883],[8.63452,3.232354],[8.676926,3.208676],[8.699004,3.233139],[8.713101,3.26436],[8.765247,3.319961],[8.773375,3.349501],[8.76467,3.384689],[8.770096,3.397112],[8.795057,3.406497],[8.808669,3.424015],[8.808957,3.443577],[8.84216,3.495396],[8.86904,3.55713],[8.931597,3.636036],[8.938501,3.665822],[8.933957,3.715076],[8.901032,3.76333],[8.887372,3.768069],[8.807362,3.75387],[8.796841,3.763101],[8.763477,3.754653],[8.731267,3.760394],[8.725155,3.781727],[8.713814,3.788821],[8.691343,3.777029],[8.679991,3.749575],[8.61168,3.665658],[8.609286,3.567203],[8.570877,3.517965],[8.5856,3.503855],[8.572922,3.468071]]],[[[8.568505,3.54497],[8.567229,3.541654],[8.570161,3.541391],[8.568505,3.54497]]],[[[8.908787,3.76113],[8.906745,3.758631],[8.90949,3.757937],[8.908787,3.76113]]],[[[8.879077,4.434482],[8.878993,4.432119],[8.88074,4.431533],[8.879077,4.434482]]],[[[8.813939,4.448982],[8.811585,4.447449],[8.813773,4.447893],[8.813939,4.448982]]],[[[8.815631,4.450898],[8.824968,4.460917],[8.821565,4.469686],[8.815631,4.450898]]],[[[7.316867,4.46632],[7.317393,4.462649],[7.317782,4.467289],[7.316867,4.46632]]],[[[7.510332,4.484963],[7.415136,4.485485],[7.38826,4.506401],[7.350875,4.490775],[7.377706,4.482612],[7.345869,4.479007],[7.330499,4.449518],[7.41214,4.435018],[7.506951,4.45169],[7.582506,4.451003],[7.580152,4.471657],[7.588194,4.490741],[7.565274,4.492298],[7.553416,4.478237],[7.545423,4.492682],[7.529728,4.478848],[7.526911,4.479737],[7.526873,4.479703],[7.524693,4.480436],[7.510332,4.484963]],[[7.478958,4.484129],[7.479399,4.480706],[7.476962,4.479229],[7.478958,4.484129]]],[[[7.53044,4.496068],[7.505058,4.502201],[7.491282,4.491667],[7.524693,4.480436],[7.526911,4.479737],[7.543962,4.495322],[7.545423,4.492682],[7.546439,4.493577],[7.565274,4.492298],[7.569933,4.497822],[7.549301,4.509581],[7.536454,4.494615],[7.530672,4.496012],[7.530653,4.495985],[7.53044,4.496068]]],[[[7.485178,4.511749],[7.480592,4.490402],[7.508457,4.504671],[7.53044,4.496068],[7.530672,4.496012],[7.542735,4.513019],[7.525705,4.539063],[7.512485,4.531367],[7.497656,4.555982],[7.484278,4.560547],[7.454913,4.553222],[7.446535,4.537197],[7.418406,4.537622],[7.409001,4.524735],[7.407989,4.521948],[7.406551,4.521378],[7.403473,4.51716],[7.415445,4.488583],[7.440865,4.504212],[7.432668,4.520019],[7.485178,4.511749]]],[[[7.407442,4.531875],[7.379162,4.52083],[7.384361,4.512593],[7.406551,4.521378],[7.409001,4.524735],[7.41573,4.543277],[7.407442,4.531875]]],[[[7.611687,4.469639],[7.613468,4.470461],[7.610263,4.472985],[7.611687,4.469639]]],[[[7.478517,4.487122],[7.478575,4.485479],[7.479897,4.487397],[7.478517,4.487122]]],[[[7.436296,4.49674],[7.478618,4.489622],[7.481035,4.51178],[7.436296,4.49674]]],[[[7.442932,4.504212],[7.442834,4.502634],[7.444497,4.503864],[7.442932,4.504212]]],[[[7.397508,4.515655],[7.389175,4.508238],[7.405517,4.504046],[7.397508,4.515655]]],[[[7.452783,4.51407],[7.451319,4.511073],[7.454293,4.509755],[7.452783,4.51407]]],[[[7.395728,4.544909],[7.399519,4.534108],[7.400007,4.540892],[7.395728,4.544909]]],[[[7.325069,4.545226],[7.324339,4.542265],[7.326926,4.541158],[7.325069,4.545226]]],[[[7.446869,4.545286],[7.445791,4.543533],[7.446276,4.542256],[7.446869,4.545286]]],[[[7.299755,4.55544],[7.28626,4.557024],[7.290817,4.532407],[7.302412,4.535207],[7.299755,4.55544]]],[[[7.307686,4.556413],[7.311448,4.537249],[7.320568,4.547754],[7.307686,4.556413]]],[[[7.424074,4.55133],[7.421962,4.548376],[7.425247,4.549495],[7.424074,4.55133]]],[[[7.353731,4.553238],[7.353438,4.546564],[7.357877,4.548418],[7.353731,4.553238]]],[[[7.401417,4.553218],[7.400038,4.550791],[7.402462,4.550488],[7.401417,4.553218]]],[[[7.300666,4.559737],[7.300138,4.558204],[7.301425,4.557571],[7.300666,4.559737]]],[[[8.321926,4.562188],[8.318059,4.559264],[8.320604,4.55809],[8.321926,4.562188]]],[[[7.313288,4.576579],[7.3152,4.552391],[7.333611,4.543657],[7.329586,4.577466],[7.313288,4.576579]]],[[[7.358376,4.562676],[7.35552,4.565876],[7.356538,4.558655],[7.358376,4.562676]]],[[[7.285467,4.587334],[7.307166,4.565135],[7.297253,4.584111],[7.285467,4.587334]]],[[[8.854166,4.5831],[8.858479,4.570313],[8.862398,4.570313],[8.854166,4.5831]]],[[[7.319093,4.591206],[7.317989,4.590406],[7.319354,4.589946],[7.319093,4.591206]]],[[[7.295386,4.597215],[7.29819,4.586774],[7.307376,4.588411],[7.295386,4.597215]]],[[[8.816255,4.626587],[8.81922,4.664523],[8.775434,4.652261],[8.766219,4.637766],[8.771743,4.614854],[8.797608,4.579612],[8.861928,4.522673],[8.867647,4.537707],[8.816255,4.626587]]],[[[8.539434,4.657658],[8.514288,4.66396],[8.499109,4.619211],[8.500489,4.604264],[8.516396,4.585908],[8.56304,4.615511],[8.555259,4.62553],[8.548265,4.62862],[8.545307,4.638344],[8.540842,4.644094],[8.542359,4.648039],[8.539434,4.657658]]],[[[8.5714,4.676025],[8.548537,4.680949],[8.538158,4.661852],[8.539434,4.657658],[8.545476,4.656144],[8.542359,4.648039],[8.545307,4.638344],[8.555259,4.62553],[8.567029,4.62033],[8.581723,4.630438],[8.566287,4.656761],[8.5714,4.676025]]],[[[8.543398,4.682625],[8.528455,4.681711],[8.535047,4.664546],[8.543398,4.682625]]],[[[8.573085,4.696737],[8.572856,4.728717],[8.556036,4.731356],[8.548112,4.722547],[8.555793,4.703745],[8.573085,4.696737]]],[[[8.558929,4.738645],[8.561863,4.734246],[8.56477,4.733603],[8.558929,4.738645]]],[[[8.607963,4.746094],[8.597357,4.743236],[8.602338,4.728123],[8.607963,4.746094]]],[[[8.56194,4.738956],[8.563835,4.738176],[8.565924,4.738246],[8.56194,4.738956]]],[[[8.541084,4.72551],[8.546894,4.750643],[8.538027,4.775396],[8.530852,4.746303],[8.541084,4.72551]]],[[[8.561237,4.756695],[8.552457,4.747488],[8.566537,4.746094],[8.561237,4.756695]]],[[[8.546213,4.770502],[8.548743,4.754263],[8.558563,4.770555],[8.546213,4.770502]]],[[[8.550941,4.774418],[8.546806,4.773002],[8.548744,4.772293],[8.550941,4.774418]]],[[[8.55262,4.77783],[8.550101,4.776606],[8.551459,4.775552],[8.55262,4.77783]]],[[[8.544351,4.796691],[8.542866,4.777379],[8.557142,4.796626],[8.544351,4.796691]]],[[[8.571225,4.804287],[8.559791,4.816325],[8.560372,4.798815],[8.571225,4.804287]]],[[[8.308154,4.801207],[8.280752,4.830666],[8.278552,4.814454],[8.289009,4.798549],[8.308154,4.801207]]],[[[8.314191,4.832953],[8.31832,4.827723],[8.31899,4.828022],[8.314191,4.832953]]],[[[8.258796,4.822767],[8.266147,4.832214],[8.239857,4.851372],[8.247753,4.827737],[8.258796,4.822767]]],[[[8.623883,4.846646],[8.615305,4.85195],[8.625833,4.841749],[8.623883,4.846646]]],[[[8.300479,4.847919],[8.306326,4.859061],[8.286208,4.86745],[8.28722,4.851702],[8.300479,4.847919]]],[[[8.240069,4.904494],[8.241491,4.897208],[8.246178,4.894695],[8.240069,4.904494]]],[[[8.259433,4.904485],[8.246305,4.912606],[8.25771,4.887877],[8.259433,4.904485]]],[[[8.170263,4.914018],[8.164492,4.916734],[8.173749,4.907287],[8.170263,4.914018]]],[[[8.211162,4.949468],[8.217509,4.93782],[8.224309,4.939526],[8.211162,4.949468]]],[[[8.140418,4.959019],[8.140863,4.956992],[8.141926,4.957039],[8.140418,4.959019]]],[[[8.194795,4.964042],[8.196736,4.963242],[8.195713,4.964585],[8.194795,4.964042]]],[[[8.110449,5.01702],[8.116102,5.008386],[8.115782,5.011389],[8.110449,5.01702]]],[[[8.101934,5.067655],[8.100822,5.062802],[8.104083,5.058208],[8.101934,5.067655]]],[[[8.069016,5.159113],[8.068184,5.153403],[8.070501,5.148572],[8.069016,5.159113]]],[[[8.014529,5.223658],[8.044959,5.220394],[8.037624,5.225408],[8.014529,5.223658]]],[[[7.976082,5.250592],[7.972552,5.247813],[7.971599,5.237367],[7.976082,5.250592]]],[[[7.99823,5.291435],[7.994799,5.292103],[7.991407,5.280177],[7.99823,5.291435]]],[[[9.158896,-2.072354],[9.157565,-2.07468],[9.158656,-2.075039],[9.158896,-2.072354]]],[[[9.353857,-1.981265],[9.354108,-1.982962],[9.35782,-1.986555],[9.353857,-1.981265]]],[[[9.324533,-1.95223],[9.330693,-1.95718],[9.309565,-1.933594],[9.324533,-1.95223]]],[[[9.445612,-1.94547],[9.448735,-1.942823],[9.444832,-1.941994],[9.445612,-1.94547]]],[[[9.469975,-1.937435],[9.476365,-1.926426],[9.467507,-1.918765],[9.469975,-1.937435]]],[[[9.367588,-1.911903],[9.364766,-1.911526],[9.367519,-1.912799],[9.367588,-1.911903]]],[[[9.382603,-1.904998],[9.375472,-1.910915],[9.379192,-1.913675],[9.382603,-1.904998]]],[[[9.310297,-1.900797],[9.307453,-1.906084],[9.30953,-1.908873],[9.310297,-1.900797]]],[[[9.292139,-1.884815],[9.302733,-1.894953],[9.30643,-1.884579],[9.292139,-1.884815]]],[[[9.373201,-1.885564],[9.370883,-1.889399],[9.375572,-1.890264],[9.373201,-1.885564]]],[[[9.290649,-1.880032],[9.289288,-1.880756],[9.291693,-1.882947],[9.290649,-1.880032]]],[[[9.294081,-1.869613],[9.29826,-1.869948],[9.300414,-1.869735],[9.29588,-1.864208],[9.288076,-1.870955],[9.294214,-1.870348],[9.294081,-1.869613]]],[[[9.294214,-1.870348],[9.296714,-1.88423],[9.307274,-1.870671],[9.29826,-1.869948],[9.294214,-1.870348]]],[[[9.290874,-1.675622],[9.285837,-1.67983],[9.291719,-1.681459],[9.290874,-1.675622]]],[[[9.322411,-1.648431],[9.31741,-1.659533],[9.326097,-1.661884],[9.322411,-1.648431]]],[[[9.33556,-1.647657],[9.334744,-1.66017],[9.369054,-1.644601],[9.33556,-1.647657]]],[[[9.293194,-1.64611],[9.293345,-1.649575],[9.297131,-1.649843],[9.293194,-1.64611]]],[[[9.439509,-1.609403],[9.447599,-1.587747],[9.47617,-1.596511],[9.481663,-1.585502],[9.450163,-1.568787],[9.422625,-1.575642],[9.428216,-1.60223],[9.439509,-1.609403]]],[[[9.24442,-1.566267],[9.248181,-1.568505],[9.251364,-1.567186],[9.24442,-1.566267]]],[[[9.160743,-1.482593],[9.16571,-1.497395],[9.173367,-1.496075],[9.160743,-1.482593]]],[[[9.263684,-1.465091],[9.265813,-1.465291],[9.260415,-1.459596],[9.263684,-1.465091]]],[[[9.253186,-1.460576],[9.252875,-1.4633],[9.257473,-1.463314],[9.253186,-1.460576]]],[[[9.14966,-1.439415],[9.152769,-1.450027],[9.158862,-1.450632],[9.14966,-1.439415]]],[[[9.259149,-1.447119],[9.252248,-1.436834],[9.257064,-1.451045],[9.259149,-1.447119]]],[[[9.16208,-1.415359],[9.15406,-1.430459],[9.174258,-1.434553],[9.16208,-1.415359]]],[[[9.16512,-1.415418],[9.164599,-1.412652],[9.163324,-1.415414],[9.16512,-1.415418]]],[[[9.111282,-1.412104],[9.115872,-1.398896],[9.101298,-1.3922],[9.098905,-1.410187],[9.111282,-1.412104]]],[[[9.199701,-1.086568],[9.197946,-1.086246],[9.197557,-1.087579],[9.199701,-1.086568]]],[[[9.260779,-1.06782],[9.249272,-1.083887],[9.281509,-1.07471],[9.260779,-1.06782]]],[[[9.27677,-1.068285],[9.285144,-1.072084],[9.286587,-1.068401],[9.27677,-1.068285]]],[[[9.104447,-1.063165],[9.094445,-1.076541],[9.100289,-1.075586],[9.104447,-1.063165]]],[[[9.213254,-1.063088],[9.215006,-1.068868],[9.222234,-1.071814],[9.213254,-1.063088]]],[[[9.158514,-1.052051],[9.203235,-1.056907],[9.184457,-1.049477],[9.158514,-1.052051]]],[[[9.348702,-1.034807],[9.346895,-1.036706],[9.347249,-1.037302],[9.348702,-1.034807]]],[[[9.351798,-1.029518],[9.349766,-1.032601],[9.3515,-1.031097],[9.351798,-1.029518]]],[[[9.459962,-1.020869],[9.454224,-1.022242],[9.459125,-1.02296],[9.459962,-1.020869]]],[[[9.408998,-0.998882],[9.405241,-0.999645],[9.408448,-1.000687],[9.408998,-0.998882]]],[[[9.39297,-0.99749],[9.390983,-0.999407],[9.396654,-0.998474],[9.39297,-0.99749]]],[[[9.509459,-0.989462],[9.506686,-0.986308],[9.499841,-0.997728],[9.509459,-0.989462]]],[[[9.578707,-0.967592],[9.573523,-0.965051],[9.569296,-0.970236],[9.578707,-0.967592]]],[[[9.586074,-0.964082],[9.582306,-0.964343],[9.584591,-0.965486],[9.586074,-0.964082]]],[[[9.665918,-0.921807],[9.656046,-0.92452],[9.664892,-0.923885],[9.665918,-0.921807]]],[[[9.104223,-0.697518],[9.101489,-0.699613],[9.102825,-0.701099],[9.104223,-0.697518]]],[[[9.086022,-0.682792],[9.074862,-0.681729],[9.078779,-0.698482],[9.086022,-0.682792]]],[[[9.100408,-0.683414],[9.093662,-0.684015],[9.100122,-0.690301],[9.100408,-0.683414]]],[[[9.498702,0.107757],[9.495313,0.103348],[9.500522,0.094475],[9.498702,0.107757]]],[[[9.403723,0.194403],[9.39755,0.200374],[9.402841,0.188218],[9.403723,0.194403]]],[[[9.398213,0.207238],[9.404978,0.194448],[9.405887,0.21225],[9.398213,0.207238]]],[[[9.513644,0.212392],[9.507924,0.210601],[9.511608,0.207462],[9.513644,0.212392]]],[[[9.560554,0.271588],[9.539584,0.275816],[9.551484,0.261713],[9.560554,0.271588]]],[[[9.577838,0.536068],[9.56225,0.526946],[9.576421,0.512674],[9.577838,0.536068]]],[[[9.544889,0.59835],[9.537178,0.588283],[9.542811,0.582774],[9.544889,0.59835]]],[[[9.380802,0.810428],[9.377427,0.810422],[9.379127,0.809284],[9.380802,0.810428]]],[[[9.321308,0.889304],[9.34357,0.894284],[9.333739,0.909338],[9.33731,0.924237],[9.324747,0.935844],[9.307734,0.934417],[9.302705,0.895884],[9.321308,0.889304]]],[[[9.506546,0.99336],[9.498742,0.974187],[9.50842,0.981149],[9.506546,0.99336]]],[[[9.520405,0.999218],[9.515486,1.00558],[9.518428,0.99769],[9.520405,0.999218]]],[[[9.694445,1.079938],[9.690758,1.079197],[9.689551,1.074112],[9.694445,1.079938]]],[[[9.72858,1.078828],[9.734316,1.07991],[9.732288,1.083051],[9.72858,1.078828]]],[[[9.727852,1.150069],[9.727141,1.151042],[9.725784,1.147709],[9.727852,1.150069]]],[[[9.711665,1.579446],[9.709177,1.583689],[9.705567,1.576103],[9.711665,1.579446]]],[[[9.653763,3.558726],[9.652211,3.555135],[9.654165,3.555218],[9.653763,3.558726]]],[[[9.661772,3.558751],[9.66241,3.557661],[9.66462,3.557371],[9.661772,3.558751]]],[[[9.67772,3.562129],[9.675375,3.563586],[9.673677,3.556121],[9.67772,3.562129]]],[[[9.670886,3.563598],[9.664276,3.560583],[9.66796,3.558616],[9.670886,3.563598]]],[[[9.63335,3.561215],[9.634189,3.560089],[9.634622,3.565914],[9.63335,3.561215]]],[[[9.687643,3.565797],[9.681653,3.563801],[9.685115,3.564101],[9.687643,3.565797]]],[[[9.734723,3.598087],[9.647895,3.580016],[9.639056,3.558431],[9.709685,3.571334],[9.734723,3.598087]]],[[[9.639259,3.582421],[9.642218,3.57938],[9.645406,3.581737],[9.639259,3.582421]]],[[[9.638585,3.592964],[9.637074,3.59206],[9.637566,3.58991],[9.638585,3.592964]]],[[[9.645294,3.624401],[9.64236,3.628144],[9.644938,3.617968],[9.645294,3.624401]]],[[[9.645472,3.632175],[9.644586,3.630453],[9.645582,3.627578],[9.645472,3.632175]]],[[[9.643541,3.632265],[9.642232,3.632482],[9.643054,3.630425],[9.643541,3.632265]]],[[[9.645895,3.634334],[9.647163,3.63368],[9.647157,3.636279],[9.645895,3.634334]]],[[[9.622883,3.721857],[9.621407,3.720037],[9.625212,3.720762],[9.622883,3.721857]]],[[[9.620618,3.735568],[9.618572,3.734573],[9.621812,3.734685],[9.620618,3.735568]]],[[[9.672553,3.740258],[9.672409,3.738696],[9.674494,3.738742],[9.672553,3.740258]]],[[[9.597437,3.765854],[9.596262,3.75169],[9.603128,3.748124],[9.597437,3.765854]]],[[[9.542079,3.825154],[9.539044,3.823889],[9.542357,3.823081],[9.542079,3.825154]]],[[[9.676645,3.909405],[9.674727,3.908271],[9.677764,3.907261],[9.676645,3.909405]]],[[[9.689442,3.91807],[9.69037,3.915958],[9.691171,3.917834],[9.689442,3.91807]]],[[[9.73017,3.937622],[9.731589,3.936697],[9.7328,3.938853],[9.73017,3.937622]]],[[[9.686965,3.940003],[9.68682,3.935673],[9.688611,3.935693],[9.686965,3.940003]]],[[[9.451512,3.947676],[9.451548,3.946193],[9.453118,3.946095],[9.451512,3.947676]]],[[[9.405525,3.97119],[9.393481,3.959936],[9.359653,3.956321],[9.344615,3.975413],[9.317502,3.993552],[9.295162,3.973893],[9.303373,3.945745],[9.360597,3.901578],[9.421511,3.88619],[9.470274,3.905642],[9.45797,3.921381],[9.439814,3.922088],[9.458962,3.973175],[9.426602,4.008929],[9.404256,3.992239],[9.405525,3.97119]],[[9.357667,3.956109],[9.359653,3.956321],[9.365935,3.948346],[9.357667,3.956109]],[[9.36606,3.948131],[9.365935,3.948346],[9.36602,3.94824],[9.36606,3.948131]],[[9.36801,3.942734],[9.36606,3.948131],[9.369107,3.942887],[9.36801,3.942734]]],[[[9.460446,3.954311],[9.461195,3.948521],[9.461929,3.94877],[9.460446,3.954311]]],[[[9.259633,3.958424],[9.260575,3.952646],[9.26461,3.950701],[9.259633,3.958424]]],[[[9.35132,3.973313],[9.382309,3.959513],[9.401109,3.968634],[9.383251,3.981585],[9.380334,3.967712],[9.35132,3.973313]]],[[[9.194979,3.977268],[9.190243,3.979372],[9.192192,3.970272],[9.194979,3.977268]]],[[[9.168759,3.981416],[9.167532,3.975962],[9.168798,3.974817],[9.168759,3.981416]]],[[[9.627933,3.98249],[9.627478,3.981098],[9.629437,3.98136],[9.627933,3.98249]]],[[[9.526975,3.962217],[9.527117,4.007105],[9.494852,4.008353],[9.474286,3.981483],[9.505933,3.962705],[9.526975,3.962217]]],[[[9.440112,4.019334],[9.42523,4.013933],[9.440324,3.996845],[9.440112,4.019334]]],[[[9.489959,4.029384],[9.444039,4.014892],[9.46844,3.986924],[9.501552,4.019588],[9.489959,4.029384]]],[[[9.520718,4.024805],[9.5182,4.032313],[9.504563,4.034907],[9.520718,4.024805]]],[[[9.48085,4.056139],[9.456668,4.058121],[9.454839,4.028527],[9.4906,4.045807],[9.48085,4.056139]]],[[[9.483225,4.059373],[9.48235,4.060079],[9.481987,4.058242],[9.483225,4.059373]]],[[[9.696226,4.060288],[9.696236,4.060287],[9.696243,4.060299],[9.696226,4.060288]]],[[[9.699957,4.062677],[9.698785,4.064173],[9.696243,4.060299],[9.699957,4.062677]]],[[[9.473818,4.066874],[9.464114,4.067447],[9.469052,4.059258],[9.473818,4.066874]]],[[[9.705757,4.073445],[9.704119,4.071839],[9.706031,4.071503],[9.705757,4.073445]]],[[[9.70842,4.081607],[9.700948,4.073328],[9.704395,4.0729],[9.70842,4.081607]]],[[[9.701298,4.082932],[9.699773,4.081307],[9.701005,4.08131],[9.701298,4.082932]]],[[[9.708247,4.084091],[9.707864,4.085023],[9.704769,4.081587],[9.708247,4.084091]]],[[[9.709317,4.092155],[9.700477,4.088706],[9.70434,4.084507],[9.709317,4.092155]]],[[[9.699601,4.091257],[9.696663,4.089675],[9.698699,4.088208],[9.699601,4.091257]]],[[[9.475456,4.102949],[9.474131,4.080417],[9.484833,4.100031],[9.475456,4.102949]]],[[[9.719269,4.102947],[9.712994,4.096753],[9.712166,4.08872],[9.727034,4.104882],[9.749766,4.110966],[9.757578,4.140764],[9.719964,4.103633],[9.719329,4.102498],[9.719269,4.102947]]],[[[9.719964,4.103633],[9.720647,4.104854],[9.719161,4.103754],[9.719269,4.102947],[9.719964,4.103633]]],[[[11.769662,-17.254669],[11.767457,-17.253904],[11.769822,-17.25596],[11.769662,-17.254669]]],[[[11.762441,-17.248959],[11.77149,-17.253787],[11.768507,-17.249297],[11.762441,-17.248959]]],[[[11.704226,-16.667544],[11.72941,-16.706517],[11.740025,-16.694921],[11.728622,-16.665494],[11.729177,-16.608622],[11.71713,-16.583294],[11.725617,-16.563357],[11.717698,-16.510653],[11.703748,-16.508767],[11.67697,-16.526646],[11.668647,-16.553165],[11.671471,-16.575498],[11.704226,-16.667544]]],[[[11.819805,-16.593552],[11.815123,-16.594739],[11.819638,-16.602019],[11.819805,-16.593552]]],[[[12.343682,-14.39123],[12.341421,-14.391767],[12.341375,-14.396404],[12.343682,-14.39123]]],[[[12.52284,-13.450481],[12.52123,-13.452068],[12.522334,-13.452546],[12.52284,-13.450481]]],[[[12.636956,-6.066827],[12.661319,-6.043852],[12.662641,-6.029606],[12.626654,-6.031744],[12.599627,-6.052938],[12.617492,-6.052848],[12.636956,-6.066827]]],[[[12.735531,-6.040802],[12.73254,-6.043103],[12.741958,-6.04148],[12.735531,-6.040802]]],[[[12.527028,-6.040484],[12.527531,-6.036443],[12.519737,-6.041502],[12.527028,-6.040484]]],[[[12.743989,-6.028987],[12.743366,-6.027375],[12.74036,-6.02955],[12.743989,-6.028987]]],[[[12.716637,-6.025309],[12.71406,-6.029935],[12.719431,-6.030609],[12.716637,-6.025309]]],[[[12.704746,-6.023352],[12.706267,-6.030278],[12.713238,-6.02616],[12.704746,-6.023352]]],[[[12.590447,-6.019215],[12.588707,-6.019091],[12.58867,-6.020572],[12.590447,-6.019215]]],[[[12.713461,-6.016956],[12.710184,-6.019334],[12.714592,-6.019135],[12.713461,-6.016956]]],[[[12.673406,-6.012867],[12.675858,-6.019497],[12.689654,-6.013522],[12.673406,-6.012867]]],[[[12.711427,-6.014277],[12.714428,-6.016147],[12.717685,-6.012572],[12.711427,-6.014277]]],[[[12.597301,-6.002357],[12.575763,-6.008222],[12.573975,-6.023509],[12.597301,-6.002357]]],[[[12.645446,-6.010636],[12.644889,-6.014373],[12.64613,-6.012841],[12.645446,-6.010636]]],[[[12.597525,-6.006366],[12.589686,-6.01149],[12.592239,-6.015429],[12.597525,-6.006366]]],[[[12.604118,-6.005757],[12.599334,-6.015306],[12.609165,-6.010244],[12.604118,-6.005757]]],[[[12.647026,-6.008818],[12.64742,-6.010718],[12.650108,-6.008814],[12.647026,-6.008818]]],[[[12.641802,-6.005554],[12.639738,-6.007461],[12.641269,-6.008828],[12.641802,-6.005554]]],[[[12.41486,-6.025514],[12.439742,-6.023718],[12.462588,-6.007938],[12.465814,-6.015817],[12.488955,-6.004156],[12.489277,-5.985072],[12.449959,-5.983824],[12.425195,-5.991938],[12.410247,-6.006156],[12.41486,-6.025514]]],[[[12.612059,-6.001116],[12.612493,-6.007477],[12.618659,-6.005651],[12.612059,-6.001116]]],[[[12.604853,-6.002318],[12.603072,-5.999381],[12.602481,-6.004752],[12.604853,-6.002318]]],[[[12.628052,-5.999163],[12.625937,-6.001411],[12.631454,-6.001218],[12.628052,-5.999163]]],[[[12.738594,-5.984907],[12.736627,-5.983297],[12.730362,-5.991531],[12.738594,-5.984907]]],[[[12.46974,-5.980668],[12.47603,-5.984337],[12.483654,-5.976336],[12.46974,-5.980668]]],[[[12.737148,-5.953991],[12.736912,-5.951472],[12.735153,-5.956712],[12.737148,-5.953991]]],[[[11.694966,-4.466981],[11.69885,-4.468344],[11.693216,-4.46452],[11.694966,-4.466981]]],[[[11.757373,-4.420581],[11.75033,-4.419055],[11.739123,-4.43509],[11.757373,-4.420581]]],[[[11.798059,-4.387416],[11.787204,-4.400567],[11.797217,-4.394531],[11.798059,-4.387416]]],[[[11.278366,-3.995486],[11.276467,-4.0019],[11.281205,-4.000483],[11.278366,-3.995486]]],[[[10.669136,-3.386737],[10.665987,-3.397265],[10.668407,-3.400494],[10.669136,-3.386737]]],[[[10.26961,-2.978701],[10.271281,-2.978909],[10.26896,-2.976759],[10.26961,-2.978701]]],[[[10.017263,-2.709496],[10.016011,-2.711878],[10.019336,-2.712427],[10.017263,-2.709496]]],[[[10.026095,-2.684562],[10.026016,-2.686239],[10.027854,-2.686643],[10.026095,-2.684562]]],[[[10.031322,-2.68027],[10.028699,-2.684256],[10.032685,-2.683753],[10.031322,-2.68027]]],[[[10.033839,-2.678847],[10.033967,-2.682069],[10.037377,-2.678169],[10.033839,-2.678847]]],[[[10.057729,-2.677778],[10.069353,-2.686362],[10.080923,-2.667201],[10.057729,-2.677778]]],[[[10.024273,-2.668306],[10.032216,-2.675503],[10.032338,-2.66727],[10.024273,-2.668306]]],[[[10.055124,-2.663735],[10.054452,-2.6664],[10.056332,-2.664655],[10.055124,-2.663735]]],[[[10.077231,-2.647296],[10.085813,-2.652168],[10.086914,-2.648314],[10.077231,-2.647296]]],[[[9.985898,-2.648157],[9.984259,-2.649814],[9.986039,-2.650535],[9.985898,-2.648157]]],[[[10.034237,-2.653812],[10.047436,-2.666214],[10.073703,-2.645301],[10.060627,-2.629029],[10.069298,-2.620848],[10.041402,-2.620082],[10.051235,-2.631606],[10.034237,-2.653812]]],[[[10.002039,-2.635425],[10.006949,-2.638948],[10.005213,-2.635402],[10.002039,-2.635425]]],[[[10.036728,-2.628878],[10.032614,-2.631105],[10.032367,-2.634413],[10.036728,-2.628878]]],[[[10.000535,-2.630126],[9.998531,-2.632014],[10.000327,-2.632257],[10.000535,-2.630126]]],[[[10.205042,-2.627961],[10.20341,-2.628209],[10.205466,-2.629047],[10.205042,-2.627961]]],[[[10.198058,-2.626175],[10.195313,-2.626953],[10.197502,-2.630449],[10.198058,-2.626175]]],[[[9.997641,-2.628268],[9.995953,-2.627763],[9.996236,-2.628553],[9.997641,-2.628268]]],[[[9.988894,-2.62631],[9.986579,-2.623877],[9.987598,-2.627713],[9.988894,-2.62631]]],[[[10.191529,-2.627702],[10.194782,-2.626261],[10.194228,-2.62279],[10.191529,-2.627702]]],[[[9.990888,-2.623503],[9.98913,-2.623534],[9.991401,-2.62544],[9.990888,-2.623503]]],[[[10.023512,-2.62385],[10.033355,-2.626546],[10.037071,-2.617192],[10.023512,-2.62385]]],[[[9.988955,-2.618724],[9.988814,-2.621543],[9.991436,-2.621665],[9.988955,-2.618724]]],[[[9.948554,-2.612288],[9.962008,-2.626044],[9.960961,-2.609748],[9.948554,-2.612288]]],[[[10.056502,-2.614929],[10.051445,-2.617721],[10.05906,-2.617539],[10.056502,-2.614929]]],[[[10.190146,-2.613514],[10.192623,-2.61429],[10.193252,-2.612907],[10.190146,-2.613514]]],[[[9.992542,-2.611315],[9.988322,-2.611787],[9.992103,-2.615141],[9.992542,-2.611315]]],[[[9.960394,-2.607674],[9.966606,-2.614219],[9.966417,-2.610014],[9.960394,-2.607674]]],[[[10.078846,-2.609283],[10.075868,-2.610163],[10.07772,-2.612589],[10.078846,-2.609283]]],[[[10.066146,-2.608557],[10.060533,-2.613117],[10.064521,-2.613065],[10.066146,-2.608557]]],[[[10.185762,-2.608973],[10.183732,-2.609412],[10.185744,-2.610631],[10.185762,-2.608973]]],[[[10.160846,-2.603818],[10.153192,-2.608945],[10.162059,-2.613405],[10.160846,-2.603818]]],[[[9.957664,-2.603415],[9.954496,-2.604296],[9.959438,-2.606682],[9.957664,-2.603415]]],[[[9.974556,-2.597711],[9.979535,-2.600381],[9.980745,-2.597881],[9.974556,-2.597711]]],[[[10.075656,-2.592319],[10.07543,-2.602565],[10.080083,-2.604553],[10.075656,-2.592319]]],[[[9.982534,-2.595407],[9.982322,-2.599155],[9.985331,-2.596024],[9.982534,-2.595407]]],[[[9.988714,-2.593772],[9.986773,-2.596616],[9.988027,-2.596903],[9.988714,-2.593772]]],[[[10.066942,-2.589134],[10.068599,-2.592467],[10.069286,-2.589513],[10.066942,-2.589134]]],[[[9.990732,-2.588285],[9.989891,-2.590083],[9.991721,-2.588496],[9.990732,-2.588285]]],[[[10.072237,-2.58409],[10.075418,-2.58806],[10.078619,-2.581556],[10.072237,-2.58409]]],[[[9.962644,-2.581974],[9.960836,-2.585819],[9.965169,-2.587467],[9.962644,-2.581974]]],[[[9.959033,-2.582923],[9.958113,-2.586068],[9.959727,-2.585563],[9.959033,-2.582923]]],[[[9.965146,-2.580922],[9.967399,-2.585864],[9.977098,-2.579413],[9.965146,-2.580922]]],[[[10.162711,-2.577647],[10.159966,-2.5767],[10.161671,-2.584356],[10.162711,-2.577647]]],[[[9.969771,-2.576493],[9.961931,-2.579126],[9.96822,-2.578078],[9.969771,-2.576493]]],[[[10.07104,-2.576905],[10.073098,-2.577715],[10.073294,-2.576906],[10.07104,-2.576905]]],[[[9.935138,-2.574874],[9.935488,-2.578833],[9.940367,-2.576569],[9.935138,-2.574874]]],[[[9.920618,-2.568686],[9.927084,-2.577672],[9.934597,-2.567959],[9.920618,-2.568686]]],[[[10.074838,-2.572925],[10.076262,-2.568746],[10.073308,-2.573961],[10.074838,-2.572925]]],[[[9.946201,-2.569439],[9.947133,-2.572116],[9.947623,-2.570226],[9.946201,-2.569439]]],[[[9.938493,-2.570902],[9.940541,-2.570993],[9.940038,-2.570066],[9.938493,-2.570902]]],[[[9.916936,-2.564733],[9.926135,-2.553663],[9.913166,-2.556219],[9.916936,-2.564733]]],[[[9.980171,-2.556232],[9.978199,-2.555492],[9.979399,-2.557207],[9.980171,-2.556232]]],[[[9.956765,-2.553767],[9.953036,-2.554325],[9.955987,-2.556788],[9.956765,-2.553767]]],[[[9.92466,-2.550836],[9.926247,-2.551541],[9.926239,-2.550253],[9.92466,-2.550836]]],[[[9.951304,-2.548834],[9.949026,-2.550498],[9.951621,-2.551498],[9.951304,-2.548834]]],[[[9.920403,-2.547963],[9.918816,-2.549344],[9.920956,-2.549505],[9.920403,-2.547963]]],[[[9.898723,-2.546893],[9.895269,-2.544748],[9.896705,-2.549005],[9.898723,-2.546893]]],[[[10.110029,-2.545676],[10.109511,-2.546984],[10.110553,-2.547754],[10.110029,-2.545676]]],[[[9.87061,-2.551649],[9.877293,-2.541816],[9.869895,-2.538958],[9.87061,-2.551649]]],[[[9.944716,-2.542302],[9.94446,-2.543428],[9.946235,-2.543268],[9.944716,-2.542302]]],[[[9.950169,-2.541517],[9.951527,-2.543491],[9.952862,-2.541374],[9.950169,-2.541517]]],[[[9.95395,-2.540086],[9.956025,-2.541211],[9.958742,-2.539579],[9.95395,-2.540086]]],[[[9.975797,-2.534616],[9.973557,-2.532333],[9.97419,-2.5379],[9.975797,-2.534616]]],[[[9.88597,-2.533048],[9.886902,-2.534172],[9.887557,-2.53201],[9.88597,-2.533048]]],[[[9.903182,-2.532661],[9.900592,-2.52979],[9.899781,-2.534936],[9.903182,-2.532661]]],[[[9.949461,-2.528088],[9.955561,-2.526644],[9.947279,-2.523162],[9.949437,-2.528077],[9.949461,-2.528088]]],[[[9.931437,-2.531212],[9.950301,-2.539554],[9.957692,-2.531648],[9.949461,-2.528088],[9.949443,-2.528092],[9.949437,-2.528077],[9.938864,-2.523505],[9.931437,-2.531212]]],[[[9.921832,-2.525065],[9.915016,-2.535181],[9.925276,-2.52913],[9.921832,-2.525065]]],[[[9.887012,-2.526679],[9.885955,-2.528267],[9.886806,-2.530728],[9.887012,-2.526679]]],[[[9.908506,-2.525174],[9.905239,-2.527265],[9.907782,-2.529309],[9.908506,-2.525174]]],[[[9.872151,-2.5233],[9.869999,-2.523889],[9.872609,-2.526238],[9.872151,-2.5233]]],[[[9.768611,-2.523954],[9.767007,-2.52492],[9.770787,-2.52441],[9.768611,-2.523954]]],[[[9.885001,-2.522796],[9.886723,-2.517914],[9.884059,-2.517677],[9.885001,-2.522796]]],[[[9.791169,-2.516637],[9.78797,-2.517506],[9.788004,-2.518232],[9.791169,-2.516637]]],[[[9.750654,-2.50949],[9.750231,-2.513308],[9.754007,-2.517476],[9.750654,-2.50949]]],[[[9.854426,-2.520559],[9.867455,-2.51966],[9.861331,-2.505911],[9.854426,-2.520559]]],[[[9.913167,-2.506006],[9.907043,-2.505343],[9.909652,-2.514359],[9.913167,-2.506006]]],[[[9.807517,-2.499921],[9.809873,-2.507239],[9.811708,-2.504094],[9.807517,-2.499921]]],[[[9.850507,-2.493703],[9.854697,-2.500796],[9.862269,-2.495154],[9.850507,-2.493703]]],[[[9.806194,-2.491451],[9.80131,-2.490145],[9.804895,-2.493837],[9.806194,-2.491451]]],[[[9.886903,-2.486057],[9.884292,-2.494577],[9.894654,-2.486614],[9.886903,-2.486057]]],[[[9.873347,-2.470964],[9.870469,-2.470526],[9.87288,-2.476778],[9.873347,-2.470964]]],[[[9.853012,-2.464815],[9.862304,-2.463936],[9.85606,-2.448236],[9.853012,-2.464815]]],[[[9.889724,-2.44206],[9.886694,-2.43845],[9.883218,-2.449441],[9.889724,-2.44206]]],[[[9.891874,-2.427206],[9.889359,-2.429203],[9.892066,-2.431389],[9.891874,-2.427206]]],[[[9.887976,-2.423858],[9.888057,-2.426861],[9.890662,-2.425674],[9.887976,-2.423858]]],[[[9.836453,0.148245],[9.83552,0.149679],[9.83521,0.147499],[9.836453,0.148245]]],[[[10.095705,0.165301],[10.090177,0.163482],[10.093271,0.160756],[10.095705,0.165301]]],[[[9.916864,0.182885],[9.904857,0.184481],[9.902178,0.169393],[9.916864,0.182885]]],[[[9.951857,0.18884],[9.926471,0.196916],[9.959821,0.175781],[9.951857,0.18884]]],[[[9.785744,0.999198],[9.786073,0.994229],[9.788748,0.997544],[9.785744,0.999198]]],[[[9.75977,1.059873],[9.785387,1.040523],[9.775631,1.064197],[9.75977,1.059873]]],[[[9.858218,1.084378],[9.85596,1.083432],[9.857215,1.082116],[9.858218,1.084378]]],[[[9.739526,1.825226],[9.737704,1.82565],[9.738871,1.822699],[9.739526,1.825226]]],[[[9.840591,2.273304],[9.838853,2.276313],[9.840571,2.269146],[9.840591,2.273304]]],[[[9.917578,3.256725],[9.915884,3.255154],[9.920843,3.255751],[9.917578,3.256725]]],[[[10.031092,3.328419],[10.030684,3.3321],[10.018555,3.323318],[10.031092,3.328419]]],[[[9.746436,3.598636],[9.74804,3.605546],[9.736439,3.587531],[9.746436,3.598636]]],[[[9.745111,3.610283],[9.746464,3.60982],[9.74716,3.611312],[9.745111,3.610283]]],[[[9.863712,3.613261],[9.848587,3.617226],[9.860666,3.607922],[9.863712,3.613261]]],[[[9.752201,3.614386],[9.752199,3.612124],[9.75343,3.613446],[9.752201,3.614386]]],[[[9.913604,3.621371],[9.894977,3.612028],[9.910878,3.612718],[9.913604,3.621371]]],[[[9.762439,3.619675],[9.764544,3.619027],[9.767431,3.621012],[9.762439,3.619675]]],[[[9.755625,3.621944],[9.754448,3.619272],[9.756817,3.620147],[9.755625,3.621944]]],[[[9.830745,3.62831],[9.823587,3.630133],[9.838569,3.620847],[9.830745,3.62831]]],[[[9.836991,3.627862],[9.832881,3.628528],[9.836986,3.626146],[9.836991,3.627862]]],[[[9.790535,3.633241],[9.772839,3.631116],[9.777766,3.625777],[9.790535,3.633241]]],[[[9.956403,3.629536],[9.962134,3.627867],[9.965801,3.635466],[9.956403,3.629536]]],[[[9.795589,3.634591],[9.791523,3.630668],[9.795704,3.630641],[9.795589,3.634591]]],[[[9.79779,3.635928],[9.798953,3.632881],[9.800539,3.633498],[9.79779,3.635928]]],[[[9.783503,3.635938],[9.783554,3.63477],[9.785453,3.634571],[9.783503,3.635938]]],[[[9.817153,3.637313],[9.81583,3.634096],[9.820495,3.63462],[9.817153,3.637313]]],[[[9.970252,3.637927],[9.968324,3.636339],[9.968873,3.63527],[9.970252,3.637927]]],[[[9.994408,3.645616],[9.992559,3.644388],[9.994496,3.644329],[9.994408,3.645616]]],[[[10.030532,3.726783],[10.028675,3.727242],[10.030102,3.724982],[10.030532,3.726783]]],[[[10.052973,3.764479],[10.051018,3.763301],[10.052763,3.762834],[10.052973,3.764479]]],[[[10.092905,3.786507],[10.089984,3.785217],[10.090844,3.784626],[10.092905,3.786507]]],[[[9.752553,3.81621],[9.751775,3.815017],[9.754671,3.814217],[9.752553,3.81621]]],[[[9.761329,3.937843],[9.759362,3.939216],[9.758295,3.933761],[9.761329,3.937843]]],[[[9.758028,3.941995],[9.757287,3.940018],[9.760918,3.941214],[9.758028,3.941995]]],[[[19.665976,-34.786147],[19.663106,-34.786827],[19.668223,-34.787506],[19.665976,-34.786147]]],[[[19.416861,-34.687804],[19.411351,-34.689305],[19.414974,-34.690216],[19.416861,-34.687804]]],[[[19.422672,-34.680397],[19.412989,-34.683689],[19.414432,-34.686509],[19.422672,-34.680397]]],[[[18.585032,-34.136375],[18.582068,-34.135563],[18.584603,-34.140135],[18.585032,-34.136375]]],[[[23.036219,-34.050765],[23.035666,-34.050102],[23.035227,-34.052092],[23.036219,-34.050765]]],[[[25.643835,-33.953694],[25.643005,-33.95462],[25.645414,-33.956972],[25.643835,-33.953694]]],[[[26.283684,-33.83756],[26.285512,-33.8436],[26.290333,-33.843432],[26.283684,-33.83756]]],[[[26.263173,-33.83768],[26.260398,-33.838335],[26.264678,-33.838538],[26.263173,-33.83768]]],[[[26.276011,-33.831997],[26.274359,-33.835809],[26.285188,-33.833761],[26.276011,-33.831997]]],[[[25.705514,-33.805904],[25.703982,-33.80399],[25.704858,-33.806472],[25.705514,-33.805904]]],[[[18.374082,-33.821506],[18.379089,-33.79667],[18.367939,-33.788812],[18.354261,-33.80129],[18.374082,-33.821506]]],[[[25.768313,-33.79691],[25.767665,-33.800602],[25.773335,-33.800295],[25.768313,-33.79691]]],[[[18.455124,-33.79635],[18.453198,-33.795801],[18.455423,-33.798198],[18.455124,-33.79635]]],[[[18.401312,-33.644714],[18.399469,-33.643905],[18.400827,-33.647185],[18.401312,-33.644714]]],[[[18.080093,-33.417495],[18.086237,-33.435533],[18.098654,-33.432968],[18.090099,-33.413696],[18.080093,-33.417495]]],[[[18.10739,-33.188181],[18.097821,-33.185855],[18.104219,-33.192161],[18.10739,-33.188181]]],[[[17.987171,-33.151082],[17.978032,-33.153162],[17.983593,-33.155652],[17.987171,-33.151082]]],[[[18.02073,-33.088155],[18.017988,-33.093343],[18.02409,-33.093861],[18.02073,-33.088155]]],[[[18.006985,-33.084236],[18.007317,-33.0869],[18.011162,-33.086373],[18.006985,-33.084236]]],[[[17.954253,-33.087624],[17.959631,-33.083221],[17.949956,-33.078368],[17.954253,-33.087624]]],[[[17.928962,-33.053414],[17.922663,-33.050291],[17.926131,-33.05581],[17.928962,-33.053414]]],[[[17.926992,-33.048046],[17.925688,-33.049051],[17.929688,-33.049665],[17.926992,-33.048046]]],[[[17.88915,-32.741732],[17.883864,-32.742439],[17.888857,-32.743732],[17.88915,-32.741732]]],[[[17.883285,-32.737859],[17.879609,-32.740514],[17.883141,-32.740337],[17.883285,-32.737859]]],[[[17.87225,-32.740014],[17.869473,-32.736242],[17.867367,-32.737066],[17.87225,-32.740014]]],[[[17.88082,-32.735816],[17.876399,-32.735936],[17.878552,-32.73786],[17.88082,-32.735816]]],[[[18.299806,-32.087977],[18.298619,-32.088688],[18.2996,-32.088701],[18.299806,-32.087977]]],[[[29.969229,-31.32746],[29.967031,-31.325474],[29.967866,-31.329895],[29.969229,-31.32746]]],[[[16.994837,-29.522353],[16.993049,-29.522727],[16.995918,-29.523536],[16.994837,-29.522353]]],[[[16.934851,-29.366049],[16.933958,-29.370334],[16.936743,-29.373409],[16.934851,-29.366049]]],[[[16.918329,-29.348864],[16.922537,-29.352514],[16.923111,-29.349541],[16.918329,-29.348864]]],[[[16.912217,-29.343661],[16.912047,-29.346073],[16.915173,-29.345941],[16.912217,-29.343661]]],[[[16.903884,-29.335142],[16.907959,-29.342731],[16.911683,-29.341898],[16.903884,-29.335142]]],[[[16.863343,-29.257401],[16.86308,-29.259096],[16.864406,-29.259646],[16.863343,-29.257401]]],[[[16.857526,-29.245141],[16.856923,-29.246736],[16.85954,-29.247051],[16.857526,-29.245141]]],[[[31.485064,-29.218993],[31.487796,-29.220512],[31.487689,-29.219952],[31.485064,-29.218993]]],[[[31.48111,-29.217361],[31.478876,-29.216993],[31.480588,-29.218821],[31.48111,-29.217361]]],[[[31.476834,-29.216232],[31.471957,-29.218361],[31.478287,-29.217582],[31.476834,-29.216232]]],[[[31.216784,-29.106835],[31.218452,-29.108831],[31.221568,-29.108788],[31.216784,-29.106835]]],[[[32.038579,-28.839442],[32.039869,-28.840285],[32.039562,-28.838877],[32.038579,-28.839442]]],[[[16.543565,-28.557551],[16.537775,-28.55924],[16.5427,-28.559218],[16.543565,-28.557551]]],[[[16.280171,-28.504019],[16.278246,-28.504892],[16.284977,-28.507879],[16.280171,-28.504019]]],[[[15.519898,-27.663712],[15.519307,-27.666862],[15.521927,-27.666331],[15.519898,-27.663712]]],[[[15.514984,-27.641546],[15.51182,-27.640969],[15.515048,-27.644148],[15.514984,-27.641546]]],[[[15.262061,-27.214941],[15.26028,-27.214995],[15.261843,-27.216427],[15.262061,-27.214941]]],[[[15.255501,-27.193552],[15.259195,-27.196412],[15.259251,-27.193786],[15.255501,-27.193552]]],[[[15.238304,-27.116522],[15.235136,-27.11839],[15.239144,-27.121037],[15.238304,-27.116522]]],[[[15.236737,-27.112102],[15.236033,-27.11408],[15.237866,-27.114533],[15.236737,-27.112102]]],[[[15.186367,-27.00487],[15.203644,-27.023005],[15.19171,-27.002374],[15.186367,-27.00487]]],[[[15.128328,-26.830521],[15.127665,-26.833168],[15.128535,-26.832766],[15.128328,-26.830521]]],[[[15.125322,-26.818925],[15.123881,-26.819705],[15.127132,-26.824389],[15.125322,-26.818925]]],[[[15.077993,-26.648638],[15.077499,-26.652278],[15.081521,-26.651024],[15.077993,-26.648638]]],[[[15.087347,-26.634655],[15.087675,-26.644637],[15.095316,-26.637666],[15.087347,-26.634655]]],[[[15.155093,-26.610975],[15.151251,-26.617893],[15.155977,-26.622685],[15.155093,-26.610975]]],[[[15.159547,-26.595632],[15.155685,-26.590433],[15.154788,-26.603528],[15.159547,-26.595632]]],[[[15.161194,-26.582365],[15.163625,-26.584054],[15.164643,-26.583241],[15.161194,-26.582365]]],[[[15.116657,-26.491927],[15.116167,-26.494617],[15.117694,-26.492566],[15.116657,-26.491927]]],[[[14.97188,-26.36796],[14.96436,-26.37164],[14.97212,-26.37555],[14.97188,-26.36796]]],[[[32.669668,-26.355748],[32.668165,-26.358292],[32.669071,-26.360696],[32.669668,-26.355748]]],[[[14.96005,-26.355866],[14.95881,-26.35396],[14.958496,-26.358369],[14.96005,-26.355866]]],[[[14.9803,-26.355025],[14.978872,-26.353891],[14.979306,-26.356268],[14.9803,-26.355025]]],[[[14.95262,-26.35086],[14.9421,-26.35284],[14.95569,-26.35738],[14.95262,-26.35086]]],[[[14.961158,-26.350634],[14.959706,-26.352764],[14.961263,-26.352539],[14.961158,-26.350634]]],[[[14.952338,-26.347225],[14.950719,-26.350075],[14.952774,-26.348861],[14.952338,-26.347225]]],[[[14.92546,-26.29174],[14.92512,-26.30115],[14.93257,-26.29953],[14.92546,-26.29174]]],[[[14.932658,-26.28951],[14.93786,-26.292319],[14.93786,-26.289199],[14.932658,-26.28951]]],[[[14.938249,-26.178102],[14.936437,-26.176479],[14.937565,-26.179549],[14.938249,-26.178102]]],[[[32.489087,-26.007842],[32.485429,-26.002651],[32.486467,-26.010168],[32.489087,-26.007842]]],[[[32.682251,-25.922533],[32.680035,-25.937005],[32.692597,-25.922362],[32.682251,-25.922533]]],[[[14.831925,-25.717729],[14.831907,-25.722395],[14.833388,-25.721029],[14.831925,-25.717729]]],[[[14.530516,-24.638064],[14.530328,-24.640188],[14.533036,-24.640659],[14.530516,-24.638064]]],[[[14.204358,-22.042504],[14.205102,-22.045419],[14.206556,-22.045715],[14.204358,-22.042504]]],[[[13.70754,-21.317076],[13.707504,-21.319888],[13.709395,-21.319635],[13.70754,-21.317076]]],[[[12.964902,-12.934961],[12.963244,-12.935967],[12.964835,-12.936549],[12.964902,-12.934961]]],[[[12.950421,-12.897163],[12.949542,-12.897462],[12.951238,-12.899283],[12.950421,-12.897163]]],[[[12.947129,-12.889915],[12.948648,-12.895011],[12.94969,-12.893486],[12.947129,-12.889915]]],[[[13.023929,-9.007521],[13.017121,-9.021998],[13.021751,-9.02437],[13.023929,-9.007521]]],[[[13.054777,-8.984248],[13.05789,-8.988239],[13.058485,-8.985047],[13.054777,-8.984248]]],[[[13.09608,-8.975705],[13.093733,-8.975966],[13.094359,-8.982514],[13.09608,-8.975705]]],[[[13.131636,-8.931901],[13.132232,-8.939426],[13.1357,-8.934458],[13.131636,-8.931901]]],[[[13.154634,-8.86812],[13.141496,-8.866725],[13.102605,-8.904874],[13.048816,-8.959976],[13.031473,-8.988979],[13.104614,-8.923272],[13.121125,-8.897168],[13.142469,-8.888697],[13.154634,-8.86812]]],[[[13.128371,-8.906239],[13.102722,-8.935385],[13.121328,-8.940238],[13.128371,-8.906239]]],[[[13.155091,-8.904892],[13.148937,-8.902198],[13.148787,-8.907975],[13.155091,-8.904892]]],[[[13.165905,-8.867343],[13.163104,-8.867636],[13.166113,-8.868312],[13.165905,-8.867343]]],[[[13.204355,-8.829243],[13.213882,-8.826377],[13.210647,-8.825347],[13.204355,-8.829243]]],[[[13.124239,-7.837514],[13.124222,-7.839404],[13.12754,-7.838865],[13.124239,-7.837514]]],[[[13.139894,-7.829562],[13.137656,-7.830446],[13.13827,-7.831869],[13.139894,-7.829562]]],[[[13.116094,-7.822003],[13.115296,-7.825463],[13.117441,-7.827395],[13.116094,-7.822003]]],[[[13.123183,-7.813028],[13.122344,-7.816052],[13.125657,-7.816016],[13.123183,-7.813028]]],[[[12.779605,-6.037521],[12.788548,-6.04506],[12.796427,-6.037745],[12.779605,-6.037521]]],[[[12.742806,-6.037437],[12.754914,-6.043512],[12.762139,-6.038197],[12.742806,-6.037437]]],[[[12.743372,-6.032852],[12.751506,-6.034319],[12.753811,-6.031254],[12.743372,-6.032852]]],[[[12.740909,-6.030475],[12.74255,-6.030898],[12.745904,-6.029634],[12.740909,-6.030475]]],[[[12.776442,-6.029133],[12.774092,-6.02915],[12.774853,-6.030242],[12.776442,-6.029133]]],[[[12.782582,-6.025789],[12.793001,-6.027716],[12.805481,-6.020716],[12.782582,-6.025789]]],[[[12.856161,-6.015904],[12.832439,-6.026841],[12.854315,-6.023379],[12.856161,-6.015904]]],[[[12.788893,-6.020296],[12.784338,-6.019504],[12.781415,-6.021971],[12.788893,-6.020296]]],[[[12.825311,-6.019476],[12.822516,-6.018269],[12.821897,-6.020731],[12.825311,-6.019476]]],[[[12.813753,-6.018214],[12.813468,-6.019681],[12.815862,-6.018084],[12.813753,-6.018214]]],[[[12.867994,-6.008023],[12.857747,-6.013786],[12.864328,-6.01365],[12.867994,-6.008023]]],[[[12.850685,-6.002019],[12.809934,-6.008219],[12.82078,-6.017097],[12.840027,-6.014399],[12.850685,-6.002019]]],[[[12.725092,-6.026719],[12.764784,-6.015973],[12.79672,-5.993232],[12.774236,-5.990721],[12.723446,-6.007723],[12.725092,-6.026719]]],[[[12.807636,-6.000521],[12.802183,-6.0055],[12.814474,-6.003701],[12.807636,-6.000521]]],[[[12.812645,-5.99839],[12.81022,-5.99822],[12.813862,-5.999277],[12.812645,-5.99839]]],[[[12.743566,-5.996726],[12.741517,-5.999108],[12.746469,-5.998448],[12.743566,-5.996726]]],[[[12.818534,-5.989985],[12.809353,-5.994517],[12.832058,-5.998253],[12.818534,-5.989985]]],[[[12.754571,-5.991941],[12.748103,-5.995329],[12.752083,-5.99541],[12.754571,-5.991941]]],[[[12.764846,-5.98816],[12.763177,-5.987679],[12.763272,-5.988947],[12.764846,-5.98816]]],[[[12.745766,-5.980226],[12.730539,-5.994328],[12.757983,-5.986259],[12.745766,-5.980226]]],[[[12.91421,-5.984904],[12.915007,-5.9815],[12.908535,-5.987683],[12.91421,-5.984904]]],[[[12.772752,-5.980223],[12.764308,-5.97954],[12.76743,-5.988491],[12.772752,-5.980223]]],[[[12.774994,-5.981732],[12.773084,-5.983444],[12.775601,-5.984368],[12.774994,-5.981732]]],[[[12.777898,-5.98078],[12.777276,-5.983909],[12.779299,-5.98257],[12.777898,-5.98078]]],[[[12.921967,-5.975427],[12.918259,-5.982393],[12.924201,-5.978934],[12.921967,-5.975427]]],[[[12.85394,-5.975162],[12.848644,-5.97825],[12.852708,-5.978012],[12.85394,-5.975162]]],[[[12.838289,-5.973778],[12.833489,-5.975477],[12.837193,-5.975465],[12.838289,-5.973778]]],[[[12.874024,-5.988217],[12.897633,-5.979045],[12.920655,-5.935741],[12.893037,-5.960549],[12.876186,-5.962083],[12.852489,-5.985639],[12.874024,-5.988217]]],[[[12.873326,-5.960512],[12.868846,-5.959965],[12.870613,-5.96306],[12.873326,-5.960512]]],[[[12.857543,-5.950195],[12.842534,-5.94672],[12.82969,-5.965817],[12.852688,-5.97192],[12.857543,-5.950195]]],[[[12.886662,-5.956161],[12.885631,-5.958279],[12.889057,-5.957271],[12.886662,-5.956161]]],[[[12.917742,-5.951833],[12.915606,-5.953331],[12.916121,-5.956818],[12.917742,-5.951833]]],[[[12.872045,-5.950176],[12.868217,-5.953102],[12.871918,-5.952703],[12.872045,-5.950176]]],[[[12.958722,-5.950456],[12.957988,-5.94561],[12.955221,-5.955779],[12.958722,-5.950456]]],[[[12.919169,-5.948295],[12.917409,-5.949314],[12.91805,-5.949902],[12.919169,-5.948295]]],[[[12.884987,-5.944603],[12.873296,-5.953308],[12.88642,-5.950195],[12.884987,-5.944603]]],[[[12.904216,-5.93642],[12.887872,-5.944698],[12.892432,-5.955076],[12.904216,-5.93642]]],[[[12.912365,-5.938173],[12.906238,-5.939482],[12.904078,-5.946911],[12.912365,-5.938173]]],[[[12.880123,-5.938942],[12.870068,-5.941722],[12.871504,-5.944963],[12.880123,-5.938942]]],[[[12.858716,-5.9313],[12.860098,-5.941119],[12.870379,-5.933479],[12.858716,-5.9313]]],[[[12.884275,-5.932025],[12.887651,-5.936191],[12.895344,-5.927712],[12.884275,-5.932025]]],[[[12.882406,-5.929734],[12.878395,-5.934107],[12.880906,-5.932876],[12.882406,-5.929734]]],[[[12.841847,-5.925179],[12.840501,-5.926774],[12.841285,-5.927302],[12.841847,-5.925179]]],[[[12.755343,-5.91665],[12.754739,-5.918918],[12.75686,-5.916754],[12.755343,-5.91665]]],[[[12.771618,-5.914581],[12.770492,-5.913823],[12.769878,-5.915269],[12.771618,-5.914581]]],[[[12.757681,-5.913158],[12.756086,-5.914445],[12.758479,-5.913947],[12.757681,-5.913158]]],[[[12.858901,-5.91287],[12.858568,-5.912975],[12.85704,-5.914006],[12.857388,-5.914178],[12.858901,-5.91287]]],[[[12.794277,-5.967226],[12.826046,-5.949983],[12.840993,-5.924832],[12.85704,-5.914006],[12.856359,-5.91367],[12.858568,-5.912975],[12.876199,-5.90108],[12.909375,-5.89763],[12.942745,-5.90343],[12.976374,-5.894238],[13.004699,-5.865276],[12.986094,-5.862753],[12.955795,-5.880158],[12.948053,-5.879665],[12.944054,-5.880267],[12.943307,-5.879363],[12.941069,-5.87922],[12.873944,-5.860212],[12.871519,-5.862074],[12.871712,-5.864098],[12.869627,-5.864253],[12.870341,-5.862978],[12.847091,-5.88083],[12.819582,-5.877015],[12.798499,-5.909589],[12.772096,-5.91699],[12.745734,-5.942081],[12.736614,-5.965278],[12.794277,-5.967226]],[[12.744453,-5.961763],[12.742161,-5.96114],[12.744336,-5.959911],[12.744453,-5.961763]]],[[[12.870341,-5.862978],[12.871519,-5.862074],[12.871421,-5.861049],[12.870341,-5.862978]]],[[[12.948053,-5.879665],[12.955994,-5.87847],[12.939126,-5.874303],[12.943307,-5.879363],[12.948053,-5.879665]]],[[[12.760041,-5.910655],[12.758366,-5.911933],[12.760736,-5.911641],[12.760041,-5.910655]]],[[[12.873473,-5.907531],[12.871725,-5.906705],[12.86832,-5.911101],[12.873473,-5.907531]]],[[[12.884771,-5.907763],[12.888803,-5.910714],[12.889344,-5.90695],[12.884771,-5.907763]]],[[[12.912436,-5.907251],[12.911022,-5.90876],[12.913273,-5.907951],[12.912436,-5.907251]]],[[[12.881662,-5.910432],[12.880995,-5.904727],[12.877483,-5.91076],[12.881662,-5.910432]]],[[[12.919399,-5.907229],[12.916794,-5.905364],[12.917044,-5.908755],[12.919399,-5.907229]]],[[[12.89811,-5.904149],[12.902408,-5.907015],[12.905248,-5.906714],[12.89811,-5.904149]]],[[[12.905454,-5.900576],[12.903536,-5.90227],[12.905202,-5.903172],[12.905454,-5.900576]]],[[[12.910224,-5.898778],[12.908592,-5.899091],[12.911344,-5.900018],[12.910224,-5.898778]]],[[[12.778608,-5.904842],[12.799147,-5.889705],[12.790709,-5.884795],[12.766502,-5.899344],[12.778608,-5.904842]]],[[[13.335856,-5.893162],[13.334847,-5.894402],[13.33572,-5.895168],[13.335856,-5.893162]]],[[[13.333442,-5.888086],[13.327649,-5.891582],[13.334572,-5.892279],[13.333442,-5.888086]]],[[[12.989718,-5.885915],[12.986036,-5.888692],[12.986414,-5.889394],[12.989718,-5.885915]]],[[[13.091726,-5.88038],[13.076078,-5.879992],[13.093448,-5.888022],[13.091726,-5.88038]]],[[[13.039015,-5.884202],[13.031001,-5.87804],[13.022614,-5.884795],[13.039015,-5.884202]]],[[[13.046779,-5.884805],[13.043179,-5.878909],[13.042743,-5.878281],[13.032981,-5.875988],[13.046779,-5.884805]]],[[[13.067577,-5.886451],[13.069966,-5.874547],[13.038524,-5.872206],[13.042743,-5.878281],[13.042804,-5.878296],[13.043179,-5.878909],[13.048087,-5.885978],[13.067577,-5.886451]]],[[[12.994806,-5.882752],[12.999359,-5.875043],[12.988889,-5.885353],[12.994806,-5.882752]]],[[[12.837785,-5.870494],[12.834808,-5.869717],[12.836064,-5.871184],[12.837785,-5.870494]]],[[[12.856676,-5.863501],[12.846747,-5.868768],[12.851254,-5.869002],[12.856676,-5.863501]]],[[[12.951921,-5.864057],[12.942324,-5.860271],[12.927513,-5.861761],[12.924588,-5.863768],[12.951921,-5.864057]]],[[[12.906676,-5.841031],[12.89097,-5.849676],[12.918005,-5.862718],[12.927513,-5.861761],[12.934297,-5.857105],[12.942324,-5.860271],[12.976903,-5.856793],[12.906676,-5.841031]]],[[[12.927387,-5.843415],[12.923065,-5.843063],[12.926389,-5.844099],[12.927387,-5.843415]]],[[[13.523316,-5.756875],[13.525767,-5.759138],[13.526195,-5.75682],[13.523316,-5.756875]]],[[[13.546839,-5.722805],[13.543992,-5.726665],[13.544627,-5.727801],[13.546839,-5.722805]]],[[[13.587783,-5.542065],[13.587428,-5.543916],[13.588965,-5.543942],[13.587783,-5.542065]]],[[[32.860291,-26.907052],[32.860905,-26.909858],[32.862295,-26.908364],[32.860291,-26.907052]]],[[[32.938059,-26.032739],[32.946008,-26.056146],[32.961331,-26.068388],[32.973743,-26.014399],[32.99396,-25.971954],[32.979431,-25.970498],[32.975922,-25.985519],[32.954524,-25.997031],[32.942248,-25.986237],[32.914067,-26.003945],[32.896222,-26.051758],[32.90999,-26.061487],[32.924712,-26.050654],[32.92228,-26.035024],[32.938059,-26.032739]]],[[[32.905033,-25.970871],[32.912788,-25.982615],[32.920865,-25.971415],[32.905033,-25.970871]]],[[[32.700831,-25.892122],[32.698961,-25.898102],[32.700831,-25.902061],[32.700831,-25.892122]]],[[[32.739285,-25.859827],[32.742158,-25.856166],[32.737476,-25.837041],[32.739285,-25.859827]]],[[[32.707524,-25.835134],[32.714975,-25.85877],[32.723451,-25.820253],[32.707524,-25.835134]]],[[[32.73644,-25.830154],[32.73644,-25.828565],[32.735964,-25.826993],[32.73644,-25.830154]]],[[[32.730312,-25.763519],[32.729175,-25.764336],[32.733275,-25.766729],[32.730312,-25.763519]]],[[[35.452523,-23.86669],[35.45332,-23.86967],[35.454689,-23.866524],[35.452523,-23.86669]]],[[[35.455617,-23.857601],[35.453008,-23.858677],[35.454702,-23.86201],[35.455617,-23.857601]]],[[[35.449734,-23.836772],[35.447229,-23.838035],[35.450973,-23.83755],[35.449734,-23.836772]]],[[[35.448645,-23.830819],[35.446107,-23.831225],[35.447181,-23.831646],[35.448645,-23.830819]]],[[[35.417547,-23.823959],[35.422062,-23.824943],[35.418549,-23.823454],[35.417547,-23.823959]]],[[[35.444847,-23.821453],[35.445851,-23.822088],[35.447829,-23.821912],[35.444847,-23.821453]]],[[[35.448416,-23.812528],[35.445307,-23.818044],[35.447593,-23.819161],[35.448416,-23.812528]]],[[[35.418856,-23.810351],[35.422326,-23.821125],[35.429072,-23.814764],[35.418856,-23.810351]]],[[[35.432738,-23.793921],[35.422558,-23.797614],[35.429866,-23.80267],[35.432738,-23.793921]]],[[[35.482767,-23.782086],[35.487538,-23.785313],[35.491327,-23.785385],[35.482767,-23.782086]]],[[[35.497088,-23.781766],[35.494077,-23.783581],[35.499579,-23.783384],[35.497088,-23.781766]]],[[[35.347532,-22.199705],[35.345138,-22.200416],[35.347531,-22.207026],[35.347532,-22.199705]]],[[[35.355865,-22.198903],[35.35253,-22.20002],[35.353738,-22.203437],[35.355865,-22.198903]]],[[[35.358135,-22.189903],[35.356164,-22.193527],[35.357967,-22.193832],[35.358135,-22.189903]]],[[[35.352935,-22.186857],[35.347694,-22.188302],[35.353693,-22.188869],[35.352935,-22.186857]]],[[[35.346492,-22.181331],[35.342485,-22.18425],[35.347204,-22.183985],[35.346492,-22.181331]]],[[[35.521511,-22.171626],[35.51753,-22.183901],[35.522122,-22.184496],[35.521511,-22.171626]]],[[[35.50455,-22.14379],[35.504218,-22.14748],[35.505932,-22.147715],[35.50455,-22.14379]]],[[[35.526456,-22.133622],[35.51997,-22.157142],[35.531513,-22.147226],[35.526456,-22.133622]]],[[[35.510986,-22.142516],[35.511478,-22.144708],[35.512246,-22.144466],[35.510986,-22.142516]]],[[[35.497336,-22.138356],[35.500142,-22.143531],[35.500561,-22.139872],[35.497336,-22.138356]]],[[[35.450334,-22.111126],[35.450291,-22.114303],[35.452271,-22.112129],[35.450334,-22.111126]]],[[[35.457167,-22.041773],[35.46056,-22.044606],[35.459214,-22.041951],[35.457167,-22.041773]]],[[[35.455074,-22.040656],[35.452553,-22.041628],[35.45596,-22.041572],[35.455074,-22.040656]]],[[[35.428893,-21.958545],[35.420202,-21.970267],[35.429554,-21.972656],[35.428893,-21.958545]]],[[[35.448004,-21.906995],[35.45841,-21.844952],[35.445533,-21.844097],[35.411699,-21.86789],[35.423152,-21.881011],[35.426417,-21.90544],[35.448004,-21.906995]]],[[[35.457451,-21.837969],[35.458381,-21.84411],[35.461518,-21.836543],[35.457451,-21.837969]]],[[[35.468415,-21.814336],[35.46647,-21.815158],[35.463806,-21.826233],[35.468415,-21.814336]]],[[[35.489499,-21.621094],[35.493249,-21.533363],[35.474605,-21.515733],[35.471812,-21.54955],[35.46144,-21.565431],[35.462849,-21.631039],[35.431475,-21.658665],[35.446907,-21.704549],[35.424333,-21.726189],[35.432716,-21.735344],[35.437234,-21.770992],[35.454586,-21.794242],[35.461547,-21.784941],[35.466538,-21.730762],[35.482826,-21.701413],[35.495895,-21.64521],[35.489499,-21.621094]]],[[[35.336779,-21.626048],[35.343099,-21.626851],[35.342999,-21.620733],[35.336779,-21.626048]]],[[[35.081415,-21.254942],[35.081026,-21.259835],[35.084421,-21.259145],[35.081415,-21.254942]]],[[[35.070584,-21.245179],[35.072469,-21.246345],[35.071557,-21.24401],[35.070584,-21.245179]]],[[[35.103975,-21.190227],[35.101511,-21.202986],[35.104769,-21.204805],[35.103975,-21.190227]]],[[[35.111647,-21.133862],[35.119215,-21.146903],[35.117654,-21.135241],[35.111647,-21.133862]]],[[[35.126915,-20.956942],[35.117451,-20.971656],[35.125112,-20.967773],[35.126915,-20.956942]]],[[[35.101156,-20.889814],[35.099816,-20.889653],[35.102401,-20.891922],[35.101156,-20.889814]]],[[[35.013464,-20.793919],[35.009341,-20.794823],[35.012228,-20.795345],[35.013464,-20.793919]]],[[[34.943655,-20.677426],[34.932723,-20.68494],[34.945932,-20.683002],[34.943655,-20.677426]]],[[[34.912464,-20.652631],[34.908821,-20.675972],[34.965429,-20.668223],[34.925017,-20.627373],[34.911818,-20.630888],[34.886391,-20.619962],[34.89307,-20.636693],[34.912464,-20.652631]]],[[[34.671097,-20.572905],[34.669611,-20.576273],[34.671731,-20.576261],[34.671097,-20.572905]]],[[[34.67594,-20.540458],[34.668492,-20.551582],[34.672775,-20.55934],[34.67594,-20.540458]]],[[[34.673462,-20.524555],[34.672035,-20.525819],[34.673214,-20.527449],[34.673462,-20.524555]]],[[[34.69072,-20.38562],[34.688152,-20.389009],[34.690687,-20.388289],[34.69072,-20.38562]]],[[[34.805247,-19.948736],[34.8114,-19.954641],[34.808122,-19.949313],[34.805247,-19.948736]]],[[[34.726011,-19.903672],[34.718431,-19.899781],[34.723744,-19.904854],[34.726011,-19.903672]]],[[[34.736638,-19.893924],[34.727057,-19.89967],[34.735392,-19.903617],[34.736638,-19.893924]]],[[[34.75599,-19.870237],[34.74933,-19.880627],[34.759859,-19.882087],[34.75599,-19.870237]]],[[[34.779606,-19.819158],[34.782599,-19.822339],[34.783991,-19.821867],[34.779606,-19.819158]]],[[[34.779683,-19.814082],[34.778812,-19.818247],[34.78151,-19.817764],[34.779683,-19.814082]]],[[[34.975549,-19.804186],[34.991228,-19.791242],[34.971684,-19.800884],[34.975549,-19.804186]]],[[[34.812783,-19.791604],[34.811329,-19.792028],[34.814742,-19.79398],[34.812783,-19.791604]]],[[[34.77273,-19.767542],[34.771864,-19.778041],[34.797489,-19.815693],[34.804316,-19.806267],[34.791999,-19.781377],[34.77273,-19.767542]]],[[[34.807981,-19.786129],[34.808421,-19.789449],[34.811049,-19.788674],[34.807981,-19.786129]]],[[[34.98691,-19.784706],[34.985931,-19.786539],[34.987062,-19.786443],[34.98691,-19.784706]]],[[[34.801026,-19.77783],[34.804417,-19.784464],[34.808836,-19.784335],[34.801026,-19.77783]]],[[[34.761515,-19.763694],[34.753893,-19.76439],[34.769977,-19.781113],[34.761515,-19.763694]]],[[[34.738765,-19.736924],[34.71334,-19.743446],[34.758323,-19.752736],[34.738765,-19.736924]]],[[[34.676298,-19.730583],[34.677938,-19.732873],[34.68017,-19.733217],[34.676298,-19.730583]]],[[[34.678558,-19.709332],[34.674034,-19.722272],[34.681167,-19.729964],[34.678558,-19.709332]]],[[[35.096795,-19.714536],[35.089371,-19.716078],[35.091135,-19.71716],[35.096795,-19.714536]]],[[[34.601141,-19.598293],[34.594731,-19.594557],[34.595111,-19.60167],[34.601141,-19.598293]]],[[[35.491189,-19.341364],[35.487458,-19.34446],[35.491665,-19.34403],[35.491189,-19.341364]]],[[[35.675409,-19.138728],[35.672116,-19.140463],[35.675493,-19.142282],[35.675409,-19.138728]]],[[[35.687186,-19.137462],[35.68333,-19.141553],[35.686388,-19.140664],[35.687186,-19.137462]]],[[[35.694616,-19.131261],[35.691567,-19.129773],[35.691329,-19.135192],[35.694616,-19.131261]]],[[[35.675618,-19.124087],[35.671166,-19.137495],[35.687247,-19.132142],[35.675618,-19.124087]]],[[[35.983075,-18.920802],[35.981506,-18.921169],[35.984152,-18.921458],[35.983075,-18.920802]]],[[[35.996865,-18.915901],[36.003119,-18.910827],[35.995079,-18.910156],[35.996865,-18.915901]]],[[[36.223994,-18.635819],[36.227298,-18.632734],[36.224625,-18.629838],[36.22295,-18.636482],[36.223994,-18.635819]]],[[[36.265805,-18.611858],[36.247712,-18.598187],[36.246973,-18.614367],[36.227298,-18.632734],[36.22787,-18.633353],[36.223994,-18.635819],[36.219679,-18.639846],[36.224969,-18.657784],[36.223506,-18.660417],[36.223778,-18.660825],[36.223159,-18.661042],[36.212397,-18.680416],[36.238428,-18.719445],[36.247924,-18.72078],[36.260372,-18.745634],[36.256506,-18.765396],[36.289111,-18.794891],[36.349269,-18.802926],[36.376873,-18.78215],[36.387847,-18.787637],[36.393858,-18.721887],[36.374021,-18.743487],[36.370796,-18.734334],[36.352206,-18.752958],[36.379848,-18.698789],[36.415671,-18.684391],[36.433977,-18.636968],[36.4582,-18.610106],[36.484002,-18.601729],[36.470626,-18.58105],[36.425677,-18.57006],[36.424452,-18.605858],[36.400278,-18.596073],[36.383789,-18.617255],[36.361963,-18.624933],[36.34,-18.596838],[36.319903,-18.612438],[36.265805,-18.611858]],[[36.381719,-18.693925],[36.383744,-18.688874],[36.384522,-18.693164],[36.381719,-18.693925]]],[[[36.223506,-18.660417],[36.219375,-18.654214],[36.222136,-18.661401],[36.223159,-18.661042],[36.223506,-18.660417]]],[[[36.221355,-18.628119],[36.217877,-18.629525],[36.220049,-18.632072],[36.221355,-18.628119]]],[[[36.212436,-18.562518],[36.223139,-18.569836],[36.227287,-18.561979],[36.212436,-18.562518]]],[[[36.20772,-18.563298],[36.210594,-18.56676],[36.211464,-18.564992],[36.20772,-18.563298]]],[[[36.184124,-18.54833],[36.186684,-18.551325],[36.18812,-18.550336],[36.184124,-18.54833]]],[[[36.183143,-18.542009],[36.18854,-18.546249],[36.185557,-18.541958],[36.183143,-18.542009]]],[[[36.177988,-18.542985],[36.174819,-18.542566],[36.176798,-18.54441],[36.177988,-18.542985]]],[[[36.150471,-18.528423],[36.150629,-18.530215],[36.153198,-18.53082],[36.150471,-18.528423]]],[[[36.12295,-18.484925],[36.118297,-18.48252],[36.125286,-18.493134],[36.12295,-18.484925]]],[[[36.116079,-18.452837],[36.116915,-18.464326],[36.120679,-18.465281],[36.116079,-18.452837]]],[[[36.108905,-18.443551],[36.109454,-18.445497],[36.110365,-18.445767],[36.108905,-18.443551]]],[[[36.10746,-18.438902],[36.105346,-18.436551],[36.106936,-18.440511],[36.10746,-18.438902]]],[[[36.102915,-18.42982],[36.101264,-18.428536],[36.104626,-18.435426],[36.102915,-18.42982]]],[[[36.096099,-18.412032],[36.096612,-18.414456],[36.098198,-18.413658],[36.096099,-18.412032]]],[[[36.093334,-18.406518],[36.092151,-18.410496],[36.094296,-18.411687],[36.093334,-18.406518]]],[[[36.082399,-18.405571],[36.080359,-18.405114],[36.081749,-18.406906],[36.082399,-18.405571]]],[[[36.087462,-18.392162],[36.081779,-18.397137],[36.09242,-18.40659],[36.087462,-18.392162]]],[[[36.083287,-18.386382],[36.080277,-18.393268],[36.086104,-18.390652],[36.083287,-18.386382]]],[[[36.019243,-18.324643],[36.011022,-18.319616],[36.020259,-18.328576],[36.019243,-18.324643]]],[[[36.018903,-18.319062],[36.015875,-18.320574],[36.019987,-18.323616],[36.018903,-18.319062]]],[[[35.986245,-18.296519],[35.978516,-18.295923],[35.982406,-18.298459],[35.986245,-18.296519]]],[[[35.957243,-18.285107],[35.956131,-18.287791],[35.96297,-18.287831],[35.957243,-18.285107]]],[[[35.951494,-18.281073],[35.945583,-18.277865],[35.95206,-18.283784],[35.951494,-18.281073]]],[[[35.94169,-18.265346],[35.946131,-18.276418],[35.949095,-18.275249],[35.94169,-18.265346]]],[[[35.937698,-18.259122],[35.935406,-18.258723],[35.940011,-18.262796],[35.937698,-18.259122]]],[[[35.892956,-18.247442],[35.893923,-18.250014],[35.895378,-18.250229],[35.892956,-18.247442]]],[[[35.886478,-18.240624],[35.88641,-18.248398],[35.892201,-18.249896],[35.886478,-18.240624]]],[[[35.882222,-18.239419],[35.882378,-18.24276],[35.882494,-18.242323],[35.882222,-18.239419]]],[[[35.883878,-18.220174],[35.883145,-18.224191],[35.886942,-18.22489],[35.883878,-18.220174]]],[[[35.883241,-18.19963],[35.882122,-18.198915],[35.882805,-18.201022],[35.883241,-18.19963]]],[[[35.867096,-18.194437],[35.880478,-18.205617],[35.877268,-18.194123],[35.867096,-18.194437]]],[[[35.84806,-18.1711],[35.846463,-18.17034],[35.847564,-18.174923],[35.84806,-18.1711]]],[[[35.845258,-18.165273],[35.839951,-18.160673],[35.845557,-18.171067],[35.845258,-18.165273]]],[[[35.839604,-18.156493],[35.838874,-18.158727],[35.839802,-18.159265],[35.839604,-18.156493]]],[[[35.843487,-18.151143],[35.841525,-18.159134],[35.846725,-18.162571],[35.843487,-18.151143]]],[[[35.849185,-18.148329],[35.846094,-18.150877],[35.85142,-18.164142],[35.849185,-18.148329]]],[[[35.832766,-18.124687],[35.840562,-18.143279],[35.845304,-18.138298],[35.832766,-18.124687]]],[[[35.836686,-18.104207],[35.817757,-18.102821],[35.837554,-18.128371],[35.846951,-18.1234],[35.836686,-18.104207]]],[[[35.80901,-18.103406],[35.809926,-18.102758],[35.811174,-18.098353],[35.799238,-18.096824],[35.809396,-18.104629],[35.809715,-18.103505],[35.80901,-18.103406]]],[[[35.809715,-18.103505],[35.814887,-18.104234],[35.814027,-18.099859],[35.809926,-18.102758],[35.809715,-18.103505]]],[[[35.8216,-18.098185],[35.818479,-18.100405],[35.826786,-18.100255],[35.8216,-18.098185]]],[[[35.793609,-18.087329],[35.797841,-18.096743],[35.809438,-18.094048],[35.793609,-18.087329]]],[[[35.734536,-18.064102],[35.737929,-18.068037],[35.743958,-18.067378],[35.734536,-18.064102]]],[[[35.734548,-18.051394],[35.722093,-18.050194],[35.740887,-18.061061],[35.734548,-18.051394]]],[[[35.682239,-18.033833],[35.69506,-18.051424],[35.703676,-18.042921],[35.682239,-18.033833]]],[[[35.666752,-18.031016],[35.659135,-18.034963],[35.671543,-18.036659],[35.666752,-18.031016]]],[[[35.6341,-18.027369],[35.623452,-18.028502],[35.641717,-18.038152],[35.6341,-18.027369]]],[[[35.64401,-18.018415],[35.652864,-18.03286],[35.665642,-18.028341],[35.64401,-18.018415]]],[[[35.620795,-18.018653],[35.613698,-18.022046],[35.622715,-18.024344],[35.620795,-18.018653]]],[[[35.56924,-18.008647],[35.57129,-18.015844],[35.581513,-18.014569],[35.56924,-18.008647]]],[[[36.287323,-18.796006],[36.25645,-18.767975],[36.2473,-18.780567],[36.267529,-18.810345],[36.298266,-18.832926],[36.308209,-18.862705],[36.372849,-18.8065],[36.348434,-18.815497],[36.287323,-18.796006]]],[[[36.329247,-18.806572],[36.349274,-18.807056],[36.325912,-18.802799],[36.329247,-18.806572]]],[[[36.252846,-18.796753],[36.257993,-18.800079],[36.254396,-18.79559],[36.252846,-18.796753]]],[[[36.250981,-18.791961],[36.250473,-18.793613],[36.251917,-18.795215],[36.250981,-18.791961]]],[[[36.237014,-18.788905],[36.241259,-18.792235],[36.239292,-18.785588],[36.237014,-18.788905]]],[[[36.254166,-18.73815],[36.240789,-18.727706],[36.254367,-18.75039],[36.254166,-18.73815]]],[[[36.384765,-18.721139],[36.385195,-18.72531],[36.386986,-18.722808],[36.384765,-18.721139]]],[[[36.392039,-18.716893],[36.391549,-18.718563],[36.392826,-18.719489],[36.392039,-18.716893]]],[[[36.24472,-18.608284],[36.240065,-18.613993],[36.245386,-18.614017],[36.24472,-18.608284]]],[[[36.266182,-18.610109],[36.265864,-18.611032],[36.267716,-18.611261],[36.266182,-18.610109]]],[[[36.301697,-18.600725],[36.299875,-18.602548],[36.303788,-18.603351],[36.301697,-18.600725]]],[[[36.800165,-18.220685],[36.785705,-18.223802],[36.793344,-18.229589],[36.800165,-18.220685]]],[[[36.775874,-18.221895],[36.783683,-18.211354],[36.772635,-18.212644],[36.775874,-18.221895]]],[[[36.788169,-18.209961],[36.78819,-18.213746],[36.790198,-18.212597],[36.788169,-18.209961]]],[[[36.770368,-18.205066],[36.773236,-18.211321],[36.776141,-18.210309],[36.770368,-18.205066]]],[[[36.80362,-18.203993],[36.793482,-18.201606],[36.797616,-18.208943],[36.80362,-18.203993]]],[[[36.83258,-18.206436],[36.835249,-18.206656],[36.835064,-18.202669],[36.83258,-18.206436]]],[[[36.806566,-18.200912],[36.806178,-18.203496],[36.810228,-18.202034],[36.806566,-18.200912]]],[[[36.81806,-18.194715],[36.813827,-18.196523],[36.814754,-18.199569],[36.81806,-18.194715]]],[[[36.878837,-18.171127],[36.839044,-18.171797],[36.845273,-18.181427],[36.876893,-18.187144],[36.878837,-18.171127]]],[[[36.939799,-18.02739],[36.924113,-18.02914],[36.935516,-18.037025],[36.939799,-18.02739]]],[[[36.952045,-18.026878],[36.950593,-18.027383],[36.950881,-18.028973],[36.952045,-18.026878]]],[[[36.954404,-18.025818],[36.953104,-18.027217],[36.954205,-18.02877],[36.954404,-18.025818]]],[[[36.938514,-17.979395],[36.906209,-17.975213],[36.920595,-18.025061],[36.94027,-18.015591],[36.938514,-17.979395]]],[[[36.917117,-17.969165],[36.905952,-17.964689],[36.910681,-17.972063],[36.917117,-17.969165]]],[[[36.905947,-17.960073],[36.906005,-17.96118],[36.908773,-17.96118],[36.905947,-17.960073]]],[[[36.905994,-17.934778],[36.900019,-17.94992],[36.911656,-17.959953],[36.905994,-17.934778]]],[[[36.892581,-17.922121],[36.895343,-17.928477],[36.894956,-17.924332],[36.892581,-17.922121]]],[[[36.903989,-17.927061],[36.905725,-17.91738],[36.90012,-17.928946],[36.903989,-17.927061]]],[[[36.90563,-17.916444],[36.900676,-17.893718],[36.88804,-17.890883],[36.898502,-17.927865],[36.90563,-17.916444]]],[[[37.334272,-17.676161],[37.337049,-17.677198],[37.337133,-17.67608],[37.334272,-17.676161]]],[[[37.330821,-17.675205],[37.329607,-17.676204],[37.330809,-17.677683],[37.330821,-17.675205]]],[[[37.336903,-17.671596],[37.33586,-17.672026],[37.33824,-17.672995],[37.336903,-17.671596]]],[[[37.601701,-17.539348],[37.603554,-17.540683],[37.604344,-17.540047],[37.601701,-17.539348]]],[[[37.588489,-17.537366],[37.587482,-17.540067],[37.591077,-17.54113],[37.588489,-17.537366]]],[[[37.589872,-17.534788],[37.587465,-17.535568],[37.589609,-17.53646],[37.589872,-17.534788]]],[[[37.591817,-17.53363],[37.590922,-17.534142],[37.592913,-17.535464],[37.591817,-17.53363]]],[[[37.690648,-17.482224],[37.697096,-17.488529],[37.702655,-17.480836],[37.690648,-17.482224]]],[[[37.689947,-17.480133],[37.688026,-17.482013],[37.688861,-17.482419],[37.689947,-17.480133]]],[[[38.090675,-17.206614],[38.078795,-17.20198],[38.090707,-17.220966],[38.090675,-17.206614]]],[[[38.076868,-17.207245],[38.07455,-17.205581],[38.077725,-17.211915],[38.076868,-17.207245]]],[[[38.466044,-17.146824],[38.46365,-17.148609],[38.467952,-17.147957],[38.466044,-17.146824]]],[[[38.45751,-17.144251],[38.454548,-17.147139],[38.461653,-17.145813],[38.45751,-17.144251]]],[[[38.467359,-17.144768],[38.46744,-17.1466],[38.469967,-17.146381],[38.467359,-17.144768]]],[[[38.494939,-17.125429],[38.49376,-17.128263],[38.49669,-17.130006],[38.494939,-17.125429]]],[[[38.497466,-17.125813],[38.499496,-17.127743],[38.497879,-17.122448],[38.497466,-17.125813]]],[[[38.49679,-17.118162],[38.495804,-17.117439],[38.496235,-17.12005],[38.49679,-17.118162]]],[[[38.497519,-17.115908],[38.498433,-17.119619],[38.499713,-17.116639],[38.497519,-17.115908]]],[[[38.577423,-17.110562],[38.576477,-17.111985],[38.579315,-17.110929],[38.577423,-17.110562]]],[[[38.592263,-17.095773],[38.590529,-17.100097],[38.592754,-17.100042],[38.592263,-17.095773]]],[[[38.591019,-17.097011],[38.589706,-17.097858],[38.589753,-17.098661],[38.591019,-17.097011]]],[[[38.615113,17.936274],[38.614069,17.93489],[38.615448,17.933432],[38.615113,17.936274]]],[[[38.50322,18.070999],[38.50599,18.068705],[38.509696,18.070461],[38.50322,18.070999]]],[[[38.474545,18.118802],[38.472162,18.115666],[38.476255,18.116143],[38.474545,18.118802]]],[[[38.472217,18.124872],[38.472724,18.120134],[38.475928,18.12246],[38.472217,18.124872]]],[[[38.462193,18.124231],[38.46091,18.124905],[38.460966,18.121821],[38.462193,18.124231]]],[[[38.456737,18.127156],[38.455131,18.122989],[38.4592,18.122508],[38.456737,18.127156]]],[[[38.471599,18.128634],[38.4741,18.127617],[38.473422,18.128701],[38.471599,18.128634]]],[[[38.468642,18.135134],[38.467944,18.131531],[38.472132,18.131981],[38.468642,18.135134]]],[[[38.499232,18.139987],[38.491943,18.127087],[38.500743,18.132109],[38.499232,18.139987]]],[[[38.45732,18.130337],[38.466151,18.135145],[38.458983,18.13737],[38.45732,18.130337]]],[[[38.402363,18.14515],[38.41378,18.138019],[38.419442,18.147035],[38.402363,18.14515]]],[[[38.401449,18.146477],[38.398372,18.147461],[38.400734,18.144636],[38.401449,18.146477]]],[[[38.494315,18.154411],[38.487974,18.146652],[38.492385,18.148481],[38.494315,18.154411]]],[[[38.455345,18.164213],[38.454198,18.163426],[38.457334,18.160166],[38.455345,18.164213]]],[[[38.448919,18.170983],[38.465252,18.16076],[38.462317,18.199693],[38.439888,18.184153],[38.430303,18.148532],[38.448919,18.170983]]],[[[38.386358,18.20209],[38.38474,18.201231],[38.387901,18.201426],[38.386358,18.20209]]],[[[38.373251,18.217555],[38.370139,18.217758],[38.373684,18.215349],[38.373251,18.217555]]],[[[38.314,18.228454],[38.311604,18.21773],[38.334349,18.208589],[38.343807,18.22165],[38.314,18.228454]]],[[[38.374117,18.224886],[38.373567,18.222958],[38.376984,18.22305],[38.374117,18.224886]]],[[[38.381779,18.229186],[38.378204,18.225483],[38.384325,18.227177],[38.381779,18.229186]]],[[[38.334866,18.235451],[38.335325,18.234596],[38.33673,18.236069],[38.334866,18.235451]]],[[[38.193168,18.236943],[38.191647,18.236014],[38.19517,18.235634],[38.193168,18.236943]]],[[[38.342777,18.252213],[38.346912,18.236743],[38.371834,18.224379],[38.374732,18.233746],[38.342777,18.252213]]],[[[38.196258,18.24383],[38.191597,18.246689],[38.194574,18.241519],[38.196258,18.24383]]],[[[38.351876,18.251453],[38.353893,18.248549],[38.356467,18.249135],[38.351876,18.251453]]],[[[38.187825,18.247725],[38.192035,18.252798],[38.186915,18.257924],[38.187825,18.247725]]],[[[38.331109,18.255182],[38.324694,18.255023],[38.32524,18.250659],[38.331109,18.255182]]],[[[38.335166,18.26574],[38.329911,18.271763],[38.33368,18.263188],[38.335166,18.26574]]],[[[38.321017,18.276962],[38.322428,18.270762],[38.326056,18.275967],[38.321017,18.276962]]],[[[38.294568,18.261354],[38.304476,18.269571],[38.286167,18.28708],[38.294568,18.261354]]],[[[38.30986,18.287898],[38.302512,18.292241],[38.307691,18.282654],[38.30986,18.287898]]],[[[38.107291,18.293838],[38.107099,18.291296],[38.109241,18.292641],[38.107291,18.293838]]],[[[38.281892,18.300169],[38.284135,18.299795],[38.282148,18.300847],[38.281685,18.300804],[38.281892,18.300169]]],[[[38.280217,18.305297],[38.273039,18.299634],[38.286167,18.28708],[38.281892,18.300169],[38.279363,18.300591],[38.281685,18.300804],[38.280217,18.305297]]],[[[38.225209,18.304913],[38.229097,18.306224],[38.226309,18.306623],[38.225209,18.304913]]],[[[38.102105,18.307788],[38.099648,18.306483],[38.103383,18.304332],[38.102105,18.307788]]],[[[38.227944,18.315178],[38.232263,18.303501],[38.239195,18.314527],[38.227944,18.315178]]],[[[38.468301,18.412155],[38.466559,18.409739],[38.46948,18.409685],[38.468301,18.412155]]],[[[38.460406,18.432588],[38.45811,18.430277],[38.459237,18.428142],[38.460406,18.432588]]],[[[38.502446,18.433101],[38.50065,18.431296],[38.502824,18.430166],[38.502446,18.433101]]],[[[38.451883,18.461206],[38.455636,18.447348],[38.45584,18.457779],[38.451883,18.461206]]],[[[38.446515,18.475438],[38.445538,18.473275],[38.448318,18.474081],[38.446515,18.475438]]],[[[38.256365,18.616461],[38.251851,18.616184],[38.253891,18.6101],[38.256365,18.616461]]],[[[38.230128,18.621255],[38.234385,18.61181],[38.23684,18.62177],[38.230128,18.621255]]],[[[37.563177,18.72196],[37.560714,18.721916],[37.559952,18.720171],[37.563177,18.72196]]],[[[38.480088,18.743695],[38.479806,18.74118],[38.490884,18.747229],[38.480088,18.743695]]],[[[37.746009,18.753677],[37.748748,18.75294],[37.747162,18.754524],[37.746009,18.753677]]],[[[37.506478,18.756278],[37.50876,18.754656],[37.508561,18.756214],[37.506478,18.756278]]],[[[37.728417,18.758197],[37.732179,18.756183],[37.730453,18.757891],[37.728417,18.758197]]],[[[37.634673,18.759284],[37.631987,18.757938],[37.6347,18.757435],[37.634673,18.759284]]],[[[37.746969,18.75882],[37.742767,18.761998],[37.746683,18.756174],[37.746969,18.75882]]],[[[37.690454,18.765691],[37.685411,18.766131],[37.688029,18.764712],[37.690454,18.765691]]],[[[37.738352,18.765869],[37.730775,18.768242],[37.740456,18.763465],[37.738352,18.765869]]],[[[37.702807,18.768543],[37.70607,18.767466],[37.703894,18.768351],[37.702807,18.768543]]],[[[37.721749,18.771984],[37.719918,18.771529],[37.726707,18.770272],[37.721749,18.771984]]],[[[37.719776,18.771548],[37.719849,18.771511],[37.719918,18.771529],[37.719776,18.771548]]],[[[37.714626,18.774054],[37.711704,18.772656],[37.717509,18.772698],[37.714626,18.774054]]],[[[37.698403,18.78011],[37.697356,18.778379],[37.69892,18.775909],[37.698403,18.78011]]],[[[38.029963,18.76618],[38.02037,18.789033],[37.997458,18.794364],[37.99952,18.768966],[38.029963,18.76618]]],[[[37.656112,18.777701],[37.663416,18.779546],[37.663517,18.783819],[37.656112,18.777701]]],[[[37.667692,18.795158],[37.666093,18.794585],[37.666693,18.793976],[37.667692,18.795158]]],[[[38.178536,18.811186],[38.177109,18.812125],[38.17767,18.801672],[38.178536,18.811186]]],[[[38.175251,18.811631],[38.166134,18.811039],[38.170329,18.806954],[38.175251,18.811631]]],[[[38.163183,18.840711],[38.14678,18.826654],[38.176296,18.831639],[38.163183,18.840711]]],[[[37.428503,18.861308],[37.426403,18.86735],[37.42677,18.860435],[37.428503,18.861308]]],[[[37.764556,18.885425],[37.766963,18.883202],[37.766579,18.884676],[37.764556,18.885425]]],[[[37.761141,18.893775],[37.759953,18.891074],[37.764132,18.891571],[37.761141,18.893775]]],[[[38.592299,18.906307],[38.590004,18.90274],[38.59672,18.900022],[38.592299,18.906307]]],[[[38.28866,18.931074],[38.287119,18.931752],[38.287745,18.929482],[38.28866,18.931074]]],[[[38.284857,18.936407],[38.282795,18.931119],[38.287238,18.932621],[38.284857,18.936407]]],[[[37.409626,18.996759],[37.407114,18.99894],[37.40926,18.993451],[37.409626,18.996759]]],[[[37.394703,19.019697],[37.402544,19.009933],[37.400483,19.02364],[37.394703,19.019697]]],[[[38.213004,19.060383],[38.209113,19.060624],[38.208861,19.053858],[38.213004,19.060383]]],[[[37.828678,19.123965],[37.826567,19.120898],[37.835897,19.120021],[37.828678,19.123965]]],[[[37.354933,19.156705],[37.353971,19.154389],[37.355091,19.15388],[37.354933,19.156705]]],[[[38.015902,19.187273],[38.01619,19.184316],[38.01862,19.184855],[38.015902,19.187273]]],[[[38.194546,19.221138],[38.186926,19.221261],[38.193067,19.217764],[38.194546,19.221138]]],[[[37.720938,19.239397],[37.72338,19.23899],[37.722155,19.240187],[37.720938,19.239397]]],[[[37.331428,19.250246],[37.328521,19.255616],[37.331187,19.247354],[37.331428,19.250246]]],[[[37.32665,19.309004],[37.323562,19.307893],[37.324798,19.302593],[37.32665,19.309004]]],[[[37.321679,19.315086],[37.320843,19.314959],[37.322018,19.313241],[37.321679,19.315086]]],[[[37.239247,19.661164],[37.240528,19.658636],[37.24208,19.659518],[37.239247,19.661164]]],[[[37.242202,19.665271],[37.240428,19.667303],[37.240823,19.662125],[37.242202,19.665271]]],[[[37.264668,19.696526],[37.263243,19.696939],[37.263899,19.694491],[37.264668,19.696526]]],[[[37.187696,20.022919],[37.188991,20.019562],[37.190425,20.022335],[37.187696,20.022919]]],[[[37.194656,20.029546],[37.193477,20.031654],[37.194111,20.028353],[37.194656,20.029546]]],[[[37.188918,20.041727],[37.188144,20.037997],[37.189524,20.039781],[37.188918,20.041727]]],[[[37.193417,20.043908],[37.19206,20.040898],[37.194745,20.040451],[37.193417,20.043908]]],[[[37.195566,20.045634],[37.195756,20.042812],[37.196677,20.043022],[37.195566,20.045634]]],[[[37.223647,20.634004],[37.221951,20.634735],[37.220258,20.633602],[37.223647,20.634004]]],[[[37.230354,20.635295],[37.227628,20.634135],[37.22877,20.633955],[37.230354,20.635295]]],[[[37.240446,20.636399],[37.239178,20.635743],[37.242066,20.635119],[37.240446,20.636399]]],[[[37.339826,20.790159],[37.334834,20.78781],[37.337088,20.782566],[37.339826,20.790159]]],[[[37.325892,20.805318],[37.324044,20.804906],[37.32781,20.800595],[37.325892,20.805318]]],[[[37.250138,20.770558],[37.258802,20.755264],[37.270433,20.763626],[37.287352,20.842541],[37.267733,20.851653],[37.251605,20.822382],[37.250138,20.770558]]],[[[37.224499,20.905055],[37.22796,20.904185],[37.226543,20.905875],[37.224499,20.905055]]],[[[37.129866,21.027562],[37.130813,21.02668],[37.132638,21.027274],[37.129866,21.027562]]],[[[37.127803,21.053638],[37.129791,21.052757],[37.130959,21.053599],[37.127803,21.053638]]],[[[37.148252,21.082988],[37.147923,21.081211],[37.151134,21.081409],[37.148252,21.082988]]],[[[37.223308,21.11903],[37.221763,21.119601],[37.222973,21.115964],[37.223308,21.11903]]],[[[37.18745,21.131585],[37.186444,21.127175],[37.1914,21.122535],[37.18745,21.131585]]],[[[37.147028,21.147158],[37.141911,21.143425],[37.156104,21.147432],[37.147028,21.147158]]],[[[37.15931,21.205019],[37.158119,21.204584],[37.161562,21.20412],[37.15931,21.205019]]],[[[37.147724,21.209487],[37.139808,21.208502],[37.141392,21.206394],[37.147724,21.209487]]],[[[37.120459,21.214165],[37.117754,21.215851],[37.116783,21.208748],[37.120459,21.214165]]],[[[37.126534,21.217885],[37.124591,21.215601],[37.127384,21.216269],[37.126534,21.217885]]],[[[37.128307,21.221857],[37.127076,21.219247],[37.129049,21.220286],[37.128307,21.221857]]],[[[37.130529,21.222977],[37.133196,21.223832],[37.132759,21.226637],[37.130529,21.222977]]],[[[38.875827,-17.230997],[38.876602,-17.236808],[38.884231,-17.235872],[38.875827,-17.230997]]],[[[39.068148,-17.119885],[39.070244,-17.123698],[39.0778,-17.120057],[39.068148,-17.119885]]],[[[39.118668,-17.086457],[39.121166,-17.09285],[39.125819,-17.091225],[39.118668,-17.086457]]],[[[38.65945,-17.080168],[38.663001,-17.081856],[38.667401,-17.079353],[38.65945,-17.080168]]],[[[38.669481,-17.072483],[38.669203,-17.073632],[38.670703,-17.074446],[38.669481,-17.072483]]],[[[38.674966,-17.067994],[38.672537,-17.070402],[38.674645,-17.071678],[38.674966,-17.067994]]],[[[38.671875,-17.060826],[38.670492,-17.067667],[38.674443,-17.065946],[38.671875,-17.060826]]],[[[38.669278,-17.046136],[38.669364,-17.047014],[38.670388,-17.046665],[38.669278,-17.046136]]],[[[38.673916,-17.043597],[38.670213,-17.044531],[38.678243,-17.048719],[38.673916,-17.043597]]],[[[38.669667,-17.041505],[38.670306,-17.043166],[38.67234,-17.043072],[38.669667,-17.041505]]],[[[39.084378,-16.951223],[39.08722,-16.95307],[39.083746,-16.945949],[39.084378,-16.951223]]],[[[39.077782,-16.954612],[39.083169,-16.937507],[39.062829,-16.937319],[39.05968,-16.951808],[39.077782,-16.954612]]],[[[39.080513,-16.934688],[39.082371,-16.932646],[39.082891,-16.929973],[39.080513,-16.934688]]],[[[39.074713,-16.929857],[39.07609,-16.933007],[39.079042,-16.932955],[39.074713,-16.929857]]],[[[39.108119,-16.925504],[39.106573,-16.926994],[39.109422,-16.925858],[39.108119,-16.925504]]],[[[39.132645,-16.907977],[39.131821,-16.90642],[39.13164,-16.908991],[39.132645,-16.907977]]],[[[39.123244,-16.905454],[39.121588,-16.906637],[39.122363,-16.907033],[39.123244,-16.905454]]],[[[39.134259,-16.88589],[39.134217,-16.885554],[39.133958,-16.885764],[39.134259,-16.88589]]],[[[39.134465,-16.887527],[39.136267,-16.884871],[39.133598,-16.88063],[39.134217,-16.885554],[39.134466,-16.885351],[39.134836,-16.886133],[39.134259,-16.88589],[39.134465,-16.887527]]],[[[39.130193,-16.868104],[39.127869,-16.871964],[39.129256,-16.875],[39.130193,-16.868104]]],[[[39.12942,-16.868144],[39.127154,-16.867631],[39.126677,-16.871886],[39.12942,-16.868144]]],[[[39.124587,-16.86131],[39.124341,-16.869598],[39.12979,-16.862093],[39.124587,-16.86131]]],[[[39.13024,-16.85346],[39.129323,-16.85416],[39.129981,-16.856119],[39.13024,-16.85346]]],[[[39.511996,-9.157447],[39.510305,-9.153959],[39.509006,-9.163985],[39.511996,-9.157447]]],[[[39.518617,-9.08467],[39.508174,-9.100178],[39.511639,-9.106994],[39.518617,-9.08467]]],[[[39.503097,-9.051526],[39.501136,-9.051207],[39.502488,-9.052895],[39.503097,-9.051526]]],[[[39.528481,-9.045164],[39.520738,-9.056595],[39.534363,-9.05719],[39.528481,-9.045164]]],[[[39.540466,-8.99011],[39.526986,-8.977218],[39.534491,-8.958301],[39.489861,-8.961317],[39.515354,-9.01266],[39.539354,-9.011958],[39.540466,-8.99011]]],[[[39.488308,-8.924919],[39.486148,-8.92704],[39.48887,-8.928481],[39.488308,-8.924919]]],[[[39.478086,-8.919336],[39.469025,-8.923483],[39.481303,-8.927819],[39.478086,-8.919336]]],[[[39.461371,-8.902799],[39.465263,-8.90534],[39.466931,-8.904044],[39.461371,-8.902799]]],[[[39.43085,-8.886628],[39.41471,-8.889255],[39.394625,-8.908017],[39.447774,-8.895679],[39.43085,-8.886628]]],[[[39.399972,-8.894906],[39.399139,-8.89992],[39.40462,-8.894019],[39.399972,-8.894906]]],[[[39.444804,-8.880843],[39.427888,-8.879559],[39.446642,-8.887979],[39.444804,-8.880843]]],[[[39.518853,-8.531184],[39.501677,-8.510687],[39.483922,-8.511857],[39.525174,-8.555988],[39.518853,-8.531184]]],[[[39.434697,-8.303149],[39.431906,-8.303386],[39.434674,-8.305658],[39.434697,-8.303149]]],[[[39.346514,-8.290074],[39.343988,-8.28976],[39.346051,-8.297003],[39.346514,-8.290074]]],[[[39.344975,-8.281808],[39.342871,-8.284056],[39.349329,-8.283858],[39.344975,-8.281808]]],[[[39.345429,-8.209638],[39.349004,-8.219791],[39.356499,-8.223405],[39.345429,-8.209638]]],[[[38.714017,-7.981821],[38.712948,-7.982812],[38.714006,-7.983876],[38.714017,-7.981821]]],[[[38.720243,-7.978903],[38.71942,-7.978458],[38.718751,-7.980312],[38.720243,-7.978903]]],[[[38.68881,-7.969708],[38.689853,-7.971734],[38.692556,-7.971051],[38.68881,-7.969708]]],[[[39.51161,-7.944384],[39.531296,-7.945621],[39.513724,-7.941749],[39.51161,-7.944384]]],[[[39.41421,-7.914843],[39.412953,-7.912327],[39.406801,-7.917233],[39.41421,-7.914843]]],[[[39.276926,-7.905519],[39.276284,-7.908946],[39.277532,-7.910156],[39.276926,-7.905519]]],[[[39.299789,-7.87013],[39.299071,-7.874383],[39.300633,-7.872402],[39.299789,-7.87013]]],[[[39.2894,-7.851832],[39.288443,-7.855609],[39.290215,-7.854957],[39.2894,-7.851832]]],[[[39.242572,-7.835013],[39.241251,-7.836264],[39.240935,-7.840363],[39.242572,-7.835013]]],[[[39.291965,-7.850028],[39.302547,-7.862867],[39.322339,-7.852208],[39.351527,-7.799695],[39.369514,-7.807608],[39.375,-7.789899],[39.350601,-7.778307],[39.339429,-7.781567],[39.318959,-7.825365],[39.291965,-7.850028]]],[[[39.29039,-7.787802],[39.288705,-7.788287],[39.288728,-7.790926],[39.29039,-7.787802]]],[[[39.401695,-7.537747],[39.386825,-7.543234],[39.40071,-7.551306],[39.401695,-7.537747]]],[[[39.408047,-7.514788],[39.406868,-7.516962],[39.410064,-7.515174],[39.408047,-7.514788]]],[[[39.375,-7.413783],[39.418621,-7.421194],[39.409583,-7.399151],[39.375,-7.413783]]],[[[39.429933,-7.408613],[39.434048,-7.410678],[39.434177,-7.40946],[39.429933,-7.408613]]],[[[39.476748,-7.333885],[39.472729,-7.334651],[39.479749,-7.338811],[39.476748,-7.333885]]],[[[39.356624,-7.326084],[39.364197,-7.326551],[39.361189,-7.320504],[39.356624,-7.326084]]],[[[39.482872,-7.261623],[39.48499,-7.261832],[39.482577,-7.260674],[39.482872,-7.261623]]],[[[39.499063,-7.191244],[39.503611,-7.190877],[39.497945,-7.188896],[39.499063,-7.191244]]],[[[39.522918,-7.14565],[39.521195,-7.147984],[39.522367,-7.148945],[39.522918,-7.14565]]],[[[39.396764,-6.82134],[39.391814,-6.82582],[39.394596,-6.828421],[39.396764,-6.82134]]],[[[39.352548,-6.816553],[39.353333,-6.823499],[39.356495,-6.822212],[39.352548,-6.816553]]],[[[39.400939,-6.813659],[39.397455,-6.813156],[39.403157,-6.82085],[39.400939,-6.813659]]],[[[39.333676,-6.800257],[39.330732,-6.796103],[39.331113,-6.801608],[39.333676,-6.800257]]],[[[39.334076,-6.782751],[39.331304,-6.787917],[39.340226,-6.790718],[39.334076,-6.782751]]],[[[39.264999,-6.692972],[39.258031,-6.694069],[39.276561,-6.708571],[39.264999,-6.692972]]],[[[39.240235,-6.674156],[39.23735,-6.67324],[39.240407,-6.676481],[39.240235,-6.674156]]],[[[39.250588,-6.651412],[39.245172,-6.656646],[39.25432,-6.658108],[39.250588,-6.651412]]],[[[38.999731,-6.477507],[39.003245,-6.477794],[39.000826,-6.475647],[38.999731,-6.477507]]],[[[38.9878,-6.471374],[38.985862,-6.474174],[38.988018,-6.473812],[38.9878,-6.471374]]],[[[39.00313,-6.46593],[38.998698,-6.473352],[39.007975,-6.478534],[39.00313,-6.46593]]],[[[38.975059,-6.463699],[38.975477,-6.469309],[38.98047,-6.469252],[38.975059,-6.463699]]],[[[39.339298,-6.419538],[39.331247,-6.419054],[39.344068,-6.437436],[39.339298,-6.419538]]],[[[39.326016,-6.410095],[39.32516,-6.410896],[39.327514,-6.412832],[39.326016,-6.410095]]],[[[39.286822,-6.372166],[39.282936,-6.377592],[39.295751,-6.386899],[39.286822,-6.372166]]],[[[39.289287,-6.364466],[39.286119,-6.366481],[39.288129,-6.367816],[39.289287,-6.364466]]],[[[39.356437,-6.356546],[39.348371,-6.354181],[39.356279,-6.36213],[39.356437,-6.356546]]],[[[39.306797,-6.352215],[39.310092,-6.355819],[39.310104,-6.353497],[39.306797,-6.352215]]],[[[39.304391,-6.350105],[39.30388,-6.352772],[39.306365,-6.354165],[39.304391,-6.350105]]],[[[39.331863,-6.339222],[39.334361,-6.346804],[39.338969,-6.347327],[39.331863,-6.339222]]],[[[39.317559,-6.311799],[39.316937,-6.313084],[39.318533,-6.31406],[39.317559,-6.311799]]],[[[39.227051,-6.299196],[39.22945,-6.300428],[39.225448,-6.292886],[39.227051,-6.299196]]],[[[39.219255,-6.284139],[39.219748,-6.285677],[39.220651,-6.285602],[39.219255,-6.284139]]],[[[39.177057,-6.273388],[39.17556,-6.279967],[39.178837,-6.282798],[39.177057,-6.273388]]],[[[39.124267,-6.187977],[39.125242,-6.189896],[39.127576,-6.189471],[39.124267,-6.187977]]],[[[39.135758,-6.147419],[39.127251,-6.152344],[39.133578,-6.153695],[39.135758,-6.147419]]],[[[39.191457,-6.124639],[39.187172,-6.125825],[39.195937,-6.129547],[39.191457,-6.124639]]],[[[39.163947,-6.116838],[39.164297,-6.120582],[39.168797,-6.119468],[39.163947,-6.116838]]],[[[39.432273,-6.352002],[39.427382,-6.362822],[39.464849,-6.44876],[39.484437,-6.471503],[39.515401,-6.476997],[39.536808,-6.465399],[39.568555,-6.430382],[39.581832,-6.385988],[39.554098,-6.33581],[39.537201,-6.283591],[39.535702,-6.198974],[39.510694,-6.12665],[39.495978,-6.122543],[39.488964,-6.14894],[39.502041,-6.158466],[39.506418,-6.197256],[39.493594,-6.183388],[39.489367,-6.196199],[39.476384,-6.187401],[39.474975,-6.170804],[39.455658,-6.19405],[39.444333,-6.179552],[39.414892,-6.188715],[39.438003,-6.171734],[39.425972,-6.137543],[39.431009,-6.062693],[39.414086,-6.057421],[39.401026,-6.018565],[39.383736,-6.002706],[39.355966,-5.917534],[39.35322,-5.874705],[39.360914,-5.827219],[39.355448,-5.794799],[39.306745,-5.722379],[39.288961,-5.739611],[39.287693,-5.82741],[39.274443,-5.864867],[39.233192,-5.880314],[39.206593,-5.921503],[39.194338,-5.895313],[39.183269,-5.912277],[39.184291,-5.993674],[39.212816,-6.079959],[39.214479,-6.131763],[39.185967,-6.163101],[39.206949,-6.189912],[39.198465,-6.223156],[39.212165,-6.24818],[39.250754,-6.279712],[39.260785,-6.303522],[39.282552,-6.321042],[39.300077,-6.316592],[39.28085,-6.258631],[39.307989,-6.276525],[39.298239,-6.25017],[39.306981,-6.240036],[39.332884,-6.261838],[39.351882,-6.309707],[39.38856,-6.34853],[39.386984,-6.368285],[39.399117,-6.369516],[39.417585,-6.412634],[39.416245,-6.345312],[39.4042,-6.32767],[39.409346,-6.311589],[39.432273,-6.352002]]],[[[39.206201,-5.912977],[39.204268,-5.911464],[39.204979,-5.915932],[39.206201,-5.912977]]],[[[39.207873,-5.869844],[39.206562,-5.872591],[39.20751,-5.873818],[39.207873,-5.869844]]],[[[39.240249,-5.854827],[39.239108,-5.855654],[39.241781,-5.855772],[39.240249,-5.854827]]],[[[39.255255,-5.819707],[39.24739,-5.823234],[39.250157,-5.830199],[39.255255,-5.819707]]],[[[39.384473,-5.818831],[39.382059,-5.822164],[39.385209,-5.822334],[39.384473,-5.818831]]],[[[39.241839,-5.809622],[39.228992,-5.801237],[39.226406,-5.772156],[39.216124,-5.778991],[39.215693,-5.858761],[39.232629,-5.858721],[39.238688,-5.842183],[39.230028,-5.820059],[39.241839,-5.809622]]],[[[39.280444,-5.777999],[39.274942,-5.785278],[39.283831,-5.784938],[39.280444,-5.777999]]],[[[39.287057,-5.770154],[39.282571,-5.773047],[39.284504,-5.777364],[39.287057,-5.770154]]],[[[39.284422,-5.762266],[39.2828,-5.76244],[39.283099,-5.763874],[39.284422,-5.762266]]],[[[39.219882,-5.7555],[39.217674,-5.761079],[39.22209,-5.760486],[39.219882,-5.7555]]],[[[39.086442,-5.240329],[39.08853,-5.241205],[39.08915,-5.239867],[39.086442,-5.240329]]],[[[39.097083,-5.233081],[39.097317,-5.229515],[39.093016,-5.235773],[39.097083,-5.233081]]],[[[39.105467,-5.218637],[39.097717,-5.22075],[39.101152,-5.229804],[39.105467,-5.218637]]],[[[39.096227,-5.220557],[39.094154,-5.221745],[39.095037,-5.226701],[39.096227,-5.220557]]],[[[39.131335,-5.21779],[39.131348,-5.222186],[39.13597,-5.22084],[39.131335,-5.21779]]],[[[39.133135,-5.214336],[39.129084,-5.214222],[39.130949,-5.217139],[39.133135,-5.214336]]],[[[39.141329,-5.178441],[39.135909,-5.204799],[39.149844,-5.176215],[39.141329,-5.178441]]],[[[39.155962,-5.128676],[39.154332,-5.129325],[39.155476,-5.131032],[39.155962,-5.128676]]],[[[39.16628,-5.091496],[39.152306,-5.099077],[39.153839,-5.125494],[39.167088,-5.126752],[39.16628,-5.091496]]],[[[39.165021,-5.084211],[39.163485,-5.088431],[39.167239,-5.087161],[39.165021,-5.084211]]],[[[39.108537,-5.051863],[39.100236,-5.056244],[39.107973,-5.05794],[39.108537,-5.051863]]],[[[39.155127,-5.005981],[39.16493,-5.024745],[39.164445,-5.00434],[39.155127,-5.005981]]],[[[39.175232,-4.956331],[39.145628,-4.967285],[39.166793,-4.978631],[39.171314,-4.992326],[39.175232,-4.956331]]],[[[39.183777,-4.780735],[39.176553,-4.781083],[39.179243,-4.783702],[39.183777,-4.780735]]],[[[39.375594,-4.715719],[39.373677,-4.716936],[39.380243,-4.717482],[39.375594,-4.715719]]],[[[39.412438,-4.700464],[39.40537,-4.702883],[39.40866,-4.705303],[39.412438,-4.700464]]],[[[39.415918,-4.698149],[39.413573,-4.698785],[39.414346,-4.701679],[39.415918,-4.698149]]],[[[39.394892,-4.687654],[39.400234,-4.690403],[39.405926,-4.68632],[39.394892,-4.687654]]],[[[39.367093,-4.658018],[39.352773,-4.669348],[39.406979,-4.671827],[39.395013,-4.66183],[39.367093,-4.658018]]],[[[39.269588,-4.652932],[39.272099,-4.666644],[39.284534,-4.662373],[39.269588,-4.652932]]],[[[39.28568,-4.623115],[39.286563,-4.625984],[39.289716,-4.624406],[39.28568,-4.623115]]],[[[39.291226,-4.618838],[39.291404,-4.620744],[39.293453,-4.621005],[39.291226,-4.618838]]],[[[39.298951,-4.611009],[39.295605,-4.607307],[39.29444,-4.618402],[39.298951,-4.611009]]],[[[39.480318,15.596411],[39.476988,15.593075],[39.478763,15.591815],[39.480318,15.596411]]],[[[39.468109,15.611911],[39.460793,15.601727],[39.465278,15.596879],[39.468109,15.611911]]],[[[39.481289,15.609638],[39.471608,15.608926],[39.474146,15.600206],[39.481289,15.609638]]],[[[39.445125,16.035044],[39.438323,16.033044],[39.442503,16.031888],[39.445125,16.035044]]],[[[39.484796,16.058667],[39.484351,16.084327],[39.448653,16.151107],[39.431472,16.157329],[39.4323,16.142121],[39.451712,16.110035],[39.466407,16.105601],[39.475422,16.056585],[39.456345,16.038965],[39.474396,16.041098],[39.484796,16.058667]]],[[[39.429546,16.185127],[39.428377,16.186192],[39.429034,16.183223],[39.429546,16.185127]]],[[[39.500764,16.466206],[39.498529,16.464383],[39.499128,16.463001],[39.500764,16.466206]]],[[[39.320061,16.505551],[39.315414,16.503857],[39.318483,16.501449],[39.320061,16.505551]]],[[[39.168524,16.530527],[39.161198,16.526036],[39.169122,16.523438],[39.168524,16.530527]]],[[[39.162258,16.533064],[39.158184,16.535575],[39.160617,16.527181],[39.162258,16.533064]]],[[[39.317637,16.617912],[39.32516,16.606883],[39.326636,16.619765],[39.317637,16.617912]]],[[[39.156408,16.615932],[39.151818,16.622543],[39.154935,16.60787],[39.156408,16.615932]]],[[[38.742878,18.351088],[38.739945,18.345661],[38.747353,18.347634],[38.742878,18.351088]]],[[[38.779407,18.410272],[38.777761,18.408055],[38.779446,18.407007],[38.779407,18.410272]]],[[[38.729765,18.476175],[38.724858,18.458619],[38.733214,18.466114],[38.729765,18.476175]]],[[[38.793671,18.495654],[38.796805,18.492058],[38.798459,18.496586],[38.793671,18.495654]]],[[[38.834063,18.50675],[38.833835,18.503967],[38.836595,18.502921],[38.834063,18.50675]]],[[[38.656198,18.545826],[38.657292,18.538533],[38.670844,18.531763],[38.656198,18.545826]]],[[[38.798116,18.556226],[38.7922,18.557896],[38.796352,18.549201],[38.798116,18.556226]]],[[[38.735126,18.56914],[38.744698,18.571904],[38.745304,18.575172],[38.735126,18.56914]]],[[[38.844714,18.627511],[38.845406,18.621802],[38.848844,18.627047],[38.844714,18.627511]]],[[[38.779721,18.804509],[38.777734,18.802022],[38.778713,18.797653],[38.779721,18.804509]]],[[[38.761171,18.836919],[38.754977,18.839425],[38.758104,18.824408],[38.761171,18.836919]]],[[[38.652859,18.849479],[38.648379,18.845935],[38.652285,18.838656],[38.652859,18.849479]]],[[[39.722585,-16.643337],[39.724416,-16.644787],[39.726563,-16.643415],[39.722585,-16.643337]]],[[[39.807373,-16.563671],[39.80604,-16.565805],[39.808255,-16.565958],[39.807373,-16.563671]]],[[[39.822665,-16.381519],[39.821095,-16.380489],[39.82209,-16.384618],[39.822665,-16.381519]]],[[[39.811738,-16.375411],[39.807721,-16.37463],[39.811735,-16.378523],[39.811738,-16.375411]]],[[[39.803185,-16.369208],[39.80511,-16.372566],[39.809942,-16.37245],[39.803185,-16.369208]]],[[[39.807304,-16.36791],[39.810279,-16.368957],[39.808484,-16.367795],[39.807304,-16.36791]]],[[[39.801997,-16.366619],[39.802255,-16.367788],[39.804377,-16.36762],[39.801997,-16.366619]]],[[[40.032175,-16.353021],[40.029109,-16.353719],[40.030944,-16.354881],[40.032175,-16.353021]]],[[[39.854872,-16.423547],[39.898516,-16.419227],[39.90632,-16.403878],[39.898191,-16.390681],[39.907195,-16.367888],[39.935554,-16.327795],[39.929101,-16.325353],[39.929235,-16.326298],[39.927647,-16.325553],[39.927899,-16.324898],[39.924024,-16.323432],[39.931554,-16.305575],[39.910273,-16.313471],[39.9083,-16.31639],[39.90675,-16.314842],[39.90692,-16.314716],[39.900791,-16.31699],[39.925755,-16.297649],[39.90615,-16.276793],[39.882775,-16.284017],[39.883964,-16.274862],[39.830947,-16.290324],[39.79951,-16.335506],[39.795926,-16.355599],[39.81651,-16.367948],[39.854872,-16.423547]],[[39.916954,-16.328529],[39.919623,-16.325233],[39.920922,-16.327958],[39.916954,-16.328529]],[[39.857538,-16.420374],[39.856996,-16.419688],[39.858988,-16.419247],[39.857538,-16.420374]]],[[[39.90692,-16.314716],[39.910273,-16.313471],[39.911953,-16.310987],[39.90692,-16.314716]]],[[[39.927899,-16.324898],[39.929101,-16.325353],[39.928729,-16.322742],[39.927899,-16.324898]]],[[[39.932846,-16.321551],[39.932051,-16.322426],[39.932154,-16.325036],[39.932846,-16.321551]]],[[[39.928892,-16.319831],[39.92808,-16.316329],[39.925624,-16.322922],[39.928892,-16.319831]]],[[[39.933449,-16.304361],[39.9321,-16.308509],[39.935693,-16.304265],[39.933449,-16.304361]]],[[[39.816766,-16.299314],[39.807939,-16.303193],[39.811678,-16.30884],[39.816766,-16.299314]]],[[[39.774886,-16.287259],[39.787372,-16.302106],[39.807928,-16.289976],[39.774886,-16.287259]]],[[[39.91905,-16.282995],[39.919884,-16.287005],[39.925508,-16.28775],[39.91905,-16.282995]]],[[[39.794402,-16.28433],[39.796057,-16.284796],[39.798419,-16.283476],[39.794402,-16.28433]]],[[[39.922898,-16.276046],[39.928156,-16.280404],[39.929186,-16.279084],[39.922898,-16.276046]]],[[[39.912841,-16.274729],[39.920634,-16.279811],[39.919726,-16.277217],[39.912841,-16.274729]]],[[[39.93257,-16.280118],[39.942438,-16.273226],[39.91872,-16.270538],[39.93257,-16.280118]]],[[[39.858246,-16.262798],[39.857155,-16.264453],[39.860768,-16.263798],[39.858246,-16.262798]]],[[[39.969078,-16.260519],[39.967623,-16.260465],[39.969545,-16.262481],[39.969078,-16.260519]]],[[[39.868842,-16.246344],[39.873115,-16.251758],[39.877071,-16.251535],[39.868842,-16.246344]]],[[[40.034031,-16.17705],[40.031132,-16.179761],[40.035338,-16.184433],[40.034031,-16.17705]]],[[[39.684712,-10.04703],[39.686102,-10.050874],[39.688825,-10.048157],[39.684712,-10.04703]]],[[[39.696698,-10.043154],[39.692279,-10.043557],[39.690352,-10.049078],[39.696698,-10.043154]]],[[[39.712357,-10.020821],[39.707495,-10.025418],[39.705664,-10.030151],[39.712357,-10.020821]]],[[[39.762347,-9.758287],[39.760514,-9.757372],[39.760747,-9.761011],[39.762347,-9.758287]]],[[[39.74606,-9.715011],[39.743423,-9.716423],[39.745344,-9.716401],[39.74606,-9.715011]]],[[[39.757925,-9.707708],[39.755748,-9.708867],[39.757113,-9.712941],[39.757925,-9.707708]]],[[[39.734942,-9.641937],[39.731949,-9.641321],[39.733991,-9.642784],[39.734942,-9.641937]]],[[[39.576602,-9.404352],[39.576317,-9.406721],[39.578265,-9.406996],[39.576602,-9.404352]]],[[[39.543918,-9.087726],[39.543464,-9.089441],[39.54571,-9.089206],[39.543918,-9.087726]]],[[[39.626533,-9.078789],[39.620502,-9.082409],[39.623101,-9.085282],[39.626533,-9.078789]]],[[[39.54766,-9.075818],[39.548243,-9.078355],[39.549157,-9.078439],[39.54766,-9.075818]]],[[[39.622358,-9.073737],[39.623679,-9.076406],[39.627647,-9.074947],[39.622358,-9.073737]]],[[[39.628831,-9.071399],[39.62635,-9.072125],[39.628253,-9.07343],[39.628831,-9.071399]]],[[[39.571654,-8.567587],[39.569332,-8.565164],[39.567911,-8.574085],[39.571654,-8.567587]]],[[[39.539418,-8.543639],[39.535394,-8.546227],[39.534913,-8.551478],[39.539418,-8.543639]]],[[[39.526132,-8.542882],[39.525239,-8.546257],[39.529924,-8.545664],[39.526132,-8.542882]]],[[[39.572958,-8.379962],[39.571697,-8.382907],[39.577409,-8.384331],[39.572958,-8.379962]]],[[[39.594567,-8.276689],[39.589091,-8.277846],[39.592541,-8.278822],[39.594567,-8.276689]]],[[[39.722123,-8.073554],[39.745122,-8.051262],[39.719277,-8.049768],[39.722123,-8.073554]]],[[[39.780319,-8.026371],[39.814107,-7.972844],[39.801527,-7.965634],[39.794532,-7.984486],[39.767396,-7.979383],[39.756918,-8.028431],[39.780319,-8.026371]]],[[[39.84922,-7.71404],[39.843784,-7.731338],[39.771094,-7.7845],[39.805174,-7.792547],[39.704712,-7.822512],[39.716573,-7.850073],[39.69765,-7.86136],[39.670828,-7.90104],[39.637063,-7.926122],[39.621393,-7.9286],[39.611395,-7.944441],[39.602687,-7.943701],[39.600943,-7.94528],[39.598304,-7.943609],[39.599891,-7.943464],[39.589246,-7.94256],[39.617575,-7.981126],[39.647991,-7.995751],[39.689527,-7.997423],[39.750365,-7.973671],[39.732012,-7.946849],[39.772957,-7.907195],[39.802706,-7.90784],[39.81776,-7.920284],[39.831693,-7.914791],[39.852343,-7.883506],[39.851972,-7.848127],[39.874175,-7.826342],[39.893084,-7.773428],[39.910224,-7.658136],[39.897634,-7.638182],[39.888662,-7.667505],[39.869015,-7.682113],[39.870081,-7.695215],[39.84922,-7.71404]]],[[[39.599891,-7.943464],[39.602687,-7.943701],[39.603293,-7.943154],[39.599891,-7.943464]]],[[[39.683132,-7.703054],[39.680543,-7.701422],[39.681315,-7.704358],[39.683132,-7.703054]]],[[[39.681659,-7.614168],[39.68015,-7.619002],[39.685883,-7.620984],[39.681659,-7.614168]]],[[[39.669672,-5.471605],[39.666421,-5.471678],[39.669258,-5.47404],[39.669672,-5.471605]]],[[[39.633049,-5.481488],[39.648204,-5.486886],[39.660115,-5.451069],[39.607879,-5.434641],[39.601772,-5.417114],[39.57003,-5.413955],[39.598086,-5.439177],[39.605314,-5.460598],[39.632449,-5.467457],[39.633049,-5.481488]]],[[[39.57223,-5.402855],[39.564274,-5.397555],[39.569652,-5.409065],[39.57223,-5.402855]]],[[[39.6162,-5.37011],[39.606437,-5.379285],[39.628586,-5.389777],[39.6162,-5.37011]]],[[[39.582487,-5.372003],[39.583231,-5.367381],[39.580157,-5.367185],[39.582487,-5.372003]]],[[[39.585186,-5.360231],[39.581689,-5.363153],[39.585195,-5.365091],[39.585186,-5.360231]]],[[[39.606847,-5.234993],[39.595079,-5.250379],[39.612363,-5.240677],[39.606847,-5.234993]]],[[[39.729444,-5.444331],[39.721966,-5.470064],[39.759138,-5.439393],[39.794324,-5.395805],[39.793738,-5.378463],[39.805432,-5.371766],[39.811026,-5.349664],[39.800666,-5.340652],[39.819221,-5.321888],[39.839455,-5.273438],[39.835789,-5.262639],[39.856471,-5.188205],[39.864294,-5.11468],[39.848693,-5.108333],[39.839591,-5.141936],[39.825525,-5.143371],[39.826352,-5.108237],[39.838406,-5.08077],[39.831863,-5.059091],[39.847349,-5.008847],[39.866735,-5.026123],[39.876683,-4.983395],[39.869659,-4.890432],[39.84904,-4.924574],[39.846795,-4.91198],[39.831548,-4.936088],[39.814694,-4.927607],[39.815171,-4.968026],[39.803178,-4.963449],[39.786455,-4.926796],[39.766086,-4.928329],[39.743346,-4.90701],[39.713103,-4.91105],[39.691653,-4.897209],[39.682688,-4.865891],[39.673617,-4.957972],[39.688182,-4.957909],[39.700901,-4.972355],[39.675652,-4.986666],[39.693443,-5.030438],[39.672335,-5.046672],[39.713799,-5.057482],[39.722454,-5.071338],[39.700644,-5.069454],[39.685465,-5.135973],[39.716965,-5.154906],[39.711016,-5.174929],[39.73496,-5.149186],[39.743715,-5.15994],[39.735725,-5.176981],[39.738478,-5.20613],[39.675307,-5.214104],[39.656343,-5.187224],[39.647677,-5.203052],[39.678088,-5.222637],[39.701575,-5.217518],[39.718421,-5.233814],[39.75208,-5.242484],[39.749769,-5.253356],[39.724173,-5.24272],[39.707288,-5.25569],[39.687711,-5.251411],[39.685457,-5.288689],[39.654204,-5.288473],[39.67868,-5.333292],[39.663705,-5.337333],[39.6547,-5.326008],[39.642318,-5.339156],[39.64171,-5.388366],[39.629976,-5.405604],[39.637873,-5.434623],[39.681986,-5.433694],[39.705727,-5.456118],[39.715556,-5.448193],[39.704019,-5.435029],[39.729444,-5.444331]]],[[[39.637327,-5.160038],[39.634365,-5.158615],[39.637395,-5.161241],[39.637327,-5.160038]]],[[[39.704863,-5.156467],[39.701188,-5.158407],[39.704865,-5.15988],[39.704863,-5.156467]]],[[[39.61062,-5.152633],[39.604209,-5.158648],[39.607515,-5.158244],[39.61062,-5.152633]]],[[[39.615386,-5.148015],[39.613804,-5.151797],[39.627041,-5.147666],[39.615386,-5.148015]]],[[[39.646984,-5.135876],[39.638046,-5.139336],[39.64018,-5.152552],[39.646984,-5.135876]]],[[[39.667566,-5.137891],[39.660043,-5.132705],[39.658368,-5.148811],[39.667566,-5.137891]]],[[[39.67884,-5.133881],[39.671433,-5.138124],[39.67729,-5.141324],[39.67884,-5.133881]]],[[[39.660439,-5.114873],[39.664022,-5.115636],[39.662548,-5.114084],[39.660439,-5.114873]]],[[[39.838716,-5.111343],[39.83708,-5.112766],[39.838522,-5.113797],[39.838716,-5.111343]]],[[[39.629838,-5.105591],[39.638023,-5.11965],[39.63485,-5.095559],[39.629838,-5.105591]]],[[[39.640499,-5.094999],[39.638923,-5.094977],[39.640002,-5.097656],[39.640499,-5.094999]]],[[[39.856462,-5.074229],[39.838039,-5.09629],[39.862877,-5.108449],[39.871586,-5.07651],[39.860395,-5.061556],[39.860051,-5.038713],[39.846318,-5.060188],[39.856462,-5.074229]]],[[[39.643918,-5.090209],[39.664224,-5.008134],[39.649686,-5.025041],[39.633361,-5.081884],[39.643918,-5.090209]]],[[[39.851739,-5.041571],[39.849785,-5.04438],[39.851566,-5.043728],[39.851739,-5.041571]]],[[[39.669983,-4.961127],[39.656995,-4.992638],[39.662456,-5.004764],[39.676422,-4.968323],[39.669983,-4.961127]]],[[[39.811935,-4.953609],[39.807281,-4.949719],[39.810617,-4.956447],[39.811935,-4.953609]]],[[[39.802768,-4.948874],[39.801824,-4.9503],[39.805102,-4.951145],[39.802768,-4.948874]]],[[[39.804479,-4.939194],[39.803197,-4.943215],[39.808136,-4.943719],[39.804479,-4.939194]]],[[[39.806577,-4.933496],[39.797823,-4.929793],[39.802405,-4.937168],[39.806577,-4.933496]]],[[[39.53847,-4.442549],[39.53345,-4.442406],[39.534906,-4.448306],[39.53847,-4.442549]]],[[[39.601964,-4.050474],[39.589807,-4.052073],[39.593267,-4.056865],[39.601964,-4.050474]]],[[[39.580431,-4.04657],[39.580028,-4.051597],[39.585409,-4.056267],[39.580431,-4.04657]]],[[[39.97559,-3.334054],[39.972518,-3.336519],[39.979106,-3.336537],[39.97559,-3.334054]]],[[[39.979747,-3.329608],[39.976538,-3.331151],[39.979698,-3.332777],[39.979747,-3.329608]]],[[[40.058354,15.211918],[40.055684,15.213206],[40.05748,15.210823],[40.058354,15.211918]]],[[[40.08725,15.250698],[40.071508,15.234956],[40.085928,15.238983],[40.08725,15.250698]]],[[[40.045528,15.398399],[40.04465,15.395061],[40.047488,15.395302],[40.045528,15.398399]]],[[[39.813802,15.456194],[39.814891,15.452288],[39.816489,15.45375],[39.813802,15.456194]]],[[[39.812377,15.466335],[39.809577,15.465306],[39.814192,15.460856],[39.812377,15.466335]]],[[[39.737189,15.472624],[39.753731,15.452113],[39.752402,15.494559],[39.737189,15.472624]]],[[[39.81112,15.479671],[39.809387,15.477704],[39.811515,15.476465],[39.81112,15.479671]]],[[[39.822294,15.502628],[39.815227,15.503148],[39.817284,15.483342],[39.822294,15.502628]]],[[[39.887864,15.49428],[39.901116,15.486799],[39.904153,15.499715],[39.887864,15.49428]]],[[[39.927315,15.527553],[39.926705,15.52473],[39.930807,15.522649],[39.927315,15.527553]]],[[[39.91175,15.533232],[39.918222,15.53188],[39.91871,15.535051],[39.91175,15.533232]]],[[[40.009044,15.524215],[40.014344,15.533908],[39.994813,15.55159],[39.980748,15.545669],[40.009044,15.524215]]],[[[40.040027,15.575026],[40.040361,15.573844],[40.043921,15.573301],[40.040027,15.575026]]],[[[39.764467,15.582963],[39.761339,15.577626],[39.763208,15.574835],[39.764467,15.582963]]],[[[40.02965,15.583236],[40.024803,15.585708],[40.030569,15.58064],[40.02965,15.583236]]],[[[40.026942,15.590815],[40.029168,15.590261],[40.029668,15.591219],[40.026942,15.590815]]],[[[40.015873,15.593936],[40.018378,15.593258],[40.017795,15.594705],[40.015873,15.593936]]],[[[40.004655,15.599819],[40.007275,15.596291],[40.011932,15.596528],[40.004655,15.599819]]],[[[39.964584,15.771283],[39.932614,15.78818],[39.937902,15.766284],[39.922959,15.761976],[39.927649,15.735639],[39.944034,15.725632],[39.945626,15.72718],[39.946433,15.724167],[39.956602,15.717956],[39.967674,15.727617],[39.967866,15.728548],[39.96849,15.728329],[39.982694,15.740724],[40.022589,15.727928],[40.046504,15.692958],[40.078125,15.667411],[40.079284,15.644531],[40.037897,15.634693],[40.046306,15.625133],[40.010533,15.640529],[40.002166,15.656057],[39.98572,15.66165],[39.981902,15.645229],[39.95619,15.698597],[39.943508,15.698793],[39.943045,15.698603],[39.956033,15.65133],[39.968547,15.646775],[39.962873,15.619177],[39.99621,15.600844],[40.006246,15.609542],[40.03431,15.60072],[40.056422,15.577259],[40.134766,15.598286],[40.161806,15.583218],[40.220366,15.593161],[40.317106,15.561455],[40.361975,15.575257],[40.426336,15.561508],[40.413748,15.631076],[40.33644,15.66077],[40.329666,15.684593],[40.296844,15.695445],[40.241577,15.695157],[40.213195,15.672431],[40.26753,15.667939],[40.289561,15.649266],[40.260194,15.650755],[40.249459,15.619793],[40.230519,15.614474],[40.18286,15.624385],[40.15522,15.644531],[40.135373,15.718878],[40.147124,15.804709],[40.116322,15.805884],[40.122209,15.787617],[40.106963,15.775112],[40.088067,15.792614],[40.087558,15.79],[40.087141,15.793471],[40.085412,15.795073],[40.094103,15.798222],[40.095346,15.798842],[40.09548,15.798721],[40.104443,15.801969],[40.095484,15.837165],[40.083245,15.849322],[40.031541,15.866561],[40.017288,15.880889],[39.961624,15.884951],[39.982211,15.861343],[40.005007,15.864924],[40.036615,15.848592],[40.043601,15.819318],[40.029454,15.815989],[40.006792,15.828421],[39.987293,15.803153],[39.992451,15.776268],[40.004923,15.780388],[40.010172,15.765599],[39.964584,15.771283]]],[[[40.094103,15.798222],[40.088119,15.795237],[40.096703,15.797616],[40.09548,15.798721],[40.094103,15.798222]]],[[[40.088067,15.792614],[40.08821,15.793352],[40.087023,15.794454],[40.087141,15.793471],[40.088067,15.792614]]],[[[39.944034,15.725632],[39.924238,15.706393],[39.931174,15.693723],[39.943045,15.698603],[39.942991,15.698801],[39.943508,15.698793],[39.952271,15.702395],[39.946433,15.724167],[39.944034,15.725632]]],[[[40.020023,15.642153],[40.023794,15.642446],[40.019557,15.644],[40.020023,15.642153]]],[[[39.915386,15.707031],[39.898875,15.708684],[39.912043,15.696244],[39.915386,15.707031]]],[[[39.894906,15.71597],[39.890831,15.716293],[39.894325,15.715292],[39.894906,15.71597]]],[[[39.897822,15.721112],[39.90713,15.709875],[39.915028,15.722458],[39.897822,15.721112]]],[[[39.933057,15.722192],[39.923446,15.714383],[39.928749,15.716342],[39.933057,15.722192]]],[[[39.798371,15.779013],[39.794354,15.782996],[39.794476,15.770187],[39.798371,15.779013]]],[[[39.760742,15.786153],[39.757723,15.788007],[39.757567,15.783836],[39.760742,15.786153]]],[[[39.904355,15.826822],[39.90604,15.817569],[39.917982,15.827094],[39.904355,15.826822]]],[[[39.91931,15.83615],[39.914647,15.832123],[39.919026,15.830531],[39.91931,15.83615]]],[[[39.843591,15.853807],[39.835079,15.856509],[39.842815,15.846641],[39.843591,15.853807]]],[[[40.089595,15.898189],[40.082217,15.886052],[40.087957,15.878841],[40.089595,15.898189]]],[[[39.934885,15.912081],[39.926988,15.895337],[39.944127,15.894864],[39.934885,15.912081]]],[[[39.578864,15.908912],[39.575476,15.901907],[39.582047,15.903391],[39.578864,15.908912]]],[[[39.879075,15.9103],[39.87308,15.908621],[39.876882,15.905518],[39.879075,15.9103]]],[[[39.664343,15.898509],[39.648849,15.926332],[39.638697,15.928046],[39.613361,15.901383],[39.627029,15.905361],[39.64375,15.893758],[39.664343,15.898509]]],[[[39.900458,15.919922],[39.896005,15.915522],[39.900147,15.911854],[39.900458,15.919922]]],[[[39.873568,15.933672],[39.869629,15.931739],[39.8735,15.929559],[39.873568,15.933672]]],[[[39.53236,15.944816],[39.542303,15.947078],[39.537261,15.950076],[39.53236,15.944816]]],[[[40.061674,15.953555],[40.033311,15.958338],[40.020617,15.9419],[40.05245,15.937351],[40.061674,15.953555]]],[[[39.595327,15.960314],[39.600566,15.943161],[39.604491,15.959718],[39.595327,15.960314]]],[[[39.947415,15.986628],[39.939418,15.968824],[39.952456,15.969272],[39.947415,15.986628]]],[[[39.839617,15.999568],[39.833597,16.001076],[39.834945,15.9909],[39.839617,15.999568]]],[[[39.924926,16.006543],[39.921433,15.999634],[39.926811,15.998449],[39.924926,16.006543]]],[[[39.848699,16.003409],[39.848136,16.006271],[39.847198,16.001742],[39.848699,16.003409]]],[[[39.676977,16.016701],[39.674699,16.015255],[39.676933,16.015054],[39.676977,16.016701]]],[[[39.86141,16.016595],[39.860387,16.020309],[39.857504,16.013016],[39.86141,16.016595]]],[[[39.665903,16.022308],[39.661451,16.016848],[39.66344,16.01639],[39.665903,16.022308]]],[[[40.000996,16.059902],[39.990438,16.052552],[39.988756,16.009801],[39.994345,16.002986],[40.046054,16.011367],[40.055624,15.988967],[40.10424,15.974971],[40.119855,15.98922],[40.099282,16.001017],[40.074425,16.033605],[40.085268,16.048152],[40.120127,16.054796],[40.117485,16.077086],[40.07337,16.086813],[40.051728,16.115553],[40.039299,16.100113],[40.044891,16.075445],[40.040285,16.053086],[40.000996,16.059902]]],[[[39.76451,16.045987],[39.767689,16.044293],[39.769298,16.047171],[39.76451,16.045987]]],[[[39.977584,16.060956],[39.970784,16.048132],[39.975164,16.039184],[39.977584,16.060956]]],[[[39.891294,16.060892],[39.886581,16.048256],[39.894747,16.055895],[39.891294,16.060892]]],[[[39.6112,16.076771],[39.610514,16.072135],[39.61321,16.073194],[39.6112,16.076771]]],[[[39.59993,16.096778],[39.597004,16.095645],[39.598981,16.093064],[39.59993,16.096778]]],[[[39.984785,16.101326],[39.981444,16.089319],[39.98728,16.089595],[39.984785,16.101326]]],[[[39.587923,16.110793],[39.585622,16.107291],[39.587894,16.104483],[39.587923,16.110793]]],[[[39.859014,16.13772],[39.855213,16.138502],[39.855901,16.126803],[39.859014,16.13772]]],[[[39.744137,16.147128],[39.742558,16.143025],[39.744656,16.142426],[39.744137,16.147128]]],[[[39.969125,16.154067],[39.961483,16.146653],[39.970262,16.135548],[39.969125,16.154067]]],[[[40.040095,16.171875],[40.026281,16.165396],[40.027775,16.16088],[40.040095,16.171875]]],[[[39.981504,16.179782],[39.966873,16.18222],[39.974308,16.161529],[39.981504,16.179782]]],[[[39.941423,16.176148],[39.934755,16.175634],[39.941971,16.171875],[39.941423,16.176148]]],[[[40.06199,16.16506],[40.078125,16.173828],[40.087347,16.196918],[40.072174,16.19744],[40.06199,16.16506]]],[[[39.774324,16.212998],[39.773956,16.209257],[39.775706,16.208273],[39.774324,16.212998]]],[[[40.02627,16.220717],[40.017141,16.228098],[40.004447,16.199038],[40.02627,16.220717]]],[[[39.756119,16.308379],[39.75054,16.292959],[39.764012,16.294355],[39.756119,16.308379]]],[[[39.819319,16.306389],[39.821091,16.305528],[39.822063,16.306666],[39.819319,16.306389]]],[[[39.751271,16.319612],[39.751166,16.314271],[39.757823,16.315265],[39.751271,16.319612]]],[[[39.800981,16.312247],[39.819424,16.321791],[39.817104,16.330442],[39.800981,16.312247]]],[[[40.006011,16.329349],[40.004809,16.328579],[40.0059,16.327112],[40.006011,16.329349]]],[[[39.882546,16.310399],[39.89981,16.310806],[39.933907,16.327854],[39.906322,16.328682],[39.894959,16.349353],[39.852097,16.340898],[39.852968,16.333371],[39.882546,16.310399]]],[[[40.083543,16.341313],[40.080283,16.339364],[40.085945,16.337215],[40.083543,16.341313]]],[[[39.83338,16.342047],[39.825892,16.340258],[39.831063,16.33971],[39.83338,16.342047]]],[[[39.572554,16.35849],[39.533939,16.338736],[39.574583,16.351504],[39.572554,16.35849]]],[[[40.086861,16.434604],[40.081973,16.431916],[40.082693,16.426609],[40.086861,16.434604]]],[[[40.095478,16.481359],[40.087393,16.480998],[40.09409,16.471722],[40.095478,16.481359]]],[[[39.668373,16.482169],[39.667634,16.477406],[39.670756,16.478614],[39.668373,16.482169]]],[[[39.773121,16.526062],[39.769432,16.526013],[39.771672,16.523438],[39.773121,16.526062]]],[[[40.042411,16.535773],[40.039496,16.53161],[40.042413,16.528584],[40.042411,16.535773]]],[[[40.12335,-15.949063],[40.121374,-15.948758],[40.121798,-15.952821],[40.12335,-15.949063]]],[[[40.49621,-15.561414],[40.482975,-15.573561],[40.491786,-15.56803],[40.49621,-15.561414]]],[[[40.4883,-15.566046],[40.486592,-15.564453],[40.487479,-15.567083],[40.4883,-15.566046]]],[[[40.51798,-15.540021],[40.515437,-15.536161],[40.51224,-15.546225],[40.51798,-15.540021]]],[[[40.535261,-15.522812],[40.530305,-15.523904],[40.531689,-15.528495],[40.535261,-15.522812]]],[[[40.578008,-15.424298],[40.574624,-15.434188],[40.576489,-15.435006],[40.578008,-15.424298]]],[[[40.579101,-15.406854],[40.576829,-15.407794],[40.579179,-15.408389],[40.579101,-15.406854]]],[[[40.587273,-15.401417],[40.584143,-15.403803],[40.585833,-15.405641],[40.587273,-15.401417]]],[[[40.528232,-15.149663],[40.526035,-15.14984],[40.527007,-15.151713],[40.528232,-15.149663]]],[[[40.506329,-13.521857],[40.509525,-13.522238],[40.508092,-13.52128],[40.506329,-13.521857]]],[[[40.512659,-13.521625],[40.515296,-13.522183],[40.513762,-13.520954],[40.512659,-13.521625]]],[[[40.493585,-13.519226],[40.494746,-13.521407],[40.496331,-13.520521],[40.493585,-13.519226]]],[[[40.472391,-13.517937],[40.476579,-13.522477],[40.477428,-13.520259],[40.472391,-13.517937]]],[[[40.509074,-13.518214],[40.5074,-13.516985],[40.508141,-13.518671],[40.509074,-13.518214]]],[[[40.510445,-13.51253],[40.510582,-13.514216],[40.513862,-13.514015],[40.510445,-13.51253]]],[[[40.442818,-13.471714],[40.441407,-13.471719],[40.443747,-13.473279],[40.442818,-13.471714]]],[[[40.406246,-13.457805],[40.402695,-13.456929],[40.405153,-13.458898],[40.406246,-13.457805]]],[[[40.380521,-13.459056],[40.39192,-13.459099],[40.382332,-13.455158],[40.380521,-13.459056]]],[[[40.412659,-13.454062],[40.408232,-13.454498],[40.410557,-13.455757],[40.412659,-13.454062]]],[[[40.416186,-12.92502],[40.415554,-12.924018],[40.41567,-12.926332],[40.416186,-12.92502]]],[[[40.573151,-12.80713],[40.573688,-12.810386],[40.575755,-12.810989],[40.573151,-12.80713]]],[[[40.607688,-12.685856],[40.614638,-12.680304],[40.606575,-12.677623],[40.607688,-12.685856]]],[[[40.601922,-12.601336],[40.622145,-12.609448],[40.622238,-12.600538],[40.601922,-12.601336]]],[[[40.554406,-12.559316],[40.553906,-12.561971],[40.556193,-12.559042],[40.554406,-12.559316]]],[[[40.583283,-12.567093],[40.598258,-12.566375],[40.614953,-12.544497],[40.597092,-12.531836],[40.578806,-12.547523],[40.583283,-12.567093]]],[[[40.615221,-12.539756],[40.612931,-12.539841],[40.615162,-12.542373],[40.615221,-12.539756]]],[[[40.489435,-12.521728],[40.488672,-12.523084],[40.491398,-12.522882],[40.489435,-12.521728]]],[[[40.599417,-12.493168],[40.605578,-12.497181],[40.605567,-12.492561],[40.599417,-12.493168]]],[[[40.6069,-12.467072],[40.605992,-12.468921],[40.607834,-12.468887],[40.6069,-12.467072]]],[[[40.617103,-12.454077],[40.617438,-12.419519],[40.595557,-12.403965],[40.588767,-12.42527],[40.599506,-12.461185],[40.617103,-12.454077]]],[[[40.594027,-12.397446],[40.595827,-12.39854],[40.598621,-12.397708],[40.594027,-12.397446]]],[[[40.520504,-12.381722],[40.518733,-12.38081],[40.519124,-12.382606],[40.520504,-12.381722]]],[[[40.528645,-12.378627],[40.530077,-12.383579],[40.536166,-12.382401],[40.528645,-12.378627]]],[[[40.548362,-12.377448],[40.548033,-12.37907],[40.549458,-12.37899],[40.548362,-12.377448]]],[[[40.502175,-12.374567],[40.496704,-12.377215],[40.499912,-12.379182],[40.502175,-12.374567]]],[[[40.62045,-12.364396],[40.61293,-12.332972],[40.598867,-12.325784],[40.582599,-12.336826],[40.593362,-12.350758],[40.573921,-12.356831],[40.568495,-12.340156],[40.545259,-12.360621],[40.574177,-12.403466],[40.611744,-12.371746],[40.611491,-12.370207],[40.61222,-12.371344],[40.62045,-12.364396]]],[[[40.611744,-12.371746],[40.612022,-12.37344],[40.613285,-12.373007],[40.61222,-12.371344],[40.611744,-12.371746]]],[[[40.531363,-12.359239],[40.528739,-12.359424],[40.530875,-12.363468],[40.531363,-12.359239]]],[[[40.61937,-12.327871],[40.612924,-12.322215],[40.620729,-12.330908],[40.61937,-12.327871]]],[[[40.461964,-12.254022],[40.462029,-12.261329],[40.466977,-12.26106],[40.461964,-12.254022]]],[[[40.622273,-12.231049],[40.615338,-12.23649],[40.622158,-12.236524],[40.622273,-12.231049]]],[[[40.616829,-12.231302],[40.612566,-12.206491],[40.58671,-12.181898],[40.560061,-12.197083],[40.570763,-12.204352],[40.591415,-12.253836],[40.616829,-12.231302]]],[[[40.563768,-12.145664],[40.560697,-12.145552],[40.559998,-12.149781],[40.563768,-12.145664]]],[[[40.547414,-12.04506],[40.541441,-12.044581],[40.543544,-12.048252],[40.547414,-12.04506]]],[[[40.551509,-12.042795],[40.549988,-12.048208],[40.55344,-12.04471],[40.551509,-12.042795]]],[[[40.53384,-12.018107],[40.537665,-12.020584],[40.539693,-12.019618],[40.53384,-12.018107]]],[[[40.594132,-12.006688],[40.591645,-12.008688],[40.592219,-12.009524],[40.594132,-12.006688]]],[[[40.579086,-12.002299],[40.592925,-11.977301],[40.570069,-11.973568],[40.579086,-12.002299]]],[[[40.567296,-11.824118],[40.563939,-11.822882],[40.565566,-11.825051],[40.567296,-11.824118]]],[[[40.6095,-11.815376],[40.603007,-11.815049],[40.60686,-11.81805],[40.6095,-11.815376]]],[[[40.559173,-11.637556],[40.558589,-11.639667],[40.561846,-11.640229],[40.559173,-11.637556]]],[[[40.491114,-11.609783],[40.495023,-11.610988],[40.493346,-11.609577],[40.491114,-11.609783]]],[[[40.532645,-11.42515],[40.521993,-11.418741],[40.520978,-11.423226],[40.532645,-11.42515]]],[[[40.527692,-11.354975],[40.527725,-11.366502],[40.541062,-11.364635],[40.527692,-11.354975]]],[[[40.370993,-11.335631],[40.367823,-11.335658],[40.368763,-11.337437],[40.370993,-11.335631]]],[[[40.57592,-11.311578],[40.582726,-11.314941],[40.585734,-11.313231],[40.57592,-11.311578]]],[[[40.513689,-11.275612],[40.512799,-11.280105],[40.519131,-11.280912],[40.513689,-11.275612]]],[[[40.583413,-11.175669],[40.615721,-11.197526],[40.625155,-11.192494],[40.583413,-11.175669]]],[[[40.603164,-11.134516],[40.597987,-11.133062],[40.603345,-11.137151],[40.603164,-11.134516]]],[[[40.266034,-10.586121],[40.26165,-10.592287],[40.268474,-10.588265],[40.266034,-10.586121]]],[[[40.515748,-10.560658],[40.519758,-10.563437],[40.525875,-10.562801],[40.515748,-10.560658]]],[[[40.382144,-10.533421],[40.371733,-10.532133],[40.373092,-10.545909],[40.382144,-10.533421]]],[[[40.413127,-10.500391],[40.4094,-10.500279],[40.407387,-10.505408],[40.413127,-10.500391]]],[[[40.492299,-10.504067],[40.497151,-10.496351],[40.485728,-10.505421],[40.492299,-10.504067]]],[[[40.420036,-10.494421],[40.418506,-10.491601],[40.411654,-10.498993],[40.420036,-10.494421]]],[[[40.422778,-10.484474],[40.420058,-10.484835],[40.422773,-10.485866],[40.422778,-10.484474]]],[[[40.391844,-10.424019],[40.387236,-10.431876],[40.402042,-10.425144],[40.391844,-10.424019]]],[[[40.422179,-10.418149],[40.420722,-10.386684],[40.392514,-10.399574],[40.370639,-10.426902],[40.422179,-10.418149]]],[[[40.373132,-10.273649],[40.36762,-10.291037],[40.377607,-10.294104],[40.373132,-10.273649]]],[[[40.331336,-10.239158],[40.315207,-10.249364],[40.339198,-10.268675],[40.350344,-10.256826],[40.331336,-10.239158]]],[[[40.236258,-2.996975],[40.234088,-2.999878],[40.235656,-2.999812],[40.236258,-2.996975]]],[[[40.198448,-2.98935],[40.194618,-2.987713],[40.194771,-2.990908],[40.198448,-2.98935]]],[[[40.190951,-2.979524],[40.192569,-2.985066],[40.193893,-2.983088],[40.190951,-2.979524]]],[[[40.553541,-2.543186],[40.552393,-2.54509],[40.553653,-2.546165],[40.553541,-2.543186]]],[[[40.525705,-2.540352],[40.528446,-2.541959],[40.527282,-2.540179],[40.525705,-2.540352]]],[[[40.286209,14.933167],[40.28703,14.931476],[40.288478,14.932349],[40.286209,14.933167]]],[[[40.216451,14.954948],[40.21499,14.957095],[40.214564,14.953269],[40.216451,14.954948]]],[[[40.583092,14.969919],[40.578349,14.9631],[40.586605,14.968812],[40.583092,14.969919]]],[[[40.599945,14.971844],[40.599774,14.969537],[40.602584,14.971127],[40.599945,14.971844]]],[[[40.221327,14.97233],[40.218335,14.97611],[40.219322,14.970284],[40.221327,14.97233]]],[[[40.580522,14.986492],[40.580063,14.985104],[40.583103,14.985392],[40.580522,14.986492]]],[[[40.498348,15.003591],[40.499619,14.999201],[40.502359,15.002115],[40.498348,15.003591]]],[[[40.29863,15.05837],[40.277912,15.002236],[40.263654,14.987018],[40.276206,14.978426],[40.307725,14.976618],[40.325833,15.001627],[40.352869,15.013673],[40.339033,15.046614],[40.29863,15.05837]]],[[[40.376757,15.02935],[40.374608,15.02896],[40.375436,15.024367],[40.376757,15.02935]]],[[[40.409899,15.042969],[40.401182,15.021989],[40.426835,15.022186],[40.42445,15.042673],[40.409899,15.042969]]],[[[40.422573,15.046761],[40.419919,15.046146],[40.422115,15.044908],[40.422573,15.046761]]],[[[40.245799,15.052343],[40.248075,15.048316],[40.250895,15.050199],[40.245799,15.052343]]],[[[40.414274,15.054986],[40.412827,15.056796],[40.412124,15.053305],[40.414274,15.054986]]],[[[40.247436,15.064592],[40.237875,15.061227],[40.241316,15.058209],[40.247436,15.064592]]],[[[40.486627,15.062147],[40.493094,15.061253],[40.497981,15.062006],[40.486627,15.062147]]],[[[40.473744,15.063663],[40.480054,15.063202],[40.476274,15.064084],[40.473744,15.063663]]],[[[40.507944,15.071406],[40.498019,15.08123],[40.472182,15.065858],[40.493029,15.06254],[40.507944,15.071406]]],[[[40.432977,15.081419],[40.429688,15.080915],[40.429688,15.078404],[40.432977,15.081419]]],[[[40.340519,15.090134],[40.317737,15.07911],[40.32908,15.078051],[40.340519,15.090134]]],[[[40.25538,15.079655],[40.278219,15.085464],[40.269217,15.093471],[40.25538,15.079655]]],[[[40.227042,15.096009],[40.221494,15.096484],[40.221679,15.090905],[40.227042,15.096009]]],[[[40.167271,15.099133],[40.164985,15.099923],[40.165988,15.097705],[40.167271,15.099133]]],[[[40.293203,15.108884],[40.287402,15.104368],[40.290784,15.101631],[40.293203,15.108884]]],[[[40.186598,15.116629],[40.182209,15.111176],[40.188686,15.109281],[40.186598,15.116629]]],[[[40.339537,15.131537],[40.336191,15.14464],[40.304622,15.125205],[40.320734,15.113693],[40.339537,15.131537]]],[[[40.171429,15.136374],[40.164496,15.138797],[40.166787,15.130084],[40.171429,15.136374]]],[[[40.291108,15.137864],[40.289664,15.136455],[40.292415,15.137106],[40.291108,15.137864]]],[[[40.286869,15.139602],[40.285207,15.138349],[40.287978,15.139011],[40.286869,15.139602]]],[[[40.232203,15.119223],[40.255149,15.105823],[40.280983,15.121474],[40.283164,15.133879],[40.267566,15.164268],[40.294449,15.184816],[40.295972,15.200614],[40.259974,15.19118],[40.231529,15.169128],[40.232203,15.119223]]],[[[40.348294,15.150046],[40.341941,15.163504],[40.343937,15.146511],[40.348294,15.150046]]],[[[40.093623,15.1595],[40.092438,15.157015],[40.095007,15.157192],[40.093623,15.1595]]],[[[40.323033,15.160082],[40.32029,15.16153],[40.321005,15.159232],[40.323033,15.160082]]],[[[40.313488,15.16279],[40.315635,15.160325],[40.316674,15.16236],[40.313488,15.16279]]],[[[40.13498,15.171124],[40.130854,15.156583],[40.145917,15.152804],[40.13498,15.171124]]],[[[40.212192,15.170568],[40.208047,15.166732],[40.212507,15.166409],[40.212192,15.170568]]],[[[40.176846,15.187751],[40.167219,15.175302],[40.174895,15.168979],[40.176846,15.187751]]],[[[40.094813,15.210649],[40.099653,15.201723],[40.108284,15.211026],[40.094813,15.210649]]],[[[40.298932,15.215742],[40.294202,15.211178],[40.303423,15.211455],[40.298932,15.215742]]],[[[40.231979,15.240374],[40.236423,15.214329],[40.268241,15.223425],[40.276457,15.2387],[40.251019,15.250867],[40.231979,15.240374]]],[[[40.132748,15.243403],[40.111518,15.226573],[40.126762,15.231848],[40.132748,15.243403]]],[[[40.103557,15.275534],[40.098396,15.271293],[40.100243,15.268733],[40.103557,15.275534]]],[[[40.171575,15.279886],[40.16383,15.265117],[40.175822,15.268939],[40.171575,15.279886]]],[[[40.397625,15.471676],[40.393567,15.473145],[40.397545,15.470269],[40.397625,15.471676]]],[[[40.391273,15.473107],[40.389001,15.473153],[40.390964,15.471931],[40.391273,15.473107]]],[[[40.379614,15.474695],[40.376508,15.471064],[40.379588,15.471539],[40.379614,15.474695]]],[[[40.385783,15.473915],[40.383489,15.473037],[40.387065,15.472227],[40.385783,15.473915]]],[[[40.469534,15.475201],[40.469575,15.472198],[40.471861,15.472756],[40.469534,15.475201]]],[[[40.378654,15.477073],[40.376031,15.476383],[40.380539,15.475338],[40.378654,15.477073]]],[[[40.341275,15.480785],[40.335745,15.480597],[40.342146,15.479385],[40.341275,15.480785]]],[[[40.338438,15.497088],[40.35012,15.47846],[40.387971,15.477677],[40.366861,15.49187],[40.338438,15.497088]]],[[[40.511809,15.533069],[40.506173,15.530556],[40.511011,15.524978],[40.511809,15.533069]]],[[[40.160303,15.562042],[40.162495,15.561137],[40.162857,15.561743],[40.160303,15.562042]]],[[[40.466684,15.604695],[40.464833,15.606652],[40.465749,15.599705],[40.466684,15.604695]]],[[[40.158726,15.689466],[40.155217,15.667242],[40.174742,15.660007],[40.209959,15.675061],[40.206558,15.706256],[40.213031,15.727032],[40.205657,15.739202],[40.176397,15.73019],[40.179722,15.703757],[40.158726,15.689466]]],[[[40.395297,15.706907],[40.391508,15.705417],[40.393406,15.703544],[40.395297,15.706907]]],[[[40.4769,15.706312],[40.474353,15.710081],[40.47354,15.70133],[40.4769,15.706312]]],[[[40.563852,15.729828],[40.559588,15.723231],[40.565271,15.723018],[40.563852,15.729828]]],[[[40.319994,15.745412],[40.318879,15.748543],[40.317744,15.744014],[40.319994,15.745412]]],[[[40.499972,15.761189],[40.485369,15.753593],[40.49629,15.748515],[40.499972,15.761189]]],[[[40.448961,15.79548],[40.448401,15.785621],[40.45777,15.789149],[40.448961,15.79548]]],[[[40.109106,15.793356],[40.105908,15.792153],[40.107302,15.791458],[40.109106,15.793356]]],[[[40.107922,15.811836],[40.106976,15.807337],[40.109432,15.808926],[40.107922,15.811836]]],[[[40.361913,15.824935],[40.359395,15.811682],[40.37465,15.820688],[40.361913,15.824935]]],[[[40.276646,15.828771],[40.253285,15.817997],[40.276466,15.810661],[40.287833,15.821573],[40.276646,15.828771]]],[[[40.565075,15.845618],[40.558257,15.84041],[40.564386,15.820891],[40.565075,15.845618]]],[[[40.194612,15.846207],[40.186432,15.843334],[40.190173,15.839672],[40.194612,15.846207]]],[[[40.50409,15.864955],[40.492487,15.846976],[40.50116,15.843683],[40.50409,15.864955]]],[[[40.295818,15.854953],[40.295105,15.855505],[40.294345,15.854262],[40.295818,15.854953]]],[[[40.139765,15.849611],[40.141822,15.861781],[40.104842,15.873253],[40.103256,15.858116],[40.139765,15.849611]]],[[[40.242183,15.883758],[40.241828,15.884735],[40.238022,15.880705],[40.242183,15.883758]]],[[[40.597906,15.871126],[40.613112,15.888559],[40.595921,15.896793],[40.587227,15.881577],[40.597906,15.871126]]],[[[40.374285,15.899693],[40.35576,15.883545],[40.37405,15.884037],[40.374285,15.899693]]],[[[40.562084,15.905283],[40.555189,15.902336],[40.559482,15.896406],[40.562084,15.905283]]],[[[40.188983,15.918277],[40.172401,15.906028],[40.193525,15.905007],[40.188983,15.918277]]],[[[40.260899,15.925649],[40.253532,15.931391],[40.248599,15.918981],[40.260899,15.925649]]],[[[40.168046,15.940151],[40.158932,15.956143],[40.14088,15.960434],[40.14823,15.945892],[40.168046,15.940151]]],[[[40.208801,15.984375],[40.19697,15.979959],[40.203985,15.978776],[40.208801,15.984375]]],[[[40.30018,15.996752],[40.285519,16.003847],[40.278786,15.982882],[40.300522,15.984534],[40.30018,15.996752]]],[[[40.157984,16.062288],[40.131255,16.041686],[40.169091,16.019209],[40.193047,16.045327],[40.157984,16.062288]]],[[[40.164728,16.153878],[40.201709,16.157325],[40.176467,16.192493],[40.164343,16.192368],[40.15287,16.138026],[40.124914,16.125594],[40.128933,16.092184],[40.153793,16.087902],[40.166688,16.122647],[40.157455,16.133721],[40.164728,16.153878]]],[[[40.173746,16.228382],[40.167662,16.230334],[40.167484,16.221869],[40.173746,16.228382]]],[[[40.229712,16.27791],[40.220348,16.287946],[40.206024,16.248428],[40.226334,16.245735],[40.229712,16.27791]]],[[[40.240218,16.335458],[40.233911,16.336098],[40.218043,16.313808],[40.240218,16.335458]]],[[[40.184981,16.487876],[40.18108,16.488384],[40.182613,16.484717],[40.184981,16.487876]]],[[[40.152141,16.551493],[40.131339,16.523438],[40.128754,16.493163],[40.136572,16.475739],[40.139068,16.496935],[40.187838,16.515762],[40.175081,16.530011],[40.182574,16.544263],[40.152141,16.551493]]],[[[40.665389,-15.201005],[40.661816,-15.195058],[40.663615,-15.210856],[40.665389,-15.201005]]],[[[40.773703,-15.075723],[40.76914,-15.079292],[40.775442,-15.08219],[40.773703,-15.075723]]],[[[40.78125,-15.055246],[40.787281,-15.055609],[40.788417,-15.051405],[40.78125,-15.055246]]],[[[40.743661,-15.028358],[40.734397,-15.031835],[40.72974,-15.045209],[40.743661,-15.028358]]],[[[40.79666,-14.975561],[40.793928,-14.981545],[40.798345,-14.983436],[40.79666,-14.975561]]],[[[40.812154,-14.848966],[40.816779,-14.856388],[40.829365,-14.853648],[40.812154,-14.848966]]],[[[40.830459,-14.788603],[40.827481,-14.796309],[40.833938,-14.800933],[40.830459,-14.788603]]],[[[40.830684,-14.543659],[40.832124,-14.544296],[40.838631,-14.541047],[40.830684,-14.543659]]],[[[40.626321,-14.085842],[40.629289,-14.086895],[40.627479,-14.084365],[40.626321,-14.085842]]],[[[40.624375,-12.608478],[40.622618,-12.608398],[40.624813,-12.609763],[40.624375,-12.608478]]],[[[40.629726,-12.471899],[40.628101,-12.485606],[40.633479,-12.480469],[40.629726,-12.471899]]],[[[40.623186,-12.434545],[40.623688,-12.435838],[40.625779,-12.433992],[40.623186,-12.434545]]],[[[40.626483,-11.366879],[40.62634,-11.372145],[40.653288,-11.367777],[40.626483,-11.366879]]],[[[40.625844,-11.27226],[40.626382,-11.274512],[40.628068,-11.275023],[40.625844,-11.27226]]],[[[40.670665,-11.175075],[40.669162,-11.174339],[40.66833,-11.176606],[40.670665,-11.175075]]],[[[40.697411,-11.164945],[40.694202,-11.146325],[40.681601,-11.144593],[40.649453,-11.187047],[40.66646,-11.17388],[40.697411,-11.164945]]],[[[40.699904,-11.148518],[40.699201,-11.149966],[40.700509,-11.151703],[40.699904,-11.148518]]],[[[40.697975,-11.138693],[40.696571,-11.14003],[40.698612,-11.141748],[40.697975,-11.138693]]],[[[40.615183,-11.038649],[40.645869,-11.042896],[40.70099,-11.02663],[40.717559,-11.01245],[40.70909,-10.999505],[40.64459,-11.031847],[40.597117,-11.024134],[40.615183,-11.038649]]],[[[40.722568,-10.998504],[40.722805,-11.001284],[40.725015,-11.00148],[40.722568,-10.998504]]],[[[40.630731,-10.916055],[40.620275,-10.906181],[40.626936,-10.920944],[40.630731,-10.916055]]],[[[40.682699,-10.858307],[40.683562,-10.847238],[40.652088,-10.823058],[40.661821,-10.860143],[40.649433,-10.834939],[40.642739,-10.878932],[40.682699,-10.858307]]],[[[40.651155,-10.804092],[40.661339,-10.776827],[40.646915,-10.770179],[40.651155,-10.804092]]],[[[40.640689,-10.673979],[40.639004,-10.67619],[40.652351,-10.702554],[40.640689,-10.673979]]],[[[40.842676,-2.430459],[40.841251,-2.429002],[40.841493,-2.430937],[40.842676,-2.430459]]],[[[40.809134,-2.314721],[40.808089,-2.314291],[40.807791,-2.316319],[40.809134,-2.314721]]],[[[40.899616,-2.258541],[40.882428,-2.245505],[40.847525,-2.255229],[40.818293,-2.281327],[40.813234,-2.30428],[40.819413,-2.337014],[40.860972,-2.305554],[40.916681,-2.296257],[40.899616,-2.258541]]],[[[40.91665,-2.27858],[40.913125,-2.279991],[40.916681,-2.285156],[40.91665,-2.27858]]],[[[40.990371,-2.233933],[40.991116,-2.227543],[40.982649,-2.224914],[40.990371,-2.233933]]],[[[40.897279,-2.223807],[40.890071,-2.219667],[40.894197,-2.236025],[40.897279,-2.223807]]],[[[40.934805,-2.20494],[40.937997,-2.208654],[40.942221,-2.209888],[40.934805,-2.20494]]],[[[40.977495,-2.188997],[40.975114,-2.193934],[40.978634,-2.19715],[40.977495,-2.188997]]],[[[41.124812,-2.111771],[41.125337,-2.127661],[41.14271,-2.130512],[41.173272,-2.105858],[41.16254,-2.07648],[41.146637,-2.072523],[41.123252,-2.046444],[41.086926,-2.041947],[41.064454,-2.055762],[41.049614,-2.076413],[41.024597,-2.089673],[41.002713,-2.09131],[40.9719,-2.111459],[40.961283,-2.157915],[40.974491,-2.179197],[40.987429,-2.178956],[41.000047,-2.209381],[41.016301,-2.203324],[40.992332,-2.158247],[41.043382,-2.146668],[41.041563,-2.158178],[41.062118,-2.160107],[41.045562,-2.142303],[41.079245,-2.132581],[41.106147,-2.142827],[41.124812,-2.111771]]],[[[40.976987,-2.071342],[40.975008,-2.073173],[40.976008,-2.074044],[40.976987,-2.071342]]],[[[41.1429,-2.043276],[41.128844,-2.043344],[41.150062,-2.051256],[41.1429,-2.043276]]],[[[41.260901,-2.016559],[41.257662,-2.015764],[41.258687,-2.020817],[41.260901,-2.016559]]],[[[41.250879,-2.010566],[41.245098,-2.019671],[41.248991,-2.025969],[41.250879,-2.010566]]],[[[41.196776,-2.016223],[41.195691,-2.017378],[41.196936,-2.019174],[41.196776,-2.016223]]],[[[41.194734,-2.00366],[41.160347,-2.012533],[41.143248,-2.023687],[41.188751,-2.028332],[41.194734,-2.00366]]],[[[41.211277,-2.027329],[41.216251,-2.018157],[41.19746,-2.001553],[41.199003,-2.026253],[41.211277,-2.027329]]],[[[41.15824,-2.004951],[41.15412,-2.007173],[41.158451,-2.008441],[41.15824,-2.004951]]],[[[40.904529,-2.004231],[40.905864,-2.005801],[40.90739,-2.004322],[40.904529,-2.004231]]],[[[41.149989,-2.00218],[41.147936,-2.005326],[41.149169,-2.006064],[41.149989,-2.00218]]],[[[41.164382,-2.002485],[41.163922,-2.00548],[41.167739,-2.004204],[41.164382,-2.002485]]],[[[40.886153,-2.000432],[40.884682,-2.000855],[40.888422,-2.00184],[40.886153,-2.000432]]],[[[41.117337,-1.997085],[41.113845,-1.999084],[41.115604,-2.001137],[41.117337,-1.997085]]],[[[41.134082,-1.996159],[41.131184,-1.999874],[41.135562,-2.001978],[41.134082,-1.996159]]],[[[41.268729,-1.968406],[41.247765,-1.974189],[41.250387,-1.995339],[41.269218,-2.004315],[41.259074,-2.024175],[41.304435,-1.968817],[41.279231,-1.997188],[41.266305,-1.991123],[41.268729,-1.968406]]],[[[41.21925,-1.988516],[41.21346,-1.995836],[41.221527,-1.996076],[41.21925,-1.988516]]],[[[40.876336,-1.989966],[40.869645,-1.993902],[40.875612,-1.993909],[40.876336,-1.989966]]],[[[41.275347,-1.982826],[41.270685,-1.992024],[41.2777,-1.995764],[41.275347,-1.982826]]],[[[41.196574,-1.981849],[41.195684,-1.990178],[41.201493,-1.989773],[41.196574,-1.981849]]],[[[41.213542,-1.980887],[41.215607,-1.983538],[41.218637,-1.983112],[41.213542,-1.980887]]],[[[40.856789,-1.979347],[40.852339,-1.982297],[40.855744,-1.98278],[40.856789,-1.979347]]],[[[40.855948,-1.976344],[40.849143,-1.976311],[40.84948,-1.980122],[40.855948,-1.976344]]],[[[40.844275,-1.974672],[40.841611,-1.97734],[40.844875,-1.976649],[40.844275,-1.974672]]],[[[40.842543,-1.974753],[40.839508,-1.974304],[40.84091,-1.974989],[40.842543,-1.974753]]],[[[41.242885,-1.974582],[41.244816,-1.976192],[41.245312,-1.972072],[41.242885,-1.974582]]],[[[41.210366,-1.960796],[41.204929,-1.965887],[41.208791,-1.971182],[41.210366,-1.960796]]],[[[40.981891,-1.943249],[40.979702,-1.945288],[40.981725,-1.945493],[40.981891,-1.943249]]],[[[41.369097,-1.908088],[41.36753,-1.907792],[41.366381,-1.910817],[41.369097,-1.908088]]],[[[41.372295,-1.899482],[41.370491,-1.902814],[41.371447,-1.903271],[41.372295,-1.899482]]],[[[41.381018,-1.899021],[41.378328,-1.901365],[41.380443,-1.901109],[41.381018,-1.899021]]],[[[41.389991,-1.881277],[41.386612,-1.88275],[41.388248,-1.884941],[41.389991,-1.881277]]],[[[41.441032,-1.835573],[41.439105,-1.838783],[41.4401,-1.839651],[41.441032,-1.835573]]],[[[41.439472,-1.836649],[41.438212,-1.834957],[41.437978,-1.837461],[41.439472,-1.836649]]],[[[41.428476,-1.83611],[41.426249,-1.832808],[41.426794,-1.839098],[41.428476,-1.83611]]],[[[41.44494,-1.832791],[41.443207,-1.832496],[41.442051,-1.835189],[41.44494,-1.832791]]],[[[41.434325,-1.827447],[41.43207,-1.825139],[41.432331,-1.832229],[41.434325,-1.827447]]],[[[41.440421,-1.824389],[41.436909,-1.824883],[41.437713,-1.829097],[41.440421,-1.824389]]],[[[41.455145,-1.821915],[41.454978,-1.8195],[41.453395,-1.823595],[41.455145,-1.821915]]],[[[41.456464,-1.816171],[41.455108,-1.818151],[41.456152,-1.818771],[41.456464,-1.816171]]],[[[41.477533,-1.803292],[41.475909,-1.804476],[41.476234,-1.807189],[41.477533,-1.803292]]],[[[41.510895,-1.754237],[41.49157,-1.765356],[41.497935,-1.770294],[41.510895,-1.754237]]],[[[41.613795,-1.612051],[41.613488,-1.607898],[41.611456,-1.612774],[41.613795,-1.612051]]],[[[41.62989,-1.585875],[41.628215,-1.589072],[41.630263,-1.588354],[41.62989,-1.585875]]],[[[41.640371,-1.561695],[41.638133,-1.564131],[41.639094,-1.564551],[41.640371,-1.561695]]],[[[41.757548,-1.37976],[41.755898,-1.381264],[41.756881,-1.382218],[41.757548,-1.37976]]],[[[41.776067,-1.358297],[41.773584,-1.361138],[41.77442,-1.36172],[41.776067,-1.358297]]],[[[41.788196,-1.343837],[41.787783,-1.341334],[41.785114,-1.347193],[41.788196,-1.343837]]],[[[41.915011,-1.183486],[41.912003,-1.184264],[41.912598,-1.185652],[41.915011,-1.183486]]],[[[41.819934,-1.179778],[41.821734,-1.183139],[41.825429,-1.181896],[41.819934,-1.179778]]],[[[41.920458,-1.153777],[41.917028,-1.172024],[41.933675,-1.156119],[41.920458,-1.153777]]],[[[41.949075,-1.140641],[41.946896,-1.142042],[41.945104,-1.146201],[41.949075,-1.140641]]],[[[41.974451,-1.096436],[41.996039,-1.081647],[41.98809,-1.078201],[41.974451,-1.096436]]],[[[42.002558,-1.065863],[42.000771,-1.067288],[42.001848,-1.068326],[42.002558,-1.065863]]],[[[42.00495,-1.055758],[42.003348,-1.054688],[42.003997,-1.057483],[42.00495,-1.055758]]],[[[42.008043,-1.048678],[42.006545,-1.050177],[42.007512,-1.051126],[42.008043,-1.048678]]],[[[42.018315,-1.031924],[42.018815,-1.040986],[42.021921,-1.03316],[42.018315,-1.031924]]],[[[42.053213,-0.999068],[42.044287,-0.989395],[42.021242,-1.021445],[42.036003,-1.022512],[42.053213,-0.999068]]],[[[42.06509,-0.977254],[42.064625,-0.976243],[42.060294,-0.982133],[42.06509,-0.977254]]],[[[42.084501,-0.971242],[42.079638,-0.974147],[42.079088,-0.976933],[42.084501,-0.971242]]],[[[42.108294,-0.944424],[42.104921,-0.943622],[42.102539,-0.950893],[42.108294,-0.944424]]],[[[42.094247,-0.942902],[42.093833,-0.944826],[42.095967,-0.942428],[42.094247,-0.942902]]],[[[42.08835,-0.924315],[42.086342,-0.926714],[42.088701,-0.925545],[42.08835,-0.924315]]],[[[42.117493,-0.919115],[42.116572,-0.925311],[42.120232,-0.920639],[42.117493,-0.919115]]],[[[42.096925,-0.918205],[42.097515,-0.918894],[42.099015,-0.916043],[42.096925,-0.918205]]],[[[42.170218,-0.848687],[42.127985,-0.904161],[42.185619,-0.848153],[42.170218,-0.848687]]],[[[42.004825,-0.813002],[42.001954,-0.81599],[42.006108,-0.815376],[42.004825,-0.813002]]],[[[42.227993,-0.800269],[42.225731,-0.799301],[42.206386,-0.821984],[42.227993,-0.800269]]],[[[42.235665,-0.786068],[42.232816,-0.793356],[42.237777,-0.785867],[42.235665,-0.786068]]],[[[42.254985,-0.764091],[42.246612,-0.769765],[42.254233,-0.768626],[42.254985,-0.764091]]],[[[42.260018,-0.747943],[42.257143,-0.748631],[42.256124,-0.751178],[42.260018,-0.747943]]],[[[42.29629,-0.71719],[42.278366,-0.726019],[42.267969,-0.747722],[42.29629,-0.71719]]],[[[42.319059,-0.688924],[42.312862,-0.694887],[42.313465,-0.696002],[42.319059,-0.688924]]],[[[42.351269,-0.634348],[42.350051,-0.621488],[42.322107,-0.658405],[42.337025,-0.65751],[42.351269,-0.634348]]],[[[42.355014,-0.606684],[42.353857,-0.611389],[42.359247,-0.606803],[42.355014,-0.606684]]],[[[42.365005,-0.603408],[42.362753,-0.606247],[42.365225,-0.605097],[42.365005,-0.603408]]],[[[42.385015,-0.580679],[42.38134,-0.5841],[42.37931,-0.590248],[42.385015,-0.580679]]],[[[42.401524,-0.561549],[42.394595,-0.567385],[42.396084,-0.56776],[42.401524,-0.561549]]],[[[42.408501,-0.557583],[42.405314,-0.557738],[42.405453,-0.560567],[42.408501,-0.557583]]],[[[42.409264,-0.551246],[42.401889,-0.557854],[42.408597,-0.553945],[42.409264,-0.551246]]],[[[42.416019,-0.548284],[42.414242,-0.548841],[42.414384,-0.550542],[42.416019,-0.548284]]],[[[42.443266,-0.538654],[42.441557,-0.540265],[42.442384,-0.5417],[42.443266,-0.538654]]],[[[42.430174,-0.533374],[42.426354,-0.53425],[42.423378,-0.540158],[42.430174,-0.533374]]],[[[42.437764,-0.517029],[42.431386,-0.523059],[42.428711,-0.529447],[42.437764,-0.517029]]],[[[42.477585,-0.47771],[42.476897,-0.47939],[42.479117,-0.478869],[42.477585,-0.47771]]],[[[42.511931,-0.436059],[42.506497,-0.43679],[42.510306,-0.440684],[42.511931,-0.436059]]],[[[42.795798,12.858005],[42.79635,12.855829],[42.797739,12.856676],[42.795798,12.858005]]],[[[42.793734,12.85983],[42.790054,12.85989],[42.793395,12.858729],[42.793734,12.85983]]],[[[42.774385,12.874973],[42.785308,12.864069],[42.784751,12.869179],[42.774385,12.874973]]],[[[42.772456,12.879321],[42.773147,12.877616],[42.774137,12.877826],[42.772456,12.879321]]],[[[42.765006,12.966],[42.759117,12.964631],[42.761917,12.963607],[42.765006,12.966]]],[[[42.795215,12.975594],[42.795764,12.971509],[42.799507,12.972912],[42.795215,12.975594]]],[[[42.766565,12.980371],[42.768844,12.976997],[42.771804,12.97971],[42.766565,12.980371]]],[[[42.797005,12.995382],[42.795797,12.998047],[42.794796,12.99707],[42.797005,12.995382]]],[[[42.800938,13.005549],[42.797978,13.005425],[42.796875,12.999025],[42.800938,13.005549]]],[[[42.71528,13.08051],[42.71204,13.076173],[42.717413,13.07696],[42.71528,13.08051]]],[[[42.590097,13.170386],[42.580997,13.17017],[42.593842,13.15765],[42.590097,13.170386]]],[[[42.567928,13.189273],[42.566447,13.189306],[42.568691,13.187694],[42.567928,13.189273]]],[[[42.499093,13.196429],[42.49713,13.195486],[42.499259,13.193638],[42.499093,13.196429]]],[[[42.564509,13.208243],[42.560915,13.208752],[42.568529,13.202944],[42.564509,13.208243]]],[[[42.64924,13.357485],[42.648574,13.355209],[42.649822,13.353946],[42.64924,13.357485]]],[[[42.547387,13.410883],[42.55047,13.410718],[42.548392,13.411502],[42.547387,13.410883]]],[[[42.575914,13.451794],[42.573267,13.450205],[42.576768,13.450232],[42.575914,13.451794]]],[[[42.607644,13.524949],[42.60919,13.52261],[42.610898,13.525558],[42.607644,13.524949]]],[[[42.618338,13.536407],[42.617893,13.534448],[42.620175,13.535467],[42.618338,13.536407]]],[[[42.631577,13.543954],[42.630077,13.543139],[42.631092,13.542709],[42.631577,13.543954]]],[[[42.18606,13.611032],[42.1875,13.606306],[42.191697,13.607334],[42.18606,13.611032]]],[[[42.182935,13.630105],[42.184469,13.62401],[42.188289,13.62521],[42.182935,13.630105]]],[[[42.179323,13.630886],[42.176825,13.62884],[42.179624,13.627015],[42.179323,13.630886]]],[[[42.219517,13.637615],[42.221348,13.636896],[42.222132,13.639326],[42.219517,13.637615]]],[[[42.154663,13.650573],[42.151181,13.650296],[42.151603,13.647142],[42.154663,13.650573]]],[[[42.141908,13.660725],[42.146656,13.651505],[42.14926,13.658074],[42.141908,13.660725]]],[[[42.181574,13.670357],[42.179831,13.66846],[42.181527,13.667982],[42.181574,13.670357]]],[[[42.214066,13.676173],[42.206877,13.671974],[42.219319,13.667055],[42.214066,13.676173]]],[[[42.113397,13.68321],[42.11008,13.682537],[42.111524,13.680654],[42.113397,13.68321]]],[[[42.156134,13.739489],[42.15533,13.738888],[42.155794,13.738177],[42.156134,13.739489]]],[[[42.146727,13.754218],[42.146068,13.752608],[42.149153,13.752339],[42.146727,13.754218]]],[[[42.164684,13.756229],[42.162483,13.756123],[42.164602,13.754555],[42.164684,13.756229]]],[[[41.931682,13.877103],[41.939162,13.872283],[41.946232,13.8863],[41.931682,13.877103]]],[[[41.994302,13.895594],[41.97788,13.88596],[41.980353,13.877771],[41.994302,13.895594]]],[[[41.830447,13.941628],[41.828211,13.937197],[41.832346,13.937299],[41.830447,13.941628]]],[[[41.652768,14.070903],[41.651989,14.069147],[41.654221,14.06833],[41.652768,14.070903]]],[[[41.661579,14.072608],[41.659591,14.069761],[41.660331,14.068988],[41.661579,14.072608]]],[[[41.655403,14.073732],[41.65379,14.071932],[41.65661,14.072437],[41.655403,14.073732]]],[[[41.668018,14.105015],[41.671275,14.103745],[41.673481,14.106374],[41.668018,14.105015]]],[[[40.822781,14.725034],[40.813647,14.72367],[40.819855,14.718926],[40.822781,14.725034]]],[[[40.804742,14.734426],[40.803201,14.732114],[40.805175,14.732481],[40.804742,14.734426]]],[[[40.835347,14.744757],[40.828313,14.73982],[40.838825,14.736486],[40.835347,14.744757]]],[[[40.881711,14.750445],[40.899983,14.748713],[40.89398,14.755988],[40.881711,14.750445]]],[[[40.806855,14.765894],[40.798018,14.755203],[40.807914,14.755226],[40.806855,14.765894]]],[[[40.804924,14.796822],[40.78927,14.782708],[40.815683,14.787393],[40.804924,14.796822]]],[[[40.824952,14.826162],[40.820533,14.823276],[40.827643,14.823777],[40.824952,14.826162]]],[[[40.764242,14.835405],[40.75734,14.822343],[40.768605,14.821841],[40.764242,14.835405]]],[[[40.784795,14.840473],[40.782741,14.837401],[40.788396,14.83551],[40.784795,14.840473]]],[[[40.8456,14.84157],[40.841668,14.843253],[40.844787,14.838206],[40.8456,14.84157]]],[[[40.743448,14.867082],[40.76439,14.853573],[40.764322,14.866503],[40.743448,14.867082]]],[[[40.643674,15.382285],[40.652089,15.385539],[40.642962,15.387024],[40.643674,15.382285]]],[[[40.725553,15.437887],[40.723665,15.435904],[40.726174,15.435912],[40.725553,15.437887]]],[[[40.739797,15.473029],[40.765086,15.486148],[40.748005,15.49379],[40.739797,15.473029]]],[[[40.794267,15.485549],[40.792712,15.484588],[40.794664,15.484421],[40.794267,15.485549]]],[[[40.856917,15.492437],[40.850824,15.492764],[40.859168,15.487081],[40.856917,15.492437]]],[[[40.859482,15.496044],[40.856557,15.496189],[40.857788,15.494405],[40.859482,15.496044]]],[[[40.864451,15.504881],[40.87834,15.501616],[40.872888,15.509975],[40.864451,15.504881]]],[[[40.830949,15.507864],[40.835323,15.518258],[40.802608,15.524904],[40.780411,15.49334],[40.792581,15.48859],[40.830949,15.507864]]],[[[40.796266,15.584588],[40.7793,15.573893],[40.793844,15.558108],[40.812605,15.559464],[40.796266,15.584588]]],[[[40.636205,15.595383],[40.649868,15.591899],[40.63649,15.60263],[40.636205,15.595383]]],[[[40.784528,15.641992],[40.77442,15.634411],[40.793676,15.628521],[40.784528,15.641992]]],[[[40.724383,15.66143],[40.712012,15.646947],[40.720966,15.644531],[40.724383,15.66143]]],[[[40.638561,15.67189],[40.632074,15.670431],[40.636791,15.662911],[40.638561,15.67189]]],[[[40.780505,15.686555],[40.784565,15.700046],[40.77399,15.700817],[40.780505,15.686555]]],[[[40.657025,15.719761],[40.648295,15.723091],[40.647414,15.69858],[40.657025,15.719761]]],[[[40.679911,15.716204],[40.672968,15.714038],[40.678843,15.709728],[40.679911,15.716204]]],[[[40.750314,15.751145],[40.748935,15.734134],[40.773073,15.745092],[40.750314,15.751145]]],[[[40.690534,15.820313],[40.6851,15.796124],[40.693899,15.791953],[40.690534,15.820313]]],[[[44.315775,-25.274524],[44.335852,-25.271763],[44.330284,-25.269774],[44.315775,-25.274524]]],[[[44.217579,-25.230997],[44.224985,-25.230332],[44.217461,-25.229703],[44.217579,-25.230997]]],[[[44.225642,-25.226358],[44.227399,-25.219007],[44.215266,-25.225217],[44.225642,-25.226358]]],[[[44.031745,-25.063229],[44.028619,-25.063214],[44.031307,-25.064601],[44.031745,-25.063229]]],[[[43.63058,-23.730469],[43.632416,-23.721902],[43.626529,-23.723494],[43.63058,-23.730469]]],[[[43.599795,-23.641918],[43.60239,-23.649911],[43.607804,-23.650153],[43.599795,-23.641918]]],[[[43.771053,-23.569425],[43.78236,-23.570128],[43.786632,-23.562372],[43.771053,-23.569425]]],[[[43.762667,-23.560677],[43.760903,-23.563055],[43.771526,-23.562417],[43.762667,-23.560677]]],[[[43.819309,-23.559563],[43.844825,-23.555442],[43.848815,-23.546324],[43.819309,-23.559563]]],[[[43.7365,-23.509885],[43.733708,-23.509843],[43.734444,-23.51307],[43.7365,-23.509885]]],[[[44.139664,-23.522527],[44.096541,-23.542358],[44.080247,-23.536377],[44.063427,-23.498237],[44.00534,-23.509979],[43.971278,-23.507798],[43.962841,-23.494767],[43.962136,-23.494611],[43.961122,-23.492538],[43.961895,-23.493306],[43.93789,-23.456229],[43.918957,-23.463699],[43.871662,-23.457013],[43.848847,-23.556517],[43.778603,-23.576943],[43.76126,-23.571059],[43.726768,-23.594199],[43.687678,-23.598687],[43.658309,-23.613707],[43.653026,-23.644528],[43.635682,-23.670334],[43.651272,-23.682433],[43.641761,-23.694118],[43.64757,-23.711079],[43.640402,-23.725117],[43.648906,-23.738712],[43.633199,-23.750348],[43.664482,-23.815516],[43.652081,-23.841398],[43.675676,-23.893934],[43.660583,-23.913086],[43.66879,-23.988365],[43.663714,-24.002664],[43.677289,-24.039816],[43.662692,-24.239493],[43.668133,-24.318429],[43.683344,-24.375469],[43.739466,-24.446601],[43.829242,-24.510433],[43.858312,-24.549653],[43.917385,-24.605139],[43.936472,-24.640781],[43.943248,-24.689904],[43.919452,-24.714396],[43.920524,-24.735715],[43.953133,-24.787215],[43.953884,-24.808133],[44.019606,-24.871777],[44.02282,-24.92241],[44.037899,-24.964061],[44.024839,-24.981449],[44.025413,-24.996465],[44.039418,-25.01052],[44.054637,-25.010849],[44.064543,-25.04076],[44.08526,-25.050343],[44.111588,-25.080182],[44.162809,-25.067552],[44.202712,-25.083685],[44.254625,-25.125558],[44.298658,-25.151164],[44.32138,-25.155561],[44.391936,-25.213364],[44.415679,-25.20511],[44.425949,-25.235936],[44.415379,-25.254606],[44.422722,-25.263215],[44.368415,-25.261852],[44.367059,-25.246976],[44.366619,-25.247064],[44.366393,-25.240964],[44.366537,-25.241242],[44.366148,-25.236972],[44.354786,-25.211467],[44.324221,-25.171163],[44.35541,-25.223935],[44.360342,-25.252027],[44.344296,-25.26941],[44.432224,-25.26984],[44.510609,-25.289371],[44.712565,-25.313401],[44.807268,-25.340467],[44.93598,-25.417467],[44.962316,-25.468615],[45.020347,-25.498274],[45.106296,-25.528085],[45.133776,-25.556103],[45.130206,-25.578243],[45.138507,-25.594679],[45.165439,-25.606297],[45.274703,-25.585252],[45.478316,-25.579727],[45.533397,-25.569362],[45.604655,-25.543026],[45.678319,-25.498554],[45.716682,-25.457614],[45.890638,-25.356336],[45.99986,-25.30414],[46.217297,-25.220491],[46.333745,-25.186413],[46.433518,-25.175502],[46.426948,-25.155515],[46.395201,-25.121761],[46.402624,-25.098792],[46.38386,-25.086311],[46.410423,-25.100509],[46.39938,-25.122981],[46.438643,-25.161802],[46.441836,-25.174777],[46.514742,-25.164929],[46.571012,-25.184082],[46.61799,-25.182228],[46.635357,-25.199747],[46.695264,-25.179717],[46.723754,-25.178818],[46.74591,-25.163663],[46.74137,-25.148111],[46.737347,-25.146998],[46.755567,-25.146868],[46.769827,-25.158018],[46.805262,-25.120878],[46.827153,-25.125479],[46.845013,-25.095838],[46.907308,-25.069986],[46.899392,-25.040048],[46.941423,-25.052695],[46.933915,-25.066983],[46.960773,-25.077492],[46.959093,-25.052568],[46.978782,-25.035503],[46.995762,-25.039027],[47.002301,-25.027069],[46.991194,-25.014958],[47.002957,-24.996935],[47.036012,-24.977743],[47.048988,-24.959263],[47.057454,-24.968838],[47.084644,-24.96571],[47.098947,-24.988701],[47.107778,-24.964502],[47.10244,-24.901682],[47.122361,-24.919902],[47.119631,-24.937966],[47.13598,-24.926728],[47.138751,-24.908333],[47.123848,-24.904415],[47.124135,-24.869369],[47.165653,-24.803241],[47.193344,-24.791492],[47.193692,-24.717751],[47.22524,-24.66924],[47.2824,-24.538192],[47.302675,-24.46963],[47.30523,-24.427403],[47.347225,-24.318159],[47.340134,-24.3083],[47.34836,-24.290132],[47.331527,-24.287598],[47.307645,-24.257813],[47.331499,-24.275871],[47.368212,-24.268545],[47.380605,-24.248776],[47.417318,-24.131084],[47.461744,-24.055286],[47.454848,-24.038672],[47.473567,-24.045346],[47.59077,-23.787971],[47.620679,-23.599435],[47.592761,-23.610138],[47.601487,-23.587256],[47.585431,-23.574706],[47.589266,-23.551047],[47.598115,-23.567116],[47.609315,-23.550452],[47.609757,-23.598477],[47.627314,-23.588753],[47.63077,-23.538901],[47.653602,-23.456077],[47.697527,-23.35694],[47.687824,-23.343048],[47.709989,-23.328525],[47.737728,-23.236121],[47.756386,-23.119622],[47.823908,-22.901838],[47.838167,-22.824574],[47.829419,-22.813819],[47.855031,-22.751498],[47.864014,-22.636184],[47.892689,-22.484851],[47.958471,-22.290596],[48.106575,-21.947891],[48.061581,-21.926399],[48.098464,-21.909652],[48.080346,-21.926493],[48.103246,-21.935415],[48.129612,-21.897757],[48.195373,-21.734214],[48.247615,-21.569186],[48.231693,-21.573749],[48.233948,-21.556712],[48.248443,-21.538974],[48.26265,-21.537389],[48.227635,-21.640296],[48.308301,-21.411226],[48.348814,-21.233163],[48.442457,-20.993657],[48.416516,-21.011593],[48.412562,-20.988475],[48.42415,-20.97196],[48.440534,-20.971933],[48.471087,-20.851126],[48.462106,-20.864281],[48.462062,-20.86474],[48.461813,-20.864711],[48.460958,-20.865963],[48.44886,-20.862929],[48.476441,-20.841064],[48.500286,-20.711456],[48.550309,-20.539737],[48.646718,-20.293349],[48.635638,-20.279561],[48.638251,-20.278077],[48.637355,-20.277066],[48.642354,-20.275747],[48.651396,-20.270611],[48.681098,-20.195696],[48.731084,-20.11293],[48.697369,-20.182876],[48.730638,-20.125427],[48.773678,-20.029133],[48.778664,-20.000439],[48.790317,-19.988918],[48.823576,-19.911691],[48.812037,-19.901622],[48.81653,-19.834481],[48.867039,-19.616629],[48.838079,-19.638892],[48.844183,-19.622863],[48.859845,-19.61625],[48.93454,-19.447695],[48.926269,-19.444559],[48.955885,-19.39937],[48.985602,-19.327173],[48.985982,-19.285993],[49.004786,-19.209465],[49.077012,-19.02573],[49.101524,-18.98643],[49.078272,-18.943464],[49.048713,-18.928179],[49.048715,-18.871512],[49.053754,-18.849166],[49.059413,-18.838516],[49.059078,-18.83852],[49.05981,-18.837769],[49.071422,-18.815918],[48.99989,-18.780935],[49.076313,-18.816527],[49.051457,-18.883269],[49.051896,-18.925782],[49.077855,-18.939716],[49.104334,-18.974079],[49.223517,-18.653291],[49.298508,-18.474195],[49.338061,-18.408343],[49.344627,-18.330619],[49.365056,-18.276699],[49.370518,-18.225335],[49.386679,-18.189787],[49.412534,-18.164372],[49.427076,-18.165327],[49.428151,-18.150613],[49.401605,-18.106166],[49.407244,-18.066257],[49.429601,-17.975367],[49.520787,-17.695992],[49.520251,-17.674949],[49.506283,-17.673522],[49.49037,-17.64607],[49.48627,-17.600844],[49.476964,-17.596107],[49.483002,-17.535472],[49.466512,-17.523237],[49.466576,-17.500289],[49.476083,-17.482302],[49.459077,-17.473765],[49.447251,-17.44888],[49.453712,-17.414819],[49.410495,-17.369528],[49.432446,-17.280334],[49.519119,-17.092335],[49.531282,-17.036986],[49.570167,-16.978516],[49.59079,-16.928445],[49.586038,-16.915582],[49.631738,-16.885381],[49.666511,-16.875],[49.663934,-16.86789],[49.804998,-16.850379],[49.834301,-16.840417],[49.787452,-16.831931],[49.742366,-16.786837],[49.724605,-16.753271],[49.725579,-16.701357],[49.75,-16.691715],[49.764162,-16.69779],[49.775571,-16.663002],[49.799481,-16.636819],[49.807343,-16.598823],[49.839719,-16.562135],[49.840965,-16.508879],[49.865076,-16.453453],[49.829687,-16.425185],[49.831109,-16.38134],[49.819371,-16.367879],[49.8159,-16.331672],[49.841024,-16.277097],[49.841196,-16.244433],[49.852262,-16.246284],[49.859149,-16.2242],[49.828999,-16.181468],[49.793761,-16.161499],[49.753497,-16.163086],[49.724946,-16.146165],[49.697185,-16.104916],[49.695694,-16.07264],[49.684807,-16.069373],[49.673866,-16.04218],[49.68286,-15.997334],[49.682703,-15.997437],[49.682895,-15.997157],[49.731138,-15.906038],[49.713132,-15.894913],[49.703164,-15.871791],[49.703669,-15.844519],[49.688405,-15.824368],[49.688238,-15.803134],[49.661927,-15.728466],[49.636883,-15.694279],[49.651504,-15.667196],[49.645706,-15.608666],[49.622262,-15.605088],[49.616801,-15.551467],[49.676114,-15.472079],[49.722426,-15.445525],[49.758536,-15.450056],[49.790463,-15.440161],[49.851707,-15.441197],[49.859935,-15.414356],[49.864116,-15.425712],[49.887297,-15.431569],[49.903579,-15.450215],[49.892152,-15.471546],[49.905583,-15.50004],[49.892414,-15.529486],[49.890806,-15.560755],[49.922367,-15.593246],[49.923447,-15.60414],[49.966061,-15.629536],[49.955276,-15.67164],[49.962361,-15.709343],[49.954142,-15.737523],[50.01964,-15.787984],[50.010025,-15.823908],[50.024037,-15.885479],[50.07604,-15.916334],[50.079749,-15.926559],[50.111433,-15.939443],[50.134631,-15.939266],[50.14577,-15.949242],[50.145291,-15.968729],[50.160533,-15.989973],[50.22103,-15.98913],[50.233041,-15.977326],[50.223068,-15.948882],[50.253239,-15.925456],[50.245723,-15.91015],[50.270499,-15.88587],[50.282154,-15.888888],[50.296262,-15.875134],[50.293773,-15.851983],[50.311542,-15.828197],[50.333769,-15.824367],[50.319588,-15.806772],[50.32619,-15.776891],[50.395965,-15.610908],[50.421061,-15.567797],[50.438261,-15.477192],[50.462198,-15.455758],[50.453049,-15.43988],[50.45648,-15.416742],[50.468364,-15.401156],[50.460865,-15.381842],[50.482453,-15.332802],[50.472114,-15.282026],[50.486536,-15.266107],[50.462807,-15.239258],[50.470952,-15.210528],[50.435616,-15.188154],[50.43081,-15.145227],[50.366979,-15.07899],[50.335019,-15.032482],[50.315682,-14.949929],[50.302444,-14.947337],[50.293611,-14.915039],[50.263221,-14.870249],[50.252541,-14.804899],[50.224193,-14.762408],[50.225532,-14.712011],[50.208644,-14.639499],[50.193003,-14.620566],[50.182992,-14.584411],[50.18835,-14.516809],[50.176356,-14.469124],[50.20171,-14.302942],[50.14455,-14.238281],[50.154319,-14.150278],[50.096669,-14.162728],[50.050933,-14.206011],[50.089934,-14.163453],[50.155149,-14.142673],[50.165236,-14.052554],[50.147313,-14.035593],[50.1375,-14.006144],[50.139387,-13.79529],[50.127306,-13.753708],[50.11378,-13.747596],[50.084775,-13.679114],[50.07959,-13.614445],[50.060415,-13.607115],[50.055839,-13.556886],[50.031522,-13.530205],[50.021989,-13.505444],[50.023376,-13.46535],[50.007663,-13.429892],[50.022087,-13.392967],[50.022027,-13.371545],[50.010525,-13.35136],[49.986044,-13.367051],[49.975485,-13.35444],[49.974142,-13.32368],[49.973947,-13.326343],[49.9705,-13.323977],[49.974074,-13.322113],[49.972551,-13.287242],[49.955285,-13.26712],[49.940869,-13.225078],[49.919758,-13.20371],[49.93238,-13.089452],[49.922477,-13.061776],[49.929017,-13.045223],[49.906657,-13.029342],[49.888044,-13.001769],[49.877266,-12.96002],[49.84762,-12.957259],[49.834491,-12.924752],[49.86002,-12.910824],[49.841002,-12.884851],[49.82287,-12.896579],[49.800652,-12.88544],[49.78221,-12.848347],[49.77859,-12.825359],[49.786541,-12.808487],[49.762122,-12.794616],[49.752281,-12.768879],[49.730475,-12.777831],[49.718569,-12.770021],[49.726321,-12.753305],[49.711946,-12.738998],[49.695063,-12.741827],[49.684168,-12.775073],[49.688159,-12.785832],[49.670747,-12.795615],[49.676093,-12.81594],[49.648809,-12.797901],[49.665826,-12.776572],[49.639526,-12.707044],[49.601961,-12.660218],[49.587053,-12.663249],[49.556849,-12.649415],[49.543366,-12.6536],[49.561588,-12.575563],[49.545119,-12.546319],[49.5505,-12.533114],[49.541221,-12.494099],[49.54959,-12.487723],[49.559731,-12.523346],[49.555512,-12.54158],[49.585987,-12.54531],[49.563425,-12.439014],[49.552487,-12.42613],[49.547843,-12.443001],[49.559271,-12.456893],[49.530511,-12.446423],[49.539806,-12.466351],[49.518474,-12.469166],[49.5139,-12.457715],[49.521701,-12.433458],[49.507096,-12.423083],[49.491197,-12.43421],[49.475581,-12.425859],[49.503953,-12.400464],[49.527311,-12.431466],[49.537371,-12.392155],[49.523346,-12.370681],[49.481114,-12.355266],[49.440163,-12.381664],[49.43874,-12.355895],[49.426255,-12.33878],[49.414455,-12.341247],[49.41272,-12.309324],[49.396594,-12.292041],[49.392387,-12.255849],[49.38404,-12.242238],[49.356699,-12.229388],[49.338053,-12.254141],[49.356209,-12.284891],[49.348294,-12.30699],[49.329953,-12.314938],[49.30355,-12.309973],[49.314555,-12.286544],[49.309894,-12.274549],[49.287933,-12.268183],[49.269368,-12.299462],[49.234131,-12.301023],[49.216915,-12.32865],[49.212497,-12.313673],[49.192123,-12.297545],[49.206661,-12.277297],[49.207826,-12.254544],[49.217096,-12.250429],[49.250546,-12.294009],[49.270261,-12.271981],[49.282154,-12.241496],[49.257013,-12.242088],[49.243673,-12.232439],[49.217706,-12.238178],[49.215414,-12.228689],[49.239195,-12.206655],[49.237666,-12.189553],[49.222533,-12.18119],[49.248333,-12.148196],[49.273163,-12.192958],[49.290266,-12.190117],[49.298897,-12.207917],[49.297891,-12.175995],[49.313092,-12.16251],[49.329278,-12.169392],[49.365433,-12.213936],[49.352509,-12.156669],[49.341876,-12.146443],[49.342656,-12.121825],[49.35927,-12.107681],[49.343111,-12.08913],[49.338485,-12.063295],[49.318246,-12.060756],[49.327622,-12.050612],[49.314108,-12.037141],[49.304523,-11.990872],[49.274623,-11.956058],[49.24581,-11.951601],[49.205365,-11.990051],[49.230652,-11.999231],[49.217936,-12.023164],[49.199896,-11.995994],[49.188474,-12.008118],[49.211571,-12.021122],[49.195006,-12.032004],[49.183944,-12.012751],[49.177588,-12.037228],[49.163296,-12.041418],[49.184404,-12.050355],[49.191955,-12.040746],[49.193843,-12.068197],[49.211061,-12.082768],[49.216988,-12.115735],[49.199285,-12.099891],[49.169798,-12.091076],[49.171048,-12.07433],[49.152085,-12.060917],[49.137269,-12.078079],[49.110049,-12.083129],[49.08471,-12.109762],[49.116248,-12.114393],[49.142007,-12.102403],[49.162701,-12.123093],[49.15004,-12.131247],[49.160418,-12.140734],[49.173617,-12.125944],[49.194026,-12.145801],[49.184064,-12.173746],[49.173519,-12.161319],[49.158885,-12.177023],[49.144533,-12.218346],[49.156795,-12.228099],[49.144086,-12.268968],[49.120967,-12.268315],[49.114254,-12.252558],[49.08625,-12.266897],[49.09427,-12.287859],[49.079868,-12.317181],[49.05925,-12.314393],[49.059193,-12.293145],[49.034695,-12.313962],[49.018951,-12.309235],[49.016793,-12.331803],[48.996622,-12.327768],[48.971999,-12.342285],[48.953917,-12.375516],[48.964165,-12.381855],[48.938274,-12.491862],[48.912452,-12.494848],[48.906905,-12.508964],[48.862193,-12.447493],[48.862896,-12.431827],[48.850512,-12.415781],[48.783018,-12.41136],[48.762268,-12.392919],[48.740724,-12.405131],[48.74044,-12.431876],[48.719811,-12.446543],[48.762897,-12.46272],[48.762377,-12.441188],[48.774582,-12.445591],[48.773431,-12.478111],[48.782396,-12.497313],[48.802277,-12.500747],[48.82457,-12.537036],[48.820412,-12.56633],[48.83198,-12.571927],[48.864847,-12.546569],[48.885,-12.551953],[48.882326,-12.566762],[48.862533,-12.579935],[48.852754,-12.615135],[48.8644,-12.613924],[48.865154,-12.632529],[48.850594,-12.644176],[48.85471,-12.667675],[48.88535,-12.667899],[48.897668,-12.686404],[48.888072,-12.69558],[48.898336,-12.715037],[48.900446,-12.766112],[48.919107,-12.778741],[48.945238,-12.828872],[48.938795,-12.887671],[48.906808,-12.963421],[48.888076,-12.985001],[48.893793,-13.000945],[48.875793,-13.003358],[48.876863,-13.025511],[48.847804,-13.047844],[48.805764,-13.133523],[48.813943,-13.161749],[48.801781,-13.170915],[48.802797,-13.230471],[48.808043,-13.253919],[48.832717,-13.271132],[48.828225,-13.271601],[48.830285,-13.273227],[48.826535,-13.273533],[48.825657,-13.27187],[48.809209,-13.27359],[48.775068,-13.336789],[48.782239,-13.356421],[48.80925,-13.367938],[48.785607,-13.376768],[48.761585,-13.405564],[48.701254,-13.441782],[48.67672,-13.44618],[48.66579,-13.43975],[48.656808,-13.458897],[48.643673,-13.45042],[48.584061,-13.455315],[48.545408,-13.437917],[48.508513,-13.408878],[48.508621,-13.39251],[48.492208,-13.373909],[48.473843,-13.368725],[48.467941,-13.394751],[48.478259,-13.410225],[48.479307,-13.43669],[48.510556,-13.483371],[48.524974,-13.526457],[48.547987,-13.527565],[48.520003,-13.539317],[48.518594,-13.538733],[48.51866,-13.53898],[48.517642,-13.538653],[48.517655,-13.538344],[48.513802,-13.536749],[48.513994,-13.538389],[48.511043,-13.535606],[48.506236,-13.533615],[48.50125,-13.549624],[48.487011,-13.553489],[48.49777,-13.530477],[48.48144,-13.51636],[48.461503,-13.523337],[48.457247,-13.538173],[48.44686,-13.524043],[48.450344,-13.551793],[48.453582,-13.551013],[48.452732,-13.555895],[48.450785,-13.555303],[48.451012,-13.557106],[48.45268,-13.557225],[48.451265,-13.559128],[48.451839,-13.563695],[48.446433,-13.553978],[48.444154,-13.553284],[48.445823,-13.552882],[48.440212,-13.542796],[48.416157,-13.529131],[48.396408,-13.539174],[48.376369,-13.575192],[48.368794,-13.551753],[48.35232,-13.534174],[48.32741,-13.55064],[48.323149,-13.564657],[48.348414,-13.622399],[48.330864,-13.619807],[48.315295,-13.660828],[48.327776,-13.675088],[48.313603,-13.690746],[48.316889,-13.697808],[48.317616,-13.697396],[48.317335,-13.698767],[48.321115,-13.70689],[48.30969,-13.747104],[48.319032,-13.768617],[48.300306,-13.799349],[48.243765,-13.814719],[48.225462,-13.810037],[48.209922,-13.784151],[48.165277,-13.74937],[48.186325,-13.731418],[48.161675,-13.721926],[48.164839,-13.681678],[48.144775,-13.663805],[48.151999,-13.631316],[48.141831,-13.632695],[48.146823,-13.601445],[48.119737,-13.603443],[48.110613,-13.587637],[48.094986,-13.597444],[48.092908,-13.585484],[48.07043,-13.581863],[48.088759,-13.57502],[48.068397,-13.553727],[48.062063,-13.525261],[48.015026,-13.529127],[48.035389,-13.541181],[48.053866,-13.565527],[48.026413,-13.569097],[48.027743,-13.576363],[47.991657,-13.591048],[47.99482,-13.564245],[47.971007,-13.554306],[47.978407,-13.540624],[48.003088,-13.531325],[47.969409,-13.502825],[47.950028,-13.543667],[47.956846,-13.548995],[47.946063,-13.571399],[47.951693,-13.592576],[47.931969,-13.597852],[47.907241,-13.588517],[47.893948,-13.592109],[47.877929,-13.705224],[47.914942,-13.710187],[47.911199,-13.723654],[47.880907,-13.715822],[47.858204,-13.763966],[47.891946,-13.899142],[47.950154,-13.926982],[47.970852,-13.946273],[47.980348,-13.934643],[47.978302,-13.932047],[47.98357,-13.928332],[47.982063,-13.932542],[47.987085,-13.926391],[47.984035,-13.949654],[48.001896,-13.955241],[48.014941,-13.970953],[47.999721,-13.977998],[48.001578,-13.984218],[47.99794,-13.981482],[47.998745,-13.97845],[47.981867,-13.986263],[47.966384,-14.003337],[47.92339,-14.00252],[47.927725,-14.01753],[47.956884,-14.030975],[47.967009,-14.049107],[48.013149,-14.067103],[48.032211,-14.05254],[48.025236,-14.069034],[48.046561,-14.11557],[48.034217,-14.140087],[48.04242,-14.180049],[48.021984,-14.182485],[48.012493,-14.194661],[48.008085,-14.227798],[48.021366,-14.231432],[48.010216,-14.244542],[48.034936,-14.263839],[48.031626,-14.266905],[48.03379,-14.271964],[48.025061,-14.272987],[48.011539,-14.285514],[47.989674,-14.281487],[47.986182,-14.301769],[47.999578,-14.327412],[47.984205,-14.328872],[47.992333,-14.352261],[47.981859,-14.361189],[47.98088,-14.351857],[47.980227,-14.350182],[47.980688,-14.350032],[47.978675,-14.330843],[47.974879,-14.325845],[47.972178,-14.325386],[47.974036,-14.324734],[47.963231,-14.310506],[47.975809,-14.218958],[48.001726,-14.149023],[47.988564,-14.127139],[47.966984,-14.123145],[47.95505,-14.140789],[47.951507,-14.134794],[47.951874,-14.136684],[47.950603,-14.134515],[47.95126,-14.134376],[47.94679,-14.126813],[47.960911,-14.120155],[47.908645,-14.088119],[47.90018,-14.11621],[47.933575,-14.145201],[47.947108,-14.168082],[47.933976,-14.245766],[47.910828,-14.259487],[47.903202,-14.240556],[47.878555,-14.263084],[47.845173,-14.258062],[47.804069,-14.217397],[47.791211,-14.238281],[47.781312,-14.233696],[47.761864,-14.254044],[47.773941,-14.29847],[47.739708,-14.324795],[47.706904,-14.365633],[47.689255,-14.444932],[47.710404,-14.472708],[47.70293,-14.48433],[47.726308,-14.514088],[47.731208,-14.540301],[47.715768,-14.557719],[47.728041,-14.579851],[47.727307,-14.600942],[47.738129,-14.614617],[47.7774,-14.595407],[47.791313,-14.55866],[47.803764,-14.558525],[47.823141,-14.604512],[47.839919,-14.601363],[47.863095,-14.610222],[47.880001,-14.587747],[47.900283,-14.577875],[47.921453,-14.584871],[47.922935,-14.554979],[47.934002,-14.571334],[47.928978,-14.587662],[47.960321,-14.607663],[47.97666,-14.611094],[47.985359,-14.592475],[47.986852,-14.593776],[47.986839,-14.592913],[47.987573,-14.594405],[47.994198,-14.600181],[48.005788,-14.635541],[48.000312,-14.682856],[48.015793,-14.732523],[48.000565,-14.774118],[47.974677,-14.799521],[47.940156,-14.811848],[47.942132,-14.843912],[47.922396,-14.863601],[47.917092,-14.853401],[47.935552,-14.8415],[47.933151,-14.811031],[47.946917,-14.79774],[47.97494,-14.788864],[47.991084,-14.74372],[47.983599,-14.700949],[47.991812,-14.670992],[47.978435,-14.667006],[47.977526,-14.660745],[47.976201,-14.660175],[47.976495,-14.657389],[47.977129,-14.658005],[47.971883,-14.621865],[47.942492,-14.630656],[47.941097,-14.649377],[47.90637,-14.654627],[47.921696,-14.669491],[47.916676,-14.687896],[47.925823,-14.70373],[47.912313,-14.732731],[47.906741,-14.721954],[47.923448,-14.707902],[47.910527,-14.682649],[47.837117,-14.639367],[47.792841,-14.583868],[47.779707,-14.611476],[47.752545,-14.619137],[47.733142,-14.645503],[47.712532,-14.694987],[47.69153,-14.695072],[47.677816,-14.719447],[47.684623,-14.726507],[47.629044,-14.799076],[47.641353,-14.813071],[47.587119,-14.890991],[47.577229,-14.928374],[47.548819,-14.955375],[47.563427,-14.977501],[47.520482,-14.998202],[47.495846,-15.031665],[47.481969,-15.070158],[47.487597,-15.086091],[47.423931,-15.117188],[47.396304,-15.102687],[47.411404,-15.019127],[47.39886,-14.984257],[47.479763,-14.882782],[47.51542,-14.819188],[47.489485,-14.814407],[47.49764,-14.79693],[47.478855,-14.771101],[47.48318,-14.740684],[47.501013,-14.718369],[47.473356,-14.705416],[47.462986,-14.689291],[47.465747,-14.67319],[47.451267,-14.676936],[47.350377,-14.770077],[47.27976,-14.859786],[47.290476,-14.883232],[47.302341,-14.890275],[47.336927,-14.888853],[47.338423,-14.865046],[47.352632,-14.854037],[47.380808,-14.877104],[47.378073,-14.891098],[47.347096,-14.920386],[47.339733,-14.905999],[47.285119,-14.934436],[47.259573,-14.957639],[47.252385,-14.979809],[47.212715,-14.996676],[47.216447,-15.028406],[47.198649,-15.052041],[47.134113,-15.105046],[47.103599,-15.10788],[47.050432,-15.175099],[47.041801,-15.198204],[47.04336,-15.23288],[47.066608,-15.245357],[47.069337,-15.274796],[47.098359,-15.265571],[47.09083,-15.282532],[47.094837,-15.30084],[47.085205,-15.309709],[47.111668,-15.31207],[47.148253,-15.28619],[47.14042,-15.358451],[47.183691,-15.421099],[47.207189,-15.423762],[47.241229,-15.406409],[47.256981,-15.412311],[47.28508,-15.407717],[47.291519,-15.411663],[47.281198,-15.409281],[47.231055,-15.417357],[47.215953,-15.44529],[47.201299,-15.455944],[47.200983,-15.456434],[47.200628,-15.456432],[47.197229,-15.458903],[47.175716,-15.457462],[47.208201,-15.470793],[47.179343,-15.478207],[47.144123,-15.45788],[47.102368,-15.449528],[47.088235,-15.46875],[47.088067,-15.492841],[47.088449,-15.493294],[47.088054,-15.494577],[47.087915,-15.514588],[47.078772,-15.496059],[47.055535,-15.488201],[47.055285,-15.5363],[47.038483,-15.562325],[46.991357,-15.490486],[46.972116,-15.510206],[46.943729,-15.591657],[46.882447,-15.607808],[46.916602,-15.573782],[46.933255,-15.567372],[46.947444,-15.547143],[46.95033,-15.51126],[46.988245,-15.425802],[47.031822,-15.387422],[47.071153,-15.335132],[47.050478,-15.334521],[47.047006,-15.317973],[46.969056,-15.287903],[46.95791,-15.246649],[46.966222,-15.229042],[46.957314,-15.200616],[46.943856,-15.198691],[46.868097,-15.23135],[46.631062,-15.411065],[46.675347,-15.401646],[46.673916,-15.430223],[46.656714,-15.428839],[46.661322,-15.407558],[46.564643,-15.460767],[46.47681,-15.530536],[46.46135,-15.518747],[46.437677,-15.553772],[46.35283,-15.625062],[46.325315,-15.663374],[46.29836,-15.716768],[46.303863,-15.728701],[46.364557,-15.727639],[46.336189,-15.786399],[46.317984,-15.802806],[46.30015,-15.806101],[46.313991,-15.837227],[46.35985,-15.834462],[46.377098,-15.84096],[46.4605,-15.916957],[46.476652,-15.92144],[46.509164,-15.955766],[46.517782,-15.977613],[46.603224,-16.012897],[46.6282,-16.030315],[46.638405,-16.035797],[46.638192,-16.037283],[46.642239,-16.040105],[46.639902,-16.053978],[46.621244,-16.079693],[46.616206,-16.10041],[46.611615,-16.10196],[46.60788,-16.110862],[46.610921,-16.134045],[46.588836,-16.147548],[46.550392,-16.214372],[46.548068,-16.247018],[46.571488,-16.293272],[46.552477,-16.308905],[46.556572,-16.33024],[46.579256,-16.358839],[46.574281,-16.375681],[46.530946,-16.385202],[46.5354,-16.419539],[46.56947,-16.424873],[46.603285,-16.409624],[46.60648,-16.407301],[46.609231,-16.406943],[46.628192,-16.398393],[46.650374,-16.398939],[46.653971,-16.409106],[46.654074,-16.409143],[46.653985,-16.409146],[46.662558,-16.433382],[46.678287,-16.439693],[46.683443,-16.437138],[46.684675,-16.435585],[46.685583,-16.436078],[46.697036,-16.430404],[46.711526,-16.478746],[46.690694,-16.500689],[46.692793,-16.512174],[46.6866,-16.505742],[46.706313,-16.471593],[46.702364,-16.452323],[46.677482,-16.448324],[46.654388,-16.43592],[46.639586,-16.416325],[46.603546,-16.411802],[46.581405,-16.429304],[46.562532,-16.42885],[46.562532,-16.428851],[46.562524,-16.42885],[46.541791,-16.428352],[46.52256,-16.413642],[46.518234,-16.397859],[46.536054,-16.37605],[46.561058,-16.369392],[46.570424,-16.35098],[46.550839,-16.330884],[46.54866,-16.32416],[46.548456,-16.324657],[46.545577,-16.317775],[46.547074,-16.319264],[46.545939,-16.315764],[46.54579,-16.315698],[46.545874,-16.315562],[46.544582,-16.311576],[46.563645,-16.281604],[46.54371,-16.254603],[46.542378,-16.206905],[46.547396,-16.181483],[46.574198,-16.151017],[46.60306,-16.133455],[46.608521,-16.120098],[46.571544,-16.055873],[46.537441,-16.061075],[46.469157,-16.045452],[46.421679,-16.028626],[46.392225,-16.029512],[46.372984,-16.020093],[46.360796,-16.015759],[46.361928,-16.014681],[46.334773,-16.001388],[46.275191,-15.905213],[46.25912,-15.855402],[46.235077,-15.827559],[46.234096,-15.777624],[46.245482,-15.764091],[46.242308,-15.737967],[46.230524,-15.716304],[46.18995,-15.706005],[46.091115,-15.719617],[46.006312,-15.806829],[46.003388,-15.820313],[46.033024,-15.818737],[46.054253,-15.796875],[46.071246,-15.788735],[46.073675,-15.786247],[46.073018,-15.787886],[46.092171,-15.778711],[46.082959,-15.786045],[46.082083,-15.789021],[46.078597,-15.789518],[46.064383,-15.800833],[46.064377,-15.803218],[46.064382,-15.803213],[46.064377,-15.803232],[46.064352,-15.812593],[46.104043,-15.817031],[46.062414,-15.817552],[46.03451,-15.836937],[46.065423,-15.856459],[46.067866,-15.856792],[46.068587,-15.858456],[46.077612,-15.864155],[46.071385,-15.864914],[46.071573,-15.865347],[46.070835,-15.864981],[46.045364,-15.868086],[46.028278,-15.848524],[46.007067,-15.845719],[45.968852,-15.861511],[45.951789,-15.825821],[45.963154,-15.787717],[45.88456,-15.763841],[45.830966,-15.78298],[45.817533,-15.799565],[45.812997,-15.825517],[45.811896,-15.824538],[45.811107,-15.834436],[45.799661,-15.84477],[45.791691,-15.855169],[45.789214,-15.854201],[45.785081,-15.857931],[45.776802,-15.84935],[45.772772,-15.847775],[45.773307,-15.845727],[45.771612,-15.84397],[45.776188,-15.829651],[45.767032,-15.807478],[45.729149,-15.793582],[45.707365,-15.794165],[45.669215,-15.773132],[45.674973,-15.787986],[45.655455,-15.799318],[45.650748,-15.815431],[45.626336,-15.834157],[45.630618,-15.830959],[45.625787,-15.836826],[45.622246,-15.837294],[45.611204,-15.845765],[45.61847,-15.87932],[45.633148,-15.891019],[45.633361,-15.917161],[45.620664,-15.924209],[45.62017,-15.95741],[45.629402,-15.967467],[45.605227,-15.963547],[45.602471,-15.995396],[45.594581,-16.01158],[45.617776,-16.037576],[45.602445,-16.032735],[45.601767,-16.041153],[45.602615,-16.042992],[45.601629,-16.042868],[45.60129,-16.047075],[45.584944,-16.063695],[45.592734,-16.033289],[45.582229,-16.023267],[45.576166,-16.042405],[45.549924,-16.049031],[45.526756,-16.068994],[45.57953,-16.000987],[45.559491,-15.956615],[45.541683,-15.951812],[45.416828,-15.986806],[45.349148,-15.984939],[45.372298,-16.027187],[45.389059,-16.012464],[45.414238,-16.029745],[45.386613,-16.052328],[45.381811,-16.070555],[45.336039,-16.081194],[45.326254,-16.104323],[45.341955,-16.099681],[45.350323,-16.104369],[45.351563,-16.104074],[45.351796,-16.105195],[45.361975,-16.110898],[45.35296,-16.110785],[45.353997,-16.115764],[45.344486,-16.110679],[45.320855,-16.110382],[45.294488,-16.127692],[45.293699,-16.140532],[45.266871,-16.106468],[45.281685,-16.084267],[45.275944,-16.064264],[45.292037,-16.052353],[45.292594,-16.036149],[45.273905,-16.018694],[45.263412,-15.969169],[45.267645,-15.93659],[45.249603,-15.936692],[45.205804,-15.953946],[45.16956,-15.987906],[45.143238,-16.000057],[45.135895,-16.017692],[45.118847,-16.017696],[45.022631,-16.118343],[44.97316,-16.1556],[44.949563,-16.161478],[44.947927,-16.172683],[44.991702,-16.185576],[44.986684,-16.188987],[44.988363,-16.188888],[44.987355,-16.189708],[44.98591,-16.189513],[44.982821,-16.191612],[44.925458,-16.180899],[44.876227,-16.193499],[44.880731,-16.211279],[44.865275,-16.213068],[44.838165,-16.251256],[44.819918,-16.260553],[44.813551,-16.244525],[44.768556,-16.22936],[44.741943,-16.242734],[44.755044,-16.218377],[44.739891,-16.207735],[44.777992,-16.208801],[44.76393,-16.203125],[44.680229,-16.206769],[44.677111,-16.200026],[44.639767,-16.202439],[44.606135,-16.192475],[44.505632,-16.183903],[44.518319,-16.202008],[44.519037,-16.201415],[44.52014,-16.202368],[44.518822,-16.202726],[44.52778,-16.21551],[44.483496,-16.184784],[44.449534,-16.187809],[44.441218,-16.199344],[44.448081,-16.243449],[44.439313,-16.233679],[44.437279,-16.268093],[44.427187,-16.295149],[44.408736,-16.31543],[44.407084,-16.347656],[44.447174,-16.439863],[44.444043,-16.45073],[44.459034,-16.465021],[44.470735,-16.500463],[44.465876,-16.549271],[44.431155,-16.568445],[44.422791,-16.587564],[44.439739,-16.66049],[44.425686,-16.713111],[44.411106,-16.719071],[44.385299,-16.748796],[44.376329,-16.772204],[44.35922,-16.785904],[44.360623,-16.804698],[44.346498,-16.796823],[44.334709,-16.829772],[44.292782,-16.883138],[44.242504,-16.972605],[44.206617,-17.045726],[44.19813,-17.042785],[44.18131,-17.072126],[44.159764,-17.089568],[44.16267,-17.113636],[44.14495,-17.100464],[44.099571,-17.165158],[44.117756,-17.177085],[44.104268,-17.183171],[44.088585,-17.243524],[44.066994,-17.254572],[44.017856,-17.334603],[44.017248,-17.357038],[44.005723,-17.339631],[43.984272,-17.386037],[43.992885,-17.396646],[43.972513,-17.402344],[43.929535,-17.509055],[43.931469,-17.555616],[43.957015,-17.671923],[43.976591,-17.682797],[43.956717,-17.697644],[43.980514,-17.703074],[43.956174,-17.712737],[43.978806,-17.721811],[43.999517,-17.701364],[44.017324,-17.69575],[44.049622,-17.70311],[44.08712,-17.726216],[44.083615,-17.730117],[44.039183,-17.70355],[44.010512,-17.701481],[43.990197,-17.719802],[43.991882,-17.732717],[44.038903,-17.767796],[44.028839,-17.776572],[44.036646,-17.806898],[44.032043,-17.860047],[44.017833,-17.867211],[44.010992,-17.929688],[44.012427,-18.037511],[44.026401,-18.113421],[44.017952,-18.111238],[44.032156,-18.153432],[44.048871,-18.267482],[44.049068,-18.335489],[44.039155,-18.356637],[44.039802,-18.374175],[44.040753,-18.372612],[44.041644,-18.38496],[44.040144,-18.383422],[44.040717,-18.39897],[44.078693,-18.46446],[44.11259,-18.495979],[44.162887,-18.581798],[44.156849,-18.597157],[44.203064,-18.682933],[44.218321,-18.684425],[44.231804,-18.711635],[44.25921,-18.722875],[44.23199,-18.719824],[44.213673,-18.694391],[44.250127,-18.792626],[44.260926,-18.853566],[44.239413,-18.872654],[44.253494,-18.908907],[44.245052,-18.922873],[44.246719,-18.95563],[44.259755,-18.961663],[44.235716,-18.967255],[44.242452,-19.019397],[44.236985,-19.018118],[44.243516,-19.068228],[44.263558,-19.09818],[44.251321,-19.106152],[44.263568,-19.137118],[44.272981,-19.129328],[44.273142,-19.166163],[44.308582,-19.159117],[44.282469,-19.174298],[44.331316,-19.235205],[44.343531,-19.227311],[44.336961,-19.250349],[44.350907,-19.272425],[44.354488,-19.297796],[44.375257,-19.295381],[44.356293,-19.31153],[44.398768,-19.343429],[44.418486,-19.342539],[44.415103,-19.356485],[44.450406,-19.405555],[44.465653,-19.451372],[44.459234,-19.499045],[44.472624,-19.535077],[44.468311,-19.559539],[44.47859,-19.596926],[44.476741,-19.601323],[44.476793,-19.601399],[44.476568,-19.601732],[44.468699,-19.620445],[44.47011,-19.623286],[44.494851,-19.631557],[44.493822,-19.640634],[44.498973,-19.652099],[44.505749,-19.659338],[44.501387,-19.677557],[44.518899,-19.6875],[44.534225,-19.713811],[44.621022,-19.702446],[44.662827,-19.723077],[44.66451,-19.723268],[44.664564,-19.723935],[44.679193,-19.731155],[44.705055,-19.6875],[44.720766,-19.6875],[44.700995,-19.713897],[44.67645,-19.733788],[44.634073,-19.709293],[44.586947,-19.708849],[44.535131,-19.720395],[44.523694,-19.714231],[44.507635,-19.6875],[44.504491,-19.686755],[44.504321,-19.6875],[44.501088,-19.686003],[44.501232,-19.685982],[44.48525,-19.682194],[44.482344,-19.682737],[44.480152,-19.680985],[44.473836,-19.679488],[44.462114,-19.686054],[44.449046,-19.643767],[44.397792,-19.64017],[44.416904,-19.651595],[44.427675,-19.6875],[44.413592,-19.666524],[44.411373,-19.696835],[44.420766,-19.722849],[44.414631,-19.743546],[44.414763,-19.743777],[44.414567,-19.74376],[44.408782,-19.763278],[44.407561,-19.762914],[44.407565,-19.762951],[44.407498,-19.762896],[44.401287,-19.761045],[44.398877,-19.729734],[44.391276,-19.780918],[44.409703,-19.80568],[44.428817,-19.805877],[44.417633,-19.817025],[44.418665,-19.819638],[44.414155,-19.820492],[44.411902,-19.822738],[44.41014,-19.840039],[44.426549,-19.847052],[44.44175,-19.832274],[44.473388,-19.824256],[44.458583,-19.863756],[44.475675,-19.876504],[44.467091,-19.88462],[44.487556,-19.952612],[44.483694,-19.976625],[44.491465,-19.981382],[44.471306,-20.006869],[44.470065,-20.005881],[44.46997,-20.008054],[44.467808,-20.004927],[44.469576,-20.005493],[44.466427,-20.002988],[44.464417,-20.004925],[44.465491,-20.002244],[44.458911,-19.99701],[44.446779,-20.050944],[44.410071,-20.096128],[44.408116,-20.108666],[44.407688,-20.108876],[44.407869,-20.109493],[44.407409,-20.109014],[44.384398,-20.120331],[44.373125,-20.144304],[44.373132,-20.144511],[44.372858,-20.144872],[44.364178,-20.163333],[44.300279,-20.241835],[44.291088,-20.274327],[44.271623,-20.29032],[44.258567,-20.321549],[44.244257,-20.38092],[44.223647,-20.399839],[44.225917,-20.400556],[44.222885,-20.407586],[44.22193,-20.401415],[44.182702,-20.437423],[44.168627,-20.440695],[44.148458,-20.466936],[44.157465,-20.481518],[44.20338,-20.479648],[44.257777,-20.527336],[44.312215,-20.541882],[44.328839,-20.557937],[44.338802,-20.582172],[44.366074,-20.614921],[44.378241,-20.640732],[44.39549,-20.650833],[44.400876,-20.667791],[44.431543,-20.693362],[44.448239,-20.722738],[44.472793,-20.74345],[44.532143,-20.758936],[44.55231,-20.77809],[44.558339,-20.809865],[44.573031,-20.825497],[44.602302,-20.829013],[44.625575,-20.852488],[44.664436,-20.847625],[44.692073,-20.869992],[44.676585,-20.871849],[44.664199,-20.854308],[44.635471,-20.858066],[44.635251,-20.858931],[44.633187,-20.858365],[44.627123,-20.859159],[44.609491,-20.837271],[44.560135,-20.824607],[44.545287,-20.78173],[44.448129,-20.738673],[44.425676,-20.706772],[44.396525,-20.685927],[44.388492,-20.657267],[44.37692,-20.652255],[44.359814,-20.624458],[44.358476,-20.622947],[44.358836,-20.622869],[44.350292,-20.608984],[44.338461,-20.600324],[44.322522,-20.574518],[44.322478,-20.574891],[44.322034,-20.573728],[44.307998,-20.551004],[44.244176,-20.525491],[44.188046,-20.482452],[44.113893,-20.486729],[44.103648,-20.539184],[44.089736,-20.565667],[44.086504,-20.605864],[44.070289,-20.635732],[44.053539,-20.698533],[43.996272,-20.733122],[43.993103,-20.751689],[44.031721,-20.756395],[43.993771,-20.76479],[43.980349,-20.746694],[43.968856,-20.757043],[43.971248,-20.776513],[43.959382,-20.776968],[43.942831,-20.80497],[43.944014,-20.782016],[43.902856,-20.855863],[43.870808,-20.951939],[43.873619,-20.990791],[43.846627,-21.108398],[43.806529,-21.214349],[43.784479,-21.245954],[43.713935,-21.288942],[43.702695,-21.267386],[43.690197,-21.275293],[43.639753,-21.273201],[43.601944,-21.28274],[43.596825,-21.27069],[43.522289,-21.314086],[43.510628,-21.305609],[43.509571,-21.332112],[43.506742,-21.322371],[43.504539,-21.322938],[43.503574,-21.314072],[43.50515,-21.316891],[43.502147,-21.306553],[43.494537,-21.341411],[43.471915,-21.394002],[43.469759,-21.44301],[43.492926,-21.440902],[43.513328,-21.448897],[43.561425,-21.435029],[43.584442,-21.442429],[43.613766,-21.489992],[43.643023,-21.494183],[43.657774,-21.511518],[43.696701,-21.53125],[43.712586,-21.548842],[43.713218,-21.549154],[43.713162,-21.54948],[43.716343,-21.553002],[43.716423,-21.553032],[43.716436,-21.553105],[43.739601,-21.578759],[43.749389,-21.600359],[43.766178,-21.615695],[43.755903,-21.643004],[43.76122,-21.688643],[43.785512,-21.714412],[43.814826,-21.729065],[43.825169,-21.753443],[43.858575,-21.777215],[43.874553,-21.805681],[43.887048,-21.865486],[43.997419,-21.906175],[44.043165,-21.892231],[44.057174,-21.877992],[44.06866,-21.840123],[44.111292,-21.830807],[44.161415,-21.802903],[44.213483,-21.808623],[44.229941,-21.820073],[44.237283,-21.845503],[44.251511,-21.858646],[44.279007,-21.815042],[44.309684,-21.831566],[44.311053,-21.853],[44.321468,-21.857511],[44.334228,-21.8416],[44.357849,-21.833579],[44.377481,-21.840804],[44.437484,-21.833962],[44.507705,-21.794854],[44.564789,-21.795004],[44.598492,-21.754026],[44.622447,-21.743272],[44.711169,-21.748269],[44.772554,-21.729218],[44.797734,-21.731289],[44.797515,-21.730443],[44.800328,-21.731197],[44.799561,-21.73144],[44.817931,-21.73295],[44.83612,-21.732031],[44.836445,-21.730912],[44.838717,-21.731732],[44.838212,-21.731926],[44.862739,-21.730686],[45.003443,-21.673021],[45.036451,-21.679911],[45.103106,-21.659304],[45.115237,-21.660182],[45.117538,-21.659319],[45.116672,-21.660286],[45.132972,-21.661466],[45.182678,-21.698178],[45.21448,-21.682646],[45.243619,-21.683401],[45.258278,-21.668572],[45.301359,-21.669479],[45.319565,-21.638008],[45.335736,-21.624532],[45.354406,-21.624385],[45.362757,-21.604148],[45.392656,-21.587609],[45.394526,-21.571902],[45.394245,-21.572357],[45.393996,-21.570694],[45.39471,-21.570354],[45.396792,-21.55287],[45.418929,-21.523871],[45.418585,-21.523772],[45.419136,-21.523599],[45.443489,-21.491698],[45.46408,-21.487434],[45.468119,-21.445285],[45.466313,-21.443705],[45.468157,-21.440976],[45.468151,-21.444954],[45.469355,-21.432389],[45.487328,-21.432226],[45.468403,-21.44884],[45.468064,-21.484565],[45.422673,-21.548181],[45.431953,-21.561637],[45.407333,-21.55711],[45.399184,-21.58962],[45.369181,-21.613078],[45.370556,-21.613806],[45.365838,-21.616071],[45.366163,-21.615438],[45.36375,-21.617325],[45.363743,-21.61766],[45.363478,-21.617537],[45.361888,-21.61878],[45.359335,-21.624812],[45.360108,-21.624414],[45.359052,-21.625482],[45.354248,-21.636831],[45.327181,-21.657698],[45.326589,-21.658296],[45.326581,-21.65816],[45.302295,-21.676883],[45.267927,-21.67567],[45.24715,-21.685949],[45.246421,-21.687047],[45.245993,-21.686521],[45.239501,-21.689733],[45.222598,-21.686638],[45.19434,-21.704777],[45.173944,-21.705236],[45.149675,-21.686319],[45.133083,-21.709769],[45.138238,-21.733815],[45.138369,-21.733496],[45.139349,-21.737197],[45.139004,-21.737388],[45.142213,-21.75236],[45.132748,-21.766484],[45.142285,-21.792386],[45.121486,-21.83238],[45.089662,-21.848244],[45.077313,-21.887106],[45.092469,-21.917742],[45.081858,-21.959672],[45.084778,-21.973534],[45.085727,-21.971652],[45.08635,-21.974187],[45.084931,-21.974258],[45.093017,-22.012645],[45.081033,-21.978185],[45.079422,-21.947349],[45.08827,-21.924234],[45.072503,-21.883915],[45.08248,-21.850635],[45.118658,-21.832487],[45.136622,-21.786505],[45.126746,-21.775664],[45.135065,-21.750394],[45.128312,-21.717011],[45.137465,-21.675957],[45.097625,-21.675944],[45.052163,-21.690941],[45.020296,-21.692214],[44.994377,-21.679633],[44.948536,-21.708659],[44.929339,-21.70975],[44.88298,-21.730414],[44.803816,-21.743209],[44.787115,-21.739255],[44.724609,-21.759848],[44.689289,-21.749412],[44.610523,-21.752265],[44.565876,-21.796875],[44.508833,-21.804377],[44.44189,-21.836786],[44.39197,-21.844873],[44.338781,-21.842672],[44.316332,-21.865662],[44.2995,-21.832641],[44.275872,-21.824191],[44.269151,-21.852347],[44.255526,-21.862415],[44.237736,-21.852026],[44.227692,-21.823222],[44.211121,-21.810628],[44.162633,-21.80685],[44.138067,-21.821403],[44.122028,-21.843354],[44.102315,-21.839595],[44.067856,-21.862774],[44.066192,-21.882595],[44.099533,-21.886708],[44.117873,-21.897854],[44.067045,-21.88723],[44.050025,-21.902613],[44.008999,-21.916603],[43.960585,-21.909781],[43.935022,-21.889496],[43.909129,-21.887828],[43.879854,-21.869398],[43.870566,-21.835192],[43.837221,-21.780321],[43.794868,-21.732172],[43.767999,-21.728129],[43.753813,-21.709382],[43.74184,-21.665842],[43.742751,-21.646639],[43.725024,-21.621094],[43.725365,-21.616279],[43.723136,-21.602587],[43.70109,-21.582962],[43.686993,-21.543359],[43.663018,-21.536326],[43.644181,-21.511674],[43.611788,-21.499644],[43.573125,-21.452328],[43.487369,-21.455574],[43.448122,-21.448491],[43.459639,-21.489458],[43.4685,-21.482854],[43.4598,-21.512113],[43.472067,-21.595564],[43.460992,-21.650872],[43.429887,-21.653713],[43.427,-21.669508],[43.391335,-21.720314],[43.348063,-21.749867],[43.331509,-21.805391],[43.327856,-21.870441],[43.3423,-21.884342],[43.342516,-21.903216],[43.334054,-21.907013],[43.331922,-21.911466],[43.331678,-21.90808],[43.317937,-21.914245],[43.313504,-21.944155],[43.312427,-21.881062],[43.304412,-21.86205],[43.276474,-21.905575],[43.28628,-21.934919],[43.275483,-21.963257],[43.262383,-21.954408],[43.25637,-21.970124],[43.263781,-21.986124],[43.259616,-22.007391],[43.244041,-22.034739],[43.239699,-22.068889],[43.248481,-22.08193],[43.235963,-22.099701],[43.244216,-22.115185],[43.232299,-22.145839],[43.264142,-22.192478],[43.287489,-22.160546],[43.299548,-22.169024],[43.297163,-22.198049],[43.310883,-22.201832],[43.309853,-22.230777],[43.290423,-22.249238],[43.289076,-22.226206],[43.236677,-22.223321],[43.232032,-22.246973],[43.219885,-22.251169],[43.23947,-22.291411],[43.227915,-22.304824],[43.228169,-22.326144],[43.260794,-22.371461],[43.269355,-22.450925],[43.275687,-22.479183],[43.28779,-22.492063],[43.283586,-22.554381],[43.291494,-22.594684],[43.33901,-22.710582],[43.370513,-22.845745],[43.436862,-22.919558],[43.449612,-22.951032],[43.463647,-22.964281],[43.472318,-22.960243],[43.466896,-22.976213],[43.478831,-22.978753],[43.485153,-23.004121],[43.512938,-23.009536],[43.590902,-23.065416],[43.610662,-23.105078],[43.605203,-23.133561],[43.623647,-23.248472],[43.612921,-23.256645],[43.623795,-23.295338],[43.618724,-23.309471],[43.633368,-23.333377],[43.641495,-23.324368],[43.642221,-23.357684],[43.66414,-23.354839],[43.695972,-23.39596],[43.709473,-23.394706],[43.727847,-23.427135],[43.740373,-23.429059],[43.766879,-23.461903],[43.742898,-23.554688],[43.802902,-23.557704],[43.841197,-23.537639],[43.854795,-23.515064],[43.853131,-23.492301],[43.851851,-23.489453],[43.852977,-23.490184],[43.852492,-23.483556],[43.852449,-23.483433],[43.852486,-23.483471],[43.85171,-23.47285],[43.867728,-23.450933],[43.886203,-23.447295],[43.910838,-23.45556],[43.945313,-23.450893],[43.978951,-23.501302],[44.061367,-23.488433],[44.076979,-23.503709],[44.079334,-23.525446],[44.094047,-23.534139],[44.130507,-23.520509],[44.139664,-23.522527]],[[44.146425,-23.524018],[44.139664,-23.522527],[44.142987,-23.520999],[44.146425,-23.524018]],[[44.151682,-23.528633],[44.146425,-23.524018],[44.153725,-23.525627],[44.15196,-23.5481],[44.212332,-23.540444],[44.223084,-23.568607],[44.252648,-23.570166],[44.28878,-23.527519],[44.327988,-23.535191],[44.328531,-23.554688],[44.346177,-23.560091],[44.368975,-23.530445],[44.421823,-23.529069],[44.442613,-23.519614],[44.472849,-23.534257],[44.497835,-23.516753],[44.525728,-23.514315],[44.551667,-23.52392],[44.56563,-23.541103],[44.582473,-23.54269],[44.588133,-23.577989],[44.597937,-23.586609],[44.630399,-23.590329],[44.647487,-23.581404],[44.664092,-23.562249],[44.664757,-23.560848],[44.665507,-23.560616],[44.684826,-23.538329],[44.745677,-23.5351],[44.819535,-23.5621],[44.840784,-23.515562],[44.854869,-23.503196],[44.892642,-23.502284],[44.89646,-23.518215],[44.892215,-23.51655],[44.891474,-23.504731],[44.856192,-23.505692],[44.819308,-23.567323],[44.785493,-23.563956],[44.736359,-23.545457],[44.719073,-23.551526],[44.714487,-23.565201],[44.659547,-23.577567],[44.635547,-23.601089],[44.62009,-23.607558],[44.61724,-23.609174],[44.616979,-23.60886],[44.615386,-23.609527],[44.588663,-23.590084],[44.579766,-23.543945],[44.562827,-23.542051],[44.540881,-23.521239],[44.520642,-23.516826],[44.49398,-23.530214],[44.49273,-23.53133],[44.492179,-23.531118],[44.465891,-23.544318],[44.447946,-23.542292],[44.432712,-23.561279],[44.405375,-23.569796],[44.376398,-23.564126],[44.376286,-23.56459],[44.371365,-23.563295],[44.372014,-23.563268],[44.355191,-23.559976],[44.342072,-23.566953],[44.319478,-23.556821],[44.326362,-23.541991],[44.304821,-23.532004],[44.278883,-23.548956],[44.273077,-23.568008],[44.254482,-23.579175],[44.220828,-23.573401],[44.209207,-23.543373],[44.161881,-23.554932],[44.146628,-23.551083],[44.151682,-23.528633]],[[44.89652,-23.518465],[44.89646,-23.518215],[44.898809,-23.519136],[44.89652,-23.518465]],[[44.931314,-23.531883],[44.898809,-23.519136],[44.963632,-23.538142],[45.060579,-23.538422],[45.097505,-23.495674],[45.089717,-23.480155],[45.089893,-23.4548],[45.088896,-23.45428],[45.089899,-23.453919],[45.089969,-23.443821],[45.104213,-23.437817],[45.091236,-23.480292],[45.098835,-23.495283],[45.068783,-23.539033],[44.9654,-23.539798],[44.931314,-23.531883]],[[43.650879,-23.313965],[43.641495,-23.324368],[43.641447,-23.322179],[43.650879,-23.313965]],[[43.668892,-23.298279],[43.650879,-23.313965],[43.665632,-23.297611],[43.689185,-23.294833],[43.690208,-23.293735],[43.691668,-23.29454],[43.716555,-23.291604],[43.754135,-23.296827],[43.781836,-23.278431],[43.807831,-23.287607],[43.826488,-23.280219],[43.842426,-23.251341],[43.837584,-23.278824],[43.820192,-23.291441],[43.777603,-23.286857],[43.766819,-23.297956],[43.737963,-23.303305],[43.710489,-23.294117],[43.668892,-23.298279]],[[43.477046,-22.95804],[43.472318,-22.960243],[43.472451,-22.959851],[43.477046,-22.95804]],[[43.491984,-22.952154],[43.477046,-22.95804],[43.516883,-22.939485],[43.54545,-22.945396],[43.515605,-22.942846],[43.493212,-22.95167],[43.492244,-22.952662],[43.491026,-22.952753],[43.491984,-22.952154]],[[43.551168,-22.946579],[43.54545,-22.945396],[43.551831,-22.945941],[43.551168,-22.946579]],[[43.56031,-22.946665],[43.551831,-22.945941],[43.56307,-22.93514],[43.561494,-22.917188],[43.573649,-22.897144],[43.572953,-22.929389],[43.56031,-22.946665]],[[44.123298,-21.901151],[44.117873,-21.897854],[44.120304,-21.898363],[44.123298,-21.901151]],[[44.144863,-21.921237],[44.123298,-21.901151],[44.144819,-21.914231],[44.144863,-21.921237]],[[44.144931,-21.932095],[44.144863,-21.921237],[44.150475,-21.926464],[44.144931,-21.932095]],[[44.139168,-21.937949],[44.144931,-21.932095],[44.145287,-21.988799],[44.139168,-21.937949]],[[44.088575,-17.727113],[44.08712,-17.726216],[44.091114,-17.721771],[44.088575,-17.727113]],[[44.103019,-17.708522],[44.091114,-17.721771],[44.099686,-17.703739],[44.142993,-17.700302],[44.103019,-17.708522]],[[46.693276,-16.514817],[46.692793,-16.512174],[46.696055,-16.515563],[46.693276,-16.514817]],[[46.705612,-16.52549],[46.696055,-16.515563],[46.704891,-16.517932],[46.704985,-16.517476],[46.705212,-16.518019],[46.71047,-16.519429],[46.701699,-16.541697],[46.704906,-16.599882],[46.716394,-16.611857],[46.757813,-16.623047],[46.75766,-16.642306],[46.745793,-16.626038],[46.725527,-16.625607],[46.725639,-16.625721],[46.725063,-16.625598],[46.721342,-16.625518],[46.697528,-16.60571],[46.686879,-16.578748],[46.689038,-16.553385],[46.705612,-16.52549]],[[47.30438,-15.419546],[47.291519,-15.411663],[47.299624,-15.413534],[47.30438,-15.419546]],[[47.312314,-15.429574],[47.30438,-15.419546],[47.330701,-15.435678],[47.319961,-15.432113],[47.319996,-15.432156],[47.319867,-15.432082],[47.312314,-15.429574]],[[47.331059,-15.435897],[47.330701,-15.435678],[47.331685,-15.436004],[47.331059,-15.435897]],[[47.340174,-15.438822],[47.331685,-15.436004],[47.381283,-15.444491],[47.371402,-15.449188],[47.340218,-15.438837],[47.337666,-15.439924],[47.335425,-15.43873],[47.340174,-15.438822]],[[47.382576,-15.444712],[47.381283,-15.444491],[47.386536,-15.441994],[47.382576,-15.444712]],[[47.397099,-15.436972],[47.386536,-15.441994],[47.397281,-15.434616],[47.407256,-15.435398],[47.410849,-15.434864],[47.411045,-15.435695],[47.420317,-15.436422],[47.43834,-15.45077],[47.485912,-15.435971],[47.446378,-15.454061],[47.446688,-15.454199],[47.44615,-15.454165],[47.443112,-15.455555],[47.418864,-15.438471],[47.397099,-15.436972]],[[49.681239,-15.998395],[49.682703,-15.997437],[49.681348,-15.999406],[49.681239,-15.998395]],[[46.727215,-25.144197],[46.737347,-25.146998],[46.729113,-25.147057],[46.727215,-25.144197]],[[46.715289,-25.126222],[46.727215,-25.144197],[46.715997,-25.141095],[46.700835,-25.104339],[46.718586,-25.111039],[46.715289,-25.126222]],[[46.383123,-25.085821],[46.38386,-25.086311],[46.383116,-25.085913],[46.383123,-25.085821]],[[46.384733,-25.06319],[46.383123,-25.085821],[46.374766,-25.080262],[46.381234,-25.064958],[46.375432,-25.036157],[46.361953,-25.030317],[46.333585,-24.996272],[46.339999,-24.99428],[46.363247,-25.027766],[46.376882,-25.034967],[46.384733,-25.06319]],[[46.331307,-24.993537],[46.333585,-24.996272],[46.322323,-24.999769],[46.331307,-24.993537]],[[46.314366,-25.00224],[46.322323,-24.999769],[46.313836,-25.005656],[46.300358,-25.002056],[46.298108,-24.992448],[46.314366,-25.00224]],[[46.297075,-24.988033],[46.298108,-24.992448],[46.29703,-24.991799],[46.297075,-24.988033]],[[46.297225,-24.975359],[46.297075,-24.988033],[46.294633,-24.977607],[46.271866,-24.980431],[46.281217,-24.958361],[46.253034,-24.953197],[46.227696,-24.934061],[46.241807,-24.892951],[46.225722,-24.868508],[46.204831,-24.867394],[46.200972,-24.863238],[46.223288,-24.859989],[46.242711,-24.887427],[46.245787,-24.904005],[46.235111,-24.91432],[46.235286,-24.935843],[46.251546,-24.948373],[46.276837,-24.947109],[46.283718,-24.961613],[46.275142,-24.976976],[46.297225,-24.975359]],[[46.200054,-24.862249],[46.200972,-24.863238],[46.200581,-24.863295],[46.200054,-24.862249]],[[46.180037,-24.822516],[46.200054,-24.862249],[46.186096,-24.847218],[46.177191,-24.822934],[46.145146,-24.802381],[46.081128,-24.804337],[46.073027,-24.797414],[46.099004,-24.801611],[46.12481,-24.793427],[46.149936,-24.801814],[46.180037,-24.822516]],[[46.068179,-24.793272],[46.073027,-24.797414],[46.070786,-24.797052],[46.068179,-24.793272]],[[46.061937,-24.784218],[46.068179,-24.793272],[46.058682,-24.785156],[46.0611,-24.746228],[46.074202,-24.73564],[46.078564,-24.736324],[46.066087,-24.743708],[46.061937,-24.784218]],[[46.088863,-24.73794],[46.078564,-24.736324],[46.079487,-24.735778],[46.088863,-24.73794]],[[46.09989,-24.740482],[46.088863,-24.73794],[46.097693,-24.739325],[46.09358,-24.715673],[46.106519,-24.730904],[46.09989,-24.740482]],[[46.091953,-24.706321],[46.09358,-24.715673],[46.089693,-24.711098],[46.091953,-24.706321]],[[46.097604,-24.694376],[46.091953,-24.706321],[46.087741,-24.682101],[46.078277,-24.661389],[46.081411,-24.656138],[46.097604,-24.694376]],[[46.08282,-24.653778],[46.081411,-24.656138],[46.081189,-24.655613],[46.08282,-24.653778]],[[46.091188,-24.644367],[46.08282,-24.653778],[46.089288,-24.642943],[46.078588,-24.634909],[46.088522,-24.617509],[46.104167,-24.611046],[46.08736,-24.620007],[46.080202,-24.632671],[46.091188,-24.644367]],[[46.109626,-24.608791],[46.104167,-24.611046],[46.109534,-24.608185],[46.109626,-24.608791]],[[46.115546,-24.60498],[46.109534,-24.608185],[46.105029,-24.578493],[46.108472,-24.574451],[46.107793,-24.578764],[46.115546,-24.60498]],[[46.115899,-24.565734],[46.108472,-24.574451],[46.112449,-24.549213],[46.115899,-24.565734]],[[46.118264,-24.512312],[46.112449,-24.549213],[46.110479,-24.53978],[46.118264,-24.512312]],[[48.688698,-20.175794],[48.688259,-20.175995],[48.688935,-20.175454],[48.688698,-20.175794]],[[48.680611,-20.18309],[48.688259,-20.175995],[48.682045,-20.183108],[48.680611,-20.18309]],[[44.429063,-22.035045],[44.428959,-22.03502],[44.428955,-22.034536],[44.429063,-22.035045]],[[44.425434,-22.047871],[44.429063,-22.035045],[44.426329,-22.047333],[44.425434,-22.047871]],[[44.258859,-18.977583],[44.258907,-18.977627],[44.258769,-18.977587],[44.258859,-18.977583]],[[44.261371,-18.979876],[44.258907,-18.977627],[44.269629,-18.978013],[44.261371,-18.979876]],[[44.063926,-18.422658],[44.065066,-18.422671],[44.06157,-18.423541],[44.063926,-18.422658]],[[44.376409,-16.80582],[44.376434,-16.805793],[44.37641,-16.805842],[44.376409,-16.80582]],[[44.377702,-16.804408],[44.376434,-16.805793],[44.37738,-16.803858],[44.377702,-16.804408]],[[45.83351,-15.860787],[45.833597,-15.86075],[45.833491,-15.860803],[45.83351,-15.860787]],[[45.845427,-15.877005],[45.833597,-15.86075],[45.884396,-15.908955],[45.845427,-15.877005]],[[46.077073,-15.780638],[46.077542,-15.782126],[46.077439,-15.782256],[46.077073,-15.780638]],[[46.02524,-15.790112],[46.025446,-15.792524],[46.025292,-15.792663],[46.02524,-15.790112]],[[48.355729,-13.603672],[48.352572,-13.606411],[48.352487,-13.606398],[48.355729,-13.603672]],[[47.390299,-24.171963],[47.386681,-24.170638],[47.38755,-24.170552],[47.390299,-24.171963]],[[44.443318,-22.261173],[44.442924,-22.256611],[44.445344,-22.260892],[44.443318,-22.261173]],[[44.448774,-22.225253],[44.44951,-22.222804],[44.449395,-22.225243],[44.448774,-22.225253]],[[47.373563,-24.165828],[47.370512,-24.165342],[47.371724,-24.165243],[47.373563,-24.165828]],[[47.435701,-24.045639],[47.435537,-24.043453],[47.436926,-24.045659],[47.435701,-24.045639]],[[47.565711,-23.802064],[47.567166,-23.798102],[47.577069,-23.801272],[47.565711,-23.802064]],[[44.154448,-23.55333],[44.156049,-23.55361],[44.154391,-23.554064],[44.154448,-23.55333]],[[44.307627,-23.528587],[44.308054,-23.527033],[44.312798,-23.527655],[44.307627,-23.528587]],[[45.05333,-22.183429],[45.05465,-22.181944],[45.054172,-22.184582],[45.05333,-22.183429]],[[45.021996,-22.171994],[45.01987,-22.171516],[45.019229,-22.169864],[45.021996,-22.171994]],[[44.151231,-22.089968],[44.152488,-22.088659],[44.153672,-22.089141],[44.151231,-22.089968]],[[45.084306,-22.049293],[45.08636,-22.050181],[45.083756,-22.053453],[45.084306,-22.049293]],[[44.460761,-22.152639],[44.466749,-22.144647],[44.466802,-22.14973],[44.460761,-22.152639]],[[45.1564,-21.904298],[45.157028,-21.906522],[45.154337,-21.904181],[45.1564,-21.904298]],[[44.105366,-21.898148],[44.104717,-21.895368],[44.108363,-21.897988],[44.105366,-21.898148]],[[48.159888,-21.799991],[48.161842,-21.797601],[48.16209,-21.799263],[48.159888,-21.799991]],[[48.119358,-21.79277],[48.120171,-21.792725],[48.121086,-21.795199],[48.119358,-21.79277]],[[47.951551,-21.78677],[47.954342,-21.78491],[47.955895,-21.786081],[47.951551,-21.78677]],[[45.139233,-21.817948],[45.137881,-21.815139],[45.141601,-21.818402],[45.139233,-21.817948]],[[43.466274,-21.667602],[43.465586,-21.662982],[43.46914,-21.665873],[43.466274,-21.667602]],[[45.123899,-21.660028],[45.12782,-21.659619],[45.127475,-21.661056],[45.123899,-21.660028]],[[45.196009,-21.65817],[45.196869,-21.661361],[45.194102,-21.66624],[45.196009,-21.65817]],[[43.825028,-21.741358],[43.822905,-21.746922],[43.819341,-21.737381],[43.825028,-21.741358]],[[43.469954,-21.479336],[43.478311,-21.472944],[43.476486,-21.479201],[43.469954,-21.479336]],[[43.478996,-21.475289],[43.481153,-21.475844],[43.479439,-21.478026],[43.478996,-21.475289]],[[43.483484,-21.369025],[43.488014,-21.369827],[43.488933,-21.377099],[43.483484,-21.369025]],[[43.629148,-21.288423],[43.630784,-21.286469],[43.630137,-21.289412],[43.629148,-21.288423]],[[44.411365,-20.699783],[44.408302,-20.697126],[44.413669,-20.699008],[44.411365,-20.699783]],[[44.414327,-20.702256],[44.418278,-20.702188],[44.420248,-20.704158],[44.414327,-20.702256]],[[44.131483,-20.492293],[44.134013,-20.491881],[44.131209,-20.494788],[44.131483,-20.492293]],[[44.128489,-20.499478],[44.129609,-20.505409],[44.125382,-20.508447],[44.128489,-20.499478]],[[44.129816,-20.497386],[44.13447,-20.49653],[44.131088,-20.501694],[44.129816,-20.497386]],[[44.4376,-19.197656],[44.440748,-19.196778],[44.438223,-19.1999],[44.4376,-19.197656]],[[44.427176,-19.360477],[44.42645,-19.358177],[44.429787,-19.360032],[44.427176,-19.360477]],[[44.40217,-19.297964],[44.409907,-19.29482],[44.407452,-19.297688],[44.40217,-19.297964]],[[44.410965,-19.293942],[44.411798,-19.291713],[44.411828,-19.294266],[44.410965,-19.293942]],[[44.210521,-17.672464],[44.206604,-17.671211],[44.207654,-17.670831],[44.210521,-17.672464]],[[49.48405,-17.646055],[49.48597,-17.647052],[49.483492,-17.647995],[49.48405,-17.646055]],[[49.344787,-17.226563],[49.347832,-17.225454],[49.347705,-17.226563],[49.344787,-17.226563]],[[49.349102,-17.224659],[49.351111,-17.222306],[49.35025,-17.224732],[49.349102,-17.224659]],[[49.415931,-17.219007],[49.422804,-17.217366],[49.424591,-17.219126],[49.415931,-17.219007]],[[49.439144,-17.215977],[49.440346,-17.216561],[49.438258,-17.218037],[49.439144,-17.215977]],[[49.406782,-17.220594],[49.405488,-17.220273],[49.405702,-17.21888],[49.406782,-17.220594]],[[44.242375,-16.978076],[44.243051,-16.978517],[44.24243,-16.980369],[44.242375,-16.978076]],[[44.191334,-17.059837],[44.193933,-17.059263],[44.192199,-17.062516],[44.191334,-17.059837]],[[44.195391,-17.058334],[44.197705,-17.054451],[44.197666,-17.057591],[44.195391,-17.058334]],[[44.197772,-17.049254],[44.199842,-17.047781],[44.199138,-17.050781],[44.197772,-17.049254]],[[49.657362,-16.852228],[49.66052,-16.854071],[49.662264,-16.858219],[49.657362,-16.852228]],[[49.774449,-16.612634],[49.774984,-16.611679],[49.777707,-16.613761],[49.774449,-16.612634]],[[46.685165,-16.433206],[46.687058,-16.431103],[46.690561,-16.433303],[46.685165,-16.433206]],[[44.996312,-16.203192],[45.001793,-16.197835],[45.000921,-16.20718],[44.996312,-16.203192]],[[45.895253,-15.977484],[45.895823,-15.975865],[45.896692,-15.982324],[45.895253,-15.977484]],[[45.619189,-16.055383],[45.619717,-16.054927],[45.620354,-16.057206],[45.619189,-16.055383]],[[48.441704,-13.552269],[48.442618,-13.552282],[48.443189,-13.553416],[48.441704,-13.552269]],[[48.540972,-13.525622],[48.546849,-13.523854],[48.546027,-13.526889],[48.540972,-13.525622]],[[48.476493,-13.521381],[48.477941,-13.522539],[48.478102,-13.525909],[48.476493,-13.521381]],[[48.052029,-14.544131],[48.051826,-14.541548],[48.053637,-14.545086],[48.052029,-14.544131]],[[47.951873,-14.533765],[47.960557,-14.527558],[47.958782,-14.532676],[47.951873,-14.533765]],[[48.095089,-14.509123],[48.09602,-14.511887],[48.090125,-14.513422],[48.095089,-14.509123]],[[48.049366,-14.225621],[48.053303,-14.223139],[48.052896,-14.225042],[48.049366,-14.225621]],[[47.977867,-14.367326],[47.978822,-14.36599],[47.978864,-14.368167],[47.977867,-14.367326]],[[47.976163,-14.365201],[47.97773,-14.365709],[47.976698,-14.368296],[47.976163,-14.365201]],[[49.840165,-14.167456],[49.838055,-14.166825],[49.838019,-14.165676],[49.840165,-14.167456]],[[48.046462,-14.183123],[48.044594,-14.181782],[48.047228,-14.182961],[48.046462,-14.183123]],[[48.374297,-13.589252],[48.375487,-13.585557],[48.376961,-13.589537],[48.374297,-13.589252]],[[48.370458,-13.561795],[48.370038,-13.560118],[48.370781,-13.561477],[48.370458,-13.561795]],[[48.376034,-13.583418],[48.380074,-13.575539],[48.377068,-13.584245],[48.376034,-13.583418]],[[45.633914,-15.921824],[45.633623,-15.919609],[45.635204,-15.920818],[45.633914,-15.921824]],[[46.92187,-15.599306],[46.923419,-15.603139],[46.922137,-15.604787],[46.92187,-15.599306]],[[46.954982,-15.570611],[46.957134,-15.572461],[46.956559,-15.574393],[46.954982,-15.570611]],[[46.473515,-15.53155],[46.474461,-15.528933],[46.475624,-15.53335],[46.473515,-15.53155]],[[49.653555,-15.396593],[49.649411,-15.394863],[49.647966,-15.392345],[49.653555,-15.396593]],[[47.487439,-15.079129],[47.488596,-15.078503],[47.487661,-15.081343],[47.487439,-15.079129]],[[47.374367,-14.869434],[47.377232,-14.868611],[47.376277,-14.86997],[47.374367,-14.869434]]],[[[43.852492,-23.483556],[43.853326,-23.48591],[43.85426,-23.485297],[43.852486,-23.483471],[43.852492,-23.483556]]],[[[43.853131,-23.492301],[43.85543,-23.497416],[43.857867,-23.493362],[43.852977,-23.490184],[43.853131,-23.492301]]],[[[43.334054,-21.907013],[43.33496,-21.905121],[43.331143,-21.900635],[43.331678,-21.90808],[43.334054,-21.907013]]],[[[43.69221,-21.55108],[43.701379,-21.577449],[43.720749,-21.587921],[43.723136,-21.602587],[43.726146,-21.605266],[43.725365,-21.616279],[43.726149,-21.621094],[43.748318,-21.641616],[43.754314,-21.632805],[43.746164,-21.605217],[43.69221,-21.55108]]],[[[45.084931,-21.974258],[45.084778,-21.973534],[45.0844,-21.974285],[45.084931,-21.974258]]],[[[45.139004,-21.737388],[45.138238,-21.733815],[45.136111,-21.738988],[45.139004,-21.737388]]],[[[45.24715,-21.685949],[45.248541,-21.683854],[45.244982,-21.685275],[45.245993,-21.686521],[45.24715,-21.685949]]],[[[45.359052,-21.625482],[45.359335,-21.624812],[45.325715,-21.642126],[45.326581,-21.65816],[45.327181,-21.657698],[45.359052,-21.625482]]],[[[45.36375,-21.617325],[45.363791,-21.615193],[45.361959,-21.61683],[45.363478,-21.617537],[45.36375,-21.617325]]],[[[45.366163,-21.615438],[45.369181,-21.613078],[45.36776,-21.612327],[45.366163,-21.615438]]],[[[45.468151,-21.444954],[45.468119,-21.445285],[45.468151,-21.445313],[45.468151,-21.444954]]],[[[45.418929,-21.523871],[45.420983,-21.524467],[45.422493,-21.52255],[45.419136,-21.523599],[45.418929,-21.523871]]],[[[45.39471,-21.570354],[45.394526,-21.571902],[45.395797,-21.569837],[45.39471,-21.570354]]],[[[45.115237,-21.660182],[45.112772,-21.661106],[45.114973,-21.662185],[45.116672,-21.660286],[45.115237,-21.660182]]],[[[44.838212,-21.731926],[44.83612,-21.732031],[44.835894,-21.732811],[44.838212,-21.731926]]],[[[44.799561,-21.73144],[44.797734,-21.731289],[44.797909,-21.731962],[44.799561,-21.73144]]],[[[43.716343,-21.553002],[43.713004,-21.551756],[43.717356,-21.558572],[43.716436,-21.553105],[43.716343,-21.553002]]],[[[43.712586,-21.548842],[43.709676,-21.547405],[43.712428,-21.553737],[43.713162,-21.54948],[43.712586,-21.548842]]],[[[43.50515,-21.316891],[43.506742,-21.322371],[43.508029,-21.322039],[43.50515,-21.316891]]],[[[44.322522,-20.574518],[44.323546,-20.565819],[44.316675,-20.559685],[44.322034,-20.573728],[44.322522,-20.574518]]],[[[44.359814,-20.624458],[44.3603,-20.625007],[44.359377,-20.622751],[44.358836,-20.622869],[44.359814,-20.624458]]],[[[44.635471,-20.858066],[44.6355,-20.857952],[44.632352,-20.858137],[44.633187,-20.858365],[44.635471,-20.858066]]],[[[44.22193,-20.401415],[44.223647,-20.399839],[44.221585,-20.399187],[44.22193,-20.401415]]],[[[44.373125,-20.144304],[44.372987,-20.139821],[44.370078,-20.148535],[44.372858,-20.144872],[44.373125,-20.144304]]],[[[44.407688,-20.108876],[44.407216,-20.107266],[44.406824,-20.108405],[44.407409,-20.109014],[44.407688,-20.108876]]],[[[44.466427,-20.002988],[44.470703,-19.998867],[44.471673,-19.986807],[44.465491,-20.002244],[44.466427,-20.002988]]],[[[44.469576,-20.005493],[44.470065,-20.005881],[44.470075,-20.005653],[44.469576,-20.005493]]],[[[44.414113,-19.808107],[44.392753,-19.796567],[44.402017,-19.822791],[44.414155,-19.820492],[44.417633,-19.817025],[44.414113,-19.808107]]],[[[44.407561,-19.762914],[44.405554,-19.744295],[44.40152,-19.757885],[44.407498,-19.762896],[44.407561,-19.762914]]],[[[44.414631,-19.743546],[44.412958,-19.740622],[44.412681,-19.743598],[44.414567,-19.74376],[44.414631,-19.743546]]],[[[44.427337,-19.632892],[44.461583,-19.646815],[44.465376,-19.669183],[44.480152,-19.680985],[44.48525,-19.682194],[44.499056,-19.679615],[44.502692,-19.660377],[44.498973,-19.652099],[44.493219,-19.645952],[44.493822,-19.640634],[44.489214,-19.630378],[44.475101,-19.633339],[44.47011,-19.623286],[44.467825,-19.622523],[44.468699,-19.620445],[44.466692,-19.616405],[44.476568,-19.601732],[44.476741,-19.601323],[44.466683,-19.586607],[44.463154,-19.551805],[44.453218,-19.537588],[44.441754,-19.594717],[44.403753,-19.606194],[44.394664,-19.618586],[44.415102,-19.635412],[44.427337,-19.632892]]],[[[44.040144,-18.383422],[44.039802,-18.374175],[44.036468,-18.379655],[44.040144,-18.383422]]],[[[44.518822,-16.202726],[44.518319,-16.202008],[44.516776,-16.203282],[44.518822,-16.202726]]],[[[44.98591,-16.189513],[44.986684,-16.188987],[44.983432,-16.189177],[44.98591,-16.189513]]],[[[45.351796,-16.105195],[45.350323,-16.104369],[45.338126,-16.107279],[45.344486,-16.110679],[45.35296,-16.110785],[45.351796,-16.105195]]],[[[45.601767,-16.041153],[45.599635,-16.036525],[45.601563,-16.04286],[45.601629,-16.042868],[45.601767,-16.041153]]],[[[45.622246,-15.837294],[45.626336,-15.834157],[45.622113,-15.837312],[45.622246,-15.837294]]],[[[45.793738,-15.811235],[45.774033,-15.801358],[45.77807,-15.827487],[45.773307,-15.845727],[45.776802,-15.84935],[45.789214,-15.854201],[45.799661,-15.84477],[45.809975,-15.831311],[45.793738,-15.811235]]],[[[45.817533,-15.799565],[45.818424,-15.794468],[45.787282,-15.802657],[45.811896,-15.824538],[45.813487,-15.80456],[45.817533,-15.799565]]],[[[46.068587,-15.858456],[46.065423,-15.856459],[46.049153,-15.854237],[46.070835,-15.864981],[46.071385,-15.864914],[46.068587,-15.858456]]],[[[46.064377,-15.803218],[46.05884,-15.808491],[46.062646,-15.809396],[46.064377,-15.803232],[46.064377,-15.803218]]],[[[46.082959,-15.786045],[46.082965,-15.786026],[46.078041,-15.789597],[46.078597,-15.789518],[46.082959,-15.786045]]],[[[46.071246,-15.788735],[46.070356,-15.789646],[46.072232,-15.789847],[46.073018,-15.787886],[46.071246,-15.788735]]],[[[46.372984,-16.020093],[46.383618,-16.023875],[46.364894,-16.011855],[46.361928,-16.014681],[46.372984,-16.020093]]],[[[46.545939,-16.315764],[46.549138,-16.317195],[46.549687,-16.309368],[46.545874,-16.315562],[46.545939,-16.315764]]],[[[46.547074,-16.319264],[46.54866,-16.32416],[46.54963,-16.321808],[46.547074,-16.319264]]],[[[46.562532,-16.42885],[46.563334,-16.426552],[46.559268,-16.428378],[46.562524,-16.42885],[46.562532,-16.42885]]],[[[46.683443,-16.437138],[46.679356,-16.44229],[46.700193,-16.444003],[46.685583,-16.436078],[46.683443,-16.437138]]],[[[46.653971,-16.409106],[46.628633,-16.400179],[46.621775,-16.410142],[46.653985,-16.409146],[46.653971,-16.409106]]],[[[46.603285,-16.409624],[46.601596,-16.410852],[46.609407,-16.40692],[46.609231,-16.406943],[46.603285,-16.409624]]],[[[46.552991,-16.021975],[46.573644,-16.035199],[46.604158,-16.104478],[46.611615,-16.10196],[46.620568,-16.080625],[46.621244,-16.079693],[46.623534,-16.070274],[46.635466,-16.056296],[46.638192,-16.037283],[46.6282,-16.030315],[46.600389,-16.015375],[46.529682,-15.992321],[46.514175,-15.980392],[46.496825,-15.947842],[46.424744,-15.894464],[46.450952,-15.951892],[46.522724,-16.014648],[46.552991,-16.021975]]],[[[47.088067,-15.492841],[47.08508,-15.489309],[47.087041,-15.497873],[47.088054,-15.494577],[47.088067,-15.492841]]],[[[47.201299,-15.455944],[47.204939,-15.45031],[47.176206,-15.456288],[47.200628,-15.456432],[47.201299,-15.455944]]],[[[47.977129,-14.658005],[47.977526,-14.660745],[47.981861,-14.662607],[47.977129,-14.658005]]],[[[47.986852,-14.593776],[47.987118,-14.612357],[47.996481,-14.612517],[47.987573,-14.594405],[47.986852,-14.593776]]],[[[47.95126,-14.134376],[47.951507,-14.134794],[47.951419,-14.134342],[47.95126,-14.134376]]],[[[47.974879,-14.325845],[47.976325,-14.32609],[47.974748,-14.324484],[47.974036,-14.324734],[47.974879,-14.325845]]],[[[47.98088,-14.351857],[47.982213,-14.355278],[47.986171,-14.348244],[47.980688,-14.350032],[47.98088,-14.351857]]],[[[48.031626,-14.266905],[48.031033,-14.265518],[48.021831,-14.273366],[48.025061,-14.272987],[48.031626,-14.266905]]],[[[47.998745,-13.97845],[47.999721,-13.977998],[47.999268,-13.976482],[47.998745,-13.97845]]],[[[47.982063,-13.932542],[47.980348,-13.934643],[47.98101,-13.935483],[47.982063,-13.932542]]],[[[48.316889,-13.697808],[48.309868,-13.701787],[48.316504,-13.70282],[48.317335,-13.698767],[48.316889,-13.697808]]],[[[48.446433,-13.553978],[48.450785,-13.555303],[48.450344,-13.551793],[48.445823,-13.552882],[48.446433,-13.553978]]],[[[48.513802,-13.536749],[48.513616,-13.535156],[48.509458,-13.534112],[48.511043,-13.535606],[48.513802,-13.536749]]],[[[48.517655,-13.538344],[48.518594,-13.538733],[48.517771,-13.53569],[48.517655,-13.538344]]],[[[48.825657,-13.27187],[48.828225,-13.271601],[48.823581,-13.267936],[48.825657,-13.27187]]],[[[49.974074,-13.322113],[49.974142,-13.32368],[49.974264,-13.322013],[49.974074,-13.322113]]],[[[49.682895,-15.997157],[49.68286,-15.997334],[49.682944,-15.997279],[49.682895,-15.997157]]],[[[49.059413,-18.838516],[49.063275,-18.83848],[49.067797,-18.829582],[49.05981,-18.837769],[49.059413,-18.838516]]],[[[48.638251,-20.278077],[48.648379,-20.289498],[48.652302,-20.273121],[48.642354,-20.275747],[48.638251,-20.278077]]],[[[48.462106,-20.864281],[48.462713,-20.857942],[48.454674,-20.863862],[48.461813,-20.864711],[48.462106,-20.864281]]],[[[44.366537,-25.241242],[44.367059,-25.246976],[44.36928,-25.246532],[44.366537,-25.241242]]],[[[43.961895,-23.493306],[43.962841,-23.494767],[43.963516,-23.494916],[43.961895,-23.493306]]],[[[43.746002,-23.296498],[43.748489,-23.297652],[43.749364,-23.296704],[43.746002,-23.296498]]],[[[44.524572,-23.515319],[44.5253,-23.516546],[44.527017,-23.515666],[44.524572,-23.515319]]],[[[44.522941,-23.515527],[44.523377,-23.515581],[44.523162,-23.515324],[44.522941,-23.515527]]],[[[44.597783,-23.592505],[44.601816,-23.594769],[44.600651,-23.592444],[44.597783,-23.592505]]],[[[44.268871,-23.557265],[44.269749,-23.559317],[44.270587,-23.556278],[44.268871,-23.557265]]],[[[44.368343,-23.55852],[44.3682,-23.554436],[44.359852,-23.555083],[44.368343,-23.55852]]],[[[44.383096,-23.531268],[44.369732,-23.53125],[44.349708,-23.556317],[44.372535,-23.553391],[44.383096,-23.531268]]],[[[44.291558,-23.529885],[44.287403,-23.537748],[44.295065,-23.532629],[44.291558,-23.529885]]],[[[44.416574,-23.535357],[44.407829,-23.531025],[44.406156,-23.53458],[44.416574,-23.535357]]],[[[44.428643,-23.526619],[44.428862,-23.528013],[44.431071,-23.526349],[44.428643,-23.526619]]],[[[44.530446,-19.715045],[44.533021,-19.715036],[44.530468,-19.713588],[44.530446,-19.715045]]],[[[44.697931,-19.709764],[44.694724,-19.718921],[44.699716,-19.712897],[44.697931,-19.709764]]],[[[44.711015,-19.691113],[44.707206,-19.688558],[44.702745,-19.698351],[44.711015,-19.691113]]],[[[44.516428,-19.692521],[44.516824,-19.6875],[44.513563,-19.6875],[44.516428,-19.692521]]],[[[46.729488,-16.622182],[46.728575,-16.620844],[46.727204,-16.620657],[46.729488,-16.622182]]],[[[46.71628,-16.614534],[46.71847,-16.614759],[46.718952,-16.614338],[46.71628,-16.614534]]],[[[46.710834,-16.615117],[46.71263,-16.615272],[46.711026,-16.613249],[46.710834,-16.615117]]],[[[46.745899,-16.624435],[46.748771,-16.624748],[46.747929,-16.623171],[46.745899,-16.624435]]],[[[46.728797,-16.625473],[46.732408,-16.62257],[46.726779,-16.624631],[46.728797,-16.625473]]],[[[46.69763,-16.560186],[46.698283,-16.555447],[46.691944,-16.557253],[46.69763,-16.560186]]],[[[46.699917,-16.588836],[46.701234,-16.591384],[46.702734,-16.58494],[46.699917,-16.588836]]],[[[46.699276,-16.584242],[46.701353,-16.582361],[46.698323,-16.568589],[46.699276,-16.584242]]],[[[46.699917,-16.539344],[46.700927,-16.540393],[46.702094,-16.537016],[46.699917,-16.539344]]],[[[43.66498,-23.376115],[43.663812,-23.376971],[43.665156,-23.378906],[43.66498,-23.376115]]],[[[43.640309,-23.362551],[43.638556,-23.362592],[43.643664,-23.365139],[43.640309,-23.362551]]],[[[43.570058,-22.9253],[43.566017,-22.923955],[43.567336,-22.930075],[43.570058,-22.9253]]],[[[43.305714,-22.225239],[43.29761,-22.224396],[43.302143,-22.228453],[43.305714,-22.225239]]],[[[43.252285,-22.196405],[43.250963,-22.197664],[43.252563,-22.198794],[43.252285,-22.196405]]],[[[43.255997,-22.185583],[43.246753,-22.176602],[43.227305,-22.198556],[43.240433,-22.20902],[43.255997,-22.185583]]],[[[43.257392,-22.188252],[43.257759,-22.197111],[43.260654,-22.195049],[43.257392,-22.188252]]],[[[43.193011,-22.080013],[43.189271,-22.083029],[43.190284,-22.098437],[43.193011,-22.080013]]],[[[43.231248,-22.02319],[43.229299,-22.029329],[43.235157,-22.027239],[43.231248,-22.02319]]],[[[43.239347,-22.019716],[43.237427,-22.018576],[43.236854,-22.02047],[43.239347,-22.019716]]],[[[43.240322,-21.998378],[43.237749,-21.998398],[43.239377,-22.001782],[43.240322,-21.998378]]],[[[43.202564,-21.95298],[43.202986,-21.960812],[43.206765,-21.957562],[43.202564,-21.95298]]],[[[44.141689,-21.936044],[44.1404,-21.938545],[44.142717,-21.941638],[44.141689,-21.936044]]],[[[43.988498,-21.910949],[43.985343,-21.911396],[43.986441,-21.913346],[43.988498,-21.910949]]],[[[43.980885,-21.90621],[43.978436,-21.908525],[43.981443,-21.908481],[43.980885,-21.90621]]],[[[43.990016,-21.906661],[43.990263,-21.908062],[43.99223,-21.907874],[43.990016,-21.906661]]],[[[43.967836,-21.905269],[43.970682,-21.90699],[43.970138,-21.905552],[43.967836,-21.905269]]],[[[43.973521,-21.901921],[43.974898,-21.903406],[43.976708,-21.902414],[43.973521,-21.901921]]],[[[44.030798,-21.896453],[44.025321,-21.899541],[44.030474,-21.899278],[44.030798,-21.896453]]],[[[43.962278,-21.895887],[43.962034,-21.895333],[43.960767,-21.896656],[43.962278,-21.895887]]],[[[43.957114,-21.892296],[43.953271,-21.89235],[43.955675,-21.894085],[43.957114,-21.892296]]],[[[44.097505,-21.887587],[44.092263,-21.888112],[44.100768,-21.890936],[44.097505,-21.887587]]],[[[44.100832,-21.887934],[44.098768,-21.887515],[44.101369,-21.889499],[44.100832,-21.887934]]],[[[43.937867,-21.888232],[43.938782,-21.887315],[43.937644,-21.886811],[43.937867,-21.888232]]],[[[44.085014,-21.885545],[44.08545,-21.888322],[44.08774,-21.887843],[44.085014,-21.885545]]],[[[44.067568,-21.885294],[44.067153,-21.886298],[44.069677,-21.886016],[44.067568,-21.885294]]],[[[43.87968,-21.858531],[43.878496,-21.857388],[43.879166,-21.859791],[43.87968,-21.858531]]],[[[43.29354,-21.836723],[43.293036,-21.839011],[43.297135,-21.838063],[43.29354,-21.836723]]],[[[44.109209,-21.833067],[44.107413,-21.835488],[44.110479,-21.834368],[44.109209,-21.833067]]],[[[43.301893,-21.831782],[43.299948,-21.835842],[43.301802,-21.836355],[43.301893,-21.831782]]],[[[43.293331,-21.816248],[43.291829,-21.822165],[43.297255,-21.832295],[43.293331,-21.816248]]],[[[43.845586,-21.786328],[43.844226,-21.786964],[43.846635,-21.787738],[43.845586,-21.786328]]],[[[43.846792,-21.785331],[43.848234,-21.787653],[43.850509,-21.787255],[43.846792,-21.785331]]],[[[43.843096,-21.783348],[43.841539,-21.784151],[43.843418,-21.785568],[43.843096,-21.783348]]],[[[43.859552,-21.782631],[43.85708,-21.781948],[43.861197,-21.785311],[43.859552,-21.782631]]],[[[43.304967,-21.766739],[43.302938,-21.767727],[43.304001,-21.770223],[43.304967,-21.766739]]],[[[43.816962,-21.752713],[43.818282,-21.756296],[43.819629,-21.754539],[43.816962,-21.752713]]],[[[43.81452,-21.749014],[43.817212,-21.750744],[43.815603,-21.748832],[43.81452,-21.749014]]],[[[43.812278,-21.739315],[43.8123,-21.742782],[43.814814,-21.744225],[43.812278,-21.739315]]],[[[43.811095,-21.737081],[43.810138,-21.73648],[43.811643,-21.738295],[43.811095,-21.737081]]],[[[43.297058,-21.737716],[43.293389,-21.730795],[43.290704,-21.740575],[43.297058,-21.737716]]],[[[43.813839,-21.735343],[43.812042,-21.733666],[43.811203,-21.733791],[43.813839,-21.735343]]],[[[43.785073,-21.729048],[43.798159,-21.732083],[43.785627,-21.726947],[43.785073,-21.729048]]],[[[43.780529,-21.720437],[43.782687,-21.723687],[43.784236,-21.720942],[43.780529,-21.720437]]],[[[43.775534,-21.71649],[43.775321,-21.718446],[43.777455,-21.718509],[43.775534,-21.71649]]],[[[43.766533,-21.709507],[43.759511,-21.708516],[43.76481,-21.713346],[43.766533,-21.709507]]],[[[43.75089,-21.692043],[43.752661,-21.691543],[43.753742,-21.688513],[43.75089,-21.692043]]],[[[43.750534,-21.687043],[43.749404,-21.687973],[43.751224,-21.688773],[43.750534,-21.687043]]],[[[43.343639,-21.685159],[43.341533,-21.685412],[43.343648,-21.686884],[43.343639,-21.685159]]],[[[43.749999,-21.682645],[43.749545,-21.685581],[43.752847,-21.685988],[43.749999,-21.682645]]],[[[43.750404,-21.676726],[43.751674,-21.678847],[43.753397,-21.67874],[43.750404,-21.676726]]],[[[43.745456,-21.655248],[43.744821,-21.656703],[43.74572,-21.657053],[43.745456,-21.655248]]],[[[43.751578,-21.652439],[43.750512,-21.654955],[43.751825,-21.654297],[43.751578,-21.652439]]],[[[43.373383,-21.650278],[43.371467,-21.651659],[43.374468,-21.651513],[43.373383,-21.650278]]],[[[43.75515,-21.647795],[43.752446,-21.647589],[43.754801,-21.648953],[43.75515,-21.647795]]],[[[43.751496,-21.642161],[43.7502,-21.644656],[43.752386,-21.646765],[43.751496,-21.642161]]],[[[43.725474,-21.567522],[43.730064,-21.579217],[43.73904,-21.584069],[43.725474,-21.567522]]],[[[43.704193,-21.540489],[43.703254,-21.545099],[43.707372,-21.546124],[43.704193,-21.540489]]],[[[43.683033,-21.528621],[43.684894,-21.535522],[43.689462,-21.535599],[43.683033,-21.528621]]],[[[43.666131,-21.527065],[43.661457,-21.527766],[43.66802,-21.530553],[43.666131,-21.527065]]],[[[43.623871,-21.496652],[43.624137,-21.498984],[43.630384,-21.498535],[43.623871,-21.496652]]],[[[43.592126,-21.456377],[43.591389,-21.462349],[43.599725,-21.47096],[43.592126,-21.456377]]],[[[43.558101,-21.450729],[43.566035,-21.451975],[43.567428,-21.448941],[43.558101,-21.450729]]],[[[43.481975,-21.450533],[43.489183,-21.450804],[43.486861,-21.449403],[43.481975,-21.450533]]],[[[43.516945,-21.450132],[43.519618,-21.450148],[43.520515,-21.448235],[43.516945,-21.450132]]],[[[43.539891,-21.444859],[43.535318,-21.450867],[43.548606,-21.451898],[43.539891,-21.444859]]],[[[43.550776,-21.447855],[43.550437,-21.452365],[43.564348,-21.443609],[43.550776,-21.447855]]],[[[43.482598,-21.36626],[43.479507,-21.363312],[43.480643,-21.369911],[43.482598,-21.36626]]],[[[43.548969,-21.29729],[43.54817,-21.296833],[43.547086,-21.298424],[43.548969,-21.29729]]],[[[43.605851,-21.26766],[43.601199,-21.267833],[43.602734,-21.269531],[43.605851,-21.26766]]],[[[43.717748,-21.25676],[43.714314,-21.261173],[43.716267,-21.265153],[43.717748,-21.25676]]],[[[43.687427,-21.068033],[43.683882,-21.074358],[43.687968,-21.075662],[43.687427,-21.068033]]],[[[43.759938,-20.833372],[43.755175,-20.836752],[43.76132,-20.839294],[43.759938,-20.833372]]],[[[43.964982,-20.76382],[43.962686,-20.762666],[43.961589,-20.76799],[43.964982,-20.76382]]],[[[44.300225,-20.544033],[44.300655,-20.545313],[44.302216,-20.545284],[44.300225,-20.544033]]],[[[44.270478,-20.532405],[44.267233,-20.532314],[44.272868,-20.535027],[44.270478,-20.532405]]],[[[44.197788,-20.480387],[44.200678,-20.483192],[44.202013,-20.483187],[44.197788,-20.480387]]],[[[44.129964,-20.479145],[44.144757,-20.47779],[44.144977,-20.470933],[44.129964,-20.479145]]],[[[44.217714,-20.400212],[44.2154,-20.403724],[44.21715,-20.405084],[44.217714,-20.400212]]],[[[44.239946,-18.962878],[44.238007,-18.964347],[44.238983,-18.964999],[44.239946,-18.962878]]],[[[44.238575,-18.95857],[44.237727,-18.960057],[44.238981,-18.960577],[44.238575,-18.95857]]],[[[44.246737,-18.957069],[44.246215,-18.961177],[44.253394,-18.961154],[44.246737,-18.957069]]],[[[44.243394,-18.913051],[44.236204,-18.903816],[44.237563,-18.925779],[44.243394,-18.913051]]],[[[43.931128,-18.583705],[43.923508,-18.587453],[43.932986,-18.590191],[43.931128,-18.583705]]],[[[43.886,-18.564331],[43.882352,-18.568497],[43.884399,-18.569478],[43.886,-18.564331]]],[[[43.896721,-18.553143],[43.892353,-18.561088],[43.897256,-18.559315],[43.896721,-18.553143]]],[[[43.855602,-18.553363],[43.855632,-18.555666],[43.860038,-18.55566],[43.855602,-18.553363]]],[[[43.804386,-18.491191],[43.802953,-18.488979],[43.801107,-18.496775],[43.804386,-18.491191]]],[[[43.931245,-18.418044],[43.92452,-18.424304],[43.927193,-18.426883],[43.931245,-18.418044]]],[[[43.750831,-18.316806],[43.74783,-18.314962],[43.746574,-18.319031],[43.750831,-18.316806]]],[[[44.100069,-17.704787],[44.097956,-17.707442],[44.104784,-17.706247],[44.100069,-17.704787]]],[[[43.766447,-17.489332],[43.762886,-17.491202],[43.766622,-17.491991],[43.766447,-17.489332]]],[[[43.948043,-17.454744],[43.939818,-17.456366],[43.933002,-17.481115],[43.948043,-17.454744]]],[[[43.964405,-16.324044],[43.9629,-16.325685],[43.964943,-16.32745],[43.964405,-16.324044]]],[[[43.726835,-12.412807],[43.714525,-12.401698],[43.724734,-12.419681],[43.726835,-12.412807]]],[[[43.702939,-12.390868],[43.703536,-12.415166],[43.71265,-12.396621],[43.702939,-12.390868]]],[[[43.729856,-12.401014],[43.728477,-12.401043],[43.731046,-12.403336],[43.729856,-12.401014]]],[[[43.645633,-12.398313],[43.640424,-12.398025],[43.642058,-12.404825],[43.645633,-12.398313]]],[[[43.673906,-12.394],[43.65098,-12.407838],[43.672392,-12.401422],[43.673906,-12.394]]],[[[43.69708,-12.39551],[43.695502,-12.397297],[43.697386,-12.398111],[43.69708,-12.39551]]],[[[43.740075,-12.383098],[43.734838,-12.386677],[43.741393,-12.387469],[43.740075,-12.383098]]],[[[43.894615,-12.379832],[43.893155,-12.381153],[43.895307,-12.382623],[43.894615,-12.379832]]],[[[43.761853,-12.377631],[43.761372,-12.379599],[43.763304,-12.380392],[43.761853,-12.377631]]],[[[43.874872,-12.374947],[43.873354,-12.376477],[43.87757,-12.377427],[43.874872,-12.374947]]],[[[43.918324,-12.371931],[43.918394,-12.373963],[43.9216,-12.372207],[43.918324,-12.371931]]],[[[43.661011,-12.363742],[43.663156,-12.364305],[43.662455,-12.363011],[43.661011,-12.363742]]],[[[43.734284,-12.270378],[43.719737,-12.272136],[43.648967,-12.25],[43.626224,-12.263067],[43.622053,-12.285933],[43.637988,-12.318992],[43.660872,-12.331334],[43.667593,-12.348087],[43.658994,-12.361087],[43.8132,-12.375811],[43.865381,-12.392525],[43.870223,-12.362442],[43.859527,-12.347159],[43.833456,-12.329546],[43.80034,-12.320636],[43.734284,-12.270378]]],[[[44.200228,-12.162275],[44.20338,-12.167389],[44.206522,-12.162322],[44.200228,-12.162275]]],[[[43.263329,-11.451404],[43.277697,-11.504113],[43.265448,-11.534864],[43.267807,-11.579659],[43.259701,-11.600583],[43.266092,-11.673248],[43.229218,-11.732318],[43.239146,-11.780903],[43.261832,-11.797058],[43.279164,-11.838707],[43.312337,-11.858941],[43.35797,-11.856256],[43.383294,-11.863083],[43.396566,-11.888199],[43.435711,-11.924633],[43.470459,-11.939808],[43.49792,-11.925326],[43.498714,-11.909411],[43.514311,-11.899896],[43.510611,-11.877378],[43.498843,-11.870793],[43.468255,-11.823921],[43.452235,-11.785311],[43.45552,-11.74949],[43.421478,-11.675607],[43.395787,-11.645229],[43.391656,-11.612253],[43.406364,-11.553017],[43.407684,-11.512332],[43.398873,-11.485505],[43.416627,-11.435638],[43.393213,-11.374338],[43.356674,-11.365249],[43.302254,-11.3785],[43.279247,-11.396628],[43.263329,-11.451404]]],[[[44.040762,1.105943],[44.036605,1.105547],[44.035849,1.101743],[44.040762,1.105943]]],[[[43.497165,11.375539],[43.504109,11.372533],[43.502927,11.374697],[43.497165,11.375539]]],[[[43.460105,11.449439],[43.448093,11.43507],[43.464566,11.41636],[43.475824,11.439803],[43.460105,11.449439]]],[[[43.372813,11.441581],[43.368885,11.442399],[43.37186,11.43539],[43.372813,11.441581]]],[[[43.336837,11.448388],[43.332956,11.448251],[43.335625,11.444556],[43.336837,11.448388]]],[[[43.363737,11.465896],[43.35948,11.464008],[43.364983,11.462362],[43.363737,11.465896]]],[[[43.28584,11.488014],[43.281084,11.485374],[43.29069,11.487808],[43.28584,11.488014]]],[[[43.468203,11.512372],[43.463548,11.515373],[43.45013,11.489735],[43.468203,11.512372]]],[[[42.93279,12.820455],[42.930621,12.821385],[42.932193,12.817312],[42.93279,12.820455]]],[[[42.974073,12.82237],[42.971764,12.825978],[42.971975,12.820791],[42.974073,12.82237]]],[[[42.880511,12.825652],[42.889576,12.818959],[42.879935,12.828771],[42.880511,12.825652]]],[[[42.923706,12.822684],[42.930287,12.82598],[42.925538,12.831395],[42.923706,12.822684]]],[[[42.940827,12.823629],[42.959505,12.825238],[42.930086,12.844368],[42.940827,12.823629]]],[[[42.906229,12.841093],[42.912053,12.840587],[42.9075,12.843534],[42.906229,12.841093]]],[[[42.913089,12.845432],[42.911494,12.843238],[42.915298,12.842523],[42.913089,12.845432]]],[[[42.865965,12.855592],[42.869896,12.850522],[42.871113,12.852451],[42.865965,12.855592]]],[[[42.903061,12.857701],[42.898721,12.849767],[42.91925,12.850086],[42.903061,12.857701]]],[[[42.869477,12.859509],[42.871221,12.857304],[42.872717,12.857709],[42.869477,12.859509]]],[[[42.879168,12.876184],[42.881426,12.859951],[42.893437,12.861524],[42.879168,12.876184]]],[[[42.984872,12.873496],[42.981511,12.870758],[42.981732,12.867085],[42.984872,12.873496]]],[[[42.809138,12.874128],[42.794502,12.878934],[42.793548,12.86509],[42.814966,12.861684],[42.809138,12.874128]]],[[[42.848915,12.874056],[42.865088,12.865841],[42.866845,12.8796],[42.848915,12.874056]]],[[[42.835752,12.875935],[42.838228,12.86836],[42.844771,12.877232],[42.835752,12.875935]]],[[[42.975534,12.887089],[42.969103,12.888642],[42.974983,12.88495],[42.975534,12.887089]]],[[[42.929995,12.893173],[42.931462,12.892699],[42.930451,12.894125],[42.929995,12.893173]]],[[[42.977837,12.899407],[42.967099,12.90744],[42.973411,12.889732],[42.977837,12.899407]]],[[[42.924031,12.899934],[42.925525,12.897262],[42.92692,12.898275],[42.924031,12.899934]]],[[[42.8731,12.904942],[42.864696,12.901011],[42.86747,12.898089],[42.8731,12.904942]]],[[[42.975905,12.904596],[42.974301,12.904499],[42.97778,12.902385],[42.975905,12.904596]]],[[[42.968642,12.908065],[42.971506,12.905328],[42.974421,12.905535],[42.968642,12.908065]]],[[[42.910093,12.914731],[42.919606,12.906813],[42.92281,12.912009],[42.910093,12.914731]]],[[[42.909022,12.964952],[42.888765,12.958732],[42.900667,12.924768],[42.933951,12.924895],[42.927656,12.903063],[42.948332,12.873993],[42.951687,12.931044],[42.96611,12.936078],[42.909022,12.964952]]],[[[42.827346,12.937752],[42.823887,12.936064],[42.825592,12.932926],[42.827346,12.937752]]],[[[43.004731,12.939591],[43.005749,12.939214],[43.005806,12.939608],[43.004731,12.939591]]],[[[42.80062,12.958071],[42.820083,12.950117],[42.826966,12.960722],[42.80062,12.958071]]],[[[42.860273,12.953803],[42.84931,12.965573],[42.851552,12.98202],[42.839278,12.990234],[42.837015,12.965221],[42.847889,12.941126],[42.860273,12.953803]]],[[[42.813562,12.974944],[42.813398,12.969749],[42.816785,12.966872],[42.813562,12.974944]]],[[[42.896791,12.977458],[42.892735,12.974701],[42.905154,12.965801],[42.896791,12.977458]]],[[[42.887158,12.982816],[42.87602,12.975912],[42.889328,12.962863],[42.887158,12.982816]]],[[[42.919734,12.995556],[42.931299,12.983429],[42.94123,12.982795],[42.919734,12.995556]]],[[[42.81221,13.001982],[42.810834,12.99846],[42.816113,12.996503],[42.81221,13.001982]]],[[[42.889442,13.003882],[42.889021,13.006677],[42.885707,13.001399],[42.889442,13.003882]]],[[[42.887198,13.012024],[42.888889,13.015373],[42.885719,13.016004],[42.887198,13.012024]]],[[[42.880309,13.02125],[42.879015,13.020198],[42.882613,13.018022],[42.880309,13.02125]]],[[[42.882483,13.003407],[42.853453,13.039173],[42.872081,13.043141],[42.853024,13.040978],[42.843486,13.01846],[42.882483,13.003407]]],[[[45.082632,-21.9525],[45.080168,-21.952465],[45.081019,-21.956784],[45.082632,-21.9525]]],[[[45.076086,-21.883694],[45.07482,-21.88351],[45.075303,-21.888579],[45.076086,-21.883694]]],[[[45.082142,-21.861215],[45.082777,-21.863995],[45.083805,-21.863947],[45.082142,-21.861215]]],[[[44.41323,-21.838026],[44.416721,-21.838281],[44.416031,-21.837681],[44.41323,-21.838026]]],[[[45.130608,-21.804561],[45.128959,-21.807346],[45.130264,-21.807077],[45.130608,-21.804561]]],[[[44.507112,-21.799855],[44.504915,-21.800044],[44.505131,-21.801627],[44.507112,-21.799855]]],[[[44.709,-21.749391],[44.70591,-21.751311],[44.709013,-21.752131],[44.709,-21.749391]]],[[[44.647479,-21.74718],[44.649925,-21.745721],[44.642813,-21.745142],[44.647479,-21.74718]]],[[[44.763847,-21.739682],[44.762682,-21.741155],[44.764436,-21.741339],[44.763847,-21.739682]]],[[[44.781328,-21.736292],[44.780267,-21.73832],[44.786177,-21.737614],[44.781328,-21.736292]]],[[[44.788152,-21.73366],[44.784486,-21.735063],[44.789434,-21.737216],[44.788152,-21.73366]]],[[[44.899578,-21.716513],[44.894577,-21.718816],[44.900504,-21.718009],[44.899578,-21.716513]]],[[[45.133982,-21.697481],[45.134608,-21.700867],[45.136568,-21.698564],[45.133982,-21.697481]]],[[[45.138894,-21.686008],[45.136933,-21.689358],[45.138271,-21.692736],[45.138894,-21.686008]]],[[[45.138924,-21.683287],[45.138644,-21.679976],[45.13715,-21.685713],[45.138924,-21.683287]]],[[[45.023958,-21.679175],[45.021359,-21.679814],[45.023908,-21.680404],[45.023958,-21.679175]]],[[[45.314646,-21.663272],[45.312674,-21.666088],[45.315159,-21.665528],[45.314646,-21.663272]]],[[[45.098696,-21.662232],[45.101327,-21.666602],[45.1025,-21.6626],[45.098696,-21.662232]]],[[[45.111953,-21.661854],[45.108543,-21.663576],[45.109106,-21.664447],[45.111953,-21.661854]]],[[[45.315248,-21.658339],[45.320458,-21.65952],[45.319962,-21.653958],[45.315248,-21.658339]]],[[[45.323494,-21.650032],[45.321071,-21.651836],[45.323545,-21.652184],[45.323494,-21.650032]]],[[[45.323577,-21.645489],[45.321571,-21.642695],[45.321026,-21.647513],[45.323577,-21.645489]]],[[[45.336527,-21.624653],[45.336355,-21.62657],[45.339088,-21.626054],[45.336527,-21.624653]]],[[[45.382104,-21.597858],[45.375038,-21.599761],[45.375331,-21.606992],[45.382104,-21.597858]]],[[[45.381013,-21.595917],[45.380387,-21.596529],[45.382928,-21.596681],[45.381013,-21.595917]]],[[[45.425564,-21.542876],[45.421607,-21.544365],[45.422184,-21.546224],[45.425564,-21.542876]]],[[[45.415733,-21.531882],[45.426481,-21.541391],[45.441131,-21.513082],[45.415733,-21.531882]]],[[[45.427083,-21.515813],[45.425635,-21.517127],[45.426448,-21.517267],[45.427083,-21.515813]]],[[[45.428526,-21.512251],[45.426858,-21.514252],[45.429389,-21.514319],[45.428526,-21.512251]]],[[[45.442273,-21.508682],[45.441574,-21.512085],[45.443708,-21.510156],[45.442273,-21.508682]]],[[[45.450061,-21.497657],[45.446295,-21.500174],[45.451538,-21.49903],[45.450061,-21.497657]]],[[[44.549536,-20.784156],[44.549292,-20.786965],[44.55052,-20.787674],[44.549536,-20.784156]]],[[[44.527411,-20.762306],[44.522925,-20.765983],[44.531406,-20.767934],[44.527411,-20.762306]]],[[[44.520621,-20.756946],[44.51565,-20.757907],[44.524166,-20.758006],[44.520621,-20.756946]]],[[[44.481741,-20.751482],[44.482376,-20.753558],[44.48461,-20.753555],[44.481741,-20.751482]]],[[[44.459794,-20.735941],[44.465335,-20.739664],[44.463461,-20.736239],[44.459794,-20.735941]]],[[[44.450689,-20.730644],[44.45799,-20.733396],[44.45484,-20.730486],[44.450689,-20.730644]]],[[[44.448919,-20.725495],[44.447545,-20.726459],[44.449727,-20.72755],[44.448919,-20.725495]]],[[[44.417091,-20.686105],[44.425097,-20.697144],[44.431054,-20.696225],[44.417091,-20.686105]]],[[[44.398136,-20.670548],[44.404923,-20.687631],[44.417713,-20.695433],[44.398136,-20.670548]]],[[[44.406366,-20.675223],[44.40745,-20.678667],[44.410626,-20.680685],[44.406366,-20.675223]]],[[[44.404524,-20.672873],[44.40185,-20.672124],[44.404459,-20.674225],[44.404524,-20.672873]]],[[[44.366835,-20.628699],[44.365854,-20.630534],[44.368263,-20.633047],[44.366835,-20.628699]]],[[[44.364765,-20.617572],[44.366629,-20.619891],[44.366097,-20.617781],[44.364765,-20.617572]]],[[[44.346739,-20.596151],[44.336898,-20.587437],[44.346754,-20.600881],[44.346739,-20.596151]]],[[[44.368692,-20.143052],[44.364656,-20.147458],[44.365962,-20.151322],[44.368692,-20.143052]]],[[[44.42358,-20.069411],[44.422393,-20.073279],[44.424543,-20.072407],[44.42358,-20.069411]]],[[[44.480423,-19.981429],[44.48277,-19.982638],[44.483102,-19.981375],[44.480423,-19.981429]]],[[[44.483342,-19.956403],[44.482724,-19.958358],[44.485217,-19.959703],[44.483342,-19.956403]]],[[[44.442421,-19.85314],[44.449212,-19.86693],[44.456576,-19.849546],[44.442421,-19.85314]]],[[[44.462913,-19.831453],[44.449361,-19.834641],[44.452689,-19.847342],[44.462913,-19.831453]]],[[[44.471893,-19.677425],[44.469772,-19.679031],[44.473099,-19.678643],[44.471893,-19.677425]]],[[[44.471197,-19.67727],[44.461466,-19.667989],[44.463857,-19.684948],[44.471197,-19.67727]]],[[[44.41545,-19.659763],[44.41149,-19.662586],[44.415976,-19.661227],[44.41545,-19.659763]]],[[[44.439397,-19.640676],[44.427505,-19.633658],[44.418036,-19.638697],[44.439397,-19.640676]]],[[[44.438225,-19.572146],[44.427912,-19.573324],[44.422229,-19.582152],[44.438225,-19.572146]]],[[[44.407427,-16.603264],[44.406056,-16.606459],[44.408984,-16.607969],[44.407427,-16.603264]]],[[[44.417874,-16.593145],[44.414864,-16.592746],[44.417026,-16.596264],[44.417874,-16.593145]]],[[[44.440699,-16.453789],[44.438383,-16.451393],[44.442622,-16.458208],[44.440699,-16.453789]]],[[[44.434662,-16.43118],[44.436874,-16.434052],[44.437155,-16.433076],[44.434662,-16.43118]]],[[[44.510044,-16.193196],[44.507594,-16.192789],[44.50852,-16.194286],[44.510044,-16.193196]]],[[[44.509107,-16.192142],[44.509812,-16.192336],[44.506214,-16.189453],[44.509107,-16.192142]]],[[[44.960423,-16.180737],[44.959355,-16.183786],[44.965288,-16.185187],[44.960423,-16.180737]]],[[[45.562511,-16.038618],[45.55877,-16.038527],[45.558024,-16.042529],[45.562511,-16.038618]]],[[[45.566636,-16.030498],[45.565254,-16.03058],[45.564908,-16.032646],[45.566636,-16.030498]]],[[[45.395888,-16.024243],[45.393152,-16.028397],[45.396971,-16.026951],[45.395888,-16.024243]]],[[[45.396865,-16.018702],[45.395073,-16.020126],[45.397563,-16.020622],[45.396865,-16.018702]]],[[[45.599767,-15.993995],[45.599006,-15.992498],[45.598701,-15.996094],[45.599767,-15.993995]]],[[[45.518615,-15.954188],[45.518968,-15.956689],[45.521152,-15.955768],[45.518615,-15.954188]]],[[[46.294742,-15.90426],[46.310382,-15.937779],[46.326082,-15.939466],[46.294742,-15.90426]]],[[[46.045022,-15.858981],[46.044523,-15.862123],[46.051946,-15.866411],[46.045022,-15.858981]]],[[[45.976163,-15.835421],[45.977355,-15.840916],[45.994618,-15.833859],[45.976163,-15.835421]]],[[[46.05802,-15.810022],[46.052907,-15.812003],[46.054688,-15.813058],[46.05802,-15.810022]]],[[[45.979583,-15.804562],[45.97147,-15.81072],[45.981342,-15.810001],[45.979583,-15.804562]]],[[[46.079595,-15.785135],[46.076311,-15.786451],[46.077966,-15.788103],[46.079595,-15.785135]]],[[[45.909093,-15.706112],[45.901336,-15.708581],[45.900956,-15.722504],[45.909093,-15.706112]]],[[[44.502875,-12.16335],[44.499812,-12.136734],[44.486263,-12.115545],[44.491856,-12.105448],[44.481253,-12.078781],[44.46605,-12.068442],[44.417503,-12.094251],[44.432567,-12.114681],[44.418941,-12.153873],[44.400661,-12.157783],[44.375951,-12.182987],[44.308025,-12.197216],[44.243443,-12.181875],[44.238,-12.171126],[44.204497,-12.170066],[44.22133,-12.188775],[44.319463,-12.239446],[44.339785,-12.237291],[44.386093,-12.255182],[44.404266,-12.284929],[44.472345,-12.332072],[44.493076,-12.356166],[44.490215,-12.376139],[44.51551,-12.385737],[44.527613,-12.381994],[44.537909,-12.348905],[44.530062,-12.338359],[44.524492,-12.282557],[44.534316,-12.24588],[44.502875,-12.16335]]],[[[46.263165,-9.45947],[46.266444,-9.459933],[46.26493,-9.455959],[46.263165,-9.45947]]],[[[46.234258,-9.436073],[46.239098,-9.445655],[46.242488,-9.441953],[46.234258,-9.436073]]],[[[46.251395,-9.430401],[46.257946,-9.427507],[46.250569,-9.425277],[46.251395,-9.430401]]],[[[46.210732,-9.412524],[46.208332,-9.416369],[46.211219,-9.417843],[46.210732,-9.412524]]],[[[46.210246,-9.410902],[46.208249,-9.411995],[46.21048,-9.411925],[46.210246,-9.410902]]],[[[46.211261,-9.409606],[46.207559,-9.409598],[46.209232,-9.410785],[46.211261,-9.409606]]],[[[46.211857,-9.405546],[46.207415,-9.405769],[46.211393,-9.408635],[46.211857,-9.405546]]],[[[46.233377,-9.394745],[46.230688,-9.396408],[46.232028,-9.39685],[46.233377,-9.394745]]],[[[46.228589,-9.404689],[46.223163,-9.389667],[46.240284,-9.379],[46.239913,-9.371008],[46.211497,-9.377562],[46.203094,-9.393882],[46.228589,-9.404689]]],[[[46.273778,-9.382086],[46.275276,-9.383786],[46.276255,-9.382084],[46.273778,-9.382086]]],[[[46.436686,-9.382965],[46.439532,-9.374053],[46.390983,-9.366682],[46.250851,-9.369449],[46.283153,-9.378378],[46.284771,-9.377486],[46.285635,-9.379064],[46.312423,-9.386469],[46.337313,-9.380331],[46.369214,-9.386917],[46.436686,-9.382965]]],[[[46.283153,-9.378378],[46.282073,-9.378974],[46.286187,-9.380072],[46.285635,-9.379064],[46.283153,-9.378378]]],[[[45.090881,1.90687],[45.09043,1.908005],[45.089109,1.906016],[45.090881,1.90687]]],[[[46.721662,-25.180476],[46.718637,-25.181674],[46.720941,-25.18248],[46.721662,-25.180476]]],[[[46.435589,-25.163076],[46.431474,-25.158867],[46.435402,-25.165328],[46.435589,-25.163076]]],[[[46.914966,-25.051312],[46.917652,-25.055641],[46.919724,-25.056032],[46.914966,-25.051312]]],[[[47.122645,-24.937753],[47.119438,-24.946673],[47.125428,-24.939286],[47.122645,-24.937753]]],[[[47.205482,-24.77704],[47.204469,-24.782469],[47.207205,-24.779626],[47.205482,-24.77704]]],[[[47.206066,-24.774378],[47.208997,-24.774961],[47.209271,-24.771953],[47.206066,-24.774378]]],[[[47.210244,-24.760808],[47.210024,-24.757837],[47.208684,-24.763792],[47.210244,-24.760808]]],[[[47.345934,-24.30556],[47.341197,-24.308995],[47.345039,-24.314898],[47.345934,-24.30556]]],[[[47.353104,-24.28783],[47.348716,-24.294549],[47.349419,-24.295081],[47.353104,-24.28783]]],[[[47.328377,-24.280964],[47.33607,-24.2876],[47.341142,-24.28435],[47.328377,-24.280964]]],[[[47.356542,-24.272831],[47.345301,-24.279187],[47.354719,-24.2794],[47.356542,-24.272831]]],[[[47.464005,-24.045731],[47.465299,-24.045877],[47.466017,-24.045096],[47.464005,-24.045731]]],[[[47.701039,-23.342483],[47.698956,-23.342494],[47.697693,-23.353673],[47.701039,-23.342483]]],[[[47.696205,-23.34495],[47.692587,-23.347408],[47.696179,-23.346927],[47.696205,-23.34495]]],[[[47.703334,-23.337645],[47.701356,-23.3392],[47.702071,-23.340009],[47.703334,-23.337645]]],[[[46.685631,-16.446629],[46.687674,-16.447889],[46.687539,-16.446764],[46.685631,-16.446629]]],[[[46.683189,-16.445346],[46.682461,-16.445766],[46.68422,-16.446508],[46.683189,-16.445346]]],[[[46.596954,-16.41429],[46.593232,-16.416785],[46.593942,-16.417362],[46.596954,-16.41429]]],[[[46.526441,-16.392951],[46.523196,-16.404529],[46.530967,-16.412728],[46.526441,-16.392951]]],[[[46.575465,-16.355106],[46.568054,-16.370993],[46.573054,-16.3719],[46.575465,-16.355106]]],[[[46.569163,-16.292188],[46.568629,-16.288659],[46.564845,-16.295869],[46.569163,-16.292188]]],[[[46.567586,-16.287156],[46.563345,-16.28618],[46.562613,-16.294667],[46.567586,-16.287156]]],[[[46.546957,-16.247631],[46.546577,-16.251628],[46.549606,-16.25318],[46.546957,-16.247631]]],[[[46.556777,-16.189068],[46.554952,-16.196149],[46.558334,-16.190205],[46.556777,-16.189068]]],[[[46.550995,-16.179807],[46.54431,-16.209361],[46.562855,-16.171875],[46.550995,-16.179807]]],[[[46.570364,-16.163007],[46.56624,-16.168166],[46.57099,-16.171875],[46.570364,-16.163007]]],[[[46.582866,-16.150692],[46.572686,-16.156636],[46.575849,-16.165616],[46.582866,-16.150692]]],[[[46.588936,-16.074686],[46.58961,-16.076398],[46.590855,-16.076228],[46.588936,-16.074686]]],[[[46.574591,-16.047888],[46.576699,-16.049333],[46.576783,-16.048309],[46.574591,-16.047888]]],[[[46.574295,-16.044095],[46.571838,-16.044246],[46.573425,-16.047279],[46.574295,-16.044095]]],[[[46.479315,-16.00907],[46.482213,-16.010059],[46.48041,-16.00912],[46.479315,-16.00907]]],[[[46.464954,-16.001829],[46.464994,-16.003139],[46.471211,-16.005511],[46.464954,-16.001829]]],[[[46.314065,-15.94232],[46.318259,-15.95755],[46.344098,-15.96292],[46.36527,-15.97721],[46.4183,-16.025723],[46.534109,-16.059562],[46.568105,-16.054593],[46.558332,-16.029784],[46.528576,-16.035334],[46.525171,-16.036523],[46.524514,-16.036092],[46.522311,-16.036502],[46.314065,-15.94232]]],[[[46.454731,-15.996094],[46.452132,-15.996094],[46.483612,-16.009245],[46.524514,-16.036092],[46.528576,-16.035334],[46.554256,-16.026368],[46.527232,-16.0217],[46.461779,-15.974813],[46.40625,-15.970424],[46.431101,-15.987308],[46.451198,-15.995703],[46.451687,-15.995014],[46.454731,-15.996094]]],[[[46.452132,-15.996094],[46.451198,-15.995703],[46.45092,-15.996094],[46.452132,-15.996094]]],[[[46.394792,-16.028709],[46.418945,-16.026893],[46.377022,-15.993991],[46.338206,-15.962639],[46.318701,-15.961223],[46.327681,-15.987327],[46.394792,-16.028709]]],[[[46.433756,-15.991873],[46.438154,-15.992713],[46.433023,-15.989662],[46.433756,-15.991873]]],[[[46.539624,-15.992603],[46.520638,-15.984833],[46.542292,-15.996094],[46.539624,-15.992603]]],[[[46.404033,-15.970754],[46.397378,-15.971851],[46.409885,-15.976062],[46.404033,-15.970754]]],[[[46.409876,-15.954491],[46.417112,-15.962302],[46.423525,-15.961732],[46.409876,-15.954491]]],[[[46.416009,-15.964633],[46.40625,-15.954241],[46.374207,-15.94457],[46.383386,-15.954882],[46.416009,-15.964633]]],[[[46.418902,-15.92997],[46.393137,-15.927788],[46.410523,-15.949197],[46.451758,-15.966592],[46.418902,-15.92997]]],[[[46.356759,-15.930285],[46.352609,-15.940085],[46.379198,-15.956839],[46.356759,-15.930285]]],[[[46.485927,-15.933395],[46.482786,-15.93382],[46.490231,-15.937626],[46.485927,-15.933395]]],[[[46.359336,-15.92045],[46.375661,-15.941293],[46.394858,-15.944353],[46.359336,-15.92045]]],[[[46.427776,-15.92144],[46.42457,-15.928714],[46.440081,-15.942801],[46.427776,-15.92144]]],[[[46.4763,-15.92581],[46.467491,-15.923868],[46.482975,-15.932083],[46.4763,-15.92581]]],[[[46.32239,-15.912469],[46.327981,-15.92538],[46.345305,-15.933484],[46.32239,-15.912469]]],[[[46.419154,-15.928814],[46.404021,-15.902931],[46.362499,-15.89235],[46.392061,-15.926287],[46.419154,-15.928814]]],[[[46.355778,-15.891322],[46.335988,-15.883674],[46.392513,-15.934675],[46.355778,-15.891322]]],[[[46.335948,-15.892088],[46.332619,-15.897994],[46.36902,-15.920608],[46.335948,-15.892088]]],[[[46.421874,-15.895259],[46.405765,-15.884981],[46.434323,-15.923101],[46.421874,-15.895259]]],[[[46.360009,-15.883059],[46.361873,-15.887262],[46.367689,-15.888668],[46.360009,-15.883059]]],[[[46.401237,-15.889809],[46.378345,-15.876183],[46.351058,-15.871409],[46.369207,-15.885142],[46.401237,-15.889809]]],[[[46.332719,-15.763183],[46.330133,-15.766379],[46.336159,-15.765956],[46.332719,-15.763183]]],[[[46.340018,-15.732263],[46.346794,-15.738914],[46.35915,-15.734125],[46.340018,-15.732263]]],[[[46.913253,-15.594251],[46.910713,-15.595708],[46.912059,-15.596087],[46.913253,-15.594251]]],[[[46.910561,-15.593815],[46.90811,-15.595873],[46.909202,-15.595987],[46.910561,-15.593815]]],[[[46.941451,-15.570266],[46.909299,-15.589193],[46.94264,-15.586394],[46.941451,-15.570266]]],[[[47.028369,-15.520507],[47.042472,-15.536477],[47.038594,-15.554507],[47.050159,-15.540424],[47.047073,-15.518877],[47.028369,-15.520507]]],[[[47.006772,-15.506831],[47.029772,-15.543868],[47.040376,-15.540358],[47.006772,-15.506831]]],[[[46.477292,-15.519658],[46.473119,-15.522233],[46.474647,-15.523235],[46.477292,-15.519658]]],[[[46.479767,-15.518932],[46.480433,-15.520786],[46.481801,-15.518468],[46.479767,-15.518932]]],[[[47.027187,-15.519354],[47.034575,-15.507928],[47.017721,-15.486023],[47.011109,-15.496783],[47.027187,-15.519354]]],[[[47.033309,-15.488869],[47.033707,-15.498989],[47.039863,-15.506262],[47.033309,-15.488869]]],[[[47.049975,-15.489322],[47.034803,-15.484201],[47.047125,-15.508481],[47.049975,-15.489322]]],[[[47.028141,-15.483504],[47.025454,-15.488707],[47.030592,-15.494854],[47.028141,-15.483504]]],[[[47.058957,-15.478776],[47.05844,-15.48633],[47.08045,-15.494003],[47.058957,-15.478776]]],[[[47.085174,-15.479257],[47.085083,-15.48748],[47.087176,-15.48727],[47.085174,-15.479257]]],[[[47.062224,-15.478561],[47.080962,-15.491581],[47.072713,-15.468607],[47.062224,-15.478561]]],[[[47.086544,-15.468608],[47.085127,-15.470935],[47.087037,-15.472197],[47.086544,-15.468608]]],[[[47.181058,-15.476813],[47.198105,-15.470806],[47.158345,-15.462283],[47.181058,-15.476813]]],[[[47.171132,-15.457577],[47.16562,-15.45998],[47.182284,-15.466337],[47.171132,-15.457577]]],[[[47.126194,-15.45203],[47.130206,-15.452963],[47.128803,-15.451688],[47.126194,-15.45203]]],[[[47.174391,-15.449679],[47.171093,-15.450263],[47.174074,-15.45124],[47.174391,-15.449679]]],[[[47.179311,-15.445217],[47.183309,-15.447962],[47.187182,-15.447742],[47.179311,-15.445217]]],[[[47.21279,-15.444632],[47.211605,-15.440974],[47.207307,-15.446904],[47.21279,-15.444632]]],[[[47.220894,-15.426095],[47.193005,-15.428075],[47.174992,-15.44081],[47.192364,-15.449189],[47.220894,-15.426095]]],[[[47.180787,-15.431137],[47.174575,-15.431538],[47.178411,-15.436366],[47.180787,-15.431137]]],[[[47.183466,-15.427987],[47.179822,-15.428976],[47.183345,-15.42978],[47.183466,-15.427987]]],[[[47.196337,-15.42659],[47.196869,-15.427796],[47.199085,-15.427262],[47.196337,-15.42659]]],[[[46.661845,-15.425848],[46.664177,-15.428285],[46.66434,-15.425153],[46.661845,-15.425848]]],[[[47.174581,-15.426238],[47.189395,-15.426548],[47.177094,-15.423367],[47.174581,-15.426238]]],[[[46.671438,-15.418469],[46.665296,-15.425287],[46.668122,-15.428561],[46.671438,-15.418469]]],[[[47.219058,-15.419901],[47.213865,-15.422745],[47.219265,-15.423105],[47.219058,-15.419901]]],[[[47.167946,-15.401258],[47.171986,-15.41758],[47.180551,-15.419852],[47.167946,-15.401258]]],[[[47.24349,-15.407396],[47.238901,-15.412594],[47.25166,-15.410707],[47.24349,-15.407396]]],[[[47.078952,-15.307135],[47.081885,-15.308408],[47.083228,-15.30647],[47.078952,-15.307135]]],[[[47.435321,-15.10568],[47.433218,-15.107286],[47.436639,-15.108928],[47.435321,-15.10568]]],[[[47.481012,-15.080043],[47.481948,-15.086308],[47.486378,-15.085351],[47.481012,-15.080043]]],[[[47.332069,-14.893387],[47.333523,-14.898701],[47.335605,-14.895824],[47.332069,-14.893387]]],[[[47.364387,-14.893728],[47.364909,-14.895103],[47.366076,-14.894814],[47.364387,-14.893728]]],[[[47.329787,-14.890827],[47.32769,-14.88988],[47.328976,-14.891862],[47.329787,-14.890827]]],[[[47.358733,-14.887446],[47.355904,-14.892613],[47.359599,-14.893302],[47.358733,-14.887446]]],[[[47.372177,-14.880504],[47.370054,-14.880176],[47.370759,-14.882947],[47.372177,-14.880504]]],[[[47.925012,-14.852748],[47.922272,-14.858362],[47.923589,-14.861077],[47.925012,-14.852748]]],[[[47.932191,-14.849028],[47.926916,-14.851177],[47.928149,-14.857305],[47.932191,-14.849028]]],[[[47.935471,-14.846718],[47.935539,-14.848465],[47.938288,-14.846447],[47.935471,-14.846718]]],[[[47.90258,-14.654275],[47.897196,-14.655643],[47.902112,-14.657385],[47.90258,-14.654275]]],[[[47.878055,-14.652385],[47.872193,-14.652138],[47.883358,-14.6583],[47.878055,-14.652385]]],[[[47.858608,-14.640284],[47.865402,-14.645806],[47.869419,-14.643284],[47.858608,-14.640284]]],[[[47.678802,-14.640465],[47.673681,-14.640444],[47.676237,-14.643254],[47.678802,-14.640465]]],[[[47.939262,-14.648379],[47.941031,-14.62912],[47.902914,-14.635259],[47.90664,-14.650592],[47.939262,-14.648379]]],[[[47.592907,-14.634321],[47.589233,-14.63482],[47.591367,-14.637288],[47.592907,-14.634321]]],[[[47.840778,-14.602327],[47.832943,-14.607331],[47.84476,-14.605948],[47.840778,-14.602327]]],[[[47.678949,-14.600325],[47.675595,-14.597686],[47.675474,-14.602342],[47.678949,-14.600325]]],[[[47.598145,-14.596455],[47.595915,-14.598032],[47.597651,-14.597942],[47.598145,-14.596455]]],[[[47.57802,-14.584346],[47.601673,-14.571221],[47.606901,-14.580455],[47.62862,-14.570776],[47.629414,-14.545004],[47.606369,-14.540715],[47.606609,-14.512101],[47.593881,-14.506087],[47.577283,-14.522956],[47.57802,-14.584346]]],[[[47.64881,-14.36149],[47.632512,-14.359846],[47.63523,-14.36634],[47.64881,-14.36149]]],[[[47.796984,-14.144041],[47.802822,-14.172604],[47.82269,-14.184144],[47.830609,-14.177212],[47.796984,-14.144041]]],[[[47.955296,-14.134035],[47.952754,-14.129439],[47.955018,-14.1386],[47.955296,-14.134035]]],[[[47.733881,-14.11762],[47.745259,-14.124319],[47.757336,-14.110813],[47.733881,-14.11762]]],[[[47.980191,-14.06726],[47.975738,-14.068806],[47.979255,-14.070559],[47.980191,-14.06726]]],[[[47.787196,-13.969898],[47.776939,-14.00156],[47.785865,-14.037949],[47.832519,-14.056503],[47.787196,-13.969898]]],[[[47.778755,-13.948699],[47.762851,-13.936846],[47.770908,-13.95729],[47.778755,-13.948699]]],[[[47.982304,-13.939283],[47.975165,-13.946124],[47.981651,-13.951955],[47.982304,-13.939283]]],[[[47.825961,-13.609374],[47.82606,-13.614287],[47.830072,-13.615154],[47.825961,-13.609374]]],[[[47.8125,-13.592355],[47.823036,-13.595973],[47.817731,-13.588332],[47.8125,-13.592355]]],[[[47.962046,-13.509055],[47.960997,-13.512127],[47.962888,-13.511293],[47.962046,-13.509055]]],[[[47.951654,-13.503675],[47.949656,-13.504377],[47.951224,-13.505074],[47.951654,-13.503675]]],[[[47.970927,-13.487255],[47.977751,-13.490599],[47.97849,-13.484723],[47.970927,-13.487255]]],[[[47.737895,-10.093386],[47.737329,-10.095315],[47.739512,-10.096478],[47.737895,-10.093386]]],[[[47.746924,-10.110331],[47.761572,-10.091673],[47.756232,-10.065245],[47.743521,-10.055456],[47.719592,-10.089705],[47.72995,-10.097563],[47.744648,-10.066602],[47.758169,-10.075693],[47.752133,-10.093807],[47.73474,-10.101316],[47.746924,-10.110331]]],[[[47.573828,-9.770314],[47.578905,-9.772241],[47.595584,-9.768496],[47.573828,-9.770314]]],[[[47.608306,-9.763837],[47.605809,-9.761734],[47.607487,-9.76481],[47.608306,-9.763837]]],[[[47.649445,-9.7479],[47.656789,-9.736564],[47.650865,-9.736175],[47.649445,-9.7479]]],[[[47.509822,-9.730338],[47.50893,-9.73287],[47.510221,-9.733667],[47.509822,-9.730338]]],[[[47.656216,-9.727888],[47.655993,-9.730152],[47.658184,-9.729975],[47.656216,-9.727888]]],[[[46.512279,-9.724013],[46.490383,-9.743069],[46.507162,-9.754155],[46.52379,-9.733945],[46.524279,-9.703867],[46.512947,-9.70053],[46.512279,-9.724013]]],[[[47.657632,-9.715521],[47.655717,-9.725357],[47.657452,-9.726608],[47.657632,-9.715521]]],[[[47.509442,-9.705507],[47.507358,-9.728082],[47.529166,-9.704569],[47.509442,-9.705507]]],[[[47.537992,-9.701664],[47.53514,-9.703875],[47.538704,-9.703136],[47.537992,-9.701664]]],[[[47.643721,-9.698324],[47.643037,-9.700161],[47.647681,-9.702815],[47.643721,-9.698324]]],[[[47.585341,-9.661514],[47.583483,-9.664906],[47.589088,-9.66345],[47.585341,-9.661514]]],[[[47.574607,-9.659325],[47.57404,-9.656848],[47.570303,-9.664164],[47.574607,-9.659325]]],[[[47.579262,-9.658991],[47.579279,-9.659997],[47.58174,-9.659809],[47.579262,-9.658991]]],[[[46.225205,-9.473331],[46.252934,-9.494082],[46.285907,-9.494627],[46.393088,-9.451351],[46.422199,-9.447911],[46.458113,-9.455886],[46.507363,-9.44029],[46.520262,-9.424781],[46.521701,-9.398149],[46.491841,-9.383428],[46.444011,-9.373991],[46.464239,-9.389321],[46.462495,-9.396459],[46.463215,-9.39786],[46.462265,-9.397401],[46.459425,-9.409027],[46.449242,-9.412483],[46.449213,-9.413587],[46.448593,-9.412703],[46.42784,-9.419745],[46.425132,-9.431015],[46.267272,-9.467335],[46.208862,-9.426451],[46.225205,-9.473331]],[[46.464339,-9.397207],[46.463791,-9.39674],[46.463558,-9.394508],[46.464339,-9.397207]]],[[[46.449242,-9.412483],[46.449493,-9.40277],[46.44434,-9.40664],[46.448593,-9.412703],[46.449242,-9.412483]]],[[[46.462495,-9.396459],[46.45987,-9.391355],[46.452684,-9.392767],[46.462265,-9.397401],[46.462495,-9.396459]]],[[[46.431363,-9.411202],[46.432221,-9.413472],[46.43412,-9.412233],[46.431363,-9.411202]]],[[[46.435795,-9.4117],[46.444032,-9.413217],[46.442958,-9.40996],[46.435795,-9.4117]]],[[[46.451988,-9.403957],[46.451803,-9.408904],[46.45442,-9.407261],[46.451988,-9.403957]]],[[[46.928511,10.918941],[46.926742,10.917572],[46.92906,10.91748],[46.928511,10.918941]]],[[[47.249113,11.229497],[47.239578,11.223581],[47.237363,11.217197],[47.249113,11.229497]]],[[[48.227581,-21.645082],[48.225088,-21.645698],[48.22567,-21.650008],[48.227581,-21.645082]]],[[[48.227312,-21.636858],[48.226093,-21.638393],[48.226393,-21.640798],[48.227312,-21.636858]]],[[[48.246139,-21.551062],[48.243372,-21.55277],[48.245394,-21.553122],[48.246139,-21.551062]]],[[[48.44267,-20.974083],[48.434112,-20.974389],[48.441757,-20.97829],[48.44267,-20.974083]]],[[[48.470742,-20.848661],[48.469718,-20.850603],[48.47135,-20.849882],[48.470742,-20.848661]]],[[[48.552819,-20.55453],[48.547172,-20.565424],[48.547758,-20.57184],[48.552819,-20.55453]]],[[[48.553082,-20.54716],[48.551008,-20.549925],[48.553121,-20.549473],[48.553082,-20.54716]]],[[[48.558029,-20.525273],[48.55808,-20.533545],[48.561395,-20.525482],[48.558029,-20.525273]]],[[[48.670158,-20.233049],[48.66645,-20.241515],[48.667193,-20.244897],[48.670158,-20.233049]]],[[[48.67718,-20.226039],[48.666664,-20.247924],[48.667623,-20.249069],[48.67718,-20.226039]]],[[[48.679623,-20.221405],[48.678045,-20.222436],[48.678483,-20.224488],[48.679623,-20.221405]]],[[[48.689494,-20.189801],[48.686708,-20.191885],[48.687915,-20.193781],[48.689494,-20.189801]]],[[[48.692737,-20.182093],[48.690505,-20.182453],[48.691477,-20.186114],[48.692737,-20.182093]]],[[[48.784462,-19.999738],[48.78235,-20.002338],[48.781706,-20.010183],[48.784462,-19.999738]]],[[[48.945192,-19.423871],[48.941783,-19.424856],[48.942384,-19.430092],[48.945192,-19.423871]]],[[[49.094573,-18.962353],[49.091096,-18.961987],[49.095468,-18.966133],[49.094573,-18.962353]]],[[[49.054552,-18.87111],[49.049828,-18.872651],[49.049927,-18.882694],[49.054552,-18.87111]]],[[[49.406705,-18.308213],[49.409925,-18.311333],[49.414595,-18.304565],[49.406705,-18.308213]]],[[[49.462671,-18.049533],[49.458929,-18.047742],[49.46169,-18.054692],[49.462671,-18.049533]]],[[[49.431486,-17.384619],[49.429537,-17.386771],[49.432665,-17.386197],[49.431486,-17.384619]]],[[[49.807289,-17.096521],[49.800146,-17.119111],[49.813033,-17.117855],[49.807289,-17.096521]]],[[[49.769256,-16.696615],[49.770638,-16.692593],[49.766685,-16.698153],[49.769256,-16.696615]]],[[[49.814883,-16.602314],[49.812784,-16.600335],[49.813615,-16.604138],[49.814883,-16.602314]]],[[[49.818086,-16.59523],[49.821141,-16.597058],[49.823061,-16.593778],[49.818086,-16.59523]]],[[[49.827202,-16.589414],[49.825341,-16.588392],[49.825014,-16.591744],[49.827202,-16.589414]]],[[[49.836824,-16.183131],[49.835436,-16.181953],[49.836997,-16.186808],[49.836824,-16.183131]]],[[[49.831425,-16.176821],[49.829396,-16.175357],[49.831634,-16.179323],[49.831425,-16.176821]]],[[[49.828122,-16.17301],[49.82672,-16.172404],[49.828826,-16.174218],[49.828122,-16.17301]]],[[[49.824113,-16.169098],[49.822547,-16.168707],[49.825677,-16.171164],[49.824113,-16.169098]]],[[[49.797495,-16.159632],[49.794688,-16.161858],[49.797513,-16.161649],[49.797495,-16.159632]]],[[[49.810158,-16.158433],[49.809668,-16.158064],[49.808498,-16.159959],[49.810158,-16.158433]]],[[[49.806947,-16.153039],[49.809134,-16.154415],[49.808132,-16.153116],[49.806947,-16.153039]]],[[[49.71245,-16.123452],[49.710424,-16.123504],[49.713192,-16.124893],[49.71245,-16.123452]]],[[[49.639133,-15.694414],[49.63893,-15.6957],[49.640676,-15.696928],[49.639133,-15.694414]]],[[[49.773181,-15.579745],[49.772074,-15.580511],[49.773564,-15.581352],[49.773181,-15.579745]]],[[[49.769664,-15.575727],[49.768454,-15.576333],[49.769451,-15.577722],[49.769664,-15.575727]]],[[[49.772591,-15.539899],[49.771952,-15.543984],[49.774624,-15.545009],[49.772591,-15.539899]]],[[[49.771246,-15.52921],[49.770566,-15.530319],[49.771469,-15.530926],[49.771246,-15.52921]]],[[[49.775853,-15.502295],[49.767989,-15.477907],[49.758146,-15.489383],[49.758287,-15.512141],[49.775853,-15.502295]]],[[[47.990301,-14.770103],[47.988786,-14.761449],[47.983109,-14.779277],[47.990301,-14.770103]]],[[[48.006822,-14.714704],[47.99445,-14.705474],[47.994569,-14.76295],[48.006822,-14.714704]]],[[[47.983009,-14.664863],[47.985241,-14.665297],[47.983518,-14.664132],[47.983009,-14.664863]]],[[[47.99116,-14.63405],[47.986455,-14.639114],[47.993958,-14.642229],[47.99116,-14.63405]]],[[[47.984537,-14.602674],[47.980457,-14.611693],[47.984871,-14.613148],[47.984537,-14.602674]]],[[[47.984064,-14.341499],[47.983011,-14.343372],[47.983917,-14.344252],[47.984064,-14.341499]]],[[[48.021162,-14.275192],[48.013911,-14.274467],[48.012166,-14.280772],[48.021162,-14.275192]]],[[[48.025396,-14.264184],[48.024413,-14.261957],[48.021027,-14.266954],[48.025396,-14.264184]]],[[[48.014946,-14.254676],[48.013117,-14.265052],[48.022133,-14.258884],[48.014946,-14.254676]]],[[[48.01161,-14.250532],[48.005902,-14.253384],[48.012999,-14.254439],[48.01161,-14.250532]]],[[[48.009308,-14.244324],[47.999798,-14.243304],[48.010165,-14.249968],[48.009308,-14.244324]]],[[[48.000384,-14.240732],[48.009696,-14.243288],[48.015107,-14.231935],[48.000384,-14.240732]]],[[[47.995476,-14.229429],[48.006217,-14.22934],[47.995374,-14.217462],[47.995476,-14.229429]]],[[[47.99116,-14.213974],[47.990888,-14.215802],[47.992526,-14.214727],[47.99116,-14.213974]]],[[[47.998638,-14.21024],[47.998568,-14.212724],[48.000527,-14.211057],[47.998638,-14.21024]]],[[[48.001511,-14.208046],[47.999215,-14.207716],[48.000725,-14.209494],[48.001511,-14.208046]]],[[[48.025967,-14.17546],[48.022931,-14.179829],[48.026347,-14.181923],[48.025967,-14.17546]]],[[[48.032437,-14.17315],[48.041739,-14.179523],[48.037899,-14.17101],[48.032437,-14.17315]]],[[[48.187554,-13.718899],[48.192422,-13.726188],[48.192451,-13.718599],[48.187554,-13.718899]]],[[[48.315256,-13.706233],[48.312038,-13.708524],[48.314855,-13.710938],[48.315256,-13.706233]]],[[[48.177229,-13.708043],[48.178812,-13.709081],[48.17977,-13.708041],[48.177229,-13.708043]]],[[[48.100451,-13.572368],[48.097319,-13.573172],[48.099394,-13.575016],[48.100451,-13.572368]]],[[[48.375851,-13.569108],[48.376441,-13.57276],[48.376844,-13.56902],[48.375851,-13.569108]]],[[[48.095084,-13.560158],[48.09239,-13.567921],[48.097752,-13.568396],[48.095084,-13.560158]]],[[[48.377528,-13.556834],[48.377524,-13.559415],[48.378119,-13.56037],[48.377528,-13.556834]]],[[[48.024446,-13.554662],[48.024097,-13.557213],[48.02649,-13.557616],[48.024446,-13.554662]]],[[[48.366654,-13.542188],[48.365874,-13.544406],[48.367686,-13.545355],[48.366654,-13.542188]]],[[[48.434245,-13.53275],[48.442272,-13.540585],[48.444451,-13.535156],[48.434245,-13.53275]]],[[[48.511759,-13.528992],[48.511504,-13.533223],[48.513986,-13.533706],[48.511759,-13.528992]]],[[[48.528896,-13.529484],[48.531088,-13.53313],[48.541665,-13.52965],[48.528896,-13.529484]]],[[[48.499432,-13.522119],[48.496761,-13.525561],[48.501287,-13.529433],[48.499432,-13.522119]]],[[[48.444366,-13.525484],[48.446179,-13.522197],[48.441345,-13.52172],[48.444366,-13.525484]]],[[[48.483535,-13.511348],[48.488067,-13.516727],[48.489068,-13.513165],[48.483535,-13.511348]]],[[[48.2385,-13.482537],[48.236247,-13.479846],[48.235672,-13.485626],[48.2385,-13.482537]]],[[[48.367582,-13.490766],[48.372345,-13.467995],[48.349688,-13.442816],[48.324533,-13.458429],[48.331271,-13.490094],[48.342,-13.498845],[48.367582,-13.490766]]],[[[48.370426,-13.434095],[48.366914,-13.433343],[48.370343,-13.436354],[48.370426,-13.434095]]],[[[48.178829,-13.3666],[48.177893,-13.370449],[48.179976,-13.371006],[48.178829,-13.3666]]],[[[48.474468,-13.363493],[48.473079,-13.361807],[48.474027,-13.364825],[48.474468,-13.363493]]],[[[48.514511,-13.367814],[48.484479,-13.353376],[48.494303,-13.331191],[48.484185,-13.305297],[48.454852,-13.309584],[48.475068,-13.352215],[48.508164,-13.378645],[48.514511,-13.367814]]],[[[48.244672,-13.221259],[48.262864,-13.2649],[48.240493,-13.278755],[48.237047,-13.268316],[48.212897,-13.277316],[48.191226,-13.249662],[48.17233,-13.253607],[48.179372,-13.270098],[48.198893,-13.284183],[48.182745,-13.302864],[48.184361,-13.339119],[48.192724,-13.388777],[48.215579,-13.404483],[48.216192,-13.389289],[48.261707,-13.415866],[48.268619,-13.402847],[48.297721,-13.400708],[48.310488,-13.423503],[48.332881,-13.418967],[48.352967,-13.402474],[48.314353,-13.359794],[48.329658,-13.343558],[48.342695,-13.349818],[48.347143,-13.329445],[48.340734,-13.31269],[48.32354,-13.310132],[48.332001,-13.281341],[48.32667,-13.265209],[48.31114,-13.277459],[48.294562,-13.249313],[48.312932,-13.229715],[48.301991,-13.201334],[48.257088,-13.204362],[48.244672,-13.221259]]],[[[48.161346,-13.292307],[48.148468,-13.312064],[48.1678,-13.312612],[48.174338,-13.291721],[48.161346,-13.292307]]],[[[48.187815,-13.288095],[48.18601,-13.289126],[48.186772,-13.290201],[48.187815,-13.288095]]],[[[48.18981,-13.241034],[48.187697,-13.241739],[48.189656,-13.243549],[48.18981,-13.241034]]],[[[48.23406,-13.18335],[48.231729,-13.185591],[48.234206,-13.185753],[48.23406,-13.18335]]],[[[48.547957,-13.024729],[48.542938,-13.027474],[48.548964,-13.029651],[48.547957,-13.024729]]],[[[48.538272,-13.026242],[48.536164,-13.025349],[48.537634,-13.028206],[48.538272,-13.026242]]],[[[48.488961,-12.992891],[48.487898,-12.994623],[48.48987,-12.994413],[48.488961,-12.992891]]],[[[48.544711,-12.996646],[48.547841,-12.992815],[48.538058,-12.986224],[48.544711,-12.996646]]],[[[48.600128,-12.987426],[48.59596,-12.990339],[48.598416,-12.992861],[48.600128,-12.987426]]],[[[48.51118,-12.985623],[48.509503,-12.986527],[48.511241,-12.987416],[48.51118,-12.985623]]],[[[48.485359,-12.975023],[48.486177,-12.976219],[48.487847,-12.97444],[48.485359,-12.975023]]],[[[48.755023,-12.972041],[48.752112,-12.972306],[48.754988,-12.976744],[48.755023,-12.972041]]],[[[48.585322,-12.969245],[48.584059,-12.971248],[48.585016,-12.971678],[48.585322,-12.969245]]],[[[48.606218,-12.962566],[48.600839,-12.96499],[48.605543,-12.971357],[48.606218,-12.962566]]],[[[48.597678,-12.952181],[48.596202,-12.954088],[48.597087,-12.954851],[48.597678,-12.952181]]],[[[48.633052,-12.884002],[48.631541,-12.885753],[48.637756,-12.887721],[48.633052,-12.884002]]],[[[48.586725,-12.942073],[48.608055,-12.911443],[48.615831,-12.91316],[48.60989,-12.872227],[48.618401,-12.855924],[48.630197,-12.857646],[48.626614,-12.831613],[48.610354,-12.826903],[48.609954,-12.865869],[48.5765,-12.913717],[48.55556,-12.88236],[48.534907,-12.890655],[48.550781,-12.896187],[48.586725,-12.942073]]],[[[48.579993,-12.837245],[48.570645,-12.842183],[48.581584,-12.844204],[48.579993,-12.837245]]],[[[49.834737,-12.836884],[49.832416,-12.840761],[49.839691,-12.843058],[49.834737,-12.836884]]],[[[48.59224,-12.823958],[48.592623,-12.825272],[48.598635,-12.825218],[48.59224,-12.823958]]],[[[49.792864,-12.814872],[49.79125,-12.815658],[49.791899,-12.818801],[49.792864,-12.814872]]],[[[49.836056,-12.820477],[49.835876,-12.796482],[49.823971,-12.790721],[49.836056,-12.820477]]],[[[49.772721,-12.759304],[49.767596,-12.77729],[49.782216,-12.774419],[49.772721,-12.759304]]],[[[49.726642,-12.754743],[49.726131,-12.756687],[49.727615,-12.757404],[49.726642,-12.754743]]],[[[48.685112,-12.726812],[48.670516,-12.749738],[48.688,-12.749514],[48.685112,-12.726812]]],[[[48.887633,-12.722901],[48.88721,-12.726451],[48.890262,-12.725006],[48.887633,-12.722901]]],[[[49.638814,-12.685106],[49.658927,-12.684314],[49.659493,-12.675892],[49.638814,-12.685106]]],[[[48.856754,-12.66958],[48.854156,-12.671423],[48.85621,-12.672862],[48.856754,-12.66958]]],[[[49.554198,-12.6456],[49.552781,-12.646885],[49.555495,-12.649084],[49.554198,-12.6456]]],[[[48.845608,-12.635045],[48.845893,-12.638273],[48.849059,-12.637704],[48.845608,-12.635045]]],[[[49.599549,-12.625937],[49.57247,-12.614183],[49.590151,-12.634115],[49.599549,-12.625937]]],[[[49.601427,-12.619318],[49.599702,-12.621401],[49.601063,-12.623298],[49.601427,-12.619318]]],[[[48.840163,-12.602931],[48.837466,-12.608397],[48.843144,-12.610522],[48.840163,-12.602931]]],[[[49.599512,-12.595669],[49.573182,-12.600642],[49.575037,-12.614089],[49.602829,-12.615377],[49.599512,-12.595669]]],[[[49.588851,-12.58919],[49.586671,-12.589131],[49.586293,-12.591044],[49.588851,-12.58919]]],[[[49.564952,-12.577192],[49.565806,-12.579634],[49.56722,-12.578951],[49.564952,-12.577192]]],[[[48.856314,-12.566661],[48.846529,-12.562311],[48.851643,-12.57125],[48.856314,-12.566661]]],[[[49.572619,-12.564148],[49.570697,-12.564786],[49.572695,-12.565764],[49.572619,-12.564148]]],[[[48.776172,-12.503094],[48.774214,-12.504845],[48.776137,-12.505305],[48.776172,-12.503094]]],[[[48.783099,-12.500872],[48.780601,-12.501011],[48.781594,-12.502715],[48.783099,-12.500872]]],[[[48.756637,-12.487851],[48.754483,-12.486579],[48.754984,-12.489403],[48.756637,-12.487851]]],[[[48.708682,-12.465077],[48.702621,-12.470267],[48.705178,-12.471389],[48.708682,-12.465077]]],[[[48.721381,-12.452523],[48.719314,-12.458225],[48.723079,-12.461094],[48.721381,-12.452523]]],[[[48.675713,-12.449652],[48.667089,-12.443873],[48.671772,-12.459133],[48.675713,-12.449652]]],[[[48.708538,-12.442234],[48.707665,-12.444422],[48.70858,-12.444595],[48.708538,-12.442234]]],[[[48.711431,-12.433786],[48.707737,-12.43727],[48.71056,-12.439385],[48.711431,-12.433786]]],[[[48.641317,-12.424536],[48.64057,-12.42757],[48.643417,-12.427078],[48.641317,-12.424536]]],[[[49.542194,-12.420062],[49.538712,-12.418202],[49.540568,-12.421761],[49.542194,-12.420062]]],[[[49.536082,-12.399651],[49.552715,-12.420089],[49.548248,-12.399475],[49.536082,-12.399651]]],[[[48.714099,-12.384061],[48.699538,-12.379604],[48.707708,-12.39379],[48.714099,-12.384061]]],[[[49.409407,-12.302215],[49.40716,-12.302825],[49.410226,-12.304688],[49.409407,-12.302215]]],[[[49.319166,-12.301466],[49.317822,-12.303192],[49.320623,-12.304688],[49.319166,-12.301466]]],[[[49.408419,-12.295941],[49.407115,-12.298144],[49.409107,-12.299174],[49.408419,-12.295941]]],[[[48.980524,-12.280776],[48.979805,-12.282322],[48.981556,-12.282164],[48.980524,-12.280776]]],[[[48.968813,-12.266224],[48.970834,-12.267107],[48.971472,-12.265479],[48.968813,-12.266224]]],[[[49.398919,-12.263937],[49.400433,-12.266288],[49.400589,-12.26435],[49.398919,-12.263937]]],[[[48.965303,-12.264129],[48.963078,-12.265934],[48.965576,-12.26568],[48.965303,-12.264129]]],[[[48.961815,-12.264198],[48.958179,-12.262305],[48.960646,-12.266148],[48.961815,-12.264198]]],[[[48.641013,-12.262686],[48.63605,-12.262136],[48.639557,-12.266301],[48.641013,-12.262686]]],[[[48.983603,-12.259893],[48.974818,-12.262357],[48.978712,-12.266446],[48.983603,-12.259893]]],[[[48.957352,-12.256591],[48.95543,-12.261173],[48.957441,-12.262507],[48.957352,-12.256591]]],[[[48.967088,-12.257914],[48.966513,-12.259173],[48.968385,-12.260457],[48.967088,-12.257914]]],[[[48.976912,-12.252556],[48.975267,-12.253608],[48.97778,-12.254181],[48.976912,-12.252556]]],[[[49.394745,-12.24834],[49.39388,-12.248511],[49.395754,-12.249783],[49.394745,-12.24834]]],[[[49.019135,-12.231907],[49.01001,-12.228795],[49.008552,-12.25583],[49.019135,-12.231907]]],[[[48.982027,-12.23345],[48.980687,-12.235637],[48.983879,-12.235252],[48.982027,-12.23345]]],[[[49.060604,-12.232577],[49.062586,-12.2342],[49.062842,-12.232708],[49.060604,-12.232577]]],[[[49.252921,-12.228743],[49.252028,-12.230406],[49.253957,-12.230307],[49.252921,-12.228743]]],[[[49.019141,-12.226841],[49.019982,-12.23057],[49.021672,-12.230177],[49.019141,-12.226841]]],[[[49.36621,-12.216588],[49.366042,-12.219742],[49.370096,-12.219068],[49.36621,-12.216588]]],[[[48.789511,-12.194333],[48.787299,-12.196378],[48.787773,-12.197106],[48.789511,-12.194333]]],[[[48.977497,-12.192871],[48.974538,-12.193987],[48.976724,-12.195489],[48.977497,-12.192871]]],[[[49.263134,-12.189638],[49.261093,-12.191938],[49.26237,-12.193724],[49.263134,-12.189638]]],[[[49.394736,-12.186169],[49.389,-12.1845],[49.395358,-12.193598],[49.394736,-12.186169]]],[[[49.236232,-12.175344],[49.236348,-12.176913],[49.238824,-12.176599],[49.236232,-12.175344]]],[[[49.376205,-12.174762],[49.387277,-12.176369],[49.387703,-12.173731],[49.376205,-12.174762]]],[[[49.370604,-12.146301],[49.374298,-12.149654],[49.376528,-12.149135],[49.370604,-12.146301]]],[[[48.98602,-12.138281],[48.982324,-12.137157],[48.981948,-12.140822],[48.98602,-12.138281]]],[[[49.364035,-12.134931],[49.370013,-12.142679],[49.366953,-12.128155],[49.364035,-12.134931]]],[[[49.05245,-12.113213],[49.048756,-12.110742],[49.047858,-12.127366],[49.05245,-12.113213]]],[[[49.079227,-12.100031],[49.078063,-12.101427],[49.079022,-12.102701],[49.079227,-12.100031]]],[[[49.217466,-12.007453],[49.216679,-12.008317],[49.218442,-12.008439],[49.217466,-12.007453]]],[[[49.267128,-11.950612],[49.26416,-11.949407],[49.265141,-11.951305],[49.267128,-11.950612]]],[[[57.336573,-20.467725],[57.335987,-20.473071],[57.337841,-20.473293],[57.336573,-20.467725]]],[[[57.711676,-20.448047],[57.709714,-20.449834],[57.710928,-20.451493],[57.711676,-20.448047]]],[[[57.736608,-20.419323],[57.732866,-20.417168],[57.733292,-20.422813],[57.736608,-20.419323]]],[[[57.351537,-20.413327],[57.341285,-20.419317],[57.345494,-20.421588],[57.351537,-20.413327]]],[[[57.788789,-20.380158],[57.786983,-20.379674],[57.787452,-20.380785],[57.788789,-20.380158]]],[[[57.794412,-20.291212],[57.796578,-20.291433],[57.796267,-20.290098],[57.794412,-20.291212]]],[[[57.798754,-20.28025],[57.810184,-20.274954],[57.808802,-20.25736],[57.798754,-20.28025]]],[[[57.44686,-20.501446],[57.484546,-20.51945],[57.52665,-20.52572],[57.648659,-20.491433],[57.679363,-20.476735],[57.705575,-20.449502],[57.71775,-20.446346],[57.727601,-20.425876],[57.713296,-20.41992],[57.701465,-20.394703],[57.704618,-20.368913],[57.712809,-20.379362],[57.735049,-20.372206],[57.748743,-20.352148],[57.764468,-20.350397],[57.770065,-20.321],[57.781404,-20.313227],[57.773438,-20.296042],[57.78992,-20.295117],[57.798111,-20.254362],[57.788516,-20.239688],[57.804058,-20.224944],[57.776971,-20.19464],[57.772592,-20.169319],[57.7431,-20.156732],[57.758645,-20.125518],[57.747152,-20.106904],[57.718096,-20.103179],[57.681522,-20.056953],[57.68376,-20.00978],[57.65625,-19.997489],[57.647364,-20.001937],[57.611149,-19.981341],[57.580567,-20.000703],[57.55176,-20.005627],[57.556772,-20.017718],[57.541567,-20.041083],[57.525227,-20.046858],[57.508777,-20.090578],[57.51755,-20.106508],[57.504333,-20.11158],[57.497521,-20.138012],[57.476616,-20.162191],[57.431023,-20.173715],[57.401709,-20.201548],[57.365543,-20.279941],[57.367486,-20.315373],[57.379279,-20.323357],[57.36525,-20.333893],[57.360549,-20.354809],[57.37179,-20.366773],[57.36058,-20.381868],[57.377134,-20.387194],[57.345668,-20.443799],[57.320947,-20.434454],[57.308325,-20.466763],[57.335892,-20.460541],[57.354476,-20.486915],[57.416583,-20.512352],[57.44686,-20.501446]]],[[[57.688512,-20.040283],[57.709193,-20.041776],[57.704635,-20.026416],[57.688512,-20.040283]]],[[[57.593693,-19.982212],[57.595397,-19.982774],[57.595862,-19.981071],[57.593693,-19.982212]]],[[[57.623178,-19.936041],[57.613735,-19.942265],[57.624246,-19.943835],[57.623178,-19.936041]]],[[[57.671878,-19.881616],[57.670325,-19.889487],[57.678307,-19.887339],[57.671878,-19.881616]]],[[[57.653827,-19.867392],[57.647802,-19.882798],[57.663796,-19.873116],[57.653827,-19.867392]]],[[[57.793328,-19.841428],[57.780246,-19.854801],[57.793153,-19.856961],[57.793328,-19.841428]]],[[[57.809108,-19.81951],[57.804392,-19.815825],[57.806474,-19.822402],[57.809108,-19.81951]]],[[[63.431289,-19.785591],[63.433162,-19.784166],[63.429062,-19.784154],[63.431289,-19.785591]]],[[[63.43444,-19.772295],[63.431184,-19.776165],[63.438234,-19.778553],[63.43444,-19.772295]]],[[[63.36026,-19.767519],[63.357066,-19.773588],[63.36748,-19.770553],[63.36026,-19.767519]]],[[[63.409841,-19.765782],[63.418618,-19.773443],[63.42524,-19.773632],[63.409841,-19.765782]]],[[[63.398887,-19.76347],[63.396942,-19.76492],[63.400622,-19.766696],[63.398887,-19.76347]]],[[[63.404183,-19.759981],[63.40297,-19.761969],[63.40675,-19.76245],[63.404183,-19.759981]]],[[[63.34473,-19.756919],[63.340721,-19.756262],[63.342175,-19.760997],[63.34473,-19.756919]]],[[[63.44365,-19.75028],[63.441628,-19.752651],[63.443279,-19.753198],[63.44365,-19.75028]]],[[[63.322268,-19.749094],[63.321017,-19.749891],[63.323452,-19.750301],[63.322268,-19.749094]]],[[[63.301124,-19.715325],[63.298209,-19.724756],[63.299832,-19.728127],[63.301124,-19.715325]]],[[[63.395125,-19.748752],[63.468597,-19.74208],[63.501475,-19.718113],[63.498642,-19.683103],[63.440584,-19.669108],[63.409178,-19.689573],[63.387991,-19.690442],[63.376719,-19.711171],[63.335106,-19.719893],[63.334394,-19.749052],[63.353312,-19.749002],[63.3599,-19.764311],[63.380162,-19.771134],[63.396899,-19.763283],[63.395125,-19.748752]]],[[[63.306111,-19.69902],[63.304975,-19.704005],[63.306116,-19.705958],[63.306111,-19.69902]]],[[[63.418697,-19.673991],[63.418327,-19.676228],[63.419892,-19.67542],[63.418697,-19.673991]]],[[[49.846869,-17.002675],[49.843211,-17.004722],[49.845313,-17.006231],[49.846869,-17.002675]]],[[[49.972358,-16.922796],[49.974476,-16.916862],[49.973045,-16.914251],[49.972358,-16.922796]]],[[[49.93112,-16.911144],[49.947519,-16.892704],[49.969847,-16.817673],[50.013955,-16.734538],[50.022379,-16.708007],[50.011934,-16.703243],[49.991901,-16.708735],[49.966654,-16.742567],[49.973752,-16.758656],[49.9667,-16.785642],[49.952773,-16.803505],[49.928134,-16.814945],[49.917017,-16.852012],[49.900321,-16.875],[49.885144,-16.875],[49.857189,-16.928991],[49.853922,-16.950935],[49.86234,-16.973793],[49.848724,-17.005838],[49.832912,-17.016895],[49.823784,-17.073471],[49.809552,-17.096756],[49.819814,-17.105182],[49.834672,-17.068882],[49.877962,-17.011825],[49.907667,-16.940512],[49.925169,-16.935415],[49.93112,-16.911144]]],[[[59.48764,-16.819689],[59.483412,-16.82151],[59.485892,-16.821346],[59.48764,-16.819689]]],[[[59.493152,-16.818108],[59.489671,-16.819063],[59.491735,-16.819738],[59.493152,-16.818108]]],[[[59.497721,-16.817643],[59.495698,-16.817719],[59.495764,-16.819007],[59.497721,-16.817643]]],[[[59.500899,-16.814869],[59.503308,-16.817567],[59.506891,-16.815146],[59.500899,-16.814869]]],[[[59.507893,-16.815486],[59.510577,-16.816625],[59.515774,-16.815644],[59.507893,-16.815486]]],[[[59.522941,-16.811071],[59.523107,-16.812656],[59.524975,-16.81212],[59.522941,-16.811071]]],[[[59.536417,-16.804773],[59.534441,-16.804871],[59.534049,-16.807548],[59.536417,-16.804773]]],[[[59.538988,-16.801953],[59.537575,-16.802375],[59.537474,-16.803684],[59.538988,-16.801953]]],[[[59.543658,-16.796332],[59.54154,-16.797921],[59.541964,-16.798837],[59.543658,-16.796332]]],[[[59.547762,-16.795934],[59.54585,-16.796172],[59.547044,-16.797072],[59.547762,-16.795934]]],[[[59.555311,-16.789363],[59.54938,-16.79297],[59.55368,-16.792656],[59.555311,-16.789363]]],[[[59.559809,-16.783243],[59.556333,-16.787489],[59.558668,-16.787263],[59.559809,-16.783243]]],[[[59.565417,-16.777154],[59.560753,-16.780825],[59.561469,-16.781338],[59.565417,-16.777154]]],[[[59.575641,-16.751003],[59.572497,-16.739846],[59.566546,-16.775649],[59.575641,-16.751003]]],[[[59.566681,-16.721455],[59.565015,-16.724092],[59.568678,-16.7278],[59.566681,-16.721455]]],[[[59.576238,-16.719979],[59.577644,-16.71725],[59.569773,-16.722199],[59.576238,-16.719979]]],[[[59.568682,-16.711792],[59.566996,-16.712709],[59.5677,-16.716441],[59.568682,-16.711792]]],[[[59.659581,-16.691149],[59.65882,-16.694444],[59.662716,-16.694373],[59.659581,-16.691149]]],[[[59.653492,-16.6851],[59.649804,-16.687355],[59.650423,-16.688043],[59.653492,-16.6851]]],[[[59.656865,-16.679236],[59.655939,-16.679019],[59.655965,-16.681484],[59.656865,-16.679236]]],[[[59.658051,-16.676334],[59.658927,-16.673382],[59.657073,-16.675343],[59.658051,-16.676334]]],[[[59.647816,-16.672999],[59.648527,-16.673693],[59.648613,-16.670625],[59.647816,-16.672999]]],[[[59.625205,-16.652212],[59.624234,-16.654755],[59.62534,-16.65531],[59.625205,-16.652212]]],[[[59.640977,-16.601301],[59.639783,-16.602291],[59.640884,-16.603837],[59.640977,-16.601301]]],[[[59.516244,-16.598105],[59.511652,-16.596979],[59.514665,-16.601086],[59.516244,-16.598105]]],[[[59.61358,-16.581447],[59.611926,-16.581156],[59.613009,-16.583617],[59.61358,-16.581447]]],[[[49.844651,-16.568456],[49.841179,-16.571944],[49.834789,-16.586231],[49.844651,-16.568456]]],[[[59.706525,-16.57392],[59.698817,-16.569147],[59.704662,-16.57682],[59.706525,-16.57392]]],[[[59.507628,-16.544643],[59.50239,-16.544643],[59.50673,-16.548476],[59.507628,-16.544643]]],[[[49.848739,-16.5416],[49.843842,-16.547516],[49.846397,-16.547025],[49.848739,-16.5416]]],[[[49.84951,-16.535164],[49.848117,-16.538381],[49.849542,-16.538697],[49.84951,-16.535164]]],[[[59.708189,-16.520004],[59.709175,-16.522044],[59.71195,-16.521843],[59.708189,-16.520004]]],[[[59.635684,-16.513094],[59.635391,-16.513365],[59.637358,-16.5149],[59.635684,-16.513094]]],[[[49.85004,-16.499586],[49.845279,-16.513398],[49.847445,-16.527461],[49.85004,-16.499586]]],[[[49.857846,-16.498637],[49.855584,-16.499302],[49.857912,-16.500784],[49.857846,-16.498637]]],[[[49.864326,-16.486569],[49.852354,-16.49716],[49.862639,-16.492212],[49.864326,-16.486569]]],[[[59.68747,-16.484489],[59.687035,-16.481448],[59.684643,-16.490147],[59.68747,-16.484489]]],[[[49.861651,-16.476167],[49.857206,-16.485143],[49.85826,-16.486752],[49.861651,-16.476167]]],[[[49.878365,-16.468428],[49.865271,-16.471848],[49.875489,-16.471161],[49.878365,-16.468428]]],[[[59.576529,-16.467982],[59.58032,-16.47065],[59.582836,-16.468921],[59.576529,-16.467982]]],[[[49.885308,-16.458941],[49.887256,-16.454681],[49.881081,-16.461303],[49.885308,-16.458941]]],[[[59.613488,-16.452981],[59.611539,-16.451537],[59.612328,-16.45463],[59.613488,-16.452981]]],[[[59.609702,-16.446261],[59.607377,-16.446025],[59.609694,-16.447173],[59.609702,-16.446261]]],[[[59.609345,-16.442079],[59.606732,-16.441043],[59.608394,-16.444607],[59.609345,-16.442079]]],[[[59.604434,-16.432544],[59.603529,-16.435],[59.606721,-16.434487],[59.604434,-16.432544]]],[[[49.887054,-16.434856],[49.879834,-16.426262],[49.887197,-16.43939],[49.887054,-16.434856]]],[[[59.607565,-16.41914],[59.608575,-16.426392],[59.615277,-16.424459],[59.607565,-16.41914]]],[[[59.642828,-16.385537],[59.639997,-16.390184],[59.644012,-16.389225],[59.642828,-16.385537]]],[[[49.85409,-16.333121],[49.859291,-16.333869],[49.854885,-16.320096],[49.85409,-16.333121]]],[[[49.84594,-16.323599],[49.842323,-16.325684],[49.846931,-16.327116],[49.84594,-16.323599]]],[[[49.843137,-16.271903],[49.842284,-16.271996],[49.842418,-16.276863],[49.843137,-16.271903]]],[[[49.847074,-16.264398],[49.846425,-16.260404],[49.842372,-16.26824],[49.847074,-16.264398]]],[[[59.5931,-16.237232],[59.586539,-16.238644],[59.593935,-16.245435],[59.5931,-16.237232]]],[[[49.8469,-16.19433],[49.848372,-16.195177],[49.848008,-16.194135],[49.8469,-16.19433]]],[[[49.842387,-16.189523],[49.84015,-16.188606],[49.842565,-16.19167],[49.842387,-16.189523]]],[[[50.153927,-16.000883],[50.150669,-16.003767],[50.149133,-16.012022],[50.153927,-16.000883]]],[[[50.227326,-15.987845],[50.225984,-15.991215],[50.227816,-15.990991],[50.227326,-15.987845]]],[[[50.259665,-15.925414],[50.257792,-15.928728],[50.259582,-15.92969],[50.259665,-15.925414]]],[[[50.283498,-15.891302],[50.28021,-15.892949],[50.282725,-15.892873],[50.283498,-15.891302]]],[[[50.469142,-15.434178],[50.462162,-15.438778],[50.467739,-15.44488],[50.469142,-15.434178]]],[[[49.999197,-13.293517],[49.997056,-13.294515],[49.998934,-13.296415],[49.999197,-13.293517]]],[[[49.933041,-13.210714],[49.934922,-13.210868],[49.93428,-13.210166],[49.933041,-13.210714]]],[[[49.854596,-12.933275],[49.854678,-12.935417],[49.856338,-12.935562],[49.854596,-12.933275]]],[[[49.858523,-12.869619],[49.852383,-12.866774],[49.857469,-12.875102],[49.858523,-12.869619]]],[[[49.855769,-12.815569],[49.851246,-12.816046],[49.854417,-12.817449],[49.855769,-12.815569]]],[[[49.866763,-12.804719],[49.865454,-12.809857],[49.871089,-12.812742],[49.866763,-12.804719]]],[[[49.870594,-12.80574],[49.871289,-12.809489],[49.873044,-12.809045],[49.870594,-12.80574]]],[[[56.659725,-10.443432],[56.675591,-10.461634],[56.689666,-10.491041],[56.704563,-10.474218],[56.697378,-10.461416],[56.659725,-10.443432]]],[[[56.59895,-10.34394],[56.585714,-10.351701],[56.614862,-10.401674],[56.646007,-10.43327],[56.59895,-10.34394]]],[[[51.125766,-10.225419],[51.131789,-10.225975],[51.127172,-10.221491],[51.125766,-10.225419]]],[[[51.161782,-10.194874],[51.178971,-10.163887],[51.173565,-10.158903],[51.151919,-10.195313],[51.161782,-10.194874]]],[[[51.043263,-10.169353],[51.038367,-10.172944],[51.041601,-10.173733],[51.043263,-10.169353]]],[[[51.173198,-10.157802],[51.175588,-10.159967],[51.177698,-10.159038],[51.173198,-10.157802]]],[[[51.174392,-10.154271],[51.17412,-10.15642],[51.178686,-10.157352],[51.174392,-10.154271]]],[[[51.089863,-10.148625],[51.088733,-10.147811],[51.088995,-10.151529],[51.089863,-10.148625]]],[[[51.15829,-10.121369],[51.177874,-10.115152],[51.171583,-10.106549],[51.15829,-10.121369]]],[[[50.982796,-9.548538],[50.987875,-9.546811],[50.98666,-9.543077],[50.982796,-9.548538]]],[[[50.984239,-9.536129],[50.990191,-9.542014],[50.985635,-9.53084],[50.984239,-9.536129]]],[[[50.733046,-9.327223],[50.720106,-9.333904],[50.730399,-9.337553],[50.733046,-9.327223]]],[[[51.03449,-9.220364],[51.027504,-9.220685],[51.03408,-9.241863],[51.03449,-9.220364]]],[[[52.734375,-7.160156],[52.73703,-7.156104],[52.737219,-7.149042],[52.734375,-7.160156]]],[[[56.286582,-7.098915],[56.270942,-7.134184],[56.261135,-7.173405],[56.289876,-7.129715],[56.294894,-7.10311],[56.286582,-7.098915]]],[[[52.734375,-7.066685],[52.733663,-7.067939],[52.735122,-7.068745],[52.734375,-7.066685]]],[[[52.736577,-7.006822],[52.72079,-7.001654],[52.724813,-7.015735],[52.736577,-7.006822]]],[[[53.047298,-6.233315],[53.039614,-6.235085],[53.04279,-6.238488],[53.047298,-6.233315]]],[[[53.144075,-6.173373],[53.140405,-6.176831],[53.14407,-6.185279],[53.144075,-6.173373]]],[[[52.832678,-6.086892],[52.829143,-6.091225],[52.832221,-6.091294],[52.832678,-6.086892]]],[[[53.028278,-5.888796],[53.029137,-5.885434],[53.027054,-5.886307],[53.028278,-5.888796]]],[[[55.38754,-5.861769],[55.383199,-5.8577],[55.384799,-5.870094],[55.38754,-5.861769]]],[[[53.308974,-5.780503],[53.312657,-5.765954],[53.304381,-5.76465],[53.308974,-5.780503]]],[[[53.304266,-5.742996],[53.300595,-5.753942],[53.313724,-5.748678],[53.304266,-5.742996]]],[[[53.680339,-5.686675],[53.686312,-5.675558],[53.649949,-5.69432],[53.650193,-5.703567],[53.680339,-5.686675]]],[[[53.359384,-5.447313],[53.357103,-5.449219],[53.359001,-5.449219],[53.359384,-5.447313]]],[[[53.349729,-5.445614],[53.345544,-5.449219],[53.348348,-5.449219],[53.349729,-5.445614]]],[[[53.34116,-5.44352],[53.339782,-5.447113],[53.341844,-5.447763],[53.34116,-5.44352]]],[[[53.344578,-5.442639],[53.347199,-5.443805],[53.348082,-5.441962],[53.344578,-5.442639]]],[[[53.322909,-5.43405],[53.318582,-5.437845],[53.319766,-5.438669],[53.322909,-5.43405]]],[[[53.357899,-5.429921],[53.346653,-5.428143],[53.365127,-5.440733],[53.357899,-5.429921]]],[[[53.338175,-5.424883],[53.344954,-5.42545],[53.342989,-5.421957],[53.338175,-5.424883]]],[[[53.299034,-5.410224],[53.289363,-5.419256],[53.297655,-5.421378],[53.299034,-5.410224]]],[[[53.329553,-5.409413],[53.327934,-5.406138],[53.325883,-5.413527],[53.329553,-5.409413]]],[[[53.335312,-5.407221],[53.333039,-5.407311],[53.333179,-5.40911],[53.335312,-5.407221]]],[[[53.312083,-5.113254],[53.309206,-5.117419],[53.31282,-5.119411],[53.312083,-5.113254]]],[[[53.386932,-4.878381],[53.385666,-4.879168],[53.386711,-4.881965],[53.386932,-4.878381]]],[[[55.432236,-4.686173],[55.434105,-4.686977],[55.434736,-4.685568],[55.432236,-4.686173]]],[[[55.53438,-4.675749],[55.498796,-4.665515],[55.472145,-4.641533],[55.457259,-4.617745],[55.456565,-4.593578],[55.466742,-4.583492],[55.457009,-4.566563],[55.432824,-4.562822],[55.431501,-4.608567],[55.373647,-4.632115],[55.377449,-4.650427],[55.399372,-4.650862],[55.433622,-4.678333],[55.44569,-4.67657],[55.491166,-4.737283],[55.467451,-4.741157],[55.460941,-4.756181],[55.494244,-4.774761],[55.501894,-4.795514],[55.518089,-4.806731],[55.539023,-4.80335],[55.524343,-4.783837],[55.515877,-4.75071],[55.525602,-4.730608],[55.521196,-4.708257],[55.53438,-4.675749]]],[[[55.39567,-4.668612],[55.403346,-4.680858],[55.402355,-4.671186],[55.39567,-4.668612]]],[[[55.535222,-4.667848],[55.534522,-4.669029],[55.535706,-4.66876],[55.535222,-4.667848]]],[[[55.524888,-4.663879],[55.521605,-4.662108],[55.522735,-4.666453],[55.524888,-4.663879]]],[[[55.361326,-4.659047],[55.362809,-4.66535],[55.372883,-4.667854],[55.361326,-4.659047]]],[[[55.409134,-4.661769],[55.408885,-4.663748],[55.410195,-4.664145],[55.409134,-4.661769]]],[[[55.4791,-4.636075],[55.4736,-4.636713],[55.483094,-4.643313],[55.4791,-4.636075]]],[[[55.49089,-4.632883],[55.506303,-4.640608],[55.498295,-4.629536],[55.49089,-4.632883]]],[[[55.530626,-4.630769],[55.529754,-4.630963],[55.530626,-4.631574],[55.530626,-4.630769]]],[[[55.503854,-4.62541],[55.511919,-4.62895],[55.510678,-4.625741],[55.503854,-4.62541]]],[[[55.469699,-4.6204],[55.469329,-4.626546],[55.472554,-4.627946],[55.469699,-4.6204]]],[[[55.504377,-4.621017],[55.502956,-4.621081],[55.503602,-4.622369],[55.504377,-4.621017]]],[[[55.508982,-4.617989],[55.506049,-4.620448],[55.508399,-4.620963],[55.508982,-4.617989]]],[[[55.460624,-4.606919],[55.458299,-4.617262],[55.463691,-4.619279],[55.460624,-4.606919]]],[[[55.523106,-4.612262],[55.523235,-4.613421],[55.524785,-4.613936],[55.523106,-4.612262]]],[[[55.459497,-4.599291],[55.463433,-4.610003],[55.470149,-4.607692],[55.459497,-4.599291]]],[[[55.513322,-4.605245],[55.502571,-4.59668],[55.50211,-4.611554],[55.513322,-4.605245]]],[[[55.465305,-4.588251],[55.458125,-4.59457],[55.462296,-4.597226],[55.465305,-4.588251]]],[[[55.767805,-4.589037],[55.76575,-4.589928],[55.768402,-4.590037],[55.767805,-4.589037]]],[[[55.939373,-4.578552],[55.93214,-4.585376],[55.948845,-4.592843],[55.939373,-4.578552]]],[[[55.764196,-4.578645],[55.761106,-4.585799],[55.764297,-4.585184],[55.764196,-4.578645]]],[[[55.246921,-4.511099],[55.255923,-4.484437],[55.234396,-4.464748],[55.21385,-4.466061],[55.206372,-4.487566],[55.225105,-4.512669],[55.246921,-4.511099]]],[[[55.538914,-4.48392],[55.540942,-4.48593],[55.541764,-4.483067],[55.538914,-4.48392]]],[[[55.238852,-4.383782],[55.244652,-4.401996],[55.249841,-4.39342],[55.238852,-4.383782]]],[[[55.85658,-4.365374],[55.835881,-4.338278],[55.823436,-4.366293],[55.837845,-4.384166],[55.85658,-4.365374]]],[[[55.648246,-4.347741],[55.644035,-4.349057],[55.651474,-4.352839],[55.648246,-4.347741]]],[[[55.921614,-4.333664],[55.917813,-4.340616],[55.922195,-4.350876],[55.921614,-4.333664]]],[[[55.793412,-4.340875],[55.79043,-4.339262],[55.790678,-4.342613],[55.793412,-4.340875]]],[[[55.665405,-4.327897],[55.659281,-4.331118],[55.66602,-4.332171],[55.665405,-4.327897]]],[[[55.871136,-4.316298],[55.869668,-4.331846],[55.883006,-4.338246],[55.871136,-4.316298]]],[[[55.761501,-4.331245],[55.784476,-4.33725],[55.777676,-4.316678],[55.758194,-4.321399],[55.739673,-4.306114],[55.722095,-4.311115],[55.709267,-4.290833],[55.677581,-4.296989],[55.684733,-4.319898],[55.71753,-4.329678],[55.72228,-4.344209],[55.754199,-4.362077],[55.771594,-4.353192],[55.761501,-4.331245]]],[[[55.864009,-4.312255],[55.865763,-4.312777],[55.866822,-4.3119],[55.864009,-4.312255]]],[[[55.868291,-4.283196],[55.865438,-4.289719],[55.872515,-4.29789],[55.868291,-4.283196]]],[[[55.851208,-4.28593],[55.859097,-4.292152],[55.859127,-4.28716],[55.851208,-4.28593]]],[[[55.72787,-4.2844],[55.744819,-4.277873],[55.720369,-4.277102],[55.72787,-4.2844]]],[[[55.672308,-4.259452],[55.674392,-4.259748],[55.674508,-4.25819],[55.672308,-4.259452]]],[[[55.666165,-4.21534],[55.675062,-4.212584],[55.663179,-4.210297],[55.666165,-4.21534]]],[[[55.670858,-3.799959],[55.659306,-3.80146],[55.666533,-3.815343],[55.670858,-3.799959]]],[[[55.210671,-3.720856],[55.202073,-3.715118],[55.20359,-3.727536],[55.210671,-3.720856]]],[[[51.182257,10.559694],[51.189227,10.538432],[51.191456,10.53757],[51.182257,10.559694]]],[[[6.059743,4.460683],[6.053577,4.462463],[6.05659,4.455319],[6.059706,4.460341],[6.059743,4.460683]]],[[[6.01914,4.8044],[6.019012,4.804158],[6.015386,4.803429],[5.994027,4.7979],[5.992827,4.783902],[6.024453,4.763723],[6.029146,4.749607],[6.050789,4.74317],[6.050679,4.742948],[6.052292,4.742556],[6.054355,4.743296],[6.05504,4.745075],[6.057105,4.744282],[6.071667,4.749502],[6.071673,4.760693],[6.067817,4.762999],[6.071675,4.764712],[6.071681,4.775965],[6.08833,4.772108],[6.091424,4.773482],[6.095012,4.788211],[6.094876,4.788513],[6.082128,4.800414],[6.110491,4.840164],[6.145626,4.858119],[6.127574,4.856298],[6.124256,4.865446],[6.123984,4.865465],[6.12409,4.865904],[6.122327,4.870764],[6.128837,4.906297],[6.121853,4.90984],[6.101131,4.919784],[6.101545,4.920143],[6.085099,4.928487],[6.07563,4.927814],[6.081153,4.910644],[6.086976,4.897518],[6.075496,4.874769],[6.073261,4.873781],[6.07252,4.872329],[6.066335,4.870717],[6.054007,4.865264],[6.025536,4.873994],[6.027013,4.869566],[6.03471,4.851378],[6.021665,4.852533],[6.008891,4.850848],[5.997339,4.843528],[5.993113,4.839354],[5.991585,4.825806],[5.9917,4.825439],[6.024412,4.819008],[6.023795,4.814382],[6.024358,4.814262],[6.023583,4.812799],[6.022582,4.805291],[6.01914,4.8044]]],[[[6.132005,4.946597],[6.101545,4.920143],[6.121853,4.90984],[6.133354,4.904321],[6.12409,4.865904],[6.124256,4.865446],[6.147172,4.863914],[6.152271,4.868825],[6.155076,4.878037],[6.16083,4.877069],[6.165415,4.881485],[6.187493,4.859962],[6.207683,4.875707],[6.194813,4.929799],[6.207789,4.942793],[6.224145,4.911144],[6.240106,4.947817],[6.278412,4.962476],[6.278788,4.963369],[6.27197,4.978737],[6.252145,4.987458],[6.255442,4.993658],[6.254625,4.999134],[6.258483,4.999376],[6.262064,5.006108],[6.27785,5.003979],[6.292223,5.020593],[6.255233,5.019305],[6.241593,5.027657],[6.238499,5.027598],[6.237053,5.01437],[6.228294,5.02628],[6.220904,5.027261],[6.203645,5.026932],[6.192163,5.005887],[6.186369,5.006234],[6.184901,5.004471],[6.184255,5.006361],[6.180972,5.006558],[6.176382,5.02487],[6.16833,5.020103],[6.16442,5.012099],[6.155432,5.012466],[6.150935,5.009804],[6.151849,5.012612],[6.150644,5.012661],[6.157831,5.036949],[6.146386,5.03714],[6.129115,5.033215],[6.124263,5.028476],[6.120718,4.99978],[6.084476,4.994302],[6.087868,4.96629],[6.109419,4.965248],[6.115863,4.965888],[6.116581,4.964901],[6.125517,4.964469],[6.132005,4.946597]]],[[[6.123579,5.031957],[6.129115,5.033215],[6.133356,5.037358],[6.146386,5.03714],[6.158717,5.039943],[6.157831,5.036949],[6.159758,5.036917],[6.151849,5.012612],[6.155432,5.012466],[6.16833,5.020103],[6.174943,5.033639],[6.184255,5.006361],[6.186369,5.006234],[6.205568,5.029297],[6.220904,5.027261],[6.238499,5.027598],[6.2398,5.0395],[6.227631,5.074757],[6.233075,5.085069],[6.256752,5.088407],[6.294909,5.080954],[6.30949,5.102204],[6.295753,5.139807],[6.308076,5.146455],[6.325788,5.137864],[6.344364,5.143898],[6.350528,5.166435],[6.319931,5.160508],[6.302395,5.170107],[6.304355,5.190111],[6.344764,5.248672],[6.387274,5.249812],[6.406532,5.265508],[6.411399,5.301499],[6.386801,5.305314],[6.386986,5.30515],[6.385703,5.305484],[6.379567,5.306436],[6.334466,5.314138],[6.314521,5.288734],[6.293803,5.283337],[6.28546,5.269865],[6.295364,5.249258],[6.291134,5.236797],[6.291214,5.236331],[6.29095,5.236254],[6.288996,5.230498],[6.253199,5.225197],[6.225315,5.238159],[6.195429,5.21874],[6.209882,5.179322],[6.178648,5.144598],[6.162302,5.141847],[6.165229,5.120286],[6.158783,5.120207],[6.158673,5.119449],[6.129454,5.116504],[6.123089,5.109299],[6.123847,5.105292],[6.130207,5.082763],[6.120662,5.05918],[6.098648,5.056054],[6.094613,5.030782],[6.113686,5.026228],[6.112316,5.016684],[6.113373,5.01594],[6.112244,5.016183],[6.111755,5.012777],[6.068183,5.023567],[6.062631,5.017361],[6.054382,5.003846],[6.063433,5.00003],[6.081181,4.994169],[6.118706,5.00067],[6.123579,5.031957]]],[[[6.268738,5.229771],[6.29095,5.236254],[6.291134,5.236797],[6.289417,5.246778],[6.268738,5.229771]]],[[[6.383136,5.306153],[6.385703,5.305484],[6.386801,5.305314],[6.386385,5.305682],[6.383136,5.306153]]],[[[-3.777506,5.20606],[-3.776102,5.205127],[-3.775861,5.205091],[-3.775805,5.207418],[-3.777506,5.20606]]],[[[5.826436,5.206412],[5.826639,5.206614],[5.826271,5.206425],[5.826436,5.206412]]],[[[5.797433,5.358463],[5.79449,5.356353],[5.799428,5.358088],[5.797433,5.358463]]],[[[-6.370009,5.389742],[-6.369129,5.388554],[-6.362172,5.384994],[-6.362029,5.385031],[-6.368425,5.389652],[-6.370009,5.389742]]],[[[-6.420966,5.47369],[-6.420923,5.473633],[-6.420995,5.473778],[-6.420966,5.47369]]],[[[5.632434,5.631356],[5.630142,5.613845],[5.638537,5.623347],[5.632434,5.631356]]],[[[0.264465,6.104455],[0.254393,6.102292],[0.261778,6.097847],[0.26566,6.096905],[0.270356,6.092683],[0.286069,6.083224],[0.264465,6.104455]]],[[[-10.790936,6.305122],[-10.788434,6.299587],[-10.787287,6.299791],[-10.785539,6.304135],[-10.790936,6.305122]]],[[[2.789018,6.456593],[2.788881,6.45665],[2.786955,6.455244],[2.786752,6.454971],[2.789018,6.456593]]],[[[-16.66991,12.725031],[-16.669651,12.725228],[-16.6697,12.728298],[-16.67098,12.725902],[-16.66991,12.725031]]],[[[-16.659881,12.7397],[-16.663924,12.739107],[-16.664175,12.738639],[-16.661201,12.737913],[-16.659878,12.739697],[-16.659881,12.7397]]],[[[-16.492331,13.754272],[-16.492756,13.758965],[-16.496773,13.753075],[-16.492331,13.754272]]],[[[-16.542238,14.191718],[-16.549386,14.180651],[-16.548939,14.180372],[-16.542221,14.191705],[-16.542238,14.191718]]],[[[18.198388,-32.797481],[18.198479,-32.797618],[18.198464,-32.797463],[18.198388,-32.797481]]],[[[10.921917,-3.617919],[10.915341,-3.616302],[10.919138,-3.623367],[10.921917,-3.617919]]],[[[10.710962,-3.477381],[10.710953,-3.477317],[10.710688,-3.477277],[10.710962,-3.477381]]],[[[9.509141,-1.143762],[9.501805,-1.140432],[9.502936,-1.151221],[9.506833,-1.146536],[9.506758,-1.146483],[9.506936,-1.146414],[9.509141,-1.143762]]],[[[9.509117,-1.145561],[9.506936,-1.146414],[9.506833,-1.146536],[9.508912,-1.148011],[9.509117,-1.145561]]],[[[9.480888,-1.112953],[9.481765,-1.111638],[9.481528,-1.111385],[9.479768,-1.110741],[9.480888,-1.112953]]],[[[9.373184,-1.094558],[9.366302,-1.087187],[9.36215,-1.087041],[9.348485,-1.092167],[9.373184,-1.094558]]],[[[9.40108,-1.08179],[9.403719,-1.08383],[9.405539,-1.083392],[9.416929,-1.074125],[9.40108,-1.08179]]],[[[9.396286,4.043349],[9.395622,4.062044],[9.39553,4.062701],[9.375585,4.052929],[9.374305,4.026819],[9.382624,4.033075],[9.385676,4.039262],[9.394024,4.041649],[9.396286,4.043349]]],[[[7.147379,4.521097],[7.147371,4.521354],[7.146213,4.523245],[7.145972,4.52128],[7.147379,4.521097]]],[[[7.221315,4.653737],[7.207832,4.63972],[7.207519,4.63537],[7.212957,4.627245],[7.225575,4.639688],[7.225107,4.656692],[7.221315,4.653737]]],[[[6.430328,5.329166],[6.412254,5.306122],[6.435555,5.326451],[6.433894,5.329371],[6.430328,5.329166]]],[[[31.089873,-28.973915],[31.091603,-28.975819],[31.093301,-28.976148],[31.089873,-28.973915]]],[[[31.10002,-28.95814],[31.097435,-28.956546],[31.095785,-28.957447],[31.098277,-28.958062],[31.10002,-28.95814]]],[[[34.782079,-21.106789],[34.796692,-21.099437],[34.798291,-21.097904],[34.806971,-21.081498],[34.782079,-21.106789]]],[[[34.805374,-21.087638],[34.812412,-21.084377],[34.813041,-21.083775],[34.807369,-21.081938],[34.805374,-21.087638]]],[[[34.852783,-21.052687],[34.856086,-21.0512],[34.852628,-21.05106],[34.852738,-21.052696],[34.852783,-21.052687]]],[[[34.860176,-21.051088],[34.860222,-21.050245],[34.858989,-21.051345],[34.860176,-21.051088]]],[[[34.925664,-21.004645],[34.931118,-21.005174],[34.931793,-21.001436],[34.925664,-21.004645]]],[[[35.031756,-20.975709],[35.031601,-20.98163],[35.039763,-20.973833],[35.036525,-20.973238],[35.031756,-20.975709]]],[[[39.023438,-16.660156],[39.023975,-16.661599],[39.025208,-16.66192],[39.028489,-16.661325],[39.023438,-16.660156]]],[[[39.79733,-10.898438],[39.794231,-10.903047],[39.798056,-10.906158],[39.808884,-10.903528],[39.79733,-10.898438]]],[[[39.822773,-10.883992],[39.824773,-10.893843],[39.834532,-10.877524],[39.823156,-10.882668],[39.822773,-10.883992]]],[[[39.916295,-10.829783],[39.917072,-10.829591],[39.916766,-10.82887],[39.915399,-10.829255],[39.91511,-10.829374],[39.916295,-10.829783]]],[[[39.947748,-10.821596],[39.948349,-10.821862],[39.950929,-10.821225],[39.951099,-10.820513],[39.947748,-10.821596]]],[[[40.024741,-10.796434],[40.022928,-10.79776],[40.022478,-10.803667],[40.027883,-10.798382],[40.031444,-10.793347],[40.024741,-10.796434]]],[[[39.189733,-8.054187],[39.188657,-8.055046],[39.188927,-8.055229],[39.190621,-8.055634],[39.189733,-8.054187]]],[[[39.214143,-8.040902],[39.214339,-8.039998],[39.213052,-8.041619],[39.214143,-8.040902]]],[[[38.806124,-7.998314],[38.804785,-8.000167],[38.813012,-7.999974],[38.808622,-7.997945],[38.806124,-7.998314]]],[[[38.761138,-7.981789],[38.760818,-7.982439],[38.762978,-7.982346],[38.761138,-7.981789]]],[[[38.622062,-7.926071],[38.627193,-7.938623],[38.629289,-7.939129],[38.636808,-7.935167],[38.622062,-7.926071]]],[[[38.568876,-7.886009],[38.568251,-7.885715],[38.565085,-7.886266],[38.566546,-7.887063],[38.569711,-7.887942],[38.568876,-7.886009]]],[[[39.334208,-7.886542],[39.336058,-7.886316],[39.336662,-7.885909],[39.336767,-7.885378],[39.334208,-7.886542]]],[[[39.3535,-7.874553],[39.351107,-7.874915],[39.349831,-7.877027],[39.3535,-7.874553]]],[[[39.966949,15.724118],[39.969592,15.727944],[39.96849,15.728329],[39.967674,15.727617],[39.966949,15.724118]]],[[[44.62009,-23.607558],[44.632981,-23.600251],[44.60604,-23.595691],[44.616979,-23.60886],[44.62009,-23.607558]]],[[[44.664092,-23.562249],[44.660063,-23.570738],[44.676826,-23.557123],[44.665507,-23.560616],[44.664092,-23.562249]]],[[[44.376398,-23.564126],[44.376651,-23.563076],[44.372014,-23.563268],[44.376398,-23.564126]]],[[[44.731194,-23.540063],[44.695585,-23.544279],[44.692705,-23.547854],[44.693635,-23.548613],[44.687515,-23.554298],[44.680243,-23.563328],[44.700037,-23.567364],[44.710457,-23.551347],[44.731194,-23.540063]]],[[[44.681608,-23.559785],[44.687515,-23.554298],[44.692705,-23.547854],[44.685546,-23.54201],[44.681608,-23.559785]]],[[[44.41041,-23.554688],[44.430913,-23.555595],[44.45558,-23.536133],[44.441095,-23.522111],[44.411365,-23.53965],[44.393291,-23.53775],[44.383201,-23.547444],[44.383281,-23.547561],[44.382133,-23.54847],[44.369689,-23.560425],[44.405598,-23.565757],[44.41041,-23.554688]]],[[[44.381176,-23.549229],[44.382133,-23.54847],[44.383201,-23.547444],[44.382218,-23.545993],[44.381176,-23.549229]]],[[[44.491541,-23.530872],[44.492179,-23.531118],[44.49398,-23.530214],[44.494892,-23.5294],[44.491541,-23.530872]]],[[[45.089893,-23.4548],[45.092626,-23.456227],[45.093852,-23.452496],[45.089899,-23.453919],[45.089893,-23.4548]]],[[[43.692289,-23.294882],[43.691668,-23.29454],[43.689185,-23.294833],[43.68858,-23.295483],[43.692289,-23.294882]]],[[[43.493212,-22.95167],[43.493928,-22.950937],[43.491984,-22.952154],[43.493212,-22.95167]]],[[[44.662827,-19.723077],[44.661122,-19.722884],[44.664628,-19.724731],[44.664564,-19.723935],[44.662827,-19.723077]]],[[[44.504491,-19.686755],[44.504782,-19.685476],[44.501232,-19.685982],[44.504491,-19.686755]]],[[[46.721475,-16.624829],[46.725063,-16.625598],[46.725527,-16.625607],[46.723043,-16.623091],[46.721475,-16.624829]]],[[[46.704891,-16.517932],[46.704355,-16.520528],[46.707114,-16.522558],[46.705212,-16.518019],[46.704891,-16.517932]]],[[[47.442382,-15.453926],[47.44615,-15.454165],[47.446378,-15.454061],[47.442282,-15.452236],[47.442382,-15.453926]]],[[[47.340218,-15.438837],[47.340249,-15.438824],[47.340174,-15.438822],[47.340218,-15.438837]]],[[[47.407256,-15.435398],[47.407204,-15.435406],[47.411055,-15.435741],[47.411045,-15.435695],[47.407256,-15.435398]]],[[[47.312712,-15.427979],[47.319867,-15.432082],[47.319961,-15.432113],[47.316445,-15.427838],[47.312712,-15.427979]]],[[[48.450155,-13.560623],[48.451265,-13.559128],[48.451012,-13.557106],[48.449957,-13.557031],[48.450155,-13.560623]]]]},{"type":"LineString","coordinates":[[44.06157,-18.423541],[44.061569,-18.423542]]}]}}
