{"type":"Feature","properties":{"mrgid":63686,"name":"Iceland - Jan Mayen","placeType":"Freshwater Ecoregion of the World (FEOW)","source":"MarineRegions:tnc_wwf_feow_hydrosheds"},"geometry":{"type":"MultiPolygon","coordinates":[[[[-22.433333,64.65],[-22.433333,64.658333],[-22.45,64.658333],[-22.45,64.65],[-22.433333,64.65]]],[[[-22.433333,64.683333],[-22.425,64.683333],[-22.425,64.691667],[-22.433333,64.691667],[-22.433333,64.683333]]],[[[-22.441667,64.733333],[-22.425,64.733333],[-22.425,64.741667],[-22.441667,64.741667],[-22.441667,64.733333]]],[[[-22.458333,64.741667],[-22.441667,64.741667],[-22.441667,64.75],[-22.458333,64.75],[-22.458333,64.741667]]],[[[-22.466667,64.766667],[-22.475,64.766667],[-22.475,64.75],[-22.458333,64.75],[-22.458333,64.758333],[-22.466667,64.758333],[-22.466667,64.766667]]],[[[-22.591667,64.766667],[-22.575,64.766667],[-22.575,64.775],[-22.591667,64.775],[-22.591667,64.766667]]],[[[-22.75,64.775],[-22.733333,64.775],[-22.733333,64.783333],[-22.75,64.783333],[-22.75,64.775]]],[[[-22.775,64.783333],[-22.758333,64.783333],[-22.758333,64.791667],[-22.775,64.791667],[-22.775,64.783333]]],[[[-22.866667,65.008333],[-22.858333,65.008333],[-22.858333,65.016667],[-22.866667,65.016667],[-22.866667,65.008333]]],[[[-22.525,65.058333],[-22.508333,65.058333],[-22.508333,65.066667],[-22.525,65.066667],[-22.525,65.058333]]],[[[-22.766667,65.075],[-22.758333,65.075],[-22.758333,65.083333],[-22.766667,65.083333],[-22.766667,65.075]]],[[[-22.5,65.075],[-22.45,65.075],[-22.45,65.083333],[-22.5,65.083333],[-22.5,65.075]]],[[[-22.525,65.083333],[-22.508333,65.083333],[-22.508333,65.091667],[-22.525,65.091667],[-22.525,65.083333]]],[[[-22.616667,65.108333],[-22.608333,65.108333],[-22.608333,65.125],[-22.616667,65.125],[-22.616667,65.108333]]],[[[-22.55,65.133333],[-22.533333,65.133333],[-22.533333,65.141667],[-22.55,65.141667],[-22.55,65.133333]]],[[[-22.5,65.141667],[-22.5,65.15],[-22.516667,65.15],[-22.516667,65.141667],[-22.5,65.141667]]],[[[-22.691667,65.141667],[-22.666667,65.141667],[-22.666667,65.15],[-22.691667,65.15],[-22.691667,65.141667]]],[[[-22.658333,65.158333],[-22.658333,65.166667],[-22.675,65.166667],[-22.675,65.158333],[-22.658333,65.158333]]],[[[-22.641667,65.166667],[-22.641667,65.175],[-22.658333,65.175],[-22.658333,65.166667],[-22.641667,65.166667]]],[[[-22.633333,65.175],[-22.625,65.175],[-22.625,65.183333],[-22.633333,65.183333],[-22.633333,65.175]]],[[[-22.508333,65.183333],[-22.525,65.183333],[-22.525,65.175],[-22.508333,65.175],[-22.508333,65.183333]]],[[[-22.6,65.183333],[-22.575,65.183333],[-22.575,65.191667],[-22.6,65.191667],[-22.6,65.183333]]],[[[-22.55,65.191667],[-22.55,65.183333],[-22.541667,65.183333],[-22.541667,65.191667],[-22.55,65.191667]]],[[[-22.858333,65.266667],[-22.85,65.266667],[-22.85,65.275],[-22.858333,65.275],[-22.858333,65.266667]]],[[[-22.625,65.358333],[-22.616667,65.358333],[-22.616667,65.366667],[-22.625,65.366667],[-22.625,65.358333]]],[[[-22.833333,65.366667],[-22.825,65.366667],[-22.825,65.375],[-22.833333,65.375],[-22.833333,65.366667]]],[[[-22.958333,65.391667],[-22.95,65.391667],[-22.95,65.4],[-22.958333,65.4],[-22.958333,65.391667]]],[[[-22.783333,65.425],[-22.775,65.425],[-22.775,65.433333],[-22.783333,65.433333],[-22.783333,65.425]]],[[[-23.991667,65.441667],[-23.983333,65.441667],[-23.983333,65.45],[-23.991667,65.45],[-23.991667,65.441667]]],[[[-22.608333,65.458333],[-22.583333,65.458333],[-22.583333,65.466667],[-22.616667,65.475],[-22.616667,65.466667],[-22.633333,65.466667],[-22.633333,65.45],[-22.608333,65.45],[-22.608333,65.458333]]],[[[-22.666667,66.058333],[-22.675,66.058333],[-22.675,66.05],[-22.666667,66.05],[-22.666667,66.058333]]],[[[-20.591667,63.308333],[-20.6,63.308333],[-20.6,63.291667],[-20.566667,63.291667],[-20.566667,63.316667],[-20.591667,63.316667],[-20.591667,63.308333]]],[[[-20.225,63.441667],[-20.233333,63.441667],[-20.233333,63.45],[-20.308333,63.45],[-20.308333,63.433333],[-20.3,63.433333],[-20.3,63.416667],[-20.291667,63.416667],[-20.291667,63.4],[-20.275,63.4],[-20.266667,63.416667],[-20.25,63.416667],[-20.241667,63.433333],[-20.225,63.433333],[-20.225,63.441667]]],[[[-18.308333,63.533333],[-18.3,63.533333],[-18.3,63.525],[-18.283333,63.525],[-18.283333,63.541667],[-18.3,63.541667],[-18.3,63.55],[-18.283333,63.55],[-18.283333,63.558333],[-18.291667,63.558333],[-18.291667,63.566667],[-18.308333,63.566667],[-18.308333,63.575],[-18.325,63.575],[-18.325,63.583333],[-18.35,63.583333],[-18.35,63.591667],[-18.366667,63.591667],[-18.366667,63.6],[-18.341667,63.6],[-18.341667,63.591667],[-18.316667,63.591667],[-18.316667,63.583333],[-18.291667,63.583333],[-18.283333,63.566667],[-18.266667,63.566667],[-18.266667,63.558333],[-18.241667,63.541667],[-18.241667,63.525],[-18.233333,63.525],[-18.233333,63.516667],[-18.258333,63.5],[-18.258333,63.475],[-18.241667,63.475],[-18.241667,63.466667],[-18.183333,63.466667],[-18.183333,63.475],[-18.116667,63.483333],[-18.116667,63.491667],[-18.041667,63.5],[-18.041667,63.508333],[-17.991667,63.516667],[-17.991667,63.525],[-17.958333,63.533333],[-17.958333,63.541667],[-17.941667,63.541667],[-17.941667,63.55],[-17.908333,63.558333],[-17.908333,63.575],[-17.9,63.575],[-17.891667,63.591667],[-17.866667,63.608333],[-17.866667,63.616667],[-17.883333,63.616667],[-17.883333,63.625],[-17.858333,63.625],[-17.858333,63.633333],[-17.85,63.633333],[-17.85,63.625],[-17.841667,63.625],[-17.841667,63.641667],[-17.833333,63.641667],[-17.825,63.658333],[-17.808333,63.658333],[-17.8,63.675],[-17.783333,63.675],[-17.783333,63.683333],[-17.766667,63.683333],[-17.766667,63.691667],[-17.758333,63.691667],[-17.758333,63.716667],[-17.766667,63.716667],[-17.766667,63.725],[-17.75,63.725],[-17.75,63.716667],[-17.741667,63.716667],[-17.741667,63.7],[-17.733333,63.7],[-17.733333,63.708333],[-17.708333,63.708333],[-17.708333,63.716667],[-17.683333,63.716667],[-17.683333,63.725],[-17.616667,63.733333],[-17.616667,63.75],[-17.6,63.75],[-17.6,63.741667],[-17.566667,63.741667],[-17.566667,63.75],[-17.516667,63.75],[-17.516667,63.758333],[-17.466667,63.758333],[-17.466667,63.766667],[-17.416667,63.766667],[-17.416667,63.775],[-17.4,63.775],[-17.391667,63.791667],[-17.383333,63.791667],[-17.383333,63.775],[-17.333333,63.775],[-17.325,63.791667],[-17.316667,63.791667],[-17.316667,63.783333],[-17.166667,63.783333],[-17.175,63.8],[-17.208333,63.791667],[-17.208333,63.8],[-17.225,63.808333],[-17.225,63.8],[-17.233333,63.8],[-17.233333,63.816667],[-17.2,63.841667],[-17.208333,63.891667],[-17.183333,63.891667],[-17.191667,63.875],[-17.166667,63.875],[-17.166667,63.883333],[-17.15,63.883333],[-17.15,63.891667],[-17.133333,63.891667],[-17.133333,63.875],[-17.15,63.866667],[-17.15,63.841667],[-17.141667,63.841667],[-17.133333,63.858333],[-17.116667,63.858333],[-17.116667,63.866667],[-17.1,63.858333],[-17.1,63.866667],[-17.083333,63.866667],[-17.075,63.9],[-17.066667,63.9],[-17.066667,63.875],[-17.075,63.875],[-17.075,63.858333],[-17.083333,63.858333],[-17.083333,63.85],[-17.066667,63.85],[-17.066667,63.858333],[-17.058333,63.858333],[-17.058333,63.875],[-17.05,63.875],[-17.05,63.908333],[-17.033333,63.916667],[-17.033333,63.925],[-17.025,63.925],[-17.025,63.908333],[-17.033333,63.908333],[-17.033333,63.883333],[-17.025,63.883333],[-17.025,63.875],[-17.008333,63.875],[-17.008333,63.925],[-17.0,63.925],[-17.0,63.941667],[-16.991667,63.941667],[-16.991667,63.883333],[-16.975,63.883333],[-16.975,63.891667],[-16.966667,63.891667],[-16.966667,63.908333],[-16.958333,63.908333],[-16.958333,63.9],[-16.95,63.9],[-16.95,63.883333],[-16.941667,63.883333],[-16.941667,63.866667],[-16.933333,63.866667],[-16.933333,63.883333],[-16.925,63.883333],[-16.925,63.891667],[-16.908333,63.883333],[-16.908333,63.866667],[-16.891667,63.866667],[-16.891667,63.883333],[-16.883333,63.883333],[-16.883333,63.875],[-16.866667,63.875],[-16.866667,63.858333],[-16.858333,63.858333],[-16.833333,63.825],[-16.816667,63.825],[-16.816667,63.816667],[-16.808333,63.816667],[-16.808333,63.8],[-16.791667,63.8],[-16.791667,63.841667],[-16.775,63.841667],[-16.775,63.816667],[-16.758333,63.816667],[-16.758333,63.833333],[-16.75,63.833333],[-16.75,63.841667],[-16.741667,63.841667],[-16.741667,63.85],[-16.716667,63.85],[-16.716667,63.858333],[-16.633333,63.858333],[-16.633333,63.866667],[-16.591667,63.866667],[-16.591667,63.875],[-16.566667,63.875],[-16.566667,63.883333],[-16.533333,63.875],[-16.533333,63.883333],[-16.516667,63.883333],[-16.525,63.9],[-16.483333,63.908333],[-16.475,63.925],[-16.433333,63.925],[-16.433333,63.933333],[-16.416667,63.933333],[-16.416667,63.941667],[-16.383333,63.95],[-16.375,63.966667],[-16.35,63.966667],[-16.35,63.975],[-16.366667,63.975],[-16.366667,63.983333],[-16.358333,63.983333],[-16.358333,64.0],[-16.316667,64.0],[-16.316667,63.991667],[-16.3,63.991667],[-16.3,64.0],[-16.258333,64.008333],[-16.258333,64.016667],[-16.225,64.016667],[-16.225,64.025],[-16.175,64.033333],[-16.175,64.041667],[-16.15,64.041667],[-16.15,64.05],[-16.116667,64.058333],[-16.108333,64.075],[-16.083333,64.075],[-16.083333,64.083333],[-16.066667,64.083333],[-16.066667,64.091667],[-16.05,64.091667],[-16.05,64.1],[-16.025,64.1],[-16.025,64.108333],[-15.983333,64.116667],[-15.975,64.133333],[-15.916667,64.141667],[-15.916667,64.15],[-15.875,64.15],[-15.875,64.158333],[-15.816667,64.158333],[-15.816667,64.166667],[-15.8,64.166667],[-15.8,64.175],[-15.75,64.183333],[-15.75,64.191667],[-15.733333,64.191667],[-15.733333,64.2],[-15.716667,64.2],[-15.716667,64.208333],[-15.7,64.208333],[-15.691667,64.225],[-15.683333,64.225],[-15.675,64.208333],[-15.641667,64.208333],[-15.641667,64.216667],[-15.633333,64.216667],[-15.633333,64.208333],[-15.625,64.208333],[-15.625,64.216667],[-15.6,64.216667],[-15.6,64.225],[-15.558333,64.225],[-15.558333,64.233333],[-15.483333,64.225],[-15.491667,64.241667],[-15.475,64.241667],[-15.475,64.233333],[-15.416667,64.233333],[-15.416667,64.241667],[-15.458333,64.241667],[-15.458333,64.25],[-15.5,64.258333],[-15.5,64.266667],[-15.475,64.266667],[-15.475,64.258333],[-15.425,64.258333],[-15.425,64.266667],[-15.383333,64.266667],[-15.383333,64.283333],[-15.375,64.283333],[-15.375,64.35],[-15.391667,64.35],[-15.4,64.366667],[-15.408333,64.366667],[-15.408333,64.375],[-15.425,64.375],[-15.425,64.383333],[-15.383333,64.375],[-15.375,64.358333],[-15.341667,64.358333],[-15.341667,64.35],[-15.316667,64.333333],[-15.316667,64.316667],[-15.333333,64.308333],[-15.325,64.291667],[-15.275,64.291667],[-15.283333,64.308333],[-15.291667,64.308333],[-15.291667,64.333333],[-15.283333,64.333333],[-15.275,64.316667],[-15.266667,64.316667],[-15.266667,64.3],[-15.25,64.3],[-15.25,64.291667],[-15.216667,64.291667],[-15.216667,64.3],[-15.208333,64.3],[-15.208333,64.266667],[-15.216667,64.266667],[-15.216667,64.25],[-15.183333,64.258333],[-15.183333,64.275],[-15.191667,64.275],[-15.191667,64.283333],[-15.166667,64.283333],[-15.166667,64.275],[-15.125,64.275],[-15.116667,64.291667],[-15.083333,64.291667],[-15.083333,64.283333],[-15.05,64.283333],[-15.05,64.275],[-15.033333,64.275],[-15.033333,64.266667],[-15.025,64.266667],[-15.025,64.25],[-15.141667,64.25],[-15.141667,64.241667],[-15.008333,64.241667],[-15.008333,64.233333],[-14.966667,64.233333],[-14.966667,64.25],[-14.958333,64.25],[-14.958333,64.258333],[-14.941667,64.258333],[-14.941667,64.266667],[-14.933333,64.266667],[-14.933333,64.275],[-14.916667,64.275],[-14.916667,64.283333],[-14.9,64.283333],[-14.908333,64.3],[-14.916667,64.3],[-14.916667,64.291667],[-14.958333,64.291667],[-14.958333,64.3],[-14.966667,64.3],[-14.958333,64.316667],[-14.916667,64.325],[-14.916667,64.333333],[-14.908333,64.333333],[-14.908333,64.35],[-14.9,64.35],[-14.9,64.333333],[-14.883333,64.333333],[-14.883333,64.341667],[-14.841667,64.35],[-14.841667,64.358333],[-14.775,64.366667],[-14.783333,64.383333],[-14.733333,64.391667],[-14.708333,64.425],[-14.6,64.425],[-14.6,64.416667],[-14.575,64.416667],[-14.575,64.408333],[-14.633333,64.408333],[-14.633333,64.4],[-14.541667,64.4],[-14.525,64.433333],[-14.5,64.433333],[-14.5,64.441667],[-14.508333,64.441667],[-14.508333,64.466667],[-14.475,64.491667],[-14.475,64.508333],[-14.483333,64.508333],[-14.483333,64.516667],[-14.475,64.516667],[-14.475,64.533333],[-14.483333,64.533333],[-14.483333,64.541667],[-14.533333,64.541667],[-14.533333,64.55],[-14.541667,64.55],[-14.541667,64.566667],[-14.566667,64.566667],[-14.566667,64.558333],[-14.575,64.558333],[-14.591667,64.583333],[-14.566667,64.583333],[-14.566667,64.591667],[-14.525,64.591667],[-14.525,64.6],[-14.5,64.6],[-14.5,64.591667],[-14.425,64.591667],[-14.416667,64.608333],[-14.408333,64.608333],[-14.408333,64.625],[-14.433333,64.625],[-14.433333,64.641667],[-14.483333,64.641667],[-14.483333,64.658333],[-14.4,64.666667],[-14.4,64.658333],[-14.341667,64.658333],[-14.341667,64.65],[-14.316667,64.65],[-14.316667,64.641667],[-14.275,64.641667],[-14.275,64.65],[-14.258333,64.65],[-14.258333,64.666667],[-14.3,64.666667],[-14.3,64.675],[-14.325,64.675],[-14.325,64.683333],[-14.341667,64.683333],[-14.341667,64.691667],[-14.358333,64.691667],[-14.358333,64.7],[-14.391667,64.708333],[-14.4,64.725],[-14.391667,64.725],[-14.391667,64.733333],[-14.416667,64.733333],[-14.416667,64.75],[-14.458333,64.75],[-14.466667,64.766667],[-14.458333,64.766667],[-14.458333,64.775],[-14.466667,64.775],[-14.475,64.791667],[-14.441667,64.791667],[-14.433333,64.775],[-14.4,64.766667],[-14.4,64.758333],[-14.391667,64.758333],[-14.391667,64.75],[-14.375,64.75],[-14.366667,64.733333],[-14.35,64.733333],[-14.333333,64.708333],[-14.291667,64.708333],[-14.291667,64.7],[-14.258333,64.7],[-14.258333,64.691667],[-14.166667,64.691667],[-14.166667,64.7],[-14.125,64.7],[-14.125,64.708333],[-14.058333,64.708333],[-14.058333,64.716667],[-14.016667,64.716667],[-14.016667,64.725],[-13.991667,64.725],[-13.991667,64.741667],[-14.0,64.741667],[-14.0,64.75],[-14.016667,64.75],[-14.025,64.766667],[-14.041667,64.766667],[-14.033333,64.783333],[-14.016667,64.783333],[-14.016667,64.791667],[-13.9,64.791667],[-13.9,64.8],[-13.858333,64.8],[-13.858333,64.791667],[-13.841667,64.791667],[-13.841667,64.8],[-13.833333,64.8],[-13.833333,64.808333],[-13.858333,64.808333],[-13.858333,64.816667],[-13.891667,64.816667],[-13.891667,64.825],[-13.916667,64.825],[-13.916667,64.833333],[-13.95,64.833333],[-13.95,64.841667],[-13.9,64.841667],[-13.9,64.833333],[-13.816667,64.825],[-13.816667,64.833333],[-13.8,64.833333],[-13.8,64.841667],[-13.775,64.841667],[-13.775,64.85],[-13.758333,64.85],[-13.758333,64.858333],[-13.75,64.858333],[-13.75,64.866667],[-13.766667,64.866667],[-13.766667,64.875],[-13.825,64.883333],[-13.825,64.891667],[-13.841667,64.891667],[-13.841667,64.9],[-13.958333,64.9],[-13.958333,64.908333],[-14.016667,64.908333],[-14.016667,64.916667],[-14.033333,64.916667],[-14.041667,64.933333],[-14.008333,64.933333],[-14.008333,64.925],[-13.975,64.925],[-13.975,64.916667],[-13.875,64.916667],[-13.875,64.925],[-13.858333,64.925],[-13.858333,64.916667],[-13.825,64.916667],[-13.825,64.908333],[-13.691667,64.908333],[-13.691667,64.916667],[-13.683333,64.916667],[-13.683333,64.933333],[-13.725,64.933333],[-13.725,64.941667],[-13.791667,64.941667],[-13.791667,64.95],[-13.808333,64.95],[-13.808333,64.958333],[-13.825,64.958333],[-13.825,64.966667],[-13.858333,64.966667],[-13.858333,64.975],[-13.875,64.975],[-13.883333,64.991667],[-13.9,64.991667],[-13.9,65.0],[-13.916667,65.0],[-13.916667,65.008333],[-14.225,65.016667],[-14.225,65.033333],[-14.191667,65.033333],[-14.191667,65.025],[-14.091667,65.025],[-14.091667,65.033333],[-14.066667,65.033333],[-14.066667,65.041667],[-14.025,65.041667],[-14.025,65.033333],[-14.0,65.033333],[-14.0,65.05],[-14.033333,65.066667],[-14.033333,65.075],[-14.008333,65.075],[-14.008333,65.066667],[-13.966667,65.058333],[-13.966667,65.05],[-13.916667,65.05],[-13.916667,65.041667],[-13.875,65.041667],[-13.875,65.033333],[-13.85,65.033333],[-13.85,65.025],[-13.816667,65.016667],[-13.816667,65.008333],[-13.791667,64.991667],[-13.791667,64.983333],[-13.641667,64.983333],[-13.641667,64.991667],[-13.608333,64.991667],[-13.608333,65.0],[-13.591667,65.0],[-13.6,65.016667],[-13.608333,65.016667],[-13.608333,65.033333],[-13.566667,65.033333],[-13.566667,65.041667],[-13.541667,65.041667],[-13.541667,65.05],[-13.525,65.05],[-13.525,65.058333],[-13.508333,65.058333],[-13.508333,65.066667],[-13.5,65.066667],[-13.5,65.083333],[-13.533333,65.083333],[-13.516667,65.166667],[-13.533333,65.166667],[-13.55,65.141667],[-13.575,65.141667],[-13.591667,65.108333],[-13.608333,65.108333],[-13.616667,65.091667],[-13.633333,65.091667],[-13.633333,65.108333],[-13.675,65.108333],[-13.675,65.116667],[-13.658333,65.116667],[-13.65,65.133333],[-13.725,65.133333],[-13.725,65.141667],[-13.658333,65.141667],[-13.658333,65.15],[-13.641667,65.15],[-13.641667,65.158333],[-13.633333,65.158333],[-13.633333,65.175],[-13.625,65.175],[-13.625,65.191667],[-13.808333,65.183333],[-13.808333,65.191667],[-13.941667,65.191667],[-13.941667,65.2],[-13.741667,65.2],[-13.741667,65.208333],[-13.65,65.208333],[-13.65,65.216667],[-13.625,65.216667],[-13.608333,65.241667],[-13.591667,65.241667],[-13.583333,65.258333],[-13.566667,65.258333],[-13.566667,65.266667],[-13.583333,65.266667],[-13.583333,65.275],[-13.608333,65.275],[-13.608333,65.283333],[-13.65,65.283333],[-13.65,65.291667],[-13.683333,65.291667],[-13.683333,65.3],[-13.691667,65.3],[-13.691667,65.291667],[-13.716667,65.291667],[-13.716667,65.283333],[-13.866667,65.291667],[-13.866667,65.283333],[-13.966667,65.275],[-13.966667,65.266667],[-13.983333,65.266667],[-13.983333,65.258333],[-14.0,65.258333],[-14.0,65.275],[-13.983333,65.275],[-13.983333,65.283333],[-13.925,65.283333],[-13.925,65.291667],[-13.875,65.3],[-13.875,65.308333],[-13.741667,65.308333],[-13.741667,65.316667],[-13.725,65.316667],[-13.725,65.333333],[-13.766667,65.333333],[-13.766667,65.341667],[-13.8,65.341667],[-13.8,65.35],[-13.833333,65.35],[-13.833333,65.358333],[-13.683333,65.358333],[-13.683333,65.366667],[-13.666667,65.366667],[-13.658333,65.4],[-13.666667,65.4],[-13.666667,65.408333],[-13.633333,65.416667],[-13.633333,65.433333],[-13.641667,65.433333],[-13.641667,65.45],[-13.65,65.45],[-13.65,65.458333],[-13.641667,65.458333],[-13.641667,65.466667],[-13.608333,65.466667],[-13.608333,65.508333],[-13.616667,65.508333],[-13.616667,65.516667],[-13.633333,65.516667],[-13.633333,65.525],[-13.65,65.525],[-13.65,65.533333],[-13.666667,65.533333],[-13.675,65.55],[-13.741667,65.55],[-13.75,65.533333],[-13.766667,65.533333],[-13.766667,65.525],[-13.808333,65.525],[-13.808333,65.566667],[-13.825,65.566667],[-13.825,65.575],[-13.875,65.575],[-13.875,65.583333],[-13.85,65.583333],[-13.85,65.608333],[-13.875,65.608333],[-13.875,65.616667],[-13.933333,65.616667],[-13.933333,65.608333],[-13.966667,65.608333],[-13.966667,65.6],[-14.066667,65.608333],[-14.066667,65.616667],[-14.108333,65.616667],[-14.108333,65.625],[-14.141667,65.625],[-14.141667,65.633333],[-14.166667,65.633333],[-14.166667,65.641667],[-14.191667,65.641667],[-14.191667,65.65],[-14.25,65.658333],[-14.25,65.666667],[-14.266667,65.666667],[-14.266667,65.675],[-14.325,65.683333],[-14.325,65.691667],[-14.358333,65.7],[-14.366667,65.716667],[-14.383333,65.716667],[-14.383333,65.708333],[-14.391667,65.708333],[-14.391667,65.725],[-14.375,65.725],[-14.366667,65.741667],[-14.35,65.741667],[-14.35,65.75],[-14.341667,65.75],[-14.341667,65.766667],[-14.325,65.775],[-14.333333,65.791667],[-14.366667,65.791667],[-14.366667,65.783333],[-14.466667,65.783333],[-14.466667,65.775],[-14.491667,65.775],[-14.491667,65.766667],[-14.541667,65.766667],[-14.541667,65.758333],[-14.65,65.758333],[-14.65,65.75],[-14.733333,65.741667],[-14.733333,65.733333],[-14.791667,65.733333],[-14.791667,65.725],[-14.816667,65.725],[-14.816667,65.716667],[-14.825,65.716667],[-14.825,65.725],[-14.841667,65.725],[-14.841667,65.733333],[-14.85,65.733333],[-14.85,65.741667],[-14.833333,65.741667],[-14.825,65.758333],[-14.791667,65.766667],[-14.783333,65.783333],[-14.766667,65.783333],[-14.766667,65.791667],[-14.791667,65.791667],[-14.791667,65.783333],[-14.825,65.775],[-14.825,65.766667],[-14.85,65.766667],[-14.85,65.775],[-14.833333,65.775],[-14.833333,65.783333],[-14.825,65.783333],[-14.825,65.8],[-14.808333,65.791667],[-14.808333,65.816667],[-14.791667,65.825],[-14.791667,65.833333],[-14.775,65.833333],[-14.775,65.841667],[-14.741667,65.841667],[-14.725,65.866667],[-14.7,65.866667],[-14.7,65.875],[-14.683333,65.875],[-14.683333,65.883333],[-14.658333,65.883333],[-14.658333,65.891667],[-14.625,65.916667],[-14.616667,65.95],[-14.608333,65.95],[-14.616667,65.991667],[-14.65,66.0],[-14.65,66.008333],[-14.658333,66.008333],[-14.658333,66.025],[-14.666667,66.025],[-14.666667,66.041667],[-14.683333,66.041667],[-14.683333,66.05],[-14.716667,66.05],[-14.716667,66.058333],[-14.775,66.058333],[-14.775,66.05],[-14.8,66.05],[-14.8,66.041667],[-14.816667,66.041667],[-14.833333,66.016667],[-14.891667,66.016667],[-14.9,66.033333],[-14.916667,66.033333],[-14.916667,66.041667],[-14.933333,66.041667],[-14.933333,66.033333],[-14.983333,66.033333],[-14.983333,66.041667],[-15.025,66.041667],[-15.025,66.05],[-15.083333,66.041667],[-15.075,66.058333],[-15.058333,66.058333],[-15.058333,66.091667],[-15.15,66.091667],[-15.15,66.1],[-15.175,66.1],[-15.175,66.116667],[-15.166667,66.116667],[-15.166667,66.125],[-15.141667,66.125],[-15.141667,66.133333],[-15.075,66.133333],[-15.075,66.141667],[-15.016667,66.15],[-15.016667,66.158333],[-15.0,66.158333],[-15.0,66.166667],[-14.95,66.175],[-14.941667,66.191667],[-14.933333,66.191667],[-14.933333,66.216667],[-14.958333,66.233333],[-14.958333,66.241667],[-15.0,66.25],[-15.0,66.258333],[-15.016667,66.258333],[-15.016667,66.266667],[-14.991667,66.266667],[-14.991667,66.275],[-14.975,66.275],[-14.975,66.283333],[-14.941667,66.283333],[-14.941667,66.291667],[-14.841667,66.3],[-14.841667,66.308333],[-14.825,66.308333],[-14.825,66.316667],[-14.766667,66.325],[-14.766667,66.333333],[-14.666667,66.341667],[-14.666667,66.35],[-14.625,66.35],[-14.625,66.358333],[-14.575,66.358333],[-14.575,66.366667],[-14.55,66.366667],[-14.55,66.375],[-14.641667,66.375],[-14.641667,66.366667],[-14.675,66.366667],[-14.675,66.358333],[-14.766667,66.358333],[-14.766667,66.366667],[-14.8,66.366667],[-14.8,66.375],[-14.825,66.375],[-14.825,66.383333],[-14.9,66.383333],[-14.9,66.375],[-14.941667,66.375],[-14.941667,66.366667],[-14.966667,66.366667],[-14.966667,66.358333],[-15.0,66.35],[-15.025,66.316667],[-15.05,66.316667],[-15.058333,66.3],[-15.075,66.3],[-15.075,66.291667],[-15.108333,66.291667],[-15.1,66.275],[-15.116667,66.275],[-15.116667,66.266667],[-15.258333,66.258333],[-15.258333,66.25],[-15.283333,66.25],[-15.283333,66.258333],[-15.341667,66.258333],[-15.358333,66.233333],[-15.35,66.233333],[-15.35,66.208333],[-15.333333,66.2],[-15.333333,66.183333],[-15.341667,66.183333],[-15.341667,66.166667],[-15.366667,66.166667],[-15.366667,66.141667],[-15.391667,66.141667],[-15.4,66.158333],[-15.425,66.158333],[-15.441667,66.183333],[-15.491667,66.183333],[-15.491667,66.191667],[-15.525,66.2],[-15.533333,66.216667],[-15.541667,66.216667],[-15.541667,66.208333],[-15.558333,66.208333],[-15.558333,66.216667],[-15.575,66.216667],[-15.583333,66.233333],[-15.591667,66.233333],[-15.591667,66.225],[-15.616667,66.225],[-15.616667,66.216667],[-15.633333,66.216667],[-15.633333,66.225],[-15.7,66.225],[-15.691667,66.266667],[-15.733333,66.258333],[-15.733333,66.266667],[-15.75,66.266667],[-15.75,66.275],[-15.783333,66.275],[-15.783333,66.283333],[-15.75,66.283333],[-15.75,66.291667],[-15.708333,66.3],[-15.7,66.316667],[-15.683333,66.325],[-15.683333,66.341667],[-15.691667,66.341667],[-15.691667,66.383333],[-15.7,66.383333],[-15.7,66.391667],[-15.733333,66.391667],[-15.733333,66.4],[-15.841667,66.4],[-15.833333,66.416667],[-15.866667,66.416667],[-15.866667,66.408333],[-15.883333,66.408333],[-15.883333,66.425],[-15.9,66.425],[-15.9,66.416667],[-15.933333,66.416667],[-15.925,66.433333],[-15.941667,66.433333],[-15.941667,66.45],[-15.933333,66.45],[-15.933333,66.466667],[-15.908333,66.483333],[-15.908333,66.491667],[-15.958333,66.5],[-15.958333,66.508333],[-16.0,66.516667],[-16.0,66.525],[-16.016667,66.525],[-16.016667,66.533333],[-16.058333,66.525],[-16.058333,66.516667],[-16.083333,66.516667],[-16.083333,66.525],[-16.108333,66.525],[-16.108333,66.533333],[-16.191667,66.533333],[-16.216667,66.5],[-16.25,66.508333],[-16.25,66.491667],[-16.266667,66.491667],[-16.275,66.475],[-16.308333,66.475],[-16.308333,66.483333],[-16.325,66.483333],[-16.325,66.491667],[-16.341667,66.491667],[-16.35,66.508333],[-16.366667,66.508333],[-16.366667,66.5],[-16.375,66.5],[-16.375,66.508333],[-16.391667,66.508333],[-16.391667,66.5],[-16.416667,66.5],[-16.416667,66.483333],[-16.425,66.483333],[-16.425,66.516667],[-16.475,66.516667],[-16.475,66.508333],[-16.491667,66.508333],[-16.491667,66.5],[-16.5,66.5],[-16.5,66.483333],[-16.516667,66.483333],[-16.508333,66.5],[-16.516667,66.5],[-16.516667,66.508333],[-16.541667,66.508333],[-16.558333,66.483333],[-16.566667,66.483333],[-16.566667,66.466667],[-16.541667,66.466667],[-16.541667,66.45],[-16.525,66.441667],[-16.516667,66.425],[-16.508333,66.425],[-16.516667,66.391667],[-16.508333,66.391667],[-16.508333,66.383333],[-16.516667,66.383333],[-16.516667,66.375],[-16.5,66.366667],[-16.508333,66.35],[-16.5,66.35],[-16.5,66.341667],[-16.475,66.341667],[-16.475,66.308333],[-16.441667,66.3],[-16.441667,66.283333],[-16.433333,66.283333],[-16.433333,66.275],[-16.416667,66.275],[-16.425,66.258333],[-16.433333,66.258333],[-16.433333,66.233333],[-16.441667,66.233333],[-16.441667,66.225],[-16.458333,66.225],[-16.458333,66.216667],[-16.475,66.208333],[-16.475,66.191667],[-16.491667,66.183333],[-16.491667,66.166667],[-16.508333,66.175],[-16.508333,66.191667],[-16.533333,66.191667],[-16.525,66.175],[-16.566667,66.166667],[-16.566667,66.158333],[-16.591667,66.158333],[-16.591667,66.166667],[-16.641667,66.166667],[-16.641667,66.158333],[-16.675,66.158333],[-16.675,66.125],[-16.666667,66.125],[-16.666667,66.116667],[-16.683333,66.116667],[-16.691667,66.133333],[-16.725,66.133333],[-16.725,66.141667],[-16.741667,66.141667],[-16.733333,66.125],[-16.741667,66.125],[-16.741667,66.108333],[-16.758333,66.108333],[-16.758333,66.116667],[-16.766667,66.116667],[-16.758333,66.133333],[-16.791667,66.133333],[-16.791667,66.125],[-16.875,66.125],[-16.875,66.116667],[-16.916667,66.116667],[-16.908333,66.1],[-16.941667,66.1],[-16.941667,66.125],[-16.95,66.125],[-16.95,66.141667],[-16.975,66.158333],[-16.975,66.183333],[-16.983333,66.183333],[-16.983333,66.191667],[-17.0,66.191667],[-17.0,66.2],[-17.033333,66.2],[-17.033333,66.208333],[-17.05,66.208333],[-17.05,66.2],[-17.091667,66.2],[-17.091667,66.208333],[-17.1,66.208333],[-17.1,66.2],[-17.133333,66.2],[-17.133333,66.208333],[-17.15,66.208333],[-17.141667,66.191667],[-17.166667,66.191667],[-17.166667,66.183333],[-17.175,66.183333],[-17.175,66.191667],[-17.225,66.191667],[-17.225,66.183333],[-17.241667,66.183333],[-17.241667,66.175],[-17.258333,66.175],[-17.258333,66.166667],[-17.275,66.166667],[-17.275,66.15],[-17.266667,66.15],[-17.266667,66.116667],[-17.275,66.116667],[-17.275,66.108333],[-17.291667,66.108333],[-17.291667,66.1],[-17.308333,66.1],[-17.308333,66.091667],[-17.358333,66.091667],[-17.35,66.075],[-17.366667,66.075],[-17.366667,66.05],[-17.358333,66.05],[-17.358333,66.033333],[-17.375,66.033333],[-17.375,66.025],[-17.383333,66.025],[-17.383333,66.008333],[-17.416667,65.991667],[-17.408333,65.975],[-17.425,65.975],[-17.425,65.991667],[-17.458333,65.991667],[-17.458333,65.983333],[-17.633333,65.983333],[-17.633333,65.991667],[-17.65,65.991667],[-17.65,66.0],[-17.666667,66.0],[-17.666667,66.008333],[-17.675,66.008333],[-17.675,66.025],[-17.683333,66.025],[-17.683333,66.033333],[-17.7,66.033333],[-17.716667,66.058333],[-17.733333,66.058333],[-17.733333,66.066667],[-17.766667,66.075],[-17.766667,66.083333],[-17.8,66.083333],[-17.8,66.091667],[-17.816667,66.091667],[-17.825,66.108333],[-17.891667,66.108333],[-17.891667,66.116667],[-17.908333,66.116667],[-17.908333,66.133333],[-17.925,66.133333],[-17.925,66.141667],[-17.991667,66.15],[-17.991667,66.158333],[-18.033333,66.158333],[-18.033333,66.15],[-18.091667,66.141667],[-18.091667,66.158333],[-18.108333,66.158333],[-18.108333,66.166667],[-18.133333,66.166667],[-18.133333,66.158333],[-18.15,66.15],[-18.158333,66.166667],[-18.183333,66.166667],[-18.183333,66.175],[-18.191667,66.175],[-18.191667,66.166667],[-18.266667,66.175],[-18.266667,66.166667],[-18.283333,66.166667],[-18.283333,66.175],[-18.291667,66.175],[-18.291667,66.166667],[-18.308333,66.166667],[-18.308333,66.158333],[-18.333333,66.141667],[-18.333333,66.125],[-18.325,66.125],[-18.325,66.091667],[-18.316667,66.091667],[-18.316667,66.058333],[-18.291667,66.041667],[-18.291667,66.008333],[-18.283333,66.008333],[-18.283333,66.0],[-18.266667,66.0],[-18.25,65.975],[-18.233333,65.975],[-18.225,65.958333],[-18.208333,65.958333],[-18.216667,65.925],[-18.183333,65.916667],[-18.183333,65.908333],[-18.158333,65.908333],[-18.158333,65.916667],[-18.141667,65.925],[-18.116667,65.891667],[-18.1,65.891667],[-18.1,65.875],[-18.083333,65.866667],[-18.083333,65.85],[-18.066667,65.85],[-18.075,65.791667],[-18.1,65.775],[-18.1,65.725],[-18.091667,65.725],[-18.091667,65.716667],[-18.075,65.716667],[-18.075,65.7],[-18.05,65.683333],[-18.05,65.658333],[-18.066667,65.65],[-18.066667,65.641667],[-18.091667,65.658333],[-18.091667,65.691667],[-18.1,65.691667],[-18.1,65.7],[-18.133333,65.708333],[-18.141667,65.725],[-18.166667,65.725],[-18.166667,65.766667],[-18.158333,65.766667],[-18.158333,65.783333],[-18.166667,65.783333],[-18.175,65.8],[-18.191667,65.8],[-18.191667,65.816667],[-18.2,65.816667],[-18.2,65.858333],[-18.225,65.858333],[-18.225,65.866667],[-18.266667,65.866667],[-18.275,65.9],[-18.283333,65.9],[-18.283333,65.908333],[-18.3,65.908333],[-18.308333,65.925],[-18.325,65.933333],[-18.325,65.941667],[-18.341667,65.941667],[-18.341667,65.95],[-18.441667,65.95],[-18.441667,65.958333],[-18.466667,65.958333],[-18.466667,65.966667],[-18.533333,65.966667],[-18.533333,65.991667],[-18.525,65.991667],[-18.516667,66.033333],[-18.533333,66.041667],[-18.533333,66.066667],[-18.541667,66.066667],[-18.558333,66.091667],[-18.608333,66.091667],[-18.608333,66.083333],[-18.65,66.083333],[-18.65,66.075],[-18.666667,66.075],[-18.658333,66.091667],[-18.625,66.1],[-18.625,66.108333],[-18.616667,66.108333],[-18.616667,66.125],[-18.633333,66.125],[-18.641667,66.141667],[-18.675,66.15],[-18.675,66.158333],[-18.758333,66.158333],[-18.758333,66.15],[-18.775,66.15],[-18.775,66.141667],[-18.783333,66.141667],[-18.783333,66.133333],[-18.8,66.133333],[-18.8,66.15],[-18.775,66.166667],[-18.775,66.183333],[-18.791667,66.183333],[-18.791667,66.191667],[-18.841667,66.191667],[-18.841667,66.2],[-18.866667,66.2],[-18.866667,66.191667],[-18.858333,66.191667],[-18.858333,66.175],[-18.875,66.175],[-18.875,66.158333],[-18.883333,66.158333],[-18.883333,66.15],[-18.9,66.15],[-18.9,66.141667],[-18.916667,66.141667],[-18.916667,66.183333],[-19.0,66.183333],[-19.0,66.175],[-19.016667,66.175],[-19.016667,66.166667],[-19.05,66.166667],[-19.05,66.158333],[-19.066667,66.158333],[-19.066667,66.15],[-19.083333,66.15],[-19.083333,66.141667],[-19.091667,66.141667],[-19.091667,66.125],[-19.1,66.125],[-19.1,66.108333],[-19.108333,66.108333],[-19.108333,66.091667],[-19.083333,66.091667],[-19.083333,66.075],[-19.075,66.075],[-19.075,66.066667],[-19.058333,66.066667],[-19.058333,66.058333],[-19.083333,66.058333],[-19.083333,66.066667],[-19.116667,66.075],[-19.125,66.091667],[-19.158333,66.091667],[-19.15,66.075],[-19.158333,66.075],[-19.158333,66.066667],[-19.183333,66.066667],[-19.183333,66.075],[-19.2,66.075],[-19.2,66.083333],[-19.258333,66.083333],[-19.258333,66.075],[-19.391667,66.075],[-19.391667,66.066667],[-19.408333,66.066667],[-19.408333,66.058333],[-19.441667,66.058333],[-19.441667,66.05],[-19.458333,66.05],[-19.458333,66.025],[-19.425,66.008333],[-19.425,65.983333],[-19.508333,65.975],[-19.508333,65.958333],[-19.516667,65.958333],[-19.516667,65.95],[-19.508333,65.95],[-19.508333,65.941667],[-19.491667,65.941667],[-19.491667,65.933333],[-19.466667,65.933333],[-19.466667,65.925],[-19.45,65.916667],[-19.45,65.9],[-19.433333,65.9],[-19.425,65.883333],[-19.416667,65.883333],[-19.416667,65.866667],[-19.408333,65.866667],[-19.391667,65.841667],[-19.383333,65.841667],[-19.383333,65.825],[-19.391667,65.825],[-19.391667,65.783333],[-19.408333,65.783333],[-19.408333,65.766667],[-19.416667,65.766667],[-19.416667,65.75],[-19.425,65.75],[-19.425,65.733333],[-19.441667,65.733333],[-19.441667,65.725],[-19.466667,65.725],[-19.458333,65.741667],[-19.5,65.741667],[-19.516667,65.766667],[-19.55,65.766667],[-19.541667,65.733333],[-19.558333,65.733333],[-19.558333,65.741667],[-19.633333,65.741667],[-19.633333,65.75],[-19.65,65.75],[-19.65,65.758333],[-19.658333,65.758333],[-19.658333,65.8],[-19.683333,65.816667],[-19.683333,65.833333],[-19.691667,65.833333],[-19.691667,65.85],[-19.708333,65.858333],[-19.708333,65.866667],[-19.725,65.866667],[-19.733333,65.883333],[-19.791667,65.883333],[-19.791667,65.891667],[-19.808333,65.891667],[-19.808333,65.9],[-19.85,65.9],[-19.85,65.891667],[-19.858333,65.891667],[-19.858333,65.9],[-19.866667,65.9],[-19.866667,65.916667],[-19.883333,65.925],[-19.883333,65.933333],[-19.908333,65.933333],[-19.908333,65.941667],[-19.925,65.941667],[-19.925,65.95],[-19.933333,65.95],[-19.933333,65.966667],[-19.925,65.966667],[-19.925,65.975],[-19.941667,65.975],[-19.941667,65.983333],[-19.95,65.983333],[-19.95,66.0],[-19.991667,66.008333],[-19.991667,66.016667],[-20.0,66.016667],[-20.0,66.033333],[-20.016667,66.033333],[-20.016667,66.05],[-20.033333,66.058333],[-20.033333,66.066667],[-20.041667,66.066667],[-20.041667,66.075],[-20.058333,66.075],[-20.058333,66.083333],[-20.083333,66.083333],[-20.1,66.116667],[-20.133333,66.108333],[-20.133333,66.116667],[-20.158333,66.116667],[-20.158333,66.125],[-20.191667,66.125],[-20.191667,66.116667],[-20.233333,66.108333],[-20.233333,66.1],[-20.325,66.1],[-20.325,66.091667],[-20.341667,66.091667],[-20.341667,66.083333],[-20.425,66.083333],[-20.425,66.075],[-20.416667,66.075],[-20.416667,66.05],[-20.425,66.05],[-20.433333,66.008333],[-20.416667,66.008333],[-20.416667,66.0],[-20.4,65.991667],[-20.391667,65.958333],[-20.4,65.958333],[-20.4,65.95],[-20.375,65.933333],[-20.375,65.916667],[-20.341667,65.891667],[-20.341667,65.883333],[-20.316667,65.866667],[-20.316667,65.833333],[-20.333333,65.833333],[-20.333333,65.825],[-20.325,65.825],[-20.325,65.816667],[-20.291667,65.791667],[-20.291667,65.783333],[-20.283333,65.783333],[-20.283333,65.775],[-20.275,65.775],[-20.275,65.75],[-20.266667,65.75],[-20.266667,65.725],[-20.283333,65.716667],[-20.283333,65.7],[-20.3,65.7],[-20.3,65.691667],[-20.308333,65.691667],[-20.3,65.658333],[-20.316667,65.65],[-20.325,65.616667],[-20.341667,65.616667],[-20.341667,65.608333],[-20.358333,65.608333],[-20.358333,65.6],[-20.375,65.6],[-20.375,65.591667],[-20.383333,65.591667],[-20.366667,65.558333],[-20.383333,65.55],[-20.383333,65.533333],[-20.391667,65.533333],[-20.391667,65.591667],[-20.4,65.591667],[-20.4,65.6],[-20.441667,65.591667],[-20.441667,65.6],[-20.491667,65.6],[-20.491667,65.591667],[-20.466667,65.591667],[-20.466667,65.583333],[-20.475,65.583333],[-20.475,65.566667],[-20.45,65.566667],[-20.441667,65.55],[-20.425,65.55],[-20.425,65.533333],[-20.441667,65.525],[-20.466667,65.491667],[-20.533333,65.491667],[-20.541667,65.508333],[-20.558333,65.508333],[-20.558333,65.525],[-20.583333,65.525],[-20.591667,65.541667],[-20.575,65.55],[-20.575,65.583333],[-20.633333,65.583333],[-20.625,65.566667],[-20.633333,65.566667],[-20.633333,65.558333],[-20.616667,65.558333],[-20.616667,65.541667],[-20.65,65.541667],[-20.65,65.583333],[-20.641667,65.583333],[-20.641667,65.608333],[-20.633333,65.608333],[-20.633333,65.666667],[-20.625,65.666667],[-20.625,65.675],[-20.65,65.675],[-20.65,65.683333],[-20.666667,65.683333],[-20.666667,65.691667],[-20.683333,65.691667],[-20.683333,65.683333],[-20.716667,65.683333],[-20.716667,65.675],[-20.741667,65.675],[-20.75,65.658333],[-20.783333,65.658333],[-20.8,65.633333],[-20.841667,65.633333],[-20.841667,65.625],[-20.858333,65.625],[-20.858333,65.616667],[-20.875,65.616667],[-20.875,65.608333],[-20.9,65.608333],[-20.9,65.6],[-20.933333,65.591667],[-20.933333,65.583333],[-20.95,65.575],[-20.95,65.55],[-20.983333,65.525],[-20.991667,65.458333],[-20.975,65.45],[-20.975,65.425],[-20.958333,65.416667],[-20.958333,65.4],[-20.925,65.375],[-20.925,65.358333],[-20.908333,65.358333],[-20.9,65.341667],[-20.916667,65.341667],[-20.916667,65.35],[-20.975,65.35],[-20.975,65.358333],[-20.983333,65.358333],[-20.983333,65.375],[-20.991667,65.375],[-21.0,65.391667],[-21.033333,65.416667],[-21.033333,65.433333],[-21.041667,65.433333],[-21.05,65.45],[-21.083333,65.458333],[-21.083333,65.45],[-21.1,65.45],[-21.1,65.433333],[-21.091667,65.433333],[-21.091667,65.383333],[-21.083333,65.383333],[-21.083333,65.358333],[-21.075,65.358333],[-21.075,65.316667],[-21.1,65.3],[-21.1,65.275],[-21.116667,65.275],[-21.116667,65.25],[-21.1,65.25],[-21.091667,65.216667],[-21.075,65.208333],[-21.075,65.166667],[-21.066667,65.166667],[-21.066667,65.158333],[-21.091667,65.158333],[-21.091667,65.166667],[-21.1,65.166667],[-21.1,65.208333],[-21.133333,65.233333],[-21.133333,65.25],[-21.15,65.25],[-21.158333,65.266667],[-21.166667,65.266667],[-21.166667,65.283333],[-21.175,65.283333],[-21.175,65.291667],[-21.191667,65.291667],[-21.191667,65.308333],[-21.2,65.308333],[-21.2,65.316667],[-21.191667,65.316667],[-21.191667,65.333333],[-21.183333,65.333333],[-21.183333,65.366667],[-21.191667,65.366667],[-21.191667,65.383333],[-21.183333,65.383333],[-21.183333,65.391667],[-21.191667,65.391667],[-21.191667,65.408333],[-21.208333,65.408333],[-21.208333,65.416667],[-21.2,65.416667],[-21.2,65.433333],[-21.225,65.433333],[-21.225,65.441667],[-21.258333,65.45],[-21.283333,65.483333],[-21.325,65.483333],[-21.325,65.475],[-21.375,65.466667],[-21.375,65.458333],[-21.425,65.458333],[-21.425,65.466667],[-21.391667,65.475],[-21.383333,65.491667],[-21.341667,65.5],[-21.333333,65.516667],[-21.316667,65.516667],[-21.316667,65.525],[-21.291667,65.541667],[-21.291667,65.558333],[-21.3,65.558333],[-21.3,65.6],[-21.383333,65.6],[-21.383333,65.591667],[-21.408333,65.591667],[-21.408333,65.583333],[-21.416667,65.583333],[-21.416667,65.575],[-21.433333,65.575],[-21.433333,65.566667],[-21.45,65.566667],[-21.45,65.558333],[-21.483333,65.558333],[-21.466667,65.583333],[-21.441667,65.583333],[-21.441667,65.591667],[-21.408333,65.6],[-21.408333,65.608333],[-21.4,65.608333],[-21.4,65.633333],[-21.433333,65.633333],[-21.433333,65.641667],[-21.625,65.641667],[-21.625,65.65],[-21.658333,65.65],[-21.658333,65.658333],[-21.666667,65.658333],[-21.666667,65.675],[-21.691667,65.691667],[-21.691667,65.7],[-21.675,65.7],[-21.675,65.708333],[-21.666667,65.708333],[-21.666667,65.716667],[-21.683333,65.725],[-21.683333,65.741667],[-21.7,65.741667],[-21.7,65.75],[-21.733333,65.75],[-21.733333,65.758333],[-21.758333,65.758333],[-21.758333,65.766667],[-21.741667,65.766667],[-21.741667,65.775],[-21.691667,65.766667],[-21.691667,65.758333],[-21.675,65.758333],[-21.675,65.741667],[-21.658333,65.741667],[-21.65,65.725],[-21.633333,65.725],[-21.633333,65.716667],[-21.616667,65.716667],[-21.616667,65.708333],[-21.6,65.708333],[-21.591667,65.691667],[-21.558333,65.7],[-21.558333,65.691667],[-21.433333,65.691667],[-21.433333,65.7],[-21.416667,65.7],[-21.416667,65.708333],[-21.4,65.708333],[-21.4,65.716667],[-21.383333,65.716667],[-21.383333,65.725],[-21.341667,65.733333],[-21.341667,65.741667],[-21.358333,65.741667],[-21.358333,65.75],[-21.391667,65.75],[-21.391667,65.758333],[-21.408333,65.758333],[-21.408333,65.766667],[-21.425,65.766667],[-21.425,65.758333],[-21.466667,65.758333],[-21.466667,65.775],[-21.366667,65.783333],[-21.366667,65.791667],[-21.341667,65.791667],[-21.341667,65.8],[-21.325,65.8],[-21.325,65.808333],[-21.316667,65.808333],[-21.316667,65.816667],[-21.3,65.816667],[-21.283333,65.858333],[-21.3,65.858333],[-21.3,65.866667],[-21.333333,65.866667],[-21.333333,65.875],[-21.291667,65.875],[-21.283333,65.891667],[-21.275,65.891667],[-21.291667,65.933333],[-21.316667,65.933333],[-21.316667,65.941667],[-21.366667,65.941667],[-21.366667,65.933333],[-21.433333,65.933333],[-21.433333,65.941667],[-21.383333,65.941667],[-21.375,65.958333],[-21.458333,65.958333],[-21.458333,65.95],[-21.55,65.95],[-21.55,65.941667],[-21.6,65.941667],[-21.6,65.958333],[-21.55,65.958333],[-21.55,65.966667],[-21.508333,65.966667],[-21.508333,65.975],[-21.425,65.975],[-21.425,65.983333],[-21.316667,65.983333],[-21.316667,66.0],[-21.333333,66.0],[-21.333333,66.008333],[-21.366667,66.008333],[-21.375,66.025],[-21.475,66.016667],[-21.475,66.008333],[-21.525,66.016667],[-21.525,66.025],[-21.541667,66.025],[-21.541667,66.041667],[-21.55,66.041667],[-21.55,66.05],[-21.525,66.05],[-21.525,66.041667],[-21.508333,66.041667],[-21.508333,66.058333],[-21.516667,66.058333],[-21.533333,66.083333],[-21.625,66.083333],[-21.625,66.066667],[-21.616667,66.066667],[-21.616667,66.05],[-21.608333,66.05],[-21.608333,66.041667],[-21.616667,66.041667],[-21.616667,66.025],[-21.658333,66.016667],[-21.65,66.033333],[-21.633333,66.033333],[-21.633333,66.058333],[-21.683333,66.066667],[-21.683333,66.058333],[-21.725,66.058333],[-21.733333,66.091667],[-21.725,66.091667],[-21.725,66.116667],[-21.758333,66.116667],[-21.758333,66.125],[-21.741667,66.125],[-21.733333,66.141667],[-21.725,66.141667],[-21.733333,66.158333],[-21.758333,66.158333],[-21.758333,66.175],[-21.741667,66.175],[-21.741667,66.183333],[-21.841667,66.183333],[-21.841667,66.191667],[-21.9,66.2],[-21.9,66.208333],[-21.916667,66.208333],[-21.916667,66.216667],[-21.933333,66.216667],[-21.933333,66.208333],[-21.966667,66.208333],[-21.966667,66.216667],[-21.925,66.225],[-21.925,66.241667],[-21.95,66.241667],[-21.95,66.25],[-21.958333,66.25],[-21.958333,66.266667],[-21.991667,66.266667],[-21.991667,66.258333],[-22.083333,66.258333],[-22.083333,66.291667],[-22.091667,66.291667],[-22.108333,66.266667],[-22.125,66.266667],[-22.125,66.258333],[-22.141667,66.258333],[-22.141667,66.275],[-22.175,66.275],[-22.175,66.266667],[-22.233333,66.266667],[-22.208333,66.3],[-22.225,66.3],[-22.225,66.308333],[-22.233333,66.308333],[-22.233333,66.325],[-22.208333,66.325],[-22.208333,66.333333],[-22.241667,66.333333],[-22.25,66.35],[-22.233333,66.35],[-22.233333,66.358333],[-22.258333,66.358333],[-22.266667,66.375],[-22.325,66.383333],[-22.325,66.391667],[-22.358333,66.391667],[-22.358333,66.408333],[-22.375,66.408333],[-22.375,66.416667],[-22.383333,66.416667],[-22.383333,66.433333],[-22.4,66.441667],[-22.4,66.458333],[-22.433333,66.458333],[-22.433333,66.466667],[-22.466667,66.466667],[-22.458333,66.45],[-22.441667,66.45],[-22.441667,66.425],[-22.45,66.425],[-22.45,66.416667],[-22.475,66.416667],[-22.483333,66.433333],[-22.516667,66.433333],[-22.525,66.45],[-22.558333,66.458333],[-22.558333,66.466667],[-22.616667,66.466667],[-22.616667,66.441667],[-22.633333,66.441667],[-22.633333,66.433333],[-22.666667,66.425],[-22.666667,66.416667],[-22.716667,66.416667],[-22.733333,66.441667],[-22.8,66.441667],[-22.8,66.45],[-22.825,66.45],[-22.825,66.458333],[-22.85,66.458333],[-22.85,66.466667],[-22.95,66.466667],[-22.95,66.458333],[-22.933333,66.458333],[-22.933333,66.45],[-22.9,66.45],[-22.9,66.441667],[-22.95,66.441667],[-22.95,66.433333],[-23.041667,66.433333],[-23.033333,66.416667],[-23.075,66.425],[-23.075,66.433333],[-23.1,66.433333],[-23.1,66.441667],[-23.108333,66.441667],[-23.108333,66.433333],[-23.141667,66.433333],[-23.141667,66.425],[-23.125,66.425],[-23.125,66.416667],[-23.108333,66.416667],[-23.108333,66.408333],[-23.091667,66.408333],[-23.083333,66.391667],[-23.033333,66.391667],[-23.033333,66.383333],[-23.025,66.383333],[-23.025,66.366667],[-23.033333,66.366667],[-23.033333,66.358333],[-23.058333,66.358333],[-23.058333,66.35],[-23.075,66.35],[-23.075,66.341667],[-23.15,66.35],[-23.15,66.358333],[-23.2,66.358333],[-23.2,66.35],[-23.183333,66.341667],[-23.183333,66.333333],[-23.125,66.325],[-23.125,66.316667],[-23.091667,66.316667],[-23.091667,66.308333],[-23.058333,66.308333],[-23.058333,66.3],[-22.975,66.3],[-22.975,66.291667],[-22.966667,66.291667],[-22.966667,66.3],[-22.933333,66.3],[-22.933333,66.308333],[-22.891667,66.308333],[-22.891667,66.316667],[-22.883333,66.316667],[-22.866667,66.341667],[-22.833333,66.341667],[-22.825,66.325],[-22.833333,66.325],[-22.833333,66.308333],[-22.791667,66.308333],[-22.791667,66.316667],[-22.758333,66.316667],[-22.758333,66.325],[-22.716667,66.333333],[-22.708333,66.35],[-22.675,66.358333],[-22.675,66.366667],[-22.608333,66.366667],[-22.608333,66.358333],[-22.675,66.35],[-22.675,66.333333],[-22.7,66.316667],[-22.7,66.308333],[-22.716667,66.308333],[-22.716667,66.291667],[-22.675,66.291667],[-22.675,66.283333],[-22.583333,66.283333],[-22.583333,66.291667],[-22.558333,66.291667],[-22.558333,66.3],[-22.516667,66.308333],[-22.508333,66.325],[-22.483333,66.325],[-22.483333,66.308333],[-22.491667,66.308333],[-22.491667,66.3],[-22.525,66.291667],[-22.525,66.283333],[-22.566667,66.283333],[-22.575,66.266667],[-22.416667,66.266667],[-22.416667,66.275],[-22.375,66.275],[-22.375,66.266667],[-22.4,66.266667],[-22.4,66.258333],[-22.575,66.241667],[-22.575,66.233333],[-22.558333,66.233333],[-22.558333,66.225],[-22.541667,66.225],[-22.541667,66.216667],[-22.566667,66.216667],[-22.566667,66.225],[-22.583333,66.225],[-22.583333,66.233333],[-22.6,66.233333],[-22.6,66.241667],[-22.616667,66.241667],[-22.616667,66.25],[-22.625,66.25],[-22.625,66.241667],[-22.708333,66.241667],[-22.708333,66.25],[-22.725,66.25],[-22.725,66.258333],[-22.858333,66.258333],[-22.858333,66.25],[-22.883333,66.25],[-22.883333,66.241667],[-22.941667,66.241667],[-22.941667,66.233333],[-22.975,66.233333],[-22.975,66.216667],[-22.983333,66.216667],[-22.966667,66.191667],[-22.95,66.191667],[-22.95,66.183333],[-22.933333,66.183333],[-22.933333,66.175],[-22.916667,66.175],[-22.916667,66.166667],[-22.891667,66.166667],[-22.891667,66.158333],[-22.858333,66.158333],[-22.858333,66.15],[-22.841667,66.15],[-22.841667,66.141667],[-22.783333,66.141667],[-22.783333,66.133333],[-22.766667,66.133333],[-22.766667,66.125],[-22.725,66.133333],[-22.725,66.125],[-22.7,66.125],[-22.7,66.116667],[-22.683333,66.125],[-22.683333,66.116667],[-22.65,66.116667],[-22.65,66.108333],[-22.591667,66.108333],[-22.583333,66.091667],[-22.558333,66.091667],[-22.558333,66.083333],[-22.533333,66.083333],[-22.533333,66.075],[-22.441667,66.075],[-22.441667,66.083333],[-22.416667,66.083333],[-22.416667,66.091667],[-22.391667,66.091667],[-22.4,66.075],[-22.458333,66.066667],[-22.458333,66.058333],[-22.466667,66.058333],[-22.466667,66.041667],[-22.483333,66.033333],[-22.475,66.016667],[-22.433333,66.008333],[-22.416667,65.983333],[-22.4,65.975],[-22.391667,65.933333],[-22.383333,65.933333],[-22.375,65.916667],[-22.358333,65.916667],[-22.358333,65.9],[-22.391667,65.9],[-22.4,65.866667],[-22.408333,65.866667],[-22.408333,65.858333],[-22.425,65.858333],[-22.425,65.841667],[-22.433333,65.841667],[-22.433333,65.833333],[-22.466667,65.833333],[-22.466667,65.825],[-22.475,65.825],[-22.475,65.841667],[-22.458333,65.85],[-22.458333,65.858333],[-22.441667,65.858333],[-22.441667,65.866667],[-22.433333,65.866667],[-22.433333,65.883333],[-22.416667,65.891667],[-22.425,65.925],[-22.433333,65.925],[-22.433333,65.891667],[-22.45,65.891667],[-22.45,65.933333],[-22.458333,65.933333],[-22.458333,65.941667],[-22.5,65.933333],[-22.508333,65.95],[-22.5,65.95],[-22.5,65.966667],[-22.533333,65.975],[-22.541667,65.933333],[-22.558333,65.933333],[-22.558333,65.925],[-22.566667,65.925],[-22.566667,65.9],[-22.575,65.9],[-22.575,65.891667],[-22.591667,65.891667],[-22.591667,65.875],[-22.608333,65.875],[-22.608333,65.866667],[-22.616667,65.866667],[-22.625,65.833333],[-22.658333,65.825],[-22.65,65.841667],[-22.641667,65.841667],[-22.641667,65.866667],[-22.625,65.866667],[-22.625,65.875],[-22.616667,65.875],[-22.616667,65.891667],[-22.608333,65.891667],[-22.608333,65.9],[-22.591667,65.9],[-22.591667,65.925],[-22.583333,65.925],[-22.583333,65.966667],[-22.575,65.966667],[-22.575,65.975],[-22.6,65.975],[-22.6,65.983333],[-22.608333,65.983333],[-22.608333,66.0],[-22.625,66.008333],[-22.625,66.016667],[-22.633333,66.016667],[-22.633333,66.008333],[-22.65,66.008333],[-22.65,66.016667],[-22.666667,66.016667],[-22.675,66.033333],[-22.683333,66.033333],[-22.675,66.05],[-22.691667,66.05],[-22.691667,66.041667],[-22.741667,66.041667],[-22.741667,66.05],[-22.766667,66.05],[-22.766667,66.041667],[-22.775,66.041667],[-22.775,66.025],[-22.783333,66.025],[-22.791667,65.933333],[-22.808333,65.925],[-22.808333,65.916667],[-22.833333,65.916667],[-22.833333,65.9],[-22.85,65.891667],[-22.85,65.916667],[-22.825,65.933333],[-22.825,65.958333],[-22.816667,65.958333],[-22.816667,65.983333],[-22.808333,65.983333],[-22.808333,65.991667],[-22.85,65.991667],[-22.85,65.983333],[-22.866667,65.983333],[-22.866667,65.966667],[-22.875,65.966667],[-22.883333,65.95],[-22.925,65.941667],[-22.925,65.95],[-22.908333,65.95],[-22.891667,65.975],[-22.875,65.983333],[-22.875,66.0],[-22.866667,66.0],[-22.866667,66.008333],[-22.858333,66.008333],[-22.858333,66.025],[-22.866667,66.025],[-22.866667,66.033333],[-22.883333,66.033333],[-22.883333,66.016667],[-22.891667,66.016667],[-22.9,66.0],[-22.916667,66.0],[-22.916667,65.991667],[-22.925,65.991667],[-22.925,65.966667],[-22.933333,65.966667],[-22.933333,65.983333],[-22.941667,65.983333],[-22.941667,65.991667],[-22.916667,66.008333],[-22.916667,66.025],[-22.933333,66.025],[-22.933333,66.041667],[-22.95,66.041667],[-22.966667,66.008333],[-23.0,66.0],[-23.008333,65.983333],[-23.033333,65.983333],[-23.041667,65.966667],[-23.066667,65.966667],[-23.066667,65.975],[-23.05,65.975],[-23.033333,66.0],[-22.991667,66.008333],[-22.991667,66.025],[-22.983333,66.025],[-22.983333,66.075],[-22.991667,66.075],[-22.991667,66.083333],[-23.016667,66.083333],[-23.025,66.1],[-23.05,66.1],[-23.05,66.091667],[-23.066667,66.091667],[-23.066667,66.083333],[-23.083333,66.083333],[-23.083333,66.075],[-23.116667,66.066667],[-23.108333,66.108333],[-23.116667,66.108333],[-23.133333,66.133333],[-23.166667,66.133333],[-23.166667,66.141667],[-23.2,66.141667],[-23.2,66.15],[-23.241667,66.15],[-23.25,66.166667],[-23.266667,66.166667],[-23.266667,66.175],[-23.308333,66.175],[-23.308333,66.183333],[-23.375,66.183333],[-23.375,66.191667],[-23.383333,66.191667],[-23.383333,66.183333],[-23.4,66.183333],[-23.4,66.191667],[-23.483333,66.191667],[-23.491667,66.175],[-23.55,66.175],[-23.55,66.166667],[-23.566667,66.166667],[-23.566667,66.158333],[-23.583333,66.158333],[-23.583333,66.15],[-23.608333,66.15],[-23.608333,66.141667],[-23.6,66.141667],[-23.6,66.133333],[-23.491667,66.133333],[-23.491667,66.125],[-23.458333,66.125],[-23.45,66.108333],[-23.466667,66.108333],[-23.466667,66.116667],[-23.508333,66.116667],[-23.508333,66.125],[-23.566667,66.125],[-23.566667,66.116667],[-23.658333,66.116667],[-23.658333,66.1],[-23.65,66.1],[-23.65,66.091667],[-23.633333,66.091667],[-23.625,66.075],[-23.575,66.075],[-23.575,66.066667],[-23.558333,66.066667],[-23.558333,66.058333],[-23.541667,66.058333],[-23.541667,66.05],[-23.516667,66.05],[-23.516667,66.041667],[-23.508333,66.041667],[-23.508333,66.05],[-23.491667,66.05],[-23.491667,66.041667],[-23.466667,66.041667],[-23.466667,66.033333],[-23.441667,66.033333],[-23.441667,66.016667],[-23.475,66.016667],[-23.475,66.025],[-23.541667,66.025],[-23.541667,66.033333],[-23.591667,66.033333],[-23.591667,66.041667],[-23.625,66.041667],[-23.625,66.05],[-23.683333,66.05],[-23.683333,66.058333],[-23.783333,66.066667],[-23.783333,66.058333],[-23.8,66.058333],[-23.808333,66.041667],[-23.825,66.033333],[-23.825,66.025],[-23.816667,66.025],[-23.816667,66.008333],[-23.808333,66.008333],[-23.8,65.991667],[-23.775,65.991667],[-23.766667,65.975],[-23.733333,65.966667],[-23.733333,65.958333],[-23.708333,65.958333],[-23.708333,65.95],[-23.691667,65.95],[-23.691667,65.941667],[-23.641667,65.933333],[-23.641667,65.925],[-23.608333,65.925],[-23.608333,65.908333],[-23.591667,65.908333],[-23.591667,65.9],[-23.55,65.9],[-23.55,65.891667],[-23.458333,65.891667],[-23.458333,65.883333],[-23.441667,65.883333],[-23.441667,65.866667],[-23.35,65.866667],[-23.35,65.858333],[-23.308333,65.858333],[-23.308333,65.85],[-23.266667,65.85],[-23.266667,65.841667],[-23.4,65.85],[-23.4,65.858333],[-23.458333,65.858333],[-23.458333,65.866667],[-23.475,65.866667],[-23.475,65.875],[-23.491667,65.875],[-23.491667,65.883333],[-23.5,65.883333],[-23.5,65.875],[-23.566667,65.875],[-23.566667,65.866667],[-23.6,65.866667],[-23.6,65.875],[-23.641667,65.883333],[-23.641667,65.891667],[-23.666667,65.891667],[-23.666667,65.9],[-23.716667,65.9],[-23.716667,65.908333],[-23.75,65.908333],[-23.75,65.916667],[-23.833333,65.916667],[-23.833333,65.908333],[-23.866667,65.908333],[-23.866667,65.9],[-23.875,65.9],[-23.875,65.866667],[-23.841667,65.841667],[-23.841667,65.825],[-23.808333,65.816667],[-23.808333,65.808333],[-23.775,65.8],[-23.775,65.791667],[-23.758333,65.791667],[-23.758333,65.783333],[-23.741667,65.783333],[-23.741667,65.775],[-23.666667,65.775],[-23.666667,65.766667],[-23.633333,65.766667],[-23.633333,65.758333],[-23.575,65.758333],[-23.575,65.75],[-23.516667,65.75],[-23.516667,65.758333],[-23.291667,65.758333],[-23.291667,65.766667],[-23.258333,65.766667],[-23.258333,65.775],[-23.225,65.775],[-23.225,65.783333],[-23.191667,65.783333],[-23.183333,65.766667],[-23.233333,65.766667],[-23.233333,65.758333],[-23.241667,65.758333],[-23.241667,65.75],[-23.225,65.75],[-23.225,65.741667],[-23.35,65.741667],[-23.35,65.733333],[-23.391667,65.733333],[-23.391667,65.725],[-23.483333,65.733333],[-23.483333,65.725],[-23.533333,65.725],[-23.533333,65.716667],[-23.541667,65.716667],[-23.533333,65.7],[-23.508333,65.7],[-23.508333,65.691667],[-23.491667,65.691667],[-23.491667,65.683333],[-23.458333,65.683333],[-23.458333,65.675],[-23.4,65.675],[-23.4,65.666667],[-23.383333,65.666667],[-23.383333,65.675],[-23.308333,65.675],[-23.308333,65.683333],[-23.266667,65.683333],[-23.266667,65.675],[-23.3,65.675],[-23.3,65.666667],[-23.358333,65.666667],[-23.358333,65.658333],[-23.408333,65.658333],[-23.408333,65.641667],[-23.4,65.641667],[-23.4,65.633333],[-23.383333,65.633333],[-23.383333,65.625],[-23.425,65.625],[-23.425,65.633333],[-23.45,65.633333],[-23.45,65.641667],[-23.475,65.641667],[-23.475,65.625],[-23.483333,65.625],[-23.491667,65.641667],[-23.508333,65.641667],[-23.508333,65.633333],[-23.533333,65.616667],[-23.533333,65.608333],[-23.575,65.608333],[-23.566667,65.625],[-23.575,65.625],[-23.575,65.633333],[-23.55,65.633333],[-23.55,65.65],[-23.566667,65.658333],[-23.575,65.675],[-23.608333,65.675],[-23.6,65.691667],[-23.616667,65.691667],[-23.616667,65.7],[-23.683333,65.708333],[-23.683333,65.716667],[-23.733333,65.716667],[-23.733333,65.725],[-23.775,65.725],[-23.775,65.733333],[-23.825,65.733333],[-23.825,65.741667],[-23.85,65.741667],[-23.85,65.75],[-23.866667,65.75],[-23.866667,65.758333],[-23.925,65.758333],[-23.925,65.766667],[-23.95,65.766667],[-23.95,65.775],[-23.966667,65.775],[-23.966667,65.783333],[-24.008333,65.783333],[-24.008333,65.791667],[-24.116667,65.8],[-24.125,65.783333],[-24.133333,65.783333],[-24.125,65.766667],[-24.116667,65.766667],[-24.116667,65.758333],[-24.125,65.758333],[-24.125,65.741667],[-24.116667,65.741667],[-24.108333,65.725],[-24.091667,65.725],[-24.091667,65.716667],[-24.083333,65.716667],[-24.083333,65.7],[-24.075,65.7],[-24.075,65.691667],[-24.058333,65.691667],[-24.058333,65.683333],[-24.041667,65.683333],[-24.041667,65.675],[-24.016667,65.675],[-24.016667,65.666667],[-23.925,65.658333],[-23.925,65.65],[-23.908333,65.65],[-23.908333,65.641667],[-23.883333,65.641667],[-23.883333,65.633333],[-23.866667,65.633333],[-23.866667,65.625],[-23.833333,65.625],[-23.833333,65.616667],[-23.883333,65.616667],[-23.883333,65.625],[-23.941667,65.633333],[-23.941667,65.641667],[-24.058333,65.641667],[-24.058333,65.65],[-24.091667,65.65],[-24.083333,65.633333],[-24.066667,65.633333],[-24.058333,65.616667],[-24.041667,65.616667],[-24.041667,65.608333],[-24.033333,65.608333],[-24.033333,65.6],[-24.016667,65.6],[-24.016667,65.591667],[-23.991667,65.591667],[-23.991667,65.583333],[-23.975,65.583333],[-23.975,65.575],[-23.941667,65.566667],[-23.941667,65.558333],[-23.916667,65.558333],[-23.908333,65.541667],[-23.891667,65.541667],[-23.891667,65.533333],[-23.816667,65.533333],[-23.816667,65.525],[-23.841667,65.525],[-23.841667,65.516667],[-23.9,65.516667],[-23.9,65.525],[-23.941667,65.533333],[-23.958333,65.558333],[-24.041667,65.558333],[-24.041667,65.566667],[-24.075,65.566667],[-24.075,65.575],[-24.1,65.575],[-24.1,65.583333],[-24.133333,65.583333],[-24.15,65.608333],[-24.2,65.608333],[-24.2,65.616667],[-24.275,65.625],[-24.275,65.633333],[-24.333333,65.633333],[-24.333333,65.616667],[-24.358333,65.616667],[-24.366667,65.6],[-24.383333,65.6],[-24.383333,65.591667],[-24.375,65.591667],[-24.375,65.558333],[-24.383333,65.558333],[-24.383333,65.55],[-24.416667,65.55],[-24.416667,65.541667],[-24.475,65.541667],[-24.475,65.525],[-24.483333,65.525],[-24.483333,65.516667],[-24.541667,65.508333],[-24.541667,65.491667],[-24.5,65.491667],[-24.5,65.483333],[-24.45,65.483333],[-24.45,65.491667],[-24.316667,65.491667],[-24.316667,65.5],[-24.283333,65.491667],[-24.283333,65.5],[-24.175,65.5],[-24.175,65.491667],[-24.141667,65.491667],[-24.141667,65.483333],[-24.066667,65.475],[-24.066667,65.466667],[-24.041667,65.466667],[-24.041667,65.458333],[-24.025,65.458333],[-24.033333,65.475],[-23.991667,65.475],[-23.991667,65.466667],[-23.958333,65.466667],[-23.958333,65.458333],[-23.966667,65.458333],[-23.966667,65.441667],[-23.975,65.441667],[-23.975,65.416667],[-23.966667,65.416667],[-23.966667,65.408333],[-23.891667,65.408333],[-23.891667,65.4],[-23.866667,65.4],[-23.866667,65.408333],[-23.791667,65.408333],[-23.791667,65.416667],[-23.716667,65.416667],[-23.716667,65.425],[-23.7,65.425],[-23.7,65.441667],[-23.658333,65.45],[-23.658333,65.466667],[-23.583333,65.466667],[-23.583333,65.475],[-23.575,65.475],[-23.575,65.466667],[-23.558333,65.466667],[-23.558333,65.475],[-23.491667,65.475],[-23.491667,65.483333],[-23.458333,65.483333],[-23.458333,65.491667],[-23.408333,65.491667],[-23.416667,65.508333],[-23.408333,65.508333],[-23.408333,65.516667],[-23.391667,65.516667],[-23.375,65.491667],[-23.316667,65.491667],[-23.316667,65.483333],[-23.225,65.483333],[-23.225,65.491667],[-23.208333,65.491667],[-23.208333,65.5],[-23.191667,65.5],[-23.191667,65.508333],[-23.183333,65.508333],[-23.183333,65.525],[-23.2,65.525],[-23.2,65.558333],[-23.191667,65.558333],[-23.183333,65.575],[-23.141667,65.583333],[-23.141667,65.575],[-23.15,65.575],[-23.15,65.55],[-23.016667,65.541667],[-23.016667,65.55],[-22.983333,65.558333],[-22.983333,65.566667],[-22.966667,65.575],[-22.966667,65.6],[-22.958333,65.6],[-22.958333,65.608333],[-22.933333,65.591667],[-22.933333,65.575],[-22.925,65.575],[-22.925,65.566667],[-22.9,65.566667],[-22.9,65.575],[-22.883333,65.575],[-22.883333,65.583333],[-22.858333,65.583333],[-22.85,65.6],[-22.858333,65.6],[-22.858333,65.625],[-22.841667,65.616667],[-22.841667,65.608333],[-22.808333,65.608333],[-22.808333,65.6],[-22.8,65.6],[-22.8,65.583333],[-22.841667,65.575],[-22.85,65.558333],[-22.858333,65.558333],[-22.858333,65.55],[-22.875,65.55],[-22.875,65.541667],[-22.85,65.541667],[-22.858333,65.525],[-22.841667,65.525],[-22.841667,65.533333],[-22.8,65.533333],[-22.8,65.525],[-22.783333,65.525],[-22.783333,65.508333],[-22.75,65.508333],[-22.75,65.5],[-22.733333,65.5],[-22.741667,65.541667],[-22.75,65.541667],[-22.75,65.558333],[-22.758333,65.558333],[-22.758333,65.591667],[-22.766667,65.591667],[-22.766667,65.616667],[-22.775,65.616667],[-22.775,65.625],[-22.716667,65.616667],[-22.716667,65.625],[-22.7,65.625],[-22.7,65.633333],[-22.691667,65.633333],[-22.691667,65.616667],[-22.7,65.616667],[-22.7,65.608333],[-22.716667,65.608333],[-22.733333,65.583333],[-22.716667,65.575],[-22.716667,65.558333],[-22.691667,65.541667],[-22.691667,65.525],[-22.641667,65.525],[-22.641667,65.533333],[-22.633333,65.533333],[-22.641667,65.55],[-22.625,65.558333],[-22.625,65.575],[-22.616667,65.575],[-22.616667,65.583333],[-22.625,65.583333],[-22.625,65.6],[-22.633333,65.6],[-22.633333,65.616667],[-22.616667,65.616667],[-22.616667,65.591667],[-22.608333,65.591667],[-22.608333,65.541667],[-22.6,65.541667],[-22.6,65.533333],[-22.566667,65.533333],[-22.566667,65.541667],[-22.541667,65.558333],[-22.55,65.616667],[-22.558333,65.616667],[-22.558333,65.625],[-22.533333,65.625],[-22.525,65.583333],[-22.508333,65.583333],[-22.508333,65.566667],[-22.5,65.566667],[-22.5,65.508333],[-22.45,65.508333],[-22.45,65.516667],[-22.433333,65.516667],[-22.433333,65.525],[-22.408333,65.525],[-22.425,65.55],[-22.408333,65.55],[-22.4,65.533333],[-22.366667,65.533333],[-22.358333,65.55],[-22.325,65.55],[-22.316667,65.566667],[-22.3,65.566667],[-22.3,65.55],[-22.341667,65.541667],[-22.341667,65.525],[-22.258333,65.525],[-22.258333,65.533333],[-22.225,65.533333],[-22.225,65.541667],[-22.208333,65.541667],[-22.183333,65.575],[-22.15,65.583333],[-22.15,65.575],[-22.158333,65.575],[-22.158333,65.558333],[-22.166667,65.558333],[-22.175,65.541667],[-22.191667,65.541667],[-22.191667,65.533333],[-22.225,65.525],[-22.225,65.516667],[-22.316667,65.516667],[-22.316667,65.508333],[-22.366667,65.508333],[-22.366667,65.5],[-22.383333,65.5],[-22.383333,65.491667],[-22.391667,65.491667],[-22.391667,65.475],[-22.383333,65.475],[-22.383333,65.466667],[-22.325,65.466667],[-22.325,65.458333],[-22.308333,65.458333],[-22.308333,65.45],[-22.291667,65.45],[-22.291667,65.441667],[-22.266667,65.441667],[-22.266667,65.433333],[-22.191667,65.433333],[-22.191667,65.441667],[-22.183333,65.441667],[-22.166667,65.466667],[-22.133333,65.475],[-22.125,65.491667],[-22.116667,65.491667],[-22.116667,65.533333],[-22.108333,65.533333],[-22.091667,65.508333],[-22.066667,65.491667],[-22.066667,65.475],[-22.033333,65.475],[-22.033333,65.508333],[-21.991667,65.508333],[-21.966667,65.475],[-21.933333,65.466667],[-21.933333,65.458333],[-21.95,65.458333],[-21.95,65.45],[-21.833333,65.45],[-21.833333,65.441667],[-21.766667,65.441667],[-21.766667,65.45],[-21.741667,65.45],[-21.741667,65.458333],[-21.733333,65.458333],[-21.733333,65.45],[-21.716667,65.45],[-21.716667,65.441667],[-21.758333,65.433333],[-21.758333,65.425],[-21.925,65.416667],[-21.925,65.408333],[-21.941667,65.408333],[-21.941667,65.391667],[-21.933333,65.391667],[-21.933333,65.383333],[-21.95,65.383333],[-21.958333,65.4],[-21.975,65.4],[-21.975,65.383333],[-22.025,65.383333],[-22.025,65.375],[-22.066667,65.366667],[-22.066667,65.358333],[-22.1,65.358333],[-22.1,65.35],[-22.116667,65.35],[-22.116667,65.341667],[-22.141667,65.341667],[-22.141667,65.333333],[-22.158333,65.333333],[-22.158333,65.325],[-22.191667,65.325],[-22.191667,65.316667],[-22.291667,65.308333],[-22.291667,65.3],[-22.35,65.3],[-22.35,65.291667],[-22.358333,65.291667],[-22.358333,65.275],[-22.375,65.275],[-22.375,65.266667],[-22.383333,65.266667],[-22.383333,65.275],[-22.4,65.275],[-22.4,65.266667],[-22.425,65.266667],[-22.425,65.25],[-22.433333,65.25],[-22.433333,65.241667],[-22.483333,65.241667],[-22.483333,65.233333],[-22.5,65.233333],[-22.525,65.2],[-22.541667,65.2],[-22.541667,65.191667],[-22.466667,65.191667],[-22.466667,65.183333],[-22.491667,65.183333],[-22.491667,65.175],[-22.508333,65.175],[-22.508333,65.166667],[-22.566667,65.175],[-22.566667,65.158333],[-22.483333,65.158333],[-22.483333,65.15],[-22.45,65.15],[-22.45,65.158333],[-22.391667,65.166667],[-22.383333,65.15],[-22.325,65.141667],[-22.325,65.133333],[-22.283333,65.133333],[-22.283333,65.125],[-22.258333,65.125],[-22.258333,65.116667],[-21.991667,65.108333],[-21.991667,65.116667],[-21.966667,65.116667],[-21.966667,65.125],[-21.933333,65.125],[-21.933333,65.133333],[-21.916667,65.133333],[-21.916667,65.141667],[-21.9,65.141667],[-21.9,65.15],[-21.875,65.15],[-21.875,65.158333],[-21.858333,65.158333],[-21.858333,65.166667],[-21.833333,65.166667],[-21.833333,65.191667],[-21.825,65.191667],[-21.825,65.2],[-21.766667,65.208333],[-21.766667,65.2],[-21.733333,65.2],[-21.725,65.158333],[-21.75,65.141667],[-21.75,65.125],[-21.766667,65.125],[-21.766667,65.116667],[-21.775,65.116667],[-21.775,65.108333],[-21.783333,65.108333],[-21.783333,65.091667],[-21.8,65.091667],[-21.8,65.083333],[-21.825,65.083333],[-21.825,65.075],[-21.833333,65.075],[-21.825,65.058333],[-21.8,65.058333],[-21.8,65.05],[-21.791667,65.05],[-21.791667,65.033333],[-21.8,65.033333],[-21.8,65.025],[-21.941667,65.025],[-21.941667,65.016667],[-21.95,65.016667],[-21.95,65.025],[-22.033333,65.025],[-22.033333,65.033333],[-22.133333,65.033333],[-22.133333,65.025],[-22.191667,65.025],[-22.191667,65.033333],[-22.225,65.033333],[-22.225,65.041667],[-22.3,65.041667],[-22.3,65.05],[-22.325,65.05],[-22.325,65.058333],[-22.366667,65.058333],[-22.366667,65.05],[-22.433333,65.05],[-22.433333,65.041667],[-22.525,65.041667],[-22.525,65.05],[-22.55,65.05],[-22.55,65.041667],[-22.575,65.041667],[-22.575,65.025],[-22.591667,65.025],[-22.591667,65.033333],[-22.6,65.033333],[-22.6,65.025],[-22.616667,65.025],[-22.625,64.991667],[-22.675,64.991667],[-22.683333,65.008333],[-22.691667,65.008333],[-22.691667,65.025],[-22.716667,65.025],[-22.716667,65.033333],[-22.7,65.033333],[-22.708333,65.05],[-22.7,65.05],[-22.7,65.058333],[-22.716667,65.066667],[-22.716667,65.058333],[-22.733333,65.058333],[-22.725,65.075],[-22.75,65.075],[-22.758333,65.058333],[-22.791667,65.058333],[-22.791667,65.05],[-22.808333,65.05],[-22.808333,65.041667],[-22.816667,65.041667],[-22.816667,65.033333],[-22.833333,65.033333],[-22.833333,65.041667],[-22.841667,65.041667],[-22.841667,65.033333],[-22.866667,65.033333],[-22.866667,65.025],[-22.791667,65.025],[-22.791667,65.016667],[-22.816667,65.016667],[-22.816667,65.008333],[-22.841667,65.008333],[-22.841667,65.0],[-22.9,65.0],[-22.9,64.991667],[-22.941667,64.983333],[-22.958333,65.008333],[-23.016667,65.008333],[-23.016667,65.0],[-23.041667,65.0],[-23.041667,64.991667],[-23.058333,64.991667],[-23.058333,64.975],[-23.066667,64.975],[-23.058333,64.958333],[-23.108333,64.958333],[-23.1,64.916667],[-23.125,64.916667],[-23.133333,64.933333],[-23.158333,64.933333],[-23.158333,64.941667],[-23.166667,64.941667],[-23.15,64.966667],[-23.133333,64.966667],[-23.133333,64.983333],[-23.125,64.983333],[-23.125,64.991667],[-23.108333,64.991667],[-23.108333,65.008333],[-23.175,65.008333],[-23.175,65.016667],[-23.2,65.016667],[-23.2,65.008333],[-23.225,65.008333],[-23.233333,64.991667],[-23.241667,64.991667],[-23.241667,64.983333],[-23.225,64.975],[-23.225,64.95],[-23.216667,64.95],[-23.216667,64.941667],[-23.225,64.941667],[-23.225,64.925],[-23.241667,64.925],[-23.241667,64.916667],[-23.283333,64.925],[-23.283333,64.916667],[-23.3,64.916667],[-23.308333,64.933333],[-23.3,64.933333],[-23.3,64.941667],[-23.35,64.933333],[-23.333333,64.958333],[-23.341667,64.958333],[-23.341667,64.966667],[-23.375,64.966667],[-23.375,64.958333],[-23.391667,64.958333],[-23.383333,64.941667],[-23.408333,64.941667],[-23.408333,64.95],[-23.433333,64.95],[-23.433333,64.941667],[-23.475,64.941667],[-23.475,64.95],[-23.508333,64.95],[-23.533333,64.916667],[-23.591667,64.908333],[-23.591667,64.916667],[-23.608333,64.916667],[-23.625,64.891667],[-23.725,64.891667],[-23.725,64.9],[-23.783333,64.9],[-23.783333,64.908333],[-23.808333,64.908333],[-23.808333,64.916667],[-23.816667,64.916667],[-23.816667,64.908333],[-23.833333,64.908333],[-23.833333,64.925],[-23.891667,64.925],[-23.891667,64.916667],[-23.941667,64.916667],[-23.95,64.9],[-23.975,64.9],[-23.975,64.891667],[-23.991667,64.891667],[-23.991667,64.883333],[-24.058333,64.883333],[-24.05,64.85],[-24.033333,64.841667],[-24.016667,64.816667],[-24.0,64.816667],[-24.0,64.825],[-23.991667,64.825],[-23.991667,64.808333],[-23.983333,64.808333],[-23.966667,64.783333],[-23.95,64.783333],[-23.941667,64.766667],[-23.933333,64.766667],[-23.933333,64.75],[-23.858333,64.741667],[-23.858333,64.733333],[-23.825,64.733333],[-23.825,64.725],[-23.8,64.725],[-23.8,64.733333],[-23.733333,64.733333],[-23.733333,64.741667],[-23.691667,64.741667],[-23.691667,64.733333],[-23.666667,64.733333],[-23.666667,64.741667],[-23.65,64.741667],[-23.641667,64.758333],[-23.633333,64.758333],[-23.633333,64.766667],[-23.641667,64.766667],[-23.641667,64.783333],[-23.625,64.783333],[-23.616667,64.8],[-23.583333,64.8],[-23.583333,64.808333],[-23.483333,64.8],[-23.483333,64.791667],[-23.408333,64.791667],[-23.408333,64.8],[-23.391667,64.8],[-23.391667,64.816667],[-23.375,64.816667],[-23.375,64.825],[-23.266667,64.825],[-23.266667,64.816667],[-23.216667,64.816667],[-23.216667,64.808333],[-23.158333,64.808333],[-23.158333,64.8],[-23.05,64.8],[-23.05,64.791667],[-23.025,64.791667],[-23.025,64.8],[-22.966667,64.8],[-22.966667,64.791667],[-22.875,64.791667],[-22.875,64.8],[-22.841667,64.8],[-22.841667,64.791667],[-22.775,64.791667],[-22.775,64.8],[-22.666667,64.8],[-22.666667,64.783333],[-22.641667,64.783333],[-22.641667,64.775],[-22.683333,64.775],[-22.683333,64.766667],[-22.625,64.766667],[-22.625,64.775],[-22.591667,64.775],[-22.591667,64.783333],[-22.566667,64.783333],[-22.566667,64.791667],[-22.55,64.791667],[-22.55,64.8],[-22.508333,64.8],[-22.508333,64.791667],[-22.483333,64.791667],[-22.483333,64.8],[-22.458333,64.8],[-22.458333,64.791667],[-22.441667,64.791667],[-22.425,64.816667],[-22.408333,64.816667],[-22.408333,64.808333],[-22.416667,64.808333],[-22.416667,64.791667],[-22.433333,64.791667],[-22.433333,64.783333],[-22.416667,64.783333],[-22.416667,64.775],[-22.433333,64.775],[-22.441667,64.758333],[-22.408333,64.758333],[-22.408333,64.766667],[-22.391667,64.766667],[-22.391667,64.758333],[-22.375,64.758333],[-22.375,64.766667],[-22.358333,64.766667],[-22.358333,64.758333],[-22.316667,64.758333],[-22.316667,64.741667],[-22.341667,64.741667],[-22.35,64.708333],[-22.375,64.708333],[-22.383333,64.691667],[-22.425,64.683333],[-22.425,64.675],[-22.408333,64.666667],[-22.408333,64.675],[-22.358333,64.683333],[-22.358333,64.691667],[-22.325,64.683333],[-22.325,64.675],[-22.341667,64.675],[-22.35,64.658333],[-22.358333,64.658333],[-22.358333,64.65],[-22.333333,64.65],[-22.333333,64.641667],[-22.4,64.641667],[-22.4,64.633333],[-22.383333,64.625],[-22.383333,64.616667],[-22.35,64.616667],[-22.35,64.608333],[-22.358333,64.608333],[-22.358333,64.566667],[-22.341667,64.566667],[-22.341667,64.558333],[-22.3,64.558333],[-22.3,64.566667],[-22.258333,64.566667],[-22.258333,64.575],[-22.241667,64.575],[-22.25,64.558333],[-22.241667,64.558333],[-22.241667,64.55],[-22.225,64.55],[-22.233333,64.533333],[-22.216667,64.533333],[-22.216667,64.516667],[-22.233333,64.516667],[-22.233333,64.508333],[-22.25,64.5],[-22.25,64.483333],[-22.241667,64.483333],[-22.233333,64.5],[-22.216667,64.5],[-22.216667,64.491667],[-22.208333,64.491667],[-22.208333,64.475],[-22.166667,64.466667],[-22.166667,64.458333],[-22.15,64.458333],[-22.15,64.466667],[-22.133333,64.466667],[-22.133333,64.475],[-22.091667,64.466667],[-22.091667,64.475],[-22.083333,64.475],[-22.083333,64.508333],[-22.075,64.508333],[-22.075,64.516667],[-22.058333,64.516667],[-22.066667,64.533333],[-22.058333,64.533333],[-22.05,64.55],[-22.033333,64.55],[-22.041667,64.533333],[-22.033333,64.533333],[-22.033333,64.525],[-21.975,64.525],[-21.958333,64.55],[-21.916667,64.55],[-21.916667,64.541667],[-21.908333,64.541667],[-21.908333,64.55],[-21.891667,64.55],[-21.891667,64.558333],[-21.866667,64.558333],[-21.866667,64.566667],[-21.825,64.575],[-21.825,64.583333],[-21.766667,64.583333],[-21.783333,64.558333],[-21.816667,64.55],[-21.816667,64.541667],[-21.775,64.541667],[-21.775,64.533333],[-21.841667,64.533333],[-21.841667,64.525],[-21.9,64.525],[-21.9,64.516667],[-21.933333,64.516667],[-21.933333,64.508333],[-21.966667,64.508333],[-21.966667,64.5],[-21.983333,64.491667],[-21.991667,64.45],[-22.008333,64.441667],[-22.008333,64.45],[-22.025,64.45],[-22.025,64.416667],[-22.041667,64.408333],[-22.025,64.383333],[-22.0,64.383333],[-21.991667,64.366667],[-22.0,64.366667],[-22.0,64.358333],[-22.016667,64.358333],[-22.016667,64.35],[-22.033333,64.358333],[-22.05,64.333333],[-22.075,64.333333],[-22.075,64.325],[-22.091667,64.325],[-22.091667,64.316667],[-22.066667,64.316667],[-22.066667,64.308333],[-22.041667,64.308333],[-22.041667,64.3],[-21.966667,64.3],[-21.966667,64.308333],[-21.941667,64.308333],[-21.941667,64.3],[-21.933333,64.3],[-21.933333,64.308333],[-21.9,64.308333],[-21.9,64.316667],[-21.883333,64.316667],[-21.883333,64.325],[-21.85,64.325],[-21.85,64.333333],[-21.833333,64.333333],[-21.833333,64.341667],[-21.808333,64.341667],[-21.8,64.358333],[-21.758333,64.366667],[-21.758333,64.375],[-21.741667,64.375],[-21.741667,64.383333],[-21.683333,64.391667],[-21.683333,64.4],[-21.65,64.4],[-21.65,64.408333],[-21.608333,64.408333],[-21.608333,64.4],[-21.566667,64.4],[-21.566667,64.391667],[-21.45,64.4],[-21.45,64.391667],[-21.433333,64.391667],[-21.433333,64.383333],[-21.408333,64.383333],[-21.408333,64.391667],[-21.366667,64.391667],[-21.366667,64.383333],[-21.4,64.383333],[-21.4,64.375],[-21.433333,64.366667],[-21.433333,64.358333],[-21.566667,64.366667],[-21.575,64.383333],[-21.591667,64.383333],[-21.591667,64.375],[-21.633333,64.375],[-21.633333,64.366667],[-21.658333,64.366667],[-21.658333,64.358333],[-21.675,64.358333],[-21.675,64.341667],[-21.75,64.341667],[-21.75,64.333333],[-21.766667,64.333333],[-21.775,64.316667],[-21.791667,64.316667],[-21.791667,64.308333],[-21.825,64.3],[-21.825,64.291667],[-21.841667,64.291667],[-21.841667,64.283333],[-21.858333,64.283333],[-21.866667,64.266667],[-21.883333,64.266667],[-21.883333,64.25],[-21.9,64.241667],[-21.9,64.233333],[-21.825,64.241667],[-21.825,64.233333],[-21.816667,64.233333],[-21.816667,64.216667],[-21.825,64.216667],[-21.825,64.208333],[-21.716667,64.208333],[-21.716667,64.2],[-21.766667,64.2],[-21.766667,64.183333],[-21.775,64.183333],[-21.775,64.175],[-21.75,64.175],[-21.758333,64.158333],[-21.783333,64.158333],[-21.791667,64.175],[-21.825,64.175],[-21.825,64.166667],[-21.808333,64.166667],[-21.808333,64.158333],[-21.816667,64.158333],[-21.816667,64.141667],[-21.825,64.141667],[-21.833333,64.125],[-21.841667,64.125],[-21.841667,64.141667],[-21.85,64.141667],[-21.85,64.15],[-21.875,64.15],[-21.875,64.158333],[-21.891667,64.158333],[-21.891667,64.15],[-21.941667,64.15],[-21.941667,64.158333],[-21.958333,64.158333],[-21.958333,64.15],[-21.983333,64.15],[-21.983333,64.141667],[-21.966667,64.141667],[-21.958333,64.125],[-21.916667,64.125],[-21.916667,64.116667],[-21.933333,64.116667],[-21.933333,64.108333],[-21.916667,64.108333],[-21.916667,64.1],[-21.941667,64.1],[-21.941667,64.091667],[-21.95,64.091667],[-21.95,64.1],[-21.991667,64.1],[-22.0,64.116667],[-22.025,64.116667],[-22.041667,64.091667],[-22.025,64.091667],[-22.025,64.1],[-22.016667,64.1],[-22.016667,64.083333],[-21.958333,64.075],[-21.958333,64.066667],[-21.991667,64.058333],[-21.991667,64.066667],[-22.0,64.066667],[-22.008333,64.05],[-22.041667,64.05],[-22.041667,64.041667],[-22.05,64.041667],[-22.05,64.05],[-22.091667,64.05],[-22.091667,64.041667],[-22.125,64.041667],[-22.125,64.033333],[-22.141667,64.033333],[-22.141667,64.025],[-22.158333,64.025],[-22.158333,64.016667],[-22.216667,64.016667],[-22.216667,64.025],[-22.233333,64.025],[-22.233333,64.033333],[-22.266667,64.033333],[-22.266667,64.025],[-22.316667,64.016667],[-22.316667,64.008333],[-22.375,64.008333],[-22.375,64.0],[-22.391667,64.0],[-22.391667,63.991667],[-22.4,63.991667],[-22.4,63.975],[-22.491667,63.975],[-22.491667,63.983333],[-22.533333,63.983333],[-22.533333,63.975],[-22.55,63.975],[-22.541667,64.016667],[-22.566667,64.033333],[-22.566667,64.041667],[-22.591667,64.041667],[-22.591667,64.05],[-22.608333,64.05],[-22.608333,64.058333],[-22.625,64.058333],[-22.625,64.066667],[-22.641667,64.066667],[-22.641667,64.075],[-22.691667,64.083333],[-22.691667,64.075],[-22.708333,64.075],[-22.708333,64.0],[-22.766667,63.983333],[-22.766667,63.966667],[-22.741667,63.966667],[-22.741667,63.958333],[-22.725,63.958333],[-22.725,63.95],[-22.65,63.95],[-22.65,63.941667],[-22.683333,63.941667],[-22.683333,63.933333],[-22.7,63.933333],[-22.7,63.925],[-22.716667,63.916667],[-22.733333,63.891667],[-22.75,63.891667],[-22.75,63.875],[-22.741667,63.875],[-22.741667,63.866667],[-22.708333,63.858333],[-22.708333,63.85],[-22.716667,63.85],[-22.716667,63.833333],[-22.75,63.825],[-22.741667,63.808333],[-22.716667,63.808333],[-22.716667,63.8],[-22.683333,63.8],[-22.683333,63.808333],[-22.666667,63.808333],[-22.666667,63.816667],[-22.533333,63.808333],[-22.533333,63.816667],[-22.516667,63.816667],[-22.516667,63.825],[-22.458333,63.825],[-22.458333,63.833333],[-22.425,63.833333],[-22.425,63.825],[-22.408333,63.825],[-22.408333,63.833333],[-22.366667,63.841667],[-22.366667,63.85],[-22.258333,63.841667],[-22.258333,63.833333],[-22.191667,63.833333],[-22.191667,63.825],[-22.166667,63.825],[-22.166667,63.833333],[-21.916667,63.833333],[-21.916667,63.841667],[-21.833333,63.85],[-21.825,63.866667],[-21.75,63.866667],[-21.741667,63.85],[-21.725,63.85],[-21.725,63.841667],[-21.716667,63.841667],[-21.716667,63.833333],[-21.65,63.816667],[-21.65,63.825],[-21.591667,63.825],[-21.591667,63.833333],[-21.525,63.833333],[-21.525,63.841667],[-21.375,63.841667],[-21.366667,63.858333],[-21.375,63.858333],[-21.375,63.875],[-21.333333,63.875],[-21.333333,63.883333],[-21.258333,63.883333],[-21.258333,63.891667],[-21.291667,63.891667],[-21.291667,63.9],[-21.308333,63.9],[-21.308333,63.908333],[-21.316667,63.908333],[-21.316667,63.916667],[-21.3,63.916667],[-21.3,63.925],[-21.266667,63.925],[-21.266667,63.933333],[-21.25,63.933333],[-21.25,63.941667],[-21.133333,63.941667],[-21.125,63.925],[-21.141667,63.925],[-21.141667,63.933333],[-21.225,63.933333],[-21.225,63.916667],[-21.208333,63.908333],[-21.208333,63.875],[-21.158333,63.866667],[-21.158333,63.858333],[-21.133333,63.858333],[-21.133333,63.85],[-21.116667,63.85],[-21.116667,63.841667],[-21.083333,63.841667],[-21.083333,63.833333],[-21.025,63.833333],[-21.025,63.825],[-20.991667,63.825],[-20.991667,63.816667],[-20.941667,63.816667],[-20.941667,63.808333],[-20.916667,63.808333],[-20.916667,63.8],[-20.891667,63.8],[-20.891667,63.791667],[-20.858333,63.791667],[-20.858333,63.783333],[-20.833333,63.783333],[-20.833333,63.775],[-20.791667,63.783333],[-20.791667,63.791667],[-20.75,63.791667],[-20.75,63.8],[-20.733333,63.8],[-20.716667,63.825],[-20.7,63.825],[-20.7,63.833333],[-20.691667,63.833333],[-20.691667,63.85],[-20.7,63.85],[-20.7,63.858333],[-20.716667,63.858333],[-20.716667,63.866667],[-20.725,63.866667],[-20.725,63.883333],[-20.691667,63.9],[-20.7,63.866667],[-20.675,63.85],[-20.675,63.833333],[-20.7,63.816667],[-20.7,63.8],[-20.716667,63.791667],[-20.716667,63.775],[-20.775,63.766667],[-20.775,63.758333],[-20.716667,63.75],[-20.716667,63.741667],[-20.7,63.741667],[-20.7,63.733333],[-20.65,63.725],[-20.65,63.716667],[-20.633333,63.716667],[-20.633333,63.708333],[-20.608333,63.708333],[-20.608333,63.7],[-20.591667,63.7],[-20.591667,63.691667],[-20.575,63.691667],[-20.575,63.683333],[-20.516667,63.675],[-20.516667,63.666667],[-20.5,63.666667],[-20.5,63.658333],[-20.483333,63.658333],[-20.483333,63.65],[-20.466667,63.65],[-20.466667,63.641667],[-20.45,63.641667],[-20.45,63.633333],[-20.425,63.633333],[-20.425,63.641667],[-20.416667,63.641667],[-20.416667,63.625],[-20.408333,63.625],[-20.408333,63.616667],[-20.383333,63.616667],[-20.383333,63.608333],[-20.35,63.616667],[-20.341667,63.6],[-20.35,63.6],[-20.35,63.591667],[-20.333333,63.591667],[-20.333333,63.583333],[-20.283333,63.575],[-20.283333,63.566667],[-20.258333,63.566667],[-20.258333,63.558333],[-20.216667,63.55],[-20.216667,63.541667],[-20.183333,63.541667],[-20.183333,63.533333],[-20.075,63.533333],[-20.075,63.55],[-20.066667,63.55],[-20.066667,63.533333],[-20.008333,63.533333],[-20.008333,63.541667],[-19.991667,63.541667],[-19.991667,63.533333],[-19.8,63.533333],[-19.8,63.525],[-19.716667,63.525],[-19.716667,63.516667],[-19.675,63.516667],[-19.675,63.508333],[-19.633333,63.508333],[-19.633333,63.5],[-19.575,63.5],[-19.575,63.491667],[-19.541667,63.491667],[-19.541667,63.483333],[-19.5,63.483333],[-19.5,63.475],[-19.466667,63.475],[-19.466667,63.466667],[-19.425,63.466667],[-19.425,63.458333],[-19.35,63.458333],[-19.35,63.45],[-19.325,63.45],[-19.325,63.441667],[-19.3,63.441667],[-19.3,63.433333],[-19.258333,63.433333],[-19.258333,63.425],[-19.225,63.425],[-19.225,63.416667],[-19.175,63.416667],[-19.175,63.408333],[-19.125,63.408333],[-19.125,63.416667],[-19.141667,63.416667],[-19.141667,63.425],[-19.091667,63.425],[-19.091667,63.416667],[-19.075,63.416667],[-19.075,63.408333],[-19.058333,63.408333],[-19.058333,63.4],[-19.041667,63.4],[-19.033333,63.416667],[-18.941667,63.416667],[-18.941667,63.408333],[-18.883333,63.408333],[-18.883333,63.4],[-18.691667,63.391667],[-18.691667,63.4],[-18.658333,63.4],[-18.658333,63.408333],[-18.608333,63.408333],[-18.608333,63.416667],[-18.55,63.416667],[-18.55,63.425],[-18.483333,63.425],[-18.483333,63.433333],[-18.416667,63.433333],[-18.416667,63.441667],[-18.358333,63.441667],[-18.358333,63.45],[-18.258333,63.458333],[-18.275,63.483333],[-18.291667,63.483333],[-18.283333,63.466667],[-18.3,63.466667],[-18.316667,63.491667],[-18.341667,63.491667],[-18.341667,63.5],[-18.325,63.5],[-18.325,63.508333],[-18.308333,63.5],[-18.308333,63.516667],[-18.325,63.516667],[-18.325,63.533333],[-18.391667,63.533333],[-18.391667,63.541667],[-18.358333,63.541667],[-18.358333,63.55],[-18.35,63.55],[-18.35,63.541667],[-18.325,63.541667],[-18.325,63.558333],[-18.333333,63.558333],[-18.333333,63.566667],[-18.316667,63.566667],[-18.308333,63.533333]],[[-18.391667,63.55],[-18.391667,63.541667],[-18.408333,63.541667],[-18.408333,63.55],[-18.391667,63.55]],[[-18.408333,63.558333],[-18.408333,63.55],[-18.416667,63.55],[-18.416667,63.558333],[-18.408333,63.558333]],[[-18.341667,63.508333],[-18.341667,63.5],[-18.358333,63.5],[-18.358333,63.508333],[-18.341667,63.508333]],[[-18.358333,63.516667],[-18.358333,63.508333],[-18.416667,63.508333],[-18.416667,63.516667],[-18.358333,63.516667]],[[-20.683333,63.9],[-20.691667,63.9],[-20.691667,63.908333],[-20.683333,63.908333],[-20.683333,63.9]],[[-20.675,63.908333],[-20.683333,63.908333],[-20.683333,63.916667],[-20.675,63.916667],[-20.675,63.908333]],[[-21.083333,63.933333],[-21.125,63.933333],[-21.125,63.941667],[-21.083333,63.941667],[-21.083333,63.933333]],[[-21.7,64.175],[-21.75,64.175],[-21.75,64.183333],[-21.7,64.183333],[-21.7,64.175]],[[-21.983333,64.375],[-21.991667,64.375],[-21.991667,64.391667],[-21.958333,64.391667],[-21.958333,64.4],[-21.875,64.391667],[-21.883333,64.375],[-21.941667,64.375],[-21.941667,64.366667],[-21.95,64.366667],[-21.95,64.375],[-21.975,64.375],[-21.975,64.366667],[-21.983333,64.366667],[-21.983333,64.375]],[[-22.025,64.55],[-22.033333,64.55],[-22.033333,64.566667],[-22.016667,64.566667],[-22.025,64.55]],[[-22.291667,64.691667],[-22.341667,64.691667],[-22.341667,64.7],[-22.291667,64.7],[-22.291667,64.691667]],[[-22.45,64.8],[-22.458333,64.8],[-22.458333,64.808333],[-22.45,64.808333],[-22.45,64.8]],[[-22.625,64.983333],[-22.625,64.991667],[-22.608333,64.991667],[-22.608333,64.983333],[-22.625,64.983333]],[[-22.608333,64.975],[-22.608333,64.983333],[-22.591667,64.983333],[-22.591667,64.975],[-22.608333,64.975]],[[-22.591667,64.966667],[-22.591667,64.975],[-22.583333,64.975],[-22.583333,64.966667],[-22.591667,64.966667]],[[-21.7,65.45],[-21.716667,65.45],[-21.716667,65.458333],[-21.7,65.458333],[-21.7,65.45]],[[-22.425,65.558333],[-22.425,65.55],[-22.433333,65.55],[-22.433333,65.558333],[-22.425,65.558333]],[[-23.833333,65.608333],[-23.833333,65.616667],[-23.808333,65.616667],[-23.8,65.6],[-23.816667,65.6],[-23.816667,65.608333],[-23.833333,65.608333]],[[-23.45,66.1],[-23.45,66.108333],[-23.433333,66.108333],[-23.433333,66.1],[-23.45,66.1]],[[-23.158333,66.066667],[-23.116667,66.066667],[-23.116667,66.058333],[-23.158333,66.05],[-23.158333,66.066667]],[[-23.075,65.966667],[-23.066667,65.966667],[-23.066667,65.958333],[-23.075,65.958333],[-23.075,65.966667]],[[-22.941667,65.941667],[-22.925,65.941667],[-22.925,65.933333],[-22.933333,65.933333],[-22.933333,65.925],[-22.958333,65.925],[-22.958333,65.933333],[-22.941667,65.933333],[-22.941667,65.941667]],[[-22.491667,65.825],[-22.475,65.825],[-22.475,65.816667],[-22.491667,65.816667],[-22.491667,65.825]],[[-22.516667,65.816667],[-22.491667,65.816667],[-22.491667,65.808333],[-22.533333,65.8],[-22.533333,65.808333],[-22.516667,65.808333],[-22.516667,65.816667]],[[-22.55,65.8],[-22.533333,65.8],[-22.533333,65.791667],[-22.55,65.791667],[-22.55,65.8]],[[-22.808333,66.341667],[-22.833333,66.341667],[-22.833333,66.35],[-22.808333,66.35],[-22.808333,66.341667]],[[-23.033333,66.408333],[-23.033333,66.416667],[-23.025,66.416667],[-23.025,66.408333],[-23.033333,66.408333]],[[-22.9,66.433333],[-22.9,66.441667],[-22.883333,66.441667],[-22.883333,66.433333],[-22.9,66.433333]],[[-22.883333,66.416667],[-22.883333,66.433333],[-22.858333,66.433333],[-22.858333,66.416667],[-22.883333,66.416667]],[[-22.15,66.258333],[-22.141667,66.258333],[-22.141667,66.25],[-22.15,66.25],[-22.15,66.258333]],[[-21.991667,66.208333],[-21.966667,66.208333],[-21.966667,66.2],[-21.991667,66.2],[-21.991667,66.208333]],[[-21.458333,65.458333],[-21.425,65.458333],[-21.425,65.45],[-21.458333,65.45],[-21.458333,65.458333]],[[-21.475,65.45],[-21.458333,65.45],[-21.458333,65.441667],[-21.475,65.441667],[-21.475,65.45]],[[-17.408333,65.958333],[-17.408333,65.975],[-17.4,65.975],[-17.4,65.958333],[-17.408333,65.958333]],[[-16.666667,66.108333],[-16.666667,66.116667],[-16.65,66.116667],[-16.65,66.108333],[-16.666667,66.108333]],[[-16.65,66.1],[-16.65,66.108333],[-16.633333,66.108333],[-16.633333,66.1],[-16.65,66.1]],[[-16.633333,66.091667],[-16.633333,66.1],[-16.616667,66.1],[-16.616667,66.091667],[-16.633333,66.091667]],[[-16.491667,66.158333],[-16.491667,66.166667],[-16.475,66.166667],[-16.475,66.158333],[-16.491667,66.158333]],[[-14.891667,65.766667],[-14.85,65.766667],[-14.85,65.758333],[-14.866667,65.758333],[-14.866667,65.75],[-14.9,65.75],[-14.891667,65.766667]],[[-13.741667,65.133333],[-13.725,65.133333],[-13.725,65.125],[-13.741667,65.125],[-13.741667,65.133333]],[[-14.475,64.8],[-14.475,64.791667],[-14.491667,64.791667],[-14.491667,64.8],[-14.475,64.8]],[[-14.491667,64.533333],[-14.483333,64.533333],[-14.483333,64.525],[-14.491667,64.525],[-14.491667,64.533333]],[[-14.975,64.241667],[-15.008333,64.241667],[-15.008333,64.25],[-14.975,64.258333],[-14.975,64.241667]],[[-16.533333,63.891667],[-16.533333,63.883333],[-16.541667,63.883333],[-16.541667,63.891667],[-16.533333,63.891667]],[[-17.891667,63.616667],[-17.891667,63.608333],[-17.916667,63.608333],[-17.916667,63.616667],[-17.891667,63.616667]],[[-17.966667,63.816667],[-17.966667,63.808333],[-17.983333,63.808333],[-17.983333,63.816667],[-17.966667,63.816667]],[[-17.95,63.808333],[-17.95,63.8],[-17.958333,63.8],[-17.958333,63.808333],[-17.95,63.808333]],[[-15.441667,64.391667],[-15.441667,64.383333],[-15.458333,64.383333],[-15.458333,64.391667],[-15.441667,64.391667]],[[-15.391667,64.333333],[-15.383333,64.316667],[-15.4,64.316667],[-15.4,64.333333],[-15.391667,64.333333]],[[-22.191667,64.733333],[-22.191667,64.725],[-22.208333,64.725],[-22.208333,64.733333],[-22.191667,64.733333]],[[-16.458333,66.141667],[-16.458333,66.15],[-16.441667,66.15],[-16.433333,66.133333],[-16.45,66.133333],[-16.45,66.141667],[-16.458333,66.141667]],[[-16.458333,66.158333],[-16.458333,66.15],[-16.466667,66.15],[-16.466667,66.158333],[-16.458333,66.158333]],[[-13.966667,65.191667],[-13.966667,65.183333],[-13.991667,65.183333],[-13.991667,65.191667],[-13.966667,65.191667]],[[-22.791667,66.358333],[-22.791667,66.366667],[-22.783333,66.366667],[-22.783333,66.35],[-22.8,66.35],[-22.8,66.358333],[-22.791667,66.358333]],[[-23.4,66.1],[-23.4,66.091667],[-23.425,66.091667],[-23.425,66.1],[-23.4,66.1]],[[-23.375,66.091667],[-23.375,66.083333],[-23.391667,66.083333],[-23.391667,66.091667],[-23.375,66.091667]],[[-23.433333,66.016667],[-23.433333,66.025],[-23.416667,66.025],[-23.408333,66.008333],[-23.4,66.008333],[-23.4,65.991667],[-23.375,65.991667],[-23.375,65.983333],[-23.408333,65.983333],[-23.408333,65.991667],[-23.425,65.991667],[-23.425,66.016667],[-23.433333,66.016667]],[[-22.983333,65.916667],[-22.975,65.916667],[-22.975,65.908333],[-22.983333,65.908333],[-22.983333,65.916667]],[[-22.966667,65.916667],[-22.975,65.916667],[-22.975,65.925],[-22.966667,65.925],[-22.966667,65.916667]],[[-23.208333,65.841667],[-23.208333,65.833333],[-23.25,65.833333],[-23.25,65.841667],[-23.208333,65.841667]],[[-22.558333,65.791667],[-22.558333,65.783333],[-22.566667,65.783333],[-22.566667,65.791667],[-22.558333,65.791667]],[[-22.141667,65.591667],[-22.125,65.591667],[-22.125,65.583333],[-22.141667,65.583333],[-22.141667,65.591667]],[[-22.116667,65.591667],[-22.125,65.591667],[-22.125,65.6],[-22.116667,65.6],[-22.116667,65.591667]],[[-22.725,65.025],[-22.725,65.016667],[-22.741667,65.016667],[-22.741667,65.025],[-22.725,65.025]],[[-23.033333,64.933333],[-23.025,64.933333],[-23.025,64.925],[-23.033333,64.925],[-23.033333,64.933333]],[[-23.016667,64.933333],[-23.025,64.933333],[-23.025,64.95],[-23.033333,64.95],[-23.033333,64.958333],[-23.016667,64.958333],[-23.016667,64.933333]],[[-22.216667,64.725],[-22.216667,64.716667],[-22.225,64.716667],[-22.225,64.725],[-22.216667,64.725]],[[-22.258333,64.708333],[-22.258333,64.7],[-22.275,64.7],[-22.275,64.708333],[-22.258333,64.708333]],[[-20.991667,63.95],[-20.991667,63.941667],[-21.0,63.941667],[-21.0,63.95],[-20.991667,63.95]],[[-17.8,63.725],[-17.8,63.733333],[-17.783333,63.733333],[-17.783333,63.725],[-17.8,63.725]],[[-17.8,63.741667],[-17.8,63.733333],[-17.816667,63.733333],[-17.816667,63.741667],[-17.833333,63.741667],[-17.833333,63.75],[-17.808333,63.75],[-17.808333,63.741667],[-17.8,63.741667]],[[-17.833333,63.758333],[-17.833333,63.75],[-17.85,63.75],[-17.85,63.758333],[-17.833333,63.758333]],[[-17.85,63.766667],[-17.85,63.758333],[-17.866667,63.758333],[-17.866667,63.766667],[-17.85,63.766667]],[[-17.866667,63.775],[-17.866667,63.766667],[-17.891667,63.766667],[-17.891667,63.775],[-17.866667,63.775]],[[-17.891667,63.783333],[-17.891667,63.775],[-17.916667,63.775],[-17.916667,63.783333],[-17.891667,63.783333]],[[-17.916667,63.791667],[-17.916667,63.783333],[-17.933333,63.783333],[-17.933333,63.791667],[-17.916667,63.791667]],[[-17.933333,63.8],[-17.933333,63.791667],[-17.941667,63.791667],[-17.941667,63.8],[-17.933333,63.8]],[[-21.05,63.941667],[-21.05,63.933333],[-21.075,63.933333],[-21.075,63.941667],[-21.05,63.941667]],[[-17.933333,63.625],[-17.933333,63.616667],[-17.95,63.616667],[-17.95,63.625],[-17.933333,63.625]]],[[[-16.583333,66.166667],[-16.566667,66.166667],[-16.566667,66.175],[-16.583333,66.175],[-16.583333,66.166667]]],[[[-16.566667,66.183333],[-16.566667,66.175],[-16.541667,66.175],[-16.541667,66.183333],[-16.566667,66.183333]]],[[[-14.9,64.325],[-14.9,64.333333],[-14.908333,64.333333],[-14.908333,64.325],[-14.9,64.325]]],[[[-14.908333,64.316667],[-14.908333,64.325],[-14.916667,64.325],[-14.916667,64.316667],[-14.908333,64.316667]]],[[[-14.916667,64.3],[-14.916667,64.316667],[-14.925,64.316667],[-14.925,64.3],[-14.916667,64.3]]],[[[-15.383333,64.358333],[-15.383333,64.366667],[-15.391667,64.366667],[-15.391667,64.358333],[-15.383333,64.358333]]],[[[-16.55,63.866667],[-16.55,63.875],[-16.566667,63.875],[-16.566667,63.866667],[-16.55,63.866667]]],[[[-17.108333,63.85],[-17.108333,63.858333],[-17.116667,63.858333],[-17.116667,63.85],[-17.108333,63.85]]],[[[-18.266667,63.5],[-18.258333,63.5],[-18.258333,63.516667],[-18.25,63.516667],[-18.25,63.525],[-18.275,63.541667],[-18.275,63.525],[-18.266667,63.525],[-18.266667,63.5]]],[[[-18.283333,63.541667],[-18.275,63.541667],[-18.275,63.55],[-18.283333,63.55],[-18.283333,63.541667]]],[[[-21.25,63.875],[-21.225,63.875],[-21.225,63.883333],[-21.25,63.883333],[-21.25,63.875]]],[[[-21.983333,64.108333],[-21.966667,64.108333],[-21.966667,64.116667],[-21.983333,64.116667],[-21.983333,64.108333]]],[[[-21.983333,64.158333],[-22.033333,64.158333],[-22.033333,64.15],[-21.983333,64.15],[-21.983333,64.158333]]],[[[-21.858333,64.158333],[-21.841667,64.158333],[-21.841667,64.166667],[-21.85,64.166667],[-21.85,64.175],[-21.866667,64.175],[-21.866667,64.166667],[-21.858333,64.166667],[-21.858333,64.158333]]],[[[-22.108333,64.316667],[-22.108333,64.308333],[-22.091667,64.308333],[-22.091667,64.316667],[-22.108333,64.316667]]],[[[-21.458333,64.383333],[-21.458333,64.375],[-21.433333,64.375],[-21.433333,64.383333],[-21.458333,64.383333]]],[[[-22.283333,64.508333],[-22.275,64.508333],[-22.275,64.516667],[-22.283333,64.516667],[-22.283333,64.508333]]],[[[-22.375,64.516667],[-22.358333,64.516667],[-22.358333,64.525],[-22.341667,64.525],[-22.341667,64.533333],[-22.366667,64.533333],[-22.375,64.516667]]],[[[-21.933333,64.541667],[-21.933333,64.533333],[-21.916667,64.533333],[-21.916667,64.541667],[-21.933333,64.541667]]],[[[-22.275,64.541667],[-22.266667,64.541667],[-22.266667,64.55],[-22.275,64.55],[-22.275,64.541667]]],[[[-22.375,64.55],[-22.358333,64.55],[-22.358333,64.558333],[-22.375,64.558333],[-22.375,64.55]]],[[[-22.383333,64.6],[-22.375,64.6],[-22.375,64.608333],[-22.383333,64.608333],[-22.383333,64.6]]],[[[-22.425,64.641667],[-22.408333,64.641667],[-22.408333,64.65],[-22.425,64.65],[-22.425,64.641667]]],[[[-22.425,64.725],[-22.408333,64.725],[-22.408333,64.733333],[-22.425,64.733333],[-22.425,64.725]]],[[[-21.966667,65.45],[-21.966667,65.441667],[-21.95,65.441667],[-21.95,65.45],[-21.966667,65.45]]],[[[-20.55,65.533333],[-20.533333,65.533333],[-20.533333,65.541667],[-20.55,65.541667],[-20.55,65.533333]]],[[[-20.533333,65.566667],[-20.508333,65.566667],[-20.508333,65.575],[-20.533333,65.575],[-20.533333,65.566667]]],[[[-18.075,65.658333],[-18.066667,65.658333],[-18.066667,65.666667],[-18.075,65.666667],[-18.075,65.658333]]],[[[-19.458333,65.75],[-19.458333,65.741667],[-19.441667,65.741667],[-19.441667,65.75],[-19.458333,65.75]]],[[[-19.683333,65.941667],[-19.691667,65.941667],[-19.691667,65.933333],[-19.666667,65.933333],[-19.666667,65.95],[-19.683333,65.95],[-19.683333,65.941667]]],[[[-18.416667,66.033333],[-18.433333,66.033333],[-18.433333,66.025],[-18.408333,66.008333],[-18.408333,65.975],[-18.358333,65.975],[-18.358333,65.991667],[-18.375,65.991667],[-18.391667,66.016667],[-18.408333,66.016667],[-18.416667,66.033333]]],[[[-19.541667,66.025],[-19.558333,66.025],[-19.558333,66.033333],[-19.566667,66.033333],[-19.566667,66.016667],[-19.55,66.016667],[-19.55,66.0],[-19.533333,65.991667],[-19.533333,66.016667],[-19.541667,66.016667],[-19.541667,66.025]]],[[[-17.875,66.166667],[-17.883333,66.166667],[-17.883333,66.158333],[-17.841667,66.158333],[-17.841667,66.175],[-17.875,66.175],[-17.875,66.166667]]],[[[-18.016667,66.558333],[-18.016667,66.566667],[-18.025,66.566667],[-18.033333,66.533333],[-17.991667,66.525],[-17.991667,66.533333],[-17.983333,66.533333],[-18.0,66.558333],[-18.016667,66.558333]]],[[[-17.116667,63.791667],[-17.133333,63.791667],[-17.133333,63.783333],[-17.108333,63.783333],[-17.108333,63.8],[-17.116667,63.8],[-17.116667,63.791667]]],[[[-17.025,63.8],[-17.016667,63.8],[-17.016667,63.816667],[-17.025,63.816667],[-17.025,63.8]]],[[[-16.666667,63.816667],[-16.666667,63.808333],[-16.683333,63.808333],[-16.683333,63.8],[-16.641667,63.8],[-16.625,63.825],[-16.65,63.825],[-16.65,63.816667],[-16.666667,63.816667]]],[[[-17.15,63.808333],[-17.15,63.816667],[-17.158333,63.816667],[-17.158333,63.808333],[-17.15,63.808333]]],[[[-17.2,63.808333],[-17.2,63.816667],[-17.208333,63.816667],[-17.208333,63.808333],[-17.2,63.808333]]],[[[-17.0,63.808333],[-16.991667,63.808333],[-16.991667,63.825],[-17.0,63.825],[-17.0,63.808333]]],[[[-17.066667,63.85],[-17.066667,63.841667],[-17.083333,63.841667],[-17.083333,63.816667],[-17.091667,63.816667],[-17.091667,63.808333],[-17.083333,63.808333],[-17.083333,63.791667],[-17.041667,63.791667],[-17.041667,63.783333],[-17.033333,63.783333],[-17.033333,63.841667],[-17.05,63.85],[-17.05,63.841667],[-17.058333,63.841667],[-17.058333,63.85],[-17.066667,63.85]],[[-17.041667,63.833333],[-17.041667,63.816667],[-17.05,63.816667],[-17.05,63.833333],[-17.041667,63.833333]]],[[[-17.191667,63.816667],[-17.191667,63.825],[-17.2,63.825],[-17.2,63.816667],[-17.191667,63.816667]]],[[[-17.141667,63.833333],[-17.15,63.833333],[-17.15,63.816667],[-17.141667,63.816667],[-17.141667,63.833333]]],[[[-16.616667,63.825],[-16.616667,63.833333],[-16.625,63.833333],[-16.625,63.825],[-16.616667,63.825]]],[[[-16.916667,63.816667],[-16.916667,63.791667],[-16.9,63.791667],[-16.891667,63.808333],[-16.883333,63.808333],[-16.883333,63.816667],[-16.891667,63.816667],[-16.891667,63.85],[-16.908333,63.858333],[-16.908333,63.866667],[-16.916667,63.866667],[-16.916667,63.841667],[-16.925,63.841667],[-16.925,63.825],[-16.908333,63.825],[-16.908333,63.816667],[-16.916667,63.816667]]],[[[-16.975,63.833333],[-16.983333,63.833333],[-16.983333,63.825],[-16.975,63.825],[-16.975,63.8],[-16.991667,63.791667],[-16.991667,63.783333],[-16.933333,63.783333],[-16.941667,63.816667],[-16.933333,63.816667],[-16.933333,63.833333],[-16.95,63.825],[-16.95,63.875],[-16.958333,63.875],[-16.958333,63.883333],[-16.966667,63.883333],[-16.966667,63.841667],[-16.975,63.841667],[-16.975,63.833333]]],[[[-17.15,63.841667],[-17.158333,63.841667],[-17.158333,63.833333],[-17.15,63.833333],[-17.15,63.841667]]],[[[-16.591667,63.841667],[-16.591667,63.85],[-16.616667,63.85],[-16.616667,63.841667],[-16.591667,63.841667]]],[[[-17.125,63.85],[-17.125,63.841667],[-17.116667,63.841667],[-17.116667,63.85],[-17.125,63.85]]],[[[-17.158333,63.85],[-17.166667,63.85],[-17.166667,63.841667],[-17.158333,63.841667],[-17.158333,63.85]]],[[[-16.991667,63.85],[-16.983333,63.85],[-16.983333,63.858333],[-16.991667,63.858333],[-16.991667,63.85]]],[[[-16.883333,63.85],[-16.883333,63.858333],[-16.891667,63.858333],[-16.891667,63.85],[-16.883333,63.85]]],[[[-16.566667,63.858333],[-16.566667,63.866667],[-16.583333,63.866667],[-16.591667,63.85],[-16.575,63.85],[-16.575,63.858333],[-16.566667,63.858333]]],[[[-17.041667,63.883333],[-17.041667,63.866667],[-17.033333,63.866667],[-17.033333,63.883333],[-17.041667,63.883333]]],[[[-16.5,63.891667],[-16.491667,63.891667],[-16.491667,63.9],[-16.5,63.9],[-16.5,63.891667]]],[[[-16.483333,63.9],[-16.475,63.9],[-16.475,63.908333],[-16.483333,63.908333],[-16.483333,63.9]]],[[[-16.333333,63.975],[-16.333333,63.983333],[-16.35,63.983333],[-16.35,63.975],[-16.333333,63.975]]],[[[-15.733333,64.175],[-15.716667,64.175],[-15.716667,64.183333],[-15.733333,64.183333],[-15.733333,64.175]]],[[[-15.691667,64.208333],[-15.691667,64.2],[-15.675,64.2],[-15.675,64.208333],[-15.691667,64.208333]]],[[[-15.291667,64.233333],[-15.208333,64.233333],[-15.208333,64.241667],[-15.291667,64.241667],[-15.291667,64.233333]]],[[[-15.183333,64.233333],[-15.166667,64.233333],[-15.166667,64.241667],[-15.183333,64.241667],[-15.183333,64.233333]]],[[[-15.416667,64.241667],[-15.358333,64.241667],[-15.358333,64.25],[-15.408333,64.25],[-15.408333,64.258333],[-15.416667,64.258333],[-15.416667,64.241667]]],[[[-15.366667,64.35],[-15.366667,64.325],[-15.341667,64.308333],[-15.341667,64.325],[-15.325,64.325],[-15.325,64.333333],[-15.341667,64.333333],[-15.341667,64.341667],[-15.358333,64.341667],[-15.358333,64.35],[-15.366667,64.35]]],[[[-14.758333,64.375],[-14.75,64.375],[-14.75,64.383333],[-14.758333,64.383333],[-14.758333,64.375]]],[[[-14.725,64.383333],[-14.716667,64.383333],[-14.716667,64.391667],[-14.725,64.391667],[-14.725,64.383333]]],[[[-14.658333,64.391667],[-14.65,64.391667],[-14.65,64.4],[-14.658333,64.4],[-14.658333,64.391667]]],[[[-14.475,64.541667],[-14.475,64.533333],[-14.466667,64.533333],[-14.466667,64.541667],[-14.475,64.541667]]],[[[-14.458333,64.541667],[-14.45,64.541667],[-14.45,64.55],[-14.458333,64.55],[-14.458333,64.541667]]],[[[-14.441667,64.558333],[-14.441667,64.55],[-14.425,64.55],[-14.425,64.558333],[-14.441667,64.558333]]],[[[-14.533333,64.558333],[-14.525,64.558333],[-14.525,64.566667],[-14.533333,64.566667],[-14.533333,64.558333]]],[[[-14.425,64.566667],[-14.425,64.558333],[-14.416667,64.558333],[-14.416667,64.566667],[-14.425,64.566667]]],[[[-14.391667,64.583333],[-14.383333,64.583333],[-14.383333,64.591667],[-14.391667,64.591667],[-14.391667,64.583333]]],[[[-14.366667,64.591667],[-14.341667,64.591667],[-14.341667,64.6],[-14.366667,64.6],[-14.366667,64.591667]]],[[[-14.183333,64.591667],[-14.158333,64.591667],[-14.158333,64.6],[-14.183333,64.6],[-14.183333,64.591667]]],[[[-14.333333,64.608333],[-14.325,64.608333],[-14.325,64.616667],[-14.333333,64.616667],[-14.333333,64.608333]]],[[[-14.308333,64.625],[-14.316667,64.625],[-14.316667,64.616667],[-14.3,64.616667],[-14.3,64.633333],[-14.308333,64.633333],[-14.308333,64.625]]],[[[-13.625,64.908333],[-13.616667,64.908333],[-13.616667,64.916667],[-13.625,64.916667],[-13.625,64.908333]]],[[[-13.525,64.983333],[-13.516667,64.983333],[-13.516667,64.991667],[-13.525,64.991667],[-13.525,64.983333]]],[[[-13.916667,65.625],[-13.908333,65.625],[-13.908333,65.633333],[-13.916667,65.633333],[-13.916667,65.625]]],[[[-9.008333,70.875],[-9.075,70.875],[-9.075,70.858333],[-9.058333,70.858333],[-9.041667,70.825],[-8.975,70.825],[-8.975,70.833333],[-8.941667,70.833333],[-8.941667,70.841667],[-8.9,70.85],[-8.9,70.858333],[-8.866667,70.858333],[-8.866667,70.866667],[-8.808333,70.866667],[-8.8,70.883333],[-8.783333,70.883333],[-8.783333,70.891667],[-8.75,70.9],[-8.75,70.908333],[-8.725,70.908333],[-8.725,70.916667],[-8.708333,70.916667],[-8.708333,70.925],[-8.691667,70.925],[-8.691667,70.933333],[-8.633333,70.941667],[-8.633333,70.95],[-8.6,70.95],[-8.6,70.958333],[-8.558333,70.958333],[-8.558333,70.966667],[-8.5,70.966667],[-8.5,70.975],[-8.391667,70.975],[-8.391667,70.966667],[-8.358333,70.966667],[-8.358333,70.975],[-8.291667,70.975],[-8.291667,70.983333],[-8.225,70.983333],[-8.225,70.991667],[-8.158333,70.991667],[-8.158333,71.0],[-8.033333,71.0],[-8.033333,71.008333],[-8.008333,71.008333],[-8.008333,71.016667],[-7.983333,71.016667],[-7.983333,71.025],[-7.975,71.025],[-7.975,71.058333],[-7.983333,71.058333],[-7.983333,71.075],[-7.991667,71.075],[-7.991667,71.108333],[-7.983333,71.108333],[-7.975,71.125],[-7.941667,71.133333],[-7.941667,71.141667],[-7.925,71.141667],[-7.925,71.15],[-7.941667,71.158333],[-7.941667,71.166667],[-8.0,71.158333],[-8.0,71.166667],[-8.05,71.166667],[-8.05,71.158333],[-8.075,71.158333],[-8.075,71.15],[-8.141667,71.15],[-8.141667,71.141667],[-8.2,71.141667],[-8.2,71.133333],[-8.241667,71.133333],[-8.241667,71.125],[-8.291667,71.125],[-8.291667,71.116667],[-8.308333,71.116667],[-8.308333,71.108333],[-8.333333,71.108333],[-8.333333,71.1],[-8.35,71.1],[-8.35,71.091667],[-8.375,71.091667],[-8.375,71.083333],[-8.408333,71.075],[-8.408333,71.066667],[-8.416667,71.066667],[-8.416667,71.05],[-8.433333,71.05],[-8.433333,71.041667],[-8.458333,71.025],[-8.458333,71.008333],[-8.475,71.008333],[-8.475,71.0],[-8.525,71.0],[-8.525,70.991667],[-8.566667,70.991667],[-8.566667,70.983333],[-8.625,70.983333],[-8.625,70.975],[-8.691667,70.975],[-8.691667,70.966667],[-8.708333,70.966667],[-8.708333,70.958333],[-8.75,70.958333],[-8.75,70.95],[-8.775,70.95],[-8.775,70.941667],[-8.858333,70.941667],[-8.858333,70.933333],[-8.891667,70.933333],[-8.891667,70.925],[-8.908333,70.925],[-8.908333,70.916667],[-8.941667,70.916667],[-8.941667,70.908333],[-8.958333,70.908333],[-8.958333,70.9],[-8.983333,70.9],[-8.991667,70.883333],[-9.008333,70.883333],[-9.008333,70.875]]]]}}
