{"type":"Feature","id":"lme.15","geometry_name":"the_geom","properties":{"objectid":15,"lme_name":"Kuroshio Current","grouping":null,"arctic":null,"uslmes":null,"shape_leng":123.339378667,"shape_area":125.306929211,"sum_gis_km":1325473.19011,"mrgid":8554,"minlat":21.3211,"minlong":120.8319,"maxlat":42.6161,"maxlong":146.23283,"lat":30.95066,"lon":134.69158,"lme_number":49,"name":"Kuroshio Current"},"geometry":{"type":"Polygon","coordinates":[[[143.248266,41.92885],[143.246307,41.92527],[143.240005,41.92416],[143.235001,41.928051],[143.202805,41.944149],[143.181396,41.958599],[143.144699,42.0],[143.130493,42.011669],[143.124405,42.020271],[143.106903,42.030819],[143.069702,42.045269],[143.038605,42.061939],[142.987701,42.08305],[142.942993,42.106659],[142.9189,42.113609],[142.880798,42.117489],[142.8508,42.129162],[142.827499,42.13221],[142.793304,42.141659],[142.772202,42.150829],[142.706406,42.172218],[142.657501,42.19083],[142.601105,42.220829],[142.5858,42.23193],[142.569702,42.237209],[142.536896,42.243881],[142.485199,42.258049],[142.443802,42.28194],[142.4039,42.295551],[142.3461,42.33028],[142.313599,42.340832],[142.294693,42.35083],[142.278305,42.361382],[142.223007,42.40694],[142.190186,42.428333],[142.162506,42.44054],[142.060806,42.465271],[142.022202,42.47916],[141.932693,42.540829],[141.928894,42.55027],[141.919693,42.558041],[141.8405,42.590832],[141.790497,42.60638],[141.7444,42.614719],[141.7258,42.613609],[141.658905,42.6161],[141.616592,42.61388],[141.557693,42.60305],[141.532501,42.596939],[141.477402,42.57972],[141.445496,42.572491],[141.427505,42.56638],[141.393906,42.549999],[141.378006,42.540279],[141.348801,42.516659],[141.337997,42.51083],[141.307693,42.500832],[141.275299,42.482491],[141.234695,42.454159],[141.220505,42.446098],[141.203003,42.439159],[141.183899,42.43499],[141.171402,42.430271],[141.111404,42.398331],[141.060501,42.363049],[141.010498,42.314159],[141.003601,42.301929],[140.992996,42.295269],[140.986099,42.294998],[140.961395,42.299721],[140.945297,42.304989],[140.938904,42.308041],[140.934692,42.31221],[140.929398,42.32111],[140.931396,42.327221],[140.936905,42.32999],[140.943802,42.33028],[140.977402,42.32333],[140.983307,42.325272],[140.986404,42.336941],[140.981094,42.340832],[140.938004,42.35194],[140.931595,42.355],[140.9133,42.370541],[140.905197,42.383881],[140.903305,42.393879],[140.903595,42.409988],[140.901901,42.414989],[140.884399,42.441101],[140.854706,42.463329],[140.811401,42.486382],[140.800797,42.49361],[140.779694,42.5186],[140.761902,42.54472],[140.745193,42.555271],[140.711899,42.57111],[140.695007,42.575001],[140.679703,42.576099],[140.631302,42.571659],[140.605804,42.566101],[140.591293,42.56554],[140.5755,42.567768],[140.542801,42.578049],[140.520294,42.579159],[140.510696,42.57415],[140.506699,42.57777],[140.479706,42.573879],[140.461594,42.567768],[140.4272,42.541111],[140.4039,42.520271],[140.3853,42.503052],[140.354904,42.470268],[140.335495,42.44305],[140.300507,42.382771],[140.284805,42.34491],[140.280808,42.316669],[140.281906,42.294998],[140.279694,42.27277],[140.285004,42.253052],[140.297806,42.240829],[140.309097,42.233879],[140.324402,42.228321],[140.358307,42.220539],[140.382202,42.21249],[140.404099,42.196941],[140.421097,42.19305],[140.427505,42.189991],[140.432693,42.186378],[140.435501,42.181938],[140.445801,42.174709],[140.459702,42.168598],[140.470001,42.161381],[140.479401,42.148331],[140.487503,42.14027],[140.505203,42.130268],[140.528595,42.111382],[140.543594,42.105831],[140.574097,42.103321],[140.588303,42.103882],[140.606903,42.109161],[140.611603,42.113049],[140.617706,42.115002],[140.638596,42.116661],[140.675003,42.1161],[140.692505,42.123322],[140.705002,42.126381],[140.719696,42.126099],[140.734695,42.120274],[140.771896,42.095268],[140.787994,42.073883],[140.792999,42.070271],[140.801895,42.06805],[140.815796,42.04055],[140.826401,42.028049],[140.835495,42.020271],[140.867203,42.0],[140.896393,41.987209],[140.906601,41.979988],[140.935806,41.94138],[140.9505,41.924999],[140.963303,41.913052],[140.973602,41.905819],[140.997696,41.89249],[141.013901,41.887211],[141.0383,41.882771],[141.068298,41.880821],[141.093307,41.875549],[141.119995,41.857498],[141.136093,41.852219],[141.141403,41.848598],[141.155502,41.832211],[141.195007,41.80777],[141.199097,41.798328],[141.196899,41.7925],[141.191696,41.78944],[141.177505,41.788891],[141.171402,41.786942],[141.167206,41.782211],[141.161697,41.77943],[141.132401,41.78027],[141.125793,41.77916],[141.100296,41.76194],[141.093307,41.751942],[141.078903,41.740551],[141.046906,41.720539],[141.011703,41.7075],[140.979233,41.705296],[140.959916,41.511994],[141.008606,41.48666],[141.023605,41.481106],[141.040298,41.476944],[141.070801,41.47443],[141.087494,41.470539],[141.106094,41.460819],[141.138,41.439159],[141.146896,41.427769],[141.164703,41.412491],[141.186096,41.381939],[141.208603,41.362209],[141.228607,41.35305],[141.254395,41.345539],[141.300797,41.33971],[141.335495,41.34193],[141.355194,41.345829],[141.373001,41.35194],[141.417801,41.373878],[141.438293,41.399158],[141.453598,41.40971],[141.460495,41.409988],[141.466904,41.406651],[141.469696,41.40221],[141.473801,41.387501],[141.473801,41.37138],[141.468308,41.358891],[141.447998,41.332771],[141.442505,41.319439],[141.433594,41.262772],[141.423004,41.232491],[141.4189,41.204159],[141.401398,41.173611],[141.397202,41.161381],[141.395493,41.144711],[141.396896,41.123604],[141.400299,41.108601],[141.394105,41.096941],[141.401093,41.08305],[141.405808,41.035831],[141.404694,40.992489],[141.400299,40.94249],[141.401901,40.879711],[141.402802,40.8811],[141.4039,40.859989],[141.413895,40.782215],[141.415802,40.74527],[141.421097,40.715],[141.428604,40.69054],[141.44252,40.65749],[141.460495,40.59388],[141.472702,40.56583],[141.481918,40.552765],[141.486099,40.543331],[141.490799,40.539719],[141.503601,40.535271],[141.511093,40.52721],[141.524399,40.521099],[141.532196,40.52055],[141.567703,40.531658],[141.582703,40.53027],[141.59581,40.51305],[141.632706,40.487499],[141.647202,40.465549],[141.674606,40.44791],[141.689117,40.436939],[141.696899,40.428879],[141.707199,40.4161],[141.716599,40.386662],[141.747696,40.365002],[141.755203,40.356659],[141.763306,40.338039],[141.770798,40.331379],[141.771103,40.326099],[141.782501,40.308041],[141.783905,40.303051],[141.820297,40.267208],[141.8255,40.25222],[141.841293,40.225269],[141.841293,40.21999],[141.838303,40.213612],[141.820496,40.2075],[141.815796,40.20388],[141.811401,40.199162],[141.806107,40.186649],[141.811401,40.17749],[141.816406,40.173882],[141.862503,40.15749],[141.875,40.14555],[141.878006,40.13583],[141.871902,40.124161],[141.866592,40.121101],[141.854401,40.11805],[141.844696,40.11055],[141.836594,40.100269],[141.833603,40.088329],[141.834106,40.07777],[141.8405,40.06332],[141.848007,40.055271],[141.863007,40.044159],[141.876297,40.038052],[141.891403,40.026939],[141.897797,40.01833],[141.899094,40.013329],[141.906601,40.005268],[141.921906,40.000832],[141.9375,39.999161],[141.947495,39.991661],[141.957199,39.962776],[141.957993,39.946941],[141.951904,39.935261],[141.946594,39.932499],[141.9422,39.927769],[141.939407,39.92194],[141.940796,39.916939],[141.963593,39.89249],[141.971298,39.87888],[141.974106,39.86916],[141.974701,39.831943],[141.976105,39.826939],[141.983597,39.81889],[141.987701,39.809429],[141.988602,39.78833],[142.006897,39.778332],[142.006104,39.77277],[142.002808,39.766109],[142.007996,39.751942],[142.005005,39.745541],[141.990005,39.734989],[141.9841,39.72332],[141.989395,39.714439],[141.989395,39.708889],[141.978304,39.694441],[141.979904,39.68943],[141.985794,39.686378],[141.987198,39.681381],[141.978302,39.663319],[141.977402,39.65749],[141.978897,39.647491],[141.976898,39.64138],[141.972198,39.637501],[141.9664,39.635551],[141.962494,39.62999],[141.964096,39.619709],[141.962204,39.613609],[141.954697,39.602489],[141.953903,39.591381],[141.960495,39.589432],[141.976288,39.59972],[142.015793,39.639992],[142.022797,39.64027],[142.029694,39.638329],[142.032196,39.633881],[142.028,39.621658],[142.031097,39.606659],[142.024094,39.577221],[142.028,39.57333],[142.043594,39.569996],[142.049698,39.566669],[142.064407,39.555553],[142.069702,39.546669],[142.068802,39.540829],[142.057495,39.524158],[142.052505,39.52055],[142.039597,39.518951],[142.028,39.502491],[142.014404,39.48999],[142.007996,39.479431],[142.003296,39.475552],[141.976105,39.473881],[141.964096,39.470829],[141.955505,39.46138],[141.9536,39.455274],[141.961395,39.441936],[141.966095,39.438042],[141.974396,39.435551],[141.980804,39.436649],[141.986603,39.438889],[142.011093,39.456669],[142.028885,39.474716],[142.040787,39.477772],[142.048294,39.47694],[142.054398,39.473598],[142.055801,39.46888],[142.053604,39.462769],[142.0439,39.454441],[142.036102,39.443321],[142.035202,39.437771],[142.039398,39.428329],[142.036407,39.416382],[142.031403,39.412769],[142.024689,39.414711],[142.022202,39.419159],[142.017807,39.41972],[142.014206,39.41415],[142.002502,39.410271],[141.995483,39.412209],[141.992996,39.41666],[141.988007,39.418331],[141.982697,39.415272],[141.974106,39.406101],[141.941104,39.378604],[141.943802,39.374161],[141.951599,39.372498],[141.965195,39.372765],[141.966599,39.36805],[141.961105,39.35638],[141.9561,39.352489],[141.949997,39.351391],[141.941895,39.35305],[141.923004,39.34972],[141.918304,39.345829],[141.906403,39.32999],[141.906601,39.324711],[141.912795,39.321381],[141.926407,39.321945],[141.949707,39.32972],[141.976593,39.343319],[141.982498,39.345268],[141.985794,39.34222],[141.983002,39.336941],[141.978302,39.333328],[141.976898,39.3111],[141.971603,39.308331],[141.957993,39.308041],[141.920502,39.300541],[141.912796,39.301929],[141.907501,39.29916],[141.906097,39.294441],[141.909698,39.290279],[141.927994,39.280548],[141.930496,39.275829],[141.927994,39.270828],[141.905808,39.27277],[141.899994,39.270828],[141.898606,39.266112],[141.901398,39.261669],[141.901596,39.25639],[141.897797,39.250549],[141.900299,39.246101],[141.907196,39.244167],[141.921402,39.24361],[141.926605,39.246658],[141.938896,39.242225],[141.955505,39.249161],[141.953903,39.24527],[141.945007,39.23888],[141.951096,39.23027],[141.952499,39.225269],[141.950806,39.21999],[141.9319,39.21666],[141.917206,39.2061],[141.886703,39.198879],[141.878296,39.201389],[141.874405,39.19804],[141.878601,39.188599],[141.885803,39.185829],[141.900803,39.183331],[141.922501,39.182209],[141.925003,39.177769],[141.906494,39.161789],[141.895798,39.155819],[141.889999,39.153881],[141.869705,39.15332],[141.856903,39.1511],[141.845505,39.146938],[141.845795,39.141659],[141.849396,39.137772],[141.863907,39.131939],[141.870193,39.123322],[141.884705,39.117489],[141.915802,39.108891],[141.918304,39.104439],[141.914703,39.098881],[141.887207,39.086109],[141.880493,39.085819],[141.867188,39.09222],[141.8358,39.10083],[141.828598,39.101391],[141.8228,39.09943],[141.818604,39.094711],[141.817703,39.089161],[141.826401,39.081379],[141.865799,39.06805],[141.867203,39.063049],[141.865204,39.056938],[141.819397,39.051929],[141.822205,39.047489],[141.836594,39.04166],[141.846298,39.034447],[141.852402,39.025829],[141.851105,39.020828],[141.8452,39.018879],[141.809677,39.02055],[141.804993,39.024441],[141.802505,39.028881],[141.796097,39.032211],[141.755203,39.018879],[141.748581,39.018879],[141.742493,39.021931],[141.735001,39.03027],[141.727997,39.029991],[141.722702,39.02721],[141.724701,39.016941],[141.747192,38.987209],[141.744705,38.98193],[141.731903,38.987209],[141.724701,38.98777],[141.720001,38.984161],[141.711899,38.973881],[141.716904,38.96999],[141.731903,38.965549],[141.734406,38.961109],[141.733597,38.955551],[141.729904,38.949711],[141.723602,38.948601],[141.712997,38.94305],[141.705795,38.9436],[141.699692,38.946941],[141.693283,38.955551],[141.677505,38.966099],[141.673904,38.970268],[141.672501,38.974991],[141.6772,38.97887],[141.687988,38.983879],[141.691696,38.98888],[141.688889,38.99332],[141.660202,38.994999],[141.645004,38.99749],[141.638901,38.99638],[141.633301,38.99332],[141.6297,38.98777],[141.638596,38.953049],[141.637802,38.947491],[141.643005,38.933048],[141.642197,38.92749],[141.6436,38.922489],[141.652802,38.909431],[141.654404,38.899448],[141.662994,38.891659],[141.668304,38.877216],[141.671906,38.873051],[141.675507,38.852779],[141.6716,38.84721],[141.664993,38.849159],[141.661407,38.853321],[141.661407,38.851101],[141.649399,38.86805],[141.645493,38.883331],[141.639404,38.886662],[141.632202,38.887211],[141.621597,38.881378],[141.614395,38.88221],[141.600006,38.88805],[141.593597,38.88694],[141.588303,38.883881],[141.580505,38.8736],[141.5775,38.861662],[141.579407,38.851662],[141.586395,38.836948],[141.592697,38.828335],[141.594101,38.82333],[141.593308,38.817768],[141.573303,38.806381],[141.559097,38.794998],[141.527206,38.778332],[141.522507,38.774712],[141.521103,38.769711],[141.522202,38.765831],[141.540497,38.750832],[141.542999,38.746101],[141.543304,38.740829],[141.550797,38.732769],[141.564697,38.729988],[141.566895,38.709431],[141.565002,38.70332],[141.560806,38.698601],[141.554398,38.697491],[141.543594,38.704441],[141.536896,38.704159],[141.521103,38.683601],[141.515305,38.681381],[141.501099,38.681938],[141.495499,38.679989],[141.486893,38.670551],[141.467697,38.668049],[141.462494,38.665272],[141.459396,38.6586],[141.4608,38.653599],[141.458893,38.64777],[141.465805,38.644711],[141.479095,38.640839],[141.4944,38.638599],[141.530807,38.635269],[141.535797,38.631378],[141.534698,38.62582],[141.531097,38.62027],[141.501907,38.587212],[141.487198,38.57666],[141.469406,38.571659],[141.464096,38.5686],[141.470505,38.55999],[141.486603,38.556099],[141.492493,38.552769],[141.491898,38.54166],[141.496094,38.532215],[141.502808,38.530273],[141.529999,38.543049],[141.534698,38.541664],[141.535202,38.536381],[141.544998,38.523609],[141.546906,38.513611],[141.542496,38.484989],[141.539398,38.4786],[141.532501,38.478321],[141.525299,38.481098],[141.522797,38.48555],[141.521103,38.495831],[141.517502,38.5],[141.5103,38.502781],[141.504395,38.500832],[141.503098,38.496101],[141.507202,38.48666],[141.506699,38.475552],[141.502808,38.46999],[141.493301,38.462212],[141.507202,38.445541],[141.507004,38.44096],[141.4897,38.435261],[141.475494,38.435551],[141.464096,38.43166],[141.476105,38.4086],[141.475494,38.39249],[141.482697,38.389439],[141.497498,38.39999],[141.504196,38.400269],[141.508606,38.397491],[141.508896,38.39222],[141.521103,38.39222],[141.5336,38.39444],[141.540802,38.393879],[141.546402,38.391388],[141.5466,38.386108],[141.544098,38.380821],[141.537506,38.380821],[141.525299,38.387211],[141.5186,38.387211],[141.513,38.384991],[141.504196,38.376659],[141.501907,38.370541],[141.505798,38.36639],[141.526596,38.358601],[141.528,38.353611],[141.527496,38.34277],[141.531601,38.333328],[141.530502,38.327492],[141.523895,38.31554],[141.525299,38.310551],[141.536102,38.3036],[141.537506,38.298882],[141.528305,38.283611],[141.527802,38.27277],[141.525803,38.266392],[141.521393,38.26194],[141.515305,38.262772],[141.516098,38.27388],[141.514404,38.278881],[141.5,38.28027],[141.491287,38.288052],[141.466599,38.295269],[141.46048,38.298611],[141.456894,38.302769],[141.458298,38.307499],[141.467499,38.315269],[141.465805,38.325272],[141.462204,38.329441],[141.456406,38.332771],[141.436096,38.33194],[141.425507,38.338039],[141.425293,38.343323],[141.428299,38.349998],[141.437195,38.35833],[141.440503,38.365003],[141.428299,38.36916],[141.425507,38.379162],[141.420502,38.382771],[141.413895,38.382488],[141.408005,38.38055],[141.398605,38.372761],[141.393005,38.370831],[141.378006,38.373051],[141.373001,38.376659],[141.363907,38.395],[141.357697,38.398331],[141.307485,38.40221],[141.2939,38.401661],[141.256104,38.395828],[141.238297,38.390549],[141.213303,38.386108],[141.196594,38.379162],[141.191895,38.375271],[141.191895,38.376942],[141.182495,38.37138],[141.170303,38.35722],[141.169098,38.351662],[141.171097,38.341381],[141.180298,38.323051],[141.178299,38.31694],[141.173004,38.313881],[141.166397,38.313881],[141.160202,38.31694],[141.146393,38.317501],[141.141403,38.32111],[141.142807,38.337769],[141.139984,38.347488],[141.135803,38.356941],[141.127197,38.364719],[141.120499,38.364441],[141.109695,38.35944],[141.095795,38.364441],[141.078598,38.35833],[141.0672,38.34222],[141.055801,38.338039],[141.052795,38.326389],[141.044098,38.317768],[141.045502,38.312771],[141.049393,38.30888],[141.055801,38.306938],[141.061096,38.309719],[141.0755,38.308601],[141.080505,38.30471],[141.082993,38.30027],[141.082199,38.29472],[141.045807,38.274158],[141.027206,38.258888],[141.014694,38.244709],[140.999695,38.223049],[140.983002,38.204159],[140.953598,38.148048],[140.940002,38.10527],[140.934692,38.076389],[140.923004,38.033611],[140.9189,38.005268],[140.917999,37.939991],[140.920502,37.919159],[140.926605,37.889599],[140.947998,37.838039],[140.952499,37.823608],[140.947999,37.812213],[140.949402,37.807217],[140.956894,37.79916],[140.958298,37.784439],[140.999405,37.7561],[141.014404,37.739723],[141.019394,37.73082],[141.022507,37.720829],[141.022995,37.71027],[141.021393,37.698879],[141.006897,37.67638],[141.005005,37.670269],[141.016907,37.663879],[141.023605,37.649994],[141.027802,37.635269],[141.029694,37.603321],[141.033096,37.578609],[141.030503,37.539995],[141.041107,37.478607],[141.035507,37.433331],[141.033905,37.405819],[141.0392,37.374989],[141.022797,37.29277],[141.009399,37.244709],[141.003906,37.183048],[141.004395,37.172493],[141.008606,37.157768],[141.011398,37.15332],[141.013,37.14333],[141.002808,37.125271],[141.0,37.113609],[140.985794,37.083599],[140.973007,37.029991],[140.975494,36.98777],[140.967499,36.968601],[140.958298,36.95916],[140.925797,36.933331],[140.919693,36.932209],[140.904999,36.934429],[140.891907,36.933048],[140.881302,36.928051],[140.872696,36.919441],[140.862503,36.913319],[140.832703,36.90527],[140.821899,36.900269],[140.809692,36.886108],[140.798599,36.869991],[140.7966,36.86388],[140.797501,36.848049],[140.800003,36.843609],[140.800507,36.838329],[140.783295,36.82111],[140.767502,36.813049],[140.746094,36.77916],[140.714401,36.68082],[140.710007,36.65749],[140.701904,36.648048],[140.695496,36.63583],[140.666397,36.573051],[140.650299,36.554161],[140.636703,36.530548],[140.619705,36.49194],[140.610199,36.461109],[140.606903,36.43832],[140.6064,36.41082],[140.614395,36.39222],[140.618301,36.38805],[140.624695,36.374161],[140.625,36.368881],[140.621597,36.351391],[140.596298,36.312771],[140.592194,36.30138],[140.579407,36.288052],[140.571899,36.277771],[140.567505,36.25972],[140.5634,36.259331],[140.5672,36.259159],[140.567505,36.253609],[140.565506,36.24749],[140.567703,36.210548],[140.572205,36.17944],[140.585007,36.135269],[140.591599,36.099159],[140.600494,36.08083],[140.630493,36.031662],[140.662796,35.989429],[140.703598,35.928051],[140.738602,35.886112],[140.750793,35.86916],[140.777496,35.819439],[140.791397,35.797218],[140.820496,35.764721],[140.837204,35.74332],[140.846603,35.735821],[140.869095,35.72916],[140.873795,35.725552],[140.880798,35.706379],[140.877197,35.688599],[140.873596,35.683048],[140.867203,35.68277],[140.860794,35.684719],[140.857193,35.688881],[140.844406,35.694988],[140.824097,35.694988],[140.782501,35.6861],[140.7556,35.674999],[140.693802,35.67638],[140.675293,35.673882],[140.641693,35.662491],[140.626099,35.65443],[140.537094,35.588718],[140.479095,35.536381],[140.450821,35.50388],[140.436905,35.48138],[140.405502,35.40971],[140.397995,35.385269],[140.396103,35.36277],[140.3983,35.34721],[140.402496,35.3325],[140.412796,35.314709],[140.417206,35.29472],[140.416901,35.283611],[140.411698,35.259984],[140.416397,35.233879],[140.414703,35.222488],[140.407196,35.20332],[140.3983,35.183601],[140.390793,35.173321],[140.375,35.1661],[140.360794,35.16721],[140.355194,35.165272],[140.351303,35.160545],[140.342194,35.141659],[140.334702,35.131378],[140.329697,35.12833],[140.323593,35.127209],[140.310196,35.129711],[140.300293,35.123878],[140.298004,35.118599],[140.293594,35.114716],[140.266098,35.1161],[140.260498,35.114159],[140.246094,35.104439],[140.223007,35.09721],[140.208603,35.099159],[140.201599,35.10194],[140.196899,35.105831],[140.191101,35.106659],[140.166107,35.103882],[140.159393,35.103611],[140.144699,35.10638],[140.139206,35.104439],[140.125504,35.09222],[140.121902,35.08638],[140.116592,35.06805],[140.112198,35.064159],[140.101593,35.059158],[140.099396,35.056099],[140.089401,35.049999],[140.070007,35.04916],[140.053604,35.043049],[140.019394,35.021099],[140.002197,35.01527],[139.992996,35.008331],[139.972198,34.973598],[139.9702,34.967491],[139.967194,34.927769],[139.964706,34.922489],[139.952499,34.908878],[139.941696,34.904709],[139.889404,34.89138],[139.863602,34.889992],[139.841599,34.893604],[139.834702,34.896389],[139.827499,34.904427],[139.821899,34.91888],[139.807693,34.929718],[139.773895,34.949429],[139.767807,34.957771],[139.767197,34.963051],[139.772797,34.965271],[139.808594,34.968048],[139.826401,34.971661],[139.831406,34.974709],[139.834702,34.98027],[139.839996,34.982491],[139.853607,34.982208],[139.8591,34.984161],[139.866898,34.993629],[139.867493,34.999439],[139.8647,35.009441],[139.857498,35.01749],[139.828598,35.028049],[139.827194,35.033051],[139.838593,35.036381],[139.845505,35.047779],[139.8461,35.053322],[139.844696,35.058331],[139.845505,35.063881],[139.834396,35.092491],[139.841599,35.11721],[139.840805,35.127769],[139.824402,35.15416],[139.823593,35.164711],[139.828903,35.17638],[139.837708,35.184158],[139.873001,35.204441],[139.879105,35.214439],[139.878601,35.224991],[139.858902,35.25],[139.848801,35.278873],[139.837204,35.285271],[139.792999,35.2925],[139.781403,35.298882],[139.781906,35.30249],[139.801407,35.303322],[139.8358,35.31332],[139.860504,35.328331],[139.879105,35.33083],[139.896606,35.33527],[139.906403,35.341381],[139.919403,35.353882],[139.922806,35.35944],[139.920502,35.374985],[139.905807,35.397221],[139.905502,35.402489],[139.908295,35.409161],[139.912506,35.413879],[139.927795,35.42194],[139.958298,35.426941],[139.969696,35.430271],[139.9944,35.446659],[139.998306,35.45166],[139.9991,35.457211],[140.007996,35.465],[140.042496,35.48666],[140.061096,35.512501],[140.069397,35.521099],[140.101898,35.534439],[140.1064,35.53833],[140.113297,35.549721],[140.113007,35.554989],[140.107498,35.56916],[140.101593,35.572491],[140.094696,35.573051],[140.086899,35.576099],[140.082199,35.57972],[140.072998,35.598049],[140.075806,35.604439],[140.075302,35.615269],[140.064102,35.627209],[140.045303,35.641941],[140.037994,35.644711],[140.026093,35.64222],[139.995804,35.658039],[139.990204,35.655819],[139.983597,35.655548],[139.968597,35.66082],[139.951599,35.655548],[139.9375,35.656651],[139.926102,35.65332],[139.922501,35.64777],[139.920502,35.637211],[139.917206,35.631378],[139.9077,35.624439],[139.896393,35.619709],[139.883896,35.61832],[139.877396,35.619991],[139.872696,35.6236],[139.860199,35.640831],[139.854095,35.643879],[139.8405,35.62138],[139.815506,35.61832],[139.8116,35.613609],[139.806396,35.61055],[139.799393,35.611111],[139.783401,35.632061],[139.777206,35.633331],[139.766693,35.61721],[139.767197,35.589989],[139.772202,35.570271],[139.771393,35.564442],[139.760498,35.560268],[139.760803,35.554989],[139.784119,35.52499],[139.786102,35.514992],[139.780304,35.50388],[139.761398,35.490261],[139.726898,35.478039],[139.703293,35.472488],[139.677795,35.470268],[139.672501,35.468048],[139.670013,35.463051],[139.664703,35.460812],[139.651093,35.461109],[139.645493,35.458881],[139.643906,35.45499],[139.645309,35.450272],[139.651108,35.446941],[139.6586,35.438881],[139.658905,35.433601],[139.661407,35.429161],[139.667206,35.425831],[139.681396,35.424709],[139.688293,35.42194],[139.690796,35.4175],[139.691711,35.40694],[139.690002,35.400829],[139.685501,35.396938],[139.671906,35.397221],[139.661407,35.403881],[139.655197,35.402771],[139.639999,35.394711],[139.636093,35.389721],[139.634705,35.384991],[139.648895,35.363049],[139.655212,35.349159],[139.655807,35.34388],[139.653,35.33749],[139.641098,35.323051],[139.646393,35.320831],[139.651596,35.311939],[139.648605,35.305271],[139.650497,35.294998],[139.657501,35.292221],[139.655807,35.28611],[139.657196,35.28138],[139.661896,35.27972],[139.673004,35.284161],[139.6772,35.28138],[139.676895,35.270271],[139.6875,35.263329],[139.703598,35.25861],[139.739395,35.25555],[139.745804,35.253609],[139.747498,35.248878],[139.743301,35.24416],[139.729095,35.234161],[139.727204,35.228034],[139.729095,35.21777],[139.716904,35.20277],[139.712204,35.199711],[139.688904,35.19249],[139.679092,35.186649],[139.667206,35.172218],[139.663605,35.159988],[139.667206,35.155819],[139.677994,35.149158],[139.680496,35.144711],[139.680801,35.13916],[139.676605,35.135269],[139.641403,35.12582],[139.628296,35.124989],[139.615005,35.129711],[139.613602,35.13472],[139.621902,35.15971],[139.6241,35.17749],[139.620193,35.186939],[139.613907,35.195271],[139.613907,35.211658],[139.612503,35.21666],[139.608307,35.225819],[139.601105,35.233879],[139.585495,35.244438],[139.577194,35.25222],[139.572205,35.271927],[139.566101,35.28054],[139.554398,35.286942],[139.528305,35.285549],[139.507797,35.286381],[139.492706,35.28944],[139.464996,35.300533],[139.449402,35.304161],[139.435196,35.305271],[139.325806,35.29805],[139.283905,35.28944],[139.216095,35.262501],[139.175507,35.23999],[139.159393,35.221931],[139.140793,35.18499],[139.141403,35.163319],[139.144394,35.153599],[139.146896,35.149158],[139.156403,35.141941],[139.159103,35.137501],[139.1586,35.133881],[139.137802,35.135559],[139.123306,35.125549],[139.108902,35.10471],[139.100006,35.096939],[139.093597,35.084721],[139.096603,35.074707],[139.095001,35.0686],[139.088303,35.057209],[139.089706,35.05249],[139.096603,35.049721],[139.105194,35.041939],[139.107193,35.03194],[139.102997,35.013889],[139.092697,34.996658],[139.091096,34.99055],[139.1064,34.969151],[139.112198,34.966099],[139.127197,34.963051],[139.130798,34.95916],[139.134995,34.949711],[139.145493,34.94305],[139.149094,34.938881],[139.151596,34.923611],[139.150803,34.91777],[139.138596,34.87471],[139.112198,34.851101],[139.089096,34.845268],[139.085205,34.840549],[139.081894,34.834991],[139.079407,34.823051],[139.082703,34.808041],[139.077194,34.79472],[139.073303,34.789989],[139.067993,34.771381],[139.060806,34.761108],[139.046097,34.751942],[139.029404,34.74638],[139.019394,34.740551],[139.009705,34.73444],[139.001404,34.725552],[138.988602,34.701931],[138.983307,34.683601],[138.981598,34.666382],[138.988602,34.647221],[138.988007,34.64138],[138.982498,34.639431],[138.968002,34.64138],[138.963898,34.650829],[138.963593,34.656101],[138.958298,34.658329],[138.952805,34.656101],[138.943604,34.649158],[138.934097,34.637772],[138.911896,34.61916],[138.899399,34.617489],[138.885803,34.606655],[138.847504,34.592491],[138.833603,34.593609],[138.8255,34.5961],[138.815002,34.602779],[138.807495,34.60416],[138.800797,34.618046],[138.791397,34.624989],[138.783905,34.633049],[138.786407,34.642766],[138.7789,34.650829],[138.7733,34.664989],[138.768295,34.668598],[138.760498,34.671101],[138.753601,34.671379],[138.748596,34.674999],[138.744705,34.684429],[138.746597,34.71249],[138.750504,34.717491],[138.756699,34.718601],[138.763596,34.72916],[138.773895,34.73444],[138.777802,34.739159],[138.779404,34.74527],[138.778,34.750271],[138.765793,34.76194],[138.763901,34.771931],[138.767197,34.784439],[138.765305,34.794441],[138.764694,34.816101],[138.766403,34.82222],[138.772507,34.8325],[138.771103,34.837212],[138.758896,34.848881],[138.755798,34.858601],[138.757996,34.870541],[138.761093,34.877209],[138.775299,34.887211],[138.790802,34.89444],[138.791901,34.899158],[138.772797,34.929989],[138.766693,34.947208],[138.767197,34.953049],[138.772202,34.96471],[138.773605,34.976379],[138.780807,34.995541],[138.784698,35.000549],[138.799698,35.005829],[138.823898,35.009991],[138.844101,35.002491],[138.867493,35.00861],[138.893906,35.008888],[138.909103,35.02916],[138.907501,35.033878],[138.903595,35.038052],[138.896393,35.03944],[138.884399,35.04583],[138.865005,35.06554],[138.8461,35.080551],[138.816696,35.096378],[138.761093,35.11832],[138.744995,35.122761],[138.723297,35.125271],[138.710495,35.124439],[138.698303,35.121929],[138.644104,35.100552],[138.597702,35.09972],[138.579407,35.096939],[138.573898,35.094711],[138.564697,35.087769],[138.560806,35.082771],[138.551605,35.057499],[138.537994,35.046391],[138.508896,35.028332],[138.501099,35.0186],[138.492203,34.999718],[138.4908,34.98833],[138.497192,34.97971],[138.501099,34.98027],[138.506699,34.99332],[138.510498,34.998329],[138.515305,35.001389],[138.526596,35.004711],[138.534698,35.002491],[138.537506,34.998051],[138.537796,34.992767],[138.536102,34.986382],[138.5289,34.975819],[138.514999,34.965828],[138.478302,34.94833],[138.470505,34.942211],[138.459702,34.938042],[138.418304,34.92749],[138.408005,34.922489],[138.393906,34.912209],[138.371597,34.904709],[138.353897,34.889721],[138.3461,34.87999],[138.329697,34.851662],[138.330307,34.840271],[138.340805,34.822491],[138.343796,34.812771],[138.338898,34.800831],[138.325302,34.789989],[138.299103,34.755268],[138.294693,34.751385],[138.289993,34.748329],[138.278,34.745831],[138.261902,34.739429],[138.234695,34.717491],[138.224396,34.701099],[138.216095,34.681381],[138.2052,34.6661],[138.199097,34.653599],[138.1978,34.6311],[138.201401,34.6161],[138.206604,34.60722],[138.214096,34.599159],[138.230499,34.589432],[138.230499,34.584991],[138.2258,34.581936],[138.187698,34.58971],[138.139206,34.608601],[138.067505,34.62804],[138.037506,34.63805],[137.982498,34.65221],[137.961395,34.653599],[137.929092,34.651379],[137.864105,34.637211],[137.819702,34.63361],[137.799393,34.633881],[137.761703,34.640831],[137.758301,34.638889],[137.737701,34.643879],[137.723801,34.644711],[137.677994,34.653049],[137.636093,34.654991],[137.614105,34.662769],[137.5952,34.671661],[137.591293,34.66888],[137.573898,34.664989],[137.528595,34.66193],[137.498596,34.65638],[137.440796,34.652489],[137.384399,34.643608],[137.328003,34.637211],[137.209106,34.59972],[137.143295,34.575829],[137.125504,34.571941],[137.091293,34.57333],[137.078293,34.57222],[137.036102,34.564709],[137.029099,34.565269],[137.025803,34.568329],[137.023895,34.578331],[137.041107,34.59943],[137.061401,34.63221],[137.070007,34.639992],[137.082199,34.641941],[137.090195,34.639721],[137.098801,34.63221],[137.103302,34.622761],[137.115005,34.616661],[137.121094,34.61805],[137.130493,34.624161],[137.133896,34.636662],[137.141907,34.64555],[137.147202,34.64777],[137.183594,34.653881],[137.258896,34.684719],[137.293304,34.705551],[137.311401,34.708599],[137.333298,34.705551],[137.344696,34.70916],[137.349106,34.713051],[137.347504,34.72221],[137.342499,34.723598],[137.336594,34.72221],[137.329697,34.724991],[137.325302,34.72916],[137.325302,34.740269],[137.330002,34.75222],[137.327805,34.762211],[137.321396,34.77055],[137.289703,34.796391],[137.276901,34.801929],[137.265503,34.798611],[137.251602,34.78833],[137.244095,34.789715],[137.224106,34.79805],[137.211105,34.797218],[137.206406,34.794159],[137.198898,34.775551],[137.195297,34.77055],[137.174698,34.759991],[137.1539,34.768051],[137.141403,34.766109],[137.1147,34.766109],[137.094101,34.75555],[137.087708,34.755001],[137.080307,34.75639],[137.0672,34.762211],[137.060196,34.762501],[137.050293,34.757221],[137.029694,34.757771],[137.023895,34.76083],[137.006104,34.781109],[136.998306,34.799999],[136.988907,34.806938],[136.980499,34.831379],[136.978897,34.84721],[136.986404,34.905548],[136.985794,34.91082],[136.980301,34.919441],[136.975494,34.918598],[136.972702,34.91193],[136.964096,34.90416],[136.956604,34.87888],[136.936401,34.85722],[136.929398,34.846661],[136.924698,34.828049],[136.923004,34.810822],[136.916397,34.78027],[136.918594,34.770271],[136.923904,34.761379],[136.950302,34.733601],[136.967499,34.7075],[136.974106,34.68832],[136.973602,34.682499],[136.959702,34.683331],[136.928894,34.691662],[136.904694,34.70916],[136.889694,34.714161],[136.877701,34.720268],[136.863297,34.73082],[136.847504,34.746655],[136.848801,34.763889],[136.860504,34.788891],[136.867493,34.810551],[136.858902,34.82888],[136.850494,34.84222],[136.843002,34.849998],[136.829407,34.872219],[136.824707,34.886658],[136.822998,34.902489],[136.827499,34.932209],[136.831894,34.944988],[136.838303,34.956379],[136.850006,34.970268],[136.880493,34.997219],[136.888,35.006939],[136.887802,35.008331],[136.886703,35.0075],[136.886703,35.011669],[136.895004,35.019718],[136.901398,35.031109],[136.902496,35.04277],[136.900299,35.052769],[136.892807,35.054161],[136.889999,35.058601],[136.896896,35.06916],[136.897507,35.075001],[136.895798,35.07972],[136.889404,35.081379],[136.884705,35.078327],[136.877197,35.0686],[136.867706,35.061661],[136.863602,35.061939],[136.856598,35.07555],[136.852798,35.07972],[136.846893,35.078327],[136.838303,35.070271],[136.821396,35.064442],[136.816696,35.061378],[136.804398,35.048611],[136.776398,35.039162],[136.763,35.028049],[136.735504,35.017769],[136.713898,35.019989],[136.704697,35.012772],[136.697495,35.003052],[136.688293,34.996101],[136.677994,34.990547],[136.666702,34.986938],[136.6577,34.979988],[136.650803,34.96944],[136.641403,34.943321],[136.643005,34.93832],[136.651596,34.93082],[136.655502,34.915817],[136.646606,34.8736],[136.639694,34.85416],[136.616104,34.825825],[136.585007,34.799721],[136.551895,34.765831],[136.537201,34.74638],[136.530808,34.734989],[136.527206,34.71666],[136.519699,34.69833],[136.519394,34.69249],[136.521103,34.676659],[136.524399,34.666939],[136.544998,34.64222],[136.542999,34.630268],[136.535507,34.61166],[136.535706,34.601269],[136.550797,34.598049],[136.568604,34.588879],[136.607193,34.59193],[136.630203,34.587212],[136.641907,34.581108],[136.649704,34.573051],[136.6577,34.55999],[136.666397,34.55249],[136.679092,34.546661],[136.694702,34.543331],[136.708893,34.538052],[136.726593,34.528881],[136.764206,34.500271],[136.772202,34.498051],[136.801102,34.494709],[136.807205,34.491661],[136.809692,34.487209],[136.815796,34.484161],[136.820496,34.487209],[136.824097,34.492222],[136.8311,34.489429],[136.839706,34.482208],[136.858002,34.476379],[136.867706,34.46944],[136.870499,34.465],[136.870499,34.44305],[136.883896,34.431938],[136.890793,34.429161],[136.897797,34.428879],[136.913895,34.435551],[136.917496,34.43166],[136.9216,34.405548],[136.916397,34.381378],[136.913605,34.37471],[136.9077,34.373322],[136.888901,34.381939],[136.882996,34.380817],[136.876602,34.36916],[136.882706,34.355],[136.897202,34.351101],[136.902496,34.353321],[136.907196,34.352219],[136.904099,34.346378],[136.886093,34.332211],[136.883896,34.326939],[136.885498,34.321941],[136.891907,34.31361],[136.889999,34.301659],[136.891403,34.29694],[136.900803,34.284161],[136.902206,34.27916],[136.899094,34.266941],[136.895004,34.262772],[136.889404,34.260551],[136.882401,34.261108],[136.861893,34.251389],[136.852798,34.24416],[136.841095,34.241379],[136.827194,34.242222],[136.787994,34.251389],[136.774094,34.25666],[136.769394,34.260281],[136.768906,34.265549],[136.779404,34.269989],[136.813599,34.268879],[136.838303,34.259159],[136.842499,34.26305],[136.839706,34.26749],[136.832993,34.273048],[136.834702,34.276939],[136.846298,34.273048],[136.851105,34.2761],[136.854904,34.281109],[136.852203,34.285549],[136.851593,34.290829],[136.854904,34.303051],[136.848007,34.30582],[136.834396,34.30582],[136.812195,34.309719],[136.808304,34.30471],[136.8116,34.294998],[136.808899,34.28833],[136.802994,34.286942],[136.780502,34.299721],[136.774094,34.301659],[136.764999,34.294441],[136.761398,34.28944],[136.755005,34.289162],[136.732498,34.293049],[136.703293,34.28611],[136.696899,34.288052],[136.695496,34.298611],[136.698898,34.304161],[136.722198,34.320831],[136.726105,34.32555],[136.705505,34.339161],[136.699707,34.337769],[136.696106,34.33305],[136.690201,34.331669],[136.678299,34.333328],[136.670502,34.32444],[136.650803,34.312771],[136.651596,34.30888],[136.665802,34.308041],[136.669403,34.304161],[136.6689,34.298328],[136.650803,34.284161],[136.624695,34.272221],[136.607193,34.256939],[136.601898,34.254711],[136.594406,34.2561],[136.589706,34.259441],[136.579407,34.271931],[136.569702,34.274441],[136.564407,34.272221],[136.557999,34.25639],[136.553299,34.253052],[136.534103,34.267208],[136.521103,34.27055],[136.517502,34.265831],[136.518005,34.260551],[136.514999,34.248051],[136.5056,34.24194],[136.506393,34.23777],[136.511398,34.23444],[136.513,34.229431],[136.5047,34.221661],[136.485794,34.219151],[136.480499,34.221371],[136.4702,34.233601],[136.463303,34.234161],[136.456894,34.222488],[136.429993,34.212212],[136.419403,34.2061],[136.413605,34.204708],[136.402496,34.209991],[136.397202,34.207771],[136.389206,34.198879],[136.3797,34.19276],[136.373795,34.19138],[136.366898,34.191662],[136.353607,34.196098],[136.343796,34.189709],[136.339096,34.177765],[136.322205,34.172771],[136.303299,34.160271],[136.292496,34.144161],[136.290298,34.13221],[136.294693,34.123051],[136.298599,34.118881],[136.313004,34.115269],[136.316696,34.111111],[136.316895,34.100269],[136.312698,34.087212],[136.307495,34.084991],[136.294693,34.08416],[136.284698,34.078609],[136.277206,34.07999],[136.271393,34.08305],[136.262207,34.095829],[136.254395,34.103611],[136.248596,34.102219],[136.2444,34.098331],[136.241302,34.085819],[136.217499,34.070271],[136.217194,34.064442],[136.225296,34.06221],[136.238907,34.061661],[136.244995,34.058609],[136.250305,34.049728],[136.252808,34.039719],[136.256393,34.035549],[136.264999,34.028332],[136.276596,34.022221],[136.278595,34.017208],[136.271609,34.006664],[136.274399,34.002228],[136.272507,33.990269],[136.273895,33.98555],[136.277802,33.981667],[136.274704,33.969151],[136.265793,33.961941],[136.260498,33.959721],[136.253601,33.96027],[136.247986,33.962212],[136.242706,33.9711],[136.242203,33.976379],[136.226593,33.986382],[136.221298,33.984161],[136.200302,33.964161],[136.2061,33.961109],[136.219406,33.961109],[136.226303,33.958599],[136.235001,33.951099],[136.236603,33.946381],[136.233597,33.94054],[136.229401,33.936649],[136.223602,33.935261],[136.216599,33.935551],[136.210495,33.938599],[136.200302,33.934158],[136.199097,33.929161],[136.203293,33.919991],[136.201401,33.914711],[136.189697,33.91193],[136.182693,33.912209],[136.175278,33.913601],[136.166397,33.91972],[136.161102,33.9175],[136.149994,33.902771],[136.145798,33.889992],[136.121307,33.886108],[136.095795,33.863049],[136.083603,33.849998],[136.0728,33.83527],[136.063599,33.81805],[136.041107,33.755001],[136.023895,33.71777],[135.996094,33.685032],[135.983902,33.66415],[135.986099,33.653881],[135.983597,33.649441],[135.966095,33.645271],[135.9561,33.639992],[135.953293,33.61639],[135.945007,33.60833],[135.934692,33.59277],[135.934097,33.587212],[135.938293,33.584431],[135.939102,33.579159],[135.945005,33.576101],[135.951401,33.57666],[135.961395,33.582211],[135.9655,33.581669],[135.964096,33.57555],[135.928299,33.558041],[135.918594,33.541382],[135.909103,33.537498],[135.890793,33.52388],[135.868607,33.516659],[135.850296,33.503052],[135.839706,33.4986],[135.815002,33.495831],[135.794098,33.475552],[135.791107,33.469711],[135.789398,33.463612],[135.793594,33.448601],[135.792999,33.44305],[135.789398,33.438042],[135.783295,33.437489],[135.762802,33.42749],[135.757797,33.43111],[135.759399,33.43721],[135.771393,33.450272],[135.772202,33.45499],[135.766403,33.45805],[135.727997,33.465832],[135.715195,33.471371],[135.6866,33.474709],[135.662186,33.486382],[135.641907,33.49305],[135.608002,33.493881],[135.5858,33.49749],[135.576096,33.50444],[135.569107,33.507221],[135.531906,33.513329],[135.526093,33.516109],[135.512497,33.526939],[135.500793,33.533051],[135.457703,33.539989],[135.447998,33.54694],[135.4366,33.558601],[135.412201,33.570271],[135.399704,33.581379],[135.390305,33.60527],[135.389999,33.6161],[135.388306,33.621101],[135.378799,33.63361],[135.346298,33.647221],[135.340195,33.650269],[135.336578,33.65416],[135.3358,33.659431],[135.341095,33.661659],[135.342697,33.678051],[135.346603,33.683048],[135.352997,33.683601],[135.362503,33.676659],[135.3694,33.67638],[135.381104,33.679161],[135.393005,33.692211],[135.3983,33.694439],[135.399704,33.70055],[135.397995,33.705551],[135.382401,33.715271],[135.378586,33.71944],[135.3647,33.71999],[135.358902,33.723049],[135.351593,33.73138],[135.331604,33.739429],[135.325302,33.747768],[135.320297,33.751389],[135.298004,33.757221],[135.279999,33.766109],[135.257192,33.770549],[135.250793,33.769989],[135.243805,33.772491],[135.236389,33.78027],[135.227997,33.79361],[135.221102,33.796094],[135.222198,33.792221],[135.204407,33.801102],[135.186905,33.81583],[135.169998,33.836109],[135.155487,33.863331],[135.14299,33.87471],[135.136703,33.876381],[135.109695,33.876659],[135.071899,33.87249],[135.066101,33.873322],[135.063293,33.877769],[135.06189,33.888329],[135.072495,33.892769],[135.0858,33.893051],[135.088303,33.897491],[135.087494,33.902771],[135.079102,33.915821],[135.082199,33.921661],[135.101593,33.933601],[135.108307,33.941929],[135.103607,33.945541],[135.089706,33.946098],[135.084396,33.94833],[135.087189,33.960548],[135.08548,33.968319],[135.089996,33.972496],[135.092697,33.978039],[135.097504,33.98138],[135.109695,33.98333],[135.143005,33.994438],[135.147202,33.9986],[135.147995,34.009991],[135.151093,34.015839],[135.155808,34.018879],[135.163284,34.028049],[135.162201,34.03194],[135.129105,34.05666],[135.115204,34.061661],[135.095001,34.061661],[135.092194,34.066101],[135.107193,34.084721],[135.116882,34.101395],[135.1297,34.102489],[135.133301,34.107498],[135.129883,34.11694],[135.13298,34.122761],[135.186905,34.133057],[135.197205,34.13916],[135.197205,34.143608],[135.181396,34.153599],[135.167496,34.170269],[135.161407,34.173321],[135.146606,34.175545],[135.141693,34.179161],[135.139999,34.18388],[135.142807,34.196381],[135.140305,34.206379],[135.134705,34.215271],[135.112701,34.239159],[135.098007,34.249439],[135.067993,34.254169],[135.064102,34.258049],[135.071106,34.287769],[135.074707,34.29277],[135.113907,34.31694],[135.126099,34.31889],[135.132401,34.317211],[135.145004,34.319988],[135.170807,34.332211],[135.188293,34.336651],[135.203293,34.345268],[135.216095,34.346378],[135.227203,34.349998],[135.243805,34.3661],[135.271393,34.37582],[135.279694,34.384159],[135.295807,34.390831],[135.336899,34.432209],[135.357193,34.44305],[135.366898,34.450001],[135.379395,34.462212],[135.384995,34.474709],[135.389404,34.49332],[135.393005,34.498051],[135.406097,34.499161],[135.436401,34.525829],[135.451096,34.545269],[135.457306,34.560841],[135.458603,34.569721],[135.457703,34.575001],[135.454407,34.584721],[135.444397,34.602779],[135.453598,34.619991],[135.4552,34.626381],[135.454407,34.63166],[135.442993,34.64333],[135.432297,34.649429],[135.424393,34.65749],[135.421906,34.66777],[135.423599,34.673882],[135.422195,34.684429],[135.417892,34.69331],[135.411102,34.695271],[135.404694,34.694149],[135.395004,34.687771],[135.372696,34.689991],[135.361893,34.696381],[135.351593,34.70916],[135.340607,34.71592],[135.333603,34.718319],[135.315002,34.715832],[135.294296,34.703468],[135.261398,34.6936],[135.251099,34.68832],[135.226105,34.685261],[135.220505,34.68277],[135.217499,34.677219],[135.212204,34.674709],[135.194702,34.670551],[135.190506,34.666382],[135.192703,34.65638],[135.188599,34.65221],[135.170303,34.641109],[135.163605,34.640545],[135.153305,34.63583],[135.140793,34.633881],[135.120499,34.633881],[135.099106,34.62471],[135.063599,34.61694],[135.048904,34.618599],[135.014694,34.63166],[134.987701,34.63055],[134.9655,34.635269],[134.9272,34.658329],[134.906906,34.666382],[134.876907,34.692211],[134.810806,34.724991],[134.762497,34.75666],[134.708603,34.772491],[134.670807,34.778332],[134.651093,34.777489],[134.627701,34.77166],[134.608902,34.769161],[134.593002,34.762211],[134.586105,34.762501],[134.576096,34.756939],[134.570007,34.7575],[134.559998,34.764439],[134.552994,34.766941],[134.546097,34.767208],[134.539703,34.766659],[134.525299,34.757221],[134.518906,34.75639],[134.511398,34.757771],[134.499695,34.754711],[134.492996,34.75639],[134.490204,34.76083],[134.487503,34.78194],[134.481094,34.783611],[134.476303,34.78027],[134.473297,34.774441],[134.468002,34.7575],[134.461899,34.7561],[134.4561,34.759159],[134.445801,34.74332],[134.432205,34.732769],[134.424393,34.723881],[134.4133,34.71999],[134.406403,34.720268],[134.3983,34.722488],[134.3853,34.733601],[134.378799,34.733051],[134.357697,34.723598],[134.351593,34.723881],[134.352997,34.722759],[134.345795,34.715],[134.348694,34.71384],[134.353607,34.707211],[134.351593,34.701931],[134.338898,34.700829],[134.326904,34.697769],[134.305206,34.70388],[134.291901,34.70583],[134.284302,34.710049],[134.250305,34.715271],[134.227997,34.728039],[134.214706,34.727772],[134.211105,34.722759],[134.211899,34.717491],[134.218597,34.70916],[134.241898,34.70499],[134.270294,34.694988],[134.274994,34.691662],[134.270798,34.687489],[134.249405,34.689159],[134.235199,34.679722],[134.219406,34.662491],[134.213898,34.660271],[134.205795,34.651932],[134.195007,34.647221],[134.176895,34.643879],[134.160004,34.638599],[134.155807,34.634441],[134.160004,34.626099],[134.184402,34.630268],[134.190201,34.629429],[134.189407,34.62471],[134.160202,34.60722],[134.137207,34.590271],[134.116592,34.57999],[134.099106,34.57555],[134.093002,34.578609],[134.073898,34.57666],[134.068802,34.57999],[134.0672,34.584991],[134.059402,34.592491],[134.049393,34.59943],[134.037201,34.60527],[134.001907,34.607498],[133.989395,34.60527],[133.947495,34.586651],[133.929993,34.582211],[133.926895,34.576389],[133.927795,34.566669],[133.926407,34.562489],[133.927994,34.55777],[133.935806,34.549999],[133.942505,34.548328],[133.950806,34.55666],[133.957703,34.566669],[133.9702,34.57888],[133.980301,34.584431],[134.022797,34.59222],[134.036896,34.589432],[134.041901,34.586109],[134.046402,34.576939],[134.044693,34.564991],[134.038895,34.553322],[134.0289,34.547779],[134.016693,34.545551],[134.007797,34.53833],[134.005798,34.533051],[134.007996,34.517208],[134.001602,34.518597],[133.992706,34.525829],[133.987198,34.528049],[133.980804,34.527489],[133.971298,34.521099],[133.968796,34.514156],[133.968002,34.496941],[133.9655,34.490269],[133.949707,34.473049],[133.942993,34.454441],[133.932999,34.448879],[133.914993,34.445271],[133.899094,34.44833],[133.867203,34.461941],[133.851898,34.466381],[133.831604,34.466381],[133.826401,34.463879],[133.818604,34.45499],[133.816895,34.449711],[133.822205,34.435261],[133.819107,34.43166],[133.798904,34.431381],[133.793304,34.433601],[133.789398,34.437489],[133.780808,34.450272],[133.776093,34.476379],[133.769394,34.490269],[133.744995,34.500549],[133.7397,34.498329],[133.732697,34.4986],[133.722198,34.520828],[133.718308,34.51944],[133.703003,34.52166],[133.679092,34.516659],[133.667999,34.512772],[133.6353,34.48999],[133.604401,34.485271],[133.599701,34.48193],[133.597198,34.48193],[133.594696,34.477489],[133.586395,34.47221],[133.582993,34.467209],[133.574097,34.459721],[133.563599,34.45499],[133.551407,34.452221],[133.537201,34.45277],[133.524399,34.44138],[133.519104,34.438881],[133.489395,34.432209],[133.4814,34.42416],[133.4702,34.420269],[133.465195,34.423611],[133.4655,34.42944],[133.475494,34.43499],[133.485001,34.436939],[133.497192,34.449429],[133.511902,34.45805],[133.516403,34.463051],[133.522202,34.474709],[133.520294,34.479431],[133.512497,34.487209],[133.497696,34.490551],[133.492493,34.488331],[133.474396,34.47443],[133.456406,34.470829],[133.448303,34.472759],[133.442703,34.472271],[133.417999,34.46693],[133.4133,34.463612],[133.411896,34.4575],[133.414993,34.453049],[133.417496,34.44305],[133.414993,34.43055],[133.4039,34.41666],[133.390305,34.406101],[133.387497,34.393608],[133.375793,34.380268],[133.361893,34.36055],[133.357193,34.35722],[133.353607,34.356659],[133.337708,34.34222],[133.312698,34.328609],[133.301605,34.324711],[133.272797,34.317211],[133.267197,34.31916],[133.264404,34.323608],[133.263596,34.32888],[133.270294,34.33749],[133.291702,34.341099],[133.302795,34.34499],[133.311905,34.351391],[133.315506,34.35638],[133.316895,34.362499],[133.315002,34.367489],[133.301895,34.372761],[133.285797,34.382488],[133.262802,34.376377],[133.256104,34.377769],[133.253296,34.38221],[133.256393,34.38583],[133.262207,34.387211],[133.271896,34.393051],[133.274994,34.39888],[133.275299,34.40443],[133.272797,34.414707],[133.264694,34.422218],[133.256699,34.42416],[133.247192,34.422218],[133.238907,34.413879],[133.234695,34.40416],[133.235794,34.400269],[133.233902,34.382488],[133.230499,34.377491],[133.221603,34.369991],[133.218002,34.35722],[133.209396,34.34972],[133.203598,34.348331],[133.185196,34.349159],[133.181107,34.34499],[133.185806,34.335819],[133.197998,34.32999],[133.205002,34.321941],[133.207199,34.306099],[133.205002,34.299438],[133.199707,34.29694],[133.196594,34.293331],[133.196106,34.281658],[133.1866,34.275269],[133.179092,34.276379],[133.165298,34.286942],[133.160004,34.288891],[133.148895,34.285],[133.134399,34.2761],[133.118607,34.269161],[133.110001,34.261665],[133.095505,34.252781],[133.077805,34.24749],[133.070801,34.247768],[133.067993,34.251942],[133.069107,34.258331],[133.076401,34.2761],[133.0755,34.28138],[133.066406,34.293049],[133.064697,34.29805],[133.065796,34.304161],[133.074097,34.31805],[133.079407,34.320549],[133.086395,34.320271],[133.090805,34.317768],[133.095001,34.321941],[133.101303,34.340832],[133.104904,34.345539],[133.111893,34.345539],[133.117996,34.342491],[133.119995,34.337769],[133.114395,34.312771],[133.120804,34.30999],[133.132202,34.313049],[133.135803,34.31805],[133.139999,34.342491],[133.142807,34.348331],[133.147507,34.351662],[133.159698,34.353611],[133.160202,34.355],[133.164703,34.353321],[133.169998,34.355549],[133.1689,34.35944],[133.162994,34.358051],[133.154999,34.365829],[133.152496,34.37582],[133.146393,34.378597],[133.113602,34.37999],[133.090805,34.383327],[133.084396,34.382488],[133.079697,34.379162],[133.079407,34.3736],[133.085205,34.365002],[133.0858,34.353878],[133.074707,34.33971],[133.066101,34.3325],[133.046402,34.324169],[133.0289,34.319439],[133.000305,34.31694],[132.946106,34.32111],[132.901901,34.31554],[132.885498,34.309158],[132.872696,34.297489],[132.858902,34.287769],[132.852997,34.286381],[132.848602,34.288891],[132.836105,34.30555],[132.830002,34.308331],[132.8172,34.307209],[132.807495,34.30138],[132.804993,34.29694],[132.805801,34.29166],[132.804398,34.285549],[132.801605,34.27972],[132.797501,34.275551],[132.792206,34.273048],[132.780304,34.270828],[132.765793,34.272221],[132.761398,34.267208],[132.758606,34.261379],[132.7686,34.254711],[132.776398,34.247219],[132.777206,34.24194],[132.764999,34.231659],[132.721893,34.22665],[132.705505,34.220268],[132.693298,34.207771],[132.687698,34.206379],[132.675293,34.210548],[132.657196,34.198879],[132.632202,34.195271],[132.619995,34.201099],[132.608307,34.21249],[132.601898,34.214161],[132.5961,34.21249],[132.591904,34.208328],[132.585495,34.197491],[132.570496,34.18943],[132.557205,34.188881],[132.550797,34.19054],[132.546906,34.194149],[132.544998,34.199162],[132.549698,34.21027],[132.553604,34.214439],[132.564102,34.219151],[132.562698,34.22332],[132.557693,34.22665],[132.536697,34.233601],[132.523605,34.244709],[132.519104,34.26527],[132.500793,34.29055],[132.5,34.29583],[132.506393,34.30666],[132.507507,34.313049],[132.503906,34.322491],[132.507202,34.327492],[132.512497,34.32999],[132.525299,34.331379],[132.529999,34.334721],[132.529099,34.339989],[132.516403,34.35062],[132.500793,34.35527],[132.486893,34.355549],[132.476898,34.34972],[132.4608,34.343319],[132.455795,34.344707],[132.449097,34.352779],[132.4375,34.34972],[132.430496,34.34972],[132.424393,34.352489],[132.417496,34.360821],[132.412506,34.364159],[132.398605,34.364441],[132.367706,34.358601],[132.356598,34.35471],[132.336395,34.344151],[132.322495,34.33416],[132.3069,34.316669],[132.302795,34.314991],[132.287201,34.297489],[132.278,34.290829],[132.253601,34.26527],[132.227402,34.24305],[132.224106,34.238041],[132.224106,34.232208],[132.227798,34.222759],[132.233597,34.214161],[132.232605,34.19191],[132.241104,34.161098],[132.2397,34.14888],[132.233902,34.129162],[132.229706,34.125271],[132.221603,34.126942],[132.216095,34.125549],[132.211395,34.122219],[132.204407,34.112209],[132.2005,34.099998],[132.203598,34.07333],[132.201096,34.060823],[132.201599,34.051929],[132.214096,34.023609],[132.213303,33.990551],[132.196899,33.96471],[132.179092,33.951389],[132.167801,33.94833],[132.134201,33.944439],[132.128799,33.941929],[132.125504,33.928879],[132.131897,33.909439],[132.1353,33.888329],[132.141098,33.873878],[132.1539,33.85722],[132.158295,33.842491],[132.156601,33.836941],[132.143295,33.826389],[132.120804,33.81916],[132.112198,33.811661],[132.092697,33.80027],[132.070496,33.783051],[132.050507,33.772491],[132.033295,33.771381],[132.041397,33.789719],[132.053299,33.791939],[132.057495,33.801929],[132.068604,33.80582],[132.072189,33.816669],[132.069397,33.82666],[132.074707,33.829159],[132.091596,33.820272],[132.098007,33.820831],[132.106598,33.828339],[132.109085,33.852219],[132.103607,33.866661],[132.099701,33.870541],[132.0755,33.88166],[132.062698,33.892769],[132.048599,33.895271],[132.029694,33.893051],[132.014404,33.897221],[131.993301,33.909988],[131.972702,33.910549],[131.959702,33.927219],[131.942993,33.941929],[131.894699,33.96471],[131.873581,33.983051],[131.854706,33.996941],[131.848602,33.999722],[131.841599,34.0],[131.836594,33.99749],[131.831894,33.99416],[131.824402,33.984989],[131.820007,33.981659],[131.814102,33.979988],[131.810196,33.975819],[131.813293,33.971661],[131.824097,33.965549],[131.822495,33.959991],[131.801605,33.962769],[131.788605,33.960548],[131.778595,33.964439],[131.774399,33.968048],[131.773605,33.97332],[131.775787,33.98027],[131.807999,34.00333],[131.824402,34.010281],[131.826094,34.015833],[131.822998,34.019989],[131.798904,34.03138],[131.787186,34.043331],[131.779099,34.045269],[131.765305,34.045551],[131.7458,34.053599],[131.710205,34.04583],[131.7005,34.039989],[131.686096,34.041111],[131.673904,34.038891],[131.659393,34.02972],[131.653305,34.028881],[131.646103,34.03138],[131.639694,34.030548],[131.629898,34.024712],[131.621307,34.017208],[131.614395,34.01749],[131.609406,34.020828],[131.604706,34.02972],[131.600483,34.033612],[131.593597,34.033878],[131.588593,34.03138],[131.585007,34.026379],[131.583894,34.019995],[131.590805,34.01194],[131.595505,33.997219],[131.593307,33.990551],[131.586105,33.981098],[131.580307,33.97971],[131.573303,33.97971],[131.566101,33.98193],[131.561401,33.986111],[131.5616,33.99749],[131.557683,34.001384],[131.541702,33.994709],[131.535202,33.99416],[131.519699,33.996941],[131.513596,33.999722],[131.5056,34.007221],[131.500793,34.016392],[131.49379,34.024441],[131.479091,34.027769],[131.473801,34.025269],[131.470506,34.020274],[131.475296,34.00555],[131.472504,34.001659],[131.451599,34.00222],[131.446899,33.998878],[131.447205,33.994438],[131.454102,33.986389],[131.455002,33.981098],[131.453293,33.975552],[131.431396,33.977772],[131.424393,33.985821],[131.423599,33.9911],[131.420496,33.995264],[131.406906,33.98027],[131.402496,33.97694],[131.396088,33.976379],[131.3936,33.97971],[131.402496,33.99638],[131.4039,34.002781],[131.397507,34.033878],[131.394394,34.038052],[131.387207,34.040279],[131.383896,34.035271],[131.384705,34.024441],[131.381607,34.02055],[131.376099,34.019161],[131.371307,34.015831],[131.363007,33.998051],[131.348801,33.97887],[131.343308,33.95916],[131.335007,33.95166],[131.313599,33.94276],[131.296402,33.937771],[131.262207,33.918049],[131.254395,33.91888],[131.249405,33.922218],[131.245487,33.931936],[131.233597,33.92944],[131.227402,33.932209],[131.220505,33.940269],[131.2155,33.949429],[131.208603,33.949429],[131.201904,33.93943],[131.200806,33.933048],[131.195297,33.929989],[131.174698,33.930271],[131.164688,33.94249],[131.163895,33.953609],[131.168304,33.967209],[131.166397,33.971931],[131.162201,33.975552],[131.154099,33.977489],[131.147995,33.98027],[131.144104,33.984161],[131.131302,33.988331],[131.122498,33.99527],[131.108597,34.011379],[131.092194,34.020828],[131.059998,34.033878],[131.045502,34.034721],[131.033295,34.040279],[131.027496,34.038891],[131.024704,34.032768],[131.017502,34.023609],[131.003098,34.014439],[130.9991,34.010281],[130.993607,33.992771],[130.988297,33.98444],[130.980301,33.976101],[130.967499,33.965271],[130.931396,33.94804],[130.927505,33.943878],[130.919098,33.918331],[130.914703,33.914989],[130.908905,33.913319],[130.901077,33.91444],[130.883896,33.880726],[130.895493,33.879429],[130.913879,33.882496],[130.919098,33.884991],[130.92688,33.89333],[130.940186,33.913601],[130.948303,33.92194],[130.957993,33.927769],[130.967499,33.9436],[130.977798,33.948601],[130.996597,33.950829],[131.011398,33.947777],[131.014404,33.943321],[131.015305,33.938042],[131.014206,33.931938],[131.004196,33.916939],[131.002197,33.911381],[131.005203,33.901379],[131.003906,33.889431],[130.986603,33.884441],[130.982193,33.8811],[130.981094,33.874989],[130.975006,33.864159],[130.974701,33.852489],[130.978607,33.843048],[130.975296,33.82999],[130.963898,33.82666],[130.954102,33.820831],[130.954102,33.815269],[130.955795,33.810551],[130.963898,33.802769],[130.975296,33.79694],[130.979095,33.793049],[130.981903,33.783051],[130.985001,33.778599],[131.000305,33.774712],[131.001099,33.76944],[130.998795,33.762772],[130.998795,33.756939],[131.001907,33.75555],[131.008606,33.741661],[131.017807,33.734718],[131.022507,33.714161],[131.029099,33.694439],[131.046097,33.67416],[131.0672,33.655819],[131.076096,33.643051],[131.078903,33.633049],[131.087708,33.619991],[131.095795,33.612499],[131.110001,33.608051],[131.170807,33.608891],[131.200302,33.605831],[131.214096,33.595539],[131.238007,33.590832],[131.251602,33.590832],[131.2603,33.584431],[131.268005,33.57111],[131.276093,33.569439],[131.330795,33.569439],[131.351894,33.56249],[131.383606,33.566101],[131.411697,33.564991],[131.417999,33.56554],[131.423004,33.56805],[131.434998,33.580551],[131.446899,33.58305],[131.457504,33.5886],[131.479095,33.61694],[131.486588,33.635551],[131.498596,33.648048],[131.501907,33.653049],[131.503281,33.659161],[131.507797,33.662491],[131.520493,33.663879],[131.524384,33.668049],[131.555206,33.672771],[131.562195,33.672489],[131.574402,33.666939],[131.577805,33.66972],[131.579102,33.676102],[131.582993,33.680271],[131.589996,33.679989],[131.602997,33.674999],[131.6241,33.662209],[131.6436,33.663601],[131.656601,33.652771],[131.669693,33.647491],[131.679504,33.632801],[131.692703,33.624989],[131.709106,33.595829],[131.731903,33.572491],[131.739395,33.553322],[131.741302,33.54277],[131.740005,33.530819],[131.733307,33.51083],[131.729706,33.49194],[131.730301,33.46944],[131.728897,33.463329],[131.708893,33.42305],[131.701401,33.413879],[131.687698,33.403881],[131.680801,33.403881],[131.666901,33.4086],[131.6642,33.418598],[131.650299,33.41888],[131.634201,33.412491],[131.630203,33.408329],[131.628601,33.402771],[131.630493,33.398048],[131.641403,33.386108],[131.643005,33.37582],[131.638596,33.37249],[131.626907,33.36916],[131.613907,33.368599],[131.604095,33.36277],[131.588898,33.345268],[131.578003,33.340549],[131.566101,33.338329],[131.551407,33.34166],[131.522995,33.35527],[131.507996,33.34721],[131.500793,33.337769],[131.500504,33.320549],[131.510803,33.291382],[131.514404,33.27055],[131.519302,33.26128],[131.539398,33.25388],[131.578903,33.245541],[131.593307,33.244438],[131.687195,33.25639],[131.700806,33.2561],[131.708298,33.255268],[131.722504,33.250549],[131.751404,33.235821],[131.759399,33.234161],[131.807495,33.233051],[131.820801,33.233601],[131.832199,33.236938],[131.847504,33.24416],[131.861404,33.243881],[131.866898,33.245541],[131.870499,33.250549],[131.879898,33.25639],[131.8983,33.259159],[131.902802,33.256939],[131.902496,33.25111],[131.894699,33.232491],[131.881607,33.221931],[131.881302,33.21027],[131.879105,33.20583],[131.8694,33.200001],[131.867706,33.182209],[131.859406,33.174999],[131.853607,33.173321],[131.844696,33.16666],[131.836594,33.158329],[131.830505,33.139431],[131.817993,33.12804],[131.815201,33.122219],[131.815002,33.11639],[131.817993,33.111938],[131.825302,33.111111],[131.837494,33.113331],[131.852798,33.11055],[131.863907,33.112209],[131.871597,33.117771],[131.878006,33.118599],[131.892197,33.11721],[131.897995,33.118881],[131.902496,33.122219],[131.9086,33.119438],[131.911407,33.115002],[131.911102,33.10944],[131.9077,33.104439],[131.8983,33.098598],[131.886902,33.095539],[131.882706,33.091381],[131.876602,33.08028],[131.868301,33.073051],[131.869095,33.067768],[131.875,33.064991],[131.8983,33.070271],[131.905807,33.069439],[131.915802,33.062771],[131.918594,33.058331],[131.925003,33.056938],[131.930801,33.058601],[131.942505,33.081108],[131.949402,33.081108],[131.949997,33.069988],[131.956894,33.061939],[131.970795,33.059429],[131.976898,33.05666],[131.983597,33.056381],[131.988602,33.05888],[131.990204,33.070831],[131.992996,33.07666],[131.996902,33.08083],[132.002197,33.081108],[132.0056,33.078049],[132.007202,33.067501],[132.014999,33.054161],[132.014694,33.048328],[132.011902,33.0425],[131.993607,33.03944],[131.983307,33.034721],[131.977203,33.033878],[131.946594,33.038891],[131.935806,33.034721],[131.927994,33.026661],[131.916901,33.003052],[131.905502,32.989719],[131.899094,32.975269],[131.901093,32.970539],[131.906601,32.961941],[131.918594,32.956379],[131.926605,32.948601],[131.932495,32.94582],[131.963303,32.940269],[131.974106,32.944149],[131.979401,32.944439],[131.984406,32.941101],[131.991104,32.933048],[132.0056,32.939709],[132.011398,32.939159],[132.007996,32.926102],[132.011902,32.922489],[132.028305,32.928051],[132.036407,32.934158],[132.047806,32.93721],[132.062698,32.933048],[132.068802,32.929989],[132.071594,32.925831],[132.065201,32.91721],[132.059692,32.915539],[132.052795,32.918049],[132.045807,32.918049],[132.037201,32.910549],[132.032501,32.913879],[132.025497,32.91415],[132.008606,32.899158],[132.003601,32.896938],[131.997192,32.898331],[131.989105,32.905819],[131.985199,32.903881],[131.981598,32.89888],[131.981598,32.89333],[131.984406,32.888889],[131.9991,32.87833],[132.001099,32.8736],[131.999695,32.86721],[131.992493,32.858051],[131.977798,32.849998],[131.955505,32.832771],[131.952194,32.827492],[131.951401,32.822769],[131.965195,32.822491],[131.970001,32.81916],[131.976898,32.81889],[131.982193,32.821381],[131.989395,32.830551],[131.996307,32.830551],[132.003098,32.82222],[132.001907,32.816101],[131.9944,32.806938],[131.985504,32.80027],[131.974701,32.796391],[131.956604,32.783051],[131.951904,32.784161],[131.948898,32.788601],[131.943802,32.78611],[131.936401,32.776939],[131.927505,32.770271],[131.912994,32.77388],[131.897202,32.783329],[131.890305,32.785549],[131.883896,32.784721],[131.876602,32.775551],[131.874405,32.768879],[131.874405,32.73127],[131.872498,32.723881],[131.863602,32.717209],[131.860794,32.71138],[131.849396,32.69804],[131.853302,32.688599],[131.852997,32.68277],[131.849106,32.6786],[131.844101,32.676102],[131.825302,32.684158],[131.818802,32.683331],[131.768005,32.64888],[131.764206,32.644711],[131.763901,32.638889],[131.766693,32.62888],[131.766693,32.623051],[131.764404,32.61639],[131.739105,32.583881],[131.734695,32.580551],[131.723297,32.577492],[131.716095,32.578331],[131.703003,32.583599],[131.697495,32.58194],[131.695007,32.577492],[131.702805,32.564159],[131.696594,32.553322],[131.685501,32.539989],[131.683304,32.533051],[131.683899,32.516392],[131.6875,32.50666],[131.693802,32.505268],[131.704697,32.509441],[131.7108,32.509991],[131.7164,32.508049],[131.731903,32.487209],[131.730499,32.481098],[131.713898,32.466099],[131.704102,32.46027],[131.685501,32.45805],[131.676605,32.465271],[131.674698,32.46999],[131.654297,32.454441],[131.657501,32.45277],[131.660202,32.448601],[131.661407,32.443321],[131.660004,32.43111],[131.667801,32.41777],[131.649399,32.393879],[131.637802,32.39138],[131.632706,32.38916],[131.628601,32.384991],[131.625198,32.371929],[131.627197,32.36721],[131.627197,32.361382],[131.617203,32.346378],[131.615799,32.339989],[131.618607,32.32999],[131.617493,32.326099],[131.612198,32.323608],[131.604706,32.323879],[131.599106,32.317211],[131.596298,32.311378],[131.598007,32.300831],[131.593796,32.28722],[131.591095,32.28138],[131.578598,32.269711],[131.576096,32.263889],[131.577499,32.247768],[131.576401,32.241379],[131.557495,32.219711],[131.556107,32.201931],[131.5439,32.169991],[131.542801,32.158039],[131.538895,32.153881],[131.5327,32.153049],[131.528,32.149719],[131.541901,32.139431],[131.542801,32.134159],[131.528595,32.08749],[131.522995,32.07555],[131.519699,32.056938],[131.511398,32.03138],[131.511093,32.01416],[131.491592,31.99333],[131.485504,31.98222],[131.473801,31.969721],[131.469101,31.933331],[131.458603,31.919161],[131.456894,31.91361],[131.459702,31.90361],[131.456406,31.898609],[131.447205,31.89222],[131.446106,31.88583],[131.446899,31.880554],[131.456604,31.86833],[131.455505,31.86194],[131.448898,31.85194],[131.444107,31.839439],[131.446106,31.83444],[131.450806,31.83111],[131.470505,31.823891],[131.483307,31.807224],[131.491104,31.799721],[131.492706,31.79472],[131.4897,31.78194],[131.477402,31.76],[131.473007,31.734989],[131.462494,31.720831],[131.4599,31.712549],[131.459106,31.707769],[131.460007,31.702499],[131.462997,31.69833],[131.463593,31.68722],[131.4561,31.66888],[131.455505,31.64583],[131.447495,31.62805],[131.450302,31.61805],[131.446899,31.61305],[131.426102,31.60416],[131.417206,31.5975],[131.417999,31.58638],[131.412506,31.576941],[131.411407,31.570551],[131.403,31.56333],[131.391693,31.559999],[131.382996,31.553329],[131.383301,31.548889],[131.388,31.540001],[131.375793,31.520281],[131.378601,31.516109],[131.386703,31.51194],[131.392807,31.504169],[131.397507,31.495001],[131.397202,31.489441],[131.394104,31.484159],[131.375793,31.471939],[131.371902,31.459721],[131.372498,31.44305],[131.365005,31.42444],[131.362701,31.41194],[131.343308,31.391109],[131.343002,31.37389],[131.339096,31.36972],[131.328003,31.366659],[131.321106,31.368891],[131.319107,31.373611],[131.3228,31.384439],[131.315796,31.38666],[131.301605,31.387779],[131.273895,31.379721],[131.261398,31.37833],[131.253601,31.379999],[131.242706,31.38611],[131.241104,31.39666],[131.2444,31.40972],[131.241592,31.41972],[131.238602,31.423889],[131.223007,31.433331],[131.220001,31.4375],[131.213593,31.45722],[131.207703,31.459999],[131.200302,31.460831],[131.189697,31.45694],[131.182495,31.457769],[131.170502,31.463329],[131.135498,31.46777],[131.123795,31.465269],[131.103897,31.455549],[131.084702,31.454161],[131.068604,31.44833],[131.039398,31.422501],[131.034103,31.41083],[131.026901,31.40139],[131.024704,31.38916],[131.020004,31.376381],[131.000305,31.35638],[131.003098,31.35194],[131.008804,31.34927],[131.029999,31.343889],[131.050293,31.343611],[131.068298,31.33638],[131.084106,31.332781],[131.103897,31.32555],[131.111404,31.31805],[131.112503,31.312771],[131.109695,31.30694],[131.094406,31.290001],[131.091599,31.284161],[131.092499,31.278879],[131.095505,31.274719],[131.101898,31.273331],[131.113602,31.275551],[131.127197,31.273331],[131.131104,31.26944],[131.108902,31.252781],[131.079407,31.237221],[131.035507,31.22333],[131.025497,31.218611],[131.016693,31.211941],[130.996902,31.19166],[130.9944,31.185829],[130.991104,31.167219],[130.981903,31.15111],[130.952315,31.127832],[130.891556,30.821718],[130.768387,30.468088],[130.664825,30.345257],[130.661407,30.324717],[130.655,30.314718],[130.656906,30.309999],[130.656601,30.304155],[130.650299,30.294157],[130.649399,30.287777],[130.645493,30.283609],[130.634995,30.279436],[130.624405,30.266106],[130.610794,30.256937],[130.604401,30.246937],[130.600006,30.243607],[130.594406,30.24194],[130.580063,30.244328],[130.431152,30.066193],[130.249893,29.793844],[129.990738,29.448341],[129.699631,29.072815],[129.344467,28.552036],[129.042801,28.302845],[128.651505,27.850393],[128.391174,27.572012],[128.185745,27.294031],[127.946251,26.898853],[127.641891,26.545095],[127.196472,26.246737],[126.692345,25.961727],[126.053101,25.703802],[125.255348,25.502224],[124.573441,25.273027],[124.155632,25.120731],[123.791397,24.76329],[123.327629,24.5513],[122.65065,24.395624],[122.278748,24.184649],[121.6325,24.015001],[121.626602,23.996941],[121.611397,23.98333],[121.604401,23.96694],[121.602997,23.96027],[121.605598,23.94389],[121.596603,23.92972],[121.595497,23.92305],[121.596397,23.9],[121.592796,23.88805],[121.582802,23.86722],[121.569702,23.81694],[121.557999,23.790001],[121.556602,23.783331],[121.557999,23.758051],[121.555,23.753611],[121.550003,23.734989],[121.536903,23.701389],[121.535004,23.68222],[121.519997,23.65111],[121.513901,23.633881],[121.512199,23.620831],[121.513298,23.597771],[121.511398,23.578609],[121.496399,23.53055],[121.493896,23.51722],[121.498299,23.508051],[121.498901,23.490549],[121.4842,23.46777],[121.473297,23.40111],[121.453003,23.327221],[121.447998,23.316669],[121.438904,23.30361],[121.421097,23.284719],[121.414703,23.2675],[121.410004,23.24888],[121.404404,23.239161],[121.400803,23.227221],[121.392799,23.19166],[121.394997,23.18722],[121.400803,23.18611],[121.404991,23.189159],[121.410301,23.1875],[121.4105,23.18194],[121.408897,23.175831],[121.400299,23.16194],[121.396103,23.13555],[121.389999,23.126659],[121.387497,23.11305],[121.375298,23.095551],[121.3414,23.080549],[121.338303,23.076111],[121.336601,23.070271],[121.337502,23.058889],[121.336403,23.052219],[121.319199,23.023609],[121.316101,23.01083],[121.304398,22.984159],[121.294701,22.95499],[121.291702,22.95055],[121.282799,22.944441],[121.271896,22.933611],[121.259201,22.9],[121.25,22.895281],[121.238899,22.884439],[121.231102,22.86944],[121.223602,22.862499],[121.219399,22.85944],[121.199699,22.851391],[121.188904,22.840549],[121.185303,22.83],[121.188004,22.819719],[121.188599,22.8025],[121.186401,22.79722],[121.175797,22.785549],[121.172997,22.77277],[121.168098,22.762501],[121.144096,22.74333],[121.128899,22.72805],[121.127794,22.730267],[121.119102,22.72472],[121.108299,22.722219],[121.100304,22.71583],[121.079399,22.70916],[121.0728,22.701389],[121.061897,22.68222],[121.030296,22.65638],[121.016899,22.64027],[121.014397,22.634991],[121.006104,22.596109],[121.003098,22.59166],[120.992203,22.58083],[120.969704,22.568331],[120.962799,22.559719],[120.945297,22.5075],[120.938004,22.49194],[120.935799,22.478331],[120.932701,22.474159],[120.931702,22.455549],[120.928597,22.44277],[120.904701,22.390829],[120.888298,22.362221],[120.878601,22.341379],[120.8722,22.316669],[120.871399,22.291941],[120.873001,22.275],[120.881699,22.239161],[120.873901,22.21611],[120.871597,22.20388],[120.873299,22.186939],[120.881897,22.15111],[120.874397,22.121111],[120.875,22.115549],[120.877197,22.11083],[120.881104,22.1075],[120.884697,22.098049],[120.881897,22.078329],[120.877197,22.059719],[120.8778,22.054159],[120.882202,22.045],[120.8825,22.03944],[120.880302,22.034439],[120.871597,22.02861],[120.864998,22.02055],[120.858597,22.00444],[120.841698,21.99305],[120.834999,21.984989],[120.831902,21.972221],[120.833603,21.955549],[120.8433,21.92638],[120.844399,21.915001],[120.842874,21.909942],[120.935051,21.737431],[121.077461,21.381182],[122.100647,21.321096],[122.840256,21.447601],[124.073227,21.744841],[124.645172,21.748829],[125.154778,21.934895],[125.731544,22.166967],[126.398079,22.156776],[127.026779,22.283089],[127.87574,22.547909],[128.327087,22.74881],[129.118256,23.149347],[129.712219,23.502258],[130.3255,24.080416],[130.960678,24.507164],[131.673538,24.904135],[132.232483,25.328423],[132.672043,25.898489],[132.998062,26.567709],[133.30101,26.939787],[133.81871,27.44598],[134.290298,27.891562],[134.82016,28.409519],[135.180374,28.835945],[135.822586,29.151337],[136.688263,29.815914],[137.316299,30.101343],[137.786148,30.426117],[138.598526,30.80076],[139.039474,31.081322],[139.538101,31.433901],[140.111282,31.70266],[140.846268,32.314316],[141.504288,32.921917],[141.871918,33.253899],[142.19458,33.611916],[142.844467,34.00597],[143.293381,34.518448],[143.649628,34.805492],[144.057861,35.176323],[144.562119,35.604176],[144.919846,35.94426],[145.195221,36.171738],[145.562576,36.538166],[145.761505,36.830246],[145.901581,37.254959],[145.963745,37.554016],[145.874695,38.034607],[145.77063,38.551712],[145.815796,39.004864],[145.943222,39.313801],[146.123184,39.689613],[146.232834,39.93026],[146.197388,40.203766],[146.10231,40.59103],[146.057693,40.719131],[146.022659,40.776043],[145.490814,40.760548],[144.601013,40.852772],[143.900269,41.106438],[143.634949,41.415443],[143.405746,41.673447],[143.248266,41.92885]],[[134.505798,33.683048],[134.425003,33.64138],[134.419693,33.63916],[134.406601,33.638889],[134.396103,33.634159],[134.382706,33.6236],[134.375,33.614719],[134.379898,33.611382],[134.382401,33.601101],[134.3797,33.5886],[134.368805,33.573879],[134.356598,33.561661],[134.351303,33.559429],[134.339996,33.556381],[134.320297,33.55555],[134.316895,33.550541],[134.319397,33.54055],[134.317505,33.535271],[134.300293,33.524158],[134.292801,33.514999],[134.267807,33.480549],[134.2556,33.45805],[134.248306,33.44833],[134.228607,33.39555],[134.216095,33.373322],[134.204102,33.33971],[134.201401,33.327492],[134.197998,33.303322],[134.195801,33.263329],[134.192993,33.250832],[134.187698,33.238331],[134.182693,33.239429],[134.173294,33.24638],[134.151093,33.269989],[134.140305,33.276379],[134.117493,33.280548],[134.112701,33.284161],[134.106903,33.29277],[134.1008,33.30666],[134.075302,33.32333],[134.060806,33.339161],[134.043304,33.353882],[134.038879,33.379711],[134.035202,33.389431],[134.026596,33.39666],[133.973007,33.42305],[133.963303,33.429722],[133.951584,33.44138],[133.937698,33.463051],[133.929993,33.470829],[133.919098,33.477211],[133.905197,33.482208],[133.8741,33.490551],[133.846603,33.491379],[133.831604,33.49361],[133.819702,33.499722],[133.812195,33.500832],[133.7789,33.500271],[133.763901,33.504711],[133.757202,33.512772],[133.751404,33.515831],[133.743805,33.516941],[133.716904,33.516941],[133.698303,33.51416],[133.657501,33.514721],[133.609695,33.505268],[133.598801,33.501389],[133.588593,33.496941],[133.579102,33.490269],[133.572205,33.48027],[133.557999,33.46999],[133.526901,33.45583],[133.503906,33.449711],[133.472198,33.436378],[133.449707,33.429722],[133.451599,33.424709],[133.455505,33.42083],[133.456406,33.415539],[133.455002,33.409431],[133.446899,33.4011],[133.435806,33.397221],[133.429398,33.39666],[133.409393,33.386379],[133.394394,33.388599],[133.384705,33.383049],[133.379395,33.384991],[133.365494,33.385269],[133.353607,33.383331],[133.348297,33.380821],[133.344101,33.376659],[133.333893,33.351662],[133.324997,33.34444],[133.321396,33.3461],[133.320496,33.351391],[133.323303,33.363609],[133.319382,33.367489],[133.312698,33.36916],[133.286896,33.367489],[133.278305,33.359989],[133.2733,33.347488],[133.270493,33.334991],[133.251099,33.323879],[133.247498,33.31889],[133.252197,33.309719],[133.253098,33.30444],[133.248001,33.285271],[133.248795,33.279991],[133.262497,33.26944],[133.265503,33.264999],[133.268005,33.255001],[133.264404,33.242222],[133.259201,33.239719],[133.255798,33.234718],[133.255203,33.22332],[133.253296,33.21777],[133.245193,33.209721],[133.241592,33.196659],[133.220505,33.178051],[133.217499,33.17194],[133.228607,33.14888],[133.227203,33.142769],[133.223297,33.138599],[133.217194,33.13805],[133.207504,33.150539],[133.201599,33.1511],[133.195801,33.149719],[133.173599,33.132488],[133.162796,33.118599],[133.145294,33.083599],[133.121597,33.06805],[133.114105,33.059158],[133.110199,33.047031],[133.109406,33.02972],[133.106903,33.017208],[133.102203,33.013889],[133.0961,33.013329],[133.060806,33.024158],[133.053894,33.024158],[133.042496,33.021099],[133.028595,33.011379],[133.013901,32.99332],[133.009201,32.97971],[133.006104,32.95583],[133.011703,32.901661],[133.011398,32.889992],[133.008896,32.877491],[133.000793,32.859161],[132.991104,32.853611],[132.962997,32.84499],[132.962204,32.840271],[132.9655,32.824711],[132.964096,32.812771],[132.967499,32.799721],[132.973007,32.791111],[132.980804,32.783329],[133.007507,32.76749],[133.025497,32.742222],[133.027802,32.726379],[133.022995,32.707211],[133.006393,32.70166],[132.9944,32.711941],[132.9814,32.71138],[132.975296,32.714161],[132.969696,32.722759],[132.968308,32.73333],[132.964401,32.74305],[132.9422,32.766659],[132.927505,32.770828],[132.905197,32.774158],[132.892807,32.77277],[132.888,32.76944],[132.879395,32.751942],[132.875504,32.755829],[132.871307,32.77055],[132.865799,32.772491],[132.851105,32.764721],[132.829407,32.746658],[132.819702,32.740829],[132.802994,32.73555],[132.772202,32.74361],[132.757996,32.744709],[132.752197,32.747768],[132.7444,32.755268],[132.727997,32.775829],[132.715195,32.781109],[132.702805,32.77972],[132.682205,32.770271],[132.663895,32.767208],[132.652496,32.754169],[132.641693,32.75],[132.636902,32.753609],[132.638306,32.765549],[132.634705,32.77499],[132.636902,32.77943],[132.641403,32.782768],[132.648605,32.798611],[132.651596,32.810268],[132.659698,32.818329],[132.661407,32.823879],[132.659698,32.828609],[132.661407,32.833881],[132.6819,32.853611],[132.704102,32.870831],[132.711594,32.87999],[132.716095,32.89333],[132.7164,32.904991],[132.711594,32.908329],[132.696106,32.9011],[132.684097,32.90694],[132.680801,32.90416],[132.658905,32.9086],[132.645004,32.908329],[132.616394,32.900539],[132.603302,32.89999],[132.598297,32.90332],[132.592697,32.91193],[132.589996,32.92194],[132.584396,32.93055],[132.579407,32.93388],[132.571396,32.935822],[132.565201,32.935261],[132.559998,32.93277],[132.567993,32.92083],[132.564102,32.91666],[132.549698,32.919991],[132.536896,32.93082],[132.529999,32.93111],[132.525497,32.927769],[132.525299,32.922218],[132.522995,32.9175],[132.513596,32.910271],[132.514999,32.90638],[132.5327,32.89777],[132.5336,32.89249],[132.528595,32.89027],[132.516403,32.88805],[132.508896,32.888889],[132.485504,32.893879],[132.480499,32.897221],[132.478302,32.918598],[132.480301,32.92416],[132.483307,32.927769],[132.494705,32.92638],[132.496597,32.931938],[132.495804,32.93721],[132.486099,32.949429],[132.485199,32.954708],[132.486603,32.961109],[132.490005,32.966099],[132.504196,32.974991],[132.506699,32.981659],[132.501099,32.996101],[132.497192,32.997768],[132.492493,32.994438],[132.487198,32.99638],[132.484695,33.00639],[132.486404,33.024158],[132.484406,33.028881],[132.479904,33.03138],[132.464096,33.02499],[132.456604,33.0261],[132.430496,33.036659],[132.415802,33.040829],[132.416107,33.042221],[132.417206,33.04092],[132.417496,33.04388],[132.4216,33.04805],[132.427505,33.049721],[132.440002,33.051102],[132.467194,33.05027],[132.478897,33.0536],[132.483307,33.05666],[132.4814,33.061661],[132.476593,33.064991],[132.469696,33.064991],[132.464096,33.06694],[132.463303,33.07222],[132.470795,33.081379],[132.4711,33.087212],[132.463303,33.100552],[132.458603,33.103882],[132.4505,33.105831],[132.450302,33.110279],[132.468597,33.113331],[132.481598,33.113609],[132.487503,33.115269],[132.490204,33.121101],[132.488602,33.12582],[132.484406,33.129711],[132.469696,33.13166],[132.450806,33.129711],[132.444397,33.1311],[132.440506,33.134991],[132.4375,33.139431],[132.4366,33.151932],[132.445297,33.159431],[132.451904,33.159161],[132.457703,33.16082],[132.447495,33.1661],[132.439697,33.173611],[132.430801,33.186649],[132.423004,33.188599],[132.410202,33.18721],[132.404495,33.182159],[132.405502,33.178051],[132.410507,33.174709],[132.412506,33.169991],[132.411102,33.163601],[132.404694,33.163052],[132.398895,33.165821],[132.396103,33.170269],[132.396103,33.175831],[132.399704,33.18082],[132.404694,33.183331],[132.4077,33.186939],[132.412796,33.18943],[132.419098,33.189991],[132.435196,33.186378],[132.448898,33.1861],[132.474701,33.16972],[132.482193,33.168598],[132.487701,33.170269],[132.497192,33.17749],[132.506897,33.193321],[132.511902,33.19582],[132.518295,33.206661],[132.521896,33.225269],[132.534698,33.244709],[132.496902,33.25444],[132.486893,33.249722],[132.483307,33.244438],[132.477402,33.24527],[132.476593,33.250549],[132.482498,33.272491],[132.488297,33.27972],[132.497498,33.28611],[132.509995,33.287498],[132.514694,33.290829],[132.515305,33.29583],[132.512497,33.299999],[132.495193,33.295551],[132.483307,33.301102],[132.477203,33.300541],[132.467194,33.29472],[132.440201,33.296661],[132.428299,33.294441],[132.423904,33.291382],[132.410507,33.290829],[132.396606,33.30138],[132.382202,33.30471],[132.378296,33.308331],[132.373596,33.317501],[132.3741,33.322491],[132.378296,33.32666],[132.38858,33.331379],[132.406906,33.334431],[132.410202,33.339432],[132.411896,33.351391],[132.417801,33.368881],[132.403305,33.359718],[132.397797,33.35833],[132.385483,33.36388],[132.382996,33.368881],[132.383301,33.37471],[132.388901,33.386379],[132.391693,33.402489],[132.404099,33.413879],[132.404404,33.41972],[132.390793,33.423611],[132.392502,33.427769],[132.396393,33.431938],[132.412796,33.438881],[132.417206,33.442211],[132.414993,33.445541],[132.39299,33.447769],[132.379105,33.458328],[132.372498,33.466381],[132.360992,33.469082],[132.355804,33.46666],[132.355804,33.460819],[132.352203,33.44804],[132.349106,33.448601],[132.344406,33.457771],[132.337997,33.457211],[132.333298,33.45388],[132.331604,33.44833],[132.316895,33.4561],[132.305206,33.453049],[132.286697,33.44083],[132.275497,33.43111],[132.258896,33.425549],[132.180298,33.390831],[132.167206,33.380268],[132.160004,33.371101],[132.150803,33.354439],[132.127396,33.348881],[132.113602,33.349159],[132.106598,33.351662],[132.105804,33.356941],[132.1091,33.361938],[132.110001,33.366661],[132.106903,33.371101],[132.102402,33.3736],[132.066696,33.356659],[132.044998,33.338329],[132.027206,33.334431],[132.020294,33.334721],[132.015793,33.337212],[132.017197,33.343319],[132.021606,33.346661],[132.033096,33.34972],[132.053604,33.35944],[132.075806,33.376942],[132.086395,33.38166],[132.0952,33.388329],[132.115204,33.39888],[132.1297,33.39777],[132.1577,33.40416],[132.154999,33.408329],[132.147995,33.41082],[132.148895,33.415821],[132.152786,33.41972],[132.158295,33.421379],[132.1716,33.41972],[132.182693,33.423882],[132.184097,33.427769],[132.188583,33.43111],[132.2005,33.433331],[132.209702,33.439991],[132.223007,33.43832],[132.231583,33.445541],[132.246094,33.444439],[132.251404,33.44249],[132.256104,33.44582],[132.261703,33.4575],[132.269104,33.46666],[132.279404,33.471371],[132.325302,33.483879],[132.3461,33.49361],[132.37468,33.512211],[132.390305,33.51944],[132.417801,33.539162],[132.425797,33.547489],[132.439407,33.567501],[132.463593,33.59222],[132.481903,33.60527],[132.501907,33.615829],[132.563599,33.635551],[132.635498,33.669991],[132.644104,33.67749],[132.650787,33.687489],[132.666397,33.704708],[132.690002,33.740551],[132.695801,33.75222],[132.698303,33.764721],[132.696899,33.781109],[132.699707,33.804989],[132.7061,33.836109],[132.711395,33.846661],[132.704697,33.86055],[132.7061,33.87249],[132.712479,33.883331],[132.724686,33.885551],[132.739105,33.884159],[132.749985,33.888329],[132.758881,33.89555],[132.7686,33.921661],[132.774994,33.95277],[132.774994,33.981098],[132.777206,33.98777],[132.785507,33.996101],[132.799103,34.005829],[132.810806,34.008896],[132.846603,34.026379],[132.879684,34.048328],[132.883606,34.05249],[132.894104,34.057209],[132.901596,34.056389],[132.913895,34.058609],[132.921387,34.067505],[132.923904,34.07999],[132.923004,34.08749],[132.919693,34.095539],[132.9133,34.09721],[132.900299,34.095829],[132.895493,34.099159],[132.894699,34.104439],[132.899094,34.107769],[132.912506,34.108055],[132.923599,34.112213],[132.934677,34.126106],[132.938904,34.12582],[132.945496,34.117771],[132.957504,34.108337],[132.976105,34.106941],[132.983902,34.099167],[133.001404,34.07333],[133.007996,34.059429],[133.016693,34.046391],[133.036102,34.02721],[133.044693,34.01416],[133.054398,33.996101],[133.0616,33.97694],[133.064697,33.95583],[133.086594,33.943329],[133.103302,33.928329],[133.113297,33.921661],[133.119095,33.918598],[133.142499,33.912492],[133.168304,33.91415],[133.197983,33.920837],[133.208893,33.924709],[133.246094,33.940544],[133.250488,33.943878],[133.256897,33.954708],[133.261703,33.968056],[133.266098,33.965549],[133.268906,33.961109],[133.273895,33.962212],[133.308594,33.98138],[133.319382,33.985271],[133.323898,33.982769],[133.328598,33.973881],[133.348801,33.984169],[133.354095,33.984169],[133.352997,33.973598],[133.360504,33.972496],[133.374391,33.97221],[133.4039,33.978874],[133.416702,33.979988],[133.472702,33.967209],[133.487198,33.965836],[133.510803,33.960819],[133.524094,33.961388],[133.539703,33.968319],[133.548584,33.975819],[133.557678,33.992489],[133.597504,34.035],[133.609695,34.03722],[133.623001,34.047779],[133.630203,34.05777],[133.644104,34.102219],[133.641907,34.11805],[133.646393,34.14249],[133.647202,34.15971],[133.645004,34.175545],[133.637802,34.194988],[133.624695,34.2061],[133.611893,34.21138],[133.5952,34.226379],[133.580002,34.23082],[133.570007,34.237499],[133.562195,34.24527],[133.560196,34.25444],[133.630203,34.23082],[133.644699,34.229431],[133.656403,34.232491],[133.662201,34.22971],[133.658905,34.218048],[133.665497,34.216381],[133.671906,34.217209],[133.743301,34.254169],[133.750305,34.26416],[133.754196,34.27721],[133.768005,34.276661],[133.777206,34.283051],[133.780808,34.288052],[133.797806,34.293331],[133.828903,34.308331],[133.835205,34.30888],[133.851303,34.315269],[133.877197,34.32777],[133.8853,34.336109],[133.891403,34.347771],[133.893906,34.359989],[133.897507,34.365002],[133.902802,34.367489],[133.916702,34.36694],[133.931396,34.375549],[133.937195,34.374989],[133.948593,34.369991],[133.961594,34.368881],[133.963303,34.364159],[133.968308,34.360821],[133.974701,34.359161],[133.980804,34.36055],[133.986099,34.358601],[133.990005,34.35471],[134.006393,34.348598],[134.013901,34.347488],[134.046402,34.34972],[134.080505,34.336651],[134.084702,34.340832],[134.091293,34.359718],[134.098007,34.37027],[134.106094,34.36832],[134.115494,34.355831],[134.121094,34.355831],[134.123795,34.36166],[134.128799,34.385269],[134.134201,34.387501],[134.149399,34.385269],[134.160202,34.37888],[134.162994,34.37471],[134.156906,34.338329],[134.158295,34.32777],[134.1633,34.32444],[134.169098,34.321381],[134.183899,34.319988],[134.194397,34.334721],[134.207199,34.336109],[134.211899,34.339161],[134.212997,34.349998],[134.216904,34.352489],[134.223602,34.34444],[134.235504,34.3386],[134.242996,34.337212],[134.255203,34.339432],[134.261703,34.337769],[134.266693,34.334431],[134.267807,34.330551],[134.267197,34.31889],[134.2603,34.299438],[134.259399,34.288052],[134.319107,34.26527],[134.336594,34.250549],[134.349701,34.24527],[134.3647,34.242771],[134.382202,34.247219],[134.396606,34.24361],[134.399704,34.239159],[134.399399,34.233601],[134.403305,34.22971],[134.409393,34.23027],[134.4142,34.2211],[134.426605,34.209991],[134.4655,34.200272],[134.478302,34.201389],[134.515793,34.217491],[134.529099,34.21777],[134.551895,34.214161],[134.564697,34.215549],[134.579102,34.224159],[134.595001,34.231098],[134.613007,34.234718],[134.615204,34.231098],[134.615005,34.225269],[134.595001,34.204159],[134.6008,34.201099],[134.618805,34.204708],[134.623596,34.207771],[134.627197,34.212769],[134.627396,34.218601],[134.637497,34.224159],[134.647995,34.2286],[134.653305,34.22665],[134.654694,34.222759],[134.645004,34.2061],[134.637802,34.1861],[134.632202,34.18388],[134.609695,34.18721],[134.608307,34.183331],[134.634995,34.166939],[134.638901,34.163052],[134.638596,34.15749],[134.632401,34.145828],[134.617203,34.13805],[134.6147,34.131378],[134.619705,34.1161],[134.6194,34.110279],[134.608308,34.08777],[134.6091,34.0825],[134.601898,34.05582],[134.591599,34.029991],[134.592194,34.024719],[134.599701,34.023319],[134.6008,33.990269],[134.602402,33.98555],[134.6064,33.981667],[134.611404,33.978321],[134.617706,33.976654],[134.633606,33.983604],[134.638901,33.983604],[134.645798,33.981098],[134.650497,33.977772],[134.659103,33.96471],[134.674393,33.949162],[134.692993,33.93499],[134.699402,33.920837],[134.700302,33.90443],[134.695801,33.89249],[134.6922,33.887501],[134.683304,33.880268],[134.656601,33.869709],[134.650299,33.858891],[134.645004,33.83971],[134.649704,33.83638],[134.697205,33.846107],[134.712204,33.843887],[134.714996,33.839432],[134.710205,33.83638],[134.693298,33.831108],[134.685196,33.823051],[134.691696,33.821388],[134.718781,33.82111],[134.747192,33.829159],[134.753098,33.826099],[134.751404,33.820831],[134.742493,33.81361],[134.731903,33.80888],[134.670303,33.78944],[134.654999,33.781658],[134.626602,33.773609],[134.613907,33.762211],[134.592697,33.753052],[134.588593,33.748878],[134.5858,33.736382],[134.582504,33.731659],[134.569107,33.73138],[134.557999,33.727489],[134.553299,33.72443],[134.548004,33.711941],[134.5439,33.707771],[134.519394,33.6936],[134.505798,33.683048]],[[139.748001,33.141941],[139.764404,33.147491],[139.780304,33.142769],[139.804092,33.1161],[139.824997,33.109161],[139.851898,33.107769],[139.859695,33.10527],[139.864105,33.101662],[139.871902,33.088329],[139.872192,33.08305],[139.870193,33.076939],[139.862701,33.067211],[139.848297,33.058331],[139.843002,33.046391],[139.841599,33.035],[139.835495,33.034721],[139.823303,33.041382],[139.792999,33.04916],[139.781891,33.056099],[139.779099,33.060551],[139.777206,33.076099],[139.77359,33.08028],[139.753906,33.094151],[139.746597,33.102489],[139.742706,33.11166],[139.7397,33.126659],[139.740204,33.132488],[139.748001,33.141941]],[[132.380204,33.882212],[132.381607,33.859989],[132.379105,33.853321],[132.370804,33.8461],[132.370499,33.840271],[132.3647,33.8386],[132.358597,33.84166],[132.355804,33.845829],[132.348801,33.8461],[132.338593,33.841099],[132.333603,33.84444],[132.331604,33.849159],[132.332993,33.861382],[132.329391,33.870831],[132.325302,33.87471],[132.3172,33.876659],[132.303299,33.876942],[132.291397,33.882488],[132.286896,33.879162],[132.283905,33.873322],[132.281602,33.866664],[132.282501,33.861382],[132.278595,33.85722],[132.255798,33.862499],[132.235504,33.862209],[132.229904,33.86055],[132.221298,33.853321],[132.215195,33.853882],[132.208603,33.867771],[132.196899,33.879162],[132.191101,33.887772],[132.184402,33.90749],[132.188599,33.919441],[132.188904,33.93111],[132.191299,33.937771],[132.195801,33.941109],[132.20279,33.940831],[132.212997,33.945549],[132.227402,33.944439],[132.246094,33.947491],[132.257202,33.94138],[132.271393,33.939991],[132.2836,33.94249],[132.287994,33.939991],[132.297501,33.921661],[132.3022,33.91777],[132.309402,33.915272],[132.318298,33.908329],[132.321106,33.898056],[132.326096,33.894711],[132.332494,33.893332],[132.337708,33.895832],[132.341599,33.89999],[132.358597,33.90527],[132.362503,33.909439],[132.367706,33.91193],[132.398895,33.916389],[132.417191,33.93943],[132.423004,33.941109],[132.433899,33.93499],[132.4422,33.933048],[132.460007,33.936939],[132.466904,33.936649],[132.4608,33.92944],[132.4478,33.918598],[132.442505,33.906101],[132.433899,33.898609],[132.4272,33.896702],[132.402206,33.898048],[132.389999,33.895828],[132.384995,33.89333],[132.381302,33.888329],[132.380204,33.882212]],[[134.751099,34.3661],[134.766693,34.384159],[134.772507,34.395828],[134.800003,34.438599],[134.816696,34.454708],[134.821899,34.45694],[134.834702,34.458328],[134.844101,34.464439],[134.848297,34.468601],[134.875,34.511669],[134.895493,34.52166],[134.9077,34.523609],[134.923904,34.530548],[134.933304,34.536942],[134.973297,34.57999],[134.982697,34.58638],[135.004807,34.594742],[135.010803,34.595268],[135.018005,34.59277],[135.027496,34.58028],[135.026398,34.563049],[135.0233,34.557209],[135.019699,34.552219],[135.0056,34.54277],[135.002502,34.53688],[135.003098,34.533878],[134.989105,34.50444],[134.973297,34.487209],[134.951599,34.468048],[134.9366,34.449162],[134.919998,34.433048],[134.909103,34.418049],[134.901596,34.398048],[134.8936,34.366661],[134.895004,34.356098],[134.897797,34.351662],[134.911407,34.340832],[134.9142,34.336651],[134.917206,34.32111],[134.9216,34.311939],[134.946106,34.288891],[134.951401,34.28027],[134.953293,34.275551],[134.951599,34.269161],[134.948593,34.263329],[134.944397,34.259441],[134.934998,34.253052],[134.908295,34.242489],[134.873596,34.232208],[134.851898,34.223881],[134.842499,34.217491],[134.826401,34.200272],[134.816406,34.194988],[134.790298,34.193321],[134.762207,34.184429],[134.755203,34.184715],[134.748306,34.18721],[134.737503,34.1936],[134.719101,34.213612],[134.725494,34.23333],[134.726303,34.244709],[134.7202,34.247768],[134.707504,34.236382],[134.694107,34.236111],[134.686905,34.238594],[134.675293,34.235821],[134.672501,34.23999],[134.675003,34.246658],[134.661896,34.268879],[134.660507,34.27943],[134.666901,34.29694],[134.678299,34.310822],[134.688293,34.31638],[134.7005,34.318329],[134.7155,34.316101],[134.727203,34.31889],[134.739105,34.33416],[134.751099,34.3661]],[[134.269394,34.42638],[134.261703,34.41721],[134.251099,34.412487],[134.244705,34.41193],[134.2397,34.415539],[134.246307,34.426102],[134.246094,34.43055],[134.243301,34.434986],[134.243607,34.44083],[134.249695,34.452221],[134.251099,34.458599],[134.250305,34.463879],[134.220505,34.467491],[134.206604,34.472488],[134.199707,34.472759],[134.193802,34.471371],[134.184998,34.463879],[134.175003,34.458328],[134.167999,34.458599],[134.1642,34.46249],[134.162201,34.467491],[134.162796,34.473049],[134.173294,34.485821],[134.172806,34.4911],[134.167999,34.500271],[134.169403,34.50639],[134.173004,34.511379],[134.1772,34.513329],[134.192703,34.509991],[134.206894,34.50972],[134.236603,34.516109],[134.252502,34.523048],[134.270493,34.53833],[134.280808,34.543049],[134.3022,34.537769],[134.308304,34.53833],[134.323898,34.546101],[134.335495,34.54916],[134.361099,34.55138],[134.368607,34.55027],[134.366592,34.544998],[134.361893,34.541939],[134.362198,34.537498],[134.371307,34.519161],[134.371597,34.512409],[134.367996,34.500271],[134.370804,34.495831],[134.370193,34.48999],[134.362701,34.481098],[134.363907,34.46471],[134.354706,34.447208],[134.347702,34.4286],[134.338303,34.441101],[134.330795,34.44249],[134.305801,34.439159],[134.301895,34.44305],[134.304398,34.447491],[134.322998,34.450272],[134.327805,34.45332],[134.331406,34.458328],[134.330505,34.463612],[134.324707,34.466381],[134.311401,34.466099],[134.294098,34.460819],[134.275299,34.438042],[134.269394,34.42638]],[[130.872498,30.363047],[130.870804,30.367769],[130.869095,30.389721],[130.862503,30.403606],[130.861603,30.40889],[130.863007,30.438049],[130.8694,30.469721],[130.877396,30.477221],[130.882996,30.47888],[130.889999,30.48805],[130.892197,30.495001],[130.904099,30.50666],[130.909393,30.51833],[130.931107,30.545],[130.936905,30.55611],[130.947205,30.570271],[130.9552,30.595831],[130.948593,30.615549],[130.9478,30.626381],[130.956406,30.64333],[130.956406,30.64888],[130.954697,30.65361],[130.942993,30.67083],[130.942993,30.676661],[130.945297,30.683331],[130.9561,30.696659],[130.968597,30.71777],[130.984406,30.734159],[131.003906,30.764441],[131.008301,30.78944],[131.015305,30.798611],[131.023605,30.80611],[131.039703,30.83111],[131.053604,30.840269],[131.065201,30.834721],[131.071899,30.826683],[131.074997,30.81805],[131.084702,30.805834],[131.085495,30.80055],[131.078003,30.76833],[131.082703,30.74777],[131.075302,30.72916],[131.076904,30.70722],[131.074402,30.689159],[131.069107,30.677219],[131.057205,30.66555],[131.0569,30.659719],[131.060806,30.65027],[131.060806,30.64444],[131.048904,30.62277],[131.044693,30.603609],[131.037201,30.584999],[131.033905,30.58],[131.017807,30.565001],[131.012497,30.548889],[131.003296,30.543051],[130.985001,30.51111],[130.978607,30.48527],[130.979706,30.48],[130.976898,30.474159],[130.976898,30.46833],[130.978897,30.463606],[130.975494,30.45055],[130.976105,30.428049],[130.97081,30.418608],[130.969696,30.41222],[130.971298,30.407499],[130.969696,30.390551],[130.959702,30.385546],[130.953598,30.384991],[130.937698,30.37916],[130.929993,30.370827],[130.919098,30.367496],[130.906097,30.354719],[130.898895,30.353609],[130.885498,30.355829],[130.879105,30.355],[130.872498,30.363047]],[[129.6689,28.48222],[129.6642,28.496941],[129.6642,28.502781],[129.667801,28.506941],[129.684692,28.508892],[129.689407,28.500004],[129.689407,28.496384],[129.690506,28.497721],[129.704407,28.478613],[129.704407,28.473049],[129.701905,28.467222],[129.703003,28.461941],[129.7155,28.451111],[129.718307,28.44138],[129.717194,28.429159],[129.707703,28.42416],[129.694702,28.42444],[129.662796,28.40416],[129.649704,28.40416],[129.634201,28.398331],[129.621597,28.397499],[129.619095,28.39389],[129.617996,28.387501],[129.614395,28.383329],[129.584396,28.370001],[129.570007,28.35305],[129.561401,28.336941],[129.552994,28.33028],[129.550003,28.325279],[129.535507,28.31778],[129.527802,28.309999],[129.525299,28.304159],[129.511902,28.295],[129.501907,28.290831],[129.498001,28.286381],[129.488602,28.281389],[129.475006,28.282221],[129.470505,28.28611],[129.457993,28.291109],[129.452805,28.28944],[129.448898,28.285271],[129.447205,28.27833],[129.449997,28.27417],[129.448898,28.268049],[129.445801,28.262779],[129.438599,28.25444],[129.422501,28.249439],[129.421402,28.24555],[129.432999,28.234159],[129.451096,28.226664],[129.4655,28.21138],[129.447495,28.19972],[129.444397,28.194441],[129.434692,28.18944],[129.424103,28.18611],[129.411102,28.18611],[129.406403,28.183611],[129.403305,28.17861],[129.407196,28.169165],[129.406097,28.162769],[129.397797,28.15555],[129.391098,28.15555],[129.368301,28.166109],[129.361099,28.166941],[129.355804,28.16527],[129.352798,28.160271],[129.364105,28.154989],[129.376602,28.138613],[129.378601,28.133884],[129.377396,28.127489],[129.380493,28.117769],[129.375504,28.115271],[129.368607,28.11611],[129.363907,28.11916],[129.361099,28.123329],[129.344696,28.137779],[129.310501,28.15444],[129.301102,28.16083],[129.296097,28.16972],[129.283905,28.174721],[129.279999,28.178329],[129.2789,28.189444],[129.281601,28.20805],[129.280807,28.213329],[129.274094,28.221109],[129.267502,28.22333],[129.262207,28.221661],[129.252197,28.20722],[129.246307,28.206381],[129.231094,28.22138],[129.202805,28.22444],[129.190201,28.22361],[129.182693,28.225269],[129.179703,28.229719],[129.169403,28.23555],[129.1577,28.234989],[129.153,28.243891],[129.1436,28.250271],[129.143005,28.254721],[129.155502,28.25555],[129.166702,28.258333],[129.173294,28.258333],[129.179993,28.256113],[129.190002,28.260281],[129.196594,28.260281],[129.217697,28.254173],[129.230499,28.254173],[129.245804,28.24527],[129.258896,28.24527],[129.267502,28.25194],[129.274704,28.260559],[129.284103,28.265551],[129.290298,28.275551],[129.286407,28.27944],[129.262497,28.278049],[129.240799,28.281389],[129.236893,28.290831],[129.229095,28.29833],[129.229095,28.30389],[129.25,28.311661],[129.256699,28.320829],[129.266907,28.325283],[129.294098,28.332781],[129.3116,28.345551],[129.3228,28.348049],[129.326599,28.352224],[129.331894,28.363052],[129.337997,28.36388],[129.345505,28.356665],[129.351303,28.353889],[129.358597,28.353054],[129.363907,28.354719],[129.367996,28.358049],[129.371307,28.37027],[129.376297,28.37277],[129.386902,28.36694],[129.400299,28.362503],[129.404999,28.365],[129.408005,28.370001],[129.406097,28.38055],[129.409698,28.384724],[129.414398,28.387224],[129.421402,28.384991],[129.438599,28.388611],[129.456894,28.390274],[129.461105,28.39361],[129.472702,28.414721],[129.476898,28.40638],[129.480804,28.402773],[129.4944,28.401939],[129.505005,28.390274],[129.511093,28.388889],[129.515305,28.392494],[129.517807,28.398335],[129.518906,28.410271],[129.526093,28.418613],[129.5383,28.438885],[129.574997,28.461664],[129.586899,28.461109],[129.606094,28.471109],[129.621597,28.47694],[129.618302,28.465002],[129.620193,28.454439],[129.619095,28.44833],[129.610199,28.442221],[129.607193,28.43722],[129.608002,28.431942],[129.612701,28.428881],[129.619995,28.428049],[129.633301,28.43722],[129.644104,28.43277],[129.652496,28.43944],[129.653595,28.451393],[129.662506,28.465269],[129.6689,28.48222]],[[128.933594,27.9011],[128.941696,27.90638],[128.947495,27.907503],[128.953598,27.906115],[128.958298,27.902773],[128.964996,27.889164],[128.963303,27.865274],[128.965195,27.86055],[128.970001,27.8575],[128.968002,27.844999],[128.9758,27.820551],[128.978897,27.816114],[129.009201,27.79166],[129.019699,27.78583],[129.029999,27.774441],[129.028595,27.76889],[129.021393,27.760559],[129.0233,27.75],[129.009201,27.733049],[129.006699,27.727221],[128.993607,27.71805],[128.985504,27.701111],[128.970795,27.694441],[128.962494,27.6875],[128.955795,27.678329],[128.951096,27.675831],[128.944702,27.67555],[128.938004,27.677771],[128.934097,27.68166],[128.920807,27.685829],[128.916901,27.68944],[128.915298,27.69416],[128.921097,27.704439],[128.921097,27.709999],[128.919098,27.71472],[128.910507,27.721661],[128.897202,27.72583],[128.892502,27.72916],[128.884995,27.73638],[128.882996,27.7411],[128.882996,27.746944],[128.894699,27.758053],[128.896606,27.764721],[128.886093,27.78194],[128.884995,27.78722],[128.886902,27.79389],[128.886902,27.805269],[128.880203,27.82472],[128.885498,27.862225],[128.890305,27.881941],[128.896896,27.891109],[128.898895,27.89777],[128.918594,27.897224],[128.933594,27.9011]],[[128.184998,26.770554],[128.191299,26.780001],[128.210007,26.790279],[128.229904,26.80805],[128.239395,26.82333],[128.243607,26.835831],[128.247192,26.84],[128.251907,26.85194],[128.252808,26.86944],[128.256393,26.880831],[128.261703,26.87916],[128.268295,26.871115],[128.277802,26.865],[128.292801,26.84972],[128.300293,26.848049],[128.309998,26.84166],[128.316696,26.828054],[128.329102,26.811939],[128.332993,26.79694],[128.328903,26.784439],[128.335495,26.764999],[128.333893,26.758329],[128.328003,26.748051],[128.315506,26.73805],[128.309097,26.728609],[128.307495,26.72194],[128.308594,26.705271],[128.306595,26.70083],[128.302505,26.69722],[128.287796,26.69055],[128.283905,26.686939],[128.275497,26.67111],[128.271393,26.658331],[128.259201,26.657499],[128.2556,26.64389],[128.252808,26.638889],[128.240204,26.628611],[128.230499,26.624439],[128.195496,26.618891],[128.182693,26.618891],[128.161407,26.621941],[128.145004,26.60833],[128.142807,26.602221],[128.142807,26.59083],[128.138306,26.588329],[128.131897,26.588329],[128.129395,26.5825],[128.129395,26.57666],[128.146606,26.56889],[128.145798,26.5625],[128.139694,26.5525],[128.131104,26.546391],[128.125793,26.54472],[128.113007,26.54472],[128.103897,26.53944],[128.098007,26.53861],[128.070801,26.540831],[128.055801,26.54389],[128.050003,26.543051],[128.042999,26.534439],[128.040802,26.51722],[128.036697,26.513889],[128.005203,26.49416],[127.985497,26.476101],[127.973602,26.473049],[127.968903,26.47027],[127.946404,26.46583],[127.943298,26.460831],[127.946404,26.451113],[127.944397,26.44416],[127.932503,26.443331],[127.911102,26.446381],[127.887802,26.44277],[127.874698,26.446658],[127.863602,26.44416],[127.849701,26.43638],[127.841698,26.42944],[127.837997,26.42527],[127.8358,26.419439],[127.836601,26.41416],[127.840599,26.410549],[127.862198,26.399719],[127.870003,26.39249],[127.871902,26.387779],[127.871902,26.381941],[127.867798,26.36944],[127.871597,26.360001],[127.888,26.33444],[127.913597,26.314159],[127.916702,26.309999],[127.915298,26.30472],[127.900803,26.297779],[127.880798,26.309719],[127.874199,26.311939],[127.861099,26.321659],[127.840796,26.323049],[127.836098,26.320551],[127.828598,26.312771],[127.818901,26.308611],[127.818298,26.29805],[127.815498,26.29277],[127.803902,26.28167],[127.797501,26.26333],[127.792801,26.260559],[127.7864,26.25139],[127.7855,26.245001],[127.778603,26.23666],[127.775002,26.225269],[127.7658,26.210831],[127.766701,26.20583],[127.764198,26.196381],[127.769997,26.188049],[127.773003,26.178049],[127.798302,26.18416],[127.8069,26.190269],[127.813301,26.190269],[127.818001,26.18722],[127.818298,26.181391],[127.811898,26.172221],[127.813904,26.161659],[127.813011,26.15555],[127.803902,26.15027],[127.793297,26.137501],[127.787506,26.127489],[127.7761,26.11639],[127.7714,26.11388],[127.764999,26.11388],[127.753899,26.118891],[127.734703,26.10944],[127.731697,26.104441],[127.731903,26.09305],[127.7286,26.08861],[127.719399,26.083611],[127.702499,26.08],[127.695,26.08139],[127.677803,26.078609],[127.664696,26.082781],[127.652794,26.083054],[127.651695,26.088329],[127.659996,26.104443],[127.654999,26.118891],[127.655502,26.130831],[127.657997,26.13666],[127.6558,26.147221],[127.648003,26.16],[127.639191,26.18388],[127.633598,26.192221],[127.631401,26.202499],[127.634392,26.207769],[127.639999,26.208611],[127.653297,26.204439],[127.659698,26.204439],[127.663597,26.20805],[127.671898,26.23111],[127.67939,26.23888],[127.6847,26.240549],[127.687202,26.24638],[127.686897,26.25222],[127.695,26.25889],[127.696892,26.265831],[127.700294,26.27],[127.719704,26.268051],[127.724197,26.27055],[127.725494,26.272499],[127.724403,26.277769],[127.726601,26.283609],[127.726601,26.295],[127.728897,26.300831],[127.736397,26.29944],[127.743889,26.30694],[127.7444,26.311939],[127.736603,26.330549],[127.733299,26.35194],[127.723602,26.36944],[127.725304,26.381941],[127.722198,26.40333],[127.718002,26.412769],[127.716103,26.42861],[127.716904,26.434992],[127.7211,26.43611],[127.740799,26.435551],[127.77079,26.43861],[127.781899,26.44138],[127.795303,26.44055],[127.800499,26.44249],[127.810799,26.455271],[127.824203,26.463614],[127.827202,26.468882],[127.828903,26.47555],[127.828903,26.48138],[127.826897,26.48583],[127.8283,26.491381],[127.840591,26.492491],[127.855598,26.498329],[127.878601,26.50222],[127.889198,26.50555],[127.929199,26.531393],[127.940292,26.53389],[127.9589,26.544439],[127.961097,26.550272],[127.9589,26.55916],[127.961601,26.56444],[127.965797,26.56778],[127.966698,26.57972],[127.9636,26.583891],[127.9561,26.58555],[127.948303,26.59861],[127.943596,26.601659],[127.912498,26.600269],[127.901894,26.60611],[127.887802,26.60972],[127.878304,26.615829],[127.876404,26.62055],[127.87719,26.62694],[127.886101,26.65139],[127.886902,26.657499],[127.883904,26.6675],[127.874199,26.67944],[127.874199,26.68499],[127.8769,26.690273],[127.881401,26.691383],[127.888901,26.689989],[127.9011,26.69083],[127.914703,26.688053],[127.926903,26.689163],[127.943298,26.69416],[127.961899,26.695271],[127.982201,26.684441],[127.993896,26.68416],[127.996902,26.68],[127.998001,26.674999],[127.9869,26.66305],[127.984398,26.65694],[127.985497,26.646111],[127.990501,26.63722],[128.023895,26.631109],[128.044098,26.638889],[128.067505,26.64249],[128.083603,26.656111],[128.093597,26.660549],[128.104706,26.66305],[128.1064,26.66972],[128.104401,26.67444],[128.100494,26.678049],[128.100494,26.68388],[128.105103,26.695419],[128.1147,26.70083],[128.123306,26.71611],[128.127396,26.71944],[128.140305,26.719723],[128.149704,26.72472],[128.156906,26.740271],[128.156601,26.7575],[128.161896,26.759163],[128.168594,26.756945],[128.173904,26.75889],[128.184998,26.770554]],[[125.2733,24.721109],[125.261101,24.72555],[125.257202,24.72916],[125.252197,24.73777],[125.253098,24.743891],[125.259399,24.752501],[125.261703,24.75861],[125.256104,24.77861],[125.259399,24.790001],[125.272202,24.80805],[125.275497,24.83333],[125.2789,24.8375],[125.282501,24.850269],[125.281403,24.855551],[125.269997,24.86611],[125.261902,24.87888],[125.263298,24.884159],[125.269402,24.884439],[125.281403,24.875271],[125.2864,24.86639],[125.292198,24.86194],[125.2994,24.84861],[125.314697,24.828051],[125.323601,24.809441],[125.341904,24.791389],[125.351601,24.77944],[125.3564,24.776661],[125.363899,24.77528],[125.388306,24.776939],[125.402496,24.775],[125.4217,24.762779],[125.445,24.753611],[125.451103,24.739719],[125.448303,24.73444],[125.444397,24.73111],[125.397797,24.733601],[125.392197,24.732491],[125.378601,24.72444],[125.360008,24.723881],[125.3508,24.718611],[125.345299,24.717489],[125.300797,24.71666],[125.2733,24.721109]],[[124.271698,24.51194],[124.270798,24.528879],[124.273903,24.533331],[124.278603,24.53611],[124.284103,24.55472],[124.287201,24.558889],[124.30439,24.570551],[124.309097,24.581671],[124.317497,24.588051],[124.324402,24.5875],[124.329201,24.58444],[124.330597,24.57361],[124.327499,24.555269],[124.324203,24.550831],[124.3069,24.53944],[124.296097,24.528049],[124.293297,24.52277],[124.291397,24.50972],[124.288605,24.504721],[124.277802,24.49333],[124.275002,24.48805],[124.273903,24.47583],[124.261703,24.4575],[124.253601,24.4175],[124.253304,24.39389],[124.251701,24.38694],[124.246399,24.376659],[124.239403,24.351391],[124.229698,24.338329],[124.219101,24.33527],[124.188606,24.33305],[124.179199,24.328329],[124.167198,24.327221],[124.1539,24.329439],[124.125504,24.341379],[124.121902,24.344999],[124.120499,24.35],[124.1194,24.35527],[124.120796,24.36194],[124.123596,24.36722],[124.132202,24.372499],[124.138901,24.381109],[124.136398,24.384439],[124.131897,24.385269],[124.127998,24.388611],[124.125504,24.39888],[124.126404,24.40527],[124.123001,24.415001],[124.117203,24.417219],[124.094711,24.41305],[124.087502,24.41416],[124.077797,24.419991],[124.075798,24.424721],[124.076401,24.43083],[124.078903,24.43611],[124.100502,24.439989],[124.105003,24.44277],[124.1092,24.454439],[124.113602,24.45722],[124.121902,24.471939],[124.127998,24.470831],[124.130798,24.46694],[124.136101,24.45805],[124.1408,24.437771],[124.1455,24.434719],[124.1511,24.434441],[124.1605,24.439159],[124.166702,24.43944],[124.188904,24.435551],[124.215302,24.443331],[124.219101,24.446939],[124.218597,24.45833],[124.222504,24.46166],[124.226097,24.479441],[124.235001,24.48472],[124.246101,24.496111],[124.257797,24.49749],[124.263901,24.49638],[124.271698,24.51194]],[[123.834999,24.392771],[123.8564,24.38833],[123.880501,24.379999],[123.902199,24.376659],[123.921898,24.371111],[123.930496,24.364719],[123.936699,24.356661],[123.936409,24.35194],[123.926697,24.33889],[123.9272,24.327499],[123.925301,24.321381],[123.913002,24.311661],[123.901909,24.283609],[123.897499,24.28083],[123.891701,24.27972],[123.884399,24.281111],[123.879997,24.27833],[123.878304,24.25972],[123.870796,24.252501],[123.865501,24.25083],[123.858299,24.25194],[123.843002,24.260281],[123.8228,24.26527],[123.775002,24.26861],[123.750504,24.27722],[123.735805,24.27972],[123.7183,24.27722],[123.708298,24.273331],[123.695801,24.272497],[123.685493,24.278049],[123.668098,24.290831],[123.662201,24.298889],[123.660004,24.303329],[123.663597,24.30555],[123.669403,24.30444],[123.675301,24.30555],[123.678902,24.316111],[123.685005,24.316669],[123.690804,24.314159],[123.696404,24.315269],[123.698303,24.32111],[123.702797,24.323891],[123.709702,24.32361],[123.725502,24.31583],[123.733002,24.31444],[123.7425,24.31916],[123.744102,24.323891],[123.742798,24.33444],[123.744698,24.340549],[123.753098,24.346939],[123.75309,24.35861],[123.748596,24.37361],[123.750504,24.37944],[123.750801,24.39138],[123.755302,24.394159],[123.761398,24.39444],[123.765297,24.39805],[123.764397,24.409161],[123.771103,24.418051],[123.784401,24.41555],[123.798599,24.395],[123.810501,24.390551],[123.821899,24.393049],[123.834999,24.392771]]]}}
