{"type":"Feature","properties":{"ALL_Uniq":274125,"name":"Iceland","Area_Geode":100693.652419,"Plate":"North America"},"geometry":{"type":"Polygon","coordinates":[[[-16.196014,66.537867],[-16.206936,66.529165],[-16.20516,66.517241],[-16.215803,66.506899],[-16.224981,66.502863],[-16.242386,66.501768],[-16.250338,66.508898],[-16.243622,66.510893],[-16.241306,66.508017],[-16.242392,66.513525],[-16.253494,66.51383],[-16.25787,66.510473],[-16.250139,66.507322],[-16.251001,66.503172],[-16.260902,66.499537],[-16.253958,66.495363],[-16.268969,66.490183],[-16.302685,66.489611],[-16.311899,66.485323],[-16.331318,66.486425],[-16.336323,66.488409],[-16.334492,66.491274],[-16.337929,66.494062],[-16.337027,66.498201],[-16.35051,66.500456],[-16.359932,66.508444],[-16.388697,66.513876],[-16.394316,66.509012],[-16.394316,66.504442],[-16.409353,66.505205],[-16.414419,66.500738],[-16.41193,66.498297],[-16.426926,66.498537],[-16.432274,66.504545],[-16.424824,66.511381],[-16.438141,66.519011],[-16.480955,66.5133],[-16.473066,66.508162],[-16.477558,66.505266],[-16.493959,66.510649],[-16.51222,66.506544],[-16.505636,66.506777],[-16.495924,66.493486],[-16.508484,66.490915],[-16.504009,66.482168],[-16.505993,66.477816],[-16.512022,66.481131],[-16.509396,66.482798],[-16.510519,66.486326],[-16.517685,66.48707],[-16.513443,66.489264],[-16.521772,66.490217],[-16.511021,66.494844],[-16.517977,66.498873],[-16.508682,66.49964],[-16.509186,66.502474],[-16.538273,66.508753],[-16.545954,66.50815],[-16.544991,66.504587],[-16.549026,66.500242],[-16.564032,66.490648],[-16.563877,66.485922],[-16.570709,66.483942],[-16.570478,66.479456],[-16.544497,66.467508],[-16.539566,66.461607],[-16.542459,66.454931],[-16.536617,66.453871],[-16.541624,66.451864],[-16.54055,66.449556],[-16.526966,66.445086],[-16.517366,66.43144],[-16.499466,66.417326],[-16.508284,66.413649],[-16.527403,66.413721],[-16.522377,66.410326],[-16.522997,66.405867],[-16.511089,66.401472],[-16.511467,66.395105],[-16.506453,66.392214],[-16.507544,66.387274],[-16.517944,66.380884],[-16.504814,66.37678],[-16.511202,66.361216],[-16.507412,66.35253],[-16.488426,66.346724],[-16.486921,66.339872],[-16.479547,66.337004],[-16.48019,66.332571],[-16.474346,66.326246],[-16.474634,66.318953],[-16.477779,66.315897],[-16.46769,66.314096],[-16.471312,66.308428],[-16.468645,66.305662],[-16.453123,66.304949],[-16.450365,66.30261],[-16.452389,66.30023],[-16.435045,66.294111],[-16.441074,66.285944],[-16.417276,66.277395],[-16.420277,66.267603],[-16.429848,66.261179],[-16.426361,66.24544],[-16.429361,66.238554],[-16.448864,66.22584],[-16.468655,66.2195],[-16.467808,66.216429],[-16.463356,66.216265],[-16.465797,66.208097],[-16.476969,66.203897],[-16.504723,66.18231],[-16.487368,66.169222],[-16.463902,66.157537],[-16.454052,66.148523],[-16.447733,66.147024],[-16.436111,66.13323],[-16.443823,66.125711],[-16.439058,66.116396],[-16.443014,66.115122],[-16.43989,66.11482],[-16.465645,66.105795],[-16.471327,66.099806],[-16.468433,66.097963],[-16.472973,66.096617],[-16.472567,66.093515],[-16.482561,66.092234],[-16.487751,66.096899],[-16.479002,66.099485],[-16.478052,66.107401],[-16.472054,66.112013],[-16.465902,66.109396],[-16.443913,66.116209],[-16.448177,66.12454],[-16.439598,66.131819],[-16.474474,66.159437],[-16.512255,66.182222],[-16.511457,66.185026],[-16.496746,66.190592],[-16.49824,66.193968],[-16.532265,66.183489],[-16.5425,66.183111],[-16.537477,66.181234],[-16.538939,66.179186],[-16.545443,66.178446],[-16.541723,66.18051],[-16.544857,66.182604],[-16.554296,66.176237],[-16.577782,66.174261],[-16.564697,66.172617],[-16.564541,66.16194],[-16.595861,66.165697],[-16.621445,66.160437],[-16.613001,66.165659],[-16.60516,66.164927],[-16.602482,66.168669],[-16.61812,66.166193],[-16.619562,66.162756],[-16.62842,66.162786],[-16.621233,66.164537],[-16.624048,66.165422],[-16.639633,66.161615],[-16.637127,66.160814],[-16.640003,66.159052],[-16.63554,66.157469],[-16.646202,66.15484],[-16.648905,66.148348],[-16.640692,66.142183],[-16.644583,66.141623],[-16.643223,66.139853],[-16.651316,66.142038],[-16.64819,66.15661],[-16.654819,66.158392],[-16.658361,66.15774],[-16.654654,66.156355],[-16.657724,66.154421],[-16.681808,66.146967],[-16.67733,66.144854],[-16.680422,66.143003],[-16.683201,66.132055],[-16.678003,66.12211],[-16.660149,66.118753],[-16.613003,66.095938],[-16.593708,66.093748],[-16.591375,66.098795],[-16.589609,66.091658],[-16.577631,66.088003],[-16.572096,66.080603],[-16.563168,66.076719],[-16.559906,66.070028],[-16.563372,66.068747],[-16.577215,66.070902],[-16.58317,66.074476],[-16.580915,66.076982],[-16.621637,66.086775],[-16.630554,66.093718],[-16.646204,66.098394],[-16.651182,66.106352],[-16.66176,66.114176],[-16.685282,66.121031],[-16.690817,66.133821],[-16.715685,66.139215],[-16.74511,66.131933],[-16.748623,66.127562],[-16.744143,66.117582],[-16.75103,66.114248],[-16.745993,66.11875],[-16.752258,66.128973],[-16.764465,66.12818],[-16.757065,66.126974],[-16.762665,66.12314],[-16.77696,66.127787],[-16.766487,66.131502],[-16.774921,66.13143],[-16.745077,66.138441],[-16.785528,66.129072],[-16.82024,66.125273],[-16.883163,66.121763],[-16.927645,66.123636],[-16.933245,66.121092],[-16.917679,66.120771],[-16.924625,66.119745],[-16.921749,66.118666],[-16.920681,66.112204],[-16.925117,66.107576],[-16.904284,66.102655],[-16.91942,66.100161],[-16.92432,66.096159],[-16.928379,66.098516],[-16.921463,66.100618],[-16.92708,66.102888],[-16.935394,66.099398],[-16.954399,66.102118],[-16.942207,66.111712],[-16.949121,66.115915],[-16.947325,66.118345],[-16.951014,66.123579],[-16.939501,66.122007],[-16.949383,66.126692],[-16.948988,66.140562],[-16.979046,66.157396],[-16.976156,66.162535],[-16.987665,66.180052],[-16.986719,66.18368],[-17.003971,66.195265],[-17.018053,66.19808],[-17.032253,66.206114],[-17.124929,66.200491],[-17.140764,66.203524],[-17.14485,66.207994],[-17.148596,66.204683],[-17.141916,66.194387],[-17.152245,66.1873],[-17.186626,66.187269],[-17.196594,66.193727],[-17.224014,66.190214],[-17.236397,66.184214],[-17.241669,66.175741],[-17.269541,66.169374],[-17.267796,66.166304],[-17.276596,66.159407],[-17.272242,66.152559],[-17.258076,66.147245],[-17.257515,66.140818],[-17.262602,66.129519],[-17.259445,66.123018],[-17.260828,66.119108],[-17.278641,66.108072],[-17.293808,66.104994],[-17.301872,66.096464],[-17.328009,66.093195],[-17.349058,66.096155],[-17.354416,66.093714],[-17.352219,66.089483],[-17.34202,66.08671],[-17.339983,66.083147],[-17.342777,66.079771],[-17.363615,66.077227],[-17.350187,66.070276],[-17.363609,66.05044],[-17.3594,66.047796],[-17.361391,66.043661],[-17.348225,66.047628],[-17.344614,66.045435],[-17.348295,66.044668],[-17.34461,66.040182],[-17.355175,66.032885],[-17.380829,66.024183],[-17.379114,66.020796],[-17.387913,66.015345],[-17.379082,66.010866],[-17.381536,66.006231],[-17.408552,65.998831],[-17.412794,65.991674],[-17.428867,65.985304],[-17.415188,65.983381],[-17.421747,65.974138],[-17.429926,65.977179],[-17.425179,65.980749],[-17.431993,65.981127],[-17.434578,65.98665],[-17.44169,65.988359],[-17.574614,65.981016],[-17.572025,65.976366],[-17.577883,65.97098],[-17.556158,65.951914],[-17.553127,65.945032],[-17.558157,65.948671],[-17.556873,65.935732],[-17.545914,65.924696],[-17.547018,65.916658],[-17.567354,65.928671],[-17.569094,65.939791],[-17.574921,65.944616],[-17.572302,65.951315],[-17.579445,65.956919],[-17.578224,65.959436],[-17.580479,65.95796],[-17.589687,65.963934],[-17.590109,65.967272],[-17.598866,65.969847],[-17.610388,65.980772],[-17.634594,65.98247],[-17.641861,65.990992],[-17.650223,65.991091],[-17.651072,65.993982],[-17.664635,65.998407],[-17.672289,66.019228],[-17.677834,66.021608],[-17.67448,66.031939],[-17.683983,66.032621],[-17.704456,66.045015],[-17.704939,66.049185],[-17.712736,66.055674],[-17.717604,66.054686],[-17.724989,66.058794],[-17.724918,66.064318],[-17.796419,66.088358],[-17.813637,66.097334],[-17.815546,66.099573],[-17.812981,66.102289],[-17.82169,66.101068],[-17.819971,66.103582],[-17.823555,66.10663],[-17.860651,66.105356],[-17.883711,66.111319],[-17.885122,66.112574],[-17.883825,66.116007],[-17.89992,66.126741],[-17.892229,66.132998],[-17.914661,66.137712],[-17.932163,66.147318],[-17.953072,66.146574],[-17.975204,66.153296],[-17.988773,66.151995],[-17.992231,66.156607],[-18.006435,66.154467],[-18.019571,66.156752],[-18.030136,66.148615],[-18.067533,66.141447],[-18.082369,66.147493],[-18.075212,66.157251],[-18.088488,66.160616],[-18.093452,66.164869],[-18.115101,66.164591],[-18.123013,66.160269],[-18.122343,66.154501],[-18.126146,66.152021],[-18.137524,66.151415],[-18.144075,66.153349],[-18.150108,66.165834],[-18.156174,66.169439],[-18.186735,66.167875],[-18.220531,66.173239],[-18.253677,66.172705],[-18.26856,66.175699],[-18.287786,66.16361],[-18.311905,66.15568],[-18.314205,66.140547],[-18.319227,66.13056],[-18.317728,66.126749],[-18.32408,66.121599],[-18.318945,66.109724],[-18.307245,66.102289],[-18.306587,66.093596],[-18.298594,66.08391],[-18.296993,66.076353],[-18.300695,66.067053],[-18.295849,66.061789],[-18.300682,66.057535],[-18.286222,66.04785],[-18.285036,66.038355],[-18.277012,66.028067],[-18.282309,66.021425],[-18.279314,66.015341],[-18.264683,66.005255],[-18.261108,65.998415],[-18.262613,65.995676],[-18.25523,65.99288],[-18.244848,65.981161],[-18.187113,65.953104],[-18.181686,65.953028],[-18.1884,65.945055],[-18.197088,65.943575],[-18.205242,65.93709],[-18.207151,65.932978],[-18.201595,65.930891],[-18.203659,65.924734],[-18.200649,65.920256],[-18.169334,65.905676],[-18.156471,65.908594],[-18.137222,65.904276],[-18.135044,65.906622],[-18.150305,65.916719],[-18.136658,65.919844],[-18.134205,65.917082],[-18.138639,65.915365],[-18.126431,65.912821],[-18.127342,65.910006],[-18.123928,65.908087],[-18.125992,65.904345],[-18.11549,65.896002],[-18.109993,65.896673],[-18.104113,65.890852],[-18.088688,65.888292],[-18.090414,65.885717],[-18.102295,65.88579],[-18.085941,65.879667],[-18.076944,65.860415],[-18.065256,65.851912],[-18.059036,65.840612],[-18.057684,65.835909],[-18.067333,65.829542],[-18.06562,65.82406],[-18.053061,65.817858],[-18.062704,65.807676],[-18.059799,65.804651],[-18.059008,65.799303],[-18.062958,65.798239],[-18.060091,65.794996],[-18.063622,65.790628],[-18.072102,65.789141],[-18.074385,65.782259],[-18.083115,65.777594],[-18.0907,65.761892],[-18.089727,65.754034],[-18.093737,65.751345],[-18.089191,65.748121],[-18.09148,65.743963],[-18.083536,65.740309],[-18.081285,65.721155],[-18.061197,65.697237],[-18.036905,65.660261],[-18.040987,65.65608],[-18.042988,65.660631],[-18.051563,65.659266],[-18.056248,65.653669],[-18.054211,65.658201],[-18.061598,65.659849],[-18.065094,65.658434],[-18.066214,65.652945],[-18.073441,65.668722],[-18.075951,65.667276],[-18.074129,65.655607],[-18.079113,65.658579],[-18.081049,65.668509],[-18.078142,65.6705],[-18.088039,65.676916],[-18.086916,65.682943],[-18.074993,65.684961],[-18.075209,65.688349],[-18.114141,65.699541],[-18.112421,65.704012],[-18.119532,65.707357],[-18.130995,65.71961],[-18.160501,65.731882],[-18.1605,65.736319],[-18.152468,65.744555],[-18.157539,65.746439],[-18.156277,65.755327],[-18.16131,65.758661],[-18.150616,65.765734],[-18.15752,65.769323],[-18.155247,65.775099],[-18.159733,65.781755],[-18.151966,65.782824],[-18.157621,65.784632],[-18.162928,65.783075],[-18.160646,65.786188],[-18.166904,65.79294],[-18.165751,65.789007],[-18.169674,65.78908],[-18.166893,65.786043],[-18.188526,65.792551],[-18.18219,65.795546],[-18.19231,65.799276],[-18.187519,65.806322],[-18.190777,65.836992],[-18.197466,65.848471],[-18.190744,65.851667],[-18.197367,65.850962],[-18.197678,65.854883],[-18.19348,65.854055],[-18.226238,65.868143],[-18.238802,65.865171],[-18.244377,65.86062],[-18.25967,65.867704],[-18.259239,65.87343],[-18.26318,65.877974],[-18.261158,65.881037],[-18.275059,65.891474],[-18.270786,65.896334],[-18.277735,65.901663],[-18.274647,65.905272],[-18.299553,65.914328],[-18.304995,65.919348],[-18.30024,65.923864],[-18.325624,65.944662],[-18.362013,65.94552],[-18.385612,65.950644],[-18.409594,65.945807],[-18.439363,65.95365],[-18.449327,65.96298],[-18.45849,65.96438],[-18.480707,65.962664],[-18.475893,65.961504],[-18.479139,65.960875],[-18.512932,65.962767],[-18.524323,65.958792],[-18.517149,65.962091],[-18.531082,65.963167],[-18.492058,65.963335],[-18.517189,65.967108],[-18.529198,65.972857],[-18.52445,65.974211],[-18.529152,65.979952],[-18.516884,65.992804],[-18.514683,66.001432],[-18.517872,66.009264],[-18.506628,66.022142],[-18.512062,66.029264],[-18.520275,66.031828],[-18.517664,66.04632],[-18.527569,66.059908],[-18.526587,66.067469],[-18.545172,66.087168],[-18.574524,66.093721],[-18.627522,66.07868],[-18.657196,66.07361],[-18.6642,66.083712],[-18.616358,66.104593],[-18.608807,66.113482],[-18.608761,66.119692],[-18.653864,66.152445],[-18.679804,66.161623],[-18.699389,66.162909],[-18.730358,66.157038],[-18.740986,66.153765],[-18.748138,66.146364],[-18.762007,66.140558],[-18.767591,66.13151],[-18.778549,66.129335],[-18.791149,66.131571],[-18.791918,66.136244],[-18.778149,66.157576],[-18.757555,66.173101],[-18.765434,66.185312],[-18.786524,66.193964],[-18.796852,66.19293],[-18.822777,66.198835],[-18.847231,66.196142],[-18.860048,66.198793],[-18.842438,66.191984],[-18.842432,66.184141],[-18.848539,66.179312],[-18.848684,66.173857],[-18.856112,66.170713],[-18.859192,66.163027],[-18.872648,66.153913],[-18.89426,66.142298],[-18.918375,66.135256],[-18.921848,66.136724],[-18.9202,66.139479],[-18.906569,66.144266],[-18.913206,66.145281],[-18.912157,66.148073],[-18.903273,66.147654],[-18.900677,66.150679],[-18.89933,66.153749],[-18.906523,66.155458],[-18.898783,66.165598],[-18.903059,66.177179],[-18.924574,66.186697],[-18.951479,66.187517],[-18.970009,66.183973],[-18.975649,66.179487],[-18.992373,66.177237],[-18.998283,66.171671],[-19.025772,66.162237],[-19.057911,66.154303],[-19.075163,66.131937],[-19.075567,66.124807],[-19.086737,66.115511],[-19.080643,66.110147],[-19.091602,66.10364],[-19.087427,66.097853],[-19.098112,66.092302],[-19.076925,66.096357],[-19.069643,66.089087],[-19.06502,66.078466],[-19.067574,66.076281],[-19.051714,66.066591],[-19.028421,66.058081],[-19.033161,66.051168],[-19.082434,66.063898],[-19.086237,66.066118],[-19.084417,66.067144],[-19.08876,66.075628],[-19.099344,66.082102],[-19.120045,66.083525],[-19.134062,66.088896],[-19.140676,66.08497],[-19.129467,66.076296],[-19.150093,66.068136],[-19.173069,66.070311],[-19.186991,66.081316],[-19.212332,66.083769],[-19.241568,66.077032],[-19.245146,66.078917],[-19.257086,66.075956],[-19.26795,66.078894],[-19.291578,66.075144],[-19.324923,66.076487],[-19.337397,66.072451],[-19.358953,66.078104],[-19.374498,66.066568],[-19.416824,66.055964],[-19.436842,66.047335],[-19.439577,66.039282],[-19.434126,66.029673],[-19.407621,66.009901],[-19.406956,65.999334],[-19.403769,65.995134],[-19.417027,65.980356],[-19.432291,65.975885],[-19.416052,65.976755],[-19.408669,65.96232],[-19.414209,65.955362],[-19.41567,65.943968],[-19.428471,65.94356],[-19.427588,65.937479],[-19.435421,65.936129],[-19.442013,65.942282],[-19.466196,65.940779],[-19.451847,65.932524],[-19.445171,65.924841],[-19.438267,65.922789],[-19.438681,65.919138],[-19.433121,65.916628],[-19.437628,65.912191],[-19.426966,65.907118],[-19.431698,65.903028],[-19.400024,65.89102],[-19.392376,65.866682],[-19.361197,65.835115],[-19.361197,65.828115],[-19.386744,65.814096],[-19.372034,65.799124],[-19.373632,65.783354],[-19.399075,65.773016],[-19.395674,65.769285],[-19.397078,65.75667],[-19.41181,65.748869],[-19.405693,65.745684],[-19.413355,65.738039],[-19.4009,65.737696],[-19.398384,65.733187],[-19.405325,65.733049],[-19.409607,65.722742],[-19.405817,65.714376],[-19.39332,65.705851],[-19.393009,65.704176],[-19.394995,65.701941],[-19.399242,65.70936],[-19.409592,65.711405],[-19.408398,65.715567],[-19.413374,65.717348],[-19.413847,65.721514],[-19.417938,65.721373],[-19.421122,65.726908],[-19.423897,65.727159],[-19.423513,65.722971],[-19.426361,65.728552],[-19.428675,65.724047],[-19.435408,65.722979],[-19.448957,65.728136],[-19.422787,65.736628],[-19.450722,65.733149],[-19.457361,65.737223],[-19.45034,65.739073],[-19.478474,65.736959],[-19.509583,65.751017],[-19.517544,65.760035],[-19.538412,65.770857],[-19.54277,65.771326],[-19.554663,65.759363],[-19.55014,65.746222],[-19.553816,65.745146],[-19.547026,65.743372],[-19.53532,65.733072],[-19.537933,65.730646],[-19.533148,65.726023],[-19.534159,65.716097],[-19.530993,65.715525],[-19.53142,65.706312],[-19.528316,65.704519],[-19.524157,65.689898],[-19.505796,65.669641],[-19.479025,65.649252],[-19.479656,65.645384],[-19.475233,65.646578],[-19.468082,65.639444],[-19.450405,65.63172],[-19.449131,65.624811],[-19.494102,65.652243],[-19.497463,65.651155],[-19.497154,65.648031],[-19.498981,65.658735],[-19.52951,65.687967],[-19.539503,65.704126],[-19.548704,65.72471],[-19.543917,65.722467],[-19.543697,65.72957],[-19.547022,65.726744],[-19.54945,65.731516],[-19.572111,65.738878],[-19.572599,65.743071],[-19.561792,65.744516],[-19.556396,65.748457],[-19.573935,65.744207],[-19.617779,65.743937],[-19.648355,65.75157],[-19.648926,65.757067],[-19.641672,65.755007],[-19.63961,65.757067],[-19.664318,65.767027],[-19.664324,65.777975],[-19.660906,65.78126],[-19.664011,65.786917],[-19.660625,65.808756],[-19.673216,65.812208],[-19.68829,65.836767],[-19.687069,65.842756],[-19.692831,65.844271],[-19.705126,65.862429],[-19.731398,65.87504],[-19.735832,65.884809],[-19.749216,65.881643],[-19.772783,65.884912],[-19.802742,65.891935],[-19.829418,65.903742],[-19.839165,65.897036],[-19.864239,65.897619],[-19.869688,65.909929],[-19.867863,65.919256],[-19.882988,65.935728],[-19.894577,65.936651],[-19.901361,65.942236],[-19.91976,65.945318],[-19.920124,65.952425],[-19.936472,65.96203],[-19.93129,65.968374],[-19.918276,65.967684],[-19.918777,65.973173],[-19.928112,65.974154],[-19.93474,65.982351],[-19.937851,65.982267],[-19.944569,65.989038],[-19.942587,65.994242],[-19.963358,66.001081],[-19.965717,66.00635],[-19.987131,66.014849],[-19.992126,66.026293],[-20.00577,66.029428],[-20.003195,66.034422],[-20.016823,66.040834],[-20.010456,66.050798],[-20.026134,66.059465],[-20.036198,66.061258],[-20.035778,66.067793],[-20.043257,66.076162],[-20.034142,66.08156],[-20.065767,66.086241],[-20.077284,66.096094],[-20.096001,66.103788],[-20.097919,66.107088],[-20.090958,66.113901],[-20.097553,66.119562],[-20.105656,66.119028],[-20.106657,66.114557],[-20.114536,66.113146],[-20.138197,66.115866],[-20.145254,66.122259],[-20.167362,66.125811],[-20.188967,66.116133],[-20.1954,66.117689],[-20.195641,66.114809],[-20.206713,66.112288],[-20.219095,66.104567],[-20.241863,66.101034],[-20.280352,66.101294],[-20.308916,66.105589],[-20.340366,66.087049],[-20.366014,66.087248],[-20.354536,66.083513],[-20.345139,66.084448],[-20.356462,66.079725],[-20.37088,66.08143],[-20.364534,66.08552],[-20.366566,66.086786],[-20.366354,66.088877],[-20.381376,66.091059],[-20.400402,66.087278],[-20.412273,66.08832],[-20.421833,66.084776],[-20.421577,66.082548],[-20.404463,66.068586],[-20.40173,66.059099],[-20.412399,66.048395],[-20.412806,66.043684],[-20.421049,66.033785],[-20.41979,66.030272],[-20.42746,66.02471],[-20.426571,66.022356],[-20.436695,66.021334],[-20.428463,66.019117],[-20.435024,66.017267],[-20.428217,66.016706],[-20.426575,66.01956],[-20.414484,66.01499],[-20.410553,66.002741],[-20.388817,65.988295],[-20.390892,65.982687],[-20.387173,65.977171],[-20.392508,65.975729],[-20.387413,65.966814],[-20.390297,65.956911],[-20.382872,65.951857],[-20.381649,65.945272],[-20.369957,65.938707],[-20.371447,65.9284],[-20.355942,65.912565],[-20.346872,65.895426],[-20.334509,65.883333],[-20.321432,65.876471],[-20.308477,65.861036],[-20.321106,65.851675],[-20.312033,65.848459],[-20.308731,65.844267],[-20.309563,65.839193],[-20.314091,65.835039],[-20.325886,65.833315],[-20.322468,65.831816],[-20.324804,65.826746],[-20.318277,65.823698],[-20.318161,65.827463],[-20.308752,65.825537],[-20.305477,65.819452],[-20.309481,65.81521],[-20.295568,65.800993],[-20.29711,65.797823],[-20.294329,65.793013],[-20.289988,65.788717],[-20.280005,65.787268],[-20.275604,65.782072],[-20.28121,65.771704],[-20.278021,65.768591],[-20.281427,65.766672],[-20.280567,65.763662],[-20.275633,65.762728],[-20.271742,65.74946],[-20.265116,65.741682],[-20.269569,65.729189],[-20.261572,65.724989],[-20.279289,65.716928],[-20.27861,65.706263],[-20.294136,65.697481],[-20.302757,65.682779],[-20.292549,65.667952],[-20.299212,65.66181],[-20.285847,65.658094],[-20.304052,65.660048],[-20.323095,65.625933],[-20.339045,65.619371],[-20.335157,65.617937],[-20.345879,65.612986],[-20.338404,65.615114],[-20.338202,65.612204],[-20.370565,65.603209],[-20.381102,65.595411],[-20.37826,65.593645],[-20.38059,65.592028],[-20.374002,65.590219],[-20.376062,65.585936],[-20.372311,65.58029],[-20.380295,65.574453],[-20.361542,65.569017],[-20.363991,65.563475],[-20.374975,65.559496],[-20.374256,65.555361],[-20.381681,65.552523],[-20.381065,65.550482],[-20.390875,65.552229],[-20.387657,65.546129],[-20.392775,65.552061],[-20.38854,65.562975],[-20.390867,65.567289],[-20.386894,65.569975],[-20.384228,65.581335],[-20.392237,65.586851],[-20.384729,65.591486],[-20.396786,65.604212],[-20.387857,65.603018],[-20.395157,65.605322],[-20.387722,65.607298],[-20.380116,65.605158],[-20.360302,65.612906],[-20.429203,65.601618],[-20.430458,65.599283],[-20.423313,65.599325],[-20.441006,65.595461],[-20.443167,65.597364],[-20.440853,65.599463],[-20.432938,65.598688],[-20.430836,65.601244],[-20.505501,65.594645],[-20.564699,65.593187],[-20.563194,65.590616],[-20.559671,65.591875],[-20.560024,65.58951],[-20.543089,65.592726],[-20.542484,65.589296],[-20.549376,65.589304],[-20.542608,65.588434],[-20.482306,65.590193],[-20.494659,65.58547],[-20.497143,65.58116],[-20.503202,65.581511],[-20.503399,65.586775],[-20.510973,65.587313],[-20.520226,65.58349],[-20.519035,65.581213],[-20.525337,65.580568],[-20.524958,65.574736],[-20.532137,65.576841],[-20.544445,65.572466],[-20.524097,65.571112],[-20.532902,65.568037],[-20.526413,65.565256],[-20.523787,65.567045],[-20.525953,65.561308],[-20.528269,65.564154],[-20.533878,65.563154],[-20.533594,65.566267],[-20.537176,65.56489],[-20.53517,65.560701],[-20.529552,65.562254],[-20.526178,65.558802],[-20.521749,65.564138],[-20.505396,65.568216],[-20.499153,65.566626],[-20.48999,65.570658],[-20.492464,65.569437],[-20.477428,65.569059],[-20.489618,65.566603],[-20.456852,65.569002],[-20.4498,65.563692],[-20.429514,65.558722],[-20.432909,65.555952],[-20.427338,65.553274],[-20.421398,65.540857],[-20.431566,65.536325],[-20.437359,65.526487],[-20.451172,65.51618],[-20.452406,65.503332],[-20.489262,65.491976],[-20.524651,65.492792],[-20.528616,65.49552],[-20.5252,65.498335],[-20.530956,65.497953],[-20.534807,65.501909],[-20.543344,65.498503],[-20.54229,65.501047],[-20.538078,65.50292],[-20.541515,65.504744],[-20.53969,65.508841],[-20.564686,65.517416],[-20.554018,65.529341],[-20.585924,65.528105],[-20.570704,65.550562],[-20.567698,65.563704],[-20.569164,65.575731],[-20.589966,65.553373],[-20.592323,65.545343],[-20.596546,65.543982],[-20.594444,65.565458],[-20.603197,65.564928],[-20.608562,65.557207],[-20.619377,65.559671],[-20.60441,65.568296],[-20.603014,65.572302],[-20.615383,65.574514],[-20.612879,65.583017],[-20.617228,65.581915],[-20.61936,65.57691],[-20.622271,65.586237],[-20.624556,65.584875],[-20.620518,65.574629],[-20.622448,65.562693],[-20.634199,65.551641],[-20.62031,65.546598],[-20.621418,65.541304],[-20.639856,65.539667],[-20.646334,65.542212],[-20.645105,65.546865],[-20.65411,65.546427],[-20.651703,65.557913],[-20.642675,65.563463],[-20.645029,65.568163],[-20.641014,65.572187],[-20.640953,65.584806],[-20.631044,65.595896],[-20.636139,65.607244],[-20.626469,65.625269],[-20.6278,65.638578],[-20.637203,65.649908],[-20.633745,65.652769],[-20.633375,65.662203],[-20.623211,65.673536],[-20.652727,65.67391],[-20.657124,65.677767],[-20.655903,65.683481],[-20.663553,65.686506],[-20.674227,65.687857],[-20.682695,65.684034],[-20.686844,65.678282],[-20.697577,65.676577],[-20.703197,65.677691],[-20.703362,65.682985],[-20.709061,65.681643],[-20.720261,65.673967],[-20.728785,65.673532],[-20.738585,65.663996],[-20.749882,65.664961],[-20.765928,65.659002],[-20.764757,65.655886],[-20.775345,65.651987],[-20.780657,65.645102],[-20.793184,65.64118],[-20.799492,65.63516],[-20.826551,65.631517],[-20.838932,65.621634],[-20.853497,65.618849],[-20.875378,65.608667],[-20.882879,65.611841],[-20.883833,65.608213],[-20.888805,65.608335],[-20.889532,65.604403],[-20.899101,65.601839],[-20.910563,65.590128],[-20.932245,65.582163],[-20.942249,65.574026],[-20.937738,65.567068],[-20.949797,65.550047],[-20.950193,65.542677],[-20.978333,65.511286],[-20.977394,65.502291],[-20.988333,65.490488],[-20.990765,65.473269],[-20.976044,65.449553],[-20.976717,65.434626],[-20.965971,65.421453],[-20.956377,65.416697],[-20.948135,65.394209],[-20.941568,65.39216],[-20.932501,65.376162],[-20.912699,65.358698],[-20.905724,65.342196],[-20.912838,65.341932],[-20.911036,65.346106],[-20.913906,65.352606],[-20.946739,65.345896],[-20.953573,65.346804],[-20.968039,65.355639],[-20.968725,65.359804],[-20.994213,65.378321],[-21.003553,65.393503],[-21.033297,65.424406],[-21.039383,65.441206],[-21.056494,65.450529],[-21.058245,65.455503],[-21.067421,65.456633],[-21.095592,65.448183],[-21.083824,65.432531],[-21.085642,65.430445],[-21.081913,65.424665],[-21.081392,65.416895],[-21.089413,65.408323],[-21.085417,65.405264],[-21.087803,65.403212],[-21.08518,65.402391],[-21.083492,65.380377],[-21.078072,65.362726],[-21.070324,65.349474],[-21.072182,65.340559],[-21.068209,65.323355],[-21.07967,65.31402],[-21.077333,65.312029],[-21.078688,65.306913],[-21.100706,65.29563],[-21.095118,65.291269],[-21.099035,65.288248],[-21.088724,65.282324],[-21.104992,65.27656],[-21.104288,65.271879],[-21.115019,65.267168],[-21.110519,65.26362],[-21.110361,65.258608],[-21.105934,65.257421],[-21.108545,65.254366],[-21.095976,65.250685],[-21.093767,65.24621],[-21.095858,65.243357],[-21.087065,65.234457],[-21.067381,65.200239],[-21.064636,65.190184],[-21.066463,65.178633],[-21.062502,65.176413],[-21.065582,65.155966],[-21.070627,65.158857],[-21.076975,65.157717],[-21.076551,65.155088],[-21.091536,65.158102],[-21.093456,65.1845],[-21.091122,65.188681],[-21.096712,65.197077],[-21.096682,65.206644],[-21.093252,65.209387],[-21.137312,65.242979],[-21.128799,65.247286],[-21.13843,65.250814],[-21.138512,65.256857],[-21.162107,65.270796],[-21.163229,65.273344],[-21.156902,65.275797],[-21.174316,65.28578],[-21.166304,65.28829],[-21.165462,65.292162],[-21.184917,65.293642],[-21.195845,65.301825],[-21.197433,65.307821],[-21.188671,65.314459],[-21.192318,65.316324],[-21.191778,65.31941],[-21.184103,65.321726],[-21.179758,65.329309],[-21.177292,65.336195],[-21.181545,65.339285],[-21.177839,65.34725],[-21.180321,65.35795],[-21.188334,65.360163],[-21.185646,65.363459],[-21.188602,65.370745],[-21.186457,65.376551],[-21.190685,65.376699],[-21.191042,65.381266],[-21.188364,65.384336],[-21.190165,65.388132],[-21.184866,65.393503],[-21.187042,65.399931],[-21.189539,65.402983],[-21.198456,65.403616],[-21.211222,65.413099],[-21.212059,65.416834],[-21.202658,65.417681],[-21.199795,65.426474],[-21.192673,65.431043],[-21.193754,65.433916],[-21.202839,65.436438],[-21.209814,65.430536],[-21.218872,65.432154],[-21.215677,65.438807],[-21.230259,65.439718],[-21.230711,65.443918],[-21.23597,65.44243],[-21.234129,65.446936],[-21.242975,65.444597],[-21.245741,65.447287],[-21.243708,65.452028],[-21.27021,65.459944],[-21.268717,65.47006],[-21.277456,65.473989],[-21.282684,65.48361],[-21.313194,65.48007],[-21.380409,65.45857],[-21.411022,65.455278],[-21.458561,65.441862],[-21.4695,65.441862],[-21.474749,65.445677],[-21.384331,65.477472],[-21.381315,65.479803],[-21.383652,65.485689],[-21.346659,65.499819],[-21.309109,65.522245],[-21.289679,65.546915],[-21.292604,65.553965],[-21.289194,65.560591],[-21.295799,65.568045],[-21.295137,65.594282],[-21.339809,65.600573],[-21.357533,65.596792],[-21.360241,65.598005],[-21.356026,65.601843],[-21.36009,65.601614],[-21.390602,65.588503],[-21.388691,65.591078],[-21.393135,65.589754],[-21.390923,65.594027],[-21.404167,65.584829],[-21.409933,65.576651],[-21.447447,65.559645],[-21.463903,65.555559],[-21.474953,65.557764],[-21.482344,65.562841],[-21.472855,65.571386],[-21.421322,65.600515],[-21.39538,65.607641],[-21.397131,65.615583],[-21.389189,65.617342],[-21.385674,65.621782],[-21.392761,65.621363],[-21.398579,65.630373],[-21.407091,65.633146],[-21.458937,65.639921],[-21.457371,65.641981],[-21.481686,65.646646],[-21.517849,65.638285],[-21.539663,65.641001],[-21.552906,65.637762],[-21.569643,65.641233],[-21.579865,65.639643],[-21.579435,65.642263],[-21.585772,65.642607],[-21.594059,65.639914],[-21.61455,65.645567],[-21.635572,65.643732],[-21.640812,65.646898],[-21.63744,65.654943],[-21.651171,65.650949],[-21.655066,65.654604],[-21.647409,65.661684],[-21.658377,65.656099],[-21.655996,65.661654],[-21.667686,65.66474],[-21.659979,65.669851],[-21.665586,65.674589],[-21.662424,65.67885],[-21.667419,65.678797],[-21.669682,65.685358],[-21.695446,65.69171],[-21.694916,65.696699],[-21.689739,65.699423],[-21.6817,65.698416],[-21.67663,65.703947],[-21.661903,65.706301],[-21.663559,65.716955],[-21.675837,65.725695],[-21.677013,65.732534],[-21.683893,65.732206],[-21.681004,65.739519],[-21.695131,65.743441],[-21.704611,65.750372],[-21.731783,65.754492],[-21.739372,65.759809],[-21.771791,65.765478],[-21.780928,65.764322],[-21.77504,65.771139],[-21.74082,65.772772],[-21.729883,65.769537],[-21.706568,65.770327],[-21.675306,65.761972],[-21.667587,65.758402],[-21.657072,65.746569],[-21.657986,65.743757],[-21.64603,65.735491],[-21.644526,65.727564],[-21.611565,65.715574],[-21.612713,65.711416],[-21.59885,65.708021],[-21.597183,65.705313],[-21.600048,65.702517],[-21.596209,65.704],[-21.596052,65.698759],[-21.58807,65.69805],[-21.582554,65.69219],[-21.561882,65.700014],[-21.559343,65.693361],[-21.554174,65.691458],[-21.53578,65.693266],[-21.521175,65.689779],[-21.474405,65.689764],[-21.466757,65.686827],[-21.437271,65.688448],[-21.431742,65.690092],[-21.43351,65.693468],[-21.428312,65.695208],[-21.424614,65.701284],[-21.410742,65.702772],[-21.389992,65.714899],[-21.38063,65.725031],[-21.36397,65.725912],[-21.347479,65.734461],[-21.34046,65.734285],[-21.337221,65.745241],[-21.352474,65.745028],[-21.368357,65.750124],[-21.395733,65.752882],[-21.39323,65.757318],[-21.404682,65.764784],[-21.400341,65.768702],[-21.421865,65.765448],[-21.43404,65.758516],[-21.447264,65.75849],[-21.462618,65.762053],[-21.463306,65.766489],[-21.470358,65.770834],[-21.486111,65.773394],[-21.468601,65.771952],[-21.46254,65.770075],[-21.440327,65.777334],[-21.425821,65.776278],[-21.367935,65.782785],[-21.363388,65.78755],[-21.328875,65.800856],[-21.327641,65.804739],[-21.314295,65.812422],[-21.306572,65.824438],[-21.29763,65.8304],[-21.287306,65.831861],[-21.292822,65.842512],[-21.287481,65.851904],[-21.275482,65.858713],[-21.288776,65.864908],[-21.305172,65.866873],[-21.310896,65.870134],[-21.309187,65.872442],[-21.318123,65.869787],[-21.321741,65.873426],[-21.320473,65.876497],[-21.287647,65.883589],[-21.277332,65.896605],[-21.276548,65.908815],[-21.285828,65.910284],[-21.285942,65.923021],[-21.292393,65.929789],[-21.321766,65.94121],[-21.384403,65.932852],[-21.449739,65.92988],[-21.455311,65.932886],[-21.441408,65.939573],[-21.390856,65.94718],[-21.373873,65.952837],[-21.37002,65.958307],[-21.389793,65.96438],[-21.433586,65.961672],[-21.471174,65.952791],[-21.507439,65.955744],[-21.553154,65.944464],[-21.567186,65.946856],[-21.588509,65.940966],[-21.597389,65.944021],[-21.592615,65.951883],[-21.60848,65.957052],[-21.60195,65.962221],[-21.55699,65.965471],[-21.51214,65.974619],[-21.483231,65.971666],[-21.401716,65.987009],[-21.332886,65.988638],[-21.319021,65.98649],[-21.313137,65.989893],[-21.315901,65.999392],[-21.321939,66.001101],[-21.3265,66.006662],[-21.358202,66.011301],[-21.380903,66.01861],[-21.382023,66.022566],[-21.393787,66.022085],[-21.389463,66.022943],[-21.389721,66.025755],[-21.39814,66.027708],[-21.416071,66.027437],[-21.427027,66.020731],[-21.432644,66.023355],[-21.435787,66.019361],[-21.445835,66.022329],[-21.45216,66.018564],[-21.457909,66.020681],[-21.471296,66.014795],[-21.48222,66.016668],[-21.494623,66.012354],[-21.515108,66.013479],[-21.517908,66.014959],[-21.516485,66.020411],[-21.524818,66.020208],[-21.529644,66.025789],[-21.547483,66.030767],[-21.540907,66.036161],[-21.544149,66.039762],[-21.566938,66.04751],[-21.558453,66.05224],[-21.510862,66.04497],[-21.497221,66.048052],[-21.521896,66.066072],[-21.519669,66.068083],[-21.538115,66.078203],[-21.537096,66.081694],[-21.54114,66.087172],[-21.548412,66.088354],[-21.586712,66.082697],[-21.614883,66.084509],[-21.620543,66.079115],[-21.623013,66.068865],[-21.601545,66.057016],[-21.600679,66.04764],[-21.604509,66.037218],[-21.622353,66.025606],[-21.657242,66.015059],[-21.667103,66.015635],[-21.670174,66.017443],[-21.667423,66.020361],[-21.63633,66.035887],[-21.627155,66.046904],[-21.629591,66.04999],[-21.659384,66.067575],[-21.69323,66.049318],[-21.709955,66.052011],[-21.7316,66.067732],[-21.721745,66.070887],[-21.726336,66.076944],[-21.743486,66.086714],[-21.741819,66.090704],[-21.73654,66.091181],[-21.739408,66.094229],[-21.732767,66.096567],[-21.73427,66.100412],[-21.718792,66.105829],[-21.735611,66.111872],[-21.736124,66.114733],[-21.766865,66.118315],[-21.763451,66.124174],[-21.749439,66.128489],[-21.739752,66.127787],[-21.742867,66.132776],[-21.718746,66.151533],[-21.732372,66.157576],[-21.755262,66.1593],[-21.765257,66.16334],[-21.764214,66.172331],[-21.740387,66.182081],[-21.795988,66.18133],[-21.834301,66.188322],[-21.855015,66.188337],[-21.856668,66.191019],[-21.870174,66.189425],[-21.880068,66.194063],[-21.885912,66.201769],[-21.895035,66.201292],[-21.909164,66.206461],[-21.91153,66.212591],[-21.918873,66.210424],[-21.938549,66.212851],[-21.985691,66.199137],[-21.995352,66.199965],[-21.997637,66.202211],[-21.995079,66.204721],[-21.929781,66.222895],[-21.933142,66.229235],[-21.922245,66.242159],[-21.93997,66.241434],[-21.958477,66.247698],[-21.961237,66.250303],[-21.959919,66.262739],[-21.962465,66.269182],[-21.973642,66.264601],[-21.979769,66.265322],[-21.978136,66.263002],[-21.98558,66.26457],[-22.008129,66.257338],[-22.04147,66.257551],[-22.058195,66.252462],[-22.074846,66.255217],[-22.08493,66.259569],[-22.083368,66.262323],[-22.088654,66.263865],[-22.090338,66.271669],[-22.079357,66.281916],[-22.077316,66.291254],[-22.095119,66.288782],[-22.093906,66.282721],[-22.099113,66.282328],[-22.098986,66.278704],[-22.109943,66.274496],[-22.115164,66.265776],[-22.140648,66.250605],[-22.1528,66.253687],[-22.142172,66.259298],[-22.137543,66.267149],[-22.13891,66.276655],[-22.144499,66.278597],[-22.175316,66.272654],[-22.199123,66.260859],[-22.226576,66.2633],[-22.235268,66.26816],[-22.235254,66.271265],[-22.225119,66.276827],[-22.222897,66.282557],[-22.201916,66.298845],[-22.230343,66.30615],[-22.236088,66.313517],[-22.21471,66.321249],[-22.195797,66.333406],[-22.191425,66.340498],[-22.218605,66.334417],[-22.237986,66.334768],[-22.256329,66.346815],[-22.236225,66.355921],[-22.270773,66.359789],[-22.272364,66.363714],[-22.278965,66.365088],[-22.271555,66.373148],[-22.287863,66.377501],[-22.305475,66.377817],[-22.313679,66.380552],[-22.315821,66.384768],[-22.341917,66.386183],[-22.350914,66.390017],[-22.34923,66.392584],[-22.36219,66.392675],[-22.364168,66.400053],[-22.384552,66.414782],[-22.390272,66.427355],[-22.387632,66.432364],[-22.395918,66.433481],[-22.393036,66.444757],[-22.403019,66.454794],[-22.458796,66.464823],[-22.471659,66.46266],[-22.442621,66.445105],[-22.439608,66.441053],[-22.441799,66.432344],[-22.455683,66.427866],[-22.447433,66.426054],[-22.454456,66.416422],[-22.471064,66.41329],[-22.475922,66.409758],[-22.472582,66.406649],[-22.477634,66.405035],[-22.475948,66.411371],[-22.456652,66.419088],[-22.452087,66.426802],[-22.482046,66.425489],[-22.490202,66.427172],[-22.489254,66.430532],[-22.493759,66.432207],[-22.518915,66.431715],[-22.521496,66.434015],[-22.521328,66.442934],[-22.526722,66.447512],[-22.552614,66.451395],[-22.553108,66.454237],[-22.585457,66.465631],[-22.618744,66.463144],[-22.607542,66.448805],[-22.610268,66.442541],[-22.627583,66.437563],[-22.637541,66.428488],[-22.641651,66.431345],[-22.647184,66.423403],[-22.65831,66.420324],[-22.659632,66.417444],[-22.692747,66.414164],[-22.719801,66.418016],[-22.725464,66.423132],[-22.729111,66.434038],[-22.735106,66.437304],[-22.76705,66.438707],[-22.788738,66.44462],[-22.8064,66.443018],[-22.808334,66.446711],[-22.828093,66.451132],[-22.842957,66.461031],[-22.853018,66.460268],[-22.870918,66.46591],[-22.950457,66.464018],[-22.954361,66.466715],[-22.953669,66.460569],[-22.92823,66.454222],[-22.930868,66.445883],[-22.926722,66.443045],[-22.911276,66.447309],[-22.903311,66.445677],[-22.897552,66.440062],[-22.885138,66.441111],[-22.872801,66.4373],[-22.860106,66.430044],[-22.847137,66.412897],[-22.858608,66.410124],[-22.870935,66.412058],[-22.873468,66.413927],[-22.870596,66.418139],[-22.885517,66.423632],[-22.880501,66.427858],[-22.886494,66.435389],[-22.901329,66.437372],[-22.91378,66.442999],[-22.922747,66.440855],[-22.933397,66.444056],[-22.962288,66.432768],[-23.024487,66.434084],[-23.038887,66.430536],[-23.04417,66.422007],[-23.050219,66.420099],[-23.088259,66.432211],[-23.11343,66.435194],[-23.130602,66.432749],[-23.139687,66.429354],[-23.111902,66.418455],[-23.069822,66.392385],[-23.051832,66.387495],[-23.02993,66.391264],[-23.023945,66.388487],[-23.017967,66.381639],[-23.019611,66.367952],[-23.030947,66.357378],[-23.043667,66.352232],[-23.060059,66.351885],[-23.066574,66.346571],[-23.087791,66.342489],[-23.100548,66.342527],[-23.102324,66.345613],[-23.117638,66.350283],[-23.123362,66.347605],[-23.141443,66.349249],[-23.154158,66.355642],[-23.166565,66.357512],[-23.178688,66.358591],[-23.196894,66.353189],[-23.191362,66.343073],[-23.153635,66.326899],[-23.085772,66.314154],[-23.02684,66.295874],[-22.971241,66.298635],[-22.965532,66.29505],[-22.949093,66.303362],[-22.913561,66.308016],[-22.891136,66.314505],[-22.87871,66.320147],[-22.880423,66.328665],[-22.86792,66.339224],[-22.806244,66.351694],[-22.783497,66.366728],[-22.779472,66.365255],[-22.790016,66.3501],[-22.803549,66.343878],[-22.826002,66.339193],[-22.839991,66.314932],[-22.838133,66.311544],[-22.818106,66.310415],[-22.756451,66.318258],[-22.724848,66.329062],[-22.701586,66.343664],[-22.696127,66.355047],[-22.684984,66.359678],[-22.60601,66.366468],[-22.60932,66.36252],[-22.60404,66.359598],[-22.611462,66.355986],[-22.667797,66.349154],[-22.670555,66.343344],[-22.666805,66.33943],[-22.67174,66.330931],[-22.708223,66.298899],[-22.687616,66.29212],[-22.659252,66.28779],[-22.584238,66.285101],[-22.528839,66.302969],[-22.516333,66.314112],[-22.504345,66.318026],[-22.505968,66.32678],[-22.512608,66.330271],[-22.507364,66.332785],[-22.495129,66.327948],[-22.476349,66.326777],[-22.487494,66.320055],[-22.480593,66.317232],[-22.484533,66.315729],[-22.484808,66.31156],[-22.456354,66.308657],[-22.483404,66.303358],[-22.518694,66.286207],[-22.552402,66.282347],[-22.554211,66.278147],[-22.571014,66.267584],[-22.544733,66.263548],[-22.47986,66.263788],[-22.406389,66.274023],[-22.392651,66.269995],[-22.374147,66.272387],[-22.363459,66.270472],[-22.39189,66.263269],[-22.410244,66.262972],[-22.436159,66.255171],[-22.51676,66.249208],[-22.52149,66.245333],[-22.518894,66.241014],[-22.52125,66.237661],[-22.547316,66.246786],[-22.56015,66.247862],[-22.563543,66.233973],[-22.537964,66.227362],[-22.547207,66.218321],[-22.55615,66.216089],[-22.587254,66.227777],[-22.600021,66.241083],[-22.611998,66.244356],[-22.620039,66.244883],[-22.623459,66.240351],[-22.671375,66.241171],[-22.75351,66.262175],[-22.839813,66.259192],[-22.881992,66.249731],[-22.872179,66.244532],[-22.878326,66.240358],[-22.911232,66.242754],[-22.969778,66.233305],[-22.976421,66.228502],[-22.975843,66.217299],[-22.958572,66.198378],[-22.933512,66.182478],[-22.880371,66.160349],[-22.836914,66.148745],[-22.783401,66.14303],[-22.769478,66.135527],[-22.721476,66.13199],[-22.696243,66.122877],[-22.650427,66.113443],[-22.589428,66.106119],[-22.577387,66.101751],[-22.57696,66.098135],[-22.566133,66.090277],[-22.510828,66.078142],[-22.458054,66.073481],[-22.456114,66.064165],[-22.467072,66.055498],[-22.458818,66.048651],[-22.45908,66.045572],[-22.484543,66.031023],[-22.476936,66.021559],[-22.448626,66.014997],[-22.421354,66.003382],[-22.406223,65.992571],[-22.387123,65.969698],[-22.381941,65.957926],[-22.384005,65.950155],[-22.375221,65.93833],[-22.380003,65.934053],[-22.372663,65.922647],[-22.360498,65.925261],[-22.359104,65.923498],[-22.3641,65.923281],[-22.338564,65.909437],[-22.349457,65.905096],[-22.354626,65.910463],[-22.364483,65.909388],[-22.367233,65.905687],[-22.379202,65.902029],[-22.382202,65.894518],[-22.379038,65.889906],[-22.379868,65.883299],[-22.411819,65.859453],[-22.424862,65.837801],[-22.433279,65.837133],[-22.43784,65.831564],[-22.465075,65.82662],[-22.480099,65.81246],[-22.515997,65.796534],[-22.536503,65.793207],[-22.544832,65.786833],[-22.558928,65.787584],[-22.561871,65.784655],[-22.580795,65.781687],[-22.584244,65.784964],[-22.551838,65.793032],[-22.485489,65.826204],[-22.46718,65.840773],[-22.458124,65.856512],[-22.425688,65.877905],[-22.425388,65.882109],[-22.431206,65.885561],[-22.415394,65.904142],[-22.415663,65.910086],[-22.42016,65.915514],[-22.420538,65.929548],[-22.430853,65.929575],[-22.437912,65.920275],[-22.433878,65.913248],[-22.423496,65.908251],[-22.423744,65.900904],[-22.434879,65.893286],[-22.450037,65.889818],[-22.447216,65.899839],[-22.453062,65.921812],[-22.449789,65.928484],[-22.44318,65.93104],[-22.442905,65.936823],[-22.465801,65.952517],[-22.474833,65.952181],[-22.47567,65.948336],[-22.471687,65.943655],[-22.47368,65.939371],[-22.478403,65.942537],[-22.484745,65.939116],[-22.492363,65.941545],[-22.497011,65.950907],[-22.492762,65.957842],[-22.49802,65.962831],[-22.496758,65.96509],[-22.510118,65.974119],[-22.509176,65.977461],[-22.514194,65.983248],[-22.516781,65.978727],[-22.521515,65.982431],[-22.524988,65.97962],[-22.526081,65.973192],[-22.522676,65.97014],[-22.53253,65.960478],[-22.53266,65.941565],[-22.54051,65.933161],[-22.56918,65.92444],[-22.56839,65.920015],[-22.560921,65.917635],[-22.563108,65.910021],[-22.573885,65.898699],[-22.585033,65.895361],[-22.589228,65.879007],[-22.610388,65.867559],[-22.611868,65.844782],[-22.636368,65.824884],[-22.649031,65.823198],[-22.659197,65.826193],[-22.646111,65.833212],[-22.634779,65.844793],[-22.633934,65.848661],[-22.644146,65.853289],[-22.634075,65.867598],[-22.62009,65.879148],[-22.608364,65.884401],[-22.602003,65.899126],[-22.587095,65.910807],[-22.592379,65.917845],[-22.580885,65.93104],[-22.585365,65.938066],[-22.577871,65.947371],[-22.586184,65.953951],[-22.568962,65.978617],[-22.589855,65.973318],[-22.596626,65.977938],[-22.592175,65.979345],[-22.596687,65.980108],[-22.599354,65.98469],[-22.595427,65.987028],[-22.59247,65.984941],[-22.591692,65.988867],[-22.610424,65.990896],[-22.610769,66.001722],[-22.618219,66.005674],[-22.621853,66.013628],[-22.638504,66.010481],[-22.667789,66.02051],[-22.671165,66.031153],[-22.676453,66.031588],[-22.682108,66.04051],[-22.676228,66.047907],[-22.679585,66.054354],[-22.688309,66.050756],[-22.683945,66.04418],[-22.71516,66.047651],[-22.72224,66.046774],[-22.721542,66.043478],[-22.726135,66.040117],[-22.756786,66.056269],[-22.765026,66.055155],[-22.7721,66.048674],[-22.775171,66.031614],[-22.781836,66.023481],[-22.783522,66.009512],[-22.789371,66.007399],[-22.790966,66.003057],[-22.780586,65.996111],[-22.775465,65.985037],[-22.789089,65.963179],[-22.783524,65.953745],[-22.784067,65.948606],[-22.798607,65.929182],[-22.825733,65.911776],[-22.835882,65.893816],[-22.84359,65.890825],[-22.848026,65.895346],[-22.856422,65.887373],[-22.854685,65.897146],[-22.857597,65.900316],[-22.851828,65.91503],[-22.832621,65.928568],[-22.827301,65.939283],[-22.821238,65.943544],[-22.820921,65.971128],[-22.812632,65.987421],[-22.81315,65.992506],[-22.830029,65.999758],[-22.831781,66.004263],[-22.861286,65.98181],[-22.867092,65.965799],[-22.873938,65.960363],[-22.896257,65.948801],[-22.929199,65.938433],[-22.938782,65.929693],[-22.982376,65.907267],[-22.987711,65.910089],[-22.975552,65.923613],[-22.955759,65.931849],[-22.942348,65.944387],[-22.91161,65.954996],[-22.893536,65.96792],[-22.885784,65.982134],[-22.875402,65.987921],[-22.864376,66.000895],[-22.858419,66.02014],[-22.865652,66.029524],[-22.860329,66.033781],[-22.861958,66.03628],[-22.868294,66.038843],[-22.887646,66.037905],[-22.879213,66.022394],[-22.891479,66.017405],[-22.892998,66.012388],[-22.908163,65.998632],[-22.925425,65.990465],[-22.920277,65.980589],[-22.910969,65.972826],[-22.912422,65.969007],[-22.92462,65.968767],[-22.941084,65.985796],[-22.939951,65.997492],[-22.927856,66.0077],[-22.919376,66.007589],[-22.921726,66.010672],[-22.91876,66.01491],[-22.935135,66.036413],[-22.938534,66.045465],[-22.944696,66.04793],[-22.958317,66.031141],[-22.963842,66.016737],[-22.973461,66.008596],[-23.034037,65.982634],[-23.052563,65.970091],[-23.08,65.962793],[-23.084963,65.96567],[-23.063021,65.977934],[-23.035065,66.001799],[-22.994362,66.019308],[-22.987556,66.019426],[-22.989075,66.034529],[-22.98373,66.037649],[-22.98748,66.053919],[-22.986706,66.070642],[-22.990023,66.078352],[-22.999952,66.08666],[-23.036453,66.099913],[-23.044966,66.099905],[-23.106192,66.066568],[-23.149591,66.055693],[-23.155413,66.045332],[-23.161388,66.044722],[-23.165346,66.046778],[-23.160849,66.055651],[-23.173611,66.06325],[-23.126415,66.074602],[-23.122274,66.071497],[-23.127281,66.070223],[-23.129946,66.064657],[-23.127266,66.063047],[-23.119341,66.066324],[-23.113148,66.073462],[-23.12513,66.07855],[-23.107149,66.100737],[-23.107977,66.107386],[-23.121105,66.112196],[-23.119278,66.118551],[-23.12286,66.123564],[-23.147696,66.138426],[-23.19903,66.151659],[-23.213339,66.152205],[-23.221872,66.14871],[-23.239874,66.151457],[-23.248026,66.154985],[-23.245535,66.158377],[-23.239494,66.158022],[-23.249075,66.163359],[-23.253065,66.171038],[-23.270376,66.17779],[-23.278273,66.176756],[-23.30817,66.184],[-23.354404,66.190214],[-23.414915,66.192659],[-23.422853,66.196413],[-23.441181,66.192648],[-23.481468,66.192644],[-23.477552,66.18191],[-23.490564,66.178358],[-23.526287,66.179411],[-23.553566,66.171843],[-23.59074,66.153883],[-23.60289,66.15164],[-23.604588,66.148306],[-23.597019,66.143064],[-23.546017,66.143053],[-23.524237,66.140333],[-23.523802,66.136332],[-23.478424,66.133326],[-23.456476,66.124392],[-23.437954,66.109415],[-23.378111,66.091536],[-23.363249,66.082724],[-23.375099,66.083258],[-23.398655,66.091551],[-23.430075,66.097544],[-23.474319,66.118483],[-23.525528,66.131201],[-23.548042,66.133341],[-23.577396,66.121515],[-23.630667,66.118795],[-23.641424,66.120687],[-23.657799,66.119043],[-23.665783,66.113604],[-23.647713,66.099772],[-23.588854,66.082373],[-23.549795,66.064138],[-23.519321,66.055155],[-23.511522,66.045271],[-23.507704,66.045801],[-23.511093,66.049093],[-23.505863,66.052233],[-23.474918,66.047358],[-23.448721,66.039251],[-23.437342,66.031416],[-23.434874,66.021418],[-23.438696,66.018625],[-23.446714,66.01668],[-23.522156,66.030394],[-23.552153,66.032057],[-23.680611,66.061922],[-23.706703,66.058714],[-23.762487,66.069746],[-23.783447,66.063498],[-23.804808,66.04841],[-23.810862,66.039103],[-23.820414,66.035437],[-23.820127,66.029894],[-23.813303,66.027086],[-23.802996,66.015661],[-23.81341,66.008093],[-23.789303,66.003119],[-23.786148,65.998392],[-23.766668,65.988832],[-23.758974,65.981432],[-23.73061,65.970263],[-23.729776,65.967653],[-23.715256,65.965944],[-23.697018,65.954226],[-23.659189,65.942236],[-23.644117,65.934244],[-23.631227,65.93363],[-23.60718,65.926607],[-23.598358,65.916212],[-23.569004,65.904837],[-23.546947,65.903189],[-23.524794,65.896479],[-23.480793,65.898314],[-23.444845,65.886667],[-23.445311,65.882311],[-23.441069,65.877954],[-23.442207,65.871965],[-23.429693,65.874342],[-23.401096,65.868181],[-23.334316,65.867346],[-23.316387,65.861933],[-23.315281,65.857153],[-23.31283,65.859278],[-23.276102,65.854681],[-23.263296,65.85169],[-23.263111,65.848837],[-23.256792,65.84664],[-23.207113,65.84363],[-23.183699,65.837553],[-23.239202,65.837198],[-23.27862,65.842867],[-23.296047,65.849291],[-23.313114,65.848528],[-23.342003,65.856318],[-23.369068,65.852541],[-23.393892,65.853098],[-23.416847,65.859274],[-23.424011,65.856581],[-23.446983,65.858217],[-23.474119,65.867167],[-23.491236,65.88191],[-23.528767,65.881105],[-23.560217,65.872763],[-23.58604,65.872503],[-23.607513,65.880808],[-23.628216,65.881968],[-23.638233,65.896433],[-23.79603,65.92314],[-23.808651,65.923948],[-23.835236,65.914545],[-23.840096,65.915533],[-23.856775,65.90156],[-23.854256,65.898958],[-23.860399,65.891706],[-23.869228,65.886084],[-23.862871,65.881304],[-23.85811,65.869543],[-23.842392,65.85813],[-23.842766,65.849874],[-23.835398,65.849489],[-23.835535,65.841082],[-23.829462,65.840052],[-23.82744,65.831861],[-23.805258,65.824995],[-23.736069,65.788473],[-23.708664,65.778986],[-23.675495,65.777334],[-23.599787,65.76309],[-23.531574,65.754442],[-23.510359,65.760111],[-23.410759,65.756056],[-23.326645,65.764418],[-23.28541,65.7628],[-23.230648,65.780287],[-23.202408,65.784899],[-23.189526,65.783251],[-23.173527,65.776182],[-23.178415,65.770666],[-23.222298,65.763044],[-23.238832,65.755758],[-23.225801,65.74935],[-23.211203,65.747602],[-23.210657,65.739801],[-23.214119,65.73506],[-23.260183,65.7404],[-23.334087,65.740679],[-23.340382,65.736704],[-23.379923,65.728579],[-23.395836,65.730734],[-23.411427,65.727221],[-23.485914,65.727495],[-23.533474,65.719698],[-23.516373,65.703833],[-23.484497,65.691851],[-23.486526,65.688246],[-23.482471,65.685801],[-23.460909,65.683805],[-23.449409,65.678465],[-23.382187,65.670626],[-23.34086,65.677378],[-23.309212,65.675211],[-23.269394,65.680067],[-23.26062,65.676886],[-23.285355,65.673304],[-23.302784,65.666609],[-23.340267,65.666037],[-23.357218,65.659063],[-23.414303,65.653582],[-23.390589,65.635668],[-23.375874,65.631964],[-23.378056,65.627317],[-23.39192,65.621618],[-23.419565,65.62377],[-23.472589,65.644209],[-23.473612,65.64139],[-23.466402,65.631361],[-23.468336,65.624353],[-23.474066,65.623518],[-23.497026,65.634325],[-23.498257,65.639345],[-23.52207,65.619673],[-23.529243,65.607645],[-23.538776,65.603289],[-23.550472,65.604628],[-23.565485,65.609262],[-23.560766,65.620638],[-23.566877,65.627859],[-23.544333,65.640791],[-23.540258,65.644888],[-23.541363,65.647921],[-23.554535,65.662981],[-23.564148,65.666376],[-23.569675,65.680819],[-23.574635,65.683275],[-23.601919,65.67415],[-23.609404,65.675558],[-23.605635,65.682417],[-23.594961,65.685583],[-23.597424,65.692659],[-23.603138,65.697264],[-23.656025,65.709677],[-23.683674,65.711092],[-23.722845,65.723146],[-23.744576,65.723753],[-23.789154,65.737974],[-23.815184,65.737494],[-23.857809,65.758986],[-23.875261,65.762793],[-23.910109,65.762312],[-23.917637,65.768412],[-23.949186,65.778475],[-23.950457,65.782137],[-23.96089,65.786772],[-23.983276,65.78734],[-23.995865,65.791166],[-23.995363,65.793509],[-24.006729,65.792189],[-24.014521,65.797277],[-24.058466,65.802164],[-24.072653,65.806692],[-24.098555,65.806189],[-24.10323,65.799555],[-24.115519,65.792376],[-24.12118,65.783728],[-24.120398,65.775858],[-24.108082,65.762407],[-24.11121,65.754515],[-24.098686,65.740358],[-24.093685,65.729456],[-24.080311,65.720667],[-24.061886,65.697657],[-24.038315,65.687002],[-24.037321,65.684156],[-24.02355,65.682177],[-24.010637,65.674448],[-23.964659,65.669542],[-23.936726,65.659883],[-23.912521,65.656569],[-23.856403,65.63257],[-23.857885,65.62974],[-23.849947,65.621069],[-23.846918,65.62723],[-23.817656,65.624769],[-23.80118,65.611906],[-23.776302,65.598944],[-23.778421,65.594919],[-23.789852,65.596548],[-23.8153,65.607103],[-23.820673,65.614016],[-23.863358,65.618639],[-23.87027,65.622633],[-23.893877,65.625654],[-23.929243,65.636454],[-23.930254,65.640364],[-23.935091,65.64152],[-24.082956,65.648706],[-24.075918,65.639967],[-24.040535,65.619379],[-24.024155,65.606298],[-24.010355,65.601046],[-24.007383,65.594961],[-23.991003,65.596491],[-23.979898,65.592962],[-23.960236,65.579317],[-23.947546,65.580313],[-23.946211,65.577967],[-23.951151,65.578875],[-23.892525,65.551977],[-23.875072,65.538626],[-23.843117,65.537485],[-23.827671,65.532915],[-23.794491,65.538576],[-23.787169,65.535589],[-23.78635,65.530848],[-23.823536,65.525614],[-23.835787,65.521532],[-23.834881,65.518118],[-23.842384,65.514334],[-23.889761,65.520811],[-23.916901,65.530836],[-23.949181,65.548334],[-23.950569,65.549826],[-23.936951,65.555151],[-23.942972,65.557936],[-24.027813,65.561785],[-24.085468,65.582235],[-24.093569,65.582476],[-24.113459,65.575514],[-24.110666,65.58082],[-24.102186,65.582178],[-24.123554,65.585787],[-24.124517,65.594534],[-24.153982,65.608332],[-24.200018,65.616224],[-24.240622,65.627768],[-24.278711,65.632128],[-24.305645,65.641256],[-24.324385,65.639566],[-24.322582,65.637934],[-24.325209,65.634115],[-24.319349,65.629099],[-24.325293,65.619802],[-24.352348,65.610487],[-24.371265,65.597513],[-24.365156,65.592489],[-24.369934,65.581564],[-24.366985,65.573465],[-24.358679,65.568972],[-24.360903,65.561293],[-24.368284,65.553968],[-24.403934,65.543989],[-24.450113,65.541246],[-24.464535,65.535292],[-24.461693,65.527891],[-24.465525,65.525694],[-24.484669,65.519938],[-24.491663,65.514647],[-24.508118,65.512663],[-24.516724,65.507635],[-24.534897,65.503725],[-24.498619,65.490362],[-24.481655,65.48818],[-24.451105,65.489008],[-24.411825,65.496267],[-24.265835,65.497618],[-24.248508,65.504892],[-24.18383,65.501383],[-24.110928,65.487078],[-24.009148,65.460173],[-23.998226,65.46467],[-23.974323,65.458273],[-23.969276,65.461802],[-23.973894,65.467894],[-23.992531,65.471144],[-24.000174,65.470594],[-23.99818,65.468863],[-24.005384,65.461767],[-24.013308,65.467119],[-24.02877,65.469725],[-24.015251,65.469889],[-24.011225,65.475988],[-24.002132,65.476877],[-23.948629,65.469809],[-23.944265,65.463736],[-23.957916,65.46369],[-23.952688,65.459394],[-23.948532,65.460604],[-23.948654,65.455614],[-23.944239,65.455988],[-23.951115,65.448862],[-23.959345,65.453142],[-23.980377,65.451296],[-23.992283,65.458227],[-23.995125,65.45714],[-23.987505,65.450262],[-23.957769,65.438021],[-23.959082,65.430857],[-23.967352,65.420778],[-23.956383,65.417238],[-23.954512,65.413286],[-23.924101,65.414347],[-23.87846,65.407064],[-23.782473,65.414885],[-23.732374,65.416239],[-23.730824,65.41408],[-23.716223,65.41836],[-23.707981,65.416014],[-23.705023,65.422922],[-23.684206,65.43276],[-23.687876,65.434309],[-23.683676,65.438112],[-23.684332,65.443914],[-23.675858,65.448538],[-23.650309,65.453745],[-23.645296,65.464102],[-23.637785,65.46607],[-23.618805,65.468515],[-23.579897,65.466635],[-23.559631,65.473612],[-23.537394,65.472017],[-23.526688,65.476324],[-23.450939,65.484171],[-23.445284,65.490805],[-23.432362,65.494104],[-23.39098,65.494123],[-23.377792,65.49795],[-23.394091,65.503622],[-23.388546,65.504206],[-23.391376,65.508097],[-23.39591,65.508886],[-23.395399,65.506037],[-23.398558,65.508905],[-23.39743,65.506109],[-23.401501,65.504805],[-23.41292,65.510248],[-23.41968,65.510069],[-23.409325,65.514841],[-23.409542,65.512724],[-23.40391,65.513868],[-23.405502,65.517008],[-23.401735,65.515543],[-23.404001,65.513029],[-23.396219,65.514017],[-23.393148,65.511961],[-23.399183,65.511438],[-23.391582,65.510782],[-23.373476,65.501856],[-23.371305,65.499907],[-23.374352,65.494436],[-23.355013,65.490889],[-23.269976,65.487368],[-23.239393,65.483057],[-23.20859,65.489305],[-23.175888,65.513433],[-23.193588,65.528955],[-23.189627,65.529871],[-23.19389,65.531496],[-23.190725,65.532248],[-23.193895,65.534983],[-23.191523,65.537046],[-23.198709,65.538111],[-23.193396,65.540762],[-23.198999,65.547606],[-23.192623,65.551096],[-23.190342,65.55765],[-23.176435,65.56159],[-23.178787,65.566488],[-23.17094,65.57435],[-23.15765,65.575815],[-23.141718,65.587328],[-23.13658,65.587286],[-23.139162,65.584249],[-23.134701,65.585402],[-23.13534,65.5828],[-23.132261,65.582373],[-23.135124,65.580751],[-23.132221,65.580599],[-23.144823,65.575449],[-23.146963,65.572672],[-23.145182,65.56782],[-23.151026,65.563505],[-23.144457,65.563063],[-23.147194,65.56016],[-23.141977,65.559767],[-23.140085,65.549723],[-23.145922,65.547033],[-23.118473,65.549334],[-23.11833,65.546988],[-23.113424,65.547163],[-23.11483,65.545038],[-23.107758,65.547213],[-23.093693,65.54603],[-23.095434,65.543974],[-23.070532,65.545454],[-23.076088,65.548029],[-23.06786,65.546869],[-23.069891,65.544874],[-23.067129,65.543207],[-23.063028,65.544157],[-23.063313,65.542654],[-23.066057,65.540789],[-23.059237,65.540667],[-23.075535,65.537428],[-23.077129,65.536177],[-23.070028,65.535414],[-23.079645,65.531046],[-23.084646,65.532064],[-23.084377,65.529146],[-23.061928,65.532995],[-23.067135,65.533499],[-23.068563,65.537226],[-23.058386,65.534533],[-23.025993,65.539095],[-23.023026,65.536451],[-23.012033,65.539309],[-23.017151,65.540453],[-23.000883,65.541029],[-22.978949,65.553911],[-22.967024,65.555098],[-22.975698,65.551519],[-22.961199,65.555079],[-22.963436,65.557177],[-22.974289,65.555033],[-22.976156,65.557455],[-22.960579,65.563513],[-22.970781,65.563848],[-22.960608,65.566679],[-22.962881,65.569784],[-22.956781,65.577089],[-22.959955,65.579939],[-22.952242,65.58449],[-22.957512,65.587767],[-22.950335,65.594763],[-22.953724,65.596899],[-22.950863,65.598864],[-22.952671,65.602598],[-22.941483,65.615358],[-22.935545,65.612886],[-22.937603,65.605612],[-22.932819,65.603937],[-22.930277,65.596071],[-22.921265,65.59347],[-22.915565,65.586954],[-22.917648,65.583433],[-22.914248,65.582335],[-22.91683,65.580481],[-22.910439,65.577475],[-22.917681,65.572809],[-22.912365,65.569773],[-22.916595,65.564482],[-22.912605,65.563509],[-22.923283,65.559668],[-22.865589,65.568251],[-22.875864,65.572531],[-22.87582,65.570143],[-22.892067,65.56819],[-22.880075,65.570982],[-22.883972,65.572077],[-22.856899,65.583635],[-22.855629,65.588095],[-22.839041,65.59342],[-22.842199,65.595087],[-22.839289,65.599836],[-22.845951,65.610388],[-22.850533,65.6294],[-22.837738,65.625872],[-22.831322,65.610033],[-22.806894,65.610788],[-22.81094,65.607649],[-22.808365,65.605448],[-22.799763,65.606535],[-22.798094,65.609449],[-22.793999,65.608408],[-22.797972,65.606833],[-22.788418,65.60409],[-22.7798,65.604811],[-22.784916,65.600595],[-22.774899,65.602045],[-22.778036,65.603254],[-22.775314,65.603231],[-22.771143,65.601564],[-22.78071,65.597235],[-22.775486,65.59675],[-22.778158,65.594168],[-22.794619,65.585234],[-22.761404,65.5986],[-22.818104,65.570429],[-22.819572,65.570345],[-22.799967,65.583193],[-22.831034,65.566656],[-22.839743,65.565454],[-22.835291,65.564631],[-22.83844,65.563673],[-22.834759,65.563013],[-22.835804,65.560541],[-22.850822,65.554918],[-22.848549,65.550493],[-22.871534,65.545248],[-22.871534,65.542959],[-22.867577,65.543196],[-22.873972,65.541468],[-22.871136,65.537863],[-22.878693,65.540979],[-22.881779,65.538748],[-22.876781,65.537695],[-22.879589,65.535639],[-22.870714,65.536943],[-22.869698,65.533453],[-22.854742,65.535307],[-22.856424,65.531599],[-22.872391,65.531389],[-22.856329,65.528872],[-22.824087,65.535322],[-22.825377,65.531889],[-22.83408,65.530695],[-22.836231,65.526522],[-22.821667,65.527025],[-22.814791,65.530497],[-22.815369,65.529238],[-22.818476,65.52767],[-22.816771,65.525145],[-22.809759,65.528002],[-22.791018,65.526705],[-22.787979,65.521139],[-22.765821,65.518858],[-22.766319,65.514624],[-22.759436,65.51837],[-22.754974,65.516134],[-22.770939,65.507902],[-22.774519,65.510214],[-22.765436,65.513681],[-22.782009,65.509161],[-22.786642,65.505899],[-22.768963,65.505308],[-22.780666,65.501177],[-22.761034,65.501684],[-22.746616,65.507856],[-22.739317,65.505289],[-22.746698,65.50617],[-22.754845,65.502573],[-22.749063,65.503195],[-22.751394,65.500338],[-22.734173,65.504614],[-22.724089,65.503778],[-22.718849,65.501799],[-22.718082,65.499002],[-22.72389,65.496077],[-22.720882,65.495478],[-22.70673,65.501562],[-22.714405,65.507376],[-22.712662,65.511801],[-22.718739,65.516012],[-22.717003,65.518061],[-22.725742,65.524378],[-22.723961,65.528482],[-22.728188,65.533312],[-22.726686,65.536329],[-22.730331,65.538179],[-22.725851,65.539255],[-22.738699,65.55353],[-22.733116,65.570791],[-22.748638,65.586893],[-22.760223,65.603319],[-22.759045,65.605383],[-22.764547,65.607916],[-22.761425,65.610952],[-22.769924,65.622725],[-22.768446,65.627439],[-22.773212,65.629026],[-22.759892,65.632093],[-22.752293,65.627001],[-22.742098,65.627199],[-22.719133,65.613508],[-22.693857,65.619471],[-22.669943,65.637419],[-22.665524,65.63632],[-22.666595,65.62248],[-22.706596,65.595907],[-22.712305,65.588076],[-22.704294,65.581026],[-22.699026,65.55504],[-22.685444,65.548475],[-22.683559,65.545412],[-22.686161,65.54307],[-22.681667,65.541464],[-22.680508,65.532209],[-22.675539,65.532606],[-22.668993,65.527941],[-22.67071,65.525698],[-22.663055,65.524969],[-22.669941,65.522226],[-22.653988,65.523489],[-22.650908,65.522867],[-22.655695,65.520613],[-22.645779,65.522116],[-22.637009,65.519445],[-22.624006,65.523558],[-22.619921,65.526686],[-22.623322,65.531488],[-22.616165,65.533052],[-22.624437,65.536818],[-22.626612,65.551332],[-22.62182,65.553522],[-22.622496,65.559298],[-22.609188,65.56885],[-22.607567,65.576944],[-22.611309,65.594774],[-22.62472,65.613146],[-22.619432,65.623442],[-22.610828,65.620749],[-22.610113,65.608969],[-22.600025,65.602648],[-22.588671,65.583406],[-22.586237,65.565767],[-22.594505,65.546255],[-22.586767,65.542864],[-22.587891,65.53919],[-22.595564,65.536879],[-22.595022,65.53409],[-22.578033,65.534777],[-22.579666,65.532976],[-22.574108,65.53174],[-22.575907,65.529242],[-22.573614,65.528334],[-22.559435,65.533438],[-22.560328,65.52997],[-22.548807,65.532991],[-22.552984,65.534472],[-22.53644,65.544474],[-22.554335,65.537172],[-22.54208,65.542963],[-22.5427,65.545797],[-22.532925,65.548067],[-22.534405,65.551958],[-22.530481,65.554613],[-22.532528,65.557318],[-22.528013,65.558218],[-22.531729,65.560003],[-22.526667,65.561182],[-22.530901,65.563787],[-22.528082,65.563993],[-22.526691,65.569433],[-22.532831,65.57369],[-22.525322,65.574766],[-22.532751,65.579569],[-22.531826,65.583998],[-22.542213,65.594984],[-22.539883,65.611967],[-22.551981,65.624075],[-22.546936,65.625952],[-22.552225,65.629484],[-22.54635,65.637671],[-22.54814,65.641459],[-22.543184,65.643965],[-22.539118,65.641726],[-22.530064,65.624838],[-22.511629,65.613409],[-22.514498,65.611692],[-22.510252,65.610403],[-22.512562,65.609282],[-22.507843,65.608576],[-22.515268,65.603724],[-22.513241,65.597689],[-22.516069,65.596357],[-22.500038,65.591063],[-22.500967,65.586878],[-22.493832,65.579443],[-22.496426,65.578058],[-22.49003,65.572348],[-22.496378,65.568529],[-22.486876,65.567369],[-22.484581,65.56185],[-22.477125,65.558985],[-22.482433,65.555578],[-22.477419,65.554514],[-22.485395,65.548635],[-22.479532,65.545446],[-22.482702,65.544325],[-22.478998,65.544115],[-22.482952,65.541418],[-22.480875,65.540331],[-22.489973,65.53813],[-22.482788,65.533815],[-22.489408,65.534143],[-22.484884,65.531019],[-22.488567,65.529863],[-22.486572,65.528131],[-22.492931,65.520666],[-22.490801,65.517622],[-22.493156,65.515997],[-22.490265,65.514727],[-22.49295,65.513487],[-22.481478,65.506205],[-22.482592,65.502783],[-22.468199,65.500875],[-22.452126,65.502783],[-22.431944,65.513742],[-22.422968,65.514509],[-22.425541,65.511896],[-22.41515,65.514418],[-22.421473,65.51549],[-22.418455,65.518862],[-22.412226,65.519133],[-22.415291,65.517195],[-22.413179,65.516768],[-22.399252,65.521696],[-22.403202,65.521566],[-22.398735,65.528299],[-22.409918,65.534124],[-22.40567,65.536066],[-22.409122,65.538767],[-22.407333,65.542818],[-22.420437,65.552153],[-22.419476,65.554724],[-22.410154,65.555258],[-22.389269,65.547674],[-22.386036,65.544683],[-22.387821,65.538431],[-22.382763,65.533552],[-22.386192,65.530088],[-22.375526,65.529615],[-22.379173,65.526628],[-22.377073,65.525118],[-22.362108,65.531897],[-22.357105,65.540094],[-22.340311,65.549051],[-22.302568,65.560198],[-22.297823,65.570551],[-22.292923,65.569593],[-22.293196,65.573275],[-22.286242,65.57387],[-22.285133,65.564577],[-22.279583,65.559965],[-22.294556,65.549219],[-22.290421,65.54915],[-22.314747,65.541029],[-22.32089,65.542311],[-22.322496,65.539423],[-22.341703,65.534716],[-22.338121,65.530283],[-22.344336,65.531839],[-22.349546,65.529276],[-22.330849,65.5264],[-22.332428,65.523241],[-22.31811,65.525915],[-22.319616,65.523291],[-22.30949,65.521601],[-22.288885,65.52564],[-22.286871,65.523581],[-22.291574,65.523046],[-22.285437,65.522963],[-22.276649,65.526972],[-22.254105,65.525949],[-22.247528,65.529661],[-22.232492,65.52973],[-22.197393,65.545122],[-22.195629,65.551966],[-22.176649,65.562639],[-22.172989,65.570829],[-22.163404,65.574793],[-22.157955,65.582674],[-22.148476,65.588633],[-22.134932,65.589834],[-22.1047,65.602423],[-22.087963,65.600973],[-22.137154,65.581354],[-22.167755,65.546469],[-22.202309,65.527311],[-22.239082,65.517031],[-22.286861,65.512987],[-22.322849,65.513781],[-22.333574,65.511843],[-22.329153,65.509336],[-22.331184,65.508425],[-22.383228,65.501108],[-22.395626,65.489939],[-22.397863,65.475348],[-22.44598,65.469282],[-22.437801,65.467886],[-22.438452,65.465368],[-22.435034,65.464769],[-22.437471,65.462324],[-22.412298,65.466902],[-22.389448,65.462866],[-22.391817,65.467077],[-22.381258,65.472277],[-22.371819,65.470617],[-22.375174,65.468534],[-22.371964,65.467718],[-22.35943,65.469862],[-22.345602,65.467619],[-22.342669,65.463419],[-22.316628,65.460936],[-22.315115,65.457201],[-22.309828,65.456976],[-22.312086,65.458952],[-22.307341,65.461775],[-22.30303,65.460257],[-22.308029,65.457533],[-22.299524,65.458994],[-22.299389,65.454588],[-22.291172,65.450277],[-22.310177,65.452147],[-22.292542,65.445623],[-22.280388,65.446856],[-22.296164,65.442301],[-22.299074,65.437017],[-22.2901,65.438932],[-22.29031,65.443171],[-22.288404,65.441305],[-22.281803,65.444475],[-22.286455,65.439463],[-22.279903,65.44071],[-22.277874,65.437544],[-22.275633,65.440981],[-22.267513,65.440809],[-22.264576,65.445028],[-22.255512,65.445051],[-22.262939,65.437567],[-22.269535,65.438223],[-22.266613,65.435991],[-22.268642,65.434046],[-22.258413,65.433229],[-22.258648,65.437204],[-22.237455,65.440741],[-22.23621,65.432756],[-22.247379,65.430063],[-22.231468,65.429461],[-22.227837,65.433489],[-22.227058,65.431078],[-22.217527,65.430792],[-22.217146,65.433702],[-22.211056,65.434546],[-22.215889,65.429018],[-22.208153,65.427958],[-22.214996,65.428049],[-22.215893,65.425299],[-22.209173,65.424597],[-22.201715,65.428446],[-22.20372,65.431494],[-22.197205,65.433973],[-22.18922,65.435083],[-22.186394,65.432726],[-22.175585,65.443964],[-22.170092,65.442114],[-22.164778,65.44578],[-22.174763,65.436247],[-22.179785,65.436613],[-22.178877,65.433256],[-22.164513,65.437593],[-22.168692,65.438498],[-22.159418,65.442408],[-22.164412,65.444395],[-22.155315,65.449476],[-22.154263,65.453569],[-22.164753,65.44805],[-22.16894,65.452311],[-22.175638,65.450232],[-22.173578,65.453859],[-22.160208,65.455915],[-22.161671,65.458235],[-22.142645,65.47212],[-22.144468,65.474047],[-22.141092,65.47426],[-22.140337,65.478167],[-22.132994,65.47579],[-22.122213,65.4783],[-22.124786,65.480234],[-22.118118,65.486654],[-22.124769,65.488916],[-22.106258,65.498514],[-22.108385,65.501123],[-22.104893,65.510889],[-22.107809,65.51256],[-22.108217,65.520765],[-22.115812,65.52165],[-22.119106,65.526094],[-22.115826,65.530451],[-22.106524,65.531576],[-22.075529,65.523397],[-22.073547,65.50606],[-22.058352,65.499418],[-22.056177,65.49663],[-22.060091,65.492029],[-22.052786,65.493277],[-22.048605,65.489676],[-22.056078,65.48617],[-22.052628,65.483301],[-22.05715,65.480242],[-22.052902,65.480188],[-22.057129,65.477869],[-22.055723,65.474215],[-22.036449,65.477915],[-22.021955,65.476664],[-22.024769,65.481928],[-22.017427,65.483919],[-22.017601,65.486334],[-22.02478,65.494253],[-22.020308,65.496683],[-22.031012,65.505842],[-22.007812,65.508673],[-21.987963,65.503958],[-21.996645,65.500875],[-21.987309,65.501421],[-21.985764,65.504091],[-21.976727,65.501329],[-21.983809,65.496355],[-21.971249,65.496725],[-21.979797,65.492582],[-21.966705,65.493509],[-21.969044,65.490541],[-21.959951,65.483465],[-21.962484,65.482313],[-21.952429,65.48353],[-21.953907,65.478552],[-21.933367,65.468824],[-21.916849,65.468168],[-21.917709,65.460737],[-21.960373,65.446615],[-21.961067,65.444284],[-21.9513,65.447523],[-21.961332,65.436728],[-21.937077,65.448275],[-21.938427,65.444551],[-21.931948,65.448275],[-21.921265,65.449064],[-21.921234,65.445868],[-21.915768,65.448771],[-21.914961,65.446215],[-21.923473,65.443575],[-21.916315,65.444704],[-21.92012,65.441626],[-21.910164,65.445391],[-21.910454,65.447718],[-21.904716,65.445944],[-21.90731,65.448435],[-21.901024,65.451216],[-21.879457,65.454763],[-21.85582,65.449652],[-21.840546,65.451269],[-21.818142,65.448553],[-21.813898,65.445238],[-21.816711,65.441896],[-21.809046,65.443979],[-21.782742,65.439131],[-21.762888,65.440229],[-21.73711,65.450964],[-21.697691,65.458254],[-21.685322,65.454935],[-21.680805,65.451021],[-21.704027,65.445826],[-21.747663,65.427057],[-21.759539,65.427774],[-21.765039,65.421091],[-21.863937,65.412992],[-21.88728,65.417627],[-21.89283,65.423777],[-21.893326,65.422148],[-21.892088,65.419527],[-21.901348,65.421007],[-21.913082,65.407408],[-21.931147,65.406229],[-21.939583,65.40246],[-21.937412,65.39823],[-21.927853,65.396101],[-21.934725,65.394186],[-21.919546,65.388945],[-21.91884,65.385542],[-21.922031,65.389231],[-21.935913,65.391695],[-21.937134,65.388239],[-21.939669,65.390806],[-21.937885,65.392965],[-21.943684,65.395067],[-21.942499,65.397036],[-21.956234,65.401907],[-21.949999,65.395277],[-21.958517,65.392679],[-21.966494,65.381777],[-22.006802,65.380907],[-22.026999,65.373663],[-22.035772,65.374411],[-22.032951,65.371954],[-22.038797,65.371153],[-22.037048,65.368601],[-22.051121,65.363729],[-22.062786,65.361052],[-22.056915,65.366049],[-22.059965,65.365805],[-22.096458,65.353373],[-22.088802,65.354975],[-22.093695,65.351324],[-22.126045,65.344488],[-22.127403,65.342169],[-22.120592,65.34083],[-22.134954,65.339369],[-22.126747,65.338163],[-22.134241,65.336092],[-22.133041,65.333273],[-22.146082,65.332819],[-22.141747,65.335928],[-22.157314,65.334253],[-22.162514,65.331465],[-22.148304,65.332609],[-22.15659,65.329851],[-22.152651,65.32548],[-22.164631,65.321657],[-22.220587,65.314604],[-22.229631,65.310343],[-22.241514,65.31354],[-22.253935,65.312185],[-22.31744,65.296064],[-22.326885,65.295294],[-22.324732,65.298727],[-22.367998,65.289534],[-22.36936,65.283133],[-22.355171,65.288229],[-22.352041,65.287767],[-22.355715,65.287088],[-22.35379,65.283415],[-22.341257,65.283014],[-22.357014,65.281691],[-22.352045,65.278971],[-22.358145,65.276537],[-22.355276,65.275743],[-22.359116,65.272928],[-22.373184,65.273188],[-22.369839,65.275141],[-22.370533,65.280386],[-22.3797,65.275187],[-22.373867,65.275576],[-22.379757,65.271521],[-22.382994,65.274233],[-22.379263,65.277609],[-22.387468,65.277937],[-22.390808,65.274981],[-22.387175,65.273718],[-22.409353,65.267633],[-22.401625,65.267366],[-22.403202,65.265593],[-22.412413,65.265059],[-22.409161,65.266634],[-22.412191,65.268019],[-22.426889,65.265978],[-22.422359,65.268827],[-22.426815,65.267694],[-22.42926,65.265074],[-22.4384,65.267157],[-22.438892,65.260256],[-22.454063,65.254602],[-22.43272,65.254576],[-22.428841,65.257742],[-22.43224,65.262827],[-22.427135,65.265322],[-22.411322,65.263132],[-22.426548,65.260153],[-22.426815,65.256201],[-22.413794,65.259912],[-22.413668,65.256216],[-22.405415,65.254389],[-22.414179,65.250181],[-22.411152,65.247839],[-22.421305,65.250467],[-22.422802,65.246748],[-22.444914,65.240812],[-22.442751,65.249117],[-22.452991,65.241354],[-22.467495,65.243212],[-22.471321,65.240004],[-22.48435,65.239965],[-22.488247,65.238035],[-22.492647,65.235258],[-22.48349,65.238894],[-22.476809,65.237532],[-22.48267,65.234808],[-22.478989,65.23311],[-22.483997,65.231802],[-22.488174,65.225225],[-22.494501,65.224264],[-22.498602,65.217428],[-22.495998,65.216066],[-22.506124,65.212358],[-22.503378,65.210642],[-22.512033,65.210268],[-22.511492,65.2069],[-22.505695,65.206095],[-22.523628,65.20027],[-22.510002,65.200563],[-22.515724,65.196909],[-22.543472,65.194155],[-22.542398,65.195997],[-22.554953,65.197115],[-22.606127,65.185095],[-22.590651,65.182848],[-22.579596,65.186357],[-22.582628,65.183203],[-22.575212,65.18339],[-22.575571,65.187929],[-22.568886,65.185301],[-22.555777,65.191477],[-22.546879,65.190908],[-22.554667,65.18852],[-22.557997,65.189558],[-22.56241,65.185629],[-22.545382,65.184999],[-22.520733,65.191462],[-22.51067,65.189615],[-22.497337,65.193968],[-22.498384,65.195765],[-22.485943,65.19523],[-22.49127,65.192606],[-22.469027,65.192816],[-22.468197,65.189871],[-22.452925,65.190084],[-22.453592,65.187799],[-22.448002,65.185667],[-22.468735,65.183664],[-22.465549,65.186529],[-22.474398,65.188765],[-22.472025,65.185892],[-22.480808,65.184374],[-22.471718,65.181364],[-22.480179,65.178808],[-22.481293,65.181471],[-22.48724,65.180513],[-22.480627,65.185347],[-22.482578,65.187113],[-22.489399,65.183828],[-22.48587,65.1826],[-22.492363,65.182917],[-22.492826,65.186083],[-22.502195,65.182299],[-22.498108,65.186441],[-22.50322,65.187685],[-22.527994,65.176928],[-22.550777,65.179834],[-22.547987,65.177862],[-22.552458,65.176725],[-22.542835,65.170088],[-22.543924,65.167585],[-22.551048,65.167257],[-22.554916,65.171885],[-22.54965,65.172041],[-22.555735,65.17288],[-22.565123,65.166765],[-22.555573,65.168798],[-22.557928,65.164423],[-22.555563,65.162996],[-22.561604,65.161222],[-22.559546,65.159414],[-22.551271,65.162378],[-22.54908,65.160883],[-22.551188,65.158873],[-22.544827,65.158628],[-22.54813,65.160143],[-22.543341,65.16157],[-22.534149,65.15806],[-22.51438,65.159086],[-22.513294,65.157026],[-22.519308,65.155809],[-22.516283,65.153254],[-22.510897,65.157202],[-22.507294,65.156031],[-22.517942,65.150595],[-22.508062,65.14567],[-22.499081,65.149141],[-22.501541,65.144979],[-22.496397,65.144842],[-22.474983,65.15476],[-22.483673,65.154325],[-22.490679,65.159399],[-22.490112,65.156748],[-22.495129,65.158033],[-22.50106,65.154829],[-22.502518,65.158014],[-22.510626,65.157835],[-22.509415,65.160822],[-22.512026,65.161463],[-22.510069,65.161783],[-22.501104,65.15859],[-22.50053,65.160734],[-22.487827,65.160467],[-22.48387,65.156157],[-22.478554,65.160429],[-22.473198,65.159906],[-22.472601,65.157835],[-22.477316,65.156942],[-22.473358,65.154028],[-22.46242,65.15695],[-22.457193,65.15357],[-22.465719,65.154451],[-22.464052,65.152468],[-22.459335,65.150236],[-22.45347,65.152075],[-22.456436,65.148397],[-22.461908,65.148531],[-22.455368,65.1462],[-22.447042,65.148382],[-22.448963,65.149099],[-22.44343,65.150911],[-22.446806,65.152029],[-22.439201,65.155317],[-22.434288,65.154917],[-22.440025,65.159899],[-22.432926,65.15671],[-22.43026,65.159632],[-22.424959,65.158087],[-22.412046,65.162642],[-22.413904,65.161047],[-22.404961,65.158644],[-22.406891,65.161535],[-22.401936,65.162561],[-22.410721,65.169775],[-22.398895,65.171515],[-22.378773,65.16659],[-22.382448,65.164976],[-22.376684,65.154863],[-22.354897,65.152372],[-22.356258,65.14979],[-22.350788,65.150465],[-22.350817,65.147329],[-22.334322,65.143538],[-22.312052,65.141588],[-22.299551,65.134897],[-22.286177,65.134577],[-22.282787,65.132627],[-22.287266,65.131193],[-22.281588,65.131613],[-22.282297,65.129248],[-22.273504,65.131922],[-22.257681,65.129744],[-22.252453,65.124151],[-22.24444,65.122751],[-22.234585,65.125185],[-22.220385,65.122549],[-22.167536,65.123018],[-22.156034,65.119249],[-22.130753,65.11923],[-22.098995,65.109571],[-22.064558,65.108194],[-22.060436,65.110876],[-22.022757,65.110895],[-21.982458,65.117121],[-21.965166,65.12459],[-21.939552,65.128721],[-21.93121,65.133753],[-21.907747,65.139505],[-21.880003,65.154501],[-21.853579,65.158369],[-21.850529,65.160063],[-21.851494,65.163912],[-21.841928,65.165674],[-21.847134,65.169329],[-21.84017,65.170961],[-21.832764,65.166685],[-21.824175,65.172907],[-21.831076,65.181501],[-21.817142,65.192892],[-21.815208,65.199903],[-21.819164,65.201578],[-21.816946,65.203825],[-21.76458,65.206553],[-21.72234,65.196539],[-21.72061,65.185995],[-21.725676,65.181353],[-21.715014,65.175215],[-21.715406,65.171865],[-21.70717,65.172758],[-21.707485,65.169405],[-21.713789,65.165773],[-21.710138,65.158922],[-21.716888,65.151655],[-21.723429,65.150736],[-21.740189,65.140448],[-21.737074,65.139338],[-21.736792,65.133627],[-21.760132,65.119722],[-21.759464,65.116617],[-21.772232,65.111666],[-21.770992,65.107096],[-21.77442,65.100725],[-21.763784,65.097242],[-21.772417,65.097937],[-21.783419,65.090242],[-21.804817,65.085783],[-21.832901,65.070395],[-21.832859,65.067816],[-21.819778,65.063742],[-21.788363,65.061255],[-21.778036,65.055231],[-21.786346,65.054239],[-21.783445,65.050386],[-21.786049,65.046576],[-21.775637,65.044527],[-21.780382,65.04151],[-21.77807,65.038752],[-21.785748,65.038057],[-21.78503,65.035536],[-21.789787,65.034803],[-21.787449,65.029871],[-21.79726,65.029196],[-21.80809,65.020372],[-21.811632,65.02318],[-21.804794,65.026209],[-21.821867,65.027887],[-21.855852,65.026537],[-21.885723,65.02923],[-21.934568,65.023836],[-21.962585,65.030321],[-21.961861,65.027708],[-21.965752,65.026567],[-21.989143,65.025736],[-22.067827,65.039206],[-22.096478,65.038122],[-22.098902,65.036852],[-22.091991,65.036093],[-22.101059,65.034903],[-22.106483,65.037233],[-22.101198,65.039568],[-22.102747,65.041368],[-22.124655,65.040525],[-22.120045,65.037397],[-22.137157,65.033724],[-22.116518,65.029917],[-22.123356,65.029718],[-22.121927,65.026915],[-22.127043,65.026007],[-22.137863,65.027388],[-22.134583,65.02965],[-22.140869,65.030516],[-22.151667,65.027662],[-22.144526,65.03229],[-22.153273,65.034086],[-22.16507,65.033247],[-22.163134,65.031519],[-22.166203,65.030313],[-22.183594,65.034613],[-22.199978,65.0287],[-22.205269,65.034853],[-22.210943,65.030313],[-22.213207,65.032171],[-22.211464,65.034853],[-22.222864,65.034693],[-22.22555,65.038301],[-22.212973,65.042475],[-22.224405,65.045904],[-22.240599,65.04698],[-22.231596,65.044466],[-22.238428,65.041964],[-22.244133,65.043829],[-22.242506,65.045111],[-22.249147,65.04381],[-22.252493,65.046724],[-22.269424,65.048368],[-22.28688,65.045424],[-22.293463,65.047647],[-22.290073,65.049574],[-22.292047,65.050753],[-22.302629,65.049788],[-22.299227,65.052286],[-22.305515,65.058298],[-22.312477,65.057558],[-22.324936,65.063997],[-22.356016,65.05794],[-22.350922,65.054846],[-22.369219,65.058607],[-22.37463,65.056887],[-22.373821,65.054579],[-22.377684,65.057535],[-22.385855,65.056398],[-22.383024,65.055132],[-22.385565,65.05382],[-22.396753,65.055647],[-22.400242,65.051069],[-22.422161,65.051039],[-22.432655,65.044065],[-22.444124,65.046217],[-22.454229,65.043787],[-22.484579,65.044695],[-22.483015,65.047106],[-22.485521,65.04833],[-22.467106,65.050501],[-22.479374,65.05057],[-22.478546,65.052412],[-22.486166,65.052073],[-22.481117,65.050768],[-22.486473,65.048113],[-22.49934,65.047823],[-22.530626,65.052412],[-22.533602,65.05039],[-22.530867,65.048941],[-22.548891,65.047785],[-22.550705,65.044394],[-22.564528,65.040506],[-22.563633,65.038195],[-22.569168,65.038054],[-22.569075,65.034132],[-22.582458,65.03248],[-22.582399,65.035685],[-22.593355,65.032961],[-22.591892,65.029692],[-22.594419,65.02767],[-22.603397,65.026468],[-22.599533,65.024439],[-22.613863,65.020575],[-22.608097,65.016474],[-22.612263,65.014627],[-22.611347,65.011805],[-22.621445,65.008677],[-22.614582,65.00519],[-22.618746,65.003439],[-22.590103,64.987684],[-22.572508,64.973051],[-22.578753,64.970789],[-22.586571,64.971853],[-22.589745,64.977121],[-22.595226,64.979063],[-22.606022,64.979963],[-22.612465,64.990103],[-22.628664,64.99235],[-22.635115,64.998468],[-22.643101,64.995306],[-22.65835,65.000643],[-22.672382,65.001276],[-22.672224,65.006739],[-22.674833,65.00728],[-22.669254,65.011316],[-22.684725,65.013662],[-22.681633,65.015409],[-22.684229,65.01782],[-22.677893,65.019941],[-22.684782,65.021864],[-22.66202,65.02809],[-22.68034,65.029745],[-22.69232,65.026735],[-22.68758,65.023706],[-22.695755,65.020605],[-22.695204,65.022726],[-22.705252,65.023634],[-22.701256,65.025736],[-22.736038,65.017126],[-22.746704,65.019587],[-22.732826,65.02545],[-22.724316,65.023893],[-22.72179,65.026461],[-22.723801,65.027288],[-22.705517,65.030886],[-22.703526,65.034063],[-22.697905,65.032515],[-22.694046,65.034475],[-22.695827,65.03776],[-22.693394,65.04265],[-22.672575,65.044374],[-22.66654,65.049368],[-22.674482,65.04941],[-22.671707,65.047129],[-22.675543,65.046217],[-22.678453,65.048353],[-22.679737,65.045683],[-22.681257,65.049635],[-22.674644,65.052282],[-22.682844,65.052683],[-22.68659,65.047338],[-22.691494,65.046717],[-22.689882,65.044626],[-22.711407,65.045462],[-22.694403,65.047338],[-22.691734,65.050749],[-22.686211,65.050623],[-22.689398,65.051512],[-22.686787,65.052877],[-22.702085,65.048914],[-22.680056,65.057333],[-22.693138,65.057604],[-22.688135,65.061209],[-22.699051,65.063547],[-22.69376,65.06661],[-22.69799,65.068586],[-22.710857,65.066916],[-22.734076,65.056211],[-22.746908,65.055883],[-22.767008,65.049543],[-22.764757,65.053175],[-22.720541,65.064047],[-22.709929,65.069033],[-22.714909,65.070951],[-22.707521,65.073301],[-22.721653,65.074823],[-22.716658,65.077238],[-22.722631,65.081244],[-22.74024,65.076452],[-22.736795,65.0861],[-22.740538,65.08499],[-22.739399,65.082636],[-22.75182,65.081198],[-22.766169,65.073896],[-22.756922,65.072355],[-22.739897,65.075502],[-22.751873,65.070917],[-22.748739,65.069853],[-22.752636,65.068365],[-22.747952,65.068724],[-22.749859,65.066225],[-22.781519,65.05665],[-22.788507,65.049742],[-22.818096,65.036551],[-22.828962,65.034178],[-22.807562,65.044306],[-22.830788,65.038889],[-22.848963,65.029783],[-22.853743,65.030939],[-22.850908,65.033205],[-22.8561,65.035658],[-22.864946,65.035406],[-22.875288,65.030794],[-22.869516,65.02796],[-22.877529,65.026819],[-22.859533,65.028967],[-22.851095,65.025217],[-22.839643,65.02762],[-22.836327,65.025015],[-22.837996,65.023298],[-22.807587,65.026541],[-22.796425,65.02276],[-22.785175,65.027861],[-22.758488,65.03211],[-22.779631,65.026445],[-22.772768,65.026178],[-22.780224,65.024088],[-22.770617,65.019983],[-22.772345,65.01848],[-22.778978,65.019506],[-22.77821,65.017431],[-22.78993,65.014425],[-22.819939,65.013033],[-22.839521,65.003649],[-22.857986,65.00498],[-22.875183,65.003065],[-22.886959,64.997171],[-22.908066,64.997946],[-22.918455,64.990301],[-22.909424,64.990393],[-22.913702,64.984507],[-22.924074,64.989862],[-22.938049,64.989676],[-22.931492,64.996557],[-22.948343,64.998308],[-22.947132,65.00004],[-22.952696,65.002199],[-22.946299,65.004034],[-22.950216,65.00738],[-22.9548,65.004168],[-22.962301,65.004766],[-22.957031,65.007402],[-22.96196,65.00876],[-23.017538,65.004118],[-23.039965,64.990873],[-23.0431,64.982374],[-23.057755,64.968798],[-23.05694,64.965708],[-23.052139,64.963236],[-23.046783,64.966158],[-23.032297,64.96583],[-23.025837,64.961618],[-23.003246,64.958586],[-22.98945,64.950098],[-23.011831,64.947874],[-23.015911,64.954802],[-23.027288,64.958597],[-23.04059,64.956217],[-23.05242,64.961035],[-23.059843,64.958902],[-23.082609,64.96454],[-23.084856,64.962687],[-23.087166,64.965883],[-23.091167,64.965277],[-23.091017,64.960638],[-23.095104,64.956495],[-23.101618,64.962358],[-23.105192,64.959036],[-23.10125,64.95471],[-23.104406,64.953096],[-23.08882,64.927042],[-23.089148,64.914495],[-23.097427,64.911478],[-23.125656,64.921259],[-23.121964,64.925074],[-23.125259,64.93754],[-23.14493,64.941919],[-23.144173,64.93981],[-23.153032,64.94087],[-23.161572,64.946516],[-23.137789,64.963675],[-23.123922,64.965723],[-23.128946,64.968836],[-23.12405,64.978224],[-23.104647,64.996824],[-23.082714,65.003065],[-23.08856,65.005793],[-23.137529,65.003912],[-23.174458,65.011812],[-23.17152,65.012777],[-23.185429,65.013327],[-23.194872,65.012205],[-23.229721,64.995157],[-23.228369,64.986773],[-23.223339,64.98033],[-23.224295,64.97571],[-23.218245,64.971472],[-23.220263,64.964632],[-23.213955,64.961565],[-23.202261,64.948099],[-23.210011,64.935896],[-23.208828,64.929007],[-23.228136,64.922804],[-23.25086,64.921736],[-23.254217,64.924536],[-23.251122,64.926466],[-23.25942,64.928991],[-23.286757,64.922251],[-23.296478,64.923635],[-23.295017,64.926432],[-23.298204,64.927893],[-23.308004,64.924704],[-23.308067,64.927038],[-23.303993,64.926611],[-23.304607,64.928907],[-23.290415,64.935694],[-23.293373,64.942728],[-23.290493,64.944319],[-23.305544,64.952162],[-23.322405,64.949396],[-23.321133,64.945353],[-23.324871,64.940226],[-23.31909,64.931448],[-23.341957,64.936827],[-23.335552,64.944841],[-23.325237,64.946047],[-23.32443,64.952639],[-23.333324,64.963938],[-23.359879,64.972368],[-23.357323,64.969442],[-23.366316,64.965395],[-23.394413,64.962412],[-23.375895,64.954248],[-23.376825,64.949553],[-23.366735,64.946157],[-23.362747,64.940619],[-23.374149,64.939772],[-23.38188,64.944025],[-23.411627,64.948523],[-23.386141,64.954405],[-23.390081,64.959143],[-23.403173,64.951941],[-23.422047,64.947313],[-23.444487,64.947317],[-23.4804,64.952955],[-23.492725,64.94586],[-23.485626,64.94412],[-23.495499,64.944868],[-23.505381,64.941305],[-23.507164,64.933062],[-23.517385,64.923666],[-23.530758,64.917292],[-23.530985,64.913374],[-23.53517,64.918402],[-23.539824,64.91847],[-23.546747,64.912821],[-23.59223,64.915785],[-23.601322,64.912748],[-23.603527,64.909342],[-23.60146,64.90534],[-23.61265,64.897081],[-23.603636,64.896357],[-23.602514,64.892992],[-23.605688,64.890184],[-23.618816,64.892359],[-23.614555,64.895811],[-23.635681,64.889647],[-23.658657,64.892866],[-23.688377,64.891264],[-23.705641,64.895964],[-23.701691,64.898523],[-23.762028,64.902323],[-23.797056,64.912561],[-23.811028,64.919386],[-23.809774,64.9219],[-23.813936,64.92383],[-23.807573,64.923349],[-23.811251,64.924643],[-23.842028,64.926561],[-23.884981,64.91979],[-23.896017,64.914171],[-23.905529,64.915564],[-23.909344,64.919527],[-23.916304,64.918962],[-23.936844,64.908159],[-23.939194,64.903154],[-23.954302,64.900915],[-23.962858,64.89348],[-23.976185,64.890368],[-23.984535,64.881853],[-24.025982,64.879938],[-24.042425,64.886938],[-24.046278,64.885729],[-24.046843,64.877703],[-24.04018,64.867945],[-24.037104,64.853601],[-24.024849,64.845892],[-24.011541,64.827749],[-23.99789,64.82408],[-23.989613,64.816114],[-23.974134,64.814348],[-23.974571,64.807783],[-23.969723,64.802393],[-23.961527,64.799807],[-23.956232,64.788393],[-23.932684,64.775553],[-23.93412,64.767084],[-23.920023,64.762346],[-23.914293,64.753347],[-23.918274,64.752066],[-23.916637,64.749296],[-23.89909,64.753241],[-23.897381,64.748446],[-23.873222,64.747309],[-23.872248,64.743315],[-23.863064,64.744093],[-23.819059,64.73546],[-23.814497,64.72909],[-23.80224,64.727396],[-23.793461,64.727427],[-23.791258,64.730585],[-23.775496,64.73493],[-23.742399,64.736036],[-23.701855,64.742491],[-23.658827,64.738214],[-23.642214,64.739576],[-23.637245,64.744932],[-23.6436,64.751902],[-23.615719,64.767408],[-23.616348,64.770468],[-23.627735,64.776278],[-23.620602,64.783529],[-23.620432,64.788004],[-23.604156,64.791883],[-23.5942,64.800947],[-23.545527,64.805052],[-23.491577,64.803663],[-23.436991,64.790751],[-23.390724,64.799433],[-23.383673,64.807356],[-23.386543,64.814375],[-23.377522,64.819628],[-23.379793,64.823244],[-23.366255,64.826841],[-23.2617,64.826033],[-23.107958,64.801527],[-23.090561,64.803667],[-23.093321,64.800253],[-23.082096,64.802599],[-23.075485,64.799898],[-23.053232,64.803118],[-23.027508,64.794504],[-22.98951,64.806387],[-22.960714,64.803976],[-22.940512,64.79553],[-22.92634,64.796286],[-22.912922,64.792971],[-22.8689,64.80081],[-22.836088,64.799616],[-22.763189,64.79151],[-22.700874,64.771864],[-22.695107,64.77384],[-22.703363,64.776255],[-22.705723,64.780176],[-22.713486,64.780256],[-22.737862,64.788378],[-22.735565,64.789576],[-22.742357,64.793112],[-22.755333,64.795362],[-22.755037,64.798769],[-22.765137,64.799063],[-22.753708,64.8034],[-22.725458,64.803156],[-22.72015,64.806894],[-22.718449,64.802618],[-22.701944,64.810411],[-22.698999,64.806677],[-22.691441,64.806849],[-22.689716,64.80287],[-22.677744,64.807177],[-22.660658,64.802252],[-22.658987,64.799273],[-22.662157,64.797056],[-22.654987,64.79431],[-22.670652,64.786711],[-22.662725,64.788298],[-22.662836,64.785913],[-22.65218,64.784536],[-22.641735,64.790174],[-22.635649,64.789602],[-22.635197,64.786421],[-22.625139,64.788786],[-22.628483,64.784117],[-22.622929,64.783278],[-22.638689,64.777723],[-22.637938,64.774843],[-22.645895,64.78179],[-22.662258,64.783998],[-22.688555,64.780672],[-22.682228,64.777018],[-22.660286,64.775621],[-22.639469,64.769976],[-22.602674,64.778036],[-22.575832,64.772955],[-22.551846,64.77622],[-22.550158,64.778265],[-22.557093,64.780203],[-22.578026,64.777254],[-22.589706,64.780767],[-22.521885,64.80876],[-22.517277,64.808149],[-22.513189,64.804281],[-22.515522,64.802412],[-22.503143,64.795855],[-22.48778,64.802317],[-22.476559,64.79838],[-22.473902,64.8025],[-22.482105,64.804388],[-22.462107,64.811693],[-22.454733,64.805975],[-22.458075,64.798323],[-22.445858,64.800703],[-22.423895,64.799383],[-22.420706,64.804647],[-22.412985,64.807272],[-22.419647,64.808069],[-22.415363,64.811728],[-22.419344,64.814394],[-22.404541,64.819555],[-22.416401,64.814528],[-22.403801,64.800306],[-22.415272,64.800348],[-22.409489,64.794573],[-22.420343,64.792845],[-22.421934,64.789156],[-22.436291,64.784834],[-22.449385,64.787199],[-22.456522,64.782286],[-22.426119,64.783205],[-22.410292,64.788511],[-22.413675,64.78467],[-22.410032,64.781397],[-22.425243,64.77342],[-22.421568,64.769541],[-22.431978,64.76655],[-22.426458,64.770716],[-22.434317,64.771559],[-22.433212,64.766832],[-22.440834,64.766249],[-22.435064,64.77146],[-22.437691,64.774027],[-22.443985,64.766817],[-22.45834,64.76697],[-22.466482,64.764254],[-22.467546,64.760904],[-22.411272,64.729658],[-22.392494,64.726053],[-22.376612,64.726934],[-22.377388,64.733755],[-22.381903,64.736277],[-22.403976,64.735037],[-22.403824,64.737841],[-22.428972,64.749548],[-22.426743,64.751837],[-22.435226,64.756433],[-22.419786,64.757631],[-22.408808,64.768026],[-22.401964,64.769407],[-22.394272,64.766481],[-22.387447,64.768591],[-22.383837,64.763773],[-22.370258,64.764078],[-22.362228,64.770227],[-22.348774,64.768618],[-22.347719,64.764605],[-22.333281,64.765352],[-22.308353,64.7563],[-22.313732,64.75416],[-22.30895,64.749369],[-22.310585,64.746878],[-22.340059,64.740034],[-22.341673,64.735785],[-22.330532,64.73514],[-22.326979,64.726507],[-22.340635,64.723013],[-22.348722,64.716269],[-22.346157,64.713186],[-22.36194,64.715868],[-22.356081,64.719233],[-22.35821,64.719839],[-22.378395,64.717062],[-22.375261,64.698908],[-22.390951,64.689714],[-22.407196,64.689066],[-22.412077,64.68442],[-22.408894,64.681036],[-22.414476,64.675035],[-22.415005,64.667917],[-22.407658,64.66654],[-22.403698,64.672625],[-22.393862,64.674925],[-22.382612,64.683695],[-22.373369,64.686373],[-22.375603,64.68244],[-22.356142,64.690992],[-22.343796,64.691866],[-22.339277,64.696337],[-22.33572,64.69771],[-22.323437,64.697771],[-22.315601,64.702051],[-22.322828,64.696978],[-22.337664,64.696341],[-22.336952,64.691931],[-22.34849,64.687864],[-22.340761,64.686609],[-22.347527,64.680262],[-22.34133,64.682676],[-22.337271,64.681772],[-22.338219,64.679163],[-22.319698,64.680155],[-22.337933,64.677744],[-22.33588,64.674143],[-22.346596,64.670412],[-22.338066,64.669596],[-22.345755,64.665884],[-22.345619,64.659292],[-22.349262,64.658587],[-22.347528,64.656561],[-22.361692,64.648249],[-22.353624,64.646563],[-22.339159,64.654615],[-22.328615,64.654238],[-22.332315,64.652571],[-22.329399,64.650141],[-22.33363,64.648905],[-22.331383,64.64715],[-22.340443,64.648428],[-22.346149,64.644674],[-22.363811,64.647627],[-22.367563,64.643885],[-22.381329,64.642248],[-22.401255,64.650564],[-22.432198,64.656572],[-22.441769,64.661573],[-22.43285,64.669992],[-22.44973,64.667246],[-22.449341,64.661497],[-22.451956,64.659887],[-22.407661,64.650278],[-22.383402,64.640577],[-22.379261,64.63682],[-22.384268,64.63101],[-22.358835,64.617929],[-22.36376,64.612638],[-22.35243,64.620096],[-22.339983,64.620386],[-22.348705,64.611723],[-22.348837,64.605715],[-22.357138,64.599932],[-22.356869,64.598051],[-22.353159,64.600405],[-22.350954,64.595861],[-22.35841,64.590014],[-22.340767,64.600275],[-22.36223,64.583036],[-22.354668,64.584272],[-22.3549,64.582174],[-22.349384,64.585917],[-22.347887,64.582968],[-22.337521,64.588217],[-22.343349,64.582006],[-22.342335,64.578203],[-22.345419,64.579676],[-22.35141,64.574793],[-22.351624,64.571157],[-22.343441,64.575819],[-22.349136,64.570311],[-22.343178,64.572847],[-22.352905,64.560335],[-22.347609,64.564871],[-22.34758,64.561701],[-22.343712,64.563425],[-22.346085,64.5595],[-22.343052,64.557959],[-22.330765,64.555754],[-22.327204,64.557878],[-22.325533,64.554918],[-22.315439,64.560823],[-22.313007,64.55789],[-22.303957,64.561907],[-22.302174,64.558126],[-22.306164,64.555609],[-22.30592,64.549006],[-22.298027,64.560022],[-22.282692,64.569941],[-22.267254,64.573454],[-22.262356,64.572119],[-22.26491,64.569281],[-22.25836,64.568716],[-22.231911,64.586378],[-22.23189,64.584101],[-22.240074,64.580492],[-22.24398,64.571192],[-22.25441,64.568346],[-22.250168,64.565901],[-22.25635,64.561182],[-22.240463,64.56328],[-22.230825,64.560404],[-22.234701,64.557646],[-22.241465,64.558615],[-22.256264,64.547407],[-22.26532,64.546862],[-22.272083,64.550352],[-22.275709,64.54777],[-22.273874,64.545237],[-22.254848,64.545488],[-22.238043,64.550077],[-22.233629,64.546873],[-22.227571,64.550959],[-22.22912,64.556021],[-22.226677,64.557085],[-22.215975,64.550554],[-22.215778,64.54635],[-22.231525,64.544588],[-22.231424,64.541491],[-22.22401,64.541712],[-22.232298,64.537775],[-22.22893,64.537317],[-22.226917,64.531752],[-22.217009,64.535238],[-22.207102,64.534639],[-22.207148,64.530714],[-22.213448,64.531351],[-22.212004,64.525858],[-22.227654,64.525057],[-22.22648,64.530005],[-22.234663,64.529364],[-22.233418,64.533354],[-22.245173,64.53359],[-22.24345,64.531614],[-22.24824,64.530031],[-22.247236,64.527975],[-22.259798,64.531084],[-22.253429,64.527308],[-22.252859,64.521521],[-22.235933,64.527369],[-22.235094,64.523523],[-22.240002,64.518034],[-22.232405,64.519884],[-22.232489,64.517241],[-22.226748,64.52191],[-22.229055,64.523302],[-22.225389,64.523222],[-22.228258,64.517591],[-22.224854,64.515722],[-22.226286,64.512934],[-22.230597,64.515535],[-22.235123,64.516111],[-22.239618,64.513781],[-22.238831,64.511812],[-22.231899,64.514956],[-22.232021,64.509989],[-22.2278,64.508928],[-22.231781,64.507917],[-22.229729,64.501631],[-22.237715,64.501738],[-22.243101,64.496321],[-22.242737,64.489771],[-22.247858,64.500181],[-22.251732,64.491499],[-22.249851,64.488646],[-22.244852,64.492117],[-22.241972,64.481913],[-22.234859,64.489241],[-22.234312,64.49502],[-22.231812,64.49193],[-22.234764,64.487898],[-22.233921,64.482027],[-22.225159,64.476027],[-22.219757,64.483915],[-22.224504,64.487955],[-22.220089,64.487047],[-22.221252,64.489088],[-22.217569,64.491236],[-22.219755,64.494829],[-22.224144,64.490278],[-22.225557,64.491949],[-22.22506,64.497694],[-22.220774,64.496229],[-22.223701,64.505487],[-22.219818,64.505835],[-22.212759,64.501474],[-22.214828,64.49967],[-22.211805,64.494623],[-22.198441,64.494722],[-22.198723,64.488478],[-22.201036,64.488462],[-22.196533,64.48424],[-22.206282,64.481089],[-22.211222,64.484003],[-22.213827,64.47711],[-22.222536,64.476194],[-22.226635,64.471182],[-22.199133,64.467848],[-22.188248,64.45981],[-22.170607,64.461924],[-22.149607,64.458994],[-22.141634,64.464952],[-22.143089,64.467268],[-22.132654,64.470823],[-22.108374,64.472166],[-22.097214,64.469229],[-22.079086,64.472521],[-22.078972,64.479879],[-22.07069,64.495008],[-22.075989,64.49896],[-22.075445,64.504461],[-22.071466,64.506826],[-22.074627,64.506853],[-22.071106,64.508768],[-22.051437,64.507254],[-22.047804,64.512472],[-22.052303,64.514624],[-22.047235,64.519323],[-22.05125,64.522062],[-22.043186,64.536604],[-22.051464,64.542459],[-22.035772,64.554609],[-22.022762,64.554728],[-22.028742,64.559736],[-22.033705,64.559641],[-22.020071,64.565237],[-22.017365,64.567728],[-22.019703,64.570181],[-22.009827,64.573317],[-22.000191,64.581293],[-22.001745,64.576826],[-22.01428,64.570734],[-22.011917,64.56888],[-22.013725,64.563337],[-22.009012,64.560118],[-22.037207,64.532434],[-22.037395,64.527472],[-22.029184,64.530027],[-22.02837,64.523672],[-22.020638,64.529356],[-22.022354,64.530874],[-22.019297,64.530111],[-22.025478,64.518305],[-22.019846,64.51885],[-22.011995,64.524977],[-22.000448,64.524778],[-21.999929,64.528997],[-21.990213,64.530176],[-21.98855,64.533064],[-21.983696,64.531126],[-21.984303,64.528009],[-21.980639,64.529581],[-21.9762,64.526945],[-21.96702,64.535543],[-21.966276,64.540613],[-21.963198,64.540983],[-21.965214,64.544863],[-21.959223,64.544188],[-21.951635,64.550318],[-21.935205,64.546816],[-21.943943,64.544855],[-21.939676,64.543623],[-21.912926,64.555437],[-21.910921,64.551226],[-21.91918,64.546106],[-21.915514,64.544233],[-21.92993,64.537477],[-21.921551,64.534739],[-21.911201,64.540918],[-21.903288,64.537958],[-21.907055,64.54191],[-21.905907,64.54896],[-21.889637,64.552572],[-21.890539,64.555704],[-21.879948,64.565939],[-21.871805,64.564447],[-21.879248,64.557562],[-21.877308,64.556314],[-21.859636,64.558985],[-21.855911,64.560999],[-21.864687,64.56444],[-21.863619,64.569403],[-21.841988,64.572218],[-21.835474,64.578611],[-21.82642,64.577047],[-21.823679,64.580206],[-21.804085,64.584837],[-21.792471,64.580793],[-21.790674,64.584017],[-21.752789,64.586233],[-21.750919,64.590712],[-21.738409,64.59329],[-21.736092,64.598276],[-21.730551,64.595629],[-21.722897,64.600966],[-21.716888,64.602533],[-21.722725,64.599741],[-21.71991,64.598902],[-21.688866,64.613749],[-21.685303,64.619242],[-21.703165,64.626097],[-21.706539,64.628897],[-21.704908,64.631411],[-21.686775,64.642462],[-21.676653,64.641451],[-21.668884,64.64477],[-21.666153,64.647223],[-21.667973,64.657263],[-21.651102,64.65666],[-21.664742,64.656729],[-21.66268,64.646654],[-21.67227,64.640657],[-21.686293,64.640821],[-21.697046,64.628733],[-21.694914,64.624262],[-21.680107,64.617659],[-21.693762,64.604555],[-21.705372,64.604193],[-21.718563,64.596205],[-21.775164,64.576967],[-21.773161,64.575064],[-21.775988,64.573847],[-21.769949,64.573927],[-21.77985,64.569647],[-21.778351,64.567904],[-21.789389,64.557158],[-21.806684,64.546885],[-21.825634,64.545668],[-21.79031,64.546007],[-21.790813,64.543917],[-21.778654,64.542475],[-21.779562,64.537733],[-21.771902,64.535513],[-21.769388,64.536299],[-21.771494,64.540812],[-21.762423,64.54455],[-21.771183,64.545935],[-21.76001,64.545691],[-21.760334,64.543653],[-21.76984,64.541109],[-21.767612,64.535299],[-21.793909,64.532553],[-21.805424,64.535517],[-21.814636,64.531496],[-21.831226,64.531973],[-21.832609,64.52746],[-21.859591,64.525278],[-21.877039,64.526136],[-21.887144,64.532274],[-21.885351,64.526388],[-21.900196,64.516432],[-21.93088,64.512312],[-21.944267,64.504267],[-21.946411,64.509462],[-21.941912,64.513342],[-21.94932,64.5147],[-21.950941,64.51298],[-21.947062,64.507261],[-21.964874,64.496481],[-21.966331,64.49851],[-21.971287,64.487352],[-21.980852,64.479937],[-21.9818,64.467413],[-21.986094,64.464117],[-21.991837,64.464598],[-21.995142,64.459715],[-21.991735,64.45962],[-21.994337,64.455076],[-21.992418,64.452543],[-21.988804,64.452425],[-21.992216,64.446077],[-21.989367,64.443937],[-21.99622,64.442202],[-21.995872,64.439615],[-22.002142,64.440592],[-22.006439,64.434225],[-22.010511,64.436132],[-22.004147,64.444288],[-22.005354,64.450327],[-21.999176,64.456762],[-21.993876,64.457666],[-22.003487,64.457026],[-22.011066,64.448072],[-22.01145,64.440195],[-22.01701,64.43778],[-22.013876,64.423754],[-22.025045,64.421167],[-22.024607,64.411207],[-22.027891,64.407858],[-22.033421,64.405626],[-22.038397,64.407492],[-22.042307,64.404448],[-22.023428,64.393301],[-21.980474,64.376017],[-21.974785,64.378046],[-21.994322,64.386705],[-21.971233,64.394018],[-21.957115,64.394815],[-21.960165,64.387312],[-21.942799,64.398302],[-21.935282,64.399702],[-21.93569,64.392714],[-21.922251,64.398314],[-21.91098,64.39884],[-21.910282,64.395754],[-21.896914,64.392885],[-21.898115,64.388437],[-21.892744,64.384336],[-21.873251,64.396151],[-21.866489,64.391844],[-21.867405,64.389261],[-21.856192,64.387426],[-21.868139,64.383799],[-21.876444,64.386194],[-21.881691,64.380632],[-21.861347,64.375792],[-21.901346,64.371935],[-21.907492,64.375441],[-21.913261,64.371664],[-21.91861,64.372839],[-21.915228,64.376986],[-21.921305,64.377592],[-21.927961,64.371176],[-21.946239,64.369265],[-21.944828,64.373262],[-21.954462,64.371855],[-21.955765,64.368151],[-21.961004,64.371134],[-21.96773,64.368174],[-21.971077,64.373507],[-21.981541,64.373526],[-21.992586,64.361235],[-22.007801,64.36001],[-22.049568,64.341539],[-22.04192,64.339392],[-22.054937,64.33201],[-22.057621,64.33362],[-22.069698,64.326643],[-22.076139,64.327581],[-22.087278,64.319262],[-22.099356,64.318052],[-22.108885,64.312014],[-22.094793,64.315905],[-22.096941,64.306646],[-22.083654,64.314428],[-22.071041,64.317518],[-22.054684,64.315313],[-22.050821,64.311338],[-22.04221,64.312067],[-22.044731,64.306822],[-22.033253,64.303358],[-22.037531,64.299994],[-22.014669,64.304018],[-21.992643,64.29756],[-21.977093,64.302942],[-21.951681,64.301329],[-21.936213,64.305346],[-21.926332,64.30348],[-21.906462,64.306749],[-21.861122,64.321047],[-21.85165,64.326635],[-21.825335,64.33127],[-21.802553,64.339163],[-21.78816,64.352999],[-21.775093,64.35692],[-21.777695,64.358648],[-21.775764,64.360277],[-21.760685,64.364389],[-21.748383,64.363417],[-21.73922,64.368536],[-21.729088,64.380247],[-21.705151,64.383554],[-21.694998,64.389444],[-21.682247,64.389208],[-21.679501,64.393183],[-21.642107,64.402651],[-21.594534,64.404001],[-21.575951,64.397028],[-21.556461,64.396715],[-21.533083,64.390528],[-21.516319,64.39456],[-21.44523,64.397261],[-21.440649,64.395826],[-21.444538,64.393309],[-21.439907,64.394804],[-21.424219,64.385878],[-21.423437,64.382753],[-21.429394,64.379259],[-21.46324,64.375425],[-21.466702,64.372557],[-21.45717,64.37005],[-21.432899,64.371717],[-21.418631,64.383478],[-21.400368,64.38756],[-21.36916,64.388094],[-21.359055,64.386446],[-21.355743,64.382582],[-21.385689,64.379187],[-21.414314,64.370272],[-21.417881,64.366625],[-21.407782,64.359678],[-21.413088,64.356596],[-21.471708,64.354963],[-21.493824,64.360125],[-21.49712,64.365206],[-21.506943,64.361975],[-21.520565,64.363848],[-21.530079,64.360342],[-21.561598,64.362524],[-21.566654,64.364176],[-21.568018,64.36965],[-21.555704,64.375845],[-21.571005,64.377066],[-21.586849,64.375654],[-21.579973,64.373751],[-21.581789,64.372496],[-21.615503,64.370039],[-21.638584,64.360922],[-21.675127,64.355742],[-21.67741,64.352457],[-21.665354,64.344736],[-21.632143,64.346067],[-21.614994,64.342703],[-21.624304,64.337198],[-21.625666,64.339331],[-21.635883,64.337629],[-21.635345,64.334772],[-21.671211,64.333948],[-21.684402,64.338259],[-21.716684,64.334814],[-21.731039,64.342493],[-21.732788,64.334818],[-21.753126,64.328207],[-21.770302,64.317007],[-21.808645,64.299376],[-21.814678,64.293615],[-21.836948,64.288858],[-21.836267,64.286848],[-21.843403,64.284262],[-21.844048,64.279325],[-21.878736,64.255186],[-21.877211,64.251329],[-21.882629,64.244001],[-21.907045,64.242998],[-21.88995,64.236708],[-21.910025,64.232573],[-21.899076,64.228056],[-21.8878,64.230993],[-21.882267,64.22751],[-21.868402,64.23023],[-21.864969,64.235231],[-21.857843,64.237432],[-21.834846,64.238249],[-21.818222,64.232534],[-21.811699,64.223249],[-21.817949,64.212736],[-21.828018,64.209936],[-21.826042,64.206766],[-21.796455,64.210775],[-21.76281,64.202421],[-21.722414,64.208345],[-21.711748,64.206995],[-21.708021,64.203539],[-21.717449,64.202936],[-21.718355,64.199759],[-21.741371,64.199713],[-21.744364,64.195158],[-21.768435,64.195372],[-21.769823,64.192541],[-21.758356,64.185572],[-21.776911,64.177084],[-21.767004,64.17333],[-21.760014,64.178953],[-21.749022,64.17602],[-21.73251,64.177099],[-21.718554,64.18302],[-21.719393,64.180906],[-21.705303,64.177546],[-21.706873,64.175035],[-21.726601,64.174101],[-21.73864,64.169027],[-21.751726,64.1695],[-21.753912,64.167418],[-21.748363,64.165209],[-21.751657,64.162344],[-21.76902,64.156103],[-21.7869,64.156626],[-21.78853,64.15983],[-21.792,64.156355],[-21.818819,64.154955],[-21.823193,64.151434],[-21.819561,64.149431],[-21.825941,64.142256],[-21.813904,64.134081],[-21.825167,64.135035],[-21.831221,64.13209],[-21.838018,64.134348],[-21.839031,64.146856],[-21.847652,64.150412],[-21.8571,64.148569],[-21.859627,64.150328],[-21.858088,64.153055],[-21.864487,64.156599],[-21.886204,64.153872],[-21.893797,64.147749],[-21.91584,64.146105],[-21.931324,64.151484],[-21.937399,64.149603],[-21.941479,64.151247],[-21.939598,64.152807],[-21.947418,64.15288],[-21.933571,64.15373],[-21.938059,64.16091],[-21.94577,64.160341],[-21.957605,64.151812],[-21.974586,64.150148],[-21.983278,64.152102],[-21.987038,64.157393],[-22.020189,64.166559],[-22.024937,64.16548],[-22.022888,64.162069],[-22.018101,64.163332],[-22.015465,64.16078],[-22.023092,64.155043],[-22.033138,64.156065],[-22.03717,64.153593],[-22.029306,64.148302],[-22.020891,64.154158],[-22.007254,64.153616],[-21.997238,64.148031],[-21.965679,64.140661],[-21.967642,64.13888],[-21.959951,64.132769],[-21.960417,64.128416],[-21.9417,64.12396],[-21.936869,64.120005],[-21.900635,64.117712],[-21.922712,64.115099],[-21.946091,64.117197],[-21.935789,64.108419],[-21.904989,64.103422],[-21.929054,64.10428],[-21.931566,64.101492],[-21.925201,64.096586],[-21.936058,64.093283],[-21.941214,64.095709],[-21.951694,64.09305],[-21.956108,64.097395],[-21.949951,64.099295],[-21.954439,64.10029],[-21.988226,64.094927],[-22.006767,64.102087],[-21.998423,64.104601],[-21.980101,64.102724],[-21.971661,64.108652],[-21.957539,64.102781],[-21.958248,64.108522],[-21.955652,64.109915],[-21.965212,64.115618],[-21.988218,64.113775],[-21.9872,64.119062],[-21.994066,64.119684],[-22.025543,64.112104],[-22.030176,64.108835],[-22.029226,64.105474],[-22.038013,64.102053],[-22.031687,64.097898],[-22.043915,64.096716],[-22.044491,64.090414],[-22.036581,64.094851],[-22.029284,64.094404],[-22.029655,64.09651],[-22.006443,64.095407],[-22.001192,64.092005],[-22.033688,64.09234],[-22.008541,64.08919],[-22.001549,64.082022],[-21.974314,64.075716],[-21.956694,64.065172],[-21.962374,64.063398],[-21.971945,64.067926],[-21.98719,64.068735],[-21.988947,64.065592],[-21.977274,64.064131],[-21.976135,64.062361],[-21.983088,64.060419],[-21.983223,64.062784],[-21.976915,64.062975],[-21.998047,64.065748],[-21.995813,64.060747],[-22.003902,64.054277],[-22.019985,64.048559],[-22.042252,64.046869],[-22.036753,64.046259],[-22.039917,64.04236],[-22.049292,64.0469],[-22.065624,64.048822],[-22.127808,64.040445],[-22.131336,64.032209],[-22.146318,64.028528],[-22.147337,64.023798],[-22.158396,64.02289],[-22.157814,64.019503],[-22.182053,64.017523],[-22.182903,64.013777],[-22.210613,64.017309],[-22.215847,64.020849],[-22.213083,64.02289],[-22.233082,64.024641],[-22.237402,64.029112],[-22.261374,64.031031],[-22.280209,64.026937],[-22.284435,64.021933],[-22.292332,64.02236],[-22.310101,64.013556],[-22.319561,64.013193],[-22.324976,64.007341],[-22.32889,64.010271],[-22.338085,64.008142],[-22.34985,64.014036],[-22.355173,64.012617],[-22.354424,64.010557],[-22.363626,64.011606],[-22.369446,64.006807],[-22.375656,64.006685],[-22.377829,64.003901],[-22.374783,64.001707],[-22.385065,64.000006],[-22.386993,63.993967],[-22.384691,63.993109],[-22.389662,63.992407],[-22.389814,63.986902],[-22.394846,63.98329],[-22.387924,63.981913],[-22.385744,63.977526],[-22.395382,63.975954],[-22.395657,63.969866],[-22.40247,63.973356],[-22.453594,63.972002],[-22.466276,63.975496],[-22.500795,63.976599],[-22.512917,63.982523],[-22.534668,63.973902],[-22.5406,63.976667],[-22.537766,63.979952],[-22.540928,63.984415],[-22.532619,63.986696],[-22.544067,63.991713],[-22.546574,63.99769],[-22.542852,63.997698],[-22.541538,64.001856],[-22.555195,64.006697],[-22.54777,64.011106],[-22.548544,64.014784],[-22.560839,64.021177],[-22.554819,64.023752],[-22.551497,64.021719],[-22.555885,64.030436],[-22.565926,64.032175],[-22.572857,64.038801],[-22.583935,64.040232],[-22.587416,64.046068],[-22.593618,64.04563],[-22.611616,64.058172],[-22.641603,64.070704],[-22.645355,64.076792],[-22.702806,64.085924],[-22.692419,64.079988],[-22.706106,64.07081],[-22.703268,64.068247],[-22.7139,64.06109],[-22.71559,64.040648],[-22.720125,64.038862],[-22.715364,64.03982],[-22.713728,64.03385],[-22.719818,64.032736],[-22.714613,64.032324],[-22.712078,64.028612],[-22.716352,64.020067],[-22.713707,64.013803],[-22.71508,64.00556],[-22.744841,63.994352],[-22.746593,63.985872],[-22.749998,63.984037],[-22.749029,63.975649],[-22.756254,63.973108],[-22.74766,63.969233],[-22.755928,63.964262],[-22.73864,63.966311],[-22.73484,63.961008],[-22.725883,63.958712],[-22.729017,63.95656],[-22.724655,63.953211],[-22.718714,63.953379],[-22.71645,63.950441],[-22.707129,63.952311],[-22.707994,63.9484],[-22.699135,63.945879],[-22.701481,63.950651],[-22.693287,63.945898],[-22.68852,63.94853],[-22.689623,63.94594],[-22.685144,63.943472],[-22.681124,63.943846],[-22.686876,63.947981],[-22.678778,63.945055],[-22.677824,63.947218],[-22.663818,63.945604],[-22.63792,63.951784],[-22.644356,63.94795],[-22.639856,63.946444],[-22.644077,63.943499],[-22.635969,63.943411],[-22.632036,63.939634],[-22.692804,63.935316],[-22.696413,63.932096],[-22.691912,63.926271],[-22.695415,63.921141],[-22.702051,63.919867],[-22.698931,63.914663],[-22.70767,63.911856],[-22.707932,63.907393],[-22.704514,63.904898],[-22.709129,63.897188],[-22.733702,63.894365],[-22.740557,63.887583],[-22.738407,63.873713],[-22.712685,63.863428],[-22.70262,63.862577],[-22.69593,63.85734],[-22.702581,63.852224],[-22.706167,63.838709],[-22.723797,63.830736],[-22.73814,63.81772],[-22.729773,63.818369],[-22.721901,63.813051],[-22.712461,63.811876],[-22.702133,63.802904],[-22.704344,63.799837],[-22.685972,63.801432],[-22.627222,63.821096],[-22.601353,63.819197],[-22.559269,63.810587],[-22.537153,63.810061],[-22.523001,63.812243],[-22.517027,63.81864],[-22.506781,63.818472],[-22.511265,63.822077],[-22.505133,63.825262],[-22.508469,63.828596],[-22.464655,63.824072],[-22.457191,63.826826],[-22.456999,63.829672],[-22.44614,63.830053],[-22.447783,63.832918],[-22.434608,63.833532],[-22.421762,63.84157],[-22.415928,63.838747],[-22.426058,63.837099],[-22.420218,63.834745],[-22.414505,63.824694],[-22.400515,63.822992],[-22.39113,63.828497],[-22.396986,63.834429],[-22.395067,63.838808],[-22.379358,63.838381],[-22.373989,63.845301],[-22.341175,63.855577],[-22.31926,63.853125],[-22.317265,63.849401],[-22.305248,63.849615],[-22.307283,63.847834],[-22.305094,63.844896],[-22.298597,63.842916],[-22.257889,63.84424],[-22.247536,63.838636],[-22.238939,63.839373],[-22.238409,63.836226],[-22.243639,63.837397],[-22.234921,63.832945],[-22.20709,63.834288],[-22.163881,63.830549],[-22.129169,63.836184],[-22.114573,63.833754],[-22.098949,63.83536],[-22.086103,63.830282],[-22.069601,63.829443],[-21.997496,63.836443],[-21.97715,63.83375],[-21.960773,63.836992],[-21.917231,63.836485],[-21.899544,63.842363],[-21.827169,63.851595],[-21.81851,63.855947],[-21.811214,63.866644],[-21.744938,63.861448],[-21.722071,63.85095],[-21.725077,63.845911],[-21.708876,63.834612],[-21.677074,63.822756],[-21.650383,63.819746],[-21.607121,63.825148],[-21.559793,63.83642],[-21.533852,63.835096],[-21.495224,63.838335],[-21.460936,63.846422],[-21.431749,63.84804],[-21.435972,63.846018],[-21.407646,63.84239],[-21.373203,63.844015],[-21.358141,63.850767],[-21.370701,63.857557],[-21.374506,63.866854],[-21.356045,63.87496],[-21.334143,63.879015],[-21.255583,63.881723],[-21.210287,63.875853],[-21.211969,63.878469],[-21.25301,63.886023],[-21.300945,63.89102],[-21.294577,63.893141],[-21.298491,63.893675],[-21.296972,63.897718],[-21.299891,63.899698],[-21.295135,63.900106],[-21.298498,63.904242],[-21.295904,63.905848],[-21.311378,63.914007],[-21.302458,63.91865],[-21.298378,63.911665],[-21.293459,63.917288],[-21.289288,63.913034],[-21.283598,63.913305],[-21.279173,63.916254],[-21.283884,63.918863],[-21.273088,63.920313],[-21.258825,63.930193],[-21.242308,63.93667],[-21.246943,63.932436],[-21.258076,63.927885],[-21.243774,63.927301],[-21.220831,63.936392],[-21.197266,63.941256],[-21.166018,63.938993],[-21.175646,63.941473],[-21.173653,63.942091],[-21.138844,63.93535],[-21.115438,63.939398],[-21.10944,63.935362],[-21.091728,63.939127],[-21.031357,63.93886],[-21.020739,63.942636],[-21.006346,63.942068],[-21.005104,63.938242],[-21.010555,63.940454],[-21.029959,63.932383],[-21.04397,63.933764],[-21.046841,63.93696],[-21.063313,63.934813],[-21.07151,63.937243],[-21.131611,63.927546],[-21.16995,63.934],[-21.211864,63.929667],[-21.217171,63.923822],[-21.208868,63.916365],[-21.207371,63.908979],[-21.203213,63.907202],[-21.204456,63.901529],[-21.192938,63.890966],[-21.197733,63.888346],[-21.19676,63.882872],[-21.204435,63.878027],[-21.180597,63.869806],[-21.182503,63.868555],[-21.151157,63.862074],[-21.14542,63.863653],[-21.11828,63.848867],[-21.054739,63.831633],[-20.99987,63.826715],[-20.942011,63.817301],[-20.909485,63.804941],[-20.903873,63.807848],[-20.90497,63.803843],[-20.894924,63.801352],[-20.894402,63.797941],[-20.875916,63.796534],[-20.809744,63.776899],[-20.811275,63.781076],[-20.806067,63.784929],[-20.7665,63.792555],[-20.75668,63.796099],[-20.757608,63.7992],[-20.752436,63.802176],[-20.741644,63.802542],[-20.731087,63.809053],[-20.730667,63.815092],[-20.7253,63.819662],[-20.702778,63.824125],[-20.706406,63.827997],[-20.691679,63.835737],[-20.692493,63.844175],[-20.708588,63.854288],[-20.712984,63.863039],[-20.717976,63.862886],[-20.716221,63.866774],[-20.721252,63.871614],[-20.721769,63.877058],[-20.712606,63.889982],[-20.703054,63.896894],[-20.702938,63.902082],[-20.695129,63.912077],[-20.682301,63.915754],[-20.669809,63.924566],[-20.695917,63.902155],[-20.70245,63.889078],[-20.694679,63.887518],[-20.701815,63.881132],[-20.70293,63.865683],[-20.686342,63.858213],[-20.684837,63.852709],[-20.676064,63.848719],[-20.679476,63.848181],[-20.675293,63.836817],[-20.687862,63.833693],[-20.673727,63.819986],[-20.675299,63.80628],[-20.689718,63.794718],[-20.696428,63.794432],[-20.704851,63.788149],[-20.734982,63.77817],[-20.731848,63.775194],[-20.73661,63.772928],[-20.72978,63.76967],[-20.755617,63.771509],[-20.767637,63.769186],[-20.75351,63.770426],[-20.746109,63.766935],[-20.712593,63.765272],[-20.707642,63.76156],[-20.677023,63.755571],[-20.666672,63.752028],[-20.647066,63.738134],[-20.635794,63.739141],[-20.610399,63.729959],[-20.606777,63.725973],[-20.608858,63.721178],[-20.597994,63.721067],[-20.581505,63.709246],[-20.565891,63.718744],[-20.56794,63.729269],[-20.560926,63.741758],[-20.523621,63.755106],[-20.501863,63.772509],[-20.486435,63.777658],[-20.470358,63.780638],[-20.474106,63.77857],[-20.451292,63.774115],[-20.474121,63.777704],[-20.481949,63.775412],[-20.37966,63.758505],[-20.385723,63.758497],[-20.383102,63.756701],[-20.372211,63.757181],[-20.373821,63.754595],[-20.445328,63.768789],[-20.493937,63.772825],[-20.50956,63.754602],[-20.542772,63.744505],[-20.557396,63.735064],[-20.558506,63.719141],[-20.551044,63.709616],[-20.563089,63.699995],[-20.52272,63.697294],[-20.52305,63.69499],[-20.509827,63.691122],[-20.46839,63.669146],[-20.409025,63.645582],[-20.377369,63.624445],[-20.351891,63.623484],[-20.361008,63.620581],[-20.373121,63.622614],[-20.369764,63.617125],[-20.36043,63.614386],[-20.356535,63.616491],[-20.349869,63.60961],[-20.33526,63.603651],[-20.326946,63.603586],[-20.294243,63.590971],[-20.285454,63.591722],[-20.205614,63.569338],[-20.155443,63.552317],[-20.159857,63.549517],[-20.150894,63.551256],[-20.141951,63.54883],[-20.143232,63.545923],[-20.139502,63.548876],[-20.120775,63.548868],[-20.128363,63.547209],[-20.116831,63.546198],[-20.129427,63.535028],[-20.122894,63.535112],[-20.118526,63.530066],[-20.115828,63.530123],[-20.11681,63.532202],[-20.084204,63.529783],[-20.082939,63.531576],[-20.087141,63.534491],[-20.081051,63.540739],[-20.088709,63.547262],[-20.095478,63.548285],[-20.080023,63.550203],[-20.08604,63.547464],[-20.081125,63.542433],[-20.071308,63.546026],[-20.069027,63.554541],[-20.057852,63.562227],[-20.060978,63.566324],[-20.057608,63.568666],[-20.049654,63.606234],[-20.035046,63.614882],[-20.014242,63.617109],[-20.017078,63.621267],[-20.00263,63.637632],[-20.002195,63.648584],[-19.986135,63.65317],[-19.998974,63.654455],[-19.951277,63.654032],[-19.941854,63.673067],[-19.931612,63.679544],[-19.910585,63.68152],[-19.895864,63.689299],[-19.880075,63.687735],[-19.868498,63.696543],[-19.857773,63.695524],[-19.854925,63.696989],[-19.861309,63.69726],[-19.840458,63.701483],[-19.823431,63.712996],[-19.81146,63.713003],[-19.824636,63.711229],[-19.802465,63.708506],[-19.78591,63.708628],[-19.793228,63.711145],[-19.765348,63.706289],[-19.761341,63.708426],[-19.750601,63.703608],[-19.732773,63.704916],[-19.715086,63.699842],[-19.693659,63.69821],[-19.676876,63.701971],[-19.64987,63.699007],[-19.637249,63.701712],[-19.630905,63.698736],[-19.622166,63.701433],[-19.586399,63.695517],[-19.572376,63.699282],[-19.536386,63.695509],[-19.519485,63.700403],[-19.50495,63.708937],[-19.497705,63.709227],[-19.522776,63.696604],[-19.558983,63.693071],[-19.566252,63.689318],[-19.58423,63.689394],[-19.581999,63.691191],[-19.599712,63.687151],[-19.62661,63.687742],[-19.663099,63.695322],[-19.734268,63.680414],[-19.816853,63.68041],[-19.831415,63.683924],[-19.889658,63.676622],[-19.902569,63.672346],[-19.922876,63.671762],[-19.933807,63.6663],[-19.941729,63.655424],[-19.993866,63.631292],[-19.997265,63.618189],[-20.011415,63.614801],[-20.00074,63.608797],[-20.027325,63.591658],[-20.032187,63.586061],[-20.026896,63.58346],[-20.036709,63.579542],[-20.034992,63.576468],[-20.040527,63.58222],[-20.042429,63.572001],[-19.99449,63.560236],[-19.886889,63.541365],[-19.872196,63.543249],[-19.851505,63.540815],[-19.849726,63.543215],[-19.830366,63.5376],[-19.798206,63.536741],[-19.795183,63.533812],[-19.774145,63.541395],[-19.774321,63.54458],[-19.763445,63.541079],[-19.765337,63.544252],[-19.753635,63.546438],[-19.731977,63.545378],[-19.720701,63.541708],[-19.720997,63.53367],[-19.727617,63.529093],[-19.72101,63.525019],[-19.725607,63.524134],[-19.570303,63.49798],[-19.557095,63.504961],[-19.561634,63.498674],[-19.555866,63.499903],[-19.550163,63.502909],[-19.552118,63.504919],[-19.544979,63.50738],[-19.546539,63.503496],[-19.54261,63.501493],[-19.53801,63.504171],[-19.497786,63.496092],[-19.481024,63.511106],[-19.469011,63.511568],[-19.477736,63.516233],[-19.467335,63.516275],[-19.4499,63.511644],[-19.45126,63.505812],[-19.442911,63.507906],[-19.438028,63.499178],[-19.445717,63.497358],[-19.441225,63.496164],[-19.446281,63.494871],[-19.445463,63.493654],[-19.442604,63.494341],[-19.44709,63.492708],[-19.443993,63.491266],[-19.422213,63.503313],[-19.419136,63.502642],[-19.420612,63.49909],[-19.4133,63.500879],[-19.41851,63.497625],[-19.415936,63.496798],[-19.419619,63.494547],[-19.416489,63.49441],[-19.417259,63.490541],[-19.421736,63.488089],[-19.414875,63.487642],[-19.416348,63.484861],[-19.410788,63.476969],[-19.40943,63.480265],[-19.413187,63.487799],[-19.41041,63.493593],[-19.388288,63.511679],[-19.390797,63.508505],[-19.38875,63.506353],[-19.402534,63.494791],[-19.407223,63.494101],[-19.410145,63.487356],[-19.399303,63.467825],[-19.397785,63.480082],[-19.391075,63.48152],[-19.375635,63.478048],[-19.36488,63.488798],[-19.353199,63.486055],[-19.353813,63.480742],[-19.349125,63.490355],[-19.349941,63.482103],[-19.340218,63.484835],[-19.34012,63.487974],[-19.33642,63.486517],[-19.337387,63.483751],[-19.327822,63.482233],[-19.332577,63.478109],[-19.329662,63.468023],[-19.334446,63.456049],[-19.329775,63.451117],[-19.317234,63.449476],[-19.328495,63.449533],[-19.277622,63.437601],[-19.279177,63.439688],[-19.261795,63.439009],[-19.244108,63.455584],[-19.238617,63.454939],[-19.242758,63.453741],[-19.24489,63.448702],[-19.234863,63.450876],[-19.233498,63.454248],[-19.239019,63.457472],[-19.231663,63.457605],[-19.226679,63.466707],[-19.232006,63.471628],[-19.230219,63.4746],[-19.234373,63.479589],[-19.226543,63.479593],[-19.213507,63.47291],[-19.208548,63.475847],[-19.21158,63.472063],[-19.207893,63.471651],[-19.224174,63.464743],[-19.221046,63.463675],[-19.226692,63.460917],[-19.238369,63.446249],[-19.250338,63.441027],[-19.258661,63.433321],[-19.177458,63.413908],[-19.172171,63.41601],[-19.155888,63.409601],[-19.143806,63.411417],[-19.143614,63.407488],[-19.130056,63.403852],[-19.131495,63.401831],[-19.126238,63.401148],[-19.126953,63.398512],[-19.116478,63.402819],[-19.102903,63.402319],[-19.09874,63.40624],[-19.113832,63.409834],[-19.13229,63.408293],[-19.138487,63.412333],[-19.133759,63.412394],[-19.136208,63.417048],[-19.144958,63.423105],[-19.141459,63.426481],[-19.113691,63.428946],[-19.104212,63.420134],[-19.087217,63.420038],[-19.078548,63.413912],[-19.067272,63.414106],[-19.052073,63.406694],[-19.064362,63.406534],[-19.062374,63.40502],[-19.034473,63.401224],[-19.015953,63.41387],[-18.954363,63.417395],[-18.919333,63.413622],[-18.913292,63.414248],[-18.912218,63.418722],[-18.908279,63.414148],[-18.906059,63.416437],[-18.908125,63.421682],[-18.904396,63.419359],[-18.906139,63.412848],[-18.870396,63.412527],[-18.869623,63.405275],[-18.841644,63.404982],[-18.768753,63.3953],[-18.705008,63.394491],[-18.610954,63.405001],[-18.460182,63.430315],[-18.371302,63.437887],[-18.347561,63.445581],[-18.318903,63.462622],[-18.289194,63.460871],[-18.293137,63.463987],[-18.28858,63.467039],[-18.292336,63.472605],[-18.28994,63.473143],[-18.293669,63.485273],[-18.291603,63.489786],[-18.299068,63.495783],[-18.29134,63.51161],[-18.30925,63.520933],[-18.303165,63.524813],[-18.328859,63.537539],[-18.338306,63.537371],[-18.340275,63.540144],[-18.334951,63.542196],[-18.338568,63.544538],[-18.344664,63.542189],[-18.349127,63.543859],[-18.348593,63.546721],[-18.357271,63.545767],[-18.361816,63.550886],[-18.358582,63.555571],[-18.34654,63.553659],[-18.351593,63.55604],[-18.348742,63.55797],[-18.353111,63.562601],[-18.379944,63.560472],[-18.394547,63.55591],[-18.402796,63.557936],[-18.362757,63.566217],[-18.363415,63.572531],[-18.360336,63.571604],[-18.356821,63.574327],[-18.35965,63.576303],[-18.356285,63.576246],[-18.360241,63.578463],[-18.357103,63.580343],[-18.361568,63.580564],[-18.361456,63.584684],[-18.373131,63.588587],[-18.377539,63.595964],[-18.390844,63.601942],[-18.421967,63.607634],[-18.42915,63.606104],[-18.439999,63.61072],[-18.449131,63.619047],[-18.446846,63.621305],[-18.453709,63.621733],[-18.464682,63.629435],[-18.472656,63.62895],[-18.492956,63.635065],[-18.506844,63.632711],[-18.514051,63.635439],[-18.489923,63.638742],[-18.489395,63.649843],[-18.494947,63.652563],[-18.486027,63.652685],[-18.485052,63.655874],[-18.487019,63.6626],[-18.491478,63.664698],[-18.486967,63.674898],[-18.495253,63.680593],[-18.492388,63.689775],[-18.503641,63.698462],[-18.49107,63.691969],[-18.487122,63.679949],[-18.476875,63.67985],[-18.45598,63.670843],[-18.465033,63.666597],[-18.461617,63.659582],[-18.468258,63.651747],[-18.466105,63.641138],[-18.45924,63.637732],[-18.459904,63.633059],[-18.446642,63.624399],[-18.4436,63.625372],[-18.444708,63.623312],[-18.424322,63.621908],[-18.388639,63.606871],[-18.366852,63.607073],[-18.368231,63.604479],[-18.347662,63.598154],[-18.340248,63.588858],[-18.325304,63.585478],[-18.316353,63.577219],[-18.322458,63.57675],[-18.31292,63.574686],[-18.310358,63.566549],[-18.300354,63.554106],[-18.291363,63.550013],[-18.278997,63.551817],[-18.263842,63.539412],[-18.259268,63.533979],[-18.261805,63.533308],[-18.257627,63.532068],[-18.260525,63.525373],[-18.252342,63.509604],[-18.244106,63.511164],[-18.231964,63.506872],[-18.224943,63.514036],[-18.172972,63.525167],[-18.043924,63.542402],[-18.035849,63.540548],[-18.03454,63.543207],[-18.018276,63.545385],[-18.01136,63.543581],[-18.0051,63.546179],[-17.959169,63.547312],[-17.948618,63.553167],[-17.933781,63.553537],[-17.934175,63.556883],[-17.929386,63.55739],[-17.938171,63.55921],[-17.936375,63.561117],[-17.939512,63.563093],[-17.927177,63.560503],[-17.92347,63.561697],[-17.927111,63.564714],[-17.923162,63.565779],[-17.934282,63.565908],[-17.941595,63.569921],[-17.953251,63.568663],[-17.951206,63.570997],[-17.970022,63.569891],[-17.950504,63.574236],[-17.936108,63.571569],[-17.923721,63.573023],[-17.939804,63.574362],[-17.933237,63.578489],[-17.940294,63.580637],[-17.947073,63.576521],[-17.940472,63.576204],[-17.945648,63.574774],[-17.955347,63.578211],[-17.961119,63.57649],[-17.949636,63.581057],[-17.954329,63.582411],[-17.950151,63.584028],[-17.953632,63.58499],[-17.963358,63.577742],[-17.983389,63.580477],[-17.983437,63.583303],[-17.979481,63.58396],[-17.984735,63.58399],[-17.984159,63.5861],[-18.004812,63.58206],[-18.006933,63.584642],[-17.99893,63.586561],[-18.020117,63.590811],[-18.003702,63.590395],[-18.003056,63.587515],[-17.984018,63.590925],[-17.990728,63.587614],[-17.984905,63.586634],[-17.985834,63.588446],[-17.976833,63.591852],[-17.98056,63.592279],[-17.98263,63.590731],[-17.981224,63.592779],[-17.95717,63.596132],[-17.950653,63.600286],[-17.951214,63.616423],[-17.965265,63.621637],[-17.948301,63.618696],[-17.911398,63.621454],[-17.923447,63.622984],[-17.934221,63.620333],[-17.925339,63.624235],[-17.928679,63.62652],[-17.93368,63.623571],[-17.932095,63.625635],[-17.94412,63.628725],[-17.941267,63.63238],[-17.949013,63.635691],[-17.942333,63.63899],[-17.941261,63.644484],[-17.9436,63.644926],[-17.939842,63.647688],[-17.944929,63.650908],[-17.939337,63.653028],[-17.940344,63.656832],[-17.936224,63.658815],[-17.924025,63.659666],[-17.916159,63.658216],[-17.918522,63.656836],[-17.914822,63.656874],[-17.916342,63.654638],[-17.912508,63.650824],[-17.894941,63.645952],[-17.882633,63.647299],[-17.872829,63.652472],[-17.885324,63.658022],[-17.892292,63.657278],[-17.900669,63.665899],[-17.903149,63.671656],[-17.890551,63.681738],[-17.901293,63.688047],[-17.896774,63.690508],[-17.898594,63.69298],[-17.893559,63.694498],[-17.895269,63.698702],[-17.881765,63.702562],[-17.882273,63.704645],[-17.871523,63.703089],[-17.869921,63.706774],[-17.866278,63.706327],[-17.870525,63.709726],[-17.858868,63.710649],[-17.854216,63.717424],[-17.855453,63.720709],[-17.851231,63.721235],[-17.854631,63.726397],[-17.847336,63.725718],[-17.845028,63.729067],[-17.850613,63.730913],[-17.852205,63.732866],[-17.84746,63.731207],[-17.84857,63.734228],[-17.853273,63.733564],[-17.854256,63.73805],[-17.868563,63.749357],[-17.872936,63.745153],[-17.859938,63.730577],[-17.868025,63.738306],[-17.882915,63.744894],[-17.886194,63.753798],[-17.878214,63.762785],[-17.901239,63.771296],[-17.904099,63.776533],[-17.91707,63.784662],[-17.979609,63.791918],[-18.006086,63.786604],[-18.033363,63.79307],[-18.037374,63.792425],[-18.041836,63.7861],[-18.055391,63.784796],[-18.043673,63.787745],[-18.036076,63.794935],[-18.025003,63.795469],[-18.006287,63.790907],[-17.989178,63.796011],[-17.944717,63.800047],[-17.9559,63.800936],[-17.955265,63.804598],[-17.968821,63.809828],[-17.972179,63.816492],[-18.020979,63.813257],[-18.038393,63.809301],[-18.035713,63.812654],[-17.998053,63.815447],[-17.978636,63.820532],[-17.946146,63.816442],[-17.923132,63.805204],[-17.914986,63.813475],[-17.906248,63.816053],[-17.906048,63.819155],[-17.901081,63.818537],[-17.904701,63.814936],[-17.895639,63.815172],[-17.885729,63.818453],[-17.887722,63.822126],[-17.878736,63.822237],[-17.883776,63.827097],[-17.874069,63.834021],[-17.881102,63.825991],[-17.875519,63.824236],[-17.876072,63.821112],[-17.869608,63.82345],[-17.874338,63.819563],[-17.869562,63.818541],[-17.872433,63.817183],[-17.871721,63.813131],[-17.878426,63.81167],[-17.883215,63.814623],[-17.885273,63.8109],[-17.895899,63.809404],[-17.895193,63.806295],[-17.886286,63.807009],[-17.883854,63.801287],[-17.890455,63.79632],[-17.896446,63.796862],[-17.888723,63.798006],[-17.886509,63.801119],[-17.888435,63.802958],[-17.899876,63.798159],[-17.894773,63.79125],[-17.865818,63.782312],[-17.860197,63.783049],[-17.86087,63.780489],[-17.853691,63.776106],[-17.846186,63.777662],[-17.847343,63.772383],[-17.839445,63.774965],[-17.842812,63.771067],[-17.823574,63.763735],[-17.801714,63.760946],[-17.806889,63.75934],[-17.806147,63.755976],[-17.783346,63.74637],[-17.782337,63.741907],[-17.769386,63.740198],[-17.756945,63.731649],[-17.740883,63.729219],[-17.707136,63.739206],[-17.706831,63.742098],[-17.689552,63.745432],[-17.690506,63.747709],[-17.683098,63.749224],[-17.685047,63.751505],[-17.67852,63.752729],[-17.674198,63.761087],[-17.671669,63.780813],[-17.667528,63.780985],[-17.662025,63.787596],[-17.664362,63.79104],[-17.662844,63.797544],[-17.665507,63.796869],[-17.663744,63.794676],[-17.674593,63.797815],[-17.665821,63.801012],[-17.670496,63.805414],[-17.661291,63.804407],[-17.667852,63.807558],[-17.660196,63.808245],[-17.655563,63.818632],[-17.655058,63.831526],[-17.665173,63.836016],[-17.658522,63.840948],[-17.661936,63.846521],[-17.660978,63.854376],[-17.676165,63.857801],[-17.672859,63.860888],[-17.684872,63.865664],[-17.686504,63.868608],[-17.683949,63.870623],[-17.694841,63.874575],[-17.679596,63.881639],[-17.685368,63.88154],[-17.683065,63.884016],[-17.689342,63.890581],[-17.707428,63.892008],[-17.715347,63.896105],[-17.714062,63.898703],[-17.765471,63.896006],[-17.773434,63.898977],[-17.785463,63.89496],[-17.790188,63.90299],[-17.804853,63.898161],[-17.815199,63.903784],[-17.822868,63.900343],[-17.82844,63.903536],[-17.824242,63.907328],[-17.803188,63.905195],[-17.795265,63.907328],[-17.772348,63.905397],[-17.757975,63.901842],[-17.757072,63.899244],[-17.71361,63.900324],[-17.693848,63.907187],[-17.712086,63.909883],[-17.702291,63.913519],[-17.687622,63.906263],[-17.668007,63.910116],[-17.672195,63.911505],[-17.67041,63.912718],[-17.635036,63.904642],[-17.639614,63.913343],[-17.635841,63.911112],[-17.632708,63.914816],[-17.640087,63.919966],[-17.640507,63.915781],[-17.642569,63.916594],[-17.642662,63.923159],[-17.647263,63.922174],[-17.652971,63.928041],[-17.673222,63.932421],[-17.668009,63.935678],[-17.668163,63.941992],[-17.664454,63.936789],[-17.666248,63.934893],[-17.659702,63.934767],[-17.660809,63.932432],[-17.641771,63.931303],[-17.631414,63.927546],[-17.616419,63.928862],[-17.616268,63.927904],[-17.61936,63.926092],[-17.616982,63.925394],[-17.602249,63.929232],[-17.578218,63.945696],[-17.579739,63.953611],[-17.5651,63.956858],[-17.568344,63.95265],[-17.575468,63.951693],[-17.578293,63.939436],[-17.593208,63.932859],[-17.598083,63.927412],[-17.597954,63.92272],[-17.603449,63.919382],[-17.603809,63.916769],[-17.598463,63.918829],[-17.602655,63.913927],[-17.599157,63.908457],[-17.591383,63.908144],[-17.587507,63.912405],[-17.578537,63.913614],[-17.572838,63.921743],[-17.574638,63.925249],[-17.567818,63.929117],[-17.560764,63.928694],[-17.548363,63.935057],[-17.536211,63.933477],[-17.525185,63.938833],[-17.505886,63.940237],[-17.491217,63.946211],[-17.486431,63.951216],[-17.470503,63.955881],[-17.476286,63.960279],[-17.473358,63.9615],[-17.476818,63.963503],[-17.47473,63.967775],[-17.480013,63.977587],[-17.476503,63.975801],[-17.475378,63.978701],[-17.474648,63.974291],[-17.468946,63.969881],[-17.469522,63.973555],[-17.457626,63.973665],[-17.460051,63.975756],[-17.451576,63.978613],[-17.451057,63.98245],[-17.460569,63.985434],[-17.445078,63.983782],[-17.452272,63.989061],[-17.452847,63.993937],[-17.443224,63.998743],[-17.439989,64.005571],[-17.446285,64.005098],[-17.444347,64.003569],[-17.451817,64.000586],[-17.45504,64.003138],[-17.451601,64.006178],[-17.456518,64.004663],[-17.45657,64.008844],[-17.44169,64.016752],[-17.444155,64.01277],[-17.436895,64.014559],[-17.432732,64.010355],[-17.425259,64.020739],[-17.409878,64.021105],[-17.369944,64.037569],[-17.360811,64.044809],[-17.3596,64.054026],[-17.349188,64.07667],[-17.347992,64.089106],[-17.339727,64.100145],[-17.337486,64.115789],[-17.332458,64.124662],[-17.335373,64.136259],[-17.332272,64.148474],[-17.374094,64.160624],[-17.405577,64.1626],[-17.409098,64.167875],[-17.391455,64.166124],[-17.398569,64.168524],[-17.40321,64.173155],[-17.401222,64.17544],[-17.409407,64.180513],[-17.406824,64.180227],[-17.398508,64.175673],[-17.387608,64.16712],[-17.38554,64.171045],[-17.390816,64.174612],[-17.382183,64.174696],[-17.38106,64.177099],[-17.352608,64.178423],[-17.336847,64.175432],[-17.34313,64.173151],[-17.336239,64.171694],[-17.301229,64.173658],[-17.305437,64.174227],[-17.305552,64.179159],[-17.321407,64.190752],[-17.351101,64.200571],[-17.350555,64.202894],[-17.36174,64.200266],[-17.357014,64.203691],[-17.367058,64.202486],[-17.364008,64.204947],[-17.367422,64.206919],[-17.365162,64.210241],[-17.352007,64.208319],[-17.350761,64.206568],[-17.354464,64.206606],[-17.34798,64.202238],[-17.323318,64.195082],[-17.307913,64.186144],[-17.299198,64.175005],[-17.295813,64.175348],[-17.297895,64.172205],[-17.294985,64.169954],[-17.300468,64.167711],[-17.323984,64.165686],[-17.319801,64.159174],[-17.324476,64.158712],[-17.324743,64.155855],[-17.30949,64.153662],[-17.28376,64.16205],[-17.269426,64.17098],[-17.260815,64.186998],[-17.263769,64.174238],[-17.26745,64.170698],[-17.265104,64.166662],[-17.253971,64.186525],[-17.25864,64.211771],[-17.268253,64.229567],[-17.266314,64.232351],[-17.263226,64.230932],[-17.249207,64.199095],[-17.247858,64.190969],[-17.250729,64.188494],[-17.25094,64.178759],[-17.239349,64.187307],[-17.236464,64.183969],[-17.23856,64.17528],[-17.233959,64.176043],[-17.226696,64.196966],[-17.223877,64.199667],[-17.223866,64.195467],[-17.200439,64.22674],[-17.199055,64.238947],[-17.2038,64.241854],[-17.208643,64.250803],[-17.204718,64.250525],[-17.208113,64.253019],[-17.19879,64.252638],[-17.195705,64.257067],[-17.185905,64.260977],[-17.185621,64.265703],[-17.190372,64.267073],[-17.186796,64.270002],[-17.181955,64.268476],[-17.177969,64.271673],[-17.177711,64.268194],[-17.173441,64.27194],[-17.16675,64.269445],[-17.169575,64.265619],[-17.166477,64.264246],[-17.173346,64.258108],[-17.165653,64.255983],[-17.171688,64.253595],[-17.169224,64.250982],[-17.161945,64.250715],[-17.163086,64.254335],[-17.160601,64.255175],[-17.149986,64.252192],[-17.164925,64.243605],[-17.164112,64.241007],[-17.172525,64.238985],[-17.168903,64.238707],[-17.170305,64.234819],[-17.175173,64.236326],[-17.192179,64.223951],[-17.191118,64.221586],[-17.185614,64.226469],[-17.186277,64.228224],[-17.179466,64.228346],[-17.166718,64.235716],[-17.168489,64.236582],[-17.153816,64.240053],[-17.167421,64.232538],[-17.192982,64.211016],[-17.187792,64.210218],[-17.189648,64.207277],[-17.180752,64.211454],[-17.198936,64.195505],[-17.190411,64.199633],[-17.194267,64.191713],[-17.184017,64.197512],[-17.187067,64.188471],[-17.178358,64.189146],[-17.178194,64.18067],[-17.168156,64.173052],[-17.153873,64.180597],[-17.148211,64.177698],[-17.143129,64.180307],[-17.142277,64.174437],[-17.123074,64.18849],[-17.148693,64.1653],[-17.148121,64.17],[-17.158079,64.167139],[-17.158926,64.170603],[-17.174612,64.159918],[-17.199427,64.163118],[-17.197727,64.168604],[-17.200083,64.172499],[-17.206966,64.172194],[-17.213205,64.16503],[-17.216227,64.17404],[-17.223778,64.162077],[-17.225355,64.155622],[-17.221987,64.153719],[-17.232641,64.138422],[-17.228514,64.138609],[-17.227438,64.141188],[-17.226599,64.137236],[-17.221399,64.140692],[-17.212854,64.138857],[-17.21941,64.134539],[-17.225618,64.136061],[-17.232532,64.129732],[-17.231546,64.134497],[-17.236326,64.131811],[-17.235922,64.135038],[-17.241253,64.131838],[-17.245613,64.133276],[-17.232883,64.153582],[-17.25839,64.122477],[-17.27062,64.112059],[-17.281174,64.095572],[-17.278053,64.095892],[-17.278564,64.09334],[-17.287546,64.093225],[-17.302826,64.077993],[-17.306189,64.077837],[-17.310194,64.068525],[-17.302963,64.076509],[-17.288296,64.083467],[-17.288834,64.079885],[-17.291149,64.080431],[-17.289385,64.079065],[-17.295969,64.077829],[-17.308924,64.066195],[-17.300665,64.068636],[-17.302141,64.063417],[-17.297684,64.061884],[-17.304098,64.058493],[-17.299658,64.0529],[-17.305359,64.052118],[-17.305052,64.059549],[-17.314789,64.059351],[-17.310431,64.06682],[-17.317516,64.060869],[-17.318584,64.052938],[-17.314772,64.057673],[-17.312481,64.055025],[-17.315092,64.050879],[-17.312918,64.032701],[-17.305779,64.030222],[-17.306299,64.031199],[-17.312119,64.032854],[-17.302624,64.033136],[-17.295078,64.025415],[-17.295271,64.029272],[-17.300835,64.033846],[-17.30085,64.039087],[-17.295931,64.031366],[-17.292269,64.031404],[-17.294924,64.033541],[-17.291531,64.034502],[-17.285294,64.033323],[-17.288973,64.031435],[-17.287722,64.029222],[-17.290817,64.031225],[-17.292973,64.02841],[-17.28159,64.029184],[-17.28278,64.032801],[-17.276175,64.035646],[-17.277617,64.037947],[-17.265604,64.042795],[-17.271624,64.049837],[-17.277899,64.048994],[-17.26786,64.05171],[-17.255459,64.049398],[-17.251934,64.052298],[-17.259243,64.052633],[-17.260092,64.055475],[-17.254375,64.058794],[-17.255272,64.056166],[-17.248224,64.054514],[-17.252296,64.057272],[-17.249386,64.059305],[-17.243254,64.057924],[-17.24394,64.054831],[-17.238935,64.05327],[-17.241257,64.051317],[-17.234386,64.049803],[-17.242281,64.047792],[-17.228031,64.045279],[-17.22497,64.04133],[-17.226889,64.03808],[-17.232573,64.038885],[-17.239882,64.046057],[-17.243429,64.040056],[-17.236824,64.037256],[-17.226629,64.036211],[-17.223629,64.039042],[-17.217634,64.032938],[-17.213049,64.036066],[-17.222958,64.044104],[-17.216654,64.041586],[-17.219252,64.045481],[-17.230688,64.04751],[-17.232294,64.050901],[-17.216539,64.047358],[-17.216202,64.044012],[-17.207985,64.039595],[-17.211382,64.037458],[-17.207714,64.036867],[-17.210808,64.035433],[-17.206919,64.032671],[-17.196308,64.035063],[-17.193523,64.030298],[-17.179079,64.028326],[-17.174843,64.029222],[-17.175381,64.031538],[-17.164574,64.03264],[-17.145237,64.027838],[-17.155802,64.03137],[-17.152716,64.032095],[-17.144321,64.030188],[-17.15609,64.035501],[-17.154198,64.036123],[-17.139849,64.032423],[-17.144499,64.034094],[-17.138723,64.034315],[-17.142363,64.035418],[-17.138905,64.036283],[-17.142282,64.039064],[-17.159187,64.042879],[-17.159641,64.040743],[-17.170586,64.041044],[-17.194342,64.051867],[-17.195717,64.054132],[-17.186338,64.052526],[-17.207014,64.06642],[-17.202261,64.066626],[-17.211334,64.073141],[-17.2113,64.084051],[-17.207014,64.087877],[-17.20788,64.079367],[-17.205881,64.083254],[-17.201235,64.082296],[-17.192066,64.090933],[-17.194054,64.092672],[-17.186422,64.094957],[-17.188957,64.099924],[-17.17811,64.102228],[-17.1812,64.104151],[-17.17753,64.105654],[-17.136683,64.105673],[-17.123363,64.108435],[-17.127451,64.113714],[-17.152596,64.11949],[-17.15085,64.125589],[-17.121843,64.128012],[-17.131004,64.124029],[-17.147203,64.123297],[-17.140469,64.11997],[-17.105402,64.119654],[-17.10153,64.116274],[-17.114201,64.116968],[-17.11862,64.111933],[-17.097769,64.105444],[-17.089405,64.10631],[-17.091431,64.108229],[-17.084024,64.116163],[-17.062763,64.115602],[-17.066135,64.112429],[-17.075176,64.113443],[-17.06942,64.109587],[-17.084614,64.10779],[-17.090965,64.098501],[-17.095449,64.099661],[-17.094311,64.096312],[-17.078423,64.100019],[-17.06942,64.098539],[-17.085415,64.089823],[-17.097605,64.089724],[-17.091385,64.087111],[-17.101868,64.088743],[-17.097775,64.092173],[-17.105829,64.093279],[-17.130964,64.088972],[-17.144114,64.089804],[-17.161211,64.093348],[-17.16395,64.09606],[-17.160007,64.09918],[-17.185196,64.092939],[-17.179628,64.09104],[-17.188726,64.087835],[-17.184748,64.087118],[-17.191156,64.083982],[-17.188351,64.082296],[-17.19978,64.079931],[-17.15251,64.071947],[-17.140186,64.052393],[-17.105032,64.041834],[-17.095844,64.04315],[-17.089388,64.040468],[-17.072935,64.045317],[-17.060877,64.043634],[-17.076,64.042021],[-17.077988,64.036608],[-17.074261,64.039286],[-17.072689,64.03137],[-17.08053,64.032351],[-17.086069,64.028414],[-17.079214,64.029631],[-17.082489,64.026735],[-17.075087,64.02635],[-17.077185,64.0254],[-17.073744,64.024157],[-17.075241,64.021414],[-17.068958,64.020742],[-17.066441,64.016752],[-17.056509,64.018164],[-17.061237,64.019777],[-17.056759,64.020655],[-17.059118,64.023924],[-17.052105,64.02215],[-17.053938,64.02529],[-17.048464,64.026205],[-17.064743,64.03063],[-17.054386,64.033159],[-17.036678,64.026247],[-17.031527,64.02854],[-17.022324,64.025118],[-17.025633,64.027502],[-17.029114,64.028391],[-17.030491,64.032621],[-17.032848,64.028643],[-17.039392,64.028429],[-17.031433,64.033052],[-17.038858,64.03541],[-17.045622,64.043688],[-17.029112,64.032419],[-17.021261,64.035566],[-17.022741,64.031488],[-17.019207,64.027304],[-17.010754,64.024614],[-17.020288,64.031977],[-17.016352,64.034403],[-17.020044,64.03578],[-17.015869,64.035547],[-17.027555,64.037359],[-17.0221,64.040731],[-17.012171,64.036707],[-17.010437,64.038214],[-17.015442,64.039248],[-17.008606,64.043104],[-17.009853,64.029863],[-17.012486,64.028994],[-16.998043,64.020159],[-16.998999,64.016333],[-16.992104,64.011263],[-16.99238,64.00522],[-16.995205,64.007406],[-16.994593,64.012121],[-16.99983,64.007929],[-16.99655,64.001982],[-16.993435,64.004496],[-16.994301,63.99898],[-17.000023,64.000231],[-16.999096,63.996393],[-17.004107,63.993425],[-16.995121,63.99486],[-16.996033,63.992273],[-16.990461,63.989676],[-16.994665,63.988321],[-16.991261,63.984587],[-17.000265,63.987314],[-16.999163,63.985266],[-17.003031,63.985079],[-16.998556,63.982656],[-17.000065,63.980165],[-16.996538,63.975805],[-16.99008,63.982447],[-16.985964,63.982195],[-16.985044,63.975771],[-16.987682,63.973501],[-16.976753,63.964643],[-16.97854,63.962946],[-16.972994,63.961138],[-16.971489,63.956179],[-16.965818,63.95743],[-16.958767,63.951025],[-16.951868,63.953672],[-16.938488,63.94766],[-16.93527,63.943785],[-16.942167,63.944284],[-16.938932,63.939405],[-16.955755,63.949034],[-16.95331,63.945143],[-16.958082,63.946466],[-16.941462,63.939375],[-16.942251,63.935686],[-16.947939,63.937216],[-16.948315,63.934622],[-16.940577,63.929705],[-16.939291,63.933138],[-16.937826,63.928888],[-16.936657,63.933161],[-16.929308,63.927736],[-16.930498,63.920527],[-16.922527,63.922071],[-16.927624,63.93051],[-16.924389,63.931261],[-16.92836,63.936651],[-16.923058,63.93804],[-16.925783,63.946554],[-16.931946,63.946283],[-16.928736,63.94982],[-16.930864,63.953897],[-16.927971,63.953501],[-16.928394,63.962179],[-16.923098,63.966753],[-16.924643,63.969126],[-16.91795,63.983847],[-16.918491,63.987535],[-16.928932,63.993177],[-16.926815,63.993425],[-16.92852,64.001024],[-16.935123,64.003946],[-16.934031,64.009375],[-16.928558,64.009146],[-16.934057,64.004747],[-16.918539,63.994574],[-16.912802,63.983644],[-16.914465,63.97267],[-16.917612,63.969709],[-16.907419,63.959288],[-16.916552,63.938669],[-16.915163,63.93004],[-16.909592,63.92568],[-16.91519,63.921461],[-16.90209,63.911566],[-16.903353,63.908052],[-16.897757,63.899931],[-16.895748,63.889605],[-16.889383,63.882624],[-16.891769,63.879068],[-16.888042,63.874266],[-16.890125,63.872164],[-16.885918,63.870874],[-16.885834,63.864847],[-16.88051,63.86434],[-16.883902,63.863848],[-16.882093,63.860151],[-16.884762,63.858847],[-16.881096,63.856165],[-16.887405,63.856031],[-16.885542,63.848181],[-16.874472,63.844542],[-16.874876,63.849314],[-16.879063,63.850832],[-16.875437,63.851305],[-16.878019,63.853411],[-16.875542,63.85499],[-16.871168,63.849115],[-16.859024,63.850775],[-16.854074,63.855238],[-16.860235,63.861609],[-16.856755,63.862066],[-16.850023,63.879854],[-16.86614,63.900988],[-16.864748,63.903261],[-16.861652,63.89937],[-16.862698,63.9084],[-16.846693,63.889902],[-16.837652,63.887529],[-16.842949,63.883539],[-16.838451,63.884195],[-16.844282,63.879766],[-16.848122,63.870703],[-16.848909,63.863314],[-16.843201,63.848909],[-16.839329,63.84511],[-16.836733,63.848314],[-16.822649,63.847185],[-16.818333,63.844069],[-16.813179,63.846746],[-16.81139,63.855234],[-16.807293,63.854563],[-16.80542,63.858507],[-16.800686,63.856672],[-16.794945,63.860098],[-16.783028,63.860479],[-16.782515,63.862864],[-16.777922,63.859678],[-16.780746,63.862333],[-16.777344,63.862673],[-16.776594,63.866312],[-16.76466,63.869661],[-16.76844,63.872568],[-16.756845,63.869093],[-16.740837,63.869581],[-16.736506,63.865294],[-16.698212,63.86688],[-16.693367,63.86051],[-16.671198,63.855272],[-16.667341,63.853292],[-16.676136,63.852159],[-16.666229,63.850214],[-16.635757,63.851831],[-16.604549,63.861376],[-16.609179,63.863371],[-16.580324,63.869669],[-16.578714,63.871405],[-16.585344,63.871302],[-16.579046,63.874674],[-16.544329,63.878523],[-16.538347,63.88357],[-16.520613,63.886339],[-16.502491,63.893633],[-16.480663,63.903875],[-16.482651,63.906393],[-16.478865,63.909403],[-16.472801,63.909578],[-16.477236,63.911978],[-16.476376,63.917784],[-16.453777,63.921911],[-16.443907,63.92753],[-16.440676,63.926916],[-16.445654,63.924364],[-16.417604,63.931093],[-16.381695,63.952681],[-16.367546,63.966005],[-16.34609,63.974802],[-16.345915,63.976797],[-16.351925,63.974566],[-16.338051,63.985697],[-16.349665,63.981478],[-16.348261,63.984541],[-16.355621,63.992971],[-16.370243,63.993368],[-16.372391,63.995642],[-16.360748,63.993841],[-16.356308,63.997869],[-16.346354,63.996836],[-16.362467,64.000547],[-16.366962,63.999014],[-16.368191,64.003981],[-16.371346,64.002855],[-16.368725,64.0068],[-16.372065,64.010775],[-16.368229,64.008318],[-16.366735,64.003614],[-16.352446,64.002703],[-16.349108,63.998713],[-16.307987,63.998983],[-16.285275,64.007624],[-16.285027,64.010771],[-16.277149,64.012888],[-16.281105,64.007868],[-16.25375,64.015982],[-16.18096,64.043455],[-16.182606,64.046389],[-16.207909,64.04315],[-16.225409,64.046152],[-16.247341,64.052065],[-16.247389,64.056795],[-16.240154,64.059046],[-16.244801,64.063028],[-16.266756,64.06481],[-16.266066,64.069429],[-16.271879,64.074591],[-16.264996,64.078588],[-16.264048,64.086996],[-16.247787,64.099554],[-16.251823,64.103495],[-16.227137,64.108885],[-16.204941,64.093],[-16.169937,64.099257],[-16.167185,64.101465],[-16.170042,64.103109],[-16.168478,64.105394],[-16.148062,64.101278],[-16.158079,64.094408],[-16.172045,64.093523],[-16.183485,64.088087],[-16.18199,64.083174],[-16.192102,64.075418],[-16.183487,64.066133],[-16.169043,64.063513],[-16.181625,64.049231],[-16.177624,64.043707],[-15.988876,64.122934],[-15.91684,64.146338],[-15.835018,64.159872],[-15.832451,64.161337],[-15.837984,64.162458],[-15.82056,64.165495],[-15.727003,64.175493],[-15.725439,64.178148],[-15.726103,64.175802],[-15.721291,64.175776],[-15.70365,64.18844],[-15.706982,64.192724],[-15.700558,64.192724],[-15.686279,64.200815],[-15.6099,64.215567],[-15.476044,64.226118],[-15.464283,64.232],[-15.491421,64.228079],[-15.492134,64.232569],[-15.502775,64.241144],[-15.501225,64.245634],[-15.504704,64.256807],[-15.501558,64.258986],[-15.51539,64.265303],[-15.514528,64.272711],[-15.547783,64.283373],[-15.550236,64.286829],[-15.547297,64.29101],[-15.549118,64.293112],[-15.545979,64.292036],[-15.548288,64.286638],[-15.545528,64.28414],[-15.518734,64.274393],[-15.516075,64.274454],[-15.514198,64.280989],[-15.517607,64.286329],[-15.51421,64.287798],[-15.50988,64.27424],[-15.512722,64.274019],[-15.510426,64.269667],[-15.512749,64.265886],[-15.496714,64.259527],[-15.496927,64.252672],[-15.500055,64.252146],[-15.497934,64.247801],[-15.493183,64.244741],[-15.474968,64.247946],[-15.47633,64.242922],[-15.471682,64.24103],[-15.471619,64.243578],[-15.462934,64.23855],[-15.457609,64.239164],[-15.4594,64.242128],[-15.453596,64.245035],[-15.455065,64.246801],[-15.434479,64.252344],[-15.434826,64.255983],[-15.418064,64.264364],[-15.403557,64.264166],[-15.398869,64.268694],[-15.393265,64.266344],[-15.390566,64.270071],[-15.384642,64.26687],[-15.379419,64.270742],[-15.382271,64.274019],[-15.377792,64.275541],[-15.381495,64.27667],[-15.379997,64.280485],[-15.38793,64.285109],[-15.377686,64.283304],[-15.36594,64.290918],[-15.36404,64.296232],[-15.366423,64.300611],[-15.363222,64.303236],[-15.367792,64.307272],[-15.362953,64.310232],[-15.370607,64.317457],[-15.381195,64.319212],[-15.374031,64.321421],[-15.384441,64.325113],[-15.390411,64.333487],[-15.385435,64.330702],[-15.385263,64.333937],[-15.369534,64.332914],[-15.375586,64.340048],[-15.37368,64.348101],[-15.369783,64.345873],[-15.367165,64.350618],[-15.367897,64.346128],[-15.362738,64.352137],[-15.374693,64.353659],[-15.391344,64.364359],[-15.379511,64.36381],[-15.3734,64.358458],[-15.374739,64.361609],[-15.372499,64.36165],[-15.34664,64.345583],[-15.33214,64.343077],[-15.32103,64.337927],[-15.321201,64.329912],[-15.32653,64.336493],[-15.325342,64.339281],[-15.334356,64.338335],[-15.324816,64.318094],[-15.318291,64.319742],[-15.321953,64.326216],[-15.316715,64.323748],[-15.316814,64.328428],[-15.31436,64.331442],[-15.305887,64.330877],[-15.311958,64.32868],[-15.308689,64.326956],[-15.316034,64.327814],[-15.313641,64.325014],[-15.316299,64.320379],[-15.313385,64.317671],[-15.318171,64.31196],[-15.31098,64.311434],[-15.321041,64.303259],[-15.319384,64.307497],[-15.32464,64.307425],[-15.326771,64.305471],[-15.323372,64.303083],[-15.327263,64.301847],[-15.330812,64.294668],[-15.311144,64.289202],[-15.311079,64.291574],[-15.30567,64.291578],[-15.28487,64.279528],[-15.279682,64.279799],[-15.287146,64.282667],[-15.27408,64.281324],[-15.276978,64.279173],[-15.274372,64.276606],[-15.280207,64.276403],[-15.269753,64.274519],[-15.274158,64.267416],[-15.2617,64.272581],[-15.264442,64.275148],[-15.250692,64.277666],[-15.247883,64.28137],[-15.264517,64.296038],[-15.260042,64.296961],[-15.26906,64.301085],[-15.267176,64.303694],[-15.244446,64.291029],[-15.243378,64.2852],[-15.241325,64.284914],[-15.238514,64.286562],[-15.239693,64.293756],[-15.236107,64.292673],[-15.23554,64.288198],[-15.242685,64.280214],[-15.241152,64.277891],[-15.231787,64.282705],[-15.223415,64.281996],[-15.221117,64.286436],[-15.213448,64.28739],[-15.198677,64.29616],[-15.19916,64.294127],[-15.215494,64.283686],[-15.20479,64.277212],[-15.211443,64.274519],[-15.209414,64.270426],[-15.214951,64.268866],[-15.208834,64.266169],[-15.220623,64.263159],[-15.21583,64.260176],[-15.217897,64.258883],[-15.215282,64.256678],[-15.215975,64.250151],[-15.209099,64.249739],[-15.212448,64.240732],[-15.191879,64.246698],[-15.20574,64.249125],[-15.191071,64.249659],[-15.194504,64.253893],[-15.192375,64.255957],[-15.19681,64.254484],[-15.200644,64.258677],[-15.19342,64.260626],[-15.190802,64.259466],[-15.192598,64.256697],[-15.188498,64.25662],[-15.183224,64.259695],[-15.185814,64.262728],[-15.175182,64.263391],[-15.176529,64.268366],[-15.183929,64.26906],[-15.184334,64.272699],[-15.199854,64.274782],[-15.19471,64.278086],[-15.187359,64.280043],[-15.173208,64.276285],[-15.160192,64.282438],[-15.166466,64.275652],[-15.157709,64.277021],[-15.159649,64.273596],[-15.153563,64.272257],[-15.157251,64.268793],[-15.140282,64.274649],[-15.139793,64.27062],[-15.119932,64.278765],[-15.121941,64.281874],[-15.118587,64.282015],[-15.114882,64.291292],[-15.081306,64.289186],[-15.053423,64.282148],[-15.037737,64.275656],[-15.009165,64.255957],[-15.023376,64.250948],[-15.033587,64.253798],[-15.038456,64.2507],[-15.033669,64.246626],[-15.106262,64.247435],[-15.158997,64.240435],[-15.176197,64.24095],[-15.192768,64.233191],[-15.182934,64.237177],[-15.167154,64.235304],[-15.124153,64.243124],[-15.057283,64.242311],[-15.026146,64.238802],[-15.010956,64.241743],[-14.999304,64.237215],[-14.989275,64.240217],[-14.993721,64.242289],[-14.98974,64.242445],[-14.992138,64.245287],[-15.007092,64.243174],[-15.004143,64.247408],[-14.992245,64.250723],[-14.980406,64.259245],[-14.947556,64.262526],[-14.939157,64.259607],[-14.938692,64.262724],[-14.935577,64.261843],[-14.937122,64.268805],[-14.9319,64.277025],[-14.901381,64.282793],[-14.913946,64.293234],[-14.953823,64.29484],[-14.957499,64.292227],[-14.955025,64.295061],[-14.97286,64.296255],[-14.962814,64.304636],[-14.965691,64.308573],[-14.96249,64.310419],[-14.965939,64.311975],[-14.964243,64.313669],[-14.95883,64.312967],[-14.932972,64.325808],[-14.914099,64.329145],[-14.906982,64.336069],[-14.913368,64.342485],[-14.897326,64.34506],[-14.900106,64.34926],[-14.885202,64.344355],[-14.88962,64.34411],[-14.887968,64.34099],[-14.882294,64.341532],[-14.867489,64.348711],[-14.851789,64.35153],[-14.84812,64.356504],[-14.844511,64.355566],[-14.84342,64.357313],[-14.851959,64.360537],[-14.847435,64.360174],[-14.847525,64.364092],[-14.843691,64.35998],[-14.845657,64.358519],[-14.840527,64.357153],[-14.837893,64.360605],[-14.837183,64.359194],[-14.838955,64.356611],[-14.831842,64.357294],[-14.833849,64.355253],[-14.81918,64.360147],[-14.827394,64.362577],[-14.829485,64.366232],[-14.816605,64.366796],[-14.814602,64.365522],[-14.818199,64.363615],[-14.812309,64.362226],[-14.812777,64.364595],[-14.80777,64.36252],[-14.78776,64.367655],[-14.777643,64.376116],[-14.780764,64.376177],[-14.785099,64.372065],[-14.779634,64.38051],[-14.759939,64.383036],[-14.732407,64.397242],[-14.717354,64.396502],[-14.716204,64.400091],[-14.721798,64.403822],[-14.7111,64.410276],[-14.709715,64.415674],[-14.714787,64.42042],[-14.71118,64.424173],[-14.691658,64.427996],[-14.673244,64.422331],[-14.631535,64.42798],[-14.574484,64.41131],[-14.551413,64.409372],[-14.549971,64.407274],[-14.554659,64.405447],[-14.548998,64.40613],[-14.543823,64.400816],[-14.539169,64.401384],[-14.528652,64.412195],[-14.532265,64.412931],[-14.53133,64.416811],[-14.534416,64.418383],[-14.531275,64.423063],[-14.498217,64.436979],[-14.497345,64.441381],[-14.510513,64.450014],[-14.505888,64.461607],[-14.488272,64.478426],[-14.484091,64.486914],[-14.464237,64.498133],[-14.471045,64.504759],[-14.484003,64.505934],[-14.483377,64.511461],[-14.490322,64.515635],[-14.486557,64.517454],[-14.489227,64.520456],[-14.486443,64.530901],[-14.47365,64.537512],[-14.468243,64.543959],[-14.487452,64.53694],[-14.499834,64.537382],[-14.500681,64.534174],[-14.51499,64.536913],[-14.525833,64.543066],[-14.532551,64.538786],[-14.542889,64.539549],[-14.560734,64.53285],[-14.582438,64.541582],[-14.568317,64.552526],[-14.571909,64.557215],[-14.567453,64.558603],[-14.573231,64.560785],[-14.578907,64.557165],[-14.574966,64.560499],[-14.579231,64.562445],[-14.575243,64.565889],[-14.576334,64.571512],[-14.586885,64.57247],[-14.58807,64.576128],[-14.583714,64.580484],[-14.572708,64.580286],[-14.559923,64.585989],[-14.558321,64.58777],[-14.561983,64.588423],[-14.559086,64.589281],[-14.563284,64.591757],[-14.558241,64.593447],[-14.543543,64.591249],[-14.541271,64.589449],[-14.545261,64.586054],[-14.543339,64.585375],[-14.512089,64.593996],[-14.502575,64.593416],[-14.501251,64.590769],[-14.491385,64.593451],[-14.495399,64.588202],[-14.48838,64.584295],[-14.473629,64.592379],[-14.471203,64.589697],[-14.449594,64.592901],[-14.441072,64.590967],[-14.440819,64.587831],[-14.432247,64.591307],[-14.427504,64.589163],[-14.423565,64.592623],[-14.413042,64.593264],[-14.414289,64.597673],[-14.405226,64.600557],[-14.406096,64.603922],[-14.40999,64.604151],[-14.405447,64.608526],[-14.409716,64.61062],[-14.405499,64.61812],[-14.408731,64.623854],[-14.423903,64.623423],[-14.43169,64.63492],[-14.468235,64.635248],[-14.492952,64.644472],[-14.488205,64.644789],[-14.491529,64.64786],[-14.506147,64.64691],[-14.492241,64.648542],[-14.496355,64.653528],[-14.478521,64.657873],[-14.453766,64.655169],[-14.422619,64.659212],[-14.394245,64.658411],[-14.386707,64.65309],[-14.366127,64.653826],[-14.36791,64.651506],[-14.355322,64.647909],[-14.330158,64.650568],[-14.331577,64.646914],[-14.324112,64.647841],[-14.325615,64.643442],[-14.320955,64.640669],[-14.306503,64.64142],[-14.307127,64.638193],[-14.291019,64.637972],[-14.281399,64.646013],[-14.276443,64.639078],[-14.263493,64.646521],[-14.253338,64.646517],[-14.261189,64.639715],[-14.256977,64.635645],[-14.258087,64.631186],[-14.252695,64.632883],[-14.255314,64.636862],[-14.251957,64.639776],[-14.241932,64.643789],[-14.244722,64.639578],[-14.2353,64.636614],[-14.232759,64.638681],[-14.236973,64.640524],[-14.226545,64.645018],[-14.238758,64.643633],[-14.244802,64.650858],[-14.256552,64.648226],[-14.254013,64.650202],[-14.258265,64.653643],[-14.254591,64.657518],[-14.263432,64.654924],[-14.265539,64.659937],[-14.259548,64.665129],[-14.281689,64.656523],[-14.280718,64.659693],[-14.286201,64.659529],[-14.285959,64.662432],[-14.294083,64.661695],[-14.294046,64.668634],[-14.316036,64.667334],[-14.317961,64.670496],[-14.332005,64.672747],[-14.331446,64.675596],[-14.339331,64.672766],[-14.342184,64.678808],[-14.347424,64.680601],[-14.344318,64.689337],[-14.354153,64.692102],[-14.367496,64.690504],[-14.371809,64.695265],[-14.381681,64.69705],[-14.394295,64.705118],[-14.396835,64.722357],[-14.402054,64.733011],[-14.414684,64.731737],[-14.425228,64.745413],[-14.436438,64.744123],[-14.455002,64.750563],[-14.464323,64.750353],[-14.472446,64.755941],[-14.478447,64.754725],[-14.476658,64.756205],[-14.471306,64.756834],[-14.470394,64.75836],[-14.477869,64.759523],[-14.477352,64.765036],[-14.459246,64.767584],[-14.455595,64.770922],[-14.467216,64.781233],[-14.504416,64.786985],[-14.508041,64.7904],[-14.480978,64.794241],[-14.476355,64.793028],[-14.477036,64.788378],[-14.449751,64.789072],[-14.440804,64.784735],[-14.437021,64.776041],[-14.440119,64.772493],[-14.436081,64.775888],[-14.432257,64.769217],[-14.412571,64.7675],[-14.396349,64.754805],[-14.392418,64.747145],[-14.3853,64.753515],[-14.377167,64.751017],[-14.371786,64.74291],[-14.372215,64.733397],[-14.361357,64.730906],[-14.350258,64.73461],[-14.348631,64.732866],[-14.352839,64.729952],[-14.342731,64.72629],[-14.334478,64.706717],[-14.325243,64.705801],[-14.324255,64.703146],[-14.319201,64.706362],[-14.307253,64.705542],[-14.307014,64.700533],[-14.295387,64.699881],[-14.295244,64.697512],[-14.283537,64.700422],[-14.274006,64.692926],[-14.263479,64.69499],[-14.264124,64.69132],[-14.25766,64.688932],[-14.235373,64.693159],[-14.22629,64.686171],[-14.213024,64.693159],[-14.199928,64.69232],[-14.199795,64.688318],[-14.190554,64.689165],[-14.190321,64.692316],[-14.186628,64.693182],[-14.181852,64.691801],[-14.182762,64.688658],[-14.176214,64.688051],[-14.176285,64.691214],[-14.162697,64.697996],[-14.154659,64.698515],[-14.153599,64.695124],[-14.145578,64.699903],[-14.110863,64.699118],[-14.098074,64.70503],[-14.082565,64.69993],[-14.070526,64.705542],[-14.055723,64.705908],[-14.053345,64.710108],[-14.028757,64.71821],[-14.006704,64.720709],[-13.984278,64.731249],[-13.987209,64.739698],[-13.996687,64.740095],[-14.010708,64.746023],[-14.009644,64.753248],[-14.023218,64.758192],[-14.023138,64.761847],[-14.03076,64.761969],[-14.035387,64.76808],[-14.050135,64.767317],[-14.051783,64.770155],[-14.047354,64.776968],[-14.041162,64.769743],[-14.041296,64.776854],[-14.032684,64.787397],[-14.019699,64.786718],[-14.008528,64.791536],[-14.005529,64.790018],[-14.007492,64.785139],[-13.992165,64.79635],[-13.98266,64.793364],[-13.982393,64.790735],[-13.978752,64.796053],[-13.972626,64.797476],[-13.959282,64.793909],[-13.957008,64.79151],[-13.959284,64.787493],[-13.954044,64.792334],[-13.908203,64.793715],[-13.89879,64.79772],[-13.892179,64.795916],[-13.87579,64.799112],[-13.867928,64.803129],[-13.848936,64.798285],[-13.838743,64.79936],[-13.831482,64.805918],[-13.834431,64.809057],[-13.858906,64.808531],[-13.901661,64.822504],[-13.955729,64.833334],[-13.954224,64.8389],[-13.94562,64.840857],[-13.89176,64.83626],[-13.855848,64.830862],[-13.843004,64.824709],[-13.830515,64.826281],[-13.829239,64.823618],[-13.810453,64.832571],[-13.800829,64.841089],[-13.787338,64.841444],[-13.761946,64.854132],[-13.751396,64.866381],[-13.764172,64.871367],[-13.768475,64.876661],[-13.782375,64.875631],[-13.810036,64.885031],[-13.821518,64.885355],[-13.826141,64.890131],[-13.852949,64.899054],[-13.970673,64.907164],[-14.02552,64.916616],[-14.046389,64.925566],[-14.042437,64.92837],[-14.045618,64.929644],[-14.042225,64.930655],[-14.043974,64.932386],[-14.040567,64.932886],[-14.042833,64.9354],[-13.963394,64.919291],[-13.886625,64.917963],[-13.863077,64.922781],[-13.829882,64.913656],[-13.816305,64.914412],[-13.787432,64.907961],[-13.772249,64.91173],[-13.751015,64.909288],[-13.749884,64.90634],[-13.746599,64.909285],[-13.729744,64.911188],[-13.709263,64.908503],[-13.682131,64.91353],[-13.685873,64.916594],[-13.681091,64.922693],[-13.687208,64.933863],[-13.683014,64.935484],[-13.680614,64.941877],[-13.693615,64.933054],[-13.714621,64.93302],[-13.722586,64.936792],[-13.757971,64.937071],[-13.781363,64.942213],[-13.805738,64.953577],[-13.807276,64.95886],[-13.841253,64.965143],[-13.851274,64.972353],[-13.855793,64.969408],[-13.875208,64.974306],[-13.878813,64.979136],[-13.874588,64.983347],[-13.883558,64.987246],[-13.886778,64.992804],[-13.895668,64.997656],[-13.915094,65.00152],[-13.919722,65.007109],[-13.949043,65.008211],[-13.978952,65.004984],[-13.995514,65.011168],[-14.039459,65.012804],[-14.061651,65.018732],[-14.123405,65.013338],[-14.181156,65.012804],[-14.2033,65.018167],[-14.239294,65.020388],[-14.237223,65.027754],[-14.232203,65.030409],[-14.234774,65.031866],[-14.199059,65.031923],[-14.151405,65.025454],[-14.10951,65.027632],[-14.079151,65.036749],[-14.052444,65.037329],[-14.032585,65.041899],[-14.028389,65.038923],[-14.022827,65.039289],[-14.024307,65.042704],[-14.010489,65.039476],[-13.989643,65.041769],[-13.995655,65.047518],[-14.011929,65.05171],[-14.021708,65.06201],[-14.044249,65.074583],[-14.040056,65.0772],[-14.032999,65.073988],[-14.020992,65.07501],[-13.993713,65.06204],[-13.994598,65.059473],[-13.962191,65.050829],[-13.90793,65.045122],[-13.861851,65.0338],[-13.842384,65.022299],[-13.830996,65.021643],[-13.814875,65.013853],[-13.810835,65.00453],[-13.802969,65.001696],[-13.79418,64.99161],[-13.784594,64.986418],[-13.768473,64.984568],[-13.757702,64.988001],[-13.713886,64.986109],[-13.694906,64.988264],[-13.660938,64.985304],[-13.622826,64.993914],[-13.614288,64.992922],[-13.601036,64.998838],[-13.598568,65.008158],[-13.602678,65.01515],[-13.618183,65.021822],[-13.615198,65.032934],[-13.548023,65.043024],[-13.524515,65.05464],[-13.525719,65.057745],[-13.520874,65.061232],[-13.507278,65.064344],[-13.495438,65.075647],[-13.49465,65.078794],[-13.502203,65.084173],[-13.529114,65.084509],[-13.543276,65.095175],[-13.523724,65.110682],[-13.52795,65.11331],[-13.523396,65.120256],[-13.52762,65.123968],[-13.523987,65.129396],[-13.530045,65.142019],[-13.513174,65.153067],[-13.517101,65.155165],[-13.518791,65.161688],[-13.513857,65.166655],[-13.527349,65.163099],[-13.528793,65.158152],[-13.538668,65.154749],[-13.544249,65.148127],[-13.566158,65.143167],[-13.568758,65.137056],[-13.574001,65.134218],[-13.571716,65.130857],[-13.59881,65.107561],[-13.599712,65.103148],[-13.637093,65.08555],[-13.643488,65.088469],[-13.625582,65.109083],[-13.626177,65.113005],[-13.682171,65.10578],[-13.697277,65.105528],[-13.700378,65.109003],[-13.701094,65.105017],[-13.704988,65.105959],[-13.702677,65.109243],[-13.681213,65.111727],[-13.680187,65.115374],[-13.652321,65.122797],[-13.649248,65.12509],[-13.650379,65.131041],[-13.731108,65.132181],[-13.739157,65.136038],[-13.739237,65.138865],[-13.720585,65.146456],[-13.665642,65.146765],[-13.654209,65.149477],[-13.640366,65.156534],[-13.626398,65.170527],[-13.622843,65.183893],[-13.625692,65.190088],[-13.651594,65.195242],[-13.683786,65.18878],[-13.716845,65.19013],[-13.732018,65.186895],[-13.791552,65.185301],[-13.841637,65.194956],[-13.879374,65.198214],[-13.968988,65.18878],[-14.008984,65.186617],[-14.018414,65.190039],[-13.971674,65.197603],[-13.935963,65.197687],[-13.883623,65.206553],[-13.784803,65.201979],[-13.713657,65.209173],[-13.720528,65.210875],[-13.707451,65.208712],[-13.673674,65.211981],[-13.640949,65.219576],[-13.633934,65.224695],[-13.634609,65.229666],[-13.618845,65.234388],[-13.613585,65.240179],[-13.605055,65.243044],[-13.60445,65.251173],[-13.5993,65.25527],[-13.57169,65.268637],[-13.574165,65.272276],[-13.609694,65.279623],[-13.621929,65.285498],[-13.699877,65.298197],[-13.723637,65.28525],[-13.765049,65.284456],[-13.808296,65.292524],[-13.858025,65.292521],[-13.900993,65.281492],[-13.941494,65.28013],[-13.968388,65.275793],[-14.008387,65.260492],[-14.006086,65.264372],[-14.011087,65.26594],[-14.007332,65.274153],[-13.999111,65.278486],[-13.969667,65.285776],[-13.922415,65.290403],[-13.86915,65.308416],[-13.84683,65.310846],[-13.76914,65.307909],[-13.723742,65.326536],[-13.720661,65.3333],[-13.726753,65.335619],[-13.823936,65.348074],[-13.846104,65.353483],[-13.847015,65.356485],[-13.833666,65.365301],[-13.787821,65.360712],[-13.75177,65.362597],[-13.728239,65.357481],[-13.711878,65.361303],[-13.700245,65.368505],[-13.676435,65.371778],[-13.667164,65.382231],[-13.649942,65.386606],[-13.658342,65.391829],[-13.654915,65.397802],[-13.670986,65.399321],[-13.673742,65.403574],[-13.670019,65.405313],[-13.674829,65.407118],[-13.674479,65.409956],[-13.642952,65.415445],[-13.63393,65.423601],[-13.634453,65.430651],[-13.641205,65.43609],[-13.648069,65.43329],[-13.650017,65.440786],[-13.646839,65.446821],[-13.658895,65.451097],[-13.659964,65.458952],[-13.650515,65.465269],[-13.630829,65.467165],[-13.621565,65.465033],[-13.622492,65.468954],[-13.617712,65.474951],[-13.621431,65.489672],[-13.614799,65.492563],[-13.617661,65.498568],[-13.609673,65.502806],[-13.60726,65.511827],[-13.623375,65.510565],[-13.637823,65.519136],[-13.650185,65.518423],[-13.644112,65.521605],[-13.651577,65.522463],[-13.645205,65.526751],[-13.650766,65.527613],[-13.651836,65.532896],[-13.659611,65.533415],[-13.672054,65.525133],[-13.68446,65.526793],[-13.684227,65.537916],[-13.67944,65.539221],[-13.675953,65.544638],[-13.678577,65.546904],[-13.676229,65.552053],[-13.685411,65.548819],[-13.699221,65.552324],[-13.734808,65.552824],[-13.751495,65.541044],[-13.75835,65.543871],[-13.75523,65.539717],[-13.769884,65.528284],[-13.766541,65.524927],[-13.774797,65.520811],[-13.796114,65.52054],[-13.798382,65.525877],[-13.812954,65.525957],[-13.814672,65.532732],[-13.809338,65.541906],[-13.818142,65.542215],[-13.813679,65.553228],[-13.814524,65.564154],[-13.825541,65.569029],[-13.884636,65.572859],[-13.883654,65.581327],[-13.845598,65.587652],[-13.843548,65.591433],[-13.85907,65.600058],[-13.863144,65.607943],[-13.860899,65.609129],[-13.891224,65.615103],[-13.937672,65.614546],[-13.945477,65.607904],[-13.963585,65.600611],[-13.985704,65.598906],[-13.993221,65.591707],[-14.00913,65.584711],[-14.029566,65.582212],[-14.07037,65.567446],[-14.087505,65.568731],[-14.103161,65.561796],[-14.096651,65.565901],[-14.101059,65.566549],[-14.091211,65.569284],[-14.066803,65.569891],[-14.028776,65.587656],[-14.035027,65.592958],[-14.016863,65.595842],[-14.072685,65.599463],[-14.075008,65.597631],[-14.072138,65.594843],[-14.074772,65.594172],[-14.07234,65.587873],[-14.075623,65.584932],[-14.099802,65.590849],[-14.11311,65.59062],[-14.116201,65.594767],[-14.113384,65.60351],[-14.106552,65.60486],[-14.094513,65.599783],[-14.079672,65.599928],[-14.08317,65.60272],[-14.091816,65.603239],[-14.093222,65.600874],[-14.093801,65.604582],[-14.112896,65.609228],[-14.11327,65.612143],[-14.124695,65.609217],[-14.159235,65.621],[-14.177792,65.621881],[-14.179989,65.625845],[-14.188946,65.626444],[-14.247049,65.623175],[-14.247957,65.619787],[-14.231424,65.609369],[-14.231371,65.605516],[-14.242668,65.603819],[-14.263689,65.61025],[-14.26956,65.606638],[-14.269726,65.592253],[-14.307264,65.592142],[-14.303892,65.579081],[-14.313467,65.576239],[-14.320305,65.56698],[-14.326958,65.56521],[-14.33087,65.553965],[-14.357384,65.548498],[-14.352406,65.546324],[-14.35187,65.540834],[-14.366583,65.533873],[-14.364784,65.525774],[-14.371206,65.519117],[-14.366394,65.515272],[-14.367626,65.506033],[-14.372038,65.51531],[-14.381145,65.520597],[-14.375051,65.525702],[-14.377359,65.529013],[-14.371374,65.537199],[-14.361032,65.543505],[-14.354692,65.561144],[-14.344376,65.565317],[-14.34157,65.569555],[-14.307676,65.579077],[-14.309771,65.59078],[-14.307747,65.593241],[-14.276684,65.594168],[-14.271803,65.599073],[-14.271469,65.607656],[-14.268396,65.610216],[-14.254768,65.611055],[-14.242994,65.606291],[-14.244614,65.614775],[-14.250965,65.620359],[-14.248241,65.624746],[-14.221428,65.626776],[-14.233139,65.631636],[-14.237209,65.640318],[-14.232784,65.641832],[-14.233564,65.644152],[-14.268354,65.650427],[-14.294273,65.64794],[-14.293394,65.645586],[-14.288664,65.647993],[-14.286093,65.645697],[-14.291964,65.642351],[-14.304588,65.643679],[-14.327417,65.639051],[-14.333101,65.636114],[-14.337055,65.627588],[-14.362803,65.613173],[-14.359936,65.613108],[-14.360817,65.609228],[-14.36393,65.611872],[-14.376244,65.606516],[-14.402151,65.602865],[-14.396357,65.599012],[-14.405729,65.598703],[-14.410307,65.601629],[-14.410639,65.598219],[-14.41291,65.59878],[-14.409325,65.596292],[-14.437645,65.591623],[-14.432137,65.590506],[-14.449272,65.580652],[-14.455235,65.583193],[-14.452393,65.578024],[-14.457514,65.564791],[-14.478119,65.566004],[-14.480047,65.561621],[-14.475565,65.559427],[-14.483118,65.550509],[-14.501619,65.54534],[-14.499752,65.548822],[-14.502045,65.549311],[-14.504345,65.546854],[-14.501976,65.541346],[-14.510878,65.533529],[-14.525448,65.531874],[-14.51848,65.539061],[-14.505978,65.542994],[-14.507246,65.547338],[-14.500437,65.554422],[-14.487804,65.553167],[-14.480417,65.557245],[-14.484659,65.562235],[-14.479958,65.566294],[-14.45698,65.569662],[-14.461731,65.569937],[-14.45644,65.572744],[-14.468737,65.580267],[-14.468449,65.58589],[-14.460508,65.591703],[-14.462223,65.593218],[-14.432775,65.601686],[-14.430712,65.606142],[-14.427883,65.603876],[-14.429388,65.607111],[-14.426395,65.60988],[-14.421152,65.610029],[-14.423212,65.611349],[-14.420717,65.613966],[-14.401243,65.617319],[-14.392906,65.623152],[-14.376101,65.627386],[-14.392954,65.62203],[-14.389591,65.618898],[-14.386385,65.622633],[-14.373079,65.621862],[-14.354567,65.627314],[-14.346678,65.632158],[-14.353613,65.632536],[-14.342968,65.639196],[-14.349329,65.648394],[-14.348265,65.652208],[-14.319559,65.660425],[-14.317375,65.665709],[-14.381844,65.705347],[-14.390299,65.703115],[-14.385725,65.697485],[-14.391125,65.701807],[-14.388529,65.706388],[-14.399231,65.712999],[-14.389359,65.718634],[-14.385239,65.725252],[-14.388142,65.726534],[-14.386494,65.729849],[-14.362371,65.741041],[-14.36359,65.744406],[-14.356577,65.750326],[-14.350004,65.749895],[-14.353424,65.753038],[-14.348076,65.75485],[-14.349573,65.760839],[-14.328993,65.776846],[-14.32897,65.785349],[-14.333714,65.788649],[-14.370335,65.786505],[-14.386637,65.781122],[-14.389765,65.781786],[-14.387831,65.784876],[-14.393377,65.781656],[-14.411106,65.785692],[-14.474337,65.773779],[-14.485966,65.769449],[-14.485014,65.768484],[-14.479567,65.768106],[-14.489702,65.763361],[-14.560722,65.7558],[-14.588316,65.758226],[-14.633371,65.756868],[-14.641432,65.753817],[-14.643316,65.749624],[-14.658203,65.748545],[-14.665899,65.751417],[-14.675812,65.749083],[-14.678768,65.753305],[-14.682417,65.753096],[-14.740665,65.734518],[-14.773642,65.732859],[-14.791742,65.72296],[-14.81842,65.714334],[-14.831676,65.715448],[-14.828878,65.717196],[-14.854065,65.725412],[-14.859999,65.731195],[-14.819031,65.759768],[-14.804903,65.767084],[-14.791616,65.76792],[-14.785341,65.776739],[-14.763609,65.789454],[-14.769188,65.79109],[-14.787655,65.787565],[-14.827002,65.769831],[-14.83147,65.773489],[-14.829811,65.790483],[-14.824608,65.789976],[-14.825222,65.787142],[-14.819452,65.784391],[-14.804016,65.782732],[-14.817442,65.785494],[-14.823275,65.801027],[-14.812561,65.788477],[-14.801668,65.783033],[-14.798141,65.784224],[-14.816589,65.796305],[-14.823582,65.808321],[-14.801353,65.819227],[-14.801117,65.824713],[-14.806358,65.82688],[-14.800852,65.826468],[-14.7892,65.838511],[-14.721891,65.844259],[-14.720539,65.847624],[-14.732553,65.84997],[-14.730095,65.861357],[-14.718666,65.867876],[-14.66481,65.881155],[-14.665689,65.884268],[-14.655897,65.887873],[-14.654938,65.894999],[-14.650631,65.899328],[-14.631567,65.906813],[-14.624743,65.917704],[-14.618109,65.921938],[-14.619631,65.927603],[-14.608938,65.942411],[-14.604614,65.958368],[-14.607046,65.971739],[-14.611038,65.973463],[-14.60891,65.98057],[-14.6134,65.982222],[-14.610235,65.986013],[-14.613708,65.987677],[-14.613798,65.992361],[-14.62142,65.996405],[-14.642994,65.999735],[-14.647635,66.002451],[-14.653154,66.013628],[-14.661428,66.014071],[-14.658014,66.014864],[-14.65881,66.024885],[-14.668385,66.026693],[-14.666338,66.035128],[-14.675631,66.036356],[-14.674992,66.039232],[-14.678104,66.040514],[-14.674179,66.042063],[-14.675373,66.045481],[-14.685719,66.044432],[-14.695597,66.049238],[-14.726822,66.054434],[-14.728148,66.057093],[-14.753696,66.055174],[-14.770723,66.045279],[-14.777678,66.046549],[-14.806051,66.039263],[-14.811596,66.028357],[-14.831688,66.015074],[-14.873484,66.011717],[-14.854454,66.009798],[-14.859859,66.007509],[-14.888565,66.014845],[-14.891581,66.019594],[-14.888969,66.023329],[-14.902328,66.029112],[-14.8997,66.03264],[-14.904251,66.037405],[-14.911871,66.034189],[-14.920069,66.036345],[-14.961615,66.03229],[-14.971308,66.034998],[-14.993071,66.032831],[-15.000402,66.03533],[-15.007338,66.043837],[-15.030252,66.044954],[-15.083826,66.038256],[-15.094759,66.043211],[-15.060911,66.066858],[-15.068922,66.080477],[-15.057676,66.095556],[-15.146946,66.089701],[-15.154015,66.092466],[-15.157393,66.097979],[-15.179562,66.102949],[-15.187195,66.107885],[-15.149647,66.13196],[-15.081989,66.136366],[-15.035637,66.149305],[-15.016785,66.159445],[-14.963142,66.175714],[-14.938286,66.18651],[-14.934742,66.191484],[-14.935186,66.197153],[-14.923706,66.214605],[-14.926445,66.220583],[-14.965034,66.244329],[-14.969364,66.243902],[-14.967928,66.245657],[-14.971983,66.249163],[-14.990995,66.259874],[-14.983404,66.27239],[-14.967199,66.282873],[-14.877602,66.299349],[-14.860058,66.298574],[-14.852869,66.302298],[-14.836004,66.303976],[-14.777079,66.328184],[-14.762165,66.327959],[-14.675741,66.348124],[-14.621897,66.352461],[-14.60918,66.357286],[-14.567856,66.361917],[-14.53006,66.378271],[-14.607487,66.375891],[-14.679293,66.360006],[-14.728531,66.358381],[-14.769867,66.361917],[-14.796865,66.373964],[-14.81547,66.37676],[-14.827646,66.385572],[-14.854345,66.386404],[-14.881075,66.377535],[-14.931564,66.370211],[-14.950003,66.363157],[-14.963469,66.353556],[-15.001696,66.349714],[-15.013508,66.323378],[-15.03894,66.313307],[-15.03743,66.309195],[-15.043129,66.303209],[-15.061239,66.295099],[-15.087444,66.289423],[-15.101145,66.292318],[-15.10284,66.287359],[-15.097055,66.284777],[-15.097054,66.28026],[-15.121395,66.268671],[-15.150991,66.264063],[-15.17289,66.26486],[-15.247816,66.252741],[-15.283918,66.253019],[-15.313423,66.261358],[-15.321163,66.25815],[-15.336676,66.258352],[-15.339771,66.255301],[-15.337137,66.250929],[-15.345409,66.2451],[-15.350779,66.236174],[-15.34943,66.226728],[-15.343275,66.21953],[-15.350008,66.211027],[-15.344107,66.208986],[-15.339849,66.201475],[-15.34236,66.194277],[-15.33181,66.196638],[-15.328218,66.188726],[-15.332525,66.181158],[-15.338083,66.179373],[-15.340168,66.172697],[-15.345358,66.172094],[-15.345524,66.168421],[-15.350946,66.165472],[-15.399252,66.159136],[-15.382944,66.156263],[-15.356535,66.161524],[-15.368818,66.154051],[-15.365416,66.149118],[-15.375143,66.141241],[-15.393595,66.138674],[-15.394001,66.130995],[-15.398188,66.1304],[-15.394821,66.131796],[-15.39798,66.134569],[-15.394438,66.139177],[-15.378908,66.146215],[-15.392447,66.15325],[-15.413813,66.157755],[-15.395609,66.155256],[-15.402481,66.158926],[-15.431051,66.161997],[-15.44759,66.18149],[-15.460899,66.188555],[-15.494471,66.18862],[-15.507788,66.19718],[-15.518854,66.19808],[-15.520935,66.204966],[-15.533167,66.214502],[-15.532362,66.217134],[-15.548115,66.21258],[-15.562973,66.216623],[-15.573978,66.216101],[-15.579281,66.220201],[-15.577215,66.225077],[-15.580904,66.225863],[-15.58107,66.230894],[-15.584606,66.231989],[-15.625225,66.220137],[-15.639318,66.220987],[-15.643276,66.226053],[-15.656908,66.226595],[-15.666801,66.222292],[-15.682775,66.225252],[-15.689653,66.22312],[-15.705664,66.228834],[-15.707067,66.23229],[-15.703218,66.241926],[-15.692884,66.249571],[-15.694349,66.254824],[-15.68664,66.259306],[-15.685068,66.263971],[-15.696514,66.266211],[-15.726162,66.25841],[-15.75659,66.272768],[-15.761227,66.278803],[-15.759546,66.282629],[-15.734505,66.298483],[-15.726564,66.299166],[-15.70635,66.310484],[-15.685633,66.327158],[-15.678837,66.34234],[-15.692486,66.364439],[-15.688234,66.373995],[-15.689913,66.379061],[-15.702579,66.396849],[-15.732096,66.396391],[-15.73807,66.40016],[-15.765772,66.398275],[-15.805119,66.405275],[-15.822489,66.399893],[-15.842188,66.401525],[-15.848221,66.405062],[-15.846323,66.408484],[-15.823532,66.417871],[-15.828354,66.420889],[-15.841793,66.420233],[-15.837301,66.422789],[-15.855837,66.415796],[-15.879099,66.414705],[-15.883535,66.416128],[-15.880362,66.419558],[-15.88339,66.423285],[-15.890022,66.424402],[-15.901836,66.420607],[-15.899782,66.414427],[-15.902719,66.412035],[-15.908932,66.417658],[-15.934681,66.416643],[-15.936672,66.425394],[-15.920282,66.432318],[-15.93635,66.438395],[-15.946602,66.438765],[-15.94676,66.440813],[-15.937269,66.441217],[-15.936495,66.446917],[-15.945829,66.451185],[-15.947935,66.457464],[-15.938976,66.457785],[-15.938189,66.453512],[-15.926723,66.456068],[-15.929878,66.460764],[-15.940666,66.460344],[-15.937267,66.466803],[-15.944181,66.471495],[-15.922626,66.476683],[-15.91452,66.474836],[-15.908712,66.47978],[-15.91481,66.482351],[-15.925203,66.48049],[-15.922457,66.481943],[-15.92882,66.48242],[-15.929573,66.486086],[-15.906116,66.4872],[-15.896917,66.483957],[-15.890423,66.486032],[-15.90357,66.488821],[-15.927675,66.486712],[-15.931248,66.489283],[-15.918194,66.497137],[-15.940187,66.501738],[-15.954477,66.496649],[-15.961231,66.497728],[-15.966299,66.501631],[-15.958605,66.50535],[-15.960083,66.507612],[-15.952965,66.509333],[-15.955902,66.513807],[-15.95989,66.515211],[-15.970526,66.511522],[-15.975155,66.518164],[-16.001787,66.516897],[-16.005638,66.518591],[-16.008705,66.527575],[-16.023064,66.537012],[-16.033693,66.536955],[-16.029976,66.536612],[-16.030777,66.528082],[-16.03768,66.523344],[-16.06398,66.527365],[-16.077549,66.522478],[-16.072174,66.521456],[-16.066536,66.52574],[-16.051008,66.52318],[-16.063023,66.522165],[-16.063671,66.514544],[-16.067158,66.513063],[-16.071779,66.518663],[-16.079947,66.519045],[-16.088282,66.526499],[-16.09626,66.527346],[-16.100557,66.524675],[-16.114492,66.529856],[-16.110853,66.532743],[-16.101749,66.530802],[-16.103258,66.528719],[-16.090332,66.528349],[-16.108015,66.533796],[-16.158354,66.53409],[-16.186228,66.529779],[-16.191824,66.531481],[-16.191708,66.536177],[-16.196014,66.537867]]]}}
