160285	Qikirtaarjuk Island
166206	Grosse île au Marteau
273333	Tussac
273711	Cheval
273737	Borneo
273738	Cuba
273739	Devon
273740	Flores
273741	Hainan
273742	Halmahera
273743	Hispaniola
273744	Honshu
273745	Ireland
273746	Java
273747	Kotelny
273748	Kyushu
273749	Luzon
273750	Madagascar
273751	Marajo
273752	Melville
273753	Mindanao
273754	Negros
273755	New Britain
273756	Newfoundland
273757	Nordaustland
273758	October Revolution
273759	Palawan
273760	Panay
273761	Prince Patrick
273762	Sakhalin
273763	Samar
273764	Sardinia
273765	Seram
273766	Severny
273767	Shikoku
273768	Sicily
273769	Somerset
273770	South Island
273771	Southampton
273772	Sri Lanka
273773	Sulawesi
273774	Sumatra
273775	Sumbawa
273776	Tasmania
273777	Timor
273778	Vancouver
273779	Victoria
273780	Yuzhny
273781	North Island
273782	Mindoro
273783	Dolak
273784	Bangka
273785	Elleg Ringnes
273786	Bolshevik
273787	Jamaica
273788	Bylot
273789	Sumba
273790	Fiji
273791	Hawaii
273792	Prince Charles Island
273793	Bougainville
273794	Kodiak
273795	Cyprus
273796	Puerto Rico
273797	Komsomolets
273798	Chiloe
273799	Buru
273800	Crete
273801	Anticosti
273802	New Ireland
273803	Leyte
273804	East Falkland
273805	Zealand
273806	Cornwallis
273807	Prince of Wales
273808	New Siberia
273809	Melville
273810	Prince Edward
273811	Wellington
273812	Coats
273813	Bali
273814	Chicagof
273815	Guadalcanal
273816	Great Lyakhovsky
273817	St. Lawrence
273818	Edgeoya
273819	Mackenzie King
273820	Caviana
273821	Kolguyev
273822	Trinidad
273823	Isabela
273824	North Jutlandic
273825	Lombok
273826	West Falkland
273827	Belitung
273828	Cebu
273829	Stefansson
273830	Madura
273831	Buton
273832	Kangaroo
273833	Admiralty
273834	Nunivak
273835	Unimac
273836	Hoste_Stewart
273837	Baranof
273838	Nias
273839	Espiritu Santo
273840	Milne Land
273841	Malaita
273842	Siberut
273843	Bohol
273844	South Georgia and the South Sandwich Islands
273845	Santa Ines
273846	Majorca
273847	Santa Isabel
273848	Long
273849	Socotra
273850	Wetar
273851	Traill
273852	North Andros
273853	Vaygach
273854	Masbate
273855	Ituruo
273856	Makira
273857	Mansel
273858	Yamdena
273859	Waigeo
273860	Akimiski
273861	Gotland
273862	Funen
273863	Choiseul
273864	Revillagigedo
273865	Taliabu
273866	Muna
273867	Zemlya Georga
273868	Kupreanof
273869	Borden
273870	North Andaman
273871	Unalaska
273872	Saaremaa
273873	Obira
273874	Reunion
273875	Navarino
273876	Paramushir
273877	Ymer
273878	Karaginsky
273879	Cornwall
273880	Peleng
273881	Groot Eylandt
273882	Yapen
273883	Morotai
273884	Princess Royal
273885	Juventud
273886	Wilczek Land
273887	Hinnoya
273888	Richards
273889	Trangan
273890	Alor
273891	Lewis and Harris
273892	Laut
273893	Malakula
273894	New Georgia
273895	Magdalena
273896	Tenerife
273897	Ayon
273898	Kuiu
273899	Manus
273900	Bioko
273901	Biak
273902	Maui
273903	Bacan
273904	Mauritius
273905	Fraser
273906	Jeju
273907	Stewart
273908	Bely
273909	Afognak
273910	Umnak
273911	Bolshoy Shantar
273912	Bolshoy Begichev
273913	Simeulue
273914	Kobroor
273915	Natuna Besar
273916	Savaii
273917	Geographical Society
273918	Bathurst
273919	Bering
273920	Skye
273921	Lesbos
273922	Fuerteventura
273923	Salawati
273924	Great Inagua
273925	Kunashir
273926	Tanahbesar
273927	Rantau
273928	Senja
273929	Flaherty
273930	Oahu
273931	Zanzibar
273932	Graham Bell
273933	Eglinton
273934	Middle Andaman
273935	Clavering
273936	Gran Canaria
273937	Pioneer
273938	Great Karimun
273939	Cataduanes
273940	Rupat
273941	Qeshm
273942	Nares Land
273943	South Andros
273944	Bhola
273945	Fergusson
273946	Urup
273947	Kauai
273948	Sao Luis
273949	Rhodes
273950	Graham
273951	Pitt
273952	Nottingham
273953	Desolacion
273954	Ramree
273955	Flinders Land
273956	Oland
273957	Lougheed
273958	Barentsoya
273959	Lembata
273960	Chongming
273961	Basilan
273962	Shannon
273963	Lolland
273964	Mangole
273965	New Hanover
273966	Rote
273967	South Andaman
273968	Okinawa
273969	Oleniy
273970	Tiburon
273971	Bintan
273972	Martinique
273973	Aracena
273974	Byam Martin
273975	Great Abaco
273976	Lifou
273977	Wales
273978	Vanier
273979	Upolu
273980	King
273981	Clarence
273982	Grand Bahama
273983	Alexandra Land
273984	Rowley
273985	Tahiti
273986	Serrano
273987	Atka
273988	Cameron
273989	Hall
273990	Madre de Dios
273991	Normanby
273992	Hiiumaa
273993	Margarita
273994	Resolution
273995	Grande Comore
273996	Mornington
273997	Rugen
273998	Meighan
273999	Shetland Mainland
274000	Banks
274001	Nelson
274002	Vansittart
274003	Maya Karimata
274004	Russell
274005	Santa Cruz
274006	Mala Lyakhovsky
274007	Salisbury
274008	Great Nicobar
274009	Langoya
274010	Angel de la Guarda
274011	Sado
274012	Umboi
274013	Bengkalis
274014	Marinduque
274015	Rangsang
274016	Efate
274017	Jens Munk
274018	Pemba
274019	Lingga
274020	Erromango
274021	Mull
274022	Guadeloupe
274023	Muyua
274024	Kabaena
274025	Etolin
274026	Jolo
274027	Sudest
274028	Melchor
274029	Sao Tome
274030	Sibirykova
274031	Karakelong
274032	King
274033	Khios
274034	Hanover
274035	Ambon
274036	Salisbury
274037	Sangmissoq
274038	Lanzarote
274039	Dominica
274040	Santo Antao
274041	Cephalonia
274042	Ammassilik
274043	Dinagat
274044	Sao Miguel
274045	Prat
274046	Kvaloy
274047	Singkep
274048	Dahlak
274049	Brock
274050	Madeira
274051	Chatham
274052	Batanta
274053	Kofiau
274054	Adak
274055	Montague
274056	Aland
274057	Pantar
274058	Wowoni
274059	Little Andaman
274060	Chatham
274061	Menorca
274062	Bray
274063	La Palma
274064	Kolombangara
274065	Goodenough
274066	Buka
274067	Molokai
274068	Ambrym
274069	Foley
274070	Air Force
274071	Bahrain
274072	Bubiyan
274073	Salayar
274074	Rennell
274075	Ringvassoy
274076	Mare
274077	Alluttoq
274078	Dall
274079	Anglesey
274080	King Christian Island
274081	Londonderry
274082	Saint Lucia
274083	Boa Vista
274084	Santiago
274085	Kuhn
274086	Polillo
274087	Vella Lavela
274088	Fernandina
274089	Prince Charles Foreland
274090	Corfu
274091	Contreras
274092	Dirk Hartog
274093	Pagai Utara
274094	Islay
274095	Benjamin
274096	Store Koldeway
274097	MacKlintock
274098	Bornholm
274099	Sipura
274100	Seiland
274101	Hendrik
274102	Tawitawi
274103	Santiago
274104	North Kent
274105	Isle of Man
274106	Hitra
274107	Patricio
274108	Guimaras
274109	Wrangell
274110	Zarembo
274111	Mitkoff
274112	Sulabesi
274113	Tanna
274114	Emerald
274115	Sangir
274116	Kai Besar
274117	San Cristobal
274118	Guam
274119	Upernivik
274120	Cozumel
274121	Long
274122	Jorge Montt
274123	Singapore
274124	Belkovskiy
274125	Iceland
274126	Ellesmere
274127	Great Britain
274128	New Guinea
274129	Hokkaido
274130	Banks
274131	Tierra del Fuego
274132	Axel Heiberg
274133	Spitsbergen
274134	Taiwan
274135	New Caledonia
274136	King William
274137	Corsica
274138	Disko
274139	Cape Breton
274140	Kerguelen
274141	Amund Ringnes
274142	Vanua Levu east of dateline
274143	Vanua Levu west of dateline
274144	Euboea
274145	Graham
274146	Moresby
274147	Misool
274148	Air Force
274149	Dawson
274150	Campana
274151	Attu
274152	Gordon
274153	Ibiza
274154	Orkney
274155	Prince of Wales
274156	Austvagoy
274157	Duke of York
274158	Nootka
274159	Tanaga
274160	Mornington
274161	Yakushima
274162	Jerba
274163	Porcher
274164	Jackson
274165	Traiguen
274166	Esmeralda
274167	Andoya
274168	Andonara
274169	Vangunu
274170	Acklins
274171	Nendo
274172	Biliran
274173	Isla de los Estados
274174	Long
274175	Vestvagoya
274176	Sillem
274177	Pentecost
274178	Phu Quoc
274179	Falster
274180	Lemnos
274181	Maramasike
274182	Alexander
274183	Cape Barren
274184	La Ronciere
274185	Matty
274186	Samos
274187	Fogo
274188	Kasiruta
274189	Tanahbala
274190	Illorsuit
274191	Schmidta
274192	Manuel Rodriguez Pedro Mont Juan Gullermos Barros
274193	Sibuyan
274194	Cayo Romano
274195	Barbados
274196	Pico
274197	Unga
274198	Hooker
274199	Amlia
274200	Royal Geographical Society
274201	Eleuthera
274202	Mageroya
274203	Sebatik
274204	Prescott
274205	Rivero
274206	Helges Halvo
274207	Kadavu
274208	Koch
274209	Kadan
274210	Ziegler
274211	Angamos
274212	Epi
274213	Curacao
274214	Auckland
274215	Hinchinbrook
274216	Banggi
274217	Arran
274218	Naxos
274219	Kruzof
274220	Anjouan
274221	Aristazabal
274222	Onekotan
274223	Merino Jarpa
274224	Jenny Lind
274225	Kangean
274226	Mafia
274227	Little Cornwallis
274228	Zakinthos
274229	Krk
274230	Burias
274231	Bruit
274232	Siargao
274233	Terceira
274234	Massey
274235	Rendova
274236	Coburg
274237	Basu
274238	Bathurst
274239	Kanmaw
274240	Brac
274241	Sverdrup
274242	Ambae
274243	Shumshu
274244	Taymyr
274245	Karkar
274246	Mussau
274247	Batam
274248	Kai Kecil
274249	Maikoor
274250	Enggano
274251	Farasan
274252	Melbourne
274253	Crown Prince Frederik
274254	Wight
274255	Jan Mayen
274256	Victoria
274257	Cat
274258	Thasos
274259	Florida
274260	Streymoy
274261	Gilford
274262	St Vincent
274263	Sawu
274264	Jura
274265	Nutaarmiut
274266	Diego de Almagro
274267	Champ
274268	Babeldaob
274269	Heard
274270	Feklistova
274271	Andros
274272	Mayotte
274273	Bruny
274274	Luigi
274275	Kanaga
274276	Cayo Coco
274277	Langkawi
274278	Hawkesbury
274279	Simushir
274280	Gomera
274281	Kiwai
274282	Lanai
274283	St Matthew
274284	Sao Nicolau
274285	Hunter
274286	Cress
274287	Stolbovoy
274288	Nuku Hiva
274289	Tanahmasa
274290	Salm
274291	Annette
274292	South Rennell
274293	Helena
274294	North Uist
274295	Numfoor
274296	Pohnpei
274297	Siquijor
274298	Stor
274299	Ticao
274300	Croker
274301	South Spicer
274302	Northumberland
274303	Komodo
274304	Mojo
274305	Karl Alexander
274306	Santa Maria
274307	Vanua Lava
274308	Cedros
274309	Farrel
274310	Als
274311	Grenada
274312	Dumaran
274313	Kiribati
274314	Cuptana
274315	Balabac
274316	Calvert
274317	Hiva Oa
274318	Texada
274319	Tennent
274320	Kundur
274321	Magdalena
274322	Pini
274323	Hagermeister
274324	South Uist
274325	Karpathos
274326	Nagai
274327	Sitkadalik
274328	Eggers
274329	Tobago
274330	Amchitka
274331	Piazzi
274332	Hvar
274333	Juan Stuven
274334	Russky
274335	Al Jirab
274336	Maewo
274337	Eysturoy
274338	Roderick
274339	Marion
274340	Mendol
274341	Penang
274342	Princess Thyra
274343	Mayaguana
274344	Pag
274345	Charlton
274346	Hierro
274347	Nosy Be
274348	Grand Turk
274349	Northbrook
274350	Kos
274351	Stosch
274352	Lefkada
274353	Elcho
274354	McCauley
274355	Kiska
274356	Kythira
274357	Antigua
274358	Bailie
274359	Vidal Gormaz
274360	Orango
274361	Arnoy
274362	Kola
274363	Qoornup Qeqertarsua
274364	Arakemchechen
274365	Kiriwina
274366	Kolosovykh
274367	Weddel
274368	Ushakov
274369	Semitsiaq
274370	Qeqertarssuaq
274371	Quadra
274372	Imbros
274373	Guadelloupe
274374	Niue
274375	Vanderlin
274376	Lindhards
274377	Icaria
274378	Rossel
274379	Nalcayek
274380	Banggai
274381	Sao Jorge
274382	Knight
274383	Tonga
274384	Level
274385	Saganthit Kyun
274386	Santa Cruz
274387	Camiguin
274388	Samal
274389	Shikotan
274390	Letsok-aw Kyun
274391	Isle de France
274392	Gravina
274393	Kvitoya
274394	Batudaka
274395	Gran Guaiteca
274396	Gil
274397	Baratang
274398	Wiener Neustadt
274399	Agattu
274400	Ko Samui
274401	Luz
274402	Sao Vicente
274403	Maly Taymyr
274404	Santa Margarita
274405	Mandioli
274406	Elba
274407	Gateshead
274408	Tingmiarmit
274409	New Providence
274410	Tristan
274411	Mon
274412	Nunukan
274413	Vanna
274414	Malta
274415	Semisopochnoi
274416	North Spicer
274417	Herbert
274418	Pearse
274419	Wollaston
274420	Sal
274421	Sebuku
274422	Yell
274423	Gribbel
274424	Wiese
274425	Panaon
274426	Larat
274427	Seguam
274428	Ko Chang
274429	St. Croix
274430	Miquelon Langlade
274431	Guafo
274432	Skyros
274433	Yakobi
274434	Appat
274435	Marchinbar
274436	Lepar
274437	Tuangku
274438	Santa Rosa
274439	Penida
274440	Smola
274441	Anoraliuirsoq
274442	Foch
274443	Hazenland
274444	Mwali
274445	Prince of Wales
274446	Great Exuma
274447	Qutdlikorssuit
274448	Misima
274449	Shortland
274450	Aldea
274451	Kongsoya
274452	Raspberry
274453	Bawean
274454	North Caicos
274455	Gam
274456	Muhu
274457	Ikeq
274458	Rinca
274459	Storo
274460	Damar
274461	Byron
274462	Griggith
274463	Grand Cayman
274464	Fehmarn
274465	Olutanga
274466	Santa Catalina
274467	Tinos
274468	Alabat
274469	East Caicos
274470	Rishiri
274471	Saumarez
274472	Dring
274473	Paros
274474	Bruce
274475	Moskenesoya
274476	Oleron
274477	Caldcleugh
274478	Tjeldoya
274479	Bennett
274480	Haruku
274481	Lanbi Kyun
274482	Tortue
274483	Esperanza
274484	Norske
274485	Purutu
274486	Isquiliac
274487	Vagar
274488	Samothraki
274489	San Jorge
274490	Niihau
274491	Faial
274492	Aruba
274493	Heceta
274494	Kiatassuaq
274495	Isachenko
274496	Schnauders
274497	Togian
274498	Malo
274499	Tugidak
274500	Suduroy
274501	Karimata
274502	Zadetkyi
274503	Hawkins
274504	Raiatea
274505	Vanikolo
274506	Easter
274507	Bear
274508	Yunaska
274509	Clemente
274510	Averoya
274511	Bisa
274512	Moa
274513	Barbuda
274514	Evans
274515	Price
274516	St Kitts
274517	Marie Galante
274518	Lennox
274519	Nueva
274520	Picton
274521	Campania
274522	Katchall
274523	Figueroa
274524	Sitkinak
274525	Harrison
274526	Shuyak
274527	Romang
274528	Santa Maria
274529	Akun
274530	Akutan
274531	Tigalda
274532	Chuginadak
274533	Sukkwan
274534	Pecixe
274535	French
274536	Milos
274537	Texel
274538	San Jose
274539	Tamar
274540	Nansena
274541	East Jensen
274542	Diego Portales
274543	Tortuga
274544	Ramirez
274545	San Salvador
274546	Jampea
274547	Bremangerlandet
274548	Payer
274549	Aneityum
274550	Teresa
274551	Adi
274552	Saparua
274553	Pacheco
274554	Sajid
274555	Sabine
274556	Tidra
274557	Fitz Roy
274558	Great Sitkin
274559	Vilkitsky
274560	Rempang
274561	Atlasov
274562	Flores
274563	Possession
274564	East
274565	Pig
274566	Suemez
274567	Hoy
274568	Flores
274569	Sangeang
274570	Little Nicobar
274571	Dundas
274572	San Clemente
274573	Deer
274574	Workai
274575	Jacques Cousteau
274576	Wuliaru
274577	Reinoy
274578	Duke
274579	Lowther
274580	Upepnagssivik
274581	Froya
274582	Principe
274583	Mahe
274584	Ranongga
274585	Viegues
274586	Atauru
274587	Uganik
274588	Andorja
274589	Okushiri
274590	Stuart
274591	Stuart
274592	Prinsesse Dagmar
274593	Kelang
274594	Ella
274595	Tutuila
274596	Isle of Pines
274597	Formosa
274598	Rainer
274599	Boano
274600	Quilan
274601	Refugio
274602	Sapudi
274603	Dexterity
274604	Rowlett
274605	Kunghit
274606	Campbell
274607	Tahuenahuec
274608	O'Brien
274609	Zavyalov
274610	Gau
274611	Replot
274612	Bordoy
274613	Christmas
274614	Pestsovyy
274615	Kruglyy
274616	Podkova
274617	Kosterina
274618	Severo Plavnikovyye
274619	Quinchao
274620	Ertvagoy
274621	Svenskoya
274622	Javier
274623	Maldonado
274624	Esther
274625	Neupokoyeva
274626	Abd al Kuri
274627	Subi
274628	Heiss
274629	Moorea
274630	Vost Kamennyy
274631	West
274632	Ofhidro
274633	Saunders
274634	Buckingham
274635	Timbun Mata
274636	Leucayec
274637	Camorta
274638	Salliaruseq
274639	Kea
274640	Aldabra
274641	Sanak
274642	Broughton
274643	Unst
274644	Bucas Grande
274645	East Bucas Grande
274646	Hoved
274647	Greely
274648	Bely
274649	Little Inagua
274650	Qeqertarsuatsiaq
274651	Nuuqatsiaq
274652	Caravela
274653	Winter
274654	St Helena
274655	Ko Phangan
274656	Isla Vancouver
274657	Qaersorssuaq
274658	Penambulai
274659	Wilhelmoya
274660	Montserrat
274661	Qeqertaq
274662	Car Nicobar
274663	Carlos
274664	Saipan
274665	Tinian
274666	Pandora
274667	Macquarie
274668	Dugi Otok
274669	Sandoy
274670	John Murray
274671	Ios
274672	Pavuvu
274673	Rojas
274674	Sant'Antioco
274675	Pebble
274676	Thayawthadangyi
274677	Bickerton
274678	Bugsuk
274679	Tetepare
274680	Panaitan
274681	Stokes
274682	Mendenau
274683	Faro
274684	Amorgos
274685	Bantayan
274686	Kagalaska
274687	Samso
274688	Tidore
274689	Delmarva
274690	Soroya
274691	Kvaloya
274692	Mezhdusharskiy
274693	White
274694	Akpatok
274695	Yeva Liv
274696	Big
274697	Gusmp
274698	Kamenka
274699	Krestovskiy
274700	Pushkaryova
274701	Leontyova
274702	Chetyrekhstolbovoy
274703	Cape Cod
274704	Vicosa
274705	Maraca
274706	Jipioca
274707	Russkiy
274708	Arkichestogo Instituta
274709	Sidorova
274710	Haute Bagao
274711	Moreton
274712	North Stradbroke
274713	South Stradbroke
274714	Russell
274715	Curtis
274716	Facing
274717	Hinchinbrook
274718	Palm
274719	Magnetic
274720	Gloucester
274721	Hook
274722	Whitsunday
274723	Shaw
274724	Lindeman
274725	Long
274726	Hamilton
274727	Haslewood
274728	South Molle
274729	North Molle
274730	Dent
274731	Border
274732	Great Keppel
274733	North Keppel
274734	Townshend
274735	Leicester
274736	Osborne
274737	Quail
274738	Allandale
274739	Mangrove
274740	Rosewood
274741	Middle
274742	South
274743	Prudhoe
274744	Curlew
274745	Wild Duck
274746	Marble
274747	Scawfell
274748	St Bees
274749	Keswick
274750	Carlisle
274751	Brampton
274752	Rabbit
274753	Goldsmith
274754	Linne
274755	Blacksmith
274756	Cockermouth
274757	Wigton
274758	Calder
274759	Penrith
274760	North East
274761	Pine Peak
274762	Hotspur
274763	Cid
274764	Hayman
274765	Thomas
274766	Mansell
274767	Pentecost
274768	Curacoa
274769	Fantome
274770	Orpheus
274771	Pelorus
274772	Goold
274773	Dunk
274775	Havannah
274776	Rattlesnake
274777	Fitzroy
274778	Admiralty
274779	Lizard
274780	Flinders
274781	Denham
274782	Stanley
274783	Blackwood
274784	Howick
274785	Bewick
274786	King
274787	Hicks
274788	Parama
274789	Bristow
274790	Daru
274791	Saibai
274792	Dauan
274793	Kaumag
274794	Boigu
274795	Kassa
274796	Aubussi
274797	Mata Kawa
274798	Kawa
274799	Turnagain
274800	Gabba
274801	Zagai
274802	Sassie
274803	Mabuiag
274804	Yam
274805	Erub
274806	Murray
274807	Masig
274808	Badu
274809	Horn
274810	Wednesday
274811	Hammond
274812	Thursday
274813	Friday
274814	Goods
274815	Hawkesbury
274816	West
274817	Turtle Head
274818	Trochus
274819	Albany
274820	Mount Adolphus
274821	Little Adolphus
274822	Possession
274823	Entrance
274824	Crab
274825	Crab
274826	Wallaby
274827	Long
274828	Lingnoonganee
274829	Denham
274830	Forsyth
274831	Allen
274832	Bentinck
274833	Sweers
274834	Fowler
274835	Sydney
274836	Bountiful
274837	Albinia
274838	Horseshoe
274839	Pains
274840	Bayley
274841	South West
274842	North
274843	Centre
274844	Watson
274845	Skull
274846	Black
274847	Hobler
274848	Maria
274849	Winchelsea
274850	Woodah
274851	Connexion
274852	Hawk
274853	North East
274854	Chasm
274855	Angarbulumardja
274856	Ilyaugwamaja
274857	North Point
274858	Mungwardumanja
274859	Angarumurada
274860	Bruney
274861	Bustard
274862	Hawknest
274863	Morgan
274864	Nicol
274865	Round Hill
274866	Fowler
274867	Esward
274868	Gooninnah
274869	Bridgland
274870	Bremer
274871	Truant
274872	Wigram
274873	Cotton
274874	Astell
274875	Pobassoo
274876	Bromby
274877	Mallison
274878	Hardy
274879	Inglis
274880	Probable
274881	Guluwuru
274882	Raragala
274883	Jirrgari
274884	Bumaga
274885	Cunningham
274886	Alger
274887	Drysdale
274888	Graham
274889	Djergareee
274890	Stevens
274891	Burgunngura
274892	Yargara
274893	Banyan
274894	Mooroongga
274895	Rabuma
274896	Gananggarngur
274897	Crocodile
274898	Milingimbi
274899	Mardanaingura
274900	Boojiragi
274901	Darbada
274902	Bat
274903	North Goulburn
274904	South Goulburn
274905	McCluer
274906	Grant
274907	Darch
274908	Oxley
274909	Lawson
274910	Templer
274911	Valencia
274912	Greenhill
274913	Morse
274914	Endyalgout
274915	Field
274916	Barron
274917	Burford
274918	Ruby
274919	South West Vernon
274920	North West Vernon
274921	Irrititu
274922	Buchanan
274923	Indian
274924	Grose
274925	Dum In Mirrie
274926	Beer-Eetar
274927	Windirr
274928	North Peron
274929	South Peron
274930	Palmerston
274931	Dorcherty
274932	Clump
274933	Driftwood
274934	Quoin
274935	Entrance
274936	Adolphus
274937	Reveley
274938	Elsie
274939	Sir Graham Moore
274940	Mary
274941	Long
274942	Eclipse Hill
274943	North Eclipse
274944	Eclipse
274945	Scorpion
274946	West Governor
274947	Carronade
274948	Low
274949	Jar
274950	Borda
274951	Middle Osborn
274952	Kidney
274953	South West Osborn
274954	Carlia
274955	Steep Head
274956	Institut
274957	Corneille
274958	Descartes
274959	Lafontaine
274960	Cassini
274961	Murrangingi
274962	Katers
274963	Wiluntju
274964	Wollaston
274965	West Montalivet
274966	Prudhoe
274967	Quoy
274968	Kankanmengarri
274969	Winyalkan
274970	Tjaulingari
274971	Bigge
274972	North Maret
274973	South Maret
274974	Berthier
274975	Boongaree
274976	Coronation
274977	Glauert
274978	Grey
274979	Desfontaines
274980	Bernouilli
274981	Keraudren
274982	Hedley
274983	Buffon
274984	Colbert
274985	Museums
274986	St Andrew
274987	Uwins
274988	Augustus
274989	Jungulu
274990	Byam Martin
274991	Champagny
274992	Entrance
274993	Jackson
274994	Vulcan
274995	Heywood
274996	Djarmu
274997	Degerando
274998	Lamarck
274999	Kartja
275000	Naturalists
275001	Tanpanmirri
275002	Storr
275003	Kingfisher
275004	Melomys
275005	Traverse
275006	Fletcher
275007	Woninjaba
275008	Molema
275009	Slug
275010	Koolan
275011	Cockatoo
275012	Irvine
275013	Bathurst
275014	Macleay
275015	Caffarelli
275016	Admiral
275017	Powerful
275018	King Hall
275019	Sir Frederick
275020	Bedford
275021	Byron
275022	Gibbings
275023	Conilurus
275024	Hidden
275025	Umida
275026	Dunvert
275027	High
275028	Shirley
275029	Dorney
275030	Gregory
275031	Aveling
275032	Edeline
275033	Henrietta
275034	Sir Richard
275035	Verco
275036	Mermaid
275037	East Sunday
275038	Sunday
275039	West Roe
275040	Allora
275041	Poolngin
275042	Tallon
275043	Jackson
275044	Long
275045	Lachlan
275046	Herbert
275047	Pecked
275048	North Mary
275049	South Mary
275050	Finucane
275051	Downes
275052	Depuch
275053	Ronsard
275054	Dixon
275055	Delambre
275056	Hauy
275057	Legendre
275058	Dolphin
275059	Angel
275060	Gidley
275061	Enderby
275062	West Lewis
275063	East lewis
275064	Rosemary
275065	Malus
275066	East Intercourse
275067	Eaglehawk
275068	Mardi
275069	Potter
275070	Yammadery
275071	North Mangrove
275072	Middle Mangrove
275073	Direction
275074	Barrow
275075	Middle
275076	Boodie
275077	Trimouille
275078	North West
275079	Alpha
275080	Hermite
275081	Thevenard
275082	Serrurier
275083	Peak
275084	South Murion
275085	Doole
275086	Faure
275087	Bernier
275088	Dorre
275089	North
275090	West Wallabi
275091	East wallabi
275092	Rottnest
275093	Garden
275094	Eclipse
275095	Breaksea
275096	Bald
275097	Figure of Eight
275098	Boxer
275099	Woody
275100	Sandy Hook
275101	Long
275102	Remark
275103	Ram
275104	Mondrain
275105	South Twin Peak
275106	North Twin peak
275107	Middle
275108	South East
275109	Daw
275110	Masillon
275111	St Francis
275112	Lacy
275113	Evans
275114	Goat
275115	St Peter
275116	Eyre
275117	St Pierre
275118	Franklin
275119	Kiffin
275120	Flinders
275121	Waldegrave
275122	Meyronnet
275123	Germein
275124	Greenly
275125	Liguanea
275126	Boston
275127	Thistle
275128	Wedge
275129	Spilsby
275130	Louth
275131	Roxby
275132	Castiglione
275133	Taylor
275134	Hopkins
275135	Williams
275136	Wardang
275137	Torrens
275138	Lady Julia Percy
275139	Phillip
275140	New Year
275141	Hunter
275142	Three Hummock
275143	Walker
275144	Robbins
275145	Trefoil
275146	De Witt
275147	Maatsuyker
275148	Partridge
275149	Betsey
275150	Sloping
275151	Maria
275152	Schouten
275153	Egg
275154	Egg
275155	Tasman
275156	Swan
275157	Waterhouse
275158	Clark
275159	Passage
275160	Forsyth
275161	Preservation
275162	Badger
275163	Mpunt Chappell
275164	Goose
275165	East Kangaroo
275166	Big Green
275167	Long
275168	Anderson
275169	Tin Kettle
275170	Vanisttart
275171	Great Dog
275172	Prime Seal
275173	Babel
275174	Outer Sister
275175	Inner Sister
275176	Deal
275177	Erith
275178	Hogan
275179	Curtis
275180	Great Glennie
275181	Sand
275182	Sunday
275183	Saint Margaret
275184	Little Snake
275185	Clonmel
275186	Scrubby
275187	East Scrubby
275188	Raymond
275189	Gabo
275190	Flannagans
275191	Broughton
275192	Shark
275193	Corrie
275194	Wallis
275195	Peel
275196	Mud
275197	St Helena
275198	MacLeay
275199	Pannikin
275200	Lamb
275201	Coochiemudlo
275202	Karragarra
275203	Cobby
275204	Mosquito
275205	Lagoon
275206	Long
275207	Crusoe
275208	Eden
275209	Kangaroo
275210	Tabby
275211	Turkey
275212	Round Bush
275213	Dream
275214	Stewart
275215	Big Woody
275216	Hummock Hill
275217	West Hill
275218	Peters
275219	Keppel
275220	Pebble
275221	Golding
275222	Middle
275223	River
275224	East
275225	Brocken
275226	Carcass
275227	West Point
275228	Second
275229	Steeple Jason
275230	Grand jason
275231	Flat Jason
275232	South jason
275233	Elephant Jason
275234	Sedge
275235	Dunbar
275236	First
275237	Hummock
275238	Rabbit
275239	Bense
275240	Split
275241	Third
275242	Fourth
275243	Middle
275244	Fox
275245	New
275246	Beaver
275247	Governor
275248	Tea
275249	Staats
275250	Penn
275251	Barclay
275252	Quaker
275253	Dyke
275254	West
275255	Narrow
275256	Sunday
275257	Dry
275258	Passage
275259	Box
275260	Burnt
275261	Government
275262	Barren
275263	George
275264	Speedwell
275265	Great
275266	Ruggles
275267	Wolfe
275268	Tickel
275269	Sandbar
275270	Swan
275271	West Swan
275272	North Swan
275273	North Tyssen
275274	West Tyssen
275275	Long
275276	East
275277	Pleasant
275278	Johnsons
275279	Middle
275280	Philimore
275281	North East
275282	Lively
275283	Sea Lion
275284	Motley
275285	Triste
275286	Bleaker
275287	Large
275288	Sea Lion
275289	Beauchene
275290	Foch
275291	Port
275292	Croy
275293	Roland
275294	Castries
275295	Dauphine
275296	Howe
275297	Mac Murdo
275298	Bethell
275299	Maroon
275300	Violette
275301	Skuas
275302	Haute
275303	Longue
275304	Rennes
275305	Gaby
275306	Atazin
275307	Leon Lefevre
275308	Blakeney
275309	Cimetiere
275310	Mayes
275311	Penn
275312	Inskip
275313	Verte
275314	Cochons
275315	Chat
275316	Bryer
275317	Moules
275318	Heugh
275319	Chateau
275320	Murray
275321	Antares
275322	Richard Foy
275323	Prince of Monaco
275324	West
275325	Bird
275326	Main
275327	Thule
275328	Cook
275329	Bristol
275330	Montagu
275331	Saunders
275332	Candlemas
275333	Visokoi
275334	Zavodovski
275335	Coronation
275336	Signy
275337	Laurie
275338	Lord Howe
275339	Norfolk
275340	Phillip
275341	Adams
275342	Enderby
275343	Disappointment
275344	Campbell
275345	Antipodes
275346	Ruapuke
275347	South
275348	Ulva
275349	Pearl
275350	Big South Cape
275351	Putauhina
275352	Big Moggy
275353	Codfish
275354	Centre
275355	Solander
275356	Coal
275357	Chalky
275358	South
275359	Anchor
275360	Long
275361	Cooper
275362	Indian
275363	Breaksea
275364	Secretary
275365	Bauza
275366	D'Urville
275367	Forsyth
275368	Maud
275369	Arapawa
275370	Blumine
275371	Kapiti
275372	Mana
275373	Manawatawhi
275374	Stephenson
275375	Cavalli
275376	Moturoa
275377	Moturua
275378	Urupukapuka
275379	Tawhiti Rahi
275380	Aorangi
275381	Little barrier
275382	Kawau
275383	Great Barrier
275384	Rakitu
275385	Taranga
275386	Whatupuke
275387	Lady Alice
275388	Kaikoura
275389	Great Mercury
275390	Motutapu
275391	Waiheke
275392	Chamberlins
275393	Rakino
275394	Tiritiri Matangi
275395	Motuihe
275396	Whanganui
275397	Red Mercury
275398	Stanley
275399	Cuvier
275400	Pakihi
275401	Mayor
275402	Slipper
275403	Matanga
275404	Motiti
275405	White
275406	Moutohora
275407	Portland
275408	Anchorage
275409	Noble
275410	Observatorio
275411	Ano Nuevo
275412	Islas de Tierra del Fuego
275413	Grevy
275414	Freycinet
275415	Deceit
275416	Hornos
275417	Hermite
275418	Herschel
275419	Hall
275420	Maxwell
275421	Bayly
275422	Barnevelt
275423	Luff
275424	Milne Edwards
275425	Scott
275426	Mascart
275427	Button
275428	Yellow
275429	Gaussin
275430	Thierry
275431	Jaurequiberry
275432	Pothuau
275433	Loewy
275434	Pouchet
275435	Grande
275436	Duperre
275437	Peyron
275438	Herve Mangon
275439	Regnault
275440	Perrier
275441	Nachbaur
275442	Dumont D'Urville
275443	Sanderson
275444	Henderson
275445	Hind
275446	Hope
275447	Thomas
275448	Goose
275449	Shag
275450	Hammond
275451	Caroline
275452	Emily
275453	Thomas
275454	Whittlebury
275455	Burnt
275456	Redondo
275457	Olga
275458	Thompson
275459	Darwin
275460	Chair
275461	Kelvin
275462	London
275463	Luisa
275464	Stewart
275465	Gilbert
275466	Gilbert
275467	Alijulip
275468	Wickham
275469	Alta
275470	Tuckers
275471	Harrison
275472	Peak
275473	Carlos III
275474	Englefield
275475	Vivian
275476	Charles
275477	Wood
275478	Cayetano
275479	Seebrock
275480	Elisa
275481	Baynes
275482	Algeria
275483	King
275484	Amaya
275485	Prowse
275486	Noir
275487	James
275488	Kempe
275489	Furia
275490	Magill
275491	Agnes
275492	Isabella
275493	Elizabeth
275494	John
275495	Libertad
275496	Lort
275497	Agnes
275498	Dora
275499	Mortimer
275500	Bynoe
275501	Staines
275502	Guardian Brito
275503	Herrera
275504	Guardia Marina Zanartu
275505	Vitita
275506	Nena
275507	Larga
275508	Dora
275509	Stanlley
275510	Julio
275511	Otazo
275512	Adelaida
275513	Henry
275514	Enderby
275515	Enderby
275516	Santibanez
275517	Aguirre
275518	London
275519	Sydney
275520	Georgiana
275521	Basket
275522	Marchant
275523	Sandwich
275524	Burnt
275525	Meridion
275526	Catalina
275527	Tucho
275528	Hyde
275529	Leadline
275530	Hevia
275531	Torres Lietur
275532	Cotesworth
275533	Graves
275534	Monday
275535	Recalada
275536	Beauclerk
275537	Sara
275538	Chids
275539	Evans
275540	Nunes
275541	Rice Trevor
275542	Rice Trevor
275543	Salvacion
275544	Finchman
275545	Carteret
275546	Larga
275547	Roberts
275548	Andalican
275549	Santa Ana
275550	Pillolco
275551	Guzman
275552	Huerta
275553	Santa Cruz
275554	Grande
275555	Larga
275556	Senoret
275557	Escarpada
275558	Isabel
275559	Latorre
275560	Grande
275561	Ballesteros
275562	Focus
275563	Caldera
275564	Zanartu
275565	Leucoton
275566	Celery
275567	Big
275568	Morro Conway
275569	Beauclerk
275570	Tuesday
275571	Wednesday
275572	Yerbas Buenas
275573	Escobar
275574	Raby
275575	Munoz
275576	Baverstock
275577	Larga
275578	Orlebar
275579	Richards
275580	Simpson
275581	Renouard
275582	Guarello
275583	Rosas
275584	Ibanez del Campo
275585	Colocolo
275586	Lautaro
275587	Maldonado
275588	Verr
275589	Wilson
275590	Torres
275591	Grado
275592	Kopaitic
275593	Bordes
275594	Anganamon
275595	Lautaro
275596	Ceres
275597	Lagunas
275598	Chaigneau
275599	Christie
275600	Cornejo
275601	King
275602	Victoria
275603	Cuarenta Dias
275604	Djennane
275605	Perez de Arce
275606	Rosas
275607	Teneiente Manual Gonzales
275608	Narborough
275609	Summer
275610	Cheops
275611	Latorre
275612	Parker
275613	Westminster Hall
275614	Lawyers
275615	Condor
275616	Staveley
275617	Hunter
275618	Newton
275619	Carrington
275620	Palermo
275621	Ceres
275622	Margarita
275623	Alfredo
275624	Alejandra
275625	Diana
275626	Nieto
275627	LLedo
275628	Mitchell
275629	Astorga
275630	Virtudes
275631	Gomez Carreno
275632	Nef
275633	Daroch
275634	Vaccaro
275635	Oporta
275636	Munoz
275637	Coronel Madrid
275638	Aguilar
275639	Clarck
275640	Escudera
275641	Betancourt
275642	Reynolds
275643	Cortez
275644	Del Medio
275645	Entrada
275646	Hays
275647	Lucia
275648	Armonia
275649	Presidente Gabriel Gonzalez Videla
275650	Soffia
275651	Bell
275652	Carmona
275653	Valenzuela
275654	Dagnino
275655	Torres
275656	Curti
275657	Cuke
275658	Sacre
275659	Augustin
275660	Augusta
275661	Horse
275662	Olga
275663	Owen
275664	Medio
275665	Donas
275666	Soler
275667	Frodden
275668	Aristides
275669	Peel
275670	Toro
275671	Gancho
275672	Froilan
275673	Constantino
275674	Dagnino
275675	Hope
275676	Robert
275677	Beltran
275678	Ordnance
275679	Canning
275680	Nuestra Senora de la Esperanza
275681	Jorge
275682	Drummond Hoy
275683	Anafur
275684	Escribano
275685	Garcia
275686	Vega
275687	Kentish
275688	Kentish
275689	Aguilera
275690	Pasaje
275691	Santa Rosa
275692	Guarello
275693	Angel
275694	Ramon
275695	Latimer
275696	Hernando
275697	Pilot
275698	Topar
275699	Camel
275700	Deadara
275701	Corso
275702	Angle
275703	Kalau
275704	Taggart
275705	Merino
275706	Troncoso
275707	Zabala
275708	Silverio
275709	Titi
275710	Covadonga
275711	Chipana
275712	Stubbenkammer
275713	Staude
275714	Armanda
275715	Petters
275716	Wellington
275717	Lavinia
275718	Gronden
275719	Carlos
275720	Arturo
275721	Montague
275722	Wager
275723	Van der Meulen
275724	Ursula
275725	Edith
275726	Schafer
275727	Royal Oak
275728	Orlebar
275729	Schlucht
275730	Blanca
275731	Farquhar
275732	Murdoch
275733	Hector
275734	Videla
275735	Riquelme
275736	Hyatt
275737	Knorr
275738	Boxer
275739	Zealous
275740	Porcia
275741	Scout
275742	Tito
275743	Vicente
275744	Irene
275745	Berta
275746	Teresa
275747	Barrios
275748	Alberto Vargas
275749	Remo
275750	Romulo
275751	Rosa
275752	San Francisco
275753	Faro
275754	Briceno
275755	Morgan
275756	Crossiet
275757	Hereford
275758	Pan de Azucar
275759	Porthos
275760	Athos
275761	Alex
275762	Termino
275763	Baja
275764	Waller
275765	Aramis
275766	Purcell
275767	Cirujano
275768	Tenquehuen
275769	Garrido
275770	Salas
275771	Humos
275772	Guerrero
275773	Juan
275774	Prieto
275775	Menchuan
275776	Inchemo
275777	Matilde
275778	Stewart
275779	Canquenes
275780	Huemeles
275781	Goni
275782	San Jose
275783	Rojas
275784	Piuco
275785	Figueroa
275786	Acuao
275787	Auchilu
275788	Tres Dedos
275789	Desierta
275790	Soltau
275791	Kent
275792	Kent
275793	James
275794	Williams
275795	Jorge
275796	Quemada
275797	Italia
275798	Veneria
275799	Marcacci
275800	Caniglia
275801	Potranca
275802	Paz
275803	Liebre
275804	Guamblin
275805	Jesus
275806	Transito
275807	Soria
275808	Florencia
275809	Lalanca
275810	Galvarino
275811	Silachilu
275812	Tangbac
275813	Chalacayec
275814	Tuap
275815	San Andres
275816	Lola
275817	Latolque
275818	Orestes
275819	Larenas
275820	Hilda
275821	Luchin
275822	Ester
275823	Huichas
275824	Vergara
275825	Andruche
275826	Chaculay
275827	Meninea
275828	Churrecue
275829	Elena
275830	Casma
275831	Renaico
275832	Mitahues
275833	Castilo
275834	Chierchia
275835	Raimpau
275836	Ipun
275837	Gertrudis
275838	Mercedes
275839	Marta
275840	Matilde
275841	Francisco
275842	Filomena
275843	Canalad
275844	Atilio
275845	Vico
275846	Harry
275847	Chita
275848	Toto
275849	Gala
275850	Enrique
275851	Manuel
275852	Guardiamarina Zanartu
275853	Garrao
275854	Jechica
275855	Garcia
275856	Job
275857	Gorro
275858	Serrano
275859	Verdugo
275860	Burgos
275861	Sanchez
275862	Aguayo
275863	Guia
275864	Lamalec
275865	Rojas
275866	Valverde
275867	Pen-Davis
275868	Concoto
275869	Elena
275870	Bolados
275871	Johnson
275872	Forsyth
275873	Tellez
275874	Broken
275875	May
275876	Midhurst
275877	Bustos
275878	Amita
275879	Ovalada
275880	Yack
275881	Sin Nombre
275882	Sierra
275883	LLanos
275884	Morel
275885	Goicolea
275886	Canave
275887	Mellersh
275888	Arthur
275889	Riquelme
275890	Llenihuenu
275891	Tuamapu
275892	Larena
275893	Constantino
275894	Elvira
275895	Yalac
275896	Barranco
275897	Betecoi
275898	Clotilde
275899	Carbunco
275900	Julia
275901	Yates
275902	Ascension
275903	Guacanec
275904	San Pedro
275905	Laitec
275906	Quenay
275907	Cailin
275908	Tranqui
275909	Lemuy
275910	Quehui
275911	Chelin
275912	Chaulinec
275913	Alao
275914	Apio
275915	Chulin
275916	Talcan
275917	Ahulini
275918	Nayahue
275919	Imerquina
275920	Chuit
275921	Caguache
275922	Quenac
275923	Meulin
275924	Linlin
275925	Llingua
275926	Mechuque
275927	Anihue
275928	Cheniao
275929	Buta Chauques
275930	Chauqes
275931	Caucahue
275932	Tac
275933	Llancahue
275934	Pelada
275935	Linguar
275936	Queullin
275937	Chidguapi
275938	Puluqui
275939	Tabon
275940	Cabulco
275941	Quenu
275942	Llanquinelhue
275943	Abtao
275944	Guar
275945	Maillen
275946	Tenglo
275947	Marimeli
275948	Dona Sebastiana
275949	Mocha
275950	Santa Maria
275951	Quiriquina
275952	Gaviota
275953	Choros
275954	Chanaral
275955	Independencia
275956	Sangayan
275957	San Lorenzo
275958	Blanca
275959	Santa
275960	Lobos de Tierra
275961	Puna
275962	Jambelli
275963	Tembleque
275964	Sombrero
275965	Vacas
275966	Patria
275967	Jambeli
275968	Huacas
275969	Puna Vieja Chico
275970	Barbascal
275971	Verde
275972	Mondragon
275973	Matorrillos
275974	Escalante
275975	Santa Ana
275976	Esperanza
275977	Cabeza de Mate
275978	Escalante
275979	Quinones
275980	San Agnacio
275981	Bocas
275982	Orosco
275983	San Agnacio
275984	Providencia
275985	La Seca
275986	Malabrigo
275987	Plata
275988	Espanola
275989	Santa Fe
275990	Pinzon
275991	Rabida
275992	Baltra
275993	Marchena
275994	Pinta
275995	Genovesa
275996	Muisne
275997	Jupiter
275998	Cojimies
275999	Santa Rosa
276000	Palma Real
276001	Morro
276002	Carauma
276003	Soledad
276004	Gorgonilla
276005	Cangrejo
276006	Cascajal
276007	La Palma
276008	Isla Monos
276009	Plata
276010	San Jose
276011	Rey
276012	Pedro Gonzalez
276013	Viveros
276014	Casaya
276015	Saboga
276016	Bayoneta
276017	Mina
276018	Mogo
276019	Chapera
276020	Contadora
276021	Cane
276022	El Encanto
276023	Boca Grande
276024	Iguana
276025	Taboga
276026	Otoque
276027	Coiba
276028	Jicaron
276029	Cebaco
276030	Leones
276031	Gobernadora
276032	Verde
276033	Papagoyo
276034	Coibita
276035	Afuera
276036	Simca
276037	Brincanco
276038	Uva
276039	Las Secas
276040	Las Secas
276041	La Porcada
276042	Paridas
276043	Boca Brava
276044	Chalapa
276045	Boquita
276046	Mono
276047	Higueros
276048	Muertos
276049	Cano
276050	Chira
276051	Venado
276052	Bejuco
276053	Caballo
276054	San Lucas
276055	Cedros
276056	Tortuga
276057	Meanguera del Golfo
276058	Conchaguita
276059	Tigre
276060	Punta Zacate
276061	Gueguensi
276062	Exposicion
276063	Martin Perez
276064	Perico
276065	Varillas de Barrancones
276066	Madre Sal
276067	Tortuga
276068	San Dionisio
276069	Chileta
276070	San Juanito
276071	Maria Madre
276072	Maroa Magdalena
276073	Cleopha
276074	Otro Lado
276075	Altamura
276076	Talchichilte
276077	Saliaca
276078	El Rancho
276079	Garrapata
276080	San Ignacio
276081	Tesobiare
276082	Vinorama
276083	Nesococo
276084	Cerro del Marivi
276085	Santa Maria
276086	Masocarit
276087	Lobos
276088	San Pedro Nolasco
276089	San Pedro Martir
276090	Turners
276091	San Lorenzo
276092	Las Animas
276093	Coronado
276094	El Borrego
276095	San Luis
276096	El Muerto
276097	San Marcos
276098	Tortuga
276099	San Idelfonso
276100	Coronado
276101	Carmen
276102	Danzante
276103	Monserrat
276104	Santa Catalina
276105	Santa Cruz
276106	San Francisco
276107	Partida
276108	Espiritu Santo
276109	Crescient
276110	Pauquino
276111	El Concal
276112	Santo Domingo
276113	Ana
276114	Delgadito
276115	Albaroa
276116	Pelicanos
276117	Natividad
276118	San Benito
276119	El Alambre
276120	San Martin
276121	Coronado
276122	San Nicolas
276123	Santa Barbara
276124	Terminal
276125	Anacapa
276126	San Miguel
276127	Angel
276128	Treasure
276129	Ryer
276130	Browna
276131	Winter
276132	Sherman
276133	Decker
276134	Mandeville
276135	Venice
276136	Medford
276137	Bradford
276138	Indian
276139	Long
276140	Sand
276141	Oak Harbor
276142	Marrowstone
276143	Bainbridge
276144	Blake
276145	Vashon
276146	Fox
276147	McNeill
276148	Anderson
276149	Harstine
276150	Lumni
276151	Guemes
276152	Cypress
276153	Orcas
276154	San Juan
276155	Lopez
276156	Shaw
276157	Blakely
276158	Decatur
276159	Waldron
276160	Sidney
276161	Portage
276162	Sinclair
276163	Allan
276164	Burrows
276165	Hat
276166	Protection
276167	Patos
276168	Sucia
276169	Saturna
276170	Mayne
276171	Pender
276172	Moresby
276173	Salt Spring
276174	Prevost
276175	Stuart
276176	Speiden
276177	Henry
276178	James
276179	Discovery
276180	Tumbo
276181	Portland
276182	Piers
276183	Coal
276184	Galliano
276185	Gabriola
276186	Thetis
276187	Valdes
276188	Lulu
276189	Westham
276190	Anvil
276191	Gambier
276192	Bowen
276193	Keats
276194	Pasley
276195	Bowyer
276196	Thormanby
276197	Nelson
276198	Lasqueti
276199	Hornby
276200	Denman
276201	Hardy
276202	Captain
276203	Jedediah
276204	Newcastle
276205	Mudge
276206	Ruxton
276207	Reid
276208	Parker
276209	Harwood
276210	Savary
276211	Hernando
276212	Marina
276213	Cortes
276214	West Redonda
276215	East Redonda
276216	Read
276217	Sonora
276218	Maurelle
276219	Raza
276220	Stuart
276221	East Thurlow
276222	Hardwicke
276223	West Thurlow
276224	Twin
276225	Mink
276226	Gowland
276227	Rendevouz
276228	Rendevouz
276229	West Cracoft
276230	Turnour
276231	Viscount
276232	Minstrel
276233	Malcolm
276234	Hanson
276235	Harbledown
276236	Village
276237	Swanson
276238	Crease
276239	Midsummer
276240	Bonwick
276241	Mars
276242	Crib
276243	Eden
276244	Baker
276245	North Broughton
276246	Watson
276247	Gregory
276248	Kinnaird
276249	Dickson
276250	Polkinghorne
276251	Numas
276252	Cormorant
276253	Rees
276254	Davies
276255	Hope
276256	Nigei
276257	Balaklava
276258	Hurst
276259	Bell
276260	Vansittart
276261	Kent
276262	Staples
276263	Deserters
276264	Bramham
276265	Fox
276266	Tzartus
276267	Deer
276268	Deer
276269	Diana
276270	Alma Russell
276271	Nettle
276272	Broken
276273	Turret
276274	Turtle
276275	Effingham
276276	Meares
276277	Vargas
276278	Obstruction
276279	McKay
276280	Blunden
276281	Wickannish
276282	Warne
276283	Indian
276284	Strange
276285	Bligh
276286	Gore
276287	Moketas
276288	Hohoae
276289	Union
276290	Whiteley
276291	Catala
276292	Big Bunsby
276293	Bunsby
276294	Spring
276295	Drake
276296	Lanz
276297	Scott
276298	Triangle
276299	Hecate
276300	Walbran
276301	Penrose
276302	Nalau
276303	Stirling
276304	Spider
276305	Goose
276306	McNaughton
276307	Denny
276308	Cunningham
276309	Chatfield
276310	Athlone
276311	Yeo
276312	Susan
276313	Dowager
276314	Lady Douglas
276315	Lake
276316	Cecilia
276317	Stryker
276318	Swindle
276319	Sarah
276320	Maitland
276321	Loretta
276322	Coste
276323	Promise
276324	Farrant
276325	Fin
276326	Ashdown
276327	Jessop
276328	Hastings
276329	Cone
276330	Rennison
276331	Anderson
276332	Moore
276333	Moore
276334	Estevan
276335	Estevan
276336	Estevan
276337	Hinton
276338	Anger
276339	Wright
276340	Squall
276341	Bonilla
276342	Spicer
276343	Dolphin
276344	Goschen
276345	Gurd
276346	Stephens
276347	Prescott
276348	Kennedy
276349	De Horsey
276350	Smith
276351	Digby
276352	McMicking
276353	Elliott
276354	Lewis
276355	Henry
276356	William
276357	Arthur
276358	Melville
276359	Dunira
276360	Baron
276361	Zayas
276362	Finlayson
276363	Hogan
276364	Somerville
276365	Wales
276366	Sitklan
276367	Kanagunut
276368	Fillmore
276369	Long
276370	Mary
276371	Cat
276372	Dog
276373	Smeaton
276374	Winstanley
276375	Rudyerd
276376	Bell
276377	Hassler
276378	Black
276379	Gedney
276380	Betton
276381	Grant
276382	Pennock
276383	Bold
276384	Ham
276385	Hotspur
276386	Percy
276387	Burnaby
276388	Ramsay
276389	Huxley
276390	Talunkwan
276391	Tanu
276392	Richardson
276393	Kunga
276394	Faraday
276395	Murchinson
276396	Shuttle
276397	Hibben
276398	Maude
276399	Sandlands
276400	Hippa
276401	Freeman
276402	Frederick
276403	Langara
276404	Wathus
276405	Harrison
276406	Kwaikens
276407	Reef
276408	Forrester
276409	Barrier
276410	Hessa
276411	Tah
276412	Klakas
276413	Goat
276414	Shellot
276415	Wadleigh
276416	Prince of Wales
276417	Fish Egg
276418	San Fernando
276419	San Juan Bautista
276420	St Ignace
276421	Lulu
276422	Baker
276423	Noyes
276424	St Joseph
276425	Esquibel
276426	Anguilla
276427	Cone
276428	Madre de Dios
276429	Sonora
276430	West San Lorenzo
276431	East San Lorenzo
276432	Coronation
276433	Warren
276434	Tuxecan
276435	El Capitan
276436	Kassan
276437	Cap
276438	Hoot
276439	Marble
276440	Scott
276441	White Cliff
276442	Eagle
276443	Throne
276444	Bush
276445	Shrubby
276446	West
276447	Blashke
276448	Exchange
276449	East
276450	Middle
276451	Deer
276452	Brownson
276453	Onslow
276454	Stone
276455	Carlton
276456	Eagle
276457	Middle
276458	Hamilton
276459	Divide
276460	Conclusion
276461	Sumner
276462	Laval
276463	Woewodski
276464	Butterworth
276465	Woronkofski
276466	Vank
276467	Limb
276468	Sergief
276469	Kadin
276470	Rynda
276471	Sokolof
276472	Greys
276473	Pocket
276474	Hidden
276475	Ruth
276476	Read
276477	Whitney
276478	East Brother
276479	West Brother
276480	Leisnoi
276481	Grand
276482	Swan
276483	Tiedeman
276484	Halleck
276485	Krestof
276486	Magoun
276487	Middle
276488	Japonski
276489	Biorka
276490	Elovoi
276491	Tava
276492	Jacknife
276493	Gornoi
276494	Rako
276495	Beauchamp
276496	Pond
276497	Moser
276498	Emmons
276499	Hogan
276500	Herbert Graves
276501	Myriad
276502	Sullivan
276503	Lincoln
276504	Shelter
276505	Pleasant
276506	Lemesurier
276507	Inian
276508	Strawberry
276509	Kidney
276510	Link
276511	Wiloughby
276512	Drake
276513	Russell
276514	Composite
276515	Knight
276516	Kriwoi
276517	Doggie
276518	Kantaak
276519	Wingham
276520	Kayak
276521	Karak
276522	Strawberry Reef
276523	Castle
276524	Long
276525	Grass
276526	Copper Sands
276527	Egg
276528	Bligh
276529	Glacier
276530	Stoney
276531	Peak
276532	Naked
276533	Eleanor
276534	Ingot
276535	Disk
276536	Green
276537	Culross
276538	Perry
276539	Smith
276540	Chenega
276541	Flemming
276542	Bainbridge
276543	Evans
276544	Elrington
276545	Latouche
276546	Squire
276547	Middleton
276548	Fox
276549	Rugged
276550	Granite
276551	Pye
276552	Rabbit
276553	Outer
276554	Nuka
276555	Yukon
276556	East Chugach
276557	Perl
276558	Elizabeth
276559	Ushagat
276560	Marmot
276561	West Amatuli
276562	East Amatuli
276563	Fire
276564	Kalgin
276565	Chisik
276566	Augustine
276567	Ban
276568	Whale
276569	Little Raspberry
276570	Spruce
276571	Woody
276572	Long
276573	Sally
276574	Ugak
276575	Amook
276576	Twoheaded
276577	Aiaktalik
276578	Sundstrom
276579	Chirikof
276580	Sitkinak
276581	Takli
276582	Slaughter
276583	Hartmann
276584	Terrace
276585	David
276586	Poltava
276587	Ugalushak
276588	Sutwik
276589	Kumlik
276590	Chowiet
276591	Anowik
276592	Aghiyuk
276593	Unavikshak
276594	Nakchamik
276595	Chankilut
276596	Chignik
276597	Mitrofania
276598	Chiachi
276599	Jacob
276600	Paul
276601	Egg
276602	Big Koniuji
276603	Little Koniuji
276604	Simeonof
276605	Chernabura
276606	Bird
276607	Popof
276608	Korovin
276609	Andronica
276610	Turner
276611	Bendel
276612	Atkins
276613	Peninsula
276614	Spectacle
276615	Karpa
276616	Guillemot
276617	Deer
276618	Near
276619	Ukolnoi
276620	Wosnesenski
276621	poperechnoi
276622	Dolgoi
276623	Outer Iliask
276624	Goloi
276625	Inner Iliask
276626	Caton
276627	Elma
276628	Long
276629	Amak
276630	Cherni
276631	Amagat
276632	Operi
276633	Glen
276634	Ugamak
276635	Aiktak
276636	Rootok
276637	Avatanak
276638	Sedanka
276639	Unalga
276640	Amaknak
276641	Ogangen
276642	Uliaga
276643	Kagamil
276644	Carlisle
276645	Herbert
276646	Amukta
276647	Chagulak
276648	Samalga
276649	Sagchudak
276650	Salt
276651	Kasatochi
276652	Oglodak
276653	Tagalak
276654	Chugul
276655	Igitkin
276656	Umak
276657	Kanu
276658	Tanaklak
276659	Little Tanaga
276660	Tagadak
276661	Asuksak
276662	Aziak
276663	Elf
276664	Dora
276665	Ringold
276666	Bobrof
276667	Gareloi
276668	Ogiliuga
276669	Skagul
276670	Kavalga
276671	Unalga
276672	Ulak
276673	Amatignak
276674	Ilak
276675	St Paul
276676	St George
276677	Kritskoi
276678	Round
276679	Summit
276680	Walrus
276681	High
276682	Eek
276683	Kwigluk
276684	Pingurbek
276685	Munson
276686	Awogon
276687	Kawokhawik
276688	Nunaktuk
276689	Nokugamiut
276690	Besboro
276691	Sledge
276692	King
276693	Little Diomede
276694	Big Diomede
276695	Sarichef
276696	Puffin
276697	Kinuk
276698	Tiny
276699	Oarlock
276700	Spy
276701	Pingok
276702	Tigvariak
276703	Barter
276704	Herschel
276705	Tent
276706	Gary
276707	Pelly
276708	Pitt
276709	Olivier
276710	Niglintgak
276711	Kendall
276712	Kendall
276713	Taglu
276714	Hooper
276715	Pullen
276716	Reindeer
276717	Hadwen
276718	Summer
276719	Hendrickson
276720	Hepburn
276721	Campbell
276722	Thumb
276723	MacFarlane
276724	Fox Den
276725	Booth
276726	Fiji
276727	Racing
276728	Clapperton
276729	Sutton
276730	Harknes
276731	Liston
276732	Chantry
276733	Lambert
276734	Camping
276735	Douglas
276736	Narnotut
276737	Hokagon
276738	Deadman
276739	Seven Mile
276740	Couper
276741	Berens
276742	Lawford
276743	Sir Graham Moore
276744	Oniktok
276745	Haodlon
276746	Nanukton
276747	Mangak
276748	Duke of York
276749	Duke of York
276750	Kingak
276751	Takhoalok
276752	Edinburgh
276753	Richardson
276754	Murray
276755	Hepburn
276756	Jameson
276757	Jameson
276758	Jameson
276759	Jameson
276760	Chapman
276761	Lewes
276762	Porden
276763	Porden
276764	Wilmot
276765	Entry
276766	Cockburn
276767	Fishers
276768	Breakwater
276769	Iglorua
276770	Ekululia
276771	Kanuyak
276772	Algak
276773	Barry
276774	Lewes
276775	Stockport
276776	Chapman
276777	Rideout
276778	Bear
276779	Young
276780	Quadyuk
276781	North Quadyuk
276782	Marcet
276783	Hurd
276784	Hurd
276785	Richardson
276786	Queen Elizabeth
276787	Kilian
276788	Admiralty
276789	Taylor
276790	Zeta
276791	Nordenskiold
276792	Bryde
276793	Scott Keltie
276794	Royal Geographical Society
276795	O'Reilly
276796	Edmund Walker
276797	Thor
276798	Fitzwilliam Owen
276799	Eight Bears
276800	Bailie-Hamilton
276801	Margaret
276802	Dundas
276803	Baring
276804	Crozier
276805	Milne
276806	Truro
276807	Haig Thomas
276808	Table
276809	Ekins
276810	Exmouth
276811	Prince Leopold
276812	Crescent
276813	Spit
276814	Pioneer
276815	Mare
276816	Ulvingen
276817	Isla Jerdán
276818	Isla Otaries
276819	Isla Middle
276820	Isla Trélat
276821	Isla Bullock
276822	Isla Arthur
276823	Isla Packsaddle
276824	Isla Greene
276825	Isla Isabel
276826	Isla Bertrand
276827	Isla Pacha
276828	Isla Jorge
276829	Isla Promontorio
276830	Isla Mayor
276831	Isla Maruja
276832	Isla Selina
276833	Isla Martínez
276834	Isla Ramón
276835	Isla Timbal Grande
276836	Isla Warú
276837	Isla Tolondren
276838	Isla Macsas
276839	Isla Clementina
276840	Isla Andrés
276841	Isla Brecknock
276842	Isla Astrea
276843	Isla Meteoro
276844	Islote Tres Mogotes
276845	Isla de La Hoz
276846	Isla Reyes
276847	Isla Jorge
276848	Isla Elena
276849	Isla Browell
276850	Isla Micalvi
276851	Isla Susy
276852	Isla Bunster
276853	Isla Undurraga
276854	Isla Acosta
276855	Isla Kosh
276856	Isla Hevia
276857	Isla Castellano
276858	Isla Loreto
276859	Isla Salvador Reyes
276860	Isla Pollux
276861	Isla Castor
276862	Isla Arturo
276863	Isla Maycock
276864	Isla Inman
276865	Isla Vince
276866	Isla Chandler
276867	Isla Hermanas
276868	Isla Marta
276869	Isla Theo
276870	Isla Zeineb
276871	Isla Kuroki
276872	Isla Sierpe
276873	Isla Silva Varela
276874	Blind Island
276875	Isla Wagner
276876	Isla Hieron
276877	Isla Marazzi
276878	Isla Jaime
276879	Knoll Island
276880	Isla Huemul
276881	Isla Silva Renard
276882	Isla Vilumilla
276883	Isla Almenas
276884	Isla Esfinge
276885	Isla Ceres
276886	Isla Diana
276887	Isla Caupolicán
276888	Isla Cruz
276889	Isla Flora
276890	Isla Quena
276891	Isla Carreño
276892	Isla Young
276893	Half Tide Island
276894	Isla Ponce
276895	Isla Lizzie
276896	Isla Tortuga
276897	Isla Doble Pico
276898	Isla Bell
276899	Isla Dos Canales
276900	Isla Göschen
276901	Isla Grande
276902	Isla Luz
276903	Isla Juan
276904	Isla Leandro
276905	Isla Renato
276906	Isla Great
276907	Isla Grant
276908	Isla Memphis
276909	Isla Malvinen
276910	Isla Grossover
276911	Isla Morton
276912	Isla Susana
276913	Isla Ignacio
276914	Isla Moat
276915	Isla Williams
276916	Isla Ernesto
276917	Isla Hillyiar
276918	Isla Pomar
276919	Isla Torpedo
276920	Isla Justiniano
276921	Isla Santander
276922	Isla Pengüín
276923	Isla Sombrero
276924	Isla Rugged
276925	Isla Oma
276926	Isla Lira
276927	Isla Larga
276928	Isla Ballico
276929	Isla Carmen
276930	Isla Partida
276931	Isla Tovita
276932	Isla Tova
276933	Isla Leones
276934	Isla Ñancul
276935	Isla Viola
276936	Isla Temuán
276937	Isla Carmencita
276938	Isla del Bajo
276939	Isla Güntber
276940	Isla Huepan
276941	Isla Colosia
276942	Isla Lipipe
276943	Isla Yencouma
276944	Isla Chaullín
276945	Isla Gama
276946	Isla Creek
276947	Isla de los Césares
276948	Islote del Noroeste
276949	Isla Ariadna
276950	Isla Wood
276951	Isla Garzas
276952	Isla Trinidad
276953	Isla Bermejo
276954	Isla de la Punta
276955	Isla Lucha
276956	Isla Martín García
276957	Isla de los Platos
276958	Isla Santa Clara
276959	Ilha dos Marinheiros
276960	Ilha Grande
276961	Ilha de Santa Catarina
276962	Ilha do Arvoredo
276963	Ilha do Linguado
276964	Ilha Comprida
276965	Ilha do Mel
276966	Ilha de São Francisco
276967	Isla Pan de Azúcar
276968	Ilha Rasa da Cotinga
276969	Ilha da Cotinga
276970	Ilha do Mel
276971	Ilha do Teixeira
276972	Ilha das Peças
276973	Ilha das Gamelas
276974	Ilha Rasa
276975	Ilha do Povoçá
276976	Ilha de Bom Abrigo
276977	Ilha do Cardoso
276978	Ilha de Cananéia
276979	Ilha Comprida
276980	Ilha Montão de Trigo
276981	Ilha de Santo Amaro
276982	Ilha dos Búzìos
276983	Ilha da Vitória
276984	Ilha de São Sebastião
276985	Ilha do Tamanduá
276986	Ilha dos Porcos
276987	Isla Santa María
276988	Ilha Grande
276989	Ilha Sandri
276990	Ilha da Marambaia
276991	Ilha Guaíba
276992	Ilha de Jaguanum
276993	Ilha do Cabo Frio
276994	Ilha de Itacuruçá
276995	Governador Island
276996	Ilha de Paquetá
276997	Ilha de Santana
276998	Mangaia
276999	Rarotonga
277000	Yanuyanutavola Island
277001	Ndoi Island
277002	Ilha da Trindade
277003	Mauke
277004	Atiu Island
277005	Mitiaro
277006	Takutea
277007	Vatoa Island
277008	Ogea Driki Island
277009	Ogea Levu Island
277010	Vulaga Island
277011	Marabo Island
277012	Navutu-I-Loma Island
277013	Yagasa Island
277014	Kabara Island
277015	Vuaqava Island
277016	Namuka-I-Lau Island
277017	Komo Island
277018	Moce Island
277019	Oneata Island
277020	Vanuavatu Island
277021	Lakeba Island
277022	Nayau Island
277023	Cicia Island
277024	Tuvuca Island
277025	Mago Island
277026	Vatu Vara Island
277027	Munia Island
277028	Susui Island
277029	Namalata Island
277030	Cikobia-I-Lau Island
277031	Kaibu Island
277032	Kanacea Island
277033	Yacata Island
277034	Avea Island
277035	Naruarua Island
277036	Naitauba Island
277037	Qamea Island
277038	Laucala Island
277039	Matangi Island
277040	Yanuca Island
277041	Qelelevu Island
277042	Île Alofi
277043	Aunuu Island
277044	Futuna Island
277045	Ta‘ū Island
277046	Ofu Island
277047	Olosega Island
277048	Nu’utele Island
277049	Ilha das Flores
277050	Manono Island
277051	Ilha de Bolpeba
277052	Ilha de Tinharé
277053	Wallis Island
277054	Ilha de Itaparica
277055	Ilha da Maré
277056	Arundel Islet
277057	Ilha de Itamaracá
277058	Ilha de Fernando de Noronha
277059	Isla Bartola
277060	Isla Callejones
277061	Ilha do Carrapato
277062	Ilha dos Caranguejos
277063	Ilha Grande do Paulino
277064	Isla Nueva
277065	Ilha do Caju
277066	Isla Manglecito Chico
277067	Isla Manglecito Grande
277068	Ilha Grande
277069	Ilha Cangata
277070	Ilha Cotindiba
277071	Ilha Rosário
277072	Ilha Mucunandiba
277073	Ilha Carrapatal
277074	Ilha de Santana
277075	Ilha Murituba
277076	Ilha Itapera
277077	Ilha Grande
277078	Ilha Paulista
277079	Ilha Conceição
277080	Ilha Santa Maria
277081	Ilha Santo Antônio
277082	Ilha Inglês
277083	Ilha Mangunça
277084	Ilha Chiqueiro
277085	Ilha Tucunzal
277086	Ilha São João Mirim
277087	Ilha do Cumbu
277088	Ilha Caçacueira
277089	Ilha Carnapijó
277090	Ilha Mucurás
277091	Ilha das Onças
277092	Ilha do Guará
277093	Ilha da Mutuoca
277094	Ilha Jararaquinha
277095	Ilha Mulata
277096	Ilha Urumaru
277097	Ilha Arapiranga
277098	Ilha Mirinzal
277099	Ilha Mirim
277100	Ilha Maiaú
277101	Ilha dos Lençóis
277102	Ilha Aracajá
277103	Ilha Paquetá-Açu
277104	Ilha Jutuba
277105	Ilha Cotejuba
277106	Ilha das Barreiras
277107	Ilha Maracaçumé
277108	Ilha do Tralhoto
277109	Ilha Sapeca
277110	Ilha do Mosqueiro
277111	Isla Tortuga
277112	Ilha Camará Açu
277113	Ilha de Colares
277114	Ilha Cajari
277115	Ilha da Roberta
277116	Ilha do Mutucal
277117	Ilha Ipomonga
277118	Ilha do Pacomurema
277119	Ilha do Algodoal
277120	Ilha Mariteua
277121	Ilha Cajutuba
277122	Ilha Rasa
277123	Ilha Pracubinha
277124	Ilha Salvador
277125	Ilha Guaribas
277126	Isla Seymour Norte
277127	Isla Bartolomé
277128	Ilha do Açougue
277129	Ilha do Panema
277130	Ilha dos Cavalos
277131	Ilha Camaleão
277132	Ilha do Pará
277133	Ilha Pirauará
277134	Ilha Maruim
277135	Ilha Queimada
277136	Ilha Itamarati
277137	Ilha do Cará
277138	Ilha Jurupari
277139	Ilha das Pacas
277140	Ilha Curuá
277141	Ilha do Faustino
277142	Ilha Bailique
277143	Isla Wolf
277144	Isla Palma Real
277145	Te Nupa
277146	Îlet Biche
277147	Ilêt Jonc
277148	Île Deblay
277149	Île Leydet
277150	Île de Petit-Bassam
277151	Inver Island
277152	North Lau Lau Island
277153	Ituri Benabu Island
277154	Worm Island
277155	Kururitikuru Island
277156	Kwarta Banabo Island
277157	Dukalabu Island
277158	Rock Island
277159	Akurikuru Island
277160	Liberty Island
277161	Hog Island
277162	Great Troolie Island
277163	Leguan Island
277164	Wakenaam Island
277165	Bouvetøya
277166	McDonald Island
277167	Prince Edward Island
277168	Dog Island
277169	Dyer Island
277170	Thesen's Island
277171	Robben Island
277172	Entrance Island
277173	Dasseneiland
277174	Crab Island
277175	Salutation Island
277176	Garden Island
277177	Walsh Island
277178	Long Island
277179	Pig Island
277180	South Trees Island
277181	Balaclava Island
277182	Mud Island
277183	Mackenzie Island
277184	North West Island
277185	Akens Island
277186	Mangrove Island
277187	Tynemouth Island
277188	Aquila Island
277189	Avoid Island
277190	Hunter Island
277191	High Peak Island
277192	Red Clay Island
277193	Bamborough Island
277194	Poynter Island
277195	Tinonee Peak Island
277196	Temple Island
277197	Knight Island
277198	Lupton Island
277199	Grassy Island
277200	Stone Island
277201	Futuna
277202	Aniwa Island
277203	Matanuku Island
277204	Matuku Island
277205	Galoa Island
277206	Ono Island
277207	Bulia Island
277208	Moala Island
277209	Vatulele Island
277210	Yanuca Island
277211	Beqa Island
277212	Nairai Island
277213	Batiki Island
277214	Malolo Lailai Island
277215	Yanuca Levu Island
277216	Malolo Island
277217	Moturiki Island
277218	Mana Island
277219	Ovalau Island
277220	Tavua Island
277221	Wakaya Island
277222	Lelepa Island
277223	Naigani Island
277224	Yawalo Island
277225	Moso Island
277226	Emao Island
277227	Makogai Island
277228	Nguna Island
277229	Tavuca Island
277230	Kuata Island
277231	Wayasewa Island
277232	Malake Island
277233	Nananu-i-Cake
277234	Nananu-i-Ra Island
277235	Waya Island
277236	Mataso Island
277237	Koro Island
277238	Makura
277239	Viwa Island
277240	Naviti Island
277241	Emae Island
277242	Yaqeta Island
277243	Nanuya Levu Island
277244	Matacawa Levu Island
277245	Tavewa Island
277246	Tongoa Island
277247	Nacula Island
277248	Yadua Island
277249	Kioa Island
277250	Yaqaga Island
277251	Nukuira Island
277252	Île Koivou
277253	Ilha dos Tigres
277254	Sakao
277255	Lopévi
277256	Paama Island
277257	Mathuata-i-Wai Island
277258	Talailau Island
277259	Onad Island
277260	Mali Island
277261	Druadrua Island
277262	Murrenginya Island
277263	Mangrove Point
277264	Jolly Islet
277265	Araki
277266	Aoré
277267	Adèle Island
277268	New Island
277269	Umbanganan Island
277270	Haiite Island
277271	Mavéa
277272	Saint Patrick Island
277273	Greville Island
277274	Lataro
277275	Mictyis Island
277276	Barnes Island
277277	Fairfax Island
277278	Wallaby Island
277279	Lacrosse Island
277280	M̄éré Lava
277281	Mota
277282	Mota Lava Island
277283	Ureparapara
277284	Toga
277285	Sydney Island
277286	Loh Island
277287	Tegua
277288	Métoma Island
277289	Hiw
277290	Dzaoudzi Island
277291	Chissioua Mtsamboro
277292	Channel Island
277293	Quail Island
277294	Rotuma Island
277295	Chissioua Kanzoni
277296	Chissioua Ouénéfou
277297	South Island
277298	West Island
277299	Horsburgh Island
277300	Bosanquet Island
277301	North Keeling Island
277302	North West Crocodile Island
277303	Pulau Ndana
277304	Pulau Landu
277305	Nusa Manuk
277306	Pulau Doo
277307	Pulau Ndao
277308	Pulau Nuse
277309	Pulau Raijua
277310	Pulau Mangudu
277311	Pulau Tabui
277312	Pulau Salura
277313	Pulau Kambing
277314	Barney Island
277315	Pulau Semau
277316	Moimi Island
277317	Ilha da Cazanga
277318	Pulau Mules
277319	Pulau Ende
277320	Gili Motang
277321	Nusa Kode
277322	Gili Asahan
277323	Gili Gede
277324	Nusa Ceningan
277325	Nusa Lembongan
277326	Pulau Kelapa
277327	Gili Nae
277328	Nusa Tepulimabole
277329	Pulau Rakit
277330	Pulau Punya
277331	Pulau Dempu
277332	Pulau Papagaran Besar
277333	Pulau Matagate
277334	Nisa Sanae
277335	Pulau Ketapan
277336	Pulau Mangiatan
277337	Pulau Siaba Besar
277338	Pulau Belang
277339	Pulau Pungu Besar
277340	Pulau Range
277341	Pulau Sebayur Besar
277342	Pulau Kalong
277343	Pulau Ngali
277344	Pulau Tereweng
277345	Gili Lawadarat
277346	Pulau Dambila
277347	Pulau Liang
277348	Pulau Konga
277349	Nusa Barung
277350	Gili Lawalaut
277351	Pulau Sempu
277352	Pulau Besar
277353	Pulau Kambing
277354	Pulau Solor
277355	Pulau Panjang
277356	Pulau Dangar Besar
277357	Pulau Babi
277358	Gili Banta
277359	Pulau Saringi
277360	Pulau Seraya-besar
277361	Pulau Ontoloe
277362	Pulau Rusa
277363	Pulau Sababi
277364	Gili Air
277365	Pulau Kangge
277366	Pulau Pemana
277367	Pulau Longos
277368	Gili Trawangan
277369	Pulau Meatimiarang
277370	Gili Sulat
277371	Pulau Palue
277372	Gili Lawang
277373	Pulau Pura
277374	Pulau Riama
277375	Pulau Batang
277376	Pulau Lapang
277377	Pulau Lakor
277378	Pulau Ternate
277379	Pulau Sermata
277380	Pulau Kisu
277381	Pulau Luang
277382	Pulau Kalapu
277383	Pulau Leti
277384	Pulau Komoran
277385	Pulau Medang
277386	Pulau Sukun
277387	Moa Island
277388	Pulau Satonda
277389	Pulau Menjangan
277390	Pulau Masela
277391	Pulau Nuyanat
277392	Pulau Selaru
277393	Pulau Matkus
277394	Pulau Asutubun
277395	Pulau Kisar
277396	Pulau Anggarmasa
277397	Pulau Liran
277398	Pulau Wetan
277399	Pulau Mes
277400	Pulau Babar
277401	Pulau Komba
277402	Pulau Daweloor
277403	Pulau Ngolin
277404	Pulau Dawera
277405	Pulau Reong
277406	Pulau Seira
277407	Pulau Sailus Kecil
277408	Pulau Maopora
277409	Pulau Dai
277410	Pulau Telang
277411	Pulau Satengar
277412	Pulau Wolas
277413	Pulau Keswu
277414	Pulau Sailus Besar
277415	Pulau Nyata
277416	Pulau Ngivaldepan
277417	Pulau Selu
277418	Pulau Kapoposangbali
277419	Pulau Marabatuang
277420	Pulau Nitu
277421	Pulau Madu
277422	Pulau Natrool
277423	Pulau Aloang
277424	Pulau Babuan
277425	Pulau Tampaang
277426	Pulau Terbang Selatan
277427	Pulau Kalaotoa
277428	Pulau Bonerate
277429	Pulau Wotap
277430	Pulau Lamuruang
277431	Pulau Terbang Utara
277432	Pulau Karumpalompo
277433	Pulau Kalao
277434	Pulau Ungar
277435	Pulau Bolu
277436	Pulau Karompacadi
277437	Pulau Giliraja
277438	Mam Dadi
277439	Pulau Laibobar
277440	Aman
277442	Ombo Dadi
277443	Pulau Giligenting
277444	Pulau Mitak
277445	Pulau Klosot
277446	Tundu
277447	Pulau Raas
277448	Pulau Sepanjang
277449	Pulau Namwaan
277450	Pulau Saseel
277451	Pulau Tanahmalalla
277452	Pulau Sapuka Besar
277453	Pulau Itam
277454	Pulau Enu
277455	Pulau Bembe
277456	Pulau Saebus
277457	Pulau Poteran
277458	Pulau Saor
277459	Pulau Dukoh Besar
277460	Pulau Karang
277461	Pulau Deli
277462	Pulau Fordate
277463	Pulau Sabunten
277464	Pulau Saobi
277465	Gili Iyang
277466	Pulau Sapapan
277467	Pulau Teun
277468	Pulau Pagerungan-besar
277469	Pulau Tinjil
277470	Pulau Paliat
277471	Pulau Pagerungan-kecil
277472	Pulau Sidulang Besar
277473	Pulau Jeh
277474	Pulau Sakala
277475	Pulau Mar
277476	Pulau Maru
277477	Pulau Kultubai Selatan
277478	Pulau Jeudin
277479	Pulau Sabalana
277480	Pulau Banawaya
277481	Pulau Wayangan
277482	Pulau Kayuadi
277483	Pulau Peucang
277484	Pulau Nila
277485	Île Sudest
277486	Pulau Molu
277487	Pulau Bengori
277488	Pulau Pulasi
277489	Île Lubine
277490	Pulau Turturjuring
277491	Pulau Babi
277492	Pulau Balobaloang Besar
277493	Pulau Tambolongang
277494	Pulau Sabaru
277495	Pulau Latondu Besar
277496	Pulau Barakan
277497	Pulau Bahuluang
277498	Pulau Baun
277499	Pulau Lelamtuti
277500	Pulau Wolvat
277501	Pulau Serua
277502	Pulau Mimien
277503	Pulau Koba
277504	Pulau Leer
277505	Pulau Batuata
277506	Eagle Island
277507	Pulau Mariri
277508	Pulau Krakatau
277509	Pulau Nyamuk
277510	Pulau Moromaho
277511	Pulau Pasi
277512	Pulau Krakatau Kecil
277513	Pulau Sertung
277514	Ilha Pendi
277515	Ilha da Quissanga
277516	Pulau Kaitanimbar
277517	Bulikoko
277518	Pulau Karaweira Besar
277519	Île des Hippos
277520	Pulau Sangiang
277521	Île Tunga
277522	Pulau Rakit
277523	Pulau Sebesi
277524	Pulau Panjang
277525	Pulau Jurisian
277526	Pulau Kandang Balak
277527	Ilha Roca
277528	Ilha Selonga
277529	Pulau Binongko
277530	Île des Princes
277531	Pulau Utir
277532	Ilha Sacra Mbaca
277533	Pulau Kumir
277534	Île de Mateba
277535	Île Kinsala
277536	Pulau Sebuku
277537	Pulau Rimaubalak
277538	Île Bungi
277539	Pulau Ur
277540	Pulau Manir
277541	Pulau Meirang
277542	Pulau Warba
277543	Pulau Tunda
277544	Pulau Tabar
277545	Pulau Lentea
277546	Pulau Taroa
277547	Pulau Legundi
277548	Pulau Siuncal
277549	Pulau Kumul
277550	Pulau Karimunjawa
277551	Pulau Tolandona
277552	Pulau Tabuhan
277553	Pulau Wamar
277554	Pulau Pasitanete
277555	Pulau Wahru
277556	Pulau Aduar
277557	Pulau Aranlau
277558	Pulau Daar
277559	Tomia Island
277560	Pulau Taam
277561	Pulau Nai
277562	Pulau Watlus
277563	Pulau Lewakai
277564	Pulau Nusreen
277565	Pulau Wodinhun
277566	Pulau Puhawang
277567	Pulau Fadol
277568	Pulau Liukanglu
277569	Pulau Siumpu
277570	Pulau Kelagian
277571	Pulau Roe
277572	Pulau Haniar
277573	Pulau Liwutonkidi
277574	Pulau Walis
277575	Pulau Ubur
277576	Pulau Manggar
277577	Pulau Ujir
277578	Komfane
277579	Pulau Tegal
277580	Pulau Lenteaoge
277581	Pulau Lenteakiwolu
277582	Pulau Masalembu Besar
277583	Pulau Duroa
277584	Pulau Kaidulah
277585	Pulau Tayandu
277586	Pulau Kadatuang
277587	Pulau Telaga Besar
277588	Pulau Tanakeke
277589	Pulau Wasir
277590	Pulau Rumadan
277591	Pulau Telaga Kecil
277592	Pulau Kaledupa
277593	Pulau Hoga
277594	Pulau Lantampeak
277595	Pulau Bauluwang
277596	Île du Coin
277597	Pulau Kulur
277598	Pulau Roa
277599	Pulau Maas
277600	Pulau Masalembu Kecil
277601	Pulau Makassar
277602	Pulau Oroho
277603	Pulau Mai
277604	Pulau Dewakang Besar
277605	Pulau Belading
277606	Pulau Sumanga
277607	Pulau Doangdoangan Besar
277608	Île Boddam
277609	Pulau Ngoba
277610	Pulau Kapota
277611	Pulau Warilau
277612	Pulau Runduma
277613	Pulau Namsar
277614	Pulau Damalawa Besar
277615	Île Pierre
277616	Pulau Mataha
277617	Wangi-wangi Island
277618	Pulau Panjang
277619	Pulau Doangdoangan Kecil
277620	Pulau Pendek
277621	Pulau Kalukalukuang
277622	Pulau Torpedoboot
277623	Pulau Bankobankoang
277624	Pulau Kaimeer
277625	Pulau Eja
277626	Pulau Pisang
277627	Pulau Marasende
277628	Pulau Sabaru
277629	Pulau Keramian
277630	Pulau Koholifano
277631	Pulau Bangko
277632	Pulau Kalambau
277633	Pulau Masaloka
277634	Pulau Witamemea
277635	Pulo Kapola
277636	Pulau Matasiri
277637	Pulo Balu
277638	Pulau Teor
277639	Mpunguti Ya Juu
277640	Pulau Kadapongan
277641	Pulo Masalokaan
277642	Pulo Bangkomalampe
277643	Wasini Island
277644	Sii Island
277645	Pulo Latoa
277646	Pulo Sanggaleang
277647	Pulo Simuang
277648	Pulau Baam
277649	Pulau Hatta
277650	Pulo Tiga
277651	Pulau Renda
277652	Pulau Run
277653	Pulau Ai
277654	Pulau Tobea Besar
277655	Pulau Banda Besar
277656	Banda Api Island
277657	Banda Neira Island
277658	Pulau Kisyui
277659	Pulau Watubela
277660	Pulau Moresa
277661	Pulau Maniang
277662	Pulau Kerayaan
277663	Pulau Padamarang
277664	Pulau Lambasina Besar
277665	Pulau Lakahia
277666	Pulau Manawoka
277667	Pulau Karamputan
277668	Pulau Kerisian
277669	Pulau Salakula
277670	Pulau Dramai
277671	Pulau Kayumerah
277672	Pulau Panjang
277673	Pulau Bungkutoko
277674	Pulau Gorom (Goran) Laut
277675	Pulau Aiduma
277676	Pulau Seramlaut
277677	Pulau Ambelau
277678	Pulau Mauwara
277679	Pulau Sagin
277680	Pulau Nusalaut
277681	Pulau Molana
277682	Pulau Kaluang
277683	Pulau Menui
277684	Pulau Bahubulu
277685	Pulau Padei Besar
277686	Pulo Battoa
277687	Pulau Sanding
277688	Ombah
277689	Pulau Faar
277690	Lum
277691	Pulau Suwangi
277692	Tempurung Besar
277693	Pulau Karas
277694	Pulau Kaget
277695	Pulau Labengke
277696	Pulau Tabunasa
277697	Pulau Burung
277698	Pulau Tampakan
277699	Pulau Parang
277700	Pulau Sibarubaru
277701	Pulau Kokoh
277702	Pulau Simungguk
277703	Pulau Manipa
277704	Pulau Damar
277705	Pulau Masawoi
277706	Pulau Burung
277707	Pulau Tengah
277708	Pulau Babi
277709	Pulau Siatanusa
277710	Pulau Simatapi
277711	Pulau Seliu
277712	Pulau Babi
277713	Pulau Taitaitanopo
277714	Pulau Saumang
277715	Pulau Kampak
277716	Pulau Semai
277717	Pulau Nangka
277718	Pulau Kopataor
277719	Pulau Awaar
277720	Pulau Sibigau
277721	Pulau Selandu
277722	Pulau Tanah Merah
277723	Pulau Karto
277724	Pulau Mendulu
277725	Pulau Paku
277726	Pulau Petojetsabu
277727	Pulau Keringan
277728	Pulau Padopado
277729	Pulau Mersegu
277730	Pulau Aur
277731	Pulau Tinggi
277732	Pulau Ru
277733	Pulau Batang
277734	Pulau Eka
277735	Pulau Panjang
277736	Pulau Anakair
277737	Pulau Banjar
277738	Pulau Batuputih
277739	Pulau Utama
277740	Pulau Rengit
277741	Pulau Naduk
277742	Pulau Pua
277743	Pulau Sikindang
277744	Pulau Nutorutomorya
277745	Pulau Suren
277746	Pulau Ibul
277747	Pulau Sumadra
277748	Pulau Borang
277749	Pulau Siopasabeu
277750	Pulau Burung
277751	Pulau Gelam
277752	Pulau Siruso
277753	Pulau Kelapan
277754	Pulau Seniur
277755	Pulau Hoorn
277756	Pulau Liat
277757	Pulau Batudinding
277758	Pulau Pagai Selatan
277759	Pulau Besar
277760	Anyer
277761	Pulau Angrameos
277762	Pulau Bawal
277763	Pulau Arguni
277764	Pulau Ogar
277765	Pulau Sabuda
277766	Pulau Karampuang
277767	Pulau Bulu
277768	Pulau Sudimara
277769	Pulau Yop
277770	Pulau Amutu Kecil
277771	Pulau Sianiri Kecil
277772	Pulau Sombroko
277773	Pulau Amutu Besar
277774	Pulau Gaspar
277775	Pulau Nangka Besar
277776	Pulau Siruamata
277777	Pulau Payung
277778	Pulau Rariei
277779	Pulau Anyar
277780	Pulau Roon
277781	Pulau Maniai
277782	Pulau Warakaraket
277783	Nusa Wammer
277784	Pulau Femin
277785	Manda Toto Island
277786	Pulau Kalig
277787	Pulau Naufi
277788	Pulau Karawapop
277789	Pulau Wayibatan
277790	Pulau Sago
277791	Pulau Daram
277792	Pulau Togongboyoko
277793	Pulau Anus
277794	Pulau Efmo
277795	Pulau Pobongkohi
277796	Pulau Merayap
277797	Pulau Poposan
277798	Kabalan Bantam
277799	Pulau Rumwakon
277800	Pulau Yefbie
277801	Maga
277802	Shindamwe Island
277803	Pate Island
277804	Pulau Kano
277805	Pulau Maransabadi
277806	Pulau Mbuangmbuang
277807	Pulau Tongo
277808	Uvondo Island
277809	Pulau Pototoga
277810	Pulau Purup
277811	Pulau Wagnab
277812	Yabatano
277813	Pulau Mioswaar
277814	Pulau Lenkafal
277815	Pulau Silabok
277816	Kianoni Island
277817	Pulau Telopo
277818	Pulau Siburu
277819	Pulau Seku
277820	Pulau Insumoar
277821	Pulau Ambai
277822	Pulau Monopariapi
277823	Pulau Pongompiti
277824	Pulau Mustika
277825	Pulau Molilis
277826	Pulau Karangmajat
277827	Pulau Toropot
277828	Pulau Saweru
277829	Pulau Kokudang
277830	Pulau Pasifah
277831	Pulau Bokan
277832	Pulau Bocek
277833	Pulau Malangan
277834	Pulau Kombongan
277835	Pulau Ngiau
277836	Pulau Siaimu
277837	Pulau Tokobae
277838	Pulau Kurudu
277839	Pulau Gommu
277840	Pulau Timpaus
277841	Pulau Kanari
277842	Pulau Lipumatole
277843	Pulau Kotmalankari
277844	Pulau Masokut
277845	Pulau Manupampi
277846	Kamet
277847	Pulau Awawo
277848	Pulau Nampale
277849	Pulau Bangkurung
277850	Pulau Ansus
277851	Pulau Manggoa
277852	Pulau Nan
277853	Kiungamwina Island
277854	Pulau Koro
277855	Pulau Limbo
277856	Pulau Rumberpon
277857	Pulau Kaukanao
277858	Pulau Botolino
277859	Pulau Mahelo
277860	Pulau Fatan
277861	Pulau Tabila
277862	Pulau Labobo
277863	Pulau Senyu
277864	Pulau Tonga
277865	Pulau Armo
277866	Pulau Kabihu
277867	Pulau Gam
277868	Pulau Tobalai
277869	Pulau Liki
277870	Pulau Samada Besar
277871	Pulau Begunung
277872	Pulau Toulan
277873	Pulau Tawa Besar
277874	Umaia Ataei
277875	Pulau Waringer
277876	Pulau Lawin
277877	Pulau Besar
277878	Pulau Kekeh
277879	Pulau Songara
277880	Pulau Malamala
277881	Pulau Togongpotil
277882	Nuguti
277883	Pulau Babi
277884	Taungeaka
277885	Tewai
277886	Pulau Yapdio
277887	Isla de Annobón
277888	Pulau Pisang
277889	Pulau Peli
277890	Pulau Teleme
277891	Pulau Obilatu
277892	Pulau Fuilu
277893	Pulau Belangbelang
277894	Pulau Yefkasim
277895	Genting
277896	Pulau Miosmanggwandi
277897	Pulau Pelapis Airtiris
277898	Pulau Owi
277899	Pulau Pasi
277900	Pulau Pakriki
277901	Pulau Auki
277902	Panjang
277903	Pulau Workbondi
277904	Pulau Yefua
277905	Pulau Karabaik
277906	Pulau Gebe Besar
277907	Pulau Khebia
277908	Pulau Pai
277909	Pulau Kararabu
277910	Pulau Bromsi
277911	Pulau Cilipgo
277912	Pulau Merak
277913	Pulau Cubadak
277914	Panebangan
277915	Pulau Bakalan
277916	Pulau Boo Kecil
277917	Pulau Yefbo
277918	Pulau Boo-besar
277919	Pulau Efforobi
277920	Pulau Kebu
277921	Pulau Saildo
277922	Pulau Bakalanpauno
277923	Pulau Jojikula
277924	Pulau Kakhangang
277925	Pulau Tapat
277926	Pulau Padaidori
277927	Pulau Igiem
277928	Pulau Orangkaya
277929	Pulau Kubi
277930	Pulau Belang
277931	Pulau Gumutu
277932	Pulau Makmak
277933	Eanikai
277934	Pulau Joronga
277935	Pulau Kobra
277936	Pulau Tapa
277937	Pulau Walambi
277938	Pulau Tengah
277939	Pulau Yewya
277940	Pulau Waiji
277941	Pulau Sisi
277942	Pulau Damar
277943	Pulau Sagewu
277944	Pulau Rani
277945	Pulau Yefman
277946	Pulau Mansman
277947	Pulau Tsiof
277948	Pulau Jawa
277949	Pulau Muaraulu
277950	Banaba Island
277951	Pulau Doworaici
277952	Pulau Doworalamo
277953	Pulau Miosga
277954	Pulau Ayemi
277955	Pulau Timbangburukang
277956	Pulau Datu
277957	Pulau Bukuan
277958	Pulau Dayang
277959	Temotu
277960	Pulau Perangatan
277961	Pulau Mios
277962	Pulau Barie
277963	Pulau Kerbau
277964	Pulau Panti
277965	Pulau Wruwarez
277966	Pulau Gegoru
277967	Pulau Kanyuran
277968	Pulau Genting
277969	Pulau Yar
277970	Pulau Inus
277971	Pulau Nubi
277972	Pulau Miosba
277973	Pulau Miosandau Besar
277974	Île Koubié
277975	Pulau Panjang
277976	Pulau Miosandau Kecil
277977	Pulau Pemankaran
277978	Pulau Padangtikar
277979	Pulau Kayumajarang
277980	Pulau Kijang
277981	Pulau Fambemuk
277982	Pulau Parapotang
277983	Pulau Bokuboku
277984	Pulau Periling
277985	Pulau Pacitaka
277986	Pulau Perangatan
277987	Pulau Obit
277988	Pulau Bojo
277989	Pulau Tiga
277990	Pulau Mambuat
277991	Pulau Kapuraca
277992	Pulau Mansuar
277993	Pulau Daga Besar
277994	Pulau Koh
277995	Pulau Dodaweweda
277996	Pulau Keruo
277997	Pulau Waring
277998	Pulau Bambu
277999	Pulau Batuampat
278000	Pulau Tunu
278001	Pulau Tambelit
278002	Pulau Poat
278003	Pulau Pef
278004	Pulau Saleh Kecil
278005	Pulau Lantang Besar
278006	Pulau Gag
278007	Pulau Bepondi
278008	Pulau Bandahara
278009	Pulau Pogodongan
278010	Pulau Sempeng
278011	Pulau Islap
278012	Pulau Posik
278013	Pulau Middelburg
278014	Pulau Niur
278015	Pulau Lerung
278016	Pulau Babi
278017	Pulau Batongo
278018	Pulau Berau
278019	Pulau Noja
278020	Pulau Rusukbuaya
278021	Pulau Toduku
278022	Pulau Letung
278023	Pulau Panjang
278024	Pulau Saleh Besar
278025	Pulau Nusaraloid
278026	Pulau Minyaifun
278027	Pulau Ju
278028	Pulau Myanef
278029	Pulau Gemien
278030	Pulau Batusombo
278031	Waiwah
278032	Pulau Batangpele
278033	Pulau Selayar
278034	Pulau Pao Besar
278035	Pulau Talatakoh
278036	Pulau Taoleh
278037	Pulau Malenge
278038	Pulau Latalata
278039	Pulau Tawali Kecil
278040	Pulau Waleakodi
278041	Pulau Waleabahi
278042	Pulau Mas
278043	Pulau Muari
278044	Pulau Beting
278045	Pulau Karunia
278046	Pulau Rayo
278047	Pulau Nyamuk
278048	Pulau Puan
278049	Pulau Bujang
278050	Pulau Unauna
278051	Pulau Sepukparupuk
278052	Pulau Sigata
278053	Pulau Me
278054	Pulau Ujungbeting
278055	Pulau Sipika
278056	Pulau Kundur
278057	Pulau Safereng
278058	Pulau Alipan
278059	Pulau Fau
278060	Pulau Cawan
278061	Pulau Taneti
278062	Pulau Balakbalak
278063	Pulau Tanjungsaleh
278064	Pulau kongka Kecil
278065	Pulau Alut
278066	Pulau Batumakele
278067	Pulau Kongka Besar
278068	Pulau Bani
278069	Pulau Telo
278070	Pulau Masa
278071	Pulau Lawak
278072	Pulau Laluin
278073	Pulau Kurau
278074	Pulau Tolimau
278075	Pulau Kelayang
278076	Pulau Yu
278077	Pulau Toabi
278078	Pulau Kawe
278079	Pulau Uta
278080	Pulau Talas
278081	Pulau Gunange
278082	Pulau Manuran
278083	Pulau Gebe
278084	Pulau Panjang
278085	Pulau Gajah
278086	Pulau Kentar
278087	Pulau Teras
278088	Pulau Bakau
278089	Pulau Uranie
278090	Pulau Bog
278091	Pulau Kayoa
278092	Pulau Datu
278093	Pulau Laigoma
278094	Pulau Pejantan
278095	Pulau Quoy
278096	Pulau Siko
278097	Pulau Stephanie
278098	Pulau Mamud
278099	Pulau Bakung Besar
278100	Pulau Gamai
278101	Pulau Resun
278102	Takaeang
278103	Pulau Muor
278104	Pulau Buaya
278105	Buariki
278106	Pulau Setemu
278107	Pulau Sebangka
278108	Île Conniquet
278109	Pulau Selebah
278110	Pulau Tekeros
278111	Pulau Muda
278112	Pulau Sayang
278113	Pulau Batang
278114	Pulau Bengku
278115	Pulau Ai
278116	Pulau Nyamuk
278117	Pulau Kelo
278118	Pulau Ketam
278119	Pulau Duyung
278120	Pulau Tamang
278121	Pulau Makian
278122	Pulau Temiang
278123	Pulau Pintu
278124	Pulau Ayu
278125	Abatiku
278126	Pulau Merodong
278127	Pulau Mesanak
278128	Pulau Titampan
278129	Pulau Luwo
278130	Pulau Moty
278131	Pulau Benan
278132	Pulau Pangalasiang
278133	Pulau Tokong
278134	Pulau Sandam Darat
278135	Lito Puntu Daa
278136	Pulau Temayu
278137	Pulau Akat
278138	Pulau Wabu
278139	Pulau Durai
278140	Pulau Sayafi
278141	Pulau Pasir Buluh
278142	Pulau Segal Besar
278143	Pulau Inggelang
278144	Pulau Mare
278145	Île Nendé
278146	Pulau Abang-besar
278147	Pulau Kas
278148	Pulau Woto
278149	Pulau Sanglang Besar
278150	Pulau Wor
278151	Pulau Petong
278152	Pulau Kepahiang
278153	Pulau Serapung
278154	Pulau Labu
278155	Pulau Peropos
278156	Pulau Batubelobang
278157	Pulau Sembur
278158	Pulau Ungar
278159	Pulau Ngal
278160	Pulau Mandah
278161	Pulau Telang Kecil
278162	Pulau Durian Besar
278163	Pulau Durian Kecil
278164	Pulau Maitara
278165	Pulau Miang Besar
278166	Pulau Panjang
278167	Pulau Telan
278168	Pulau Iyan
278169	Pulau Numbing
278170	Pulau Karas-besar
278171	Pulau Gin Kecil
278172	Pulau Penata Besar
278173	Pulau Seranjau
278174	Pulau Wefmelaos
278175	Pulau Senjolong
278176	Pulau Gin-besar
278177	Pulau Degong
278178	Pulau Mantang
278179	Pulau Topang
278180	Pulau Galang
278181	Pulau Lemukutan
278182	Pulau Pakal
278183	Pulau Kumeke
278184	Pulau Mabuli
278185	Pulau Panjang
278186	Pulau Menggung
278187	Pulau Sugi Bawah
278188	Pulau Citlim
278189	Pulau Koyang
278190	Pulau Kabung
278191	Pulau Bawa
278192	Pulau Gei
278193	Pulau Jaga
278194	Pulau Imana
278195	Pulau Bugi
278196	Pulau Selatkisar
278197	Ternate Island
278198	Pulau Kelong
278199	Pulau Panjang
278200	Pulau Hinako
278201	Pulau Manomadehe
278202	Pulau Belat
278203	Pulau Sugi
278204	Setumu
278205	Pulau Poto
278206	Pulau Mengiring Besar
278207	Pulau Buton
278208	Lito Ponelo
278209	Pulau Combol
278210	Pulau Pasai
278211	Pulau Hiri
278212	Lito Dudepo
278213	Pulau Asu
278214	Pulau Kanipaan
278215	Pulau Penyaitlayer
278216	Pulau Ladi
278217	Pulau Papan
278218	Pulau Buru
278219	Corisco Island
278220	Pulau Senumpak
278221	Pulau Lumut
278222	Pulau Kinun
278223	Pulau Pangkil-besar
278224	Pulau Telukbakau
278225	Pulau Tulang
278226	Pulau Parit
278227	Pulau Leso
278228	Pulau Anak Mati
278229	Pulau Subangmas
278230	Pulau Benua
278231	Pulau Tifore
278232	Pulau Awi
278233	Pulau Lingayan
278234	Pulau Ibul
278235	Isla de Elobey Grande
278236	Pulau Merak
278237	Pulau Momoi
278238	Pulau Menkada
278239	Pulau Tenggelanga
278240	Lito Matuo
278241	Pulau Sekenah
278242	Pulau Traling
278243	Pulau Mundaga
278244	Pulau Tambelan
278245	Pulau Nginang
278246	Pulau Mapur
278247	Pulau Bulan
278248	Pulau Igi
278249	Pulau Teluk Dalam
278250	Pulau Sedua Besar
278251	Pulau Kepalajernih
278252	Pulau Serayacundung
278253	Pulau Sedua Kecil
278254	Pulau Melintang
278255	Pulau Tanjungsau
278256	Pulau Kabetan
278257	Pulau Batuampar
278258	Isla Ebongo
278259	Pulau Panjang
278260	Pulau Lumba Besar
278261	Pulau Simatang
278262	Pulau Fani
278263	Pulau Bertam
278264	Pulau Pemping
278265	Pulau Uwi
278266	Pulau Jandaberias
278267	Pulau Asan
278268	Pulau Sukana
278269	Pulau Karimun Kecil
278270	Pulau Wunga
278271	Pulau Ilir
278272	Pulau Bubale
278273	Pulau Mayu
278274	Pulau Mausi
278275	Pulau Dolangon
278276	Buota
278277	Pulau Pandang
278278	Tabiteuea
278279	Pualu Senau
278280	Pulau Lembeh
278281	Pulau Silabulabu Na Godang
278282	Pulau Kalimantungnagodang
278283	Pulau Miti
278284	Pulau Sitaban Barat
278285	Pulau Bunaken
278286	Pulau Manadotua
278287	Nusa Sidanga
278288	Nusa Adui
278289	Pulau Tamperong
278290	Nusa Kahatola
278291	Pulau Tagalaya
278292	Towade Paniki
278293	Pulau Manterawu
278294	Pulau Kokara-besar
278295	Pulau Gangga
278296	Pulau Naeng
278297	Pulau Tolonuu
278298	Pulau Mampu
278299	Pulau Payung
278300	Pulau Bangka
278301	Pulau Talisei
278302	Pulau Ketam
278303	Pulau Merundung
278304	Pulau Perdamaran
278305	Pulau Lungsuran-naga
278306	Pulau Bangkaru
278307	Pulau Beruk
278308	Pulau Salangadeke
278309	Pulau Biaro
278310	Pulau Guntung
278311	Pulau Kakaban
278312	Pulau Sodang-besar
278313	Pulau Lasia
278314	Pulau Palambakbesar
278315	Pulau Dagasuli
278316	Badak Badak
278317	Pulau Tuakara
278318	Pulau Halang
278319	Pulau Berkey
278320	Pulau Sikandang
278321	Pulau Matahari
278322	Pulau Doi
278323	Pulau Sinaboi
278324	Pulau Orongan
278325	Pulau Ruang
278326	Pulau Mincau
278327	Pulau Ujung Batu
278328	Pulau Pasige
278329	Pulau Tapah
278330	Pulau Panjang
278331	Pulau Tahulandang
278332	Pulau Rau
278333	Pulau Batu Selayar
278334	Pulau Tebeian Besar
278335	Pulau Simeulucut
278336	Pulau Serasan
278337	Pulau Sempadi
278338	Pulau Siumat
278339	Pulau Paliepa
278340	Pulau Gunatin
278341	Pulau Seraya
278342	Pulau Lekon
278343	Pulau Lintang
278344	Pulau Makalehi
278345	Pulau Gembili
278346	Pulau Panjang
278347	Pulau Airabu
278348	Pulau Siau
278349	Pulau Pimping
278350	Pulau Bakau
278351	Pulau Daru
278352	Pulau Pekin
278353	Pulau Temiang
278354	Pulau Ujung
278355	Pulau Lubangtamban
278356	Pulau Sibrong
278357	Pulau Salaut-besar
278358	Pulau Mening
278359	Pulau Telibang
278360	Pulau Midai
278361	Pulau Akar
278362	Pulau Buton
278363	Pulau Subi Kecil
278364	Pulau Mapat
278365	Jemaja Island
278366	Pulau Sinsin
278367	Pulau Selayu
278368	Pulau Telaga
278369	Pulau Telaga Kecil
278370	Pulau Mangkai
278371	Pulau Para
278372	Pulau Memperuk
278373	Pulau Pemutus
278374	Pulau Menggantung
278375	Pulau Pesalang
278376	Pulau Impul
278377	Pulau Limangun Bibir
278378	Pulau Berunai
278379	Pulau Anak
278380	Pulau Mubur
278381	Pulau Buka
278382	Pulau Punjung
278383	Pulau Pejaul
278384	Pulau Gentingunyut
278385	Pulau Pengendung
278386	Pulau Bajau
278387	Pulau Masabang
278388	Pulau Luyong
278389	Pulau Kahakitang
278390	Pulau Telokrisan
278391	Pulau Batubelah
278392	Pulau Selai
278393	Pulau Agis
278394	Pulau Telukpau
278395	Pulau Siantan
278396	Pulau Sagu Dampar
278397	Pulau Kalama
278398	Pulau Airasuk
278399	Pulau Mandariouw Laut
278400	Pulau Mantas
278401	Pulau Mandariau Darat
278402	Pulau Matak
278403	Pulau Mubur
278404	Pulau Semut
278405	Pulau Payau
278406	Pulau Mahumu
278407	Pulau Batu Garam
278408	Pulau Tarakan
278409	Pulau Fanny
278410	Pulau Bengdarat
278411	Tehang Island
278412	Pulau Tibi
278414	Pulau Baru
278415	Pulau Bangkudulis Besar
278416	Pulau Bunyu
278417	Pulau Sededap
278418	Pulau Bangkudulis Kecil
278419	Pulau Tembangan
278420	Pulau Sapunti
278421	Pulau Sesayap
278422	Pulau Sebangmawang
278423	Pulau Tembalang
278424	Pulau Kumbik
278425	Pulau Sida
278426	Pulau Manipa
278427	Pulau Bukide
278428	Pulau Mandul
278429	Pulau Sedanau
278430	Pulau Kaburuang
278431	Pulau Ahus
278432	Pulau Salor
278433	Ile Miandjou
278434	Pulau Salebabu
278435	Pulau Nunukan Selatan
278436	Pulau Sinelak
278437	Pulau Panjang
278438	Pulau Tinabasan
278439	Pulau Seluan
278440	Pulau Sembilan
278441	Pulau Kawalusu
278442	Pulau Kampai
278443	Pulau Panjang
278444	Pulau Malo
278445	Akwabana Island
278446	Fiari Island
278447	Inikoi Island
278448	Pulau Magupung
278449	Pulau Karatung
278450	Pulau Marore
278451	Ewuru Island
278452	Masonjo Island
278453	Pulau Laut
278454	Pulau Marampit
278455	Pulau Sekatung
278456	Pulau Raya
278457	Pulau Muara Besar
278458	Ta
278459	Satowan
278460	Kosrae Island
278461	Lukunor
278462	Pulau Bunta
278463	Pulau Batee
278464	Pulau Teunom
278465	Pulau Peunasu
278466	Pulau Breueh
278467	Pulau We
278468	Pingelap
278469	Houk Island
278470	Nikalap Aru
278471	Dehpehk
278472	Dekehtik
278473	Parem
278474	Ifalik
278475	Uman Island
278476	Fanapanges Island
278477	Polowat
278478	Parem Island
278479	Fefen Island
278480	Isla Fuerte
278481	Île Kassa
278482	Île Tamara
278483	Île de Kakossa
278484	Isla Tintipán
278485	Île Khonibombé
278486	Île Bokhinéné
278487	Île Marara
278488	Île Quito
278489	Isla Grande
278490	Isla Tierra Bomba
278491	Île de Taïdi
278492	Kassiguéli
278493	Niémé Souri
278494	Île Kapken
278495	Foré Souri
278496	Katenk
278497	Ilha João Vieira
278498	Ilha de Imbone
278499	Ilha de Melo
278500	Ilha de Meneque
278501	Ilha de Orangozinho
278502	Ilha de Canogo
278503	Ilha de Orango
278504	Ilha de Como
278505	Ilha de Unhocomozinho
278506	Roxa
278507	Ilha de Bubaque
278508	Ilha de Uno
278509	Ilha de Unhocomo
278510	Ilha de Uracane
278511	Ilha de Rubane
278512	Ilha de Sogá
278513	Ilha de Enu
278514	Ilha das Galinhas
278515	Ilhéu de Manassa
278516	Ilha de Carache
278517	Ilhéu do Meio
278518	Ilha da Ponta
278519	Ilha de Maio
278520	Ilha de Bolama
278521	Ilhéu Sêco
278522	Ilha de Jeta
278523	Klein Curaçao
278524	Ilha de Lisboa
278525	Klein Bonaire
278526	Bonaire Island
278527	Ronde Island
278528	Petite Martinique
278529	Carriacou Island
278530	Isla de San Andrés
278531	Isla de Providencia
278532	Isla de Santa Catalina
278533	Ilha Brava
278534	Ilha do Maio
278535	Terre-de-Bas
278536	Isla de Utila
278537	Terre de Bas
278538	La Désirade
278539	Îlet à Fajou
278540	Isla de Roatán
278541	Cayo Media Luna
278542	Ilhéu Raso
278543	Ilhéu Branco
278544	Ilha de Santa Luzia
278545	Southern Long Cay
278546	Long Island
278547	Nevis
278548	Middle Long Cay
278549	Water Cay
278550	Isla Grande
278551	Blackbird Cay
278552	Northern Cay
278553	Sint Eustatius
278554	Isla Beata
278555	Montego Cay
278556	Long Cay
278557	Saba Island
278558	Cay Chapel
278559	Cangrejo Cay
278560	Great Goat Island
278561	Île Saint-Barthélemy
278562	Île à Vache
278563	Isla Saona
278564	Île Grosse Caye
278565	Anguilla
278566	Dog Island
278567	Scrub Island
278568	Isla Catalina
278569	Île Corny
278570	Petite Cayemite
278571	Grande Cayemite
278572	Île de la Gonâve
278573	Little Cayman
278574	Cayman Brac Island
278575	Cayo Las Caguamas
278576	Cayo Piedra Grande
278577	Cayo Punta Iguna
278578	Cayo Miraflores
278579	Cayo Mangle Alto
278580	Cayo Grande
278581	Cayo Guásimas
278582	Cayo Ávalos
278583	Cayo Hicacos
278584	Cayo Matías
278585	Cayo Campos
278586	Cayo Palma
278587	Cayo Rico
278588	Cayo Rabihorcado
278589	Cayo Cantiles
278590	Cayo Estopa
278591	Cayo del Rosario
278592	Cayo Divisa de Piedra
278593	Cayo Largo
278594	Cayo San Juan
278595	Cayo Sifonte
278596	Cayo Guao
278597	Cayo Doña María
278598	Cayo Traviesa
278599	Cayo de Navío
278600	Cayo Guajaba
278601	Cayo Quitasol
278602	Cayo Montañés
278603	Cayo La Alegría
278604	Cayo Coco
278605	Cayo Real
278606	Cayo Flamenco
278607	Cayo Rancho de Cándido
278608	Cayo Redondo
278609	Cayo Alacrán Chico
278610	Cayo Ernest Thaelmann
278611	Cayo Diego Pérez
278612	Cayo Los Machos
278613	Cayo de la Pipa
278614	Cayo Juan Ruíz
278615	Little Ragged Island
278616	Cayo del Masío
278617	Ragged Island
278618	Cayo La Grifa
278619	Cayo Cuarto
278620	Cayo Judas
278621	Cayo Cruz
278622	Cayo Mégano Grande
278623	Raccoon Cay
278624	Cayo de Buenavista
278625	Cayo Antón Grande
278626	Bonavista Cay
278627	Cayo Lucas
278628	Cayo La Aguada
278629	Nurse Cay
278630	Cayo Paredón Grande
278631	Cayo Mal País
278632	Cayo Rapado Grande
278633	Cayo Boca Ciega
278634	Cayo Diego
278635	Cayo Botella
278636	Cayo Pueblo Viejo
278637	Cayo Guzmán
278638	Cayo La Potala
278639	Cayo Guillermo
278640	Cayo Iguana
278641	Cayo Tío Pepe
278642	Cayo Punta Tierra del Guzmán
278643	Cayo La Vieja Pepilla
278644	Cayo Francés
278645	Cayo Majá
278646	Long Cay
278647	Cayo Redondo
278648	Cayo Coruita
278649	Cayo Fragoso
278650	Cayo Inés de Soto
278651	Cayo del Medio de Marcos
278652	Crooked Island
278653	Cayo Marcos
278654	Cayo Levisa
278655	Cayo Lanzanillo
278656	Cayo Tumba la Olla
278657	Cayo Los Quitasoles
278658	Cayo Hachuela
278659	Cayo Mariposa
278660	Cayo de la Cruz
278661	Cayo Las Picúas
278662	Cayo Iguana
278663	Los Conucos
278664	Cayo del Cristo
278665	Cayo Esquivel del Sur
278666	Cayo Empalizada de Sotavento
278667	Samana Cay
278668	Cayo Piedra del Obispo
278669	Cayo La Yana
278670	Cayo Blanquizal
278671	Cayo Genovés
278672	Conch Cay
278673	Cayo Bahía de Cádiz
278674	Cayo Cabezos
278675	Cayo Blanco
278676	Cayo Galindo
278677	Hog Cay
278678	Coakley Cay
278679	Bowe Cay
278680	Little Exuma
278681	Jewfish Cay
278682	Moriah Harbour Cay
278683	Stocking Island
278684	Hog Cay
278685	Cay Sal
278686	Rum Cay Island
278687	Allen Cay
278688	Lee Stocking Island
278689	Norman’s Pond Cay
278690	Bock Cay
278691	Young Island
278692	Conception Island
278693	Darby Island
278694	Rudder Cut Cay
278695	Cave Cay
278696	Big Farmer’s Cay
278697	Green Cay
278698	Great Guana Cay
278699	Bitter Guana Cay
278700	Staniel Cay
278701	Big Major’s Spot
278702	Spanish Wells
278703	Linder Cay
278704	Sampson Cay
278705	Pipe Cay
278706	Yellow Cay
278707	High Ridge Cay
278708	Middle Bight Cay
278709	Reids Cay
278710	Bell Island
278711	Pine Tree Cay
278712	Madiera Cay
278713	Pine Cay
278714	Pot Cay
278715	Halls Pond Cay
278716	Waderick Wells Cay
278717	Big Wood Cay
278718	Hawksbill Cay
278719	Shroud Cay
278720	Little San Salvador
278721	Norman’s Cay Island
278722	Gold Cay
278723	Williams Island
278724	Highbourn Cay
278725	Ship Channel Cay
278726	Paradise Island
278727	Current Island
278728	Bird Cay
278729	Frazer’s Hog Cay
278730	Whale Cay
278731	Bonds Cay
278732	Harbour Island
278733	Royal Island
278734	Russel Island
278735	Little Harbour Cay
278736	Hoffman Cay
278737	Ambergris Cay
278738	South Bimini Cay
278739	North Bimini
278740	Bamboo Cay
278741	Great Stirrup Cay
278742	Gorda Cay
278743	Top Cay
278744	Mangrove Cay
278745	Moore’s Island
278746	Tilloo Cay
278747	Lubbers Quarters
278748	Long Cay
278749	Elbow Cay
278750	Dilly Cay
278751	Lightbourn’s Cay
278752	Big Lake Cay
278753	August Cay
278754	Man o’ War Cay
278755	Great Guana Cay
278756	Water Cay
278757	Green Turtle Cay
278758	Basin Harbour Cay
278759	Upper Sandy Harbour
278760	Big Cross Cay
278761	Nun Jack Cay
278762	Randalls Cay
278763	Little Cave Cay
278764	Powell Cay
278765	Allan Cay
278766	Great Sale Cay
278767	Old Yankee Land
278768	Grand Cay
278769	Lobos
278770	Graciosa Island
278771	Isla de Montaña Clara
278772	Isla de Alegranza
278773	Somerset Island
278774	Isla de Saltes
278775	Isla de Bacuta
278776	Illa Boceiro
278777	Isla de Monte Agudo
278778	Illa de Ons
278779	Isla Sálvora
278780	A Illa da Toxa
278781	Illa de Arousa
278782	Seal Island
278783	Stoddart Island
278784	Outer Island
278785	Mud Island
278786	McNutts Island
278787	Big Tusket Island
278788	Big Cook Island
278789	Hog Island
278790	Wilson Island
278791	Crawleys Island
278792	Morris Island
278793	Port Mouton Island
278794	Sable Island
278795	Cape LaHave Island
278796	Jenkins Island
278797	Moshers Island
278798	Brier Island
278799	Cross Island
278800	East Point Island
278801	Corkums Island
278802	Long Island
278803	Betty Island
278804	Big Tancook Island
278805	Kent Island
278806	McNabs Island
278807	Wood Island
278808	White Head Island
278809	Cheney Island
278810	Wolfes Island
278811	Half Island
278812	Baltee Island
278813	Flat Island
278814	Phoenix Island
278815	Grand Manan Island
278816	Sober Island
278817	Barren Island
278818	Campobello Island
278819	Eastern Wolf Island
278820	Liscomb Island
278821	Hemloe Island
278822	Deer Island
278823	Pendleton Island
278824	Goose Island
278825	Boot Island
278826	Andrew Island
278827	Janvrin Island
278828	Isle Madame
278829	Evans Island
278830	Pictou Island
278831	Île d'Aix
278832	Scatarie Island
278833	St. Peters Island
278834	Long Island
278835	Shediac Island
278836	Bird Island
278837	Lennox Island
278838	Indian Island
278839	Île d’Yeu
278840	Great Colinet Island
278841	Orleans Island (historical)
278842	Île de Noirmoutier
278843	Grosse Isle
278844	Race Island (historical)
278845	Little Colinet Island
278846	Tickle Island
278847	St. Paul Island
278848	Jude Island
278849	Île d'Entrée
278850	Oderin Island
278851	Marticot Island
278852	Long Island
278853	Hoëdic
278854	Belle-Île-en-Mer
278855	Houat
278856	Red Island
278857	Ostrov Itygran
278858	Ostrov Ilir
278859	Samuel Island
278860	Sandy Island
278861	Helmcken Island
278862	Farquharson Island
278863	Berry Island
278864	Owl Island
278865	Table Island
278866	Cathcart Island
278867	Bilton Island
278868	Welch Island
278869	Blair Island
278870	Addenbroke Island
278871	Rattenbury Island
278872	Underhill Island
278873	Triquet Island
278874	Manley Island
278875	Clare Island
278876	Spitfire Island
278877	Duck Island
278878	Gosling Island
278879	Dodwell Island
278880	Iroquois Island
278881	Athabaskan Island
278882	Miles Island
278883	Piddington Island
278884	Anthony Island
278885	Cypress Island
278886	Wurtele Island
278887	Dearth Island
278888	Jane Island
278889	Brew Island
278890	Nichol Island
278891	Langthorne Island
278892	Work Island
278893	Kirkendale Island
278894	Rix Island
278895	Cosine Island
278896	Tangent Island
278897	South Spicer Island
278898	Absalom Island
278899	Gibson Island
278900	Marrack Island
278901	Joyce Island
278902	Croasdaile Island
278903	West Kinahan Island
278904	Tugwell Island
278905	Prince Leboo Island
278906	Randall Island
278907	Maskelyne Island
278908	Truro Island
278909	Brooke Island
278910	Stark Islet
278911	Ostrov Nakhodka
278912	Perry Island
278913	Montreal Island
278914	Maconochie Island
278915	Reid Island
278916	Aqitgian Island
278917	Kirkwall Island
278918	Aqitqiqtuun Island
278919	Borge Island
278920	St. Magnus Island
278921	Stanley Island
278922	Spruce Island
278923	Lower Island
278924	Unahitak Island
278925	Jago Islet
278926	Duncan Island
278927	Read Island
278928	Blenky Island
278929	Bell Island
278930	John Halkett Island
278931	Linaluk Island
278932	George Island
278933	Investigator Island
278934	Holman Island
278935	Falsen Island
278936	Toms Island
278937	Ramsay Island
278938	Dixon Island
278939	Hobday Island
278940	Sea Otter Island
278941	Wilfred Brown Island
278942	Vivian Island
278943	Lock Island
278944	Binstead Island
278945	Lowrie Island
278946	Bernard Island
278947	Norway Island
278948	Edgeworth Island
278949	Robillard Island
278950	Phillips Island
278951	Young Island
278952	Somerville Island
278953	Garrett Island
278954	Browne Island
278955	Dealy Island
278956	Baker Island
278957	Wood Island
278958	Bradford Island
278959	Middle Island
278960	Depot Island
278961	Dyer Island
278962	Balcarres Island
278963	Hyde Parker Island
278964	Isle of Mists
278965	Loney Island
278966	Fairholme Island
278967	John Barrow Island
278968	Kerr Island
278969	Allard Island
278970	Ricards Island
278971	Sherard Osborn Island
278972	Herbert Island
278973	Vesey Hamilton Island
278974	Patterson Island
278975	Grosvenor Island
278976	McConnell Island
278977	Jenness Island
278978	Trio Island
278979	Cosens Island
278980	Bjarnason Island
278981	Isle Valen
278982	Northwest Island
278983	Barren Island
278984	Great Island
278985	Devils Island
278986	Circle Island
278987	Kellys Island
278988	Chapel Island
278989	Bear Island
278990	Smith Island
278991	Great Jervis Island
278992	Bell Island
278993	Captain Island
278994	Long Island
278995	Bar Haven Island
278996	Bull Island
278997	Gooseberry Island
278998	Creve Islets
278999	Île Brion
279000	Sound Island
279001	Hare Island (historical)
279002	Île Verte
279003	Baccalieu Island
279004	Random Island
279005	Ireland's Eye
279006	Swale Island
279007	Middle Reach Island
279008	Long Reach Island
279009	Hail Island
279010	Coal Island
279011	Willis Island
279012	Tumbler Island
279013	Lakeman Island
279014	Cottel Island
279015	Lockers Flat Island
279016	Pitt Sound Island
279017	Deer Island
279018	Lewis Island
279019	Pork Island
279020	Indian Island
279021	Brown Fox Island
279022	Governors Island
279023	Batterton Island
279024	Woods Island
279025	Guernsey Island
279026	Tweed Island
279027	Pearl (Big) Island
279028	Thwart Island
279029	Birchy Island
279030	Upper Black Island
279031	Knights Island
279032	Coal All Island
279033	Strong Island
279034	Gull Island
279035	Long Island
279036	Farmers Island
279037	Swan Island
279038	Bridges Island
279039	South Samson Island
279040	Chapel Island
279041	North Samson Island
279042	Dog Island
279043	Alcock Island
279044	Dunnage Island
279045	Little Black Island
279046	Eastern Indian Island
279047	Peckford Island
279048	Cobbler Island
279049	Black Island
279050	Western Indian Island
279051	South Trump Island
279052	Sunday Cove Island
279053	Long Island
279054	George Island
279055	Change Island
279056	Higgins Island
279057	South Twillingate Island
279058	Fogo Island
279059	Île Manowin
279060	La Petite Basque
279061	La Grosse Boule
279062	La Petite Boule
279063	La Grande Basque
279064	Île du Lac
279065	Îles de Ouapitagone du Large
279066	Île Ten Kauitshiht
279067	Île Saint-Charles
279068	Western Island
279069	Île Nue de Mingan
279070	Île Quarry
279071	Îles Katnunakat
279072	Caye à Ti-Joseph
279073	Île à Bouleaux du Large
279074	Île de Ouapitagone
279075	Eastern Island
279076	Île Punis Uhakahatshem
279077	Île du Havre
279078	Digue du Fantôme
279079	Île à la Chasse
279080	La Grande Île
279081	Île à Bouleaux de Terre
279082	Île Sainte-Geneviève
279083	Île Matchiatic
279084	Île du Havre de Mingan
279085	Îles Galibois
279086	Île Sainte-Marie
279087	Île Watagheistic
279088	Île Harrington
279089	Île Kanty
279090	Keppel Island
279091	Île Pierrot
279092	Île du Petit Mécatina
279093	Île du Chat
279094	Île Anderson
279095	Île Nadeau
279096	Île au Sable
279097	Île du Grand Rigolet Ouest
279098	Île du Grand Rigolet Est
279099	Bell Island
279100	Île du Gros Mécatina
279101	Flat Island
279102	St. John Island
279103	Île Fecteau
279104	Groais Island
279105	Low Shoal Island
279106	Île Woody
279107	Îles Mary
279108	Îles Monger
279109	Île aux Graines
279110	Île Wakeham
279111	Île de la Grande Passe
279112	Île Bursey
279113	Île du Petit Rigolet
279114	Île Driscoll
279115	Île des Barreaux
279116	Île de l'Anse au Portage
279117	Île Bayfield
279118	Île du Forgeron
279119	Île Bilodeau
279120	Île Lemoine
279121	Île du Vieux Fort
279122	Île au Bois
279123	Îles Indian
279124	Île de la Demoiselle
279125	Île des Esquimaux
279126	Île du Bassin
279127	Prosper Island
279128	Dégrat Island
279129	Île Stag
279130	Jacob Island
279131	Île Tent
279132	Danby Island
279133	Belle Isle
279134	Carey Island
279135	Deer Island
279136	Big Island
279137	Hare Island
279138	Trodely Island
279139	Assizes Island
279140	Great Caribou Island
279141	Linklater Island
279142	Kakago Island
279143	Fafard Island
279144	Goose Island
279145	Captain Jack's Island
279146	Île Ispisakas
279147	Ballast Island
279148	Cartwright Island
279149	Île Amwanasukamik
279150	Denbigh Island
279151	Leg Island
279152	Weston Island
279153	Île Pikukamik Aytakuch
279154	Killey Island
279155	Granby Island
279156	Birchy Narrows Island
279157	Yellow Fox Island
279158	Curlew Island
279159	Pebble Island
279160	Square Island
279161	West Island
279162	Lewis Island
279163	Île Kachinwaniskaw
279164	Banger Island
279165	Goose Island
279166	Stony Island
279167	Hawke Island
279168	South Twin Island
279169	Copper Island
279170	Black Island
279171	Shoal Bay Island
279172	Black Whale Island
279173	North Twin Island
279174	Porcupine Island
279175	Île Mistapus
279176	Island of Ponds
279177	Spotted Island
279178	Indian Island
279179	Earthquake Island
279180	Big Island
279181	Île de Fort George
279182	Grey Goose Island
279183	Île Piyakun
279184	Île Anaskutach
279185	Long Island
279186	Bill of Portland Island
279187	Merry Island
279188	Duck Island
279189	O'Leary Island
279190	Revillon Island
279191	Walton Island
279192	Partridge Island
279193	Johnnys Island
279194	La Duke Island
279195	Mavor Island
279196	Île Cairn
279197	Bélanger Island
279198	Ross Island
279199	Bradbury Island
279200	Île Qikirtaaluk Tarrasi
279201	Ney Island
279202	Anderson Island
279203	Luttit Island
279204	Tukarak Island
279205	Moore Island
279206	Clarke Island
279207	Twin Cairns Island
279208	Curran Island
279209	Kugong Island
279210	Cake Island
279211	Loaf Island
279212	Wiegand Island
279213	Gillies Island
279214	Taylor Island
279215	Johnson Island
279216	Laddie Island
279217	Radar Island
279218	Mowat Island
279219	Christie Island
279220	Beachy Island
279221	Davieau Island
279222	Graveyard Island
279223	Kikiktaksoak Island
279224	South Amitok Island
279225	Driftwood Island
279226	Iglusuaktalialuk Island
279227	Broughton Island
279228	Opingiviksuak Island
279229	Blow Hard Island
279230	Husky Island
279231	Brazen Island
279232	Kikkektak Island
279233	Khikkertarsoak South Island
279234	Martin Island
279235	Moores Island
279236	McTavish Island
279237	Coffin Island
279238	Saddle Island
279239	Kidney Island
279240	Igloksoaktalik North Island
279241	Khikkertarsoak North Island
279242	Cotter Island
279243	Cod Island
279244	White Bear Island
279245	Finger Hill Island
279246	Illuvertalik Island
279247	Bartlett Island
279248	Nulliak Island
279249	Frazier Island
279250	Fraley Island
279251	Île Qikirtajuaq
279252	Île Napaartulik
279253	Murray Island
279254	Inuksulik Island
279255	Young Island
279256	Rose Island
279257	Jens Haven Island
279258	Shuldham Island
279259	Big Island
279260	Ward Island
279261	McCormack Island
279262	Captain Island
279263	Cox Island
279264	Inman Island
279265	Île de l'Hélicoptère
279266	Commodore Island
279267	Ukkusissaalik Island
279268	Qikirtaaluk Island
279269	Elsie Island
279270	Tikiraaluk Island
279271	Île Anngiaraaluk
279272	Île Tiercel
279273	Île Qiggutuq
279274	Île Anngiaq
279275	Îles Gyrfalcon
279276	Ammumajualuk Island
279277	Siuralikallak Island
279278	Îles Killiarusiq
279279	Qikirtakutaaq Island
279280	Siuralik Island
279281	Siuralialuk Island
279282	Big White Bearskin Island
279283	Amiktok Island
279284	Arnakuvik Island
279285	Whale Island
279286	Pattee Island
279287	Perley Island
279288	North Aulatsivik Island
279289	Gilmour Island
279290	Bronson Island
279291	Île Aulassivik
279292	Île Itigassiuvik
279293	Pukuttuq Island
279294	Magnet Island
279295	Goddard Island
279296	Cabot Island
279297	Pert Island
279298	Killiniq Island
279299	Bush Island
279300	Avingasittuit Siqinirsipangat Island
279301	Holdridge Island
279302	King Island
279303	Lawson Island
279304	MacColl Island
279305	Lacy Island
279306	Goodwin Island
279307	Qeqertasussuk
279308	Ile Gobin
279309	Smith Island
279310	Nunarsuit
279311	Narrow Island
279312	Inuarutdligkat
279313	Opingivik Island
279314	Mary Island
279315	Hannah Island
279316	Assannguit
279317	Ford Island
279318	Sannerut
279319	Diana Island
279320	Uummannaq
279321	Qeqertarsuaq
279322	Tallorutit
279323	Quiartorfik
279324	Arsuutaa
279325	Île Salliq
279326	Sermersuut
279327	Haven Island
279328	Toornaarsuk
279329	Île Agiaq
279330	Île Qikirtaaluk
279331	Île Qikirtaluarusiq
279332	Île Arvasarvik
279333	Îles Imiliit
279334	Qeqertarsuaq
279335	Vesterland
279336	Wales Island
279337	Wivanhoe Island
279338	Edgell Island
279339	Smooth Island
279340	Maiden Island
279341	Palmer Island
279342	Thompson Island
279343	Saddleback Island
279344	Iterlak
279345	Île Siurartuuq
279346	Davies Island
279347	Kvaneø
279348	Halford Island
279349	Île Qikirtaq
279350	Weggs Island
279351	Morris Island
279352	Matlack Island
279353	Lefferts Island
279354	Hall Island
279355	Hudson Island
279356	Loks Land
279357	High Bluff Island
279358	Juet Island
279359	Lee Island
279360	Deadman Island
279361	Lavoie Island
279362	Charles Island
279363	Ravn Storø
279364	Qeqertarsuaq
279365	Ijjurittiak Island
279366	Willows Island
279367	Emma Island
279368	Thomson Island
279369	George Henry Island
279370	Gabriel Island
279371	Nouyarn Island
279372	McKay Island
279373	Johnston Island
279374	Bencas Island
279375	Qeqertarsuatsiaq
279376	Alapernaitsoq
279377	Daniel Island
279378	Chase Island
279379	Iterssarmiut Nunarssuat
279380	Mannisaat
279381	Qeqertarsuatsiaq
279382	Field Island
279383	Fletcher Island
279384	Rogers Island
279385	Falk Island
279386	Pugh Island
279387	Resor Island
279388	Pike Island
279389	Brook Island
279390	Crowell Island
279391	Smith Island
279392	Promise Island
279393	Culbertson Island
279394	Pink Lady Island
279395	Ellis Island
279396	Fraser Island
279397	Saneraata Timaa
279398	Frobisher's Farthest
279399	Aubrey Island
279400	Moor Island
279401	Ptarmigan Island
279402	South Imilit Island
279403	Allen Island
279404	Big Island
279405	Augustus Island
279406	Deer Island
279407	Ragged Island
279408	Hector Island
279409	Hill Island
279410	Brevoort Island
279411	Centre Island
279412	Reference Island
279413	Macdonald Island
279414	Little Big Island
279415	Qilanngaarsuit
279416	Primrose Island
279417	Bowser Island
279418	Rawson Island
279419	Bonney Island
279420	Putnam Island
279421	Mill Island
279422	Okalik Island
279423	Chamberlain Island
279424	Sakkiak Island
279425	Okolli Island
279426	Eqalunnguit Nunaat
279427	Caribou Island
279428	Dorset Island
279429	Mallik Island
279430	Tunitjuak Island
279431	Jubilee Island
279432	Christopher Hall Island
279433	Jackson Island
279434	Pisuffik
279435	Ugjuk Island
279436	Moodie Island
279437	Kikiktaluk Island
279438	Leopold Island
279439	Nunarsuaq
279440	Kangigutsak Island
279441	Wareham Island
279442	Shakshukowshee Island
279443	Shakshukuk Island
279444	Muingmak Island
279445	Ilikok Island
279446	Aupaluktut Island
279447	Nuvujen Island
279448	Maniitsoq
279449	Nias Island
279450	Kekertaluk Island
279451	Miliakdjuin Island
279452	Kekertuk Island
279453	Seekoo Island
279454	Akuglek Island
279455	Sermersuut
279456	Sun Island
279457	Kekerten Island
279458	Angijak Island
279459	Akulagok Island
279460	Tuapait Island
279461	Kaigosuit Islands
279462	Danish Island
279463	Kekertukdjuak Island
279464	Ivisa Island
279465	Imigen Island
279466	Nunaariatjuaq Island
279467	Simiutaq
279468	Aupaluktok Island
279469	Bushnan Island
279470	October Island
279471	Georgina Island
279472	Anarnittuq Island
279473	Kekertelung Island
279474	Nunatak Island
279475	Bear Island
279476	Tinorqassaq
279477	Qeqertarssua
279478	Sallersuaq
279479	Sarfannguaq
279480	Owlitteeweek Island
279481	Paugnang Island
279482	Durban Island
279483	Padloping Island
279484	Qukiavik Island
279485	Île d’Arz
279486	Île aux Moines
279487	Île de Groix
279488	Kélaouro
279489	Île de Béniguet
279490	Île de Molène
279491	Île d'Ouessant
279492	Île de Bréhat
279493	Île d'Er
279494	Grande Île
279495	Jersey
279496	Sark
279497	Herm
279498	Guernsey
279499	Alderney
279500	St. Agnes
279501	Saint Mary’s
279502	Bryher
279503	Tresco
279504	Saint Martin’s
279505	Brownsea Island
279506	Hayling Island
279507	Lundy
279508	Clear Island
279509	Sherkin Island
279510	Hare Island
279511	Dursey Island
279512	Caldey Island
279513	Bear Island
279514	Skokholm Island
279515	Skomer Island
279516	Ramsey Island
279517	Valentia Island
279518	Great Blasket Island
279519	Great Saltee
279520	Little Island
279521	Foynes Island
279522	Canon Island
279523	Inishmacowney
279524	Feenish
279525	Coney Island
279526	Inishmore
279527	Bardsey Island
279528	Mutton Island
279529	Inisheer
279530	Inishman
279531	Inishmore
279532	Eddy Island
279533	Inchamakinna
279534	Finish Island
279535	Lambay Island
279536	Omey Island
279537	Inishshark
279538	Inishbofin
279539	Inishturk
279540	Clare Island
279541	Collan More
279542	Achillbeg Island
279543	Annagh Island
279544	Inishbiggle
279545	Achill Island
279546	Calf of Man
279547	Inishkea South
279548	Inishkea North
279549	Walney Island
279550	Bartragh Island
279551	Coney Island
279552	Inishmurray
279553	Copeland Island
279554	Rutland Island
279555	Aran Island
279556	Owey Island
279557	Inishbofin
279558	Tory Island
279559	Sanda Island
279560	Rathlin Island
279561	Holy Island
279562	Little Cumbrae Island
279563	Great Cumbrae Island
279564	Inchmarnock
279565	Island of Bute
279566	Oronsay
279567	Colonsay
279568	Scarba
279569	Shuna
279570	Lunga
279571	Torsa Island
279572	Iona
279573	Kerrera
279574	Eorsa Island
279575	Tiree
279576	Lismore Island
279577	Shuna Island
279578	Carna Island
279579	Coll Island
279580	Barra Head
279581	Mingulay
279582	Muck Island
279583	Pabbay
279584	Sandray
279585	Eigg Island
279586	Vatersay Island
279587	Hellisay
279588	Isle of Barra
279589	Rhum Island
279590	Canna Island
279591	Eriskay
279592	Soay
279593	Pabay
279594	Scalpay
279595	Wiay Island
279596	Benbecula Island
279597	Ronay
279598	Island of Raasay
279599	Baleshare
279600	Island of Rona
279601	Vallay Island
279602	Berneray
279603	Ensay
279604	Pabbay
279605	Saint Kilda
279606	Soay
279607	Isle of Ewe
279608	Scalpay
279609	Gruinard Island
279610	Eilean an Tighe
279611	Taransay
279612	Eilean Iuvard
279613	Seaforth Island
279614	Tanera More
279615	Scarp
279616	Great Bernera
279617	Stroma
279618	Swona
279619	Flotta
279620	Fara
279621	South Ronaldsay
279622	Graemsay
279623	Shapinsay
279624	Gairsay
279625	Wyre
279626	Stronsay Island
279627	Egilsay
279628	Rousay
279629	Faray
279630	Calf of Eday
279631	Eday
279632	Sanday Island
279633	Westray
279634	Papa Westray Island
279635	North Ronaldsay
279636	Avallersuaq
279637	Sanningasoq
279638	Uummannaq
279639	Qeqertasussuk
279640	Itissaalik
279641	Ikkattut
279642	Sullat
279643	Nunarsuaq
279644	Niverfik
279645	Angissoq
279646	Mousa Island
279647	Takisavssuaq
279648	Qernertoq
279649	Narlusoq
279650	East Burra Island
279651	Foula
279652	Annikitsoq
279653	Holm of Mel
279654	Aluk Tunorleq
279655	Papa Stour Island
279656	Sermersooq
279657	Holm of Sandwick
279658	Dronning Louise Ø
279659	Housay Island
279660	Fetlar Island
279661	Kangeq
279662	Qasigissat
279663	Uyea
279664	Paarliit
279665	Akia
279666	Hollænderø
279667	Avatarmiut
279668	Takissoq
279669	Kingittoq
279670	Imatsiaup Nunâ
279671	Lille Tuttutooq
279672	Ugarmiut
279673	Uulaaki
279674	Naujánguit
279675	Qanngui
279676	Qaarusuarsuk
279677	Illutalik
279678	Iluileq
279679	Qeqertarsuaq
279680	Tuttutooq
279681	Qeqertarsuaq
279682	Maniitsoq
279683	Qeqertatsiaq
279684	Stóra Dímun
279685	Skúvoy
279686	Hestur
279687	Koltur
279688	Nólsoy
279689	Tindhólmur
279690	Mykines
279691	Ikermiit
279692	Svínoy
279693	Fugloy
279694	Kunoy
279695	Kalsoy
279696	Uttorsiutit
279697	Immikkoortukajik
279698	Ingmikârtajivit
279699	Kamøen
279700	Griffenfeld Ø
279701	Eberlin Ø
279702	Uiivaq
279703	Nappat
279704	Heimaey
279705	Kiasigssaq
279706	Imaarsivik
279707	Qeertartivaq
279708	Igdluluarssuk
279709	Ensomheden
279710	Viðey
279711	Trefoldigheden Ø
279712	Hjörsey
279713	Flatey
279714	Aaluit
279715	Brokey
279716	Arney
279717	Fremri Langey
279718	Kulusuk
279719	Inngiingaleq
279720	Eqqiligaarteq
279721	Immikkeertikajik
279722	Qeertartivatsiaq
279723	Qiianarteq
279724	Quujuutilik
279725	Hrísey
279726	Depotø
279727	Flatey
279728	Storø
279729	Grímsey
279730	Nyø
279731	Ersinguseq
279732	Broughton Island
279733	Sabine Island
279734	Kangeq
279735	Kekerturnak Island
279736	Aqisserniaq
279737	Ángat
279738	Idjuniving Island
279739	Attu
279740	Rifkol
279741	Nunatsiaq Island
279742	Alikdjuak Island
279743	Terqîngaq
279744	Tuttulik
279745	Simiutaluk
279746	Pikiutdle
279747	Tunertooq
279748	Nedlukseak Island
279749	Manitung Island
279750	Simiutarssuaq
279751	Nunarsuaq
279752	Ukalilik
279753	Tuttulik
279754	Qorsunnitsoq
279755	Kekertaluk Island
279756	Era Island
279757	Qikqiktajuak Island
279758	Pilektuak Island
279759	Aappilattoq
279760	Nudlung Island
279761	Rock Island
279762	Glen Island
279763	South Tweedsmuir Island
279764	Kiniktuq Island
279765	Iglulik Island
279766	Naajat
279767	Umiasugssuk
279768	Qimivvik Island
279769	Qeqertasussuk
279770	Umiivik
279771	Satigsun Island
279772	Kannala
279773	North Tweedsmuir Island
279774	Akulliit
279775	Tussaaq
279776	Aappalaartoq
279777	Iginniarfik
279778	Saqqarliit
279779	Tupilak
279780	Akúnâp Nunâ
279781	Anderson Island
279782	Maniitsoq
279783	Helen Island
279784	Maniittuarjuk Island
279785	Ilutalik Island
279786	Pomona Island
279787	Maniiturjuaq Island
279788	Kingittuq Island
279789	Ugiaraarjuk Island
279790	Imilik Island
279791	Gladman Island
279792	Honeyman Island
279793	Haglirjuaq Island
279794	Iqslugiktoq Island
279795	Halluqtalik Island
279796	Ullit Island
279797	Haglaarjuit Island
279798	Paukturvik Island
279799	Iglulik Island
279800	Tangle Island
279801	Igloolik Island
279802	Imilik Island
279803	Halliq Island
279804	Neerlonakto Island
279805	Qeqertaq
279806	Tukingasuarusiq Island
279807	Kull Island
279808	Aulitiving Island
279809	Qikiqtarjuaraarjuk Island
279810	Qikiqtanajuk Island
279811	Naattuq Island
279812	Aulitivik Island
279813	Maneetok Island
279814	Qikiqtarjuaq Island
279815	Ritenbenk Ø
279816	Deer Island
279817	Liddon Island
279818	Ormonde Island
279819	Amherst Island
279820	Pearson Island
279821	Alfred Island
279822	Igdluluarssuit
279823	Elder Island
279824	Oqaatsoq
279825	Qeqertakavsak
279826	Qeqertaq
279827	Lady Parry Island
279828	Steel Island
279829	Susanna Island
279830	Talerua
279831	Pouncet Island
279832	Ikerasak
279833	Akulleq
279834	Uummannaq
279835	Arbuthnot Island
279836	Tuullittalik
279837	Saattut
279838	Salleq
279839	Scott Island
279840	Shimik Island
279841	Adams Island
279842	Bergesen Island
279843	Livingstone Island
279844	Skalø
279845	Kigataq
279846	Round Island
279847	Stephens Island
279848	Nova Zembla Island
279849	Yeoman Island
279850	Frechette Island
279851	Davids Island
279852	Sagfiorfik
279853	Emmerson Island
279854	Curry Island
279855	Ragged Island
279856	Iperaq
279857	Akuliaruseq
279858	Amarortalik
279859	Pâq
279860	Naku
279861	Sanningasoq
279862	Beloeil Island
279863	Uilortusoq
279864	Atilissuaq
279865	Uigordlia
279866	Saattoq
279867	Aappilattoq
279868	Qassi
279869	Natsisât
279870	Taartoq
279871	Kingittoq
279872	Naujavigssuaq
279873	Maniitsoq
279874	Puugutaa
279875	Sisuarigsut
279876	Innaarsuit Island
279877	Qaarsorsuatsiaq
279878	Ateqángitsorssuaq
279879	Kangaarsuk
279880	Illunnguit
279881	Qoqaarissorsuaq
279882	Tasiusaq
279883	Aakkarnersuaq
279884	Uigorlersuaq
279885	Aappilattoq
279886	Anarusuk
279887	Nuuluk
279888	Qallunaat
279889	Tuttoqqortooq
279890	Mernoq
279891	Appaarsuit
279892	Amitsorsuaq
279893	Inussulissuaq
279894	Saqqarlersuaq
279895	Beechey Island
279896	Nookap Island
279897	Stenersen Ø
279898	Bushnan Ø
279899	Salve Ø
279900	Meteoritø
279901	Nallortoq
279902	Qeqertârssugssuaq
279903	Smith Island
279904	Sundt Ø
279905	Wolstenholme Island
279906	Calf Island
279907	Landslip Island
279908	Saunders Island
279909	Princess Royal Island
279910	Mittie Island
279911	Hakluyt Ø
279912	Belcher Island
279913	Gunnars Island
279914	Josephine Peary Ø
279915	Brevoort Island
279916	Lois Island
279917	Degerbols Island
279918	Fjeldholmen Island
279919	Miller Island
279920	Krueger Island
279921	Bellot Island
279922	Bromley Island
279923	Fladø
279924	Kraemer Ø
279925	Søkongen Ø
279926	Turner Ø
279927	Ujuaakajiip Nunaa
279928	Nordenskiöld Ø
279929	Robertson Ø
279930	Borgøen
279931	Bontekoe Ø
279932	Store Finsch
279933	Lille Pendulum
279934	Trum Ø
279935	Grouchs Snack
279936	Nanok Ø
279937	Tvillingerne
279938	Godfred Hansen Ø
279939	Andreas Lundager Ø
279940	Søndre Orienteringsø
279941	Midterholmen
279942	Vindseløen
279943	Storøen
279944	Stigbøjlen
279945	Hammeren
279946	Ambolten
279947	Nancowry Island
279948	Trinkat Island
279949	Bompoka Island
279950	Minicoy Island
279951	Tarāsa Dwīp
279952	Chowra Island
279953	Batti Malv Island
279954	Nalla Tanni Tīvu
279955	Musal Tīvu
279956	Pāmban Island
279957	Kalpeni Island
279958	Kavaratti Island
279959	Andrōth Island
279960	Agatti Island
279961	South Brother Island
279962	South Sentinel Island
279963	North Brother Island
279964	Amini Island
279965	Kadmat Island
279966	South Cinque Island
279967	North Cinque Island
279968	Kiltān Island
279969	Rutland Island
279970	Boat Island
279971	Hobday Island
279972	Red Skin Island
279973	Alexandra Island
279974	North Sentinel Island
279975	Tarmugli Island
279976	Chetlat Island
279977	Île Moucha
279978	Neill Island
279979	Kyd Island
279980	Defence Island
279981	Havelock Island
279982	Sir William Peel Island
279983	Nicholson Island
279984	Darsah
279985	Inglis Island
279986	Wilson Island
279987	John Lawrence Island
279988	Jazīrat Samḩah
279989	Henry Lawrence Island
279990	Strait Island
279991	Baratang Island
279992	Outram Island
279993	Spike Island
279994	Long Island
279995	Flat Island
279996	Perim Island
279997	Gebel Alil
279998	Adayli
279999	Sargadur
280000	Halib
280001	Darmachia
280002	Huiheb
280003	Arun’ya
280004	Interview Island
280005	Sound Island
280006	Dercos
280007	Fatuma Desēt
280008	North Reef Island
280009	Ras Darma Desēt
280010	Paget Island
280011	Reef Island
280012	Jazīrat Suyūl Ḩanīsh
280013	Ābulēyin Desēt
280014	Double Peak Island
280015	East Island
280016	Landfall Island
280017	Jazīrat al Ḩanīsh aş Şaghīr
280018	Sadla
280019	Aba’ielat
280020	Jazīrat Jabal Zuqar
280021	Jazīrat al Mujāmilah
280022	Garabsie
280023	Keda-Hando
280024	Hando
280025	Ādahula Desēt
280026	Midiri
280027	Abbaguba
280028	Beka’e
280029	Um-les-Sahrig
280030	Delesen
280031	Saba Island
280032	Debel’ Ali
280033	Dergamman Sagir
280034	Dahaila Kebir
280035	Seil Hes
280036	Hawakil
280037	El Uelo
280038	Dar Dase
280039	Dase
280040	Umel-Ajuz
280041	Dalhur
280042	Kamaran Island
280043	Dese
280044	Museri
280045	Ota
280046	Al Baḑī‘
280047	Aucan
280048	‘Uqbān
280049	Divar Island
280050	Shumma
280051	Kadamān
280052	Salima
280053	Zauber
280054	Al Murk
280055	Bawārid
280056	Kutāmah
280057	Īntraya Desēt
280058	Nokra Desēt
280059	Quşur
280060	Tiqfāsh
280061	Segala
280062	Seil ’Arabi
280063	Ḩamar
280064	Dha-n-nafarik
280065	Siem
280066	Dulbia
280067	Dhu-l-kuff
280068	Dergoman Seghir
280069	Derom
280070	Dar Ottun
280071	Martabam
280072	Dohul
280073	Dulanchibat
280074	Bar Adi
280075	Duladia
280076	Dulalam
280077	Dulfidol
280078	Jazīrat Madjūn
280079	Asgar
280080	Harat
280081	Mahun
280082	Jazīrat al Fawsht
280083	Entvedul
280084	Jazīrat ad Dākhilīyah
280085	Jazīrat ‘Arḑayn
280086	Ghabbi-hu
280087	Jazīrat Zamhar
280088	Jazīrat Rāfi‘
280089	Dawḩarāb
280090	Jazīrat Bārī
280091	Isra-tu
280092	Murayn
280093	Harmil
280094	Difnein
280095	Elephanta Island
280096	Salsette Island
280097	Jhow Island
280098	Saint Martins Island
280099	Abdul Kalam Island
280100	Jambudwīp
280101	Bulcherry Island
280102	Bāngaduni Island
280103	Piram Island
280104	Dalhousie Island
280105	Alia Bet
280106	Lothian Island
280107	Putney Island
280108	Mahisāni Island
280109	Maheskhali Island
280110	Patibania Island
280111	Rākshaskhāli
280112	Matarbāri Island
280113	Char Hāre
280114	Char Tufānia
280115	Pātharpratima Island
280116	Sonār Char
280117	Sāgar Island
280118	Andār Char
280119	Char Kāsem
280120	Kutubdia Island
280121	Ghorāmāra Island
280122	Trikona Island
280123	Kukuri Mukuri Char
280124	Char Lakshmi
280125	Agnimāri Char
280126	Char Jamuna
280127	Pāngāsia
280128	Latār Char
280129	Kapālbera Char
280130	Bholāi Singher Char
280131	Kachuākhāli Char
280132	Jazīrat Ḩalā’ib al Kabīrah
280133	Sākuchia Char
280134	Ajād Tāpu
280135	South Hātia Island
280136	Kālubhār Tāpu
280137	Bhaidar Tāpu
280138	Bet Shankhodhār
280139	Nora Tāpu
280140	Dēra
280141	Bhains Bid
280142	Char Diāra
280143	Jindra Bet
280144	Pirotan Island
280145	Sandwīp Island
280146	Jazīrat Zabarjad
280147	Salala
280148	Al Yāsāt as Suflá
280149	Janānah
280150	Jazīrat Abū as Sayāyīf
280151	Al Yāsāt al ‘Ulyā
280152	Al Fīyay
280153	Jazīrat Marawwaḩ
280154	Al Bazm al Gharbī
280155	Sir Bani Yas Island
280156	Al Fuţaysī
280157	Al Ḩudayriyāt
280158	Jazīrat as Sammālīyah
280159	Jazīrat Umm Yafīnah
280160	Jazīrat Bū ash Sha‘ūm
280161	Jazīrat Abū Z̧aby
280162	Dalmā Island
280163	Jazīrat Ramḩān
280164	Jazīrat al Jubayl
280165	Jazīrat Bil Ghaylam
280166	Jazīrat as Sa‘dīyāt
280167	Al Mubarraz
280168	Al Qaffāy
280169	Jazīrat Ra’s Ghurāb
280170	Jazīrat Wādī Jimāl
280171	Jazīrat Ḩayl
280172	Arzanah
280173	Zirkūh
280174	Qarnayn
280175	Dās
280176	Şīr Bū Nu‘ayr
280177	Al Ḩumayḑī
280178	Jazīrat al Ghallah
280179	Jazīrat as Sīnīyah
280180	Suwād al Janūbīyah
280181	Suwād ash Shamālīyah
280182	Rabaḑ ash Sharqīyah
280183	Rabaḑ al Gharbīyah
280184	Abu Musa Island
280185	Jazīreh-ye Sīrrī
280186	Umm an Na‘sān
280187	Lesser Tunb
280188	Greater Tunb
280189	Jazīreh-ye Forūr
280190	Jazīrat al Muḩarraq
280191	Kish Island
280192	Jazīreh-ye Hengām
280193	Jazīreh-ye Hendowrābī
280194	Jazīrat Safājah
280195	Jazīreh-ye Shatvār
280196	Jazīreh-ye Lāvān
280197	Jazīreh-ye Lārak
280198	Jazīreh-ye Hormoz
280199	Jiftūn aş Şaghīr
280200	Jazīrat Jiftūn al Kabīr
280201	Jazīrat Shākir
280202	Jazīrat Ţawīlah
280203	Jazīrat Umm al Haymāt aş Şaghīrah
280204	Jazīrat Jūbāl
280205	Jazīrat Umm al Haymāt
280206	Southern Qaysūm
280207	Northern Qaysūm
280208	Jazīrat Ghānim
280209	Nakhīlū
280210	Jazīrat Şanāfīr
280211	Jazīrat Tīrān
280212	Sheykh Zangī
280213	Jazīreh-ye ‘Abāsak
280214	Kharg Island
280215	Jazīreh-ye Khārkū
280216	Jazīrat Faylakā
280217	Jazīrat Warbah
280218	Jazrat Ḩajm
280219	Jazīreh-ye Dārā
280220	Jazīreh-ye Boneh
280221	Nedel Gār
280222	Jazīreh-ye Qabr-e Nākhodā
280223	Jazīrat al Qaţ‘ah
280224	Jazīrāt ar Rumīyah
280225	Nisí Gávdos
280226	Nisí Chrysí
280227	Nisída Gavdopoúla
280228	Koufonísi
280229	Nisída Pseíra
280230	Nisída Elása
280231	Nisída Gianysáda
280232	Nisída Dragonáda
280233	Kasos Island
280234	Nisída Armathiá
280235	Nisí Día
280236	Prasonísi
280237	Vrachonisída Astakída
280238	Nisída Sariá
280239	Nisí Antikýthira
280240	Nisída Megálo Sofráno
280241	Nisída Strongylí
280242	Nisída Ro
280243	Nisí Megísti
280244	Nisí Chálki
280245	Christiani Island
280246	Nisída Pacheiá
280247	Nisída Alimiá
280248	Nisída Sýrna
280249	Nisí Anáfi
280250	Nisída Néa Kamméni
280251	Nisída Thirasía
280252	Santorini Island
280253	Nisí Tílos
280254	Nisída Kandelioússa
280255	Nisí Elafónisos
280256	Nisída Sesklí
280257	Nisída Kounoúpa
280258	Nisída Ofidoúsa
280259	Nisída Pacheiá
280260	Nisída Pergoúsa
280261	Nisí Nísyros
280262	Nisída Ánydros
280263	Nisída Kardiótissa
280264	Nisí Sými
280265	Nisí Astypálaia
280266	Nisí Folégandros
280267	Nisída Nímos
280268	Nisída Gyalí
280269	Nisí Síkinos
280270	Nisída Schíza
280271	Nisí Polýaigos
280272	Nisída Sapiéntza
280273	Nisída Antímilos
280274	Isola di Pantelleria
280275	Nisída Dríma
280276	Nisída Falkonéra
280277	Nisí Kímolos
280278	Nisída Antíkeri
280279	Nisí Irákleia
280280	Nisída Nikouriá
280281	Nisí Schoinoússa
280282	Nisída Kéros
280283	Nisída Káto Koufonísi
280284	Nisída Velopoúla
280285	Nisí Sfaktiría
280286	Koufonísi
280287	Nisída Strongyló
280288	Nisí Psérimos
280289	Nisída Despotikó
280290	Nisída Kínaros
280291	Nisída Télendos
280292	Nisída Levítha
280293	Nisí Sífnos
280294	Nisí Antíparos
280295	Nisída Próti
280296	Nisída Kalólimnos
280297	Kalymnos Island
280298	Nisí Donoúsa
280299	Léros Island
280300	Nisí Sérifos
280301	Nisída Archángelos
280302	Nisída Spetsopoúla
280303	Nisída Stamfáni
280304	Nisída Serfopoúla
280305	Nisída Tríkeri
280306	Nisí Spétses
280307	Farmakonísi
280308	Nisí Leipsoí
280309	Nisí Dokós
280310	Nisída Agreloúsa
280311	Nisí Pátmos
280312	Nisída Arkoí
280313	Nisí Dílos
280314	Nisí Ríneia
280315	Nisída Ypsilí
280316	Nisída Tragonísi
280317	Agathonísi
280318	Nisí Kýthnos
280319	Nisís Áyios Yeóryios
280320	Mykonos
280321	Nisída Plateía
280322	Nisí Sýros
280323	Nisída Romví
280324	Nísos Póros
280325	Nisí Thýmaina
280326	Nisí Ágios Minás
280327	Nisí Gýaros
280328	Nisída Samiopoúla
280329	Nisí Foúrnoi
280330	Nisída Patróklou
280331	Nisís Moní
280332	Nisída Kyrá
280333	Nisí Agkístri
280334	Nisí Makrónisos
280335	Aegina Island
280336	Nisída Fléves
280337	Nisída Ágios Thomás
280338	Nisída Ágios Ioánnis
280339	Isola Favignana
280340	Isola Marettimo
280341	Nisí Salamína
280342	Isola di Levanzo
280343	Megalónisos Petalión
280344	Chersonísi
280345	Nisída Stýra
280346	Nisída Kavallianí
280347	Nisída Oxeiá
280348	Nisída Mákri
280349	Nisís Trizónia
280350	Nisída Vrómonas
280351	Isola Vulcano
280352	Nisída Petalás
280353	Nisída Prováti
280354	Nisída Drakonéra
280355	Nisída Átokos
280356	Ithaca Island
280357	Nisída Pasás
280358	Isola Lipari
280359	Nisí Oinoússes
280360	Nisí Antípsara
280361	Isola Alicudi
280362	Nisída Arkoúdi
280363	Isola Salina
280364	Isola Filicudi
280365	Nisída Kastós
280366	Nisí Psará
280367	Isola Panarea
280368	Nisí Kálamos
280369	Nisída Meganísi
280370	Nisís Atalándi
280371	Isola di Ustica
280372	Nisída Sarakinó
280373	Isla de Formentera
280374	Isla Espalmador
280375	Isola Stromboli
280376	Nisída Valáxa
280377	Nisída Skyropoúla
280378	Nisída Skántzoura
280379	Nisída Megálo Adelfoí
280380	Nisída Tsougkriá
280381	Nisí Antípaxoi
280382	Illa de Cabrera
280383	Nisída Palaió Tríkeri
280384	Ìsola di San Pietro
280385	Illa des Conills
280386	Nisí Skópelos
280387	Skiathos Island
280388	Nisí Peristéra
280389	Paxós
280390	Nisí Alónnisos
280391	Nisí Kyrá Panagiá
280392	Nisída Pipéri
280393	Nisída Gioúra
280394	Nisí Ágios Efstrátios
280395	Illa Dragonera
280396	Nisí Mathráki
280397	Nisí Othonoí
280398	Nisí Ereikoússa
280399	Nisída Diásporos
280400	Nisída Ammoulianí
280401	San Pietro
280402	Ishulli i Sazanit
280403	Isola di Capri
280404	Isola d’Ischia
280405	Isola di Procida
280406	Isola Ventotene
280407	Isola Molara
280408	Isola Tavolara
280409	Isola di Ponza
280410	Isola Palmarola
280411	Isola Zannone
280412	Isola Piana
280413	Isola Asinara
280414	Isola Santo Stefano
280415	Isola Caprera
280416	Isola Spargi
280417	Isola Maddalena
280418	Isola Budelli
280419	Isola Razzoli
280420	Isola Santa Maria
280421	Île Cavallo
280422	San Domino Island
280423	Isola di Giannutri
280424	Isola di Montecristo
280425	Isola del Giglio
280426	Isola Pianosa
280427	Otok Koločep
280428	Otok Lopud
280429	Otok Jakljan
280430	Otok Šipan
280431	Otok Sušac
280432	Otok Lastovo
280433	Otočić Mrčara
280434	Otok Mljet
280435	Otok Badija
280436	Korcula
280437	Otok Biševo
280438	Île de Port-Cros
280439	Île de Porquerolles
280440	Otok Svetac
280441	Île du Levant
280442	Isola di Capraia
280443	Otok Vis
280444	Otok Šćedro
280445	Île Pomègues
280446	Šolta
280447	Isola di Gorgona
280448	Otok Mali Drvenik
280449	Otok Veli Drvenik
280450	Otok Čiovo
280451	Île Sainte-Marguerite
280452	Otok Žirje
280453	Otok Zmajan
280454	Otok Zlarin
280455	Otok Kakan
280456	Otočić Kurba Vela
280457	Otok Kaprije
280458	Otok Tijat
280459	Otočić Smokvica Vela
280460	Otok Prvić
280461	Otočić Lavsa
280462	Piškera
280463	Otočić Levrnaka
280464	Otok Vrgada
280465	Otočić Arta Vela
280466	Otok Kornat
280467	Otok Žut
280468	Otočić Lavdara
280469	Otok Rava
280470	Isola Palmaria
280471	Otok Iž
280472	Otočić Golac
280473	Otok Žverinac
280474	Otok Tun Veli
280475	Otok Sestrunj
280476	Otok Molat
280477	Otok Škarda
280478	Otok Ist
280479	Otok Vir
280480	Otok Premuda
280481	Otočić Planik
280482	Otok Silba
280483	Otok Olib
280484	Otok Maun
280485	Otok Ilovik
280486	Otočić Sveti Petar
280487	Otok Škrda
280488	Otočić Veli Orjul
280489	Otok Susak
280490	Otočić Srakane Vele
280491	Otok Unije
280492	Otok Dolin
280493	Otok Zeča
280494	Otok Goli
280495	Otok Rab
280496	Otok Sveti Grgur
280497	Otočić Veliki Brijun
280498	Otok Prvić
280499	Otok Plavnik
280500	La Giudecca
280501	Lido
280502	Le Vignole
280503	Isola di Murano
280504	Isola Sant’Erasmo
280505	Torcello
280506	Isola di Sant’Andrea
280507	Satawal Island
280508	Hòn Khoai
280509	Onoun
280510	Đảo Thổ Chu
280511	Yap Island
280512	Rumung Island
280513	Đảo Nam Du
280514	Cù Lao Tròn
280515	Fais Island
280516	Cù Lao Công Điền
280517	Hòn Rái
280518	Cồn Phụng
280519	Cù Lao Tân Bình
280520	Cù Lao Cổ Chiên
280521	Cồn Cò
280522	Hòn Thơm
280523	Hòn Tre
280524	Hòn Rỏi
280525	Cù Lao Bàn
280526	Cù Lao Mây
280527	Cù Lao Đât
280528	Hòn Nghệ
280529	Cù Lao Giài
280530	Cù Lao Ốc
280531	Cù Lao Lợi Quán
280532	Kaôh Tang
280533	Kaôh Sês
280534	Kaoh Tonsay
280535	Kaoh Ruessei
280536	Kaoh Ta Kiev
280537	Kaôh Thmei
280538	Hon Phu Quy
280539	Kaoh Kaong Kang
280540	Kaoh Rung Samloem
280541	Kaoh Pos
280542	Kaoh Rung
280543	Kaôh Manoah
280544	Kaoh Smach
280545	Kaôh Sdach
280546	Kaoh Kong
280547	Kaôh Navan
280548	Hòn Chút
280549	Đảo Tagne
280550	Hòn Mun
280551	Hòn Tầm
280552	Hòn Tre
280553	Hòn Thị
280554	Hòn Hèo
280555	Hòn Lớn
280556	Hòn Bịp
280557	Cù Lao Mái Nhà
280558	Cù Lao Ré
280559	Triton Island
280560	Cù Lao Chàm
280561	Hòn Sơn Chà
280562	Lincoln Island
280563	Woody Island
280564	Con Co Isle
280565	Xi Dao
280566	Wuzhizhou Dao
280567	Dazhou Dao
280568	Hòn Mê
280569	Luodou Sha
280570	Liuji Dao
280571	Đảo Hạ Mai
280572	Ti Ma Tao
280573	Đảo Thượng Mai
280574	Đảo Hang Trai
280575	Đảo Phượng Hoàng
280576	Đảo Cống Đỏ
280577	Đảo Ngọc Vừng
280578	Hòn Bồ Hòn
280579	Hòn Nẻ Môi
280580	Nui Kak Ba
280581	Đảo Cống Đỏ
280582	Île Dao Trao
280583	Đảo Cống Tây
280584	Bãi Nhà Mạc
280585	Île des Sangliers
280586	Île aux Cerfs
280587	Naozhou Dao
280588	Đảo Thế Vàng
280589	Van Hai
280590	Đảo Đống Chén
280591	Île des Sylphes
280592	Île des Deux Songs
280593	Sha Pak Wan
280594	Đảo Trà Bản
280595	Đảo Thanh Lam
280596	Đảo Cô Tô Con
280597	Weizhou Dao
280598	Donghai Dao
280599	Dongtoushan Dao
280600	Đảo Chàng Ngọ
280601	Đảo Cao Lô
280602	Île aux Bambous
280603	Techeng Dao
280604	Đảo Sậu Nam
280605	Lo Shuc Shan
280606	Ile des 2 Chaines
280607	Ka Bao Island
280608	Hòn Thoi Xanh
280609	Liong Tai Loung
280610	Hòn Miều
280611	Dafangji Dao
280612	Nanpeng Dao
280613	Weijia Dao
280614	Wangfu Zhou
280615	Wuzhu Zhou
280616	Mang Zhou
280617	Wangjing Zhou
280618	Xiachuan Dao
280619	Shangchuan Dao
280620	Miaowan Dao
280621	Hebao Dao
280622	Dajin Dao
280623	Beijian Dao
280624	Damang Dao
280625	Dawanshan Dao
280626	Xiaowanshan Dao
280627	Baili Dao
280628	Zhiwan Dao
280629	Zhu Zhou
280630	Erzhou Dao
280631	Dong’ao Dao
280632	Huangmao Dao
280633	Ai Zhou
280634	Dangan Dao
280635	Wailingding Dao
280636	Dazhi Zhou
280637	Tai A Chau
280638	Hengqin Dao
280639	Zhongxin Zhou
280640	Po Toi
280641	Beaufort Island
280642	Shek Kwu Chau
280643	Cheung Chau
280644	Lamma Island
280645	Tung Lung Island
280646	Hei Ling Chau
280647	Peng Chau
280648	Hong Kong Island
280649	Lantau Island
280650	Ma Wan
280651	Kiu Tsui Chau
280652	Kau Sai Chau
280653	Neilingding Dao
280654	Xiaosanmen Dao
280655	Dasanmen Dao
280656	Grass Island
280657	Xiaoxing Shan
280658	Dachan Dao
280659	Double Island
280660	Crescent Island
280661	Tung Ping Chau Island
280662	Crooked Island
280663	Shuang Zhou
280664	Xiaobei Zhou
280665	Wanqing Sha
280666	Nan’ao Dao
280667	Haishan Dao
280668	Xi Yu
280669	Hateruma Jima
280670	Shimoji Shima
280671	Kamiji Jima
280672	Minamiiō Jima
280673	Kuro-shima
280674	Marcus Island
280675	Taketomi-shima
280676	Obama-jima
280677	Uchi-banare-shima
280678	Sotobanari Island
280679	Haimen Dao
280680	Iriomote Jima
280681	Gulang Yu
280682	Okidaitō Jima
280683	Yonaguni-jima
280684	Mu Yu
280685	Dadeng Dao
280686	Ishigaki Jima
280687	Tarama Jima
280688	Kurima Jima
280689	Minna-shima
280690	Iwo Jima
280691	Irabu-jima
280692	Miyako Island
280693	Ikema-jima
280694	Meizhou Dao
280695	Nanri Dao
280696	Xiaori Dao
280697	Tang Yu
280698	Mu Yu
280699	Cao Yu
280700	Kemen Dao
280701	Kitaiō Jima
280702	Dongxiang Dao
280703	Dalian Dao
280704	Haitan Dao
280705	Yutou Dao
280706	Xiaolian Dao
280707	Minamidaitō Jima
280708	Kitadaitō Jima
280709	Langqi Dao
280710	Chuanshi Dao
280711	Kudaka Jima
280712	Culu Dao
280713	Kuba Shima
280714	Geruma Jima
280715	Aka Jima
280716	Yakabi Jima
280717	Mae Shima
280718	Tokashiki Jima
280719	Zamami Jima
280720	Tsuken Jima
280721	Hamahiga Shima
280722	Tonaki Jima
280723	Henza Jima
280724	Kume Jima
280725	Ikei Shima
280726	Kuishan Dao
280727	Xiyang Dao
280728	Maci Dao
280729	Xiaoxiyang Dao
280730	Imōto Jima
280731	Ane Jima
280732	Aguni Jima
280733	Fuying Dao
280734	Mukō Jima
280735	Qingshan Dao
280736	Nanshuang Dao
280737	Sesoko Jima
280738	Yaajii
280739	Sandu Dao
280740	Changyao Dao
280741	Baipao Dao
280742	Dong’an Dao
280743	Dajing Yuzi
280744	Beishuang Dao
280745	Kouri Shima
280746	Haha Jima
280747	Iejima Island
280748	Changbiao Dao
280749	Bei’ao Dao
280750	Fenghuo Dao
280751	Xiaoyu Shan
280752	Izena Jima
280753	Dayu Shan
280754	Dongtai Shan
280755	Noho Jima
280756	Xitai Dao
280757	Yoronjima
280758	Chichijima
280759	Ani Jima
280760	Nanguan Dao
280761	Beiguan Dao
280762	Otōto Jima
280763	Okinoerabujima Island
280764	Nanji Dao
280765	Nakōdo Jima
280766	Beilong Shan
280767	Muko Jima
280768	Xice
280769	Daqu Dao
280770	Tongtou Dao
280771	Dasanpan Yu
280772	Niyu Dao
280773	Tori-shima
280774	Tokuno Shima
280775	Zhuangyuan’ao Dao
280776	Qingshan Dao
280777	Lingkun Dao
280778	Damen Dao
280779	Luxi Dao
280780	Xiaomen Dao
280781	Uke Shima
280782	Yoro Jima
280783	Dalu Shan
280784	Pishan Dao
280785	Ji Shan
280786	Jiangyan Shan
280787	Maoshan Dao
280788	Maotan Shan
280789	Niushan Dao
280790	Edateku Jima
280791	Ximen Dao
280792	Baisha Dao
280793	Kikaiga-shima
280794	Jiudongmen Dao
280795	Nangang Shan
280796	Beigang Shan
280797	Xiadalie Dao
280798	Daobei Shan
280799	Amami Ōshima
280800	Toumen Dao
280801	Dongji Dao
280802	Tian’ao Dao
280803	Yokoate-shima
280804	Jiang’er’ao
280805	Kuotang Shan
280806	Nanshan
280807	Longshan
280808	Hua’ao Dao
280809	Tianwan Dao
280810	Gaotang Dao
280811	Takara-jima
280812	Daguzhi
280813	Nantian Dao
280814	Duimian Shan
280815	Tantou Shan
280816	Dongmen Dao
280817	Nanjiu Shan
280818	Akuseki-shima
280819	Baishishan Dao
280820	Dapinggang Dao
280821	Xuanshan
280822	Dongyu Shan
280823	Suwanose-jima
280824	Yuanshan Dao
280825	Liangtan Dao
280826	Fodu Dao
280827	Jinbomeng Dao
280828	Liuheng Dao
280829	Huni Shan
280830	Xibailian Shan
280831	Dongbailian Shan
280832	Meishan Dao
280833	Xifeng Dao
280834	Mayi Dao
280835	Mayi Dao
280836	Nakano-shima
280837	Dengbu Dao
280838	Gaja-shima
280839	Chuanbi Dao
280840	Lujiazhi
280841	Baisha Shan
280842	Daxie Dao
280843	Zhairuo Shan
280844	Zhujiajian Dao
280845	Damao Dao
280846	Ao Shan
280847	Xiaoqian Dao
280848	Dongju Dao
280849	Changzhi Dao
280850	Dapanzhi Dao
280851	Kuchino-shima
280852	Putuo Shan
280853	Hulu Dao
280854	Waidiao Shan
280855	Fuchi Dao
280856	Dapeng Shan
280857	Jintang Dao
280858	Dongfu Shan
280859	Zhoushan Dao
280860	Xiushan Dao
280861	Changbai Dao
280862	Miaozihu Dao
280863	Qingbang Dao
280864	Huangxing Dao
280865	Dajiao Shan
280866	Guan Shan
280867	Daxizhai Dao
280868	Xiaochangtu Shan
280869	Dachangtu Shan
280870	Dayu Shan
280871	Daishan Dao
280872	Shulanghu Dao
280873	Qushan Dao
280874	Kuchinoerabu-jima
280875	Tori Shima
280876	Xiaoqu Shan
280877	Huangze Shan
280878	Dayang Shan
280879	Jiangjunmao
280880	Xugong Dao
280881	Dawugui Dao
280882	Xiaohuanglong Dao
280883	Dahuanglong Dao
280884	Maji Shan
280885	Gouqi Dao
280886	Sheng Shan
280887	Sijiao Shan
280888	Jinji Shan
280889	Mage Shima
280890	Bixia Shan
280891	Iō-jima
280892	Take-shima
280893	Xilühua Dao
280894	Donglühua Dao
280895	Tanega Shima
280896	Kuro Shima
280897	Huaniao Shan
280898	Ujimukae Jima
280899	Hengsha Dao
280900	Changxing Dao
280901	Ō-shima
280902	Shimokoshiki Jima
280903	Nakakoshiki Jima
280904	Kamikoshiki Jima
280905	Shuangshan Sha
280906	Gesu Shima
280907	Ikara-jima
280908	Naga-shima
280909	Ubu Shima
280910	Shishi-shima
280911	Goshonoura-jima
280912	Maki-shima
280913	Yokoura-shima
280914	Hino Shima
280915	Aoga Shima
280916	Kami Shima
280917	Nagaura Jima
280918	Shimo Jima
280919	Kaba Shima
280920	Ō Shima
280921	Iwa Jima
280922	Kuro Shima
280923	Tobase Island
280924	Ōyano Jima
280925	Taka Shima
280926	Shimanoura-shima
280927	Shimayama Jima
280928	Sazae Jima
280929	Iō-shima
280930	Sagano Shima
280931	Okino Shima
280932	Maki-shima
280933	Tsubura Jima
280934	Kaba Shima
280935	Fukue Jima
280936	Uguru Shima
280937	Hisaka Jima
280938	Naru Shima
280939	Ike-jima
280940	Ō-shima
280941	Arifuku Jima
280942	Mino Shima
280943	Hino Shima
280944	Wakamatsu Jima
280945	Kushi-jima
280946	Kushi Jima
280947	Ō Shima
280948	Shukugen Jima
280949	Ōnyū Jima
280950	Kashiraga Jima
280951	Eno Shima
280952	Hira Shima
280953	Kakinoura Shima
280954	Tera Shima
280955	Ō Shima
280956	Ko-jima
280957	Kuro Shima
280958	Hachijō Jima
280959	Nakadōri Jima
280960	Gapado
280961	Hiburi-shima
280962	Taka Shima
280963	Ōno Shima
280964	Madara Shima
280965	Nozaki Jima
280966	Ojika Jima
280967	Tojima
280968	Kushima
280969	Tera Shima
280970	Uku Jima
280971	Hirado Shima
280972	Fuku Shima
280973	Ikitsuki Shima
280974	Taku Shima
280975	Taka Shima
280976	Kii Ōshima
280977	Azuchi Ōshima
280978	U-do
280979	Kashiwa Jima
280980	Kabe Shima
280981	Madara Shima
280982	Kakara Shima
280983	Nokono Shima
280984	Ō Shima
280985	Genkai Jima
280986	Hime Shima
280987	Ō Shima
280988	Ya-shima
280989	Aino-shima
280990	Iwai Shima
280991	I Shima
280992	Naga-shima
280993	Ikino Shima
280994	Ushi-jima
280995	Sagō-jima
280996	Mikura-jima
280997	Jino Shima
280998	Ō Shima
280999	Gogo-shima
281000	Futagami-jima
281001	Thornton Island
281002	Nasake-jima
281003	Sober Island
281004	Yashiro-jima
281005	Uka-shima
281006	Muzuki-jima
281007	Taro To
281008	Kasado Shima
281009	Tsuwaji-jima
281010	Nuwa-jima
281011	Ō-shima
281012	Mae-shima
281013	Naka-jima
281014	Mukō Shima
281015	Hashira Jima
281016	Ōtsu Shima
281017	Kurokami Jima
281018	Tong-do
281019	San To
281020	Ka Shima
281021	Soheugsan Island
281022	Tangsa-do
281023	Futaoi Jima
281024	Miyake Jima
281025	Ibuki Jima
281026	Tsu Shima
281027	Ōkurokami Jima
281028	Nu Shima
281029	Pogil-to
281030	Uo Shima
281031	Toyo Shima
281032	So To
281033	Ō Shima
281034	Ōsakishimo Jima
281035	Okamura Jima
281036	Atata Jima
281037	Takaikami Shima
281038	Soan-do
281039	Ōge Jima
281040	Kamikamagari Jima
281041	Nae-do
281042	Chang-do
281043	Taemo-do
281044	Montressar Island
281045	Nohwa-do
281046	Hakata Jima
281047	Kōzu Shima
281048	Akahone Shima
281049	Tongocha To
281050	Hoenggan-do
281051	Cho To
281052	Kwanmae-do
281053	Sa Shima
281054	Sogocha To
281055	Tokko To
281056	Naga Shima
281057	Taema-do
281058	Iwagi Shima
281059	Ōshiba Jima
281060	Josling Island
281061	Ōsakikami Jima
281062	Ikina Shima
281063	Awa Shima
281064	Yuge Shima
281065	Okino Shima
281066	Sonjuk-to
281067	Nōmi Jima
281068	Nan How Group
281069	Jino Shima
281070	Ōmi Shima
281071	Ikuno Shima
281072	Paegil-to
281073	Itsuku Shima
281074	Ikuchi Jima
281075	Nabaedo
281076	Hajo-do
281077	Kwansa-do
281078	Takami Shima
281079	Nino Shima
281080	Kōne Shima
281081	Shikine-jima
281082	Saengildo
281083	Sangjodo
281084	Kanawa Jima
281085	Hashiri Jima
281086	Sanagi Shima
281087	Sinjido
281088	Inno Shima
281089	Sagi Shima
281090	Okdo
281091	Manabe Shima
281092	Ta Shima
281093	Tsuno Shima
281094	Pyeongildo
281095	Naerip-to
281096	Momo Shima
281097	Chungdo
281098	Sindo
281099	Jeopdo
281100	Yo Shima
281101	Hiro Shima
281102	Hon Jima
281103	Kitagi Shima
281104	Wando
281105	Patch Rock
281106	Seongnamdo
281107	Megi Shima
281108	Te Shima
281109	Joyakdo
281110	Shiraishi Jima
281111	Gomado
281112	Nii Jima
281113	Muguchi Island
281114	Ogi Shima
281115	Taka Shima
281116	Ōmi Shima
281117	Jijukdo
281118	Gogeumdo
281119	Santai To
281120	Geumdangdo
281121	Sori To
281122	Noryeokdo
281123	Oenarodo
281124	Nao Shima
281125	Ode Shima
281126	Geogeumdo
281127	Kasa-do
281128	An-do
281129	Te Shima
281130	Suga-shima
281131	I Shima
281132	Ō Shima
281133	Ai Shima
281134	Sorok-to
281135	To Shima
281136	Tōshi-jima
281137	Naenaro-do
281138	Kommo To
281139	Shōdo Shima
281140	Taedura-do
281141	Chu-do
281142	Tari To
281143	Kae-do
281144	Katai To
281145	Sin-do
281146	Che-do
281147	Awaji Shima
281148	Song-do
281149	Togunyan To
281150	Mae Shima
281151	Nang-do
281152	Paegya-do
281153	Majin-do
281154	Makkŭm-do
281155	Ui-do
281156	Touchi To
281157	Dunbyeongdo
281158	Shangutei To
281159	Jobaldo
281160	Taeya-do
281161	Maemuldo
281162	Yonoha To
281163	Yokchi-do
281164	East Island
281165	Bōze Jima
281166	Nishi Jima
281167	Changsan-do
281168	Tanga Shima
281169	Sangnodae-do
281170	Shino-jima
281171	Ie Shima
281172	Taejang-do
281173	Seiso To
281174	Baegildo
281175	Kō Shima
281176	Tumi-do
281177	Hong-do
281178	Daegyeongdo
281179	Kakui Shima
281180	Saku-shima
281181	Tourutsuo To
281182	Taedun-do
281183	Yoncho To
281184	Ord Island
281185	Suji-do
281186	Hoeng-do
281187	Kijwa-do
281188	Kolli-do
281189	Gohado
281190	Dallido
281191	Mi Shima
281192	Ō Shima
281193	Seojwa Do
281194	Jangdo
281195	Namu-sŏm
281196	Yuldo
281197	Hansan-do
281198	Sandal-to
281199	Hwa-do
281200	Suu-do
281201	Ha-do
281202	Sang-do
281203	South Twin
281204	Myodo
281205	Dangsado
281206	Sinsu-do
281207	Hyojido
281208	Chi-do
281209	Chanson To
281210	Aphaedo
281211	North Twin
281212	Namhae-do
281213	Yangdo
281214	Maehwa-do
281215	Koi-do
281216	Kajo-do
281217	Kunkiijamu To
281218	Bito Do
281219	Son To
281220	Ujon To
281221	Koje To
281222	Saokdo
281223	Sudo
281224	Jaewondo
281225	Eulsukdo
281226	Keunpojakdo
281227	Imjado
281228	Eouido
281229	Daegagido
281230	Songido
281231	Anma-do
281232	Daikon Jima
281233	Wi-do
281234	Sik-to
281235	Tei Wantsun
281236	Pian-do
281237	Lingshan Dao
281238	Mokamu To
281239	Konni-do
281240	Panjiku To
281241	Chiburi Shima
281242	Nakano Shima
281243	Ochon To
281244	Ho-do
281245	Dōgo
281246	Sapsi-do
281247	Onsan To
281248	Hyoja-do
281249	Changgo-do
281250	Kouru To
281251	Lindsay Island
281252	Sinjin-do
281253	Kaŭi-do
281254	Koba To
281255	Ung-do
281256	Ul-to
281257	Taenanji-do
281258	Paega-do
281259	San-gap-to
281260	Pungdo
281261	Noto Jima
281262	Seungbongdo
281263	Chebu-do
281264	Taeijak-to
281265	Munkap
281266	Soijak-to
281267	Soya-do
281268	Seonjaedo
281269	Jawoldo
281270	Deokjeokdo
281271	Yeongheungdo
281272	Seonmido
281273	Daebudo
281274	Muuido
281275	Yangma Dao
281276	Liugong Dao
281277	Modo
281278	Sindo
281279	Sido
281280	Ulleung-do
281281	Yeongjongdo
281282	Jangbongdo
281283	Jinaeseom
281284	Shoyonpyon To
281285	Jumundo
281286	Teyonpyon To
281287	Daesongdo
281288	Poromu To
281289	Maldo
281290	Seogeomdo
281291	Mibeopdo
281292	Seongmodo
281293	Ŏhwa-do
281294	Sunwi-do
281295	Soichong Do
281296	Sang Dao
281297	Taesuap-to
281298	Yongho-do
281299	Gydongdo
281300	Ch’angnin-do
281301	Ganghwado
281302	Kirin-do
281303	Techong Do
281304	Mahap-to
281305	Miao Dao
281306	Nanchangshan Dao
281307	Xiaoheishan Dao
281308	Daheishan Dao
281309	Pengyong To
281310	Beichangshan Dao
281311	Dazhushan Dao
281312	Tuoji Dao
281313	Aji Shima
281314	Tashiro Jima
281315	Kinkasan
281316	Daqin Dao
281317	Sabusawa-jima
281318	Xiaoqin Dao
281319	Nanhuangcheng Dao
281320	Beihuangcheng Dao
281321	Izu Shima
281322	Awa Shima
281323	Ch’o-do
281324	Sŏk-to
281325	Ō Shima
281326	Dasanshan Dao
281327	Zhangzi Dao
281328	Dahao Dao
281329	Haiyang Dao
281330	Tobi Shima
281331	Guanglu Dao
281332	Guapi Dao
281333	Haxian Dao
281334	Yŏ-do
281335	Xiaochangshan Dao
281336	Wumang Dao
281337	Gexian Dao
281338	Hei Dao
281339	Dachangshan Dao
281340	K’ŭndol-sŏm
281341	Ch’amch’a-do
281342	Dawangjia Dao
281343	Taehwa-do
281344	Uri-do
281345	Sohwa-do
281346	Shoulong Dao
281347	Ae-do
281348	T’an-do
281349	Shicheng Dao
281350	Ka-do
281351	Sinmi-do
281352	Nabi-sŏm
281353	Dalu Dao
281354	Tal-sŏm
281355	Mayang-do
281356	Ko Jima
281357	O Shima
281358	Taech’o-do
281359	Ostrov Furugel’ma
281360	Ostrov Bol’shoy Pelis
281361	Ostrov Stenina
281362	Ostrov Askol’d
281363	Ostrov Sibiryakova
281364	Ostrov Antipenko
281365	Ostrov Rikorda
281366	Ostrov Putyatina
281367	Ostrov Reyneke
281368	Ostrov Shkota
281369	Ostrov Popova
281370	Yururi Tō
281371	Akiyuri-tō
281372	Yuri-tō
281373	Suishō-tō
281374	Ostrov Zelenyy
281375	Taraku-jima
281376	Ō Shima
281377	Teuri Tō
281378	Yagishiri Tō
281379	Rebun Tō
281380	Ostrov Moneron
281381	Ostrov Brat Chirpoyev
281382	Ostrov Chirpoy
281383	Ostrov Broutona
281384	Ostrov Ketoy
281385	Potton Island
281386	Foulness Island
281387	Borkum
281388	Memmert
281389	Juist
281390	Pagensand
281391	Norderney
281392	Mellum
281393	Insel Baltrum
281394	Insel Langeoog
281395	Oldoog
281396	Insel Spiekeroog
281397	Insel Wangerooge
281398	Neuwerk
281399	Trischen
281400	Werder
281401	Helgoland
281402	Dänholm
281403	Vilm
281404	Groß Kirr
281405	Großer Werder
281406	Ummanz
281407	Nordstrandischmoor
281408	Pellworm
281409	Hooge
281410	Hiddensee
281411	Gröde-Appelland
281412	Amrum
281413	Föhr
281414	Enehøje
281415	Askø
281416	Strynø
281417	Bogø
281418	Siø
281419	Taro
281420	Fejø
281421	Ærø
281422	Drejø
281423	Langø
281424	Femø
281425	Masnedø
281426	Skarø
281427	Avernakø
281428	Vejrø
281429	Tåsinge
281430	Thurø
281431	Nyord
281432	Lyø
281433	Bjørnø
281434	Barsø
281435	Omø
281436	Helnæs
281437	Gavnø
281438	Glænø
281439	Agersø
281440	Årø
281441	Bågø
281442	Sprogø
281443	Brandsø
281444	Fanø
281445	Fænø
281446	Romsø
281447	Langli
281448	Æbelø
281449	Saltholm
281450	Eskilsø
281451	Endelave
281452	Nekselø
281453	Orø
281454	Hjarnø
281455	Alrø
281456	Sejerø
281457	Tunø
281458	Venø
281459	Jegindø
281460	Anholt
281461	Fur
281462	Livø
281463	Mors
281464	Egholm
281465	Hornfiskrøn
281466	Sønder Nyland
281467	Læsø Island
281468	Ruhnu Saar
281469	Kihnu
281470	Abruka
281471	Väike-Tulpe
281472	Manilaid
281473	Loonalaid
281474	Vilsandi
281475	Viirelaid
281476	Kesselaid
281477	Kõinastu Laid
281478	Suurrahu
281479	Saarnaki Laid
281480	Kaevatsi Laid
281481	Heinlaid
281482	Liialaid
281483	Hobulaid
281484	Vormsi
281485	Osmussaar
281486	Suur-Pakri Saar
281487	Väike-Pakri Saar
281488	Rammu
281489	Aegna Saar
281490	Naissaar
281491	Prangli Saar
281492	Russarö
281493	Örö
281494	Bodöarna
281495	Jussaari
281496	Jurmo
281497	Killingholm
281498	Sommarön
281499	Snåldön
281500	Koö
281501	Stensgrund
281502	Idö
281503	Elge Landet
281504	Lindö
281505	Hermansö
281506	Rosalalandet
281507	Horsön
281508	Medarstholmen
281509	Kadermo
281510	Stora Krokön
281511	Furuskäret
281512	Danskog
281513	Kumlet
281514	Långholm
281515	Holma
281516	Kälkö
281517	Fårö
281518	Bengtsår
281519	Grundsö
281520	Storlandet
281521	Söderön
281522	Ramsö
281523	Svartö
281524	Bötesön
281525	Torskär
281526	Mörtvikholmen
281527	Orglosön
281528	Finnö
281529	Neto
281530	Mjoö
281531	Biskopsö
281532	Lövö
281533	Orslandet
281534	Barölandet
281535	Killingholm
281536	Ostrov Revse
281537	Brändön
281538	Jakobramsjö
281539	Bergön
281540	Vormö
281541	Skämmö
281542	Flisö
281543	Hamnholmen
281544	Finsjölandet
281545	Östersocknen
281546	Sonnbodalandet
281547	Degerö
281548	Utö
281549	Träskö
281550	Västerön
281551	Lom
281552	Ulversö
281553	Tregrunden
281554	Isoluoto
281555	Storön
281556	Snäckö
281557	Kirjais
281558	Lempersö
281559	Lilla Svedjeholm
281560	Tammo
281561	Elvsö
281562	Anisor
281563	Storsottunga
281564	Pensar
281565	Sorpo
281566	Storkvivas
281567	Heisala
281568	Biskopsö
281569	Borgö
281570	Käldersö
281571	Anttiholmen
281572	Korppoo
281573	Öudden
281574	Fiskö
281575	Laduholm
281576	Attu
281577	Onaslandet
281578	Käldö
281579	Storlandet
281580	Pikku Nauvo
281581	Prästö
281582	Mickelsö
281583	Hasselö
281584	Mielisholm
281585	Haxalö
281586	Houtskär
281587	Storpellinge
281588	Granö
281589	Sankanörarna
281590	Seglinge
281591	Saverkeit
281592	Korsholm
281593	Vibberholm
281594	Träskholm
281595	Lillpensor
281596	Storpensor
281597	Svartholmsören
281598	Innamo
281599	Dagerholm
281600	Södholm
281601	Norrskata
281602	Mossala
281603	Kumlinge
281604	Nötholm
281605	Käcklot
281606	Storö
281607	Maskinnamo
281608	Kramppi
281609	Iso-Kuusinen
281610	Kalsor
281611	Bärö
281612	Ahvensaari
281613	Vottskar
281614	Vårdö
281615	Aaslaluoto
281616	Kimito
281617	Emsalö
281618	Vartsalansaari
281619	Skråbjörkö
281620	Salmis
281621	Lappo
281622	Airismaa
281623	Hevonkack
281624	Pähkinäinen
281625	Kejvsalö
281626	Björkö
281627	Hudö
281628	Källö
281629	Kampuslandet
281630	Enklinge
281631	Finbo
281632	Ängsön
281633	Lielahdensaari
281634	Andersö
281635	Ampuminmaa
281636	Lillappo
281637	Harvaluoto
281638	Alppi
281639	Kakskerta
281640	Kulho
281641	Perkala
281642	Järvistensaari
281643	Keistiö
281644	Sandholmarna
281645	Norrön
281646	Boxö
281647	Kläppen
281648	Kirkonmaa
281649	Valjumaa
281650	Lapila
281651	Yxskär
281652	Lehmäsaari
281653	Kolko
281654	Gamlan
281655	Hirvensalo
281656	Jumo
281657	Saggö
281658	Brändö
281659	Ruissalo
281660	Velkuanmaa
281661	Kuutsalo
281662	Palva
281663	Luonnonmaa
281664	Pinokari
281665	Fiskö
281666	Åva
281667	Villuoto
281668	Langstet
281669	Kahiluoto
281670	Jurmo
281671	Norrön
281672	Mussalo
281673	Lanskeri
281674	Vartsala
281675	Keräsaari
281676	Lamholma
281677	Kupparkari
281678	Kuliluoto
281679	Isokari
281680	Vähä-Vehanen
281681	Iso-Vehanen
281682	Hanko
281683	Putsaari
281684	Mustakivi
281685	Isomaa
281686	Aspiskeri
281687	Hyviluoto
281688	Säppi
281689	Taukokari
281690	Tyykoura
281691	Engse
281692	Grytskäret
281693	Harvungön
281694	Rankelören
281695	Piggrynnan
281696	Hålsörarna
281697	Trutören
281698	Rönnskäret
281699	Storskäret
281700	Djupskäret
281701	Lilla Håpstam
281702	Pudimo
281703	Norra Heplotan
281704	Bjorko Island
281705	Krusgrund
281706	Märaskäret
281707	Storön
281708	Furuskäret
281709	Storskär
281710	Bredskäret
281711	Norrörarna
281712	Långören
281713	Frillholmen
281714	Björkholmarna
281715	Rönnskäret
281716	Bolatunget
281717	Stockön
281718	Södra Hamnskäret
281719	Poroluoto
281720	Pappilankari
281721	Ostrov Lastol’skiy
281722	Ostrov Chekaminskiy
281723	Ostrov Sekoles
281724	Hailuoto
281725	Kraaseli
281726	Kotakari
281727	Hoikka-Hiue
281728	Ulkokrunni
281729	Maakrunni
281730	Korkiakari
281731	Tiironkari
281732	Tiuranen
281733	Montaja
281734	Selkäsaari
281735	Ostrov Nellya
281736	Ostrov Chernyshenkin
281737	Ostrov Yankicha
281738	Ostrov Ryponkicha
281739	Ostrov Rasshua
281740	Ostrov Toporkovyy
281741	Ostrov Matua
281742	Ostrov Raykoke
281743	Ostrov Shiashkotan
281744	Ostrov Ekarma
281745	Ostrov Chirinkotan
281746	Ostrov Kharimkotan
281747	Ostrov Makanrushi
281748	Ostrov Antsiferova
281749	Ostrov Gafovicha
281750	Ostrov Lyarvo
281751	Ostrov Soniga
281752	Ostrov Ptichiy
281753	Ostrov Oremif
281754	Ostrov Vospri
281755	Ostrov Baydukova
281756	Ostrov Banka Zotova
281757	Ostrov Chkalova
281758	Ostrov Ush
281759	Ostrov Reyneke
281760	Ostrov Belichiy
281761	Ostrov Malyy Shantar
281762	Ostrov Men’shikova
281763	Ostrov Medvezhiy
281764	Ostrov Kusova
281765	Ostrov Mednyy
281766	Ostrov Prokof’yeva
281767	Ostrov Spafar’yeva
281768	Ostrov Talan
281769	Ostrov Matykil’
281770	Ostrov Brusnichnyy
281771	Ostrov Nedorazumeniya
281772	Ostrov Verkhoturova
281773	Ostrov Ioanna Bogoslova
281774	Ostrov Krayniy
281775	Ostrov Tretiy
281776	Ostrov Ayopechan
281777	Ostrov Markhayanovskiy
281778	Ostrov Sukharnyy
281779	Ostrov Bol’shoy Routan
281780	Ostrov Chenkuul’
281781	Ostrov Nirey-Ary
281782	Ostrov Smerti
281783	Ostrov Yarok
281784	Ostrov Makar
281785	Ostrov Sredniy
281786	Ostrov Chomchoros-Aryta
281787	Ostrov Sobo-Sise
281788	Ostrov Ulakhan-Mekchirge-Aryta
281789	Ostrov Beluga-Tupput-Iyerete
281790	Ostrov Kyuryul’gen-Aryta
281791	Ostrov Kyllyr-Aryta
281792	Ostrov Davyd-Aryta
281793	Ostrov Arbagastakh-Aryta
281794	Ostrov Khardang-Sise
281795	Ostrov Dyangylakh
281796	Ostrov Chychas-Aryta
281797	Ostrov Khastakh-Ary
281798	Ostrov Eppet
281799	Ostrov Ulukhan-Ary
281800	Ostrov Usuk-Uya-Aryta
281801	Ostrov Dyangylakh
281802	Ostrov Kyuryuelyakh-Sis
281803	Ostrov Atamay-Aryta
281804	Ostrov Kuchun-Aryta
281805	Ostrov Macha-Mishka-Bël’këyë
281806	Ostrov Byyaka-Aryta
281807	Ostrov Salkay
281808	Ostrov Kharyyalakh-Aryta
281809	Ostrov Kynda
281810	Ostrov Orto-Ary
281811	Ostrov Sagastyr
281812	Ostrov Amerika-Kuba-Aryta
281813	Ostrov Soto-Ary
281814	Ostrov Sanga-Tongolokh-Aryta
281815	Ostrov Dunay-Aryta
281816	Ostrov Malyy Begichev
281817	Ostrov Preobrazheniya
281818	Ostrov Zhokhova
281819	Ostrov Vos’mogo Marta
281820	Ostrov Yuzhnyy
281821	Ostrov Bezymyannyy
281822	Ostrov Severnyy
281823	Ostrov Bol’shoy
281824	Ostrov Samuila
281825	Ostrov Starokadomskogo
281826	Ostrov Lishniy
281827	Ostrov Arngol’da
281828	Woleai
281829	Alet
281830	Polle Island
281831	Udot Island
281832	Ile aux Coudres
281833	Île du Havre aux Maisons
281834	Ostrov Kolyuchin
281835	Saqqarsuaq
281836	Greenland
281837	Baffin
281838	South Orkney
281839	Fredriksen
281840	Monroe
281844	Evout
281848	Emily
281858	London
281859	London
281882	Lort
281885	Grafton
281903	Hevia
281906	Hills
281907	Hevia
281961	Beauclerk
281966	Beauclerk
281986	Verbas Buenas
282005	Arch
282011	Contreras
282017	Rennell
282019	Maldonado
282021	Contreras
282023	Maldonado
282024	Rennell
282025	Rennell
282026	Rennell
282027	Rennell
282028	Piazzi
282029	Rennell
282033	Contreras
282034	Rennell
282035	Cueri
282039	Rennell
282049	Jorge Montt
282061	Farrel
282062	Chatham
282063	Farrel
282064	Chatham
282065	Chatham
282066	Hanover
282068	Chatham
282069	Chatham
282070	Chatham
282072	Farrel
282073	Farrel
282074	Farrel
282075	Farrel
282085	Leones
282114	Little Wellington
282116	Campana
282119	Juan Stuven
282127	Jungfrauen
282140	Ayautau
282141	Javier
282196	South East
282202	Mangere
282204	Pitt
282218	Queitao
282223	Gough
282244	Trinidad
282245	Trinidad
282254	Nightingale
282255	Inaccessible
282256	Tristan da Cunha
282257	del Tigre
282258	Zarate
282262	Solis
282264	Oyarvide
282265	Lucia
282269	Islote El Maton
282272	Juncal
282274	Pepe Ladron
282275	Sarangonha
282276	Barba Negra
282277	Raoul
282278	dos Valadares
282281	Ducie
282282	Henderson
282284	Mar Virado
282285	Temoe
282286	Algodao
282287	Akamaru
282288	Araujo
282289	Taravai
282290	Aukena
282291	Mangareva
282292	Gipoia
282293	Comprida
282294	Tematangi
282295	Convivencia
282296	Minto
282297	Vahanga
282298	Eua
282299	Anuanurunga
282300	Ha'afeva
282301	Atoll Hereheretue
282302	Fotuha'a
282303	Tofua
282304	Ha'ano
282305	Ahunui
282306	Ahunui
282307	Manuhangi
282308	Paraoa
282309	Totoya
282310	Late
282311	Nengonengo
282312	Ovaka
282313	Nengonengo
282314	Nengonengo
282315	Ofu
282316	Nuapapu
282317	Kapa
282318	Hunga
282319	Koloa
282320	Vava'u
282321	Reao
282322	Haorangi
282323	Haorangi
282324	Haorangi
282325	Haorangi
282326	Atoll Ravahere
282327	Haorangi
282328	Haorangi
282329	Atoll Ravahere
282330	Atoll Ravahere
282331	Marokau
282332	Haorangi
282333	Haorangi
282334	Marokau
282335	Marokau
282336	Fonualei
282337	Marokau
282338	Marokau
282339	Marokau
282340	Meheti'a
282341	Amanu
282342	Amanu
282343	Amanu
282345	Amanu
282346	Mai'ao
282347	Hikueru
282348	Hikueru
282349	Anaa
282350	Anaa
282351	Anaa
282352	Otepipi
282353	Anaa
282354	Anaa
282355	Tauere
282356	Anaa
282357	Tatakoto
282358	Anaa
282359	Anaa
282360	Tatakoto
282361	Anaa
282362	Marutea Nord
282363	Marutea Nord
282364	Horoatera
282365	Tiaruanu
282366	Marutea Nord
282367	Tahanea
282368	Rekareka
282369	Tepoto
282370	Tahanea
282371	Tahanea
282372	Tahanea
282373	Maupiha'a
282374	Motu Murimaora
282375	Huahine Iti
282376	Nihiru
282377	Atoll Faaite
282378	Hiti
282379	Atoll Faaite
282380	Makemo
282381	Atoll Faaite
282382	Atoll Faaite
282383	Atoll Faaite
282384	Huahine Nui
282385	Nihiru
282386	Tuanake
282387	Nihiru
282388	Nihiru
282389	Tuanake
282390	Makemo
282391	Taha'a
282392	Motu Tehutu
282393	Manuae
282394	To'opua
282395	Motu Piti A'au
282396	Manuae
282397	Bora Bora
282398	Motu Tevairoa
282399	Makemo
282400	Motu Mute
282401	Makemo
282402	Maupiti
282403	Motu Auira
282404	Motu Tuanai
282405	Fakarava Atoll
282406	Katiu
282407	Katiu
282408	Katiu
282409	Taenga
282410	Taenga
282411	Tupai
282412	Atoll Raraka
282413	Atoll Raraka
282414	Tupai
282415	Atoll Raroia
282416	Atoll Raraka
282417	Atoll Raroia
282418	Niau
282419	Atoll Raraka
282420	Fakarava Atoll
282421	Atoll Raraka
282422	Atoll Raraka
282423	Atoll Raraka
282424	Atoll Raroia
282425	Atoll Raroia
282426	Fakarava Atoll
282427	Fakarava Atoll
282428	Atoll Raroia
282429	Atoll Raroia
282430	Fakahina
282431	Atoll Raroia
282432	Niuatoputapu
282433	Atoll Raroia
282434	Toau Atoll
282435	Kauehi
282436	Kauehi
282437	Takume
282438	Toau Atoll
282439	Tafahi
282440	Kaukura
282441	Motu One
282442	Makatea
282443	Toau Atoll
282444	Motu One
282445	Takume
282446	Kaukura
282447	Kauehi
282448	Takume
282449	Takume
282450	Takume
282451	Takume
282453	Taiaro
282454	Thikombia
282455	Raitahiti
282457	Aratika
282458	Niuafo'ou
282459	Aratika
282460	Aratika
282461	Apataki Atoll
282462	Apataki Atoll
282463	Atoll Rangiroa
282464	Atoll Rangiroa
282465	Apataki Atoll
282466	Motu Otepipi
282467	Arutua Atoll
282468	Arutua
282469	Arutua Atoll
282470	Atoll Rangiroa
282471	Motu Faama
282472	Motu Tevaro
282473	Motu Fenuaroa
282474	Arutua Atoll
282475	Arutua Atoll
282476	Arutua Atoll
282477	Tuherahera
282478	Atoll Tikehau
282479	Atoll Tikehau
282480	Motu Mahitu
282481	Motu Tereia
282482	Atoll Tikehau
282483	Motu Ohihi
282484	Tiputa
282485	Tikei
282486	Avatoru
282487	Teavatia
282488	Motu Mahuta
282489	Teoo
282490	Mataiva Atoll
282491	Mataiva Atoll
282492	Takapoto
282493	Ahe
282494	Ahe
282495	Ahe
282496	Teavaroa
282497	Ahe
282498	Ahe
282499	Ahe
282500	Manihi
282501	Teavaroa
282502	Manihi
282503	Manihi
282512	dos Frades
282513	Madre de Deus
282514	Bimbarras
282515	Pati
282517	Cajaiba
282518	Fatu Hiva
282519	Motane
282520	Tahuata
282521	Ua Pou
282522	Nukunonu
282523	Ua Huka
282525	Recife
282526	Ascension
282529	Enderbury
282531	Puna
282532	Puna
282533	Puna
282534	Puna
282541	Kanton
282548	Centinela
282549	Escalanto
282551	Escalante
282590	Sao Lucas
282611	Dos Lencois
282643	Amazon Delta
282645	Amazon Delta
282654	Amazon Delta
282655	Amazon Delta
282656	Jarvis
282657	Amazon Delta
282661	Amazon Delta
282663	Amazon Delta
282664	de Santana
282665	Amazon Delta
282666	Amazon Delta
282667	Amazon Delta
282668	Amazon Delta
282669	Amazon Delta
282670	Amazon Delta
282671	Amazon Delta
282672	Amazon Delta
282673	Amazon Delta
282674	Amazon Delta
282675	Amazon Delta
282676	Amazon Delta
282677	Amazon Delta
282678	Amazon Delta
282679	Amazon Delta
282680	Amazon Delta
282682	Amazon Delta
282683	Amazon Delta
282684	Amazon Delta
282685	Amazon Delta
282686	Amazon Delta
282687	Amazon Delta
282688	Amazon Delta
282691	Tabuaeran
282692	Tabuaeran
282697	Bishop
282699	Baboon
282700	Three Sisters
282701	Long
282702	Vassen
282703	Papegaaien
282704	Fort
282706	Jicarita
282708	Guillou
282711	Bellouard
282715	Sibbald
282716	Briand
282717	Long
282718	Passage
282719	Pickersgill
282720	Jackett
282721	Long
282722	Nukuwoiota
282723	Tinui
282724	Stephens
282725	Saint Paul
282726	Nooramunga
282727	Noramunga
282729	Nouvelle Amsterdam
282730	Motuhoa
282731	Rotoroa
282732	Motuora
282733	Omaia
282734	Regatta
282735	Soverign
282737	Moreton Bay
282738	Moreton Bay
282739	Graget
282740	Inhaca
282741	Portugeses
282742	Xefina Grande
282743	Xefina Pequena
282744	Bengalena
282753	Kuotomo
282754	Walpole
282755	Ile Ouen
282756	Europa
282757	Ste-Marie
282758	Broad Sound
282761	Lenene
282762	Mathieu
282763	Hugon
282765	Ducos
282766	Puen
282767	Lepredour
282768	Magaruque
282769	Parseval
282770	Lebris
282771	Benguerra
282772	Tupeti
282773	Nemu
282774	Bazaruto
282776	Grimault
282777	Dudune
282778	Lohatanjona Marohata
282780	Vauvilliers
282781	Tiga
282786	Mouli
282787	Chiloane
282789	Chiloane
282795	Unyee
282797	Boh
282798	Pam
282799	Mouac
282800	Neba
282801	Yenghebane
282802	Balabio
282803	Yande
282804	Ambre
282805	Baaba
282807	Toscanos
282808	Plate
282810	Ronde
282811	Ile Daos du Nord
282813	Utanhe
282814	Chissanga
282815	Rodrigues
282816	Rita
282819	Ile Art
282820	Ile Pott
282825	Pambane
282826	Pambane
282827	Pambane
282832	Nakaulau
282835	Marinhos
282836	Bons Sinais
282838	Pele
282841	Nosy Nato
282843	Ile Buninga
282844	Tongariki
282846	Ewose
282847	Chaloupe
282848	Nosy Boraha
282849	Yasawa
282851	Tomman
282870	Angoche
282871	Buzio
282878	Kia Island
282889	Uri
282890	Uripiv
282893	Atchin
282907	Vao
282927	Tutuba
282934	Nosy Mangabe
282944	Ord River
282950	Lataroa
282955	Yirrinyindi
282958	Elephant
282963	Dolphin
282967	Sakao
282976	Quitangonha
282987	Lava
282989	Nosy Saba
282993	Valiha
282994	Antanimora
282995	Nosy Berafia
282997	Nosy Kalakajoro
283001	Nosy Komba
283002	Nosy Faly
283003	Nosy Sakatia
283006	Nosy Mitsio
283007	Nosy Anko
283008	Nosy Manomboy
283009	Nosy Lava
283010	Nosy Ankomba
283011	Quisiva
283012	Nosy Valasolo
283013	Mefunvo
283014	Nosy Manonaka
283015	Quirimba
283017	Nosy Valiha
283020	Nosy Hara
283021	Matemo
283022	Rolas
283023	Nosy Antaly Be
283027	Mogudula
283028	Macaloe
283034	Kero Niuni
283037	Te Ano
283038	Grande Glorieuse
283050	Tambuzi
283051	Yeina
283054	Nimoa
283055	Bellona
283056	Wanim
283057	Utupua
283058	Panatinance
283059	Gigila
283060	Kuwanak
283061	Panawina
283062	Panaumala
283063	Hemenahei
283064	Metundo
283065	Panasia
283066	Bagaman
283067	Bobo Eina
283068	Sabara
283069	Bagaman
283070	Motorina
283071	Vamizi
283072	Wari
283074	Santa Catalina
283075	Kimuta
283076	Rongui
283077	Santa Ana
283078	Nibanga
283079	Tecomaji
283080	Brumer
283081	Panapompom
283082	Bonarua
283083	Nare
283084	Igoigoli
283085	Anagusa
283086	Suau
283087	Doini
283088	Populai
283089	Panaeati
283090	Buiari
283091	Naunalualua
283092	Malo
283093	Kwalaiwa
283094	Rogeia
283095	Skelton
283096	Slade
283097	Basilaki
283098	Sariba
283100	Ito
283101	Sideia
283102	Marau
283103	Bona Bona
283106	Agalega South
283107	Mailu
283108	Tinakula
283109	Agalega North
283110	Nuakata
283111	Netuli
283112	Malaupaina
283113	Mongo
283114	Uki Ni Massi
283115	Nibanga Temau
283116	Malaulalu
283117	Abavi
283118	Poi
283119	Sud
283121	Aliite
283122	Nord
283123	Astove
283124	Taumako
283125	Towara'o
283126	Wahere
283127	Lakao
283128	Marapa
283129	Maruaipa
283130	Sud Oest
283131	Dobu
283132	Ulawa
283133	Grande
283134	Assumption
283135	Menai
283136	Sanaroa
283137	Alcester
283138	Cerf
283139	Daugo
283140	Rua Sura
283141	Wagipa
283142	Uhu
283143	Maroria
283144	Uama
283145	Haidana
283146	Komusupa
283147	Hokawai
283148	Picard
283149	Polymnie
283150	Malabar
283151	Haupora
283152	Saint Pierre
283153	Watota
283155	Yabwaia
283156	Wawiwa
283157	Wamera
283158	Providence
283159	Gumawana
283161	Ainuta Paina
283162	Laumuan
283163	Alokan
283164	Taina
283165	Moie
283166	Luon
283167	Savo
283168	Telin
283169	Tulagi
283170	Ufaon
283171	Niggela Pile
283172	Kati
283173	Faila
283175	Mbanika
283176	Aio
283177	Mane
283178	Leru
283179	Marulaon
283180	Kwaro
283181	Gawa
283182	Kilwa Kisiwani
283183	Mbokonimbeti
283184	Mangalonga
283185	Kwaiawatta
283186	Alite
283188	Danisavo
283189	Buena Vista
283192	Vakuta
283193	Dogumenu
283194	Yule
283195	Mbulo
283196	Leli
283197	Pulau Tala
283198	Kingguru
283199	Hotoanivena
283200	Muwo
283201	Mibu
283202	Iwa
283203	Nggatokae
283204	Dawari
283205	Minjanga
283206	Moroge
283207	Akara
283208	Kitavu
283209	Munuwata
283210	Sanihulumu
283211	Njapuana
283213	Dubuwaru
283214	Mahighe
283215	Songo
283216	Porepore
283217	Marovo
283219	Kaduaga
283221	Matiu
283222	Abaura
283226	Funafuti
283227	Umuda
283228	Jaco
283229	Aibinio
283230	Tanabuli
283231	Wabuda
283233	Daura
283234	Sumogi
283236	Mbelombelo
283239	Avavasa
283240	Gili Meno
283241	Tombatuni
283242	Nduhiri
283243	Wabuda
283245	Tuma
283246	Reginimi
283247	Gebaro
283250	Abo
283252	Roviana
283253	Wariuro
283254	Petani
283255	Mbathakana
283256	Kauvi
283257	Godfred
283258	Baraulu
283259	Manaoba
283260	Kotukuriana
283261	Ndora
283262	Rereghana
283263	Marakumbo
283265	Tomba Kokorarapa
283266	Nusa Simbo
283267	Vasavasara
283270	Mondomondo
283274	Manogholima
283275	Vonavona
283276	Hopaseghe
283278	Ramata
283280	Pulau Dodak
283281	Kohinggo
283283	Rovana
283284	Fera
283285	Naviu
283286	Singgo
283287	Sulei
283288	Finuana
283289	Jibondo
283290	Ghizo
283291	Ghurava
283292	Motulak
283293	Uapumba
283297	Juani
283298	Chole
283299	Lirang
283303	Dai
283307	Urika
283308	Baga
283310	Turovilu
283312	Goaribari
283313	Kaimari
283316	Pulau Tandula
283317	Morigio
283318	Paparaka Ite
283319	Sasare
283321	Ibibubari
283322	Mbero
283323	Mbero
283324	Nidero
283325	Mbero
283335	Papatura
283337	Turibomu
283338	Paptura Faa
283339	Koma
283346	Omona
283353	Viketangana
283362	Barora
283364	Ghateghe
283369	Susuku
283370	Sikopo
283371	Vakao
283374	Pelolata
283376	Dololo
283377	Stirling
283379	Ghaghe
283380	Kwale
283381	Lasanga
283382	Wagina
283383	Ghebira
283384	Keala
283385	Popu
283386	Sivata
283388	Rob Roy
283389	Malakobi
283390	Bates
283391	Ropa
283392	Sivatae
283393	Poro
283396	Mono
283398	Pulau Mandangin
283399	Laena
283401	Fenua Tapu
283404	Pulau Pelokan Caddi
283406	Tokinivae
283411	Pulau Goagoa
283415	Coetivy
283416	Pirumeri
283417	Magusaiai
283418	Poporang
283420	Ghaomai
283421	Salamaua
283422	Mania
283423	Pioghi
283424	Rohae
283425	Alphonse
283426	Ballalae
283427	Pulau Pajangan
283428	Asie
283429	Pulau Pamolikang
283430	Piru
283433	Masamasa
283434	Fauro
283435	Ovau
283437	Pulau Penjuring
283438	Oema
283441	Fatibata
283443	Muray
283445	Pungume
283450	Amge
283452	Ablingi
283453	Awrin
283454	Aviet
283456	Tokelaau
283457	Avahain
283458	Aweleng
283459	Bugi
283460	Ganglo
283463	Bakawari
283464	Kauptimente
283465	Pileo
283466	Arawe
283467	Kumbun
283468	Maklo
283469	Arawe
283489	Pulau Genting
283490	Platte
283491	Pulau Parang
283492	Tumbatu
283493	Sesel
283495	Pulau Bangkoang
283496	Pulau Parang
283499	Desroches
283505	Waifual
283506	Nuvarege
283509	Taiof
283513	Luaniua
283514	Sohano
283516	St. Joseph
283517	Buwar
283518	Arros
283519	Kisiwa Panza
283525	Sakar
283526	Makongwe
283527	Jedan
283528	Yame
283529	Garua
283532	Tolokiwa
283534	Poroan
283535	Kranket
283537	Kokota
283540	Crown
283541	Uvinje
283542	Yambe
283543	Sek
283547	Kojani
283549	Fundo
283552	Njao
283557	Lolobau
283558	Unea
283566	Lambom
283568	Bagabag
283570	Lamassa
283571	Garove
283572	Cerf
283575	Ningau
283576	Saint Anne
283577	Frigate
283578	Narega
283579	Silhouette
283580	Nissan
283581	Nissan
283582	Nord
283583	Pinipel
283584	La Digue
283585	Felicite
283589	Praslin
283590	Curiruse
283591	Mioko
283592	Ulu
283595	Duke of York
283596	Makada
283597	Watom
283599	Manam
283600	Pulau Karawatu
283601	Ambitle
283602	Babase
283603	Boisa
283609	Pulau Semisarom
283610	Denis
283613	Kadovar
283614	Bam
283616	Tefa
283617	Blup Blup
283619	Malendok
283621	Vial
283622	Mushu
283623	Paopao
283624	Boang
283625	Nuguria
283626	Koil
283629	Pulau Pengapit
283630	Kairiru
283632	Namotu
283634	Ajermasin
283635	Pulua Simalegu
283636	Pulau Tepi
283637	Walis
283638	Rotan
283639	Pecah Belah
283640	Pulau Panjang
283641	Tarawai
283642	Vokeo
283644	Pulau Omatengka
283646	Kepulauan Umbele
283647	Freterenusu
283648	Lihir
283650	Mali
283651	Nurage
283653	Boerai
283655	Mait
283659	Masahet
283661	Dyaul
283663	Pulau Sebongkok
283664	Tabar
283667	Mahur
283668	Baudisson
283669	Tatau
283672	Lisseno
283673	Selapiu
283674	Enang
283675	Kabotteron
283676	Wadei
283677	Globig
283678	Nuselawa
283679	Lemus
283680	Nublis
283681	Alton
283682	Arorae
283683	Bangatang
283684	Kawang
283685	Tingwon
283689	Simberi
283690	Patio
283693	Anelaua
283696	Baluan
283703	Pulau Nangka
283704	Tamana
283705	Kawulikiau
283706	Bingbingseng
283707	Tsalui
283708	Asap
283709	Tsoi-Boto
283711	Lou
283712	Nemto
283714	Pulau Poriau
283716	Rambutuyo
283720	Nauna
283722	Bundro
283725	Patuam
283729	Yellu
283731	Leelang
283735	Bipi
283739	Sisi
283741	Pak
283742	pulau Semoket
283744	Tong
283746	Jamna
283747	Los Negros
283751	Ndrilo
283752	Pitylu
283754	Noru
283756	Tabuarorae
283757	Pulua Tumbak
283758	Ambai
283760	Bangko
283764	Pulau Labobo Pauno
283765	Pulau Kayu Anak
283768	Pulau Tabulu
283769	Masoni
283771	Wuvulu
283772	Goso
283773	Serutu
283777	Emirau
283778	Emanaus
283780	Eloaua
283781	Akib
283782	Boliu
283783	Luf
283786	Num
283787	Aua
283788	Samasuma
283791	Liot
283792	Mal
283795	Nikunau
283796	Pulau Pelapis Kaluar
283797	Tabukini
283799	Insamfursi
283800	Tabiteuea
283801	Miatkori
283804	Tandraas
283805	Analtin
283807	Laualau
283809	Dargas
283812	Pulau Woka
283813	Pulau Woka
283817	Juula
283820	Suf
283821	Jofay
283822	Mahakam River Delta
283824	Mahakam River Delta
283825	Bukabuka
283829	Guumme
283830	Mahakam River Delta
283831	Gan
283832	Mahakam River Delta
283835	Pulau Puri
283836	Mahakam River Delta
283837	Koyamani
283839	Mahakam River Delta
283840	Kiyaamwa
283843	Hithadhoo
283844	Hulhudhoo
283845	Nonouti
283848	Mahakam River Delta
283849	Mahakam River Delta
283850	Weda
283851	Fuyuuma
283852	Nauru
283853	Mahakam River Delta
283855	Pulau Makole
283859	Pulau Pono
283862	Pulau Bai
283863	Pulau Lorang
283864	Pulau Marit
283865	Pulau Biang
283866	Pulau Buli
283867	Pulau Biang
283868	Pulau Marau
283869	Pulau Udungkaju
283872	Pulau Gentong
283873	Cempah
283874	Wajag
283876	Pulau Pelanduk Besar
283877	Buariki
283878	Gaaf Dhaalu
283879	Pulau Pasirgagah
283880	Pulau Limas
283881	Oneeke
283883	Pulau Saga
283885	Abemama
283886	Pulau Salamangan
283887	Pulau Tereh
283888	Abemama
283889	Pulau Burung
283890	Hoandehdhoo
283891	Pulau Senimpan
283892	Pulau Airsunda
283893	Abemama
283894	Kaadehdhoo
283895	Pulau Dedap
283896	Kon Dey
283897	Pulau Pengalap
283898	Thinadhoo
283899	Pulay Abang Kecil
283900	Pulau Tadjungdahan
283901	Pulau Galang Baru
283902	Villingili
283903	Pegun
283904	Pulau Pangkil
283905	Pulay Rinding
283906	Pulau Tjemara
283907	Pulau Selentang
283908	Pulau Belakangsedih
283910	Lobam
283911	Pulau Panjang
283912	Pulau Ujan
283913	South Tarawa
283918	Sudong
283919	Semakau
283920	Bukom
283921	Sentosa
283922	Jurong
283923	Pulau Kukup
283924	Betio
283925	Pulau Seduku
283926	South Tarawa
283928	Ubin
283929	Pulau Tekong
283931	Pulau Pisang
283933	Naa
283936	Pulau Salak
283937	Musala
283940	Hithadhoo
283942	Fonadhoo
283943	Kadhdhoo
283944	Gan
283945	South Tarawa
283946	Rawa Newe
283947	Rawa Newe
283951	Pulau Besar
283953	Isdhoo
283963	Pulau Sibu
283967	Maratua Atoll
283968	Pulau Tinggi
283974	Pulau Besar
283975	Pulau Aur
283976	Pulau Dayang
283977	Pulau Setindan
283980	Pulau Pemanggil
283983	Pulau Sembilang
283984	Pulau Seri Buat
283985	Pulau Patok
283987	Pulau Tioman
283988	Pulau Tulai
283989	Pulau Selat Kering
283990	Pulau Che Mat Zin
283991	Pulau Indah
283993	Pulau Klang
283995	Pulau Tengah
283997	Hutan Pulau Ketam
284000	Pulau Klang
284005	Temanokunuea
284009	Keuea
284014	Makin
284015	Pulau Penjalin Besar
284017	Maamigili
284018	Douala Edea
284019	Douala Edea
284022	Tapak Kuda
284024	Mboza Bombe
284026	Male
284027	Thilafushi
284030	Pulau Pangkor Laut
284032	Hulhumale
284034	Hulhumale
284036	Pulau Pangkor
284039	Merir
284040	Kalumpang
284044	Pulau Karindingan
284047	Omadal
284048	Pulau Bingkulan
284049	Offorsuokiri
284050	Thoddoo
284052	Bum Bum
284053	Bonny
284054	Pababag
284056	Larapan
284057	Bait
284060	Boheydulang
284063	Pulay Bodgaya
284065	Toka
284067	Batik Kulambu
284068	Batik
284072	Pulau Silumpat
284073	Sitangkai
284075	Kepulauan Nenusa
284076	Tabawan
284077	Bohayan
284080	Manuk Mangkaw
284081	Parrot
284083	Sipangkot
284084	Goidhoo
284085	Pulau Berbunut
284086	Omapuy
284088	Alligator
284089	Sibutu
284090	Pulau Baru-Baru
284091	Simunur
284093	Kaashidhoo
284094	Sakar
284095	Bellatan
284096	Bongao
284097	Banaran
284098	Pababag
284099	Mantabuan
284100	Parangan
284101	Latuan
284102	Panglima Sugala
284103	Pulau Kluang
284104	Sanga-sanga
284105	Sikubung
284106	Tandubas
284107	South Ubian
284108	Daran
284109	Bon-Bon
284110	Kinapusan
284111	Pulau Kapas
284112	Pulau Kuraman
284113	Tingungan
284114	Bintoulan
284115	Taruk
284116	Topaan
284117	Naungmin
284118	Diar Diar
284119	Kalupag
284120	Nanacaan
284121	Pulau Daat
284123	Tagau
284124	Daluman
284126	Tabulunga
284127	Sonsorol
284128	Pulau Jerejak
284129	Babas
284131	Tumbagaan
284133	Labuan
284134	Pulua Evans
284136	South Ubian
284137	Bubuan
284138	Balut
284139	Kang Tipayan Tiki
284140	Tambisan
284141	Kang Tipayan Dakula
284142	Maningukulat
284143	Tapaan
284144	Sarangani
284145	Paturan
284146	Kakatan
284148	Laminusa
284149	Lapak
284150	Siasi
284152	Tara
284153	Ujung Planggahan
284154	Pulau Bidong
284155	Bambanoan
284156	Namorik
284157	Matamat
284160	Kabingaan
284161	Pakiya
284162	Lugus
284163	Taluk
284164	Pulay Tiga Park
284165	Tapul
284166	Singdan
284167	Manadhoo
284168	Bai
284169	Timbang
284170	Pulau Lang Tengah
284171	Dammi
284172	Pulau Redang
284173	Kamawi
284174	Noonu
284175	Sulare
284176	Pata
284177	Patian
284178	Dongdong
284181	Doc Can
284182	Pulau Berhala
284184	Deatobato
284187	Pulau Perhentian Besar
284188	Jabor
284189	Pulau Nunuyan Laut
284190	Pulua Sanok
284191	Pulau Perhentian Kecil
284192	Laparan
284193	Kendhikulhudhoo
284194	Simisa
284195	Cap
284196	Cap
284199	Tulayan
284200	Pulau Kanawi
284201	Bangalao
284202	Gaya
284203	Mili
284204	Balanguingui
284205	Capual
284206	Basbas
284207	Bitinan
284208	Parol
284209	Sepanggar
284210	Turtle
284211	Gujangan
284212	Mamanoc
284213	Tongkil
284214	Mili
284215	Kunilan
284216	Pulau Libaran
284217	Usada
284218	Bulan
284220	Cabucan
284221	North Ubian
284222	Bucutua
284223	Cabucan
284224	Bubuan
284225	Minis
284226	Mengalum
284227	Pantocunan
284229	Pulau Kaniogan
284230	Pulau Singa Besar
284231	Pulau Beras Basah
284232	Tatalan
284233	Pulau Tuba
284234	Pulau Puru Puru
284236	Pulau Dayang Bunting
284237	Milandhoo
284238	Pulau Rebak Besar
284240	Pandukan
284241	Tapiantana
284242	Pandukan
284243	Pulau Timun
284244	Lanawan
284245	Timbungan
284246	Teomabal
284247	Teomabal
284248	Tabuan-Lasa
284249	Bubuan
284250	Pangutaran
284251	Kulassian
284252	Pulau Tanjung Dendang
284253	Tubigan
284254	Pulau Langgun
284255	Tamuk
284256	Kauluan
284257	Koh Lipe
284258	Ko Batong
284259	Neykurendhoo
284260	Vaikaradhoo
284261	Tengolan
284262	Ko Khai
284263	Ko Adang
284264	Haa Dhaalu
284265	Ko Ra Wi
284266	Mataja
284267	Coalargo
284268	Kulhudhuffushi
284269	Manangal
284270	Ko Sarai
284271	Nolhivaramu
284272	Pilas
284273	Baluk
284274	Nolhivaranfaru
284276	Pulau Mantanani Besa
284278	Ko Tarutao
284279	Sibago
284280	Finey
284281	Malamaui
284282	Jambongan
284283	Langil
284284	Hanimaadhoo
284285	Bongo
284286	Ko Li Di Lek
284287	Pujada
284288	Barrah
284289	Ku Bulon Leh
284290	Sangboy
284291	Pulua Bruan
284292	Sangboy
284294	Grande Santa Cruz
284295	Pulau Mandidarah
284296	Malanipa
284297	Tictabon
284298	Teinga
284299	Fillladhoo
284300	Ngeaur
284301	Talikud
284302	Kelaa
284303	Pulau Silk
284304	Sacol
284305	Haa Alif
284306	Mapun
284307	Peleliu
284309	Olingeuaol
284310	Malawali
284311	Ine
284313	Maliangin Besar
284314	Uligan
284317	Tinak
284319	Majuro
284321	Ko Yo
284322	Mecherchar
284324	Ko Rok Noi
284325	Koh Rok
284329	Ongael
284332	Ko Libong
284333	Lutangan
284337	Ko Kradon
284339	Ko Ka
284340	Risong
284341	Malakal
284342	Koror
284343	Balambangan
284344	Ngerekebesang
284345	Kaho'olawe
284346	Sand
284347	Ford
284348	El Idolo
284349	El Toro
284350	El Fronton
284351	Juan A. Ramirez
284352	Lehua
284353	La Palma
284354	Quevedo
284355	Santa Marie
284356	El Castillo
284358	La Coyota
284359	Melendres
284360	El Venado
284362	Charco Largo
284363	Tunitas
284365	El Carrizal
284366	Loma del Agua
284367	Los Bules
284370	La Mula
284372	La Mula
284375	la Larga
284377	El Padre
284391	Lisianski
284392	Long
284393	Caballo
284394	South Padre
284397	Los Mogotones
284401	Pelican
284402	Mustang and Padre
284403	La Quinta
284404	Harbor
284405	Harbor
284406	Harbor
284407	Mud
284408	Traylor
284409	Talley
284410	San Jose
284411	Bludworth
284412	Ayres
284413	Eastern
284414	San Benito Este
284415	Vanderveer
284416	San Pedro Martir
284417	Matagorda and San Jose
284418	Dewberry
284419	Dewberry
284420	Bayucos
284421	Matagorda Peninsula
284422	Blackberry
284423	Bayucos
284429	Mud
284431	Galveston
284432	Pelican
284433	Goat
284434	Goat
284435	Goat
284437	Mejia
284438	Atkinson
284439	Hog
284440	San Luis Gonzaga
284441	El Pelicano
284442	Montague
284443	Lord
284444	Wallace
284445	Fisher
284446	Crims
284447	Lois
284448	Russian
284449	Puget
284450	Karlson
284451	Marsh
284452	Horseshoe
284453	Quinns
284454	Miller Sands
284456	Tenasillahe
284457	Rennie
284458	Squaxin
284459	Herron
284460	Stretch
284465	York
284466	Yele
284467	East
284468	Baki
284470	Macauley
284471	Long
284472	Sherbro
284473	Sei
284474	Rendall
284475	Moot
284476	Edmonstone
284478	de Membrillal
284480	Banana
284481	Banana
284482	Atrato Delta
284483	Mangle
284484	Cedro
284486	San Telmo
284488	Gibraleon
284490	Kagbeli
284491	Tasso
284492	Tumbu
284493	Orinoco Delta
284495	Orinoco Delta
284496	Orinoco Delta
284498	Orinoco Delta
284499	Orinoco Delta
284500	Orinoco Delta
284501	Orinoco Delta
284502	Isla Cangrejo
284503	Orinoco Delta
284504	Orinoco Delta
284505	Orinoco Delta
284506	Orinoco Delta
284507	Orinoco Delta
284508	Orinoco Delta
284509	Orinoco Delta
284510	Orinoco Delta
284511	Orinoco Delta
284512	Orinoco Delta
284515	Orinoco Delta
284516	Orinoco Delta
284518	Orinoco Delta
284520	Kortimaw
284522	Ucuptuma
284525	Orinoco Delta
284526	Orinoco Delta
284527	Orinoco Delta
284528	Pino
284529	Orinoco Delta
284530	Orinoco Delta
284531	Orinoco Delta
284532	Escudo de Veraguas
284533	Orinoco Delta
284534	Split Hill
284535	Orinoco Delta
284536	Cayo de Agua
284537	Orinoco Delta
284538	Orinoco Delta
284539	Popa
284540	Orinoco Delta
284541	Orinoco Delta
284542	Orinoco Delta
284543	Orinoco Delta
284544	de San Cristobal
284545	Bastimentos
284546	Colon
284550	Manano Delta
284551	Manano Delta
284552	Isla Cotorra
284555	de Piritu
284558	de Piritu
284562	Monos
284563	Chimana Sur
284564	Chimana Grande
284565	La Borracha
284567	Los Venados
284568	Caracas del Oeste
284569	Caracas del Este
284572	Gaspar Grande
284573	Chacachacare
284574	Monos
284575	Cayo Punta Brava
284576	Coche
284577	Cayo Aminas
284578	Cubagua
284581	Barbocita
284583	Pescaderos
284584	Barbosa
284585	Oribona
284586	de Toas
284587	Pajaros
284588	Zapara
284589	Do Meio
284592	Dos Cavalos
284594	Uite
284599	Little Tobago
284602	Cute
284603	Edana
284604	Los Testigos
284605	Carache
284606	Das Areias
284608	Los Roques archipelago
284609	La Orchila
284610	Los Roques archipelago
284611	Orchila
284612	Dos Mosquitos
284613	Los Roques archipelago
284614	Los Roques archipelago
284615	La Orchila
284616	Los Roques archipelago
284617	Los Roques archipelago
284619	La Blanquilla
284620	Gran Roque
284621	Las Aves archipelago
284622	del Venado
284623	Big Corn
284629	Little Corn
284632	Hog Cay
284642	Union
284644	Mayreau
284652	Canouan
284656	Mustique
284661	Baliceaux
284662	A Quatre
284664	Bequia
284665	El Nanzon
284673	Aux Oiseaux
284674	Aux Boeufs
284677	Poutake
284678	Pointe De Sangomar
284680	Gouk
284692	Cayos Miskitos
284693	Grande
284695	Terre de Haut
284696	Cayos Cochinos
284697	De Sal Rei
284698	Barbareta
284700	Turneffe Atoll
284701	Turneffe Atoll
284702	Turneffe Atoll
284703	Turneffe Atoll
284704	Little Swan
284706	Drowned Cays
284707	Turneffe Atoll
284709	Turneffe Atoll
284710	Barbuda
284712	Caye Caulker
284713	Caja de Muertos
284717	Mona
284718	Saint Martin/Sint Maarten
284719	Tintamarre
284721	Cayo Chelem
284722	Pineros
284723	Cayo Luis Pena
284724	Culebrita
284725	Norman
284726	Water
284727	Cayo Norte
284728	de Culebra
284729	Peter
284730	St. John
284731	St. Thomas
284732	Desecheo
284733	Cooper
284734	Great Thatch
284735	Ginger
284736	Hans Lollik
284737	Navassa
284738	Beef
284739	Jost Van Dyke
284740	Tortola
284741	Guana
284742	Great Camanoe
284743	Virgin Gorda
284746	Buey
284747	Cayo Centro
284748	Cayo Tamalcab
284749	del Carmen
284750	Anegada
284751	del Carmen
284752	Cayo Venado
284753	Cayo Violin
284755	Cayo Chal
284768	Cayo Anclitas
284769	Cayo Grande
284770	Cayo Grande
284771	Cayos Cinco Balas
284772	Cayos Cinco Balas
284773	Cayos Cinco Balas
284774	Cayos Cinco Balas
284775	Mujeres
284777	Little Ambergris Cay
284778	Big Ambergris Cay
284779	Salt Cay
284780	Cotton Cay
284782	Turks and Caicos
284783	Contoy
284784	South Caicos
284785	Cayos los Cayuelos
284786	Cayos Aguardiente
284788	Cayos Aguardiente
284789	East Caicos
284790	de Holbox
284793	Cayo Coco
284794	Cayo del Pasaje
284795	Cayo San Juan
284796	West Caicos
284797	Cayos Boca de Alonso
284799	Cayo de los Indios
284800	Mangrove Cay
284801	Middle Caicos
284802	Providenciales
284803	Little Water & Pine Cay
284804	Dellis Cay
284805	Parrot Cay
284806	North Caicos
284807	North Caicos
284810	Cayos de San Felipe
284811	Cayo Grande
284812	Cayo Grande
284813	Cayo Grande
284815	Castle
284820	Cayo Rapado Chico
284825	Cayos de la Herradura
284827	Cayo Jutias
284830	Cayeria Las Cayamas
284831	Plana Cays
284832	Plana Cays
284833	Cayeria Las Cayamas
284835	Cayeria Las Cayamas
284837	Cayo Santa Maria
284839	Crooked
284840	Acklins
284841	Cayos Pajonal
284844	Cayo Medano de Casiguas
284846	Cayos Jutias
284847	Cayos Dromedarios
284858	Cayos de las Cinco Leguas
284859	Long
284861	Long
284863	Long
284864	Cayos Falcones
284865	Long
284868	Cayos Blancos
284870	Cayo Cruz del Padre
284871	Green Turtle Cay
284872	Great Exuma
284873	Great Exuma
284874	Great Exuma
284875	Andros
284876	Andros
284877	Brigantine Cay
284878	Andros
284879	Andros
284880	Andros
284881	Andros
284882	Andros
284883	Andros
284884	Andros
284885	Andros
284886	Andros
284887	Andros
284888	Andros
284889	Andros
284890	Andros
284891	Andros
284892	Andros
284893	Andros
284894	Andros
284895	Andros
284896	Andros
284897	Andros
284898	Andros
284899	Andros
284900	Andros
284901	Andros
284902	Andros
284903	Andros
284904	Compass Cay
284905	Andros
284906	Little Bells Cay
284907	Andros
284908	Andros
284909	Andros
284910	Andros
284911	Shroud Cay
284912	Andros
284913	Key West
284914	Marquesas Keys
284915	Big Coppitt Key
284916	Sugarloaf Key
284917	Ramrod Key
284918	Bahia Honda Key
284919	Mud Keys
284920	Andros
284921	Snipe Keys
284922	Summerland Key
284923	Sugarloaf Key
284924	Andros
284925	Little Knockemdown Key
284926	Andros
284927	Andros
284928	Snipe Keys
284929	Cudjoe Key
284930	No Name Key
284931	Andros
284932	Andros
284933	Knockemdown Key
284934	Johnston Key
284935	Andros
284936	Andros
284937	Big Pine Key
284938	Torch Key
284939	Little Pine Key
284940	Johnson Key
284941	Racoon Key
284942	Howe Key
284943	Annette Key
284944	Water Key
284945	Vaca Key & Boot Key
284946	Cutoe Key
284947	Duck Key
284948	Content Keys
284949	Long Key
284950	Lower Matecumbe Key
284951	Lignumvitae Key
284952	Rose
284953	Black Betsy Keys
284954	Eagle Key
284955	Everglades National Park
284956	Long Cay
284957	Everglades National Park
284958	Everglades National Park
284959	Everglades National Park
284960	Everglades National Park
284961	Joulter Cays
284962	Everglades National Park
284963	Joulter Cays
284964	Everglades National Park
284965	Everglades National Park
284966	Everglades National Park
284967	Everglades National Park
284968	Palo Alto Key
284969	Everglades National Park
284970	Everglades National Park
284971	Totten Key
284972	Elliott Key
284973	Sands Key
284974	Everglades National Park
284975	Key Biscayne
284976	Everglades National Park
284977	Everglades National Park
284979	Everglades National Park
284980	Watson & Star
284981	Ten Thousand
284982	Ten Thousand
284983	Everglades National Park
284984	Jack Daniels Key
284985	Ten Thousand
284986	Picnic Key
284987	Sandfly
284988	Ten Thousand
284989	Ten Thousand
284990	Ten Thousand
284991	Ten Thousand
284992	Ten Thousand
284993	Ten Thousand
284994	Ten Thousand
284995	Panther Key
284996	Hog Key
284997	Ten Thousand
284998	Helen Key
284999	Cape Romaro & Kice
285000	Cannon
285001	Halloway
285002	Keewaydin
285003	Wood Cay
285004	Great Abaco
285005	Lynyard Cay
285006	Great Abaco
285007	Great Abaco
285008	Great Abaco
285009	Black
285010	Great Abaco
285011	Great Abaco
285012	Great Abaco
285013	Great Abaco
285014	Great Abaco
285015	Great Abaco
285016	Great Abaco
285017	Great Abaco
285018	Great Abaco
285019	Great Abaco
285020	Great Abaco
285021	Great Abaco
285022	Great Abaco
285023	Great Abaco
285024	Sanibel
285025	Great Abaco
285026	Grand Bahama
285027	Grand Bahama
285028	Grand Bahama
285029	Grand Bahama
285030	Big Cross Cay
285031	Michael's Cay
285032	Big Coppice Mangrove
285033	North Captiva
285034	Sweetings Cay
285035	Big Joe Downer Cay
285036	Jackson's Cay
285037	Scotland Cay
285038	Little Joe Downer Cay
285039	East Part
285040	Pine
285041	Cayo Costa
285042	Grand Bahama
285043	Grand Bahama
285044	The Bahamas
285045	Gasparilla
285046	Cross Cays
285047	The Bahamas
285048	Big Mangrove Cay
285049	West End Cay
285050	Hog
285051	Strangers Cay
285052	Hutchinson
285053	Longboat Key & Anna Maria
285054	Rattlesnake Key
285055	Egmont Key
285056	Mullet Key
285057	Wabasso
285058	Horseshoe
285060	North Hutchinson
285062	Honeymoon
285063	Anclote Keys
285064	Slate
285065	Slate
285068	Mississippi Delta
285069	Mississippi Delta
285070	Mississippi Delta
285071	Isle Dernieres
285072	Isle Dernieres
285073	Mississippi Delta
285074	Mississippi Delta
285075	Timbalier
285076	Mississippi Delta
285077	Mississippi Delta
285078	Mississippi Delta
285079	Mississippi Delta
285081	Mississippi Delta
285085	Mississippi Delta
285087	Mississippi Delta
285090	Mississippi Delta
285092	Mississippi Delta
285093	Mississippi Delta
285110	Pelican
285111	Fifi
285114	Grand Isle
285115	Mississippi Delta
285116	Grand Terre
285119	Mississippi Delta
285121	Hog
285125	Rice
285126	Bastian
285131	Palm
285135	Mississippi Delta
285141	Point Au Fer
285144	Mississippi Delta
285146	Halters
285162	Shell
285183	Little St. George
285186	Marsh
285202	St. Vincent
285210	St. George
285212	Biloxi State Wildlife Management Area
285213	Monkey
285214	Biloxi State Wildlife Management Area
285215	Biloxi State Wildlife Management Area
285216	Biloxi State Wildlife Management Area
285217	Biloxi State Wildlife Management Area
285218	Dog
285220	St Johns
285227	Biloxi State Wildlife Management Area
285228	Anastasia
285230	Biloxi State Wildlife Management Area
285232	Mud Grass
285235	Chandeleur
285236	Biloxi State Wildlife Management Area
285237	Biloxi State Wildlife Management Area
285238	Piney
285240	Biloxi State Wildlife Management Area
285243	Choupique
285245	Grand
285246	Selvagem Grande
285248	Pearl River
285249	Petit Bois
285250	Ship
285251	Dauphin
285252	Cat
285253	Horn
285254	Dauphin
285255	Ono
285256	Perdido Key
285257	Singing River
285258	Isle Aux Herbes
285259	Deer
285261	Bartram
285262	Blount
285264	Gaillard
285265	Talbot
285266	Broward
285267	Big
285268	Martins
285269	Little Tiger
285270	Tiger
285273	Blakeley
285275	Gravine
285276	Twelvemile
285278	Stafford
285279	Crab
285281	Cumberland
285283	Cumberland
285286	Jekyll
285287	Lanier
285290	St Simons
285291	Little St Simons
285292	Egg
285295	Broughton
285296	Wolf
285298	Queens
285299	Commodore and Deboy
285300	Buzzard Roost
285303	Dog Hammock
285304	Sapelo
285305	Creighton
285306	Fourmile
285308	Moss
285311	Walburg
285313	St Catherines
285316	Ossabaw
285317	Raccoon Key
285319	Pigeon
285320	Cabbage
285321	Little Tybee
285322	Skidaway
285323	Turtle
285325	Fripp
285326	Daws
285328	Bermuda
285330	St. David's
285331	Hunting
285332	St. George's
285333	Harbor
285334	Do Bugio
285335	Cotton
285336	Morgan
285337	Pine and Otter
285338	Deveaux Bank
285339	Deserto Grande
285340	Drum
285341	Dewees
285342	Bull
285343	De Baixo Ou Da Cal
285344	Cape
285345	Porto Santo
285346	Grace
285347	Cane
285348	Cat
285349	Middle Ground
285350	Marsh
285351	Big Marsh
285352	Hare
285353	Campbell
285354	Masonboro
285355	Masonboro
285356	Figure Eight
285357	Lea-Hutaff
285359	Onslow Beach
285360	Browns
285361	Bear
285362	Finns
285363	Dudley
285364	Shackleford Banks
285365	Bogue Banks
285366	Browns
285367	Harkers
285368	Rachel Carson Reserve
285369	Radio
285370	Cape Lookout National Seashore
285371	Cape Lookout National Seashore
285372	Portsmouth
285373	Ocracoke
285374	Great
285375	Swanquarter
285376	Judith
285377	Hatteras
285378	Roanoke
285379	Durant
285380	Baum Point
285382	Mossey
285383	Mossey
285384	Piney
285386	Princess Anne Wildlife Management Area
285387	Long
285389	Dos Gemidos
285390	Deserta
285391	Da Culatra
285392	Dos Alturas
285393	Santa Maria
285394	Do Coco
285395	Da Armona
285396	Fisherman
285397	De Tavira
285398	Raccoon
285399	Smith
285400	Smith
285401	Mink
285402	Goodwin
285403	Ship Shoal
285404	Wreck
285405	Mockhorn
285406	Cobb
285409	Turkey
285410	Hog
285413	Sandy
285414	Gwynn
285417	Parramore
285423	Cedar
285424	Cedar
285426	Tobacco
285427	Tangier
285428	Tangier
285429	Ballast Tump
285430	Black and Wire Narrows Marsh
285431	Morris
285432	Cedar
285433	Smith
285434	Smith
285435	Smith
285436	Smith
285437	Mills
285438	Hazard
285439	South Marsh
285440	Little Deal
285441	South Marsh
285442	Bloodsworth
285443	Hooper
285444	Assateague
285445	Wroten
285448	Poplar
285449	Mouchao do Lonmbo Do Tejo
285450	Mouchao De Alhandra
285451	Eastern Neck
285452	Gull
285453	Graciosa
285454	Hart-Miller
285455	Pork
285456	Pork
285457	Absecon
285458	Absecon
285459	Absecon
285460	Absecon
285461	Brigantine
285462	Spesutie
285463	Pullen
285464	Story
285465	Pea Patch
285466	Corvo
285467	Long Beach
285468	Long Beach
285469	South Line
285470	Canarsie Pol
285472	Gilgo
285473	Rulers Bar Hassock
285474	Staten
285475	Cedar
285476	Fire
285477	Fire
285478	Rikers
285479	City
285480	Robins
285481	Ram
285482	Shelter
285483	Gardiners
285484	Plum
285485	New Shoreham
285486	Nomans Land
285487	Fishers
285488	Tuckernuck
285489	Muskeget
285490	Mason's
285491	Nantucket
285492	Chappaquiddick
285493	Cuttyhunk
285494	Nashawena
285495	Pasque
285496	Martha's Vineyard
285497	Naushon
285498	Conanicut
285499	West
285500	South Monomoy
285501	North Monomoy
285502	Aquidneck
285503	Prudence
285504	Aunt Lydia's Cove Park
285505	Cape Negro
285507	Richmond
285508	Cushing
285509	Peaks
285510	Great Diamond
285511	Long
285512	Cliff
285513	Bailey
285514	Chebeague
285515	Monhegan
285516	Damariscove
285517	Yarmouth
285518	Birch
285519	Ragged
285520	Southport
285521	MacMahan
285522	Burnt
285523	Matinicus
285524	Allen
285525	Metinic
285526	Hupper
285527	Cranberry
285528	Louds
285529	Gay
285530	Friendship
285531	Hog
285532	Westport
285533	Bremen Long
285534	Andrews
285535	Greens
285536	Kimball
285537	Swan
285538	Isle Au Haut
285539	Penobscot
285540	Merchant
285541	Marshall
285542	Long
285543	Vinalhaven
285544	Crotch
285545	Great Duck
285546	North Haven
285547	Black
285548	Swans
285549	Placentia
285550	Great Gott
285551	Opechee
285552	Stinson Neck
285553	Eagle
285554	Pond
285555	Butter
285556	Job
285557	Great Spruce Head
285558	Great Cranberry
285559	Little Cranberry
285560	Pickering
285561	Seven Hundred Acre
285562	Sutton
285563	Deer Isle
285564	Tinker
285565	Little Deer Isle
285566	Bartlett
285567	Long
285568	Islesboro
285569	Ironbound
285570	Jordan
285571	Stave
285572	Bois Bubert
285573	Steele Harbor
285574	Dyer
285575	Head Harbor
285576	Norton
285577	Great Wass
285578	Foster
285579	Great Spruce
285580	Verona
285581	Roque
285582	Banc D'Arguin
285583	Cross
285584	Gerard
285585	Barren
285586	Harbour
285587	Piscatiqui
285588	Crichton
285589	MacNamaras
285590	Port Hood
285591	Cocagne
285592	Courtin
285599	Saint-Pierre
285601	au Ruau
285602	Burin
285603	L'Ile-au-Canot
285604	Bay du Vin
285605	Fox
285606	aux Oies
285607	Portage
285610	Davis
285611	Flat
285612	Brunette
285615	Sadatanak
285616	Vsevidof
285617	Anangula
285618	Clifford
285621	Ivan
285622	Geese
285623	Akhiok
285625	Harvester
285626	Larsen
285627	Dry Spruce
285628	Egg
285629	Aguligik
285630	Bear
285631	Big Fort
285632	Kiukpalik
285633	Dark
285634	Sud
285638	Harbor
285640	Wooded
285643	Pinnacle
285647	Mummy
285655	Egg
285661	Applegate
285662	Lone
285663	Hall
285664	Willard
285665	Goose
285666	Axel Lind
285667	Olsen
285668	Fairmount
285669	Busby
285672	Yukon Delta
285673	Yukon Delta
285674	Yukon Delta
285675	Yukon Delta
285676	Yukon Delta
285677	Yukon Delta
285678	Yukon Delta
285679	Yukon Delta
285680	Yukon Delta
285681	Yukon Delta
285682	Yukon Delta
285683	Yukon Delta
285684	Yukon Delta
285685	Yukon Delta
285686	Yukon Delta
285687	Yukon Delta
285688	Yukon Delta
285689	Yukon Delta
285690	Yukon Delta
285691	Yukon Delta
285692	Yukon Delta
285693	Yukon Delta
285694	Yukon Delta
285695	Yukon Delta
285696	Yukon Delta
285697	Yukon Delta
285716	Pearse
285718	McNaughton Group
285720	Arriaga
285721	Normansell
285722	Antle
285723	Prager
285724	Shakes
285725	Shakes
285726	Dundas
285727	Moffatt
285729	Tongass
285731	Dolgoi
285732	Kelp
285736	Grand
285737	Jackson
285738	McFarland
285740	Patterson
285741	Grindall
285742	Bull
285743	Kasaan
285744	Abbess
285745	Saint Philip
285746	Harmony
285747	Garden
285748	Square
285749	Whale Head
285751	Spanish
285752	Spanish
285753	Stanhope
285755	Mosman
285756	Middle
285757	Middle
285758	Edwards
285760	Step
285761	Monte Carlo
285762	Eagle
285763	High
285766	Horseshoe
285767	Legma
285768	Hound
285769	Keku
285770	Payne
285771	San Juan
285772	Klokachef
285773	Killisnoo
285774	Ramp
285775	Sumdum
285776	Harbor
285777	Bug
285780	Inian
285781	Horse
285782	Inian
285784	Netland
285786	Benjamin
285788	Cenotaph
285790	Kataguni
285792	Haenke
285795	Young
285797	Red
285798	Red
285810	Whouffle
285844	Stockport
285845	King
285867	Berens
285870	Berens
285875	Berens
285878	Berens
285879	Chapman
285888	Couper
285890	Lawford
285896	Keith
285898	Berens
285899	Chapman
285901	Breakwater
285903	Berens
285904	Lawford
285908	Lawford
285909	Couper
285911	Couper
285913	Berens
285914	Couper
285915	Couper
285916	Schwatka
285917	Lawford
285918	Lawford
285920	Couper
285921	Couper
285922	Lawford
285923	Lawford
285924	Lawford
285926	Berens
285927	Lawford
285928	Lawford
285929	Berens
285930	Berens
285934	Berens
285942	Cockburn
285943	Lawford
285949	Jameson
285951	Jameson
285956	De Haven
285961	Cockburn
285967	Duke of York Archipelago
285968	Porden
285970	Fitzgerald
285978	Fitzgerald
285979	Hurd
285981	Hurd
285982	Porden
285990	Porden
285995	Jameson
285997	Jameson
286012	Nordenskioeld
286029	Hovgaard
286036	Minto
286042	Minto
286045	Bryde
286046	Mackenzie Delta
286047	Minto
286048	Mackenzie Delta
286050	Mackenzie Delta
286052	Mackenzie Delta
286053	Irving
286056	Irving
286062	Mackenzie Delta
286063	Mackenzie Delta
286065	Mackenzie Delta
286068	Mackenzie Delta
286071	Mackenzie Delta
286073	Olivier
286074	Mackenzie Delta
286077	Mackenzie Delta
286079	Mackenzie Delta
286080	Mackenzie Delta
286081	Olivier
286082	Olivier
286083	Olivier
286084	Olivier
286085	Mackenzie Delta
286086	Olivier
286087	Olivier
286089	Mackenzie Delta
286090	Mackenzie Delta
286093	Ellice
286095	Mackenzie Delta
286106	Beverly
286109	Beverly
286111	Beverly
286113	Mackenzie Delta
286114	Beverly
286115	Mackenzie Delta
286122	Admiralty
286125	Admiralty
286144	Admiralty
286145	Admiralty
286149	Kendall
286151	Hendrickson
286155	Tennent
286157	Tennent
286169	Clarence
286184	Albert
286185	Albert
286186	Albert
286187	Albert
286189	Albert
286191	Albert
286193	Albert
286195	Albert
286198	Albert
286201	Albert
286204	Baillie
286215	Tasmania
286216	Tasmania
286217	Tasmania
286218	Graham
286219	Tasmania
286226	Gibson
286240	Mikkelsen
286241	Barth
286243	Mikkelsen
286247	Otrick
286249	Mikkelsen
286276	Maze
286277	Maze
286278	Maze
286298	Hamilton
286301	May
286303	Neal
286305	Kalivik
286310	Melville
286318	Phillipps
286321	Cracroft
286322	Hosken
286329	Polynia
286330	Polynia
286353	Rose au Rue
286354	Long
286355	Isle aux Morts
286356	Chambers
286357	Taylor
286358	Long
286359	Le Pelerin du Milieu
286360	Bois
286361	L'Ilette de Pokesudie
286362	Caraquet
286363	Heron
286364	Miscou
286365	aux Alouettes
286366	Bic
286367	Flat
286368	Saint-Barnabe
286369	Bonaventure
286370	Long
286371	Long
286372	Morris
286373	Broad
286374	Bessy
286375	Great Black
286376	Gooseberry
286377	Silver Fox
286378	Sivier
286380	Hornet
286381	Gander
286382	Cull
286384	Burnt
286385	Pilley's
286386	White
286387	Otter
286388	Jack's
286389	New World
286390	Bacalhao
286391	Georges
286392	Sops
286393	Cow Head
286396	La Grosse Romaine
286397	Sainte-Marie
286398	Pine
286404	Round Head
286407	I'Indien
286408	Lecouve
286409	Pagouatchiou
286410	Current
286411	Fischots
286412	Paul-Nadeau
286413	Long
286417	Mistanoque
286419	Brent
286421	Berthelot
286422	Lavoie
286424	Lizotte
286429	Strutton
286430	Strutton
286431	Strutton
286434	Camp
286435	Strutton
286436	Strutton
286438	Big Duck
286444	Gull
286446	Cape Hope
286448	Lazyman
286449	Nevile
286453	Narrows
286454	Juniper
286456	Burnt
286457	North
286463	Paint Hills
286466	Big
286467	Bear
286468	Flat
286469	Comb
286470	Walter
286471	Sandy
286475	Eagle
286477	Spencer
286478	Narrow
286480	Ledge
286481	South Wolf
286482	Collingham
286483	Star
286484	Earl
286485	Diver
286486	Hare
286487	Hare
286488	Cartwright
286489	Black
286490	Huntingdon
286492	Grady
286493	Governor
286494	Goat
286495	Newfoundland
286496	Independent
286497	Horse Chops
286498	Stromness
286499	Haines
286500	Gannet
286501	St John
286502	Neveisik
286506	North Stag
286510	Henrietta
286519	Indian
286520	Indian
286523	Ticoralak
286524	Saddle
286525	George
286526	Big
286527	Little Black
286528	West Pompey
286529	Black
286534	Middle
286537	Mundy
286539	North
286541	Entry
286542	Marks
286543	Cut Throat
286544	Brig Harbour
286545	Fox
286546	White Cockade
286547	Holton
286561	Bear
286562	Burnt
286564	Dog
286565	Double
286566	Iron
286567	Jigger
286568	Indian
286569	Webeck
286570	Conical
286571	English River
286572	Tikaoralik
286573	Ragged
286575	Ragged
286577	Kikkertavak
286578	Ragged
286580	Manak
286582	Long Tickle
286583	Black Bear
286584	Big
286590	Strawberry
286592	Kidlialuit
286593	Dunn
286594	Naksalialuk
286596	West Turnavik
286602	Burnt
286603	Turnavik
286606	Striped
286608	Hares
286609	Winsor Harbour
286611	Burgomaster
286612	North Imnalik
286613	Kikkertavak
286615	Comma
286617	Cross
286618	Umiatoriak
286619	Nuvutsuakulluk
286620	Western Kingitok
286621	Arlorkak
286622	Crab
286623	Satok
286625	Kemaktulliviktalik
286626	Anniowaktook
286627	Naulikattarvik
286628	Achvitoaksoak
286629	Zacharais
286630	Oganiovik
286633	Onartok
286634	Kernertaluk (Black)
286635	Napakataktalik (Manuel)
286636	Tessiujalik (Lake)
286638	Belcher
286640	Napatalik
286641	Manitounuk
286644	Multa
286648	Belcher
286649	Belcher
286651	Belcher
286652	Nunaksaluk
286654	Snape
286656	Solomon
286657	Belcher
286658	Iluikoyak
286659	Belcher
286660	Ukasiksalik
286661	Freestone
286662	Uyagaksuak
286663	Sioralik
286664	Ayagatot
286668	Napaktotok
286669	Okpatik
286670	Kasungatak
286672	Belcher
286674	Belcher
286676	Innetalling
286678	Belcher
286679	Belcher
286683	Tuktuinak
286684	South Tunungayukaluk
286685	Spracklins
286686	North Tunungayukaluk
286687	Tunungayualok
286688	Aklaktalik
286690	Akpiktok Kitta
286692	Kidlektaluk
286694	Belcher
286695	Iglosiatik
286697	Belcher
286698	Uncle Johns Big
286699	Upper Big
286700	Kairoliktut
286701	Seniartlit
286702	Belcher
286703	Sungilik
286704	Big
286707	Kiuvik
286708	Nuasurnak
286713	Humbys
286716	Simmikutaq
286719	Nukasusutok
286721	Kikkertavak
286722	Uigortlek
286723	Taktok
286724	Niatak
286727	Sandy
286730	Palungitak
286731	Belcher
286733	Satosoak
286734	Belcher
286735	Belcher
286736	Armstrong
286737	Skull
286738	Red
286739	Whale
286740	West Red
286742	Paul
286743	Siorakuluk
286744	Uigomigak
286746	Belcher
286747	Rhodes
286748	Hillsbury
286749	Renouf
286750	Loon
286751	Barth
286752	Kruger Kop
286754	Indian
286755	Web
286757	Club
286758	Koliktalik
286759	Base
286760	Central
286761	Ukpaume
286762	Dumbell
286763	Natsutuk
286764	Henry
286765	Chronicle
286766	Dog
286767	St Johns
286769	Marshall
286770	Bakers Dozen
286771	Sandy
286772	Carey
286773	Fermoy
286774	North Carey
286775	Savage
286776	Barham
286777	Gang
286778	Gang
286779	East Pen
286781	Igloo
286782	Akulaitualuk
286783	Bakers Dozen
286784	Belcher
286785	Quest
286786	Sculpin
286787	Belcher
286788	Bakers Dozen
286789	Belcher
286790	David
286791	Jonathon
286792	Gordon
286793	Bakers Dozen
286794	Orton
286795	Bouverie
286796	South Aulatsivik
286797	Split
286799	Baffin
286802	Nicholson
286803	Iluvektalik
286804	Nuasornak
286806	Sleeper
286809	Ivjogiktok
286810	Cut Throat
286811	Sleeper
286814	Moores
286815	Okak
286816	Opingivik
286817	Marcopeet
286819	Soapstone
286822	Kingmirtok
286823	Watchman
286824	Hotchkiss
286825	Leonard
286827	Drayton
286828	Fish
286829	Maidmonts
286834	Upernavik
286839	Kangalasiorvik
286843	Siillavik
286859	Nipper
286861	Ningiuluit
286863	Ningiuluit
286896	Oo-olilik
286897	Avayalik
286898	Avayalik
286899	Home
286903	Parameter
286907	Knight
286909	Erhardt
286916	Qullissalik
286921	Takisut
286922	Innarsuannguaq
286925	Eider
286927	Iganaq
286929	Sujorardlit
286933	Slim
286935	Aeeraktoo
286937	Hearn
286938	Maniitsoq
286939	Arsuup Uummannaa
286940	Nunannguit
286955	Doctor
286958	Imartuneq
286970	Lower Savage
286971	Frederikshabs Umanaq
286976	Airartuuq
286979	Lower Savage
286980	Lower Savage
286981	Lower Savage
286997	Sondre Stor
286998	Gross
286999	Pinnacle
287002	Morso
287008	Nordre Stor
287009	Potter
287012	Middle Savage
287016	Kayak
287020	Dunne Foxe
287023	Ikermiut
287024	Harper
287026	Harper
287032	Fairway
287033	Bear
287038	Little Hall
287039	Ellis
287041	Digges
287042	Digges
287043	Foreman
287045	Juet
287047	Scott's Fortress
287056	Mittilik
287064	Barrier
287065	Takisok
287069	Takijualuk
287070	Barrier
287081	McLean
287089	Upirngiviaaluk
287091	Johnston
287092	Harris
287093	Blanchard
287096	Ikiarutilit
287098	Strathcona
287102	Glenco
287104	Iluparusilik
287107	Qeqertaq
287113	Sakpik
287114	Sakpik
287115	Brigus
287116	Spicer
287117	Spicer
287119	Bate
287120	Gay
287121	Bruce
287122	Bate
287125	Ogden
287126	Wag
287129	Mitchell
287131	Saneraa
287133	Thompson
287136	Islands of God's Mercie
287139	Lemieux
287146	Islands of God's Mercie
287149	North Imilit
287150	Lemieux
287151	Islands of God's Mercie
287152	Islands of God's Mercie
287155	Lemieux
287156	Faris
287157	Lemieux
287159	Islands of God's Mercie
287162	Lemieux
287164	Lemieux
287166	Lemieux
287167	Bishop
287172	Lemieux
287177	Lemieux
287182	Lemieux
287184	Lemieux
287185	Lemieux
287191	Lemieux
287194	Macdonald
287200	Lemieux
287203	Lemieux
287205	Lemieux
287213	Lemieux
287219	Lemieux
287229	Lemieux
287233	Lemieux
287239	Lemieux
287240	Qeqertarsuaq
287243	Kigtorqat
287245	Strivewell
287246	Lemieux
287247	Akilia
287249	Round
287250	Ravne
287251	Angisorsuaq
287252	Ravne
287256	Qagssissagdlit
287264	Simiuta
287272	Angisunnguaq
287282	Rype
287286	Hunde
287287	Hozier
287291	Habets
287305	Leybourne
287309	Leybourne
287310	Hobart
287313	Leybourne
287318	Shuke
287328	Diamond
287334	Leybourne
287335	Alareak
287339	Diamond
287340	Ascension
287359	Umanak
287367	Lemieux
287375	Ivnajuagtup Qeqerta
287376	Lemieux
287378	Lemieux
287379	Qimarravik
287382	Kaxodluin
287394	Ukalialigssuaq
287395	Teqqarnat
287396	Blacklead
287397	Talerulik
287403	Qeqertasussuk
287405	Utsusivik
287406	Nimigen
287416	Sagdlerssua
287418	Igdlutsiait
287420	Uummannaq
287421	Qeqertasussuk
287423	Opingivik
287434	Nuvudlik
287435	Kulinguaq
287446	Savage
287448	Kin of Sal
287449	Imartorngup Tima
287456	Savage
287467	Manitsuarssuit
287470	Nuvuktik
287473	Sanderson
287479	Kudjak
287484	Kaigosuiyat
287485	Kaigosuiyat
287487	Kaigosuiyat
287488	Kaigosuiyat
287490	Kaigosuiyat
287491	Kaigosuiyat
287492	Kuuit
287493	Kaigosuiyat
287494	Kaigosuiyat
287495	Kaigosuit
287496	Kaigosuit
287497	Kaigosuit
287498	Kaigosuit
287499	Kaigosuit
287500	Kaigosuit
287501	Kaigosuit
287502	Kaigosuit
287503	Kaigosuit
287506	Kikastan
287507	Kaigosuit
287508	Kaigosuit
287510	Kaigosuit
287512	Kaigosuit
287513	Kikastan
287514	Kaigosuit
287516	White
287517	Kikastan
287519	Kikastan
287520	Opposite
287521	Timerdlit
287523	Uummannat
287532	Ekallulik
287537	Ungusivik
287546	Qeqertasussuk
287552	Sturges Bourne
287553	Drum
287554	Drum
287555	Drum
287558	Sturges Bourne
287559	Sturges Bourne
287560	Sturges Bourne
287566	Sagdlia
287569	Bluhme
287583	Crawford
287585	Grundene
287603	Turton
287616	Harbour
287651	Nikku
287663	Pikisulik
287671	Nipisat
287683	Frederik VII
287687	Paugnang
287690	Duck
287691	Duck
287693	Duck
287696	Sydbay
287697	Qaqaluit
287703	Batz
287704	Long
287705	Whiddy
287706	Scarriff
287707	Inis Treabhair
287708	Reads
287709	Whitton
287710	Rabbit
287712	Gigha
287714	Garb Eileach
287715	Eilean Mor
287716	Fuidheigh
287717	Fruoch Eilean
287718	Ceann Ear
287719	Ceann Iar
287720	Eilean Chirceboist
287722	Boraraigh
287724	Ceileagraigh
287726	An Ciereach
287727	Handa
287731	Walkendorff
287732	Kitsissut
287735	Kitsissut
287738	Minn
287742	Trondra
287744	Hildasay
287745	Noss
287746	Aluk Avalleq
287747	Nanortalik
287748	Vaila
287750	Qeqertarsuasik
287751	Papa Little
287752	Kanajoorartuut
287754	West Linga
287755	Qeqertaq
287761	Kugamiut Qeqertat
287765	Tuttutuarsuk
287769	Uunartoq
287770	Qeqertarsuaq
287772	Uummannarsuaq
287773	Uummannaq
287774	Hascosay
287775	Uummannalik
287777	Usuk
287780	Simiutaq
287783	Nunarsuaq
287785	Ussut
287787	Nartusut
287790	Qarmat
287792	Upernivik
287793	Apoqattaaq
287795	Qumut Sangmissup Nuna
287796	Arpatsivik
287798	Illukasik
287800	Iluileq
287804	UUmmannaarsuk
287805	Qutdleq
287806	Qipinnguaq
287807	Takisoq
287808	Terne
287812	Otto Rud
287813	Otto Rud
287815	Qasinngortuup Immikkoortukajaa
287825	Uummannaq
287828	Uippak
287830	Anarnitsoq
287831	Singiartuarfik
287832	Tupikajik
287833	Akorninarmiut
287834	Qiputalik
287837	Qeqertaq Itsit
287839	Sattiaatteq
287852	Geldinganes
287853	Pikiitsi
287854	Tre Lover
287855	Terne
287857	Gabel
287858	Umiiviitaa
287859	Gerner
287861	Pros Mund
287862	Putugua
287863	Koklapperne
287864	Ole Romer
287865	Naeldebladet
287866	Aqitseq
287867	Takiseeq
287869	Sipulik
287870	Qertartivaq
287871	Romer
287872	Orsted
287873	Arnarey
287874	Avqusiajik
287875	Seley
287876	Purkey
287877	Vahl
287878	Hornemann
287880	Vend Om
287885	Skaley
287888	Orssuiagssuaq
287889	Suunikajik
287891	Igssalik
287894	Kitak
287897	Imilik
287899	Nuerniakkat
287900	Imertilaq
287904	Saligsalik
287905	Tiniteqilaaq
287906	Amagat
287908	Erik den Rodes
287909	Itivdlisat
287910	Erik den Rodes
287911	Pusisaraq
287912	Uingaleq
287913	Fugleholmene
287914	Amangaq
287916	Leifs
287917	Tikivippik
287919	Aputiteeq
287920	Moroene
287921	Malmey
287922	Sten
287924	Eskimo
287925	Amanga
287928	Aaluiartik
287929	Kap Warming
287930	Lang
287931	Ikerasammiut
287932	Milait
287933	Sondre Aputiteeq
287936	Aarfit
287938	Utsuke
287940	Maniitsoq
287947	Simiugaq
287954	Avdlungersat
287955	Nunarsuaq
287956	Ikersak
287957	Upernaviarsuk
287959	Pikiulinguaq
287960	Qeqertasussuk
287964	Pikiulerssuaq
287966	Tugtulik
287967	Qulumit
287973	Qeqertaq
287978	Salleq
287979	Tinuteqissap Nuna
287980	Sarqardleq
287982	Oqaatsut
287984	Sallersuaq
287986	Qernertoq
287987	Arqitsoq
287991	Sallersuaq
287992	Inussulik
287997	Quvnilik
287999	Sungaussat Nunat
288000	Akulliit
288001	Spicer
288002	Innalik
288008	Satorssuaq
288010	Pooruseq
288014	Ulituqisalik
288015	Torsik
288016	Satorssuaq
288025	Aamat
288030	Ivnartalik
288032	Ivnartalik
288034	Aappilattoq
288035	Qeqertasussuk
288037	Usugtalik
288039	Kekertal
288042	Igluligaarjuk
288043	Saarloq
288053	Aasiaat
288054	Tulugartalik
288056	Isuamiut Equat
288061	Savik
288063	Angissat
288065	Grone Ejland
288067	Basiso
288071	Jakobsholm
288075	Korvigdjuak
288078	Kronprinsen
288081	North Ooglit
288082	Kronprinsen
288087	Kronprinsen
288088	Kronprinsen
288089	Kronprinsen
288121	Khemig
288123	Coxe
288124	Calthorpe
288125	Coxe
288126	Coxe
288130	Calthorpe
288132	Coxe
288136	Coxe
288150	Bouverie
288151	Bouverie
288153	Bouverie
288155	Bouverie
288157	Imiliq
288173	Astronomical Society
288175	South
288177	Astronomical Society
288178	Astronomical Society
288194	Lax
288200	Qeqertat
288202	Quinnguusaq
288203	Karrat
288204	Suilven
288205	Poirier
288206	Tukingassoq
288207	Saneruarsuk
288208	Saneruarsuk
288209	Ikerasak
288210	Store Flado
288211	Kivssaq
288212	Avalleq
288213	Kangersuatsiaq
288214	Maniitsoq
288215	Qalilik
288217	Kangeq
288218	Pisiktarfik
288219	Angnertussoq
288221	Tine
288226	Lango
288230	Upernavik
288231	Angmaussarssuaq
288234	Natsiarsiorfik
288236	Karrat
288237	Qeqertarsuaq
288238	Avataerserfik
288239	Angissoq
288240	Nunarssuaq
288241	Siagtut
288244	Itivsalikavsak
288245	Avalia
288246	Inussuk
288248	Kingigtorssuaq
288249	Assaqutaq
288250	Aipe
288252	Tussaaq
288253	Qaneq
288254	Itivdlilik
288257	Naajat
288258	Uummannaq
288260	Siagtorssuit
288261	Erqordleq
288263	Igdlulik
288266	Paagussat
288267	Uigorli
288268	Torqussaq
288269	Saattoq
288271	Mattaangasut
288272	Horse Head
288273	Qeqertarsuaq
288274	Qeqertaq
288275	Wollaston
288277	Paarnivik
288278	Kittorsaq
288280	Nasaasaq
288281	Ikermiorsuaq
288282	Timilersua
288283	Saarlia
288284	Itissaalik
288285	Paamaqqortuut
288286	Igdlorfik
288287	Ikermiut
288289	Inussulik
288290	Miligssua
288291	Kullorsuaq
288292	Ryder
288294	Bloch
288296	Amdrup
288301	Hammer
288302	De Geer
288303	De Geer
288304	Jensen
288305	Jensen
288308	Tugtuligssup
288309	Qeqertarsuaq
288313	Naalungiarsuaq
288314	Marie
288315	Welhavn
288316	Welhavn
288319	Leven
288320	Qeqertapaluk
288321	Balgoni
288322	Balgoni
288324	Balgoni
288325	Heilprin
288326	Fisher
288327	Fisher
288331	Noorujupaluk
288332	Olsen
288336	Carey
288337	Carey
288338	Carey
288339	Carey
288340	Carey
288341	Harvard
288342	Harvard
288345	Littleton
288355	Jean
288356	Hans
288366	Marvin
288367	Marvin
288368	Ward Hunt
288369	Deception
288370	Aputiteeq
288371	Rode
288372	Raffle
288373	Sorte
288374	Janus
288375	Bjorne
288376	Bjorne
288377	Bjorne
288378	Bjorne
288379	Bjorne
288380	Bjorne
288381	Bjorne
288382	Bjorne
288383	Bjorne
288384	Bjorne
288385	Bjorne
288388	Reynolds
288389	Murray
288390	Karlene
288391	Haslum
288392	Akerblom
288393	Hammar
288394	Scott Keltie
288395	Scott Keltie
288396	Scott Keltie
288397	Scott Keltie
288398	Maria
288399	Ruth
288400	Laplace
288401	Broch
288402	Vinter
288403	Holland
288404	Stille
288405	Kalven
288406	Lille Finsch
288407	Hvalros
288408	Ulla
288411	Licht
288413	Licht
288417	Rode
288418	Orienterings
288419	Orienterings
288420	Kalven
288421	Oktober
288422	Stor
288423	Stor
288424	Stor
288425	Stor
288426	Stor
288427	Stor
288428	Stor
288429	Stor
288430	Stor
288431	Box
288432	Stor
288433	Stor
288434	Stor
288435	Stor
288436	Stor
288437	Stor
288438	Stor
288440	Paris
288441	Paris
288442	Paris
288443	Paris
288444	Mellemfortet
288445	Paris
288446	Paris
288447	Franske
288448	Franske
288449	Franske
288450	Franske
288451	Franske
288458	Buffalo
288459	Baththalangunduwa
288460	Tilcharong
288461	Puliyantivu
288462	Mannar
288463	Iranaitivu
288464	Kakkativu
288465	Erumaitivu
288466	Palativu
288467	Delft
288468	Naduturitti
288469	Nainativu
288470	Pungudutivu
288471	Kanantivu
288472	Mandativu
288473	Analativu
288474	Velanai
288475	Eluvaitivu
288476	Karainagar
288478	Perumpalam
288479	Nautica
288480	Kumbalam
288481	Willingdon
288482	Vallarpadam
288483	Mosheykh
288484	Sacadiin
288485	Ceebaad
288486	Talakaicha
288487	Barren
288488	Porlab
288493	Swamp
288494	Hattikudru
288495	Little Coco
288496	Great Coco
288497	Great Coco
288498	Malakoda
288500	Delgheman
288501	Awukan
288507	Raka
288508	Mhierb
288509	Dhulaka
288511	Gharib
288512	Yelichetladibba
288514	Sarad
288516	Nachugunta
288517	Dergoman Kebir
288518	Hawatb
288519	Dar Solum
288521	Hainggyi Kyun
288523	Norah Adasi
288524	Dhalalam
288525	Juzur Duqailah
288526	Tanam
288527	Wusta
288528	Kad Hu
288531	Marrak
288532	Rumayn
288533	Intasha
288534	Dumsuq
288535	Salubah
288536	Akbar Ugayli
288537	Qummah
288538	Dushuk
288539	Zulaf
288541	North Sulain
288542	Amenah
288543	Humr
288544	Kaira
288545	Mandhar
288546	Thoo Alrakah
288547	Sindi Sarso
288548	Sarad Sarso
288550	Ad Dissan
288551	West Mandhar
288552	Safara
288553	Washika
288554	Jabal Muhhamad
288555	Jazair Farasan
288556	Al Hasikiyah
288557	As Sawdah
288558	Al Qibliyah
288559	Al Hallaniyah
288561	Nantha Kyun
288563	Sayl Bahr
288565	Gazeirat Iri
288566	Gazeirat Iri
288567	Gazeirat Kalafiyya
288569	Jabal Alsabaya
288570	Ye Insel
288572	Taik Kyun
288575	Magyi Kyun
288578	Talla Talla
288581	Sagu Kyun
288582	Kebir
288584	Munaung
288595	Kalama Kyun
288602	Panju
288614	Paungnetkyi
288618	Ledaung Kyun
288619	Safiq
288623	Tankharo
288624	Ngan Kyun
288628	Kan Kyun
288633	Asingyi
288634	Sirrayn
288637	Naungdaw
288643	Kyuntalein
288644	Kyunthaya
288645	Taunghray
288654	Seiktaya
288656	Wabawygi
288668	Singyat
288673	Jabal Allith
288678	Sunadhar
288680	Kesarpur
288682	Chellikulia
288683	Salabelapur
288684	Kyaukmaung
288687	Myengu
288697	Ngapi Kyun
288706	Sittwe
288724	Jazirat Shaghaf
288731	Jazirat Mahawt
288733	Masirah
288734	Jazirat Mawal
288736	Bhitarkanika
288737	Kanika
288739	Mukawwar
288740	Hazira
288743	Chulkati
288746	Hasher Char
288748	Chaimari
288749	Mechua
288751	Sundarban
288752	Goasaba
288753	Baghmara
288756	Sarwar
288758	Gona
288759	G-Plot
288763	Goasaba
288764	Rakshakshali
288768	L-Block
288781	Dublar Char
288786	Dimer Char
288790	Kalir Char
288793	Tear Char
288795	Lot-118
288796	Martia
288798	Char Lakshmi
288802	Taipatti
288803	Char Nizam
288805	Mangrove Forest
288809	Netidhopani
288812	Tinkona
288814	Char Sakuchi
288823	Lot-125
288840	Domar Char
288850	Nijhum Dwip
288862	Hamilton
288881	Hemnagar
288889	Urichar
288933	Sulayyah
288947	Al Hudayarit
288951	Ghagha
288953	Massnoua
288954	Eastern mangrove Lagoon
288955	Balrmad
288957	Muhaimat
288959	Al Lulu
288965	Mubarraz
288971	Al Sheleilah
288981	Diynah
288982	Al Hasani
288984	Astola
288985	Palm Jumeirah
288987	World
288988	Al Safliya
288989	The Pearl
288990	Al Aaliya
288991	Shaybara
288994	Sharira
288998	Jazirat Zakhnuniah
288999	Al Sinniyah
289001	Mashabi
289003	Hawar
289004	Umm Urumah
289005	Jazirat Ras Rakan
289006	Jazirat Muraykhah
289007	Jazirat Umm Al hGanam
289008	Jazirat Al Khayl
289009	Jazirat Musandam
289010	Tubia
289013	Jazirat An Numan
289014	Huwaylat
289015	Gurmah
289016	Juzur Abu Minqar
289017	Jazirat Al Haylamiyah
289018	Jazitay Ad Judayyinah
289019	Al Batinah
289020	Abu Ali
289021	Jazirat Jennah
289022	Jazirat Al Musallamiyah
289023	Jazirat Yuba
289024	Jazirat Burqan
289025	Jazirat Umm Qusur
289027	Jazirat Rayaman
289055	Gataia
289056	Melitta
289057	Gremdi
289058	Kraten
289059	Roumadia
289060	Sharqi
289061	Grande Kuriat
289062	Ic Ada
289063	Kekova
289064	Dana Adasi
289065	Domuz Adasi
289066	Kizilada
289067	Tersane Adasi
289068	Koca Ada
289069	Kameriye Adasi
289070	Gocek Adasi
289071	Kara Ada
289072	Zembra
289073	Salish Adasi
289074	Kucuk Tavsan Adasi
289076	Idra
289078	Galite
289080	Grande
289081	Balta Adasi
289082	Hekim Adasi
289083	Kara Ada
289084	Uzunada
289086	Ciplak Adasi
289087	Pinar Adasi
289088	Alibey Adasi
289089	Maden Adasi
289090	Bozcoada
289091	Pasalimani Adasi
289092	Koyan Adasi
289093	Avsa Adasi
289094	Ekinlik
289095	Imrali Adasi
289096	Marmara
289097	Buyukada
289098	Heybeliada
289099	Burgazada
289100	Kinaliada
289102	Sveti Klement
289104	Sit
289105	Rivanj
289107	Mali Brijun
289109	Tyana Tuzla
289110	Venice Seawalls
289112	Danube Delta
289113	Venice
289115	Di Grado
289116	Marinetta
289118	Bocca D'Anfora
289119	La Gran Chiusa
289125	Dovhyi
289131	Ko Ngai
289132	Wotja
289133	Weno
289134	Ko Racha Noi
289135	Ko Por
289137	Ko Racha Yai
289138	Ko Talabeng
289139	Ko Lanta
289140	Ko Lanta
289141	Ko Phi Phi Lee
289142	Ko He
289144	Phi Phi
289145	Ko Lon
289146	Koh Jum
289148	Ko Pu
289149	Ko Hang
289150	Ko Nok Khom
289151	Ko Sriboya
289152	Coconut
289153	Ko Na Ka
289154	Candaraman
289155	Kayangel
289156	Ko Yao Yai
289157	Ramos
289158	Canabungan
289160	Noi
289161	Byan
289162	Kaginen
289163	Gabung
289164	Balabac
289165	Ko Yao Noi
289166	Phuket
289167	Panak
289168	Namu
289170	Bancalan
289171	Ko Laem Khangkhao
289172	Ko Mak Noi
289174	Mawes
289175	Ao Phangnga
289176	Tabal
289178	Dalahican
289180	Ko Tang Len
289181	Mahaba
289182	Similan
289183	Taroa
289184	Kwajalein
289185	Kaben
289186	Ko Samet
289187	Kho Khao
289188	Similan
289189	Kp Phra Thong
289190	Ko Thung Tu
289191	Rasa
289192	Ko Ra
289193	Mariquit
289194	Ebadon
289195	Tean
289196	Roi-Namur
289197	Ko Nok Taphao
289198	Ludguron
289199	Ko Surin Tai
289200	General
289201	Malanao
289202	Ko Surin Tai
289203	Wotje
289204	Ko Chueak Noi
289205	Laem Son
289206	Pamilacan
289207	Laem Son
289208	Ko Phalui
289209	Ko Thao
289210	Ko Pia Nam Yai
289211	Calusa
289212	Santa Cruz
289213	La Januza
289214	Christie
289215	Ko Wua Ta Lap
289216	Panglao
289217	Cagayancillo
289218	Auriol
289219	Casolian
289220	Ko Son
289221	Mahaba
289222	Bruer
289223	Masapelid
289224	Condona
289225	Cobeta
289226	Daku
289227	Panang
289228	Talavera
289229	Maanoc
289230	Lamagon
289231	Cocks Comb
289232	Bilabid
289233	Ralik Chain
289234	Ko Phayam
289235	Load
289236	Bayangan
289237	Dunkin
289238	Hinatuan
289239	Likiep
289240	Than
289242	Lumislis
289243	Cabilao
289244	Tona
289245	Zaragosa
289246	Pangangan
289247	Hanigad
289249	Caob
289250	Ko Lao
289251	Ko Ranong
289252	Hikdop
289253	Fondeado
289254	Pulo
289255	Poneas
289256	Limasawa
289257	Lingig
289258	Pulo Besin
289259	Sibanac
289260	Kabben
289261	Unib
289262	Pulo Tonton
289265	Macbride
289267	Mackenzie
289268	South Verde
289269	Ko Tao
289270	North Verde
289271	South Phillips
289272	Barwell
289273	Hastings
289274	Lapinig
289275	Ko Yao
289276	Ko Khwang
289277	Saint Pauls
289278	Jandayan
289279	Wotho
289280	Jao
289281	Banacon
289282	Zadetkalay
289283	Pyin Sa
289284	Mahanay
289285	Nga Khin Nyo Gyee
289286	Calituban
289287	Porao
289288	Russell
289290	Olango
289291	Mactan
289292	Pine Tree
289293	Hlaing Gu
289294	Guiwanon
289295	Panobolon
289296	Narr Kho
289297	Catalat
289299	Ko Samet
289300	Hibusong
289301	Vung Tau
289303	Pococock
289304	San Pedro
289305	Inamupulugan
289306	Sipaway
289307	Lord Loughborough
289308	Albguan
289310	Cagnipa
289313	Buda
289314	Pulo Balu
289315	Mekong Delta
289316	Nga Mann
289317	Bo Ywe
289318	Boayan
289319	Kyun Pila
289320	Pulo Kugyi
289321	Pulo Myang Basa
289322	Calandagan
289323	Bo Cho
289324	Umuruan
289325	Maducang
289326	Pacijan
289327	Ibohor
289328	Paly
289329	Caponyan
289330	Suluan
289332	Ponson
289333	Homonhon
289334	Biscucay
289335	Icadambanauan
289337	Ko Wiang
289338	Kubo
289340	Calabadian
289341	Passage
289342	We Ale
289343	Sir Robert Campbell
289344	Kan Za Gyi
289345	Cocoro
289346	Kandaw
289347	Mingyi Sakan
289348	Cuyo
289349	Candulo
289350	Clara
289353	Binatican
289354	Molocabac
289355	Lubid
289356	Tagawayan
289358	Koh Siya
289359	Matarbis
289360	Manicani
289361	Patungal
289362	Collies
289363	Tuluran
289364	Debangan
289366	High
289367	Casian
289368	Tubabao
289369	Lipayran
289370	Jenkins
289371	Carnac
289372	Maobanen
289373	Cagdanao
289374	Ko Thalu
289375	Doong
289377	Lagen
289378	Kau Ye
289379	Maytiguid
289380	Botigues
289381	Boltic
289382	Calabugdong
289384	Tagubanhan
289385	Miniloc
289386	Agutaya
289387	Rongelap
289388	Bernard
289389	Gibitngil
289390	Batas
289391	Matinloc
289392	Hilantagaam
289393	Inambuyod
289394	Igbon
289395	Tapiutan
289396	Maracanao
289397	Ultirik
289398	Cadlao
289399	Bagosipal
289400	Diit
289401	Bagambangan
289402	Anahap
289403	Owen Kyun
289404	Binulbulan
289405	Tago
289406	Jinamoc
289407	Quiniluban
289408	Manamoc
289409	Charlotte
289410	Ale Man Kyun
289411	Iloc
289412	Malcolm
289413	Malapascua
289414	Anne
289415	Barangonan
289416	Guintacan
289417	Ralik Chain
289418	Pamalican
289419	Lalutaya
289420	Ravenshaw
289421	Beni
289422	South Park
289423	Bushby
289424	Eliza
289425	Calibang
289426	Alcisirus
289427	Cagbuli
289428	Tinituan
289429	Quiniluban
289430	Pawe Gyi Kyun
289431	Nangalao
289432	Sicogon
289433	High Peaked
289435	Maria
289436	Batbatan
289438	Manlot
289439	Patoyo
289440	Malabutglubut
289441	Calagnaan
289442	Linapacan
289443	Carnaza
289445	Koh Sralau
289446	Binuluangan
289447	Enyu
289448	Inapupan
289450	Higatangan
289451	Binalabag
289452	Nabunut
289453	South Gigante
289454	Maniquin
289455	Guintarcan
289456	Bikini
289457	North Gigante
289458	Andis
289460	Dicabaito
289462	Canipo
289463	Ralik Chain
289464	Dipalian
289465	Bagatao
289466	Majaba
289467	Ko Mai Si
289468	Daram
289469	Parasan
289470	Alava
289471	Ko Kut
289472	Bulalacao
289475	Great Western Torres
289476	Ko Rang
289477	Buri
289478	Maripipi
289479	Great Western Torres
289480	Olutaya
289481	Fletcher
289482	Tampel
289483	Timpasan
289484	Bentinck
289485	Canahauan
289486	Ko Mak
289487	Delian
289488	Tambon
289489	Kennedy
289490	Money
289491	Marian
289492	Ko Kradat
289493	Bentinck
289494	Tucker
289495	Jintotolo
289496	Catalaban
289497	Bunaun
289498	Sibay
289499	Julian
289500	Sabi Kyun
289501	Bugtong
289503	Kunthi Kyun
289504	Tagauayan
289505	Ko Wai
289506	Chico
289507	Libucan Daco
289508	Sabi
289509	Ko Khlum
289510	Santa Nini
289511	Chindonan
289512	Kirikite
289513	Caluya
289514	Almagro
289515	Ko Mai Si Yai
289517	Marily
289518	Courts
289519	Culion
289520	Lamud
289521	Galoc
289522	Coron
289523	Lusong
289524	Sibato
289525	Camandag
289526	Parker
289527	Uson
289529	Apo
289530	Lajo
289531	Boracay
289532	Popototan
289534	Observation
289535	Mackenzie
289536	Baquit
289537	Criddles
289538	Uniacke
289539	Lloyds
289540	Sargent
289541	Sargent
289542	Hilabaan
289543	LLoyds
289544	Drakes
289545	Tagapulan
289546	Carabao
289547	Street
289548	Sibolo
289549	Lyall
289550	Tubabao
289551	Seirara
289552	Talampulan
289553	Warden
289554	Bailey
289555	Cabangahan
289556	Napuscud
289557	Koh Chang
289558	Capare
289560	Dagapal
289561	Helfer
289562	Carogo
289563	Bashan
289564	Hon Mieu
289565	Cabilaluan
289566	Grace
289567	Liwago
289569	Mergui
289570	Yenge Kyun
289571	Bantac
289572	Ambulong
289573	Tippel
289574	Greenlaw
289575	Deagan
289576	Panat Kyun
289577	Tambaron
289578	Destacado
289579	Talaingsaing
289580	IIin
289581	Smart
289582	Two Sand Line
289583	Don
289584	Sir Charles Metcalfe
289585	Tara
289586	Tatange
289587	Tatagyi
289588	Kanan Kyun
289589	Busuwanga
289590	Matabao
289591	Thayawgyi
289593	Laeatat
289595	Aguada
289596	Darsena
289597	Allans
289598	Dimipac
289599	Grants
289600	Laeale
289602	Napayawan
289603	Buyayaw
289604	Escarpada
289605	Ngathok Kyun
289606	Ma Ing
289607	San Andres
289608	Macleod
289609	Yemyok
289610	Castle
289612	Dalupiri
289613	Pahtaw Pahtet
289614	Blundell
289615	Capul
289616	Corbin
289617	Kala
289618	Ko Chuang
289619	Calintaan
289620	Juac
289622	Maingyi
289623	Gilbert
289624	Ko Samet
289625	Cabanongon
289626	Samae San
289627	Bani
289628	Logbon
289629	Tenasserim
289631	Romblon
289632	Tingiao
289633	San Juan
289634	Alad
289635	Semirara
289636	Tao Mo
289637	Abo'abuhan
289638	Cagnipa
289639	Macarite
289640	Cahayagan
289641	Cobrador
289642	Tablas
289643	Talisay
289644	Batag
289645	Biri
289646	Khram Yai
289647	Kanti
289648	Thamihla
289649	Spider
289651	Kabosa
289652	Simara
289653	Bagatao
289654	Sablayan
289655	Mali Nge
289656	Anyinpo
289657	Ko Lan
289658	Painr Kyun
289659	Concepcion
289660	Ko Phai
289661	Banton
289662	Isabel
289663	Carlota
289664	Cochin
289665	Busing
289666	Spider
289667	Templo
289668	Ko Sichang
289669	Kanti
289670	Mali Kyun
289671	Rapu-Rapu
289672	Kanmaw
289673	Gaspar
289674	Batan
289675	Guinanayan
289676	Cagbulauan
289677	Bacacay
289678	Alibijaban
289679	San Miguel
289680	Salomagui
289681	Santa Cruz
289682	Mompong
289683	Maniuaya
289684	Verde
289685	Atulayan
289686	Cu Iao Xanh
289687	Thin Bon Kyun
289688	Kathema Kyun
289689	Golo
289690	Marikaban
289692	Thangme Kyun
289693	Ambil
289694	Haponan
289695	Lubang
289696	Pyingyi Ashe
289697	Auk Bok
289698	Batibagan
289700	Quinabungan
289701	Cabra
289702	Moroupuro
289703	Pagbilao
289704	Aek Bok
289705	Basot
289706	Lamit
289707	Lehla
289708	Lahuy
289709	Quinalasag
289710	Panay
289711	Sibuan
289712	Tara
289713	Palumbanes
289714	Caringo
289715	Apuao Grande
289716	Butauanan
289717	Canimog
289718	Maung Magan
289719	North
289720	Rota
289722	Bok Yegan
289723	Cagbalete
289724	Corregidor
289725	Maculabo
289726	Heinze Bok
289727	Huag
289728	Guintinua
289729	Balesin
289730	Tinaga
289732	Jomalig
289733	Silanguin
289736	Patnanungan
289738	Aguijan
289739	Palasan
289740	Cabalao
289741	Kalotkot
289742	Kalongkooan
289743	Kyungyi
289744	Wa Kyun
289745	Matalvis
289746	San Salvador
289747	Kalegauk
289750	Hermana Menor
289751	Kaingthaung
289752	Hermana Mayor
289756	Byonmwe Kyun
289757	Gaunggyi Kyun
289759	Cabalitian
289760	Tazingyun
289762	Hintha Kyun
289763	Cabarruyan
289764	Siapar
289765	Anatahan
289768	Santiago
289769	Bilugyun
289771	Sarigan
289773	Guguan
289776	Pagan
289778	Monroe
289781	Palaui
289782	Agrihan
289783	Barit
289784	Mabog
289785	Fuga
289786	Camiguin
289787	Dalupiri
289788	Wake
289789	Calayan
289790	Panuitan
289791	Babuyan
289793	Asuncion
289794	East
289795	Con Lu
289796	Nam Phu
289797	Ibuhos
289798	Sabatang
289799	Batanes
289801	Farallon de Pajaros
289802	Diogo
289805	Dao Dau Be
289806	Dao Cat Hai
289807	Tap Doan Sun
289808	Cat Ba
289809	Itbayat
289811	Dong Thien Long
289813	Dao Cong Dong
289815	Dao Van Duoi
289817	Xa Phong Coc
289818	Xa Hoang Tan
289819	Dao Dinh Hong
289821	Dao
289823	Yami
289827	Bong Rui
289830	Tan Lap
289831	Dao Ba Nui
289832	Dao Ban Muc
289833	Vinh Thuc
289842	Lan Yu
289844	Macao Airport
289845	Taipa
289846	Li Qiu
289850	Lv Dao
289854	Qimei
289856	Dong Ji
289858	Jiang Jun Ao
289859	Wangan
289860	Hua
289861	Hu Jing
289863	Penghu
289864	Zhong Tun
289865	Xiyu
289866	Bai Sha
289867	Ji Bei
289868	Dongshan
289870	Da Tunangchang
289871	Yuzhen Zhou
289872	Lie
289874	Kinmen
289876	Guishan
289877	Heping Dao
289880	Tungchan Tao
289881	Hsichuan Tao
289882	Nangan
289883	Beigan
289884	Gaodeng
289885	Tungyin Liehtao
289886	Tungyin Liehtao
289887	Guartuqun
289888	Niaoyuqun
289890	Ilheya
289891	Guanshan
289892	Beili
289893	Barping
289894	Kakeromajima
289895	Gangshan
289896	Xiazhidao
289900	Shibushi Sekiyu
289904	Yatsushiru
289908	Kitakyushu Airport
289911	Kansai Airport
289913	Hauido
289914	Mashima Sports
289916	Okido
289917	Tsushima
289918	Jarado
289919	Seonyudo
289920	Dolsando
289921	Bijindo
289922	Chubongdo
289923	Palegeumdo
289924	Chubu Airport
289925	Jakeundaeseomi
289927	Tando
289928	Jinudo
289929	Nagwoldo
289931	Seonmyudu
289933	Gaeyado
289934	Yeondo
289935	Nishinoshima
289936	Oeyeondo
289937	Gureopdo
289940	Dahaozi
289943	Xidalian
289944	Zhi
289945	Xituo
289946	Shijiutuo
289947	Ximayi
289948	Saili
289949	Baxiao
289951	Xiaoping
289955	Jihua
289956	Nemuro
289960	Wakha-hanto
289961	Hooge Platen
289963	Burntwick
289964	Bridgemarsh
289965	Deltapark
289966	Osea
289968	Tiengemeten
289969	Horsey
289971	Havergate
289972	Noorderhaaks
289973	Vlieland
289974	Terschelling
289975	Ameland
289976	Schiermonnikoog
289977	Zuiderduin
289978	Rottumeroog
289979	Rottumerplaat
289980	Luhesand
289981	Kacheloplate
289982	Schwarztonnensand
289983	Rhinplate
289984	Hoher Knechtsand
289987	Wolin
289988	Langeness
289990	Oland
289992	Langeland
289994	Vigiese
289996	Peberholm
289998	Ven
289999	Hano
290000	Utlangan
290001	Ungskar
290002	Inlangan
290003	Maltkvarn
290004	Hastholmen
290005	Stora Bollo
290006	Tarno
290007	Hasslo
290008	Aspo
290009	Tjurko
290011	Sturko
290012	Torko
290013	Langaskar
290014	Hallands Vadero
290015	Vaderon
290016	Okno
290017	Vallo
290018	Balgo
290020	Staro
290022	Stora Karlso
290024	Lilla Karlso
290025	Malon
290026	Ostergarnholm
290027	Vino
290028	Strupo
290029	Lilla Bergo
290032	Vrango
290034	Donso
290035	Styrso
290036	Ekno
290037	Kopstadso
290038	Aspero
290039	Hulso
290040	Branno
290041	Navelso
290042	Handelop
290043	Ido
290044	Hono
290045	Halso
290046	Bohus Bjorko
290047	Torro
290048	Roro
290050	Malmo
290051	Hasselo
290053	Smago
290054	Rago
290056	Krakeron
290057	Vino Kalv
290058	Bjorko
290059	Marstrandson
290060	Nordon
290061	Klaveron
290062	Inston
290063	Algon
290064	Stora Dyron
290065	Karrson
290067	Trasso
290068	Udoya
290070	Landoya
290071	Hillesund
290072	Udvar
290073	Revoya
290074	Imsey
290075	Uileroya
290076	Monseya
290077	Skarvoya
290078	Slubbersholmen
290079	Stenungson
290080	Langoya
290081	Flekkeroya
290082	Tjorn
290083	Halson
290084	Lyr
290085	Lilla Askeron
290086	Valon
290087	Stora Askeron
290089	Bragdoya
290090	Torno
290091	Melon
290092	Harmano
290093	Ageroya
290094	Katillo
290095	Fangon
290096	Andabeloy
290097	Armno
290098	Hidra
290099	Gaso
290100	Bondekrok
290101	Homboreya
290102	Hjalton
290104	Harstena
290105	Skaftolandet
290106	Tomon
290107	Vaggo
290108	Stora Hasselan
290109	Orust
290110	Stora Korno
290111	Missjo
290112	Loko
290113	Malmon
290115	Stora Borno
290116	Gotska Sandon
290117	Tranno
290118	Yxno
290119	Aspholm
290121	Eknon
290122	Udrikulaid
290123	Aspoja
290124	Eigeroya
290125	Tromoy
290126	Granso
290127	Jakobsa
290128	Sandoya
290129	Valo
290130	Gjesoya
290131	Askeroya
290132	Muson
290133	Esteron
290134	Otteron
290135	Pinno
290137	Risoya
290138	Vardoya
290140	Lacka
290141	Ringson
290142	Oja
290143	Kalvan
290144	Fagelo
290145	Reso
290146	Asko
290147	Fijang
290148	Skatoy
290149	Baeroy
290150	Jomfruland
290151	Obolandet
290152	Oteroy
290153	Nattaro
290154	Tjarno
290155	Aroy
290156	Bedaron
290157	Syd Kaster
290158	Rott
290159	Adnoy
290160	Rano
290161	Uskip
290162	Lango
290163	Yxlo
290164	Uto
290165	Idsal
290166	Ovrabo
290167	Herro
290168	Herfol
290169	Store Aroya
290170	Hundvag
290171	Malmoya
290172	Sondre Sandoy
290173	Musko
290174	Valon
290175	Langgarn
290177	Siktesoya
290178	Vikeroya
290179	Bjorko
290180	Austre Amoy
290181	Bru
290182	Hidle
290183	Nordre Sandoy
290184	Akeroy
290185	Sokn
290186	Vitsgarn
290187	Sandoya
290188	Fjordiong
290189	Morko
290190	Kvirsoy
290191	Sando
290192	Brimse
290193	Asmaloy
290194	Kirkeoy
290195	Fjoloy
290196	Langholmen
290197	Kvarnon
290198	Spjoeroy
290199	Vilinge
290200	Faglaro
290201	Mosteroy
290202	Kaston
290203	Talop
290204	Brotso
290205	Kymmendo
290206	Singloya
290207	Orno
290208	Vesteroy
290209	Hui
290210	Gillinge
290211	Morto Bunso
290212	Rennesoy
290213	Kjokoy
290214	Karlsoy
290215	Fogn
290216	Byre
290217	Jungfruskar
290218	Tjome
290219	Veireland
290220	Morto
290221	Bokn
290222	Orron
290223	Uvon
290224	Finnoyo
290225	Halsnoya
290227	Namdo
290228	Mellam Boloeren
290229	Hanko
290230	Randoy
290231	Nord Talgje
290232	Madero
290233	Aspon
290234	Nord Hidle
290235	Feynland
290236	Vestre Bokn
290237	Agno
290238	Rauer
290239	Austre Bokn
290240	Gason
290241	Netteroya
290242	Sjernaroya
290243	Ogney
290244	Bjergoya
290245	Toftoya
290246	Hovring
290247	Sandon
290248	Krokso
290249	Ombo
290250	Sodra Lagno
290251	Runmaro
290252	Vansholmen
290253	Vasterkasten
290254	Utsira
290255	Foldoyna
290256	Ladholmen
290257	Borgoya
290258	Vindo
290259	Ostra Delsholmen
290260	Granholmen
290261	Ramso
290262	Bostoya
290263	Tynningo
290264	Stavsudda
290265	Foyno
290266	Rindo
290267	Bocko Storo
290268	Karmoya
290269	Skarpo
290270	Grinda
290271	Lokao
290272	Hjalmo
290273	Gallno
290274	Sviudden
290275	Norrgardson
290276	Lodna
290277	Orso
290278	Moja
290279	Rovaer
290280	Ostova
290281	Trasko Storo
290282	Svartso
290283	Edo
290284	Ingmarso
290285	Applaro
290286	Sarso
290287	Langoya
290288	Husaro
290289	Lagno
290290	Ljustero
290291	Sjalbottna
290292	Vetterso
290293	Svartloga
290294	Espevaer
290295	Rodloga
290296	Loparo
290297	Gissoya
290298	Norrora
290299	Hemmaro
290300	Blido
290301	Hogmarso
290302	Kudoxa
290303	Yxlan
290304	Furusand
290305	Vidinge
290306	Romsa
290307	Svartno
290308	Grasko
290309	Stomnaro
290310	Sundskar
290311	Nautoy
290312	Brannskar
290313	Haoya
290314	Spyssoya
290315	Foyno
290316	Borgundoya
290317	Litle Hiskjo
290318	Vadoya
290319	Tjocko
290320	Fjelbergoya
290321	Tyvon
290322	Gisslingo
290323	Lidon
290324	Langangen
290325	Halsnoya
290326	Stridsholmen
290328	Rogoya
290329	Vato
290330	Arholma
290331	Bolshoy Tyuters
290332	Nesoya
290333	Ostoya
290334	Bomlo
290335	Huglo
290336	Ylvesoya
290337	Huso
290338	Risoya
290339	Vikoya
290340	Soloya
290341	Alforo
290342	Gisoya
290343	Litle Soloya
290344	Selsoy
290345	Ostrov Gutuyevskiy
290346	Torsgadsoy
290347	Bodo
290348	Skorpo
290349	Hanoya
290350	Ivarsoy
290351	Seloya
290352	Torso
290353	Siglo
290354	Anuglo
290355	Teloyna
290356	Stromso
290357	Fonno
290358	Kasnas
290359	Snilstveitoy
290360	Vanoxa
290361	Ramso
290362	Selbjorn
290363	Stolmen
290364	Fulgoya
290365	Bjorko
290366	Valo
290367	Kotlin
290368	Ostrov Moshchnyy
290369	Ostrov Malyy
290370	Seskar
290371	Algerso
290372	Ramso
290373	Pettu
290374	Kalvo
290375	Gripo
290376	Jarso
290377	Mokster
290378	Finnholma On
290379	Marso
290380	Sommaron
290381	Store Godoy
290382	Trasko
290383	Tysnesoya
290384	Kalo
290385	Reksteren
290386	Jarso
290387	Ango
290388	Bjorko
290389	Gylto
290390	Hummelholm
290391	Signalen
290392	Gogland
290393	Isosaari
290394	Pentala
290395	Huftaroy
290396	Stora Kalsoy
290397	Jungfruskar
290398	Fogdo
290399	Rotinga
290400	Hundvako
290401	Kuggo
290402	Langskar
290403	Sandtorv
290404	Villinki
290405	Varaldsoy
290406	Storlandet
290407	Torpon
290408	Mosshaga
290409	Kaunissaari
290410	Hattorna
290411	Busso
290412	Medholma
290413	Segelskar
290414	Strono
290415	Bergo
290416	Kalvholm
290417	Lehtisaari
290418	Furholm
290420	Varlingso
290421	Balderon
290422	Hasto
290423	Toftaroyna
290424	Valmo
290425	Raggaron
290426	Singo
290427	Molandet
290428	Svarto
290429	Royso
290430	Falon
290431	Simsalo
290432	Leroy
290433	Sundon
290434	Killingskar
290435	Norkullalandet
290436	Svino
290437	Hinsholma
290438	Bjelkaroyna
290439	Sjalo
290440	Rabbas
290441	Langholm
290442	Jarvsor
290443	Langbrok
290444	Vibberholm
290445	Vassaro
290446	Sodra Grano
290447	Langholm
290448	Korso
290449	Stora Risten
290450	Erikshall
290451	Tyssona
290452	Ledsora
290454	Asterholma
290455	Lempnas
290456	Hissoyna
290457	Applo
290458	Ravsten
290459	Ado
290460	Sakoluotu
290461	Tjuvo
290462	Iso Maissari
290463	Bjoroyna
290464	Alon
290465	Halso
290466	Furuholm
290467	Taipulus
290468	Lokoyna
290469	Ostra Skaret
290470	Torsholma
290471	Ostrov Bolshoy Berezovyy
290472	Nato
290473	Hamno
290474	Algroyna
290475	Pakinainan
290476	Simskala
290477	Ostrov Zapadnyy Berezovyy
290478	Kyrkholm
290479	Kaunissaari
290480	Vasteron
290481	Harklot
290482	Langon
290483	Appelo
290484	Korvenmaa
290485	Ango
290486	Askholm
290487	Soderholmen
290488	Boxo On
290489	Flato
290490	Loko
290491	Lokholm
290492	Soderholmen
290493	Stangskar
290494	Norra Koholm
290495	Kvarnholm
290496	Lanto
290497	Kupmo
290498	Tammio
290499	Langerso
290500	Trato
290501	Lanholm
290502	Jarviluoto
290503	Hamno
290504	Palholm
290505	Koukkusaari
290506	Sandskar
290507	Halleso
290508	Mustamaa
290509	Pitkasaari
290511	Salavainen
290512	Turoyna
290513	Misje
290514	Kozlinyy
290515	Sotra
290516	Suuri Musta
290518	Kalskar
290519	Bereyozovye
290520	Porsskar
290521	Dolgiy Karmen
290522	Kuorsalo
290523	Malyy Porganichnyy
290524	Omenasaari
290525	Toftoyna
290526	Graso
290527	Graneholm
290528	Rongoyna
290529	Papinluoto
290530	Ostrov Lisiy
290531	Orskar
290532	Storlandet
290533	Traskholm
290534	Flatoy
290535	Shkolnyy
290536	Pieskeri
290537	Askoy
290538	Blomoyna
290539	Herdlo
290540	Taipalus
290541	One
290542	Hjartoyna
290543	Igrivyy
290544	Holsnoy
290545	Ostrov Kormovoy
290546	Iso Koiluoto
290547	Ostrov Krepysh
290548	Toska
290549	Alvoyna
290550	Paddoy
290551	Kokoyna
290552	Osteroy
290553	Lygra
290554	Limon
290555	Kirsta
290556	Radoy
290558	Njota
290559	Vaakua
290560	Fedje
290561	Raunoya
290562	Langoyna
290563	Fosnoyna
290564	Dyroyna
290565	Saevroyna
290566	Pohjainen
290567	Borilden
290568	Storestongi
290569	Roytinga
290570	Ara
290571	Nappsholmen
290572	Mjomna
290573	Byrknesoyna
290574	Sandoyna
290575	Skorpa
290576	Store Kvernoyna
290577	Vassoyna
290578	Vassoyna
290579	Fonna
290580	Hille
290581	Hisaroyna
290582	Kuson
290583	Nesoyna
290584	Ranoyna
290585	Ytre Sula
290586	Storoyna
290587	Olderoyna
290588	Steinsundoyna
290589	Hagoyna
290590	Lagoyna
290591	Losna
290592	Storjungfrun
290593	Skorpa
290594	Sula
290595	Buskoyna
290596	Faeroyna
290597	Ospa
290598	Lammetu
290599	Bulandet
290600	Uskalinmaa
290601	Melvaeret
290602	Vaerlandet
290603	Alden
290604	Tvibyrge
290605	Dalsoyna
290606	Etelan Pirskeri
290607	Atloyna
290608	Pastuskeri
290609	Svanoy
290610	Askrova
290611	Agon
290613	Kinn
290614	Stavoya
290615	Krakon
290616	Reksta
290617	Brannon
290618	Alvora
290619	Bergohamn
290620	Skorpa
290621	Gronenga
290622	Olmen
290623	Olmen
290624	Fanoya
290625	Store Teroya
290626	Vevlingen
290627	Olmen
290628	Batalden
290629	Hovden
290630	Balson
290631	Froya
290632	Gangsoya
290633	Husegavoy
290634	Jattholmama
290635	Silda
290636	Barmoya
290637	Vagsoy
290638	Selja
290639	Sandskaret
290640	Kvamsoya
290641	Sanna
290642	Voksa
290643	Eika
290644	Sandsoya
290645	Nautoya
290646	Skorpa
290647	Salgrund
290648	Nerlandsoya
290649	Nerlandsoya
290650	Leinoya
290651	Rodon
290652	Storkalven
290653	Runde
290654	Gurskoy
290655	Granon
290656	Humla
290657	Alnon
290658	Godoya
290659	Giske
290660	Ellingsoya
290661	Valderoya
290662	Teroya
290663	Vigra
290664	Lepsoya
290665	Lungon
290666	Veoya
290667	Sekken
290668	Tautra
290669	Haramsoya
290670	Skuloya
290671	Mideyo
290672	Fjortoft
290673	Bolsoya
290674	Otroya
290675	Hemso
290676	Hogvaerholmen
290677	Storon
290678	Orta
290679	Haroya
290680	Abord
290681	Finnoya
290682	Sandoy
290683	Gossa
290684	Halson
290686	Molpe
290687	Algrundet
290688	Nesoya
290689	Bergsoya
290690	Klockarisskaret
290691	Marviksgrunnan
290692	Ovre Ronnskaret
290693	Stenskaret
290695	Ulvohamn
290697	Ekkilsoya
290698	Arsundoya
290699	Vaskiluoto
290700	Apskaret
290702	Strango
290703	Frei
290704	Boskar
290705	Trysunda
290707	Valsoya
290709	Storskar
290710	Grisslan
290713	Stabblandet
290714	Tustna
290715	Solskjelsoya
290716	Hylpet
290717	Buron
290719	Olderoya
290720	Teilot
290721	Harapois
290722	Kuli
290723	Kimholmarna
290724	Edoya
290725	Tranoya
290726	Korpeslot
290727	Bastuskaret
290728	Skardsoya
290729	Jousan
290730	Rostoya
290731	Villskar
290732	Stamneysoya
290733	Steinsoya
290737	Hemnskjela
290738	Haugoya
290739	Saebuoya
290740	Helsoya
290741	Asoya
290742	Vedoya
290743	Norrbyskar
290744	Edoya
290745	Olderoya
290746	Tautra
290747	Henriksoya
290748	Helgbustadoya
290749	Monsoya
290750	Sorleksa
290751	Buroya
290752	Nordleksa
290753	Store Torsoya
290755	Langoya
290756	Hjertoya
290757	Fjellvaersoya
290758	Storslattoya
290759	Heroya
290760	Stordola
290762	Ulvoya
290763	Storfosna
290764	Inntian
290765	Vagoya
290766	Hogon
290767	Orarna
290768	Uttian
290769	Seteroya
290771	Holmon
290772	Ytteroya
290773	Norddryoya
290774	Husoya
290775	Vaeret
290776	Fyllingen
290777	Maoya
290778	Gardsoya
290779	Valsoya
290780	Vastra Borsskaret
290781	Skjoroya
290782	Norra Hamnskaret
290783	Djuporarna
290784	Asen
290785	Lauvoya
290786	Ytre Gjaesingen
290787	Risoya
290788	Sorbuoya
290789	Prestoya
290790	Sauoya
290791	Vassoya
290792	Raudoya
290793	Linesoya
290794	Ostrov Khedostrov
290795	Ruohokari
290796	Stokkoya
290797	Karajaluoto
290798	Ostrov Kotkano
290799	Almenningen
290800	Vaeroya
290801	Terningen
290802	Kondostrov
290803	Sandoya
290804	Boroya
290805	Indre Skjervoya
290806	Ytre Skjervoya
290807	Ostrov Dinvyy
290808	Hepsoya
290809	Ostrov Severny
290810	Ramsoya
290811	Ostrov Manikostrov
290813	Ostrov Berezhnoy
290814	Ostrov Razostrov
290815	Ostrov Sedostrov
290816	Skjerpoya
290817	Kvaloya
290818	Geitoya
290819	Hoddoya
290820	Aspoya
290821	Litloya
290822	Kvernoya
290823	Halmoya
290824	Feoya
290827	Bjoroya
290828	Ellingen
290830	Hamnaroya
290832	Skingen
290837	Ostrov Malyy
290838	Elvalandet
290839	Otteroya
290840	Big Zhuzhmuy
290841	Joa
290843	Ostrov Medvedzhiy
290848	Ostrov Sosnovtsy
290850	Tviberg
290853	Hjelmsoya
290854	Stor Arnoya
290855	Stasoya
290856	Oksninga
290857	Ostrov Konev
290858	Bondoya
290859	Benda
290860	Naeroya
290861	Stokksoya
290862	Klungoya
290863	Maroya
290864	Buoya
290865	Svinoya
290866	Vagoya
290867	Krakoya
290868	Gasthamn
290869	Ostrov Kilyan
290870	Lauvoya
290871	Arkhipelag Kusova
290872	Ostrov Nemetskiy
290873	Sandvaeret
290874	Gjerdinga
290875	Inner Vikna
290877	Ostrov Severnyy Kolovar
290878	Ostrov Bolshoy Zayatskiy
290879	Ivarsoya
290881	Ytre Vikna
290883	Ostrov Yak
290884	Varjakansaari
290885	Kalvoya
290886	Dolma
290887	Kvaloy
290888	Raudoya
290892	Madsoya
290893	Ostrov Studentsy
290895	Loyha
290896	Leka
290897	Leknesoyene
290898	Oksninga
290901	Solovetsky
290902	Stor Robben
290903	Anzerskiy Skit
290904	Imoya
290905	Lil Robben
290906	Zhizhgin
290907	Stavoya
290908	Melleston
290909	Kvaloya
290910	Hovoya
290911	Vagoya
290912	Vargon
290913	Baggen
290914	Nord Moron
290915	Pirttikari
290918	Foron
290919	Rodkallen Saraspen
290920	Mannon
290921	Norr Aspern
290922	Kunoon
290923	Antnas Borskaret
290924	Torget
290925	Svennoya
290926	Kluntarna
290927	Junkon
290928	Ytrelangoya
290929	Buroya
290930	Germandon
290931	Tofte
290932	Smaskar
290935	Stora Brandon
290936	Mjoon
290937	Kallaxon
290939	Smalson
290940	Sauren
290941	Langon
290942	Altappen Likskar
290943	Sandon
290944	Brandoskar
290945	Dregeron
290946	Esteron
290947	Hinderson
290948	Sandskar
290949	Rison
290950	Lappon
290952	Hamnon
290953	Koivuluoto
290954	Ylvingen
290955	Stor Furuon
290956	Getskar
290957	Seskar Furuo
290958	Vagoya
290959	Baton
290960	Berghamn
290961	Hastaskaret
290962	Sola
290963	Degero Borstskaret
290964	Fjukson
290965	Ostova Suprotivnyye
290966	Slattoya
290967	Skomakaren
290968	Ostrov Bolshoy Chernyy
290969	Stora Hamnskar
290970	Peramaren Kansallispuisto
290971	Sigfridson
290972	Svartholmen
290973	Vega
290976	Hamnoya
290978	Bodon
290979	Naveron
290981	Iso Raisko
290982	Seskaro
290985	Hysvaer
290986	Bergon
290988	Brockon
290991	Minlandet
290992	Kraaseli
290993	Kuninkaankari
290994	Stor Faron
290995	Lil Faron
290996	Langholmen
290997	Skotsvaer
290998	Rodoya
290999	Akoroya
291000	Langoren
291001	Rosoya
291003	Baeroya
291005	Kvaloya
291006	Kalvan
291007	Graneson
291008	Blomsoya
291009	Tenna
291010	Hjartoya
291011	Oksningan
291012	Heroy
291013	Ytre Vardoya
291014	Alsta
291015	Stalen
291016	Skorpa
291017	Sorgasvaer
291018	Nordgasvaer
291019	Donna
291020	Slapoya
291021	Vandve
291022	Havstein
291023	Ostrov Sonostrov
291024	Lokta
291025	Hugla
291026	Donna
291027	Ostrov Bolshoy Medvedok
291028	Asvaer
291029	Asvaer
291030	Ostrov Pezhostrov
291031	Handesoya
291032	Ostrov Sredniy
291033	Tomma
291034	Ostrov Oleniy
291035	Ostrov Keret
291036	Ostrov Sidorov
291037	Gardsholmen
291038	Sjonoya
291039	Solvaer
291040	Lovund
291041	Straumoya
291042	Svenningen
291043	Verholmen
291044	Aldra
291045	Ostrov Kemludskiy
291046	Aldra
291047	Luroya
291048	Stigen
291049	Ostrov Yelovyy
291050	Ostrov Lushov
291051	Indre Kvaroy
291052	Ytterkvaroya
291053	Torsholmen
291054	Sorsanna
291055	Ostrov Olenevskiy
291056	Stortovaer
291057	Hestmona
291058	Rangsundoya
291059	Olderoya
291060	Sundoya
291061	Nessoya
291062	Risoya
291063	Ostrov Volostrov
291064	Renga
291065	Gjerdoya
291066	Flatoya
291067	Gjessoya
291068	Rodoya
291069	Svinvaer
291071	Ostrov Vachev
291072	Amnoya
291073	Gronnoya
291074	Bolga
291075	Skjaerpa
291076	Meloy
291077	Messoya
291078	Gasvaer
291079	Teksmona
291080	Helloya
291081	Innerstott
291082	Ostrov Medvezhiy
291083	Ostrov Ryashkov
291084	Ostrov Voroniy
291085	Reksoyan
291086	Indre Lyngoya
291087	Sor Femris
291088	Fugloya
291089	Ostrov Vlasov
291090	Ostrov Oleniy
291091	Ostrov Telyachiy
291092	Fleina
291093	Sor Arnoy
291094	Nordanoya
291095	Sandhornoya
291096	Steinsoya
291097	Staumoya
291098	Ljonesoy
291099	Bliksvaer
291100	Store Hartjoya
291101	Vagoya
291102	Sorvaer
291103	Vetteroya
291104	Fjolvagan
291105	Vokkoya
291106	Landegode
291107	Salmy
291108	Salmy
291109	Yam-Pugor
291110	Khe
291114	Rostlandet
291115	Karlsoyvaer
291116	Nordoya
291117	Prestmasoya
291118	Hjartoya
291119	Nordland
291120	Husoya
291121	Mosken
291122	Maloya
291123	Zeliv Lumbovskiy
291124	Buroya
291125	Lauvoya
291126	Mellanburoya
291127	Husoy
291128	Engeloya
291129	Lundoya
291130	Ostrov Medvezshey
291131	Hulloya
291132	Tannoya
291133	Flakstadoya
291134	Skrova
291136	Botnoya
291137	Avkijsuoloj
291138	Litlmolla
291140	Stormolla
291141	Saedingsoya
291142	Store Borga
291143	Revelsoya
291144	Baroya
291146	Ulvoya
291147	Lagvaeren
291150	Brottoya
291151	Skogoya
291152	Boroya
291153	Hadseloya
291154	Gaukvaeroya
291155	Ostrova Litskiye
291156	Store Rogla
291157	Ostrov Veshnyak
291158	Kvaeroya
291159	Naeroya
291160	Langoya
291161	Ostrov Kharlov
291162	Dyroya
291163	Borroya
291164	Tindsoya
291165	Rolla
291166	Gapoya
291167	Kjotta
291168	Akeroya
291169	Skogsoya
291170	Sandsoya
291171	Grytoya
291172	Bjarkoya
291173	Helloya
291174	Lemminvaer
291175	Flatoya
291176	Krottoya
291177	Ostrov Bolshoy Oleny
291178	Dyroya
291179	Tranoya
291180	Ostrov Yekaterininskiy
291181	Ostrov Malyy
291182	Ostrov Toros
291183	Kildin
291185	Ostrova Vichany
291186	Ryoya
291187	Edoya
291188	Store Sommaroya
291189	Hillesoya
291190	Hakoya
291191	Tussoya
291192	Aroya
291193	Angstauren
291194	Tromsoya
291195	Haja
291196	Sessoya
291197	Bjornoya
291198	Store Aroya
291199	Reinoya
291200	Vagsoya
291201	Gjossoya
291202	Bolshoy Kiy
291203	Vengsoya
291204	Kjelmoya
291205	Musvaer
291206	Skogeroya
291207	Uloya
291208	Noklan
291209	Skorpa Noklan
291210	Risoya
291211	Vorteroya
291212	Karlsoya
291213	Kagen
291214	Spildra
291215	Sandoya
291216	Haukoya
291217	Skjervoya
291218	Davoya
291219	Rodoy
291220	Rebbensoya
291221	Hersoya
291222	Andammen
291223	Varjavuonsuolu
291224	Aroya
291225	Laukoya
291226	Skarku
291227	Helgoya
291228	Store Skoroya
291229	Lille Maesveret
291230	Store Masvaeret
291231	Grotoya
291232	Store Ornoy
291233	Siskkit Ahkansuolu
291234	Maamela
291235	Olggut Ahkansuolu
291236	Stuorrajatkkis
291237	Nordkvaloya
291238	Buroya
291239	Ivvarsuolu
291240	Reinoya
291241	Nord Fugloya
291242	Galbi
291243	Loppa
291244	Stjernoya
291245	Silda
291246	Reinoya
291247	Vardoya
291248	Brattholmen
291249	Tana
291250	Gierba
291251	Rypoya
291252	Vinna
291253	Haja
291254	Storoya
291255	Tamsoya
291256	Lille Tamsoya
291257	Sandoya
291258	Maroya
291259	Store Kamoya
291260	Reinoya
291261	Stor Kobboya
291262	Havoysund
291263	Rolvsoya
291264	Masoya
291265	Ingoya
291266	Hjelmsoya
291267	Storstappen
291268	South Cape
291269	Hopen
291271	Aekongen
291272	Dianahamna
291273	Delitschoya
291274	Ziegleroya
291281	Abeloya
291293	Amsterdamoya
291302	Moffen
291304	Storoya
291308	Purchasneset
291325	Ostrov Zelenyy
291327	Ostrov Chayachiy
291328	Ostrov Lovetskiy
291337	Ostrov Dolgiy
291339	Ostrov Gulyayevskaya Koshka Nomer Dva
291340	Ostrov Paarchika
291341	Ostov Malyy
291342	Ostrov Bolshoy
291345	Torasavey
291348	Ozero Ngabtenato
291349	Ozero Ngabtenato
291350	Ngonyartso
291351	Ostrov Matveyev
291352	Litke
291353	Ostrov Malyy Tsinkovyy
291354	Ostrov Mestnyy
291355	Ostrov Bolshoy Tsinkovyy
291356	Khalevngo
291357	Ostrov Bolshoy Voronov
291361	Ostrov Oleniy
291364	Ostrov Pukhovyy
291365	Ostrov Malyy
291369	Ostrov Ozernoy
291370	Ostrov Bolshoy
291371	Kusova Zemlya
291372	Mys Morzhovyy
291373	Ostrov Nelidova
291384	Nikandrik
291388	Ostrov Bashmachnyy
291390	Sharapovy Koshki
291394	Ngosaveytomboy
291404	Ostrov Timofeyeva
291405	Ostrov Glotova
291407	Ostov Sobachiy
291409	Ostrov Tertyre
291410	Ostrov Tertyre
291411	Ostrov Taynyy
291413	Ostrov Yartseva
291414	Ostrov Shipunova
291424	Ostrov Rudakova
291425	Proklyatyye
291426	Proklyatyye
291427	Pestsovyye
291428	Pestsovyye
291429	Proklyatyye
291430	Proklyatyye
291431	Proklyatyye
291432	Proklyatyye
291433	Bol'shoy Korsakovskiy
291435	Ostrov Khramtsova
291437	Ostrov Karmakulisky
291438	Ostrov Karmakulisky
291439	Krestovskiy
291440	Krestovskiy
291445	Khalyango
291451	Tabngo
291452	Nosok
291453	Nosok
291455	Bezymyannyy
291456	Bol'shoy Oleniy
291457	Isola Mitjusev
291458	Verna
291462	Dikson
291463	Pyasina Delta
291464	Pyasina Delta
291465	Pyasina Delta
291466	Pyasina Delta
291467	Ostrov Gagachiy
291468	Pyasina Delta
291469	Pyasina Delta
291470	Pyasina Delta
291471	Pyasina Delta
291473	Pyasina Delta
291474	Pyasina Delta
291475	Pyasina Delta
291476	Pyasina Delta
291477	Pyasina Delta
291478	Pyasina Delta
291479	Pyasina Delta
291480	Pyasina Delta
291481	Pyasina Delta
291482	Pyasina Delta
291483	Pyasina Delta
291484	Pyasina Delta
291485	Kamennyye
291486	Chayek
291487	Pyasina Delta
291488	Pyasina Delta
291489	Verkhniy
291490	Rogozinskogo
291491	Pyasina Delta
291492	Begichevskaya Kosa
291493	Pyasina Delta
291494	Prodolgovatyy
291495	Pyasina Delta
291496	Pyasina Delta
291497	Pyasina Delta
291498	Bol'shoy Labirintovyy
291499	Pyasina Delta
291500	Kamennyye
291502	Labirintovyye
291503	Labirintovyye
291504	Labirintovyye
291505	Labirintovyye
291506	Labirintovyye
291507	Labirintovyye
291508	Pyasina Delta
291509	Bol'shoy Zelenyy
291510	Ostrov Gorn
291511	Pyasina Delta
291512	Ptich'i
291513	Farvaternyy
291514	Ptich'i
291515	Kamennyye
291516	Malyy Zveroboy
291517	Zveroboy
291518	Gol'tsmana
291519	Gol'tsmana
291521	Zarzara
291522	Zarzara
291523	Isola Di Cywolka
291524	Ostrov Tsivolki
291526	Ostrov Pakhtusova
291527	Baranova
291529	Isola Promyslovyj
291530	Granitnyy
291531	Utinyy
291532	Sverdrupa
291533	Skalistyy
291534	Oleniy
291535	Ploskiy
291537	Tsirkul'
291538	Nerpichiy
291539	Mysovoy
291540	Tsirkul'
291541	Bol'shoy
291542	Diabazovyy
291543	Chell'mana
291544	Popova Chukchina
291545	Malyy
291546	Sorevnovaniya
291547	Skott Gansena
291549	Skott Gansena
291551	Ringnes
291552	Baklunda
291554	Gavrillina
291555	Rykacheva
291556	Vil'da
291557	Khlebnikova
291558	Ostrov Pichutina
291559	Ostov Gorbovy
291560	Pologiy Sergeyeva
291561	Troynoy
291562	Gavrilova
291563	Ostrova Krestovyye
291565	Prodolgovatyy
291567	Ledyanyye
291569	Ostrov Barentsa
291572	Makarova
291573	Slozhnyy
291574	Uyedineniya
291575	Kirova
291576	Voronina
291577	Sedova Archipelago
291578	Sedova Archipelago
291579	Sedova Archipelago
291580	Ostrov Litke
291581	Northbrook
291582	Wilczek
291583	Ostrov Bell
291584	Poputnyy
291585	Bol'shoy Izvestnikovyy
291587	Ostov Meybel
291588	Koldewey
291589	Ostova Khokhshtettera
291590	Ostrov Li Smita
291591	Ostrov Breydi
291592	Ostrov Korolevskogo
291593	Ostov Iton
291594	Ostov Skott Kelti
291595	Bergkhauz
291597	Alger
291598	Ostrov Braysa
291599	Ostrov Pritchetta
291601	Bromvicha
291603	Heiss
291605	Ostrov Ketlitsa
291606	Ostrov Trekhluchevoy
291607	Greely
291609	Ostrov Keyna
291610	Ostrov Kuna
291611	Arthur
291612	Becker
291613	Payer
291615	Hoffman
291619	Freeden
291621	Clearmist
291623	Hawadoy
291624	Little Kiska
291625	Little Sitkin
291626	Buldir
291628	Nizki
292266	Psov
292269	Kolchaka
292270	Slantsevyye
292272	Bonevi
292273	Bera
292274	Pravdy
292277	Pilota Alekseyeva
292278	Moiseyeva
292279	Pilota Machotkin
292280	Vil'kitskogo
292281	Khovgarda
292282	Rozmyslova
292283	Ovalnyy
292284	Smezhnyy
292285	Dzhekman
292287	Pet
292288	Tugut
292289	Strizheva
292290	Chabak
292291	Kotovsky
292292	Yurt
292294	Novyy
292295	Oktyabr'
292296	Tyrtova
292297	Dozhdevoy
292298	Savvy-Loshkina
292299	Dobrynya Nikitich
292300	Petersena
292301	Krasin
292302	Mametkul
292303	Tyrtova
292304	Shpanberga
292305	Truvor
292306	Dalniy
292307	Pakhtusova
292308	Yermak
292309	Bianki
292311	Yevgeniya Fedorova
292312	Nord
292313	Unkovsky
292314	Matros
292315	Tri Brata
292316	Yevgeniya Fedorova
292317	Tri Brata
292318	Torosnyy
292319	Yermolova
292320	Shileyko
292322	Firnleya Yuzhnyy
292323	Kuropachiy
292324	Volodarskiy
292325	Uzbekistan
292327	Promyslovyy
292328	Pervomayskiy
292329	Gellanda Gansena
292330	Heiberg
292331	Heiberg
292332	Heiberg
292333	Zarya
292334	Greben'
292335	Olen'i
292336	Olen'i
292337	Neudach
292338	Lavrova
292339	Yuzhnyy
292340	Storozhevoy
292341	Sukhoy
292344	Vysokiy
292345	Machtovyy
292347	Ko Muk
292348	Limaong
292349	Bongo
292350	Tonowas
292351	Magdalen
292352	Merasheen
292357	Kingittup Nunaa
292358	Nansen
292359	Vasilyeva
292360	Shultsa
292361	Sadko
292364	Peratrovich
292365	Wrangel
340332	Rimbija
340333	East Montalivet
340334	Coomera
340335	Vindication
340336	Ibanez
340337	Orompello
340338	Granjales
340339	Taboguilla
340340	Kaluchagun
340341	Langley
340342	Ellice
340343	Easter
340344	Ilha de São Vicente
340345	Ilha Santa Rita
340346	Ilha dos Porcos
340347	Long Island
340348	Pulau Tandula
340349	Pulau Binaar
340350	Pulau Marege
340351	Pulau Kambunong
340352	Île Mandji
340353	Pulau Teriman
340354	Pulau Tanjung Kubu
340355	Pulau Naruh
340356	Pulau Baru
340357	Pulau Sokong
340358	Pulau Tipus
340359	Pulau Mianggas
340360	Cayo Boca Seca
340361	Cayo Puerco
340362	Cayo Guanal
340363	Maycock Cay
340364	Cayo Los Cayuelos
340365	Flamingo Cay
340366	Macs Island
340367	Frye Island
340368	Qiioqiarsuk
340369	Haviujaq Island
340370	Iglorsuit Island
340371	Guitar Island
340372	Chatham Island
340373	West Island
340374	Āndēber Desēt
340375	Cù Lao Linh
340376	Cù Lao Tấu
340377	Chiruchen To
340378	Ostrov Irkimibu
340379	Ostrov Oktyabrenok
340380	South Orkney
340381	Bellingshausen
340397	Amazon Delta
340398	Amazon Delta
340399	Amazon Delta
340400	Amazon Delta
340401	Amazon Delta
340423	Ta'aru
340424	Hoi
340432	Manne
340433	Tungelo
340440	Pulau Rekas
340458	Orinoco Delta
340459	Orinoco Delta
340460	Orinoco Delta
340461	Orinoco Delta
340462	Orinoco Delta
340463	Manano Delta
340464	Orinoco Delta
340476	Andros
340481	Mississippi Delta
340484	Mississippi Delta
340493	Biloxi State Wildlife Management Area
340494	Biloxi State Wildlife Management Area
340496	Biloxi State Wildlife Management Area
340497	Biloxi State Wildlife Management Area
340499	Rabbit
340500	Hog
340501	Pine & Little Marsh
340502	Cumberland
340504	Bull and Barataria
340505	St Phillips
340506	St Helena
340507	Hutchinson
340508	Port Royal and Parris
340509	Isle of Palms
340510	Capers
340513	Lighthouse
340514	Cape Romain National Wildlife Refuge
340515	Murphy
340516	Cedar
340517	Hunting
340518	Godwin
340520	Wallops Island National Wildlife Refuge
340521	Absecon
340522	Absecon
340524	Cousins & Littlejohn
340526	Yukon Delta
340527	Yukon Delta
340528	Yukon Delta
340543	Seashore
340546	Mackenzie Delta
340547	Mackenzie Delta
340548	Mackenzie Delta
340549	Mackenzie Delta
340550	Mackenzie Delta
340552	Clarence
340556	Wadworth
340558	Hosken
340559	Lameque
340564	Lemieux
340567	Portusooq
340572	Inugsugtussoq
340576	Nanuseq
340582	Astronomical Society
340583	Astronomical Society
340588	Rathbone
340589	Franske
340590	Kumbalangi
340591	Strait
340595	Entrance
340596	Buchanan
340600	Khalibanja Diha
340601	Sundarban
340605	Dayapur
340606	Kumirmai
340627	Cu Lau Long Tri
340631	Ben Tre
340637	Dao Tra Ngo
340639	Dai Binh
340641	Ke
340644	Ping
340645	Rondeya
340646	Varesmaa
340647	Aspskaret
340648	Lysoya
340650	Ostrov Vitte
340651	Svellingsflaket
340659	Gusinyy
340661	Pyasina Delta
340662	Vodnitskiy
340663	Begichevskaya Kosa
340664	Labirintovyye
340665	Surovyy
340666	Shar
340667	Stolichka
340679	Nanosnyye
340680	Krasnoflotskiye
340681	Bol'shoy
340682	Nizkiy
87859	Isle de Re
87860	West Jensen
87861	Mount Ernest
87862	Gunyangara
87863	Yawajaba
87864	North Turtle Island
87865	Avocet
87866	North Neptune
87867	Hindmarsh
87868	Mundoo
87869	Rigbys
87870	Rileys
87871	Kooragang
87872	Mitchells
87873	Oxley
87874	Dumaresq
87875	Mackenzies
87876	Harwood
87877	Woodford
87878	Causarina
87879	Waterman
87880	Senal
87881	Del Ray
87882	Satay
87883	Campana
87884	Canchimalero
87885	Tola
87886	Guano
87887	Ortiz
87888	Calabazal
87889	Sanquiamba
87890	Chitacoral
87891	Mulato
87892	Vaquitos
87893	Partidero
87894	Soledad
87895	Soldado
87896	Violin
87897	Zacate
87898	Cerro Prieto
87899	Cerro Venado
87900	Huivulai
87901	Kirkland
87902	Sea
87903	Beringia Novaya
87904	Kikegtek
87905	Aniktun
87906	Krekatok
87907	Anachlik
87908	Nuekshat
87909	Foggy
87910	Relief
87911	Crescent
87912	Triangle
87913	Cold
87914	Elvira
87915	Houston Stewart
87916	Isla Phillips
87917	Isla Guacamayo
87918	Isla del Doradito
87919	Isla de la Paloma
87920	Islote Redondo
87921	Isla Masones
87922	Isla García
87923	Isla Juanico
87924	Isla San Lorenzo
87925	Isla Rica
87926	Isla Colón Grande
87927	Isla Campichuelo
87928	Isla Vilardebó
87929	Isla Cambacuá
87930	Isla del Puerto
87931	Isla Pelada
87932	Isla Caridad
87933	Isla Pepeaji
87934	Ilha do Capinzal
87935	Ilha do Veiga
87936	Ilha das Rosas
87937	Ilha do Lessa
87938	Ilha Iguape
87939	Ilha do Cachimbão
87940	Ilha da Restinga
87941	Ilha do Pinto
87942	Ilha Grande Jutaí
87943	Ilha do Coronel
87944	Ilha Grande
87945	Ilha da Trindade
87946	Ilha Grande
87947	Ilha do Bacuri
87948	Ilha Grande do Pacajaí
87949	Ilha São Domingos
87950	Ilha Mandi
87951	Ilha Mujirum
87952	Ilha Buiuçu
87953	Ilha Jurupari
87954	Ilha Santarém
87955	Ilha Sirituba
87956	Ilha dos Macacos
87957	Ilha de Palhêta
87958	Ilha Urucuricaia
87959	Ilha das Velhas
87960	Ilha Aturiá
87961	Ilha do Comandaí
87962	Ilha Gurupaí
87963	Ilha de Santana
87964	Ilha Grande de Taiaçuí
87965	Ilha dos Macacos
87966	Ilha Mutunquara
87967	Ilha de Aruãs
87968	Ilha Maritiapina
87969	Ilha Tapuia
87970	Ilha Curumu
87971	Ilha Ituquara
87972	Ilha Urutaí
87973	Ilha Tartaruga
87974	Ilha Aranaí
87975	Ilha Japichaua
87976	Ilha Santa Cruz
87977	Ilha Itarana
87978	Ilha Rasa
87979	Ilha do Mututi
87980	Ilha Capinal
87981	Ilha Caldeirão
87982	Ilha Grande de Gurupá
87983	Ilha Acarapereira
87984	Ilha Porquinhos
87985	Ilha dos Bodes
87986	Ilha Maracujá
87987	Ilha Vieira
87988	Ilha Rasa
87989	Ilha Charapucu
87990	Ilha Macapá
87991	Ilha Jacitara
87992	Vaquería
87993	Isla Chitacoral
87994	Isla Los Brazos
87995	Île Aïpoto
87996	Awartun Island
87997	Île Mantouni
87998	Moussoué Santi Tabiki
87999	Gaan Tabiki
88000	Île la Moitié
88001	Île Ngama
88002	Île Assokomonbaka
88003	Île Bastien
88004	Benhori Bumoko Island
88005	Portal Eiland
88006	Île de la Quarantaine
88007	Plantain Island
88008	Gluck Island
88009	Jacobis Island
88010	Karia Island
88011	Baganara Island
88012	Makwakaru Island
88013	Karabaru Island
88014	Tiger Island
88015	Towagery Island
88016	Reedy Island No 2
88017	Waringa Island
88018	Orogandiman Island
88019	Esk Island
88020	Thooloora Island
88021	Kwakéa
88022	Howard Island
88023	Pulau Tobolintoh
88024	Île Zunga-Kia Kambula
88025	Pulau Uhiwa
88026	Pulo Kirukiru
88027	Pulo Tondaa
88028	Pulo Onemea
88029	Pulau Tarape
88030	Pulau Waruwaru
88031	Pulau Yetpelle
88032	Pulau Kaumotul
88033	Pulau Pengia
88034	Pulau Gimpa
88035	Evingué Polo
88036	Ningué Sika
88037	Île Heddé
88038	Île Domé
88039	Ningué Rolé
88040	Île Buiti
88041	Ngoumbi
88042	Pulau Bungin
88043	Pulau Panjang
88044	Pulau Maputi
88045	Île Soukou Doukou
88046	Pulau Bentenan
88047	Pulau Dangsi
88048	Pulau Sarangbaung
88049	Pulau Lima
88050	Pulau Lingkai
88051	Pulau Tiga
88052	Pulau Tiga
88053	Schiess Island
88054	Île Matakong
88055	Île Galibert
88056	Ilha de Ocurri
88057	Ilha de Elia
88058	Sansankoto Island
88059	Cayo Media Luna
88060	Cayo Güincho
88061	Cayo Moa Grande
88062	Cayo Algodón Grande
88063	Cayo Punta de los Machos
88064	Cayo Balandras
88065	Cayo Providencia
88066	Hog Cay
88067	Margaret Cay
88068	Cayo Antón Chico
88069	Cayo Salinas
88070	Cayo El Sapo
88071	Cotton Cay
88072	Anguilla Cay
88073	Bear Island
88074	Bliss Island
88075	Île de Macau
88076	Ministers Island
88077	Kennebecasis Island
88078	Îles de la Paix
88079	Long Island
88080	Île des Soeurs
88081	Île Sainte-Hélène
88082	Île de Varennes
88083	Long Island
88084	Île Sainte-Thérèse
88085	Lower Musquash Island
88086	Upper Musquash Island
88087	Gagetown Island
88088	Île Saint-Ours
88089	Île des Barques
88090	Île à la Pierre
88091	Île Saint-Joseph
88092	Île de Grâce
88093	Île aux Noyers
88094	Île Cardin
88095	Le Nid d'Aigle
88096	Madame Island (historical)
88097	Ayton Island
88098	Harrison Island
88099	Williams Island
88100	Hooper Island
88101	Perley Island
88102	South Charles Island
88103	Butler Island
88104	Martel Island
88105	Deer Island
88106	Fishing Island
88107	Wanatawakaw Island
88108	Fortesques Island
88109	Hay Island
88110	Waters Island
88111	Eddy Island
88112	J. Gordon Island
88113	Imilijjuaq Island
88114	Ibjuriktuq Island
88115	Block Island
88116	South Ooglit Island
88117	Walrus Island
88118	Kite Island
88119	Qikiqtanajuk Island
88120	Brands Island
88121	Bird Island
88122	Bowman Island
88123	Ujuk Island
88124	Hat Island
88125	Norman Lockyer Island
88126	Washington Irving Island
88127	Thanthonitruttu Island
88128	Vypīn Island
88129	North Passage Island
88130	Anderson Island
88131	Stewart Island
88132	Delgarno Island
88133	Point Island
88134	Gulishakhali Char
88135	Malhar Char
88136	Ruhitar Char
88137	Char Butum
88138	Nabir Char
88139	Bākāliā Char
88140	Bālir Char
88141	Seudkhali Char
88142	Samiruddin Char
88143	Jazīrat Umm al Biyābī
88144	Tuwaila Island
88145	Nisís Gáïdharos
88146	Isola di Polesine
88147	Cồn Đồng Tháp
88148	Cù Lao Nai
88149	Cồn An
88150	Cù Lao Tân Lộc
88151	Cù Lao Tân Phong
88152	Cồn Tân Mỹ
88153	Cồn Chài
88154	Île de Bai Luoi
88155	Cù Lao Thị Hòa
88156	Cù Lao Giêng
88157	Cù Lao Ong Go
88158	Cù Lao Tây
88159	Cù Lao Ong Con
88160	Cù Lao Long Khành
88161	Cỏ Găng Cù Lao
88162	Kaôh Péam Reăng
88163	Kaôh Kândal
88164	Kaôh Châkrei
88165	Kaôh Yâr
88166	Da Sha
88167	Diancao Zhou
88168	Xi’ao Dao
88169	Xunzhou Dao
88170	Nantai Dao
88171	Tiejiang
88172	Tiehuang Sha
88173	Jiangxin Sha
88174	Starling Island (historical)
88175	Fishbourne Island (historical)
88176	Jiangxin Zhou
88177	Shiye Zhou
88178	Taiping Chow (historical)
88179	Leigong Dao
88180	Chopyeongdo
88181	Yuch’o-do
88182	Ch’usang-do
88183	Ostrov Krasnoflotskiy
88184	Ostrov Bol’shoy Chome
88185	Ostrov Pilamif
88186	Ostrov Yuzhnyy
88187	Ostrov Ptichiy
88188	Ostrov Sakharnaya Golova
88189	Ostrov Chayachiy
88190	Ostrov Sivuchiy
88191	Ostrov Kirun
88192	Ostrov Taas-Aryy
88193	Ostrov Tit-Ary
88194	Ostrov Pegas-Ary
88195	Ostrov Nizkiy
88196	Ostrov Faddeya-Yuzhnyy
88197	Ostrov Faddeya-Severnyy
88198	Ostrov Krayniy
88199	Ostrov Sredniy
88204	Banco Justicia
88205	Banco Cormoran
88223	Pepe Ladron Grande (R. O. U.)
88224	Pepe Ladron Grande (R. O. U.)
88232	Lobos
88233	Naranjo
88234	del Infierno
88236	Barrientos
88237	Dos Hermanas
88238	del Padre
88240	Caballada
88241	Caballos
88242	Zapatero
88243	Santa Maria Grande
88244	Santa Maria Chica
88245	Bassi & Filomena
88246	del Burro
88248	del Chileno
88249	Dolores
88250	Almerias
88251	Almerias
88252	San Francisco
88253	del Queguay Grande
88265	de Men De Sa
88418	Marajo
88419	Marajo
88420	Marajo
88422	Marajo
88426	Marajo
88429	Marajo
88435	Marajo
88437	Marajo
88443	Marajo
88448	Marajo
88453	Marajo
88454	Marajo
88457	Marajo
88458	Marajo
88459	Amazon Delta
88460	Marajo
88461	Amazon Delta
88462	Marajo
88463	Amazon Delta
88464	Marajo
88465	Marajo
88467	Marajo
88468	Amazon Delta
88469	Marajo
88470	Marajo
88472	Marajo
88473	Marajo
88474	Marajo
88475	Marajo
88476	Marajo
88477	Amazon Delta
88478	Marajo
88479	Marajo
88480	Marajo
88481	Amazon Delta
88483	Amazon Delta
88484	Amazon Delta
88485	Marajo
88486	Amazon Delta
88487	Marajo
88488	Marajo
88489	Amazon Delta
88490	Marajo
88491	Amazon Delta
88492	Amazon Delta
88494	Amazon Delta
88495	Amazon Delta
88496	Marajo
88499	Amazon Delta
88501	Amazon Delta
88502	Marajo
88503	Marajo
88504	Marajo
88505	Marajo
88506	Marajo
88509	Amazon Delta
88514	Amazon Delta
88515	Marajo
88517	Amazon Delta
88519	Amazon Delta
88520	Amazon Delta
88521	Marajo
88522	Marajo
88523	Amazon Delta
88524	Marajo
88527	Marajo
88528	Marajo
88529	Marajo
88530	Marajo
88531	Marajo
88533	Marajo
88534	Amazon Delta
88536	Marajo
88539	Amazon Delta
88540	Amazon Delta
88542	Amazon Delta
88543	Amazon Delta
88544	Amazon Delta
88545	Amazon Delta
88546	Marajo
88547	Amazon Delta
88548	Amazon Delta
88549	Amazon Delta
88550	Amazon Delta
88551	Marajo
88552	Amazon Delta
88553	Marajo
88554	Marajo
88555	Marajo
88556	Amazon Delta
88557	Amazon Delta
88558	Amazon Delta
88559	Amazon Delta
88560	Amazon Delta
88561	Amazon Delta
88562	Marajo
88563	Amazon Delta
88564	Amazon Delta
88565	Marajo
88566	Marajo
88567	Marajo
88568	Marajo
88569	Amazon Delta
88571	Marajo
88572	Marajo
88573	Marajo
88574	Marajo
88575	Amazon Delta
88576	Marajo
88577	Amazon Delta
88578	Marajo
88579	Amazon Delta
88580	Amazon Delta
88581	Amazon Delta
88582	Amazon Delta
88583	Amazon Delta
88584	Amazon Delta
88585	Marajo
88586	Amazon Delta
88587	Amazon Delta
88588	Amazon Delta
88589	Marajo
88590	Marajo
88591	Amazon Delta
88592	Marajo
88593	Amazon Delta
88594	Marajo
88595	Amazon Delta
88596	Amazon Delta
88597	Amazon Delta
88598	Amazon Delta
88599	Amazon Delta
88600	Marajo
88601	Marajo
88602	Amazon Delta
88603	Amazon Delta
88604	Amazon Delta
88605	Amazon Delta
88606	Amazon Delta
88607	Amazon Delta
88608	Amazon Delta
88609	Amazon Delta
88610	Amazon Delta
88611	Amazon Delta
88612	Amazon Delta
88613	Amazon Delta
88614	Amazon Delta
88615	Amazon Delta
88616	Amazon Delta
88617	Amazon Delta
88618	Amazon Delta
88619	Amazon Delta
88620	Amazon Delta
88621	Amazon Delta
88627	Patia Delta
88629	Patia Delta
88631	Patia Delta
88632	Patia Delta
88633	Patia Delta
88634	Patia Delta
88636	Patia Delta
88638	Patia Delta
88640	Patia Delta
88641	Patia Delta
88643	Patia Delta
88644	Patia Delta
88645	Patia Delta
88646	Patia Delta
88649	Patia Delta
88651	Patia Delta
88652	Patia Delta
88654	Patia Delta
88657	Patia Delta
88659	Patia Delta
88660	Patia Delta
88662	Patia Delta
88682	ile aux Sept Chapelets
88684	Stoelmans
88715	Lange
88716	Tamara
88721	Waranosso
88734	Sandy Point
88735	Pig
88736	Cabbage Tree
88740	Herbert Creek
88741	Styx River
88749	Thaavaam
88752	Chongorgue
88758	Fumar
88759	Cacaira
88762	Matabau
88766	Rungoo
88813	Baixo Vadiazi
88815	Baixo Varuni
88817	Pana Krusima
88819	Irai
88820	East
88821	Dawson
88822	Bonvouloir
88823	Nibanga Nendi
88824	Master
88826	Yanaba
88827	Mborokua
88833	Sikaiana
88834	Daura
88839	Invitato
88841	Fungu Yasini
88844	Niutao
88845	Nanumea
88846	Lakina
88855	Nogu Dabu
88857	Kouilou
88864	Lif
88867	Karangraja
88868	Pulau Telagapahat
88882	Fuvahmulah
88889	Bras
88890	Pulau Juling
88897	Moukouke
88915	Pulay Selangan
88918	Ayama
88934	PulauTenggol
88954	La Ventana
88957	Grass
88958	Bayucos
88960	Alexander
88963	Cannery
88964	Reed
88965	Government
88966	Martin
88967	Sandy
88968	Cottonwood
88969	La Isleta
88970	La Gallinita
88971	La Gallinita
88972	Infierno
88973	Platero
88974	El Burro
88977	Guanare
88979	El Venado
88983	El Tocal
88988	La Ceiba
88992	Bernabela
88993	Orocopiche
88995	Grande
88996	El Mamon
88997	Buenos Aires
88998	La Ceiba
88999	Ceibita
89000	Cachamay
89001	El Jobal
89002	Isabela
89003	Bucare
89004	Fajardo
89005	de Mamo
89006	Fajardo
89007	Fajardo
89009	Orinoco Delta
89010	Orinoco Delta
89011	Orinoco Delta
89012	Orinoco Delta
89013	Isla Pagayo
89014	Orinoco Delta
89015	Tapatapa
89016	Orinoco Delta
89017	Isla Remolinos
89018	Orinoco Delta
89019	Orinoco Delta
89020	Orinoco Delta
89021	Iguana
89022	Orinoco Delta
89023	Orinoco Delta
89024	Orinoco Delta
89025	Orinoco Delta
89026	Orinoco Delta
89027	Orinoco Delta
89028	Orinoco Delta
89029	Orinoco Delta
89030	Orinoco Delta
89031	Orinoco Delta
89032	Orinoco Delta
89033	Tortola
89034	Orinoco Delta
89035	Mata-Mata
89036	Orinoco Delta
89037	Orinoco Delta
89038	Orinoco Delta
89039	Orinoco Delta
89040	Orinoco Delta
89041	Orinoco Delta
89042	Orinoco Delta
89043	Orinoco Delta
89044	Orinoco Delta
89045	Orinoco Delta
89046	Orinoco Delta
89047	Orinoco Delta
89048	Orinoco Delta
89050	Orinoco Delta
89052	Orinoco Delta
89053	Orinoco Delta
89056	Orinoco Delta
89057	Orinoco Delta
89059	Orinoco Delta
89062	Orinoco Delta
89063	Orinoco Delta
89064	Orinoco Delta
89065	Orinoco Delta
89066	Orinoco Delta
89067	Orinoco Delta
89068	Barbacoa
89069	Orinoco Delta
89070	Orinoco Delta
89071	Orinoco Delta
89072	Barro Colorado
89073	Orinoco Delta
89074	Pastores
89075	Juan Gallegos
89077	Zorra
89078	Advenimiento
89080	Orinoco Delta
89081	Orinoco Delta
89082	Orinoco Delta
89084	Orinoco Delta
89085	Manano Delta
89086	Manano Delta
89087	Manano Delta
89088	Orinoco Delta
89089	Orinoco Delta
89091	Manano Delta
89092	Manano Delta
89093	Manano Delta
89094	Isla Manamo
89095	Manano Delta
89096	Manano Delta
89102	Brasil
89140	Sumpiki Dakura
89141	Turneffe Atoll
89142	Turneffe Atoll
89145	Innominada
89149	Cayos Pingues
89151	Cayo Chacmochuk
89158	Cayos de la Enfermeria
89160	Las Picus
89167	Orange
89169	Shipyard
89170	Cedar
89180	Mississippi Delta
89184	Mississippi Delta
89185	Mississippi Delta
89186	Mississippi Delta
89191	Mississippi Delta
89193	Mississippi Delta
89197	Mississippi Delta
89208	Drayton
89215	Bateman
89218	Long
89219	Little
89220	Cote Blanche
89221	Black Prince
89222	Couba
89224	Biloxi State Wildlife Management Area
89226	Biloxi State Wildlife Management Area
89227	Pleasure
89228	Shell
89229	Biloxi State Wildlife Management Area
89230	Biloxi State Wildlife Management Area
89236	Pavell
89246	Tiger
89251	Jointer
89256	Ella
89258	Cockspur
89259	Bird
89261	Jones
89263	Elba
89264	Daufuskie
89265	Page and Pine
89266	Potato
89268	Hilton Head
89269	Bird
89271	Ashe
89272	Williman
89273	Buzzard
89276	Edisto
89277	Williman
89279	Coles
89280	Long
89281	Folly
89282	Wadmalaw
89283	Morris
89284	Sullivans
89285	Johns
89286	Goat
89291	Raccoon Key
89293	Cape Romain National Wildlife Refuge
89294	Cape Romain National Wildlife Refuge
89295	Cape Romain National Wildlife Refuge
89296	Cape Romain National Wildlife Refuge
89297	North
89298	North
89299	Bird
89300	Sols
89301	Bald Head
89303	Hog
89305	Coto De La Isleta
89307	Jones Neck
89309	Mouchao Da Povoa
89310	Wye
89311	Nummy
89312	White
89313	Cape May Wetlands
89314	Rainbow
89315	Sedge
89320	New Castle
89321	Seavey
89322	Nouvelle
89323	De Patiras
89324	Grimross
89325	Bouchard
89326	Iles de Contrecoeur
89327	Saint-Ignace
89334	Emperor
89340	Yukon Delta
89341	Yukon Delta
89342	Yukon Delta
89343	Yukon Delta
89344	Yukon Delta
89345	Yukon Delta
89346	Yukon Delta
89347	Yukon Delta
89348	Yukon Delta
89349	Yukon Delta
89385	Solivik
89410	Seashore
89415	Mackenzie Delta
89416	Mackenzie Delta
89417	Mackenzie Delta
89418	Mackenzie Delta
89419	Mackenzie Delta
89420	Mackenzie Delta
89421	Mackenzie Delta
89422	Mackenzie Delta
89423	Mackenzie Delta
89424	Mackenzie Delta
89425	Mackenzie Delta
89426	Mackenzie Delta
89427	Mackenzie Delta
89428	Mackenzie Delta
89429	Mackenzie Delta
89430	Mackenzie Delta
89431	Mackenzie Delta
89432	Mackenzie Delta
89433	Mackenzie Delta
89434	Mackenzie Delta
89435	Mackenzie Delta
89436	Mackenzie Delta
89438	Mackenzie Delta
89439	Mackenzie Delta
89440	Mackenzie Delta
89441	Mackenzie Delta
89442	Mackenzie Delta
89443	Mackenzie Delta
89444	Mackenzie Delta
89446	Mackenzie Delta
89447	Mackenzie Delta
89448	Mackenzie Delta
89449	Mackenzie Delta
89450	Mackenzie Delta
89452	Mackenzie Delta
89454	Mackenzie Delta
89456	Minto
89457	Mackenzie Delta
89458	Minto
89459	Mackenzie Delta
89460	Mackenzie Delta
89461	Mackenzie Delta
89462	Mackenzie Delta
89463	Mackenzie Delta
89464	Olivier
89465	Mackenzie Delta
89466	Mackenzie Delta
89469	Mackenzie Delta
89470	Mackenzie Delta
89476	Clarence
89477	Clarence
89478	Clarence
89485	Baillie
89488	Coutts
89493	Limestone
89500	Hardwood
89501	Seymour
89504	Bushy
89505	Moose Factory
89506	Moose Flats
89507	Tomisidenik
89508	Horseshoe
89509	Horseshoe
89526	Grande ile Elbow
89528	Thibaudeau
89541	Eddy
89543	Sentry
89545	Imiligaarjuk
89546	Lady Franklin
89547	Fairway
89558	Lemieux
89564	Lemieux
89566	Lemieux
89567	Lemieux
89569	Hozier
89571	Hozier
89572	Hozier
89573	Leybourne
89574	Leybourne
89575	Leybourne
89577	Leybourne
89578	Leybourne
89579	Leybourne
89580	Leybourne
89581	Leybourne
89582	Leybourne
89591	Leybourne
89595	Lemieux
89596	Paliak
89597	Savage
89603	Castle
89604	Camel
89610	Qurlurtuq
89620	Store Tindholm
89637	Astronomical Society
89639	Astronomical Society
89640	Astronomical Society
89641	Astronomical Society
89642	Hecla and Fury
89643	Copeland
89648	Martin
89650	Lavoie
89652	Lavoie
89656	Brown
89657	Long
89658	Peter Richards
89659	Stewart
89661	Gretha
89674	Menander
89675	Stor
89676	Stor
89677	Franske
89678	Franske
89679	Achton Friis
89692	Marthandam Kayal
89693	H Block
89694	R Block
89696	Kothade
89699	Madakkal
89700	Edayilekkadu
89701	Ramanthali
89703	Benette
89705	Narcondom
89706	Irakam
89710	Aigalakurve
89711	Halagejuga
89712	Preparis
89733	Chilika
89735	Barunikuda
89736	Parala
89737	Indrapasth
89738	Baghamunda
89753	Char Montaz
89754	Burge
89758	Char Sakuchi
89771	Lot-126
89772	Pakhirala
89777	Tentutala
89791	Harishpur
89792	Sona Char
89794	Char Piya
89829	Char Munsi
89894	Hogla Char
90115	Nurana
90134	Al Khiran
90145	Pacuiul Lui Soare
90150	Raul Dunarea
90154	Isola Dell'Amore
90156	Ostrovul Ivancea
90159	Ostovul Dranov
90173	Nuova Delle Tresse
90185	Ostrov Mezhonka
90187	Ko See Ko Ha
90188	Ko Lu Du
90189	Ko Yuea Daeng
90190	Lib
90191	Khlong Chanak
90192	Con Ngheu
90193	Con Ban
90194	Koh Poulo Wai
90195	Spratly
90196	Koh Poulo Wai
90197	Ko Khon Thi
90199	Koh Muang
90200	Macleod
90203	Tien Loi
90204	Phu Da
90207	Cu Lao My Hoa Hung
90211	Dao Long Son
90261	Somma Kyun
90262	Xa Tam Giang
90263	Xa Tam Hai
90264	Xa Tam Hoa
90265	Makanbon Kyun
90268	Cam Kim
90272	Pyinsalu
90279	Takayo Kyun
90280	U Kyun
90281	Mein Mya Hla Kyun
90288	Yele Kyun
90294	Kyun Nyo Gyi
90299	Htein Tan Ywar
90304	Ky Kyun
90307	Long
90308	Hmau Bhi Kyun
90309	Chaunggyi
90327	Kawpulu Kyun
90342	Ngapudaw
90356	Duy Phien
90396	Frontier
90423	Yutouqun
90432	Peongtaek
90434	Boji
90445	Platen Van Ossenisse
90446	Haringvreter
90449	Riesbosch
90450	Hoeksche Waard
90454	Ostrow Mielenski
90455	Ostrow Grabowski
90456	Wielka Kepa
90457	Debina
90459	Nebsund
90460	Wielki Karw
90461	Wyspa Chrzqszczewska
90462	Ostrow
90463	Karesand
90467	Kudzingsala
90468	Vadesklar
90469	Bjornoya
90476	Ostrov Medved
90477	Darrosuolu
90478	Langoya
90479	Ratnjan
90480	Bolscheoya
90481	Lyckholmoya
90487	Ozero Ngabtenato
90488	Levdiyev
90489	Ostrov Gulyayevskaya Koshka Nomer Tri
90490	Ostrov Gulyayevskaya Koshka Nomer Odin
90536	Makredotova
90542	Begichevskaya Kosa
90543	Trio
90544	Trio
90545	Pravdy Severa
90546	Severomortsev
90547	Kaminsky
90548	Mona
90549	Orlovskogo
90550	Severnyy
90551	Severnyy
90552	Dlinnyy
90556	Slityy
90557	Glavnyy
90682	Udobnyy
90683	Koshki
90685	Ko Pak Lat
90686	Ko Mak
90687	Ko Nang Kham
90690	Iqitarjuaq
