{"type":"Feature","properties":{"OBJECTID":108.0,"ECO_NAME":"Carpentaria tropical savanna","BIOME_NUM":7.0,"BIOME_NAME":"Tropical & Subtropical Grasslands, Savannas & Shrublands","REALM":"Australasia","ECO_BIOME_":"AU07","NNH":2,"ECO_ID":184,"SHAPE_LENG":136.211134954,"SHAPE_AREA":31.1519326935,"NNH_NAME":"Nature Could Reach Half Protected","COLOR":"#C5FC7D","COLOR_BIO":"#FEAA01","COLOR_NNH":"#7BC141","LICENSE":"CC-BY 4.0","name":"Carpentaria tropical savanna"},"geometry":{"type":"MultiPolygon","coordinates":[[[[140.4545,-17.64824],[140.45393,-17.64927],[140.45433,-17.64938],[140.4545,-17.64824]]],[[[140.59547,-17.59392],[140.59468,-17.59375],[140.59491,-17.5944],[140.59547,-17.59392]]],[[[139.74748,-17.56315],[139.74591,-17.56173],[139.74511,-17.56183],[139.74623,-17.56336],[139.74748,-17.56315]]],[[[139.74276,-17.55872],[139.74067,-17.55828],[139.74235,-17.56013],[139.74276,-17.55872]]],[[[139.7387,-17.55615],[139.7378,-17.55587],[139.73982,-17.55762],[139.7387,-17.55615]]],[[[139.72456,-17.54961],[139.72349,-17.54971],[139.72343,-17.55009],[139.72456,-17.54961]]],[[[139.57641,-17.47578],[139.5762,-17.47432],[139.5699,-17.47069],[139.56645,-17.47229],[139.5715,-17.47537],[139.57641,-17.47578]]],[[[140.90448,-17.29038],[140.90427,-17.29011],[140.90392,-17.29244],[140.90448,-17.29038]]],[[[139.62753,-17.15775],[139.62652,-17.15763],[139.62724,-17.15921],[139.62753,-17.15775]]],[[[139.55606,-17.12347],[139.55583,-17.1238],[139.55622,-17.12412],[139.55606,-17.12347]]],[[[139.55805,-17.1211],[139.55737,-17.1218],[139.55754,-17.12213],[139.55805,-17.1211]]],[[[139.55528,-17.11549],[139.55314,-17.11412],[139.55351,-17.11803],[139.54917,-17.12451],[139.55026,-17.1301],[139.55117,-17.12848],[139.55484,-17.12905],[139.55424,-17.12433],[139.56108,-17.11575],[139.55963,-17.1145],[139.55528,-17.11549]]],[[[139.47251,-17.09844],[139.47128,-17.09718],[139.47155,-17.09951],[139.47251,-17.09844]]],[[[139.37388,-17.06942],[139.3648,-17.06973],[139.36894,-17.07312],[139.37997,-17.07538],[139.38539,-17.07537],[139.39109,-17.07303],[139.38758,-17.07398],[139.38569,-17.07239],[139.37388,-17.06942]]],[[[139.64019,-17.07753],[139.63464,-17.06633],[139.62976,-17.06293],[139.6257,-17.06252],[139.62403,-17.06679],[139.62519,-17.07797],[139.6219,-17.08077],[139.61909,-17.08731],[139.61373,-17.09362],[139.61555,-17.09997],[139.61437,-17.10647],[139.60646,-17.11103],[139.59533,-17.11236],[139.59724,-17.11454],[139.59837,-17.12106],[139.59864,-17.12952],[139.59715,-17.13325],[139.60385,-17.13509],[139.60427,-17.13867],[139.61145,-17.13752],[139.61503,-17.13961],[139.61569,-17.1349],[139.61418,-17.13375],[139.61286,-17.12007],[139.62875,-17.09166],[139.63359,-17.08692],[139.63589,-17.07967],[139.64019,-17.07753]]],[[[140.9421,-17.05816],[140.94068,-17.05724],[140.93273,-17.05864],[140.92782,-17.0645],[140.93313,-17.06439],[140.93696,-17.06071],[140.9421,-17.05816]]],[[[139.25845,-17.04875],[139.25795,-17.04907],[139.25804,-17.04934],[139.25845,-17.04875]]],[[[139.25781,-17.04751],[139.25707,-17.04766],[139.25717,-17.04831],[139.25781,-17.04751]]],[[[139.47301,-17.03048],[139.47399,-17.02909],[139.47403,-17.02485],[139.47238,-17.02721],[139.47301,-17.03048]]],[[[139.38082,-17.02935],[139.38168,-17.02779],[139.38227,-17.02465],[139.38066,-17.02892],[139.37828,-17.03058],[139.38082,-17.02935]]],[[[139.23445,-17.02445],[139.23382,-17.02482],[139.23443,-17.02607],[139.23445,-17.02445]]],[[[139.47169,-17.02578],[139.47361,-17.02378],[139.47201,-17.02241],[139.47027,-17.02366],[139.47169,-17.02578]]],[[[139.2133,-17.00323],[139.20983,-17.00482],[139.20742,-17.00383],[139.20491,-17.00885],[139.20651,-17.01732],[139.21102,-17.02316],[139.21289,-17.03391],[139.21478,-17.03702],[139.2156,-17.03323],[139.22338,-17.03189],[139.22869,-17.04272],[139.23289,-17.04672],[139.23513,-17.04755],[139.24761,-17.04522],[139.25111,-17.05051],[139.25106,-17.05631],[139.25907,-17.05508],[139.2613,-17.0584],[139.26524,-17.05865],[139.26477,-17.05426],[139.26101,-17.05222],[139.2617,-17.05097],[139.25906,-17.05074],[139.25222,-17.04542],[139.24465,-17.03543],[139.24497,-17.0375],[139.24325,-17.03455],[139.24397,-17.03082],[139.23779,-17.02859],[139.23719,-17.02588],[139.23561,-17.02646],[139.23655,-17.02772],[139.23252,-17.02584],[139.23243,-17.02286],[139.22715,-17.02108],[139.22477,-17.01601],[139.21888,-17.01374],[139.21571,-17.01003],[139.2133,-17.00323]]],[[[139.37521,-17.00708],[139.375,-17.00577],[139.36991,-17.00053],[139.37207,-17.00591],[139.37521,-17.00708]]],[[[139.18925,-16.99044],[139.19355,-16.99275],[139.20204,-16.9951],[139.20014,-16.99265],[139.18925,-16.99044]]],[[[139.26524,-16.98551],[139.26287,-16.98614],[139.26051,-16.99052],[139.26286,-16.99363],[139.2615,-16.99947],[139.2637,-17.00046],[139.26342,-16.99845],[139.26574,-16.99739],[139.27079,-17.00063],[139.27073,-16.99445],[139.27319,-16.99713],[139.27485,-16.99319],[139.27969,-16.99453],[139.27781,-16.99072],[139.27267,-16.99203],[139.27232,-16.98823],[139.27055,-16.98941],[139.26524,-16.98551]]],[[[139.50743,-16.98485],[139.50691,-16.98544],[139.5077,-16.98556],[139.50743,-16.98485]]],[[[139.51438,-17.00323],[139.50657,-16.99244],[139.50427,-16.98553],[139.49246,-16.98022],[139.49469,-16.99092],[139.49093,-16.99647],[139.4918,-16.99968],[139.49429,-17.00012],[139.49444,-17.00154],[139.49072,-17.00791],[139.49072,-17.01496],[139.48646,-17.0197],[139.48153,-17.02314],[139.47895,-17.01964],[139.47727,-17.01969],[139.47333,-17.03227],[139.4713,-17.03225],[139.47084,-17.026],[139.46861,-17.02385],[139.4692,-17.02722],[139.46273,-17.02522],[139.45941,-17.02676],[139.46835,-17.02954],[139.45672,-17.03108],[139.45773,-17.0325],[139.4552,-17.03871],[139.45454,-17.04939],[139.44561,-17.0587],[139.43354,-17.06571],[139.4347,-17.06838],[139.43206,-17.06857],[139.42858,-17.07207],[139.42866,-17.06991],[139.43212,-17.06695],[139.43049,-17.06667],[139.42326,-17.0767],[139.42346,-17.07914],[139.41934,-17.079],[139.40736,-17.08319],[139.3943,-17.08162],[139.39567,-17.09155],[139.40072,-17.10054],[139.40055,-17.10672],[139.40953,-17.1134],[139.4113,-17.12307],[139.41499,-17.12733],[139.41905,-17.12687],[139.42106,-17.12851],[139.42248,-17.12738],[139.43067,-17.13211],[139.43333,-17.13967],[139.43484,-17.14044],[139.43598,-17.13887],[139.43908,-17.13955],[139.43907,-17.13461],[139.43196,-17.12757],[139.42756,-17.12731],[139.42439,-17.12257],[139.42701,-17.11191],[139.42944,-17.11182],[139.42989,-17.10974],[139.43551,-17.10715],[139.43623,-17.10163],[139.44075,-17.10204],[139.44097,-17.1008],[139.46171,-17.09515],[139.46791,-17.09704],[139.46966,-17.09494],[139.46801,-17.09797],[139.47192,-17.09613],[139.47549,-17.10068],[139.47463,-17.10848],[139.47717,-17.11571],[139.48405,-17.1213],[139.4862,-17.12191],[139.48802,-17.12035],[139.48741,-17.1192],[139.48518,-17.12109],[139.48384,-17.12043],[139.48652,-17.1166],[139.49003,-17.11489],[139.49443,-17.11519],[139.49858,-17.11772],[139.50254,-17.11696],[139.50602,-17.11828],[139.50993,-17.12362],[139.51248,-17.12175],[139.51461,-17.12214],[139.51254,-17.12093],[139.50898,-17.12221],[139.50877,-17.11993],[139.5142,-17.11883],[139.51985,-17.1243],[139.51493,-17.11189],[139.51631,-17.10936],[139.51754,-17.10991],[139.51779,-17.10649],[139.52323,-17.10317],[139.54034,-17.09939],[139.55241,-17.09986],[139.56741,-17.09264],[139.56915,-17.09353],[139.57473,-17.0921],[139.5785,-17.09413],[139.57075,-17.08275],[139.55999,-17.0734],[139.55311,-17.05979],[139.54983,-17.04659],[139.55297,-17.04065],[139.55484,-17.03985],[139.55674,-17.03412],[139.55409,-17.03524],[139.54762,-17.034],[139.51438,-17.00323]]],[[[139.49836,-16.97533],[139.4974,-16.97549],[139.4983,-16.97582],[139.49836,-16.97533]]],[[[139.49128,-16.96497],[139.49259,-16.96352],[139.49038,-16.96513],[139.49128,-16.96497]]],[[[139.3641,-16.95526],[139.36204,-16.95324],[139.36061,-16.95594],[139.36386,-16.95748],[139.3641,-16.95526]]],[[[139.47605,-16.95337],[139.47589,-16.95288],[139.47543,-16.95396],[139.47605,-16.95337]]],[[[139.48054,-16.94885],[139.47721,-16.9492],[139.47596,-16.95212],[139.48054,-16.94885]]],[[[139.07707,-16.90744],[139.07528,-16.90655],[139.0765,-16.90841],[139.07707,-16.90744]]],[[[139.05848,-16.88569],[139.05221,-16.88839],[139.04542,-16.88589],[139.04754,-16.88797],[139.05381,-16.89009],[139.05403,-16.89221],[139.05766,-16.89457],[139.05781,-16.89679],[139.06504,-16.89865],[139.06988,-16.90477],[139.07685,-16.90581],[139.07695,-16.90277],[139.07415,-16.9002],[139.07464,-16.8976],[139.07139,-16.89546],[139.07385,-16.89217],[139.06097,-16.88961],[139.05848,-16.88569]]],[[[138.88435,-16.87854],[138.88272,-16.87885],[138.88276,-16.87945],[138.88435,-16.87854]]],[[[138.92811,-16.8721],[138.92948,-16.87016],[138.92536,-16.87072],[138.92564,-16.87213],[138.92811,-16.8721]]],[[[139.06582,-16.86179],[139.06268,-16.86138],[139.06591,-16.86418],[139.06359,-16.86421],[139.05746,-16.87023],[139.05851,-16.87728],[139.06645,-16.87216],[139.06774,-16.86637],[139.06582,-16.86179]]],[[[139.12051,-16.86013],[139.11917,-16.85936],[139.12037,-16.86187],[139.12051,-16.86013]]],[[[139.09501,-16.81049],[139.09508,-16.8103],[139.09415,-16.81044],[139.09501,-16.81049]]],[[[139.15206,-16.82258],[139.14714,-16.81928],[139.14544,-16.8139],[139.13861,-16.81048],[139.13711,-16.80374],[139.13209,-16.79849],[139.11914,-16.80531],[139.09411,-16.81354],[139.09329,-16.81695],[139.09509,-16.81778],[139.0906,-16.82728],[139.09516,-16.84429],[139.09873,-16.84681],[139.10072,-16.84531],[139.11256,-16.8502],[139.11471,-16.84853],[139.11271,-16.84629],[139.11451,-16.84571],[139.11259,-16.84044],[139.11425,-16.83709],[139.12388,-16.83241],[139.12753,-16.82713],[139.13233,-16.82565],[139.14436,-16.82766],[139.14828,-16.82287],[139.14956,-16.825],[139.15206,-16.82258]]],[[[139.13476,-16.79038],[139.13362,-16.79173],[139.13481,-16.79179],[139.13476,-16.79038]]],[[[139.13821,-16.78911],[139.1383,-16.7902],[139.13932,-16.79037],[139.13972,-16.78951],[139.13821,-16.78911]]],[[[138.46702,-16.77686],[138.46683,-16.77702],[138.46935,-16.77906],[138.46702,-16.77686]]],[[[138.46473,-16.77558],[138.46387,-16.77595],[138.46656,-16.77658],[138.46473,-16.77558]]],[[[138.4266,-16.77479],[138.42563,-16.77494],[138.42878,-16.7759],[138.4266,-16.77479]]],[[[138.46435,-16.7746],[138.46167,-16.77593],[138.465,-16.77505],[138.46877,-16.77601],[138.46827,-16.7753],[138.46435,-16.7746]]],[[[139.15141,-16.785],[139.1537,-16.77629],[139.15556,-16.77458],[139.15274,-16.77634],[139.15046,-16.78364],[139.15141,-16.785]]],[[[138.44935,-16.77241],[138.44535,-16.77247],[138.44838,-16.77322],[138.44935,-16.77241]]],[[[139.14816,-16.76101],[139.14743,-16.76106],[139.14753,-16.76177],[139.14816,-16.76101]]],[[[139.14178,-16.75629],[139.13978,-16.75936],[139.14036,-16.76349],[139.14768,-16.76269],[139.14653,-16.76013],[139.14805,-16.76052],[139.14976,-16.75799],[139.14804,-16.75667],[139.14559,-16.75882],[139.14178,-16.75629]]],[[[139.28819,-16.74617],[139.28823,-16.74672],[139.28846,-16.74699],[139.28819,-16.74617]]],[[[138.32393,-16.74259],[138.32274,-16.74268],[138.32497,-16.74428],[138.32393,-16.74259]]],[[[139.16213,-16.74048],[139.16233,-16.74346],[139.16662,-16.74822],[139.16213,-16.74048]]],[[[138.31653,-16.74038],[138.31197,-16.74178],[138.3163,-16.74119],[138.32032,-16.74314],[138.31653,-16.74038]]],[[[138.32523,-16.73849],[138.32146,-16.73844],[138.32015,-16.73929],[138.32523,-16.73849]]],[[[138.3465,-16.73752],[138.34531,-16.73766],[138.34963,-16.73913],[138.3465,-16.73752]]],[[[138.34275,-16.73676],[138.34099,-16.73674],[138.34189,-16.73729],[138.34275,-16.73676]]],[[[139.16743,-16.73478],[139.16647,-16.73439],[139.16691,-16.73516],[139.16743,-16.73478]]],[[[139.21081,-16.71104],[139.20973,-16.7113],[139.20854,-16.71319],[139.20898,-16.71308],[139.21081,-16.71104]]],[[[139.84224,-16.70911],[139.84224,-16.70878],[139.84123,-16.70948],[139.84224,-16.70911]]],[[[139.8436,-16.70689],[139.84326,-16.70651],[139.84253,-16.70738],[139.8436,-16.70689]]],[[[139.46725,-16.70399],[139.46687,-16.70339],[139.46556,-16.70506],[139.46725,-16.70399]]],[[[139.43792,-16.69813],[139.43782,-16.69867],[139.43798,-16.69878],[139.43792,-16.69813]]],[[[139.82849,-16.70382],[139.83621,-16.70208],[139.83965,-16.70047],[139.83966,-16.69863],[139.83156,-16.69766],[139.82585,-16.703],[139.82849,-16.70382]]],[[[139.48408,-16.68931],[139.48295,-16.68968],[139.48329,-16.69012],[139.48408,-16.68931]]],[[[139.47975,-16.68906],[139.47952,-16.68944],[139.47979,-16.68966],[139.47975,-16.68906]]],[[[139.48139,-16.6875],[139.48054,-16.68787],[139.48081,-16.68831],[139.48139,-16.6875]]],[[[139.48286,-16.68659],[139.48252,-16.6868],[139.48274,-16.68713],[139.48286,-16.68659]]],[[[139.17079,-16.67165],[139.14813,-16.68885],[139.14469,-16.69397],[139.1434,-16.70079],[139.1394,-16.70666],[139.14015,-16.71583],[139.14366,-16.72053],[139.1464,-16.73291],[139.13897,-16.75019],[139.14085,-16.75493],[139.14895,-16.74909],[139.15322,-16.74864],[139.15631,-16.75051],[139.16189,-16.74948],[139.16085,-16.74036],[139.16955,-16.73046],[139.17686,-16.73622],[139.18505,-16.73342],[139.18428,-16.73179],[139.17532,-16.73366],[139.17378,-16.72974],[139.1824,-16.72759],[139.18771,-16.71989],[139.18548,-16.71711],[139.18531,-16.71179],[139.18153,-16.70183],[139.18824,-16.68097],[139.18051,-16.67309],[139.17079,-16.67165]]],[[[139.46836,-16.67005],[139.46653,-16.66765],[139.46524,-16.66813],[139.46121,-16.67152],[139.4515,-16.67513],[139.44821,-16.67972],[139.44409,-16.68191],[139.44052,-16.69202],[139.43762,-16.69471],[139.43737,-16.69693],[139.44085,-16.69891],[139.44075,-16.70444],[139.44506,-16.70686],[139.45372,-16.70774],[139.45593,-16.70493],[139.46408,-16.70066],[139.4681,-16.68865],[139.47627,-16.67993],[139.47142,-16.66943],[139.46836,-16.67005]]],[[[139.45265,-16.6669],[139.4524,-16.66749],[139.45257,-16.6676],[139.45265,-16.6669]]],[[[139.45961,-16.66874],[139.45922,-16.66673],[139.45758,-16.66932],[139.45961,-16.66874]]],[[[139.45657,-16.66877],[139.45838,-16.66629],[139.45391,-16.6629],[139.45292,-16.66587],[139.45657,-16.66877]]],[[[139.87885,-16.65725],[139.88736,-16.65356],[139.87854,-16.65036],[139.87514,-16.64525],[139.87126,-16.64588],[139.86792,-16.64884],[139.86951,-16.65584],[139.86679,-16.65919],[139.86025,-16.66144],[139.85097,-16.66117],[139.84718,-16.66342],[139.85451,-16.67176],[139.85521,-16.67757],[139.86061,-16.66794],[139.86879,-16.66338],[139.87515,-16.66309],[139.87885,-16.65725]]],[[[139.37713,-16.64312],[139.37724,-16.64241],[139.37657,-16.64349],[139.37713,-16.64312]]],[[[139.37915,-16.64351],[139.37872,-16.64128],[139.37701,-16.64431],[139.37915,-16.64351]]],[[[139.37939,-16.6479],[139.38473,-16.64214],[139.38209,-16.63437],[139.37901,-16.64004],[139.37971,-16.64346],[139.37779,-16.64534],[139.37939,-16.6479]]],[[[139.4515,-16.63333],[139.44902,-16.63461],[139.44979,-16.63652],[139.45159,-16.63539],[139.4515,-16.63333]]],[[[139.48056,-16.62931],[139.48043,-16.62986],[139.48066,-16.63018],[139.48056,-16.62931]]],[[[139.47357,-16.62465],[139.4729,-16.6247],[139.47355,-16.6259],[139.47357,-16.62465]]],[[[139.47418,-16.61018],[139.47344,-16.61023],[139.47373,-16.61061],[139.47418,-16.61018]]],[[[139.47409,-16.6079],[139.47335,-16.60795],[139.47341,-16.60838],[139.47409,-16.6079]]],[[[139.47215,-16.60518],[139.4691,-16.60651],[139.47454,-16.60709],[139.47695,-16.60879],[139.47634,-16.60667],[139.47804,-16.6056],[139.47215,-16.60518]]],[[[139.50088,-16.58445],[139.5005,-16.58413],[139.50043,-16.58491],[139.50088,-16.58445]]],[[[139.46568,-16.57814],[139.46885,-16.58059],[139.46684,-16.57857],[139.4701,-16.57816],[139.46568,-16.57814]]],[[[139.47163,-16.57671],[139.47106,-16.57719],[139.47123,-16.57736],[139.47163,-16.57671]]],[[[139.46827,-16.56795],[139.46704,-16.56784],[139.46742,-16.56925],[139.46827,-16.56795]]],[[[139.47669,-16.56286],[139.47579,-16.56334],[139.4768,-16.56427],[139.47669,-16.56286]]],[[[139.47113,-16.56266],[139.47048,-16.56547],[139.46818,-16.56562],[139.47227,-16.56836],[139.47465,-16.56534],[139.47113,-16.56266]]],[[[139.48034,-16.56354],[139.47991,-16.56169],[139.47918,-16.56098],[139.4785,-16.56201],[139.48034,-16.56354]]],[[[139.48172,-16.55981],[139.48075,-16.56067],[139.4817,-16.56214],[139.48172,-16.55981]]],[[[139.48594,-16.56011],[139.48577,-16.55973],[139.48542,-16.56032],[139.48594,-16.56011]]],[[[139.48464,-16.55912],[139.48329,-16.56004],[139.48373,-16.56134],[139.48475,-16.56048],[139.48464,-16.55912]]],[[[139.72665,-16.50421],[139.72621,-16.50464],[139.72678,-16.50486],[139.72665,-16.50421]]],[[[139.80998,-16.49114],[139.80344,-16.48736],[139.8022,-16.48817],[139.80273,-16.49083],[139.80653,-16.49449],[139.80658,-16.49795],[139.81363,-16.49284],[139.81274,-16.4911],[139.80998,-16.49114]]],[[[139.71797,-16.45031],[139.71207,-16.45949],[139.709,-16.47254],[139.70122,-16.47488],[139.70126,-16.47732],[139.70949,-16.49109],[139.71364,-16.49274],[139.71956,-16.49099],[139.72354,-16.49193],[139.73094,-16.50217],[139.73399,-16.49937],[139.73348,-16.48554],[139.73486,-16.47844],[139.73074,-16.47343],[139.72974,-16.46263],[139.73097,-16.45548],[139.72667,-16.45171],[139.71797,-16.45031]]],[[[139.77254,-16.44038],[139.77136,-16.44048],[139.77164,-16.44081],[139.77254,-16.44038]]],[[[139.55011,-16.39114],[139.54735,-16.3915],[139.54282,-16.39732],[139.53706,-16.39907],[139.53786,-16.4064],[139.53033,-16.41274],[139.48559,-16.43035],[139.48564,-16.43214],[139.4819,-16.4358],[139.47457,-16.43862],[139.47393,-16.44182],[139.46356,-16.44684],[139.43949,-16.4491],[139.4282,-16.4482],[139.41912,-16.44558],[139.39714,-16.44834],[139.38749,-16.45223],[139.37356,-16.45147],[139.36366,-16.4528],[139.35011,-16.46077],[139.33743,-16.46496],[139.32855,-16.46538],[139.31701,-16.46116],[139.30943,-16.46045],[139.29853,-16.46698],[139.29447,-16.4741],[139.28955,-16.47867],[139.2416,-16.50468],[139.2436,-16.50784],[139.24034,-16.52034],[139.23501,-16.52614],[139.21798,-16.5363],[139.22096,-16.53768],[139.21876,-16.5439],[139.21995,-16.54348],[139.21992,-16.54581],[139.21728,-16.54551],[139.21319,-16.55014],[139.21372,-16.55345],[139.2173,-16.55603],[139.21739,-16.55831],[139.21047,-16.57137],[139.18246,-16.59151],[139.17767,-16.59731],[139.16075,-16.60959],[139.16247,-16.61709],[139.16142,-16.6212],[139.15039,-16.63406],[139.15881,-16.64785],[139.15933,-16.65821],[139.16212,-16.6655],[139.16615,-16.66868],[139.17376,-16.66685],[139.17999,-16.66886],[139.18943,-16.66701],[139.19258,-16.66848],[139.19596,-16.67464],[139.19679,-16.68169],[139.19526,-16.69442],[139.19946,-16.70893],[139.20417,-16.71098],[139.20581,-16.70857],[139.21992,-16.71019],[139.22372,-16.71353],[139.2274,-16.72907],[139.23002,-16.73218],[139.24583,-16.72554],[139.25901,-16.72424],[139.26435,-16.72543],[139.26829,-16.73159],[139.27339,-16.7338],[139.27946,-16.73352],[139.28148,-16.7316],[139.28817,-16.73501],[139.29962,-16.72588],[139.30334,-16.72472],[139.30728,-16.726],[139.31246,-16.73081],[139.31706,-16.72727],[139.31715,-16.72326],[139.32377,-16.71026],[139.32835,-16.70899],[139.35018,-16.68964],[139.35511,-16.69174],[139.35734,-16.68844],[139.36561,-16.69372],[139.36721,-16.69178],[139.36612,-16.68979],[139.36839,-16.68792],[139.37271,-16.68759],[139.36727,-16.68332],[139.3673,-16.67427],[139.36897,-16.67032],[139.3751,-16.66555],[139.38241,-16.6566],[139.37699,-16.65168],[139.37835,-16.65034],[139.37579,-16.6482],[139.37469,-16.64445],[139.37782,-16.64133],[139.38075,-16.63434],[139.38326,-16.63394],[139.38558,-16.63982],[139.39416,-16.63804],[139.39939,-16.64389],[139.40104,-16.64086],[139.40293,-16.64418],[139.40658,-16.64578],[139.40979,-16.65145],[139.40965,-16.65513],[139.4104,-16.654],[139.41473,-16.65929],[139.4113,-16.65905],[139.41604,-16.66418],[139.41342,-16.66866],[139.4158,-16.67275],[139.42111,-16.67089],[139.42819,-16.67078],[139.43533,-16.67241],[139.43655,-16.67502],[139.43984,-16.66995],[139.45152,-16.6664],[139.4523,-16.66115],[139.45034,-16.6594],[139.45007,-16.65148],[139.44839,-16.64941],[139.44958,-16.64871],[139.44673,-16.64625],[139.44848,-16.64572],[139.4472,-16.64354],[139.44889,-16.64367],[139.44422,-16.63674],[139.44602,-16.63616],[139.44633,-16.63394],[139.44442,-16.63192],[139.43868,-16.63078],[139.44084,-16.63085],[139.44282,-16.62849],[139.44935,-16.62794],[139.46075,-16.62982],[139.46453,-16.62865],[139.46766,-16.6245],[139.47146,-16.61336],[139.46667,-16.60676],[139.4656,-16.60117],[139.4692,-16.59957],[139.46804,-16.59685],[139.47041,-16.58922],[139.46977,-16.58607],[139.46581,-16.58237],[139.46871,-16.58197],[139.47149,-16.58459],[139.47232,-16.58327],[139.46353,-16.57718],[139.46945,-16.57647],[139.46868,-16.57354],[139.46575,-16.57308],[139.46751,-16.57185],[139.46641,-16.56864],[139.4629,-16.57138],[139.46324,-16.57329],[139.46008,-16.57456],[139.45924,-16.57358],[139.45741,-16.57655],[139.45422,-16.57479],[139.45491,-16.57349],[139.45246,-16.56984],[139.45712,-16.57047],[139.47021,-16.55831],[139.48265,-16.55656],[139.49028,-16.55873],[139.49374,-16.56196],[139.49409,-16.56001],[139.49395,-16.56396],[139.50251,-16.57674],[139.50685,-16.57682],[139.50599,-16.57058],[139.51422,-16.5611],[139.51644,-16.55602],[139.5158,-16.55265],[139.51739,-16.55136],[139.51519,-16.55096],[139.51617,-16.54837],[139.51092,-16.54291],[139.48921,-16.54446],[139.48472,-16.54291],[139.47801,-16.53218],[139.47802,-16.53039],[139.48083,-16.52987],[139.47898,-16.52876],[139.47952,-16.52493],[139.48222,-16.52565],[139.48471,-16.52312],[139.48942,-16.52392],[139.49331,-16.52248],[139.50057,-16.5138],[139.50576,-16.51234],[139.50991,-16.51346],[139.51202,-16.51672],[139.53126,-16.51621],[139.53324,-16.51259],[139.53056,-16.511],[139.53002,-16.50812],[139.54316,-16.49384],[139.54071,-16.49291],[139.54136,-16.48819],[139.54551,-16.48811],[139.551,-16.48419],[139.55795,-16.48429],[139.55869,-16.4926],[139.57851,-16.50331],[139.58075,-16.51102],[139.57735,-16.51398],[139.57672,-16.51658],[139.57927,-16.52153],[139.57967,-16.52777],[139.58902,-16.53239],[139.58833,-16.54177],[139.59392,-16.54723],[139.59322,-16.55091],[139.59532,-16.5545],[139.59831,-16.55376],[139.61414,-16.54199],[139.62683,-16.53584],[139.62825,-16.53329],[139.63916,-16.53294],[139.64156,-16.52878],[139.65152,-16.52602],[139.65718,-16.51999],[139.67777,-16.51909],[139.68221,-16.52042],[139.68684,-16.52479],[139.6889,-16.53554],[139.70055,-16.53441],[139.7034,-16.53552],[139.71198,-16.53264],[139.71231,-16.53118],[139.71036,-16.52976],[139.70997,-16.52279],[139.7028,-16.51512],[139.70056,-16.51478],[139.70186,-16.51371],[139.69942,-16.50924],[139.70058,-16.50535],[139.69905,-16.49758],[139.7014,-16.49147],[139.70132,-16.4861],[139.69739,-16.47805],[139.69324,-16.47467],[139.69109,-16.46907],[139.68127,-16.46667],[139.68231,-16.46277],[139.68111,-16.4568],[139.67766,-16.45244],[139.67294,-16.45127],[139.66046,-16.45217],[139.64868,-16.44971],[139.64035,-16.44331],[139.63351,-16.43323],[139.61752,-16.4219],[139.61531,-16.41685],[139.60468,-16.40398],[139.5609,-16.39734],[139.55339,-16.39431],[139.55011,-16.39114]]],[[[139.28277,-16.2651],[139.28193,-16.26417],[139.27958,-16.26393],[139.28215,-16.26553],[139.27992,-16.26968],[139.27746,-16.26771],[139.2742,-16.26893],[139.27261,-16.26485],[139.27352,-16.26893],[139.27151,-16.26875],[139.27363,-16.27674],[139.27824,-16.26978],[139.27975,-16.27028],[139.28277,-16.2651]]],[[[139.25399,-16.23027],[139.25219,-16.23118],[139.25396,-16.23417],[139.25364,-16.2326],[139.25399,-16.23027]]],[[[137.54616,-16.17195],[137.54331,-16.1729],[137.54435,-16.17457],[137.54616,-16.17195]]],[[[137.48513,-16.1615],[137.48412,-16.16184],[137.48481,-16.16259],[137.48513,-16.1615]]],[[[137.46657,-16.15727],[137.46454,-16.15686],[137.46552,-16.15837],[137.46657,-16.15727]]],[[[137.46341,-16.1565],[137.46048,-16.15501],[137.45681,-16.15181],[137.46079,-16.15663],[137.46341,-16.1565]]],[[[137.45337,-16.14615],[137.45203,-16.14687],[137.45366,-16.14707],[137.4547,-16.14999],[137.45751,-16.15001],[137.46114,-16.15365],[137.46627,-16.15489],[137.47175,-16.15895],[137.48465,-16.16109],[137.46702,-16.1519],[137.45337,-16.14615]]],[[[136.93822,-15.93519],[136.93814,-15.93427],[136.93761,-15.93585],[136.93822,-15.93519]]],[[[136.93742,-15.93439],[136.9373,-15.93363],[136.9369,-15.93396],[136.93742,-15.93439]]],[[[136.93664,-15.93269],[136.9352,-15.93116],[136.92651,-15.93091],[136.92827,-15.93312],[136.93282,-15.93324],[136.93648,-15.93619],[136.93664,-15.93269]]],[[[136.96355,-15.87826],[136.96313,-15.87625],[136.96223,-15.87583],[136.96141,-15.87714],[136.96355,-15.87826]]],[[[137.07456,-15.85619],[137.07421,-15.85392],[137.07149,-15.85731],[137.06801,-15.85702],[137.06875,-15.86232],[137.06725,-15.86418],[137.06878,-15.86612],[137.07233,-15.86288],[137.07175,-15.86088],[137.07456,-15.85619]]],[[[136.97925,-15.8516],[136.97501,-15.85229],[136.96867,-15.85815],[136.96687,-15.86348],[136.96817,-15.87003],[136.97101,-15.87526],[136.98302,-15.88025],[136.98606,-15.88253],[136.9879,-15.88758],[136.99019,-15.88788],[136.99454,-15.88535],[136.99779,-15.87984],[136.98749,-15.87527],[136.98814,-15.87332],[136.98643,-15.871],[136.98874,-15.87098],[136.98842,-15.86638],[136.98104,-15.86012],[136.9834,-15.85785],[136.98322,-15.8558],[136.97925,-15.8516]]],[[[137.0547,-15.84362],[137.05446,-15.84428],[137.05489,-15.84451],[137.0547,-15.84362]]],[[[137.09685,-15.82931],[137.09675,-15.82985],[137.09691,-15.82996],[137.09685,-15.82931]]],[[[136.96005,-15.78872],[136.96075,-15.78677],[136.95879,-15.78559],[136.95876,-15.78808],[136.96005,-15.78872]]],[[[136.64865,-15.78144],[136.63864,-15.77577],[136.63684,-15.77632],[136.63759,-15.78483],[136.64018,-15.78779],[136.65289,-15.78759],[136.65529,-15.78621],[136.65384,-15.78541],[136.65454,-15.78373],[136.65845,-15.78185],[136.6534,-15.77988],[136.64865,-15.78144]]],[[[136.6378,-15.76943],[136.63664,-15.77258],[136.63766,-15.77377],[136.64531,-15.77756],[136.64754,-15.77651],[136.64841,-15.77276],[136.64655,-15.77088],[136.6378,-15.76943]]],[[[136.63516,-15.76934],[136.63177,-15.773],[136.62634,-15.7719],[136.6335,-15.77748],[136.63425,-15.77965],[136.63564,-15.7792],[136.63516,-15.76934]]],[[[136.94972,-15.76794],[136.94693,-15.76347],[136.94948,-15.76068],[136.94835,-15.75982],[136.94373,-15.76236],[136.94069,-15.7664],[136.94009,-15.769],[136.94418,-15.76918],[136.9469,-15.77767],[136.95061,-15.77384],[136.94891,-15.77115],[136.94972,-15.76794]]],[[[136.72264,-15.76465],[136.7243,-15.76155],[136.71849,-15.75601],[136.71753,-15.76171],[136.72264,-15.76465]]],[[[136.77437,-15.75643],[136.77469,-15.75529],[136.77396,-15.75399],[136.7728,-15.75579],[136.77437,-15.75643]]],[[[136.63138,-15.77165],[136.63489,-15.76847],[136.6261,-15.76312],[136.62106,-15.75529],[136.61711,-15.75229],[136.61903,-15.76171],[136.62779,-15.77124],[136.63138,-15.77165]]],[[[136.5788,-15.74937],[136.57343,-15.75017],[136.57816,-15.7536],[136.5788,-15.74937]]],[[[137.10691,-15.7506],[137.10648,-15.74698],[137.1039,-15.747],[137.10299,-15.75037],[137.10691,-15.7506]]],[[[136.80037,-15.74646],[136.79852,-15.7455],[136.79813,-15.74609],[136.79881,-15.74782],[136.80037,-15.74646]]],[[[136.5719,-15.7415],[136.57082,-15.73885],[136.57092,-15.7446],[136.5719,-15.7415]]],[[[136.61774,-15.73916],[136.6165,-15.73765],[136.61687,-15.74155],[136.61774,-15.73916]]],[[[137.10366,-15.73459],[137.10299,-15.73432],[137.10352,-15.73697],[137.10366,-15.73459]]],[[[136.57312,-15.74062],[136.57829,-15.7356],[136.57672,-15.73398],[136.57419,-15.734],[136.57214,-15.73613],[136.57155,-15.73933],[136.57312,-15.74062]]],[[[137.10274,-15.73264],[137.10213,-15.73233],[137.10259,-15.73395],[137.10274,-15.73264]]],[[[136.61812,-15.75103],[136.61461,-15.74666],[136.61586,-15.74221],[136.61502,-15.73538],[136.60944,-15.72919],[136.60005,-15.74086],[136.60069,-15.74341],[136.60585,-15.74402],[136.60777,-15.74579],[136.60694,-15.75108],[136.60266,-15.75087],[136.601,-15.75332],[136.604,-15.76637],[136.61771,-15.76437],[136.61644,-15.7524],[136.61812,-15.75103]]],[[[137.09942,-15.72487],[137.09908,-15.72498],[137.09916,-15.72617],[137.09942,-15.72487]]],[[[136.81731,-15.72447],[136.81235,-15.727],[136.8049,-15.72584],[136.80044,-15.72832],[136.80049,-15.73458],[136.80302,-15.73624],[136.80106,-15.74201],[136.80208,-15.74395],[136.80496,-15.74663],[136.80838,-15.74671],[136.8125,-15.73784],[136.81824,-15.74089],[136.81567,-15.74812],[136.82196,-15.74373],[136.81673,-15.73499],[136.81715,-15.73271],[136.82234,-15.72963],[136.82768,-15.73327],[136.83003,-15.73184],[136.81731,-15.72447]]],[[[136.58061,-15.72463],[136.57652,-15.72314],[136.56615,-15.72766],[136.56076,-15.72737],[136.5594,-15.7328],[136.56917,-15.74271],[136.57179,-15.73494],[136.58099,-15.72994],[136.58061,-15.72463]]],[[[136.54839,-15.72654],[136.54796,-15.72258],[136.54466,-15.72277],[136.54491,-15.72553],[136.54839,-15.72654]]],[[[136.61334,-15.72173],[136.61171,-15.72673],[136.61488,-15.73137],[136.61334,-15.72173]]],[[[136.88573,-15.71987],[136.88522,-15.71961],[136.88528,-15.72085],[136.88573,-15.71987]]],[[[136.5825,-15.72255],[136.58313,-15.71647],[136.5797,-15.721],[136.58005,-15.72252],[136.5825,-15.72255]]],[[[136.82951,-15.71905],[136.83124,-15.71735],[136.83122,-15.71622],[136.82823,-15.71841],[136.82951,-15.71905]]],[[[137.09748,-15.71573],[137.09545,-15.71965],[137.09197,-15.71844],[137.09282,-15.72065],[137.09928,-15.72178],[137.09748,-15.71573]]],[[[136.88239,-15.71556],[136.88095,-15.71807],[136.8821,-15.72007],[136.88794,-15.71703],[136.88771,-15.71649],[136.88239,-15.71556]]],[[[136.73175,-15.71616],[136.73145,-15.71318],[136.73088,-15.71259],[136.72939,-15.71471],[136.73175,-15.71616]]],[[[137.0971,-15.71101],[137.09649,-15.71124],[137.0971,-15.71199],[137.0971,-15.71101]]],[[[136.60973,-15.70929],[136.60658,-15.70958],[136.60199,-15.71601],[136.59836,-15.71587],[136.58922,-15.72104],[136.58406,-15.72796],[136.5826,-15.73383],[136.5733,-15.74209],[136.57297,-15.74892],[136.57951,-15.74898],[136.58083,-15.75152],[136.58012,-15.75554],[136.58205,-15.75818],[136.58855,-15.75879],[136.59917,-15.75589],[136.60065,-15.75071],[136.60712,-15.74764],[136.60541,-15.74521],[136.60358,-15.74707],[136.60184,-15.74665],[136.59901,-15.7432],[136.59943,-15.73945],[136.60788,-15.72448],[136.61108,-15.7116],[136.60973,-15.70929]]],[[[137.09598,-15.70631],[137.09424,-15.70589],[137.09533,-15.70854],[137.09598,-15.70631]]],[[[136.90022,-15.70728],[136.89947,-15.70576],[136.89804,-15.70827],[136.90022,-15.70728]]],[[[136.61922,-15.70585],[136.6174,-15.70445],[136.61423,-15.70676],[136.61426,-15.71039],[136.61455,-15.71055],[136.61922,-15.70585]]],[[[137.09572,-15.70344],[137.09522,-15.7035],[137.09574,-15.70403],[137.09572,-15.70344]]],[[[136.93185,-15.70293],[136.93004,-15.7056],[136.93355,-15.70454],[136.93185,-15.70293]]],[[[137.09482,-15.7016],[137.09466,-15.70193],[137.09505,-15.7022],[137.09482,-15.7016]]],[[[137.09389,-15.69858],[137.09383,-15.69912],[137.09412,-15.69933],[137.09389,-15.69858]]],[[[137.08928,-15.67477],[137.08872,-15.67461],[137.08884,-15.67548],[137.08928,-15.67477]]],[[[137.08933,-15.67385],[137.08881,-15.67228],[137.08838,-15.67407],[137.08933,-15.67385]]],[[[136.67229,-15.66543],[136.67194,-15.66376],[136.67018,-15.67521],[136.66528,-15.67872],[136.65787,-15.67558],[136.65631,-15.67694],[136.64914,-15.67618],[136.64474,-15.6728],[136.64241,-15.67423],[136.63959,-15.68466],[136.63219,-15.69675],[136.62422,-15.70218],[136.61768,-15.70939],[136.61525,-15.71505],[136.61464,-15.72318],[136.61813,-15.73905],[136.61539,-15.74633],[136.62813,-15.76354],[136.64601,-15.7679],[136.65778,-15.77454],[136.66884,-15.77468],[136.67516,-15.77771],[136.68251,-15.77879],[136.68506,-15.7759],[136.68713,-15.76379],[136.69135,-15.75752],[136.69514,-15.75603],[136.69467,-15.75343],[136.69928,-15.7483],[136.70087,-15.74405],[136.70438,-15.74218],[136.70872,-15.73358],[136.71454,-15.72638],[136.71622,-15.71932],[136.7218,-15.70995],[136.72501,-15.69816],[136.72308,-15.69622],[136.72197,-15.69769],[136.71558,-15.69595],[136.7114,-15.69723],[136.71036,-15.69513],[136.70831,-15.69758],[136.70523,-15.69727],[136.70309,-15.69551],[136.70357,-15.69176],[136.70099,-15.68593],[136.69369,-15.68262],[136.69087,-15.6866],[136.68985,-15.68547],[136.68774,-15.68679],[136.68111,-15.68386],[136.67975,-15.68148],[136.68063,-15.67367],[136.67755,-15.67223],[136.67958,-15.6682],[136.67229,-15.66543]]],[[[136.83574,-15.66386],[136.8349,-15.66273],[136.83069,-15.66135],[136.83305,-15.66393],[136.83574,-15.66386]]],[[[137.08053,-15.66119],[137.08042,-15.66141],[137.08159,-15.66199],[137.08053,-15.66119]]],[[[137.08629,-15.65566],[137.08278,-15.65721],[137.08523,-15.6606],[137.08648,-15.65777],[137.08629,-15.65566]]],[[[137.08245,-15.65239],[137.08228,-15.65239],[137.08252,-15.65347],[137.08245,-15.65239]]],[[[137.08573,-15.65062],[137.08539,-15.65051],[137.08552,-15.651],[137.08573,-15.65062]]],[[[136.73216,-15.65765],[136.72983,-15.65431],[136.73047,-15.65029],[136.729,-15.64927],[136.72696,-15.65086],[136.72621,-15.65537],[136.73216,-15.65765]]],[[[137.08561,-15.6497],[137.0828,-15.64756],[137.07987,-15.65078],[137.08306,-15.65135],[137.08561,-15.6497]]],[[[136.97609,-15.65315],[136.97628,-15.65016],[136.97295,-15.64732],[136.97259,-15.64982],[136.97609,-15.65315]]],[[[137.08111,-15.64649],[137.08187,-15.64459],[137.07998,-15.64574],[137.08111,-15.64649]]],[[[136.76671,-15.64019],[136.76425,-15.64151],[136.75821,-15.64107],[136.75629,-15.64515],[136.7541,-15.6462],[136.74522,-15.6473],[136.74026,-15.64425],[136.73511,-15.64857],[136.73889,-15.65342],[136.7357,-15.66077],[136.74023,-15.66599],[136.74145,-15.67151],[136.73552,-15.67866],[136.73798,-15.68466],[136.73601,-15.68918],[136.73782,-15.69155],[136.73737,-15.69725],[136.73447,-15.69992],[136.73033,-15.70039],[136.73158,-15.70298],[136.73642,-15.7056],[136.73898,-15.70352],[136.7451,-15.7051],[136.7478,-15.70736],[136.74643,-15.71073],[136.74973,-15.71021],[136.75131,-15.71199],[136.75113,-15.71542],[136.74683,-15.71837],[136.74313,-15.71753],[136.73946,-15.71279],[136.73677,-15.72675],[136.72934,-15.73586],[136.72899,-15.75305],[136.73442,-15.76049],[136.73788,-15.75922],[136.73961,-15.76333],[136.74222,-15.76211],[136.74113,-15.75914],[136.74242,-15.75918],[136.74297,-15.75641],[136.7476,-15.75534],[136.74617,-15.75303],[136.74805,-15.74965],[136.75711,-15.74849],[136.75876,-15.74522],[136.76448,-15.74621],[136.76485,-15.74311],[136.76927,-15.74313],[136.77209,-15.74625],[136.77478,-15.74509],[136.77704,-15.74724],[136.78168,-15.74076],[136.78914,-15.73636],[136.78856,-15.73452],[136.79129,-15.73238],[136.79199,-15.72917],[136.79793,-15.72902],[136.80522,-15.7244],[136.80412,-15.72078],[136.80501,-15.71421],[136.79919,-15.7141],[136.79703,-15.71037],[136.79727,-15.7063],[136.79939,-15.70439],[136.79518,-15.70274],[136.79355,-15.7033],[136.79379,-15.70492],[136.7886,-15.7073],[136.78095,-15.70523],[136.78282,-15.7042],[136.78011,-15.70157],[136.78108,-15.69776],[136.7851,-15.68949],[136.79182,-15.6852],[136.79526,-15.68723],[136.80095,-15.68508],[136.80527,-15.68612],[136.80238,-15.69563],[136.80331,-15.69834],[136.80605,-15.6975],[136.81519,-15.7003],[136.82606,-15.68866],[136.82886,-15.68804],[136.8338,-15.69055],[136.83759,-15.6877],[136.83304,-15.68708],[136.83137,-15.68168],[136.83405,-15.67987],[136.82892,-15.67741],[136.82907,-15.67562],[136.83249,-15.675],[136.83331,-15.67315],[136.82716,-15.66821],[136.82942,-15.66418],[136.82851,-15.66229],[136.82378,-15.65918],[136.81628,-15.65968],[136.81233,-15.65597],[136.80836,-15.65584],[136.8063,-15.65103],[136.79633,-15.64824],[136.79535,-15.64554],[136.78094,-15.64907],[136.77283,-15.6422],[136.76671,-15.64019]]],[[[136.7849,-15.64085],[136.78574,-15.64009],[136.78429,-15.64097],[136.7849,-15.64085]]],[[[137.07944,-15.63713],[137.07723,-15.63368],[137.07787,-15.63633],[137.07625,-15.63765],[137.07944,-15.63713]]],[[[137.09101,-15.62981],[137.09028,-15.6296],[137.09034,-15.6302],[137.09101,-15.62981]]],[[[137.07924,-15.62846],[137.07868,-15.62846],[137.07924,-15.629],[137.07924,-15.62846]]],[[[136.93534,-15.62835],[136.93282,-15.62685],[136.92913,-15.62754],[136.93021,-15.62954],[136.93534,-15.62835]]],[[[137.07042,-15.62534],[137.06965,-15.62513],[137.07061,-15.62583],[137.07042,-15.62534]]],[[[137.08419,-15.62505],[137.08301,-15.62533],[137.08307,-15.62566],[137.08419,-15.62505]]],[[[137.09174,-15.62454],[137.09168,-15.62487],[137.09202,-15.62508],[137.09174,-15.62454]]],[[[137.09195,-15.62362],[137.09128,-15.62373],[137.09162,-15.62422],[137.09195,-15.62362]]],[[[136.67509,-15.6184],[136.67386,-15.61722],[136.67375,-15.61874],[136.67509,-15.6184]]],[[[137.09495,-15.61605],[137.09324,-15.61737],[137.09548,-15.61865],[137.09495,-15.61605]]],[[[136.71924,-15.61199],[136.71989,-15.61036],[136.71692,-15.6094],[136.71573,-15.61342],[136.7211,-15.61262],[136.71924,-15.61199]]],[[[136.90653,-15.6163],[136.91132,-15.61344],[136.90935,-15.60662],[136.90775,-15.60946],[136.90839,-15.61135],[136.90383,-15.61524],[136.90653,-15.6163]]],[[[136.9805,-15.60675],[136.98331,-15.60109],[136.98217,-15.59861],[136.97925,-15.59858],[136.97698,-15.60082],[136.97838,-15.60574],[136.9805,-15.60675]]],[[[136.79089,-15.59103],[136.78712,-15.59371],[136.78383,-15.60095],[136.77762,-15.60805],[136.78139,-15.60992],[136.78194,-15.60867],[136.79089,-15.60936],[136.79242,-15.61233],[136.79077,-15.6144],[136.79161,-15.61575],[136.79921,-15.61346],[136.80002,-15.61096],[136.80319,-15.60898],[136.80516,-15.60924],[136.80681,-15.61183],[136.81174,-15.60658],[136.81413,-15.60602],[136.81549,-15.60769],[136.82043,-15.60412],[136.81512,-15.59701],[136.79089,-15.59103]]],[[[136.67349,-15.59336],[136.67084,-15.59073],[136.66747,-15.5953],[136.65492,-15.59415],[136.65042,-15.59891],[136.64963,-15.60412],[136.64674,-15.60669],[136.65317,-15.6062],[136.66316,-15.61079],[136.67104,-15.60894],[136.67471,-15.61282],[136.67963,-15.61099],[136.68176,-15.60561],[136.6806,-15.60193],[136.67422,-15.60111],[136.66893,-15.59627],[136.67349,-15.59336]]],[[[136.67889,-15.59083],[136.6776,-15.58975],[136.67677,-15.59057],[136.67728,-15.59116],[136.67889,-15.59083]]],[[[136.96322,-15.58869],[136.96343,-15.58636],[136.96044,-15.58438],[136.96177,-15.58876],[136.96322,-15.58869]]],[[[136.99456,-15.58434],[136.9921,-15.58502],[136.99157,-15.58675],[136.99383,-15.58966],[136.99337,-15.59449],[136.99773,-15.60015],[136.99488,-15.60537],[136.99917,-15.60908],[137.00234,-15.61682],[136.99561,-15.62917],[136.98571,-15.63501],[136.98218,-15.63488],[136.9824,-15.63352],[136.97793,-15.63464],[136.97985,-15.63739],[136.97899,-15.64092],[136.98131,-15.64383],[136.98154,-15.65581],[136.98893,-15.66138],[136.99376,-15.65852],[136.9959,-15.65882],[136.99567,-15.66414],[136.99173,-15.66884],[136.99222,-15.67301],[136.98923,-15.67526],[136.98508,-15.67454],[136.98372,-15.67254],[136.98554,-15.66998],[136.98513,-15.66787],[136.98,-15.66412],[136.97648,-15.66464],[136.97594,-15.66123],[136.97036,-15.66203],[136.97005,-15.66008],[136.97339,-15.65783],[136.96872,-15.65473],[136.97173,-15.65324],[136.96911,-15.6479],[136.97204,-15.64424],[136.96171,-15.64026],[136.95975,-15.64158],[136.9573,-15.64762],[136.95406,-15.64884],[136.95365,-15.65346],[136.95054,-15.65484],[136.95145,-15.65759],[136.94922,-15.65881],[136.94436,-15.65777],[136.93715,-15.66065],[136.94166,-15.66262],[136.94584,-15.66112],[136.94724,-15.66208],[136.94845,-15.66424],[136.94678,-15.66588],[136.94759,-15.66891],[136.94181,-15.67248],[136.94793,-15.67408],[136.94828,-15.67704],[136.94127,-15.681],[136.94152,-15.68349],[136.9399,-15.6847],[136.93537,-15.68376],[136.9294,-15.6849],[136.92236,-15.68182],[136.91925,-15.68325],[136.91983,-15.68612],[136.92589,-15.68683],[136.92653,-15.68932],[136.93642,-15.68766],[136.94009,-15.6912],[136.94025,-15.69554],[136.93539,-15.69764],[136.93958,-15.70189],[136.93478,-15.70415],[136.94054,-15.70952],[136.94044,-15.71164],[136.93782,-15.71242],[136.93701,-15.71465],[136.93982,-15.71544],[136.94109,-15.72009],[136.93628,-15.72127],[136.93513,-15.72454],[136.93051,-15.72637],[136.93898,-15.72792],[136.94098,-15.72568],[136.94408,-15.72771],[136.94545,-15.73079],[136.94241,-15.73618],[136.94269,-15.74117],[136.94299,-15.73791],[136.94687,-15.73376],[136.94873,-15.73428],[136.9487,-15.73721],[136.9538,-15.73792],[136.95477,-15.74079],[136.95602,-15.73595],[136.94992,-15.73015],[136.95151,-15.72667],[136.94884,-15.72344],[136.9509,-15.72158],[136.94875,-15.71943],[136.949,-15.71731],[136.95175,-15.71772],[136.95123,-15.71572],[136.95457,-15.71449],[136.95543,-15.7108],[136.96007,-15.71103],[136.96166,-15.71909],[136.96027,-15.72339],[136.96352,-15.72526],[136.96245,-15.7295],[136.96487,-15.7311],[136.96946,-15.72618],[136.96985,-15.71983],[136.97219,-15.71933],[136.97678,-15.7131],[136.9793,-15.71297],[136.98174,-15.71631],[136.98356,-15.72454],[136.97584,-15.73751],[136.98078,-15.73849],[136.9813,-15.73985],[136.98037,-15.74267],[136.97776,-15.74492],[136.97368,-15.74474],[136.97031,-15.74938],[136.9725,-15.7505],[136.97834,-15.74757],[136.98319,-15.75073],[136.98316,-15.75317],[136.97807,-15.75901],[136.98001,-15.7623],[136.98317,-15.75924],[136.98911,-15.76043],[136.99073,-15.76611],[136.98804,-15.77009],[136.98845,-15.77291],[136.99185,-15.77743],[136.99139,-15.78204],[136.99478,-15.78396],[136.9966,-15.7872],[136.99374,-15.79254],[136.99611,-15.79425],[136.99838,-15.79271],[137.00136,-15.79372],[137.01323,-15.80386],[137.01642,-15.80497],[137.02016,-15.80423],[137.02277,-15.80025],[137.0307,-15.79665],[137.03663,-15.79817],[137.03722,-15.80228],[137.04307,-15.80966],[137.04493,-15.81723],[137.04394,-15.82445],[137.04041,-15.82914],[137.03974,-15.83473],[137.049,-15.83833],[137.0524,-15.83683],[137.05514,-15.84109],[137.05747,-15.8382],[137.0624,-15.83826],[137.06511,-15.84165],[137.07519,-15.84616],[137.07468,-15.84091],[137.0727,-15.83821],[137.07364,-15.83295],[137.07784,-15.83139],[137.08021,-15.82752],[137.08445,-15.82623],[137.08423,-15.82211],[137.08902,-15.81469],[137.09072,-15.81506],[137.09369,-15.81112],[137.09778,-15.81136],[137.09943,-15.79724],[137.10357,-15.78533],[137.10319,-15.78132],[137.10607,-15.77766],[137.1068,-15.77321],[137.10549,-15.77019],[137.10303,-15.77086],[137.09997,-15.76748],[137.09134,-15.7674],[137.08635,-15.76164],[137.07952,-15.76101],[137.07758,-15.75707],[137.07816,-15.75381],[137.08135,-15.75291],[137.08034,-15.74858],[137.07818,-15.74887],[137.08353,-15.74725],[137.08144,-15.74586],[137.08198,-15.74331],[137.07873,-15.74323],[137.08051,-15.72532],[137.08332,-15.7208],[137.08263,-15.71473],[137.08323,-15.71294],[137.08581,-15.71253],[137.08466,-15.70398],[137.08291,-15.69792],[137.08008,-15.69432],[137.07795,-15.68246],[137.08143,-15.67316],[137.0814,-15.66362],[137.07848,-15.66327],[137.07654,-15.66058],[137.07975,-15.65637],[137.08243,-15.65558],[137.07856,-15.65411],[137.07738,-15.64967],[137.07363,-15.64868],[137.07013,-15.65229],[137.06353,-15.65165],[137.06312,-15.64422],[137.06035,-15.64154],[137.06305,-15.6381],[137.06341,-15.63294],[137.06612,-15.63064],[137.06742,-15.63122],[137.06624,-15.62641],[137.0591,-15.62772],[137.06116,-15.6334],[137.05631,-15.63951],[137.04641,-15.63982],[137.03664,-15.63645],[137.03127,-15.63113],[137.03235,-15.62808],[137.03026,-15.61927],[137.02318,-15.6112],[137.02382,-15.60783],[137.02765,-15.60525],[137.02074,-15.60233],[137.01891,-15.59801],[137.02001,-15.59464],[137.01014,-15.58638],[137.00673,-15.58728],[137.00588,-15.59146],[137.0038,-15.59213],[137.0015,-15.5902],[137.003,-15.58861],[137.00219,-15.58683],[136.99456,-15.58434]]],[[[136.65668,-15.59007],[136.65959,-15.58344],[136.65617,-15.58221],[136.65419,-15.58619],[136.65668,-15.59007]]],[[[136.9612,-15.5764],[136.96053,-15.57662],[136.96055,-15.57733],[136.9612,-15.5764]]],[[[136.96293,-15.57519],[136.96248,-15.57617],[136.96265,-15.57622],[136.96293,-15.57519]]],[[[136.85142,-15.57226],[136.8497,-15.57249],[136.84999,-15.57406],[136.85142,-15.57226]]],[[[136.61726,-15.55848],[136.61644,-15.55952],[136.61667,-15.55984],[136.61726,-15.55848]]],[[[136.8374,-15.56066],[136.8345,-15.55564],[136.83202,-15.55897],[136.82706,-15.56113],[136.80835,-15.55852],[136.80504,-15.56326],[136.79646,-15.56154],[136.79483,-15.55987],[136.79108,-15.56061],[136.78398,-15.57363],[136.77423,-15.57875],[136.78462,-15.58273],[136.7872,-15.5781],[136.78921,-15.57738],[136.79185,-15.5792],[136.79218,-15.57649],[136.79651,-15.57353],[136.7986,-15.57502],[136.80145,-15.58254],[136.80392,-15.58393],[136.80823,-15.58237],[136.81334,-15.58526],[136.81891,-15.58229],[136.82777,-15.58574],[136.83604,-15.58534],[136.84164,-15.57949],[136.83957,-15.57127],[136.83569,-15.56435],[136.8374,-15.56066]]],[[[136.50458,-15.53851],[136.50418,-15.53786],[136.50284,-15.53885],[136.50458,-15.53851]]],[[[136.88477,-15.5363],[136.8837,-15.53647],[136.8845,-15.53716],[136.88477,-15.5363]]],[[[136.51099,-15.52876],[136.51202,-15.52398],[136.5155,-15.51913],[136.51222,-15.52078],[136.50763,-15.52748],[136.50832,-15.52965],[136.51099,-15.52876]]],[[[136.91619,-15.5171],[136.91506,-15.51657],[136.91424,-15.51777],[136.91619,-15.5171]]],[[[136.59044,-15.5173],[136.57904,-15.51137],[136.57341,-15.51439],[136.57176,-15.51879],[136.57433,-15.52317],[136.56989,-15.52932],[136.55751,-15.53359],[136.54599,-15.53535],[136.53738,-15.53481],[136.5265,-15.53142],[136.52577,-15.53864],[136.51144,-15.54524],[136.51071,-15.55105],[136.51845,-15.55365],[136.52251,-15.56626],[136.51814,-15.58082],[136.50563,-15.5917],[136.50629,-15.59647],[136.51195,-15.60706],[136.51129,-15.61688],[136.5134,-15.62001],[136.51324,-15.6237],[136.50771,-15.63079],[136.49541,-15.63928],[136.49437,-15.64395],[136.50613,-15.64435],[136.51419,-15.65319],[136.5226,-15.65492],[136.53423,-15.653],[136.53978,-15.65383],[136.54222,-15.65104],[136.54214,-15.64812],[136.55058,-15.64019],[136.55423,-15.64093],[136.56132,-15.64581],[136.56659,-15.64653],[136.57103,-15.65003],[136.5724,-15.64665],[136.5836,-15.64712],[136.59074,-15.64527],[136.59241,-15.64233],[136.59186,-15.63605],[136.59463,-15.6267],[136.60219,-15.62567],[136.60524,-15.62359],[136.60121,-15.62334],[136.60008,-15.62113],[136.60066,-15.6169],[136.60568,-15.61539],[136.60159,-15.61369],[136.59965,-15.61083],[136.59973,-15.60595],[136.60184,-15.60252],[136.59985,-15.59917],[136.59987,-15.59445],[136.59631,-15.59014],[136.5968,-15.58178],[136.60237,-15.57703],[136.60153,-15.57118],[136.60548,-15.56133],[136.61092,-15.56108],[136.61211,-15.56318],[136.61151,-15.55858],[136.61792,-15.55625],[136.61574,-15.5548],[136.61574,-15.54916],[136.61304,-15.54691],[136.61539,-15.54592],[136.6142,-15.54365],[136.61641,-15.54217],[136.61433,-15.53974],[136.61369,-15.52933],[136.61057,-15.52356],[136.6026,-15.52155],[136.59766,-15.51779],[136.59044,-15.5173]]],[[[136.59434,-15.5086],[136.59367,-15.50898],[136.59384,-15.50985],[136.59434,-15.5086]]],[[[136.88227,-15.51403],[136.8845,-15.51244],[136.88147,-15.50607],[136.87336,-15.51731],[136.86742,-15.51627],[136.86789,-15.50776],[136.86547,-15.51168],[136.86352,-15.51224],[136.85886,-15.52236],[136.86017,-15.52512],[136.86336,-15.52623],[136.86118,-15.53254],[136.85463,-15.5372],[136.84569,-15.53901],[136.842,-15.54354],[136.84419,-15.54526],[136.84541,-15.54937],[136.84201,-15.55797],[136.84235,-15.56295],[136.84566,-15.56482],[136.84828,-15.56426],[136.85382,-15.57148],[136.85628,-15.58241],[136.85167,-15.58706],[136.84854,-15.58687],[136.84264,-15.58979],[136.83774,-15.59335],[136.83543,-15.59755],[136.83353,-15.59778],[136.8313,-15.6049],[136.84164,-15.60471],[136.84381,-15.60886],[136.84077,-15.61355],[136.83452,-15.61409],[136.83014,-15.61852],[136.84351,-15.61797],[136.84557,-15.623],[136.8502,-15.62361],[136.85236,-15.62571],[136.85159,-15.6287],[136.8476,-15.63063],[136.84306,-15.63116],[136.83812,-15.62887],[136.83766,-15.63494],[136.84053,-15.63616],[136.84253,-15.64059],[136.84512,-15.64214],[136.84419,-15.64535],[136.8464,-15.64788],[136.85327,-15.64598],[136.85457,-15.64217],[136.85878,-15.64284],[136.86156,-15.64022],[136.86882,-15.64037],[136.87064,-15.63629],[136.87688,-15.63358],[136.87885,-15.63481],[136.8782,-15.63747],[136.88184,-15.63701],[136.88313,-15.63217],[136.88054,-15.63024],[136.87817,-15.62305],[136.883,-15.61672],[136.8828,-15.61358],[136.87836,-15.61204],[136.87706,-15.61736],[136.87578,-15.6177],[136.87419,-15.61533],[136.87073,-15.61514],[136.86801,-15.61137],[136.86307,-15.60973],[136.86276,-15.60751],[136.86847,-15.60746],[136.86839,-15.60518],[136.87106,-15.60364],[136.87283,-15.60672],[136.87184,-15.60906],[136.87353,-15.61078],[136.87926,-15.60634],[136.8809,-15.60877],[136.88295,-15.60642],[136.88464,-15.60732],[136.88419,-15.60283],[136.88697,-15.59922],[136.88675,-15.59505],[136.88978,-15.59421],[136.89138,-15.59978],[136.89405,-15.59808],[136.89635,-15.59925],[136.89995,-15.59488],[136.90276,-15.59497],[136.90578,-15.59028],[136.90352,-15.58678],[136.89499,-15.58539],[136.89092,-15.57956],[136.88808,-15.56273],[136.88292,-15.55583],[136.88352,-15.55344],[136.88123,-15.54706],[136.88305,-15.54428],[136.88207,-15.54109],[136.87864,-15.53879],[136.87681,-15.53512],[136.8774,-15.53213],[136.87562,-15.53263],[136.87415,-15.53102],[136.87728,-15.53083],[136.87826,-15.52724],[136.88105,-15.527],[136.88082,-15.52006],[136.88227,-15.51403]]],[[[136.89008,-15.50019],[136.88905,-15.50073],[136.88948,-15.50107],[136.89008,-15.50019]]],[[[136.95716,-15.5027],[136.95646,-15.49945],[136.95005,-15.50325],[136.95499,-15.50418],[136.95716,-15.5027]]],[[[136.25035,-15.47003],[136.25041,-15.47214],[136.25133,-15.47376],[136.25035,-15.47003]]],[[[141.63411,-15.22157],[141.63354,-15.22136],[141.63343,-15.2219],[141.63411,-15.22157]]],[[[141.62767,-15.2159],[141.62783,-15.2154],[141.62716,-15.21611],[141.62767,-15.2159]]],[[[141.62767,-15.21693],[141.62872,-15.216],[141.62928,-15.21524],[141.62822,-15.21584],[141.62767,-15.21693]]],[[[135.84291,-15.17157],[135.83954,-15.16963],[135.83876,-15.16958],[135.84134,-15.17119],[135.84291,-15.17157]]],[[[135.76361,-15.12705],[135.76327,-15.12743],[135.76416,-15.1278],[135.76361,-15.12705]]],[[[135.76259,-15.12564],[135.76131,-15.12613],[135.76176,-15.12651],[135.76259,-15.12564]]],[[[141.62782,-15.10938],[141.62808,-15.11075],[141.63116,-15.11533],[141.62782,-15.10938]]],[[[141.62617,-15.10696],[141.6265,-15.1034],[141.62534,-15.10413],[141.62524,-15.10576],[141.62617,-15.10696]]],[[[135.79112,-15.09229],[135.78865,-15.09029],[135.78386,-15.09302],[135.7814,-15.09281],[135.77869,-15.0996],[135.7811,-15.10127],[135.78679,-15.09903],[135.79112,-15.09229]]],[[[141.65359,-15.08922],[141.65208,-15.08814],[141.65147,-15.08868],[141.65214,-15.08933],[141.65359,-15.08922]]],[[[141.64573,-15.06808],[141.64547,-15.06785],[141.64478,-15.06999],[141.64573,-15.06808]]],[[[135.70588,-14.88324],[135.70567,-14.88303],[135.7051,-14.88434],[135.70588,-14.88324]]],[[[135.71666,-14.87979],[135.71693,-14.87871],[135.71226,-14.88263],[135.71666,-14.87979]]],[[[135.73001,-14.83728],[135.72867,-14.83484],[135.72516,-14.83501],[135.71887,-14.84215],[135.71545,-14.85133],[135.70905,-14.852],[135.70843,-14.85639],[135.70961,-14.85758],[135.71213,-14.85855],[135.71475,-14.85745],[135.71994,-14.8602],[135.71982,-14.8736],[135.7162,-14.88283],[135.71167,-14.88442],[135.70658,-14.88344],[135.70608,-14.88577],[135.7003,-14.89358],[135.69679,-14.89505],[135.69524,-14.89414],[135.69391,-14.89745],[135.68912,-14.89958],[135.68607,-14.90409],[135.68913,-14.90685],[135.6926,-14.90765],[135.69749,-14.90552],[135.69852,-14.90795],[135.69974,-14.90708],[135.70203,-14.90859],[135.70299,-14.91271],[135.70723,-14.91324],[135.71529,-14.90285],[135.72092,-14.90094],[135.72685,-14.89457],[135.73143,-14.89255],[135.7382,-14.89947],[135.7514,-14.89612],[135.76387,-14.90188],[135.76318,-14.89977],[135.76714,-14.89547],[135.76611,-14.89119],[135.76779,-14.87659],[135.76523,-14.86206],[135.75928,-14.84885],[135.75391,-14.84588],[135.74702,-14.83674],[135.7401,-14.83589],[135.73759,-14.83731],[135.73001,-14.83728]]],[[[135.49963,-14.68162],[135.50069,-14.68373],[135.50465,-14.68427],[135.50459,-14.68264],[135.49963,-14.68162]]],[[[135.50616,-14.663],[135.50304,-14.66279],[135.50388,-14.66354],[135.50616,-14.663]]],[[[135.53844,-14.64356],[135.53703,-14.64449],[135.53732,-14.64492],[135.53844,-14.64356]]],[[[135.55307,-14.64],[135.55118,-14.63865],[135.55676,-14.6446],[135.55307,-14.64]]],[[[135.54861,-14.63903],[135.54303,-14.63498],[135.55661,-14.64715],[135.54861,-14.63903]]],[[[135.77806,-14.62748],[135.77779,-14.62797],[135.77818,-14.62824],[135.77806,-14.62748]]],[[[135.7822,-14.62996],[135.78152,-14.62747],[135.78119,-14.62866],[135.7822,-14.62996]]],[[[135.61061,-14.53396],[135.60983,-14.53396],[135.61023,-14.53673],[135.61061,-14.53396]]],[[[135.56419,-14.52236],[135.5628,-14.52459],[135.56425,-14.5254],[135.56419,-14.52236]]],[[[135.6281,-14.49117],[135.62363,-14.48836],[135.61557,-14.49126],[135.60214,-14.49053],[135.60239,-14.49954],[135.6004,-14.50442],[135.6042,-14.50734],[135.6037,-14.51006],[135.60735,-14.51629],[135.6118,-14.51828],[135.61641,-14.51328],[135.61917,-14.50709],[135.62624,-14.50219],[135.62767,-14.49779],[135.62994,-14.49621],[135.6281,-14.49117]]],[[[134.417023,-13.840551],[134.346603,-13.852978],[134.274155,-13.849066],[134.197708,-13.8633],[134.098938,-13.874044],[134.021515,-13.885494],[133.929733,-13.902905],[133.847153,-13.910236],[133.753357,-13.90943],[133.643234,-13.89596],[133.593582,-13.901196],[133.521103,-13.890646],[133.434708,-13.882846],[133.409866,-13.925126],[133.368332,-13.975177],[133.317169,-14.058824],[133.276565,-14.121562],[133.234482,-14.169329],[133.194626,-14.202107],[133.159287,-14.203108],[133.095947,-14.175127],[133.056549,-14.213321],[133.022797,-14.275548],[132.986328,-14.374081],[132.969803,-14.452164],[132.95842,-14.546582],[132.956238,-14.597876],[132.93959,-14.646467],[132.914535,-14.690531],[132.889908,-14.728692],[132.875961,-14.744596],[132.855972,-14.773215],[132.972565,-14.861937],[132.998917,-14.859765],[133.00621,-14.866663],[133.012924,-14.86392],[133.01796,-14.864686],[133.022385,-14.872217],[133.031723,-14.878686],[133.042419,-14.877567],[133.070312,-14.891115],[133.075775,-14.90138],[133.090988,-14.9186],[133.10524,-14.923337],[133.117935,-14.929694],[133.12146,-14.934441],[133.141983,-14.93808],[133.163345,-14.939327],[133.184799,-14.93714],[133.194458,-14.933683],[133.21521,-14.952943],[133.239227,-14.961453],[133.245377,-14.966681],[133.249878,-14.96412],[133.257919,-14.954475],[133.267899,-14.953132],[133.283646,-14.947655],[133.294769,-14.949113],[133.30394,-14.956429],[133.315704,-14.962465],[133.321671,-14.989207],[133.323196,-14.992249],[133.32782,-14.995324],[133.369049,-14.992757],[133.408585,-15.002261],[133.429581,-15.002486],[133.435043,-15.001034],[133.458344,-15.002037],[133.474625,-15.006745],[133.483856,-15.014404],[133.486908,-15.019728],[133.489883,-15.0311],[133.488022,-15.060131],[133.490082,-15.08252],[133.489868,-15.10142],[133.48819,-15.111234],[133.50116,-15.130241],[133.52301,-15.145402],[133.572189,-15.187847],[133.59433,-15.195362],[133.621765,-15.243195],[133.669495,-15.314257],[133.736343,-15.37158],[133.787842,-15.434421],[133.845551,-15.51039],[133.89682,-15.593654],[133.922867,-15.684795],[133.947357,-15.810024],[133.981705,-15.931104],[134.042068,-16.012924],[134.127258,-16.080912],[134.241638,-16.146355],[134.378861,-16.229256],[134.494537,-16.309088],[134.647751,-16.447552],[134.718018,-16.566803],[134.746201,-16.669222],[134.874161,-16.71689],[134.999756,-16.726778],[135.026703,-16.730364],[135.051254,-16.722259],[135.084549,-16.717608],[135.136047,-16.715715],[135.251099,-16.703018],[135.302582,-16.699621],[135.314728,-16.702427],[135.335938,-16.702227],[135.357208,-16.707865],[135.386169,-16.723646],[135.424194,-16.736412],[135.434876,-16.743607],[135.462494,-16.773994],[135.471863,-16.798727],[135.486084,-16.851154],[135.483612,-16.900837],[135.491364,-16.915359],[135.490494,-16.973789],[135.487625,-16.988422],[135.480225,-17.006025],[135.468338,-17.029514],[135.444382,-17.058968],[135.434036,-17.085362],[135.428528,-17.137997],[135.434937,-17.168602],[135.451843,-17.185957],[135.473267,-17.200344],[135.47789,-17.206141],[135.490158,-17.216238],[135.52095,-17.250971],[135.544189,-17.2887],[135.542755,-17.296017],[135.582581,-17.321882],[135.6026,-17.343573],[135.61145,-17.348137],[135.616409,-17.353645],[135.613693,-17.361181],[135.605423,-17.370317],[135.591736,-17.377523],[135.5728,-17.384365],[135.561829,-17.364615],[135.544617,-17.345032],[135.521179,-17.325609],[135.51506,-17.329781],[135.52417,-17.357603],[135.539535,-17.385258],[135.537689,-17.393324],[135.538086,-17.407343],[135.540451,-17.417301],[135.509323,-17.420134],[135.497116,-17.430477],[135.491104,-17.438652],[135.472611,-17.447153],[135.456421,-17.463606],[135.439957,-17.470047],[135.42955,-17.470316],[135.423584,-17.48049],[135.413345,-17.486765],[135.396805,-17.491196],[135.383606,-17.465485],[135.375122,-17.459688],[135.412354,-17.45072],[135.407959,-17.442816],[135.401672,-17.440973],[135.411514,-17.420681],[135.402863,-17.408878],[135.374191,-17.425642],[135.357651,-17.430071],[135.316162,-17.435123],[135.307632,-17.427319],[135.30101,-17.413456],[135.306503,-17.385262],[135.314606,-17.377041],[135.314163,-17.361017],[135.275894,-17.329895],[135.252502,-17.341982],[135.218597,-17.365376],[135.197861,-17.367882],[135.194016,-17.379999],[135.171768,-17.404585],[135.137421,-17.363314],[135.090469,-17.316309],[135.048172,-17.287218],[135.03363,-17.287552],[135.021255,-17.291843],[135.015274,-17.302004],[134.998795,-17.308392],[134.990814,-17.322605],[134.991303,-17.342638],[134.999863,-17.352467],[134.991791,-17.362671],[134.966888,-17.365236],[134.926956,-17.348084],[134.901871,-17.342621],[134.895645,-17.342758],[134.88501,-17.332968],[134.866211,-17.329367],[134.859878,-17.325495],[134.845245,-17.321802],[134.832779,-17.322069],[134.828522,-17.318152],[134.807739,-17.318592],[134.785294,-17.337107],[134.783386,-17.345163],[134.773087,-17.349388],[134.748138,-17.349907],[134.708191,-17.389187],[134.703201,-17.386908],[134.68045,-17.393379],[134.672134,-17.393549],[134.659317,-17.377773],[134.632111,-17.3703],[134.621582,-17.364496],[134.609024,-17.360737],[134.584045,-17.359222],[134.577682,-17.353332],[134.575348,-17.341352],[134.560333,-17.319595],[134.547623,-17.307814],[134.53714,-17.304005],[134.524841,-17.31226],[134.516861,-17.328445],[134.515304,-17.35453],[134.503037,-17.46698],[134.478546,-17.49148],[134.455856,-17.501921],[134.42514,-17.528526],[134.421188,-17.538614],[134.406998,-17.558905],[134.384445,-17.577335],[134.368286,-17.603663],[134.318848,-17.634573],[134.313293,-17.645765],[134.317703,-17.660032],[134.309845,-17.672718],[134.312653,-17.709976],[134.318329,-17.743978],[134.322342,-17.785614],[134.330719,-17.80246],[134.33432,-17.822475],[134.34523,-17.837557],[134.34761,-17.830273],[134.360016,-17.824047],[134.382965,-17.823639],[134.383438,-17.847649],[134.38147,-17.853689],[134.381775,-17.869694],[134.383942,-17.873657],[134.40065,-17.873358],[134.406753,-17.865244],[134.407898,-17.85211],[134.412826,-17.855126],[134.41893,-17.84701],[134.420807,-17.836969],[134.424988,-17.836891],[134.431168,-17.832777],[134.431335,-17.840778],[134.43988,-17.85063],[134.442078,-17.856594],[134.45285,-17.872408],[134.457092,-17.876331],[134.459427,-17.888296],[134.470032,-17.896105],[134.472199,-17.900068],[134.486816,-17.899796],[134.486527,-17.885792],[134.475937,-17.877985],[134.471634,-17.872061],[134.47139,-17.860058],[134.469299,-17.860096],[134.469177,-17.854093],[134.500412,-17.849508],[134.523376,-17.849075],[134.535812,-17.844837],[134.54834,-17.844599],[134.560776,-17.840357],[134.567032,-17.840235],[134.573181,-17.834112],[134.581528,-17.833952],[134.585617,-17.829868],[134.602188,-17.823542],[134.612442,-17.815334],[134.614441,-17.811293],[134.622787,-17.811129],[134.622284,-17.787115],[134.624283,-17.783073],[134.638794,-17.778784],[134.649048,-17.770571],[134.661575,-17.770321],[134.66774,-17.766193],[134.667648,-17.76219],[134.688156,-17.745762],[134.696503,-17.745594],[134.696411,-17.741592],[134.706848,-17.741379],[134.709106,-17.749342],[134.709717,-17.777359],[134.697479,-17.789618],[134.695557,-17.797665],[134.691483,-17.80175],[134.68956,-17.809795],[134.68988,-17.823801],[134.692047,-17.827761],[134.698303,-17.827635],[134.710739,-17.82338],[134.718872,-17.813204],[134.729126,-17.804987],[134.743805,-17.80957],[134.753311,-17.817049],[134.767502,-17.819973],[134.798981,-17.819765],[134.824188,-17.822609],[134.832047,-17.821049],[134.858887,-17.831415],[134.860504,-17.837435],[134.881134,-17.858402],[134.890625,-17.862858],[134.901657,-17.864285],[134.91745,-17.870203],[134.920639,-17.874701],[134.928543,-17.879167],[134.934891,-17.885151],[134.949051,-17.883539],[134.960083,-17.884964],[134.982101,-17.881779],[135.056015,-17.869135],[135.06749,-17.863802],[135.071243,-17.8731],[135.075241,-17.872625],[135.076523,-17.876043],[135.075592,-17.887177],[135.078094,-17.890949],[135.084106,-17.891577],[135.086472,-17.88999],[135.089081,-17.88265],[135.091827,-17.880671],[135.102615,-17.880037],[135.10553,-17.884949],[135.108826,-17.904411],[135.112946,-17.908913],[135.120148,-17.90951],[135.128037,-17.904728],[135.133438,-17.89694],[135.133942,-17.885818],[135.136475,-17.875414],[135.143921,-17.86949],[135.169312,-17.861992],[135.182892,-17.845961],[135.183609,-17.842495],[135.181534,-17.83948],[135.170685,-17.837439],[135.157898,-17.837742],[135.158173,-17.819624],[135.164291,-17.814978],[135.169525,-17.805285],[135.178406,-17.801245],[135.201279,-17.798304],[135.20372,-17.796331],[135.204834,-17.789682],[135.198807,-17.779705],[135.201157,-17.774383],[135.20459,-17.772388],[135.209625,-17.774179],[135.21611,-17.774023],[135.219284,-17.780645],[135.222809,-17.781996],[135.24086,-17.785385],[135.267273,-17.78474],[135.2948,-17.787891],[135.300674,-17.783917],[135.312119,-17.782675],[135.314301,-17.78932],[135.320374,-17.792995],[135.329865,-17.793238],[135.352203,-17.789328],[135.367691,-17.789894],[135.380768,-17.793869],[135.391251,-17.794083],[135.415131,-17.791557],[135.427887,-17.783573],[135.43338,-17.778007],[135.461609,-17.774523],[135.485168,-17.780413],[135.514175,-17.782999],[135.533371,-17.791584],[135.550659,-17.802607],[135.559631,-17.802368],[135.565491,-17.797905],[135.567688,-17.787798],[135.571991,-17.781462],[135.606125,-17.782495],[135.629822,-17.789774],[135.653381,-17.786497],[135.689468,-17.777044],[135.705093,-17.769327],[135.728638,-17.763023],[135.764572,-17.743004],[135.778519,-17.72625],[135.784653,-17.714113],[135.790634,-17.689913],[135.798233,-17.668711],[135.799423,-17.640045],[135.772324,-17.602991],[135.797119,-17.554644],[135.83844,-17.534205],[135.949341,-17.53726],[136.013657,-17.512056],[136.059708,-17.502588],[136.138275,-17.505962],[136.172913,-17.505485],[136.221573,-17.515886],[136.256683,-17.546413],[136.266403,-17.577297],[136.23996,-17.65967],[136.242676,-17.686224],[136.266098,-17.705833],[136.296356,-17.718695],[136.352295,-17.746687],[136.429581,-17.805365],[136.455505,-17.833778],[136.46109,-17.891314],[136.452164,-17.911394],[136.427048,-17.931721],[136.399567,-17.949865],[136.354629,-18.034744],[136.366562,-18.056728],[136.383163,-18.080858],[136.399597,-18.09391],[136.526138,-18.176184],[136.533539,-18.20266],[136.536469,-18.238072],[136.529922,-18.26255],[136.52803,-18.286955],[136.498932,-18.349457],[136.496872,-18.365],[136.523224,-18.413341],[136.572815,-18.461313],[136.595993,-18.458729],[136.62175,-18.471611],[136.629074,-18.491438],[136.611008,-18.520534],[136.625168,-18.5336],[136.646194,-18.539909],[136.665085,-18.557329],[136.68486,-18.623484],[136.709961,-18.724998],[136.714844,-18.738215],[136.720871,-18.81345],[136.659256,-18.88093],[136.657059,-18.887617],[136.659454,-18.892006],[136.634491,-18.927864],[136.625458,-18.943518],[136.630707,-18.976667],[136.628464,-18.981134],[136.6315,-19.020967],[136.648117,-19.038424],[136.668671,-19.015934],[136.712387,-18.986412],[136.742691,-18.988127],[136.810043,-18.97813],[136.856689,-18.981762],[136.901093,-18.989853],[136.931366,-18.989323],[136.961456,-18.979927],[136.99646,-18.983734],[137.008102,-18.983524],[137.03595,-18.978588],[137.051758,-18.953926],[137.079193,-18.92905],[137.092575,-18.9],[137.084595,-18.851397],[137.084107,-18.827032],[137.033935,-18.761478],[137.005539,-18.737619],[136.955765,-18.68976],[136.948441,-18.672163],[136.96463,-18.667444],[136.994751,-18.662472],[137.015793,-18.668741],[137.069778,-18.694345],[137.083817,-18.698519],[137.095627,-18.707167],[137.111938,-18.709078],[137.141785,-18.690794],[137.160568,-18.699303],[137.163071,-18.70812],[137.179443,-18.712244],[137.198028,-18.711891],[137.221054,-18.700373],[137.246908,-18.713176],[137.261124,-18.72619],[137.29628,-18.738802],[137.340652,-18.746794],[137.378082,-18.757132],[137.411377,-18.7897],[137.4561,-18.813171],[137.472641,-18.823914],[137.502563,-18.810007],[137.530472,-18.809427],[137.556412,-18.8244],[137.586853,-18.832624],[137.614868,-18.836466],[137.642624,-18.829229],[137.672546,-18.815292],[137.721466,-18.802139],[137.750549,-18.788774],[137.77597,-18.762079],[137.802368,-18.740106],[137.840363,-18.73184],[137.858566,-18.72485],[137.867447,-18.723803],[137.873421,-18.730421],[137.890137,-18.716705],[137.89624,-18.707231],[137.902481,-18.705433],[137.912338,-18.706982],[137.926605,-18.70335],[137.93634,-18.697231],[137.941361,-18.677542],[137.938583,-18.671618],[137.909683,-18.655867],[137.912201,-18.646452],[137.922775,-18.636906],[137.940567,-18.631514],[137.97963,-18.614698],[137.98674,-18.61203],[138.007486,-18.610372],[138.027659,-18.620088],[138.054942,-18.619067],[138.056422,-18.620702],[138.0675,-18.622012],[138.06898,-18.623626],[138.078562,-18.622697],[138.084697,-18.626367],[138.146388,-18.628239],[138.147868,-18.629837],[138.171367,-18.634316],[138.185283,-18.639727],[138.210369,-18.644316],[138.211849,-18.645914],[138.219753,-18.646406],[138.221233,-18.648004],[138.232281,-18.648674],[138.233761,-18.650301],[138.243236,-18.650886],[138.244732,-18.652498],[138.262112,-18.653564],[138.263607,-18.655162],[138.285641,-18.658031],[138.290173,-18.661336],[138.29649,-18.661719],[138.301037,-18.665025],[138.304196,-18.665215],[138.314663,-18.674941],[138.325436,-18.680146],[138.328412,-18.683343],[138.33778,-18.685433],[138.339261,-18.687045],[138.347195,-18.687508],[138.34866,-18.689122],[138.361416,-18.688382],[138.364667,-18.687071],[138.369794,-18.681334],[138.379285,-18.681908],[138.383817,-18.6852],[138.390149,-18.685597],[138.39787,-18.689079],[138.420102,-18.688917],[138.421781,-18.687496],[138.436109,-18.686853],[138.44914,-18.681593],[138.45416,-18.677358],[138.455655,-18.678928],[138.460401,-18.679243],[138.46623,-18.687139],[138.465757,-18.694679],[138.468427,-18.702413],[138.467756,-18.712957],[138.469251,-18.714569],[138.468946,-18.719077],[138.472822,-18.732929],[138.491025,-18.763808],[138.499174,-18.754329],[138.499463,-18.763267],[138.506208,-18.781833],[138.505826,-18.787858],[138.508405,-18.797091],[138.507932,-18.804618],[138.510801,-18.809331],[138.514066,-18.808019],[138.531476,-18.809045],[138.533292,-18.780411],[138.534986,-18.77899],[138.535169,-18.775986],[138.533689,-18.774375],[138.533353,-18.754689],[138.531873,-18.753106],[138.533018,-18.735019],[138.530332,-18.727286],[138.529523,-18.715156],[138.528043,-18.713544],[138.528089,-18.687808],[138.529768,-18.686402],[138.536085,-18.68677],[138.546583,-18.696498],[138.54994,-18.693656],[138.551374,-18.671061],[138.55493,-18.665213],[138.563108,-18.661172],[138.563963,-18.647605],[138.569471,-18.635815],[138.576078,-18.631676],[138.585554,-18.632237],[138.588529,-18.635447],[138.604521,-18.633372],[138.606199,-18.631937],[138.60333,-18.627238],[138.603895,-18.618195],[138.605573,-18.616787],[138.605939,-18.610775],[138.607633,-18.609328],[138.609861,-18.598877],[138.611539,-18.597458],[138.611936,-18.591433],[138.610441,-18.589835],[138.610715,-18.585328],[138.606183,-18.581996],[138.603284,-18.577294],[138.60832,-18.573075],[138.620954,-18.573811],[138.629331,-18.566748],[138.629621,-18.562228],[138.62071,-18.55264],[138.615979,-18.552338],[138.612531,-18.55667],[138.607694,-18.557896],[138.59506,-18.55716],[138.593564,-18.555562],[138.594053,-18.548035],[138.597394,-18.545193],[138.602994,-18.531915],[138.603452,-18.524375],[138.599027,-18.51958],[138.59979,-18.50752],[138.606564,-18.500359],[138.606961,-18.494336],[138.610288,-18.491494],[138.624615,-18.465115],[138.625485,-18.45155],[138.627148,-18.450131],[138.625653,-18.448533],[138.625943,-18.444013],[138.627621,-18.442603],[138.625637,-18.440053],[138.641094,-18.429791],[138.660488,-18.423371],[138.6721,-18.414969],[138.672298,-18.41195],[138.667736,-18.408658],[138.650402,-18.407647],[138.645946,-18.402839],[138.646343,-18.396815],[138.654583,-18.391229],[138.667598,-18.385955],[138.677135,-18.385011],[138.693949,-18.369357],[138.69607,-18.36041],[138.700999,-18.357665],[138.745233,-18.358716],[138.758692,-18.371611],[138.759805,-18.379233],[138.765741,-18.385626],[138.784662,-18.386732],[138.78634,-18.385311],[138.792627,-18.385668],[138.795709,-18.387362],[138.803033,-18.396855],[138.816781,-18.405214],[138.824655,-18.405666],[138.83616,-18.398781],[138.840906,-18.399042],[138.845819,-18.39628],[138.850549,-18.396568],[138.855096,-18.399833],[138.853708,-18.422455],[138.855203,-18.424053],[138.853555,-18.425474],[138.8565,-18.428669],[138.859109,-18.437891],[138.866632,-18.444379],[138.87452,-18.444814],[138.892433,-18.43677],[138.900688,-18.431182],[138.910163,-18.431741],[138.923728,-18.443082],[138.921775,-18.449023],[138.911583,-18.460538],[138.909752,-18.464976],[138.873178,-18.493146],[138.859995,-18.501466],[138.843287,-18.515632],[138.829188,-18.539032],[138.829005,-18.542049],[138.80662,-18.571024],[138.796046,-18.58855],[138.795756,-18.593073],[138.78509,-18.612127],[138.783031,-18.619573],[138.776057,-18.629751],[138.770488,-18.643041],[138.770198,-18.64755],[138.768535,-18.648983],[138.767879,-18.659528],[138.770854,-18.662727],[138.777355,-18.660091],[138.784053,-18.65442],[138.78889,-18.653192],[138.792415,-18.647346],[138.792979,-18.638288],[138.796321,-18.635446],[138.804316,-18.634407],[138.823954,-18.62494],[138.860895,-18.590764],[138.873636,-18.589972],[138.888421,-18.607455],[138.893166,-18.60773],[138.894646,-18.609315],[138.916771,-18.610569],[138.924324,-18.617045],[138.927117,-18.623261],[138.928063,-18.6339],[138.929573,-18.6355],[138.927513,-18.642945],[138.92408,-18.647301],[138.923623,-18.654829],[138.925118,-18.65643],[138.929863,-18.656687],[138.941857,-18.667956],[138.944588,-18.675661],[138.942818,-18.678599],[138.945794,-18.681795],[138.946923,-18.689417],[138.951393,-18.694199],[138.969063,-18.690674],[138.982353,-18.680826],[138.997657,-18.663545],[139.008048,-18.648996],[139.012794,-18.649256],[139.015754,-18.652452],[139.012748,-18.676481],[139.007652,-18.682245],[139.009132,-18.683845],[139.008872,-18.688366],[139.005256,-18.695726],[139.002769,-18.710701],[138.999244,-18.716547],[138.987541,-18.726492],[138.985603,-18.732435],[138.980583,-18.736681],[138.976967,-18.744045],[138.978478,-18.745655],[138.978005,-18.753183],[138.979408,-18.756284],[138.993828,-18.754085],[138.997169,-18.75123],[139.018379,-18.74183],[139.021537,-18.741994],[139.026466,-18.739263],[139.040961,-18.735521],[139.050467,-18.736053],[139.060126,-18.733581],[139.071219,-18.734182],[139.076392,-18.726915],[139.076651,-18.722392],[139.083609,-18.712188],[139.09522,-18.703746],[139.10787,-18.704455],[139.109548,-18.703034],[139.125463,-18.702393],[139.133016,-18.708854],[139.132573,-18.716395],[139.130803,-18.719333],[139.127462,-18.722159],[139.119466,-18.723254],[139.11437,-18.729018],[139.106192,-18.733102],[139.093634,-18.730889],[139.08869,-18.733649],[139.083609,-18.739413],[139.078238,-18.749713],[139.069892,-18.756789],[139.048667,-18.766216],[139.046912,-18.769138],[139.040305,-18.773279],[139.039863,-18.780845],[139.041358,-18.78243],[139.055518,-18.784738],[139.056998,-18.786338],[139.061759,-18.786582],[139.075736,-18.791909],[139.077399,-18.79049],[139.083731,-18.790843],[139.092001,-18.785256],[139.101675,-18.782758],[139.108008,-18.783099],[139.114508,-18.78045],[139.130346,-18.78131],[139.141149,-18.786431],[139.139043,-18.795407],[139.133947,-18.801173],[139.131918,-18.808631],[139.101721,-18.835706],[139.081763,-18.851211],[139.071891,-18.856742],[139.054557,-18.854257],[139.043205,-18.858163],[139.033165,-18.866674],[139.023491,-18.869159],[139.009255,-18.868368],[138.99955,-18.87084],[138.994439,-18.876606],[138.998925,-18.881401],[139.005059,-18.884773],[139.028069,-18.910358],[139.038399,-18.912328],[139.048088,-18.909854],[139.057945,-18.904336],[139.072471,-18.90062],[139.077491,-18.896357],[139.102134,-18.882586],[139.115439,-18.872739],[139.123526,-18.870171],[139.148275,-18.854897],[139.159444,-18.853968],[139.162435,-18.85718],[139.16216,-18.861687],[139.158727,-18.86603],[139.145803,-18.86987],[139.137442,-18.876973],[139.137259,-18.879979],[139.133826,-18.88435],[139.129141,-18.909798],[139.127478,-18.911219],[139.128607,-18.918841],[139.13468,-18.923707],[139.142615,-18.924141],[139.154059,-18.918721],[139.158804,-18.918993],[139.166921,-18.916382],[139.177038,-18.90637],[139.18337,-18.90671],[139.184865,-18.908295],[139.194295,-18.910332],[139.200185,-18.9182],[139.201238,-18.927338],[139.204152,-18.932037],[139.203893,-18.936558],[139.209432,-18.950464],[139.209264,-18.953497],[139.205923,-18.956339],[139.201086,-18.957582],[139.192617,-18.966187],[139.191915,-18.978264],[139.200292,-18.998373],[139.204778,-19.003153],[139.21253,-19.006609],[139.236241,-19.009395],[139.244344,-19.006799],[139.25385,-19.00732],[139.255528,-19.005884],[139.263447,-19.006322],[139.265126,-19.004901],[139.266896,-19.001979],[139.267857,-18.985395],[139.275227,-18.967637],[139.30733,-18.934591],[139.309192,-18.930166],[139.315936,-18.922965],[139.321322,-18.912639],[139.33475,-18.89977],[139.335101,-18.893733],[139.332186,-18.889033],[139.319613,-18.88685],[139.312121,-18.878898],[139.312381,-18.874378],[139.302325,-18.855674],[139.302585,-18.851154],[139.304248,-18.849733],[139.313662,-18.851755],[139.331744,-18.869348],[139.353991,-18.869035],[139.356981,-18.872216],[139.367815,-18.877328],[139.38051,-18.878011],[139.393434,-18.874142],[139.409867,-18.86443],[139.418214,-18.857314],[139.427979,-18.853283],[139.435883,-18.85372],[139.43721,-18.858311],[139.43187,-18.868639],[139.43277,-18.880768],[139.434266,-18.882338],[139.432282,-18.889826],[139.428925,-18.892666],[139.419328,-18.893664],[139.41768,-18.895085],[139.416154,-18.893502],[139.406663,-18.892981],[139.39998,-18.898692],[139.399721,-18.903212],[139.402711,-18.906409],[139.412049,-18.909907],[139.411805,-18.914429],[139.405046,-18.921641],[139.39969,-18.931941],[139.3976,-18.940915],[139.400606,-18.944085],[139.410112,-18.944603],[139.423036,-18.940737],[139.429383,-18.941052],[139.434296,-18.938305],[139.436143,-18.933853],[139.43715,-18.915779],[139.438828,-18.91436],[139.438996,-18.911326],[139.450684,-18.901367],[139.451691,-18.883269],[139.458466,-18.876068],[139.466553,-18.873472],[139.499725,-18.876711],[139.533583,-18.867901],[139.535079,-18.86947],[139.539839,-18.86973],[139.547423,-18.876176],[139.547179,-18.880701],[139.5455,-18.88212],[139.54492,-18.892665],[139.548048,-18.896188],[139.547667,-18.900371],[139.546004,-18.901804],[139.545668,-18.907842],[139.547087,-18.91093],[139.545424,-18.912365],[139.545745,-18.935068],[139.544081,-18.936475],[139.543013,-18.95609],[139.541335,-18.957498],[139.540923,-18.965053],[139.539245,-18.966472],[139.537078,-18.976951],[139.53543,-18.978385],[139.535064,-18.984395],[139.536575,-18.98598],[139.521453,-19.000324],[139.517975,-19.006197],[139.515716,-19.018163],[139.518631,-19.022863],[139.523315,-19.02461],[139.527816,-19.029392],[139.527633,-19.032398],[139.532409,-19.032642],[139.53833,-19.040513],[139.539245,-19.052684],[139.540756,-19.054254],[139.539581,-19.075374],[139.541076,-19.076957],[139.540756,-19.082967],[139.545181,-19.089267],[139.548431,-19.087899],[139.551864,-19.083556],[139.552444,-19.072995],[139.550949,-19.071412],[139.554275,-19.039828],[139.561645,-19.022071],[139.573226,-19.013587],[139.579741,-19.010909],[139.597182,-19.011798],[139.598692,-19.013409],[139.614469,-19.015717],[139.615965,-19.017304],[139.615721,-19.021838],[139.609038,-19.027535],[139.604201,-19.028804],[139.597517,-19.034501],[139.594374,-19.03435],[139.589339,-19.038627],[139.589095,-19.043134],[139.594863,-19.054023],[139.594374,-19.063079],[139.58911,-19.071875],[139.575835,-19.081765],[139.575591,-19.086285],[139.581603,-19.092652],[139.581344,-19.097174],[139.571166,-19.108746],[139.556274,-19.118565],[139.554535,-19.121505],[139.554184,-19.127541],[139.55571,-19.129126],[139.560547,-19.127856],[139.577026,-19.118102],[139.585021,-19.117022],[139.614851,-19.095877],[139.625944,-19.096449],[139.632139,-19.099783],[139.640074,-19.100193],[139.646101,-19.106545],[139.637754,-19.113663],[139.637419,-19.119713],[139.649626,-19.129398],[139.656904,-19.141871],[139.65666,-19.146378],[139.65164,-19.150669],[139.645125,-19.153359],[139.63571,-19.151379],[139.624816,-19.146283],[139.60736,-19.145382],[139.599242,-19.147992],[139.590896,-19.155121],[139.585616,-19.163918],[139.585464,-19.166937],[139.590072,-19.170188],[139.598083,-19.169096],[139.606277,-19.164999],[139.611068,-19.16523],[139.612716,-19.163809],[139.628584,-19.164614],[139.634612,-19.170967],[139.634291,-19.176993],[139.619323,-19.188341],[139.61859,-19.201908],[139.621596,-19.205076],[139.619933,-19.206524],[139.619689,-19.211033],[139.616256,-19.215405],[139.614684,-19.244036],[139.619201,-19.248804],[139.63568,-19.239092],[139.646803,-19.239639],[139.654585,-19.243066],[139.657591,-19.246223],[139.660368,-19.25394],[139.660032,-19.259963],[139.661543,-19.26155],[139.660139,-19.287175],[139.664335,-19.297996],[139.667357,-19.301177],[139.672117,-19.301395],[139.678724,-19.297202],[139.689329,-19.278077],[139.697278,-19.278474],[139.700284,-19.28167],[139.699399,-19.29824],[139.697721,-19.299661],[139.697553,-19.30268],[139.683851,-19.320138],[139.681944,-19.326095],[139.683454,-19.327678],[139.689802,-19.328008],[139.691312,-19.329591],[139.716764,-19.330874],[139.724881,-19.328265],[139.747143,-19.329371],[139.748654,-19.330969],[139.751431,-19.338662],[139.74809,-19.341517],[139.743237,-19.342801],[139.736539,-19.348509],[139.734387,-19.358986],[139.716169,-19.371663],[139.712964,-19.3715],[139.707868,-19.377293],[139.70738,-19.386336],[139.710401,-19.389517],[139.713575,-19.389681],[139.723371,-19.385651],[139.730145,-19.378413],[139.74162,-19.372935],[139.757519,-19.37374],[139.762219,-19.375489],[139.772869,-19.38509],[139.774212,-19.38971],[139.773647,-19.400253],[139.763638,-19.408819],[139.757168,-19.410008],[139.753735,-19.414379],[139.753796,-19.443108],[139.74725,-19.445797],[139.740491,-19.453011],[139.739667,-19.468092],[139.74722,-19.476044],[139.747052,-19.479061],[139.748578,-19.480646],[139.74809,-19.489689],[139.742993,-19.495482],[139.734861,-19.498104],[139.729841,-19.502394],[139.729582,-19.506903],[139.727918,-19.508335],[139.735563,-19.514771],[139.736585,-19.525396],[139.741117,-19.530165],[139.746061,-19.527391],[139.74925,-19.527527],[139.755948,-19.521831],[139.759534,-19.514442],[139.766385,-19.505739],[139.768551,-19.495235],[139.776837,-19.48962],[139.776989,-19.486601],[139.774044,-19.481916],[139.766415,-19.475494],[139.766583,-19.472492],[139.762219,-19.464705],[139.762768,-19.454144],[139.766201,-19.449772],[139.767178,-19.431688],[139.773693,-19.428982],[139.775219,-19.430553],[139.783169,-19.430963],[139.78468,-19.432562],[139.794231,-19.433012],[139.797573,-19.43017],[139.797817,-19.425634],[139.799496,-19.424215],[139.792355,-19.408739],[139.793148,-19.393656],[139.798168,-19.389381],[139.806118,-19.389776],[139.809124,-19.392946],[139.813839,-19.394693],[139.818294,-19.400965],[139.816601,-19.432644],[139.818035,-19.435716],[139.827098,-19.445253],[139.842769,-19.450565],[139.851848,-19.46006],[139.848354,-19.465946],[139.848033,-19.471971],[139.860393,-19.480153],[139.864909,-19.484908],[139.869212,-19.494195],[139.869045,-19.497201],[139.87057,-19.498786],[139.870723,-19.525996],[139.874782,-19.539821],[139.874309,-19.548879],[139.880443,-19.553702],[139.886897,-19.552525],[139.893581,-19.546775],[139.897319,-19.536393],[139.904017,-19.530669],[139.910396,-19.530997],[139.911906,-19.532569],[139.915187,-19.531214],[139.923136,-19.531611],[139.929118,-19.539452],[139.931605,-19.553181],[139.93925,-19.559617],[139.944178,-19.556815],[139.957026,-19.555926],[139.962992,-19.563767],[139.962839,-19.566801],[139.96435,-19.568386],[139.963877,-19.577427],[139.962046,-19.581881],[139.955439,-19.586088],[139.95521,-19.590611],[139.958155,-19.595295],[139.957759,-19.602837],[139.947566,-19.61442],[139.945735,-19.618887],[139.940699,-19.623162],[139.940242,-19.632193],[139.949351,-19.641728],[139.95222,-19.647928],[139.956843,-19.651167],[139.968501,-19.642643],[139.987604,-19.643585],[139.996866,-19.650087],[139.995692,-19.672695],[139.997218,-19.674278],[139.998362,-19.683405],[140.001292,-19.688091],[140.010645,-19.693061],[140.016703,-19.699415],[140.020945,-19.710193],[140.021922,-19.722309],[140.026377,-19.728578],[140.036478,-19.750243],[140.041025,-19.754998],[140.040888,-19.758004],[140.04896,-19.756898],[140.053888,-19.754096],[140.061869,-19.754479],[140.063379,-19.756064],[140.08732,-19.757184],[140.090585,-19.755858],[140.095621,-19.751555],[140.101022,-19.739712],[140.101785,-19.724629],[140.103448,-19.72321],[140.103692,-19.718676],[140.108636,-19.715889],[140.111688,-19.719044],[140.109445,-19.731024],[140.110986,-19.732636],[140.109307,-19.734057],[140.10885,-19.7431],[140.107171,-19.744532],[140.10618,-19.764136],[140.112253,-19.770489],[140.117044,-19.770693],[140.12008,-19.773876],[140.119928,-19.776882],[140.121438,-19.778439],[140.121225,-19.782988],[140.117715,-19.788876],[140.117425,-19.794914],[140.115747,-19.796335],[140.117029,-19.802439],[140.121576,-19.807181],[140.125848,-19.817972],[140.122339,-19.82386],[140.120416,-19.834927],[140.132318,-19.855345],[140.126215,-19.87344],[140.113245,-19.889845],[140.095713,-19.889006],[140.093988,-19.890446],[140.089213,-19.89024],[140.082423,-19.892967],[140.076807,-19.8988],[140.077662,-19.906443],[140.084559,-19.915922],[140.084193,-19.918941],[140.085581,-19.920547],[140.083781,-19.935673],[140.0852,-19.937279],[140.084849,-19.940294],[140.078105,-19.944525],[140.064174,-19.962374],[140.063868,-19.965359],[140.059489,-19.971054],[140.058177,-19.976883],[140.056071,-19.97821],[140.053126,-19.985456],[140.049373,-19.988241],[140.047175,-19.99716],[140.043361,-20.00445],[140.034496,-20.015514],[140.033412,-20.023123],[140.025631,-20.031035],[140.025173,-20.035107],[140.015667,-20.045965],[140.014309,-20.053658],[140.014767,-20.059992],[140.027782,-20.080728],[140.031597,-20.089554],[140.032345,-20.100056],[140.034054,-20.101478],[140.032971,-20.10906],[140.030071,-20.11376],[140.030392,-20.118254],[140.027722,-20.125973],[140.028134,-20.131969],[140.026638,-20.133554],[140.030636,-20.167978],[140.032345,-20.169384],[140.032666,-20.173895],[140.036068,-20.176706],[140.033078,-20.179903],[140.034024,-20.193399],[140.035718,-20.194807],[140.039838,-20.230732],[140.041547,-20.232141],[140.042066,-20.239654],[140.043775,-20.241046],[140.044812,-20.256059],[140.046521,-20.257467],[140.043851,-20.265184],[140.044278,-20.271141],[140.045972,-20.272575],[140.046811,-20.284568],[140.04852,-20.285976],[140.048719,-20.288982],[140.052137,-20.291795],[140.064649,-20.28655],[140.069043,-20.280238],[140.077039,-20.27976],[140.078229,-20.273654],[140.083889,-20.262769],[140.085949,-20.246074],[140.09013,-20.236785],[140.092281,-20.221566],[140.095272,-20.21837],[140.096539,-20.213781],[140.1161,-20.194507],[140.118999,-20.189818],[140.118572,-20.183808],[140.122417,-20.170026],[140.126811,-20.163745],[140.13087,-20.152923],[140.139613,-20.140343],[140.145075,-20.126435],[140.144648,-20.120436],[140.142939,-20.119046],[140.140803,-20.111642],[140.133769,-20.103007],[140.132945,-20.091027],[140.134211,-20.086396],[140.140086,-20.078515],[140.134959,-20.074307],[140.132838,-20.06689],[140.131129,-20.065499],[140.127741,-20.040075],[140.129237,-20.038474],[140.128702,-20.030961],[140.132868,-20.021674],[140.133936,-20.014066],[140.138209,-20.006278],[140.137674,-19.998868],[140.139322,-19.997468],[140.137796,-19.995876],[140.138132,-19.989835],[140.136606,-19.988267],[140.136927,-19.961019],[140.135446,-19.959434],[140.137918,-19.950422],[140.143198,-19.9461],[140.143716,-19.941589],[140.151788,-19.928237],[140.152765,-19.920679],[140.154565,-19.919225],[140.156946,-19.898036],[140.158639,-19.896615],[140.15838,-19.882902],[140.154886,-19.879749],[140.150369,-19.866619],[140.153909,-19.85173],[140.156579,-19.849882],[140.154931,-19.846327],[140.162194,-19.827245],[140.165551,-19.824379],[140.16813,-19.80483],[140.173455,-19.794515],[140.173775,-19.788492],[140.175454,-19.787031],[140.176125,-19.773479],[140.179604,-19.767591],[140.181893,-19.75411],[140.183556,-19.752663],[140.182045,-19.751076],[140.182885,-19.734478],[140.181359,-19.732895],[140.181282,-19.702677],[140.182961,-19.701229],[140.185082,-19.690754],[140.192009,-19.680481],[140.192436,-19.671452],[140.194115,-19.670002],[140.19442,-19.663977],[140.192924,-19.66242],[140.19503,-19.651888],[140.193504,-19.65033],[140.193886,-19.642792],[140.195549,-19.641344],[140.194038,-19.639759],[140.19442,-19.632233],[140.196083,-19.630812],[140.197074,-19.611182],[140.198738,-19.609761],[140.196464,-19.591525],[140.190528,-19.582165],[140.187721,-19.574475],[140.188102,-19.566937],[140.191657,-19.559559],[140.195151,-19.52191],[140.200599,-19.508565],[140.200904,-19.502539],[140.202582,-19.501092],[140.201056,-19.499535],[140.201362,-19.493499],[140.195899,-19.475097],[140.196128,-19.470561],[140.193244,-19.464374],[140.192176,-19.453746],[140.190665,-19.452147],[140.189826,-19.436997],[140.188315,-19.435441],[140.189749,-19.406768],[140.193015,-19.405416],[140.20307,-19.395307],[140.205053,-19.387834],[140.211874,-19.379092],[140.218237,-19.379378],[140.23023,-19.395074],[140.237875,-19.401467],[140.245687,-19.404855],[140.25205,-19.405156],[140.253576,-19.406726],[140.250326,-19.439852],[140.253363,-19.443009],[140.256628,-19.441641],[140.26618,-19.44208],[140.270727,-19.446833],[140.270574,-19.449852],[140.250586,-19.467038],[140.243674,-19.477322],[140.245886,-19.497077],[140.240744,-19.504385],[140.240439,-19.510422],[140.247443,-19.530394],[140.247199,-19.534928],[140.250098,-19.541104],[140.249808,-19.547114],[140.25405,-19.557905],[140.254828,-19.574585],[140.256339,-19.57617],[140.255362,-19.595758],[140.261145,-19.60812],[140.260474,-19.6217],[140.253501,-19.633474],[140.253272,-19.637997],[140.249793,-19.643885],[140.249488,-19.649908],[140.250999,-19.651478],[140.250785,-19.656013],[140.258369,-19.663925],[140.259742,-19.668541],[140.259315,-19.677584],[140.254218,-19.68339],[140.246162,-19.684523],[140.236198,-19.691614],[140.234474,-19.694551],[140.233635,-19.711147],[140.250068,-19.734602],[140.256233,-19.739397],[140.26049,-19.750202],[140.260109,-19.757742],[140.25663,-19.763616],[140.256248,-19.771145],[140.252678,-19.778547],[140.251778,-19.796648],[140.253319,-19.798219],[140.253075,-19.802753],[140.249672,-19.807125],[140.249367,-19.813175],[140.245873,-19.819051],[140.24572,-19.822071],[140.236824,-19.830562],[140.23214,-19.831836],[140.227761,-19.838947],[140.217614,-19.8467],[140.206521,-19.858405],[140.206521,-19.869695],[140.22091,-19.884299],[140.223015,-19.892064],[140.220955,-19.899526],[140.213586,-19.909801],[140.212106,-19.923408],[140.21354,-19.924991],[140.212487,-19.935548],[140.213937,-19.937133],[140.213967,-19.955287],[140.21534,-19.956805],[140.212609,-19.97766],[140.214074,-19.979232],[140.213586,-19.986752],[140.215096,-19.988353],[140.214669,-19.997403],[140.208978,-20.008013],[140.210031,-20.023013],[140.208551,-20.024598],[140.208749,-20.02763],[140.199914,-20.03871],[140.196817,-20.040402],[140.192773,-20.051207],[140.188287,-20.056004],[140.170908,-20.060073],[140.164835,-20.06495],[140.16247,-20.077163],[140.165888,-20.079976],[140.170679,-20.079663],[140.172388,-20.081082],[140.194894,-20.081217],[140.206506,-20.086533],[140.221887,-20.099169],[140.226678,-20.098881],[140.229669,-20.095686],[140.230722,-20.088076],[140.23359,-20.083392],[140.240014,-20.082981],[140.245019,-20.085699],[140.26101,-20.084717],[140.264428,-20.087517],[140.265069,-20.096518],[140.266778,-20.097925],[140.267007,-20.100958],[140.273828,-20.106542],[140.284387,-20.119468],[140.295586,-20.11877],[140.300072,-20.11399],[140.306267,-20.110561],[140.314248,-20.110095],[140.321526,-20.121694],[140.324929,-20.124494],[140.324303,-20.138101],[140.319619,-20.139903],[140.316628,-20.143102],[140.308312,-20.161702],[140.308541,-20.164684],[140.298318,-20.178903],[140.29873,-20.184886],[140.305474,-20.188998],[140.310266,-20.188697],[140.316247,-20.182319],[140.321038,-20.182031],[140.322549,-20.180417],[140.325951,-20.183223],[140.326272,-20.187741],[140.324792,-20.18934],[140.325326,-20.196826],[140.322564,-20.20304],[140.322778,-20.206033],[140.316903,-20.213929],[140.31051,-20.214324],[140.304742,-20.223724],[140.305704,-20.237233],[140.298792,-20.252725],[140.299875,-20.267751],[140.3034,-20.272067],[140.30427,-20.284062],[140.307794,-20.288363],[140.306299,-20.289977],[140.307581,-20.307965],[140.306116,-20.309565],[140.307795,-20.31096],[140.308466,-20.31996],[140.304179,-20.327775],[140.303141,-20.335383],[140.29864,-20.340179],[140.298853,-20.343169],[140.297358,-20.344768],[140.298228,-20.35679],[140.30186,-20.362594],[140.307002,-20.366788],[140.307322,-20.371282],[140.30157,-20.380708],[140.302531,-20.394204],[140.305964,-20.397004],[140.312037,-20.392129],[140.328089,-20.391102],[140.329798,-20.392523],[140.330134,-20.397032],[140.32458,-20.409422],[140.321055,-20.427727],[140.319682,-20.430842],[140.313579,-20.435717],[140.314021,-20.441729],[140.312526,-20.443327],[140.31306,-20.450829],[140.311671,-20.453927],[140.32516,-20.462151],[140.325694,-20.46965],[140.321422,-20.47745],[140.31245,-20.48704],[140.306255,-20.490441],[140.295665,-20.500153],[140.29034,-20.515536],[140.290752,-20.521546],[140.289257,-20.523146],[140.292141,-20.541067],[140.289379,-20.547268],[140.280499,-20.558361],[140.279858,-20.571953],[140.281582,-20.573359],[140.288006,-20.572964],[140.292599,-20.569671],[140.299023,-20.569288],[140.303402,-20.562977],[140.308224,-20.562677],[140.311657,-20.56549],[140.31187,-20.568496],[140.316921,-20.571187],[140.321407,-20.566392],[140.321193,-20.5634],[140.324077,-20.558687],[140.34016,-20.557704],[140.344737,-20.554414],[140.343028,-20.552978],[140.342265,-20.542499],[140.346751,-20.537692],[140.347819,-20.530082],[140.342662,-20.525875],[140.336253,-20.526287],[140.328029,-20.523771],[140.319316,-20.515287],[140.319103,-20.512268],[140.330974,-20.497982],[140.335796,-20.497681],[140.343593,-20.494182],[140.366069,-20.49279],[140.383509,-20.488679],[140.392374,-20.477586],[140.394083,-20.478994],[140.405329,-20.478282],[140.408854,-20.482596],[140.407587,-20.487189],[140.40301,-20.490495],[140.39712,-20.498391],[140.37945,-20.4995],[140.37498,-20.504293],[140.373805,-20.510398],[140.368144,-20.521299],[140.371562,-20.524099],[140.384409,-20.52332],[140.386134,-20.524714],[140.386469,-20.529195],[140.382289,-20.53851],[140.382838,-20.546023],[140.384562,-20.547415],[140.386714,-20.554804],[140.391856,-20.559029],[140.394023,-20.566431],[140.39744,-20.569233],[140.402247,-20.568945],[140.418711,-20.551321],[140.428247,-20.549219],[140.429743,-20.547621],[140.442575,-20.546829],[140.445581,-20.543619],[140.450281,-20.541843],[140.470926,-20.537527],[140.488914,-20.518312],[140.487466,-20.521936],[140.494775,-20.509905],[140.500451,-20.510631],[140.503884,-20.521324],[140.514077,-20.526748],[140.526986,-20.528114],[140.533944,-20.52579],[140.534859,-20.516872],[140.540444,-20.515615],[140.547295,-20.536849],[140.550713,-20.541016],[140.561852,-20.545352],[140.572167,-20.553753],[140.575371,-20.553549],[140.578804,-20.556336],[140.577416,-20.559451],[140.572823,-20.562743],[140.561715,-20.564969],[140.558709,-20.568179],[140.559151,-20.574175],[140.560876,-20.57557],[140.572121,-20.574858],[140.576836,-20.573042],[140.582802,-20.566649],[140.59243,-20.566019],[140.595757,-20.567332],[140.599419,-20.573124],[140.599754,-20.577618],[140.603188,-20.580418],[140.609718,-20.581524],[140.618324,-20.588503],[140.624977,-20.591101],[140.627129,-20.598505],[140.637444,-20.606892],[140.648659,-20.627273],[140.653389,-20.625484],[140.656364,-20.622272],[140.661995,-20.611358],[140.666816,-20.611057],[140.680793,-20.625225],[140.687004,-20.621809],[140.699729,-20.619472],[140.707313,-20.612943],[140.712012,-20.611152],[140.724753,-20.608831],[140.726478,-20.61021],[140.726829,-20.614719],[140.722343,-20.619527],[140.724067,-20.642039],[140.721046,-20.64525],[140.721397,-20.649743],[140.715538,-20.657666],[140.714607,-20.666778],[140.721611,-20.673854],[140.736076,-20.672938],[140.736427,-20.677434],[140.731941,-20.682256],[140.727119,-20.682555],[140.724128,-20.685752],[140.724922,-20.696257],[140.726646,-20.697661],[140.725151,-20.699261],[140.725609,-20.705247],[140.722847,-20.711474],[140.723305,-20.717471],[140.725014,-20.718865],[140.729851,-20.718537],[140.734901,-20.721242],[140.735695,-20.731747],[140.73925,-20.73605],[140.740761,-20.734452],[140.755211,-20.733523],[140.75695,-20.734915],[140.759941,-20.731692],[140.759468,-20.725682],[140.757743,-20.724274],[140.757316,-20.718304],[140.758781,-20.716679],[140.770042,-20.715968],[140.774421,-20.709658],[140.790595,-20.710108],[140.790961,-20.714602],[140.79267,-20.715996],[140.810462,-20.716377],[140.824012,-20.724533],[140.825736,-20.725941],[140.825965,-20.728918],[140.83274,-20.733002],[140.840216,-20.74609],[140.839057,-20.752208],[140.827811,-20.752918],[140.821616,-20.756336],[140.818748,-20.761061],[140.819312,-20.768534],[140.817954,-20.771662],[140.811851,-20.776565],[140.806785,-20.773889],[140.803108,-20.768095],[140.800926,-20.760717],[140.795768,-20.756512],[140.794853,-20.744492],[140.78968,-20.740322],[140.78498,-20.742142],[140.78347,-20.74374],[140.786674,-20.764641],[140.779777,-20.780172],[140.782539,-20.795048],[140.77047,-20.806387],[140.762551,-20.808422],[140.753228,-20.813543],[140.729088,-20.815102],[140.724725,-20.821429],[140.724953,-20.824417],[140.726678,-20.825812],[140.737939,-20.825072],[140.739663,-20.826494],[140.750939,-20.825756],[140.752648,-20.827166],[140.763909,-20.826426],[140.768853,-20.8276],[140.77253,-20.83342],[140.773232,-20.842436],[140.774941,-20.843817],[140.773461,-20.845413],[140.774483,-20.858923],[140.772988,-20.860536],[140.774712,-20.861929],[140.775292,-20.869402],[140.780571,-20.875112],[140.786919,-20.873199],[140.788384,-20.871601],[140.788048,-20.867092],[140.791039,-20.863882],[140.795861,-20.863569],[140.801964,-20.858636],[140.805977,-20.847818],[140.805534,-20.841835],[140.806908,-20.838733],[140.8115,-20.835401],[140.816673,-20.839595],[140.817024,-20.844089],[140.820473,-20.846889],[140.830131,-20.846273],[140.843925,-20.836288],[140.852775,-20.825181],[140.86518,-20.818338],[140.869651,-20.813516],[140.872764,-20.811809],[140.892066,-20.810563],[140.899558,-20.823624],[140.898047,-20.825238],[140.898413,-20.829728],[140.894507,-20.842051],[140.887046,-20.850085],[140.882209,-20.850398],[140.877036,-20.846219],[140.870597,-20.846643],[140.858772,-20.860973],[140.847969,-20.867721],[140.833809,-20.873143],[140.827843,-20.879577],[140.825081,-20.885806],[140.82531,-20.888784],[140.823799,-20.890384],[140.824379,-20.897897],[140.827843,-20.900697],[140.840721,-20.899837],[140.845665,-20.901038],[140.852684,-20.908128],[140.860283,-20.922704],[140.867073,-20.926787],[140.883171,-20.925736],[140.888374,-20.929915],[140.890556,-20.937319],[140.895729,-20.941483],[140.905159,-20.937865],[140.913215,-20.937333],[140.916679,-20.940119],[140.921516,-20.939791],[140.923225,-20.941187],[140.93093,-20.936157],[140.942207,-20.935421],[140.945655,-20.938208],[140.945899,-20.941212],[140.944404,-20.94281],[140.945335,-20.954819],[140.95214,-20.958889],[140.956977,-20.958574],[140.967551,-20.948849],[140.973975,-20.948412],[140.979041,-20.951088],[140.985495,-20.950664],[140.98722,-20.952059],[140.995047,-20.94852],[140.990912,-20.965896],[140.981513,-20.983722],[140.972511,-20.991482],[140.949073,-20.992329],[140.942283,-20.994202],[140.93885,-20.999458],[140.935631,-21.007547],[140.938301,-21.012369],[140.944084,-21.017015],[140.960136,-21.023407],[140.941505,-21.03047],[140.931496,-21.026602],[140.915261,-21.026152],[140.909035,-21.029595],[140.89869,-21.042324],[140.895577,-21.04402],[140.884179,-21.064375],[140.884774,-21.071888],[140.889962,-21.076067],[140.894921,-21.077242],[140.900216,-21.082939],[140.900796,-21.090437],[140.907708,-21.09601],[140.919351,-21.099781],[140.924203,-21.099468],[140.928948,-21.118755],[140.928949,-21.139862],[140.927469,-21.141473],[140.927698,-21.144477],[140.918954,-21.157102],[140.915033,-21.169422],[140.916315,-21.185926],[140.918055,-21.18733],[140.918512,-21.193328],[140.92222,-21.199119],[140.922449,-21.202125],[140.939768,-21.216071],[140.940226,-21.222055],[140.935984,-21.229869],[140.93667,-21.238872],[140.946833,-21.244239],[140.947321,-21.250251],[140.941324,-21.256656],[140.941553,-21.259662],[140.940043,-21.261274],[140.938715,-21.285482],[140.935694,-21.288677],[140.932475,-21.288936],[140.927851,-21.292228],[140.928782,-21.304237],[140.930522,-21.305629],[140.932872,-21.335641],[140.936564,-21.34142],[140.937037,-21.347415],[140.932292,-21.349231],[140.920299,-21.362102],[140.919048,-21.366719],[140.914531,-21.371499],[140.911769,-21.377742],[140.912822,-21.391225],[140.918025,-21.395433],[140.919521,-21.393794],[140.930843,-21.393069],[140.932567,-21.394462],[140.936382,-21.401757],[140.936733,-21.406264],[140.940211,-21.409038],[140.942531,-21.417945],[140.94427,-21.419324],[140.945552,-21.43584],[140.956325,-21.448708],[140.957134,-21.459199],[140.958873,-21.460593],[140.960994,-21.487614],[140.959499,-21.489211],[140.959972,-21.495208],[140.958461,-21.496819],[140.957668,-21.50742],[140.944622,-21.527881],[140.944988,-21.532365],[140.943478,-21.53399],[140.944882,-21.551993],[140.946621,-21.553387],[140.946972,-21.557881],[140.95602,-21.569356],[140.956356,-21.573865],[140.953472,-21.578562],[140.953945,-21.584588],[140.955807,-21.58747],[140.959286,-21.59027],[140.975368,-21.587689],[140.980709,-21.593371],[140.976177,-21.598193],[140.972515,-21.613507],[140.966732,-21.622931],[140.967083,-21.627438],[140.964184,-21.632153],[140.965024,-21.642643],[140.963635,-21.645758],[140.960751,-21.650471],[140.941083,-21.669856],[140.936811,-21.677684],[140.936017,-21.688269],[140.937995,-21.692045],[140.94199,-21.695011],[140.947702,-21.695259],[140.954855,-21.698053],[140.968613,-21.713515],[140.971486,-21.713379],[140.987938,-21.697103],[140.997295,-21.674236],[140.998602,-21.658589],[141.005857,-21.655019],[141.005241,-21.648739],[141.013415,-21.622245],[141.01176,-21.615178],[141.013321,-21.591996],[141.01173,-21.576286],[141.01322,-21.563456],[141.017288,-21.552606],[141.031091,-21.532656],[141.060675,-21.511046],[141.064626,-21.509801],[141.071128,-21.511869],[141.074866,-21.515529],[141.076969,-21.5275],[141.079113,-21.529887],[141.089201,-21.530824],[141.099501,-21.526357],[141.105081,-21.521054],[141.11179,-21.50903],[141.125092,-21.502158],[141.142751,-21.484354],[141.140127,-21.480993],[141.14855,-21.474006],[141.155472,-21.465028],[141.155766,-21.455749],[141.162485,-21.447958],[141.168524,-21.432856],[141.165983,-21.424973],[141.169152,-21.419366],[141.170304,-21.408957],[141.174772,-21.40428],[141.179939,-21.401926],[141.181636,-21.395586],[141.18484,-21.394114],[141.189977,-21.397543],[141.191103,-21.404096],[141.196245,-21.405031],[141.201918,-21.392007],[141.205873,-21.390656],[141.214146,-21.383897],[141.218572,-21.376896],[141.223432,-21.362071],[141.226436,-21.358408],[141.230216,-21.359951],[141.2364,-21.376106],[141.245149,-21.388955],[141.254093,-21.409459],[141.260273,-21.418217],[141.265509,-21.418954],[141.269123,-21.415552],[141.268237,-21.410443],[141.261642,-21.403282],[141.259651,-21.392984],[141.251009,-21.384239],[141.246268,-21.375115],[141.24284,-21.36155],[141.240728,-21.335363],[141.24493,-21.330593],[141.253029,-21.31274],[141.268163,-21.2977],[141.273745,-21.296617],[141.277072,-21.28472],[141.281215,-21.282561],[141.286561,-21.276095],[141.29271,-21.247505],[141.299351,-21.24775],[141.301995,-21.249393],[141.306381,-21.245124],[141.31035,-21.225583],[141.311017,-21.212505],[141.320478,-21.188692],[141.325295,-21.186328],[141.324939,-21.192847],[141.328422,-21.19823],[141.329153,-21.204632],[141.333114,-21.209616],[141.334402,-21.207664],[141.329539,-21.191131],[141.330626,-21.184419],[141.333675,-21.180811],[141.339215,-21.187393],[141.346373,-21.200182],[141.352362,-21.203319],[141.354807,-21.202018],[141.353552,-21.197989],[141.346462,-21.192329],[141.339779,-21.179474],[141.338533,-21.174013],[141.350017,-21.160968],[141.358636,-21.144336],[141.361894,-21.127819],[141.366065,-21.119361],[141.366362,-21.130801],[141.368103,-21.134177],[141.369763,-21.133302],[141.370728,-21.094254],[141.375024,-21.075571],[141.387792,-21.050579],[141.390734,-21.051473],[141.394968,-21.049046],[141.403338,-21.03829],[141.40841,-21.025875],[141.422129,-21.014579],[141.422712,-21.010869],[141.419047,-20.99277],[141.420352,-20.985652],[141.424876,-20.977815],[141.434894,-20.971564],[141.43791,-20.966576],[141.438267,-20.959105],[141.440342,-20.953374],[141.445631,-20.949269],[141.449773,-20.941254],[141.453745,-20.940177],[141.456763,-20.936433],[141.465228,-20.918802],[141.476674,-20.886577],[141.479318,-20.884791],[141.48122,-20.887632],[141.482931,-20.896608],[141.484875,-20.896371],[141.483695,-20.892249],[141.486358,-20.896333],[141.486919,-20.894197],[141.487867,-20.894905],[141.490724,-20.900233],[141.497148,-20.901619],[141.497895,-20.893809],[141.495019,-20.882612],[141.489543,-20.828023],[141.486511,-20.819811],[141.485358,-20.820743],[141.481742,-20.813816],[141.482287,-20.8067],[141.475673,-20.784906],[141.483382,-20.738081],[141.480907,-20.724188],[141.482202,-20.719961],[141.47862,-20.710821],[141.476146,-20.696928],[141.477758,-20.674225],[141.446997,-20.634425],[141.451339,-20.633169],[141.445652,-20.62678],[141.445635,-20.620733],[141.441463,-20.615585],[141.4405,-20.609006],[141.435956,-20.605638],[141.435752,-20.600303],[141.433281,-20.594795],[141.436083,-20.58376],[141.442801,-20.577531],[141.439175,-20.573972],[141.442145,-20.573749],[141.447969,-20.56619],[141.447542,-20.562208],[141.450728,-20.553662],[141.455253,-20.55116],[141.460236,-20.544299],[141.461092,-20.546164],[141.463729,-20.544023],[141.470689,-20.535288],[141.472557,-20.528524],[141.475209,-20.531541],[141.474095,-20.537591],[141.47719,-20.53982],[141.481085,-20.538639],[141.479783,-20.545046],[141.490384,-20.553199],[141.489028,-20.542352],[141.49243,-20.533892],[141.491137,-20.529845],[141.487494,-20.524462],[141.465703,-20.508613],[141.476667,-20.51303],[141.4725,-20.508595],[141.475712,-20.509475],[141.480028,-20.517112],[141.487481,-20.520327],[141.494575,-20.530555],[141.496097,-20.529112],[141.495732,-20.534327],[141.50012,-20.531963],[141.495318,-20.52444],[141.496055,-20.516168],[141.499285,-20.511844],[141.501764,-20.511297],[141.514013,-20.522117],[141.514555,-20.518867],[141.501372,-20.508062],[141.491631,-20.505213],[141.48263,-20.494811],[141.476227,-20.492754],[141.467515,-20.483528],[141.455793,-20.476978],[141.443295,-20.462958],[141.415507,-20.447018],[141.402263,-20.434065],[141.38695,-20.422538],[141.389016,-20.418975],[141.385428,-20.41756],[141.385611,-20.415426],[141.388236,-20.408838],[141.389176,-20.407413],[141.394645,-20.406512],[141.393493,-20.39851],[141.389527,-20.396918],[141.387266,-20.398168],[141.386339,-20.404751],[141.381057,-20.404941],[141.379179,-20.408502],[141.376912,-20.407084],[141.376523,-20.402283],[141.374444,-20.400864],[141.372947,-20.405848],[141.369931,-20.407099],[141.366715,-20.403371],[141.364646,-20.406043],[141.362754,-20.404091],[141.363691,-20.401065],[141.36708,-20.398389],[141.384415,-20.394404],[141.381565,-20.393142],[141.381924,-20.38567],[141.379277,-20.383008],[141.376617,-20.375365],[141.37322,-20.374838],[141.373216,-20.37306],[141.369633,-20.373601],[141.367367,-20.372183],[141.367172,-20.369515],[141.369243,-20.36791],[141.36773,-20.36649],[141.360937,-20.365081],[141.354876,-20.36611],[141.34678,-20.360307],[141.339984,-20.357652],[141.336213,-20.358193],[141.341112,-20.356049],[141.356032,-20.364735],[141.363195,-20.362809],[141.361668,-20.354941],[141.365046,-20.347819],[141.364472,-20.34444],[141.357041,-20.334441],[141.349176,-20.335577],[141.343127,-20.329186],[141.341609,-20.324742],[141.336715,-20.32902],[141.333131,-20.328316],[141.329913,-20.322452],[141.330277,-20.316581],[141.326867,-20.308939],[141.322528,-20.307524],[141.321387,-20.302901],[141.31667,-20.301131],[141.310204,-20.292569],[141.310075,-20.290672],[141.315524,-20.294196],[141.314567,-20.286904],[141.311357,-20.284598],[141.309328,-20.286093],[141.306439,-20.27589],[141.30652,-20.255856],[141.301612,-20.251773],[141.299152,-20.246797],[141.294434,-20.243781],[141.291408,-20.237916],[141.288005,-20.236361],[141.28932,-20.230093],[141.286471,-20.217824],[141.279295,-20.209475],[141.278721,-20.204139],[141.273995,-20.195608],[141.273611,-20.191874],[141.267383,-20.185657],[141.267185,-20.179965],[141.259389,-20.177017],[141.256054,-20.170376],[141.253038,-20.169135],[141.248496,-20.155979],[141.245287,-20.151714],[141.237933,-20.146743],[141.242641,-20.146025],[141.247356,-20.149754],[141.24848,-20.146195],[141.25075,-20.15224],[141.253768,-20.154548],[141.260191,-20.165745],[141.265094,-20.16894],[141.267355,-20.168759],[141.265835,-20.161112],[141.256594,-20.155078],[141.25413,-20.145476],[141.248056,-20.136552],[141.249889,-20.134504],[141.253849,-20.137522],[141.255352,-20.13503],[141.253839,-20.130941],[141.250178,-20.131934],[141.246113,-20.128283],[141.247803,-20.125079],[141.247318,-20.121748],[141.251937,-20.119381],[141.259436,-20.118794],[141.261169,-20.122036],[141.25835,-20.12542],[141.258354,-20.127732],[141.269478,-20.135186],[141.273808,-20.133935],[141.275495,-20.129485],[141.27719,-20.12966],[141.281526,-20.131966],[141.280401,-20.134814],[141.281533,-20.135523],[141.285863,-20.134805],[141.287376,-20.138004],[141.292341,-20.136046],[141.294632,-20.139638],[141.298617,-20.132799],[141.304322,-20.129733],[141.30966,-20.133859],[141.314026,-20.127559],[141.315938,-20.13169],[141.322984,-20.132936],[141.325528,-20.127059],[141.329073,-20.131487],[141.33669,-20.132911],[141.346455,-20.138025],[141.359437,-20.152763],[141.366065,-20.167692],[141.376825,-20.177096],[141.379096,-20.181361],[141.391176,-20.190584],[141.394002,-20.190578],[141.394009,-20.193068],[141.400994,-20.201595],[141.406375,-20.198085],[141.409983,-20.197849],[141.423471,-20.203495],[141.422005,-20.195284],[141.389265,-20.179738],[141.387316,-20.176909],[141.389263,-20.178848],[141.392651,-20.177596],[141.397933,-20.18043],[141.414092,-20.182204],[141.423939,-20.187137],[141.440334,-20.184598],[141.447671,-20.181022],[141.43996,-20.185844],[141.425332,-20.188591],[141.442251,-20.196333],[141.452431,-20.198264],[141.465889,-20.197849],[141.476003,-20.204654],[141.48856,-20.200664],[141.503604,-20.200262],[141.507807,-20.204565],[141.516518,-20.209043],[141.542097,-20.207339],[141.543289,-20.205883],[141.542549,-20.199307],[141.548507,-20.183162],[141.555472,-20.179961],[141.561428,-20.18067],[141.560655,-20.177436],[141.563709,-20.179583],[141.566165,-20.174248],[141.577578,-20.173076],[141.578759,-20.167166],[141.584259,-20.158517],[141.58496,-20.153064],[141.58423,-20.150795],[141.577241,-20.146957],[141.577232,-20.144459],[141.586101,-20.13648],[141.592083,-20.128511],[141.598326,-20.126218],[141.603866,-20.128471],[141.615004,-20.126288],[141.616581,-20.108943],[141.621476,-20.103188],[141.627648,-20.077327],[141.635851,-20.078899],[141.63975,-20.083763],[141.643396,-20.082429],[141.649444,-20.088099],[141.651891,-20.087912],[141.663021,-20.094295],[141.666091,-20.100216],[141.671227,-20.099657],[141.676946,-20.101793],[141.689172,-20.112353],[141.700596,-20.113207],[141.703094,-20.118411],[141.705385,-20.12002],[141.707476,-20.119472],[141.716081,-20.128067],[141.722162,-20.125885],[141.724284,-20.131989],[141.731935,-20.140047],[141.734792,-20.140215],[141.73518,-20.141832],[141.738608,-20.142177],[141.744081,-20.146724],[141.747495,-20.147256],[141.758773,-20.156737],[141.75613,-20.161423],[141.75328,-20.162693],[141.756333,-20.164118],[141.755211,-20.168258],[141.760362,-20.170394],[141.764003,-20.175232],[141.764393,-20.177028],[141.760404,-20.179023],[141.759843,-20.181183],[141.764624,-20.185477],[141.767706,-20.192655],[141.774382,-20.194963],[141.774403,-20.199098],[141.776675,-20.196391],[141.78182,-20.197087],[141.784317,-20.201391],[141.790981,-20.201181],[141.794777,-20.198647],[141.799766,-20.201347],[141.81948,-20.224961],[141.823725,-20.235189],[141.832907,-20.242696],[141.834649,-20.247722],[141.843258,-20.254692],[141.848237,-20.262045],[141.857606,-20.265589],[141.85707,-20.272064],[141.859374,-20.275288],[141.864883,-20.272385],[141.865418,-20.26591],[141.873031,-20.264434],[141.879157,-20.269797],[141.881281,-20.27482],[141.887573,-20.275687],[141.895689,-20.282689],[141.899164,-20.290582],[141.912523,-20.294288],[141.920521,-20.300868],[141.923082,-20.307536],[141.922562,-20.316348],[141.929839,-20.322242],[141.931234,-20.332302],[141.928396,-20.335912],[141.930885,-20.337697],[141.932449,-20.34434],[141.933982,-20.34559],[141.939939,-20.339452],[141.942341,-20.341051],[141.944856,-20.34715],[141.949846,-20.352696],[141.952561,-20.360411],[141.957855,-20.348677],[141.966424,-20.351886],[141.970317,-20.364808],[141.9731,-20.382949],[141.971055,-20.39141],[141.972441,-20.399492],[141.974765,-20.40182],[141.974221,-20.405202],[141.975358,-20.406085],[141.975909,-20.403592],[141.982514,-20.404088],[141.989134,-20.406719],[141.994066,-20.41812],[141.994946,-20.430519],[141.98649,-20.435903],[141.98178,-20.436996],[141.991996,-20.441207],[141.991294,-20.449392],[141.987928,-20.454214],[141.987791,-20.462396],[141.989499,-20.463809],[141.992873,-20.460233],[141.994495,-20.448307],[141.993676,-20.438352],[142.000519,-20.446138],[141.99738,-20.456828],[142.002715,-20.464623],[142.002917,-20.466756],[141.999924,-20.470864],[142.003724,-20.474755],[142.003931,-20.477599],[141.999926,-20.484125],[142.003429,-20.487384],[142.004408,-20.492892],[142.003479,-20.495032],[141.997637,-20.496488],[141.996144,-20.499165],[142.006176,-20.503375],[142.00093,-20.509453],[142.00113,-20.51123],[142.004153,-20.511568],[142.003783,-20.512816],[142.000957,-20.513721],[142.004945,-20.517255],[142.005289,-20.524079],[142.007655,-20.527555],[142.007125,-20.533072],[142.010153,-20.534121],[142.01109,-20.533049],[142.009152,-20.525412],[142.014019,-20.519159],[142.01456,-20.515243],[142.013025,-20.511517],[142.014699,-20.507772],[142.018678,-20.509972],[142.017675,-20.500996],[142.022195,-20.500597],[142.027141,-20.505209],[142.027197,-20.513568],[142.032915,-20.521715],[142.03161,-20.524213],[142.032476,-20.537539],[142.030805,-20.54438],[142.03507,-20.554241],[142.035936,-20.569516],[142.031754,-20.572058],[142.028165,-20.577652],[142.023014,-20.578222],[142.020927,-20.580032],[142.017189,-20.592098],[142.012645,-20.597877],[142.000261,-20.601725],[141.994435,-20.61596],[141.996565,-20.620621],[141.994693,-20.626385],[141.998703,-20.626361],[142.007989,-20.615701],[142.02035,-20.608079],[142.024485,-20.598347],[142.030177,-20.5931],[142.02974,-20.584833],[142.037948,-20.584154],[142.040569,-20.58076],[142.043309,-20.567048],[142.042068,-20.535177],[142.040298,-20.524695],[142.041605,-20.522552],[142.045945,-20.522171],[142.048788,-20.523932],[142.054344,-20.535637],[142.055713,-20.542565],[142.058372,-20.54486],[142.059876,-20.543962],[142.056577,-20.530999],[142.060343,-20.529553],[142.054051,-20.520521],[142.054224,-20.518208],[142.057671,-20.517651],[142.071288,-20.520392],[142.080007,-20.525318],[142.079388,-20.541572],[142.080922,-20.544942],[142.082794,-20.542618],[142.087713,-20.54401],[142.087155,-20.545259],[142.103983,-20.548531],[142.116629,-20.547739],[142.11947,-20.548966],[142.121187,-20.551444],[142.122009,-20.560509],[142.129127,-20.578426],[142.128807,-20.586253],[142.131725,-20.597794],[142.136144,-20.607903],[142.126255,-20.624507],[142.125551,-20.631448],[142.133333,-20.636377],[142.140413,-20.648424],[142.149876,-20.650495],[142.154094,-20.658648],[142.161709,-20.679426],[142.158358,-20.696412],[142.165881,-20.706075],[142.166521,-20.711068],[142.173374,-20.721852],[142.175921,-20.733395],[142.178761,-20.733909],[142.176318,-20.719727],[142.180797,-20.728382],[142.195519,-20.747325],[142.198017,-20.754583],[142.198256,-20.760984],[142.204922,-20.766984],[142.206287,-20.772309],[142.207807,-20.773188],[142.209499,-20.771931],[142.223574,-20.782146],[142.227021,-20.787457],[142.224969,-20.791028],[142.228651,-20.795482],[142.235669,-20.794482],[142.239638,-20.797421],[142.247147,-20.799036],[142.252473,-20.806447],[142.250225,-20.815307],[142.262495,-20.819389],[142.269636,-20.829391],[142.274864,-20.843757],[142.298377,-20.850161],[142.300902,-20.857788],[142.312999,-20.878325],[142.322251,-20.880378],[142.34003,-20.87527],[142.344043,-20.879684],[142.348038,-20.87442],[142.352888,-20.874279],[142.358414,-20.878681],[142.365428,-20.880048],[142.367087,-20.875233],[142.37139,-20.869864],[142.370203,-20.864183],[142.373584,-20.861488],[142.378057,-20.853984],[142.378501,-20.847593],[142.385368,-20.846633],[142.390915,-20.853346],[142.393443,-20.860794],[142.399299,-20.859857],[142.401522,-20.854682],[142.404606,-20.855531],[142.407645,-20.862101],[142.407712,-20.850443],[142.409625,-20.851237],[142.41301,-20.849075],[142.425861,-20.847724],[142.428082,-20.842548],[142.430544,-20.842883],[142.431637,-20.841059],[142.437333,-20.840693],[142.447002,-20.842923],[142.467891,-20.851281],[142.472038,-20.851473],[142.473939,-20.848278],[142.473184,-20.845105],[142.459259,-20.838907],[142.455808,-20.834135],[142.454101,-20.833616],[142.455473,-20.838583],[142.45434,-20.838771],[142.44013,-20.836401],[142.434267,-20.831849],[142.437783,-20.828241],[142.439416,-20.820936],[142.433122,-20.815476],[142.431952,-20.811752],[142.436434,-20.791249],[142.44231,-20.786934],[142.457519,-20.789217],[142.466955,-20.785983],[142.484287,-20.783608],[142.498634,-20.778476],[142.498217,-20.776254],[142.507748,-20.772507],[142.518759,-20.769549],[142.533687,-20.768642],[142.534708,-20.764464],[142.540616,-20.767045],[142.539766,-20.763716],[142.534516,-20.762655],[142.541039,-20.750203],[142.54736,-20.75219],[142.551299,-20.756645],[142.562396,-20.76308],[142.570236,-20.762774],[142.57761,-20.765808],[142.583111,-20.76512],[142.581558,-20.762622],[142.587904,-20.759906],[142.598486,-20.757958],[142.603935,-20.751652],[142.61754,-20.752761],[142.636578,-20.765691],[142.645873,-20.767705],[142.652845,-20.765019],[142.665896,-20.77177],[142.669611,-20.77678],[142.678373,-20.78105],[142.684232,-20.780504],[142.688442,-20.784184],[142.707963,-20.782582],[142.709381,-20.783968],[142.720048,-20.784939],[142.727301,-20.788037],[142.739431,-20.788464],[142.745143,-20.791821],[142.750745,-20.797966],[142.764844,-20.806413],[142.766366,-20.793821],[142.770873,-20.790085],[142.767124,-20.788659],[142.7773,-20.78818],[142.780447,-20.786604],[142.788333,-20.780083],[142.793579,-20.771345],[142.796186,-20.769759],[142.798542,-20.7639],[142.804741,-20.760161],[142.802655,-20.757248],[142.797192,-20.760879],[142.797433,-20.757418],[142.79358,-20.754397],[142.792995,-20.75129],[142.801084,-20.739715],[142.80232,-20.734452],[142.804832,-20.732596],[142.803832,-20.729691],[142.812608,-20.719314],[142.818706,-20.716354],[142.819508,-20.712721],[142.829408,-20.703401],[142.839961,-20.689016],[142.850683,-20.684843],[142.852484,-20.679558],[142.84831,-20.677294],[142.861344,-20.673686],[142.870856,-20.667252],[142.877075,-20.666942],[142.883749,-20.662642],[142.893164,-20.660693],[142.903934,-20.66286],[142.904197,-20.664101],[142.912494,-20.663464],[142.921428,-20.657361],[142.924173,-20.657065],[142.927935,-20.652375],[142.93113,-20.651643],[142.942448,-20.649989],[142.944957,-20.651475],[142.95271,-20.649296],[142.963958,-20.654206],[142.971961,-20.655806],[142.969267,-20.651188],[142.971934,-20.647599],[142.974694,-20.646949],[142.971784,-20.650898],[142.973279,-20.653748],[142.979872,-20.652222],[142.984884,-20.654492],[142.987587,-20.651049],[142.984703,-20.644199],[142.98686,-20.644234],[142.986401,-20.64065],[142.993236,-20.631412],[143.000619,-20.629645],[143.002807,-20.626455],[143.010725,-20.623151],[143.021466,-20.623695],[143.032818,-20.622044],[143.029725,-20.618334],[143.044739,-20.619685],[143.038834,-20.612173],[143.035297,-20.612412],[143.03165,-20.609559],[143.028282,-20.610614],[143.027057,-20.609642],[143.028873,-20.608096],[143.023133,-20.607888],[143.016293,-20.604905],[143.01173,-20.606626],[142.996315,-20.60656],[142.990466,-20.604034],[142.98356,-20.603536],[142.975138,-20.607979],[142.965922,-20.607545],[142.959432,-20.612278],[142.95296,-20.61163],[142.949955,-20.615298],[142.944993,-20.615581],[142.943541,-20.619078],[142.933806,-20.624501],[142.943352,-20.613921],[142.943974,-20.610346],[142.947597,-20.605505],[142.94785,-20.600424],[142.95275,-20.597802],[142.95328,-20.595394],[142.947666,-20.586742],[142.949131,-20.585184],[142.947419,-20.583208],[142.948518,-20.581271],[142.936619,-20.568066],[142.934161,-20.566734],[142.931312,-20.56773],[142.927123,-20.564073],[142.9204,-20.553507],[142.921517,-20.549886],[142.916984,-20.547846],[142.911364,-20.539481],[142.913871,-20.533963],[142.911716,-20.532477],[142.912031,-20.530715],[142.918152,-20.53232],[142.921823,-20.536158],[142.924744,-20.535441],[142.921082,-20.530346],[142.922358,-20.524121],[142.918856,-20.521596],[142.919466,-20.518751],[142.925344,-20.519992],[142.92597,-20.517731],[142.928517,-20.516918],[142.924858,-20.50996],[142.927975,-20.505444],[142.936041,-20.500758],[142.938229,-20.491349],[142.937716,-20.485313],[142.941136,-20.476926],[142.937919,-20.476888],[142.938532,-20.469464],[142.922774,-20.448435],[142.921885,-20.439572],[142.919615,-20.435169],[142.920691,-20.429664],[142.922507,-20.427421],[142.929592,-20.426884],[142.938113,-20.423544],[142.946238,-20.416558],[142.951584,-20.417177],[142.952322,-20.413929],[142.955799,-20.41314],[142.957567,-20.410463],[142.95667,-20.398622],[142.951596,-20.392656],[142.947207,-20.382944],[142.941116,-20.382453],[142.939424,-20.376351],[142.944359,-20.372583],[142.950169,-20.360718],[142.95146,-20.353852],[142.950029,-20.348697],[142.943284,-20.341778],[142.941985,-20.336546],[142.947941,-20.338334],[142.951596,-20.335391],[142.948667,-20.331849],[142.943144,-20.332425],[142.945174,-20.327997],[142.963904,-20.325201],[142.96889,-20.320816],[142.97885,-20.320384],[142.976764,-20.312052],[142.970128,-20.309215],[142.984164,-20.310186],[142.98665,-20.3121],[142.999851,-20.314947],[142.993101,-20.30934],[142.988719,-20.30939],[142.987017,-20.307052],[143.014696,-20.310519],[143.02178,-20.306912],[143.041754,-20.301122],[143.052159,-20.306234],[143.063635,-20.306005],[143.06836,-20.307843],[143.077474,-20.308042],[143.094655,-20.304655],[143.127518,-20.304752],[143.132038,-20.30285],[143.129355,-20.307063],[143.131048,-20.307652],[143.136324,-20.303685],[143.145998,-20.30539],[143.152845,-20.302352],[143.152434,-20.303995],[143.154473,-20.304754],[143.147199,-20.308852],[143.150736,-20.312031],[143.150342,-20.314276],[143.146061,-20.315723],[143.142154,-20.31067],[143.135421,-20.310501],[143.14007,-20.315055],[143.139038,-20.317829],[143.127819,-20.314604],[143.122342,-20.321979],[143.119821,-20.321317],[143.118029,-20.317131],[143.114999,-20.317329],[143.114606,-20.316067],[143.117578,-20.313743],[143.11637,-20.311192],[143.112321,-20.312598],[143.111055,-20.306412],[143.105033,-20.3068],[143.102871,-20.308958],[143.096869,-20.308597],[143.095326,-20.310418],[143.086933,-20.312669],[143.086942,-20.315151],[143.08929,-20.314721],[143.090853,-20.316929],[143.094193,-20.315234],[143.096293,-20.317001],[143.097188,-20.324751],[143.091688,-20.328311],[143.08197,-20.327735],[143.081075,-20.328829],[143.076086,-20.324226],[143.06595,-20.321227],[143.052319,-20.321763],[143.049741,-20.311089],[143.041446,-20.309546],[143.025084,-20.310375],[143.017333,-20.313826],[143.022717,-20.318879],[143.023878,-20.322503],[143.018387,-20.327627],[143.012719,-20.328224],[143.000019,-20.323959],[142.991817,-20.329086],[142.989717,-20.33284],[142.994125,-20.335948],[142.992731,-20.338265],[142.995329,-20.341876],[143.008088,-20.350897],[143.007064,-20.356422],[143.012778,-20.355777],[143.013923,-20.357403],[143.012959,-20.358667],[143.014483,-20.359289],[143.021093,-20.35833],[143.024229,-20.362402],[143.028426,-20.359838],[143.031276,-20.362607],[143.040454,-20.36244],[143.041895,-20.357367],[143.046125,-20.358984],[143.045676,-20.355764],[143.048009,-20.356246],[143.054218,-20.353466],[143.058253,-20.355262],[143.060399,-20.350407],[143.062234,-20.349608],[143.065767,-20.360438],[143.070759,-20.357515],[143.069357,-20.354829],[143.071472,-20.354311],[143.073676,-20.357039],[143.07399,-20.360974],[143.078526,-20.357736],[143.079057,-20.354271],[143.080649,-20.35511],[143.084764,-20.351625],[143.079726,-20.358428],[143.082641,-20.360117],[143.079847,-20.367733],[143.072044,-20.3772],[143.07592,-20.381508],[143.090047,-20.375326],[143.096245,-20.35977],[143.094549,-20.371088],[143.095923,-20.371963],[143.099671,-20.369923],[143.098609,-20.365907],[143.10027,-20.364065],[143.097953,-20.358105],[143.098755,-20.34733],[143.100422,-20.351561],[143.103476,-20.351772],[143.099216,-20.344177],[143.099222,-20.340016],[143.099997,-20.343506],[143.106076,-20.350832],[143.108833,-20.346339],[143.113267,-20.343084],[143.115707,-20.338193],[143.110886,-20.32826],[143.115733,-20.334183],[143.114373,-20.328553],[143.116604,-20.330522],[143.119541,-20.327969],[143.119008,-20.334117],[143.125591,-20.330634],[143.12265,-20.333953],[143.118498,-20.335466],[143.113484,-20.34693],[143.109486,-20.348787],[143.108097,-20.355222],[143.11342,-20.355604],[143.132319,-20.34861],[143.136551,-20.34138],[143.13566,-20.346373],[143.133436,-20.348945],[143.123905,-20.353924],[143.107607,-20.359673],[143.103479,-20.369289],[143.109981,-20.371893],[143.118816,-20.369606],[143.113963,-20.372858],[143.118773,-20.37667],[143.126144,-20.377753],[143.134315,-20.385042],[143.137877,-20.382326],[143.134277,-20.376014],[143.1305,-20.373878],[143.132448,-20.372537],[143.134163,-20.374343],[143.13647,-20.373735],[143.136561,-20.377309],[143.140249,-20.381052],[143.1451,-20.376545],[143.137755,-20.367967],[143.136448,-20.358814],[143.152027,-20.352943],[143.152159,-20.346992],[143.152784,-20.35255],[143.166718,-20.342727],[143.166114,-20.340877],[143.16995,-20.33498],[143.164816,-20.33195],[143.166271,-20.331214],[143.165451,-20.327212],[143.167471,-20.329011],[143.170743,-20.326479],[143.170089,-20.324526],[143.17386,-20.323205],[143.175153,-20.328503],[143.176704,-20.328696],[143.178469,-20.326298],[143.177564,-20.323592],[143.179397,-20.322376],[143.178334,-20.320238],[143.185806,-20.316642],[143.186892,-20.319155],[143.191672,-20.317881],[143.192988,-20.316893],[143.192683,-20.313943],[143.196809,-20.315428],[143.195853,-20.312927],[143.204261,-20.304248],[143.204644,-20.300053],[143.212731,-20.29934],[143.218244,-20.294455],[143.223781,-20.294062],[143.218771,-20.295716],[143.216594,-20.301098],[143.22358,-20.301433],[143.214812,-20.303862],[143.217943,-20.306197],[143.208536,-20.313277],[143.207159,-20.316223],[143.20984,-20.317867],[143.213592,-20.314722],[143.217398,-20.317272],[143.218212,-20.313358],[143.219821,-20.312815],[143.218904,-20.318741],[143.216269,-20.32252],[143.218516,-20.32397],[143.224375,-20.321249],[143.226419,-20.331448],[143.22798,-20.321082],[143.231197,-20.314543],[143.229995,-20.312287],[143.232972,-20.311248],[143.233951,-20.315692],[143.232837,-20.317115],[143.237553,-20.31669],[143.238962,-20.313953],[143.237662,-20.309451],[143.244125,-20.305955],[143.244684,-20.301538],[143.248611,-20.301149],[143.248546,-20.298463],[143.251942,-20.295375],[143.25427,-20.288292],[143.263562,-20.287517],[143.271499,-20.290602],[143.273917,-20.298827],[143.278909,-20.300177],[143.280158,-20.29557],[143.283385,-20.294055],[143.280678,-20.291843],[143.287399,-20.290879],[143.287171,-20.294392],[143.288799,-20.295171],[143.294722,-20.289695],[143.300669,-20.293488],[143.299682,-20.291017],[143.302079,-20.289108],[143.302687,-20.286221],[143.306431,-20.289061],[143.313023,-20.289472],[143.315643,-20.287757],[143.313166,-20.285086],[143.319238,-20.285322],[143.328133,-20.275682],[143.331491,-20.275793],[143.332741,-20.277384],[143.331474,-20.283458],[143.335835,-20.275669],[143.343398,-20.270759],[143.363627,-20.270584],[143.364679,-20.276528],[143.358668,-20.278841],[143.362348,-20.281719],[143.362181,-20.283521],[143.355602,-20.282809],[143.353445,-20.28801],[143.355799,-20.2894],[143.355771,-20.291145],[143.358821,-20.287221],[143.364315,-20.287507],[143.366259,-20.288745],[143.366483,-20.291669],[143.361631,-20.294887],[143.357416,-20.294327],[143.354618,-20.295641],[143.354959,-20.298638],[143.352126,-20.301028],[143.352322,-20.303862],[143.359286,-20.305453],[143.362264,-20.301433],[143.365426,-20.303234],[143.368301,-20.301764],[143.372279,-20.302718],[143.367985,-20.304464],[143.36956,-20.309575],[143.3747,-20.312054],[143.380365,-20.310755],[143.384286,-20.311636],[143.38427,-20.314692],[143.386193,-20.31679],[143.40359,-20.308592],[143.411302,-20.307761],[143.414877,-20.303261],[143.42188,-20.301313],[143.429644,-20.293389],[143.433926,-20.292991],[143.444883,-20.295802],[143.458035,-20.294385],[143.459774,-20.296724],[143.4621,-20.295713],[143.462585,-20.297312],[143.468938,-20.295931],[143.472502,-20.29842],[143.483107,-20.299079],[143.482857,-20.303206],[143.488659,-20.307029],[143.49454,-20.306243],[143.493539,-20.302648],[143.494578,-20.301159],[143.504148,-20.298667],[143.50768,-20.295366],[143.517505,-20.295557],[143.529262,-20.29305],[143.5319,-20.29429],[143.534524,-20.293026],[143.535077,-20.289949],[143.538616,-20.288102],[143.539909,-20.285561],[143.546587,-20.28726],[143.548318,-20.289556],[143.550334,-20.289208],[143.553351,-20.291575],[143.560404,-20.289323],[143.561235,-20.282313],[143.56438,-20.286414],[143.567576,-20.283654],[143.571644,-20.284047],[143.562486,-20.289857],[143.565504,-20.293306],[143.560639,-20.293234],[143.559601,-20.294361],[143.560738,-20.296195],[143.558941,-20.298038],[143.543731,-20.303216],[143.545295,-20.30543],[143.572491,-20.295504],[143.574792,-20.292306],[143.574793,-20.288307],[143.577563,-20.284393],[143.581068,-20.273107],[143.586542,-20.26894],[143.586509,-20.264147],[143.589194,-20.258629],[143.596729,-20.25404],[143.604838,-20.243541],[143.610066,-20.247815],[143.615585,-20.244002],[143.620915,-20.244112],[143.620193,-20.238458],[143.621786,-20.234009],[143.63306,-20.227671],[143.636797,-20.222541],[143.63808,-20.216697],[143.64633,-20.218822],[143.65049,-20.217312],[143.651952,-20.213773],[143.661204,-20.212181],[143.662587,-20.212486],[143.662596,-20.215381],[143.668016,-20.21428],[143.671071,-20.204475],[143.671204,-20.198061],[143.677921,-20.194896],[143.681857,-20.196903],[143.682587,-20.193161],[143.686209,-20.192233],[143.689016,-20.188046],[143.696901,-20.185696],[143.696727,-20.181365],[143.699261,-20.17898],[143.705105,-20.181184],[143.707048,-20.183792],[143.710771,-20.184227],[143.712311,-20.183515],[143.7128,-20.178881],[143.720744,-20.177812],[143.723696,-20.18044],[143.72938,-20.177288],[143.733338,-20.178468],[143.732437,-20.168522],[143.740257,-20.167774],[143.738652,-20.161368],[143.749979,-20.159354],[143.756089,-20.159457],[143.760497,-20.162363],[143.765407,-20.161375],[143.771223,-20.157068],[143.769291,-20.153758],[143.76985,-20.151151],[143.776982,-20.151344],[143.776604,-20.149634],[143.773932,-20.149129],[143.780399,-20.141072],[143.780569,-20.138182],[143.787275,-20.137081],[143.78589,-20.143838],[143.791574,-20.146915],[143.79947,-20.134472],[143.805711,-20.13091],[143.80788,-20.127766],[143.81254,-20.126747],[143.810598,-20.122127],[143.811675,-20.121238],[143.819695,-20.117928],[143.823113,-20.119139],[143.824128,-20.122451],[143.829107,-20.119963],[143.834685,-20.120859],[143.837036,-20.11527],[143.843744,-20.109745],[143.856355,-20.11024],[143.861348,-20.108341],[143.866616,-20.109348],[143.872436,-20.107662],[143.882962,-20.112759],[143.888369,-20.110339],[143.89508,-20.119059],[143.895102,-20.120298],[143.891559,-20.117815],[143.886973,-20.118881],[143.886792,-20.11501],[143.883304,-20.116151],[143.882979,-20.113918],[143.880434,-20.113461],[143.873885,-20.116409],[143.872248,-20.114167],[143.870338,-20.116019],[143.869855,-20.111804],[143.867966,-20.110161],[143.865521,-20.115504],[143.867747,-20.117558],[143.865265,-20.119725],[143.860231,-20.117532],[143.850831,-20.119477],[143.846543,-20.117831],[143.845262,-20.126618],[143.840321,-20.13372],[143.818885,-20.138779],[143.811811,-20.14502],[143.805889,-20.14734],[143.801398,-20.155844],[143.808819,-20.157344],[143.809012,-20.158832],[143.806742,-20.160528],[143.801066,-20.160591],[143.79035,-20.167302],[143.784911,-20.175245],[143.784107,-20.183253],[143.780704,-20.186745],[143.769427,-20.189892],[143.763206,-20.188703],[143.756511,-20.19213],[143.755421,-20.19953],[143.759804,-20.205206],[143.757655,-20.209883],[143.750716,-20.212249],[143.750754,-20.209731],[143.74821,-20.20743],[143.749449,-20.203574],[143.748453,-20.199134],[143.743395,-20.201446],[143.739841,-20.207684],[143.734953,-20.209787],[143.732565,-20.207089],[143.727646,-20.207451],[143.726066,-20.209415],[143.726031,-20.214999],[143.722057,-20.218583],[143.723831,-20.222363],[143.717645,-20.222078],[143.716595,-20.227733],[143.700752,-20.226568],[143.698131,-20.229172],[143.692322,-20.22831],[143.687348,-20.23027],[143.685242,-20.235913],[143.687424,-20.239903],[143.675118,-20.242417],[143.673421,-20.248159],[143.670901,-20.244865],[143.668644,-20.244357],[143.669043,-20.249232],[143.666039,-20.250297],[143.664168,-20.254475],[143.664613,-20.259463],[143.658966,-20.261466],[143.651474,-20.261727],[143.651128,-20.26847],[143.647444,-20.269867],[143.649172,-20.273025],[143.64052,-20.273032],[143.63797,-20.276963],[143.633147,-20.272687],[143.63397,-20.276823],[143.628535,-20.274572],[143.640075,-20.285028],[143.638152,-20.286943],[143.638287,-20.297658],[143.634064,-20.298496],[143.628412,-20.304832],[143.626142,-20.30452],[143.627081,-20.300661],[143.635447,-20.293516],[143.631938,-20.294508],[143.628855,-20.2934],[143.628768,-20.295793],[143.626184,-20.296269],[143.6263,-20.289382],[143.628993,-20.286578],[143.625521,-20.286529],[143.625551,-20.283244],[143.622304,-20.289862],[143.619973,-20.279912],[143.61621,-20.282514],[143.616814,-20.276279],[143.619645,-20.274384],[143.616186,-20.261057],[143.611757,-20.272015],[143.60843,-20.272445],[143.606789,-20.275529],[143.607904,-20.282442],[143.598997,-20.282287],[143.592164,-20.28647],[143.589715,-20.288749],[143.587171,-20.295878],[143.583503,-20.297219],[143.583051,-20.299187],[143.580747,-20.298636],[143.580341,-20.30144],[143.576079,-20.300344],[143.574072,-20.302192],[143.569178,-20.300289],[143.567178,-20.302495],[143.568221,-20.305053],[143.566509,-20.30796],[143.558422,-20.307601],[143.556044,-20.309665],[143.548896,-20.311435],[143.543278,-20.311002],[143.538984,-20.315376],[143.521781,-20.315876],[143.520217,-20.317458],[143.521473,-20.318343],[143.520468,-20.322725],[143.528452,-20.324613],[143.529694,-20.327865],[143.524997,-20.335461],[143.526595,-20.337785],[143.524987,-20.348546],[143.516781,-20.353054],[143.51731,-20.359037],[143.51389,-20.363328],[143.518509,-20.365758],[143.523474,-20.364297],[143.528319,-20.365594],[143.536524,-20.357851],[143.532614,-20.366344],[143.533411,-20.368229],[143.538531,-20.369185],[143.54543,-20.366597],[143.548598,-20.36743],[143.55323,-20.363691],[143.551054,-20.367843],[143.558169,-20.367733],[143.554359,-20.371042],[143.545678,-20.369752],[143.54154,-20.371921],[143.53583,-20.371951],[143.537143,-20.374697],[143.52705,-20.370416],[143.517244,-20.370384],[143.511601,-20.372702],[143.508517,-20.377259],[143.505925,-20.378419],[143.506197,-20.387968],[143.503817,-20.394069],[143.491545,-20.407566],[143.490879,-20.410379],[143.484608,-20.414843],[143.488966,-20.416932],[143.503211,-20.412587],[143.500028,-20.41805],[143.488393,-20.422951],[143.488054,-20.425117],[143.496303,-20.421346],[143.499526,-20.422595],[143.502133,-20.418109],[143.503069,-20.42239],[143.508056,-20.42087],[143.51348,-20.421543],[143.510624,-20.424846],[143.510016,-20.428204],[143.503788,-20.426018],[143.500797,-20.430605],[143.498913,-20.428833],[143.496818,-20.430017],[143.496475,-20.428219],[143.501234,-20.423675],[143.494768,-20.427859],[143.49455,-20.432346],[143.489717,-20.44113],[143.489035,-20.452984],[143.493439,-20.449195],[143.493578,-20.444234],[143.498267,-20.440448],[143.507849,-20.441067],[143.509265,-20.442769],[143.50647,-20.446184],[143.506669,-20.449612],[143.508637,-20.448293],[143.521183,-20.434446],[143.522506,-20.43114],[143.530724,-20.426267],[143.537042,-20.419886],[143.545208,-20.40527],[143.575027,-20.376904],[143.578916,-20.369406],[143.578405,-20.376648],[143.582069,-20.373081],[143.584728,-20.372789],[143.596909,-20.376776],[143.596315,-20.383656],[143.602983,-20.392337],[143.608307,-20.385766],[143.605393,-20.382556],[143.609271,-20.382425],[143.606509,-20.378811],[143.61034,-20.379327],[143.615105,-20.39074],[143.616067,-20.4037],[143.612722,-20.410347],[143.615959,-20.429156],[143.611276,-20.430586],[143.610335,-20.432702],[143.602354,-20.429704],[143.600055,-20.423599],[143.594237,-20.420675],[143.592605,-20.415234],[143.588828,-20.414202],[143.589014,-20.409185],[143.591146,-20.406198],[143.58367,-20.398064],[143.579538,-20.400425],[143.576387,-20.398921],[143.575021,-20.404207],[143.571279,-20.409438],[143.56932,-20.427231],[143.57067,-20.428218],[143.574708,-20.426676],[143.581151,-20.420127],[143.584046,-20.426398],[143.590482,-20.428468],[143.589202,-20.433139],[143.591706,-20.44002],[143.590387,-20.442376],[143.589886,-20.439372],[143.584266,-20.436894],[143.584202,-20.446877],[143.579135,-20.443978],[143.580114,-20.447165],[143.575505,-20.44542],[143.575227,-20.447096],[143.578716,-20.450591],[143.578262,-20.45537],[143.573078,-20.457301],[143.573232,-20.459448],[143.568742,-20.463813],[143.564221,-20.45982],[143.566364,-20.469105],[143.558492,-20.476947],[143.554944,-20.474462],[143.556077,-20.469955],[143.558631,-20.467867],[143.554225,-20.467591],[143.553333,-20.473111],[143.548159,-20.467643],[143.544727,-20.456967],[143.547465,-20.448816],[143.542245,-20.456609],[143.545727,-20.463478],[143.545717,-20.464811],[143.544161,-20.463346],[143.542367,-20.464446],[143.545625,-20.470498],[143.543609,-20.470723],[143.544626,-20.472709],[143.542102,-20.473527],[143.541425,-20.476416],[143.535108,-20.476508],[143.533708,-20.47321],[143.529833,-20.476927],[143.5303,-20.473797],[143.526194,-20.476101],[143.52507,-20.473873],[143.523892,-20.477794],[143.51977,-20.479074],[143.519461,-20.472881],[143.518048,-20.471974],[143.515062,-20.472993],[143.512461,-20.478692],[143.510574,-20.477255],[143.51083,-20.480277],[143.504615,-20.480269],[143.502536,-20.482983],[143.500303,-20.482576],[143.499394,-20.485375],[143.51735,-20.47987],[143.50091,-20.48626],[143.487354,-20.494795],[143.479893,-20.496176],[143.465724,-20.495115],[143.454496,-20.499983],[143.450643,-20.503452],[143.44988,-20.525488],[143.453474,-20.525105],[143.456173,-20.520758],[143.459564,-20.521173],[143.463429,-20.517246],[143.462236,-20.520494],[143.456117,-20.524931],[143.461163,-20.528859],[143.460845,-20.524343],[143.465872,-20.523228],[143.467641,-20.526159],[143.471817,-20.528118],[143.472946,-20.527734],[143.471696,-20.525811],[143.474213,-20.525428],[143.480181,-20.529283],[143.4798,-20.52471],[143.486508,-20.521079],[143.484756,-20.519249],[143.490464,-20.514589],[143.497133,-20.519941],[143.49737,-20.524879],[143.501838,-20.526071],[143.504372,-20.521439],[143.520199,-20.51015],[143.527465,-20.508758],[143.518231,-20.513246],[143.510478,-20.525996],[143.505004,-20.528868],[143.500991,-20.540312],[143.504575,-20.540929],[143.501967,-20.544484],[143.502976,-20.550231],[143.499699,-20.555042],[143.49728,-20.555747],[143.497654,-20.559843],[143.493932,-20.559426],[143.49037,-20.552855],[143.48766,-20.554726],[143.493431,-20.561317],[143.497309,-20.562478],[143.497867,-20.565763],[143.49507,-20.570206],[143.490653,-20.570182],[143.493342,-20.571928],[143.492902,-20.575215],[143.488778,-20.575833],[143.487043,-20.579446],[143.486496,-20.576731],[143.483768,-20.57501],[143.484886,-20.581529],[143.480622,-20.584793],[143.479054,-20.588288],[143.477182,-20.587313],[143.475437,-20.589408],[143.474782,-20.588105],[143.478785,-20.583372],[143.483615,-20.581071],[143.47925,-20.579774],[143.477397,-20.580721],[143.478069,-20.58251],[143.475905,-20.57959],[143.476709,-20.583447],[143.472596,-20.582773],[143.472547,-20.591207],[143.469862,-20.594264],[143.469952,-20.596307],[143.471516,-20.597864],[143.475264,-20.593388],[143.477237,-20.596668],[143.476776,-20.598706],[143.474081,-20.598965],[143.47574,-20.60103],[143.473317,-20.605333],[143.471508,-20.605576],[143.472276,-20.601027],[143.466996,-20.595501],[143.466316,-20.588302],[143.465212,-20.596821],[143.46294,-20.59607],[143.461472,-20.599133],[143.458663,-20.598663],[143.456945,-20.600726],[143.453523,-20.599663],[143.442248,-20.606251],[143.442987,-20.603539],[143.446014,-20.60218],[143.446166,-20.598565],[143.448092,-20.596928],[143.446394,-20.594169],[143.449337,-20.592598],[143.447466,-20.591004],[143.449805,-20.587603],[143.445918,-20.581867],[143.442444,-20.580609],[143.441717,-20.57684],[143.438058,-20.576162],[143.428583,-20.578341],[143.431503,-20.580563],[143.430872,-20.582207],[143.425452,-20.582996],[143.421686,-20.579119],[143.415039,-20.578219],[143.418486,-20.581419],[143.415141,-20.58711],[143.411129,-20.586081],[143.41228,-20.589271],[143.410189,-20.593066],[143.407706,-20.593615],[143.409793,-20.59669],[143.408954,-20.600261],[143.401592,-20.596933],[143.398641,-20.597096],[143.397294,-20.595257],[143.398268,-20.592966],[143.39445,-20.592804],[143.392427,-20.587813],[143.390968,-20.596017],[143.388078,-20.594731],[143.387156,-20.597542],[143.383891,-20.597199],[143.38351,-20.590839],[143.386105,-20.586051],[143.383911,-20.584963],[143.383012,-20.590066],[143.376778,-20.600035],[143.374141,-20.600158],[143.37256,-20.604713],[143.373689,-20.606857],[143.375829,-20.60495],[143.371882,-20.616387],[143.371092,-20.625128],[143.368674,-20.62385],[143.373962,-20.607326],[143.366525,-20.607449],[143.372703,-20.610425],[143.368735,-20.610976],[143.365742,-20.609161],[143.364888,-20.604037],[143.363516,-20.604032],[143.364152,-20.606523],[143.36191,-20.6071],[143.36141,-20.612068],[143.356761,-20.613194],[143.356487,-20.61629],[143.354085,-20.618811],[143.34878,-20.619431],[143.35219,-20.617154],[143.350839,-20.613122],[143.356332,-20.610927],[143.357646,-20.611413],[143.3545,-20.613165],[143.356401,-20.61325],[143.357437,-20.612304],[143.359935,-20.60683],[143.357803,-20.605672],[143.357527,-20.601346],[143.350654,-20.600531],[143.352909,-20.603344],[143.350909,-20.604374],[143.349197,-20.600719],[143.346778,-20.601239],[143.339799,-20.598164],[143.338094,-20.603846],[143.335627,-20.602541],[143.334164,-20.603716],[143.337311,-20.606249],[143.329851,-20.607989],[143.331845,-20.611068],[143.325979,-20.60923],[143.311108,-20.620028],[143.307932,-20.626723],[143.31001,-20.627983],[143.311346,-20.635198],[143.302746,-20.633038],[143.3072,-20.629038],[143.306614,-20.625844],[143.306083,-20.627905],[143.299625,-20.633248],[143.290472,-20.633369],[143.289738,-20.636658],[143.287545,-20.635581],[143.287725,-20.637891],[143.285548,-20.637897],[143.283995,-20.639948],[143.272714,-20.641757],[143.267939,-20.648558],[143.267492,-20.650096],[143.269355,-20.651325],[143.265604,-20.657001],[143.270146,-20.658761],[143.269159,-20.660354],[143.270671,-20.660859],[143.264538,-20.665771],[143.264587,-20.676075],[143.261291,-20.6808],[143.254485,-20.684067],[143.253413,-20.686576],[143.259094,-20.688749],[143.262441,-20.683759],[143.266463,-20.682149],[143.264162,-20.686373],[143.260708,-20.687994],[143.260323,-20.690419],[143.252183,-20.691632],[143.243879,-20.695772],[143.239516,-20.700399],[143.236883,-20.7078],[143.23014,-20.711796],[143.230186,-20.714728],[143.227388,-20.719427],[143.231106,-20.719063],[143.229069,-20.723074],[143.230161,-20.730153],[143.229121,-20.735436],[143.234483,-20.735756],[143.235694,-20.733799],[143.234206,-20.730593],[143.239003,-20.733144],[143.24028,-20.736776],[143.2363,-20.736107],[143.237124,-20.740747],[143.240606,-20.737803],[143.241199,-20.733632],[143.249268,-20.727632],[143.267114,-20.729433],[143.269782,-20.725906],[143.277032,-20.728132],[143.284435,-20.725689],[143.288585,-20.726109],[143.293958,-20.719002],[143.294248,-20.713292],[143.295926,-20.712894],[143.297859,-20.714081],[143.296135,-20.715983],[143.294943,-20.725986],[143.293139,-20.727422],[143.296547,-20.730403],[143.299176,-20.731585],[143.304059,-20.730088],[143.309222,-20.732866],[143.317766,-20.732998],[143.326471,-20.729816],[143.326845,-20.720937],[143.322793,-20.716986],[143.330337,-20.719732],[143.330384,-20.725996],[143.332777,-20.726937],[143.336108,-20.724043],[143.332883,-20.724099],[143.332579,-20.720573],[143.334792,-20.719389],[143.330405,-20.713149],[143.335352,-20.715998],[143.340454,-20.723315],[143.353434,-20.715994],[143.350931,-20.714144],[143.350132,-20.711036],[143.346141,-20.711797],[143.339713,-20.708648],[143.343598,-20.696885],[143.346341,-20.696377],[143.345365,-20.697979],[143.349385,-20.703161],[143.353766,-20.703337],[143.354476,-20.704798],[143.356071,-20.702776],[143.360273,-20.703542],[143.364347,-20.709764],[143.364606,-20.707598],[143.360897,-20.7019],[143.363024,-20.696258],[143.361984,-20.691892],[143.358599,-20.68675],[143.35012,-20.681268],[143.353414,-20.681477],[143.357174,-20.684265],[143.356606,-20.68098],[143.350067,-20.677971],[143.354252,-20.678428],[143.352843,-20.675499],[143.355345,-20.67673],[143.357112,-20.674453],[143.356816,-20.679414],[143.359389,-20.684059],[143.359982,-20.675258],[143.361678,-20.681884],[143.367219,-20.675869],[143.373183,-20.677432],[143.37689,-20.675726],[143.37302,-20.679215],[143.374298,-20.683466],[143.371287,-20.685091],[143.371655,-20.687812],[143.375397,-20.689801],[143.375507,-20.68288],[143.377603,-20.681804],[143.377099,-20.677473],[143.380172,-20.679672],[143.3798,-20.675005],[143.380969,-20.677675],[143.382332,-20.677316],[143.382201,-20.673976],[143.385411,-20.675827],[143.38304,-20.67224],[143.386401,-20.66619],[143.38657,-20.660805],[143.381452,-20.662871],[143.377279,-20.667066],[143.376772,-20.663392],[143.374452,-20.662343],[143.372618,-20.662371],[143.373435,-20.664977],[143.37128,-20.665702],[143.371202,-20.664384],[143.366207,-20.662028],[143.356004,-20.661644],[143.357053,-20.660366],[143.356071,-20.65857],[143.348078,-20.656278],[143.343854,-20.653362],[143.346027,-20.649646],[143.344422,-20.647328],[143.347021,-20.643856],[143.350891,-20.64309],[143.358573,-20.646963],[143.366628,-20.646247],[143.370607,-20.649944],[143.376836,-20.64903],[143.378557,-20.647305],[143.381174,-20.649967],[143.38447,-20.650146],[143.385716,-20.64875],[143.384954,-20.645251],[143.379211,-20.636422],[143.372577,-20.637704],[143.372191,-20.643798],[143.370322,-20.641094],[143.367985,-20.643081],[143.367162,-20.638535],[143.364475,-20.63809],[143.364034,-20.636437],[143.37095,-20.636929],[143.379643,-20.634305],[143.38663,-20.646535],[143.391165,-20.649738],[143.393204,-20.648864],[143.394426,-20.641907],[143.404177,-20.646694],[143.409194,-20.64557],[143.412054,-20.647471],[143.417352,-20.647499],[143.425552,-20.655144],[143.427693,-20.655],[143.422862,-20.651556],[143.425043,-20.647679],[143.428956,-20.647599],[143.422958,-20.644497],[143.433337,-20.643739],[143.437488,-20.640441],[143.4448,-20.638294],[143.458219,-20.640943],[143.459895,-20.630666],[143.462613,-20.634319],[143.467298,-20.6321],[143.461974,-20.625757],[143.477501,-20.627298],[143.488263,-20.622155],[143.487088,-20.61619],[143.482401,-20.611378],[143.484586,-20.611076],[143.487612,-20.607692],[143.49289,-20.608026],[143.494403,-20.605864],[143.49259,-20.601841],[143.486009,-20.601431],[143.485601,-20.596936],[143.489358,-20.598499],[143.499894,-20.598628],[143.507949,-20.594805],[143.50797,-20.591962],[143.510987,-20.591793],[143.511801,-20.595224],[143.514044,-20.591974],[143.516255,-20.591473],[143.513547,-20.582951],[143.502328,-20.584843],[143.503539,-20.580927],[143.50238,-20.577526],[143.505176,-20.572828],[143.502952,-20.567597],[143.508024,-20.560317],[143.512789,-20.562982],[143.517749,-20.557745],[143.518929,-20.551878],[143.520812,-20.550669],[143.528171,-20.553147],[143.528947,-20.55516],[143.523347,-20.554374],[143.520252,-20.562764],[143.521046,-20.564704],[143.527186,-20.567385],[143.527994,-20.569413],[143.520446,-20.567456],[143.517002,-20.568968],[143.51531,-20.572436],[143.510283,-20.574964],[143.508078,-20.577927],[143.507642,-20.579881],[143.509593,-20.581596],[143.51238,-20.579936],[143.515928,-20.581061],[143.519628,-20.578687],[143.528519,-20.580678],[143.530818,-20.574567],[143.532881,-20.57381],[143.535909,-20.575854],[143.542825,-20.570768],[143.540341,-20.570385],[143.54123,-20.562795],[143.54294,-20.561977],[143.546156,-20.5655],[143.549506,-20.56544],[143.548283,-20.557917],[143.555246,-20.555764],[143.555294,-20.554174],[143.548168,-20.55115],[143.545161,-20.553069],[143.54325,-20.549708],[143.5434,-20.538578],[143.567728,-20.533264],[143.571865,-20.530266],[143.581113,-20.531257],[143.584015,-20.528571],[143.588932,-20.530787],[143.59191,-20.529628],[143.593341,-20.532074],[143.595536,-20.532147],[143.599361,-20.529315],[143.603823,-20.528693],[143.607996,-20.533023],[143.608857,-20.522118],[143.601343,-20.517576],[143.593395,-20.518797],[143.590911,-20.520782],[143.589395,-20.518801],[143.5874,-20.519361],[143.590945,-20.513338],[143.602021,-20.513799],[143.610283,-20.51936],[143.613617,-20.516565],[143.616862,-20.517938],[143.616674,-20.51469],[143.621789,-20.513427],[143.619822,-20.518788],[143.616392,-20.521553],[143.625281,-20.525252],[143.628893,-20.523197],[143.629962,-20.51928],[143.635191,-20.519458],[143.635138,-20.525317],[143.633269,-20.526746],[143.636619,-20.527546],[143.634728,-20.529208],[143.6358,-20.531916],[143.639507,-20.529347],[143.640884,-20.530934],[143.640094,-20.536971],[143.645172,-20.541427],[143.64299,-20.543608],[143.64025,-20.542407],[143.644885,-20.547784],[143.643483,-20.551305],[143.640217,-20.549976],[143.639982,-20.553595],[143.637757,-20.553513],[143.634613,-20.549446],[143.632538,-20.552213],[143.633646,-20.555694],[143.637123,-20.558468],[143.63616,-20.561507],[143.641526,-20.564433],[143.645413,-20.558606],[143.647767,-20.542157],[143.652568,-20.539219],[143.655819,-20.533585],[143.661526,-20.530549],[143.656599,-20.529395],[143.662394,-20.525391],[143.659077,-20.523832],[143.659763,-20.520714],[143.660818,-20.51916],[143.669723,-20.520054],[143.67141,-20.518852],[143.670148,-20.515301],[143.673188,-20.510473],[143.670245,-20.507305],[143.672275,-20.505111],[143.680021,-20.504693],[143.68555,-20.507402],[143.68527,-20.503971],[143.69044,-20.503794],[143.68867,-20.49972],[143.695756,-20.495397],[143.69573,-20.491489],[143.709136,-20.485403],[143.705297,-20.483418],[143.710527,-20.482724],[143.712139,-20.478969],[143.718576,-20.47478],[143.726942,-20.473189],[143.73009,-20.470509],[143.734015,-20.472258],[143.743999,-20.471676],[143.746151,-20.468362],[143.743415,-20.46479],[143.74452,-20.458869],[143.742674,-20.454495],[143.758561,-20.44377],[143.76575,-20.448388],[143.770082,-20.446965],[143.770118,-20.448783],[143.77437,-20.451194],[143.775346,-20.45651],[143.773607,-20.461296],[143.777003,-20.460527],[143.776809,-20.464325],[143.772191,-20.475879],[143.771791,-20.481544],[143.774793,-20.482481],[143.782778,-20.476613],[143.785249,-20.480257],[143.789259,-20.478376],[143.78909,-20.481979],[143.794417,-20.482051],[143.797176,-20.479455],[143.807636,-20.485611],[143.814987,-20.481011],[143.808045,-20.482437],[143.805251,-20.474284],[143.807448,-20.467137],[143.81058,-20.464074],[143.813328,-20.454118],[143.811801,-20.452247],[143.814112,-20.451271],[143.815997,-20.442581],[143.819487,-20.440173],[143.825852,-20.437652],[143.828738,-20.43877],[143.832752,-20.436869],[143.833625,-20.437851],[143.830411,-20.441695],[143.830583,-20.446055],[143.822056,-20.460025],[143.817114,-20.477976],[143.822729,-20.477316],[143.825358,-20.470394],[143.827165,-20.469923],[143.832438,-20.479081],[143.835241,-20.475679],[143.839689,-20.476518],[143.844492,-20.470436],[143.843911,-20.467849],[143.847604,-20.466476],[143.845585,-20.463929],[143.850315,-20.463368],[143.848795,-20.460188],[143.849624,-20.454364],[143.854726,-20.452367],[143.855906,-20.448009],[143.859912,-20.444448],[143.862695,-20.443898],[143.870304,-20.436017],[143.87813,-20.433184],[143.882151,-20.428134],[143.888613,-20.42439],[143.890231,-20.425717],[143.898135,-20.423769],[143.904602,-20.424659],[143.905755,-20.422693],[143.914035,-20.425206],[143.912652,-20.422163],[143.915735,-20.418787],[143.911282,-20.415847],[143.909946,-20.418913],[143.907704,-20.419375],[143.903863,-20.414609],[143.898506,-20.414012],[143.891728,-20.415341],[143.889086,-20.419437],[143.886085,-20.417163],[143.885069,-20.418962],[143.884066,-20.414839],[143.883028,-20.415941],[143.880255,-20.415145],[143.87944,-20.418061],[143.874383,-20.420446],[143.875085,-20.424103],[143.873735,-20.426196],[143.869854,-20.426973],[143.865609,-20.43038],[143.864325,-20.429644],[143.860694,-20.41097],[143.862428,-20.401502],[143.866511,-20.396393],[143.865024,-20.390485],[143.862072,-20.386543],[143.861504,-20.372519],[143.86438,-20.368615],[143.868698,-20.366574],[143.869782,-20.363716],[143.873559,-20.363568],[143.879878,-20.359016],[143.885617,-20.36112],[143.886056,-20.364478],[143.889959,-20.361738],[143.892969,-20.353448],[143.897146,-20.350326],[143.895285,-20.348728],[143.891192,-20.349056],[143.89107,-20.343899],[143.886278,-20.338658],[143.887251,-20.334056],[143.890008,-20.334197],[143.890054,-20.331744],[143.89388,-20.330292],[143.891311,-20.326683],[143.877189,-20.333321],[143.873157,-20.331601],[143.875635,-20.335081],[143.866653,-20.338973],[143.864697,-20.342425],[143.861705,-20.341506],[143.858704,-20.344009],[143.848334,-20.361441],[143.848138,-20.364311],[143.851886,-20.366043],[143.85315,-20.373385],[143.851141,-20.373571],[143.850844,-20.375526],[143.848517,-20.374137],[143.847895,-20.377888],[143.849578,-20.380217],[143.847774,-20.388515],[143.844841,-20.389175],[143.842588,-20.386733],[143.836923,-20.387877],[143.836631,-20.395497],[143.830852,-20.394459],[143.827367,-20.381292],[143.8287,-20.374203],[143.83756,-20.368409],[143.838905,-20.3602],[143.844071,-20.356336],[143.836362,-20.352707],[143.834247,-20.34517],[143.836169,-20.341973],[143.841417,-20.340455],[143.844845,-20.336935],[143.846767,-20.332639],[143.845479,-20.329761],[143.843168,-20.332347],[143.843617,-20.335256],[143.841774,-20.332042],[143.847071,-20.327494],[143.848787,-20.323995],[143.847959,-20.322222],[143.833997,-20.324506],[143.833641,-20.326373],[143.837126,-20.330866],[143.835681,-20.331701],[143.835495,-20.335156],[143.826447,-20.3396],[143.825513,-20.34283],[143.820222,-20.345428],[143.819728,-20.34842],[143.817039,-20.348892],[143.818519,-20.349784],[143.818353,-20.351237],[143.816794,-20.350037],[143.818048,-20.354267],[143.817129,-20.36015],[143.818217,-20.363563],[143.820398,-20.364438],[143.816898,-20.366182],[143.817458,-20.375096],[143.819197,-20.378818],[143.816082,-20.38324],[143.817526,-20.391737],[143.816642,-20.398121],[143.81094,-20.401581],[143.806029,-20.398609],[143.80391,-20.400585],[143.80549,-20.401669],[143.805187,-20.404649],[143.796743,-20.409603],[143.79565,-20.412812],[143.789375,-20.418255],[143.787081,-20.419181],[143.786026,-20.416663],[143.781077,-20.417841],[143.77648,-20.414612],[143.776283,-20.410742],[143.779437,-20.404837],[143.777857,-20.400083],[143.781274,-20.396111],[143.779231,-20.389561],[143.779607,-20.385169],[143.776955,-20.384781],[143.775339,-20.385729],[143.774098,-20.394157],[143.770401,-20.400201],[143.76856,-20.407726],[143.766229,-20.407335],[143.76571,-20.409949],[143.763427,-20.411216],[143.75989,-20.410318],[143.759252,-20.41302],[143.756173,-20.413084],[143.754844,-20.414748],[143.748737,-20.414181],[143.741145,-20.418167],[143.739776,-20.421555],[143.740838,-20.425028],[143.738596,-20.427627],[143.73259,-20.423504],[143.736324,-20.418785],[143.73647,-20.415126],[143.740335,-20.414335],[143.742764,-20.411943],[143.741457,-20.409558],[143.743295,-20.404835],[143.7411,-20.402216],[143.742841,-20.396704],[143.739898,-20.393929],[143.739011,-20.387912],[143.749779,-20.372478],[143.750977,-20.367888],[143.748611,-20.363752],[143.751267,-20.357544],[143.750449,-20.35159],[143.754475,-20.348499],[143.761605,-20.348324],[143.76401,-20.345779],[143.775784,-20.345141],[143.77786,-20.342381],[143.778653,-20.333574],[143.782317,-20.332875],[143.783429,-20.334866],[143.785402,-20.332083],[143.784383,-20.32938],[143.787629,-20.328746],[143.787464,-20.326128],[143.793555,-20.326334],[143.79124,-20.320178],[143.798572,-20.319487],[143.797911,-20.313562],[143.806702,-20.312889],[143.807408,-20.31083],[143.814475,-20.308083],[143.815462,-20.304812],[143.813989,-20.303497],[143.819019,-20.306654],[143.822599,-20.306762],[143.819642,-20.309049],[143.819948,-20.313159],[143.823664,-20.313322],[143.824419,-20.308454],[143.826819,-20.307375],[143.8272,-20.310032],[143.830354,-20.31189],[143.833196,-20.306006],[143.838482,-20.302514],[143.841696,-20.291171],[143.846865,-20.288828],[143.85696,-20.291385],[143.865762,-20.28785],[143.87296,-20.282343],[143.865598,-20.291171],[143.87,-20.297011],[143.871253,-20.309101],[143.879533,-20.304952],[143.881839,-20.306052],[143.885474,-20.297381],[143.894549,-20.293635],[143.897938,-20.290264],[143.895684,-20.289197],[143.884267,-20.291633],[143.882091,-20.295482],[143.878754,-20.295872],[143.875323,-20.292414],[143.875997,-20.288908],[143.878402,-20.28699],[143.876129,-20.284744],[143.878158,-20.280347],[143.88154,-20.276326],[143.884858,-20.275215],[143.886424,-20.272158],[143.892076,-20.274018],[143.895933,-20.279436],[143.894435,-20.268182],[143.890383,-20.271097],[143.886493,-20.270436],[143.895822,-20.26699],[143.899789,-20.268731],[143.903895,-20.264834],[143.905341,-20.268031],[143.908354,-20.26539],[143.912163,-20.265116],[143.91124,-20.261179],[143.913926,-20.260916],[143.91684,-20.257665],[143.919268,-20.259946],[143.923438,-20.259035],[143.923121,-20.252212],[143.928236,-20.252293],[143.929808,-20.254238],[143.935266,-20.254703],[143.940873,-20.258088],[143.945354,-20.258052],[143.950143,-20.266971],[143.958148,-20.265229],[143.96148,-20.267097],[143.963882,-20.265425],[143.96263,-20.260466],[143.966287,-20.260762],[143.973099,-20.271273],[143.972101,-20.272755],[143.969068,-20.272434],[143.979264,-20.283325],[143.979036,-20.291731],[143.980552,-20.292804],[143.986148,-20.290674],[143.988121,-20.293305],[143.990672,-20.293728],[143.994556,-20.291586],[143.993228,-20.286193],[143.989178,-20.283571],[143.982537,-20.283316],[143.975743,-20.278273],[143.975284,-20.273807],[143.985264,-20.27126],[143.98805,-20.273931],[143.99219,-20.269525],[143.99501,-20.273364],[143.997639,-20.27277],[143.998945,-20.26931],[144.001722,-20.272508],[144.004558,-20.269756],[144.002357,-20.267304],[144.007533,-20.265384],[144.011224,-20.270524],[144.013925,-20.268065],[144.017377,-20.270697],[144.021589,-20.270178],[144.02457,-20.264627],[144.027283,-20.263423],[144.025063,-20.260011],[144.022353,-20.259792],[144.023472,-20.255563],[144.025968,-20.255556],[144.025945,-20.257713],[144.027343,-20.256432],[144.026391,-20.259589],[144.031596,-20.259212],[144.034261,-20.265553],[144.037284,-20.268033],[144.043639,-20.269982],[144.035716,-20.265664],[144.035761,-20.263325],[144.033918,-20.26191],[144.042116,-20.260243],[144.045228,-20.254324],[144.048873,-20.256778],[144.054031,-20.25751],[144.053417,-20.259066],[144.058696,-20.2586],[144.058949,-20.260819],[144.064172,-20.26367],[144.063615,-20.259119],[144.067616,-20.25396],[144.073284,-20.252549],[144.073285,-20.250273],[144.080839,-20.248547],[144.083224,-20.249976],[144.083557,-20.254032],[144.086133,-20.253998],[144.084851,-20.248228],[144.088413,-20.247938],[144.090177,-20.249782],[144.08941,-20.24707],[144.092375,-20.245142],[144.092193,-20.24133],[144.098268,-20.240838],[144.099365,-20.240968],[144.098987,-20.244859],[144.100449,-20.243087],[144.102197,-20.245138],[144.101432,-20.241415],[144.105581,-20.242499],[144.11342,-20.247386],[144.118724,-20.248516],[144.119469,-20.251656],[144.130333,-20.256387],[144.128176,-20.258912],[144.125609,-20.256499],[144.125378,-20.258107],[144.126875,-20.264105],[144.129654,-20.265952],[144.133897,-20.264694],[144.138606,-20.265435],[144.141774,-20.261692],[144.144571,-20.261269],[144.148089,-20.264346],[144.147716,-20.269222],[144.149168,-20.264274],[144.156064,-20.266113],[144.174822,-20.26145],[144.176301,-20.265563],[144.181482,-20.265778],[144.18397,-20.267725],[144.185384,-20.267329],[144.184767,-20.264413],[144.197402,-20.267771],[144.19949,-20.267183],[144.191972,-20.265256],[144.192441,-20.264173],[144.198296,-20.261087],[144.20103,-20.261512],[144.201661,-20.263896],[144.203603,-20.263419],[144.206023,-20.261838],[144.205867,-20.259231],[144.208388,-20.255709],[144.212624,-20.255492],[144.213276,-20.253015],[144.215938,-20.252987],[144.217863,-20.250149],[144.22095,-20.254906],[144.225548,-20.251465],[144.228591,-20.251515],[144.230453,-20.247934],[144.235233,-20.247291],[144.233054,-20.245633],[144.233782,-20.243061],[144.237127,-20.244788],[144.241974,-20.241686],[144.246373,-20.242709],[144.252408,-20.239995],[144.257149,-20.239889],[144.259199,-20.237532],[144.261214,-20.240224],[144.264317,-20.237882],[144.267085,-20.241394],[144.270433,-20.238787],[144.278057,-20.23832],[144.283176,-20.235922],[144.285894,-20.23817],[144.289277,-20.23788],[144.290606,-20.234459],[144.294797,-20.23307],[144.295466,-20.231144],[144.308062,-20.22138],[144.299602,-20.227197],[144.294957,-20.231186],[144.294729,-20.23259],[144.29013,-20.234047],[144.28834,-20.237675],[144.2829,-20.235242],[144.277544,-20.237503],[144.269443,-20.237782],[144.267916,-20.240371],[144.263758,-20.236927],[144.261374,-20.239188],[144.259593,-20.236862],[144.25574,-20.238245],[144.255318,-20.235406],[144.250099,-20.237533],[144.251167,-20.23472],[144.242879,-20.239841],[144.24085,-20.239809],[144.237931,-20.236733],[144.234287,-20.236727],[144.229301,-20.244323],[144.227864,-20.244132],[144.227693,-20.240947],[144.230901,-20.237481],[144.231606,-20.232998],[144.217802,-20.238291],[144.217969,-20.233801],[144.226371,-20.228761],[144.228279,-20.224933],[144.230898,-20.224255],[144.234208,-20.214642],[144.247185,-20.214589],[144.251289,-20.211907],[144.245684,-20.213373],[144.240612,-20.211691],[144.242528,-20.209789],[144.238448,-20.207337],[144.234495,-20.211324],[144.229091,-20.210742],[144.226588,-20.212643],[144.225155,-20.217339],[144.217591,-20.222821],[144.21469,-20.227381],[144.212018,-20.22545],[144.213172,-20.230132],[144.209982,-20.227583],[144.21045,-20.220987],[144.215323,-20.217957],[144.217725,-20.211669],[144.224728,-20.204512],[144.230399,-20.205863],[144.235646,-20.200382],[144.243482,-20.19753],[144.241521,-20.196676],[144.239929,-20.198657],[144.233879,-20.199817],[144.227926,-20.203393],[144.223752,-20.202781],[144.223663,-20.200503],[144.225916,-20.19822],[144.216894,-20.19561],[144.218313,-20.198979],[144.219393,-20.199741],[144.220408,-20.197292],[144.222075,-20.197576],[144.221986,-20.199209],[144.221028,-20.201144],[144.218108,-20.201024],[144.218101,-20.203413],[144.220136,-20.204255],[144.214983,-20.207069],[144.210244,-20.215798],[144.204954,-20.217722],[144.205165,-20.21956],[144.203039,-20.221217],[144.202364,-20.225051],[144.206214,-20.227658],[144.206518,-20.229861],[144.204483,-20.232456],[144.201423,-20.231921],[144.203501,-20.230006],[144.202171,-20.229121],[144.191603,-20.237994],[144.189385,-20.237092],[144.190808,-20.239988],[144.190276,-20.244209],[144.18673,-20.242862],[144.185178,-20.244951],[144.183172,-20.244141],[144.182687,-20.248269],[144.171971,-20.242484],[144.181572,-20.249285],[144.180809,-20.251011],[144.18229,-20.253112],[144.173238,-20.24544],[144.169657,-20.250185],[144.166693,-20.250282],[144.165214,-20.252264],[144.162162,-20.248919],[144.159963,-20.24874],[144.163805,-20.251901],[144.159732,-20.253036],[144.157193,-20.250702],[144.157542,-20.244114],[144.162024,-20.239887],[144.162286,-20.238027],[144.15988,-20.23598],[144.154587,-20.234411],[144.149207,-20.236909],[144.144671,-20.234563],[144.143518,-20.238242],[144.139821,-20.236489],[144.14123,-20.234284],[144.148903,-20.230263],[144.153815,-20.232706],[144.155068,-20.231343],[144.158489,-20.233881],[144.162527,-20.233089],[144.162527,-20.229807],[144.16481,-20.229587],[144.172859,-20.223033],[144.17228,-20.221418],[144.176504,-20.214513],[144.175045,-20.21458],[144.172009,-20.209196],[144.174567,-20.207142],[144.173821,-20.204607],[144.168913,-20.206184],[144.169334,-20.20402],[144.166862,-20.202522],[144.163765,-20.206219],[144.15547,-20.20585],[144.152256,-20.204506],[144.151576,-20.200921],[144.154688,-20.19943],[144.164583,-20.200535],[144.171449,-20.198344],[144.176049,-20.198748],[144.176991,-20.195977],[144.180848,-20.195474],[144.187018,-20.197565],[144.188765,-20.195268],[144.190962,-20.195122],[144.196018,-20.197403],[144.202754,-20.194953],[144.205183,-20.192409],[144.209486,-20.195955],[144.208602,-20.193717],[144.211406,-20.19302],[144.211492,-20.191206],[144.207799,-20.186877],[144.203008,-20.188078],[144.194389,-20.183823],[144.196193,-20.180016],[144.202983,-20.173466],[144.209637,-20.174393],[144.211713,-20.171817],[144.221062,-20.174071],[144.22682,-20.169307],[144.23471,-20.168573],[144.239083,-20.170254],[144.24913,-20.16577],[144.254329,-20.169143],[144.26273,-20.16894],[144.265317,-20.166067],[144.26644,-20.16736],[144.26937,-20.166617],[144.269137,-20.16308],[144.27152,-20.161458],[144.279166,-20.15957],[144.278482,-20.157299],[144.281509,-20.155315],[144.286719,-20.153791],[144.290205,-20.15486],[144.29265,-20.150686],[144.301935,-20.148603],[144.305864,-20.149265],[144.310942,-20.14531],[144.312049,-20.141512],[144.316327,-20.137072],[144.311882,-20.140765],[144.309981,-20.144901],[144.305176,-20.146978],[144.292131,-20.146588],[144.292512,-20.14816],[144.283496,-20.150174],[144.282314,-20.151841],[144.27937,-20.148572],[144.275201,-20.150614],[144.276562,-20.154321],[144.273378,-20.155583],[144.266856,-20.154146],[144.265395,-20.157135],[144.260712,-20.153135],[144.255885,-20.153543],[144.255951,-20.151276],[144.258591,-20.152032],[144.2606,-20.148484],[144.262075,-20.150177],[144.271126,-20.151708],[144.26798,-20.146125],[144.277676,-20.137688],[144.277063,-20.133589],[144.280423,-20.130268],[144.279759,-20.127301],[144.277991,-20.127062],[144.277901,-20.130821],[144.274466,-20.131031],[144.273353,-20.138163],[144.271382,-20.140819],[144.264635,-20.144335],[144.263478,-20.141021],[144.257078,-20.142407],[144.254194,-20.138908],[144.25016,-20.13806],[144.251863,-20.135819],[144.249953,-20.135908],[144.250421,-20.133402],[144.255295,-20.131441],[144.255779,-20.119987],[144.260237,-20.112661],[144.260089,-20.10621],[144.255775,-20.105419],[144.250373,-20.108909],[144.238656,-20.123529],[144.236925,-20.120872],[144.23858,-20.113727],[144.248485,-20.099315],[144.246814,-20.074173],[144.247687,-20.061494],[144.240242,-20.061848],[144.239391,-20.056569],[144.245129,-20.052833],[144.251438,-20.055569],[144.267889,-20.057522],[144.276992,-20.055498],[144.283087,-20.044085],[144.279847,-20.042821],[144.280699,-20.038997],[144.279431,-20.037279],[144.274862,-20.038391],[144.271692,-20.036817],[144.266206,-20.040158],[144.25957,-20.036794],[144.252482,-20.038732],[144.248533,-20.036499],[144.245245,-20.038169],[144.23356,-20.036031],[144.245868,-20.026663],[144.242057,-20.026059],[144.231681,-20.031374],[144.227451,-20.030346],[144.221241,-20.033811],[144.220848,-20.037726],[144.215635,-20.036539],[144.211732,-20.040351],[144.204327,-20.039038],[144.201068,-20.042701],[144.194044,-20.042985],[144.193305,-20.046844],[144.190833,-20.047257],[144.191395,-20.050657],[144.184838,-20.046407],[144.190799,-20.041618],[144.191241,-20.0384],[144.188615,-20.035782],[144.192103,-20.037801],[144.19404,-20.036877],[144.196992,-20.030407],[144.197508,-20.033599],[144.202148,-20.03611],[144.205049,-20.033983],[144.211069,-20.035733],[144.216074,-20.030785],[144.223368,-20.03134],[144.226895,-20.027304],[144.23484,-20.022419],[144.240244,-20.022507],[144.242415,-20.014266],[144.2447,-20.011815],[144.247657,-20.015407],[144.255846,-20.010408],[144.262575,-20.010645],[144.262744,-20.015824],[144.257357,-20.018105],[144.255691,-20.024602],[144.260548,-20.02806],[144.262878,-20.028015],[144.264641,-20.025841],[144.270884,-20.025763],[144.279683,-20.020142],[144.285045,-20.021855],[144.294223,-20.015422],[144.290267,-20.012263],[144.294919,-20.007524],[144.291092,-20.00184],[144.287614,-20.000931],[144.291232,-19.996122],[144.287962,-19.993175],[144.291412,-19.987938],[144.290297,-19.986955],[144.291256,-19.98535],[144.283033,-19.989587],[144.281662,-19.993273],[144.282358,-19.998092],[144.279942,-20.002627],[144.278114,-20.00105],[144.278047,-19.997279],[144.274839,-19.997369],[144.273725,-19.995957],[144.272576,-19.999302],[144.26808,-20.000243],[144.265374,-19.997497],[144.269856,-19.996141],[144.271145,-19.992156],[144.263852,-19.992344],[144.263667,-19.991303],[144.269137,-19.987246],[144.270419,-19.989769],[144.274167,-19.989948],[144.274715,-19.988734],[144.272684,-19.988361],[144.27312,-19.985861],[144.283922,-19.980208],[144.289048,-19.973759],[144.297695,-19.972362],[144.300849,-19.969656],[144.301101,-19.965948],[144.302662,-19.964949],[144.306106,-19.964663],[144.308319,-19.966492],[144.310205,-19.970846],[144.308122,-19.970882],[144.30766,-19.97642],[144.309466,-19.978526],[144.312318,-19.978176],[144.31407,-19.982639],[144.31952,-19.97937],[144.325287,-19.978735],[144.327792,-19.976531],[144.328427,-19.97231],[144.331845,-19.969259],[144.331466,-19.961858],[144.326999,-19.961553],[144.329617,-19.947567],[144.334506,-19.954861],[144.338284,-19.956175],[144.343975,-19.951651],[144.344564,-19.946696],[144.351257,-19.945545],[144.346946,-19.951383],[144.349534,-19.952437],[144.362175,-19.945404],[144.375479,-19.946676],[144.376217,-19.942864],[144.384341,-19.939709],[144.385272,-19.945253],[144.399411,-19.961633],[144.399485,-19.964081],[144.39748,-19.96541],[144.397626,-19.97408],[144.395903,-19.974374],[144.395212,-19.976558],[144.39631,-19.977864],[144.410205,-19.980103],[144.413143,-19.983064],[144.416132,-19.983168],[144.419295,-19.980479],[144.419617,-19.977124],[144.426758,-19.973067],[144.430954,-19.97618],[144.428464,-19.9656],[144.426039,-19.966643],[144.426731,-19.963058],[144.422743,-19.958927],[144.427168,-19.95959],[144.427329,-19.957436],[144.422569,-19.952908],[144.423117,-19.94989],[144.420464,-19.950244],[144.418518,-19.945756],[144.413058,-19.945621],[144.411518,-19.943815],[144.411865,-19.940497],[144.410264,-19.940479],[144.407753,-19.946584],[144.403207,-19.943135],[144.397139,-19.943279],[144.397187,-19.939008],[144.39537,-19.93723],[144.396149,-19.930974],[144.398532,-19.931868],[144.40033,-19.937049],[144.403618,-19.937079],[144.404419,-19.933401],[144.406393,-19.933031],[144.403718,-19.931738],[144.401201,-19.934017],[144.399461,-19.931081],[144.401706,-19.929313],[144.401153,-19.926688],[144.397071,-19.929314],[144.396721,-19.925929],[144.394022,-19.924668],[144.396038,-19.92],[144.39091,-19.919781],[144.390394,-19.914209],[144.393481,-19.908647],[144.387329,-19.914455],[144.385095,-19.914812],[144.382546,-19.910289],[144.383264,-19.907679],[144.379383,-19.906456],[144.377916,-19.904019],[144.376283,-19.904387],[144.378105,-19.906539],[144.375501,-19.908663],[144.37599,-19.912262],[144.379509,-19.912803],[144.379563,-19.915797],[144.384459,-19.915955],[144.387521,-19.920927],[144.386621,-19.927499],[144.384351,-19.927907],[144.382008,-19.932175],[144.384903,-19.932311],[144.384378,-19.933453],[144.380407,-19.93515],[144.372,-19.930697],[144.364561,-19.921025],[144.361541,-19.921264],[144.360375,-19.923826],[144.356391,-19.921843],[144.354833,-19.916623],[144.351595,-19.913767],[144.348301,-19.914312],[144.347949,-19.91848],[144.345856,-19.918409],[144.342886,-19.912577],[144.343646,-19.907331],[144.34093,-19.908928],[144.337906,-19.908296],[144.337284,-19.91115],[144.33449,-19.907252],[144.332593,-19.907522],[144.33533,-19.901978],[144.331467,-19.901687],[144.332556,-19.900667],[144.330073,-19.898761],[144.334441,-19.893518],[144.334088,-19.891379],[144.331712,-19.891079],[144.330344,-19.888748],[144.326908,-19.889681],[144.324693,-19.888029],[144.332275,-19.886176],[144.334663,-19.881928],[144.331257,-19.881584],[144.330966,-19.879064],[144.334723,-19.878086],[144.335446,-19.87574],[144.3311,-19.872072],[144.325809,-19.871681],[144.327901,-19.870033],[144.326394,-19.866328],[144.323363,-19.866845],[144.321211,-19.864785],[144.323438,-19.860933],[144.321734,-19.859551],[144.324656,-19.857687],[144.324038,-19.855796],[144.312585,-19.851336],[144.316895,-19.849734],[144.316233,-19.847328],[144.313089,-19.846421],[144.313015,-19.8443],[144.306262,-19.846324],[144.30424,-19.842528],[144.306875,-19.841827],[144.306628,-19.840633],[144.299324,-19.834625],[144.299673,-19.832548],[144.306738,-19.83027],[144.308142,-19.836907],[144.312373,-19.838517],[144.309893,-19.836146],[144.310396,-19.829602],[144.306224,-19.826862],[144.307697,-19.822815],[144.310617,-19.820447],[144.305792,-19.822204],[144.307543,-19.817947],[144.303256,-19.818195],[144.303039,-19.816971],[144.308743,-19.814372],[144.307611,-19.813779],[144.30823,-19.811028],[144.305166,-19.809911],[144.309738,-19.809695],[144.31317,-19.813244],[144.313564,-19.80992],[144.312028,-19.807879],[144.316773,-19.803084],[144.320555,-19.802135],[144.321007,-19.796068],[144.319857,-19.795347],[144.31563,-19.799037],[144.314232,-19.795514],[144.317031,-19.790336],[144.315541,-19.789128],[144.320446,-19.786258],[144.320456,-19.78496],[144.317147,-19.784788],[144.316602,-19.776058],[144.315233,-19.781351],[144.311931,-19.778996],[144.310392,-19.785085],[144.308551,-19.782638],[144.306299,-19.784165],[144.30601,-19.782048],[144.303673,-19.78256],[144.307395,-19.774555],[144.306047,-19.769892],[144.316859,-19.764488],[144.318063,-19.762114],[144.314237,-19.763928],[144.31363,-19.76254],[144.30895,-19.765494],[144.304532,-19.764892],[144.298938,-19.771676],[144.29814,-19.769069],[144.300926,-19.765514],[144.298939,-19.764268],[144.309138,-19.762671],[144.30956,-19.758848],[144.312832,-19.757745],[144.31426,-19.755051],[144.312705,-19.753739],[144.315082,-19.751671],[144.319051,-19.750892],[144.319454,-19.756384],[144.323538,-19.758527],[144.326257,-19.752279],[144.335273,-19.750698],[144.336873,-19.748845],[144.338722,-19.750351],[144.340729,-19.74695],[144.342532,-19.747541],[144.345902,-19.7451],[144.344507,-19.743517],[144.345558,-19.738403],[144.342972,-19.739323],[144.343873,-19.736079],[144.341982,-19.734714],[144.34271,-19.73001],[144.339776,-19.729703],[144.341606,-19.72699],[144.340101,-19.72275],[144.333837,-19.724928],[144.335822,-19.727257],[144.335327,-19.73117],[144.330616,-19.730464],[144.329944,-19.727476],[144.326891,-19.727244],[144.328413,-19.725136],[144.325512,-19.725064],[144.325983,-19.723061],[144.331142,-19.721668],[144.327897,-19.717695],[144.321795,-19.71801],[144.312738,-19.721263],[144.31628,-19.71082],[144.319942,-19.70789],[144.316,-19.695398],[144.301657,-19.696687],[144.300696,-19.695843],[144.302884,-19.692987],[144.295777,-19.694248],[144.28505,-19.689502],[144.282374,-19.690707],[144.284821,-19.69503],[144.283939,-19.697165],[144.279885,-19.695968],[144.280045,-19.690968],[144.273362,-19.693034],[144.27231,-19.697059],[144.265382,-19.700327],[144.265758,-19.704954],[144.262702,-19.710793],[144.259659,-19.711465],[144.260364,-19.708052],[144.257432,-19.707114],[144.251229,-19.709632],[144.24784,-19.707864],[144.248966,-19.710941],[144.243723,-19.711266],[144.238106,-19.71819],[144.235633,-19.724189],[144.224809,-19.731845],[144.220527,-19.736986],[144.223133,-19.744488],[144.223163,-19.755254],[144.221874,-19.758564],[144.218357,-19.759932],[144.21967,-19.765071],[144.216205,-19.765723],[144.219548,-19.771635],[144.217599,-19.780934],[144.220538,-19.779883],[144.222788,-19.78162],[144.234542,-19.781921],[144.233757,-19.784472],[144.21147,-19.787347],[144.207831,-19.782764],[144.202015,-19.781164],[144.199604,-19.778527],[144.199694,-19.774256],[144.195718,-19.773399],[144.185293,-19.785894],[144.179361,-19.788983],[144.173332,-19.787283],[144.160935,-19.79745],[144.157239,-19.796455],[144.159946,-19.78923],[144.152775,-19.79099],[144.149121,-19.797098],[144.15351,-19.802052],[144.154375,-19.803595],[144.153129,-19.804183],[144.156517,-19.805564],[144.15712,-19.808108],[144.154892,-19.809394],[144.149891,-19.808845],[144.149692,-19.816242],[144.145727,-19.817101],[144.144518,-19.819222],[144.146464,-19.821184],[144.152953,-19.820855],[144.154649,-19.826242],[144.143411,-19.830163],[144.139734,-19.837759],[144.135103,-19.837893],[144.134696,-19.841466],[144.137857,-19.849346],[144.136049,-19.849712],[144.132678,-19.845682],[144.124778,-19.842462],[144.11527,-19.843263],[144.112844,-19.847541],[144.105181,-19.846873],[144.109213,-19.851969],[144.11565,-19.854414],[144.115877,-19.857308],[144.113898,-19.858431],[144.114561,-19.861242],[144.137099,-19.856844],[144.1367,-19.859813],[144.138746,-19.860955],[144.15024,-19.859011],[144.156685,-19.861777],[144.160866,-19.869402],[144.161105,-19.872443],[144.159121,-19.875031],[144.153926,-19.874011],[144.148258,-19.866704],[144.138231,-19.865157],[144.135677,-19.860992],[144.130169,-19.860717],[144.125092,-19.861979],[144.124659,-19.864131],[144.13465,-19.870483],[144.135836,-19.87365],[144.125384,-19.870774],[144.121193,-19.866164],[144.114155,-19.865058],[144.112951,-19.866829],[144.114926,-19.87345],[144.110237,-19.869154],[144.101461,-19.875397],[144.10224,-19.888225],[144.090103,-19.887201],[144.076408,-19.888514],[144.073571,-19.893018],[144.06285,-19.893926],[144.060822,-19.890817],[144.062938,-19.88611],[144.059234,-19.88047],[144.058012,-19.884349],[144.053333,-19.883897],[144.051002,-19.88594],[144.053942,-19.889993],[144.053672,-19.892879],[144.051097,-19.892959],[144.048385,-19.889903],[144.045253,-19.889758],[144.04447,-19.88786],[144.041668,-19.889563],[144.041831,-19.892472],[144.047216,-19.89249],[144.048744,-19.895371],[144.040913,-19.89866],[144.035564,-19.904334],[144.037415,-19.911415],[144.043093,-19.912436],[144.039302,-19.914493],[144.040307,-19.917186],[144.043084,-19.919557],[144.045934,-19.919381],[144.052851,-19.915537],[144.050191,-19.922031],[144.050558,-19.926388],[144.056837,-19.930269],[144.065509,-19.932505],[144.052495,-19.933035],[144.06011,-19.938278],[144.064344,-19.939162],[144.073907,-19.938669],[144.077116,-19.935417],[144.079058,-19.935286],[144.081444,-19.937804],[144.082208,-19.934976],[144.084892,-19.934102],[144.089602,-19.937104],[144.090153,-19.940953],[144.085938,-19.945144],[144.081068,-19.9443],[144.069805,-19.94739],[144.059467,-19.94695],[144.055476,-19.945288],[144.054754,-19.942937],[144.051243,-19.943009],[144.046213,-19.939135],[144.030882,-19.938002],[144.039754,-19.93881],[144.036528,-19.941256],[144.029176,-19.941422],[144.028824,-19.94383],[144.024778,-19.947333],[144.029912,-19.951184],[144.029032,-19.954548],[144.02198,-19.955008],[144.014955,-19.959427],[144.013936,-19.961478],[144.016494,-19.96911],[144.015834,-19.971015],[144.009392,-19.970488],[144.010588,-19.974027],[144.007149,-19.974126],[144.003677,-19.979274],[144.004038,-19.973542],[143.99997,-19.973691],[144.001891,-19.979138],[144.000569,-19.980821],[143.996359,-19.980937],[143.996983,-19.984569],[143.999506,-19.987036],[143.987958,-19.986911],[143.988528,-19.991257],[143.992143,-19.992879],[143.989509,-19.995438],[143.987505,-20.002431],[143.983576,-20.004636],[143.988941,-20.012454],[143.978447,-20.013437],[143.977702,-20.015501],[143.979786,-20.01688],[143.975252,-20.019197],[143.977012,-20.022139],[143.980531,-20.020126],[143.982029,-20.021393],[143.977875,-20.026147],[143.978826,-20.02893],[143.982643,-20.031125],[143.982293,-20.037138],[143.974046,-20.029635],[143.969194,-20.028874],[143.967962,-20.026777],[143.969126,-20.017217],[143.965899,-20.012551],[143.96511,-20.007497],[143.969213,-19.98631],[143.97517,-19.98843],[143.976027,-19.995137],[143.971761,-19.996111],[143.974054,-20.003759],[143.979627,-20.002106],[143.980202,-19.995802],[143.977827,-19.992615],[143.979378,-19.991091],[143.981687,-19.980106],[143.981544,-19.963169],[143.982959,-19.960613],[143.987057,-19.95849],[143.990126,-19.952747],[143.989935,-19.944847],[143.997034,-19.937414],[144.002639,-19.93657],[144.002398,-19.935023],[144.005678,-19.932093],[144.00485,-19.929665],[144.007534,-19.925245],[144.016405,-19.918982],[144.016536,-19.906133],[144.018811,-19.904589],[144.018369,-19.90122],[144.020305,-19.898756],[144.018835,-19.893775],[144.023927,-19.894606],[144.034809,-19.887897],[144.037176,-19.878025],[144.028955,-19.876844],[144.028537,-19.875612],[144.033295,-19.874323],[144.034496,-19.869526],[144.03959,-19.865391],[144.041005,-19.86906],[144.043653,-19.869037],[144.0472,-19.872292],[144.050289,-19.872255],[144.051025,-19.869931],[144.045683,-19.864296],[144.049386,-19.864011],[144.050677,-19.856795],[144.055791,-19.859139],[144.059424,-19.85792],[144.056104,-19.853462],[144.050277,-19.855573],[144.045529,-19.853592],[144.039076,-19.862073],[144.039863,-19.856622],[144.048532,-19.850779],[144.054372,-19.841487],[144.052865,-19.838108],[144.054146,-19.83423],[144.05692,-19.838005],[144.068602,-19.834834],[144.06982,-19.83742],[144.071087,-19.837223],[144.072656,-19.833118],[144.078084,-19.831576],[144.079787,-19.826215],[144.08549,-19.825173],[144.083336,-19.816491],[144.07689,-19.819706],[144.074982,-19.816898],[144.074921,-19.81554],[144.077207,-19.815137],[144.074449,-19.809891],[144.078168,-19.808536],[144.073834,-19.805056],[144.078786,-19.796755],[144.08391,-19.795592],[144.085355,-19.793177],[144.078103,-19.789924],[144.072361,-19.79038],[144.070409,-19.783674],[144.067174,-19.782295],[144.066015,-19.778021],[144.071478,-19.778052],[144.080747,-19.782705],[144.09493,-19.780993],[144.101176,-19.778402],[144.101459,-19.773709],[144.111523,-19.771228],[144.112851,-19.766786],[144.104501,-19.765048],[144.102415,-19.76156],[144.105514,-19.763611],[144.106333,-19.762166],[144.109856,-19.764319],[144.110406,-19.763303],[144.108084,-19.762376],[144.107471,-19.760107],[144.103522,-19.760135],[144.100429,-19.758268],[144.099579,-19.751982],[144.106947,-19.743967],[144.122566,-19.74549],[144.122499,-19.74163],[144.117221,-19.736863],[144.116766,-19.734509],[144.118868,-19.730895],[144.12773,-19.72693],[144.136818,-19.720347],[144.132508,-19.715495],[144.134266,-19.709949],[144.138386,-19.713903],[144.13926,-19.717529],[144.146157,-19.720082],[144.149736,-19.718349],[144.150983,-19.714794],[144.154686,-19.714221],[144.157837,-19.710507],[144.161674,-19.70971],[144.16207,-19.705936],[144.166763,-19.703431],[144.172231,-19.695822],[144.171116,-19.688711],[144.17198,-19.679741],[144.169372,-19.671153],[144.166991,-19.667336],[144.163094,-19.66593],[144.157238,-19.669669],[144.150283,-19.681695],[144.151829,-19.687101],[144.149241,-19.688931],[144.14925,-19.693785],[144.144942,-19.6982],[144.140911,-19.697855],[144.137271,-19.701152],[144.116998,-19.706041],[144.112334,-19.70919],[144.105415,-19.70964],[144.102286,-19.712528],[144.098191,-19.711384],[144.094043,-19.712797],[144.087937,-19.712249],[144.089806,-19.710027],[144.085402,-19.711059],[144.079615,-19.714894],[144.076533,-19.724223],[144.072739,-19.722813],[144.070302,-19.724222],[144.062988,-19.723297],[144.061968,-19.725946],[144.063025,-19.728354],[144.061339,-19.730258],[144.056823,-19.731164],[144.05283,-19.738625],[144.036066,-19.744045],[144.032617,-19.747198],[144.029223,-19.747376],[144.027885,-19.754832],[144.024699,-19.759419],[144.020263,-19.762203],[144.019049,-19.767468],[144.012602,-19.770335],[144.011926,-19.773603],[144.005654,-19.774816],[144.005239,-19.778028],[144.001535,-19.783432],[143.995625,-19.787022],[143.993859,-19.792793],[143.994472,-19.785791],[143.99631,-19.783919],[143.992015,-19.78571],[143.992753,-19.793926],[143.987871,-19.803062],[143.981122,-19.802855],[143.973692,-19.806594],[143.97183,-19.811419],[143.974992,-19.813406],[143.975205,-19.815289],[143.969591,-19.822623],[143.968226,-19.826153],[143.969612,-19.827498],[143.958978,-19.827313],[143.961645,-19.82554],[143.962969,-19.821939],[143.962756,-19.817632],[143.964528,-19.815725],[143.963132,-19.812173],[143.965707,-19.812766],[143.964602,-19.807824],[143.96135,-19.805703],[143.960698,-19.808507],[143.957294,-19.811408],[143.95736,-19.814345],[143.953095,-19.816027],[143.95067,-19.820053],[143.950123,-19.826765],[143.94802,-19.82879],[143.947406,-19.838351],[143.943821,-19.839426],[143.940558,-19.835472],[143.93462,-19.83928],[143.934923,-19.849246],[143.926619,-19.856695],[143.929413,-19.866088],[143.92213,-19.872093],[143.915356,-19.868837],[143.92007,-19.864138],[143.918153,-19.854961],[143.924231,-19.851706],[143.925812,-19.849089],[143.924991,-19.845925],[143.922004,-19.844177],[143.923944,-19.842028],[143.923626,-19.839881],[143.920216,-19.840054],[143.91881,-19.836682],[143.921736,-19.835678],[143.918817,-19.830765],[143.926644,-19.830031],[143.922381,-19.826599],[143.922233,-19.821992],[143.925591,-19.816187],[143.922189,-19.814888],[143.923774,-19.810741],[143.917922,-19.804982],[143.91489,-19.809686],[143.905999,-19.810891],[143.905897,-19.813335],[143.908812,-19.815549],[143.904247,-19.819032],[143.903444,-19.817708],[143.905337,-19.81468],[143.901548,-19.81253],[143.903277,-19.811211],[143.900756,-19.80918],[143.900458,-19.806188],[143.892516,-19.808668],[143.88948,-19.807797],[143.894669,-19.806512],[143.895271,-19.799451],[143.88526,-19.797952],[143.892024,-19.793555],[143.886917,-19.791285],[143.885633,-19.787573],[143.876332,-19.790305],[143.875274,-19.78834],[143.869502,-19.786912],[143.863614,-19.787192],[143.869422,-19.785207],[143.873009,-19.786996],[143.876913,-19.784716],[143.878513,-19.787042],[143.879712,-19.78329],[143.881356,-19.78534],[143.885163,-19.785829],[143.88744,-19.785147],[143.887256,-19.783078],[143.898357,-19.782943],[143.898668,-19.781277],[143.895642,-19.778239],[143.899696,-19.776191],[143.889114,-19.775347],[143.885767,-19.772855],[143.880448,-19.775288],[143.879349,-19.773983],[143.8809,-19.771516],[143.870776,-19.772826],[143.869233,-19.776083],[143.866255,-19.774659],[143.86299,-19.778444],[143.862147,-19.776196],[143.858456,-19.776251],[143.866789,-19.771098],[143.867625,-19.768976],[143.871038,-19.768434],[143.871273,-19.766647],[143.868563,-19.765684],[143.868615,-19.763521],[143.878395,-19.766984],[143.884424,-19.763343],[143.884454,-19.761795],[143.877805,-19.764741],[143.875148,-19.763195],[143.877252,-19.761667],[143.875015,-19.759545],[143.879147,-19.759145],[143.87689,-19.75784],[143.865585,-19.761312],[143.864959,-19.759752],[143.871532,-19.758242],[143.871307,-19.755072],[143.873588,-19.752919],[143.867283,-19.753137],[143.868651,-19.750691],[143.865991,-19.749547],[143.859264,-19.752665],[143.860681,-19.749903],[143.863153,-19.749312],[143.863203,-19.746734],[143.866098,-19.746146],[143.868851,-19.748842],[143.868446,-19.745111],[143.86666,-19.74225],[143.853942,-19.736554],[143.860314,-19.736966],[143.864685,-19.739077],[143.869116,-19.741755],[143.870983,-19.746537],[143.872022,-19.746457],[143.871589,-19.7406],[143.874142,-19.744613],[143.878385,-19.744062],[143.877081,-19.739045],[143.873726,-19.73849],[143.876307,-19.735049],[143.86941,-19.731729],[143.870137,-19.728205],[143.881695,-19.733522],[143.882483,-19.730756],[143.878897,-19.728755],[143.877547,-19.725793],[143.886106,-19.725927],[143.881447,-19.72397],[143.879945,-19.720356],[143.870554,-19.714647],[143.871978,-19.710973],[143.874299,-19.715039],[143.8781,-19.714409],[143.878576,-19.717485],[143.88216,-19.716055],[143.884321,-19.717401],[143.890654,-19.713088],[143.88703,-19.719118],[143.890603,-19.719128],[143.890584,-19.720519],[143.892326,-19.720053],[143.89272,-19.721825],[143.894356,-19.721826],[143.893554,-19.724574],[143.896378,-19.725084],[143.895836,-19.727774],[143.897284,-19.728482],[143.892211,-19.735678],[143.892664,-19.739408],[143.894109,-19.739439],[143.893861,-19.737177],[143.896196,-19.735193],[143.898542,-19.735801],[143.898357,-19.732301],[143.900653,-19.728368],[143.898479,-19.727316],[143.898483,-19.72546],[143.902108,-19.723542],[143.904368,-19.727554],[143.905369,-19.727109],[143.90569,-19.720613],[143.897041,-19.719819],[143.898169,-19.718288],[143.896774,-19.7146],[143.901296,-19.715534],[143.902058,-19.712325],[143.900446,-19.710591],[143.897926,-19.711011],[143.895651,-19.706421],[143.898339,-19.705393],[143.898638,-19.707858],[143.901158,-19.708038],[143.901822,-19.705265],[143.904194,-19.706445],[143.902635,-19.70973],[143.907751,-19.710437],[143.905228,-19.712121],[143.905041,-19.715139],[143.906456,-19.71624],[143.908059,-19.712327],[143.910291,-19.714169],[143.910774,-19.7105],[143.908959,-19.706977],[143.913285,-19.70604],[143.907335,-19.701944],[143.905677,-19.699063],[143.903042,-19.69874],[143.905788,-19.69713],[143.905323,-19.692984],[143.900725,-19.691677],[143.896981,-19.694595],[143.892181,-19.692921],[143.898872,-19.691522],[143.895332,-19.686786],[143.903406,-19.689237],[143.902374,-19.683259],[143.908653,-19.688737],[143.909185,-19.69122],[143.911953,-19.69085],[143.915013,-19.693242],[143.914195,-19.691044],[143.915982,-19.690279],[143.915039,-19.689324],[143.916171,-19.687324],[143.912811,-19.684476],[143.906371,-19.68361],[143.909903,-19.682447],[143.910443,-19.680041],[143.903621,-19.67144],[143.904918,-19.670543],[143.908117,-19.672473],[143.907112,-19.668065],[143.90984,-19.668206],[143.910298,-19.674699],[143.912701,-19.675721],[143.914776,-19.66665],[143.913898,-19.663852],[143.917254,-19.66647],[143.915728,-19.670873],[143.91781,-19.673006],[143.913068,-19.678572],[143.921085,-19.687199],[143.920313,-19.692926],[143.923485,-19.693429],[143.919469,-19.697413],[143.922704,-19.699987],[143.919964,-19.704551],[143.923962,-19.707618],[143.925675,-19.705423],[143.923223,-19.704452],[143.923543,-19.703291],[143.925974,-19.703162],[143.924884,-19.702073],[143.927145,-19.700651],[143.923683,-19.698956],[143.925763,-19.698231],[143.92602,-19.696336],[143.929435,-19.699417],[143.929837,-19.694752],[143.925915,-19.69325],[143.929059,-19.692138],[143.927272,-19.687558],[143.921977,-19.685433],[143.919681,-19.681927],[143.922421,-19.684311],[143.926874,-19.684161],[143.926113,-19.681353],[143.924054,-19.68056],[143.926071,-19.679006],[143.923701,-19.677153],[143.922684,-19.669379],[143.923618,-19.667242],[143.926648,-19.666597],[143.92629,-19.663005],[143.928364,-19.661956],[143.927812,-19.658372],[143.930582,-19.660863],[143.932008,-19.656321],[143.933195,-19.660035],[143.936078,-19.660724],[143.930159,-19.662987],[143.930235,-19.667184],[143.92678,-19.669867],[143.926337,-19.672271],[143.927547,-19.674554],[143.926574,-19.675906],[143.929197,-19.678355],[143.932963,-19.676727],[143.930341,-19.682394],[143.932372,-19.687015],[143.933603,-19.685153],[143.939757,-19.683666],[143.942064,-19.675147],[143.940631,-19.673193],[143.945504,-19.668532],[143.946242,-19.635754],[143.947903,-19.636828],[143.951303,-19.634619],[143.948891,-19.639028],[143.949054,-19.640411],[143.950805,-19.64031],[143.954435,-19.637041],[143.955862,-19.632905],[143.96175,-19.630136],[143.963566,-19.626825],[143.964481,-19.62867],[143.957688,-19.633124],[143.955991,-19.637882],[143.948448,-19.64493],[143.948282,-19.647862],[143.956208,-19.647728],[143.961095,-19.642691],[143.962518,-19.63861],[143.963338,-19.641977],[143.966055,-19.641806],[143.973079,-19.638517],[143.9766,-19.633999],[143.97678,-19.635043],[143.972773,-19.639537],[143.961341,-19.644276],[143.958671,-19.648649],[143.9522,-19.649717],[143.954663,-19.652822],[143.948277,-19.651487],[143.948037,-19.664243],[143.949517,-19.665081],[143.951371,-19.663768],[143.951067,-19.668526],[143.946738,-19.673143],[143.944471,-19.682758],[143.949243,-19.683881],[143.940515,-19.689612],[143.943904,-19.691109],[143.946578,-19.689883],[143.946425,-19.692178],[143.939973,-19.694176],[143.94863,-19.69518],[143.948602,-19.691551],[143.953701,-19.690434],[143.953829,-19.686726],[143.955889,-19.690357],[143.959792,-19.690108],[143.957552,-19.685184],[143.961261,-19.684929],[143.96154,-19.676781],[143.964971,-19.682683],[143.969486,-19.681683],[143.971984,-19.683641],[143.969718,-19.690047],[143.974151,-19.686679],[143.9832,-19.692044],[143.984612,-19.686022],[143.982122,-19.684511],[143.979027,-19.686192],[143.97589,-19.685653],[143.972203,-19.680712],[143.972125,-19.674313],[143.974109,-19.67809],[143.977774,-19.677623],[143.974196,-19.675768],[143.974132,-19.672303],[143.97225,-19.671021],[143.972681,-19.664978],[143.977051,-19.667673],[143.978588,-19.664894],[143.9813,-19.664646],[143.979963,-19.660543],[143.981941,-19.656362],[143.978622,-19.650887],[143.982133,-19.649993],[143.982159,-19.646378],[143.984321,-19.646261],[143.98463,-19.64826],[143.988334,-19.650944],[143.989696,-19.647592],[143.993112,-19.647113],[143.99399,-19.641623],[143.997774,-19.646073],[144.003434,-19.64428],[144.002874,-19.641359],[144.005209,-19.639284],[144.006736,-19.6337],[144.010088,-19.63961],[144.012544,-19.637965],[144.010686,-19.635237],[144.014717,-19.635917],[144.012914,-19.629608],[144.016139,-19.631756],[144.017064,-19.629572],[144.013908,-19.627634],[144.01492,-19.625418],[144.013119,-19.622638],[144.006878,-19.621602],[144.005098,-19.616034],[144.011006,-19.618173],[144.01292,-19.613206],[144.012256,-19.610238],[144.015446,-19.607301],[144.019496,-19.606945],[144.01913,-19.609065],[144.021058,-19.609129],[144.019575,-19.611172],[144.02067,-19.615478],[144.022426,-19.616052],[144.025079,-19.614078],[144.01987,-19.627906],[144.025739,-19.629841],[144.026842,-19.629241],[144.026411,-19.625328],[144.030311,-19.625524],[144.027235,-19.622834],[144.027092,-19.615084],[144.02973,-19.61542],[144.031292,-19.613012],[144.039396,-19.610931],[144.041594,-19.607274],[144.049372,-19.609304],[144.051079,-19.611374],[144.053654,-19.607828],[144.057632,-19.609092],[144.057737,-19.606257],[144.052917,-19.605597],[144.05297,-19.602225],[144.060392,-19.598542],[144.060908,-19.602415],[144.058318,-19.602707],[144.058278,-19.604396],[144.062164,-19.607034],[144.065122,-19.605078],[144.067553,-19.605863],[144.06842,-19.609947],[144.067176,-19.611751],[144.069172,-19.616429],[144.075041,-19.61455],[144.075495,-19.610065],[144.079474,-19.614558],[144.081897,-19.611716],[144.085364,-19.613001],[144.085912,-19.610243],[144.088963,-19.612073],[144.088436,-19.609139],[144.091303,-19.604617],[144.086582,-19.600939],[144.09064,-19.599632],[144.090616,-19.59841],[144.088951,-19.594209],[144.08373,-19.593572],[144.088814,-19.590641],[144.085404,-19.582445],[144.091692,-19.585216],[144.091383,-19.582852],[144.094249,-19.581431],[144.089871,-19.579389],[144.089976,-19.578015],[144.093734,-19.575085],[144.095852,-19.568942],[144.094489,-19.562776],[144.099316,-19.562549],[144.09699,-19.557787],[144.101515,-19.556488],[144.096777,-19.555924],[144.095645,-19.558535],[144.089639,-19.562903],[144.089749,-19.559198],[144.088283,-19.558226],[144.081187,-19.558833],[144.081394,-19.555478],[144.083906,-19.556179],[144.084926,-19.554542],[144.089128,-19.554222],[144.087388,-19.552631],[144.079605,-19.55127],[144.076921,-19.54845],[144.076897,-19.5472],[144.079409,-19.547906],[144.077714,-19.541702],[144.080682,-19.538785],[144.079328,-19.536692],[144.082061,-19.535273],[144.076279,-19.531027],[144.073665,-19.532053],[144.07336,-19.534373],[144.075135,-19.535996],[144.073085,-19.536628],[144.073625,-19.538659],[144.066146,-19.540465],[144.062825,-19.538919],[144.061997,-19.541927],[144.059776,-19.542323],[144.061282,-19.544447],[144.058934,-19.544463],[144.05389,-19.548822],[144.062136,-19.550587],[144.066952,-19.549219],[144.066861,-19.55114],[144.06942,-19.551453],[144.069789,-19.553974],[144.072095,-19.554463],[144.072056,-19.556752],[144.073782,-19.557774],[144.072694,-19.561597],[144.069446,-19.561246],[144.06891,-19.558665],[144.06682,-19.557987],[144.059428,-19.557977],[144.054922,-19.554754],[144.053738,-19.55528],[144.054102,-19.55874],[144.048633,-19.561157],[144.046682,-19.560269],[144.04566,-19.562882],[144.040876,-19.566361],[144.03943,-19.564057],[144.028278,-19.559839],[144.024984,-19.560553],[144.022965,-19.558687],[144.02081,-19.559161],[144.02123,-19.564159],[144.027157,-19.567351],[144.02588,-19.570793],[144.028369,-19.579613],[144.027537,-19.581417],[144.011348,-19.577944],[144.011207,-19.574086],[144.003283,-19.564824],[143.996643,-19.559978],[143.995188,-19.562074],[143.994813,-19.559002],[143.99041,-19.559934],[143.990211,-19.557138],[143.984785,-19.554674],[143.985432,-19.551223],[143.982675,-19.550578],[143.981831,-19.547893],[143.975202,-19.545258],[143.974413,-19.546603],[143.970151,-19.546601],[143.960253,-19.541338],[143.958651,-19.543129],[143.959299,-19.545691],[143.971034,-19.551903],[143.970704,-19.553367],[143.965861,-19.552011],[143.967141,-19.554102],[143.962349,-19.552823],[143.959275,-19.554087],[143.956653,-19.551174],[143.952215,-19.550678],[143.952749,-19.55368],[143.948803,-19.550174],[143.939786,-19.55056],[143.93799,-19.550901],[143.938542,-19.552918],[143.945659,-19.556436],[143.943559,-19.558276],[143.945354,-19.561451],[143.941783,-19.563658],[143.938675,-19.561903],[143.93554,-19.564279],[143.934647,-19.559197],[143.92985,-19.557709],[143.926403,-19.558077],[143.925891,-19.559728],[143.930537,-19.564907],[143.918774,-19.560006],[143.916671,-19.562577],[143.917061,-19.565143],[143.915104,-19.565726],[143.918325,-19.570896],[143.923943,-19.569605],[143.924232,-19.566788],[143.927199,-19.569507],[143.926542,-19.57348],[143.924348,-19.573196],[143.92219,-19.577564],[143.929021,-19.574776],[143.929977,-19.571168],[143.93175,-19.575057],[143.933383,-19.568575],[143.935308,-19.567438],[143.934489,-19.573261],[143.937996,-19.573524],[143.931541,-19.579624],[143.937336,-19.580035],[143.938053,-19.576706],[143.941981,-19.573369],[143.941949,-19.568941],[143.945007,-19.568616],[143.944424,-19.565999],[143.951107,-19.564458],[143.953083,-19.566132],[143.952709,-19.561661],[143.956403,-19.558919],[143.958951,-19.560854],[143.963632,-19.560448],[143.963182,-19.564026],[143.966229,-19.565659],[143.967561,-19.564685],[143.970576,-19.569348],[143.974759,-19.569419],[143.976838,-19.571366],[143.974485,-19.573021],[143.975692,-19.575213],[143.97324,-19.576729],[143.972966,-19.580372],[143.976771,-19.578327],[143.97749,-19.575138],[143.980315,-19.575366],[143.982134,-19.57377],[143.984576,-19.574325],[143.983792,-19.57669],[143.985182,-19.578188],[143.98965,-19.577839],[143.987939,-19.579989],[143.990034,-19.580184],[143.989879,-19.582311],[143.993435,-19.584931],[143.995662,-19.585301],[143.995477,-19.583326],[143.999218,-19.583951],[144.001412,-19.587129],[144.003891,-19.582476],[144.003364,-19.586279],[144.005896,-19.586535],[144.004105,-19.588575],[144.006357,-19.590209],[144.008258,-19.587749],[144.012623,-19.587151],[144.013086,-19.592723],[144.009743,-19.591412],[144.008373,-19.592722],[144.008583,-19.594444],[144.011535,-19.595954],[144.010485,-19.59809],[144.003881,-19.598199],[143.997088,-19.60399],[143.989737,-19.602315],[143.98865,-19.598781],[143.98657,-19.601998],[143.988586,-19.605792],[143.984227,-19.60683],[143.982855,-19.608929],[143.978089,-19.606332],[143.9762,-19.606778],[143.986714,-19.612458],[143.986456,-19.614259],[143.973804,-19.611381],[143.969206,-19.615285],[143.969242,-19.611962],[143.967022,-19.610297],[143.960413,-19.613263],[143.961803,-19.609458],[143.960918,-19.60634],[143.96282,-19.603911],[143.95844,-19.603798],[143.957191,-19.601977],[143.954606,-19.609576],[143.951944,-19.607683],[143.95146,-19.605114],[143.948949,-19.603494],[143.950618,-19.60162],[143.948613,-19.594417],[143.947517,-19.598308],[143.945342,-19.59908],[143.939097,-19.595358],[143.939058,-19.598537],[143.943938,-19.6021],[143.935723,-19.599747],[143.934795,-19.602204],[143.931878,-19.596902],[143.928287,-19.594659],[143.926259,-19.595522],[143.9236,-19.591002],[143.919449,-19.590053],[143.917454,-19.587364],[143.912803,-19.588364],[143.908011,-19.58563],[143.906059,-19.587918],[143.900842,-19.587217],[143.899162,-19.58849],[143.913465,-19.604857],[143.907221,-19.601175],[143.89568,-19.597718],[143.890638,-19.598675],[143.887429,-19.601494],[143.882245,-19.596643],[143.878825,-19.597289],[143.877354,-19.602476],[143.875257,-19.602284],[143.871937,-19.59827],[143.873056,-19.58884],[143.867075,-19.585419],[143.866433,-19.583339],[143.861861,-19.582545],[143.860164,-19.583127],[143.861236,-19.587561],[143.858281,-19.583721],[143.858511,-19.579032],[143.855831,-19.576208],[143.848943,-19.573329],[143.84776,-19.57026],[143.84467,-19.571771],[143.843109,-19.570297],[143.843027,-19.568055],[143.846617,-19.565664],[143.845527,-19.560643],[143.850189,-19.559974],[143.852323,-19.557435],[143.852148,-19.555469],[143.849398,-19.555427],[143.850458,-19.553794],[143.849291,-19.54868],[143.844809,-19.547464],[143.842415,-19.548974],[143.839143,-19.545725],[143.830591,-19.543815],[143.827173,-19.541927],[143.825548,-19.538354],[143.82054,-19.537056],[143.817051,-19.537499],[143.816422,-19.539838],[143.82159,-19.541802],[143.82508,-19.541395],[143.826803,-19.546325],[143.824943,-19.548467],[143.829874,-19.549663],[143.826975,-19.554078],[143.831873,-19.553369],[143.826922,-19.557433],[143.832518,-19.556217],[143.83021,-19.560379],[143.823728,-19.55988],[143.826571,-19.560788],[143.824646,-19.563427],[143.83028,-19.566476],[143.832982,-19.56573],[143.834745,-19.568663],[143.823817,-19.569259],[143.82759,-19.57227],[143.829771,-19.571459],[143.830392,-19.57293],[143.832547,-19.572738],[143.83376,-19.574024],[143.83176,-19.574511],[143.833085,-19.577948],[143.830162,-19.574681],[143.821455,-19.57256],[143.820047,-19.575015],[143.820913,-19.577715],[143.818941,-19.575561],[143.816923,-19.577213],[143.81604,-19.573525],[143.817967,-19.570922],[143.818047,-19.566971],[143.816505,-19.570308],[143.809438,-19.572572],[143.808695,-19.570534],[143.814041,-19.567665],[143.814832,-19.561816],[143.808382,-19.565374],[143.810504,-19.558994],[143.802812,-19.561705],[143.804447,-19.55512],[143.80167,-19.555904],[143.799864,-19.554731],[143.801633,-19.551566],[143.797675,-19.552896],[143.796845,-19.547902],[143.789929,-19.550583],[143.788713,-19.557098],[143.788017,-19.55342],[143.785672,-19.551822],[143.77861,-19.553452],[143.780057,-19.549715],[143.777731,-19.543512],[143.772844,-19.539659],[143.769319,-19.540697],[143.770114,-19.547624],[143.765568,-19.544619],[143.758458,-19.543563],[143.758345,-19.549506],[143.754984,-19.55079],[143.754943,-19.547369],[143.749229,-19.54379],[143.747877,-19.539693],[143.736424,-19.533777],[143.73686,-19.536836],[143.740433,-19.54042],[143.735067,-19.537721],[143.72884,-19.524623],[143.725752,-19.525121],[143.725582,-19.527359],[143.723073,-19.528092],[143.724764,-19.534053],[143.722016,-19.530979],[143.718742,-19.532423],[143.72086,-19.529547],[143.720954,-19.525794],[143.718621,-19.523897],[143.71482,-19.524013],[143.714947,-19.521131],[143.716553,-19.519906],[143.715924,-19.516579],[143.711848,-19.517606],[143.702612,-19.530002],[143.704898,-19.531877],[143.704593,-19.536148],[143.709043,-19.540154],[143.705877,-19.546183],[143.702612,-19.547171],[143.696941,-19.543175],[143.69389,-19.545505],[143.687825,-19.53722],[143.688404,-19.53978],[143.685645,-19.538508],[143.684168,-19.541369],[143.688908,-19.542956],[143.685943,-19.54458],[143.68924,-19.548504],[143.687987,-19.549565],[143.690258,-19.552891],[143.685997,-19.549527],[143.685287,-19.546743],[143.683304,-19.546344],[143.682477,-19.542397],[143.680296,-19.541946],[143.679214,-19.543086],[143.680634,-19.547025],[143.678195,-19.544627],[143.67687,-19.548178],[143.677916,-19.552514],[143.674346,-19.546572],[143.675469,-19.544496],[143.672793,-19.543168],[143.678603,-19.541154],[143.675161,-19.53781],[143.681353,-19.535831],[143.681056,-19.53324],[143.682654,-19.532597],[143.679067,-19.52991],[143.681991,-19.529199],[143.67634,-19.525454],[143.674709,-19.527514],[143.669565,-19.526209],[143.667074,-19.529216],[143.667798,-19.52688],[143.666162,-19.525216],[143.669669,-19.523959],[143.673666,-19.524992],[143.678086,-19.523365],[143.679054,-19.521463],[143.684014,-19.522586],[143.689849,-19.527786],[143.688471,-19.523802],[143.691521,-19.522009],[143.692926,-19.517144],[143.696214,-19.516206],[143.696981,-19.511183],[143.70197,-19.508106],[143.701931,-19.500942],[143.725073,-19.464632],[143.725051,-19.463336],[143.721182,-19.463963],[143.727593,-19.454377],[143.725367,-19.451201],[143.729699,-19.450499],[143.729029,-19.448039],[143.722563,-19.448177],[143.721791,-19.449665],[143.719354,-19.449711],[143.719258,-19.447428],[143.714586,-19.448816],[143.716233,-19.451229],[143.713368,-19.453065],[143.713228,-19.4589],[143.710253,-19.455233],[143.708044,-19.455767],[143.706652,-19.459269],[143.708912,-19.46156],[143.702121,-19.463201],[143.701475,-19.467188],[143.700398,-19.464346],[143.696157,-19.465841],[143.686205,-19.473339],[143.687071,-19.469393],[143.671961,-19.467897],[143.668518,-19.469555],[143.668371,-19.467494],[143.670837,-19.466442],[143.670421,-19.461685],[143.673476,-19.462177],[143.670801,-19.458239],[143.674,-19.453699],[143.669629,-19.455583],[143.668737,-19.454526],[143.667102,-19.459738],[143.666631,-19.456828],[143.66454,-19.458331],[143.662179,-19.452812],[143.666623,-19.450287],[143.667943,-19.443043],[143.671195,-19.443501],[143.670508,-19.441186],[143.672341,-19.439444],[143.671449,-19.43491],[143.673838,-19.433521],[143.673987,-19.428837],[143.684677,-19.426643],[143.690511,-19.430114],[143.698429,-19.428606],[143.696241,-19.424652],[143.691596,-19.42436],[143.69245,-19.421769],[143.6975,-19.421608],[143.697126,-19.417609],[143.693016,-19.415395],[143.67573,-19.416982],[143.678491,-19.405406],[143.677107,-19.396623],[143.681018,-19.396191],[143.680725,-19.39885],[143.678668,-19.399647],[143.68179,-19.401191],[143.680656,-19.403293],[143.681842,-19.405529],[143.68264,-19.403612],[143.685476,-19.402865],[143.682865,-19.393825],[143.681574,-19.393817],[143.682297,-19.390366],[143.68605,-19.394848],[143.689535,-19.394579],[143.688743,-19.391616],[143.692665,-19.392908],[143.69301,-19.389697],[143.694189,-19.391684],[143.696926,-19.391964],[143.697454,-19.394029],[143.699185,-19.39236],[143.699691,-19.387842],[143.702336,-19.387622],[143.706035,-19.388754],[143.70828,-19.392125],[143.709996,-19.391697],[143.710271,-19.397653],[143.713351,-19.399264],[143.711945,-19.404129],[143.713796,-19.403492],[143.71707,-19.397086],[143.716772,-19.402043],[143.719618,-19.401378],[143.718977,-19.405699],[143.720883,-19.408058],[143.725208,-19.408878],[143.722379,-19.402618],[143.729757,-19.40077],[143.72707,-19.398869],[143.731365,-19.396782],[143.729979,-19.389751],[143.734407,-19.385878],[143.729181,-19.384918],[143.729369,-19.382085],[143.725365,-19.381043],[143.723481,-19.389613],[143.720825,-19.38898],[143.720221,-19.386362],[143.721879,-19.383032],[143.719167,-19.380364],[143.719969,-19.375079],[143.725178,-19.376477],[143.729989,-19.380554],[143.73385,-19.38106],[143.733362,-19.378467],[143.731971,-19.37722],[143.729836,-19.378096],[143.729234,-19.375274],[143.724624,-19.374323],[143.721895,-19.370603],[143.725656,-19.367278],[143.725416,-19.364009],[143.724104,-19.365365],[143.722741,-19.363593],[143.719238,-19.364562],[143.719087,-19.371065],[143.715383,-19.366692],[143.715123,-19.362127],[143.712888,-19.363668],[143.708849,-19.362599],[143.710221,-19.358633],[143.707806,-19.358001],[143.70777,-19.356001],[143.711245,-19.355611],[143.711077,-19.352851],[143.713308,-19.352474],[143.713091,-19.350681],[143.709173,-19.351515],[143.709767,-19.347159],[143.705966,-19.348362],[143.705934,-19.344805],[143.700163,-19.345496],[143.698484,-19.342094],[143.697251,-19.342351],[143.697745,-19.345861],[143.695612,-19.348863],[143.696665,-19.354451],[143.69501,-19.359297],[143.693574,-19.358361],[143.691613,-19.350309],[143.687298,-19.350445],[143.688226,-19.344769],[143.685199,-19.347013],[143.681837,-19.347044],[143.684544,-19.350264],[143.683909,-19.354919],[143.686137,-19.356272],[143.684842,-19.358151],[143.686547,-19.36358],[143.684466,-19.364712],[143.684104,-19.36842],[143.681603,-19.370335],[143.682453,-19.362291],[143.677714,-19.360315],[143.677254,-19.358385],[143.674368,-19.359303],[143.673479,-19.355836],[143.671535,-19.356103],[143.670991,-19.349565],[143.668437,-19.348623],[143.671322,-19.342133],[143.670834,-19.336321],[143.668252,-19.337993],[143.668774,-19.342505],[143.667404,-19.344322],[143.665965,-19.340279],[143.667329,-19.332435],[143.6652,-19.330638],[143.661904,-19.335463],[143.659696,-19.331147],[143.662677,-19.326535],[143.662414,-19.322001],[143.656422,-19.332206],[143.659429,-19.334199],[143.658967,-19.336698],[143.653722,-19.339627],[143.654817,-19.341043],[143.659646,-19.339252],[143.66327,-19.34231],[143.663401,-19.343599],[143.659215,-19.344952],[143.66178,-19.346273],[143.662978,-19.351172],[143.661171,-19.354959],[143.666129,-19.35616],[143.669019,-19.359608],[143.667915,-19.365534],[143.669382,-19.366686],[143.665398,-19.368424],[143.662167,-19.365708],[143.662138,-19.368449],[143.660455,-19.368424],[143.66066,-19.370742],[143.663618,-19.370252],[143.665141,-19.371647],[143.666652,-19.380618],[143.670132,-19.379998],[143.670688,-19.383787],[143.666605,-19.382854],[143.667086,-19.385479],[143.665411,-19.38647],[143.667144,-19.38904],[143.662833,-19.390977],[143.661675,-19.394367],[143.662523,-19.40226],[143.663874,-19.402131],[143.664116,-19.39964],[143.665473,-19.403313],[143.669025,-19.404051],[143.667293,-19.406781],[143.663427,-19.406675],[143.664578,-19.412428],[143.659197,-19.412828],[143.657651,-19.409636],[143.65193,-19.407751],[143.6548,-19.411348],[143.654685,-19.413702],[143.651241,-19.412421],[143.650988,-19.414519],[143.648366,-19.414986],[143.648811,-19.417436],[143.647452,-19.418458],[143.645918,-19.417785],[143.644631,-19.41914],[143.644186,-19.417088],[143.640855,-19.41761],[143.641568,-19.420174],[143.645143,-19.420948],[143.645958,-19.423794],[143.652483,-19.417947],[143.651506,-19.422936],[143.65411,-19.425855],[143.650763,-19.428243],[143.654312,-19.428448],[143.654383,-19.430795],[143.653044,-19.434896],[143.650741,-19.43553],[143.651329,-19.441233],[143.649096,-19.441907],[143.648192,-19.449848],[143.646207,-19.452261],[143.63977,-19.452901],[143.645246,-19.449963],[143.646711,-19.444998],[143.645589,-19.445096],[143.645372,-19.442882],[143.646655,-19.441568],[143.645019,-19.440052],[143.638783,-19.444685],[143.638593,-19.442258],[143.64113,-19.440465],[143.639198,-19.434647],[143.637932,-19.437464],[143.632805,-19.43837],[143.632963,-19.4403],[143.635985,-19.442743],[143.635567,-19.444971],[143.632851,-19.44683],[143.630255,-19.445328],[143.630429,-19.442955],[143.627143,-19.439237],[143.628773,-19.439417],[143.628332,-19.43801],[143.629725,-19.437434],[143.628689,-19.43568],[143.630808,-19.435468],[143.630633,-19.431484],[143.628561,-19.433451],[143.626573,-19.432956],[143.627826,-19.426373],[143.626882,-19.423777],[143.62161,-19.424337],[143.621614,-19.426594],[143.623913,-19.428399],[143.625156,-19.436593],[143.621629,-19.436554],[143.621032,-19.434278],[143.61648,-19.43252],[143.612201,-19.420725],[143.60743,-19.4205],[143.606259,-19.421316],[143.607262,-19.424087],[143.609501,-19.422958],[143.609841,-19.425721],[143.613894,-19.43048],[143.614565,-19.437979],[143.621874,-19.439905],[143.621094,-19.444011],[143.624913,-19.442886],[143.623196,-19.450189],[143.627785,-19.453071],[143.625781,-19.454757],[143.62866,-19.461862],[143.625797,-19.461046],[143.623377,-19.454417],[143.622589,-19.461548],[143.620347,-19.462515],[143.617814,-19.461161],[143.620336,-19.460055],[143.620333,-19.457255],[143.617911,-19.45748],[143.621134,-19.454409],[143.618925,-19.453908],[143.621001,-19.450546],[143.617454,-19.445752],[143.615604,-19.446447],[143.617224,-19.44902],[143.615508,-19.449338],[143.615244,-19.452205],[143.613504,-19.45274],[143.61307,-19.456507],[143.611289,-19.458032],[143.6124,-19.460449],[143.608882,-19.46101],[143.610566,-19.456945],[143.608744,-19.453291],[143.612818,-19.450447],[143.612178,-19.449251],[143.609801,-19.450572],[143.610019,-19.448293],[143.608055,-19.448935],[143.610092,-19.442061],[143.607842,-19.442902],[143.607717,-19.446615],[143.603136,-19.451083],[143.603858,-19.445415],[143.600799,-19.446647],[143.599322,-19.449887],[143.598657,-19.446384],[143.596696,-19.447171],[143.595635,-19.452965],[143.593992,-19.452099],[143.593804,-19.456007],[143.59229,-19.455311],[143.591076,-19.456836],[143.591201,-19.459778],[143.593222,-19.461858],[143.590813,-19.463906],[143.591725,-19.470381],[143.589384,-19.464771],[143.586193,-19.465936],[143.586716,-19.463847],[143.582592,-19.461892],[143.575529,-19.463989],[143.570836,-19.462561],[143.570701,-19.457474],[143.574188,-19.444299],[143.577597,-19.43728],[143.575378,-19.424042],[143.573866,-19.423481],[143.571885,-19.414948],[143.57469,-19.416407],[143.578576,-19.425567],[143.582355,-19.427234],[143.580383,-19.424043],[143.57845,-19.413437],[143.57546,-19.413728],[143.576889,-19.407599],[143.575672,-19.40167],[143.579679,-19.399884],[143.582562,-19.395292],[143.581882,-19.393166],[143.587412,-19.392107],[143.586522,-19.387068],[143.589664,-19.385379],[143.58985,-19.381069],[143.589133,-19.378989],[143.587233,-19.381048],[143.58235,-19.380774],[143.58051,-19.387975],[143.578697,-19.384145],[143.575436,-19.394919],[143.57156,-19.396585],[143.574329,-19.393489],[143.575566,-19.384785],[143.571564,-19.384611],[143.568737,-19.382191],[143.578571,-19.381555],[143.584594,-19.375654],[143.58387,-19.373072],[143.580921,-19.371295],[143.579016,-19.372582],[143.578266,-19.375902],[143.572843,-19.374651],[143.57726,-19.37355],[143.579116,-19.369925],[143.57802,-19.368505],[143.572884,-19.368356],[143.576032,-19.365896],[143.573304,-19.360901],[143.577782,-19.360593],[143.578076,-19.36333],[143.582095,-19.364081],[143.581679,-19.366426],[143.586205,-19.365576],[143.582535,-19.361],[143.585916,-19.356514],[143.591215,-19.356669],[143.592536,-19.354379],[143.597394,-19.355226],[143.605082,-19.350028],[143.600021,-19.347342],[143.599393,-19.344556],[143.594253,-19.343302],[143.592687,-19.341437],[143.588692,-19.345814],[143.585324,-19.34611],[143.584528,-19.349219],[143.587379,-19.350163],[143.585727,-19.353546],[143.579603,-19.353041],[143.577277,-19.349733],[143.574725,-19.350171],[143.576283,-19.353964],[143.573175,-19.354744],[143.57093,-19.353715],[143.570902,-19.349864],[143.573842,-19.346422],[143.574015,-19.343467],[143.578262,-19.342278],[143.577507,-19.341006],[143.567402,-19.345926],[143.566577,-19.351252],[143.56358,-19.355006],[143.56472,-19.352646],[143.563736,-19.349197],[143.558364,-19.350546],[143.555543,-19.355733],[143.551393,-19.356784],[143.550259,-19.354087],[143.556606,-19.351009],[143.556974,-19.347938],[143.560145,-19.349112],[143.564298,-19.347108],[143.564024,-19.343536],[143.566445,-19.341212],[143.566208,-19.338741],[143.561041,-19.33671],[143.560541,-19.334925],[143.557591,-19.336483],[143.557298,-19.329353],[143.554061,-19.329981],[143.554854,-19.33733],[143.549726,-19.336471],[143.550153,-19.333869],[143.551917,-19.332978],[143.550323,-19.330237],[143.551845,-19.329574],[143.552325,-19.323978],[143.546244,-19.32176],[143.54532,-19.316328],[143.54318,-19.314822],[143.548066,-19.314637],[143.551505,-19.317894],[143.557084,-19.317269],[143.561975,-19.32102],[143.563631,-19.318712],[143.560888,-19.317252],[143.561145,-19.314521],[143.569495,-19.309898],[143.567809,-19.305524],[143.565483,-19.309137],[143.560748,-19.311186],[143.560395,-19.309123],[143.558451,-19.309507],[143.557203,-19.312147],[143.554881,-19.310559],[143.558215,-19.307618],[143.561995,-19.307479],[143.566353,-19.302984],[143.566358,-19.301178],[143.561606,-19.302455],[143.563219,-19.298192],[143.56652,-19.297884],[143.56371,-19.294235],[143.563256,-19.289383],[143.558919,-19.291155],[143.560299,-19.293294],[143.560117,-19.305185],[143.55487,-19.308446],[143.552774,-19.307897],[143.554878,-19.306152],[143.555228,-19.296462],[143.550832,-19.298628],[143.551683,-19.303817],[143.548259,-19.303468],[143.546521,-19.306544],[143.547693,-19.301616],[143.546617,-19.299454],[143.548301,-19.297182],[143.542122,-19.296681],[143.539235,-19.298239],[143.538806,-19.296231],[143.549603,-19.295773],[143.554032,-19.291779],[143.557166,-19.291283],[143.55673,-19.289307],[143.554367,-19.288681],[143.559928,-19.284878],[143.550187,-19.286789],[143.550449,-19.289878],[143.5485,-19.29019],[143.547305,-19.288274],[143.544734,-19.288743],[143.544364,-19.284911],[143.548467,-19.285621],[143.548244,-19.28259],[143.555647,-19.282897],[143.560241,-19.281244],[143.556737,-19.276471],[143.558262,-19.275429],[143.561181,-19.276517],[143.563226,-19.272609],[143.56776,-19.270686],[143.561539,-19.261047],[143.550866,-19.257201],[143.558151,-19.252823],[143.559313,-19.250423],[143.560794,-19.252298],[143.565358,-19.252338],[143.568352,-19.247343],[143.568543,-19.247783],[143.567806,-19.248868],[143.567793,-19.252656],[143.572899,-19.253329],[143.572073,-19.249038],[143.574757,-19.2497],[143.574512,-19.242181],[143.577783,-19.251242],[143.580276,-19.251279],[143.581818,-19.247506],[143.586733,-19.246705],[143.58559,-19.238544],[143.589007,-19.242582],[143.591038,-19.233338],[143.594126,-19.233267],[143.594355,-19.231408],[143.601518,-19.232232],[143.601685,-19.236686],[143.605841,-19.2345],[143.604924,-19.231317],[143.609237,-19.233409],[143.609225,-19.230736],[143.607047,-19.228383],[143.601622,-19.230239],[143.598664,-19.229559],[143.604757,-19.226009],[143.602741,-19.224029],[143.609462,-19.224041],[143.609748,-19.219635],[143.605591,-19.218444],[143.605551,-19.216598],[143.608633,-19.216987],[143.608649,-19.214996],[143.611185,-19.215533],[143.612463,-19.218115],[143.610765,-19.218289],[143.610926,-19.220201],[143.615217,-19.222948],[143.61753,-19.22291],[143.618856,-19.220801],[143.621099,-19.221243],[143.62264,-19.217126],[143.638033,-19.216047],[143.637466,-19.217608],[143.639547,-19.217388],[143.639989,-19.220922],[143.642818,-19.222737],[143.643538,-19.225602],[143.648441,-19.22564],[143.650501,-19.222346],[143.65628,-19.224321],[143.654686,-19.221563],[143.656723,-19.220328],[143.657383,-19.224544],[143.661288,-19.222225],[143.662835,-19.225372],[143.66597,-19.226388],[143.666354,-19.225037],[143.671389,-19.224403],[143.6735,-19.222526],[143.67758,-19.223094],[143.686299,-19.220478],[143.686512,-19.217938],[143.69023,-19.218827],[143.686704,-19.207276],[143.684272,-19.208413],[143.685342,-19.210718],[143.684262,-19.213723],[143.683002,-19.211353],[143.680777,-19.212225],[143.68083,-19.207533],[143.670843,-19.212533],[143.670094,-19.211636],[143.673458,-19.208291],[143.673338,-19.206532],[143.669921,-19.207024],[143.668039,-19.203905],[143.661876,-19.201376],[143.660267,-19.202925],[143.662194,-19.203836],[143.66148,-19.205224],[143.656785,-19.205306],[143.65885,-19.203393],[143.658146,-19.198915],[143.655942,-19.200234],[143.655249,-19.197327],[143.650765,-19.196169],[143.647304,-19.198052],[143.645804,-19.194909],[143.641093,-19.19443],[143.644893,-19.193016],[143.64728,-19.189054],[143.650028,-19.190838],[143.649536,-19.186114],[143.652875,-19.18598],[143.653253,-19.189257],[143.656284,-19.187285],[143.656105,-19.185102],[143.658502,-19.184941],[143.658498,-19.183045],[143.650471,-19.182601],[143.645926,-19.18008],[143.64531,-19.177167],[143.648902,-19.175608],[143.643793,-19.173835],[143.646142,-19.169186],[143.650435,-19.169414],[143.65006,-19.166877],[143.653572,-19.164072],[143.657841,-19.163437],[143.661583,-19.165288],[143.660199,-19.160473],[143.663013,-19.156337],[143.666205,-19.156182],[143.664228,-19.158369],[143.666651,-19.159873],[143.666109,-19.16213],[143.669577,-19.163027],[143.669617,-19.160729],[143.672187,-19.160438],[143.674343,-19.157919],[143.677984,-19.158616],[143.681642,-19.163768],[143.687088,-19.164939],[143.687371,-19.172195],[143.684301,-19.172515],[143.684364,-19.174189],[143.689134,-19.174697],[143.692431,-19.160436],[143.688541,-19.161256],[143.687094,-19.158632],[143.694323,-19.155158],[143.692497,-19.145428],[143.69964,-19.143562],[143.703789,-19.145569],[143.699702,-19.14148],[143.699604,-19.138624],[143.701838,-19.137372],[143.707794,-19.142797],[143.712071,-19.141975],[143.705886,-19.138269],[143.707014,-19.133458],[143.709414,-19.132881],[143.708697,-19.129912],[143.713978,-19.130845],[143.715812,-19.133283],[143.714886,-19.13685],[143.716145,-19.136863],[143.718096,-19.133471],[143.715031,-19.130003],[143.716125,-19.127481],[143.719635,-19.126662],[143.716354,-19.124169],[143.714651,-19.126542],[143.711453,-19.126666],[143.714162,-19.123894],[143.71324,-19.12198],[143.723197,-19.124031],[143.725209,-19.120765],[143.727338,-19.124625],[143.729103,-19.123885],[143.728406,-19.115638],[143.725972,-19.117904],[143.723796,-19.11609],[143.720142,-19.118031],[143.717728,-19.114062],[143.715559,-19.117675],[143.714163,-19.114038],[143.707161,-19.114914],[143.709369,-19.110854],[143.714147,-19.111312],[143.715565,-19.108821],[143.711035,-19.103235],[143.714146,-19.100065],[143.711335,-19.093073],[143.702691,-19.088802],[143.702618,-19.085855],[143.704923,-19.084643],[143.702285,-19.084646],[143.700194,-19.068089],[143.698345,-19.067434],[143.693813,-19.07248],[143.694139,-19.06471],[143.689754,-19.0636],[143.684585,-19.07052],[143.687264,-19.073949],[143.683624,-19.076083],[143.68648,-19.077107],[143.687028,-19.081736],[143.695238,-19.077864],[143.696416,-19.083012],[143.699027,-19.084639],[143.699121,-19.087875],[143.696512,-19.087751],[143.694738,-19.082716],[143.689716,-19.082157],[143.694823,-19.089315],[143.687666,-19.085564],[143.684848,-19.087131],[143.68519,-19.090137],[143.683155,-19.094452],[143.675946,-19.096783],[143.675498,-19.092012],[143.677565,-19.087149],[143.674299,-19.086052],[143.674335,-19.082525],[143.677109,-19.077388],[143.673306,-19.078499],[143.670042,-19.076253],[143.670058,-19.072623],[143.674713,-19.07372],[143.672941,-19.069651],[143.674126,-19.0672],[143.671576,-19.067224],[143.668666,-19.071266],[143.660457,-19.072541],[143.648537,-19.069466],[143.654679,-19.068122],[143.66117,-19.070052],[143.660639,-19.068565],[143.662577,-19.068419],[143.663464,-19.066298],[143.660193,-19.063623],[143.663236,-19.063588],[143.664,-19.061694],[143.666098,-19.064088],[143.666859,-19.062041],[143.66136,-19.05784],[143.662196,-19.055372],[143.654727,-19.055719],[143.655595,-19.053819],[143.652956,-19.051826],[143.650222,-19.052339],[143.647133,-19.044374],[143.643532,-19.040836],[143.636814,-19.039248],[143.637835,-19.041685],[143.634223,-19.042843],[143.632531,-19.041273],[143.63275,-19.038249],[143.629718,-19.035498],[143.628534,-19.037289],[143.626453,-19.036741],[143.627952,-19.047208],[143.625079,-19.048599],[143.627409,-19.049911],[143.63113,-19.048752],[143.631381,-19.051931],[143.637268,-19.052154],[143.639075,-19.055944],[143.635375,-19.055654],[143.6375,-19.059822],[143.633912,-19.058316],[143.631209,-19.06044],[143.625689,-19.055485],[143.61908,-19.054152],[143.617792,-19.058943],[143.627732,-19.05886],[143.62768,-19.062951],[143.629282,-19.0644],[143.62681,-19.06635],[143.622592,-19.064432],[143.623652,-19.067312],[143.618885,-19.06775],[143.618102,-19.069865],[143.620797,-19.06993],[143.621078,-19.074477],[143.614773,-19.071054],[143.61195,-19.071997],[143.609804,-19.067811],[143.605977,-19.064704],[143.604743,-19.065738],[143.601334,-19.064074],[143.596992,-19.058605],[143.593669,-19.056972],[143.592657,-19.05429],[143.590886,-19.056036],[143.59592,-19.062914],[143.59216,-19.062226],[143.590045,-19.059542],[143.589875,-19.063902],[143.588789,-19.063759],[143.587541,-19.057848],[143.585957,-19.056755],[143.58661,-19.052244],[143.58403,-19.052578],[143.585719,-19.04627],[143.583537,-19.046264],[143.583422,-19.048627],[143.581531,-19.046604],[143.578552,-19.049856],[143.575477,-19.049303],[143.575701,-19.04343],[143.573967,-19.040609],[143.571775,-19.038698],[143.566532,-19.041575],[143.566741,-19.039816],[143.56381,-19.038434],[143.561723,-19.033081],[143.559894,-19.034303],[143.561404,-19.037908],[143.556442,-19.034798],[143.555541,-19.031108],[143.547145,-19.024532],[143.545362,-19.026164],[143.542819,-19.023752],[143.539688,-19.023344],[143.539167,-19.025961],[143.535118,-19.025298],[143.53286,-19.030124],[143.529558,-19.028007],[143.526013,-19.032769],[143.527757,-19.0259],[143.52668,-19.024908],[143.525524,-19.026419],[143.524715,-19.024935],[143.523853,-19.029412],[143.520134,-19.03196],[143.519482,-19.028348],[143.521681,-19.026507],[143.522626,-19.019346],[143.516523,-19.017976],[143.516024,-19.013138],[143.518118,-19.012838],[143.519084,-19.01548],[143.527563,-19.015062],[143.529316,-19.016573],[143.534411,-19.015604],[143.53414,-19.018484],[143.537497,-19.018217],[143.538385,-19.019699],[143.544093,-19.017716],[143.545845,-19.021109],[143.5491,-19.016075],[143.548872,-19.014019],[143.544123,-19.013191],[143.540993,-19.006429],[143.5409,-19.002033],[143.544493,-18.997852],[143.551805,-18.996044],[143.55192,-18.992232],[143.545838,-18.989177],[143.545091,-18.986271],[143.537313,-18.985082],[143.536283,-18.983254],[143.531186,-18.982614],[143.529737,-18.985194],[143.527177,-18.985812],[143.525857,-18.983518],[143.534513,-18.979178],[143.537403,-18.981233],[143.543897,-18.98081],[143.545736,-18.982988],[143.549727,-18.982428],[143.550174,-18.976958],[143.54343,-18.970449],[143.540174,-18.961667],[143.533768,-18.960269],[143.531821,-18.96281],[143.52806,-18.957136],[143.525573,-18.958642],[143.524845,-18.961447],[143.528202,-18.963366],[143.529367,-18.966312],[143.528225,-18.968558],[143.524171,-18.963728],[143.523957,-18.96737],[143.528065,-18.972096],[143.527871,-18.974211],[143.52503,-18.974241],[143.524965,-18.971619],[143.521049,-18.970394],[143.521201,-18.967778],[143.51833,-18.967532],[143.521501,-18.965809],[143.520787,-18.963557],[143.522099,-18.961701],[143.51463,-18.963866],[143.5176,-18.960191],[143.523064,-18.96018],[143.522973,-18.957517],[143.518293,-18.957468],[143.518257,-18.954759],[143.51465,-18.955147],[143.512204,-18.961998],[143.51136,-18.956664],[143.512447,-18.954671],[143.510386,-18.953245],[143.511042,-18.945578],[143.509767,-18.946313],[143.506993,-18.944233],[143.504797,-18.945495],[143.503277,-18.943976],[143.50198,-18.946992],[143.503209,-18.949639],[143.50007,-18.949275],[143.498611,-18.954953],[143.50407,-18.954803],[143.501483,-18.957086],[143.504466,-18.957687],[143.503583,-18.960914],[143.510803,-18.960613],[143.508939,-18.96463],[143.510692,-18.966141],[143.513112,-18.964637],[143.512589,-18.96892],[143.521137,-18.972849],[143.521122,-18.979889],[143.522547,-18.97982],[143.522223,-18.981603],[143.520484,-18.981586],[143.517209,-18.985207],[143.516476,-18.990717],[143.51427,-18.990422],[143.513322,-18.986642],[143.511534,-18.98933],[143.509978,-18.982691],[143.514382,-18.982699],[143.511695,-18.97799],[143.51199,-18.971597],[143.505736,-18.967536],[143.505937,-18.963984],[143.501954,-18.964038],[143.501309,-18.960579],[143.495385,-18.954477],[143.486669,-18.953687],[143.487536,-18.960182],[143.4864,-18.961282],[143.483764,-18.959433],[143.482467,-18.955333],[143.483991,-18.948778],[143.477754,-18.951986],[143.48194,-18.945695],[143.475374,-18.945141],[143.481454,-18.941082],[143.477121,-18.933423],[143.473112,-18.933991],[143.472151,-18.931651],[143.462287,-18.933399],[143.458301,-18.92837],[143.451085,-18.929271],[143.449424,-18.931104],[143.448456,-18.92857],[143.450431,-18.92774],[143.450374,-18.925469],[143.441951,-18.921896],[143.441566,-18.918916],[143.438081,-18.920362],[143.437464,-18.9226],[143.431733,-18.917907],[143.424751,-18.921498],[143.424645,-18.916017],[143.419508,-18.916604],[143.418488,-18.91384],[143.415349,-18.913533],[143.40494,-18.915235],[143.398835,-18.918304],[143.398035,-18.92059],[143.396247,-18.92045],[143.389299,-18.918187],[143.387592,-18.915753],[143.383522,-18.915651],[143.378627,-18.911257],[143.374425,-18.909839],[143.371577,-18.906619],[143.373944,-18.904453],[143.372101,-18.898805],[143.366832,-18.897743],[143.363978,-18.894672],[143.367017,-18.888266],[143.359963,-18.890537],[143.355712,-18.88239],[143.355322,-18.880047],[143.357104,-18.879925],[143.363942,-18.885379],[143.36361,-18.881337],[143.359516,-18.879073],[143.357885,-18.874853],[143.357767,-18.872931],[143.360857,-18.87048],[143.357975,-18.867139],[143.355305,-18.876119],[143.353666,-18.876252],[143.351624,-18.871604],[143.347759,-18.872904],[143.347268,-18.87412],[143.351304,-18.874273],[143.350073,-18.879224],[143.354287,-18.879274],[143.350476,-18.881246],[143.343794,-18.880265],[143.344773,-18.88406],[143.348319,-18.882877],[143.348698,-18.886426],[143.340762,-18.886341],[143.3437,-18.88839],[143.341045,-18.893292],[143.338937,-18.891368],[143.339142,-18.887034],[143.334446,-18.88782],[143.334601,-18.88944],[143.336822,-18.890089],[143.335689,-18.895807],[143.33897,-18.894063],[143.339738,-18.899613],[143.341771,-18.89732],[143.342702,-18.90014],[143.346071,-18.900788],[143.345525,-18.903613],[143.347057,-18.905061],[143.35333,-18.901631],[143.353793,-18.896915],[143.357402,-18.897231],[143.357589,-18.900764],[143.352881,-18.906735],[143.350469,-18.907041],[143.351162,-18.909281],[143.353906,-18.910741],[143.353242,-18.913003],[143.351603,-18.913606],[143.34884,-18.91179],[143.348943,-18.913663],[143.347234,-18.91284],[143.343869,-18.918473],[143.351361,-18.917132],[143.349145,-18.924449],[143.353851,-18.924272],[143.356667,-18.92751],[143.362935,-18.925226],[143.355879,-18.929918],[143.356875,-18.935627],[143.35337,-18.937365],[143.35317,-18.934116],[143.350486,-18.934254],[143.348639,-18.931229],[143.34669,-18.933827],[143.34169,-18.934807],[143.338492,-18.937589],[143.340852,-18.942369],[143.335039,-18.944798],[143.333376,-18.943101],[143.333239,-18.937854],[143.330439,-18.938223],[143.325961,-18.935335],[143.315397,-18.937427],[143.316919,-18.934857],[143.312137,-18.934618],[143.306684,-18.939825],[143.306571,-18.943868],[143.304735,-18.943051],[143.306084,-18.956569],[143.301395,-18.953154],[143.301207,-18.950027],[143.29331,-18.951588],[143.294532,-18.946931],[143.297735,-18.947776],[143.295058,-18.942521],[143.291681,-18.945367],[143.289244,-18.944454],[143.289911,-18.938529],[143.285791,-18.942085],[143.284136,-18.941667],[143.282298,-18.938104],[143.279455,-18.937809],[143.269838,-18.930029],[143.269026,-18.927618],[143.266213,-18.927119],[143.265939,-18.929616],[143.263401,-18.931589],[143.265266,-18.927257],[143.264776,-18.92314],[143.256831,-18.926687],[143.257285,-18.924677],[143.258847,-18.924545],[143.25058,-18.913761],[143.250047,-18.912151],[143.251653,-18.911897],[143.247732,-18.905938],[143.244939,-18.90482],[143.242329,-18.900498],[143.240439,-18.90011],[143.237957,-18.90228],[143.238847,-18.897921],[143.234775,-18.897319],[143.234795,-18.893607],[143.23179,-18.890771],[143.22895,-18.890737],[143.228898,-18.893158],[143.227572,-18.893386],[143.226214,-18.888837],[143.219453,-18.884099],[143.218822,-18.880941],[143.214476,-18.876381],[143.217762,-18.875033],[143.220597,-18.878314],[143.22393,-18.87471],[143.229605,-18.876133],[143.233507,-18.8747],[143.234233,-18.876547],[143.23676,-18.875695],[143.239634,-18.877999],[143.243304,-18.878199],[143.246953,-18.875576],[143.247406,-18.879297],[143.249689,-18.881518],[143.252985,-18.878931],[143.254084,-18.875513],[143.251722,-18.871192],[143.245642,-18.868461],[143.238881,-18.870503],[143.235838,-18.873393],[143.236311,-18.870646],[143.232843,-18.871171],[143.230781,-18.869652],[143.232905,-18.868208],[143.232611,-18.865502],[143.228707,-18.865305],[143.231033,-18.863127],[143.23103,-18.85932],[143.227453,-18.859774],[143.226125,-18.858322],[143.222912,-18.861445],[143.221473,-18.866615],[143.219604,-18.86531],[143.219219,-18.862469],[143.216149,-18.864389],[143.215398,-18.866755],[143.21627,-18.869179],[143.21791,-18.86948],[143.217998,-18.87255],[143.213601,-18.873122],[143.211276,-18.865581],[143.222493,-18.857259],[143.228176,-18.849211],[143.232751,-18.848506],[143.236509,-18.850479],[143.236456,-18.843299],[143.23364,-18.835348],[143.234449,-18.826063],[143.236112,-18.823703],[143.248549,-18.820225],[143.243731,-18.817578],[143.253893,-18.819619],[143.267901,-18.812038],[143.277929,-18.791205],[143.264571,-18.809188],[143.259439,-18.811359],[143.256522,-18.816114],[143.25092,-18.815563],[143.247355,-18.810936],[143.245712,-18.814235],[143.239183,-18.811969],[143.231435,-18.813787],[143.230011,-18.81651],[143.22814,-18.816067],[143.225574,-18.818261],[143.224789,-18.817308],[143.221462,-18.820008],[143.219519,-18.820266],[143.219173,-18.818649],[143.216298,-18.822002],[143.213519,-18.822117],[143.212592,-18.824607],[143.214907,-18.827186],[143.22058,-18.826969],[143.221489,-18.828272],[143.22063,-18.830753],[143.217238,-18.831873],[143.213899,-18.830756],[143.212787,-18.82904],[143.213778,-18.827745],[143.211595,-18.828236],[143.209773,-18.825399],[143.207361,-18.826236],[143.201122,-18.824761],[143.201952,-18.8221],[143.206413,-18.822657],[143.206264,-18.821643],[143.192636,-18.821736],[143.190754,-18.822413],[143.188797,-18.827499],[143.185075,-18.828161],[143.187941,-18.828705],[143.185994,-18.832287],[143.184918,-18.829816],[143.179341,-18.830003],[143.176469,-18.827413],[143.179141,-18.827151],[143.175963,-18.824749],[143.178582,-18.823703],[143.178432,-18.820272],[143.181144,-18.818939],[143.180546,-18.816024],[143.17335,-18.816565],[143.172335,-18.811748],[143.166431,-18.814125],[143.158843,-18.811851],[143.159808,-18.809478],[143.157807,-18.808087],[143.15775,-18.805635],[143.153806,-18.803545],[143.151639,-18.803732],[143.154473,-18.806238],[143.152484,-18.808659],[143.150872,-18.805805],[143.15078,-18.80801],[143.149032,-18.80631],[143.141125,-18.805312],[143.141454,-18.804062],[143.146589,-18.804834],[143.147169,-18.803779],[143.145068,-18.802173],[143.134271,-18.801421],[143.138541,-18.79807],[143.141257,-18.797845],[143.137131,-18.793647],[143.139072,-18.79306],[143.136476,-18.788736],[143.139622,-18.791198],[143.142172,-18.790491],[143.142234,-18.788968],[143.15232,-18.790767],[143.15077,-18.79274],[143.156413,-18.79175],[143.1557,-18.788881],[143.163744,-18.787546],[143.164102,-18.786241],[143.160769,-18.785584],[143.163667,-18.782276],[143.163581,-18.7801],[143.160931,-18.779544],[143.159662,-18.782259],[143.155683,-18.780575],[143.155011,-18.785497],[143.151666,-18.784447],[143.149118,-18.787498],[143.144553,-18.784529],[143.142874,-18.785677],[143.141142,-18.78263],[143.137966,-18.783832],[143.140188,-18.780848],[143.145933,-18.78071],[143.148544,-18.776457],[143.137993,-18.77801],[143.139695,-18.7744],[143.138649,-18.773035],[143.135905,-18.775044],[143.135747,-18.778609],[143.132349,-18.780315],[143.129973,-18.780333],[143.131198,-18.775649],[143.127154,-18.775316],[143.128404,-18.778115],[143.127052,-18.779029],[143.122248,-18.776293],[143.121809,-18.778285],[143.123495,-18.778672],[143.12555,-18.783134],[143.120668,-18.783167],[143.117466,-18.780574],[143.11815,-18.778092],[143.115813,-18.776009],[143.116021,-18.773319],[143.114266,-18.772951],[143.112333,-18.768754],[143.109878,-18.768172],[143.110359,-18.769589],[143.10859,-18.770251],[143.110896,-18.771792],[143.109284,-18.772583],[143.112164,-18.775617],[143.112396,-18.781585],[143.107668,-18.775035],[143.1063,-18.778027],[143.108594,-18.78105],[143.100484,-18.781439],[143.102122,-18.783462],[143.105936,-18.784192],[143.098397,-18.791426],[143.100501,-18.795326],[143.099338,-18.798999],[143.096169,-18.798646],[143.097618,-18.796918],[143.095163,-18.7969],[143.087951,-18.790279],[143.084536,-18.789147],[143.089723,-18.795475],[143.092147,-18.796383],[143.090142,-18.796893],[143.089878,-18.798558],[143.093207,-18.800201],[143.092599,-18.803419],[143.094673,-18.803622],[143.094161,-18.805023],[143.101284,-18.803466],[143.102329,-18.804746],[143.097376,-18.80571],[143.097611,-18.809316],[143.095071,-18.810921],[143.095969,-18.807424],[143.09237,-18.806371],[143.089616,-18.800476],[143.088127,-18.80463],[143.09004,-18.807942],[143.087841,-18.806314],[143.086265,-18.807],[143.087811,-18.79832],[143.082418,-18.796302],[143.081937,-18.800427],[143.083657,-18.804983],[143.076966,-18.811001],[143.082037,-18.804111],[143.079692,-18.799381],[143.081115,-18.797992],[143.079314,-18.796238],[143.079913,-18.790621],[143.077995,-18.790137],[143.075553,-18.800173],[143.073021,-18.795689],[143.073714,-18.789344],[143.071617,-18.788798],[143.072191,-18.786507],[143.067915,-18.785122],[143.067828,-18.782486],[143.065213,-18.77943],[143.063882,-18.781405],[143.064276,-18.787353],[143.067937,-18.788126],[143.068103,-18.789519],[143.06563,-18.789673],[143.069962,-18.79355],[143.071117,-18.797702],[143.069768,-18.798281],[143.067543,-18.79556],[143.067869,-18.793664],[143.06357,-18.790121],[143.06239,-18.790536],[143.06331,-18.795982],[143.060955,-18.793826],[143.061643,-18.798773],[143.060493,-18.796753],[143.058262,-18.796471],[143.059519,-18.792699],[143.057916,-18.791795],[143.060217,-18.791278],[143.060683,-18.788879],[143.059995,-18.786154],[143.057978,-18.785097],[143.061351,-18.784472],[143.059578,-18.780007],[143.056388,-18.778348],[143.059187,-18.771452],[143.059552,-18.768585],[143.058158,-18.768284],[143.057464,-18.771539],[143.055873,-18.77171],[143.053736,-18.775658],[143.054064,-18.778681],[143.048204,-18.782313],[143.051972,-18.78453],[143.052828,-18.789846],[143.047926,-18.788396],[143.044963,-18.783722],[143.043731,-18.784851],[143.041592,-18.783217],[143.039391,-18.784682],[143.034912,-18.783245],[143.031837,-18.78471],[143.032576,-18.787462],[143.034311,-18.786124],[143.039366,-18.786936],[143.040259,-18.790666],[143.048298,-18.791255],[143.04634,-18.793504],[143.0494,-18.794802],[143.049436,-18.79748],[143.052962,-18.797234],[143.052749,-18.799666],[143.056682,-18.799094],[143.054303,-18.801885],[143.055511,-18.803994],[143.054169,-18.804099],[143.056109,-18.811192],[143.054282,-18.806438],[143.049358,-18.801022],[143.047457,-18.800257],[143.046026,-18.803141],[143.042658,-18.796751],[143.039975,-18.800348],[143.040003,-18.79505],[143.038157,-18.793349],[143.036763,-18.795289],[143.033529,-18.794687],[143.029886,-18.796167],[143.032957,-18.799056],[143.031904,-18.802225],[143.034505,-18.802246],[143.033779,-18.803894],[143.031421,-18.803892],[143.034266,-18.805343],[143.032777,-18.808823],[143.03831,-18.812864],[143.043626,-18.811469],[143.041043,-18.814659],[143.038146,-18.814984],[143.040384,-18.824973],[143.037678,-18.825671],[143.036548,-18.829446],[143.043437,-18.833901],[143.043202,-18.83762],[143.045496,-18.840007],[143.051424,-18.839255],[143.055927,-18.842218],[143.055621,-18.843685],[143.051571,-18.840695],[143.047485,-18.840983],[143.044188,-18.843459],[143.043515,-18.847039],[143.041273,-18.835803],[143.037617,-18.831412],[143.035181,-18.833435],[143.034911,-18.838587],[143.032489,-18.83902],[143.03221,-18.841562],[143.030637,-18.841719],[143.030769,-18.838407],[143.028982,-18.836321],[143.031916,-18.837166],[143.03366,-18.835083],[143.032202,-18.833052],[143.033729,-18.832137],[143.035105,-18.826594],[143.034403,-18.823878],[143.037313,-18.823616],[143.037118,-18.821219],[143.031299,-18.810271],[143.02958,-18.810841],[143.029039,-18.814135],[143.02765,-18.812736],[143.023925,-18.814285],[143.028213,-18.810431],[143.028299,-18.80674],[143.027739,-18.804285],[143.024263,-18.806269],[143.024659,-18.801355],[143.026087,-18.800373],[143.020785,-18.79413],[143.018365,-18.793989],[143.020783,-18.799554],[143.017327,-18.798792],[143.015922,-18.800424],[143.010102,-18.800546],[143.011864,-18.802045],[143.01131,-18.805425],[143.006888,-18.803851],[143.0101,-18.809417],[143.01256,-18.809634],[143.011821,-18.810523],[143.013768,-18.811559],[143.012681,-18.8127],[143.007891,-18.808799],[143.006181,-18.810019],[143.007272,-18.813725],[143.005289,-18.81076],[143.00385,-18.810455],[143.003218,-18.812219],[143.004361,-18.814926],[143.009408,-18.815644],[143.009026,-18.816971],[143.011458,-18.818142],[143.021437,-18.821363],[143.021076,-18.823201],[143.016839,-18.82377],[143.018433,-18.833179],[143.016388,-18.833138],[143.013284,-18.827562],[143.009719,-18.826173],[143.0101,-18.830325],[143.00872,-18.83169],[143.011206,-18.833316],[143.009225,-18.835921],[143.012726,-18.837781],[143.011659,-18.840945],[143.015016,-18.847191],[143.017277,-18.848513],[143.020313,-18.847283],[143.0232,-18.849288],[143.025454,-18.846983],[143.027492,-18.847313],[143.027909,-18.849626],[143.021171,-18.850973],[143.023404,-18.856703],[143.027662,-18.857456],[143.024707,-18.858007],[143.026024,-18.863761],[143.024605,-18.863925],[143.029918,-18.874283],[143.034407,-18.873827],[143.034873,-18.876248],[143.044135,-18.88288],[143.043324,-18.88386],[143.032296,-18.875725],[143.029807,-18.877369],[143.024914,-18.866103],[143.022502,-18.863853],[143.022891,-18.86599],[143.020443,-18.869594],[143.022102,-18.87346],[143.021311,-18.877213],[143.026473,-18.884785],[143.021278,-18.882033],[143.019996,-18.886401],[143.028301,-18.895045],[143.027373,-18.897183],[143.019092,-18.887097],[143.016005,-18.890956],[143.016183,-18.885828],[143.018664,-18.884523],[143.019603,-18.880827],[143.018108,-18.871864],[143.016158,-18.87058],[143.010194,-18.873196],[143.015106,-18.867782],[143.020961,-18.86513],[143.021573,-18.858213],[143.017689,-18.856774],[143.011798,-18.862809],[143.016716,-18.854381],[143.015541,-18.852348],[143.014628,-18.85467],[143.01276,-18.854853],[143.014497,-18.851375],[143.013293,-18.851081],[143.011557,-18.85226],[143.009982,-18.858018],[143.008642,-18.857919],[143.010453,-18.850285],[143.005965,-18.853269],[143.004817,-18.856448],[143.003722,-18.85514],[143.001276,-18.856319],[143.002832,-18.851184],[143.005886,-18.849042],[143.006148,-18.843922],[143.004262,-18.83677],[142.99999,-18.833265],[143.000346,-18.829391],[142.998181,-18.82898],[142.997492,-18.833645],[142.99268,-18.830394],[142.988468,-18.833782],[142.985664,-18.838477],[142.985326,-18.842338],[142.982539,-18.840697],[142.979318,-18.842556],[142.978182,-18.84811],[142.979833,-18.850401],[142.976896,-18.850174],[142.975952,-18.852113],[142.970104,-18.853855],[142.968462,-18.853037],[142.972266,-18.850774],[142.976264,-18.844309],[142.968927,-18.843344],[142.971879,-18.840625],[142.975065,-18.841851],[142.9783,-18.840886],[142.983833,-18.836099],[142.983796,-18.834518],[142.981816,-18.833898],[142.982901,-18.830444],[142.980515,-18.828062],[142.983893,-18.828334],[142.984233,-18.821397],[142.98656,-18.821444],[142.986214,-18.823955],[142.987764,-18.825144],[142.985832,-18.827509],[142.98793,-18.831434],[142.989226,-18.831461],[142.991454,-18.826744],[142.994961,-18.825718],[142.994433,-18.824106],[142.997807,-18.82286],[142.995753,-18.819634],[142.9913,-18.820305],[142.990854,-18.818734],[142.993359,-18.817388],[142.99273,-18.815114],[142.989354,-18.812431],[142.985538,-18.812598],[142.98514,-18.814102],[142.987233,-18.815457],[142.986479,-18.81808],[142.981719,-18.818266],[142.982638,-18.82126],[142.978725,-18.82062],[142.977975,-18.823329],[142.975013,-18.822032],[142.974712,-18.827523],[142.972552,-18.826918],[142.97243,-18.828668],[142.97043,-18.828142],[142.970238,-18.829463],[142.96668,-18.828981],[142.968897,-18.82833],[142.967991,-18.827007],[142.970142,-18.826058],[142.974539,-18.818216],[142.97004,-18.819077],[142.972096,-18.815121],[142.966265,-18.815544],[142.963625,-18.813706],[142.963517,-18.811909],[142.965552,-18.810637],[142.963301,-18.809988],[142.962337,-18.80727],[142.965276,-18.808282],[142.965562,-18.804878],[142.961884,-18.796502],[142.964056,-18.794505],[142.964276,-18.791802],[142.966687,-18.792671],[142.970012,-18.788354],[142.969681,-18.787187],[142.966388,-18.787994],[142.967364,-18.784438],[142.970554,-18.783312],[142.971697,-18.779645],[142.975422,-18.779344],[142.975328,-18.777525],[142.972001,-18.776769],[142.971767,-18.778719],[142.96826,-18.78096],[142.967168,-18.777972],[142.963723,-18.788826],[142.960053,-18.784398],[142.95847,-18.78581],[142.956732,-18.784044],[142.955637,-18.786224],[142.953737,-18.783154],[142.949798,-18.784803],[142.951383,-18.790031],[142.957253,-18.791762],[142.957317,-18.788343],[142.958444,-18.788177],[142.959733,-18.790964],[142.961513,-18.791257],[142.961567,-18.79412],[142.959242,-18.793228],[142.954217,-18.795597],[142.955494,-18.798059],[142.959101,-18.798902],[142.957372,-18.80009],[142.950622,-18.796692],[142.951555,-18.794121],[142.948779,-18.789638],[142.943973,-18.790131],[142.94372,-18.786249],[142.947104,-18.784614],[142.943716,-18.782152],[142.944221,-18.780629],[142.941304,-18.779851],[142.942486,-18.777869],[142.940603,-18.775084],[142.941453,-18.772627],[142.938419,-18.772821],[142.93552,-18.768835],[142.933051,-18.768495],[142.935701,-18.77307],[142.938146,-18.774206],[142.936618,-18.775225],[142.939066,-18.777449],[142.937963,-18.779628],[142.938829,-18.78489],[142.936968,-18.784566],[142.939205,-18.787569],[142.938541,-18.78904],[142.94161,-18.788385],[142.940868,-18.79145],[142.944801,-18.794598],[142.946249,-18.799511],[142.957456,-18.803676],[142.954229,-18.805336],[142.949007,-18.802608],[142.943825,-18.80665],[142.945891,-18.809628],[142.952794,-18.812275],[142.952751,-18.815437],[142.945289,-18.810836],[142.938342,-18.811039],[142.938775,-18.807936],[142.932329,-18.809295],[142.938682,-18.801202],[142.937315,-18.800426],[142.938142,-18.798642],[142.934328,-18.798442],[142.936605,-18.793459],[142.9312,-18.796063],[142.92876,-18.793012],[142.932591,-18.79187],[142.933705,-18.78993],[142.928835,-18.78241],[142.931269,-18.77551],[142.928377,-18.774632],[142.927986,-18.779099],[142.924395,-18.780306],[142.927082,-18.774356],[142.927189,-18.772228],[142.925796,-18.771863],[142.928852,-18.769668],[142.927129,-18.76791],[142.927426,-18.765513],[142.921491,-18.767413],[142.916552,-18.77119],[142.916827,-18.774656],[142.914876,-18.774215],[142.912887,-18.777633],[142.911643,-18.77639],[142.910291,-18.777289],[142.909741,-18.779512],[142.913362,-18.783807],[142.908109,-18.780735],[142.908706,-18.77614],[142.912114,-18.774492],[142.918222,-18.767252],[142.92925,-18.76194],[142.925585,-18.760812],[142.927835,-18.758711],[142.924864,-18.756628],[142.924935,-18.753357],[142.928837,-18.754143],[142.930415,-18.761684],[142.933596,-18.761131],[142.9364,-18.756703],[142.938895,-18.756944],[142.940444,-18.755338],[142.93875,-18.75353],[142.938753,-18.749253],[142.936585,-18.75105],[142.935585,-18.748667],[142.933064,-18.747997],[142.935532,-18.744033],[142.932417,-18.740976],[142.928122,-18.741752],[142.927366,-18.74409],[142.924491,-18.742602],[142.921087,-18.742714],[142.918112,-18.744831],[142.913882,-18.74356],[142.907016,-18.748522],[142.905892,-18.746808],[142.908314,-18.745934],[142.907162,-18.744401],[142.905458,-18.744265],[142.903056,-18.746918],[142.904471,-18.743042],[142.901843,-18.739979],[142.898609,-18.740274],[142.900488,-18.739166],[142.90411,-18.739721],[142.905612,-18.737551],[142.902278,-18.73534],[142.903485,-18.734555],[142.908796,-18.738287],[142.913251,-18.738006],[142.914116,-18.739632],[142.920124,-18.737615],[142.921541,-18.73401],[142.911327,-18.736413],[142.907223,-18.733497],[142.906921,-18.731639],[142.91145,-18.727744],[142.911656,-18.725072],[142.914234,-18.724481],[142.913414,-18.721201],[142.905185,-18.728901],[142.90338,-18.729267],[142.90163,-18.726891],[142.908237,-18.718494],[142.905667,-18.708931],[142.907264,-18.703603],[142.90561,-18.702048],[142.905735,-18.698975],[142.901782,-18.699137],[142.899489,-18.70248],[142.90123,-18.704929],[142.90034,-18.707083],[142.897032,-18.708996],[142.896413,-18.702254],[142.899192,-18.699814],[142.896368,-18.69439],[142.902251,-18.69139],[142.902967,-18.688971],[142.908169,-18.689632],[142.905388,-18.687347],[142.904947,-18.684181],[142.899239,-18.680995],[142.901691,-18.680867],[142.901831,-18.679212],[142.897096,-18.678478],[142.8966,-18.672399],[142.894655,-18.671493],[142.894626,-18.665174],[142.889132,-18.664809],[142.88748,-18.665729],[142.888972,-18.667575],[142.874337,-18.671521],[142.865474,-18.671821],[142.863166,-18.668682],[142.858631,-18.668501],[142.856864,-18.664806],[142.866095,-18.661385],[142.867078,-18.657716],[142.864622,-18.656892],[142.86486,-18.65342],[142.854421,-18.653212],[142.854164,-18.651502],[142.856616,-18.65193],[142.85732,-18.649809],[142.845578,-18.64805],[142.8427,-18.6497],[142.842055,-18.654332],[142.837275,-18.657342],[142.83789,-18.659337],[142.83645,-18.660421],[142.831115,-18.659498],[142.830404,-18.644747],[142.827785,-18.639799],[142.828049,-18.635894],[142.830489,-18.630043],[142.836334,-18.625609],[142.836858,-18.622202],[142.840912,-18.619082],[142.840378,-18.616725],[142.836672,-18.616445],[142.83421,-18.61964],[142.826458,-18.622204],[142.827827,-18.629369],[142.823488,-18.627532],[142.825921,-18.632242],[142.825185,-18.636513],[142.822692,-18.636289],[142.819564,-18.641035],[142.815075,-18.641689],[142.816362,-18.649636],[142.823468,-18.652869],[142.821558,-18.659514],[142.814936,-18.659605],[142.808194,-18.652754],[142.804091,-18.653295],[142.803922,-18.657629],[142.809903,-18.662536],[142.811734,-18.666394],[142.806297,-18.667688],[142.803945,-18.66566],[142.803084,-18.670073],[142.808642,-18.672694],[142.80826,-18.675877],[142.811413,-18.677229],[142.814689,-18.674758],[142.817294,-18.67514],[142.818897,-18.670015],[142.822787,-18.670501],[142.828829,-18.680024],[142.834396,-18.683258],[142.8345,-18.684833],[142.83215,-18.685105],[142.833337,-18.686367],[142.837031,-18.685518],[142.8405,-18.686897],[142.841624,-18.682685],[142.840477,-18.681369],[142.841893,-18.679521],[142.848359,-18.680749],[142.84726,-18.685431],[142.846094,-18.683974],[142.844289,-18.684534],[142.844721,-18.686716],[142.848723,-18.689034],[142.853325,-18.689314],[142.855113,-18.692174],[142.864611,-18.691289],[142.865283,-18.695705],[142.871384,-18.691823],[142.877396,-18.693714],[142.875089,-18.698755],[142.870369,-18.701002],[142.872646,-18.709377],[142.869961,-18.708478],[142.869717,-18.710066],[142.871765,-18.71178],[142.871942,-18.718377],[142.867166,-18.715972],[142.866239,-18.713298],[142.868201,-18.703165],[142.86353,-18.701531],[142.86144,-18.708075],[142.860626,-18.707179],[142.857001,-18.709225],[142.854859,-18.713493],[142.849782,-18.714541],[142.850669,-18.718557],[142.849304,-18.720296],[142.844953,-18.720366],[142.846081,-18.724163],[142.848998,-18.724717],[142.848591,-18.727133],[142.844857,-18.728159],[142.84617,-18.734434],[142.856545,-18.730763],[142.854562,-18.742175],[142.846992,-18.740307],[142.84569,-18.744318],[142.841443,-18.745538],[142.846011,-18.747639],[142.848522,-18.751856],[142.847816,-18.754275],[142.840112,-18.752914],[142.840354,-18.756286],[142.83752,-18.760289],[142.832805,-18.757968],[142.830613,-18.758613],[142.819169,-18.768956],[142.806891,-18.770512],[142.805495,-18.774451],[142.803224,-18.774396],[142.802789,-18.771622],[142.800527,-18.772493],[142.802045,-18.777886],[142.797325,-18.783334],[142.797091,-18.784808],[142.799272,-18.785759],[142.796913,-18.78879],[142.801437,-18.78932],[142.803772,-18.787965],[142.805643,-18.780787],[142.808093,-18.782385],[142.805773,-18.785339],[142.80668,-18.786722],[142.814992,-18.784306],[142.812218,-18.788985],[142.813468,-18.79214],[142.81077,-18.790079],[142.805936,-18.790478],[142.807174,-18.802626],[142.814703,-18.799545],[142.816986,-18.800281],[142.819852,-18.796771],[142.822273,-18.796363],[142.82792,-18.798124],[142.827936,-18.799687],[142.822386,-18.800685],[142.82155,-18.803177],[142.817487,-18.803768],[142.809755,-18.809467],[142.806205,-18.808449],[142.80283,-18.810388],[142.799117,-18.807817],[142.793837,-18.807755],[142.789154,-18.808184],[142.78675,-18.810154],[142.786466,-18.814674],[142.788858,-18.81995],[142.790219,-18.820777],[142.790908,-18.81946],[142.794642,-18.822428],[142.792142,-18.825014],[142.792597,-18.829436],[142.797215,-18.835932],[142.797197,-18.838449],[142.794087,-18.841957],[142.788264,-18.84419],[142.788531,-18.845317],[142.783692,-18.844478],[142.779359,-18.851458],[142.766176,-18.861611],[142.760525,-18.864475],[142.749146,-18.866032],[142.740661,-18.862837],[142.730228,-18.862952],[142.727173,-18.858703],[142.726741,-18.853548],[142.722824,-18.850675],[142.726887,-18.841463],[142.724274,-18.840168],[142.713258,-18.847389],[142.714843,-18.848341],[142.721825,-18.844428],[142.722366,-18.846587],[142.718769,-18.852872],[142.721773,-18.852794],[142.722873,-18.856289],[142.71643,-18.856457],[142.712728,-18.858353],[142.705872,-18.856311],[142.704971,-18.860981],[142.706808,-18.86198],[142.699813,-18.86653],[142.696161,-18.872549],[142.692732,-18.871116],[142.690427,-18.86671],[142.688021,-18.852701],[142.689593,-18.845644],[142.687887,-18.841052],[142.687132,-18.828469],[142.688335,-18.825707],[142.684904,-18.820706],[142.68877,-18.815078],[142.695755,-18.813556],[142.696209,-18.812427],[142.693983,-18.812221],[142.695569,-18.811195],[142.69459,-18.809442],[142.684504,-18.814579],[142.678672,-18.80932],[142.677966,-18.800494],[142.673352,-18.798042],[142.647154,-18.801067],[142.65488,-18.796111],[142.668465,-18.794761],[142.671222,-18.792076],[142.671746,-18.783127],[142.676204,-18.779952],[142.67699,-18.777415],[142.674986,-18.77643],[142.668933,-18.781178],[142.661957,-18.779839],[142.658454,-18.784063],[142.649433,-18.776761],[142.652146,-18.768646],[142.642966,-18.77231],[142.638064,-18.770835],[142.637203,-18.765692],[142.641548,-18.763084],[142.646065,-18.763107],[142.651517,-18.757015],[142.669967,-18.755243],[142.67241,-18.752538],[142.684736,-18.748239],[142.697975,-18.739501],[142.697908,-18.73816],[142.696061,-18.737869],[142.693497,-18.74161],[142.667359,-18.753879],[142.661771,-18.754259],[142.64799,-18.750993],[142.659402,-18.740262],[142.658282,-18.739057],[142.652445,-18.741995],[142.650411,-18.739357],[142.651067,-18.724841],[142.648057,-18.728902],[142.649863,-18.741562],[142.637292,-18.737561],[142.625436,-18.74],[142.618515,-18.735976],[142.619678,-18.730505],[142.618759,-18.725783],[142.621425,-18.725023],[142.623638,-18.720572],[142.623811,-18.713478],[142.626449,-18.709584],[142.637947,-18.704614],[142.642095,-18.70053],[142.64648,-18.68772],[142.656123,-18.685797],[142.664023,-18.688293],[142.657372,-18.683658],[142.644081,-18.686147],[142.640156,-18.699932],[142.635817,-18.704145],[142.627217,-18.707531],[142.62607,-18.704491],[142.627688,-18.698903],[142.618462,-18.695229],[142.618421,-18.690906],[142.622704,-18.687535],[142.631808,-18.686661],[142.633749,-18.684986],[142.632944,-18.683326],[142.624898,-18.684805],[142.623171,-18.681586],[142.625657,-18.672877],[142.628068,-18.670123],[142.631517,-18.668679],[142.635902,-18.669639],[142.633596,-18.663917],[142.630076,-18.662855],[142.626951,-18.657289],[142.631698,-18.651199],[142.632216,-18.644761],[142.634836,-18.642837],[142.634385,-18.641594],[142.631807,-18.640776],[142.628175,-18.652404],[142.623184,-18.656965],[142.616173,-18.657662],[142.613492,-18.655512],[142.614603,-18.648008],[142.612764,-18.647346],[142.612408,-18.644801],[142.612894,-18.64271],[142.61817,-18.64065],[142.619706,-18.637294],[142.617315,-18.635421],[142.611237,-18.639526],[142.604813,-18.639816],[142.60658,-18.632988],[142.60552,-18.630431],[142.598755,-18.644801],[142.594491,-18.648306],[142.592273,-18.645651],[142.593928,-18.64195],[142.591085,-18.639548],[142.591875,-18.635611],[142.590322,-18.630258],[142.58565,-18.63046],[142.581714,-18.633678],[142.577629,-18.633509],[142.572308,-18.638003],[142.571733,-18.640231],[142.574699,-18.640658],[142.575253,-18.642907],[142.571973,-18.64673],[142.568221,-18.646725],[142.569068,-18.640447],[142.566859,-18.640764],[142.565807,-18.643339],[142.559576,-18.647745],[142.560749,-18.645025],[142.559257,-18.641351],[142.555188,-18.639325],[142.553678,-18.640394],[142.554177,-18.648192],[142.552233,-18.652618],[142.547116,-18.652434],[142.544338,-18.649159],[142.544208,-18.645763],[142.546547,-18.641691],[142.542799,-18.6394],[142.542163,-18.633798],[142.545148,-18.633114],[142.545627,-18.638455],[142.548255,-18.638352],[142.548464,-18.640315],[142.551374,-18.640359],[142.551742,-18.639154],[142.549771,-18.631233],[142.54404,-18.63147],[142.542882,-18.625914],[142.54736,-18.622091],[142.545672,-18.614488],[142.551003,-18.614363],[142.551063,-18.612366],[142.549919,-18.609723],[142.543848,-18.611223],[142.54235,-18.608159],[142.5382,-18.606725],[142.537825,-18.605214],[142.545801,-18.60102],[142.55359,-18.599736],[142.556392,-18.596171],[142.551304,-18.597704],[142.549915,-18.591426],[142.543174,-18.58672],[142.537279,-18.585029],[142.53671,-18.58062],[142.535059,-18.579291],[142.537644,-18.578538],[142.537482,-18.57671],[142.533212,-18.578818],[142.530395,-18.57703],[142.531835,-18.574651],[142.539505,-18.574877],[142.540476,-18.572773],[142.535284,-18.570778],[142.531695,-18.571476],[142.531917,-18.568452],[142.542134,-18.567862],[142.539746,-18.563929],[142.535777,-18.567047],[142.533866,-18.562766],[142.535964,-18.561981],[142.535891,-18.559474],[142.540621,-18.556445],[142.5396,-18.555748],[142.542004,-18.551423],[142.547426,-18.549441],[142.555401,-18.554476],[142.560867,-18.55439],[142.561063,-18.557551],[142.568422,-18.557513],[142.575344,-18.562284],[142.575548,-18.557675],[142.578815,-18.55542],[142.581064,-18.556996],[142.58497,-18.556398],[142.584493,-18.562149],[142.58716,-18.560889],[142.589693,-18.563582],[142.593197,-18.562807],[142.591613,-18.556537],[142.588714,-18.554167],[142.590894,-18.549075],[142.586664,-18.548469],[142.585166,-18.545482],[142.580001,-18.551344],[142.574882,-18.550628],[142.56894,-18.547095],[142.562724,-18.548064],[142.559953,-18.546031],[142.560808,-18.540828],[142.568212,-18.536177],[142.568417,-18.53299],[142.564692,-18.531905],[142.564373,-18.529848],[142.558748,-18.529163],[142.550131,-18.520094],[142.547864,-18.520126],[142.54816,-18.516645],[142.549923,-18.515185],[142.548633,-18.510484],[142.559458,-18.503293],[142.570196,-18.503425],[142.576451,-18.499836],[142.579165,-18.502388],[142.580802,-18.497943],[142.583541,-18.497369],[142.585844,-18.494056],[142.585943,-18.491557],[142.591034,-18.489269],[142.588349,-18.48743],[142.58034,-18.492666],[142.580107,-18.489451],[142.574215,-18.496164],[142.5699,-18.497591],[142.565842,-18.496807],[142.564179,-18.493166],[142.56459,-18.497915],[142.560252,-18.49955],[142.553186,-18.492335],[142.553529,-18.490068],[142.556349,-18.482618],[142.561513,-18.480104],[142.565619,-18.480739],[142.564615,-18.475037],[142.566794,-18.472484],[142.560129,-18.471555],[142.557881,-18.474627],[142.555264,-18.475331],[142.554399,-18.471832],[142.558447,-18.466183],[142.55352,-18.46921],[142.55697,-18.46564],[142.556685,-18.463085],[142.560939,-18.46329],[142.560419,-18.458794],[142.562745,-18.454411],[142.551454,-18.452141],[142.544792,-18.443909],[142.536443,-18.440973],[142.534651,-18.444389],[142.530377,-18.441361],[142.523605,-18.440855],[142.515167,-18.44619],[142.513843,-18.448907],[142.517657,-18.447689],[142.516495,-18.449383],[142.517885,-18.451315],[142.522151,-18.445547],[142.526896,-18.444271],[142.528093,-18.449313],[142.525941,-18.452678],[142.530653,-18.4569],[142.534682,-18.457477],[142.53791,-18.464295],[142.539578,-18.463143],[142.53983,-18.456717],[142.544158,-18.455394],[142.544622,-18.452422],[142.547273,-18.452342],[142.548686,-18.454716],[142.548378,-18.458048],[142.544115,-18.459872],[142.542117,-18.464108],[142.543351,-18.467865],[142.548296,-18.470748],[142.550378,-18.473894],[142.548984,-18.475039],[142.548784,-18.472913],[142.546173,-18.470906],[142.538357,-18.470996],[142.541473,-18.480056],[142.543675,-18.478236],[142.5466,-18.48118],[142.546121,-18.484717],[142.544875,-18.484939],[142.545625,-18.488778],[142.543167,-18.488292],[142.54345,-18.485597],[142.539548,-18.487436],[142.54048,-18.493708],[142.536868,-18.502226],[142.53585,-18.49623],[142.53701,-18.491703],[142.529628,-18.493367],[142.533749,-18.481623],[142.533733,-18.472574],[142.530718,-18.46631],[142.528016,-18.470917],[142.524703,-18.469128],[142.52042,-18.472713],[142.521681,-18.476566],[142.526718,-18.478567],[142.525759,-18.483414],[142.523309,-18.485182],[142.521301,-18.482767],[142.51338,-18.489644],[142.51116,-18.488505],[142.5053,-18.492347],[142.504878,-18.490348],[142.506413,-18.489035],[142.505498,-18.483314],[142.506943,-18.480171],[142.506077,-18.471088],[142.500976,-18.469805],[142.498879,-18.467066],[142.498076,-18.46288],[142.499489,-18.459114],[142.497059,-18.456007],[142.493635,-18.44473],[142.492303,-18.443778],[142.490672,-18.448612],[142.488154,-18.446784],[142.489322,-18.445496],[142.487152,-18.444384],[142.487023,-18.441525],[142.484871,-18.442305],[142.486089,-18.436215],[142.489164,-18.437221],[142.495545,-18.434112],[142.494077,-18.429402],[142.497969,-18.416238],[142.494275,-18.411948],[142.495373,-18.41011],[142.498017,-18.409854],[142.500296,-18.404139],[142.496778,-18.403448],[142.497528,-18.399521],[142.494715,-18.396417],[142.491691,-18.397104],[142.493835,-18.391273],[142.488815,-18.386555],[142.490242,-18.382523],[142.493782,-18.381131],[142.491078,-18.378496],[142.496499,-18.373181],[142.493211,-18.373491],[142.488992,-18.376781],[142.488707,-18.382137],[142.485548,-18.383323],[142.482753,-18.382216],[142.480092,-18.378482],[142.482839,-18.37387],[142.477587,-18.374611],[142.480201,-18.366775],[142.474815,-18.368669],[142.477349,-18.367123],[142.476491,-18.363339],[142.478096,-18.361271],[142.479333,-18.351118],[142.482531,-18.349345],[142.479086,-18.345369],[142.479164,-18.341541],[142.487278,-18.335808],[142.489936,-18.332038],[142.48725,-18.330215],[142.485006,-18.331837],[142.481775,-18.331555],[142.479029,-18.328463],[142.476727,-18.328689],[142.473569,-18.318814],[142.46938,-18.320518],[142.469537,-18.312439],[142.472994,-18.308052],[142.473389,-18.298417],[142.468917,-18.297155],[142.46983,-18.293705],[142.46523,-18.283995],[142.473133,-18.275892],[142.474436,-18.270985],[142.478161,-18.268882],[142.482202,-18.269226],[142.481529,-18.267045],[142.482789,-18.265806],[142.485583,-18.267045],[142.488023,-18.265503],[142.492082,-18.271399],[142.496525,-18.273506],[142.494525,-18.276761],[142.49928,-18.290874],[142.498622,-18.300385],[142.501212,-18.30214],[142.503393,-18.299299],[142.506508,-18.29983],[142.509083,-18.308502],[142.513743,-18.309487],[142.516892,-18.316835],[142.527507,-18.321001],[142.531368,-18.326053],[142.532677,-18.32625],[142.535407,-18.321476],[142.531727,-18.321166],[142.527147,-18.316712],[142.520257,-18.314929],[142.519543,-18.311198],[142.522521,-18.310113],[142.522562,-18.308558],[142.517324,-18.307773],[142.514256,-18.304422],[142.513958,-18.282386],[142.515741,-18.276892],[142.517691,-18.277075],[142.512585,-18.270655],[142.51242,-18.263008],[142.518139,-18.259619],[142.520403,-18.259908],[142.520612,-18.258732],[142.517499,-18.258291],[142.524849,-18.254763],[142.526572,-18.250774],[142.523971,-18.245847],[142.526091,-18.242736],[142.523384,-18.240937],[142.518583,-18.230538],[142.51155,-18.21948],[142.509765,-18.218776],[142.510012,-18.215638],[142.504957,-18.210301],[142.505119,-18.208303],[142.499562,-18.20813],[142.498323,-18.205578],[142.491464,-18.204832],[142.48778,-18.213372],[142.48874,-18.216889],[142.480231,-18.212279],[142.485265,-18.20769],[142.486462,-18.20455],[142.485768,-18.198578],[142.480245,-18.201873],[142.475732,-18.197883],[142.472877,-18.198731],[142.470272,-18.197306],[142.470342,-18.203454],[142.462813,-18.196536],[142.461414,-18.19717],[142.462337,-18.200954],[142.457485,-18.198849],[142.459039,-18.203165],[142.456109,-18.203703],[142.456745,-18.207321],[142.454255,-18.206617],[142.452823,-18.209777],[142.45602,-18.210991],[142.456202,-18.213416],[142.461792,-18.216626],[142.465782,-18.222221],[142.462689,-18.220491],[142.45876,-18.215669],[142.455618,-18.214554],[142.450876,-18.209403],[142.449638,-18.210032],[142.448254,-18.212365],[142.451438,-18.218639],[142.446227,-18.218922],[142.44543,-18.217035],[142.443953,-18.221329],[142.444879,-18.222407],[142.443326,-18.223968],[142.444487,-18.225125],[142.432029,-18.229574],[142.43204,-18.23097],[142.434828,-18.231749],[142.426438,-18.236302],[142.426981,-18.239831],[142.424835,-18.241654],[142.428042,-18.244161],[142.42433,-18.247437],[142.42092,-18.255866],[142.418284,-18.256188],[142.414892,-18.26285],[142.413271,-18.263075],[142.408155,-18.260288],[142.408582,-18.255374],[142.406202,-18.251818],[142.407364,-18.250074],[142.410784,-18.250153],[142.409689,-18.246895],[142.4116,-18.245349],[142.408835,-18.241633],[142.412149,-18.239155],[142.402171,-18.24217],[142.400869,-18.239649],[142.399245,-18.239661],[142.401539,-18.237927],[142.402119,-18.230328],[142.39989,-18.229527],[142.39858,-18.226021],[142.391808,-18.223621],[142.392358,-18.217491],[142.389277,-18.216944],[142.389295,-18.212344],[142.385055,-18.209126],[142.385809,-18.218334],[142.383541,-18.218449],[142.383812,-18.22217],[142.381667,-18.222543],[142.382716,-18.228856],[142.381717,-18.232577],[142.37725,-18.231724],[142.371863,-18.224362],[142.370691,-18.225111],[142.363947,-18.22238],[142.363501,-18.215326],[142.369191,-18.217915],[142.36949,-18.213345],[142.358456,-18.207961],[142.354762,-18.202547],[142.357983,-18.199195],[142.355727,-18.19612],[142.353727,-18.196143],[142.352787,-18.200375],[142.350708,-18.200471],[142.337231,-18.19175],[142.333561,-18.18634],[142.337925,-18.183739],[142.337635,-18.181726],[142.329304,-18.179705],[142.328897,-18.181691],[142.330436,-18.182602],[142.329689,-18.18699],[142.32819,-18.187349],[142.326193,-18.18382],[142.322648,-18.181852],[142.322352,-18.179238],[142.325537,-18.1774],[142.326019,-18.17539],[142.322272,-18.174951],[142.31986,-18.163193],[142.316761,-18.157937],[142.314905,-18.157972],[142.318943,-18.169091],[142.319457,-18.177225],[142.315609,-18.182619],[142.314833,-18.187169],[142.317943,-18.191382],[142.314608,-18.207612],[142.316566,-18.209455],[142.317053,-18.216681],[142.314518,-18.224443],[142.315684,-18.228614],[142.313705,-18.231312],[142.31441,-18.238843],[142.312003,-18.242009],[142.309699,-18.257364],[142.311713,-18.260454],[142.309551,-18.260903],[142.306761,-18.258098],[142.303537,-18.245532],[142.299878,-18.245665],[142.294203,-18.241683],[142.298305,-18.234439],[142.297333,-18.230804],[142.301017,-18.228665],[142.29598,-18.226891],[142.296266,-18.21455],[142.292353,-18.21529],[142.289968,-18.211791],[142.289437,-18.214908],[142.28647,-18.215443],[142.285657,-18.207758],[142.283425,-18.205347],[142.274816,-18.202562],[142.27277,-18.203353],[142.269643,-18.200428],[142.267061,-18.201868],[142.269078,-18.20828],[142.267214,-18.211956],[142.262515,-18.211938],[142.259477,-18.210046],[142.253526,-18.201636],[142.246434,-18.198931],[142.247833,-18.195966],[142.242535,-18.189869],[142.242776,-18.185788],[142.244758,-18.183507],[142.249181,-18.182755],[142.251404,-18.178886],[142.249965,-18.176754],[142.248035,-18.178167],[142.241384,-18.177013],[142.240917,-18.171987],[142.237928,-18.169295],[142.238875,-18.165991],[142.242233,-18.168938],[142.245379,-18.16322],[142.243201,-18.15863],[142.238978,-18.160717],[142.236512,-18.158813],[142.237242,-18.15696],[142.242294,-18.156503],[142.240856,-18.152888],[142.235593,-18.154983],[142.23199,-18.150103],[142.227003,-18.149141],[142.22631,-18.156321],[142.222663,-18.155707],[142.223428,-18.158829],[142.221958,-18.161183],[142.219365,-18.162546],[142.217674,-18.16102],[142.215817,-18.165415],[142.210099,-18.166301],[142.207301,-18.164827],[142.211333,-18.1621],[142.209723,-18.160334],[142.213439,-18.154839],[142.208264,-18.158925],[142.203951,-18.158667],[142.203102,-18.154195],[142.206425,-18.150975],[142.206555,-18.148272],[142.200338,-18.146747],[142.205745,-18.140925],[142.210395,-18.1402],[142.210586,-18.138785],[142.206583,-18.135335],[142.205028,-18.137442],[142.202037,-18.137876],[142.199645,-18.135207],[142.200505,-18.132757],[142.194598,-18.134014],[142.194136,-18.130316],[142.197195,-18.129357],[142.200528,-18.125564],[142.200007,-18.123999],[142.197989,-18.122507],[142.191314,-18.128833],[142.19034,-18.125175],[142.196483,-18.121156],[142.196249,-18.119066],[142.192462,-18.120413],[142.188294,-18.119634],[142.18611,-18.115007],[142.186593,-18.110956],[142.192454,-18.108475],[142.191988,-18.104357],[142.193978,-18.101693],[142.198135,-18.101075],[142.205892,-18.103747],[142.211438,-18.108669],[142.212746,-18.107897],[142.212255,-18.105419],[142.214254,-18.104187],[142.201594,-18.099725],[142.203246,-18.095842],[142.208828,-18.095319],[142.206437,-18.091376],[142.200865,-18.093191],[142.197675,-18.096491],[142.194827,-18.096333],[142.192192,-18.08991],[142.197744,-18.090504],[142.196996,-18.087924],[142.19396,-18.086931],[142.194158,-18.083857],[142.19173,-18.081071],[142.198459,-18.07759],[142.190366,-18.079064],[142.190026,-18.077286],[142.186217,-18.075357],[142.187543,-18.071716],[142.197703,-18.068373],[142.195279,-18.066083],[142.195187,-18.063292],[142.191427,-18.063107],[142.191685,-18.058058],[142.188105,-18.057592],[142.187159,-18.052573],[142.190235,-18.047896],[142.197914,-18.045381],[142.201241,-18.05508],[142.201859,-18.051267],[142.205258,-18.049217],[142.208169,-18.053478],[142.208539,-18.057881],[142.211151,-18.057214],[142.214329,-18.06042],[142.207677,-18.073611],[142.212856,-18.069561],[142.213782,-18.066284],[142.21634,-18.070452],[142.219839,-18.071985],[142.219321,-18.066136],[142.220808,-18.064003],[142.224511,-18.064373],[142.225238,-18.070261],[142.226509,-18.068395],[142.230119,-18.069497],[142.230148,-18.073668],[142.226841,-18.07804],[142.226521,-18.081051],[142.222468,-18.081696],[142.22143,-18.083587],[142.225002,-18.086605],[142.22523,-18.092202],[142.229012,-18.092793],[142.231452,-18.096794],[142.233087,-18.107619],[142.234952,-18.10668],[142.235066,-18.103634],[142.239297,-18.105464],[142.23726,-18.110375],[142.240121,-18.109792],[142.241891,-18.113029],[142.237692,-18.115636],[142.241891,-18.118659],[142.244167,-18.127352],[142.248014,-18.124706],[142.248646,-18.117269],[142.251783,-18.120095],[142.254427,-18.118189],[142.261549,-18.117375],[142.261499,-18.116065],[142.25059,-18.116561],[142.248686,-18.115032],[142.246767,-18.111272],[142.249838,-18.107014],[142.247126,-18.10503],[142.245864,-18.100348],[142.242251,-18.10277],[142.239655,-18.097781],[142.243092,-18.09197],[142.245111,-18.092689],[142.24681,-18.090984],[142.243261,-18.090221],[142.243014,-18.08668],[142.237437,-18.085075],[142.238818,-18.083133],[142.244584,-18.084659],[142.247562,-18.089556],[142.248797,-18.087054],[142.253015,-18.08877],[142.255264,-18.088833],[142.254928,-18.08752],[142.247629,-18.085136],[142.249474,-18.081216],[142.240573,-18.078092],[142.237277,-18.078407],[142.235666,-18.075824],[142.241383,-18.06915],[142.248614,-18.067544],[142.253548,-18.068326],[142.258814,-18.073009],[142.258756,-18.070217],[142.25514,-18.065272],[142.255109,-18.063838],[142.258584,-18.061895],[142.256404,-18.059261],[142.255687,-18.054458],[142.259863,-18.055159],[142.261672,-18.048319],[142.264303,-18.053123],[142.26801,-18.051902],[142.26904,-18.044697],[142.273593,-18.042693],[142.280238,-18.044208],[142.278812,-18.041005],[142.280833,-18.037367],[142.274263,-18.035671],[142.275413,-18.037512],[142.273785,-18.037848],[142.271878,-18.036229],[142.275947,-18.032719],[142.277478,-18.034706],[142.281003,-18.034719],[142.277661,-18.033796],[142.276062,-18.027662],[142.283393,-18.024383],[142.282957,-18.02172],[142.284646,-18.019499],[142.287867,-18.019333],[142.290574,-18.021488],[142.288794,-18.026958],[142.294237,-18.035064],[142.293652,-18.038077],[142.291156,-18.038894],[142.288674,-18.04234],[142.292837,-18.048403],[142.292977,-18.052821],[142.29729,-18.052421],[142.297516,-18.054444],[142.290586,-18.06617],[142.285565,-18.068043],[142.288036,-18.071072],[142.283564,-18.077888],[142.279084,-18.080864],[142.277955,-18.084762],[142.285052,-18.07847],[142.289407,-18.07221],[142.292248,-18.072024],[142.292043,-18.07494],[142.293987,-18.074538],[142.294914,-18.083388],[142.29691,-18.084147],[142.296983,-18.086867],[142.295056,-18.086988],[142.295328,-18.088035],[142.297518,-18.088088],[142.29945,-18.081731],[142.302301,-18.085715],[142.301628,-18.090048],[142.308251,-18.094034],[142.307588,-18.091698],[142.304208,-18.090184],[142.304937,-18.082042],[142.299274,-18.078144],[142.296263,-18.073561],[142.296921,-18.069553],[142.300131,-18.06818],[142.299368,-18.064196],[142.302199,-18.064443],[142.300487,-18.062611],[142.302074,-18.057698],[142.304295,-18.059156],[142.306266,-18.065717],[142.311029,-18.06179],[142.313961,-18.062552],[142.315498,-18.07212],[142.317134,-18.073582],[142.316373,-18.077333],[142.319299,-18.074819],[142.321819,-18.079126],[142.323911,-18.07978],[142.321655,-18.074446],[142.317944,-18.071249],[142.317835,-18.063827],[142.323338,-18.06186],[142.320799,-18.058294],[142.315834,-18.056512],[142.316102,-18.052836],[142.322557,-18.052932],[142.321847,-18.050204],[142.319045,-18.050977],[142.316003,-18.049371],[142.317311,-18.046394],[142.315856,-18.042871],[142.318058,-18.040971],[142.315931,-18.039712],[142.315777,-18.035588],[142.317486,-18.033552],[142.320363,-18.036221],[142.330642,-18.040533],[142.334498,-18.035839],[142.329717,-18.032221],[142.32999,-18.029251],[142.327081,-18.028796],[142.32897,-18.024545],[142.325388,-18.026454],[142.318702,-18.021552],[142.319914,-18.01895],[142.31895,-18.011],[142.315878,-18.009385],[142.315113,-18.005857],[142.318473,-17.999171],[142.307721,-18.004551],[142.293059,-18.003281],[142.294867,-17.995877],[142.290958,-17.99565],[142.289957,-17.992426],[142.287112,-17.99202],[142.286835,-17.99049],[142.288598,-17.988779],[142.288857,-17.984634],[142.294351,-17.982939],[142.299079,-17.985714],[142.298657,-17.988694],[142.300317,-17.991019],[142.30862,-17.990791],[142.313625,-17.980072],[142.316776,-17.979793],[142.324076,-17.985034],[142.326432,-17.991226],[142.330273,-17.994214],[142.331764,-17.997646],[142.333145,-17.998188],[142.335283,-17.996072],[142.338729,-17.999586],[142.337831,-18.001193],[142.332192,-18.000558],[142.328281,-18.00485],[142.330454,-18.00573],[142.330417,-18.007284],[142.333325,-18.007549],[142.335445,-18.01109],[142.340931,-18.007139],[142.345608,-18.006872],[142.343274,-18.010846],[142.345067,-18.013477],[142.343879,-18.018415],[142.334782,-18.020407],[142.338138,-18.021188],[142.338595,-18.023019],[142.342435,-18.022758],[142.342696,-18.024735],[142.340098,-18.02647],[142.343495,-18.029514],[142.341062,-18.033349],[142.343574,-18.033332],[142.346282,-18.036399],[142.345364,-18.038809],[142.341038,-18.039923],[142.345475,-18.040412],[142.345361,-18.044796],[142.340033,-18.047114],[142.344529,-18.048827],[142.338761,-18.05409],[142.341271,-18.056956],[142.343035,-18.053125],[142.345057,-18.053491],[142.347172,-18.059508],[142.346587,-18.064713],[142.348284,-18.059496],[142.350265,-18.057715],[142.351851,-18.058956],[142.348968,-18.053726],[142.348741,-18.048775],[142.352694,-18.037438],[142.355092,-18.041755],[142.357397,-18.053237],[142.356837,-18.044621],[142.358407,-18.043665],[142.3562,-18.041774],[142.355733,-18.032208],[142.358138,-18.031201],[142.365519,-18.036431],[142.360813,-18.029795],[142.360735,-18.026168],[142.357161,-18.02256],[142.359485,-18.017266],[142.351987,-18.015765],[142.350287,-18.009297],[142.347479,-18.005996],[142.34689,-17.99512],[142.349318,-17.993232],[142.358656,-17.991916],[142.365737,-17.9945],[142.368352,-18.001535],[142.367036,-18.003243],[142.369064,-18.004313],[142.369437,-18.011214],[142.36744,-18.013806],[142.370134,-18.018606],[142.368481,-18.021306],[142.369182,-18.0229],[142.376643,-18.025816],[142.378351,-18.029861],[142.380817,-18.028669],[142.383877,-18.029541],[142.384704,-18.034533],[142.382973,-18.039917],[142.377721,-18.045133],[142.376916,-18.049643],[142.375381,-18.048664],[142.375864,-18.04515],[142.374057,-18.043116],[142.374604,-18.050179],[142.369342,-18.051662],[142.367901,-18.05695],[142.371589,-18.055008],[142.372755,-18.057426],[142.37708,-18.057467],[142.377409,-18.06051],[142.375054,-18.064246],[142.379443,-18.06613],[142.377541,-18.072953],[142.379951,-18.074815],[142.378981,-18.079073],[142.382784,-18.080271],[142.382854,-18.082814],[142.385972,-18.084676],[142.388208,-18.090149],[142.383889,-18.098665],[142.387903,-18.10146],[142.391082,-18.098424],[142.404055,-18.118147],[142.404189,-18.132378],[142.405602,-18.13727],[142.401729,-18.146904],[142.402615,-18.152838],[142.404122,-18.152904],[142.405528,-18.14866],[142.407801,-18.149963],[142.408186,-18.144516],[142.421475,-18.149587],[142.420873,-18.147671],[142.423516,-18.146622],[142.425523,-18.147845],[142.428782,-18.143537],[142.432095,-18.145939],[142.436414,-18.145907],[142.440711,-18.143137],[142.439774,-18.140871],[142.435968,-18.144207],[142.430819,-18.141715],[142.423866,-18.143262],[142.428335,-18.141679],[142.432804,-18.133545],[142.44359,-18.138651],[142.443911,-18.135088],[142.44114,-18.136139],[142.438262,-18.134146],[142.438249,-18.132524],[142.434338,-18.132915],[142.436969,-18.131165],[142.436054,-18.12823],[142.421354,-18.145056],[142.416738,-18.145402],[142.41082,-18.143363],[142.407297,-18.137149],[142.406256,-18.129552],[142.407459,-18.125211],[142.405685,-18.119147],[142.408425,-18.116628],[142.408767,-18.128594],[142.410575,-18.132778],[142.426911,-18.135486],[142.411873,-18.128716],[142.410671,-18.126366],[142.415084,-18.129537],[142.421202,-18.130437],[142.415764,-18.128308],[142.416095,-18.126611],[142.413525,-18.125686],[142.412147,-18.12299],[142.412407,-18.118415],[142.407149,-18.114261],[142.418971,-18.113465],[142.425315,-18.124022],[142.429489,-18.122247],[142.425041,-18.120631],[142.423616,-18.11508],[142.418907,-18.110967],[142.41798,-18.107825],[142.425796,-18.110261],[142.431836,-18.116388],[142.44235,-18.116725],[142.443927,-18.11604],[142.442919,-18.112027],[142.435155,-18.11274],[142.434732,-18.110818],[142.430035,-18.109601],[142.429957,-18.107777],[142.426807,-18.107561],[142.426403,-18.104997],[142.423315,-18.103362],[142.423405,-18.10019],[142.42042,-18.102191],[142.414863,-18.100831],[142.41478,-18.098843],[142.417978,-18.097505],[142.417517,-18.095909],[142.411999,-18.096365],[142.410586,-18.094112],[142.401926,-18.092549],[142.393205,-18.086485],[142.388513,-18.078838],[142.390264,-18.075952],[142.396397,-18.07574],[142.407852,-18.084942],[142.404565,-18.080583],[142.410211,-18.078044],[142.415977,-18.078191],[142.411233,-18.076482],[142.403961,-18.078984],[142.401048,-18.078205],[142.398019,-18.07347],[142.3984,-18.072075],[142.406504,-18.069789],[142.405019,-18.059724],[142.395821,-18.05942],[142.38997,-18.054289],[142.382349,-18.054425],[142.380298,-18.052108],[142.380205,-18.046181],[142.383614,-18.041575],[142.394241,-18.036619],[142.388412,-18.034637],[142.388043,-18.028188],[142.393463,-18.025456],[142.401845,-18.025761],[142.395986,-18.019785],[142.401888,-18.016584],[142.397427,-18.012984],[142.395739,-18.00513],[142.402027,-18.003056],[142.407603,-18.00429],[142.411771,-18.008217],[142.410127,-18.011997],[142.411306,-18.015156],[142.416019,-18.012709],[142.414011,-18.011007],[142.414324,-18.006997],[142.421115,-18.006337],[142.42346,-18.010088],[142.421411,-18.012552],[142.422919,-18.016314],[142.427871,-18.015626],[142.428138,-18.010008],[142.429995,-18.008106],[142.434585,-18.009346],[142.438363,-18.007574],[142.447526,-18.007791],[142.449955,-18.009751],[142.450353,-18.016205],[142.452155,-18.015663],[142.451722,-18.020134],[142.453687,-18.014377],[142.458812,-18.012342],[142.457593,-18.008763],[142.464373,-18.008007],[142.46689,-18.003208],[142.468958,-18.004656],[142.469141,-18.00901],[142.464256,-18.013371],[142.464302,-18.015449],[142.4683,-18.012089],[142.472032,-18.012201],[142.472337,-18.017033],[142.474451,-18.020392],[142.477129,-18.017362],[142.486711,-18.014406],[142.486137,-18.008894],[142.481825,-18.006266],[142.483885,-18.003521],[142.487803,-18.001747],[142.491685,-18.004469],[142.496938,-18.001469],[142.495096,-17.988742],[142.497782,-17.986047],[142.501143,-17.991158],[142.503612,-17.992192],[142.50661,-17.998101],[142.514731,-17.997995],[142.518223,-18.001566],[142.51956,-17.996084],[142.521507,-17.997596],[142.525748,-17.997526],[142.528056,-18.003445],[142.532847,-18.008729],[142.532501,-18.011275],[142.53636,-18.01466],[142.535989,-18.019615],[142.54099,-18.030712],[142.540322,-18.023222],[142.537038,-18.018635],[142.537648,-18.015188],[142.534472,-18.012123],[142.537317,-18.009986],[142.529216,-18.000381],[142.528427,-17.996199],[142.534914,-17.994797],[142.535438,-17.997522],[142.537472,-17.998238],[142.536724,-17.993292],[142.540751,-17.993174],[142.547234,-18.002619],[142.548774,-18.01036],[142.549912,-18.004753],[142.556205,-18.008732],[142.556732,-18.012758],[142.557939,-18.01048],[142.560755,-18.009753],[142.56581,-18.012373],[142.563114,-18.008166],[142.552312,-18.003283],[142.549001,-17.99881],[142.55077,-17.997273],[142.546241,-17.993822],[142.54623,-17.989204],[142.551582,-17.984223],[142.552869,-17.976731],[142.556796,-17.975236],[142.564919,-17.97607],[142.569408,-17.978369],[142.571241,-17.987878],[142.574589,-17.990666],[142.574131,-17.995481],[142.578074,-18.003373],[142.577396,-18.009957],[142.580034,-17.994588],[142.579139,-17.988221],[142.5753,-17.981376],[142.577884,-17.977641],[142.582121,-17.97556],[142.585574,-17.976168],[142.585571,-17.973638],[142.587771,-17.971253],[142.586383,-17.964682],[142.590684,-17.962311],[142.594356,-17.964747],[142.595274,-17.961108],[142.602687,-17.958399],[142.606988,-17.959348],[142.608786,-17.963133],[142.604156,-17.96801],[142.603129,-17.979657],[142.604514,-17.980065],[142.605332,-17.976178],[142.610249,-17.96889],[142.615644,-17.9688],[142.615337,-17.970664],[142.621688,-17.977166],[142.632547,-17.995856],[142.638766,-17.99916],[142.638404,-18.004996],[142.63475,-18.00289],[142.633491,-18.006013],[142.628041,-18.006348],[142.62912,-18.008368],[142.63314,-18.009025],[142.63159,-18.013493],[142.638361,-18.008547],[142.641781,-18.009819],[142.636964,-18.013158],[142.640328,-18.016554],[142.640352,-18.019125],[142.636236,-18.02032],[142.639553,-18.022791],[142.643628,-18.02127],[142.644474,-18.022532],[142.640401,-18.026027],[142.640804,-18.028753],[142.636703,-18.033879],[142.639297,-18.033496],[142.641988,-18.030026],[142.642207,-18.026495],[142.64724,-18.022441],[142.648498,-18.018021],[142.651847,-18.017712],[142.656766,-18.023963],[142.655538,-18.027064],[142.653068,-18.027325],[142.654146,-18.030564],[142.657525,-18.029008],[142.661769,-18.030178],[142.669974,-18.036007],[142.667232,-18.042965],[142.662435,-18.045374],[142.670993,-18.041831],[142.675797,-18.044717],[142.67387,-18.04874],[142.668882,-18.052655],[142.670461,-18.054742],[142.668542,-18.057334],[142.661453,-18.060386],[142.661799,-18.061065],[142.667861,-18.059508],[142.669547,-18.06225],[142.671262,-18.058065],[142.675451,-18.059831],[142.673067,-18.069881],[142.674321,-18.074569],[142.670627,-18.076616],[142.665433,-18.076525],[142.661754,-18.073376],[142.660489,-18.076468],[142.664291,-18.077963],[142.664134,-18.079757],[142.658394,-18.079314],[142.657549,-18.081165],[142.654554,-18.081353],[142.643362,-18.072829],[142.648289,-18.078357],[142.648011,-18.081721],[142.643516,-18.085473],[142.632988,-18.087342],[142.621469,-18.083559],[142.612506,-18.077955],[142.608144,-18.077232],[142.604348,-18.073568],[142.593294,-18.069151],[142.608156,-18.078556],[142.633099,-18.08867],[142.643695,-18.087807],[142.648001,-18.083858],[142.656275,-18.084582],[142.65781,-18.089891],[142.650999,-18.099902],[142.641302,-18.098381],[142.635674,-18.093324],[142.632223,-18.092657],[142.632164,-18.094614],[142.640105,-18.098689],[142.640432,-18.1009],[142.636647,-18.104321],[142.637313,-18.10694],[142.641751,-18.102118],[142.646614,-18.100567],[142.649833,-18.101195],[142.649708,-18.10369],[142.64716,-18.105812],[142.647152,-18.107529],[142.64916,-18.107214],[142.654266,-18.098108],[142.663336,-18.09751],[142.663789,-18.095094],[142.665925,-18.099417],[142.669438,-18.099355],[142.666634,-18.09314],[142.670006,-18.087857],[142.673764,-18.086952],[142.675901,-18.088768],[142.68204,-18.088403],[142.681598,-18.095983],[142.685524,-18.095135],[142.685351,-18.093185],[142.688838,-18.093105],[142.687447,-18.094748],[142.682242,-18.097613],[142.678152,-18.097702],[142.677469,-18.099402],[142.679602,-18.100897],[142.679297,-18.103611],[142.683973,-18.101532],[142.686597,-18.103045],[142.686988,-18.101614],[142.689921,-18.101801],[142.692163,-18.103701],[142.691898,-18.106853],[142.695588,-18.107019],[142.694155,-18.1106],[142.695276,-18.113807],[142.697328,-18.113581],[142.694888,-18.116968],[142.691958,-18.117437],[142.692351,-18.119114],[142.698521,-18.115531],[142.702093,-18.116421],[142.706169,-18.114339],[142.709714,-18.119078],[142.720361,-18.12117],[142.721966,-18.126242],[142.720322,-18.131281],[142.715269,-18.135102],[142.720581,-18.134459],[142.721397,-18.137288],[142.717743,-18.144472],[142.713855,-18.145397],[142.712417,-18.149413],[142.716775,-18.150977],[142.717954,-18.153253],[142.715315,-18.155675],[142.703029,-18.158802],[142.711765,-18.159276],[142.708576,-18.163402],[142.709977,-18.164934],[142.709368,-18.166823],[142.713371,-18.170461],[142.714892,-18.165613],[142.716553,-18.165056],[142.718142,-18.172726],[142.715208,-18.18004],[142.716549,-18.184279],[142.721894,-18.183476],[142.728427,-18.18789],[142.726865,-18.184367],[142.722189,-18.182209],[142.720996,-18.179423],[142.724291,-18.173123],[142.729899,-18.173475],[142.728045,-18.170894],[142.730942,-18.16804],[142.731955,-18.160134],[142.735595,-18.156175],[142.737721,-18.160199],[142.738404,-18.156218],[142.740659,-18.155908],[142.739328,-18.153765],[142.736394,-18.153083],[142.73633,-18.149713],[142.742293,-18.14544],[142.743353,-18.147481],[142.761946,-18.153663],[142.760658,-18.159421],[142.757083,-18.161406],[142.758104,-18.164834],[142.755399,-18.165243],[142.755946,-18.167551],[142.751629,-18.16577],[142.750726,-18.167056],[142.752224,-18.169324],[142.750883,-18.171067],[142.745099,-18.173279],[142.747118,-18.173911],[142.746573,-18.177439],[142.74891,-18.178426],[142.749898,-18.175367],[142.757062,-18.170504],[142.761816,-18.170822],[142.762342,-18.163752],[142.765767,-18.16223],[142.765466,-18.166244],[142.768297,-18.165224],[142.768287,-18.159532],[142.76939,-18.162648],[142.771166,-18.163237],[142.770473,-18.169229],[142.767239,-18.170122],[142.767268,-18.172502],[142.770746,-18.17622],[142.77526,-18.175415],[142.778459,-18.177784],[142.782185,-18.175631],[142.78032,-18.170868],[142.775359,-18.171456],[142.776486,-18.169503],[142.773603,-18.165523],[142.777031,-18.163657],[142.777208,-18.162066],[142.785027,-18.173305],[142.784297,-18.17974],[142.780992,-18.1809],[142.779964,-18.185472],[142.776761,-18.189007],[142.777619,-18.190418],[142.780488,-18.189023],[142.781131,-18.192748],[142.779685,-18.19526],[142.782799,-18.195773],[142.786598,-18.193691],[142.787679,-18.194282],[142.787206,-18.199183],[142.792744,-18.196326],[142.795777,-18.196058],[142.79691,-18.197426],[142.800918,-18.194691],[142.791015,-18.193763],[142.800886,-18.193607],[142.799819,-18.190008],[142.801016,-18.188623],[142.80638,-18.189896],[142.807166,-18.19082],[142.805375,-18.193303],[142.810042,-18.195206],[142.811802,-18.205756],[142.813926,-18.204055],[142.814786,-18.207679],[142.816787,-18.20916],[142.813422,-18.213668],[142.819905,-18.216643],[142.816623,-18.217604],[142.816838,-18.220028],[142.819605,-18.222261],[142.821743,-18.221278],[142.823045,-18.223213],[142.823379,-18.220359],[142.827593,-18.223748],[142.832728,-18.23431],[142.837628,-18.237082],[142.833494,-18.236403],[142.828121,-18.23116],[142.828407,-18.235706],[142.830948,-18.23888],[142.834743,-18.239738],[142.833716,-18.241921],[142.842165,-18.246484],[142.830684,-18.244322],[142.82918,-18.248542],[142.835153,-18.248078],[142.838133,-18.252856],[142.848508,-18.259676],[142.847605,-18.262703],[142.845214,-18.262093],[142.838868,-18.25522],[142.836966,-18.255514],[142.835185,-18.258793],[142.835984,-18.253852],[142.830137,-18.251162],[142.828517,-18.255261],[142.829065,-18.258458],[142.836687,-18.26681],[142.836004,-18.270643],[142.829951,-18.26009],[142.82961,-18.267818],[142.826932,-18.262996],[142.826529,-18.258401],[142.824508,-18.258186],[142.824963,-18.261416],[142.822716,-18.26141],[142.82395,-18.267623],[142.822063,-18.268545],[142.823557,-18.270382],[142.821706,-18.271787],[142.822943,-18.277557],[142.82663,-18.278877],[142.827615,-18.281149],[142.832416,-18.27893],[142.833431,-18.280904],[142.83617,-18.280814],[142.836588,-18.275999],[142.838377,-18.278132],[142.836792,-18.284418],[142.834737,-18.281835],[142.832726,-18.281828],[142.831598,-18.282787],[142.832641,-18.286662],[142.831515,-18.28707],[142.827897,-18.286378],[142.829095,-18.284333],[142.826993,-18.28279],[142.824262,-18.285947],[142.824219,-18.288599],[142.821927,-18.289064],[142.82343,-18.291227],[142.828319,-18.289499],[142.830139,-18.29259],[142.831958,-18.290982],[142.834483,-18.291532],[142.834192,-18.293784],[142.828317,-18.294356],[142.831815,-18.296079],[142.832138,-18.298344],[142.835439,-18.298787],[142.836736,-18.297152],[142.836212,-18.299272],[142.831421,-18.30004],[142.833014,-18.304723],[142.829534,-18.302796],[142.826952,-18.305011],[142.832413,-18.309883],[142.832664,-18.313725],[142.834712,-18.313529],[142.835242,-18.311514],[142.837221,-18.314612],[142.840027,-18.313704],[142.840158,-18.311868],[142.843071,-18.314085],[142.845347,-18.313445],[142.845266,-18.310997],[142.847701,-18.311637],[142.845417,-18.309184],[142.8484,-18.300297],[142.845037,-18.300207],[142.843156,-18.295997],[142.85036,-18.294329],[142.84829,-18.291051],[142.846438,-18.290708],[142.845748,-18.287439],[142.849145,-18.285112],[142.851741,-18.285385],[142.853164,-18.283108],[142.849001,-18.281779],[142.848587,-18.279412],[142.843455,-18.281291],[142.841389,-18.28057],[142.846279,-18.278544],[142.843516,-18.27554],[142.843968,-18.272915],[142.846593,-18.275279],[142.849252,-18.275195],[142.85146,-18.278806],[142.85505,-18.278653],[142.856313,-18.281216],[142.857568,-18.280919],[142.85723,-18.277169],[142.862533,-18.279231],[142.860404,-18.276316],[142.861707,-18.274369],[142.857688,-18.273211],[142.86222,-18.268862],[142.861925,-18.265252],[142.863699,-18.268121],[142.866459,-18.268677],[142.867911,-18.26368],[142.872204,-18.259861],[142.878971,-18.261417],[142.880118,-18.263881],[142.882983,-18.26369],[142.88212,-18.260903],[142.879422,-18.259922],[142.880095,-18.258226],[142.883312,-18.258068],[142.883318,-18.253473],[142.885431,-18.256868],[142.890478,-18.257979],[142.888508,-18.252216],[142.890287,-18.247749],[142.892943,-18.246734],[142.891306,-18.244789],[142.893444,-18.241064],[142.899266,-18.244824],[142.897327,-18.247178],[142.899001,-18.250843],[142.896614,-18.257923],[142.895436,-18.25957],[142.890734,-18.259512],[142.896251,-18.262918],[142.899263,-18.260683],[142.89399,-18.271401],[142.896346,-18.272922],[142.896803,-18.275728],[142.893718,-18.279029],[142.890907,-18.27907],[142.890685,-18.281922],[142.885925,-18.284332],[142.884738,-18.287266],[142.878753,-18.288034],[142.87635,-18.291758],[142.867995,-18.29483],[142.866927,-18.302068],[142.86871,-18.304842],[142.869189,-18.310498],[142.867128,-18.316896],[142.862089,-18.317926],[142.865358,-18.320943],[142.86806,-18.317375],[142.869502,-18.311159],[142.868237,-18.300574],[142.86952,-18.295014],[142.876721,-18.293963],[142.878866,-18.295826],[142.879406,-18.302284],[142.883282,-18.293772],[142.887171,-18.290626],[142.896715,-18.285002],[142.89923,-18.286938],[142.900242,-18.29051],[142.898628,-18.29156],[142.902354,-18.294491],[142.901363,-18.297347],[142.903609,-18.299447],[142.895808,-18.305736],[142.893246,-18.306168],[142.89517,-18.309988],[142.889952,-18.313044],[142.887789,-18.318179],[142.896889,-18.333425],[142.896552,-18.346672],[142.892004,-18.3495],[142.890313,-18.355525],[142.896874,-18.355197],[142.89891,-18.349093],[142.899505,-18.355379],[142.902463,-18.356867],[142.900841,-18.349453],[142.901651,-18.337718],[142.898811,-18.341184],[142.897581,-18.333386],[142.899419,-18.327807],[142.895014,-18.323804],[142.894787,-18.317143],[142.896515,-18.312094],[142.899099,-18.314119],[142.907158,-18.307258],[142.908914,-18.307796],[142.907437,-18.312039],[142.9091,-18.312528],[142.910034,-18.316756],[142.905731,-18.315959],[142.90361,-18.317525],[142.906178,-18.323986],[142.905654,-18.327103],[142.907935,-18.326764],[142.911583,-18.328946],[142.916707,-18.3417],[142.922221,-18.34319],[142.92027,-18.339067],[142.920926,-18.334345],[142.91782,-18.329805],[142.917727,-18.323324],[142.913852,-18.321777],[142.917971,-18.318831],[142.918525,-18.3215],[142.922688,-18.322343],[142.924146,-18.319379],[142.918172,-18.314881],[142.918093,-18.311602],[142.912164,-18.30275],[142.910667,-18.290324],[142.90369,-18.279846],[142.909129,-18.278649],[142.910697,-18.282347],[142.915204,-18.281114],[142.917655,-18.277945],[142.917633,-18.275009],[142.921076,-18.275363],[142.925515,-18.272419],[142.927436,-18.278199],[142.923993,-18.282141],[142.924241,-18.287473],[142.921936,-18.289751],[142.924909,-18.29366],[142.927745,-18.288084],[142.928022,-18.280109],[142.929538,-18.279312],[142.930855,-18.280893],[142.935769,-18.276782],[142.937289,-18.272905],[142.937988,-18.276123],[142.940299,-18.275115],[142.940687,-18.271859],[142.937893,-18.26517],[142.941208,-18.268154],[142.941782,-18.2758],[142.943681,-18.273811],[142.945366,-18.274327],[142.945301,-18.281578],[142.940469,-18.282761],[142.939175,-18.285163],[142.934809,-18.287222],[142.937928,-18.294436],[142.943025,-18.299028],[142.938528,-18.319378],[142.943436,-18.328705],[142.943924,-18.334816],[142.937334,-18.342038],[142.941661,-18.348675],[142.94297,-18.345974],[142.946032,-18.345947],[142.946574,-18.339894],[142.950216,-18.339088],[142.948043,-18.336513],[142.948575,-18.333608],[142.946242,-18.32755],[142.94692,-18.323353],[142.944847,-18.320863],[142.944825,-18.319146],[142.947143,-18.31765],[142.944428,-18.317032],[142.944127,-18.315179],[142.9475,-18.315763],[142.95128,-18.31231],[142.955135,-18.312704],[142.956262,-18.31042],[142.953423,-18.309604],[142.953192,-18.306865],[142.961012,-18.306012],[142.956372,-18.304167],[142.955119,-18.302148],[142.959557,-18.299152],[142.958501,-18.295897],[142.959869,-18.29475],[142.9627,-18.298727],[142.962762,-18.304635],[142.969817,-18.302037],[142.973276,-18.30491],[142.971144,-18.307561],[142.971416,-18.310698],[142.975289,-18.311688],[142.975924,-18.313194],[142.982272,-18.313463],[142.981595,-18.315674],[142.974732,-18.317127],[142.973428,-18.321554],[142.978041,-18.318457],[142.980422,-18.317904],[142.982103,-18.319368],[142.978641,-18.322665],[142.979151,-18.324869],[142.974214,-18.324346],[142.97596,-18.32534],[142.974117,-18.325978],[142.973394,-18.329567],[142.969839,-18.325724],[142.970703,-18.320028],[142.962396,-18.321835],[142.962416,-18.324689],[142.961198,-18.32491],[142.97135,-18.338713],[142.973661,-18.33812],[142.973445,-18.332973],[142.975123,-18.33095],[142.976794,-18.331357],[142.975382,-18.337845],[142.976655,-18.339381],[142.975935,-18.341082],[142.972839,-18.341421],[142.972861,-18.34377],[142.974442,-18.344982],[142.980573,-18.343536],[142.983515,-18.346943],[142.9826,-18.35048],[142.979524,-18.353503],[142.973749,-18.345527],[142.970677,-18.346114],[142.971739,-18.350019],[142.973687,-18.351232],[142.973321,-18.357068],[142.969679,-18.352954],[142.969557,-18.350327],[142.967926,-18.351617],[142.966174,-18.350836],[142.965448,-18.372954],[142.963442,-18.373449],[142.96678,-18.37477],[142.965396,-18.37777],[142.966201,-18.381072],[142.962694,-18.37838],[142.956855,-18.379895],[142.956184,-18.373718],[142.954371,-18.37268],[142.955075,-18.381603],[142.962602,-18.380875],[142.967207,-18.384468],[142.966348,-18.39188],[142.958453,-18.392151],[142.964753,-18.39294],[142.965312,-18.394913],[142.956362,-18.396487],[142.956849,-18.403614],[142.957613,-18.406705],[142.963116,-18.413143],[142.966002,-18.413565],[142.962171,-18.405894],[142.964966,-18.403115],[142.96135,-18.403459],[142.959477,-18.399467],[142.966179,-18.398657],[142.968378,-18.401801],[142.970265,-18.400774],[142.96865,-18.397728],[142.971705,-18.397471],[142.971744,-18.395478],[142.968607,-18.391215],[142.970762,-18.387584],[142.976284,-18.383705],[142.975962,-18.382137],[142.972465,-18.381238],[142.974082,-18.376031],[142.978151,-18.377891],[142.978175,-18.380311],[142.983883,-18.378865],[142.983494,-18.38111],[142.978913,-18.38319],[142.975294,-18.387704],[142.976978,-18.39312],[142.981136,-18.395056],[142.98768,-18.391179],[142.987213,-18.387169],[142.991386,-18.384912],[142.993257,-18.387065],[142.993911,-18.393481],[142.992277,-18.396046],[142.995709,-18.395883],[142.99894,-18.400267],[142.999107,-18.403472],[142.996812,-18.406514],[142.992683,-18.406322],[142.988656,-18.409418],[142.986948,-18.413614],[142.981934,-18.416665],[142.983575,-18.424002],[142.980782,-18.424713],[142.977281,-18.428675],[142.972828,-18.430203],[142.971406,-18.42916],[142.972232,-18.426369],[142.963749,-18.428264],[142.968567,-18.420043],[142.964733,-18.420733],[142.955856,-18.418291],[142.954287,-18.426799],[142.94725,-18.429956],[142.956138,-18.428681],[142.95277,-18.429963],[142.948563,-18.441109],[142.944508,-18.442736],[142.948501,-18.443011],[142.949821,-18.441534],[142.947984,-18.451603],[142.944904,-18.452141],[142.94896,-18.453265],[142.948964,-18.457619],[142.941611,-18.456335],[142.947973,-18.459314],[142.94845,-18.46155],[142.951424,-18.459766],[142.951876,-18.457124],[142.955594,-18.457329],[142.954703,-18.461101],[142.95847,-18.463949],[142.958686,-18.466092],[142.955931,-18.465962],[142.954234,-18.47],[142.949739,-18.469698],[142.947145,-18.471338],[142.944498,-18.475611],[142.944726,-18.480762],[142.935947,-18.486842],[142.935478,-18.488626],[142.944084,-18.484062],[142.942906,-18.492336],[142.945006,-18.492138],[142.949,-18.47201],[142.951371,-18.471367],[142.958102,-18.473488],[142.959321,-18.471447],[142.961196,-18.472462],[142.96136,-18.47513],[142.959555,-18.476937],[142.957261,-18.476044],[142.956616,-18.478738],[142.961126,-18.480187],[142.957002,-18.484995],[142.959892,-18.488253],[142.960163,-18.494208],[142.957233,-18.496],[142.956506,-18.498763],[142.961508,-18.495337],[142.96299,-18.492417],[142.962237,-18.488116],[142.964586,-18.481822],[142.968776,-18.480202],[142.971731,-18.485098],[142.97334,-18.481939],[142.972156,-18.475153],[142.973369,-18.471568],[142.975002,-18.470047],[142.978131,-18.470285],[142.979458,-18.467096],[142.983715,-18.468966],[142.989453,-18.463784],[142.991555,-18.46364],[142.993053,-18.467405],[142.992585,-18.47264],[142.991046,-18.473442],[142.992215,-18.475797],[142.995878,-18.475605],[142.999122,-18.479631],[143.001093,-18.479963],[143.001894,-18.475121],[142.993212,-18.473131],[142.993572,-18.469446],[142.997062,-18.465502],[142.992872,-18.461833],[142.992058,-18.452153],[142.98791,-18.450764],[142.984763,-18.452749],[142.982313,-18.452259],[142.979459,-18.446711],[142.984996,-18.44214],[142.989077,-18.444311],[142.993401,-18.439103],[142.998237,-18.441261],[142.997283,-18.434848],[143.001914,-18.430404],[143.002034,-18.425371],[143.000561,-18.424167],[143.002626,-18.422013],[143.003651,-18.424008],[143.01148,-18.415691],[143.018226,-18.413912],[143.016379,-18.420928],[143.012213,-18.424861],[143.012303,-18.429486],[143.010587,-18.430922],[143.013608,-18.432638],[143.011162,-18.444575],[143.01447,-18.455557],[143.012685,-18.464013],[143.009868,-18.46631],[143.01182,-18.468589],[143.012623,-18.475121],[143.016972,-18.478177],[143.020487,-18.477101],[143.013681,-18.472733],[143.01286,-18.466726],[143.016334,-18.451688],[143.013182,-18.443411],[143.017527,-18.434137],[143.01963,-18.437556],[143.025944,-18.43902],[143.026511,-18.437582],[143.024944,-18.438254],[143.022263,-18.434402],[143.0228,-18.430878],[143.026193,-18.431538],[143.026735,-18.430104],[143.030671,-18.429683],[143.027678,-18.42808],[143.022683,-18.429064],[143.021269,-18.42734],[143.022047,-18.41949],[143.020217,-18.419428],[143.021549,-18.415688],[143.020546,-18.414334],[143.023644,-18.412847],[143.02001,-18.412732],[143.019147,-18.409914],[143.01965,-18.408639],[143.023555,-18.40876],[143.020177,-18.406741],[143.015954,-18.406578],[143.016394,-18.404685],[143.018496,-18.405169],[143.020085,-18.4033],[143.017767,-18.402959],[143.017121,-18.400395],[143.010705,-18.402126],[143.01015,-18.395157],[143.008429,-18.392741],[143.011988,-18.393214],[143.012074,-18.390697],[143.014889,-18.388612],[143.019396,-18.388894],[143.020863,-18.387108],[143.019178,-18.384912],[143.014004,-18.383951],[143.013781,-18.382323],[143.020204,-18.3809],[143.016208,-18.379397],[143.01717,-18.376916],[143.013032,-18.373726],[143.012573,-18.370695],[143.010438,-18.370632],[143.009268,-18.366078],[143.011837,-18.362839],[143.011012,-18.359058],[143.015019,-18.358501],[143.016571,-18.356475],[143.018969,-18.36102],[143.021111,-18.359548],[143.02166,-18.357731],[143.019696,-18.354477],[143.021124,-18.347456],[143.023803,-18.347134],[143.024985,-18.350224],[143.025391,-18.356191],[143.023642,-18.360126],[143.027393,-18.359924],[143.028215,-18.358122],[143.030339,-18.360949],[143.028265,-18.363099],[143.028161,-18.368967],[143.029724,-18.369447],[143.030314,-18.368118],[143.03062,-18.361091],[143.036428,-18.363364],[143.036278,-18.361965],[143.041241,-18.359622],[143.037866,-18.368696],[143.039081,-18.370879],[143.038272,-18.374483],[143.052301,-18.375335],[143.047488,-18.379903],[143.048706,-18.384642],[143.052054,-18.383603],[143.05226,-18.386744],[143.056782,-18.389022],[143.058616,-18.385099],[143.060824,-18.384583],[143.062007,-18.386508],[143.059789,-18.389003],[143.061477,-18.39127],[143.059944,-18.394078],[143.064677,-18.393173],[143.065058,-18.389935],[143.06771,-18.389287],[143.064696,-18.382034],[143.067817,-18.384038],[143.070104,-18.390015],[143.076449,-18.3929],[143.081885,-18.398559],[143.091394,-18.399814],[143.094859,-18.398249],[143.095022,-18.395822],[143.082762,-18.39392],[143.083539,-18.392059],[143.076616,-18.39055],[143.076761,-18.388497],[143.074224,-18.387021],[143.073942,-18.380312],[143.071415,-18.379351],[143.078447,-18.375959],[143.085112,-18.378659],[143.083846,-18.375014],[143.077466,-18.371272],[143.078281,-18.370107],[143.085497,-18.371175],[143.088727,-18.373543],[143.088221,-18.376168],[143.091027,-18.375694],[143.09203,-18.371284],[143.085905,-18.363632],[143.089451,-18.361994],[143.089289,-18.356585],[143.086597,-18.355156],[143.08579,-18.351741],[143.081934,-18.350031],[143.082397,-18.348377],[143.086044,-18.349846],[143.088117,-18.348897],[143.084475,-18.34437],[143.078812,-18.344875],[143.077263,-18.340018],[143.075267,-18.338748],[143.075644,-18.335013],[143.080971,-18.333889],[143.081005,-18.323875],[143.083667,-18.318927],[143.082202,-18.318248],[143.082909,-18.314622],[143.078847,-18.312476],[143.079055,-18.308815],[143.077402,-18.307153],[143.077562,-18.304811],[143.079441,-18.30503],[143.079364,-18.302705],[143.077606,-18.300267],[143.071994,-18.301882],[143.074972,-18.294496],[143.071717,-18.296437],[143.069397,-18.29158],[143.06497,-18.290702],[143.065382,-18.289369],[143.06848,-18.289273],[143.067829,-18.287026],[143.058449,-18.289959],[143.053617,-18.286072],[143.05006,-18.285329],[143.047391,-18.287016],[143.040069,-18.285874],[143.038115,-18.28543],[143.037522,-18.282536],[143.03371,-18.282821],[143.034299,-18.277959],[143.036052,-18.276387],[143.042942,-18.276823],[143.047317,-18.270769],[143.048333,-18.272737],[143.051045,-18.272748],[143.045824,-18.281079],[143.043196,-18.280303],[143.044628,-18.28279],[143.046593,-18.28286],[143.053698,-18.274739],[143.053475,-18.271792],[143.05835,-18.271703],[143.060766,-18.263687],[143.062769,-18.265215],[143.070582,-18.262538],[143.071918,-18.268625],[143.080539,-18.275474],[143.086188,-18.277892],[143.087045,-18.276559],[143.088985,-18.27727],[143.087341,-18.274013],[143.095108,-18.271019],[143.096355,-18.275432],[143.100951,-18.276032],[143.100284,-18.277909],[143.095709,-18.276216],[143.095026,-18.277931],[143.097094,-18.284521],[143.103231,-18.292516],[143.098442,-18.295147],[143.097766,-18.292869],[143.095837,-18.292525],[143.105531,-18.309162],[143.10415,-18.317528],[143.106283,-18.318738],[143.105505,-18.317202],[143.107532,-18.313403],[143.108678,-18.31578],[143.107643,-18.319016],[143.10329,-18.321223],[143.105324,-18.323635],[143.104647,-18.334916],[143.102115,-18.340916],[143.09939,-18.341095],[143.101809,-18.346917],[143.101137,-18.351211],[143.097368,-18.352287],[143.099539,-18.35589],[143.097311,-18.360309],[143.10174,-18.361728],[143.100094,-18.364813],[143.103299,-18.36779],[143.103051,-18.371117],[143.106278,-18.371005],[143.107113,-18.3675],[143.104954,-18.364407],[143.11123,-18.359392],[143.111705,-18.357313],[143.106385,-18.345412],[143.112147,-18.323592],[143.112684,-18.314733],[143.110272,-18.310329],[143.110488,-18.305782],[143.111994,-18.305359],[143.11337,-18.311636],[143.115969,-18.312018],[143.118799,-18.315957],[143.121377,-18.316714],[143.121688,-18.320306],[143.125158,-18.323226],[143.122109,-18.32821],[143.116003,-18.329439],[143.116124,-18.331316],[143.121653,-18.330645],[143.126017,-18.326436],[143.130105,-18.328681],[143.130701,-18.336971],[143.127765,-18.345848],[143.129921,-18.348601],[143.134551,-18.339006],[143.132979,-18.331865],[143.135017,-18.327985],[143.133428,-18.323739],[143.137063,-18.324547],[143.135182,-18.317423],[143.137894,-18.315649],[143.141027,-18.317759],[143.140313,-18.322934],[143.142511,-18.325403],[143.142081,-18.322991],[143.144977,-18.320592],[143.149077,-18.321278],[143.151373,-18.328261],[143.149014,-18.329855],[143.145526,-18.327144],[143.145161,-18.329908],[143.141084,-18.329443],[143.150225,-18.348753],[143.149798,-18.351025],[143.146734,-18.35208],[143.146321,-18.354469],[143.147867,-18.358436],[143.150699,-18.357636],[143.151912,-18.360314],[143.15033,-18.36147],[143.149093,-18.36708],[143.145555,-18.362865],[143.142228,-18.366033],[143.146056,-18.374806],[143.145864,-18.377649],[143.139987,-18.381947],[143.131048,-18.383755],[143.130269,-18.385674],[143.137214,-18.384314],[143.140484,-18.386142],[143.140975,-18.383806],[143.141734,-18.385808],[143.145032,-18.385825],[143.147497,-18.385061],[143.147174,-18.381885],[143.148409,-18.381365],[143.149529,-18.390313],[143.147917,-18.391067],[143.145382,-18.389515],[143.14361,-18.392484],[143.148401,-18.394133],[143.149374,-18.399199],[143.14723,-18.402321],[143.15035,-18.405154],[143.154237,-18.404396],[143.156492,-18.39943],[143.156727,-18.40388],[143.15846,-18.400875],[143.160557,-18.401646],[143.158619,-18.404866],[143.159677,-18.410671],[143.15618,-18.409537],[143.156074,-18.407921],[143.150005,-18.411215],[143.15854,-18.413074],[143.160632,-18.42375],[143.162145,-18.420896],[143.16136,-18.412603],[143.165292,-18.4146],[143.165471,-18.416685],[143.170237,-18.417796],[143.172974,-18.422529],[143.1752,-18.419035],[143.172499,-18.414572],[143.164395,-18.410523],[143.163138,-18.40238],[143.166423,-18.407826],[143.17121,-18.409022],[143.166435,-18.405026],[143.169637,-18.400762],[143.165046,-18.400466],[143.157989,-18.396594],[143.157945,-18.389441],[143.155027,-18.38643],[143.15503,-18.383697],[143.157399,-18.383101],[143.157352,-18.381796],[143.153402,-18.377939],[143.152856,-18.373307],[143.155019,-18.371746],[143.153338,-18.369611],[143.156086,-18.366432],[143.15918,-18.376121],[143.174313,-18.386441],[143.173506,-18.383848],[143.165125,-18.375552],[143.160588,-18.37405],[143.158443,-18.365529],[143.15932,-18.361901],[143.162481,-18.359548],[143.166202,-18.361611],[143.166653,-18.366619],[143.168932,-18.363915],[143.171192,-18.364675],[143.170016,-18.368279],[143.171302,-18.370238],[143.175797,-18.366397],[143.173106,-18.360209],[143.173081,-18.355105],[143.168732,-18.354098],[143.169627,-18.350172],[143.166889,-18.344562],[143.173438,-18.34274],[143.176399,-18.335674],[143.17315,-18.317414],[143.175598,-18.31119],[143.17791,-18.310662],[143.178581,-18.317646],[143.185264,-18.314394],[143.193106,-18.317258],[143.195677,-18.314781],[143.194425,-18.312392],[143.196675,-18.309814],[143.202699,-18.307383],[143.20278,-18.303855],[143.207035,-18.307554],[143.212033,-18.309131],[143.216399,-18.304126],[143.216126,-18.301844],[143.219565,-18.300959],[143.229874,-18.307822],[143.237289,-18.308498],[143.238344,-18.312447],[143.239902,-18.311778],[143.239355,-18.308004],[143.242495,-18.306554],[143.24863,-18.309191],[143.245715,-18.326176],[143.242447,-18.324922],[143.240909,-18.321029],[143.233038,-18.314939],[143.228958,-18.314232],[143.227112,-18.315414],[143.223138,-18.311292],[143.220294,-18.312784],[143.220468,-18.319204],[143.224497,-18.324952],[143.223115,-18.328491],[143.226488,-18.329161],[143.227285,-18.332046],[143.229215,-18.332941],[143.236463,-18.328276],[143.247753,-18.341408],[143.250965,-18.342011],[143.251317,-18.337577],[143.253368,-18.336319],[143.25422,-18.34265],[143.257686,-18.343241],[143.256127,-18.345152],[143.257833,-18.347259],[143.257467,-18.350195],[143.261261,-18.349355],[143.265381,-18.354021],[143.266768,-18.351263],[143.26951,-18.350052],[143.274615,-18.351915],[143.276163,-18.356056],[143.270642,-18.361862],[143.25928,-18.35791],[143.257973,-18.353847],[143.251808,-18.356508],[143.255602,-18.357917],[143.25731,-18.361447],[143.258947,-18.361003],[143.261196,-18.363875],[143.261039,-18.367721],[143.262852,-18.371145],[143.267103,-18.372165],[143.267945,-18.37635],[143.271077,-18.377329],[143.280523,-18.386687],[143.281473,-18.385822],[143.280144,-18.382573],[143.287985,-18.383088],[143.287785,-18.376077],[143.289037,-18.373768],[143.295672,-18.371393],[143.295539,-18.36495],[143.297528,-18.368797],[143.30286,-18.367933],[143.308223,-18.372],[143.309497,-18.367089],[143.307888,-18.365198],[143.307869,-18.359883],[143.311071,-18.358697],[143.316553,-18.360423],[143.316075,-18.358307],[143.309121,-18.356485],[143.316431,-18.351605],[143.319166,-18.353233],[143.321849,-18.352505],[143.322143,-18.350366],[143.320073,-18.347672],[143.314548,-18.349293],[143.309153,-18.345511],[143.307539,-18.34618],[143.306737,-18.349482],[143.304742,-18.349538],[143.304464,-18.347731],[143.302467,-18.349792],[143.30186,-18.346461],[143.30333,-18.347649],[143.305326,-18.345074],[143.305843,-18.348396],[143.307283,-18.344761],[143.312029,-18.345575],[143.311004,-18.343244],[143.299849,-18.34257],[143.293376,-18.336772],[143.297461,-18.330635],[143.296996,-18.32612],[143.300095,-18.325089],[143.300874,-18.321142],[143.288673,-18.319044],[143.282371,-18.31179],[143.264515,-18.313944],[143.249189,-18.304845],[143.244312,-18.304441],[143.246334,-18.301401],[143.245576,-18.300271],[143.231848,-18.293107],[143.228896,-18.288092],[143.233945,-18.292477],[143.246578,-18.298674],[143.248919,-18.294239],[143.254217,-18.292361],[143.255328,-18.290171],[143.262106,-18.290091],[143.266694,-18.288054],[143.265787,-18.286678],[143.262421,-18.287765],[143.261488,-18.283906],[143.258515,-18.285395],[143.257296,-18.284254],[143.255254,-18.28598],[143.256537,-18.287528],[143.250503,-18.290264],[143.248568,-18.29357],[143.247269,-18.286495],[143.245366,-18.288572],[143.238845,-18.283464],[143.239836,-18.277825],[143.238348,-18.276266],[143.233823,-18.275768],[143.229275,-18.278088],[143.222684,-18.276087],[143.215632,-18.269304],[143.215867,-18.267788],[143.220381,-18.267939],[143.222485,-18.272634],[143.229383,-18.274338],[143.231281,-18.274311],[143.232035,-18.271525],[143.225506,-18.263526],[143.224327,-18.257108],[143.220231,-18.253019],[143.207903,-18.2513],[143.201735,-18.252934],[143.199488,-18.248525],[143.198121,-18.248477],[143.196759,-18.249771],[143.198412,-18.254007],[143.191139,-18.257473],[143.184848,-18.251046],[143.175534,-18.250348],[143.173755,-18.246267],[143.169643,-18.243698],[143.168475,-18.244651],[143.162948,-18.242419],[143.158587,-18.242636],[143.152691,-18.235923],[143.145523,-18.235967],[143.144558,-18.234483],[143.145607,-18.23289],[143.150505,-18.230202],[143.155431,-18.230625],[143.15766,-18.227059],[143.168028,-18.228148],[143.172522,-18.225708],[143.180666,-18.213678],[143.179566,-18.207462],[143.175995,-18.207819],[143.174985,-18.204443],[143.171305,-18.201323],[143.169354,-18.194841],[143.169973,-18.191749],[143.164748,-18.191397],[143.162308,-18.190056],[143.16174,-18.187375],[143.15673,-18.190991],[143.15563,-18.199621],[143.156993,-18.202447],[143.160237,-18.201701],[143.161655,-18.208482],[143.152514,-18.208436],[143.145822,-18.211971],[143.143878,-18.210949],[143.134851,-18.212911],[143.134418,-18.210928],[143.132652,-18.211346],[143.131539,-18.214407],[143.128941,-18.212683],[143.12858,-18.207023],[143.132727,-18.203323],[143.136829,-18.20349],[143.13869,-18.205542],[143.135149,-18.209118],[143.138804,-18.208093],[143.140338,-18.210704],[143.142646,-18.208447],[143.140599,-18.207038],[143.143246,-18.207095],[143.143284,-18.205455],[143.145246,-18.205871],[143.147755,-18.203368],[143.150685,-18.205458],[143.15278,-18.204987],[143.149327,-18.202311],[143.151887,-18.200209],[143.149071,-18.199252],[143.151463,-18.198137],[143.151067,-18.190756],[143.15365,-18.187516],[143.152139,-18.186051],[143.153936,-18.183687],[143.153953,-18.178262],[143.155736,-18.178238],[143.157261,-18.165443],[143.158602,-18.174583],[143.156745,-18.181424],[143.161566,-18.180092],[143.161192,-18.183606],[143.162722,-18.185978],[143.164384,-18.18548],[143.165838,-18.181638],[143.168338,-18.183597],[143.170448,-18.179355],[143.172487,-18.179467],[143.172438,-18.176677],[143.174857,-18.174174],[143.176443,-18.175023],[143.174844,-18.177589],[143.17721,-18.179102],[143.177149,-18.181831],[143.181593,-18.178587],[143.188578,-18.179479],[143.189734,-18.177045],[143.188448,-18.177087],[143.187649,-18.172281],[143.19036,-18.17141],[143.190646,-18.168494],[143.194036,-18.16803],[143.194851,-18.166205],[143.2063,-18.165049],[143.20585,-18.168686],[143.208092,-18.170534],[143.203535,-18.170514],[143.206243,-18.171314],[143.208122,-18.174432],[143.212494,-18.173171],[143.213126,-18.168927],[143.209305,-18.167639],[143.206505,-18.160896],[143.203636,-18.161471],[143.203757,-18.163583],[143.201728,-18.1647],[143.199722,-18.161046],[143.201214,-18.159733],[143.198433,-18.158663],[143.196035,-18.160912],[143.194187,-18.156584],[143.191935,-18.158678],[143.192457,-18.161341],[143.189768,-18.162086],[143.190356,-18.158398],[143.188213,-18.157067],[143.186874,-18.160813],[143.185665,-18.160741],[143.186611,-18.15522],[143.18553,-18.153566],[143.183881,-18.160156],[143.179644,-18.1638],[143.179177,-18.161],[143.175435,-18.166386],[143.173948,-18.162121],[143.177047,-18.160545],[143.175918,-18.158639],[143.178932,-18.15925],[143.181656,-18.157734],[143.181149,-18.154207],[143.178463,-18.157097],[143.177762,-18.153049],[143.183496,-18.149967],[143.185042,-18.146783],[143.18145,-18.144561],[143.178274,-18.147808],[143.174419,-18.142974],[143.173053,-18.145763],[143.174404,-18.148543],[143.172157,-18.147728],[143.17108,-18.149701],[143.171202,-18.147098],[143.167834,-18.145316],[143.16478,-18.148742],[143.163752,-18.151554],[143.165448,-18.151106],[143.168506,-18.15389],[143.165423,-18.15756],[143.165494,-18.161073],[143.162404,-18.160611],[143.162478,-18.164124],[143.164472,-18.16529],[143.161046,-18.166765],[143.161334,-18.151391],[143.159562,-18.150336],[143.162463,-18.144992],[143.16968,-18.142639],[143.174069,-18.136013],[143.176049,-18.136099],[143.170891,-18.129514],[143.166068,-18.13081],[143.168894,-18.126582],[143.171056,-18.126829],[143.173627,-18.12175],[143.173257,-18.120336],[143.170863,-18.120169],[143.169719,-18.116573],[143.173669,-18.115585],[143.174156,-18.110078],[143.176938,-18.109988],[143.181075,-18.104246],[143.176503,-18.100282],[143.172182,-18.106555],[143.169912,-18.107054],[143.168091,-18.109803],[143.163514,-18.110726],[143.160871,-18.114974],[143.157843,-18.1149],[143.157864,-18.111815],[143.161407,-18.111007],[143.161075,-18.1085],[143.159839,-18.108807],[143.160982,-18.106423],[143.168169,-18.104635],[143.168752,-18.102411],[143.165937,-18.103215],[143.165181,-18.100269],[143.171662,-18.099094],[143.174003,-18.100355],[143.174084,-18.098028],[143.177814,-18.098817],[143.178539,-18.093728],[143.174298,-18.094214],[143.173107,-18.096653],[143.170209,-18.096907],[143.16804,-18.09376],[143.169255,-18.093137],[143.167978,-18.09003],[143.172327,-18.083446],[143.169872,-18.081974],[143.166966,-18.088452],[143.164979,-18.089572],[143.163411,-18.096337],[143.163115,-18.09261],[143.16064,-18.094693],[143.160862,-18.09651],[143.159052,-18.095763],[143.159928,-18.097813],[143.157082,-18.095026],[143.159544,-18.101484],[143.156214,-18.10214],[143.155119,-18.100888],[143.155679,-18.105136],[143.153951,-18.108936],[143.150261,-18.109411],[143.15166,-18.095981],[143.149132,-18.092256],[143.14703,-18.103182],[143.144005,-18.108555],[143.141652,-18.107678],[143.138835,-18.103563],[143.141617,-18.110862],[143.139461,-18.110426],[143.137543,-18.107086],[143.135781,-18.110814],[143.13407,-18.106036],[143.136034,-18.104032],[143.134744,-18.10368],[143.13899,-18.100584],[143.140861,-18.096738],[143.143792,-18.096005],[143.137827,-18.091817],[143.13682,-18.088314],[143.148943,-18.086933],[143.151398,-18.090031],[143.155093,-18.087456],[143.155592,-18.085147],[143.1483,-18.081497],[143.143266,-18.083455],[143.14226,-18.080693],[143.140168,-18.080991],[143.137781,-18.084722],[143.1358,-18.082743],[143.135947,-18.080559],[143.142403,-18.078948],[143.138606,-18.077562],[143.137925,-18.075578],[143.137998,-18.074457],[143.141805,-18.074004],[143.143109,-18.076203],[143.149654,-18.077444],[143.156089,-18.083931],[143.16078,-18.081349],[143.159677,-18.078195],[143.154788,-18.078317],[143.155928,-18.072699],[143.1624,-18.077496],[143.163437,-18.075416],[143.15974,-18.069012],[143.156823,-18.069686],[143.156013,-18.066872],[143.169079,-18.064138],[143.1669,-18.068087],[143.167781,-18.069748],[143.173591,-18.063423],[143.173129,-18.061364],[143.165211,-18.061566],[143.165234,-18.059262],[143.167221,-18.058449],[143.166116,-18.0553],[143.16309,-18.056987],[143.161804,-18.054892],[143.158657,-18.0542],[143.154338,-18.056547],[143.146739,-18.05226],[143.152539,-18.050325],[143.160398,-18.043905],[143.166277,-18.046563],[143.167372,-18.044862],[143.172653,-18.046988],[143.17225,-18.049603],[143.177503,-18.053275],[143.175402,-18.054749],[143.176202,-18.056492],[143.179376,-18.056849],[143.178566,-18.06035],[143.180533,-18.062979],[143.194138,-18.07324],[143.195667,-18.076935],[143.199526,-18.075166],[143.199097,-18.080911],[143.201596,-18.081813],[143.20281,-18.079622],[143.208791,-18.079242],[143.209868,-18.081664],[143.212388,-18.082313],[143.212123,-18.088323],[143.213655,-18.086937],[143.217974,-18.089954],[143.217466,-18.082612],[143.213262,-18.079349],[143.214614,-18.07554],[143.210725,-18.071705],[143.207712,-18.070949],[143.206472,-18.074843],[143.203715,-18.074761],[143.203215,-18.071944],[143.201131,-18.070572],[143.198612,-18.07024],[143.197806,-18.072363],[143.196214,-18.070949],[143.197204,-18.067803],[143.194974,-18.06917],[143.19335,-18.068317],[143.187748,-18.059496],[143.182998,-18.059613],[143.182867,-18.056588],[143.185997,-18.057777],[143.187178,-18.053839],[143.191068,-18.054689],[143.192408,-18.050496],[143.194542,-18.051063],[143.195745,-18.054107],[143.199813,-18.053302],[143.200108,-18.054803],[143.190191,-18.056099],[143.190276,-18.057873],[143.198175,-18.063181],[143.201172,-18.06335],[143.198743,-18.06046],[143.199553,-18.058793],[143.21403,-18.059377],[143.218415,-18.056888],[143.219055,-18.05436],[143.216975,-18.050916],[143.218109,-18.048857],[143.221924,-18.050376],[143.220754,-18.054187],[143.229197,-18.053512],[143.225146,-18.055817],[143.220694,-18.055945],[143.217307,-18.061354],[143.22093,-18.060228],[143.22753,-18.06162],[143.227782,-18.060127],[143.230927,-18.060027],[143.234464,-18.056608],[143.234431,-18.05972],[143.237827,-18.060291],[143.239519,-18.063541],[143.243058,-18.061115],[143.249445,-18.063137],[143.251199,-18.061161],[143.24881,-18.05861],[143.250363,-18.056835],[143.256384,-18.069794],[143.264773,-18.0741],[143.262551,-18.071624],[143.265168,-18.071936],[143.257344,-18.065538],[143.252568,-18.058611],[143.252951,-18.053029],[143.258521,-18.056256],[143.263776,-18.048395],[143.266008,-18.05303],[143.274119,-18.051593],[143.264792,-18.042426],[143.264399,-18.037038],[143.269632,-18.035594],[143.273871,-18.040973],[143.2753,-18.040577],[143.275828,-18.037012],[143.27905,-18.039905],[143.281233,-18.039812],[143.283095,-18.038132],[143.283048,-18.03573],[143.285644,-18.037163],[143.286744,-18.040681],[143.283812,-18.042834],[143.286344,-18.050487],[143.285007,-18.052015],[143.280343,-18.050743],[143.278983,-18.053898],[143.280362,-18.055548],[143.2779,-18.057239],[143.276824,-18.060942],[143.273739,-18.060422],[143.272808,-18.062421],[143.276458,-18.064568],[143.281131,-18.05842],[143.285877,-18.062113],[143.281469,-18.063777],[143.277524,-18.068593],[143.292286,-18.063929],[143.288894,-18.059498],[143.293903,-18.056616],[143.296781,-18.05674],[143.297487,-18.054261],[143.301564,-18.055174],[143.303986,-18.061681],[143.294408,-18.063168],[143.292684,-18.067804],[143.287371,-18.068581],[143.290515,-18.071063],[143.293642,-18.070769],[143.293028,-18.074349],[143.29768,-18.076213],[143.297627,-18.085643],[143.300406,-18.085592],[143.304049,-18.080621],[143.301026,-18.081416],[143.30401,-18.078382],[143.303608,-18.074534],[143.301204,-18.073429],[143.299469,-18.07438],[143.301328,-18.0664],[143.307854,-18.068237],[143.310542,-18.063915],[143.313381,-18.064355],[143.314405,-18.070693],[143.310565,-18.071768],[143.307235,-18.070205],[143.307178,-18.073557],[143.309765,-18.075188],[143.314242,-18.073603],[143.316622,-18.079405],[143.318863,-18.079807],[143.320256,-18.075721],[143.318828,-18.072283],[143.324663,-18.070321],[143.326987,-18.076399],[143.326453,-18.0793],[143.33073,-18.081538],[143.328837,-18.083706],[143.33185,-18.087179],[143.333807,-18.087905],[143.335341,-18.086545],[143.3366,-18.088458],[143.337749,-18.100521],[143.33934,-18.099327],[143.344845,-18.101451],[143.345634,-18.099861],[143.350211,-18.099882],[143.351238,-18.095999],[143.348437,-18.093567],[143.353121,-18.0901],[143.356045,-18.092011],[143.357093,-18.095774],[143.354045,-18.099288],[143.362205,-18.096556],[143.355573,-18.104653],[143.362781,-18.100889],[143.362708,-18.103703],[143.341553,-18.112077],[143.349983,-18.111667],[143.37055,-18.103336],[143.366703,-18.100068],[143.367157,-18.09864],[143.371335,-18.097776],[143.370842,-18.095135],[143.368475,-18.094415],[143.366754,-18.090778],[143.367957,-18.08477],[143.363726,-18.085667],[143.365986,-18.079167],[143.361013,-18.06731],[143.364426,-18.063073],[143.370393,-18.0644],[143.370642,-18.067038],[143.375379,-18.070733],[143.38148,-18.071566],[143.385982,-18.075435],[143.393573,-18.073891],[143.398378,-18.078347],[143.403845,-18.079724],[143.404772,-18.084179],[143.406827,-18.083986],[143.406681,-18.085899],[143.412105,-18.082633],[143.41226,-18.080595],[143.408668,-18.077763],[143.413042,-18.076683],[143.409649,-18.072191],[143.413773,-18.069742],[143.409049,-18.068559],[143.40698,-18.073896],[143.405999,-18.069564],[143.401796,-18.068112],[143.398351,-18.069347],[143.397858,-18.066476],[143.39367,-18.063823],[143.383311,-18.052051],[143.383413,-18.059362],[143.379789,-18.060901],[143.378948,-18.057633],[143.375872,-18.057278],[143.376502,-18.059759],[143.373056,-18.058112],[143.374663,-18.055161],[143.372063,-18.05331],[143.364997,-18.054891],[143.365141,-18.052645],[143.36938,-18.052914],[143.37011,-18.047373],[143.368685,-18.046144],[143.366155,-18.049381],[143.361905,-18.050725],[143.36015,-18.054102],[143.353551,-18.055438],[143.349132,-18.054602],[143.346979,-18.060346],[143.347053,-18.061862],[143.35217,-18.062942],[143.358518,-18.068655],[143.359365,-18.080012],[143.361305,-18.083556],[143.359958,-18.086404],[143.356607,-18.088856],[143.354606,-18.087851],[143.359489,-18.084851],[143.357635,-18.080986],[143.358389,-18.076311],[143.356878,-18.074604],[143.35142,-18.076085],[143.351437,-18.078749],[143.349048,-18.080435],[143.346905,-18.077942],[143.345165,-18.082181],[143.341735,-18.083862],[143.343298,-18.086386],[143.34062,-18.086522],[143.338383,-18.083641],[143.335915,-18.083549],[143.336184,-18.078514],[143.331239,-18.0766],[143.330734,-18.073391],[143.327997,-18.071468],[143.330925,-18.067775],[143.331039,-18.064942],[143.33443,-18.062652],[143.333951,-18.059085],[143.329857,-18.055179],[143.329492,-18.050807],[143.324904,-18.052425],[143.323063,-18.05088],[143.32455,-18.042353],[143.322427,-18.038978],[143.332094,-18.034734],[143.331687,-18.032205],[143.325411,-18.032989],[143.318627,-18.029399],[143.321066,-18.023259],[143.316514,-18.023111],[143.316112,-18.017831],[143.313113,-18.017118],[143.311501,-18.013239],[143.3068,-18.01325],[143.306021,-18.010766],[143.30748,-18.008057],[143.312437,-18.005234],[143.316493,-18.006125],[143.319779,-18.010304],[143.319294,-18.012559],[143.327535,-18.013792],[143.327267,-18.015765],[143.322872,-18.01659],[143.325131,-18.020849],[143.328673,-18.022143],[143.335237,-18.01869],[143.336937,-18.019514],[143.337266,-18.022179],[143.341948,-18.020786],[143.343599,-18.023507],[143.345771,-18.021092],[143.343166,-18.018522],[143.346062,-18.015398],[143.344627,-18.012394],[143.345409,-18.010415],[143.343644,-18.010229],[143.342785,-18.011924],[143.340751,-18.008082],[143.336464,-18.011508],[143.34026,-18.004227],[143.340098,-18.000304],[143.336274,-17.996327],[143.333223,-17.996463],[143.330562,-17.993107],[143.325516,-17.992757],[143.325569,-17.994586],[143.31206,-17.997728],[143.311815,-18.00106],[143.310093,-18.002494],[143.310161,-17.996576],[143.318608,-17.9927],[143.321056,-17.993402],[143.32708,-17.991022],[143.325673,-17.98417],[143.327752,-17.982325],[143.329292,-17.982406],[143.32947,-17.990013],[143.330835,-17.988502],[143.331798,-17.989543],[143.332392,-17.985954],[143.334097,-17.986828],[143.334971,-17.985074],[143.337787,-17.984598],[143.338342,-17.981967],[143.334137,-17.984054],[143.331051,-17.98149],[143.332335,-17.979704],[143.329372,-17.977626],[143.333903,-17.977464],[143.33662,-17.980127],[143.337883,-17.977054],[143.339889,-17.978683],[143.340689,-17.977748],[143.342549,-17.981157],[143.343971,-17.98105],[143.343279,-17.982232],[143.34622,-17.98231],[143.347964,-17.986051],[143.345829,-17.990241],[143.347703,-17.991248],[143.347034,-17.992863],[143.343634,-17.992159],[143.34501,-17.999789],[143.349655,-18.000478],[143.350464,-17.998106],[143.353701,-17.997895],[143.351202,-18.001543],[143.351981,-18.004573],[143.354768,-18.003523],[143.355855,-18.00561],[143.35841,-18.004133],[143.35799,-18.006744],[143.360955,-18.007652],[143.363173,-18.009878],[143.363399,-18.013353],[143.368091,-18.014971],[143.368308,-18.016644],[143.363857,-18.018564],[143.359744,-18.016564],[143.359599,-18.020269],[143.354578,-18.026955],[143.350396,-18.026703],[143.348912,-18.029937],[143.349939,-18.03379],[143.347388,-18.036445],[143.349982,-18.040555],[143.353596,-18.034757],[143.363643,-18.034667],[143.362993,-18.03276],[143.357069,-18.031382],[143.356802,-18.028382],[143.359557,-18.024907],[143.366836,-18.025722],[143.377066,-18.03349],[143.376217,-18.030778],[143.371834,-18.027783],[143.373375,-18.02701],[143.375332,-18.020008],[143.377382,-18.019414],[143.381007,-18.014068],[143.390335,-18.018555],[143.390099,-18.021475],[143.387391,-18.019454],[143.385905,-18.020931],[143.388745,-18.029043],[143.392238,-18.02591],[143.393576,-18.028179],[143.393688,-18.033647],[143.396235,-18.034446],[143.393121,-18.036445],[143.39385,-18.03723],[143.397903,-18.034642],[143.400159,-18.030667],[143.403113,-18.031077],[143.404692,-18.029468],[143.408209,-18.029686],[143.409989,-18.031886],[143.414522,-18.031373],[143.414543,-18.033744],[143.411791,-18.034695],[143.411746,-18.036434],[143.415737,-18.034976],[143.416235,-18.036852],[143.419707,-18.037134],[143.422289,-18.033557],[143.423833,-18.03375],[143.424116,-18.032378],[143.41968,-18.032158],[143.419283,-18.030916],[143.424029,-18.026038],[143.425987,-18.020536],[143.422368,-18.024555],[143.417621,-18.025924],[143.419999,-18.022706],[143.420317,-18.01825],[143.418742,-18.016531],[143.415472,-18.021024],[143.416748,-18.017459],[143.415451,-18.013925],[143.407913,-18.024632],[143.404582,-18.016269],[143.402067,-18.015108],[143.402079,-18.013116],[143.39977,-18.013181],[143.402612,-18.010572],[143.399948,-18.009521],[143.398924,-18.006291],[143.403379,-18.002442],[143.402264,-18.001765],[143.404316,-17.999974],[143.40366,-17.997277],[143.401623,-17.997695],[143.401479,-17.999223],[143.395707,-18.000162],[143.390163,-17.998767],[143.389164,-17.999954],[143.393191,-18.002424],[143.38891,-18.001921],[143.389693,-18.003975],[143.387415,-18.003096],[143.385798,-18.00004],[143.382347,-18.001835],[143.380338,-18.000126],[143.379685,-17.998408],[143.381565,-17.995459],[143.386664,-17.99475],[143.387947,-17.9931],[143.38653,-17.992038],[143.389581,-17.991368],[143.388059,-17.989693],[143.383262,-17.992195],[143.3848,-17.988356],[143.381344,-17.990092],[143.380416,-17.988066],[143.377465,-17.98948],[143.375869,-17.986817],[143.384464,-17.986806],[143.384567,-17.985112],[143.380719,-17.98183],[143.379726,-17.982917],[143.379533,-17.981439],[143.377775,-17.981758],[143.377697,-17.980255],[143.383043,-17.980433],[143.386681,-17.976803],[143.381415,-17.975292],[143.383926,-17.974199],[143.381459,-17.969208],[143.377524,-17.97459],[143.375942,-17.97348],[143.376258,-17.970373],[143.378734,-17.970212],[143.380691,-17.967465],[143.37861,-17.966],[143.378015,-17.962042],[143.376467,-17.963561],[143.377026,-17.9663],[143.374914,-17.966118],[143.376269,-17.961056],[143.373368,-17.956716],[143.371817,-17.957245],[143.372513,-17.965176],[143.370881,-17.961786],[143.36883,-17.961847],[143.369635,-17.965993],[143.368018,-17.970501],[143.36658,-17.970672],[143.36805,-17.967267],[143.366731,-17.966985],[143.366441,-17.96847],[143.364596,-17.966569],[143.366424,-17.96432],[143.364591,-17.963308],[143.365217,-17.957962],[143.360074,-17.958395],[143.36029,-17.960136],[143.362697,-17.960662],[143.359008,-17.962672],[143.362205,-17.964372],[143.362465,-17.966446],[143.359973,-17.968292],[143.361396,-17.970532],[143.35849,-17.97031],[143.362212,-17.979492],[143.363507,-17.986553],[143.362273,-17.986938],[143.359183,-17.981714],[143.360353,-17.979401],[143.357646,-17.97962],[143.359524,-17.975297],[143.35727,-17.974625],[143.357312,-17.971783],[143.352992,-17.970309],[143.351028,-17.975238],[143.350748,-17.971091],[143.347025,-17.970702],[143.346406,-17.96861],[143.344426,-17.968015],[143.346214,-17.964904],[143.350883,-17.962292],[143.347314,-17.95953],[143.344936,-17.961514],[143.343287,-17.961042],[143.342092,-17.957087],[143.342959,-17.948762],[143.34502,-17.947734],[143.346636,-17.95135],[143.344504,-17.951999],[143.345704,-17.955462],[143.347541,-17.955896],[143.348748,-17.955588],[143.349249,-17.951454],[143.351704,-17.95086],[143.353859,-17.947],[143.358247,-17.948125],[143.357102,-17.944887],[143.363945,-17.950477],[143.365519,-17.950335],[143.365737,-17.947072],[143.368685,-17.947745],[143.369946,-17.949586],[143.369204,-17.952499],[143.372497,-17.955995],[143.378239,-17.956223],[143.387645,-17.961797],[143.387266,-17.96677],[143.390684,-17.968679],[143.392568,-17.974888],[143.403191,-17.977331],[143.398122,-17.972317],[143.395231,-17.97373],[143.393566,-17.972599],[143.391626,-17.970013],[143.39269,-17.966581],[143.391241,-17.961464],[143.382026,-17.954261],[143.385884,-17.952398],[143.386999,-17.955054],[143.390678,-17.956472],[143.388053,-17.953144],[143.388126,-17.949815],[143.392806,-17.940287],[143.395462,-17.940186],[143.395109,-17.943731],[143.397729,-17.94434],[143.397021,-17.946905],[143.400874,-17.951658],[143.403632,-17.947144],[143.403614,-17.950247],[143.41053,-17.947059],[143.412579,-17.943361],[143.409832,-17.939778],[143.410168,-17.938049],[143.411636,-17.940158],[143.414008,-17.938119],[143.413407,-17.94243],[143.415624,-17.937868],[143.415824,-17.939302],[143.419869,-17.941202],[143.416695,-17.941644],[143.415833,-17.946184],[143.413582,-17.946506],[143.417613,-17.947372],[143.405647,-17.949761],[143.402306,-17.955601],[143.411649,-17.954397],[143.415182,-17.95083],[143.415399,-17.954215],[143.41074,-17.955885],[143.416722,-17.963298],[143.421304,-17.951856],[143.422637,-17.953352],[143.420862,-17.955],[143.421711,-17.95657],[143.420343,-17.956763],[143.421421,-17.961483],[143.424842,-17.961169],[143.426605,-17.962755],[143.426183,-17.959075],[143.427424,-17.957885],[143.428916,-17.960572],[143.430916,-17.958605],[143.429031,-17.962756],[143.434272,-17.961909],[143.435561,-17.958095],[143.426365,-17.944752],[143.428131,-17.939699],[143.428161,-17.941885],[143.430376,-17.94104],[143.430912,-17.942672],[143.434935,-17.94049],[143.434574,-17.939126],[143.430621,-17.938083],[143.433888,-17.934876],[143.430189,-17.931536],[143.424343,-17.938162],[143.420563,-17.93302],[143.420767,-17.931215],[143.418366,-17.93097],[143.422148,-17.927865],[143.423701,-17.928717],[143.425907,-17.927272],[143.429404,-17.930046],[143.429944,-17.92784],[143.430659,-17.930834],[143.432537,-17.929962],[143.433821,-17.932859],[143.438177,-17.932777],[143.437634,-17.934766],[143.443092,-17.938527],[143.444462,-17.93343],[143.441587,-17.931601],[143.44417,-17.928082],[143.440941,-17.928018],[143.440296,-17.923691],[143.439082,-17.928394],[143.43805,-17.922681],[143.435351,-17.920186],[143.434081,-17.920802],[143.433853,-17.924725],[143.435174,-17.92786],[143.428151,-17.922972],[143.433505,-17.921514],[143.430118,-17.917618],[143.43252,-17.918026],[143.432244,-17.905362],[143.43366,-17.904608],[143.436284,-17.906599],[143.439042,-17.904943],[143.439633,-17.907925],[143.4455,-17.909166],[143.440329,-17.910757],[143.44046,-17.912015],[143.448877,-17.911923],[143.448807,-17.908916],[143.451254,-17.908393],[143.449824,-17.910218],[143.451389,-17.912027],[143.449623,-17.916366],[143.450568,-17.918703],[143.452963,-17.918551],[143.452705,-17.922569],[143.448793,-17.924488],[143.454378,-17.925975],[143.451698,-17.930326],[143.456268,-17.930598],[143.453048,-17.933014],[143.454642,-17.934742],[143.45367,-17.93675],[143.450476,-17.938976],[143.455722,-17.939289],[143.453871,-17.942067],[143.45463,-17.944957],[143.458218,-17.944139],[143.460349,-17.939863],[143.459657,-17.9376],[143.463004,-17.9367],[143.464044,-17.92686],[143.465638,-17.925774],[143.465558,-17.932589],[143.467839,-17.93368],[143.4676,-17.936605],[143.473534,-17.935509],[143.473694,-17.937729],[143.476922,-17.937837],[143.477696,-17.942469],[143.482534,-17.940059],[143.482389,-17.943055],[143.478828,-17.946004],[143.481077,-17.948098],[143.478515,-17.949337],[143.479858,-17.95104],[143.491933,-17.950863],[143.495534,-17.952393],[143.496541,-17.955766],[143.500403,-17.957383],[143.501076,-17.959596],[143.502788,-17.957623],[143.501986,-17.956085],[143.504272,-17.956511],[143.506457,-17.954072],[143.507953,-17.953827],[143.506668,-17.956255],[143.508064,-17.957442],[143.511806,-17.954806],[143.512713,-17.959505],[143.515901,-17.960154],[143.516941,-17.970012],[143.520155,-17.96825],[143.520054,-17.965325],[143.522638,-17.965635],[143.525431,-17.963647],[143.535981,-17.962128],[143.536542,-17.963615],[143.542148,-17.965493],[143.541252,-17.961603],[143.538609,-17.96129],[143.536765,-17.958216],[143.540873,-17.956036],[143.53979,-17.951629],[143.536612,-17.95167],[143.534786,-17.949861],[143.533252,-17.95166],[143.531445,-17.946915],[143.529237,-17.947693],[143.528017,-17.946332],[143.526732,-17.948701],[143.525384,-17.946768],[143.530214,-17.944696],[143.5359,-17.939623],[143.533836,-17.93787],[143.534039,-17.933217],[143.528923,-17.931965],[143.531609,-17.935258],[143.52903,-17.935237],[143.529673,-17.938327],[143.528297,-17.938575],[143.526793,-17.934061],[143.525593,-17.934017],[143.523547,-17.93828],[143.520725,-17.937585],[143.52172,-17.940598],[143.520534,-17.941534],[143.516502,-17.935856],[143.521957,-17.935614],[143.523654,-17.932607],[143.521777,-17.931367],[143.518253,-17.932446],[143.517705,-17.927631],[143.515747,-17.929092],[143.514412,-17.928021],[143.519361,-17.925947],[143.521773,-17.922642],[143.51855,-17.919469],[143.515312,-17.919511],[143.525984,-17.917308],[143.528732,-17.919874],[143.532063,-17.916168],[143.529586,-17.911378],[143.526924,-17.91274],[143.526491,-17.911197],[143.52337,-17.911007],[143.525351,-17.907906],[143.527664,-17.908454],[143.529217,-17.905968],[143.527918,-17.90314],[143.531746,-17.900336],[143.528075,-17.899435],[143.527147,-17.901601],[143.523699,-17.901646],[143.521961,-17.90109],[143.524188,-17.898049],[143.521235,-17.897054],[143.516226,-17.903323],[143.518333,-17.906023],[143.516732,-17.908054],[143.514317,-17.902684],[143.513269,-17.904937],[143.510869,-17.904855],[143.513099,-17.901322],[143.509498,-17.901468],[143.510623,-17.900406],[143.511871,-17.900706],[143.512039,-17.898523],[143.506716,-17.898447],[143.511479,-17.895531],[143.517646,-17.898816],[143.517865,-17.897039],[143.527333,-17.893809],[143.528063,-17.890526],[143.532568,-17.885644],[143.536726,-17.885473],[143.536452,-17.883322],[143.532488,-17.882787],[143.531974,-17.880856],[143.532565,-17.877498],[143.534811,-17.877089],[143.534884,-17.87362],[143.531771,-17.873051],[143.528417,-17.876852],[143.52574,-17.876918],[143.525855,-17.87432],[143.530313,-17.873214],[143.534285,-17.870015],[143.536354,-17.865676],[143.532089,-17.865352],[143.531062,-17.868048],[143.530016,-17.867276],[143.526151,-17.869453],[143.529515,-17.86632],[143.527962,-17.864064],[143.52544,-17.864332],[143.523587,-17.862432],[143.530057,-17.863775],[143.533442,-17.862101],[143.533568,-17.860234],[143.527975,-17.860713],[143.527645,-17.858884],[143.529458,-17.857926],[143.529519,-17.855825],[143.532381,-17.855906],[143.531992,-17.854249],[143.533862,-17.853032],[143.532993,-17.851906],[143.536928,-17.848752],[143.534974,-17.849956],[143.534672,-17.847919],[143.526585,-17.848462],[143.531196,-17.845286],[143.529282,-17.843356],[143.525265,-17.843349],[143.528353,-17.842176],[143.528119,-17.840752],[143.529944,-17.840697],[143.530281,-17.838683],[143.533085,-17.836867],[143.537681,-17.839137],[143.53924,-17.8418],[143.541582,-17.840726],[143.543412,-17.842933],[143.544877,-17.84258],[143.544079,-17.838142],[143.534416,-17.833233],[143.537047,-17.833235],[143.537714,-17.831189],[143.53947,-17.835018],[143.541718,-17.835283],[143.54057,-17.830777],[143.543885,-17.835403],[143.548296,-17.835495],[143.54965,-17.832772],[143.546558,-17.830221],[143.547234,-17.828767],[143.542213,-17.829315],[143.545425,-17.826641],[143.545055,-17.825128],[143.553432,-17.826721],[143.555703,-17.823246],[143.555698,-17.817466],[143.550397,-17.822724],[143.548167,-17.820974],[143.550393,-17.812925],[143.54937,-17.811751],[143.553848,-17.808432],[143.551094,-17.80784],[143.552185,-17.805713],[143.549894,-17.805038],[143.546622,-17.808824],[143.547655,-17.810775],[143.546134,-17.815351],[143.543495,-17.814753],[143.543175,-17.81665],[143.541072,-17.815675],[143.541391,-17.81908],[143.538769,-17.816892],[143.53861,-17.813855],[143.535957,-17.814964],[143.538245,-17.820205],[143.53639,-17.820581],[143.535229,-17.823599],[143.534574,-17.815989],[143.531414,-17.81701],[143.530568,-17.819116],[143.53062,-17.815029],[143.519085,-17.815282],[143.514544,-17.813435],[143.51888,-17.809829],[143.522027,-17.813307],[143.53005,-17.812928],[143.529479,-17.810966],[143.527205,-17.810724],[143.527546,-17.809144],[143.536327,-17.802008],[143.538773,-17.797014],[143.534567,-17.796264],[143.533096,-17.800582],[143.531562,-17.79522],[143.529111,-17.797387],[143.527426,-17.794261],[143.52508,-17.795949],[143.523588,-17.795205],[143.520287,-17.788515],[143.519283,-17.781244],[143.514387,-17.78636],[143.504992,-17.790048],[143.497665,-17.798387],[143.494746,-17.797029],[143.494487,-17.799372],[143.486538,-17.804346],[143.483362,-17.797811],[143.475098,-17.793793],[143.480404,-17.789738],[143.493616,-17.789285],[143.493635,-17.787547],[143.489569,-17.784753],[143.491584,-17.783296],[143.491393,-17.780928],[143.488711,-17.779101],[143.486345,-17.780251],[143.486346,-17.777226],[143.482406,-17.777235],[143.48096,-17.779159],[143.482483,-17.782834],[143.477612,-17.784472],[143.476629,-17.788743],[143.470856,-17.787989],[143.470179,-17.786643],[143.472323,-17.783455],[143.472265,-17.775588],[143.47582,-17.77259],[143.477205,-17.774849],[143.480638,-17.775017],[143.4811,-17.772442],[143.483049,-17.771401],[143.481224,-17.769365],[143.479623,-17.770772],[143.479351,-17.768987],[143.485788,-17.763125],[143.4874,-17.749719],[143.486133,-17.748642],[143.479924,-17.752971],[143.475715,-17.759504],[143.47139,-17.76263],[143.469553,-17.762251],[143.469446,-17.759651],[143.472828,-17.75451],[143.475929,-17.754507],[143.477501,-17.75101],[143.482437,-17.748784],[143.478793,-17.744269],[143.483227,-17.733713],[143.489352,-17.734033],[143.490813,-17.730289],[143.489114,-17.72812],[143.490172,-17.722593],[143.487798,-17.71841],[143.488469,-17.716035],[143.490881,-17.71469],[143.48917,-17.718324],[143.491717,-17.719168],[143.49284,-17.72395],[143.494169,-17.720758],[143.495866,-17.723708],[143.501531,-17.715652],[143.505297,-17.715536],[143.508503,-17.70794],[143.513859,-17.705252],[143.519399,-17.706387],[143.523819,-17.705111],[143.516645,-17.703401],[143.516565,-17.697595],[143.522366,-17.697557],[143.524471,-17.695868],[143.529809,-17.696526],[143.524147,-17.693754],[143.523805,-17.692408],[143.525687,-17.692556],[143.525,-17.691548],[143.531505,-17.689961],[143.53523,-17.690852],[143.535459,-17.694074],[143.537102,-17.694238],[143.544867,-17.691455],[143.544118,-17.685558],[143.546346,-17.680489],[143.542591,-17.678655],[143.544714,-17.674396],[143.542441,-17.672226],[143.542371,-17.66964],[143.543943,-17.667506],[143.543374,-17.664609],[143.5453,-17.663916],[143.544764,-17.661643],[143.548718,-17.655554],[143.548601,-17.647675],[143.552562,-17.647859],[143.553601,-17.651332],[143.557982,-17.654689],[143.565972,-17.647301],[143.569111,-17.649436],[143.569035,-17.652888],[143.570453,-17.65417],[143.576032,-17.651832],[143.576513,-17.653883],[143.579492,-17.654137],[143.579216,-17.657234],[143.581705,-17.654442],[143.583975,-17.654715],[143.582467,-17.663089],[143.583856,-17.666715],[143.580891,-17.667002],[143.580047,-17.678718],[143.582774,-17.678935],[143.582895,-17.681489],[143.58684,-17.679369],[143.587423,-17.684004],[143.591643,-17.687376],[143.591841,-17.69309],[143.597329,-17.695085],[143.597237,-17.700862],[143.599586,-17.699287],[143.59978,-17.707024],[143.604155,-17.705774],[143.607746,-17.711073],[143.603808,-17.711568],[143.606109,-17.712707],[143.604493,-17.715496],[143.597328,-17.715857],[143.597728,-17.714362],[143.59327,-17.713798],[143.593101,-17.721553],[143.588706,-17.721657],[143.588921,-17.724453],[143.586817,-17.729322],[143.5852,-17.729664],[143.584823,-17.733209],[143.581547,-17.734061],[143.584998,-17.735903],[143.584152,-17.739806],[143.586704,-17.741638],[143.584815,-17.745555],[143.581763,-17.744516],[143.578447,-17.739358],[143.57825,-17.744693],[143.582046,-17.750003],[143.581861,-17.753596],[143.584603,-17.752088],[143.584575,-17.75487],[143.587755,-17.752931],[143.583968,-17.755401],[143.584125,-17.756772],[143.589187,-17.759907],[143.597811,-17.754496],[143.597791,-17.757896],[143.601561,-17.758993],[143.600753,-17.762075],[143.606037,-17.764068],[143.606057,-17.766813],[143.610955,-17.772235],[143.612358,-17.765447],[143.618136,-17.768477],[143.619078,-17.767547],[143.617149,-17.762127],[143.60903,-17.756763],[143.611116,-17.753714],[143.605717,-17.753646],[143.604707,-17.751781],[143.610149,-17.748696],[143.611079,-17.751091],[143.612635,-17.751138],[143.616958,-17.746985],[143.621659,-17.747879],[143.622524,-17.74999],[143.624435,-17.749978],[143.623281,-17.752666],[143.628749,-17.757262],[143.626755,-17.762369],[143.628704,-17.761318],[143.629909,-17.757391],[143.636799,-17.759629],[143.640936,-17.762517],[143.64195,-17.768382],[143.645462,-17.771925],[143.645784,-17.776174],[143.647386,-17.772283],[143.652552,-17.772542],[143.652359,-17.774762],[143.662034,-17.779963],[143.660481,-17.773789],[143.657109,-17.770977],[143.661304,-17.771024],[143.661367,-17.768666],[143.65827,-17.767692],[143.655858,-17.769152],[143.646472,-17.765115],[143.641325,-17.758109],[143.633388,-17.754089],[143.631505,-17.750429],[143.627663,-17.749429],[143.623866,-17.741266],[143.615684,-17.738011],[143.61487,-17.734527],[143.618349,-17.733961],[143.618082,-17.730668],[143.62063,-17.731041],[143.622521,-17.734357],[143.620741,-17.735049],[143.621565,-17.738294],[143.627054,-17.735687],[143.632527,-17.739253],[143.635979,-17.745262],[143.645732,-17.747172],[143.654154,-17.752761],[143.662853,-17.75533],[143.668583,-17.759013],[143.6661,-17.759891],[143.666022,-17.762665],[143.667092,-17.767545],[143.670459,-17.769156],[143.667525,-17.771142],[143.667307,-17.773769],[143.670111,-17.775758],[143.670043,-17.777678],[143.672574,-17.777648],[143.673103,-17.774877],[143.674821,-17.775906],[143.676298,-17.77352],[143.675599,-17.771547],[143.677393,-17.771829],[143.674664,-17.76876],[143.679727,-17.767074],[143.679929,-17.773131],[143.678182,-17.773255],[143.677713,-17.775257],[143.681641,-17.776598],[143.682283,-17.779989],[143.684406,-17.780543],[143.684194,-17.782993],[143.682373,-17.782377],[143.683185,-17.787558],[143.686073,-17.786178],[143.69084,-17.789259],[143.690917,-17.790721],[143.698473,-17.792423],[143.696819,-17.795896],[143.693892,-17.795981],[143.693971,-17.801001],[143.695956,-17.801105],[143.698754,-17.798398],[143.698633,-17.796625],[143.700165,-17.796784],[143.700674,-17.789137],[143.702707,-17.790207],[143.703552,-17.796309],[143.705702,-17.798406],[143.706405,-17.797294],[143.707936,-17.798167],[143.708803,-17.802625],[143.707504,-17.804237],[143.710967,-17.807512],[143.715754,-17.807712],[143.718189,-17.809611],[143.718459,-17.812479],[143.714836,-17.81243],[143.715196,-17.81354],[143.720934,-17.813221],[143.72567,-17.809398],[143.727405,-17.809595],[143.726713,-17.812075],[143.730062,-17.811238],[143.727922,-17.815146],[143.723675,-17.816041],[143.721681,-17.818999],[143.711722,-17.821314],[143.708799,-17.819968],[143.708315,-17.81527],[143.703977,-17.817339],[143.697913,-17.813928],[143.690502,-17.814988],[143.696112,-17.816432],[143.701574,-17.821987],[143.703319,-17.828388],[143.710274,-17.824671],[143.710338,-17.826201],[143.719035,-17.826518],[143.722358,-17.828291],[143.723915,-17.827104],[143.720392,-17.823857],[143.724342,-17.82294],[143.727929,-17.825816],[143.726502,-17.821343],[143.729766,-17.820963],[143.729584,-17.816274],[143.731456,-17.814858],[143.732711,-17.814899],[143.732911,-17.817474],[143.736689,-17.816636],[143.736548,-17.818489],[143.733189,-17.821078],[143.738142,-17.82393],[143.741043,-17.824092],[143.741573,-17.819619],[143.746691,-17.816816],[143.737336,-17.810238],[143.737112,-17.805807],[143.738903,-17.803086],[143.734515,-17.799246],[143.737476,-17.794852],[143.747738,-17.797359],[143.749574,-17.794981],[143.748139,-17.793199],[143.74344,-17.792294],[143.742171,-17.789012],[143.739781,-17.78858],[143.739428,-17.790752],[143.737466,-17.790473],[143.738548,-17.784353],[143.742032,-17.780484],[143.741234,-17.776238],[143.743457,-17.774423],[143.747061,-17.775077],[143.740337,-17.768493],[143.748951,-17.771235],[143.752629,-17.771143],[143.754843,-17.768705],[143.756259,-17.770636],[143.757927,-17.769325],[143.764046,-17.770318],[143.760399,-17.75635],[143.757081,-17.752649],[143.759377,-17.748797],[143.766626,-17.748108],[143.766667,-17.751634],[143.770358,-17.754634],[143.769212,-17.758334],[143.771933,-17.760761],[143.77012,-17.764295],[143.770589,-17.769738],[143.775592,-17.768466],[143.778314,-17.766012],[143.779714,-17.767297],[143.773287,-17.770711],[143.76949,-17.776061],[143.764629,-17.775769],[143.763827,-17.780724],[143.770986,-17.784307],[143.779102,-17.783312],[143.781439,-17.784895],[143.780625,-17.787801],[143.784054,-17.790696],[143.784775,-17.794239],[143.781107,-17.795212],[143.780879,-17.796741],[143.784615,-17.798029],[143.786574,-17.800949],[143.784479,-17.801733],[143.784728,-17.804254],[143.78156,-17.809613],[143.771282,-17.816879],[143.766029,-17.823288],[143.769661,-17.826705],[143.77406,-17.83513],[143.7779,-17.825811],[143.781899,-17.827054],[143.782186,-17.825474],[143.783776,-17.825691],[143.784018,-17.831182],[143.782672,-17.831585],[143.781219,-17.829353],[143.778764,-17.830539],[143.780183,-17.832483],[143.779428,-17.834539],[143.78116,-17.834668],[143.780766,-17.836904],[143.774634,-17.836992],[143.777882,-17.839478],[143.778637,-17.842393],[143.781128,-17.840367],[143.784389,-17.840428],[143.785456,-17.843696],[143.789641,-17.844521],[143.786238,-17.840696],[143.791905,-17.841581],[143.782863,-17.835267],[143.7858,-17.833279],[143.79256,-17.836614],[143.792803,-17.83517],[143.786989,-17.831664],[143.790264,-17.826339],[143.796004,-17.824568],[143.795122,-17.821849],[143.797138,-17.821875],[143.798044,-17.81787],[143.79965,-17.817324],[143.800002,-17.813427],[143.795798,-17.813947],[143.794989,-17.808126],[143.802905,-17.799623],[143.803645,-17.7947],[143.801959,-17.79346],[143.807076,-17.790967],[143.809979,-17.786735],[143.815264,-17.784872],[143.815715,-17.783262],[143.808841,-17.783307],[143.806632,-17.780828],[143.799214,-17.78042],[143.798506,-17.774172],[143.794035,-17.771902],[143.79466,-17.770033],[143.788516,-17.768924],[143.786743,-17.766917],[143.787306,-17.763776],[143.781478,-17.764197],[143.779867,-17.753718],[143.777064,-17.754548],[143.781189,-17.74433],[143.777648,-17.739437],[143.768301,-17.733081],[143.763333,-17.732582],[143.756693,-17.734224],[143.747118,-17.733798],[143.742584,-17.737348],[143.738384,-17.73728],[143.733236,-17.740341],[143.726911,-17.748556],[143.729524,-17.74964],[143.727909,-17.753021],[143.72932,-17.754663],[143.733608,-17.75203],[143.73651,-17.752116],[143.732907,-17.757183],[143.734456,-17.763306],[143.739211,-17.767764],[143.734867,-17.767531],[143.734301,-17.772831],[143.728581,-17.774003],[143.726789,-17.778426],[143.719061,-17.77698],[143.716707,-17.773035],[143.712329,-17.772681],[143.70906,-17.769777],[143.708316,-17.766428],[143.705129,-17.764607],[143.706761,-17.75662],[143.703442,-17.757537],[143.703161,-17.753224],[143.698329,-17.750017],[143.696724,-17.737211],[143.697844,-17.73725],[143.693896,-17.732803],[143.699083,-17.73246],[143.698721,-17.728524],[143.700082,-17.726879],[143.698877,-17.719861],[143.695439,-17.719249],[143.694136,-17.717402],[143.694068,-17.715294],[143.697492,-17.71452],[143.694738,-17.713149],[143.695069,-17.710797],[143.697024,-17.710562],[143.697009,-17.704345],[143.69356,-17.705435],[143.69086,-17.713108],[143.68792,-17.712313],[143.685352,-17.707485],[143.683006,-17.706993],[143.672062,-17.710262],[143.673306,-17.707514],[143.679088,-17.704631],[143.67844,-17.700969],[143.675271,-17.698578],[143.665278,-17.698154],[143.660147,-17.699497],[143.656949,-17.704353],[143.648727,-17.709842],[143.633744,-17.703871],[143.628483,-17.695154],[143.629007,-17.700702],[143.624034,-17.700375],[143.621279,-17.693174],[143.613809,-17.692347],[143.607235,-17.686289],[143.610972,-17.685435],[143.60888,-17.683047],[143.609055,-17.680571],[143.603914,-17.67937],[143.60462,-17.67783],[143.60681,-17.678753],[143.610427,-17.677572],[143.616206,-17.669792],[143.634775,-17.664834],[143.634697,-17.662641],[143.638186,-17.661817],[143.637854,-17.65909],[143.632363,-17.658829],[143.632922,-17.656419],[143.643742,-17.658424],[143.649724,-17.651277],[143.652197,-17.650859],[143.652624,-17.657207],[143.658004,-17.658101],[143.659444,-17.660176],[143.658713,-17.662114],[143.670982,-17.662219],[143.671683,-17.663524],[143.665897,-17.662686],[143.660024,-17.664874],[143.660354,-17.669593],[143.657081,-17.672373],[143.657679,-17.673525],[143.664871,-17.670877],[143.66487,-17.673049],[143.661632,-17.675463],[143.662811,-17.678545],[143.658489,-17.680803],[143.658349,-17.682918],[143.656065,-17.681535],[143.654583,-17.681898],[143.654597,-17.68389],[143.651671,-17.684281],[143.649827,-17.679484],[143.649023,-17.68862],[143.647074,-17.690624],[143.644727,-17.688005],[143.645657,-17.684313],[143.64103,-17.686303],[143.637157,-17.686075],[143.632788,-17.682363],[143.632519,-17.686318],[143.634982,-17.686574],[143.63487,-17.690323],[143.640962,-17.689686],[143.640016,-17.693004],[143.644315,-17.696631],[143.642417,-17.697966],[143.640588,-17.695092],[143.639732,-17.698137],[143.635249,-17.702153],[143.639327,-17.702658],[143.639655,-17.699796],[143.645086,-17.701357],[143.644835,-17.69699],[143.652876,-17.697396],[143.656203,-17.694827],[143.658239,-17.696949],[143.66292,-17.691783],[143.665138,-17.692371],[143.66342,-17.694341],[143.664945,-17.69497],[143.668332,-17.689985],[143.673461,-17.687878],[143.675902,-17.688974],[143.673533,-17.689607],[143.672459,-17.694421],[143.679054,-17.698477],[143.677502,-17.69014],[143.680191,-17.689453],[143.681129,-17.684929],[143.68277,-17.685246],[143.68292,-17.68719],[143.680966,-17.694134],[143.682573,-17.693552],[143.683665,-17.689844],[143.686906,-17.68951],[143.686904,-17.687853],[143.698465,-17.69007],[143.69781,-17.686774],[143.691191,-17.685031],[143.69112,-17.683547],[143.688191,-17.683514],[143.686739,-17.685142],[143.684329,-17.684299],[143.683946,-17.678736],[143.697754,-17.682828],[143.704235,-17.682157],[143.709049,-17.685743],[143.701955,-17.685258],[143.702256,-17.686564],[143.698852,-17.687581],[143.701349,-17.689561],[143.705271,-17.688491],[143.708357,-17.690873],[143.712279,-17.690449],[143.708722,-17.696386],[143.713569,-17.697813],[143.714771,-17.695742],[143.71927,-17.699247],[143.720301,-17.695856],[143.723537,-17.696637],[143.72583,-17.695156],[143.726272,-17.700771],[143.728151,-17.702009],[143.728538,-17.700383],[143.729993,-17.700738],[143.72906,-17.704092],[143.727126,-17.704168],[143.726568,-17.707328],[143.724213,-17.708981],[143.727316,-17.711011],[143.726746,-17.713385],[143.730048,-17.714165],[143.726635,-17.714628],[143.723647,-17.720187],[143.720119,-17.718787],[143.716587,-17.71987],[143.717651,-17.72446],[143.724078,-17.727275],[143.727126,-17.725616],[143.733036,-17.729972],[143.738829,-17.729557],[143.739078,-17.731671],[143.737322,-17.732897],[143.738248,-17.734004],[143.744317,-17.731697],[143.743808,-17.727519],[143.746909,-17.7293],[143.747322,-17.726774],[143.743626,-17.722844],[143.747832,-17.723327],[143.749894,-17.719437],[143.747599,-17.716526],[143.741438,-17.718355],[143.740356,-17.715548],[143.742764,-17.711658],[143.739377,-17.710211],[143.741704,-17.709515],[143.745809,-17.714121],[143.7495,-17.714901],[143.746739,-17.705543],[143.741336,-17.704521],[143.74424,-17.700562],[143.74673,-17.702121],[143.748806,-17.700579],[143.749837,-17.695855],[143.751302,-17.695424],[143.750203,-17.689339],[143.747599,-17.69311],[143.748323,-17.684512],[143.749811,-17.683931],[143.750024,-17.686542],[143.751238,-17.686688],[143.752301,-17.679828],[143.754845,-17.687717],[143.758388,-17.687419],[143.760043,-17.685196],[143.761429,-17.690983],[143.759307,-17.690891],[143.756705,-17.693375],[143.756549,-17.695906],[143.758126,-17.69713],[143.763252,-17.695604],[143.765167,-17.693464],[143.771741,-17.696938],[143.772217,-17.698345],[143.767418,-17.698638],[143.767547,-17.699986],[143.770819,-17.700292],[143.770299,-17.701686],[143.767511,-17.700524],[143.766087,-17.701456],[143.769925,-17.707606],[143.767063,-17.705863],[143.765017,-17.706452],[143.764475,-17.710649],[143.766075,-17.711972],[143.762761,-17.712475],[143.760634,-17.717693],[143.772283,-17.71677],[143.773584,-17.71574],[143.77156,-17.713326],[143.771381,-17.710114],[143.774143,-17.712441],[143.776096,-17.707848],[143.772638,-17.705306],[143.776903,-17.703381],[143.7753,-17.697615],[143.77271,-17.696925],[143.775802,-17.692772],[143.776091,-17.687625],[143.770832,-17.686164],[143.773089,-17.680949],[143.778363,-17.677805],[143.780176,-17.680352],[143.776812,-17.681104],[143.776375,-17.683598],[143.778957,-17.685472],[143.779391,-17.688369],[143.781178,-17.689215],[143.785147,-17.685592],[143.785847,-17.688855],[143.782468,-17.695708],[143.783578,-17.700338],[143.786623,-17.701333],[143.786,-17.70304],[143.778548,-17.706671],[143.784248,-17.708663],[143.784865,-17.706623],[143.789267,-17.705775],[143.792378,-17.708259],[143.791881,-17.715278],[143.795592,-17.714561],[143.795964,-17.712772],[143.798836,-17.713788],[143.800609,-17.712291],[143.797867,-17.70986],[143.801814,-17.710404],[143.802517,-17.709017],[143.801806,-17.705781],[143.798618,-17.706012],[143.796106,-17.703244],[143.799008,-17.700633],[143.797996,-17.699569],[143.790623,-17.701312],[143.787703,-17.696767],[143.788984,-17.694193],[143.792114,-17.694735],[143.794144,-17.690557],[143.79085,-17.686283],[143.792642,-17.684303],[143.791279,-17.682213],[143.795067,-17.681731],[143.800749,-17.687393],[143.797547,-17.696293],[143.801614,-17.694916],[143.805732,-17.689534],[143.813298,-17.689128],[143.814847,-17.683706],[143.818948,-17.68339],[143.817586,-17.679378],[143.818169,-17.67592],[143.819271,-17.676017],[143.826036,-17.684598],[143.826257,-17.688865],[143.821765,-17.694434],[143.825494,-17.696516],[143.826916,-17.690382],[143.83273,-17.685391],[143.832932,-17.677857],[143.837523,-17.670364],[143.84108,-17.670172],[143.841089,-17.667156],[143.838191,-17.667103],[143.840223,-17.658089],[143.845216,-17.652933],[143.848224,-17.642262],[143.85112,-17.637944],[143.850697,-17.635237],[143.848308,-17.635231],[143.849942,-17.632638],[143.849286,-17.630205],[143.847447,-17.628322],[143.843226,-17.628076],[143.842281,-17.626288],[143.851028,-17.623615],[143.851062,-17.620093],[143.848015,-17.619343],[143.852154,-17.617341],[143.849592,-17.614155],[143.849433,-17.611344],[143.846423,-17.611537],[143.845482,-17.608142],[143.837495,-17.609977],[143.834205,-17.604579],[143.840434,-17.600304],[143.840668,-17.590576],[143.845924,-17.586974],[143.846593,-17.589578],[143.849111,-17.588038],[143.850813,-17.597942],[143.853045,-17.598547],[143.854351,-17.596916],[143.85604,-17.598661],[143.855426,-17.601302],[143.851703,-17.60407],[143.851715,-17.607162],[143.856992,-17.605086],[143.857568,-17.601014],[143.860897,-17.600609],[143.864139,-17.596801],[143.866366,-17.596606],[143.868552,-17.592764],[143.871276,-17.596878],[143.865069,-17.597871],[143.865656,-17.605312],[143.881039,-17.606258],[143.881858,-17.605171],[143.888199,-17.61116],[143.888406,-17.60331],[143.892297,-17.608517],[143.891406,-17.610201],[143.892753,-17.611025],[143.89034,-17.613684],[143.892444,-17.615215],[143.893341,-17.613703],[143.894329,-17.614488],[143.893863,-17.62091],[143.891268,-17.624452],[143.885199,-17.627186],[143.883959,-17.630315],[143.880667,-17.632318],[143.87961,-17.635846],[143.875702,-17.633763],[143.879611,-17.63781],[143.879233,-17.64229],[143.88535,-17.645491],[143.881789,-17.649097],[143.881222,-17.653308],[143.885432,-17.660709],[143.89075,-17.655918],[143.897249,-17.653132],[143.89763,-17.648711],[143.892952,-17.648229],[143.894822,-17.646887],[143.894874,-17.641794],[143.900636,-17.645845],[143.901449,-17.64837],[143.900259,-17.649719],[143.901488,-17.650771],[143.89943,-17.655637],[143.902714,-17.655634],[143.901762,-17.659706],[143.904476,-17.662316],[143.906498,-17.660688],[143.909618,-17.661523],[143.909413,-17.65739],[143.914836,-17.655576],[143.913829,-17.644241],[143.919373,-17.64271],[143.922234,-17.644176],[143.92315,-17.646663],[143.919865,-17.65236],[143.92152,-17.656683],[143.918991,-17.658097],[143.918515,-17.660727],[143.921561,-17.660863],[143.923266,-17.659275],[143.926516,-17.648311],[143.928433,-17.650034],[143.934901,-17.650488],[143.932542,-17.654099],[143.932614,-17.656978],[143.935401,-17.656088],[143.936275,-17.657465],[143.938391,-17.667483],[143.958124,-17.659197],[143.955248,-17.651498],[143.951274,-17.651905],[143.949212,-17.650478],[143.948821,-17.64605],[143.954526,-17.644159],[143.955928,-17.641036],[143.954459,-17.63607],[143.958338,-17.631208],[143.958393,-17.627176],[143.952987,-17.619912],[143.952048,-17.629619],[143.948424,-17.631122],[143.948788,-17.628597],[143.946034,-17.622937],[143.942305,-17.622559],[143.944577,-17.619518],[143.942764,-17.614534],[143.945537,-17.612105],[143.950591,-17.611528],[143.955648,-17.608775],[143.956507,-17.604559],[143.965604,-17.596265],[143.964232,-17.591739],[143.96744,-17.589402],[143.967102,-17.585259],[143.961232,-17.591112],[143.958037,-17.588067],[143.958274,-17.578764],[143.954196,-17.575276],[143.955658,-17.574636],[143.95626,-17.567909],[143.950428,-17.570877],[143.946854,-17.568379],[143.943569,-17.569484],[143.94118,-17.562748],[143.936546,-17.559986],[143.933816,-17.561995],[143.931703,-17.56139],[143.931029,-17.567535],[143.934765,-17.566446],[143.936058,-17.567926],[143.935532,-17.570805],[143.93848,-17.571176],[143.939735,-17.5769],[143.935941,-17.574794],[143.933837,-17.575254],[143.932689,-17.579023],[143.934151,-17.580965],[143.932326,-17.583814],[143.939403,-17.584607],[143.939278,-17.588316],[143.934769,-17.585588],[143.933419,-17.587631],[143.940875,-17.593764],[143.941777,-17.59756],[143.939854,-17.596564],[143.935896,-17.598993],[143.933126,-17.596484],[143.93007,-17.597161],[143.928309,-17.595056],[143.929694,-17.59193],[143.925798,-17.587161],[143.927822,-17.581416],[143.925175,-17.575875],[143.923392,-17.578935],[143.925198,-17.581093],[143.922392,-17.583392],[143.920973,-17.591147],[143.914304,-17.595268],[143.910401,-17.594924],[143.910749,-17.593126],[143.908917,-17.592584],[143.913174,-17.588766],[143.913915,-17.584759],[143.917577,-17.579938],[143.918174,-17.576678],[143.915704,-17.574877],[143.920416,-17.573403],[143.922684,-17.568169],[143.922865,-17.566731],[143.920609,-17.566899],[143.914434,-17.569487],[143.915444,-17.565599],[143.922096,-17.557157],[143.921093,-17.553123],[143.922366,-17.548408],[143.919247,-17.549439],[143.919997,-17.543215],[143.917893,-17.543639],[143.916599,-17.541523],[143.914814,-17.541657],[143.913201,-17.538002],[143.915825,-17.538974],[143.917096,-17.537773],[143.914331,-17.533484],[143.920132,-17.526062],[143.918769,-17.525152],[143.917797,-17.526629],[143.916161,-17.525109],[143.913049,-17.530324],[143.908517,-17.530928],[143.911234,-17.528581],[143.912434,-17.524798],[143.910686,-17.523641],[143.908303,-17.524886],[143.90942,-17.521411],[143.905434,-17.5177],[143.914094,-17.513921],[143.914755,-17.510087],[143.911903,-17.506454],[143.91397,-17.504162],[143.917477,-17.505559],[143.917423,-17.500228],[143.915638,-17.498534],[143.914158,-17.500245],[143.912606,-17.497405],[143.910643,-17.49831],[143.912112,-17.501841],[143.906082,-17.505636],[143.905945,-17.502984],[143.909202,-17.500466],[143.906884,-17.495877],[143.908815,-17.492928],[143.90673,-17.494073],[143.906556,-17.491033],[143.903419,-17.491138],[143.902754,-17.492777],[143.903926,-17.49541],[143.902673,-17.497596],[143.906098,-17.497758],[143.906104,-17.500105],[143.90364,-17.501135],[143.900926,-17.496298],[143.899328,-17.49843],[143.898096,-17.497997],[143.898196,-17.494406],[143.892858,-17.500272],[143.892523,-17.492985],[143.888587,-17.494216],[143.887272,-17.491482],[143.881476,-17.490207],[143.882302,-17.488809],[143.88743,-17.48952],[143.883083,-17.484581],[143.880946,-17.486449],[143.879339,-17.484034],[143.871949,-17.481247],[143.870814,-17.482952],[143.872998,-17.486086],[143.87705,-17.486208],[143.87199,-17.487875],[143.867299,-17.483039],[143.867556,-17.479803],[143.860872,-17.477899],[143.856065,-17.474605],[143.855512,-17.468987],[143.85336,-17.465262],[143.849006,-17.467938],[143.851493,-17.463911],[143.848361,-17.455649],[143.843364,-17.456479],[143.845326,-17.462045],[143.842255,-17.460545],[143.84095,-17.461408],[143.842633,-17.458458],[143.840677,-17.456996],[143.84276,-17.455277],[143.84125,-17.453344],[143.837974,-17.453617],[143.837744,-17.449218],[143.835533,-17.448297],[143.836232,-17.446178],[143.833888,-17.446126],[143.834165,-17.443295],[143.836726,-17.444645],[143.836789,-17.443569],[143.831149,-17.440196],[143.834929,-17.440043],[143.836472,-17.437492],[143.837641,-17.439246],[143.839982,-17.439045],[143.842778,-17.444157],[143.84564,-17.443127],[143.849958,-17.445761],[143.850901,-17.448808],[143.856904,-17.450031],[143.85725,-17.448464],[143.8546,-17.446927],[143.859318,-17.444209],[143.858414,-17.438885],[143.862167,-17.440113],[143.862222,-17.43781],[143.859729,-17.435633],[143.863227,-17.43608],[143.861417,-17.431473],[143.863931,-17.429166],[143.864055,-17.433214],[143.867279,-17.43171],[143.865853,-17.435663],[143.867022,-17.437235],[143.878821,-17.436582],[143.879608,-17.433541],[143.877353,-17.433921],[143.873833,-17.430595],[143.881094,-17.429117],[143.879998,-17.426018],[143.876168,-17.423215],[143.877992,-17.421975],[143.883092,-17.422122],[143.883231,-17.428946],[143.886865,-17.432271],[143.886228,-17.43033],[143.891484,-17.426818],[143.889032,-17.423761],[143.892787,-17.423783],[143.895294,-17.422053],[143.896071,-17.425117],[143.893254,-17.427402],[143.896134,-17.432953],[143.897038,-17.430638],[143.89998,-17.430536],[143.903799,-17.425397],[143.90595,-17.42509],[143.903539,-17.423681],[143.904236,-17.421273],[143.908928,-17.422744],[143.916822,-17.421839],[143.916058,-17.419827],[143.913347,-17.420652],[143.908785,-17.418164],[143.906975,-17.413797],[143.900337,-17.412946],[143.902058,-17.407688],[143.908797,-17.407111],[143.907209,-17.403469],[143.910052,-17.39907],[143.90474,-17.394845],[143.905292,-17.392647],[143.903746,-17.390819],[143.90553,-17.388621],[143.903666,-17.385547],[143.906565,-17.379906],[143.911098,-17.377393],[143.919918,-17.377644],[143.921701,-17.380579],[143.923544,-17.378272],[143.926194,-17.379972],[143.9285,-17.377825],[143.937137,-17.381459],[143.942137,-17.381453],[143.944425,-17.38322],[143.94636,-17.382307],[143.94876,-17.38605],[143.94826,-17.388031],[143.950479,-17.389361],[143.948608,-17.389831],[143.948508,-17.39242],[143.945762,-17.389228],[143.939276,-17.387143],[143.933129,-17.388958],[143.933676,-17.386711],[143.931749,-17.385922],[143.931674,-17.383471],[143.929796,-17.385711],[143.928391,-17.382093],[143.927415,-17.385371],[143.92405,-17.381132],[143.920216,-17.380813],[143.918184,-17.382342],[143.921417,-17.385017],[143.921528,-17.387503],[143.9203,-17.389543],[143.917441,-17.389694],[143.9182,-17.390635],[143.915506,-17.393532],[143.918648,-17.393798],[143.918652,-17.395531],[143.915306,-17.396253],[143.914721,-17.399711],[143.911449,-17.402513],[143.912161,-17.404927],[143.915149,-17.404784],[143.91537,-17.407155],[143.914239,-17.408526],[143.910636,-17.408022],[143.907939,-17.410722],[143.913361,-17.413058],[143.914052,-17.417387],[143.918186,-17.420523],[143.921701,-17.419726],[143.924714,-17.41691],[143.917021,-17.412517],[143.918297,-17.406124],[143.920483,-17.405171],[143.921845,-17.410582],[143.925093,-17.411767],[143.927091,-17.408961],[143.929304,-17.408798],[143.929801,-17.40684],[143.928176,-17.405297],[143.930725,-17.406041],[143.93229,-17.403819],[143.930193,-17.401742],[143.931254,-17.399374],[143.928341,-17.396798],[143.929771,-17.395278],[143.933506,-17.398253],[143.941661,-17.396625],[143.946762,-17.402946],[143.952033,-17.402187],[143.953146,-17.407466],[143.963939,-17.410556],[143.96391,-17.413107],[143.966485,-17.4145],[143.975789,-17.416063],[143.978882,-17.41808],[143.981787,-17.416633],[143.985198,-17.417426],[143.98691,-17.414349],[143.983308,-17.410087],[143.981347,-17.410008],[143.980877,-17.407062],[143.977395,-17.407891],[143.980319,-17.410574],[143.976803,-17.411624],[143.97171,-17.405506],[143.965643,-17.405596],[143.965339,-17.398703],[143.962227,-17.396717],[143.964671,-17.392189],[143.969126,-17.391409],[143.970038,-17.393026],[143.9717,-17.392766],[143.970911,-17.389952],[143.966712,-17.388994],[143.97016,-17.387426],[143.968318,-17.383097],[143.97583,-17.387206],[143.977124,-17.386099],[143.976688,-17.383311],[143.978916,-17.382975],[143.981083,-17.385425],[143.985149,-17.384719],[143.985291,-17.38036],[143.979344,-17.378711],[143.978187,-17.375121],[143.986732,-17.376316],[143.991258,-17.37996],[143.993071,-17.378095],[143.992221,-17.373814],[143.994985,-17.373741],[143.997321,-17.375679],[143.996236,-17.378725],[143.998362,-17.383],[144.003565,-17.383877],[144.002899,-17.385678],[144.006262,-17.38831],[144.005515,-17.391568],[144.009621,-17.39367],[144.011368,-17.393533],[144.011799,-17.391603],[144.008724,-17.385521],[144.010644,-17.385067],[144.011625,-17.390693],[144.01377,-17.391917],[144.01442,-17.389922],[144.019354,-17.386628],[144.018743,-17.38359],[144.014089,-17.382157],[144.018084,-17.380312],[144.021445,-17.383093],[144.025141,-17.384132],[144.027301,-17.383117],[144.028246,-17.384504],[144.02522,-17.387082],[144.022146,-17.387356],[144.021626,-17.388319],[144.02384,-17.389201],[144.01696,-17.393495],[144.027386,-17.390906],[144.029264,-17.391742],[144.031548,-17.390846],[144.032222,-17.388193],[144.034299,-17.389758],[144.033576,-17.395441],[144.038552,-17.391921],[144.039055,-17.389901],[144.036647,-17.386859],[144.032782,-17.38672],[144.031149,-17.383707],[144.032178,-17.382431],[144.035957,-17.382731],[144.038198,-17.384539],[144.038161,-17.3868],[144.040343,-17.387072],[144.041477,-17.384506],[144.038568,-17.382445],[144.041591,-17.382652],[144.038178,-17.380502],[144.035233,-17.375452],[144.027809,-17.371874],[144.025531,-17.367154],[144.026323,-17.36499],[144.031324,-17.367647],[144.03136,-17.370632],[144.036673,-17.369582],[144.042498,-17.373302],[144.045253,-17.379718],[144.043293,-17.381386],[144.046567,-17.381679],[144.043851,-17.38325],[144.045415,-17.385373],[144.052532,-17.381925],[144.051996,-17.378689],[144.045332,-17.374798],[144.04461,-17.372688],[144.047112,-17.373935],[144.045892,-17.371335],[144.036812,-17.360947],[144.040018,-17.360187],[144.042275,-17.366274],[144.045917,-17.364554],[144.043938,-17.362182],[144.04584,-17.358901],[144.043302,-17.354664],[144.045969,-17.356076],[144.04675,-17.354553],[144.042094,-17.351337],[144.045316,-17.348518],[144.045419,-17.342122],[144.039234,-17.34078],[144.039602,-17.336772],[144.037964,-17.334707],[144.044332,-17.335533],[144.045724,-17.333996],[144.044641,-17.332034],[144.040549,-17.331436],[144.04083,-17.329689],[144.04625,-17.329625],[144.041945,-17.323335],[144.041867,-17.315551],[144.037642,-17.316897],[144.040468,-17.326961],[144.035834,-17.322225],[144.032129,-17.322671],[144.03762,-17.327745],[144.03547,-17.332287],[144.033277,-17.326954],[144.031021,-17.331833],[144.031287,-17.32157],[144.022982,-17.318431],[144.022705,-17.319885],[144.025009,-17.321477],[144.019862,-17.323446],[144.022422,-17.324847],[144.022945,-17.326995],[144.020895,-17.328472],[144.02049,-17.331626],[144.017994,-17.332488],[144.016083,-17.337908],[144.011311,-17.340807],[144.014672,-17.335734],[144.012526,-17.33586],[144.012116,-17.332666],[144.013387,-17.324207],[144.007735,-17.322913],[144.002455,-17.327154],[144.002203,-17.329732],[144.00415,-17.331459],[144.00543,-17.327682],[144.010187,-17.327188],[144.007294,-17.334572],[144.004181,-17.332146],[144.002119,-17.332354],[144.006439,-17.33803],[144.004378,-17.340257],[144.00173,-17.337504],[143.998142,-17.336693],[144.00316,-17.337467],[144.000886,-17.333018],[143.999038,-17.334608],[143.996049,-17.333393],[144.000015,-17.331036],[143.991324,-17.319627],[143.990045,-17.321618],[143.992762,-17.325221],[143.99017,-17.324953],[143.988038,-17.326822],[143.986458,-17.325518],[143.983659,-17.329966],[143.984904,-17.332435],[143.98853,-17.333094],[143.985311,-17.337874],[143.981594,-17.329388],[143.978849,-17.330584],[143.973676,-17.328449],[143.971533,-17.329637],[143.973523,-17.332162],[143.978252,-17.333081],[143.973796,-17.333725],[143.978472,-17.335764],[143.977479,-17.337891],[143.971129,-17.335331],[143.971773,-17.332464],[143.966103,-17.33248],[143.97258,-17.338578],[143.97202,-17.341173],[143.975466,-17.346093],[143.978382,-17.344451],[143.976514,-17.342948],[143.978998,-17.343115],[143.981908,-17.340557],[143.977466,-17.347241],[143.97738,-17.34973],[143.971489,-17.348535],[143.96889,-17.350095],[143.96474,-17.349394],[143.964402,-17.348442],[143.968311,-17.347571],[143.970737,-17.343653],[143.967757,-17.33767],[143.96485,-17.335293],[143.963883,-17.337077],[143.960789,-17.337602],[143.961701,-17.339782],[143.963784,-17.340004],[143.963967,-17.343221],[143.960182,-17.340861],[143.957432,-17.342839],[143.957984,-17.346208],[143.955202,-17.344334],[143.952709,-17.345888],[143.949015,-17.345523],[143.950239,-17.347053],[143.948207,-17.348122],[143.948844,-17.349489],[143.963379,-17.350371],[143.958276,-17.355282],[143.959563,-17.353408],[143.957792,-17.352508],[143.952799,-17.354198],[143.948828,-17.351277],[143.946985,-17.353128],[143.946236,-17.357582],[143.945912,-17.351966],[143.941962,-17.35122],[143.945899,-17.348381],[143.944721,-17.342494],[143.94177,-17.340989],[143.940376,-17.343542],[143.937693,-17.3442],[143.939038,-17.342239],[143.937891,-17.34012],[143.933059,-17.338525],[143.934936,-17.336701],[143.934554,-17.334187],[143.936538,-17.333345],[143.941222,-17.339249],[143.943695,-17.333403],[143.94641,-17.33608],[143.950758,-17.335339],[143.950982,-17.328343],[143.952697,-17.325879],[143.949239,-17.324635],[143.951681,-17.324405],[143.954783,-17.316697],[143.952892,-17.315877],[143.950331,-17.319725],[143.949662,-17.313337],[143.953324,-17.315112],[143.956436,-17.309237],[143.970973,-17.314661],[143.973238,-17.312271],[143.971924,-17.316475],[143.97698,-17.317967],[143.978666,-17.314845],[143.974833,-17.312184],[143.98318,-17.311261],[143.985281,-17.314123],[143.987494,-17.312867],[143.989576,-17.314502],[143.992039,-17.310144],[143.991481,-17.313999],[143.993479,-17.316998],[143.995715,-17.315024],[143.993308,-17.310839],[143.995901,-17.311193],[143.999534,-17.307965],[143.987884,-17.308247],[143.982616,-17.304308],[144.002596,-17.306127],[144.000124,-17.30229],[143.98603,-17.300699],[143.971729,-17.29265],[143.968756,-17.292943],[143.965631,-17.296673],[143.958773,-17.296968],[143.949722,-17.302131],[143.948858,-17.300189],[143.9524,-17.296024],[143.952951,-17.292639],[143.965315,-17.281165],[143.972428,-17.282256],[143.971304,-17.278494],[143.975317,-17.283437],[143.973343,-17.284112],[143.975872,-17.284927],[143.978127,-17.284077],[143.977604,-17.28245],[143.980139,-17.280327],[143.981135,-17.282764],[143.980084,-17.287903],[143.984455,-17.288353],[143.982214,-17.290391],[143.984998,-17.29164],[143.987313,-17.290143],[143.987207,-17.292357],[143.983563,-17.292687],[143.982472,-17.295389],[143.985846,-17.295885],[143.987879,-17.298848],[143.988751,-17.295842],[143.991057,-17.295979],[143.99223,-17.294052],[143.990596,-17.293805],[143.991627,-17.291817],[143.989805,-17.290892],[143.99149,-17.289909],[143.989988,-17.289015],[143.990239,-17.287039],[143.992183,-17.286703],[143.989586,-17.283879],[143.993104,-17.284576],[143.992968,-17.280479],[143.998346,-17.279988],[143.998178,-17.278392],[144.000331,-17.277918],[144.000205,-17.281048],[143.998445,-17.281792],[144.000667,-17.283307],[143.993997,-17.287186],[143.997304,-17.287886],[143.99976,-17.295131],[143.999975,-17.297444],[143.997554,-17.298943],[144.002501,-17.299309],[144.004037,-17.293401],[144.005375,-17.293773],[144.00487,-17.297967],[144.006021,-17.298365],[144.008427,-17.295654],[144.008118,-17.291677],[144.010484,-17.288679],[144.010518,-17.297005],[144.012265,-17.296945],[144.012209,-17.294872],[144.014759,-17.292988],[144.015574,-17.297274],[144.017286,-17.298031],[144.015927,-17.300657],[144.018377,-17.301016],[144.020268,-17.298556],[144.020315,-17.302328],[144.022031,-17.304483],[144.023752,-17.299131],[144.025688,-17.298715],[144.022718,-17.292486],[144.02729,-17.296965],[144.027723,-17.293818],[144.029564,-17.293551],[144.030916,-17.29094],[144.029758,-17.289943],[144.027545,-17.291136],[144.023191,-17.286316],[144.024735,-17.286568],[144.0262,-17.283256],[144.031202,-17.286859],[144.034981,-17.286719],[144.033905,-17.281703],[144.030204,-17.2799],[144.031413,-17.272434],[144.035178,-17.271999],[144.035308,-17.275057],[144.036947,-17.276387],[144.037837,-17.272741],[144.040225,-17.27227],[144.039259,-17.269919],[144.040758,-17.267163],[144.03584,-17.265295],[144.035732,-17.26196],[144.032826,-17.261852],[144.0301,-17.265341],[144.028133,-17.262812],[144.030278,-17.260082],[144.029157,-17.255711],[144.03249,-17.255172],[144.034693,-17.249836],[144.031455,-17.250279],[144.030095,-17.248102],[144.032656,-17.244968],[144.029927,-17.241687],[144.029982,-17.230223],[144.027185,-17.230738],[144.027382,-17.233306],[144.025341,-17.230678],[144.023063,-17.23169],[144.022904,-17.233158],[144.025097,-17.234236],[144.024582,-17.23717],[144.022697,-17.238074],[144.024392,-17.239504],[144.022283,-17.238966],[144.021659,-17.240771],[144.01983,-17.238211],[144.017942,-17.239261],[144.018403,-17.24185],[144.020393,-17.241765],[144.020881,-17.245285],[144.023677,-17.245058],[144.023195,-17.248331],[144.017909,-17.247153],[144.017834,-17.252904],[144.016084,-17.251734],[144.016996,-17.2458],[144.014511,-17.242293],[144.019173,-17.234655],[144.014865,-17.231323],[144.011885,-17.232668],[144.009919,-17.230384],[144.011513,-17.229076],[144.006449,-17.22872],[144.008412,-17.227246],[144.006026,-17.226353],[144.010448,-17.226089],[144.018194,-17.22843],[144.018564,-17.226426],[144.020902,-17.226083],[144.027481,-17.220339],[144.027278,-17.219184],[144.024832,-17.220651],[144.023965,-17.219282],[144.022296,-17.220524],[144.020175,-17.219177],[144.018264,-17.222531],[144.017814,-17.219869],[144.014557,-17.220736],[144.016215,-17.21911],[144.015763,-17.216007],[144.011162,-17.214811],[144.015693,-17.214306],[144.018522,-17.218376],[144.020422,-17.217342],[144.017808,-17.211217],[144.02112,-17.214861],[144.026212,-17.212232],[144.026143,-17.210686],[144.02316,-17.211721],[144.022638,-17.20954],[144.026072,-17.209558],[144.027752,-17.206037],[144.024682,-17.202768],[144.019169,-17.203594],[144.018095,-17.202038],[144.023349,-17.198705],[144.02719,-17.198769],[144.028852,-17.194218],[144.032687,-17.194446],[144.031264,-17.193045],[144.031983,-17.190874],[144.029635,-17.191239],[144.029084,-17.189565],[144.025408,-17.192182],[144.021444,-17.189254],[144.016138,-17.190165],[144.019361,-17.185601],[144.014712,-17.184301],[144.009744,-17.188835],[144.010129,-17.198711],[144.008246,-17.199541],[144.008416,-17.193734],[144.006794,-17.190205],[144.008603,-17.187086],[144.011318,-17.186628],[144.013153,-17.18324],[144.018677,-17.183101],[144.020372,-17.184397],[144.026562,-17.182813],[144.027602,-17.178343],[144.026359,-17.176315],[144.028054,-17.176618],[144.028544,-17.17503],[144.021506,-17.16526],[144.01592,-17.161625],[144.013573,-17.170656],[144.010682,-17.171014],[144.01027,-17.173401],[144.008683,-17.17216],[144.009759,-17.168459],[144.006317,-17.170802],[144.005204,-17.169985],[144.006934,-17.167339],[144.011041,-17.16695],[144.011965,-17.162045],[144.010784,-17.161456],[144.01459,-17.159707],[144.011367,-17.158],[144.013181,-17.154269],[144.00987,-17.154118],[144.007198,-17.156417],[144.005603,-17.151567],[144.001801,-17.150855],[144.004739,-17.147554],[144.00527,-17.139854],[144.003399,-17.137465],[144.002994,-17.132355],[144.005431,-17.126478],[144.00417,-17.122538],[144.001121,-17.121782],[144.007018,-17.120247],[144.004451,-17.115316],[144.006255,-17.113541],[144.003683,-17.11381],[144.004184,-17.109416],[144.002104,-17.106663],[143.999491,-17.10604],[143.988398,-17.091273],[143.986272,-17.08472],[143.99192,-17.084439],[143.998476,-17.087939],[144.003798,-17.086466],[144.004554,-17.082343],[144.009828,-17.080395],[144.005991,-17.079534],[144.008256,-17.076459],[144.006421,-17.07329],[144.007674,-17.068363],[144.014938,-17.066059],[144.01668,-17.069578],[144.01898,-17.066905],[144.017285,-17.061637],[144.010778,-17.062742],[144.005241,-17.058593],[144.007201,-17.056992],[144.008833,-17.058294],[144.013488,-17.054565],[144.016547,-17.059884],[144.018823,-17.058716],[144.021836,-17.061717],[144.02117,-17.058051],[144.017806,-17.05527],[144.024872,-17.051225],[144.028726,-17.051241],[144.032415,-17.045642],[144.032528,-17.042791],[144.027537,-17.047955],[144.02706,-17.045898],[144.029097,-17.04247],[144.024139,-17.043828],[144.030353,-17.041757],[144.029469,-17.03582],[144.03233,-17.028264],[144.030094,-17.027342],[144.030127,-17.025297],[144.03137,-17.021229],[144.035198,-17.017881],[144.035237,-17.015399],[144.031565,-17.011747],[144.03283,-17.00995],[144.035061,-17.011834],[144.037459,-17.011002],[144.034714,-17.005269],[144.036689,-17.000548],[144.035026,-16.998786],[144.04024,-16.996591],[144.043506,-16.99276],[144.04423,-16.988843],[144.045964,-16.988353],[144.048919,-16.990631],[144.049927,-16.987589],[144.054962,-16.984863],[144.053984,-16.98219],[144.043144,-16.976114],[144.054909,-16.982013],[144.058479,-16.980516],[144.060366,-16.985722],[144.064507,-16.987529],[144.074281,-16.984703],[144.078754,-16.987251],[144.083793,-16.987395],[144.085896,-16.991999],[144.092237,-16.989652],[144.094228,-16.993134],[144.095931,-16.991592],[144.093961,-16.989857],[144.095373,-16.987285],[144.094326,-16.983672],[144.088318,-16.978069],[144.086468,-16.97825],[144.087198,-16.981493],[144.075397,-16.977028],[144.075809,-16.979679],[144.073163,-16.978929],[144.066168,-16.982244],[144.064607,-16.978347],[144.067746,-16.974198],[144.071244,-16.975752],[144.072501,-16.973996],[144.075037,-16.976402],[144.079549,-16.976697],[144.081036,-16.974971],[144.083383,-16.975655],[144.0832,-16.9734],[144.086816,-16.971659],[144.093628,-16.973504],[144.096386,-16.972798],[144.095851,-16.96935],[144.098069,-16.966415],[144.097201,-16.962299],[144.087646,-16.952618],[144.093892,-16.952675],[144.108027,-16.958633],[144.114205,-16.963926],[144.11631,-16.973699],[144.103092,-16.977237],[144.099677,-16.981992],[144.103597,-16.989204],[144.108627,-16.989786],[144.117796,-16.986358],[144.116715,-16.984911],[144.105689,-16.987342],[144.103367,-16.985462],[144.103256,-16.983289],[144.105846,-16.980233],[144.115411,-16.978725],[144.11905,-16.976555],[144.12134,-16.971093],[144.119983,-16.968085],[144.124428,-16.966793],[144.117174,-16.961151],[144.11512,-16.957428],[144.105795,-16.95275],[144.103909,-16.948912],[144.094685,-16.944524],[144.092903,-16.941794],[144.097342,-16.939198],[144.098377,-16.942161],[144.100377,-16.940975],[144.102224,-16.941985],[144.103628,-16.940502],[144.10265,-16.938907],[144.105661,-16.936115],[144.105325,-16.933148],[144.110559,-16.934197],[144.111755,-16.931808],[144.107298,-16.926246],[144.10407,-16.926258],[144.103168,-16.923762],[144.106564,-16.922795],[144.103812,-16.917238],[144.102543,-16.917189],[144.102303,-16.920603],[144.099387,-16.923817],[144.09724,-16.919859],[144.099481,-16.918247],[144.099684,-16.915762],[144.096572,-16.913844],[144.096084,-16.911824],[144.087046,-16.915754],[144.084816,-16.911812],[144.084649,-16.916018],[144.081607,-16.91685],[144.080774,-16.9145],[144.069435,-16.914247],[144.068589,-16.908488],[144.07083,-16.906231],[144.069145,-16.904315],[144.066528,-16.906259],[144.063987,-16.905902],[144.065609,-16.897885],[144.063585,-16.895147],[144.063838,-16.891665],[144.069164,-16.887953],[144.075364,-16.886141],[144.072498,-16.879219],[144.074632,-16.874509],[144.072998,-16.870869],[144.071163,-16.870518],[144.066435,-16.872654],[144.064099,-16.875677],[144.062605,-16.875227],[144.066818,-16.866329],[144.061769,-16.861038],[144.063787,-16.86029],[144.069133,-16.862344],[144.076594,-16.860509],[144.079817,-16.862957],[144.077521,-16.865697],[144.07357,-16.866932],[144.07354,-16.868918],[144.082625,-16.869002],[144.085211,-16.866127],[144.087174,-16.869437],[144.084018,-16.871975],[144.084668,-16.87337],[144.089238,-16.875557],[144.094445,-16.873739],[144.092151,-16.878195],[144.093529,-16.885416],[144.095653,-16.890895],[144.099065,-16.891138],[144.0966,-16.894214],[144.100354,-16.89321],[144.100103,-16.890778],[144.104348,-16.889668],[144.105119,-16.887192],[144.107408,-16.887089],[144.108917,-16.889516],[144.110999,-16.888521],[144.112706,-16.885985],[144.110986,-16.882033],[144.112679,-16.880169],[144.11216,-16.878139],[144.116756,-16.875924],[144.117755,-16.879753],[144.122737,-16.880974],[144.122377,-16.88581],[144.124489,-16.886476],[144.127538,-16.884017],[144.130673,-16.886314],[144.127166,-16.888608],[144.124892,-16.893055],[144.129936,-16.892526],[144.130552,-16.889857],[144.13345,-16.88983],[144.130935,-16.893045],[144.134587,-16.892636],[144.141375,-16.895345],[144.145231,-16.901169],[144.145539,-16.905567],[144.150179,-16.90974],[144.154849,-16.910212],[144.161944,-16.905574],[144.16596,-16.905169],[144.168706,-16.901735],[144.172897,-16.902543],[144.16854,-16.898211],[144.168784,-16.896268],[144.172914,-16.898],[144.174837,-16.903703],[144.177626,-16.904793],[144.180948,-16.900563],[144.176632,-16.89891],[144.178034,-16.893271],[144.181548,-16.892972],[144.183124,-16.898173],[144.188419,-16.900255],[144.187353,-16.895016],[144.189073,-16.8908],[144.191287,-16.891061],[144.190612,-16.889724],[144.19589,-16.887232],[144.195208,-16.879844],[144.197968,-16.877909],[144.197874,-16.874124],[144.202646,-16.876433],[144.204277,-16.874265],[144.199255,-16.869885],[144.195879,-16.870331],[144.19488,-16.868046],[144.188956,-16.870322],[144.194175,-16.862934],[144.193264,-16.859187],[144.187117,-16.851648],[144.183848,-16.849436],[144.180517,-16.84939],[144.180233,-16.846321],[144.177301,-16.845481],[144.177675,-16.841007],[144.171753,-16.841774],[144.168327,-16.840291],[144.167641,-16.833202],[144.16262,-16.83465],[144.161448,-16.840101],[144.157561,-16.8417],[144.162232,-16.842988],[144.164003,-16.847804],[144.165867,-16.845761],[144.170126,-16.845748],[144.175139,-16.851773],[144.17389,-16.85502],[144.18026,-16.857853],[144.180074,-16.861336],[144.17633,-16.863524],[144.179904,-16.865425],[144.182122,-16.869478],[144.180264,-16.87171],[144.186108,-16.873217],[144.186549,-16.877183],[144.180712,-16.875595],[144.178549,-16.877087],[144.18039,-16.879085],[144.174781,-16.87717],[144.171195,-16.87885],[144.169123,-16.875146],[144.167421,-16.875935],[144.159019,-16.873232],[144.158888,-16.868182],[144.152077,-16.869108],[144.151952,-16.865756],[144.1555,-16.862979],[144.159096,-16.862464],[144.158959,-16.85848],[144.1536,-16.856532],[144.153364,-16.852953],[144.144778,-16.852653],[144.139977,-16.849673],[144.139495,-16.842641],[144.135911,-16.842442],[144.135626,-16.837602],[144.133007,-16.837963],[144.132854,-16.835396],[144.128994,-16.835361],[144.127499,-16.832342],[144.133246,-16.831948],[144.132709,-16.829967],[144.137333,-16.82763],[144.130828,-16.824193],[144.129456,-16.820688],[144.132187,-16.816668],[144.13186,-16.814776],[144.134198,-16.817152],[144.135334,-16.816567],[144.130724,-16.809906],[144.133637,-16.805138],[144.137681,-16.806847],[144.135176,-16.803439],[144.135771,-16.799727],[144.139837,-16.799716],[144.141697,-16.806506],[144.146286,-16.810073],[144.145776,-16.806151],[144.148769,-16.804554],[144.149039,-16.801329],[144.150284,-16.801021],[144.149817,-16.795881],[144.151262,-16.794181],[144.154993,-16.796675],[144.158608,-16.794012],[144.161247,-16.79608],[144.16221,-16.800207],[144.165078,-16.797442],[144.168534,-16.798921],[144.169045,-16.795664],[144.171798,-16.792157],[144.174859,-16.791386],[144.176767,-16.785547],[144.179372,-16.784003],[144.178557,-16.790462],[144.182741,-16.790713],[144.18413,-16.78689],[144.186044,-16.787322],[144.187981,-16.784725],[144.190477,-16.78471],[144.187481,-16.787694],[144.189493,-16.786403],[144.192596,-16.789376],[144.188416,-16.791829],[144.188317,-16.793535],[144.195523,-16.792884],[144.197581,-16.796005],[144.204233,-16.79726],[144.204219,-16.799983],[144.20721,-16.799224],[144.206908,-16.791088],[144.204433,-16.78835],[144.211256,-16.786013],[144.211261,-16.780856],[144.213133,-16.777789],[144.209726,-16.765072],[144.206424,-16.762052],[144.207026,-16.759604],[144.213788,-16.759393],[144.215792,-16.755839],[144.214982,-16.758249],[144.21671,-16.76122],[144.212145,-16.763042],[144.212218,-16.768127],[144.213912,-16.768398],[144.216519,-16.764203],[144.220511,-16.763688],[144.216406,-16.76687],[144.216633,-16.769004],[144.219669,-16.7683],[144.219457,-16.77018],[144.220995,-16.771018],[144.224681,-16.76872],[144.226275,-16.765684],[144.229306,-16.765337],[144.23368,-16.758853],[144.236863,-16.758114],[144.240806,-16.750793],[144.2416,-16.752009],[144.248265,-16.750392],[144.248898,-16.752572],[144.244955,-16.752235],[144.241233,-16.754493],[144.241134,-16.756234],[144.236985,-16.759877],[144.237618,-16.762053],[144.244274,-16.75592],[144.246258,-16.756551],[144.241103,-16.760889],[144.240743,-16.76284],[144.242933,-16.761948],[144.246156,-16.763626],[144.249231,-16.760181],[144.249338,-16.757875],[144.250704,-16.760345],[144.252575,-16.758591],[144.252434,-16.760688],[144.256804,-16.759537],[144.255271,-16.761584],[144.249462,-16.762067],[144.248702,-16.763587],[144.250731,-16.76365],[144.252909,-16.76615],[144.251189,-16.767725],[144.249845,-16.766217],[144.246815,-16.766529],[144.245174,-16.770277],[144.246829,-16.770656],[144.248704,-16.768618],[144.248736,-16.774091],[144.250119,-16.775428],[144.244272,-16.776555],[144.24414,-16.780572],[144.251715,-16.777296],[144.254349,-16.771217],[144.256535,-16.770605],[144.254198,-16.776548],[144.262789,-16.771935],[144.266894,-16.773836],[144.267243,-16.777823],[144.271248,-16.779014],[144.270708,-16.783238],[144.272974,-16.784831],[144.272138,-16.791679],[144.276473,-16.790458],[144.275958,-16.785119],[144.277202,-16.783324],[144.27359,-16.775239],[144.275516,-16.772139],[144.272938,-16.769224],[144.271596,-16.7702],[144.272375,-16.772486],[144.270556,-16.770615],[144.269273,-16.772626],[144.266869,-16.770422],[144.269355,-16.769461],[144.269591,-16.765875],[144.268004,-16.765926],[144.269404,-16.763488],[144.26702,-16.765059],[144.267158,-16.768294],[144.264547,-16.767655],[144.26433,-16.764807],[144.260703,-16.762984],[144.264857,-16.761508],[144.266254,-16.75922],[144.265061,-16.757565],[144.25922,-16.758304],[144.259772,-16.75586],[144.257693,-16.754125],[144.257919,-16.750954],[144.260085,-16.751692],[144.261146,-16.74975],[144.266304,-16.747651],[144.266955,-16.746025],[144.263928,-16.746161],[144.262511,-16.741302],[144.265009,-16.741687],[144.264236,-16.739884],[144.269487,-16.739841],[144.267349,-16.737166],[144.271829,-16.735578],[144.271594,-16.73128],[144.266553,-16.730148],[144.256517,-16.73262],[144.25412,-16.730457],[144.257047,-16.729552],[144.256997,-16.726178],[144.260166,-16.725344],[144.263591,-16.717515],[144.268326,-16.714471],[144.262741,-16.714839],[144.258381,-16.718127],[144.2555,-16.717588],[144.250786,-16.713881],[144.249873,-16.710672],[144.253977,-16.708338],[144.254074,-16.703964],[144.251983,-16.704843],[144.251102,-16.701734],[144.248808,-16.702679],[144.248516,-16.697211],[144.247015,-16.700569],[144.243868,-16.700477],[144.237086,-16.690277],[144.232481,-16.689772],[144.231363,-16.692277],[144.225304,-16.692088],[144.22307,-16.693764],[144.221671,-16.68448],[144.216004,-16.681017],[144.214239,-16.673082],[144.210175,-16.674003],[144.213156,-16.682496],[144.210363,-16.68286],[144.21034,-16.684305],[144.215897,-16.684922],[144.216207,-16.686614],[144.213156,-16.686312],[144.209648,-16.689276],[144.207836,-16.688845],[144.207519,-16.681381],[144.204863,-16.680908],[144.204236,-16.677982],[144.199559,-16.673733],[144.196188,-16.673507],[144.195615,-16.676795],[144.192377,-16.680328],[144.191961,-16.678877],[144.188726,-16.68152],[144.189616,-16.670971],[144.193478,-16.669135],[144.192826,-16.665406],[144.18941,-16.664014],[144.190682,-16.658699],[144.194129,-16.655056],[144.1988,-16.659545],[144.198952,-16.661678],[144.200748,-16.660068],[144.19867,-16.65701],[144.197344,-16.649392],[144.195524,-16.648049],[144.196342,-16.645902],[144.191896,-16.645436],[144.19422,-16.641489],[144.193291,-16.637602],[144.195254,-16.636256],[144.195442,-16.632262],[144.187248,-16.627939],[144.193085,-16.627282],[144.194576,-16.628995],[144.19702,-16.628649],[144.198608,-16.626684],[144.198423,-16.621457],[144.195413,-16.621041],[144.192209,-16.624231],[144.18847,-16.622505],[144.188535,-16.619097],[144.176009,-16.62118],[144.168439,-16.618594],[144.166338,-16.613115],[144.159614,-16.614238],[144.155476,-16.612023],[144.150912,-16.612091],[144.149073,-16.609628],[144.149589,-16.607454],[144.157316,-16.60798],[144.160492,-16.605901],[144.160514,-16.60834],[144.16599,-16.606771],[144.164247,-16.600295],[144.168183,-16.59963],[144.16957,-16.597103],[144.173453,-16.59805],[144.173702,-16.59165],[144.176294,-16.587811],[144.179635,-16.589586],[144.180068,-16.581988],[144.183775,-16.580128],[144.167613,-16.581927],[144.165363,-16.57334],[144.155201,-16.570266],[144.154844,-16.576881],[144.148189,-16.580176],[144.146821,-16.583449],[144.148846,-16.587631],[144.144758,-16.586058],[144.141646,-16.588431],[144.145447,-16.593124],[144.149495,-16.592914],[144.149048,-16.595842],[144.143082,-16.594654],[144.138447,-16.597038],[144.139035,-16.598838],[144.143985,-16.598518],[144.145926,-16.600518],[144.143261,-16.600585],[144.142582,-16.603077],[144.136129,-16.604334],[144.131793,-16.607385],[144.127516,-16.606157],[144.126291,-16.607905],[144.130032,-16.614097],[144.123542,-16.613628],[144.119095,-16.616136],[144.115029,-16.614662],[144.114177,-16.619914],[144.112548,-16.619368],[144.111024,-16.621911],[144.109335,-16.621608],[144.108841,-16.623845],[144.106568,-16.623353],[144.104868,-16.625469],[144.106437,-16.627229],[144.10203,-16.62715],[144.106426,-16.63081],[144.10787,-16.627945],[144.111364,-16.628964],[144.110865,-16.627251],[144.11511,-16.622393],[144.117669,-16.623047],[144.119097,-16.626381],[144.119495,-16.621573],[144.122004,-16.620515],[144.122121,-16.62435],[144.126323,-16.626991],[144.12576,-16.62925],[144.127451,-16.630763],[144.125597,-16.641326],[144.123309,-16.641073],[144.12108,-16.635628],[144.119744,-16.639104],[144.113779,-16.637888],[144.112679,-16.639774],[144.109121,-16.639864],[144.108621,-16.643726],[144.111171,-16.64564],[144.11414,-16.64206],[144.113639,-16.645548],[144.107038,-16.649064],[144.106142,-16.651124],[144.103296,-16.651016],[144.102643,-16.65371],[144.099681,-16.650311],[144.095565,-16.650091],[144.092117,-16.659578],[144.091082,-16.652331],[144.088394,-16.651336],[144.088292,-16.649397],[144.092722,-16.649347],[144.094823,-16.647669],[144.094014,-16.645789],[144.090152,-16.645685],[144.09008,-16.644334],[144.090752,-16.638307],[144.094976,-16.635422],[144.098334,-16.626967],[144.094867,-16.623948],[144.095384,-16.620271],[144.105561,-16.618304],[144.108061,-16.615861],[144.107531,-16.613979],[144.110689,-16.610723],[144.112368,-16.606014],[144.11157,-16.599867],[144.108221,-16.597577],[144.102986,-16.598741],[144.104898,-16.593832],[144.102199,-16.592978],[144.101509,-16.594742],[144.098993,-16.594251],[144.10128,-16.587041],[144.103354,-16.587454],[144.10745,-16.578359],[144.105896,-16.586383],[144.108119,-16.587249],[144.111963,-16.584169],[144.110717,-16.581443],[144.111098,-16.573479],[144.104976,-16.574337],[144.098485,-16.573059],[144.096574,-16.574374],[144.097319,-16.575983],[144.095804,-16.576296],[144.096186,-16.579195],[144.094398,-16.58061],[144.092941,-16.574869],[144.095414,-16.573558],[144.095661,-16.570826],[144.101242,-16.571567],[144.105936,-16.566097],[144.111088,-16.565771],[144.113055,-16.569776],[144.114242,-16.563485],[144.102946,-16.566823],[144.103574,-16.562416],[144.109038,-16.559273],[144.111808,-16.560002],[144.112113,-16.551175],[144.113988,-16.554718],[144.117155,-16.553385],[144.117957,-16.554335],[144.11776,-16.555849],[144.113737,-16.557198],[144.114029,-16.559414],[144.118473,-16.560099],[144.123412,-16.55623],[144.122209,-16.554674],[144.124761,-16.553955],[144.124645,-16.5511],[144.122635,-16.546087],[144.118636,-16.546655],[144.117247,-16.545453],[144.115416,-16.54862],[144.11377,-16.54428],[144.112084,-16.545029],[144.111905,-16.542394],[144.103438,-16.54136],[144.101122,-16.538556],[144.097571,-16.540615],[144.097411,-16.536721],[144.094141,-16.534905],[144.100549,-16.533261],[144.101154,-16.522225],[144.092884,-16.517162],[144.093385,-16.51534],[144.095723,-16.517278],[144.091528,-16.507629],[144.089241,-16.507598],[144.091317,-16.511202],[144.087684,-16.510231],[144.083255,-16.506295],[144.080053,-16.506607],[144.079795,-16.50789],[144.082446,-16.508749],[144.081378,-16.513908],[144.079863,-16.514745],[144.068808,-16.509312],[144.063688,-16.510184],[144.062673,-16.505785],[144.060159,-16.504413],[144.060269,-16.499828],[144.055484,-16.501955],[144.055787,-16.506036],[144.051964,-16.503065],[144.047845,-16.503138],[144.052653,-16.498872],[144.055926,-16.499577],[144.058231,-16.497366],[144.056633,-16.4949],[144.05842,-16.494573],[144.057142,-16.488135],[144.059767,-16.488764],[144.056474,-16.48245],[144.051104,-16.483079],[144.049154,-16.481241],[144.050482,-16.477368],[144.053983,-16.477982],[144.053999,-16.475941],[144.05592,-16.475964],[144.058053,-16.478861],[144.061699,-16.479097],[144.066355,-16.484702],[144.065483,-16.489106],[144.067056,-16.490062],[144.06767,-16.49478],[144.07181,-16.498626],[144.07512,-16.495652],[144.080421,-16.494449],[144.082374,-16.491261],[144.0807,-16.486452],[144.084408,-16.486273],[144.082437,-16.484548],[144.08737,-16.482549],[144.089527,-16.485961],[144.088619,-16.48742],[144.091156,-16.487794],[144.095499,-16.49441],[144.095449,-16.497561],[144.093279,-16.500294],[144.094914,-16.510643],[144.098187,-16.511433],[144.100308,-16.516312],[144.103027,-16.515998],[144.103305,-16.530662],[144.101387,-16.533828],[144.104808,-16.537081],[144.106908,-16.524906],[144.104838,-16.520308],[144.104819,-16.511629],[144.101097,-16.507067],[144.10705,-16.496002],[144.111798,-16.499734],[144.110646,-16.495072],[144.11461,-16.495655],[144.114798,-16.510625],[144.112298,-16.518321],[144.115965,-16.512827],[144.118118,-16.512423],[144.116391,-16.510864],[144.117277,-16.504677],[144.115763,-16.497341],[144.126704,-16.500034],[144.125409,-16.507963],[144.126364,-16.514523],[144.128393,-16.514411],[144.128351,-16.516366],[144.131361,-16.515414],[144.133171,-16.517836],[144.13635,-16.524635],[144.13344,-16.527818],[144.134424,-16.528857],[144.137891,-16.52653],[144.135381,-16.518499],[144.138734,-16.510471],[144.136951,-16.506614],[144.138919,-16.507372],[144.140698,-16.501992],[144.152453,-16.504238],[144.15191,-16.506222],[144.155104,-16.504464],[144.158331,-16.504824],[144.160339,-16.50798],[144.165204,-16.502565],[144.166755,-16.497149],[144.169325,-16.495879],[144.172157,-16.497394],[144.171793,-16.502839],[144.177477,-16.510719],[144.17775,-16.503462],[144.173626,-16.500191],[144.176337,-16.495252],[144.172831,-16.495606],[144.171286,-16.493716],[144.177456,-16.494441],[144.174873,-16.500131],[144.178219,-16.502132],[144.181863,-16.496523],[144.186173,-16.498053],[144.185337,-16.494389],[144.183607,-16.494271],[144.18412,-16.492205],[144.1874,-16.489409],[144.190519,-16.490169],[144.190875,-16.483328],[144.19549,-16.482401],[144.197637,-16.487415],[144.203056,-16.48742],[144.201032,-16.48467],[144.201217,-16.481345],[144.206715,-16.478009],[144.197467,-16.482116],[144.203537,-16.469428],[144.204483,-16.464099],[144.202019,-16.467457],[144.196523,-16.460994],[144.195078,-16.463056],[144.199775,-16.466908],[144.199933,-16.470323],[144.197067,-16.47466],[144.195763,-16.471649],[144.191124,-16.472337],[144.190762,-16.477606],[144.187465,-16.478559],[144.187178,-16.475855],[144.182985,-16.471094],[144.180882,-16.463249],[144.181082,-16.47124],[144.17783,-16.47032],[144.176843,-16.474736],[144.173461,-16.4754],[144.175188,-16.46683],[144.171169,-16.46748],[144.168961,-16.465834],[144.169002,-16.463003],[144.167331,-16.462714],[144.163165,-16.466771],[144.16431,-16.462371],[144.162502,-16.453984],[144.161648,-16.470462],[144.159486,-16.472077],[144.158099,-16.480104],[144.155216,-16.483831],[144.156344,-16.477461],[144.153449,-16.47679],[144.149855,-16.481234],[144.14955,-16.479392],[144.146575,-16.479171],[144.149881,-16.476019],[144.150387,-16.472463],[144.151754,-16.472328],[144.151125,-16.468265],[144.149066,-16.46616],[144.15156,-16.463674],[144.149118,-16.462792],[144.147803,-16.457938],[144.144356,-16.457941],[144.144599,-16.449198],[144.143335,-16.451299],[144.142698,-16.449764],[144.14189,-16.450692],[144.143853,-16.4597],[144.147165,-16.462589],[144.145664,-16.464303],[144.149543,-16.468587],[144.149128,-16.471168],[144.144084,-16.482464],[144.13683,-16.485995],[144.135,-16.49105],[144.132428,-16.492053],[144.127851,-16.486238],[144.131346,-16.483098],[144.12744,-16.482819],[144.127076,-16.480723],[144.129473,-16.480241],[144.129758,-16.478697],[144.123994,-16.473985],[144.128393,-16.469246],[144.122547,-16.471825],[144.122458,-16.474885],[144.126604,-16.477637],[144.124328,-16.483873],[144.12178,-16.482678],[144.122366,-16.478717],[144.120322,-16.477194],[144.119654,-16.482549],[144.117256,-16.485835],[144.112986,-16.485916],[144.112898,-16.487332],[144.110372,-16.487776],[144.107224,-16.48492],[144.10413,-16.485373],[144.104558,-16.471468],[144.107385,-16.467733],[144.100534,-16.470523],[144.099736,-16.465631],[144.095602,-16.464558],[144.096185,-16.460886],[144.094516,-16.458064],[144.090119,-16.456666],[144.089292,-16.454338],[144.084528,-16.454399],[144.080511,-16.456862],[144.079469,-16.451804],[144.078374,-16.45187],[144.075325,-16.456243],[144.074832,-16.448963],[144.077416,-16.447184],[144.070089,-16.446282],[144.069759,-16.450093],[144.066854,-16.445099],[144.063065,-16.44454],[144.060466,-16.4411],[144.061024,-16.439798],[144.065283,-16.43979],[144.065465,-16.4354],[144.056092,-16.42683],[144.054656,-16.422976],[144.056072,-16.418468],[144.052814,-16.417253],[144.051226,-16.41439],[144.05003,-16.414929],[144.047266,-16.406862],[144.047163,-16.397601],[144.041324,-16.398562],[144.03922,-16.397363],[144.047934,-16.396794],[144.046917,-16.393164],[144.037029,-16.384884],[144.027302,-16.383478],[144.021396,-16.374491],[144.014311,-16.36932],[144.011287,-16.369648],[144.011419,-16.371176],[144.007662,-16.370761],[144.007867,-16.374349],[144.011324,-16.377342],[144.011226,-16.37948],[144.008591,-16.378309],[144.008326,-16.38078],[144.006636,-16.37993],[144.004654,-16.38267],[144.002935,-16.381945],[144.006185,-16.375504],[144.005344,-16.369242],[143.995198,-16.369488],[143.993483,-16.371603],[143.992067,-16.370376],[143.992266,-16.363251],[143.994604,-16.364908],[144.000948,-16.363907],[144.005956,-16.359411],[144.007631,-16.360976],[144.006801,-16.353227],[144.009349,-16.350685],[144.00888,-16.341888],[144.007358,-16.342106],[144.003096,-16.351919],[144.000702,-16.351818],[144.003152,-16.356151],[143.999982,-16.356722],[143.995802,-16.362018],[143.99362,-16.360185],[143.98679,-16.360371],[143.982543,-16.366777],[143.970765,-16.362624],[143.953795,-16.363866],[143.933808,-16.358374],[143.927793,-16.358386],[143.916871,-16.363165],[143.912292,-16.362056],[143.911616,-16.367869],[143.901236,-16.364056],[143.893444,-16.36713],[143.890619,-16.374552],[143.885147,-16.378144],[143.8796,-16.378953],[143.879302,-16.38109],[143.873402,-16.382599],[143.863987,-16.380825],[143.857604,-16.374887],[143.864168,-16.378233],[143.870537,-16.375715],[143.875686,-16.375909],[143.881156,-16.371923],[143.881898,-16.366522],[143.880331,-16.371617],[143.878221,-16.373338],[143.865241,-16.376739],[143.862566,-16.37454],[143.86377,-16.372771],[143.860461,-16.369407],[143.85933,-16.365685],[143.851207,-16.369581],[143.842007,-16.364123],[143.84156,-16.369893],[143.830628,-16.35986],[143.827904,-16.360278],[143.828606,-16.356653],[143.824301,-16.357411],[143.817819,-16.355598],[143.813705,-16.356907],[143.801802,-16.349798],[143.803643,-16.346972],[143.811206,-16.349445],[143.809367,-16.346933],[143.810229,-16.342796],[143.805215,-16.343128],[143.806314,-16.340463],[143.805231,-16.33461],[143.806886,-16.335232],[143.807523,-16.333141],[143.810423,-16.33174],[143.811657,-16.333048],[143.81639,-16.332266],[143.816953,-16.330517],[143.819177,-16.332532],[143.820381,-16.331721],[143.819963,-16.327184],[143.816847,-16.325901],[143.817132,-16.322528],[143.815003,-16.321686],[143.81523,-16.318314],[143.810679,-16.318071],[143.80479,-16.311942],[143.806494,-16.306354],[143.809835,-16.311773],[143.81298,-16.311455],[143.816976,-16.316299],[143.818761,-16.315288],[143.817072,-16.308754],[143.819329,-16.306393],[143.817679,-16.301162],[143.819138,-16.294467],[143.81382,-16.277766],[143.8161,-16.276937],[143.816776,-16.274783],[143.814725,-16.267871],[143.816079,-16.266033],[143.814239,-16.262061],[143.811561,-16.260634],[143.806743,-16.26255],[143.799777,-16.262415],[143.800454,-16.265103],[143.794431,-16.267458],[143.793586,-16.269517],[143.795878,-16.271476],[143.788896,-16.277402],[143.788496,-16.279565],[143.785619,-16.278467],[143.78302,-16.280394],[143.782787,-16.283312],[143.780665,-16.282886],[143.779567,-16.290876],[143.774022,-16.290126],[143.769651,-16.292171],[143.765488,-16.30021],[143.764,-16.312977],[143.755191,-16.30968],[143.750086,-16.302024],[143.749248,-16.298098],[143.747114,-16.296914],[143.752067,-16.28812],[143.744745,-16.28057],[143.746732,-16.2728],[143.741454,-16.265225],[143.740799,-16.258988],[143.736555,-16.258843],[143.733,-16.26416],[143.728293,-16.263641],[143.728427,-16.258858],[143.732568,-16.260061],[143.733839,-16.257968],[143.730905,-16.255446],[143.733918,-16.252848],[143.733243,-16.245613],[143.732228,-16.244468],[143.720084,-16.248294],[143.722146,-16.245611],[143.733678,-16.240876],[143.7359,-16.235342],[143.738143,-16.23483],[143.735431,-16.224869],[143.741229,-16.217648],[143.737667,-16.213058],[143.73589,-16.207479],[143.733379,-16.206546],[143.730895,-16.20764],[143.727457,-16.21203],[143.72702,-16.216575],[143.721722,-16.216595],[143.722008,-16.222869],[143.719707,-16.226375],[143.716037,-16.224829],[143.715344,-16.219816],[143.709829,-16.225874],[143.702358,-16.225969],[143.701404,-16.229362],[143.697312,-16.233519],[143.688051,-16.232477],[143.682065,-16.227177],[143.681577,-16.223129],[143.689614,-16.213176],[143.695603,-16.210685],[143.693834,-16.205589],[143.696585,-16.202077],[143.696786,-16.194783],[143.693072,-16.193671],[143.69592,-16.200927],[143.693999,-16.203028],[143.691422,-16.200984],[143.693567,-16.209842],[143.688897,-16.211929],[143.684086,-16.218316],[143.681424,-16.219219],[143.679481,-16.225065],[143.676152,-16.223922],[143.674254,-16.219468],[143.669732,-16.217738],[143.666831,-16.219417],[143.660239,-16.218603],[143.655973,-16.221023],[143.653267,-16.220525],[143.652853,-16.223187],[143.648941,-16.218455],[143.641925,-16.217093],[143.640437,-16.217933],[143.639993,-16.222188],[143.641714,-16.22376],[143.641583,-16.226445],[143.636532,-16.226218],[143.633525,-16.218143],[143.625546,-16.222971],[143.624036,-16.214635],[143.620708,-16.210523],[143.616596,-16.20956],[143.61329,-16.205206],[143.610672,-16.205624],[143.610201,-16.207803],[143.607789,-16.206867],[143.606228,-16.198387],[143.603993,-16.195613],[143.598893,-16.195434],[143.593845,-16.200421],[143.591031,-16.193992],[143.594702,-16.190286],[143.591795,-16.187222],[143.58634,-16.187618],[143.582305,-16.192284],[143.575904,-16.193417],[143.577815,-16.188183],[143.577409,-16.183142],[143.572678,-16.184156],[143.562065,-16.18285],[143.563823,-16.178937],[143.563268,-16.175613],[143.558242,-16.17752],[143.555992,-16.180383],[143.55479,-16.177166],[143.550975,-16.177673],[143.554694,-16.172319],[143.547923,-16.171246],[143.546549,-16.167832],[143.548909,-16.164341],[143.553904,-16.16386],[143.553865,-16.155716],[143.555653,-16.151088],[143.557862,-16.152755],[143.558081,-16.158485],[143.56144,-16.162548],[143.567942,-16.164067],[143.562365,-16.161409],[143.559415,-16.15756],[143.559436,-16.154145],[143.563221,-16.153599],[143.556051,-16.150375],[143.55798,-16.142516],[143.556075,-16.14106],[143.555433,-16.136526],[143.559148,-16.133035],[143.560213,-16.122622],[143.563941,-16.120197],[143.564973,-16.115987],[143.569519,-16.114178],[143.570083,-16.110192],[143.571851,-16.114087],[143.574164,-16.115093],[143.573576,-16.120989],[143.57488,-16.124075],[143.576146,-16.124668],[143.57628,-16.121655],[143.578337,-16.12004],[143.581361,-16.119669],[143.579705,-16.11651],[143.581636,-16.116347],[143.58427,-16.112606],[143.583694,-16.108178],[143.587847,-16.1081],[143.590499,-16.103494],[143.588885,-16.101366],[143.587806,-16.102718],[143.584581,-16.100972],[143.581023,-16.102465],[143.579326,-16.100589],[143.584359,-16.094923],[143.585239,-16.091621],[143.590066,-16.092343],[143.594804,-16.079568],[143.59427,-16.076172],[143.592307,-16.076057],[143.593339,-16.073395],[143.590001,-16.071762],[143.58129,-16.07619],[143.575793,-16.077205],[143.573051,-16.074811],[143.570004,-16.07786],[143.568052,-16.076377],[143.568212,-16.073084],[143.565482,-16.073898],[143.567878,-16.071833],[143.56969,-16.062441],[143.572512,-16.060992],[143.566504,-16.050179],[143.564531,-16.049199],[143.560353,-16.051815],[143.55388,-16.048573],[143.553424,-16.037073],[143.545794,-16.031839],[143.541761,-16.03054],[143.537502,-16.034412],[143.534011,-16.035017],[143.533818,-16.030007],[143.538393,-16.030642],[143.542666,-16.021444],[143.541721,-16.018448],[143.536566,-16.01807],[143.537692,-16.022537],[143.530667,-16.020302],[143.526858,-16.022633],[143.521267,-16.02107],[143.519261,-16.024768],[143.516745,-16.021949],[143.509993,-16.02226],[143.506319,-16.019086],[143.506635,-16.014008],[143.510456,-16.009572],[143.512685,-16.000783],[143.509245,-15.997369],[143.509188,-15.99247],[143.511599,-15.99138],[143.508929,-15.986768],[143.512941,-15.989732],[143.516863,-15.989881],[143.517533,-15.98498],[143.519716,-15.983913],[143.522903,-15.984],[143.525528,-15.987343],[143.528895,-15.98797],[143.532065,-15.986766],[143.532272,-15.982641],[143.536674,-15.983505],[143.535705,-15.981726],[143.531647,-15.980857],[143.529508,-15.985422],[143.527625,-15.986277],[143.526799,-15.982247],[143.522686,-15.980421],[143.517284,-15.982255],[143.513945,-15.987208],[143.505198,-15.983229],[143.52031,-15.976326],[143.526116,-15.979298],[143.528848,-15.977434],[143.527658,-15.968389],[143.532361,-15.9589],[143.530724,-15.95538],[143.530825,-15.94632],[143.520654,-15.938443],[143.516624,-15.92939],[143.517232,-15.926384],[143.520746,-15.924914],[143.519743,-15.924126],[143.524827,-15.917611],[143.527675,-15.918203],[143.528349,-15.921402],[143.53329,-15.91706],[143.53689,-15.91678],[143.539301,-15.922893],[143.543052,-15.92487],[143.5443,-15.919902],[143.556501,-15.929838],[143.557483,-15.932797],[143.560015,-15.933494],[143.563641,-15.92994],[143.564097,-15.918867],[143.56705,-15.919237],[143.571164,-15.924347],[143.568451,-15.929328],[143.568958,-15.932867],[143.572857,-15.938761],[143.574723,-15.932292],[143.579806,-15.929828],[143.582783,-15.930358],[143.588222,-15.936702],[143.591255,-15.944186],[143.596149,-15.948004],[143.59648,-15.952981],[143.599158,-15.953466],[143.601375,-15.951977],[143.604768,-15.954434],[143.608287,-15.954604],[143.612307,-15.961853],[143.614871,-15.958485],[143.61406,-15.95646],[143.62166,-15.956558],[143.62803,-15.961173],[143.627464,-15.965445],[143.633606,-15.96577],[143.63919,-15.968058],[143.644101,-15.971155],[143.645319,-15.973973],[143.647346,-15.971822],[143.647612,-15.978794],[143.644635,-15.978589],[143.641235,-15.98233],[143.641575,-15.985348],[143.638689,-15.987282],[143.640892,-15.99041],[143.643549,-15.988153],[143.648584,-15.989714],[143.647055,-15.985813],[143.648865,-15.982817],[143.659165,-15.984865],[143.661116,-15.98692],[143.660922,-15.989244],[143.665141,-15.988829],[143.6705,-15.992859],[143.680515,-15.994973],[143.683175,-15.997202],[143.692658,-15.995952],[143.695021,-15.994085],[143.702526,-15.994344],[143.703535,-15.989619],[143.70947,-15.985397],[143.716331,-15.984816],[143.718238,-15.988938],[143.720023,-15.984109],[143.725555,-15.982531],[143.73136,-15.988667],[143.73598,-15.989733],[143.755352,-15.981346],[143.75958,-15.977772],[143.762624,-15.970633],[143.764586,-15.969316],[143.779733,-15.968996],[143.783261,-15.964052],[143.782542,-15.963121],[143.779595,-15.96321],[143.778672,-15.961184],[143.768467,-15.961825],[143.757457,-15.95715],[143.748547,-15.959753],[143.746602,-15.957809],[143.743922,-15.958363],[143.741704,-15.9562],[143.738526,-15.956798],[143.736011,-15.955344],[143.736541,-15.951958],[143.734871,-15.950568],[143.733696,-15.954482],[143.730675,-15.952478],[143.729113,-15.953389],[143.734005,-15.965917],[143.729108,-15.969991],[143.729141,-15.972441],[143.727393,-15.973801],[143.722185,-15.971935],[143.719902,-15.977152],[143.712705,-15.976026],[143.715034,-15.971756],[143.710083,-15.969415],[143.710762,-15.965637],[143.708789,-15.960148],[143.700335,-15.95811],[143.696878,-15.954525],[143.692147,-15.957742],[143.673327,-15.956303],[143.670928,-15.959113],[143.66753,-15.959957],[143.666306,-15.963129],[143.656013,-15.96573],[143.650256,-15.965],[143.647575,-15.961216],[143.644986,-15.960635],[143.64015,-15.955841],[143.637254,-15.949184],[143.643482,-15.944096],[143.649138,-15.952009],[143.651744,-15.949725],[143.647424,-15.945316],[143.651274,-15.94166],[143.647816,-15.941024],[143.646728,-15.939301],[143.634762,-15.942679],[143.635473,-15.939473],[143.631727,-15.937739],[143.627977,-15.929686],[143.622764,-15.926656],[143.62044,-15.927683],[143.618351,-15.926547],[143.618303,-15.924449],[143.621587,-15.920303],[143.616437,-15.921833],[143.614257,-15.926709],[143.615073,-15.927761],[143.609459,-15.932666],[143.605392,-15.929985],[143.600577,-15.922981],[143.600682,-15.920446],[143.605443,-15.915588],[143.600482,-15.917727],[143.598211,-15.916615],[143.596485,-15.912098],[143.597403,-15.908316],[143.596315,-15.904348],[143.59842,-15.900151],[143.606107,-15.898188],[143.611763,-15.903259],[143.61468,-15.903359],[143.616075,-15.907141],[143.620669,-15.90467],[143.6195,-15.900995],[143.616108,-15.901036],[143.615075,-15.899029],[143.611452,-15.899616],[143.612401,-15.897061],[143.609975,-15.892668],[143.607183,-15.895908],[143.603855,-15.895244],[143.602068,-15.896935],[143.598618,-15.896779],[143.593646,-15.900581],[143.588888,-15.900481],[143.589321,-15.897902],[143.584953,-15.898764],[143.584787,-15.89404],[143.579662,-15.890737],[143.583003,-15.886409],[143.585537,-15.88698],[143.585558,-15.891039],[143.587359,-15.890958],[143.586484,-15.886481],[143.590159,-15.887234],[143.591091,-15.884604],[143.593836,-15.883417],[143.591796,-15.882096],[143.594337,-15.878822],[143.594136,-15.874057],[143.597111,-15.876578],[143.601283,-15.874005],[143.594817,-15.871437],[143.593622,-15.868942],[143.59254,-15.877481],[143.590348,-15.881414],[143.584813,-15.882701],[143.582972,-15.88119],[143.585289,-15.876007],[143.582819,-15.869227],[143.581756,-15.8716],[143.583019,-15.878314],[143.58041,-15.880339],[143.580563,-15.883566],[143.578957,-15.885104],[143.576767,-15.884832],[143.576537,-15.882203],[143.574912,-15.881964],[143.573977,-15.885571],[143.575046,-15.887921],[143.577616,-15.888332],[143.575127,-15.888949],[143.573572,-15.888557],[143.572322,-15.885013],[143.568885,-15.884132],[143.565974,-15.886826],[143.562428,-15.884553],[143.559205,-15.885745],[143.558921,-15.883184],[143.560769,-15.881552],[143.559413,-15.875866],[143.554752,-15.874372],[143.55435,-15.87673],[143.559335,-15.880854],[143.554568,-15.885157],[143.559263,-15.889943],[143.55944,-15.893571],[143.556934,-15.893817],[143.557871,-15.889195],[143.555722,-15.888233],[143.554443,-15.889507],[143.551994,-15.885553],[143.548714,-15.885578],[143.549954,-15.889389],[143.548623,-15.890558],[143.548645,-15.887885],[143.546098,-15.88489],[143.54073,-15.884899],[143.541103,-15.883362],[143.544905,-15.88249],[143.541189,-15.877907],[143.540291,-15.870272],[143.544396,-15.874617],[143.548568,-15.874112],[143.549579,-15.86649],[143.551915,-15.865542],[143.549074,-15.865396],[143.546493,-15.863155],[143.546734,-15.861369],[143.544555,-15.859714],[143.545314,-15.857259],[143.543009,-15.858102],[143.54111,-15.861996],[143.537208,-15.861379],[143.534123,-15.858766],[143.529763,-15.863657],[143.531059,-15.866291],[143.525593,-15.86908],[143.520556,-15.866082],[143.517248,-15.866681],[143.517376,-15.864285],[143.511906,-15.864603],[143.510343,-15.861616],[143.506725,-15.862728],[143.504626,-15.858931],[143.507881,-15.855873],[143.505354,-15.85361],[143.506277,-15.852569],[143.501891,-15.850997],[143.505017,-15.851011],[143.502428,-15.849017],[143.506549,-15.848052],[143.507038,-15.845796],[143.504566,-15.843185],[143.506486,-15.841499],[143.50512,-15.838623],[143.507289,-15.83593],[143.507815,-15.827422],[143.504372,-15.8251],[143.499978,-15.827207],[143.498477,-15.831169],[143.501049,-15.834974],[143.496531,-15.835798],[143.495048,-15.833459],[143.494785,-15.826225],[143.488406,-15.825576],[143.48568,-15.827941],[143.48294,-15.824471],[143.484617,-15.823146],[143.483727,-15.820823],[143.484846,-15.81842],[143.481271,-15.817072],[143.476462,-15.818127],[143.477208,-15.822786],[143.48,-15.825866],[143.479273,-15.827375],[143.476022,-15.827364],[143.471886,-15.82463],[143.469961,-15.82539],[143.471178,-15.831869],[143.470014,-15.833538],[143.476422,-15.836828],[143.476069,-15.84027],[143.468509,-15.846062],[143.46738,-15.850584],[143.46408,-15.851946],[143.463756,-15.855567],[143.458411,-15.857461],[143.456066,-15.865919],[143.448639,-15.869875],[143.441753,-15.868399],[143.440223,-15.859399],[143.431238,-15.865003],[143.42802,-15.863771],[143.428557,-15.860906],[143.432176,-15.859587],[143.43304,-15.85734],[143.428209,-15.85821],[143.426835,-15.862199],[143.424597,-15.863699],[143.419206,-15.864653],[143.406033,-15.863425],[143.404041,-15.859677],[143.405426,-15.856605],[143.404396,-15.851853],[143.407588,-15.845907],[143.40528,-15.842112],[143.402357,-15.848564],[143.399453,-15.847781],[143.398933,-15.843864],[143.396494,-15.842362],[143.398684,-15.849521],[143.395933,-15.852812],[143.395084,-15.858859],[143.393154,-15.860358],[143.391313,-15.86048],[143.3898,-15.857185],[143.388138,-15.859038],[143.384071,-15.85786],[143.38321,-15.860722],[143.380854,-15.861767],[143.376318,-15.856468],[143.37661,-15.858961],[143.372777,-15.866467],[143.370406,-15.866289],[143.368041,-15.862086],[143.365393,-15.860739],[143.366343,-15.865416],[143.360359,-15.871391],[143.357555,-15.870199],[143.359934,-15.866556],[143.359489,-15.864472],[143.35319,-15.863751],[143.349684,-15.860987],[143.347588,-15.861825],[143.347677,-15.864932],[143.34492,-15.867764],[143.339575,-15.865274],[143.33266,-15.868202],[143.335905,-15.873389],[143.335439,-15.878642],[143.330942,-15.876703],[143.332943,-15.881318],[143.326932,-15.885051],[143.328415,-15.881214],[143.325825,-15.880325],[143.321269,-15.889264],[143.316439,-15.890437],[143.315593,-15.894726],[143.31727,-15.898682],[143.315063,-15.90138],[143.311001,-15.902886],[143.310254,-15.908602],[143.306033,-15.91216],[143.299199,-15.913722],[143.299592,-15.915385],[143.2966,-15.917418],[143.29643,-15.920226],[143.29376,-15.917726],[143.29092,-15.919215],[143.291992,-15.928943],[143.2868,-15.933236],[143.289861,-15.934732],[143.28785,-15.937254],[143.282856,-15.938766],[143.279581,-15.946303],[143.276491,-15.948656],[143.273014,-15.94847],[143.278318,-15.953099],[143.283781,-15.948051],[143.287064,-15.947857],[143.288049,-15.950707],[143.28933,-15.95063],[143.289259,-15.947293],[143.293291,-15.943563],[143.29089,-15.93758],[143.293477,-15.936774],[143.295568,-15.938659],[143.295418,-15.942793],[143.297732,-15.946917],[143.296379,-15.952208],[143.29834,-15.957067],[143.296429,-15.959439],[143.296121,-15.964132],[143.292962,-15.966645],[143.291353,-15.963833],[143.290192,-15.965784],[143.288187,-15.965742],[143.2917,-15.968375],[143.287214,-15.975176],[143.286084,-15.98199],[143.286503,-15.988522],[143.288815,-15.988697],[143.28926,-15.995069],[143.284248,-15.994618],[143.282702,-15.997315],[143.276159,-15.998564],[143.280562,-15.985622],[143.275093,-15.994273],[143.2697,-15.993838],[143.270797,-15.996482],[143.268513,-15.999051],[143.266494,-15.998039],[143.264554,-15.999535],[143.262225,-15.998133],[143.261269,-16.001291],[143.256884,-16.00012],[143.256578,-16.002262],[143.252796,-16.002793],[143.248105,-16.00058],[143.248812,-15.996586],[143.245869,-15.995649],[143.246667,-15.994055],[143.243885,-15.987637],[143.237777,-15.989416],[143.238957,-15.992673],[143.233988,-15.993476],[143.233468,-15.996349],[143.230648,-15.996945],[143.219752,-15.993224],[143.220944,-15.989013],[143.218057,-15.988045],[143.215225,-15.990856],[143.214348,-15.997614],[143.221404,-16.000539],[143.217273,-16.006273],[143.213609,-16.008253],[143.215222,-16.011568],[143.212423,-16.013613],[143.212705,-16.016118],[143.210353,-16.017249],[143.204972,-16.015718],[143.20215,-16.011002],[143.196718,-16.011746],[143.194313,-16.005661],[143.19034,-16.012032],[143.183887,-16.014704],[143.179526,-16.013421],[143.177678,-16.016476],[143.172506,-16.017783],[143.16481,-16.023496],[143.159356,-16.022951],[143.151237,-16.024666],[143.149963,-16.021611],[143.142909,-16.019714],[143.13957,-16.020248],[143.140179,-16.022376],[143.138432,-16.023427],[143.137289,-16.016502],[143.135159,-16.017257],[143.136171,-16.019537],[143.132753,-16.023259],[143.125829,-16.024766],[143.124636,-16.022516],[143.119212,-16.024143],[143.109753,-16.020131],[143.107128,-16.014494],[143.109133,-16.012642],[143.105636,-16.011843],[143.106646,-16.009625],[143.103409,-16.012045],[143.09818,-16.011374],[143.093983,-16.013748],[143.088304,-16.014366],[143.08646,-16.011009],[143.081693,-16.011855],[143.073773,-16.007613],[143.073229,-16.003717],[143.069177,-16.003454],[143.067781,-16.000369],[143.065337,-15.999274],[143.047455,-16.002601],[143.043188,-16.000146],[143.037846,-15.999494],[143.030988,-15.989554],[143.022217,-15.981332],[143.014925,-15.981476],[143.007403,-15.976726],[142.9956,-15.979385],[142.979389,-15.978305],[142.983325,-15.974424],[142.992116,-15.970992],[142.991902,-15.965938],[142.989194,-15.971305],[142.983039,-15.973698],[142.980732,-15.969682],[142.978242,-15.973902],[142.973472,-15.976775],[142.968612,-15.973894],[142.970692,-15.968105],[142.969061,-15.965989],[142.965202,-15.971287],[142.959197,-15.972327],[142.953968,-15.968543],[142.9513,-15.971334],[142.9489,-15.97126],[142.949455,-15.967503],[142.944129,-15.967297],[142.94081,-15.963957],[142.934541,-15.964856],[142.929764,-15.96369],[142.925988,-15.960577],[142.928622,-15.957596],[142.931611,-15.957506],[142.931921,-15.955547],[142.925449,-15.948865],[142.91674,-15.941963],[142.910473,-15.939507],[142.907797,-15.941502],[142.90555,-15.940187],[142.90506,-15.936996],[142.908183,-15.937095],[142.909631,-15.933871],[142.907696,-15.930836],[142.906041,-15.933012],[142.901332,-15.932005],[142.89887,-15.925238],[142.902359,-15.922409],[142.899762,-15.92221],[142.895925,-15.926599],[142.892169,-15.925456],[142.89355,-15.922105],[142.887141,-15.921923],[142.887202,-15.917916],[142.889443,-15.915162],[142.885992,-15.915001],[142.886219,-15.912973],[142.884526,-15.9129],[142.88487,-15.911265],[142.880192,-15.906101],[142.883476,-15.902448],[142.886611,-15.902997],[142.886523,-15.890701],[142.882905,-15.891747],[142.880969,-15.897867],[142.876389,-15.900006],[142.870147,-15.896499],[142.866319,-15.898281],[142.864485,-15.895308],[142.861678,-15.897351],[142.858794,-15.894984],[142.851393,-15.90077],[142.849169,-15.905543],[142.845075,-15.906945],[142.848196,-15.910511],[142.852043,-15.910828],[142.849695,-15.912692],[142.844809,-15.91019],[142.839356,-15.910444],[142.83449,-15.902838],[142.830711,-15.902806],[142.827304,-15.896667],[142.823128,-15.89632],[142.820899,-15.885894],[142.825491,-15.885012],[142.825377,-15.88336],[142.820608,-15.882764],[142.822248,-15.878808],[142.818516,-15.873004],[142.813012,-15.874704],[142.808724,-15.8728],[142.809263,-15.870633],[142.815452,-15.868292],[142.815563,-15.866097],[142.813154,-15.864893],[142.808623,-15.857713],[142.802998,-15.854132],[142.801716,-15.849456],[142.802969,-15.846234],[142.797276,-15.845041],[142.799252,-15.840899],[142.809747,-15.842831],[142.807943,-15.82955],[142.810164,-15.824661],[142.808114,-15.816191],[142.80429,-15.810524],[142.801096,-15.810502],[142.797601,-15.807459],[142.797204,-15.804315],[142.793142,-15.803509],[142.794549,-15.797248],[142.791954,-15.796778],[142.790047,-15.800051],[142.7858,-15.798878],[142.784739,-15.793958],[142.789143,-15.794399],[142.790522,-15.792042],[142.788093,-15.790367],[142.788531,-15.788996],[142.781741,-15.788693],[142.778334,-15.782534],[142.772207,-15.779068],[142.769615,-15.773698],[142.763137,-15.772467],[142.758998,-15.773656],[142.754498,-15.778929],[142.739693,-15.779704],[142.732347,-15.774714],[142.724663,-15.776336],[142.722614,-15.775206],[142.715211,-15.775828],[142.713551,-15.773839],[142.710739,-15.773578],[142.710746,-15.769651],[142.706128,-15.769071],[142.705061,-15.767021],[142.688731,-15.766457],[142.684862,-15.760885],[142.676971,-15.761579],[142.67528,-15.757696],[142.668229,-15.75501],[142.66533,-15.751136],[142.659049,-15.752299],[142.654949,-15.750204],[142.65487,-15.746649],[142.651197,-15.746433],[142.649717,-15.743717],[142.650924,-15.740663],[142.644382,-15.740177],[142.643897,-15.736089],[142.640556,-15.733386],[142.640016,-15.728812],[142.632338,-15.727676],[142.628155,-15.72968],[142.622007,-15.728118],[142.6185,-15.723468],[142.614467,-15.722232],[142.613188,-15.719465],[142.608742,-15.716867],[142.598967,-15.714915],[142.596654,-15.718331],[142.595034,-15.715473],[142.584476,-15.711547],[142.5803,-15.706554],[142.578126,-15.698386],[142.575255,-15.697773],[142.574999,-15.694],[142.5681,-15.691044],[142.567697,-15.694446],[142.567172,-15.691995],[142.560416,-15.690533],[142.557259,-15.685457],[142.552881,-15.684015],[142.548989,-15.684836],[142.547271,-15.678699],[142.542143,-15.674433],[142.537028,-15.672702],[142.529494,-15.674305],[142.534606,-15.680475],[142.531704,-15.692551],[142.529626,-15.683603],[142.525224,-15.679932],[142.526876,-15.678946],[142.520838,-15.677194],[142.514892,-15.680028],[142.511717,-15.679027],[142.509652,-15.676091],[142.503212,-15.676497],[142.502067,-15.668398],[142.494414,-15.667012],[142.493241,-15.665125],[142.495746,-15.665915],[142.50095,-15.664265],[142.507907,-15.674605],[142.510627,-15.670059],[142.514137,-15.669666],[142.514397,-15.665629],[142.497228,-15.660448],[142.497821,-15.659031],[142.493981,-15.650878],[142.490703,-15.649667],[142.487408,-15.644776],[142.487512,-15.639178],[142.482547,-15.638721],[142.47945,-15.63611],[142.474168,-15.636812],[142.471548,-15.635075],[142.472938,-15.626801],[142.475861,-15.625483],[142.476919,-15.621405],[142.478516,-15.621991],[142.480343,-15.629278],[142.478722,-15.630517],[142.476166,-15.627569],[142.477515,-15.633912],[142.485665,-15.629119],[142.486266,-15.625961],[142.481835,-15.621791],[142.48106,-15.616844],[142.475374,-15.612498],[142.472991,-15.607624],[142.466761,-15.606212],[142.463651,-15.603071],[142.463636,-15.60109],[142.454598,-15.596071],[142.45148,-15.591792],[142.452413,-15.588413],[142.448404,-15.58726],[142.445765,-15.589258],[142.444704,-15.586736],[142.445839,-15.584249],[142.443436,-15.583712],[142.439991,-15.579743],[142.43645,-15.579746],[142.429526,-15.58474],[142.429223,-15.582547],[142.427002,-15.582961],[142.419258,-15.588478],[142.415712,-15.587763],[142.410724,-15.592903],[142.398457,-15.593361],[142.39172,-15.595678],[142.390296,-15.598241],[142.398747,-15.599664],[142.402838,-15.601913],[142.405364,-15.597886],[142.41454,-15.596869],[142.417308,-15.592222],[142.41912,-15.59229],[142.416319,-15.598135],[142.406083,-15.600655],[142.404086,-15.603701],[142.393236,-15.600717],[142.389221,-15.603815],[142.377147,-15.60864],[142.364641,-15.604229],[142.363698,-15.604913],[142.366269,-15.607571],[142.365377,-15.609692],[142.360486,-15.604853],[142.349913,-15.609596],[142.347888,-15.612643],[142.342677,-15.607237],[142.345777,-15.615775],[142.345568,-15.616957],[142.343346,-15.61638],[142.344927,-15.618816],[142.342178,-15.620371],[142.339787,-15.617709],[142.340862,-15.615679],[142.339477,-15.614372],[142.337522,-15.618673],[142.335779,-15.616743],[142.33269,-15.616635],[142.332179,-15.618324],[142.333932,-15.620337],[142.328527,-15.623801],[142.331276,-15.619995],[142.330512,-15.616185],[142.326322,-15.613934],[142.327899,-15.608908],[142.32327,-15.606069],[142.323078,-15.609948],[142.320195,-15.608027],[142.318682,-15.609511],[142.312735,-15.601253],[142.318813,-15.602568],[142.314743,-15.598944],[142.317304,-15.597637],[142.316368,-15.594497],[142.312462,-15.594343],[142.312821,-15.597722],[142.310954,-15.598155],[142.304263,-15.592461],[142.307504,-15.589196],[142.310726,-15.589767],[142.312358,-15.586301],[142.309809,-15.582206],[142.306791,-15.580292],[142.306846,-15.584911],[142.30171,-15.584246],[142.297844,-15.588368],[142.293701,-15.58363],[142.291716,-15.585664],[142.292449,-15.588158],[142.290208,-15.588085],[142.291699,-15.593347],[142.289305,-15.593119],[142.285584,-15.599706],[142.287012,-15.601686],[142.29063,-15.60206],[142.29653,-15.607683],[142.295891,-15.609816],[142.290287,-15.61106],[142.294826,-15.616978],[142.297268,-15.617827],[142.303404,-15.614872],[142.305131,-15.616274],[142.305126,-15.618845],[142.300921,-15.621189],[142.304901,-15.624514],[142.300048,-15.623815],[142.298135,-15.627473],[142.295819,-15.626046],[142.293212,-15.626651],[142.29029,-15.625425],[142.288257,-15.620252],[142.284424,-15.626471],[142.27978,-15.628184],[142.278712,-15.631268],[142.275796,-15.631032],[142.273639,-15.626955],[142.278454,-15.624777],[142.281506,-15.618984],[142.2845,-15.617744],[142.285875,-15.614933],[142.285015,-15.609626],[142.280694,-15.607291],[142.279852,-15.604661],[142.27659,-15.604722],[142.274829,-15.601276],[142.275816,-15.59912],[142.280986,-15.598247],[142.276889,-15.589777],[142.273705,-15.588278],[142.283653,-15.579473],[142.282025,-15.57632],[142.279945,-15.577639],[142.278669,-15.575286],[142.279363,-15.567884],[142.282696,-15.565419],[142.280455,-15.561638],[142.283237,-15.561454],[142.283791,-15.559596],[142.278727,-15.54936],[142.280071,-15.548804],[142.279615,-15.545392],[142.272643,-15.543009],[142.269097,-15.539067],[142.268773,-15.535949],[142.264451,-15.532981],[142.261298,-15.536582],[142.263225,-15.538847],[142.262939,-15.541758],[142.267578,-15.546621],[142.262868,-15.544456],[142.26031,-15.545693],[142.258962,-15.538577],[142.26257,-15.531158],[142.261577,-15.525241],[142.259478,-15.523145],[142.254348,-15.523343],[142.253936,-15.519888],[142.251231,-15.518302],[142.251782,-15.516022],[142.248598,-15.514312],[142.249491,-15.511061],[142.236005,-15.502305],[142.233767,-15.506196],[142.236343,-15.508036],[142.236273,-15.510861],[142.231328,-15.512828],[142.231438,-15.509328],[142.22787,-15.508821],[142.226604,-15.500608],[142.223072,-15.49873],[142.213962,-15.487335],[142.209868,-15.485924],[142.20994,-15.483437],[142.207183,-15.480248],[142.204667,-15.481147],[142.206194,-15.489696],[142.203808,-15.490468],[142.204484,-15.48705],[142.198164,-15.476777],[142.189265,-15.471365],[142.1886,-15.46795],[142.191021,-15.459025],[142.188005,-15.448544],[142.183833,-15.448545],[142.179845,-15.442833],[142.167259,-15.438368],[142.165365,-15.433951],[142.160171,-15.430016],[142.156429,-15.429192],[142.150436,-15.42212],[142.145053,-15.421568],[142.142887,-15.417433],[142.138933,-15.416288],[142.137712,-15.415005],[142.140298,-15.413217],[142.119767,-15.40217],[142.115285,-15.39829],[142.115697,-15.396583],[142.113545,-15.393906],[142.107494,-15.391415],[142.10839,-15.386154],[142.104545,-15.389709],[142.10261,-15.386664],[142.095776,-15.387149],[142.091615,-15.384856],[142.072283,-15.387489],[142.067465,-15.385331],[142.060759,-15.385551],[142.057604,-15.382557],[142.047823,-15.380459],[142.049287,-15.378609],[142.056924,-15.378498],[142.057416,-15.376051],[142.05962,-15.374912],[142.072864,-15.372905],[142.069868,-15.370123],[142.060963,-15.372178],[142.059213,-15.371058],[142.052629,-15.372481],[142.050413,-15.3711],[142.047958,-15.368516],[142.049766,-15.365762],[142.04735,-15.363347],[142.051718,-15.360882],[142.051081,-15.357499],[142.05484,-15.357845],[142.053395,-15.355194],[142.050145,-15.356262],[142.048534,-15.359843],[142.043659,-15.361596],[142.043985,-15.366735],[142.037081,-15.366642],[142.029703,-15.356883],[142.030992,-15.349691],[142.025516,-15.351987],[142.019452,-15.351773],[142.017976,-15.349936],[142.012577,-15.352742],[142.010576,-15.350471],[142.012137,-15.348655],[142.010752,-15.345732],[142.005845,-15.343066],[141.998892,-15.332342],[141.982471,-15.333638],[141.974832,-15.324585],[141.972245,-15.32523],[141.971429,-15.323074],[141.967439,-15.323016],[141.964201,-15.319679],[141.963071,-15.320833],[141.960469,-15.314637],[141.953078,-15.310615],[141.943908,-15.299673],[141.939168,-15.298109],[141.936213,-15.29205],[141.927534,-15.290276],[141.930877,-15.288956],[141.922318,-15.288365],[141.920426,-15.285231],[141.917617,-15.288633],[141.902203,-15.271165],[141.891335,-15.266883],[141.889837,-15.269936],[141.884297,-15.270222],[141.87874,-15.266387],[141.879382,-15.262322],[141.875699,-15.26181],[141.872662,-15.258324],[141.869375,-15.25986],[141.861804,-15.256165],[141.85871,-15.257719],[141.856228,-15.257052],[141.853348,-15.254016],[141.851891,-15.24821],[141.847397,-15.248227],[141.837425,-15.244747],[141.832013,-15.240247],[141.833992,-15.238779],[141.837069,-15.240446],[141.83857,-15.238175],[141.837237,-15.236019],[141.835479,-15.236131],[141.835337,-15.233772],[141.832532,-15.236013],[141.830405,-15.235544],[141.834067,-15.232775],[141.833227,-15.228293],[141.834653,-15.225365],[141.829599,-15.22337],[141.826508,-15.218636],[141.819356,-15.216164],[141.815396,-15.21953],[141.817374,-15.225752],[141.819264,-15.226062],[141.822156,-15.232913],[141.821578,-15.237525],[141.824979,-15.242017],[141.823084,-15.24322],[141.819132,-15.243235],[141.816274,-15.245803],[141.81414,-15.245058],[141.811743,-15.246421],[141.806545,-15.242069],[141.806488,-15.239103],[141.804424,-15.237902],[141.796119,-15.237788],[141.793702,-15.239093],[141.794688,-15.236409],[141.797944,-15.235783],[141.798145,-15.229048],[141.793508,-15.229503],[141.79196,-15.22707],[141.792722,-15.225057],[141.787905,-15.226041],[141.784571,-15.223789],[141.787886,-15.220878],[141.785812,-15.216919],[141.78764,-15.215462],[141.785697,-15.210273],[141.798129,-15.200771],[141.794297,-15.198587],[141.794012,-15.200961],[141.790225,-15.204753],[141.786124,-15.203351],[141.780435,-15.20671],[141.775997,-15.205989],[141.773832,-15.207776],[141.769849,-15.207702],[141.769255,-15.206144],[141.769043,-15.203728],[141.773121,-15.199111],[141.774341,-15.192351],[141.781757,-15.19093],[141.776822,-15.190288],[141.774166,-15.18777],[141.77311,-15.183709],[141.770418,-15.183696],[141.769955,-15.180831],[141.780948,-15.180134],[141.786493,-15.174753],[141.781586,-15.175232],[141.780218,-15.178444],[141.767204,-15.177006],[141.767716,-15.174763],[141.763489,-15.175777],[141.760348,-15.170493],[141.758782,-15.16987],[141.758858,-15.171646],[141.755609,-15.168033],[141.755293,-15.165407],[141.757633,-15.163954],[141.755912,-15.163587],[141.7535,-15.165968],[141.75119,-15.165338],[141.75527,-15.16739],[141.750999,-15.16869],[141.751899,-15.173828],[141.752741,-15.168925],[141.757194,-15.170673],[141.758983,-15.174639],[141.757833,-15.181926],[141.755093,-15.18132],[141.752792,-15.183317],[141.749663,-15.187524],[141.749762,-15.190028],[141.752001,-15.189801],[141.754111,-15.185026],[141.758007,-15.186496],[141.761018,-15.180575],[141.764565,-15.179267],[141.764178,-15.184959],[141.768926,-15.190227],[141.766563,-15.193784],[141.765681,-15.200235],[141.76331,-15.201408],[141.760651,-15.198143],[141.76062,-15.202252],[141.762276,-15.203279],[141.754713,-15.208017],[141.755917,-15.209331],[141.754666,-15.214005],[141.746745,-15.213679],[141.740054,-15.221982],[141.73598,-15.221702],[141.732441,-15.219011],[141.732198,-15.214332],[141.727478,-15.21392],[141.72624,-15.218082],[141.720857,-15.223993],[141.703676,-15.235516],[141.695928,-15.245331],[141.696405,-15.240521],[141.698204,-15.238523],[141.695162,-15.237045],[141.693138,-15.233279],[141.694752,-15.228836],[141.69692,-15.230743],[141.697437,-15.229838],[141.693862,-15.224323],[141.699032,-15.223828],[141.699733,-15.220957],[141.693112,-15.220977],[141.699659,-15.215059],[141.691322,-15.217556],[141.688792,-15.213631],[141.692001,-15.207537],[141.69683,-15.203378],[141.692317,-15.203764],[141.689891,-15.206508],[141.687535,-15.205745],[141.691386,-15.197432],[141.690729,-15.190579],[141.687226,-15.187359],[141.67644,-15.183974],[141.672529,-15.180301],[141.676099,-15.174568],[141.675626,-15.168405],[141.680224,-15.169506],[141.680684,-15.171648],[141.682706,-15.170644],[141.688232,-15.159942],[141.691405,-15.159609],[141.688771,-15.158179],[141.688732,-15.155479],[141.691692,-15.155088],[141.690053,-15.152833],[141.693467,-15.152617],[141.690106,-15.150631],[141.690639,-15.147224],[141.682826,-15.14726],[141.684781,-15.143131],[141.683214,-15.140652],[141.684428,-15.139096],[141.68865,-15.139627],[141.689094,-15.146099],[141.691472,-15.1432],[141.693748,-15.14604],[141.696376,-15.145592],[141.693224,-15.14296],[141.697879,-15.13773],[141.696795,-15.137696],[141.697379,-15.136295],[141.69379,-15.13573],[141.694275,-15.131567],[141.696979,-15.126803],[141.702058,-15.127257],[141.69872,-15.122982],[141.700401,-15.119571],[141.693448,-15.118653],[141.695977,-15.115945],[141.693316,-15.115307],[141.692856,-15.113342],[141.694384,-15.109433],[141.698862,-15.106463],[141.700221,-15.107106],[141.701117,-15.10406],[141.697929,-15.100502],[141.695686,-15.091565],[141.691586,-15.098453],[141.686496,-15.09964],[141.67983,-15.094258],[141.678602,-15.08731],[141.679518,-15.08183],[141.676519,-15.080252],[141.672839,-15.084683],[141.669494,-15.084239],[141.674291,-15.076481],[141.674664,-15.071455],[141.677487,-15.066724],[141.676854,-15.055694],[141.680323,-15.050819],[141.684719,-15.049429],[141.677574,-15.045246],[141.676056,-15.046168],[141.675797,-15.043629],[141.672928,-15.042174],[141.669166,-15.036078],[141.663044,-15.033886],[141.65095,-15.06841],[141.65077,-15.08185],[141.65834,-15.09055],[141.65728,-15.09186],[141.6513,-15.08993],[141.64547,-15.08365],[141.64411,-15.07905],[141.64501,-15.07196],[141.64347,-15.07253],[141.63655,-15.09179],[141.63827,-15.098],[141.63287,-15.10507],[141.63382,-15.10915],[141.63614,-15.11097],[141.6341,-15.10685],[141.63953,-15.11364],[141.64143,-15.13075],[141.63821,-15.14353],[141.6311,-15.15511],[141.63284,-15.16014],[141.62872,-15.16034],[141.61646,-15.1696],[141.59643,-15.18978],[141.59259,-15.19804],[141.59383,-15.19942],[141.59924,-15.19886],[141.5997,-15.20143],[141.61143,-15.20682],[141.6199,-15.21526],[141.62748,-15.21166],[141.63644,-15.21609],[141.63604,-15.22251],[141.63316,-15.22233],[141.63255,-15.22418],[141.63305,-15.22656],[141.6362,-15.22851],[141.64067,-15.22877],[141.64976,-15.22429],[141.65885,-15.2237],[141.6591,-15.2272],[141.6491,-15.2294],[141.64375,-15.23261],[141.63659,-15.23344],[141.62904,-15.22875],[141.63029,-15.21567],[141.62722,-15.2179],[141.62204,-15.21949],[141.60604,-15.21845],[141.60018,-15.21581],[141.59723,-15.21172],[141.5941,-15.21056],[141.58899,-15.20277],[141.58347,-15.20088],[141.58548,-15.203],[141.58242,-15.20896],[141.5807,-15.2086],[141.5799,-15.20578],[141.58031,-15.2275],[141.57811,-15.24976],[141.57242,-15.28101],[141.56642,-15.30138],[141.56029,-15.31439],[141.54237,-15.33942],[141.54215,-15.34417],[141.54831,-15.34908],[141.54767,-15.35333],[141.54656,-15.35521],[141.54253,-15.35601],[141.5388,-15.36479],[141.52944,-15.3938],[141.51343,-15.43189],[141.49801,-15.47479],[141.48993,-15.48837],[141.48576,-15.49042],[141.48458,-15.49356],[141.48545,-15.49887],[141.48106,-15.50036],[141.4733,-15.51731],[141.45509,-15.58387],[141.44642,-15.6237],[141.43675,-15.65554],[141.42509,-15.71675],[141.42008,-15.78992],[141.41207,-15.8584],[141.40682,-15.87701],[141.3944,-15.90309],[141.39443,-15.90555],[141.39927,-15.90677],[141.39889,-15.9103],[141.38228,-15.91708],[141.37877,-15.92093],[141.37787,-15.919],[141.37998,-15.91589],[141.39499,-15.91154],[141.38308,-15.91321],[141.37555,-15.91903],[141.39498,-15.96093],[141.39697,-15.97392],[141.41037,-16.02518],[141.41272,-16.02771],[141.41354,-16.0321],[141.41527,-16.03245],[141.41458,-16.03428],[141.41675,-16.04073],[141.41989,-16.04147],[141.4232,-16.0502],[141.42877,-16.05728],[141.43216,-16.0759],[141.4328,-16.07384],[141.43086,-16.08293],[141.4271,-16.09311],[141.40978,-16.12759],[141.38942,-16.15901],[141.3897,-16.16129],[141.38771,-16.16073],[141.36615,-16.19651],[141.35108,-16.21786],[141.34736,-16.22653],[141.34525,-16.23743],[141.34749,-16.24785],[141.34333,-16.27025],[141.33562,-16.29055],[141.33556,-16.29303],[141.33706,-16.29347],[141.33294,-16.29849],[141.33408,-16.30068],[141.32806,-16.3143],[141.31805,-16.34936],[141.3028,-16.37851],[141.29624,-16.39739],[141.29027,-16.39708],[141.28884,-16.39967],[141.29038,-16.40149],[141.28919,-16.40534],[141.28802,-16.4046],[141.28619,-16.40713],[141.28594,-16.40997],[141.28768,-16.40892],[141.28681,-16.41684],[141.28803,-16.42425],[141.2871,-16.4232],[141.29246,-16.43216],[141.29849,-16.43773],[141.30379,-16.45018],[141.30487,-16.45718],[141.30258,-16.47396],[141.30697,-16.47578],[141.30241,-16.47603],[141.29684,-16.49608],[141.27556,-16.54302],[141.27491,-16.55275],[141.27007,-16.5619],[141.26803,-16.56055],[141.26918,-16.55657],[141.26648,-16.55339],[141.26031,-16.55309],[141.25407,-16.55595],[141.24873,-16.56328],[141.24491,-16.57201],[141.2446,-16.57635],[141.23568,-16.58458],[141.2344,-16.58836],[141.23754,-16.58298],[141.23641,-16.58815],[141.23829,-16.5896],[141.23541,-16.58981],[141.23589,-16.59852],[141.23351,-16.60041],[141.23438,-16.60345],[141.22688,-16.62428],[141.22606,-16.63958],[141.22255,-16.65522],[141.21562,-16.67141],[141.20646,-16.68407],[141.20631,-16.69231],[141.20102,-16.69532],[141.19681,-16.70022],[141.19635,-16.70374],[141.19142,-16.71163],[141.17155,-16.73757],[141.13359,-16.77627],[141.1109,-16.79411],[141.09413,-16.80173],[141.09593,-16.80318],[141.10267,-16.80305],[141.10232,-16.80456],[141.0942,-16.80808],[141.08772,-16.80613],[141.08455,-16.80323],[141.08303,-16.80388],[141.07848,-16.82099],[141.07759,-16.83613],[141.07979,-16.83503],[141.07844,-16.83998],[141.0712,-16.85998],[141.06158,-16.87796],[141.0454,-16.90059],[141.01651,-16.93517],[141.00736,-16.945],[140.98135,-16.9665],[140.98843,-16.97433],[140.98564,-16.97623],[140.97784,-16.97009],[140.97588,-16.9702],[140.95904,-16.99643],[140.95112,-17.01906],[140.94672,-17.03956],[140.94762,-17.04672],[140.95155,-17.05196],[140.95078,-17.06104],[140.95405,-17.06825],[140.95635,-17.09157],[140.9533,-17.09987],[140.95324,-17.11891],[140.94889,-17.14678],[140.94979,-17.15129],[140.9385,-17.17639],[140.93787,-17.18241],[140.94019,-17.1848],[140.93337,-17.18903],[140.92546,-17.19879],[140.92377,-17.20513],[140.92515,-17.21411],[140.92168,-17.215],[140.91281,-17.23236],[140.90907,-17.25128],[140.90891,-17.26761],[140.90517,-17.26869],[140.90868,-17.26837],[140.90758,-17.2776],[140.90471,-17.28105],[140.90427,-17.28708],[140.90703,-17.2887],[140.90482,-17.29136],[140.90437,-17.29651],[140.90245,-17.29684],[140.90222,-17.29998],[140.90024,-17.30063],[140.89922,-17.32547],[140.89351,-17.34196],[140.89395,-17.34814],[140.88382,-17.37346],[140.88402,-17.37759],[140.88715,-17.38247],[140.88355,-17.3817],[140.88031,-17.38479],[140.85883,-17.41483],[140.84464,-17.43841],[140.82755,-17.45662],[140.82816,-17.46513],[140.83641,-17.47062],[140.83875,-17.47591],[140.83495,-17.47692],[140.81212,-17.46484],[140.76881,-17.47819],[140.74579,-17.49596],[140.73843,-17.50559],[140.7351,-17.51259],[140.73915,-17.52659],[140.73727,-17.53461],[140.73456,-17.53222],[140.73328,-17.52256],[140.72988,-17.51414],[140.72282,-17.51409],[140.71063,-17.50924],[140.7018,-17.51796],[140.67334,-17.53305],[140.66988,-17.53798],[140.67361,-17.53755],[140.66313,-17.54589],[140.65724,-17.55461],[140.6526,-17.55514],[140.64575,-17.56283],[140.63414,-17.57181],[140.60333,-17.59084],[140.59779,-17.59284],[140.59603,-17.5965],[140.56468,-17.60166],[140.53082,-17.62339],[140.4875,-17.64231],[140.47934,-17.64468],[140.4691,-17.64481],[140.45579,-17.65084],[140.45286,-17.64882],[140.45464,-17.6426],[140.44904,-17.64161],[140.43788,-17.6469],[140.41298,-17.66499],[140.39792,-17.67303],[140.3812,-17.67943],[140.33937,-17.68732],[140.30682,-17.68954],[140.2823,-17.69547],[140.24916,-17.69849],[140.22286,-17.70473],[140.21644,-17.70858],[140.21404,-17.70837],[140.2102,-17.70338],[140.20297,-17.70292],[140.18977,-17.70547],[140.18461,-17.70824],[140.17028,-17.70902],[140.15956,-17.71271],[140.15205,-17.71176],[140.13665,-17.71479],[140.12325,-17.71955],[140.10256,-17.7205],[140.09198,-17.72283],[140.0699,-17.72306],[140.0411,-17.72172],[140.01979,-17.71847],[140.00348,-17.71457],[139.98608,-17.70664],[139.96607,-17.69168],[139.95309,-17.67909],[139.94438,-17.66782],[139.94026,-17.65874],[139.93992,-17.64794],[139.93742,-17.64666],[139.93711,-17.64462],[139.94133,-17.63846],[139.93956,-17.63373],[139.9351,-17.62959],[139.9179,-17.62201],[139.91372,-17.62188],[139.90977,-17.61947],[139.88081,-17.61118],[139.84562,-17.59617],[139.84347,-17.59664],[139.84169,-17.60168],[139.84445,-17.60278],[139.84523,-17.60549],[139.8338,-17.60591],[139.83369,-17.59827],[139.83851,-17.59353],[139.83906,-17.58925],[139.82849,-17.57904],[139.82598,-17.57344],[139.82153,-17.5706],[139.81774,-17.57036],[139.80497,-17.57879],[139.80342,-17.57543],[139.80047,-17.57551],[139.79677,-17.58033],[139.79231,-17.58002],[139.78865,-17.57669],[139.77827,-17.57375],[139.77227,-17.57366],[139.75675,-17.57785],[139.75263,-17.57674],[139.75518,-17.56932],[139.7534,-17.56508],[139.74815,-17.56277],[139.74893,-17.56608],[139.74774,-17.56673],[139.73889,-17.56271],[139.73283,-17.55557],[139.7295,-17.55425],[139.72785,-17.55603],[139.72781,-17.55359],[139.72123,-17.54855],[139.71722,-17.5488],[139.71261,-17.55403],[139.7084,-17.54826],[139.69834,-17.54732],[139.69941,-17.54874],[139.69787,-17.55068],[139.69435,-17.54665],[139.69006,-17.5451],[139.67684,-17.54301],[139.67091,-17.54378],[139.65202,-17.53752],[139.64811,-17.53847],[139.63772,-17.52907],[139.61897,-17.52032],[139.60768,-17.50441],[139.60348,-17.50512],[139.59828,-17.49844],[139.59207,-17.48322],[139.58869,-17.48081],[139.57083,-17.47542],[139.56553,-17.4724],[139.5538,-17.47047],[139.54789,-17.46734],[139.54935,-17.46316],[139.55262,-17.46238],[139.55258,-17.46043],[139.535,-17.44116],[139.52937,-17.43743],[139.51321,-17.43113],[139.51228,-17.42809],[139.50816,-17.42757],[139.5075,-17.4254],[139.49661,-17.41537],[139.49346,-17.41442],[139.47702,-17.40188],[139.45556,-17.39451],[139.45082,-17.39545],[139.44274,-17.3885],[139.41294,-17.3734],[139.39329,-17.37254],[139.34102,-17.37546],[139.33773,-17.37263],[139.32345,-17.36649],[139.31129,-17.36335],[139.30659,-17.36367],[139.30442,-17.36069],[139.28486,-17.35141],[139.28179,-17.34754],[139.26174,-17.33664],[139.24121,-17.32296],[139.22131,-17.30299],[139.21035,-17.2869],[139.20687,-17.28443],[139.20352,-17.2702],[139.20143,-17.27072],[139.20004,-17.26719],[139.20114,-17.26443],[139.20002,-17.26339],[139.19911,-17.26522],[139.1983,-17.26067],[139.1911,-17.24797],[139.18405,-17.22969],[139.17767,-17.219],[139.17448,-17.21665],[139.17127,-17.2087],[139.1715,-17.20355],[139.16813,-17.2019],[139.16824,-17.19685],[139.156,-17.16731],[139.15078,-17.12616],[139.14288,-17.09795],[139.14031,-17.07787],[139.14523,-17.05461],[139.15782,-17.02919],[139.15046,-17.02592],[139.15211,-17.02463],[139.13121,-17.01935],[139.09918,-17.00447],[139.09187,-17.00357],[139.08393,-16.99657],[139.07701,-16.98626],[139.07609,-16.98143],[139.07899,-16.97842],[139.07669,-16.97834],[139.07211,-16.97423],[139.07241,-16.97212],[139.05249,-16.96001],[139.04556,-16.95398],[139.04034,-16.94645],[139.03692,-16.93937],[139.03392,-16.92634],[139.03627,-16.9219],[139.03977,-16.91988],[139.03894,-16.91331],[139.02818,-16.90871],[139.01055,-16.8971],[138.99896,-16.89167],[138.97767,-16.88729],[138.97332,-16.8886],[138.95527,-16.88614],[138.94686,-16.88704],[138.94465,-16.88908],[138.93879,-16.88479],[138.92089,-16.88033],[138.92141,-16.87811],[138.91389,-16.87602],[138.89622,-16.8843],[138.89163,-16.88225],[138.89509,-16.88077],[138.89184,-16.87824],[138.88845,-16.88031],[138.88769,-16.88307],[138.88629,-16.88236],[138.88339,-16.88493],[138.88127,-16.87797],[138.87084,-16.87406],[138.85617,-16.87169],[138.84187,-16.86726],[138.83024,-16.86041],[138.83065,-16.85874],[138.82446,-16.85384],[138.79246,-16.84581],[138.76036,-16.83332],[138.75646,-16.83349],[138.75256,-16.82683],[138.74394,-16.823],[138.67995,-16.79997],[138.65934,-16.78737],[138.65598,-16.77774],[138.63483,-16.77159],[138.62813,-16.76805],[138.62388,-16.77114],[138.60866,-16.77238],[138.60746,-16.77475],[138.5848,-16.77773],[138.58254,-16.78111],[138.57847,-16.78004],[138.57728,-16.77689],[138.57013,-16.77707],[138.53602,-16.78339],[138.49375,-16.78006],[138.4885,-16.78086],[138.48688,-16.78377],[138.48319,-16.78286],[138.48034,-16.7774],[138.47631,-16.77826],[138.47384,-16.7757],[138.47074,-16.77604],[138.47327,-16.78024],[138.47721,-16.78002],[138.47974,-16.78444],[138.46827,-16.77953],[138.459,-16.77828],[138.46059,-16.777],[138.45977,-16.77612],[138.45638,-16.77689],[138.4508,-16.774],[138.44198,-16.77308],[138.43545,-16.77295],[138.4307,-16.77457],[138.42762,-16.77778],[138.40648,-16.76429],[138.40099,-16.75886],[138.36841,-16.74278],[138.35286,-16.74047],[138.34899,-16.74075],[138.34586,-16.74331],[138.34144,-16.74179],[138.34238,-16.74288],[138.34102,-16.74325],[138.33834,-16.74153],[138.33899,-16.73953],[138.34055,-16.74031],[138.33857,-16.73807],[138.34247,-16.7399],[138.33869,-16.73682],[138.33713,-16.74048],[138.33346,-16.74031],[138.32975,-16.73703],[138.32723,-16.73955],[138.32912,-16.73783],[138.3319,-16.74025],[138.32941,-16.74104],[138.32981,-16.74489],[138.32375,-16.74725],[138.32371,-16.75126],[138.31257,-16.74298],[138.29665,-16.7385],[138.28907,-16.73417],[138.27285,-16.72019],[138.2157,-16.70539],[138.19375,-16.69654],[138.1769,-16.68758],[138.16271,-16.67774],[138.15602,-16.67835],[138.15796,-16.67172],[138.13833,-16.66143],[138.12275,-16.65097],[138.11681,-16.6496],[138.11307,-16.64401],[138.08762,-16.62111],[138.08204,-16.61831],[138.08025,-16.61386],[138.05993,-16.59851],[138.05236,-16.58589],[138.0438,-16.57601],[138.02894,-16.56964],[138.02907,-16.56513],[138.02715,-16.56272],[138.0165,-16.55428],[138.00077,-16.54494],[137.98548,-16.52972],[137.96755,-16.518],[137.9536,-16.50568],[137.93997,-16.48837],[137.93924,-16.48454],[137.91645,-16.46914],[137.86759,-16.43054],[137.84691,-16.40297],[137.84064,-16.38848],[137.83147,-16.37479],[137.81462,-16.35889],[137.81462,-16.356],[137.80404,-16.34015],[137.7869,-16.32363],[137.77242,-16.29115],[137.74776,-16.2647],[137.74585,-16.27313],[137.74698,-16.2824],[137.74369,-16.28247],[137.73948,-16.27088],[137.7412,-16.26528],[137.739,-16.24861],[137.73417,-16.23897],[137.72558,-16.23112],[137.71497,-16.22996],[137.71287,-16.22847],[137.70655,-16.2292],[137.70143,-16.22775],[137.70072,-16.22591],[137.68662,-16.22441],[137.67469,-16.2212],[137.66486,-16.21666],[137.65281,-16.20841],[137.63561,-16.20158],[137.6337,-16.20262],[137.628,-16.19837],[137.6021,-16.18644],[137.58034,-16.17804],[137.57662,-16.17809],[137.5735,-16.17563],[137.55642,-16.17202],[137.53303,-16.16423],[137.53032,-16.16582],[137.53647,-16.16833],[137.5414,-16.16815],[137.54391,-16.17122],[137.54652,-16.17086],[137.54833,-16.17274],[137.56151,-16.17409],[137.55492,-16.17517],[137.54739,-16.1735],[137.54459,-16.17512],[137.54325,-16.18164],[137.53891,-16.18872],[137.53946,-16.19849],[137.53698,-16.19861],[137.5344,-16.19095],[137.54014,-16.17825],[137.53179,-16.17098],[137.51093,-16.16586],[137.4968,-16.16663],[137.46441,-16.15974],[137.45629,-16.15549],[137.45585,-16.15198],[137.44971,-16.14576],[137.42827,-16.13939],[137.41712,-16.14017],[137.41474,-16.1437],[137.40989,-16.14481],[137.40453,-16.13739],[137.38769,-16.12603],[137.38567,-16.12632],[137.3848,-16.12411],[137.36683,-16.11721],[137.34986,-16.11426],[137.34572,-16.11072],[137.32634,-16.1028],[137.30768,-16.08951],[137.30624,-16.08777],[137.30854,-16.08462],[137.30726,-16.08079],[137.27726,-16.05114],[137.26622,-16.03402],[137.26757,-16.02749],[137.25542,-16.01358],[137.25062,-16.01022],[137.22837,-16.00503],[137.225,-16.00702],[137.20432,-16.00002],[137.15674,-15.96804],[137.14606,-15.96506],[137.12122,-15.95359],[137.11208,-15.95265],[137.11289,-15.95411],[137.10954,-15.95463],[137.08467,-15.94457],[137.07906,-15.93921],[137.0643,-15.931],[137.05423,-15.92172],[137.05058,-15.92061],[137.04878,-15.92196],[137.04147,-15.91503],[137.02182,-15.89047],[137.01472,-15.8869],[137.00648,-15.87538],[136.9991,-15.87045],[137.00063,-15.87835],[136.99953,-15.88075],[136.99606,-15.88609],[136.98936,-15.88935],[136.98077,-15.88152],[136.96736,-15.87876],[136.96249,-15.87973],[136.96031,-15.87821],[136.95947,-15.87482],[136.95544,-15.87464],[136.94687,-15.87992],[136.93732,-15.88223],[136.91428,-15.89876],[136.91307,-15.90224],[136.91521,-15.90894],[136.91763,-15.91548],[136.92171,-15.92054],[136.92921,-15.92584],[136.94746,-15.93163],[136.94668,-15.93327],[136.94145,-15.93432],[136.94083,-15.93832],[136.93904,-15.93931],[136.9317,-15.93374],[136.9166,-15.93642],[136.91344,-15.93384],[136.90907,-15.9341],[136.90738,-15.92766],[136.90195,-15.92766],[136.8981,-15.92991],[136.8952,-15.92614],[136.88817,-15.92246],[136.8809,-15.92475],[136.87126,-15.92402],[136.86917,-15.92301],[136.86946,-15.91731],[136.86792,-15.91424],[136.86176,-15.91387],[136.85587,-15.90735],[136.83722,-15.9093],[136.83228,-15.90755],[136.82324,-15.89998],[136.81332,-15.90033],[136.79418,-15.90655],[136.79087,-15.90671],[136.78674,-15.90338],[136.78264,-15.90796],[136.77575,-15.90975],[136.77314,-15.90774],[136.77599,-15.89598],[136.7742,-15.89073],[136.77228,-15.88978],[136.76971,-15.89039],[136.76506,-15.89683],[136.75899,-15.90051],[136.74063,-15.92289],[136.72932,-15.9331],[136.7245,-15.93412],[136.72368,-15.93306],[136.71664,-15.93534],[136.70692,-15.932],[136.69971,-15.92013],[136.69939,-15.91519],[136.69439,-15.91238],[136.69539,-15.9072],[136.6911,-15.90371],[136.69623,-15.89955],[136.69589,-15.89692],[136.70085,-15.88948],[136.71051,-15.88604],[136.7106,-15.88468],[136.70522,-15.88261],[136.70534,-15.88108],[136.71262,-15.88028],[136.71523,-15.87716],[136.71303,-15.87094],[136.71555,-15.86599],[136.71378,-15.86216],[136.71413,-15.85641],[136.7095,-15.85308],[136.70909,-15.85065],[136.70477,-15.85068],[136.70317,-15.84825],[136.70467,-15.8438],[136.70216,-15.83937],[136.69672,-15.83751],[136.69531,-15.83129],[136.69243,-15.82708],[136.6828,-15.82184],[136.67783,-15.81527],[136.67468,-15.81486],[136.65878,-15.82263],[136.65092,-15.82138],[136.64963,-15.81874],[136.65599,-15.81684],[136.66461,-15.81689],[136.66444,-15.81569],[136.66176,-15.81669],[136.67882,-15.80751],[136.67897,-15.80501],[136.67036,-15.79402],[136.66132,-15.79067],[136.6545,-15.79202],[136.64021,-15.79126],[136.63554,-15.78783],[136.63538,-15.7823],[136.62358,-15.77073],[136.62511,-15.77077],[136.61999,-15.76284],[136.61717,-15.76611],[136.61084,-15.76616],[136.60351,-15.7685],[136.6015,-15.76721],[136.60158,-15.76308],[136.59817,-15.75769],[136.59035,-15.75991],[136.58408,-15.75974],[136.57907,-15.75652],[136.57828,-15.75425],[136.56947,-15.74995],[136.56834,-15.74564],[136.56548,-15.74285],[136.55612,-15.7427],[136.55409,-15.74065],[136.55101,-15.74218],[136.54431,-15.74143],[136.54162,-15.73928],[136.54721,-15.73338],[136.54819,-15.72952],[136.54544,-15.72894],[136.54187,-15.73168],[136.53844,-15.73177],[136.51369,-15.71279],[136.51228,-15.71356],[136.5103,-15.70858],[136.50462,-15.70662],[136.50478,-15.70369],[136.48875,-15.6865],[136.48034,-15.67975],[136.46895,-15.66592],[136.45584,-15.65548],[136.43575,-15.64738],[136.42526,-15.63957],[136.42541,-15.63562],[136.42311,-15.63254],[136.40929,-15.62542],[136.40085,-15.62748],[136.39189,-15.62705],[136.3893,-15.62349],[136.37755,-15.61629],[136.36774,-15.61326],[136.36024,-15.61412],[136.35629,-15.61632],[136.34474,-15.61341],[136.3405,-15.61425],[136.33754,-15.60786],[136.33218,-15.60182],[136.3322,-15.60426],[136.32986,-15.60531],[136.32693,-15.60185],[136.32088,-15.60223],[136.31778,-15.58916],[136.31512,-15.58904],[136.31363,-15.5861],[136.30914,-15.58493],[136.29099,-15.57203],[136.283,-15.55775],[136.27974,-15.55359],[136.27666,-15.55231],[136.27686,-15.54878],[136.27068,-15.53678],[136.26532,-15.5206],[136.2634,-15.49864],[136.25412,-15.48481],[136.24348,-15.45466],[136.23901,-15.43636],[136.23976,-15.42903],[136.24266,-15.42847],[136.24321,-15.42603],[136.2408,-15.42588],[136.2395,-15.42393],[136.23985,-15.41563],[136.23116,-15.41037],[136.22432,-15.40851],[136.21579,-15.40237],[136.20717,-15.40123],[136.20758,-15.39639],[136.20972,-15.39595],[136.21069,-15.39329],[136.20808,-15.39401],[136.20203,-15.39144],[136.19118,-15.39225],[136.17865,-15.39102],[136.1753,-15.39416],[136.16917,-15.39481],[136.17079,-15.39312],[136.16338,-15.3911],[136.15822,-15.38576],[136.14696,-15.38045],[136.13875,-15.37056],[136.13129,-15.36648],[136.12886,-15.36351],[136.11923,-15.36084],[136.10971,-15.35574],[136.10608,-15.35663],[136.09796,-15.35412],[136.091,-15.34873],[136.07127,-15.33966],[136.06549,-15.3329],[136.05484,-15.32612],[136.0531,-15.32678],[136.05231,-15.32233],[136.0504,-15.32164],[136.0506,-15.31676],[136.0473,-15.31748],[136.04597,-15.3196],[136.04292,-15.31419],[136.03331,-15.31223],[136.03293,-15.31332],[136.02994,-15.30958],[136.02513,-15.30831],[136.01739,-15.30248],[136.01595,-15.30325],[136.00798,-15.29943],[135.99425,-15.28963],[135.99269,-15.29045],[135.99123,-15.28828],[135.98172,-15.2867],[135.98064,-15.28215],[135.97279,-15.27827],[135.96819,-15.27266],[135.9557,-15.26701],[135.94942,-15.26151],[135.9487,-15.26324],[135.94192,-15.25839],[135.94002,-15.25932],[135.92674,-15.24994],[135.92448,-15.24566],[135.92059,-15.2437],[135.91478,-15.23643],[135.91344,-15.23692],[135.91237,-15.23308],[135.90828,-15.23022],[135.90793,-15.2261],[135.90079,-15.21582],[135.89536,-15.2128],[135.8958,-15.21161],[135.8862,-15.20112],[135.8723,-15.18897],[135.86026,-15.18078],[135.84744,-15.17442],[135.84392,-15.17411],[135.83664,-15.16888],[135.79485,-15.14798],[135.78056,-15.13713],[135.76451,-15.129],[135.76056,-15.12625],[135.76041,-15.12337],[135.74564,-15.11419],[135.73787,-15.11259],[135.73312,-15.1144],[135.73308,-15.11581],[135.73218,-15.11451],[135.7218,-15.11633],[135.7164,-15.1208],[135.70512,-15.13651],[135.7021,-15.13861],[135.69902,-15.13539],[135.71831,-15.10604],[135.71527,-15.10198],[135.71103,-15.10091],[135.68805,-15.10738],[135.67749,-15.10547],[135.67497,-15.10263],[135.68043,-15.10008],[135.69255,-15.10118],[135.70171,-15.09942],[135.70421,-15.09708],[135.70241,-15.09177],[135.7043,-15.09323],[135.70514,-15.09187],[135.70222,-15.08727],[135.68874,-15.077],[135.67577,-15.07373],[135.67323,-15.0757],[135.66929,-15.07515],[135.66847,-15.07315],[135.67027,-15.06659],[135.66841,-15.061],[135.66708,-15.06215],[135.6674,-15.06068],[135.65857,-15.05312],[135.65114,-15.05049],[135.65135,-15.04919],[135.64728,-15.0467],[135.63789,-15.04407],[135.61208,-15.05186],[135.58408,-15.0447],[135.57967,-15.04492],[135.57785,-15.04374],[135.57568,-15.03729],[135.5753,-15.03876],[135.57021,-15.03573],[135.56987,-15.03378],[135.55432,-15.02362],[135.5369,-15.01471],[135.52913,-15.01554],[135.52454,-15.00861],[135.51515,-15.00229],[135.51173,-14.99752],[135.49333,-14.98129],[135.48183,-14.97459],[135.47391,-14.9733],[135.46841,-14.96718],[135.4561,-14.94942],[135.44199,-14.92178],[135.43634,-14.91441],[135.43246,-14.91336],[135.43109,-14.91138],[135.4328,-14.90303],[135.43011,-14.89527],[135.41931,-14.87978],[135.41566,-14.87089],[135.41394,-14.86894],[135.41203,-14.86977],[135.4093,-14.86488],[135.40929,-14.8607],[135.41275,-14.85896],[135.41251,-14.84968],[135.4059,-14.83749],[135.40613,-14.83478],[135.39627,-14.81158],[135.39374,-14.8086],[135.39597,-14.80132],[135.39424,-14.77393],[135.38808,-14.75577],[135.38185,-14.72538],[135.37933,-14.72368],[135.3658,-14.72841],[135.3562,-14.72821],[135.34706,-14.72253],[135.33791,-14.71343],[135.32928,-14.71254],[135.32805,-14.70928],[135.33121,-14.70839],[135.3317,-14.70649],[135.33226,-14.70801],[135.33795,-14.70822],[135.34419,-14.7106],[135.35558,-14.72056],[135.36911,-14.7136],[135.37023,-14.71101],[135.38182,-14.712],[135.39865,-14.72226],[135.40454,-14.73654],[135.407,-14.73746],[135.41463,-14.73603],[135.42505,-14.72761],[135.43166,-14.71718],[135.43266,-14.71767],[135.43605,-14.71109],[135.43381,-14.7092],[135.43687,-14.70876],[135.4391,-14.70615],[135.43757,-14.70387],[135.44148,-14.70203],[135.43962,-14.69673],[135.44849,-14.69322],[135.45549,-14.68448],[135.46634,-14.67507],[135.47664,-14.66973],[135.48517,-14.66754],[135.48878,-14.66884],[135.49393,-14.67447],[135.49901,-14.6763],[135.5018,-14.66051],[135.51257,-14.66217],[135.51266,-14.65973],[135.51546,-14.65815],[135.51677,-14.65066],[135.52156,-14.6494],[135.52496,-14.65124],[135.52603,-14.65303],[135.52364,-14.65216],[135.5262,-14.65384],[135.53673,-14.6542],[135.53778,-14.65018],[135.53537,-14.64536],[135.53638,-14.64351],[135.53464,-14.64422],[135.53319,-14.64053],[135.52745,-14.64201],[135.52203,-14.63486],[135.51851,-14.63297],[135.51851,-14.62907],[135.51656,-14.62864],[135.51639,-14.6256],[135.52089,-14.6225],[135.52136,-14.61273],[135.52594,-14.59032],[135.52483,-14.58961],[135.52693,-14.58695],[135.53572,-14.56121],[135.54671,-14.54453],[135.5551,-14.53605],[135.55788,-14.53567],[135.55749,-14.53816],[135.56296,-14.54054],[135.56613,-14.53841],[135.5679,-14.53255],[135.56694,-14.52865],[135.56511,-14.52719],[135.56467,-14.52833],[135.56248,-14.5253],[135.56419,-14.52073],[135.56798,-14.5191],[135.56592,-14.51845],[135.5683,-14.51492],[135.57396,-14.50964],[135.58037,-14.51142],[135.58844,-14.5076],[135.58832,-14.50131],[135.59047,-14.49572],[135.58878,-14.4897],[135.59444,-14.47808],[135.59547,-14.47178],[135.60031,-14.46857],[135.59822,-14.45729],[135.6026,-14.4538],[135.60258,-14.44925],[135.60616,-14.44826],[135.60736,-14.44115],[135.61624,-14.43093],[135.61778,-14.42805],[135.61673,-14.42654],[135.61928,-14.42279],[135.62373,-14.42462],[135.62686,-14.42814],[135.62947,-14.42482],[135.62801,-14.42141],[135.63028,-14.41961],[135.63307,-14.42178],[135.64043,-14.42295],[135.648669,-14.420222],[135.617218,-14.40126],[135.582413,-14.386309],[135.480011,-14.35488],[135.453644,-14.345463],[135.423599,-14.339977],[135.363419,-14.302715],[135.247192,-14.249868],[135.154068,-14.181678],[135.087387,-14.137163],[134.918701,-14.007206],[134.86467,-13.961564],[134.785141,-13.91801],[134.710052,-13.890706],[134.644516,-13.884595],[134.529068,-13.85718],[134.417023,-13.840551]],[[142.171427,-20.062926],[142.169129,-20.057606],[142.172871,-20.054557],[142.171774,-20.058833],[142.17727,-20.063954],[142.184593,-20.061593],[142.188703,-20.057475],[142.194543,-20.058147],[142.195499,-20.060097],[142.190436,-20.062621],[142.190447,-20.064044],[142.193315,-20.069894],[142.196345,-20.072363],[142.203288,-20.069471],[142.212374,-20.072153],[142.21609,-20.069739],[142.224187,-20.070216],[142.226994,-20.068063],[142.231341,-20.070344],[142.236493,-20.079201],[142.241046,-20.083616],[142.241633,-20.086457],[142.244084,-20.086973],[142.248416,-20.091628],[142.251161,-20.100974],[142.246634,-20.099939],[142.247228,-20.103669],[142.252119,-20.103101],[142.255342,-20.105924],[142.257093,-20.113025],[142.260866,-20.113888],[142.262542,-20.111564],[142.264617,-20.112082],[142.26307,-20.106936],[142.266257,-20.105312],[142.265924,-20.11065],[142.268161,-20.107966],[142.272868,-20.107932],[142.276668,-20.112173],[142.276313,-20.114844],[142.277997,-20.113587],[142.282336,-20.114622],[142.285334,-20.112822],[142.284622,-20.117807],[142.289124,-20.115818],[142.288958,-20.118487],[142.286157,-20.121353],[142.28786,-20.122407],[142.292182,-20.121309],[142.291078,-20.124518],[142.295809,-20.127329],[142.296543,-20.125011],[142.298619,-20.12553],[142.296771,-20.129812],[142.298852,-20.131041],[142.302592,-20.127812],[142.304136,-20.132425],[142.316181,-20.131624],[142.317085,-20.127171],[142.317519,-20.128414],[142.320485,-20.128391],[142.322544,-20.126952],[142.326341,-20.130659],[142.331589,-20.127774],[142.331831,-20.122925],[142.341992,-20.127202],[142.344031,-20.129458],[142.344777,-20.128563],[142.348757,-20.131556],[142.348963,-20.133688],[142.355241,-20.135495],[142.371698,-20.144679],[142.375927,-20.137881],[142.371969,-20.137423],[142.370883,-20.135128],[142.379662,-20.13434],[142.390975,-20.136029],[142.392578,-20.134203],[142.401427,-20.133457],[142.403606,-20.137707],[142.40095,-20.135417],[142.403632,-20.140553],[142.402318,-20.141097],[142.408049,-20.145459],[142.414283,-20.147543],[142.416904,-20.145921],[142.41938,-20.148925],[142.423529,-20.149602],[142.431853,-20.153803],[142.436601,-20.15821],[142.443402,-20.160467],[142.444763,-20.165079],[142.446234,-20.164896],[142.448152,-20.168013],[142.446529,-20.174612],[142.449997,-20.185483],[142.459741,-20.1988],[142.466031,-20.202608],[142.472472,-20.222537],[142.477077,-20.226131],[142.478335,-20.232025],[142.48682,-20.238765],[142.490439,-20.23987],[142.491178,-20.24168],[142.493443,-20.252106],[142.493973,-20.267441],[142.491072,-20.274122],[142.485658,-20.274554],[142.490122,-20.281654],[142.489086,-20.290924],[142.491379,-20.306243],[142.492896,-20.304398],[142.491158,-20.293801],[142.49374,-20.27516],[142.498447,-20.264894],[142.50084,-20.266303],[142.503124,-20.270828],[142.510568,-20.276601],[142.533802,-20.275858],[142.538236,-20.278823],[142.54462,-20.292635],[142.553834,-20.304194],[142.554935,-20.313992],[142.565043,-20.317797],[142.5695,-20.321759],[142.573957,-20.333691],[142.577666,-20.336126],[142.576595,-20.328808],[142.571326,-20.318938],[142.564844,-20.313941],[142.557213,-20.311527],[142.557406,-20.302593],[142.551856,-20.297355],[142.543777,-20.285205],[142.542525,-20.279712],[142.538326,-20.274938],[142.556912,-20.265189],[142.565639,-20.264029],[142.566423,-20.262518],[142.5631,-20.261453],[142.562877,-20.259875],[142.559258,-20.25883],[142.557708,-20.26039],[142.554962,-20.259887],[142.553618,-20.258566],[142.5541,-20.255877],[142.556079,-20.257763],[142.564772,-20.257687],[142.569295,-20.260655],[142.571313,-20.257672],[142.579938,-20.256406],[142.579948,-20.254573],[142.588641,-20.245994],[142.593982,-20.244186],[142.600976,-20.244562],[142.612958,-20.253418],[142.614306,-20.249348],[142.613297,-20.246222],[142.616744,-20.245235],[142.618157,-20.253183],[142.613,-20.259885],[142.61923,-20.272926],[142.620844,-20.283092],[142.638255,-20.306745],[142.655141,-20.323584],[142.663229,-20.343702],[142.662785,-20.349257],[142.668365,-20.350537],[142.664739,-20.34694],[142.665344,-20.344708],[142.672026,-20.347784],[142.678774,-20.354323],[142.682177,-20.360751],[142.682761,-20.368951],[142.687914,-20.376248],[142.683706,-20.375469],[142.683428,-20.37758],[142.689303,-20.383519],[142.689577,-20.388859],[142.702882,-20.403968],[142.703785,-20.406767],[142.725157,-20.422206],[142.749498,-20.430947],[142.776832,-20.429784],[142.791008,-20.433692],[142.801484,-20.434676],[142.820355,-20.444336],[142.828419,-20.446719],[142.875766,-20.451989],[142.871595,-20.458809],[142.874314,-20.471747],[142.870596,-20.469324],[142.869475,-20.47125],[142.871548,-20.47555],[142.874553,-20.475128],[142.881655,-20.480972],[142.879146,-20.481812],[142.876346,-20.488606],[142.879317,-20.491508],[142.878256,-20.486529],[142.880057,-20.486368],[142.880736,-20.489827],[142.882831,-20.48929],[142.884548,-20.491535],[142.88377,-20.494098],[142.880904,-20.493627],[142.88201,-20.49567],[142.885112,-20.498516],[142.888026,-20.496954],[142.888716,-20.49943],[142.89117,-20.499413],[142.891483,-20.501756],[142.888503,-20.502932],[142.888289,-20.505027],[142.893819,-20.501857],[142.893134,-20.507428],[142.894459,-20.507712],[142.896205,-20.504984],[142.895332,-20.502241],[142.898967,-20.504979],[142.89702,-20.515325],[142.89768,-20.521709],[142.894874,-20.525023],[142.891544,-20.523103],[142.888845,-20.529681],[142.892685,-20.533014],[142.891729,-20.538116],[142.893981,-20.552759],[142.897284,-20.555921],[142.898482,-20.564048],[142.914402,-20.580022],[142.914373,-20.582211],[142.907152,-20.585562],[142.903584,-20.58521],[142.896407,-20.596644],[142.893487,-20.597725],[142.892758,-20.595464],[142.890629,-20.595801],[142.886694,-20.601086],[142.883335,-20.602351],[142.88244,-20.605298],[142.875207,-20.606234],[142.860495,-20.616537],[142.859225,-20.621537],[142.855639,-20.62319],[142.849099,-20.631712],[142.839715,-20.634037],[142.838026,-20.632756],[142.831681,-20.633687],[142.822155,-20.625696],[142.81502,-20.624654],[142.812483,-20.625842],[142.795806,-20.638932],[142.794727,-20.645137],[142.79075,-20.647905],[142.790769,-20.650241],[142.788885,-20.651599],[142.787366,-20.665143],[142.782997,-20.667412],[142.774913,-20.664153],[142.77435,-20.657237],[142.772174,-20.654459],[142.7757,-20.648377],[142.774407,-20.643476],[142.77907,-20.639169],[142.773858,-20.642116],[142.773199,-20.645887],[142.774484,-20.64817],[142.771828,-20.650352],[142.766499,-20.646458],[142.771346,-20.638065],[142.764986,-20.645823],[142.763728,-20.643538],[142.757729,-20.640811],[142.753771,-20.634729],[142.762304,-20.62886],[142.757767,-20.63037],[142.758392,-20.628109],[142.766727,-20.62449],[142.760648,-20.625047],[142.764678,-20.617904],[142.761388,-20.620208],[142.756522,-20.631052],[142.750349,-20.633284],[142.742881,-20.629324],[142.753553,-20.622477],[142.750592,-20.622652],[142.743496,-20.628543],[142.739714,-20.628749],[142.728909,-20.623688],[142.724648,-20.623513],[142.727315,-20.622108],[142.728966,-20.617976],[142.723029,-20.623211],[142.715318,-20.625482],[142.68947,-20.617805],[142.676634,-20.621544],[142.67118,-20.616884],[142.666302,-20.615064],[142.649725,-20.62085],[142.637975,-20.617519],[142.617947,-20.622542],[142.60494,-20.621275],[142.598293,-20.617376],[142.590437,-20.617248],[142.588292,-20.615216],[142.586719,-20.608955],[142.568725,-20.599235],[142.551758,-20.585386],[142.55108,-20.576887],[142.555115,-20.571265],[142.55801,-20.56996],[142.555237,-20.566933],[142.546342,-20.564228],[142.539305,-20.559229],[142.509604,-20.544811],[142.490986,-20.545034],[142.484394,-20.546691],[142.473246,-20.536195],[142.47122,-20.531332],[142.471696,-20.527746],[142.459832,-20.522018],[142.455425,-20.51795],[142.412855,-20.507276],[142.397501,-20.500109],[142.367978,-20.491275],[142.344742,-20.488789],[142.332256,-20.485328],[142.319703,-20.474042],[142.314967,-20.471944],[142.314356,-20.466613],[142.309592,-20.461136],[142.310119,-20.456508],[142.308366,-20.450119],[142.313061,-20.43961],[142.311083,-20.436761],[142.302941,-20.433265],[142.301592,-20.429896],[142.29551,-20.424606],[142.288801,-20.411851],[142.287603,-20.403857],[142.282079,-20.397912],[142.294931,-20.377091],[142.306075,-20.371819],[142.335622,-20.36466],[142.338995,-20.362144],[142.343828,-20.353179],[142.341911,-20.350384],[142.338699,-20.349697],[142.331916,-20.350826],[142.332657,-20.348677],[142.338669,-20.346141],[142.34586,-20.349109],[142.349998,-20.34801],[142.354214,-20.349379],[142.353689,-20.34526],[142.356566,-20.333603],[142.359474,-20.331931],[142.36403,-20.335452],[142.373836,-20.335553],[142.383419,-20.331921],[142.388108,-20.329216],[142.389395,-20.325471],[142.395939,-20.319372],[142.398953,-20.31917],[142.405686,-20.313248],[142.408511,-20.312869],[142.419168,-20.30318],[142.420687,-20.304412],[142.422738,-20.301906],[142.429317,-20.299896],[142.436703,-20.292983],[142.440683,-20.291458],[142.441893,-20.286495],[142.444366,-20.285047],[142.444258,-20.274506],[142.441742,-20.274839],[142.442177,-20.279621],[142.438823,-20.288259],[142.434135,-20.290965],[142.430046,-20.297223],[142.420653,-20.300678],[142.419125,-20.30051],[142.418351,-20.297329],[142.417455,-20.301415],[142.40922,-20.307884],[142.407555,-20.311454],[142.403736,-20.305972],[142.405292,-20.311295],[142.399873,-20.316673],[142.391986,-20.320115],[142.384528,-20.329422],[142.373061,-20.333247],[142.366274,-20.3333],[142.360207,-20.329435],[142.355137,-20.331787],[142.351525,-20.328436],[142.347942,-20.328285],[142.350323,-20.320264],[142.353899,-20.319525],[142.355342,-20.312044],[142.360014,-20.307384],[142.358835,-20.30188],[142.360681,-20.29742],[142.377123,-20.28093],[142.380826,-20.273431],[142.388496,-20.266969],[142.391453,-20.260365],[142.394704,-20.260097],[142.395237,-20.257267],[142.403551,-20.252911],[142.404086,-20.249528],[142.410851,-20.244271],[142.417642,-20.243247],[142.419338,-20.245223],[142.419367,-20.241263],[142.425019,-20.239752],[142.419787,-20.240204],[142.417024,-20.242488],[142.413152,-20.241638],[142.402572,-20.248829],[142.401469,-20.251861],[142.393934,-20.256572],[142.393574,-20.258829],[142.390345,-20.259179],[142.384928,-20.268419],[142.379498,-20.272375],[142.375978,-20.279338],[142.372055,-20.283282],[142.36923,-20.283482],[142.367758,-20.287583],[142.361582,-20.292611],[142.356565,-20.301009],[142.35585,-20.30546],[142.356998,-20.307408],[142.352704,-20.312243],[142.353122,-20.316863],[142.349167,-20.317427],[142.343164,-20.328389],[142.340205,-20.327456],[142.329449,-20.330099],[142.322199,-20.333371],[142.317298,-20.338656],[142.315887,-20.334642],[142.312748,-20.333965],[142.311457,-20.338874],[142.306415,-20.340537],[142.297319,-20.339517],[142.29539,-20.334374],[142.277134,-20.338421],[142.259211,-20.337128],[142.250647,-20.32723],[142.25737,-20.319357],[142.256393,-20.315095],[142.254118,-20.313511],[142.247149,-20.314272],[142.23758,-20.320031],[142.233625,-20.320593],[142.225879,-20.318513],[142.223589,-20.314972],[142.228838,-20.3112],[142.239383,-20.309703],[142.248249,-20.310352],[142.254638,-20.307816],[142.255366,-20.30461],[142.259469,-20.302105],[142.258719,-20.300856],[142.250487,-20.307312],[142.227695,-20.309786],[142.222582,-20.306798],[142.212511,-20.306157],[142.21066,-20.301012],[142.202138,-20.295913],[142.203049,-20.291816],[142.213007,-20.287657],[142.22228,-20.27899],[142.22189,-20.277392],[142.21793,-20.277063],[142.217351,-20.271839],[142.215161,-20.273049],[142.210999,-20.271842],[142.204628,-20.276688],[142.195577,-20.276216],[142.189011,-20.280174],[142.184562,-20.289986],[142.185711,-20.292468],[142.193971,-20.287966],[142.193798,-20.289923],[142.197193,-20.290256],[142.205654,-20.28753],[142.200022,-20.290414],[142.190414,-20.291191],[142.188936,-20.295114],[142.185351,-20.294605],[142.186517,-20.299221],[142.185001,-20.298164],[142.182747,-20.299246],[142.183091,-20.294976],[142.181563,-20.292318],[142.178946,-20.293228],[142.174771,-20.291475],[142.178376,-20.294652],[142.17778,-20.295711],[142.166068,-20.287264],[142.173815,-20.289702],[142.178712,-20.289136],[142.183589,-20.28608],[142.185619,-20.280375],[142.189729,-20.275545],[142.196688,-20.273541],[142.205737,-20.273835],[142.210424,-20.270601],[142.214579,-20.271639],[142.216889,-20.270418],[142.213516,-20.266957],[142.205972,-20.266297],[142.205554,-20.260965],[142.211352,-20.255233],[142.21113,-20.250967],[142.208855,-20.249204],[142.200016,-20.251576],[142.196668,-20.257291],[142.193286,-20.258736],[142.193886,-20.263179],[142.191475,-20.268353],[142.171379,-20.277737],[142.158006,-20.279071],[142.153834,-20.275541],[142.153992,-20.271449],[142.151908,-20.27004],[142.146827,-20.271141],[142.144714,-20.265641],[142.145647,-20.26439],[142.152815,-20.265232],[142.162592,-20.262144],[142.166753,-20.264073],[142.18161,-20.259883],[142.190371,-20.247888],[142.196754,-20.244644],[142.199193,-20.23884],[142.203298,-20.237326],[142.204955,-20.232157],[142.212464,-20.228548],[142.214732,-20.229422],[142.22297,-20.222784],[142.22844,-20.223457],[142.228803,-20.221676],[142.242487,-20.212865],[142.244874,-20.205023],[142.247125,-20.203762],[142.252336,-20.194843],[142.258688,-20.195438],[142.26564,-20.192955],[142.271208,-20.195962],[142.275491,-20.193564],[142.278617,-20.195622],[142.291474,-20.189234],[142.298385,-20.195339],[142.302378,-20.194532],[142.310606,-20.197291],[142.307321,-20.194544],[142.298376,-20.194254],[142.293068,-20.188637],[142.293581,-20.185092],[142.292516,-20.187447],[142.285516,-20.191739],[142.282388,-20.191327],[142.279097,-20.194226],[142.275482,-20.192456],[142.271255,-20.194884],[142.266255,-20.191901],[142.257161,-20.194373],[142.254185,-20.193596],[142.253856,-20.191553],[142.248041,-20.196753],[142.239851,-20.213062],[142.228036,-20.220081],[142.223516,-20.22029],[142.214707,-20.22622],[142.212003,-20.225812],[142.215247,-20.223015],[142.215193,-20.21608],[142.217616,-20.212684],[142.21388,-20.205308],[142.218661,-20.20165],[142.213204,-20.203221],[142.211278,-20.197076],[142.207468,-20.191589],[142.210714,-20.197258],[142.210369,-20.201351],[142.212847,-20.205069],[142.213639,-20.210043],[142.216295,-20.212337],[142.213866,-20.215022],[142.213928,-20.223025],[142.211509,-20.224987],[142.21069,-20.218423],[142.20887,-20.226794],[142.204751,-20.230202],[142.199656,-20.22917],[142.197214,-20.230253],[142.191727,-20.227267],[142.191026,-20.234208],[142.186702,-20.235483],[142.179205,-20.240869],[142.175395,-20.235381],[142.17351,-20.235216],[142.176963,-20.243374],[142.176572,-20.245889],[142.17052,-20.247598],[142.164712,-20.2431],[142.158865,-20.242427],[142.157179,-20.243683],[142.1451,-20.241272],[142.144688,-20.236473],[142.142027,-20.233289],[142.143337,-20.232035],[142.141441,-20.230447],[142.141592,-20.225288],[142.144195,-20.220469],[142.142308,-20.220126],[142.14006,-20.221919],[142.13935,-20.227971],[142.13544,-20.234399],[142.124529,-20.236959],[142.113318,-20.25037],[142.109171,-20.250218],[142.101038,-20.246001],[142.082908,-20.240422],[142.083629,-20.235794],[142.089078,-20.233448],[142.093925,-20.225947],[142.087546,-20.2299],[142.085661,-20.229912],[142.083945,-20.226899],[142.083356,-20.223523],[142.086293,-20.2123],[142.085648,-20.200743],[142.095262,-20.201573],[142.096194,-20.200144],[142.084662,-20.194524],[142.081625,-20.191163],[142.079719,-20.187974],[142.079671,-20.181038],[142.07509,-20.172173],[142.075826,-20.169678],[142.084072,-20.16358],[142.089824,-20.151095],[142.10237,-20.140701],[142.110278,-20.140473],[142.11759,-20.135981],[142.126264,-20.137526],[142.131716,-20.136246],[142.141137,-20.136897],[142.139616,-20.13495],[142.131315,-20.132869],[142.12699,-20.133786],[142.118317,-20.132241],[142.096307,-20.135581],[142.088234,-20.143252],[142.085803,-20.141515],[142.084467,-20.139033],[142.08797,-20.127265],[142.092856,-20.125812],[142.09397,-20.123493],[142.092206,-20.113544],[142.088006,-20.10521],[142.088177,-20.102719],[142.092875,-20.101445],[142.088342,-20.099339],[142.084726,-20.09367],[142.085445,-20.088863],[142.089212,-20.089018],[142.090128,-20.085455],[142.081446,-20.082129],[142.081435,-20.080528],[142.086494,-20.077118],[142.091584,-20.078153],[142.099852,-20.075968],[142.101537,-20.074712],[142.103,-20.068478],[142.105253,-20.067753],[142.108079,-20.068091],[142.112275,-20.07589],[142.114541,-20.076765],[142.115823,-20.071777],[142.119776,-20.071752],[142.126906,-20.068505],[142.130902,-20.074527],[142.132975,-20.074869],[142.136169,-20.073959],[142.139905,-20.070022],[142.142173,-20.071253],[142.144276,-20.075686],[142.14839,-20.071924],[142.150312,-20.077425],[142.15181,-20.076348],[142.151212,-20.071728],[142.156103,-20.07134],[142.163605,-20.074183],[142.166785,-20.071494],[142.168683,-20.073616],[142.169401,-20.068809],[142.1711,-20.069509],[142.171427,-20.062926]]]]}}
