AD	Andorra
AD-02	Canillo
AD-03	Encamp
AD-04	La Massana
AD-05	Ordino
AD-06	Sant Julià de Lòria
AD-07	Andorra la Vella
AD-08	Escaldes-Engordany
AE	United Arab Emirates
AE-AJ	Emirate of Ajman
AE-AZ	Emirate of Abu Dhabi
AE-DU	Emirate of Dubai
AE-FU	Emirate of Fujairah
AE-RK	Emirate of Ras Al Khaimah
AE-SH	Emirate of Sharjah
AE-UQ	Emirate of Umm Al Quwain
AF	Afghanistan
AF-BAL	Balkh
AF-BAM	Bamyan
AF-BDG	Badghis
AF-BDS	Badakhshan
AF-BGL	Baghlan
AF-DAY	Daykundi Province
AF-FRA	Farah
AF-FYB	Faryab
AF-GHA	Ghazni
AF-GHO	Ghōr
AF-HEL	Helmand
AF-HER	Herat
AF-JOW	Jowzjan
AF-KAB	Kabul
AF-KAN	Kandahar
AF-KAP	Kapisa
AF-KDZ	Kunduz
AF-KHO	Khost
AF-KNR	Kunar
AF-LAG	Laghman
AF-LOG	Logar
AF-NAN	Nangarhar
AF-NIM	Nimruz
AF-NUR	Nuristan
AF-PAN	Panjshir Province
AF-PAR	Parwan
AF-PIA	Paktika
AF-PKA	Paktia
AF-SAM	Samangan
AF-SAR	Sar-e Pol
AF-TAK	Takhar
AF-URU	Urozgan
AF-WAR	Maidan Wardak
AF-ZAB	Zabul
AG	Antigua and Barbuda
AG-03	Saint George
AG-04	Saint John
AG-05	Saint Mary
AG-06	Saint Paul
AG-07	Saint Peter
AG-08	Saint Philip
AG-10	Barbuda
AG-11	Redonda
AI	Anguilla
AI-X00	
AL	Albania
AL-01	Berat
AL-02	Durrës
AL-03	Elbasan
AL-04	Fier
AL-05	Gjirokastër
AL-06	Korçë
AL-07	Kukës
AL-08	Lezhë
AL-09	Dibër
AL-10	Shkodër
AL-11	Tirana
AL-12	Vlorë
AL-BR	Berat District
AL-BU	Bulqizë District
AL-DI	Dibër District
AL-DL	Delvinë District
AL-DR	Durrës District
AL-DV	Devoll District
AL-EL	Elbasan District
AL-ER	Kolonjë District
AL-FR	Fier District
AL-GJ	Gjirokastër District
AL-GR	Gramsh District
AL-HA	Has District
AL-KA	Kavajë District
AL-KB	Kurbin District
AL-KC	Kuçovë District
AL-KO	Korçë District
AL-KR	Krujë District
AL-KU	Kukës District
AL-LB	Librazhd District
AL-LE	Lezhë District
AL-LU	Lushnjë District
AL-MK	Mallakastër District
AL-MM	Malësi e Madhe District
AL-MR	Mirditë District
AL-MT	Mat District
AL-PG	Pogradec District
AL-PQ	Peqin District
AL-PR	Përmet District
AL-PU	Pukë District
AL-SH	Shkodër District
AL-SK	Skrapar District
AL-SR	Sarandë District
AL-TE	Tepelenë District
AL-TP	Tropojë District
AL-TR	Tirana District
AL-VL	Vlorë District
AM	Armenia
AM-AG	Aragatsotn
AM-AR	Ararat
AM-AV	Armavir
AM-ER	Yerevan
AM-GR	Gegharkunik
AM-KT	Kotayk
AM-LO	Lori
AM-SH	Shirak
AM-SU	Syunik
AM-TV	Tavush
AM-VD	Vayots Dzor
AO	Angola
AO-BGO	Bengo
AO-BGU	Benguela
AO-BIE	Bié
AO-CAB	Cabinda
AO-CCU	Cuando Cubango
AO-CNN	Cunene
AO-CNO	Cuanza Norte
AO-CUS	Cuanza Sul
AO-HUA	Huambo
AO-HUI	Huíla
AO-LNO	Lunda Norte
AO-LSU	Lunda Sul
AO-LUA	Luanda
AO-MAL	Malanje
AO-MOX	Moxico
AO-NAM	Namibe
AO-UIG	Uíge
AO-ZAI	Zaire
AQ	Antarctica
AR	Argentina
AR-A	Salta
AR-B	Buenos Aires
AR-C	Buenos Aires
AR-D	San Luis
AR-E	Entre Ríos
AR-F	La Rioja
AR-G	Santiago del Estero
AR-H	Chaco
AR-J	San Juan
AR-K	Catamarca
AR-L	La Pampa
AR-M	Mendoza
AR-N	Misiones
AR-P	Formosa
AR-Q	Neuquén
AR-R	Río Negro
AR-S	Santa Fe
AR-T	Tucumán
AR-U	Chubut
AR-V	Tierra del Fuego
AR-W	Corrientes
AR-X	Córdoba
AR-Y	Jujuy
AR-Z	Santa Cruz
AS	American Samoa
AT	Austria
AT-1	Burgenland
AT-2	Carinthia
AT-3	Lower Austria
AT-4	Upper Austria
AT-5	Salzburg
AT-6	Styria
AT-7	Tyrol
AT-8	Vorarlberg
AT-9	Vienna
AU	Australia
AU-ACT	Australian Capital Territory
AU-NSW	New South Wales
AU-NT	Northern Territory
AU-QLD	Queensland
AU-SA	South Australia
AU-TAS	Tasmania
AU-VIC	Victoria
AU-WA	Western Australia
AW	Aruba
AX	Åland
AZ	Azerbaijan
AZ-ABS	Absheron
AZ-AGA	Agstafa
AZ-AGC	Aghjabadi
AZ-AGM	Agdam
AZ-AGS	Agdash
AZ-AGU	Agsu
AZ-AST	Astara
AZ-BA	Baku
AZ-BAB	Babek
AZ-BAL	Balakan
AZ-BAR	Barda
AZ-BEY	Beylagan
AZ-BIL	Bilasuvar
AZ-CAB	Jabrayil
AZ-CAL	Jalilabad
AZ-CUL	Julfa
AZ-DAS	Dashkasan
AZ-FUZ	Fuzuli
AZ-GA	Ganja
AZ-GAD	Gadabay
AZ-GOR	Goranboy
AZ-GOY	Goychay
AZ-GYG	Goygol
AZ-HAC	Hajigabul
AZ-IMI	Imishli
AZ-ISM	Ismayilli
AZ-KAL	Kalbajar
AZ-KAN	Kangarli
AZ-KUR	Kurdamir
AZ-LA	Lankaran
AZ-LAC	Lachin District
AZ-LAN	Lankaran
AZ-LER	Lerik
AZ-MAS	Masally
AZ-MI	Mingachevir
AZ-NA	Naftalan
AZ-NEF	Neftchala
AZ-NV	Nakhchivan
AZ-NX	Nakhchivan
AZ-OGU	Oghuz
AZ-ORD	Ordubad
AZ-QAB	Qabala
AZ-QAX	Qakh
AZ-QAZ	Qazax
AZ-QBA	Quba
AZ-QBI	Qubadli
AZ-QOB	Gobustan
AZ-QUS	Qusar
AZ-SA	Sheki
AZ-SAB	Sabirabad
AZ-SAD	Sadarak
AZ-SAH	Shahbuz
AZ-SAK	Shaki District
AZ-SAL	Salyan
AZ-SAR	Sharur
AZ-SAT	Saatly
AZ-SBN	Shabran
AZ-SIY	Siyazan
AZ-SKR	Shamkir
AZ-SM	Sumqayit
AZ-SMI	Shamakhi
AZ-SMX	Samukh
AZ-SR	Şirvan
AZ-SUS	Susa
AZ-TAR	Tartar
AZ-TOV	Tovuz
AZ-UCA	Ujar
AZ-XA	Stepanakert
AZ-XAC	Khachmaz
AZ-XCI	Khojali
AZ-XIZ	Khizi
AZ-XVD	Khojavend
AZ-YAR	Yardimli
AZ-YE	Yevlakh
AZ-YEV	Yevlakh
AZ-ZAN	Zangilan
AZ-ZAQ	Zaqatala
AZ-ZAR	Zardab
BA	Bosnia and Herzegovina
BA-01	Una-Sana Canton
BA-02	Posavina Canton
BA-03	Tuzla Canton
BA-04	Zenica-Doboj Canton
BA-05	Bosnian Podrinje Canton
BA-06	Central Bosnia Canton
BA-07	Herzegovina-Neretva Canton
BA-08	West Herzegovina Canton
BA-09	Sarajevo Canton
BA-10	Canton 10
BA-BIH	Herzegovina-Neretva Canton
BA-BRC	Brčko
BA-SRP	Posavina Canton
BB	Barbados
BB-01	Christ Church
BB-02	Saint Andrew
BB-03	Saint George
BB-04	Saint James
BB-05	Saint John
BB-06	Saint Joseph
BB-07	Saint Lucy
BB-08	Saint Michael
BB-09	Saint Peter
BB-10	Saint Philip
BB-11	Saint Thomas
BD	Bangladesh
BD-01	Bandarban District
BD-02	Barguna District
BD-03	Bogura District
BD-04	Brahmanbaria District
BD-05	Bagerhat District
BD-06	Barishal District
BD-07	Bhola District
BD-08	Cumilla District
BD-09	Chandpur District
BD-10	Chattogram District
BD-11	Cox's Bazar District
BD-12	Chuadanga District
BD-13	Dhaka District
BD-14	Dinajpur District
BD-15	Faridpur District
BD-16	Feni District
BD-17	Gopalganj District
BD-18	Gazipur District
BD-19	Gaibandha District
BD-20	Habiganj District
BD-21	Jamalpur District
BD-22	Jashore District
BD-23	Jhenaidah District
BD-24	Joypurhat District
BD-25	Jhalokati District
BD-26	Kishoreganj District
BD-27	Khulna District
BD-28	Kurigram District
BD-29	Khagrachari District
BD-30	Kushtia District
BD-31	Lakshmipur District
BD-32	Lalmonirhat District
BD-33	Manikganj District
BD-34	Mymensingh District
BD-35	Munshiganj District
BD-36	Madaripur District
BD-37	Magura District
BD-38	Moulvibazar District
BD-39	Meherpur District
BD-40	Narayanganj District
BD-41	Netrokona District
BD-42	Narsingdi District
BD-43	Narail District
BD-44	Natore District
BD-45	Chapai Nawabganj
BD-46	Nilphamari District
BD-47	Royal Bengal Noakhali District
BD-48	Naogaon District
BD-49	Pabna District
BD-50	Pirojpur District
BD-51	Patuakhali District
BD-52	Panchagarh District
BD-53	Rajbari District
BD-54	Rajshahi District
BD-55	Rangpur District
BD-56	Rangamati District
BD-57	Sherpur District
BD-58	Satkhira District
BD-59	Sirajganj District
BD-60	Sylhet District
BD-61	Sunamganj District
BD-62	Shariatpur District
BD-63	Tangail District
BD-64	Thakurgaon District
BD-A	Barisal
BD-B	Chattogram
BD-C	Dhaka
BD-D	Khulna
BD-E	Rajshahi
BD-F	Rangpur
BD-G	Sylhet
BD-H	Mymensingh Division
BE	Belgium
BE-BRU	Brussels Capital
BE-VAN	Antwerp
BE-VBR	Flemish Brabant
BE-VLG	Flemish Region
BE-VLI	Limburg
BE-VOV	East Flanders
BE-VWV	West Flanders
BE-WAL	Walloon Region
BE-WBR	Walloon Brabant
BE-WHT	Hainaut
BE-WLG	Liège
BE-WLX	Luxembourg
BE-WNA	Namur
BF	Burkina Faso
BF-01	Bankui
BF-02	Tannounyan
BF-03	Kadiogo
BF-04	Nakambé (région)
BF-05	Kuilsé
BF-06	Nando
BF-07	Nazinon
BF-08	Goulmou
BF-09	Guiriko
BF-10	Yaadga
BF-11	Oubri
BF-12	Liptako
BF-13	Djôrô
BF-BAL	Balé
BF-BAM	Bam
BF-BAN	Banwa
BF-BAZ	Bazèga
BF-BGR	Bougouriba
BF-BLG	Boulgou
BF-BLK	Boulkiemdé
BF-COM	Comoé
BF-GAN	Ganzourgou
BF-GNA	Gnagna
BF-GOU	Gourma
BF-HOU	Houet
BF-IOB	Ioba
BF-KAD	Kadiogo
BF-KEN	Kénédougou
BF-KMD	Komondjari
BF-KMP	Kompienga
BF-KOP	Koulpélogo
BF-KOS	Kossi
BF-KOT	Kouritenga
BF-KOW	Kourwéogo
BF-LER	Léraba
BF-LOR	Loroum
BF-MOU	Mouhoun
BF-NAM	Namentenga
BF-NAO	Nahouri
BF-NAY	Nayala
BF-NOU	Noumbiel
BF-OUB	Oubritenga
BF-OUD	Oudalan
BF-PAS	Passoré
BF-PON	Poni
BF-SEN	Séno
BF-SIS	Sissili
BF-SMT	Sanmatenga
BF-SNG	Sanguié
BF-SOM	Soum
BF-SOR	Sourou
BF-TAP	Tapoa
BF-TUI	Tuy
BF-YAG	Yagha
BF-YAT	Yatenga
BF-ZIR	Ziro
BF-ZON	Zondoma
BF-ZOU	Zoundwéogo
BG	Bulgaria
BG-01	Blagoevgrad
BG-02	Burgas
BG-03	Varna
BG-04	Veliko Tarnovo
BG-05	Vidin
BG-06	Vratsa
BG-07	Gabrovo
BG-08	Dobrich
BG-09	Kardzhali
BG-10	Kyustendil
BG-11	Lovech
BG-12	Montana
BG-13	Pazardzhik
BG-14	Pernik
BG-15	Pleven
BG-16	Plovdiv
BG-17	Razgrad
BG-18	Ruse
BG-19	Silistra
BG-20	Sliven
BG-21	Smolyan
BG-22	Sofia
BG-23	Sofia
BG-24	Stara Zagora
BG-25	Targovishte
BG-26	Haskovo
BG-27	Shumen
BG-28	Yambol
BH	Bahrain
BH-13	Capital
BH-14	Southern
BH-15	Muharraq
BH-16	Central
BH-17	Northern
BI	Burundi
BI-BB	Bubanza
BI-BL	Bujumbura Rural
BI-BM	Bujumbura Mairie
BI-BR	Bururi
BI-CA	Cankuzo
BI-CI	Cibitoke
BI-GI	Gitega
BI-KI	Kirundo
BI-KR	Karuzi
BI-KY	Kayanza
BI-MA	Makamba
BI-MU	Muramvya
BI-MW	Mwaro
BI-MY	Muyinga
BI-NG	Ngozi
BI-RM	Rumonge Province
BI-RT	Rutana
BI-RY	Ruyigi
BJ	Benin
BJ-AK	Atakora
BJ-AL	Alibori
BJ-AQ	Atlantique
BJ-BO	Borgou
BJ-CO	Collines
BJ-DO	Donga
BJ-KO	Kouffo
BJ-LI	Littoral
BJ-MO	Mono
BJ-OU	Ouémé
BJ-PL	Plateau
BJ-ZO	Zou
BL	Saint Barthélemy
BM	Bermuda
BM-DEV	Devonshire
BM-HA	Hamilton
BM-HAM	Hamilton
BM-PAG	Paget Parish
BM-PEM	Pembroke Parish
BM-SAN	Sandys Parish
BM-SG	St. George
BM-SGE	Saint George
BM-SMI	Smith's Parish
BM-SOU	Southampton
BM-WAR	Warwick
BN	Brunei
BN-BE	Belait
BN-BM	Brunei-Muara
BN-TE	Temburong
BN-TU	Tutong
BO	Bolivia
BO-B	Beni
BO-C	Cochabamba
BO-H	Chuquisaca
BO-L	La Paz
BO-N	Pando
BO-O	Oruro
BO-P	Potosí
BO-S	Santa Cruz
BO-T	Tarija
BQ	Caribbean Netherlands
BQ-SE	Sint Eustatius
BR	Brazil
BR-AC	Acre
BR-AL	Alagoas
BR-AM	Amazonas
BR-AP	Amapá
BR-BA	Bahia
BR-CE	Ceará
BR-DF	Federal
BR-ES	Espírito Santo
BR-GO	Goiás
BR-MA	Maranhão
BR-MG	Minas Gerais
BR-MS	Mato Grosso do Sul
BR-MT	Mato Grosso
BR-PA	Pará
BR-PB	Paraíba
BR-PE	Pernambuco
BR-PI	Piauí
BR-PR	Paraná
BR-RJ	Rio de Janeiro
BR-RN	Rio Grande do Norte
BR-RO	Rondônia
BR-RR	Roraima
BR-RS	Rio Grande do Sul
BR-SC	Santa Catarina
BR-SE	Sergipe
BR-SP	São Paulo
BR-TO	Tocantins
BS	The Bahamas
BS-AC	Acklins and Crooked Islands
BS-AK	Acklins
BS-BI	Bimini
BS-BP	Black Point
BS-BY	Berry Islands
BS-CE	Central Eleuthera
BS-CI	Cat Island
BS-CK	Crooked Island
BS-CO	Central Abaco
BS-CS	Central Andros
BS-EG	East Grand Bahama
BS-EX	Exuma
BS-FC	Fresh Creek
BS-FP	Freeport
BS-GC	Grand Cay
BS-GH	Governor's Harbour
BS-GT	Green Turtle Cay
BS-HI	Harbour Island
BS-HR	High Rock
BS-HT	Hope Town
BS-IN	Inagua
BS-KB	Kemps Bay
BS-LI	Long Island
BS-MC	Mangrove Cay
BS-MG	Mayaguana
BS-MH	Marsh Harbour
BS-MI	Moore's Island
BS-NB	Nichollstown and Berry Islands
BS-NE	North Eleuthera
BS-NO	North Abaco
BS-NP	New Providence
BS-NS	North Andros
BS-RC	Rum Cay
BS-RI	Ragged Island
BS-RS	Rock Sound
BS-SA	South Andros
BS-SE	South Eleuthera
BS-SO	South Abaco
BS-SP	Sandy Point
BS-SR	San Salvador and Rum Cay
BS-SS	San Salvador Island
BS-SW	Spanish Wells
BS-WG	West Grand Bahama
BT	Bhutan
BT-11	Paro
BT-12	Chukha
BT-13	Haa
BT-14	Samtse
BT-15	Thimphu
BT-21	Tsirang
BT-22	Dagana
BT-23	Punakha
BT-24	Wangdue Phodrang
BT-31	Geylegphug
BT-32	Trongsa
BT-33	Bumthang
BT-34	Zhemgang
BT-41	Trashigang
BT-42	Mongar
BT-43	Pemagatshel
BT-44	Lhuntse
BT-45	Samdrup Jongkhar
BT-GA	Gasa
BT-TY	Trashiyangtse
BV	Bouvet Island
BW	Botswana
BW-CE	Central
BW-CH	Chobe District
BW-FR	Francistown
BW-GA	Gaborone
BW-GH	Ghanzi
BW-JW	Jwaneng
BW-KG	Kgalagadi
BW-KL	Kgatleng
BW-KW	Kweneng
BW-LO	Lobatse
BW-NE	North-East
BW-NG	Ngamiland
BW-NW	North-West
BW-SE	South-East
BW-SO	Southern
BW-SP	Selebi-Phikwe
BW-ST	Sowa
BY	Belarus
BY-BR	Brest
BY-HM	Minsk
BY-HO	Gomel
BY-HR	Grodno
BY-MA	Mahilioŭ
BY-MI	Minsk
BY-VI	Vitebsk
BZ	Belize
BZ-BZ	Belize
BZ-CY	Cayo
BZ-CZL	Corozal
BZ-OW	Orange Walk
BZ-SC	Stann Creek
BZ-TOL	Toledo
CA	Canada
CA-AB	Alberta
CA-BC	British Columbia
CA-MB	Manitoba
CA-NB	New Brunswick
CA-NL	Newfoundland and Labrador
CA-NS	Nova Scotia
CA-NT	Northwest Territories
CA-NU	Nunavut
CA-ON	Ontario
CA-PE	Prince Edward Island
CA-QC	Quebec
CA-SK	Saskatchewan
CA-YT	Yukon
CC	Cocos
CD	Democratic Republic of the Congo
CD-BC	Kongo Central
CD-BN	Bandundu
CD-BU	Bas-Uele
CD-EQ	Équateur
CD-HK	Haut-Katanga Province
CD-HL	Haut-Lomami Province
CD-HU	Haut-Uele
CD-IT	Ituri Province
CD-KA	Katanga
CD-KC	Kasaï-Central
CD-KE	Kasaï-Oriental
CD-KG	Kwango Province
CD-KL	Kwilu
CD-KN	Kinshasa
CD-KS	Kasaï District
CD-KW	Kasaï-Occidental
CD-LO	Lomami Province
CD-LU	Lualaba Province
CD-MA	Maniema
CD-MN	Mai-Ndombe Province
CD-MO	Mongala
CD-NK	North Kivu
CD-NU	Nord-Ubangi
CD-OR	Orientale
CD-SA	Sankuru
CD-SK	South Kivu
CD-SU	Sud-Ubangi
CD-TA	Tanganyika Province
CD-TO	Tshopo
CD-TU	Tshuapa
CF	Central African Republic
CF-AC	Ouham Prefecture
CF-BB	Bamingui-Bangoran Prefecture
CF-BGF	Bangui
CF-BK	Basse-Kotto Prefecture
CF-HK	Haute-Kotto Prefecture
CF-HM	Haut-Mbomou Prefecture
CF-HS	Mambéré-Kadéï
CF-KB	Nana-Grébizi Economic Prefecture
CF-KG	Kémo Prefecture
CF-LB	Lobaye Prefecture
CF-MB	Mbomou Prefecture
CF-MP	Ombella-M'Poko Prefecture
CF-NM	Nana-Mambéré Prefecture
CF-OP	Ouham-Pendé Prefecture
CF-SE	Sangha-Mbaéré
CF-UK	Ouaka Prefecture
CF-VK	Vakaga Prefecture
CG	Republic of the Congo
CG-11	Bouenza
CG-12	Pool
CG-13	Sangha
CG-14	Plateaux
CG-15	Cuvette-Ouest
CG-16	Pointe-Noire
CG-2	Lékoumou
CG-5	Kouilou
CG-7	Likouala
CG-8	Cuvette
CG-9	Niari
CG-BZV	Brazzaville
CH	Switzerland
CH-AG	Aargau
CH-AI	Appenzell Innerrhoden
CH-AR	Appenzell Ausserrhoden
CH-BE	Bern
CH-BL	Basel-Landschaft
CH-BS	Basel-Stadt
CH-FR	Fribourg
CH-GE	Geneva
CH-GL	Glarus
CH-GR	Grisons
CH-JU	Jura
CH-LU	Lucerne
CH-NE	Neuchâtel
CH-NW	Nidwalden
CH-OW	Obwalden
CH-SG	St. Gallen
CH-SH	Schaffhausen
CH-SO	Solothurn
CH-SZ	Schwyz
CH-TG	Thurgau
CH-TI	Ticino
CH-UR	Uri
CH-VD	Vaud
CH-VS	Valais
CH-ZG	Zug
CH-ZH	Zürich
CI	Ivory Coast
CI-01	Lagunes
CI-02	Haut-Sassandra
CI-03	Savanes
CI-04	Vallée du Bandama
CI-05	Comoé
CI-06	Dix-Huit Montagnes
CI-07	Lacs
CI-08	Zanzan
CI-09	Bas-Sassandra
CI-10	Denguélé
CI-11	N'zi-Comoé
CI-12	Marahoué
CI-13	Sud-Comoé
CI-14	Worodougou
CI-15	Sud-Bandama
CI-16	Agnéby
CI-17	Bafing
CI-18	Fromager
CI-19	Moyen-Cavally
CI-AB	Abidjan
CI-BS	Bas-Sassandra District
CI-CM	Comoé District
CI-DN	Denguélé District
CI-GD	Gôh-Djiboua District
CI-LC	Lacs District
CI-LG	Lagunes District
CI-MG	Montagnes District
CI-SM	Sassandra-Marahoué District
CI-SV	Savanes District
CI-VB	Vallée du Bandama District
CI-WR	Woroba District
CI-YM	Yamoussoukro
CI-ZZ	Zanzan Region
CK	Cook Islands
CL	Chile
CL-AI	Aysén
CL-AN	Antofagasta
CL-AP	Arica y Parinacota
CL-AR	Araucanía
CL-AT	Atacama
CL-BI	Biobío
CL-CO	Coquimbo
CL-LI	O'Higgins
CL-LL	Los Lagos
CL-LR	Los Ríos
CL-MA	Magellan and the Chilean Antarctic
CL-ML	Maule
CL-NB	Ñuble
CL-RM	Santiago
CL-TA	Tarapacá
CL-VS	Valparaíso
CM	Cameroon
CM-AD	Adamawa
CM-CE	Centre
CM-EN	Far North
CM-ES	East
CM-LT	Littoral
CM-NO	North
CM-NW	Northwest
CM-OU	West
CM-SU	South
CM-SW	Southwest
CN	People's Republic of China
CN-AH	Anhui
CN-BJ	Beijing
CN-CQ	Chongqing
CN-FJ	Fujian
CN-GD	Guangdong
CN-GS	Gansu
CN-GX	Guangxi
CN-GZ	Guizhou
CN-HA	Henan
CN-HB	Hubei
CN-HE	Hebei
CN-HI	Hainan
CN-HK	Hong Kong
CN-HL	Heilongjiang
CN-HN	Hunan
CN-JL	Jilin
CN-JS	Jiangsu
CN-JX	Jiangxi
CN-LN	Liaoning
CN-MO	Macau
CN-NM	Inner Mongolia
CN-NX	Ningxia
CN-QH	Qinghai
CN-SC	Sichuan
CN-SD	Shandong
CN-SH	Shanghai
CN-SN	Shaanxi
CN-SX	Shanxi
CN-TJ	Tianjin
CN-TW	Taiwan
CN-XJ	Xinjiang
CN-XZ	Tibet
CN-YN	Yunnan
CN-ZJ	Zhejiang
CO	Colombia
CO-AMA	Amazonas
CO-ANT	Antioquia
CO-ARA	Arauca
CO-ATL	Atlántico
CO-BOL	Bolívar
CO-BOY	Boyacá
CO-CAL	Caldas
CO-CAQ	Caquetá
CO-CAS	Casanare
CO-CAU	Cauca
CO-CES	Cesar
CO-CHO	Chocó
CO-COR	Córdoba
CO-CUN	Bogotá
CO-DC	Bogotá
CO-GUA	Guainía
CO-GUV	Guaviare
CO-HUI	Huila
CO-LAG	La Guajira
CO-MAG	Magdalena
CO-MET	Meta
CO-NAR	Nariño
CO-NSA	Norte de Santander
CO-PUT	Putumayo
CO-QUI	Quindío
CO-RIS	Risaralda
CO-SAN	Santander
CO-SAP	Archipelago of Saint Andréws
CO-SUC	Sucre
CO-TOL	Tolima
CO-VAC	Valle del Cauca
CO-VAU	Vaupés
CO-VID	Vichada
CR	Costa Rica
CR-A	Alajuela
CR-C	Cartago
CR-G	Guanacaste
CR-H	Heredia
CR-L	Limón
CR-P	Puntarenas
CR-SJ	San José
CS-CG	Republic of Montenegro
CS-SR	Republic of Serbia
CU	Cuba
CU-01	Pinar del Río
CU-02	Vereda Nueva, La Habana
CU-03	Havana
CU-04	Matanzas
CU-05	Villa Clara
CU-06	Cienfuegos
CU-07	Sancti Spíritus
CU-08	Ciego de Ávila
CU-09	Camagüey
CU-10	Las Tunas
CU-11	Holguín
CU-12	Granma
CU-13	Santiago de Cuba
CU-14	Guantánamo
CU-15	Artemisa
CU-16	Mayabeque
CU-99	Isla de la Juventud
CV	Cape Verde
CV-B	Barlavento Islands
CV-BR	Brava
CV-BV	Boa Vista
CV-CA	Santa Catarina
CV-CF	Santa Catarina do Fogo
CV-CR	Santa Cruz
CV-MA	Maio
CV-MO	Mosteiros
CV-PA	Paul
CV-PN	Porto Novo
CV-PR	Praia
CV-RB	Ribeira Brava
CV-RG	Ribeira Grande
CV-RS	Ribeira Grande de Santiago
CV-S	Sotavento Islands
CV-SD	São Domingos
CV-SF	São Filipe
CV-SL	Sal
CV-SM	São Miguel
CV-SO	São Lourenço dos Órgãos
CV-SS	São Salvador do Mundo
CV-SV	São Vicente
CV-TA	Tarrafal
CV-TS	Tarrafal de São Nicolau
CW	Curaçao
CX	Christmas Island
CY	Cyprus
CY-01	Nicosia
CY-02	Limassol
CY-03	Larnaca
CY-04	Famagusta
CY-05	Paphos
CY-06	Kyrenia District
CZ	Czech Republic
CZ-10	Prague
CZ-101	Prague 1
CZ-102	Prague 2
CZ-103	Prague 3
CZ-104	Prague 4
CZ-105	Prague 5
CZ-106	Prague 6
CZ-107	Prague 7
CZ-108	Prague 8
CZ-109	Prague 9
CZ-110	Prague 10
CZ-111	Prague 11
CZ-112	Prague 12
CZ-113	Prague 13
CZ-114	Prague 14
CZ-115	Prague 15
CZ-117	Prague 17
CZ-118	Prague 18
CZ-121	Újezd nad Lesy
CZ-122	Prague 22
CZ-20	Central Bohemian Region
CZ-201	Benešov District
CZ-202	Beroun District
CZ-203	Kladno District
CZ-204	Kolín District
CZ-205	Kutná Hora District
CZ-206	Mělník District
CZ-207	Mladá Boleslav District
CZ-208	Nymburk District
CZ-209	Prague-East District
CZ-20A	Prague-West District
CZ-20B	Příbram District
CZ-20C	Rakovník District
CZ-31	South Bohemian Region
CZ-311	České Budějovice District
CZ-312	Český Krumlov District
CZ-313	Jindřichův Hradec District
CZ-314	Písek District
CZ-315	Prachatice District
CZ-316	Strakonice District
CZ-317	Tábor District
CZ-32	Plzeň Region
CZ-321	Domažlice District
CZ-322	Klatovy District
CZ-323	Plzeň-City District
CZ-324	Plzeň-South District
CZ-325	Plzeň-North District
CZ-326	Rokycany District
CZ-327	Tachov District
CZ-41	Karlovy Vary Region
CZ-411	Cheb District
CZ-412	Karlovy Vary District
CZ-413	Sokolov District
CZ-42	Ústí nad Labem Region
CZ-421	Děčín District
CZ-422	Chomutov District
CZ-423	Litoměřice District
CZ-424	Louny District
CZ-425	Most District
CZ-426	Teplice District
CZ-427	Ústí nad Labem District
CZ-51	Liberec Region
CZ-511	Česká Lípa District
CZ-512	Jablonec nad Nisou District
CZ-513	Liberec District
CZ-514	Semily District
CZ-52	Hradec Králové Region
CZ-521	Hradec Králové District
CZ-522	Jičín District
CZ-523	Náchod District
CZ-524	Rychnov nad Kněžnou District
CZ-525	Trutnov District
CZ-53	Pardubice Region
CZ-531	Chrudim District
CZ-532	Pardubice District
CZ-533	Svitavy District
CZ-534	Ústí nad Orlicí District
CZ-63	Vysočina Region
CZ-631	Havlíčkův Brod District
CZ-632	Jihlava District
CZ-633	Pelhřimov District
CZ-634	Třebíč District
CZ-635	Žďár nad Sázavou District
CZ-64	South Moravian Region
CZ-641	Blansko District
CZ-642	Brno-City District
CZ-643	Brno-Country District
CZ-644	Břeclav District
CZ-645	Hodonín District
CZ-646	Vyškov District
CZ-647	Znojmo District
CZ-71	Olomouc Region
CZ-711	Jeseník District
CZ-712	Olomouc District
CZ-713	Prostějov District
CZ-714	Přerov District
CZ-715	Šumperk District
CZ-72	Zlín Region
CZ-721	Kroměříž District
CZ-722	Uherské Hradiště District
CZ-723	Vsetín District
CZ-724	Zlín District
CZ-80	Moravian-Silesian Region
CZ-801	Bruntál District
CZ-802	Frýdek-Místek District
CZ-803	Karviná District
CZ-804	Nový Jičín District
CZ-805	Opava District
CZ-806	Ostrava-City District
CZ-JC	South Bohemian
CZ-JM	South Moravian
CZ-KA	Karlovy Vary
CZ-KR	Hradec Králové
CZ-LI	Liberec
CZ-MO	Moravian-Silesian
CZ-OL	Olomouc
CZ-PA	Pardubice
CZ-PL	Plzeň-
CZ-PR	Prague
CZ-ST	Central Bohemian
CZ-US	Ústí nad Labem
CZ-VY	Vysočina
CZ-ZL	Zlín
DE	Germany
DE-BB	Brandenburg
DE-BE	Berlin
DE-BW	Baden-Württemberg
DE-BY	Bavaria
DE-HB	Free Hanseatic Bremen
DE-HE	Hesse
DE-HH	Hamburg
DE-MV	Mecklenburg-Western Pomerania
DE-NI	Lower Saxony
DE-NW	North Rhine-Westphalia
DE-RP	Rhineland-Palatinate
DE-SH	Schleswig-Holstein
DE-SL	Saarland
DE-SN	Saxony
DE-ST	Saxony-Anhalt
DE-TH	Thuringia
DJ	Djibouti
DJ-AR	Arta
DJ-AS	Ali Sabieh
DJ-DI	Dikhil
DJ-DJ	Djibouti
DJ-OB	Obock
DJ-TA	Tadjourah
DK	Denmark
DK-81	North Denmark
DK-82	Central Denmark
DK-83	Southern Denmark
DK-84	Denmark
DK-85	Zealand
DK-GL	Greenland
DM	Dominica
DM-02	Saint Andrew
DM-03	Saint David
DM-04	Saint George
DM-05	Saint John
DM-06	Saint Joseph
DM-07	Saint Luke
DM-08	Saint Mark
DM-09	Saint Patrick
DM-10	Saint Paul
DM-11	Saint Peter
DO	Dominican Republic
DO-01	Nacional
DO-02	Azua
DO-03	Baoruco
DO-04	Barahona
DO-05	Dajabón
DO-06	Duarte
DO-07	La Estrelleta
DO-08	El Seibo
DO-09	Espaillat
DO-10	Independencia
DO-11	La Altagracia
DO-12	La Romana
DO-13	La Vega
DO-14	María Trinidad Sánchez
DO-15	Monte Cristi
DO-16	Pedernales
DO-17	Peravia
DO-18	Puerto Plata
DO-19	Hermanas Mirabal
DO-20	Samaná
DO-21	San Cristóbal
DO-22	San Juan
DO-23	San Pedro de Macorís
DO-24	Sánchez Ramírez
DO-25	Santiago
DO-26	Santiago Rodríguez
DO-27	Valverde
DO-28	Monseñor Nouel
DO-29	Monte Plata
DO-30	Hato Mayor
DO-31	San José de Ocoa
DO-32	Santo Domingo
DO-40	Ozama
DO-41	Valdesia
DZ	Algeria
DZ-01	Adrar
DZ-02	Chlef
DZ-03	Laghouat
DZ-04	Oum El Bouaghi
DZ-05	Batna
DZ-06	Béjaïa
DZ-07	Biskra
DZ-08	Béchar
DZ-09	Blida
DZ-10	Bouïra
DZ-11	Tamanghasset
DZ-12	Tébessa
DZ-13	Tlemcen
DZ-14	Tiaret
DZ-15	Tizi Ouzou
DZ-16	Algiers
DZ-17	Djelfa
DZ-18	Jijel
DZ-19	Sétif
DZ-20	Saïda
DZ-21	Skikda
DZ-22	Sidi Bel Abbès
DZ-23	Annaba
DZ-24	Guelma
DZ-25	Constantine
DZ-26	Médéa
DZ-27	Mostaganem
DZ-28	M'Sila
DZ-29	Mascara
DZ-30	Ouargla
DZ-31	Oran
DZ-32	El Bayadh
DZ-33	Illizi
DZ-34	Bordj Bou Arréridj
DZ-35	Boumerdès
DZ-36	El Tarf
DZ-37	Tindouf
DZ-38	Tissemsilt
DZ-39	El Oued
DZ-40	Khenchela
DZ-41	Souk Ahras
DZ-42	Tipasa
DZ-43	Mila
DZ-44	Aïn Defla
DZ-45	Naama
DZ-46	Aïn Témouchent
DZ-47	Ghardaïa
DZ-48	Relizane
DZ-49	Timimoun Province
DZ-50	Bordj Baji Mokhtar Province
DZ-51	Ouled Djellal Province
DZ-52	Beni Abbes Province
DZ-53	In Salah Province
DZ-54	In Guezzam Province
DZ-55	Touggourt Province
DZ-56	Djanet Province
DZ-57	El M'Ghair Province
DZ-58	El Meniaa Province
EC	Ecuador
EC-A	Azuay
EC-B	Bolívar
EC-C	Carchi
EC-D	Orellana
EC-E	Esmeraldas
EC-F	Cañar
EC-G	Guayas
EC-H	Chimborazo
EC-I	Imbabura
EC-L	Loja
EC-M	Manabí
EC-N	Napo
EC-O	El Oro
EC-P	Pichincha
EC-R	Los Ríos
EC-S	Morona-Santiago
EC-SD	Santo Domingo de los Tsáchilas
EC-SE	Santa Elena
EC-T	Tungurahua
EC-U	Sucumbíos
EC-W	Galápagos
EC-X	Cotopaxi
EC-Y	Pastaza
EC-Z	Zamora Chinchipe
EE	Estonia
EE-130	Alutaguse Rural Municipality
EE-141	Anija Rural Municipality
EE-142	Antsla Rural Municipality
EE-171	Elva Rural Municipality
EE-205	Hiiumaa Rural Municipality
EE-214	Häädemeeste Rural Municipality
EE-245	Jõelähtme Rural Municipality
EE-247	Jõgeva Rural Municipality
EE-251	Jõhvi Rural Municipality
EE-255	Järva Rural Municipality
EE-321	Kohtla-Järve
EE-37	Harju
EE-39	Hiiu
EE-430	Lääneranna Rural Municipality
EE-431	Lääne-Harju Rural Municipality
EE-44	Ida-Viru
EE-441	Lääne-Nigula Rural Municipality
EE-442	Lüganuse Rural Municipality
EE-45	Ida-Viru County
EE-49	Jõgeva
EE-50	Jõgeva County
EE-51	Järva
EE-514	Narva-Jõesuu City
EE-52	Järva County
EE-557	Otepää Rural Municipality
EE-56	Lääne County
EE-57	Lääne
EE-586	Peipsiääre Rural Municipality
EE-59	Lääne-Viru
EE-60	Lääne-Viru County
EE-615	Põhja-Sakala Rural Municipality
EE-618	Põltsamaa Rural Municipality
EE-638	Põhja-Pärnumaa Rural Municipality
EE-64	Põlva County
EE-65	Põlva
EE-67	Pärnu
EE-68	Pärnu County
EE-698	Rõuge Rural Municipality
EE-70	Rapla
EE-71	Rapla County
EE-735	Sillamäe
EE-74	Saare
EE-78	Tartu
EE-79	Tartu County
EE-809	Tori Rural Municipality
EE-81	Valga County
EE-82	Valga
EE-834	Türi Rural Municipality
EE-84	Viljandi
EE-86	Võru
EE-87	Võru County
EE-928	Väike-Maarja Rural Municipality
EG	Egypt
EG-ALX	Alexandria
EG-ASN	Aswan
EG-AST	Asyut
EG-BA	Red Sea
EG-BH	Beheira
EG-BNS	Beni Suef
EG-C	Cairo
EG-DK	Dakahlia
EG-DT	Damietta
EG-FYM	Faiyum
EG-GH	Gharbia
EG-GZ	Giza
EG-HU	EG-HU
EG-IS	Ismailia
EG-JS	South Sinai
EG-KB	Qalyubia
EG-KFS	Kafr el-Sheikh
EG-KN	Qena
EG-LX	Luxor
EG-MN	Minya
EG-MNF	Monufia
EG-MT	Matrouh
EG-PTS	Port Said
EG-SHG	Sohag
EG-SHR	Al Sharqia
EG-SIN	North Sinai
EG-SU	6th of October Governorate
EG-SUZ	Suez
EG-WAD	New Valley
EH	Western Sahara
ER	Eritrea
ER-AN	Anseba
ER-DK	Southern Red Sea
ER-DU	Debub
ER-GB	Gash-Barka
ER-MA	Maekel
ER-SK	Northern Red Sea
ES	Spain
ES-A	Alicante
ES-AB	Albacete
ES-AL	Almería
ES-AN	Andalusia
ES-AR	Aragon
ES-AS	Asturias
ES-AV	Ávila
ES-B	Barcelona
ES-BA	Badajoz
ES-BI	Biscay
ES-BU	Burgos
ES-C	A Coruña
ES-CA	Cádiz
ES-CB	Cantabria
ES-CC	Cáceres
ES-CE	Ceuta
ES-CL	Castile and León
ES-CM	Castile–La Mancha
ES-CN	Canary Islands
ES-CO	Córdoba
ES-CR	Ciudad Real
ES-CS	Castellón
ES-CT	Catalonia
ES-CU	Cuenca
ES-EX	Extremadura
ES-GA	Galicia
ES-GC	Las Palmas
ES-GI	Girona
ES-GR	Granada
ES-GU	Guadalajara
ES-H	Huelva
ES-HU	Huesca
ES-IB	Balearic Islands
ES-J	Jaén
ES-L	Lleida
ES-LE	León
ES-LO	La Rioja
ES-LU	Lugo
ES-M	Community of Madrid
ES-MA	Málaga
ES-MC	Region of Murcia
ES-MD	Community of Madrid
ES-ML	Melilla
ES-MU	Murcia
ES-NA	Navarre
ES-NC	Navarre
ES-O	Asturias
ES-OR	Ourense
ES-P	Palencia
ES-PM	Balearic Islands
ES-PO	Pontevedra
ES-PV	Basque Country
ES-RI	La Rioja
ES-S	Cantabria
ES-SA	Salamanca
ES-SE	Seville
ES-SG	Segovia
ES-SO	Soria
ES-SS	Gipuzkoa
ES-T	Tarragona
ES-TE	Teruel
ES-TF	Santa Cruz de Tenerife
ES-TO	Toledo
ES-V	Valencia
ES-VA	Valladolid
ES-VC	Valencian Community
ES-VI	Araba / Álava
ES-Z	Zaragoza
ES-ZA	Zamora
ET	Ethiopia
ET-AA	Addis Ababa
ET-AF	Afar
ET-AM	Amhara
ET-BE	Benishangul-Gumuz
ET-DD	Dire Dawa
ET-GA	Gambela
ET-HA	Harari
ET-OR	Oromia
ET-SI	Sidama Region
ET-SN	Southern Nations
ET-SO	Somali
ET-SW	Southwest Ethiopia Regional State
ET-TI	Tigray
FI	Finland
FI-01	Åland
FI-02	South Karelia
FI-03	Southern Ostrobothnia
FI-04	Southern Savonia
FI-05	Kainuu
FI-06	Tavastia Proper
FI-07	Central Ostrobothnia
FI-08	Central Finland
FI-09	Kymenlaakso
FI-10	Lapland
FI-11	Pirkanmaa
FI-12	Ostrobothnia
FI-13	North Karelia
FI-14	Northern Ostrobothnia
FI-15	Northern Savonia
FI-16	Päijänne Tavastia
FI-17	Satakunta
FI-18	Uusimaa
FI-19	Finland Proper
FI-IS	Eastern Finland
FI-LL	Lapland
FI-LS	Western Finland Province
FI-OL	Oulu Province
FJ	Fiji
FJ-01	Ba
FJ-02	Bua
FJ-03	Cakaudrove
FJ-04	Kadavu
FJ-05	Lau
FJ-06	Lomaiviti
FJ-07	Macuata
FJ-08	Nadroga-Navosa
FJ-09	Naitasiri
FJ-10	Namosi
FJ-11	Ra
FJ-12	Rewa
FJ-13	Serua
FJ-14	Tailevu
FJ-C	Central
FJ-E	Eastern
FJ-N	Northern
FJ-R	Rotuma
FJ-W	Western
FK	Falkland Islands
FM	Federated States of Micronesia
FM-KSA	Kosrae
FM-PNI	Pohnpei State
FM-TRK	Chuuk State
FM-YAP	Yap State
FO	Faroe Islands
FR	France
FR-01	Ain
FR-02	Aisne
FR-03	Allier
FR-04	Alpes-de-Haute-Provence
FR-05	Hautes-Alpes
FR-06	Alpes-Maritimes
FR-07	Ardèche
FR-08	Ardennes
FR-09	Ariège
FR-10	Aube
FR-11	Aude
FR-12	Aveyron
FR-13	Bouches-du-Rhône
FR-14	Calvados
FR-15	Cantal
FR-16	Charente
FR-17	Charente-Maritime
FR-18	Cher
FR-19	Corrèze
FR-20R	Corsica
FR-21	Côte-d’Or
FR-22	Côtes-d'Armor
FR-23	Creuse
FR-24	Dordogne
FR-25	Doubs
FR-26	Drôme
FR-27	Eure
FR-28	Eure-et-Loir
FR-29	Finistère
FR-2A	Corse-du-Sud
FR-2B	Haute-Corse
FR-30	Gard
FR-31	Haute-Garonne
FR-32	Gers
FR-33	Gironde
FR-34	Hérault
FR-35	Ille-et-Vilaine
FR-36	Indre
FR-37	Indre-et-Loire
FR-38	Isère
FR-39	Jura
FR-40	Landes
FR-41	Loir-et-Cher
FR-42	Loire
FR-43	Haute-Loire
FR-44	Loire-Atlantique
FR-45	Loiret
FR-46	Lot
FR-47	Lot-et-Garonne
FR-48	Lozère
FR-49	Maine-et-Loire
FR-50	Manche
FR-51	Marne
FR-52	Haute-Marne
FR-53	Mayenne
FR-54	Meurthe-et-Moselle
FR-55	Meuse
FR-56	Morbihan
FR-57	Moselle
FR-58	Nièvre
FR-59	Nord
FR-60	Oise
FR-61	Orne
FR-62	Pas-de-Calais
FR-63	Puy-de-Dôme
FR-64	Pyrenees-Atlantics
FR-65	Hautes-Pyrénées
FR-66	Pyrénées-Orientales
FR-67	Bas-Rhin
FR-68	Haut-Rhin
FR-69	Rhône
FR-6AE	European Collectivity of Alsace
FR-70	Haute-Saône
FR-71	Saône-et-Loire
FR-72	Sarthe
FR-73	Savoie
FR-74	Haute-Savoie
FR-75	Paris
FR-75C	Paris
FR-76	Seine-Maritime
FR-77	Seine-et-Marne
FR-78	Yvelines
FR-79	Deux-Sèvres
FR-80	Somme
FR-81	Tarn
FR-82	Tarn-et-Garonne
FR-83	Var
FR-84	Vaucluse
FR-85	Vendée
FR-86	Vienne
FR-87	Haute-Vienne
FR-88	Vosges
FR-89	Yonne
FR-90	Territoire de Belfort
FR-91	Essonne
FR-92	Hauts-de-Seine
FR-93	Seine-Saint-Denis
FR-94	Val-de-Marne
FR-95	Val-d'Oise
FR-971	Guadeloupe
FR-972	Martinique
FR-973	French Guiana
FR-974	Réunion
FR-976	Mayotte
FR-A	Alsace (historical region, pre-2016)
FR-ARA	Auvergne-Rhône-Alpes
FR-B	Aquitaine (historical region, pre-2016)
FR-BFC	Bourgogne-Franche-Comté
FR-BL	Saint Barthélemy
FR-BRE	Bretagne
FR-C	Auvergne (historical region, pre-2016)
FR-COR	Corse
FR-CP	Clipperton
FR-CVL	Centre-Val de Loire
FR-D	Bourgogne (historical region, pre-2016)
FR-E	Bretagne (historical region, pre-2016)
FR-F	Centre (historical region, pre-2016)
FR-G	Champagne-Ardenne (historical region, pre-2016)
FR-GES	Grand Est
FR-GF	French Guiana
FR-GP	Guadeloupe
FR-H	Corse (historical region, pre-2016)
FR-HDF	Hauts-de-France
FR-I	Franche-Comté (historical region, pre-2016)
FR-IDF	Île-de-France
FR-J	Île-de-France (historical region, pre-2016)
FR-K	Languedoc-Roussillon (historical region, pre-2016)
FR-L	Limousin (historical region, pre-2016)
FR-M	Lorraine (historical region, pre-2016)
FR-MF	Saint Martin
FR-MQ	Martinique
FR-N	Midi-Pyrénées (historical region, pre-2016)
FR-NAQ	Nouvelle-Aquitaine
FR-NC	New Caledonia
FR-NOR	Normandie
FR-O	Nord-Pas-de-Calais (historical region, pre-2016)
FR-OCC	Occitanie
FR-P	Basse-Normandie (historical region, pre-2016)
FR-PAC	Provence-Alpes-Côte d'Azur
FR-PDL	Pays de la Loire
FR-PF	French Polynesia
FR-PM	Saint Pierre and Miquelon
FR-Q	Haute-Normandie (historical region, pre-2016)
FR-R	Pays de la Loire (historical region, pre-2016)
FR-RE	Réunion
FR-S	Picardie (historical region, pre-2016)
FR-T	Poitou-Charentes (historical region, pre-2016)
FR-TF	French Southern and Antarctic Lands
FR-U	Provence-Alpes-Côte d'Azur (historical region, pre-2016)
FR-V	Rhône-Alpes (historical region, pre-2016)
FR-WF	Wallis and Futuna
FR-YT	Mayotte
GA	Gabon
GA-1	Estuaire
GA-2	Haut-Ogooué
GA-3	Moyen-Ogooué
GA-4	Ngounié
GA-5	Nyanga
GA-6	Ogooué-Ivindo
GA-7	Ogooué-Lolo
GA-8	Ogooué-Maritime
GA-9	Woleu-Ntem
GB	United Kingdom
GB-ABC	Armagh City, Banbridge and Craigavon
GB-ABD	Aberdeenshire
GB-ABE	Aberdeen
GB-AGB	Argyll and Bute
GB-AGY	Anglesey
GB-AND	Ards and North Down
GB-ANN	Antrim and Newtownabbey
GB-ANS	Angus
GB-ANT	Antrim
GB-ARD	Ards
GB-ARM	Armagh
GB-BAS	Bath and North East Somerset
GB-BBD	Blackburn with Darwen
GB-BCP	Bournemouth, Christchurch and Poole
GB-BDF	Bedford
GB-BDG	Barking and Dagenham
GB-BEN	Brent
GB-BEX	Bexley
GB-BFS	Belfast
GB-BGE	Bridgend
GB-BGW	Blaenau Gwent
GB-BIR	Birmingham
GB-BKM	Buckinghamshire
GB-BLA	Ballymena
GB-BLY	Ballymoney
GB-BMH	Bournemouth
GB-BNB	Banbridge
GB-BNE	Barnet
GB-BNH	Brighton and Hove
GB-BNS	Barnsley
GB-BOL	Bolton
GB-BPL	Blackpool
GB-BRC	Bracknell Forest
GB-BRD	Bradford
GB-BRY	Bromley
GB-BST	Bristol
GB-BUR	Bury
GB-CAM	Cambridgeshire
GB-CAY	Caerphilly
GB-CBF	Central Bedfordshire
GB-CCG	Causeway Coast and Glens
GB-CGN	Ceredigion
GB-CGV	Craigavon
GB-CHE	Cheshire East
GB-CHS	Cheshire
GB-CHW	Cheshire West and Chester
GB-CKF	Carrickfergus
GB-CKT	Mid Ulster
GB-CLD	Calderdale
GB-CLK	Clackmannanshire
GB-CLR	Coleraine
GB-CMA	Cumbria
GB-CMD	Camden
GB-CMN	Carmarthenshire
GB-CON	Cornwall
GB-COV	Coventry
GB-CRF	Cardiff
GB-CRY	Croydon
GB-CSR	Castlereagh
GB-CWY	Conwy
GB-DAL	Darlington
GB-DBY	Derbyshire
GB-DEN	Denbighshire
GB-DER	Derby
GB-DEV	Devon
GB-DGN	Dungannon and South Tyrone
GB-DGY	Dumfries and Galloway
GB-DNC	Doncaster
GB-DND	Dundee
GB-DOR	Dorset
GB-DOW	Down
GB-DRS	Derry City and Strabane
GB-DRY	Derry
GB-DUD	Dudley
GB-DUR	Durham
GB-EAL	Ealing
GB-EAW	England and Wales
GB-EAY	East Ayrshire
GB-EDH	Edinburgh
GB-EDU	East Dunbartonshire
GB-ELN	East Lothian
GB-ELS	Outer Hebrides
GB-ENF	Enfield
GB-ENG	England
GB-ERW	East Renfrewshire
GB-ERY	East Riding of Yorkshire
GB-ESS	Essex
GB-ESX	East Sussex
GB-FAL	Falkirk
GB-FER	Fermanagh
GB-FIF	Fife
GB-FLN	Flintshire
GB-FMO	Fermanagh and Omagh
GB-GAT	Gateshead
GB-GBN	Great Britain
GB-GLG	Glasgow
GB-GLS	Gloucestershire
GB-GRE	Greenwich
GB-GWN	Gwynedd
GB-HAL	Halton
GB-HAM	Hampshire
GB-HAV	Havering
GB-HCK	Hackney
GB-HEF	Herefordshire
GB-HIL	Hillingdon
GB-HLD	Highland
GB-HMF	Hammersmith and Fulham
GB-HNS	Hounslow
GB-HPL	Hartlepool
GB-HRT	Hertfordshire
GB-HRW	Harrow
GB-HRY	Haringey
GB-IOS	Isles of Scilly
GB-IOW	Isle of Wight
GB-ISL	Islington
GB-IVC	Inverclyde
GB-JSY	Jersey
GB-KEC	Kensington and Chelsea
GB-KEN	Kent
GB-KHL	Kingston upon Hull
GB-KIR	Kirklees
GB-KTT	Kingston upon Thames
GB-KWL	Knowsley
GB-LAN	Lancashire
GB-LBC	Lisburn and Castlereagh
GB-LBH	Lambeth
GB-LCE	Leicester
GB-LDS	Leeds
GB-LEC	Leicestershire
GB-LEW	Lewisham
GB-LIN	Lincolnshire
GB-LIV	Liverpool
GB-LMV	Limavady
GB-LND	London
GB-LRN	Larne
GB-LSB	Lisburn
GB-LUT	Luton
GB-MAN	Manchester
GB-MDB	Middlesbrough
GB-MDW	Medway
GB-MEA	Mid and East Antrim
GB-MFT	Magherafelt
GB-MIK	Milton Keynes
GB-MLN	Midlothian
GB-MON	Monmouthshire
GB-MRT	Merton
GB-MRY	Moray
GB-MTY	Merthyr Tydfil
GB-MUL	Mid Ulster
GB-MYL	Moyle
GB-NAY	North Ayrshire
GB-NBL	Northumberland
GB-NDN	North Down
GB-NEL	North East Lincolnshire
GB-NET	Newcastle upon Tyne
GB-NFK	Norfolk
GB-NGM	Nottingham
GB-NIR	Northern Ireland
GB-NLK	North Lanarkshire
GB-NLN	North Lincolnshire
GB-NMD	Newry, Mourne and Down
GB-NSM	North Somerset
GB-NTA	Newtownabbey
GB-NTH	Northamptonshire
GB-NTL	Neath Port Talbot
GB-NTT	Nottinghamshire
GB-NTY	North Tyneside
GB-NWM	Newham
GB-NWP	Newport
GB-NYK	North Yorkshire
GB-NYM	Newry and Mourne
GB-OLD	Oldham
GB-OMH	Omagh
GB-ORK	Orkney Islands
GB-OXF	Oxfordshire
GB-PEM	Pembrokeshire
GB-PKN	Perth and Kinross
GB-PLY	Plymouth
GB-POL	Poole
GB-POR	Portsmouth
GB-POW	Powys
GB-PTE	Peterborough
GB-RCC	Redcar and Cleveland
GB-RCH	Rochdale
GB-RCT	Rhondda Cynon Taf
GB-RDB	Redbridge
GB-RDG	Reading
GB-RFW	Renfrewshire
GB-RIC	Richmond upon Thames
GB-ROT	Rotherham
GB-RUT	Rutland
GB-SAW	Sandwell
GB-SAY	South Ayrshire
GB-SCB	Scottish Borders
GB-SCT	Scotland
GB-SFK	Suffolk
GB-SFT	Sefton
GB-SGC	South Gloucestershire
GB-SHF	Sheffield
GB-SHN	Merseyside
GB-SHR	Shropshire
GB-SKP	Stockport
GB-SLF	Salford
GB-SLG	Slough
GB-SLK	South Lanarkshire
GB-SND	Sunderland
GB-SOL	Solihull
GB-SOM	Somerset
GB-SOS	Southend-on-Sea
GB-SRY	Surrey
GB-STB	Strabane
GB-STE	Stoke-on-Trent
GB-STG	Stirling
GB-STH	Southampton
GB-STN	Sutton
GB-STS	Staffordshire
GB-STT	Stockton-on-Tees
GB-STY	South Tyneside
GB-SWA	Swansea
GB-SWD	Swindon
GB-SWK	Southwark
GB-TAM	Tameside
GB-TFW	Telford and Wrekin
GB-THR	Thurrock
GB-TOB	Torbay
GB-TOF	Torfaen
GB-TRF	Trafford
GB-TWH	Tower Hamlets
GB-UKM	United Kingdom
GB-VGL	Vale of Glamorgan
GB-WAR	Warwickshire
GB-WBK	West Berkshire
GB-WDU	West Dunbartonshire
GB-WFT	Waltham Forest
GB-WGN	Wigan
GB-WIL	Wiltshire
GB-WKF	Wakefield
GB-WLL	Walsall
GB-WLN	West Lothian
GB-WLS	Wales
GB-WLV	Wolverhampton
GB-WND	Wandsworth
GB-WNM	Windsor and Maidenhead
GB-WOK	Wokingham
GB-WOR	Worcestershire
GB-WRL	Halton
GB-WRT	Warrington
GB-WRX	Wrexham
GB-WSM	Westminster
GB-WSX	West Sussex
GB-YOR	York
GB-ZET	Shetland Islands
GD	Grenada
GD-01	Saint Andrew
GD-02	Saint David
GD-03	Saint George
GD-04	Saint John
GD-05	Saint Mark
GD-06	Saint Patrick
GD-10	Carriacou and Petite Martinique
GE	Georgia
GE-25	Kaspi Municipality
GE-29	Khelvachauri Municipality
GE-37	Marneuli Municipality
GE-44	Ozurgeti Municipality
GE-50	Senaki Municipality
GE-AB	Abkhazia
GE-AJ	Adjara
GE-GU	Guria
GE-IM	Imereti
GE-KA	Kakheti
GE-KK	Kvemo Kartli
GE-MM	Mtskheta-Mtianeti
GE-RL	Racha-Lechkhumi and Kvemo Svaneti
GE-SJ	Samtskhe–Javakheti
GE-SK	Shida Kartli
GE-SZ	Samegrelo-Zemo Svaneti
GE-TB	Tbilisi
GF	French Guiana
GG	Guernsey
GH	Ghana
GH-AA	Greater Accra
GH-AF	Ahafo Region
GH-AH	Ashanti
GH-BA	Brong-Ahafo
GH-BE	Bono East Region
GH-BO	Bono Region
GH-CP	Central
GH-EP	Eastern
GH-NE	North East Region
GH-NP	Northern
GH-OT	Oti Region
GH-SV	Savannah Region
GH-TV	Volta
GH-UE	Upper East
GH-UW	Upper West
GH-WN	Western North Region
GH-WP	Western
GI	Gibraltar
GL	Greenland
GL-AV	Avannaata
GL-KU	Kujalleq
GL-QA	Qaasuitsup
GL-QE	Qeqqata
GL-QT	Qeqertalik
GL-SM	Sermersooq
GL-UO	Northeast Greenland National Park
GM	The Gambia
GM-B	Banjul
GM-L	Lower River
GM-M	Central River
GM-N	North Bank
GM-U	Upper River
GM-W	West Coast
GN	Guinea
GN-B	Boké Region
GN-BE	Beyla Prefecture
GN-BF	Boffa Prefecture
GN-BK	Boké
GN-C	Conakry
GN-CO	Coyah Prefecture
GN-D	Kindia Region
GN-DB	Dabola Prefecture
GN-DI	Dinguiraye Prefecture
GN-DL	Dalaba Prefecture
GN-DU	Dubréka Prefecture
GN-F	Faranah Region
GN-FA	Faranah
GN-FO	Forécariah Prefecture
GN-FR	Fria Prefecture
GN-GA	Gaoual Prefecture
GN-GU	Guéckédou Prefecture
GN-K	Kankan
GN-KA	Kankan Prefecture
GN-KB	Koubia Prefecture
GN-KD	Kindia
GN-KE	Kérouané Prefecture
GN-KN	Koundara Prefecture
GN-KO	Kouroussa Prefecture
GN-KS	Kissidougou Prefecture
GN-L	Labé Region
GN-LA	Labé Prefecture
GN-LE	Lélouma Prefecture
GN-LO	Lola Prefecture
GN-M	Mamou Region
GN-MC	Macenta Prefecture
GN-MD	Mandiana Prefecture
GN-ML	Mali Prefecture
GN-MM	Mamou Prefecture
GN-N	Nzérékoré Region
GN-NZ	Nzérékoré Prefecture
GN-PI	Pita Prefecture
GN-SI	Siguiri Prefecture
GN-TE	Télimélé Prefecture
GN-TO	Tougué Prefecture
GN-YO	Yomou Prefecture
GP	Guadeloupe
GQ	Equatorial Guinea
GQ-AN	Annobón
GQ-BN	Bioko Norte
GQ-BS	Bioko Sur
GQ-C	Río Muni
GQ-CS	Centro Sur
GQ-DJ	Djibloho
GQ-I	Insular Region
GQ-KN	Kié-Ntem
GQ-LI	Litoral
GQ-WN	Wele-Nzas
GR	Greece
GR-01	Aetolia-Acarnania Regional Unit
GR-03	Boeotia Regional Unit
GR-04	Euboea regional unit
GR-05	Evritania Prefecture
GR-06	Phthiotis Regional Unit
GR-07	Phocis Prefecture
GR-11	Argolida Regional Unit
GR-12	Arcadia Regional Unit
GR-13	Achaea Regional Unit
GR-14	Elis Regional Unit
GR-15	Corinthia Regional Unit
GR-16	Laconia prefecture
GR-17	Messenia Prefecture
GR-21	Zakynthos
GR-22	Corfu Regional Unit
GR-23	Kefalonia Prefecture
GR-24	Lefkada Regional Unit
GR-31	Arta Prefecture
GR-32	Thesprotia Prefecture
GR-33	Ioannina Regional Unit
GR-34	Preveza Regional Unit
GR-41	Karditsa Regional Unit
GR-42	Larissa Regional Unit
GR-43	Magnesia Prefecture
GR-44	Trikala Prefecture
GR-51	Grevena Regional Unit
GR-52	Drama Regional Unit
GR-53	Imathia Regional Unit
GR-54	Thessaloniki Regional Unit
GR-55	Kavala Prefecture
GR-56	Kastoria Regional Unit
GR-57	Kilkis Regional Unit
GR-58	Kozani Regional Unit
GR-59	Pella Regional Unit
GR-61	Pieria Prefecture
GR-62	Serres Regional Unit
GR-63	Florina Prefecture
GR-64	Chalkidiki Prefecture
GR-69	Mount Athos
GR-71	Evros Prefecture
GR-72	Xanthi Prefecture
GR-73	Rhodope Prefecture
GR-81	Dodecanese Prefecture
GR-82	Cyclades
GR-83	Lesbos Prefecture
GR-84	Samos Prefecture
GR-85	Chios Prefecture
GR-91	Heraklion Prefecture
GR-92	Lasithi Regional Unit
GR-93	Rethymno Prefecture
GR-94	Chania Regional Unit
GR-A	East Macedonia and Thrace
GR-A1	Attica
GR-A2	East Attica Regional Unit
GR-B	Centre Macedonia
GR-C	West Macedonia
GR-D	Epirus
GR-E	Thessalia
GR-F	Ionian Islands
GR-G	West Greece
GR-H	Central Greece
GR-I	Attica Region
GR-J	Peloponnese
GR-K	North Aegean
GR-L	South Aegean
GR-M	Crete
GS	South Georgia and the South Sandwich Islands
GT	Guatemala
GT-01	Guatemala Department
GT-02	El Progreso Department
GT-03	Sacatepéquez Department
GT-04	Chimaltenango Department
GT-05	Escuintla Department
GT-06	Santa Rosa Department
GT-07	Sololá Department
GT-08	Totonicapán Department
GT-09	Quetzaltenango Department
GT-10	Suchitepéquez Department
GT-11	Retalhuleu Department
GT-12	San Marcos Department
GT-13	Huehuetenango Department
GT-14	Quiché Department
GT-15	Baja Verapaz Department
GT-16	Alta Verapaz Department
GT-17	Petén Department
GT-18	Izabal Department
GT-19	Zacapa Department
GT-20	Chiquimula Department
GT-21	Jalapa Department
GT-22	Jutiapa Department
GT-AV	Alta Verapaz
GT-BV	Baja Verapaz
GT-CM	Chimaltenango
GT-CQ	Chiquimula
GT-ES	Escuintla
GT-GU	Guatemala
GT-HU	Huehuetenango
GT-IZ	Izabal
GT-JA	Jalapa
GT-JU	Jutiapa
GT-PE	Petén
GT-PR	El Progreso
GT-QC	Quiché
GT-QZ	Quetzaltenango
GT-RE	Retalhuleu
GT-SA	Sacatepéquez
GT-SM	San Marcos
GT-SO	Sololá
GT-SR	Santa Rosa
GT-SU	Suchitepéquez
GT-TO	Totonicapán
GT-ZA	Zacapa
GU	Guam
GW	Guinea-Bissau
GW-BA	Bafatá
GW-BL	Bolama
GW-BM	Biombo
GW-BS	Bissau
GW-CA	Cacheu
GW-GA	Gabú
GW-L	Leste Province
GW-N	Norte Province
GW-OI	Oio
GW-QU	Quinara
GW-S	Sul Province
GW-TO	Tombali
GY	Guyana
GY-BA	Barima-Waini
GY-CU	Cuyuni-Mazaruni
GY-DE	Demerara-Mahaica
GY-EB	East Berbice-Corentyne
GY-ES	Mahaica-Berbice
GY-MA	Mahaica-Berbice
GY-PM	Pomeroon-Supenaam
GY-PT	Potaro-Siparuni
GY-UD	Upper Demerara-Berbice
GY-UT	Upper Takutu-Upper Essequibo
HK	Hong Kong
HM	Heard Island and McDonald Islands
HN	Honduras
HN-AT	Atlántida
HN-CH	Choluteca
HN-CL	Colón
HN-CM	Comayagua
HN-CP	Copán
HN-CR	Cortés
HN-EP	El Paraíso
HN-FM	Francisco Morazán
HN-GD	Gracias a Dios
HN-IB	Bay Islands
HN-IN	Intibucá
HN-LE	Lempira
HN-LP	La Paz
HN-OC	Ocotepeque
HN-OL	Olancho
HN-SB	Santa Bárbara
HN-VA	Valle
HN-YO	Yoro
HR	Croatia
HR-01	Zagreb
HR-02	Krapina-Zagorje
HR-03	Sisak-Moslavina
HR-04	Karlovac
HR-05	Varaždin
HR-06	Koprivnica-Križevci
HR-07	Bjelovar-Bilogora
HR-08	Primorje-Gorski
HR-09	Lika-Senj
HR-10	Virovitica-Podravina
HR-11	Požega-Slavonia County
HR-12	Brod-Posavina
HR-13	Zadar
HR-14	Osijek-Baranja
HR-15	Šibenik-Knin
HR-16	Vukovar-Syrmia
HR-17	Split-Dalmatia
HR-18	Istria
HR-19	Dubrovnik-Neretva
HR-20	Međimurje
HR-21	Zagreb
HT	Haiti
HT-AR	Artibonite
HT-CE	Centre
HT-GA	Grand'Anse
HT-ND	Nord
HT-NE	Nord-Est
HT-NI	Nippes
HT-NO	Nord-Ouest
HT-OU	Ouest
HT-SD	Sud
HT-SE	Sud-Est
HU	Hungary
HU-BA	Baranya
HU-BC	Békéscsaba
HU-BE	Békés
HU-BK	Bács-Kiskun
HU-BU	Budapest
HU-BZ	Borsod-Abaúj-Zemplén
HU-CS	Csongrád-Csanád
HU-DE	Debrecen
HU-DU	Dunaújváros
HU-ED	Érd
HU-EG	Eger
HU-ER	Érd
HU-FE	Fejér
HU-GS	Győr-Moson-Sopron
HU-GY	Győr
HU-HB	Hajdú-Bihar
HU-HE	Heves
HU-HV	Hódmezővásárhely
HU-JN	Jász-Nagykun-Szolnok
HU-KE	Komárom-Esztergom
HU-KM	Kecskemét
HU-KV	Kaposvár
HU-MI	Miskolc
HU-NK	Nagykanizsa
HU-NO	Nógrád
HU-NY	Nyíregyháza
HU-PE	Pest
HU-PS	Pécs
HU-SD	Szeged
HU-SF	Székesfehérvár
HU-SH	Szombathely
HU-SK	Szolnok
HU-SN	Sopron
HU-SO	Somogy
HU-SS	Szekszárd
HU-ST	Salgótarján
HU-SZ	Szabolcs-Szatmár-Bereg
HU-TB	Tatabánya
HU-TO	Tolna
HU-VA	Vas
HU-VE	Veszprém
HU-VM	Veszprém
HU-ZA	Zala
HU-ZE	Zalaegerszeg
ID	Indonesia
ID-AC	Aceh
ID-BA	Bali
ID-BB	Bangka Belitung Islands
ID-BE	Bengkulu
ID-BT	Banten
ID-GO	Gorontalo
ID-JA	Jambi
ID-JB	West Java
ID-JI	East Java
ID-JK	Jakarta
ID-JT	Central Java
ID-JW	Java
ID-KA	Kalimantan
ID-KB	West Kalimantan
ID-KI	East Kalimantan
ID-KR	Riau Islands
ID-KS	South Kalimantan
ID-KT	Central Kalimantan
ID-KU	North Kalimantan
ID-LA	Lampung
ID-MA	Maluku
ID-ML	Maluku Islands
ID-MU	North Maluku
ID-NB	West Nusa Tenggara
ID-NG	Ngawi
ID-NT	East Nusa Tenggara
ID-NU	Lesser Sunda Islands
ID-PA	Papua
ID-PB	West Papua
ID-PD	Southwest Papua
ID-PE	Highland Papua
ID-PP	Western New Guinea
ID-PS	South Papua
ID-PT	Central Papua
ID-RI	Riau
ID-SA	North Sulawesi
ID-SB	West Sumatra
ID-SG	Southeast Sulawesi
ID-SL	Sulawesi
ID-SM	Sumatra
ID-SN	South Sulawesi
ID-SR	West Sulawesi
ID-SS	South Sumatra
ID-ST	Central Sulawesi
ID-SU	North Sumatra
ID-YO	Yogyakarta
IE	Ireland
IE-C	Connacht
IE-CE	Clare
IE-CN	Cavan
IE-CO	Cork
IE-CW	Carlow
IE-D	Dublin
IE-DL	Donegal
IE-G	Galway
IE-KE	Kildare
IE-KK	Kilkenny
IE-KY	Kerry
IE-L	Leinster
IE-LD	Longford
IE-LH	Louth
IE-LK	Limerick
IE-LM	Leitrim
IE-LS	Laois
IE-M	Munster
IE-MH	Meath
IE-MN	Monaghan
IE-MO	Mayo
IE-OY	Offaly
IE-RN	Roscommon
IE-SO	Sligo
IE-TA	Tipperary
IE-U	Ulster
IE-WD	Waterford
IE-WH	Westmeath
IE-WW	Wicklow
IE-WX	Wexford
IL	Israel
IL-D	Southern
IL-HA	Haifa
IL-JM	Jerusalem
IL-M	Central
IL-TA	Tel Aviv
IL-Z	Northern
IM	Isle of Man
IN	India
IN-AN	Andaman and Nicobar Islands
IN-AP	Andhra Pradesh
IN-AR	Arunachal Pradesh
IN-AS	Assam
IN-BR	Bihar
IN-CG	Chhattisgarh
IN-CH	Chandigarh
IN-CT	Chhattisgarh
IN-DD	Daman and Diu
IN-DH	Dadra and Nagar Haveli and Daman and Diu
IN-DL	Delhi
IN-DN	Dadra and Nagar Haveli district
IN-GA	Goa
IN-GJ	Gujarat
IN-HP	Himachal Pradesh
IN-HR	Haryana
IN-JH	Jharkhand
IN-JK	Jammu and Kashmir
IN-KA	Karnataka
IN-KL	Kerala
IN-LA	Ladakh
IN-LD	Lakshadweep
IN-MH	Maharashtra
IN-ML	Meghalaya
IN-MN	Manipur
IN-MP	Madhya Pradesh
IN-MZ	Mizoram
IN-NL	Nagaland
IN-OD	Odisha
IN-OR	Odisha
IN-PB	Punjab
IN-PY	Puducherry
IN-RJ	Rajasthan
IN-SK	Sikkim
IN-TG	Telangana
IN-TN	Tamil Nadu
IN-TR	Tripura
IN-TS	Telangana
IN-UK	Uttarakhand
IN-UP	Uttar Pradesh
IN-UT	Uttarakhand
IN-WB	West Bengal
IO	British Indian Ocean Territory
IQ	Iraq
IQ-AN	Al Anbar
IQ-AR	Erbil
IQ-BA	Basra
IQ-BB	Babylon
IQ-BG	Baghdad
IQ-DA	Duhok
IQ-DI	Diyala
IQ-DQ	Dhi Qar
IQ-HA	Halabja Governorate
IQ-KA	Karbala
IQ-KI	Kirkuk Governorate
IQ-MA	Maysan
IQ-MU	Al Muthanna
IQ-NA	Najaf
IQ-NI	Nineveh
IQ-QA	Al-Qādisiyyah
IQ-SD	Saladin
IQ-SU	Sulaymaniyah
IQ-TS	Kirkuk
IQ-WA	Wasit
IR	Iran
IR-00	Markazi Province
IR-01	East Azerbaijan
IR-02	West Azerbaijan
IR-03	Ardabil
IR-04	Isfahan
IR-05	Ilam
IR-06	Bushehr
IR-07	Tehran
IR-08	Chaharmahal and Bakhtiari
IR-09	Razavi Khorasan Province
IR-10	Khuzestan
IR-11	Zanjan
IR-12	Semnan
IR-13	Sistan and Baluchestan
IR-14	Fars
IR-15	Kerman
IR-16	Kurdistan
IR-17	Kermanshah
IR-18	Kohgiluyeh and Boyer-Ahmad
IR-19	Gilan
IR-20	Lorestan
IR-21	Mazandaran
IR-22	Markazi
IR-23	Hormozgan
IR-24	Hamadan
IR-25	Yazd
IR-26	Qom
IR-27	Golestan
IR-28	Qazvin
IR-29	South Khorasan
IR-30	Razavi Khorasan
IR-31	North Khorasan
IS	Iceland
IS-0	Reykjavík
IS-1	Capital
IS-2	Southern Peninsula
IS-3	Western
IS-4	Westfjords
IS-5	Northwestern
IS-6	Northeastern
IS-7	Austurland
IS-8	Southern
IS-AKH	Akrahreppur
IS-AKN	Akraneskaupstaður
IS-AKU	Akureyri
IS-ARN	Árneshreppur
IS-ASA	Ásahreppur
IS-BFJ	Borgarfjarðarhreppur
IS-BLA	Bláskógabyggð
IS-BLO	Blönduósbær
IS-BOG	Borgarbyggð
IS-BOL	Bolungarvíkurkaupstaður
IS-DAB	Dalabyggð
IS-DAV	Dalvíkurbyggð
IS-DJU	Djúpivogur
IS-EOM	Eyja- og Miklaholtshreppur
IS-EYF	Eyjafjarðarsveit
IS-FJD	Fjarðabyggð
IS-FJL	Fjallabyggð
IS-FLA	Flóahreppur
IS-FLD	Fljótsdalshérað
IS-FLR	Fljótsdalshreppur
IS-GAR	Garðabær
IS-GRN	Grindavíkurbær
IS-GRU	Grundarfjarðarbær
IS-HAF	Hafnarfjörður
IS-HUG	Húnabyggð
IS-HUV	Húnaþing vestra
IS-HVE	Hveragerðisbær
IS-KOP	Kópavogur
IS-MUL	Múlaþing
IS-RGE	Rangárþing eystra
IS-RGY	Rangárþing ytra
IS-RKV	Reykjavík
IS-SDN	Suðurnesjabær
IS-SDV	Súðavíkurhreppur
IS-SEL	Seltjarnarnes
IS-SFA	Sveitarfélagið Árborg
IS-SKR	Skagafjörður
IS-SOL	Ölfus
IS-SSS	Sveitarfélagið Skagaströnd
IS-STR	Strandabyggð
IS-SVG	Vogar
IS-TJO	Tjörneshreppur
IS-VEM	Vestmannaeyjar
IT	Italy
IT-21	Piedmont
IT-23	Aosta Valley
IT-25	Lombardy
IT-32	Trentino-South Tyrol
IT-34	Veneto
IT-36	Friuli Venezia Giulia
IT-42	Liguria
IT-45	Emilia-Romagna
IT-52	Tuscany
IT-55	Umbria
IT-57	Marche
IT-62	Lazio
IT-65	Abruzzo
IT-67	Molise
IT-72	Campania
IT-75	Apulia
IT-77	Basilicata
IT-78	Calabria
IT-82	Sicily
IT-88	Sardinia
IT-AG	Agrigento
IT-AL	Alessandria
IT-AN	Ancona
IT-AO	Aosta
IT-AP	Ascoli Piceno
IT-AQ	L'Aquila
IT-AR	Arezzo
IT-AT	Asti
IT-AV	Avellino
IT-BA	Bari
IT-BG	Bergamo
IT-BI	Biella
IT-BL	Belluno
IT-BN	Benevento
IT-BO	Bologna
IT-BR	Brindisi
IT-BS	Brescia
IT-BT	Barletta-Andria-Trani
IT-BZ	Trentino-South Tyrol
IT-CA	Cagliari
IT-CB	Campobasso
IT-CE	Caserta
IT-CH	Chieti
IT-CI	Carbonia-Iglesias
IT-CL	Caltanissetta
IT-CN	Cuneo
IT-CO	Como
IT-CR	Cremona
IT-CS	Cosenza
IT-CT	Catania
IT-CZ	Catanzaro
IT-EN	Enna
IT-FC	Forlì-Cesena
IT-FE	Ferrara
IT-FG	Foggia
IT-FI	Florence
IT-FM	Fermo
IT-FR	Frosinone
IT-GE	Liguria
IT-GO	Gorizia
IT-GR	Grosseto
IT-IM	Imperia
IT-IS	Isernia
IT-KR	Crotone
IT-LC	Lecco
IT-LE	Lecce
IT-LI	Livorno
IT-LO	Lodi
IT-LT	Latina
IT-LU	Lucca
IT-MB	Monza and Brianza
IT-MC	Macerata
IT-ME	Messina
IT-MI	Milan
IT-MN	Mantua
IT-MO	Modena
IT-MS	Massa-Carrara
IT-MT	Matera
IT-NA	Naples
IT-NO	Novara
IT-NU	Nuoro
IT-OG	Ogliastra
IT-OR	Oristano
IT-OT	Olbia-Tempio
IT-PA	Palermo
IT-PC	Piacenza
IT-PD	Padua
IT-PE	Pescara
IT-PG	Perugia
IT-PI	Pisa
IT-PN	Pordenone
IT-PO	Prato
IT-PR	Parma
IT-PT	Pistoia
IT-PU	Pesaro and Urbino
IT-PV	Pavia
IT-PZ	Potenza
IT-RA	Ravenna
IT-RC	Reggio Calabria
IT-RE	Reggio Emilia
IT-RG	Ragusa
IT-RI	Rieti
IT-RM	Rome
IT-RN	Rimini
IT-RO	Rovigo
IT-SA	Salerno
IT-SI	Siena
IT-SO	Sondrio
IT-SP	La Spezia
IT-SR	Syracuse
IT-SS	Sassari
IT-SU	Province of South Sardinia
IT-SV	Savona
IT-TA	Taranto
IT-TE	Teramo
IT-TN	Trentino
IT-TO	Turin
IT-TP	Trapani
IT-TR	Terni
IT-TS	Trieste
IT-TV	Treviso
IT-UD	Udine
IT-VA	Varese
IT-VB	Verbano-Cusio-Ossola
IT-VC	Vercelli
IT-VE	Venice
IT-VI	Vicenza
IT-VR	Verona
IT-VS	Medio Campidano
IT-VT	Viterbo
IT-VV	Vibo Valentia
JE	Jersey
JM	Jamaica
JM-01	Kingston
JM-02	Saint Andrew
JM-03	Saint Thomas
JM-04	Portland
JM-05	Saint Mary
JM-06	Saint Ann
JM-07	Trelawny
JM-08	Saint James
JM-09	Hanover
JM-10	Westmoreland
JM-11	Saint Elizabeth
JM-12	Manchester
JM-13	Clarendon
JM-14	Saint Catherine
JO	Jordan
JO-AJ	Ajloun
JO-AM	Amman
JO-AQ	Aqaba
JO-AT	Tafilah
JO-AZ	Zarqa
JO-BA	Balqa
JO-IR	Irbid
JO-JA	Jerash
JO-KA	Karak
JO-MA	Mafraq
JO-MD	Madaba
JO-MN	Ma'an
JP	Japan
JP-01	Hokkaidō
JP-02	Aomori Prefecture
JP-03	Iwate Prefecture
JP-04	Miyagi Prefecture
JP-05	Akita Prefecture
JP-06	Yamagata Prefecture
JP-07	Fukushima Prefecture
JP-08	Ibaraki Prefecture
JP-09	Tochigi Prefecture
JP-10	Gunma Prefecture
JP-11	Saitama Prefecture
JP-12	Chiba Prefecture
JP-13	Tokyo
JP-14	Kanagawa Prefecture
JP-15	Niigata Prefecture
JP-16	Toyama Prefecture
JP-17	Ishikawa Prefecture
JP-18	Fukui Prefecture
JP-19	Yamanashi Prefecture
JP-20	Nagano Prefecture
JP-21	Gifu Prefecture
JP-22	Shizuoka Prefecture
JP-23	Aichi Prefecture
JP-24	Mie Prefecture
JP-25	Shiga Prefecture
JP-26	Kyōto Prefecture
JP-27	Ōsaka Prefecture
JP-28	Hyōgo Prefecture
JP-29	Nara Prefecture
JP-30	Wakayama Prefecture
JP-31	Tottori Prefecture
JP-32	Shimane Prefecture
JP-33	Okayama Prefecture
JP-34	Hiroshima Prefecture
JP-35	Yamaguchi Prefecture
JP-36	Tokushima Prefecture
JP-37	Kagawa Prefecture
JP-38	Ehime Prefecture
JP-39	Kōchi Prefecture
JP-40	Fukuoka Prefecture
JP-41	Saga Prefecture
JP-42	Nagasaki Prefecture
JP-43	Kumamoto Prefecture
JP-44	Ōita Prefecture
JP-45	Miyazaki Prefecture
JP-46	Kagoshima Prefecture
JP-47	Okinawa Prefecture
KE	Kenya
KE-01	Baringo County
KE-02	Bomet County
KE-03	Bungoma County
KE-04	Busia County
KE-05	Elgeyo-Marakwet County
KE-06	Embu County
KE-07	Garissa County
KE-08	Homa Bay County
KE-09	Isiolo County
KE-10	Kajiado County
KE-11	Kakamega County
KE-110	Nairobi
KE-12	Kericho County
KE-13	Kiambu County
KE-14	Kilifi County
KE-15	Kirinyaga County
KE-16	Kisii County
KE-17	Kisumu County
KE-18	Kitui County
KE-19	Kwale County
KE-20	Laikipia County
KE-200	Central
KE-21	Lamu County
KE-22	Machakos County
KE-23	Makueni County
KE-24	Mandera County
KE-25	Marsabit County
KE-26	Meru County
KE-27	Migori County
KE-28	Mombasa County
KE-29	Muranga County
KE-30	Nairobi City County
KE-300	Coast
KE-31	Nakuru County
KE-32	Nandi County
KE-33	Narok County
KE-34	Nyamira county
KE-35	Nyandarua County
KE-36	Nyeri County
KE-37	Samburu County
KE-38	Siaya County
KE-39	Taita–Taveta County
KE-40	Tana River County
KE-400	Eastern
KE-41	Tharaka Nithi County
KE-42	Trans-Nzoia county
KE-43	Turkana County
KE-44	Uasin Gishu County
KE-45	Vihiga County
KE-46	Wajir County
KE-47	West Pokot County
KE-500	North Eastern
KE-600	Nyanza
KE-700	Rift Valley
KE-800	Western
KG	Kyrgyzstan
KG-B	Batken
KG-C	Chuy
KG-GB	Bishkek
KG-GO	Osh
KG-J	Jalal-Abad
KG-N	Naryn
KG-O	Osh
KG-T	Talas
KG-Y	Issyk-Kul
KH	Cambodia
KH-1	Banteay Meanchey
KH-10	Kratié
KH-11	Mondulkiri
KH-12	Phnom Penh
KH-13	Preah Vihear
KH-14	Prey Veng
KH-15	Pursat
KH-16	Ratanakiri
KH-17	Siem Reap
KH-18	Sihanoukville
KH-19	Stung Treng
KH-2	Battambang
KH-20	Svay Rieng
KH-21	Takéo
KH-22	Oddar Meanchey
KH-23	Kep
KH-24	Pailin
KH-25	Tbong Khmum Province
KH-3	Kampong Cham
KH-4	Kampong Chhnang
KH-5	Kam
KH-6	Kampong Thom
KH-7	Kampot
KH-8	Kandal
KH-9	Koh Kong
KI	Kiribati
KI-G	Gilbert Islands
KI-L	Line Islands
KI-P	Phoenix Islands
KM	Comoros
KM-A	Anjouan
KM-G	Andjazîdja
KM-M	Mohéli
KN	Saint Kitts and Nevis
KN-01	Christ Church Nichola Town
KN-02	Saint Anne Sandy Point
KN-03	Saint George Basseterre
KN-04	Saint George Gingerland
KN-05	Saint James Windward
KN-06	Saint John Capisterre
KN-07	Saint John Figtree
KN-08	Saint Mary Cayon
KN-09	Saint Paul Capisterre
KN-10	Saint Paul Charlestown
KN-11	Saint Peter Basseterre
KN-12	Saint Thomas Lowland
KN-13	Saint Thomas Middle Island
KN-14	Trinity Palmetto Point
KN-15	Trinity Palmetto Point Parish
KN-K	Saint Kitts
KN-N	Nevis
KP	North Korea
KP-01	Pyongyang
KP-02	South Pyongan
KP-03	North Pyongan
KP-04	Chagang
KP-05	South Hwanghae
KP-06	North Hwanghae
KP-07	Kangwon
KP-08	South Hamgyong
KP-09	North Hamgyong
KP-10	Ryanggang
KP-13	Rason
KP-14	Nampo
KP-15	Kaesong
KR	South Korea
KR-11	Seoul
KR-26	Busan
KR-27	Daegu
KR-28	Incheon
KR-29	Gwangju
KR-30	Daejeon
KR-31	Ulsan
KR-41	Gyeonggi
KR-42	Gangwon
KR-43	North Chungcheong
KR-44	South Chungcheong
KR-45	North Jeolla
KR-46	South Jeolla
KR-47	North Gyeongsang
KR-48	South Gyeongsang
KR-49	Jeju
KR-50	Sejong
KW	Kuwait
KW-AH	Al Ahmadi
KW-FA	Al Farwaniyah
KW-HA	Hawally
KW-JA	Al Jahra
KW-KU	Capital
KW-MU	Mubarak Al-Kabeer
KY	Cayman Islands
KZ	Kazakhstan
KZ-10	Abai Region
KZ-11	Akmola Region
KZ-15	Aktobe Region
KZ-19	Almaty Region
KZ-23	Atyrau Region
KZ-27	West Kazakhstan Region
KZ-31	Jambyl Region
KZ-33	Zhetisu Region
KZ-35	Karaganda Region
KZ-39	Kostanay Region
KZ-43	Kyzylorda Region
KZ-47	Mangystau Region
KZ-55	Pavlodar Region
KZ-59	North Kazakhstan Region
KZ-61	Turkistan Region
KZ-62	Ulytau Region
KZ-63	East Kazakhstan Region
KZ-71	Astana
KZ-75	Almaty
KZ-79	Shymkent
KZ-AKM	Akmola
KZ-AKT	Aktobe
KZ-ALA	Almaty
KZ-AST	Nur-Sultan
KZ-ATY	Atyrau
KZ-KAR	Karaganda
KZ-KOK	Kokchetav Oblast
KZ-KUS	Kostanay
KZ-KZY	Kyzylorda
KZ-MAN	Mangystau
KZ-PAV	Pavlodar
KZ-SEV	North Kazakhstan
KZ-VOS	East Kazakhstan
KZ-YUZ	Turkistan
KZ-ZAP	West Kazakhstan
KZ-ZHA	Jambyl
LA	Laos
LA-AT	Attapeu
LA-BK	Bokeo
LA-BL	Bolikhamsai
LA-CH	Champasak
LA-HO	Houaphanh
LA-KH	Khammouane
LA-LM	Luang Namtha
LA-LP	Luang Prabang
LA-OU	Oudomxay
LA-PH	Phongsaly
LA-SL	Salavan
LA-SV	Savannakhet
LA-VI	Vientiane Prefecture
LA-VT	Vientiane
LA-XA	Sainyabuli
LA-XE	Sekong
LA-XI	Xiangkhouang
LA-XN	Xaisomboun
LA-XS	Xaisomboun Province
LB	Lebanon
LB-AK	Akkar Governorate
LB-AS	North
LB-BA	Beirut
LB-BH	Baalbek-Hermel Governorate
LB-BI	Beqaa
LB-JA	South
LB-JL	Mount Lebanon
LB-NA	Nabatieh
LC	Saint Lucia
LC-01	Anse la Raye Quarter
LC-02	Castries Quarter
LC-03	Choiseul Quarter
LC-04	Dauphin Quarter
LC-05	Dennery Quarter
LC-06	Gros Islet Quarter
LC-07	Laborie Quarter
LC-08	Micoud Quarter
LC-09	Praslin Quarter
LC-10	Soufrière Quarter
LC-11	Vieux Fort Quarter
LC-12	Canaries
LI	Liechtenstein
LI-01	Balzers
LI-02	Eschen
LI-03	Gamprin
LI-04	Mauren
LI-05	Planken
LI-06	Ruggell
LI-07	Schaan
LI-08	Schellenberg
LI-09	Triesen
LI-10	Triesenberg
LI-11	Vaduz
LK	Sri Lanka
LK-1	Western Province
LK-11	Colombo
LK-12	Gampaha
LK-13	Kalutara
LK-2	Central Province
LK-21	Kandy
LK-22	Matale
LK-23	Nuwara Eliya
LK-3	Southern Province
LK-31	Galle
LK-32	Matara
LK-33	Hambantota
LK-4	Northern Province
LK-41	Jaffna
LK-42	Kilinochchi
LK-43	Mannar
LK-44	Vavuniya
LK-45	Mullaitivu
LK-5	Eastern Province
LK-51	Batticaloa
LK-52	Ampara
LK-53	Trincomalee
LK-6	North Western Province
LK-61	Kurunegala
LK-62	Puttalam
LK-7	North Central Province
LK-71	Anuradhapura
LK-72	Polonnaruwa
LK-8	Uva Province
LK-81	Badulla
LK-82	Monaragala
LK-9	Sabaragamuwa Province
LK-91	Ratnapura
LK-92	Kegalle
LR	Liberia
LR-BG	Bong
LR-BM	Bomi
LR-CM	Grand Cape Mount
LR-GB	Grand Bassa
LR-GG	Grand Gedeh
LR-GK	Grand Kru
LR-GP	Gbarpolu County
LR-LO	Lofa
LR-MG	Margibi
LR-MO	Montserrado
LR-MY	Maryland
LR-NI	Nimba
LR-RG	River Gee County
LR-RI	River Cess
LR-SI	Sinoe
LS	Lesotho
LS-A	Maseru
LS-B	Butha-Buthe
LS-C	Leribe
LS-D	Berea
LS-E	Mafeteng
LS-F	Mohale's Hoek
LS-G	Quthing
LS-H	Qacha's Nek
LS-J	Mokhotlong
LS-K	Thaba-Tseka
LT	Lithuania
LT-01	Akmenė District Municipality
LT-02	Alytus City Municipality
LT-03	Alytus District Municipality
LT-04	Anykščiai District Municipality
LT-05	Birštonas Municipality
LT-06	Biržai District Municipality
LT-07	Druskininkai municipality
LT-08	Elektrėnai Municipality
LT-09	Ignalina District Municipality
LT-10	Jonava District Municipality
LT-11	Joniškis District Municipality
LT-12	Jurbarkas District Municipality
LT-13	Kaišiadorys District Municipality
LT-14	Kalvarija Municipality
LT-15	Kaunas City Municipality
LT-16	Kaunas District Municipality
LT-17	Kazlų Rūda Municipality
LT-18	Kėdainiai District Municipality
LT-19	Kelmė District Municipality
LT-20	Klaipeda City Municipality
LT-21	Klaipėda District Municipality
LT-22	Kretinga Municipality
LT-23	Kupiškis District Municipality
LT-24	Lazdijai District Municipality
LT-25	Marijampolė Municipality
LT-26	Mažeikiai District Municipality
LT-27	Molėtai District Municipality
LT-28	Neringa Municipality
LT-29	Pagėgiai Municipality
LT-30	Pakruojis District Municipality
LT-31	Palanga City Municipality
LT-32	Panevėžys City Municipality
LT-33	Panevėžys District Municipality
LT-34	Pasvalys District Municipality
LT-35	Plungė District Municipality
LT-36	Prienai District Municipality
LT-37	Radviliškis District Municipality
LT-38	Raseiniai District Municipality
LT-39	Rietavas Municipality
LT-40	Rokiškis District Municipality
LT-41	Šakiai District Municipality
LT-42	Šalčininkai District Municipality
LT-43	Šiauliai City Municipality
LT-44	Šiauliai District Municipality
LT-45	Šilalė District Municipality
LT-46	Šilutė District Municipality
LT-47	Širvintos District Municipality
LT-48	Skuodas District Municipality
LT-49	Švenčionys District Municipality
LT-50	Tauragė District Municipality
LT-51	Telšiai District Municipality
LT-52	Trakai District Municipality
LT-53	Ukmergė District Municipality
LT-54	Utena District Municipality
LT-55	Varėna District Municipality
LT-56	Vilkaviškis District Municipality
LT-57	Vilnius City Municipality
LT-58	Vilnius District Municipality
LT-59	Visaginas Municipality
LT-60	Zarasai District Municipality
LT-AL	Alytus
LT-KL	Klaipėda
LT-KU	Kaunas
LT-MR	Marijampolė
LT-PN	Panevėžys
LT-SA	Šiauliai
LT-TA	Tauragė
LT-TE	Telšiai
LT-UT	Utena
LT-VL	Vilnius
LU	Luxembourg
LU-CA	Canton of Capellen
LU-CL	Canton of Clervaux
LU-D	Diekirch
LU-DI	Canton of Diekirch
LU-EC	Canton of Echternach
LU-ES	Canton of Esch-sur-Alzette
LU-G	Grevenmacher
LU-GR	Canton of Grevenmacher
LU-L	Luxembourg
LU-LU	Canton of Luxembourg
LU-ME	Canton of Mersch
LU-RD	Canton of Redange
LU-RM	Canton of Remich
LU-VD	Canton of Vianden
LU-WI	Canton of Wiltz
LV	Latvia
LV-001	Aglona
LV-002	Aizkraukle
LV-003	Aizpute
LV-004	Aknīste
LV-005	Aloja
LV-006	Alsunga
LV-007	Alūksne
LV-008	Valmiera
LV-009	Valmiera
LV-010	Auce
LV-011	Ādaži
LV-012	Babīte
LV-013	Baldone
LV-014	Baltinava
LV-015	Balvi
LV-016	Bauska
LV-017	Valmiera
LV-018	Brocēni
LV-019	Valmiera
LV-020	Carnikava
LV-021	Valmiera
LV-022	Cēsis
LV-023	Cibla
LV-024	Dagda
LV-025	Daugavpils Municipality
LV-026	Dobele
LV-027	Dundaga
LV-028	Durbe
LV-029	Engure
LV-030	Valmiera
LV-031	Garkalne
LV-032	Grobiņa
LV-033	Gulbene
LV-034	Iecava
LV-035	Ikskile
LV-036	Ilūkste
LV-037	Inčukalns
LV-038	Jaunjelgava
LV-039	Valmiera
LV-040	Jaunpils
LV-041	Jelgava Municipality
LV-042	Jēkabpils Municipality
LV-043	Kandava
LV-044	Kārsava
LV-045	Valmiera
LV-046	Koknese
LV-047	Krāslava
LV-048	Krimulda
LV-049	Krustpils
LV-050	Kuldīga
LV-051	Ķegums
LV-052	Ķekava
LV-053	Lielvārde
LV-054	Limbaži
LV-055	Valmiera
LV-056	Līvāni
LV-057	Valmiera
LV-058	Ludza
LV-059	Madona
LV-060	Valmiera
LV-061	Mālpils
LV-062	Mārupe
LV-063	Mērsrags
LV-064	Valmiera
LV-065	Nereta
LV-066	Nīca
LV-067	Ogre
LV-068	Olaine
LV-069	Ozolnieki
LV-070	Valmiera
LV-071	Pāvilosta
LV-072	Pļaviņas
LV-073	Preiļi
LV-074	Priekule
LV-075	Valmiera
LV-076	Valmiera
LV-077	Rēzekne Municipality
LV-078	Riebiņi
LV-079	Roja
LV-080	Ropaži
LV-081	Rucava
LV-082	Rugāji
LV-083	Rundāle
LV-084	Valmiera
LV-085	Salacgrīva
LV-086	Sala
LV-087	Salaspils
LV-088	Saldus
LV-089	Saulkrasti
LV-090	Sēja
LV-091	Sigulda
LV-092	Skrīveri
LV-093	Skrunda
LV-094	Valmiera
LV-095	Stopiņi
LV-096	Valmiera
LV-097	Talsi
LV-098	Tērvete
LV-099	Tukums
LV-100	Vaiņode
LV-101	Valka
LV-102	Valmiera
LV-103	Vārkava
LV-104	Valmiera
LV-105	Vecumnieki
LV-106	Ventspils Municipality
LV-107	Viesīte
LV-108	Viļaka
LV-109	Viļāni
LV-110	Zilupe
LV-111	Augšdaugava Municipality
LV-112	South Kurzeme Municipality
LV-113	Valmiera Municipality
LV-DGV	Daugavpils
LV-JEL	Jelgava
LV-JKB	Jēkabpils
LV-JUR	Jūrmala
LV-LPX	Liepāja
LV-REZ	Rēzekne
LV-RIX	Riga
LV-VEN	Ventspils
LV-VMR	Valmiera
LY	Libya
LY-AJ	Ajdabiya
LY-BA	Benghazi
LY-BU	Butnan
LY-DR	Derna District
LY-GD	Ghadames
LY-GT	Ghat
LY-JA	Jabal al Akhdar
LY-JG	Jabal al Gharbi District
LY-JI	Jafara
LY-JU	Jufra
LY-KF	Kufra
LY-MB	Murqub
LY-MI	Misrata
LY-MJ	Marj
LY-MQ	Murzuq
LY-MZ	Mizdah
LY-NL	Nalut District
LY-NQ	Nuqat al Khams
LY-QB	Al Qubbah
LY-SB	Sabha
LY-SR	Sirte
LY-TB	Tripoli District
LY-TN	Tripoli District
LY-WA	Al Wahat District
LY-WD	Wadi al Hayaa
LY-WS	Ash Shati
LY-ZA	Zawiya
MA	Morocco
MA-01	Tangier-Tetouan
MA-02	Gharb-Chrarda-Béni Hssen
MA-03	Taza-Al Hoceïma-Taounate
MA-04	Oriental
MA-05	Fès-méknas-boulmane
MA-06	Meknès-Tafilalet
MA-07	Rabat-Salé-Zemmour-Zaër
MA-08	Grand Casablanca
MA-09	Chaouia-Ouardigha
MA-10	Doukkala Abda
MA-11	Marrakesh-Tensift-El Haouz
MA-12	Tadla-Azilal
MA-13	Suss-Massa-Draa
MA-14	Guelmim-Es Semara
MA-15	Laâyoune-Boujdour-Sakia El Hamra
MA-16	Oued Ed-Dahab
MA-AGD	Agadir-Ida-Ou-Tanane Prefecture
MA-AOU	Aousserd Province
MA-ASZ	Assa-Zag Province
MA-AZI	Azilal Province
MA-BEM	Béni-Mellal Province
MA-BER	Berkane Province
MA-BES	Ben Slimane Province
MA-BOD	Boujdour Province
MA-BOM	Boulemane Province
MA-BRR	Berrechid Province
MA-CAS	Casablanca
MA-CHE	Chefchaouen Province
MA-CHI	Chichaoua (Province)
MA-CHT	Shtouka Ait Baha Province
MA-DRI	Driouch Province
MA-ERR	Errachidia Province
MA-ESI	Essaouira Province
MA-ESM	Es Semara Province
MA-FAH	Fahs Anjra Province
MA-FES	Fez
MA-FIG	Figuig Province
MA-FQH	Fquih Ben Salah Province
MA-GUE	Guelmim Province
MA-GUF	Guercif Province
MA-HAJ	El Hajeb Province
MA-HAO	Al Haouz Province
MA-HOC	Al Hoceima Province
MA-IFR	Ifrane Province
MA-INE	Inezgane-Aït Melloul Prefecture
MA-JDI	El Jadida Province
MA-JRA	Jerada Province
MA-KEN	Kénitra Province
MA-KES	Kelaat Sraghna Province
MA-KHE	Khémisset Province
MA-KHN	Khénifra Province
MA-KHO	Khouribga Province
MA-LAA	Laâyoune Province
MA-LAR	Larache Province
MA-MAR	Marrakech
MA-MDF	M'diq-Fnideq Prefecture
MA-MED	Mediouna Province
MA-MEK	Meknès Prefecture
MA-MID	Midelt Province
MA-MMD	Marrakech-Medina
MA-MMN	Marrakech-Menara
MA-MOH	Mohammedia Prefecture
MA-MOU	Moulay Yacoub Province
MA-NAD	Nador Province
MA-NOU	Nouaceur Province
MA-OUA	Ouarzazate Province
MA-OUD	Oued Ed-Dahab Province
MA-OUJ	Oujda
MA-OUZ	Ouezzane Province
MA-RAB	Rabat Prefecture
MA-REH	Rhamna Province
MA-SAF	Safi Province
MA-SAL	Salé Prefecture
MA-SEF	Sefrou Province
MA-SET	Settat Province
MA-SIB	Sidi Bennour Province
MA-SIF	Sidi Ifni Province
MA-SIK	Sidi Kacem Province
MA-SIL	Sidi Slimane Province
MA-SKH	Skhirat-Témara Prefecture
MA-TAF	Tarfaya Province
MA-TAI	Taourirt Province
MA-TAO	Taounate Province
MA-TAR	Taroudant Province
MA-TAT	Tata Province
MA-TAZ	Taza Province
MA-TET	Tétouan Province
MA-TIN	Tinghir Province
MA-TIZ	Tiznit Province
MA-TNG	Tangier
MA-TNT	Tan-Tan Province
MA-YUS	Youssoufia Province
MA-ZAG	Zagora Province
MC	Monaco
MC-CL	La Colle
MC-CO	La Condamine
MC-FO	Fontvieille
MC-GA	La Gare
MC-JE	Jardin Exotique
MC-LA	Larvotto
MC-MA	Malbousquet
MC-MC	Monte Carlo
MC-MG	Moneghetti
MC-MO	Monaco City
MC-MU	Moulins
MC-PH	Port Hercules
MC-SD	Ravin de Sainte-Dévote
MC-SO	La Source
MC-SP	Spélugues
MC-SR	Saint Roman
MC-VR	Vallon de la Rousse
MD	Moldova
MD-AN	Anenii Noi
MD-BA	Bălți
MD-BD	Bender
MD-BR	Briceni
MD-BS	Basarabeasca
MD-CA	Cahul
MD-CAM	Camenca
MD-CL	Călărași
MD-CM	Cimișlia
MD-CR	Criuleni
MD-CS	Căușeni
MD-CT	Cantemir
MD-CU	Chișinău
MD-DO	Dondușeni
MD-DR	Drochia
MD-DU	Dubăsari District
MD-ED	Edineț
MD-FA	Fălești
MD-FL	Florești
MD-GA	Comrat
MD-GL	Glodeni
MD-GRI	Grigoriopol
MD-HI	Hîncești
MD-IA	Ialoveni
MD-LE	Leova
MD-NI	Nisporeni
MD-OC	Ocnița
MD-OR	Orhei
MD-RE	Rezina
MD-RI	Rîșcani
MD-SD	Șoldănești
MD-SI	Sîngerei
MD-SN	Transnistria
MD-SO	Soroca
MD-ST	Strășeni
MD-SV	Ștefan Vodă
MD-TA	Taraclia
MD-TE	Telenești
MD-UN	Ungheni
ME	Montenegro
ME-01	Andrijevica
ME-02	Bar
ME-03	Berane
ME-04	Bijelo Polje
ME-05	Budva
ME-06	Cetinje
ME-07	Danilovgrad
ME-08	Herceg Novi
ME-09	Kolašin
ME-10	Kotor
ME-11	Mojkovac
ME-12	Nikšić
ME-13	Plav
ME-14	Pljevlja
ME-15	Plužine
ME-16	Podgorica
ME-17	Rožaje
ME-18	Šavnik
ME-19	Tivat
ME-20	Ulcinj
ME-21	Žabljak
ME-22	Gusinje Municipality
ME-23	Petnjica Municipality
ME-24	Tuzi Municipality
ME-25	Zeta Municipality
MF	Saint Martin
MG	Madagascar
MG-A	Toamasina
MG-D	Diana
MG-F	Vatovavy-Fitovinany
MG-M	Boeny
MG-T	Antananarivo
MG-U	Anosy
MH	Marshall Islands
MH-ALK	Ailuk Atoll
MH-ALL	Ailinglaplap Atoll
MH-ARN	Arno Atoll
MH-AUR	Aur Atoll
MH-EBO	Ebon Atoll
MH-ENI	Enewetak Atoll
MH-JAB	Jabat Island
MH-JAL	Jaluit Atoll
MH-KIL	Kili Island
MH-KWA	Kwajalein Atoll
MH-L	Ralik Chain
MH-LAE	Lae Atoll
MH-LIB	Lib Island
MH-LIK	Likiep Atoll
MH-MAJ	Majuro
MH-MAL	Maloelap Atoll
MH-MEJ	Mejit Island
MH-MIL	Mili Atoll
MH-NMK	Namdrik Atoll
MH-NMU	Namu Atoll
MH-RON	Rongelap Atoll
MH-T	Ratak Chain
MH-UJA	Ujae Atoll
MH-UTI	Utirik Atoll
MH-WTH	Wotho Atoll
MH-WTJ	Wotje Atoll
MK	North Macedonia
MK-01	Aerodrom
MK-02	Aračinovo
MK-03	Berovo
MK-04	Bitola
MK-05	Bogdanci
MK-06	Bogovinje
MK-07	Bosilovo
MK-08	Brvenica
MK-09	Butel
MK-10	Valandovo
MK-101	Veles Municipality
MK-102	Gradsko Municipality
MK-103	Demir Kapija Municipality
MK-104	Kavadarci Municipality
MK-105	Lozovo Municipality
MK-106	Negotino Municipality
MK-107	Rosoman Municipality
MK-108	Sveti Nikole Municipality
MK-109	Čaška Municipality
MK-11	Vasilevo
MK-12	Vevčani
MK-13	Veles
MK-14	Vinica
MK-15	Vraneštica
MK-16	Vrapčište
MK-17	Gazi Baba
MK-18	Gevgelija
MK-19	Gostivar
MK-20	Gradsko
MK-201	Berovo Municipality
MK-202	Vinica Municipality
MK-203	Delčevo Municipality
MK-204	Zrnovci Municipality
MK-205	Karbinci Municipality
MK-206	Kočani Municipality
MK-207	Makedonska Kamenica Municipality
MK-208	Pehčevo Municipality
MK-209	Probištip Municipality
MK-21	Debar
MK-210	Češinovo-Obleševo Municipality
MK-211	Štip Municipality
MK-22	Debarca
MK-23	Delčevo
MK-24	Demir Kapija
MK-25	Demir Hisar
MK-26	Dojran
MK-27	Dolneni
MK-28	Drugovo
MK-29	Gjorče Petrov
MK-30	Želino
MK-301	Vevčani Municipality
MK-303	Debar Municipality
MK-304	Debarca Municipality
MK-307	Kičevo Municipality
MK-308	Makedonski Brod Municipality
MK-31	Zajas
MK-310	Ohrid Municipality
MK-311	Plasnica Municipality
MK-312	Struga Municipality
MK-313	Centar Župa Municipality
MK-32	Zelenikovo
MK-33	Zrnovci
MK-34	Ilinden
MK-35	Jegunovce
MK-36	Kavadarci
MK-37	Karbinci
MK-38	Karpoš
MK-39	Kisela Voda
MK-40	Kičevo
MK-401	Bogdanci Municipality
MK-402	Bosilovo Municipality
MK-403	Valandovo Municipality
MK-404	Vasilevo Municipality
MK-405	Gevgelija Municipality
MK-406	Dojran Municipality
MK-407	Konče Municipality
MK-408	Novo Selo Municipality
MK-409	Radoviš Municipality
MK-41	Konče
MK-410	Strumica Municipality
MK-42	Kočani
MK-43	Kratovo
MK-44	Kriva Palanka
MK-45	Krivogaštani
MK-46	Kruševo
MK-47	Kumanovo
MK-48	Lipkovo
MK-49	Lozovo
MK-50	Mavrovo and Rostuša
MK-501	Bitola Municipality
MK-502	Demir Hisar Municipality
MK-503	Dolneni Municipality
MK-504	Krivogaštani Municipality
MK-505	Kruševo Municipality
MK-506	Mogila Municipality
MK-507	Novaci Municipality
MK-508	Prilep Municipality
MK-509	Resen Municipality
MK-51	Makedonska Kamenica
MK-52	Makedonski Brod
MK-53	Mogila
MK-54	Negotino
MK-55	Novaci
MK-56	Novo Selo
MK-57	Oslomej
MK-58	Ohrid
MK-60	Pehčevo
MK-601	Bogovinje Municipality
MK-602	Brvenica Municipality
MK-603	Vrapčište Municipality
MK-604	Gostivar Municipality
MK-605	Želino Municipality
MK-606	Jegunovce Municipality
MK-607	Mavrovo i Rostuše Municipality
MK-608	Tearce Municipality
MK-609	Tetovo Municipality
MK-61	Plasnica
MK-62	Prilep
MK-63	Probištip
MK-64	Radoviš
MK-65	Rankovce
MK-66	Resen
MK-67	Rosoman
MK-68	Saraj
MK-69	Sveti Nikole
MK-70	Sopište
MK-701	Kratovo Municipality
MK-702	Kriva Palanka Municipality
MK-703	Kumanovo Municipality
MK-704	Lipkovo Municipality
MK-705	Rankovce Municipality
MK-706	Staro Nagoričane Municipality
MK-71	Staro Nagoričane
MK-72	Struga
MK-73	Strumica
MK-74	Studeničani
MK-75	Tearce
MK-76	Tetovo
MK-77	Centar
MK-78	Centar Župa
MK-79	Čair
MK-80	Čaška
MK-801	Aerodrom Municipality
MK-802	Aračinovo Municipality
MK-803	Butel Municipality
MK-804	Gazi Baba Municipality
MK-805	Ǵorče Petrov Municipality
MK-806	Zelenikovo Municipality
MK-807	Ilinden Municipality
MK-808	Karpoš Municipality
MK-809	Kisela Voda Municipality
MK-81	Češinovo-Obleševo
MK-810	Petrovec Municipality
MK-811	Saraj Municipality
MK-812	Sopište Municipality
MK-813	Studeničani Municipality
MK-814	Centar Municipality
MK-815	Čair Municipality
MK-816	Čučer-Sandevo Municipality
MK-817	Šuto Orizari Municipality
MK-82	Čučer-Sandevo
MK-83	Štip
MK-84	Šuto Orizari
MK-85	Skopje
ML	Mali
ML-1	Kayes
ML-10	Taoudénit Region
ML-11	Nioro Region
ML-12	Kita Region
ML-13	Dioila Region
ML-14	Nara Region
ML-15	Bougouni Region
ML-16	Koutiala Region
ML-17	San Region
ML-18	Douentza Region
ML-19	Bandiagara Region
ML-2	Koulikoro
ML-3	Wassoulou
ML-4	Ségou
ML-5	Mopti
ML-6	Tombouctou
ML-7	Gao
ML-8	Kidal
ML-9	Ménaka Region
ML-BKO	Bamako
MM	Myanmar
MM-01	Sagaing
MM-02	Bago
MM-03	Magway
MM-04	Mandalay
MM-05	Tanintharyi
MM-06	Yangon
MM-07	Ayeyarwady
MM-11	Kachin State
MM-12	Kayah State
MM-13	Kayin State
MM-14	Chin State
MM-15	Mon State
MM-16	Rakhine State
MM-17	Shan State
MM-18	Naypyidaw Union Territory
MN	Mongolia
MN-035	Orkhon
MN-037	Darkhan-Uul
MN-039	Khentii
MN-041	Khövsgöl
MN-043	Khovd
MN-046	Uvs
MN-047	Töv
MN-049	Selenge
MN-051	Sükhbaatar
MN-053	Ömnögovi
MN-055	Övörkhangai
MN-057	Zavkhan
MN-059	Dundgovi
MN-061	Dornod
MN-063	Dornogovi
MN-064	Govisümber
MN-065	Govi-Altai
MN-067	Bulgan
MN-069	Bayankhongor
MN-071	Bayan-Ölgii
MN-073	Arkhangai
MN-1	Ulaanbaatar
MO	Macau
MO-M	Macau
MP	Northern Mariana Islands
MQ	Martinique
MR	Mauritania
MR-01	Hodh Ech Chargui
MR-02	Hodh El Gharbi
MR-03	Assaba
MR-04	Gorgol
MR-05	Brakna
MR-06	Trarza
MR-07	Adrar
MR-08	Dakhlet Nouadhibou
MR-09	Tagant
MR-10	Guidimaka
MR-11	Tiris Zemmour
MR-12	Inchiri
MR-13	Nouakchott West
MR-14	Nouakchott-Nord
MR-15	Nouakchott South
MR-NKC	Nouakchott
MS	Montserrat
MS-A	Saint Anthony
MS-G	Saint George
MS-P	Saint Peter
MT	Malta
MT-01	Attard
MT-02	Balzan
MT-03	Birgu
MT-04	Birkirkara
MT-05	Birżebbuġa
MT-06	Cospicua
MT-07	Dingli
MT-08	Fgura
MT-09	Floriana
MT-10	Fontana
MT-11	Gudja
MT-12	Gżira
MT-13	Għajnsielem
MT-14	Għarb
MT-15	Għargħur
MT-16	Għasri
MT-17	Għaxaq
MT-18	Ħamrun
MT-19	Iklin
MT-20	Senglea
MT-21	Kalkara
MT-22	Kerċem
MT-23	Kirkop
MT-24	Lija
MT-25	Luqa
MT-26	Marsa
MT-27	Marsaskala
MT-28	Marsaxlokk
MT-29	Mdina
MT-30	Mellieħa
MT-31	Mġarr
MT-32	Mosta
MT-33	Mqabba
MT-34	Msida
MT-35	Mtarfa
MT-36	Munxar
MT-37	Nadur
MT-38	Naxxar
MT-39	Paola
MT-40	Pembroke
MT-41	Pietà
MT-42	Qala
MT-43	Qormi
MT-44	Qrendi
MT-45	Victoria
MT-46	Rabat
MT-47	Safi
MT-48	St. Julian's
MT-49	San Ġwann
MT-50	Saint Lawrence
MT-51	St. Paul's Bay
MT-52	Sannat
MT-53	Santa Luċija
MT-54	Santa Venera
MT-55	Siġġiewi
MT-56	Sliema
MT-57	Swieqi
MT-58	Ta' Xbiex
MT-59	Tarxien
MT-60	Valletta
MT-61	Xagħra
MT-62	Xewkija
MT-63	Xgħajra
MT-64	Żabbar
MT-65	Żebbuġ
MT-66	Żebbuġ Gozo
MT-67	Żejtun
MT-68	Żurrieq
MU	Mauritius
MU-AG	Agaléga
MU-BL	Rivière Noire
MU-BR	Beau Bassin-Rose Hill
MU-CC	Cagados Carajos
MU-CU	Curepipe
MU-FL	Flacq
MU-GP	Grand Port
MU-MO	Moka
MU-PA	Pamplemousses
MU-PL	Port Louis
MU-PW	Plaines Wilhems
MU-QB	Quatre Bornes
MU-RO	Rodrigues
MU-RR	Rivière du Rempart
MU-SA	Savanne
MU-VP	Vacoas-Phoenix
MV	Maldives
MV-00	Alif Dhaal Atoll
MV-01	Addu Atoll
MV-02	Alif Alif Atoll
MV-03	Lhaviyani Atoll
MV-04	Vaavu Atoll
MV-05	Laamu Atoll
MV-07	Haa Alif Atoll
MV-08	Thaa Atoll
MV-12	Meemu Atoll
MV-13	Raa Atoll
MV-14	Faafu Atoll
MV-17	Dhaalu Atoll
MV-20	Baa Atoll
MV-23	Haa Dhaalu Atoll
MV-24	Shaviyani Atoll
MV-25	Noonu Atoll
MV-26	Kaafu Atoll
MV-27	Gaafu Alif Atoll
MV-28	Gaafu Dhaalu Atoll
MV-29	Gnaviyani Atoll
MV-CE	Central Province
MV-MLE	Malé
MV-NC	North Central Province
MV-NO	North Province
MV-SC	South Central Province
MV-SU	South Province
MV-UN	Upper North Province
MV-US	Upper South Province
MW	Malawi
MW-BA	Balaka
MW-BL	Blantyre
MW-C	Central Region
MW-CK	Chikwawa
MW-CR	Chiradzulu
MW-CT	Chitipa
MW-DE	Dedza
MW-DO	Dowa
MW-KR	Karonga District
MW-KS	Kasungu
MW-LI	Lilongwe
MW-LK	Likoma
MW-MC	Mchinji
MW-MG	Mangochi
MW-MH	Machinga
MW-MU	Mulanje
MW-MW	Mwanza
MW-MZ	Mzimba
MW-N	Northern Region
MW-NB	Nkhata Bay
MW-NE	Neno
MW-NI	Ntchisi
MW-NK	Nkhotakota
MW-NS	Nsanje
MW-NU	Ntcheu
MW-PH	Phalombe
MW-RU	Rumphi
MW-S	Southern Region
MW-SA	Salima
MW-TH	Thyolo
MW-ZO	Zomba
MX	Mexico
MX-AGU	Aguascalientes
MX-BCN	Baja California
MX-BCS	Baja California Sur
MX-CAM	Campeche
MX-CHH	Chihuahua
MX-CHP	Chiapas
MX-CMX	Mexico City
MX-COA	Coahuila
MX-COL	Colima
MX-DIF	Mexico
MX-DUR	Durango
MX-GRO	Guerrero
MX-GUA	Guanajuato
MX-HID	Hidalgo
MX-JAL	Jalisco
MX-MEX	State of Mexico
MX-MIC	Michoacán
MX-MOR	Morelos
MX-NAY	Nayarit
MX-NLE	Nuevo León
MX-OAX	Oaxaca
MX-PUE	Puebla
MX-QUE	Querétaro
MX-ROO	Quintana Roo
MX-SIN	Sinaloa
MX-SLP	San Luis Potosí
MX-SON	Sonora
MX-TAB	Tabasco
MX-TAM	Tamaulipas
MX-TLA	Tlaxcala
MX-VER	Veracruz
MX-YUC	Yucatán
MX-ZAC	Zacatecas
MY	Malaysia
MY-01	Johor
MY-02	Kedah
MY-03	Kelantan
MY-04	Melaka
MY-05	Negeri Sembilan
MY-06	Pahang
MY-07	Penang
MY-08	Perak
MY-09	Perlis
MY-10	Selangor
MY-11	Terengganu
MY-12	Sabah
MY-13	Sarawak
MY-14	Kuala Lumpur
MY-15	Labuan
MY-16	Putrajaya
MZ	Mozambique
MZ-A	Niassa
MZ-B	Manica
MZ-G	Gaza
MZ-I	Inhambane
MZ-L	Maputo
MZ-MPM	Maputo
MZ-N	Nampula
MZ-P	Cabo Delgado
MZ-Q	Zambezia
MZ-S	Sofala
MZ-T	Tete
NA	Namibia
NA-CA	Zambezi
NA-ER	Erongo
NA-HA	Hardap
NA-KA	Karas
NA-KE	Kavango East Region
NA-KH	Khomas
NA-KU	Kunene
NA-KW	Kavango West Region
NA-OD	Otjozondjupa
NA-OH	Omaheke
NA-OK	Kavango
NA-ON	Oshana
NA-OS	Omusati
NA-OT	Oshikoto
NA-OW	Ohangwena
NC	New Caledonia
NE	Niger
NE-1	Agadez
NE-2	Diffa
NE-3	Dosso
NE-4	Maradi
NE-5	Tahoua
NE-6	Tillabéri
NE-7	Zinder
NE-8	Niamey
NF	Norfolk Island
NG	Nigeria
NG-AB	Abia State
NG-AD	Adamawa State
NG-AK	Akwa Ibom State
NG-AN	Anambra State
NG-BA	Bauchi State
NG-BE	Benue State
NG-BO	Borno State
NG-BY	Bayelsa State
NG-CR	Cross River State
NG-DE	Delta State
NG-EB	Ebonyi State
NG-ED	Edo State
NG-EK	Ekiti State
NG-EN	Enugu State
NG-FC	Federal Capital Territory
NG-GO	Gombe State
NG-IM	Imo State
NG-JI	Jigawa State
NG-KD	Kaduna State
NG-KE	Kebbi State
NG-KN	Kano State
NG-KO	Kogi State
NG-KT	Katsina State
NG-KW	Kwara State
NG-LA	Lagos
NG-NA	Nasarawa State
NG-NI	Niger State
NG-OG	Ogun State
NG-ON	Ondo State
NG-OS	Osun State
NG-OY	Oyo State
NG-PL	Plateau State
NG-RI	Rivers State
NG-SO	Sokoto State
NG-TA	Taraba State
NG-YO	Yobe State
NG-ZA	Zamfara State
NI	Nicaragua
NI-AN	North Caribbean Coast
NI-AS	South Caribbean Coast
NI-BO	Boaco
NI-CA	Carazo
NI-CI	Chinandega
NI-CO	Chontales
NI-ES	Estelí
NI-GR	Granada
NI-JI	Jinotega
NI-LE	León
NI-MD	Madriz
NI-MN	Managua
NI-MS	Masaya
NI-MT	Matagalpa
NI-NS	Nueva Segovia
NI-RI	Rivas
NI-SJ	Río San Juan
NI-ZC	Zelaya Central Department
NI-ZE	Zelaya Department
NL	Netherlands
NL-AW	Aruba
NL-BQ1	Bonaire
NL-BQ2	Saba
NL-BQ3	Sint Eustatius
NL-CW	Curaçao
NL-DR	Drenthe
NL-FL	Flevoland
NL-FR	Friesland
NL-GE	Gelderland
NL-GR	Groningen
NL-LI	Limburg
NL-NB	North Brabant
NL-NH	North Holland
NL-OV	Overijssel
NL-SX	Sint Maarten
NL-UT	Utrecht
NL-ZE	Zeeland
NL-ZH	South Holland
NO	Norway
NO-01	Østfold
NO-02	Akershus
NO-03	Oslo
NO-04	Hedmark
NO-05	Oppland
NO-06	Buskerud
NO-07	Vestfold
NO-08	Telemark
NO-09	Aust-Agder
NO-10	Vest-Agder
NO-11	Rogaland
NO-12	Hordaland
NO-14	Sogn og Fjordane
NO-15	Møre og Romsdal
NO-16	Sør-Trøndelag
NO-17	Nord-Trøndelag
NO-18	Nordland
NO-19	Troms
NO-20	Finnmark
NO-21	Svalbard
NO-22	Jan Mayen
NO-30	Viken
NO-31	Østfold
NO-32	Akershus
NO-33	Buskerud
NO-34	Innlandet
NO-38	Vestfold og Telemark
NO-39	Vestfold
NO-40	Telemark
NO-42	Agder
NO-46	Vestland
NO-50	Trøndelag
NO-54	Troms og Finnmark
NO-55	Troms
NO-56	Finnmark
NP	Nepal
NP-1	Central Development Region
NP-2	Mid-Western Development Region
NP-3	Western Development Region
NP-4	Eastern Development Region
NP-5	Far-Western Development Region
NP-BA	Bagmati Zone
NP-BH	Bheri Zone
NP-DH	Dhaulagiri Zone
NP-GA	Gandaki Zone
NP-JA	Janakpur Zone
NP-KA	Karnali Zone
NP-KO	Bhojpur
NP-LU	Lumbini Zone
NP-MA	Mahakali Zone
NP-ME	Mechi Zone
NP-NA	Narayani Zone
NP-P1	Koshi Province
NP-P2	Madhesh Province
NP-P3	Bagmati Province
NP-P5	Lumbini Province
NP-P6	Karnali Province
NP-P7	Sudurpashchim Province
NP-RA	Rapti Zone
NP-SA	Sagarmatha Zone
NP-SE	Seti Zone
NR	Nauru
NR-01	Aiwo
NR-02	Anabar
NR-03	Anetan
NR-04	Anibare
NR-05	Baiti
NR-06	Boe
NR-07	Buada
NR-08	Denigomodu
NR-09	Ewa
NR-10	Ijuw
NR-11	Meneng
NR-12	Nibok
NR-13	Uaboe
NR-14	Yaren
NU	Niue
NZ	New Zealand
NZ-AUK	Auckland
NZ-BOP	Bay of Plenty
NZ-CAN	Canterbury
NZ-CIT	Chatham Islands
NZ-GIS	Gisborne
NZ-HKB	Hawke's Bay
NZ-MBH	Marlborough
NZ-MWT	Manawatū-Whanganui
NZ-N	North Island
NZ-NSN	Nelson
NZ-NTL	Northland
NZ-OTA	Otago
NZ-S	South Island
NZ-STL	Southland
NZ-TAS	Tasman
NZ-TKI	Taranaki
NZ-WGN	Wellington
NZ-WKO	Waikato
NZ-WTC	West Coast
OM	Oman
OM-BA	Al Batinah North
OM-BJ	Al Batinah South
OM-BS	Al Batinah North Governorate
OM-BU	Al Buraimi
OM-DA	Ad Dakhiliyah
OM-MA	Muscat
OM-MU	Musandam
OM-SH	Ash Sharqiyah
OM-SJ	Ash Sharqiyah South Governorate
OM-SS	Ash Sharqiyah North
OM-WU	Al Wusta
OM-ZA	Ad Dhahirah
OM-ZU	Dhofar
PA	Panama
PA-1	comarca Ngäbe-Buglé
PA-10	Panamá Oeste Province
PA-2	Coclé
PA-3	Colón
PA-4	Chiriquí
PA-5	Darién
PA-6	Herrera
PA-7	Los Santos
PA-8	Panamá
PA-9	Veraguas
PA-EM	Emberá-Wounaan Comarca
PA-KY	Guna Yala
PA-NB	Ngöbe-Buglé Comarca
PA-NT	Naso Tjër-Di Region
PE	Peru
PE-AMA	Amazonas
PE-ANC	Áncash
PE-APU	Apurímac
PE-ARE	Arequipa
PE-AYA	Ayacucho
PE-CAJ	Cajamarca
PE-CAL	Callao
PE-CUS	Cusco Departament
PE-HUC	Huanuco
PE-HUV	Huancavelica
PE-ICA	Ica
PE-JUN	Junín
PE-LAL	La Libertad
PE-LAM	Lambayeque
PE-LIM	Lima
PE-LMA	Lima
PE-LOR	Loreto
PE-MDD	Madre de Dios
PE-MOQ	Moquegua
PE-PAS	Pasco
PE-PIU	Piura
PE-PUN	Puno
PE-SAM	San Martín
PE-TAC	Tacna
PE-TUM	Tumbes
PE-UCA	Ucayali
PF	French Polynesia
PG	Papua New Guinea
PG-CPK	Chimbu
PG-CPM	Central
PG-EBR	East New Britain
PG-EHG	Eastern Highlands
PG-EPW	Enga
PG-ESW	East Sepik
PG-GPK	Gulf
PG-HLA	Hela Province
PG-JWK	Jiwaka Province
PG-MBA	Milne Bay
PG-MPL	Morobe
PG-MPM	Madang
PG-MRL	Manus
PG-NCD	Port Moresby
PG-NIK	New Ireland
PG-NPP	Oro
PG-NSB	of Bougainville
PG-SAN	Sandaun
PG-SHM	Southern Highlands
PG-WBK	West New Britain
PG-WHM	Western Highlands
PG-WPD	Western
PH	Philippines
PH-00	Metro Manila
PH-01	Ilocos Region
PH-02	Cagayan Valley
PH-03	Central Luzon
PH-05	Bicol Region
PH-06	Western Visayas
PH-07	Central Visayas
PH-08	Eastern Visayas
PH-09	Zamboanga Peninsula
PH-10	Northern Mindanao
PH-11	Davao Region
PH-12	Soccsksargen
PH-13	Caraga
PH-14	Autonomous Region in Muslim Mindanao
PH-15	Cordillera Administrative Region
PH-40	PH-40
PH-41	PH-41
PH-ABR	Abra
PH-AGN	Agusan del Norte
PH-AGS	Agusan del Sur
PH-AKL	Aklan
PH-ALB	Albay
PH-ANT	Antique
PH-APA	Apayao
PH-AUR	Aurora
PH-BAN	Bataan
PH-BAS	Basilan
PH-BCD	Bacolod
PH-BEN	Benguet
PH-BIL	Biliran
PH-BOH	Bohol
PH-BTG	Batangas
PH-BTN	Batanes
PH-BUK	Bukidnon
PH-BUL	Bulacan
PH-CAG	Cagayan
PH-CAM	Camiguin
PH-CAN	Camarines Norte
PH-CAP	Capiz
PH-CAS	Camarines Sur
PH-CAT	Catanduanes
PH-CAV	Cavite
PH-CEB	Cebu
PH-COM	Davao de Oro
PH-DAO	Davao Oriental
PH-DAS	Davao del Sur
PH-DAV	Davao del Norte
PH-DIN	Dinagat Islands
PH-DVO	Davao Occidental
PH-EAS	Eastern Samar
PH-GUI	Guimaras
PH-IFU	Ifugao
PH-ILI	Iloilo
PH-ILN	Ilocos Norte
PH-ILS	Ilocos Sur
PH-ISA	Isabela
PH-KAL	Kalinga
PH-LAG	Laguna
PH-LAN	Iligan
PH-LAP	Lapu-Lapu
PH-LAS	Lanao del Sur
PH-LEY	Leyte
PH-LUN	La Union
PH-MAD	Marinduque
PH-MAG	Maguindanao
PH-MAS	Masbate
PH-MDC	Occidental Mindoro
PH-MDE	Mandaue
PH-MDR	Oriental Mindoro
PH-MGN	Maguindanao del Norte
PH-MGS	Maguindanao del Sur
PH-MNL	Las Pinas
PH-MOU	Mountain
PH-MSC	Misamis Occidental
PH-MSR	Misamis Oriental
PH-NCO	Cotabato
PH-NEC	Negros Occidental
PH-NER	Negros Oriental
PH-NSA	Northern Samar
PH-NUE	Nueva Ecija
PH-NUV	Nueva Vizcaya
PH-PAM	Pampanga
PH-PAN	Pangasinan
PH-PLW	Palawan
PH-QUE	Quezon
PH-QUI	Quirino
PH-RIZ	Rizal
PH-ROM	Romblon
PH-SAR	Sarangani
PH-SCO	General Santos
PH-SIG	Siquijor
PH-SLE	Southern Leyte
PH-SLU	Sulu
PH-SOR	Sorsogon
PH-SUK	Sultan Kudarat
PH-SUN	Dinagat Islands
PH-SUR	Surigao del Sur
PH-TAR	Tarlac
PH-TAW	Tawi-Tawi
PH-WSA	Samar
PH-ZAN	Zamboanga del Norte
PH-ZAS	Zamboanga del Sur
PH-ZMB	Olongapo
PH-ZSI	Zamboanga Sibugay
PK	Pakistan
PK-BA	Balochistan
PK-GB	Gilgit-Baltistan
PK-IS	Islamabad Capital Territory
PK-JK	Azad Kashmir
PK-KP	Khyber Pakhtunkhwa
PK-PB	Punjab
PK-SD	Sindh
PK-TA	Federally Administered Tribal Areas
PL	Poland
PL-02	Lower Silesian Voivodeship
PL-04	Kuyavian-Pomeranian Voivodeship
PL-06	Lublin Voivodeship
PL-08	Lubusz Voivodeship
PL-10	Łódź Voivodeship
PL-12	Lesser Poland Voivodeship
PL-14	Masovian Voivodeship
PL-16	Opole Voivodeship
PL-18	Podkarpackie Voivodeship
PL-20	Podlaskie Voivodeship
PL-22	Pomeranian Voivodeship
PL-24	Silesian Voivodeship
PL-26	Świętokrzyskie Voivodeship
PL-28	Warmian-Masurian Voivodeship
PL-30	Greater Poland Voivodeship
PL-32	West Pomeranian Voivodeship
PL-DS	Lower Silesian Voivodeship
PL-KI	Kielce
PL-KP	Kuyavian-Pomeranian Voivodeship
PL-LB	Lubusz Voivodeship
PL-LD	Łódź Voivodeship
PL-LU	Lublin Voivodeship
PL-MA	Lesser Poland Voivodeship
PL-MZ	Masovian Voivodeship
PL-OP	Opole Voivodeship
PL-PD	Podlaskie Voivodeship
PL-PK	Podkarpackie Voivodeship
PL-PM	Pomeranian Voivodeship
PL-SK	Świętokrzyskie Voivodeship
PL-SL	Silesian Voivodeship
PL-WN	Warmian-Masurian Voivodeship
PL-WP	Greater Poland Voivodeship
PL-ZP	West Pomeranian Voivodeship
PM	Saint Pierre and Miquelon
PN	Pitcairn Islands
PR	Puerto Rico
PS	Palestine
PS-BTH	Bethlehem Governorate
PS-DEB	Deir al-Balah Governorate
PS-GZA	Gaza Governorate
PS-GZZ	Gaza
PS-HBN	Hebron Governorate
PS-JEM	Quds Governorate
PS-JEN	Jenin Governorate
PS-JRH	Jericho Governorate
PS-KYS	Khan Yunis Governorate
PS-NBS	Nablus Governorate
PS-NGZ	North Gaza Governorate
PS-QQA	Qalqilya Governorate
PS-RBH	Ramallah and al-Bireh Governorate
PS-RFH	Rafah Governorate
PS-SLT	Salfit Governorate
PS-TBS	Tubas Governorate
PS-TKM	Tulkarm Governorate
PS-WBK	West Bank
PT	Portugal
PT-01	Aveiro
PT-02	Beja
PT-03	Braga
PT-04	Bragança
PT-05	Castelo Branco
PT-06	Coimbra
PT-07	Évora
PT-08	Faro
PT-09	Guarda
PT-10	Leiria
PT-11	Lisbon
PT-12	Portalegre
PT-13	Porto
PT-14	Santarém
PT-15	Setúbal
PT-16	Viana do Castelo
PT-17	Vila Real
PT-18	Viseu
PT-20	Azores
PT-30	Madeira
PW	Palau
PW-002	Aimeliik
PW-004	Airai
PW-010	Angaur
PW-050	Hatohobei
PW-100	Kayangel
PW-150	Koror
PW-212	Melekeok
PW-214	Ngaraard
PW-218	Ngarchelong
PW-222	Ngardmau
PW-224	Ngatpang
PW-226	Ngchesar
PW-227	Ngeremlengui
PW-228	Ngiwal
PW-350	Peleliu
PW-370	Sonsorol
PY	Paraguay
PY-1	Concepción
PY-10	Alto Paraná
PY-11	Central
PY-12	Ñeembucú
PY-13	Amambay
PY-14	Canindeyú
PY-15	Presidente Hayes
PY-16	Alto Paraguay
PY-19	Boquerón
PY-2	San Pedro
PY-3	Cordillera
PY-4	Guairá
PY-5	Caaguazú
PY-6	Caazapá
PY-7	Itapúa
PY-8	Misiones
PY-9	Paraguarí
PY-ASU	Asunción
QA	Qatar
QA-DA	Doha
QA-KH	Al Khor
QA-MS	Madinat ash Shamal
QA-RA	Al Rayyan
QA-SH	Al-Shahaniya
QA-US	Umm Salal
QA-WA	Al Wakrah
QA-ZA	Al Daayen
RE	Réunion
RO	Romania
RO-AB	Alba
RO-AG	Argeș
RO-AR	Arad
RO-B	Bucharest
RO-BC	Bacău
RO-BH	Bihor
RO-BN	Bistrița-Năsăud
RO-BR	Brăila
RO-BT	Botoșani
RO-BV	Brașov
RO-BZ	Buzău
RO-CJ	Cluj
RO-CL	Călărași
RO-CS	Caraș-Severin
RO-CT	Constanța
RO-CV	Covasna
RO-DB	Dâmbovița
RO-DJ	Dolj
RO-GJ	Gorj
RO-GL	Galați
RO-GR	Giurgiu
RO-HD	Hunedoara
RO-HR	Harghita
RO-IF	Ilfov
RO-IL	Ialomița
RO-IS	Iași
RO-MH	Mehedinți
RO-MM	Maramureș
RO-MS	Mureș
RO-NT	Neamț
RO-OT	Olt
RO-PH	Prahova
RO-SB	Sibiu
RO-SJ	Sălaj
RO-SM	Satu Mare
RO-SV	Suceava
RO-TL	Tulcea
RO-TM	Timiș
RO-TR	Teleorman
RO-VL	Vâlcea
RO-VN	Vrancea
RO-VS	Vaslui
RS	Serbia
RS-00	Belgrade
RS-01	North Bačka
RS-02	Central Banat
RS-03	North Banat
RS-04	South Banat
RS-05	West Bačka
RS-06	South Bačka
RS-07	Srem
RS-08	Mačva
RS-09	Kolubara
RS-10	Podunavlje
RS-11	Braničevo
RS-12	Šumadija
RS-13	Pomoravski
RS-14	Bor
RS-15	Zaječar
RS-16	Zlatibor
RS-17	Moravica
RS-18	Raška
RS-19	Rasina
RS-20	Nišava
RS-21	Toplica
RS-22	Pirot
RS-23	Jablanica
RS-24	Pčinja
RS-25	Kosovo District
RS-26	Peć District
RS-27	Prizren District (Serbia)
RS-28	Kosovska Mitrovica District
RS-29	Kosovo-Pomoravlje District
RS-KM	Kosovo and Metohija
RS-VO	Vojvodina
RU	Russia
RU-AD	Republic of Adygea
RU-AL	Altai Republic
RU-ALT	Altai Republic
RU-AMU	Amur
RU-ARK	Arkhangelsk
RU-AST	Astrakhan
RU-BA	Bashkortostan
RU-BEL	Belgorod
RU-BRY	Bryansk
RU-BU	Republic of Buryatia
RU-CE	Chechen Republic
RU-CHE	Chelyabinsk
RU-CHU	Chukotka Autonomous Okrug
RU-CU	Chuvash Republic
RU-DA	Republic of Dagestan
RU-IN	Republic of Ingushetia
RU-IRK	Irkutsk
RU-IVA	Ivanovo
RU-KAM	Kamchatka Krai
RU-KB	Kabardino-Balkaria
RU-KC	Karachay-Cherkess Republic
RU-KDA	Krasnodar Krai
RU-KEM	Kemerovo
RU-KGD	Kaliningrad
RU-KGN	Kurgan
RU-KHA	Khabarovsk Krai
RU-KHM	Khanty-Mansi Autonomous Okrug
RU-KIR	Kirov
RU-KK	Republic of Khakassia
RU-KL	Republic of Kalmykia
RU-KLU	Kaluga
RU-KO	Komi Republic
RU-KOS	Kostroma
RU-KR	Karelia
RU-KRS	Kursk
RU-KYA	Krasnoyarsk Krai
RU-LEN	Leningrad
RU-LIP	Lipetsk
RU-MAG	Magadan
RU-ME	Mari El Republic
RU-MO	Republic of Mordovia
RU-MOS	Moscow
RU-MOW	Moscow
RU-MUR	Murmansk
RU-NEN	Nenets Autonomous Okrug
RU-NGR	Novgorod
RU-NIZ	Nizhny Novgorod
RU-NVS	Novosibirsk
RU-OMS	Omsk
RU-ORE	Orenburg
RU-ORL	Oryol
RU-PER	Perm Krai
RU-PNZ	Penza
RU-PRI	Primorsky Krai
RU-PSK	Pskov
RU-ROS	Rostov
RU-RYA	Ryazan
RU-SA	Sakha Republic
RU-SAK	Sakhalin
RU-SAM	Samara
RU-SAR	Saratov
RU-SE	Republic of North Ossetia-Alania
RU-SMO	Smolensk
RU-SPE	Saint Petersburg
RU-STA	Stavropol Krai
RU-SVE	Sverdlovsk
RU-TA	Republic of Tatarstan
RU-TAM	Tambov
RU-TOM	Tomsk
RU-TUL	Tula
RU-TVE	Tver
RU-TY	Tuva Republic
RU-TYU	Tyumen
RU-UD	Udmurt Republic
RU-ULY	Ulyanovsk
RU-VGG	Volgograd
RU-VLA	Vladimir
RU-VLG	Vologda
RU-VOR	Voronezh
RU-YAN	Yamalo-Nenets Autonomous Okrug
RU-YAR	Yaroslavl
RU-YEV	Jewish
RU-ZAB	Zabaykalsky Krai
RW	Rwanda
RW-01	Kigali
RW-02	Eastern
RW-03	Northern
RW-04	Western
RW-05	Southern
SA	Saudi Arabia
SA-01	Riyadh
SA-02	Makkah
SA-03	Al Madinah
SA-04	Eastern
SA-05	Al-Qassim
SA-06	Ha'il
SA-07	Tabuk
SA-08	Northern Borders
SA-09	Jazan
SA-10	Najran
SA-11	Al-Baha
SA-12	Al-Jowf
SA-14	'Asir
SB	Solomon Islands
SB-CE	Central
SB-CH	Western
SB-CT	Honiara
SB-GU	Guadalcanal
SB-IS	Isabel
SB-MK	Makira-Ulawa
SB-ML	Malaita
SB-RB	Rennell and Bellona
SB-TE	Temotu
SB-WE	Western Province
SC	Seychelles
SC-01	Anse-aux-Pins
SC-02	Anse Boileau
SC-03	Anse Etoile
SC-04	Au Cap
SC-05	Anse Royale
SC-06	Baie Lazare
SC-07	Baie Sainte Anne
SC-08	Beau Vallon
SC-09	Bel Air
SC-10	Bel Ombre
SC-11	Cascade
SC-12	Glacis
SC-13	Grand'Anse Praslin
SC-14	Grand'Anse Praslin
SC-15	La Digue
SC-16	La Rivière Anglaise
SC-17	Mont Buxton
SC-18	Mont Fleuri
SC-19	Plaisance
SC-20	Pointe La Rue
SC-21	Port Glaud
SC-22	Saint Louis
SC-23	Takamaka
SC-24	Les Mamelles
SC-25	Roche Caiman
SC-26	Ile Perseverance I
SC-27	Ile Perseverance II
SD	Sudan
SD-DC	Central Darfur
SD-DE	Central Darfur
SD-DN	North Darfur
SD-DS	South Darfur
SD-DW	West Soudan
SD-GD	Al Qadarif
SD-GK	West Kordofan
SD-GZ	Al Jazirah
SD-KA	Kassala
SD-KH	Khartoum
SD-KN	North Kordofan
SD-KS	South Kordofan
SD-NB	Blue Nile
SD-NO	Northern
SD-NR	River Nile
SD-NW	White Nile
SD-RS	Red Sea
SD-SI	Sennar
SE	Sweden
SE-AB	Stockholm
SE-AC	Västerbotten
SE-BD	Norrbotten
SE-C	Uppsala
SE-D	Södermanland
SE-E	Östergötland
SE-F	Jönköping
SE-G	Kronoberg
SE-H	Kalmar
SE-I	Gotland
SE-K	Blekinge
SE-M	Skåne
SE-N	Halland
SE-O	Västra Götaland
SE-S	Värmland
SE-T	Örebro
SE-U	Västmanland
SE-W	Dalarna
SE-X	Gävleborg
SE-Y	Västernorrland
SE-Z	Jämtland
SG	Singapore
SG-01	Central Singapore Community Development Council
SG-02	North East Community Development Council
SG-03	North West
SG-04	South East Community Development Council
SG-05	South West Community Development Council
SH	Saint Helena
SH-AC	Ascension
SH-HL	Saint Helena
SH-TA	Tristan da Cunha
SI	Slovenia
SI-001	Ajdovščina
SI-002	Beltinci
SI-003	Bled
SI-004	Bohinj
SI-005	Borovnica
SI-006	Bovec
SI-007	Brda
SI-008	Brezovica
SI-009	Brežice
SI-010	Municipality of Tišina
SI-011	Celje
SI-012	Cerklje na Gorenjskem
SI-013	Cerknica
SI-014	Cerkno
SI-015	Črenšovci
SI-016	Črna na Koroškem
SI-017	Črnomelj
SI-018	Destrnik
SI-019	Divača
SI-020	Dobrepolje
SI-021	Dobrova–Polhov Gradec
SI-022	Dol pri Ljubljani
SI-023	Domžale
SI-024	Dornava
SI-025	Dravograd
SI-026	Duplek
SI-027	Občina Gorenja vas-Poljane
SI-028	Gorišnica
SI-029	Gornja Radgona
SI-030	Gornji Grad
SI-031	Gornji Petrovci
SI-032	Grosuplje
SI-033	Šalovci
SI-034	Hrastnik
SI-035	Hrpelje-Kozina
SI-036	Idrija
SI-037	Ig
SI-038	Ilirska Bistrica
SI-039	Ivančna Gorica
SI-040	Izola
SI-041	Jesenice
SI-042	Juršinci
SI-043	Kamnik
SI-044	Kanal ob Soči
SI-045	Kidričevo
SI-046	Kobarid
SI-047	Kobilje
SI-048	Kočevje
SI-049	Komen
SI-05	Zagorje ob Savi
SI-050	Koper
SI-051	Kozje
SI-052	Kranj
SI-053	Kranjska Gora
SI-054	Krško
SI-055	Kungota
SI-056	Kuzma
SI-057	Laško
SI-058	Lenart
SI-059	Lendava
SI-060	Litija
SI-061	Ljubljana
SI-062	Ljubno
SI-063	Ljutomer
SI-064	Logatec
SI-065	Loška Dolina
SI-066	Loški Potok
SI-067	Luče
SI-068	Lukovica
SI-069	Majšperk
SI-070	Maribor
SI-071	Medvode
SI-072	Mengeš
SI-073	Metlika
SI-074	Mežica
SI-075	Miren–Kostanjevica
SI-076	Mislinja
SI-077	Moravče
SI-078	Moravske Toplice
SI-079	Mozirje
SI-080	Murska Sobota
SI-081	Muta
SI-082	Naklo
SI-083	Nazarje
SI-084	Nova Gorica
SI-085	Novo Mesto
SI-086	Odranci
SI-087	Ormož
SI-088	Municipality of Osilnica
SI-089	Pesnica
SI-090	Piran
SI-091	Pivka
SI-092	Podčetrtek
SI-093	Podvelka
SI-094	Postojna
SI-095	Preddvor
SI-096	Ptuj
SI-097	Puconci
SI-098	Rače–Fram
SI-099	Radeče
SI-100	Radenci
SI-101	Radlje ob Dravi
SI-102	Radovljica
SI-103	Ravne na Koroškem
SI-104	Ribnica
SI-105	Rogašovci
SI-106	Rogaška Slatina
SI-107	Rogatec
SI-108	Ruše
SI-109	Semič
SI-110	Sevnica
SI-111	Sežana
SI-112	Slovenj Gradec
SI-113	Slovenska Bistrica
SI-114	Slovenske Konjice
SI-115	Starše
SI-116	Sveti Jurij ob Ščavnici
SI-117	Šenčur
SI-118	Šentilj
SI-119	Šentjernej
SI-120	Šentjur
SI-121	Škocjan
SI-122	Škofja Loka
SI-123	Škofljica
SI-124	Šmarje pri Jelšah
SI-125	Šmartno ob Paki
SI-126	Šoštanj
SI-127	Štore
SI-128	Tolmin
SI-129	Trbovlje
SI-130	Trebnje
SI-131	Tržič
SI-132	Turnišče
SI-133	Velenje
SI-134	Velike Lašče
SI-135	Videm
SI-136	Vipava
SI-137	Vitanje
SI-138	Vodice
SI-139	Vojnik
SI-140	Vrhnika
SI-141	Vuzenica
SI-142	Zagorje ob Savi Municipality
SI-143	Zavrč
SI-144	Zreče
SI-146	Železniki
SI-147	Žiri
SI-148	Benedikt
SI-149	Bistrica ob Sotli
SI-150	Bloke
SI-151	Braslovče
SI-152	Cankova
SI-153	Cerkvenjak
SI-154	Dobje
SI-155	Dobrna
SI-156	Dobrovnik
SI-157	Dolenjske Toplice
SI-158	Grad
SI-159	Hajdina
SI-160	Hoče-Slivnica
SI-161	Hodoš
SI-162	Horjul
SI-163	Jezersko
SI-164	Komenda
SI-165	Kostel
SI-166	Križevci
SI-167	Lovrenc na Pohorju
SI-168	Markovci
SI-169	Miklavž na Dravskem Polju
SI-170	Mirna Peč
SI-171	Oplotnica
SI-172	Podlehnik
SI-173	Polzela
SI-174	Prebold
SI-175	Prevalje
SI-176	Razkrižje
SI-177	Ribnica na Pohorju
SI-178	Selnica ob Dravi
SI-179	Sodražica
SI-180	Solčava
SI-181	Sveta Ana
SI-182	Sveti Andraž v Slovenskih Goricah
SI-183	Šempeter–Vrtojba
SI-184	Tabor
SI-185	Trnovska Vas
SI-186	Trzin
SI-187	Velika Polana
SI-188	Veržej
SI-189	Vransko
SI-190	Žalec
SI-191	Žetale
SI-192	Žirovnica
SI-193	Žužemberk
SI-194	Šmartno pri Litiji
SI-195	Apače
SI-196	Municipality of Cirkulane
SI-197	Municipality of Kostanjevica na Krki
SI-198	Municipality of Makole
SI-199	Mokronog-Trebelno Municipality
SI-200	Municipality of Poljčane
SI-201	Municipality of Renče–Vogrsko
SI-202	Municipality of Središče ob Dravi
SI-203	Municipality of Straža
SI-204	Municipality of Sveta Trojica v Slovenskih Goricah
SI-205	Municipality of Sveti Tomaž
SI-206	Municipality of Šmarješke Toplice
SI-207	Municipality of Gorje
SI-208	Municipality of Log–Dragomer
SI-209	Municipality of Rečica ob Savinji
SI-210	Municipality of Sveti Jurij v Slovenskih Goricah
SI-211	Municipality of Šentrupert
SI-212	Mirna Municipality
SI-213	Ankaran Municipality
SJ	Svalbard
SK	Slovakia
SK-BC	Banská Bystrica
SK-BL	Bratislava
SK-KI	Košice
SK-NI	Nitra
SK-PV	Prešov
SK-TA	Trnava
SK-TC	Trenčín
SK-ZI	Žilina
SL	Sierra Leone
SL-E	Eastern
SL-N	Northern
SL-NW	North West Province
SL-S	Southern
SL-W	Western Area
SM	San Marino
SM-01	Acquaviva
SM-02	Chiesanuova
SM-03	Domagnano
SM-04	Faetano
SM-05	Fiorentino
SM-06	Borgo Maggiore
SM-07	San Marino
SM-08	Montegiardino
SM-09	Serravalle
SN	Senegal
SN-DB	Diourbel
SN-DK	Dakar
SN-FK	Fatick
SN-KA	Kaffrine
SN-KD	Kolda
SN-KE	Kédougou
SN-KL	Kaolack
SN-LG	Louga
SN-MT	Matam
SN-SE	Sédhiou
SN-SL	Saint-Louis
SN-TC	Tambacounda
SN-TH	Thiès
SN-ZG	Ziguinchor
SO	Somalia
SO-AW	Awdal Region
SO-BK	Bakool
SO-BN	Banaadir
SO-BR	Bari
SO-BY	Bay
SO-GA	Galguduud
SO-GE	Gedo
SO-HI	Hiran
SO-JD	Middle Juba
SO-JH	Lower Juba
SO-MU	Mudug
SO-NU	Nugal
SO-SD	Middle Shebelle
SO-SH	Lower Shebelle
SO-SO	Sool
SO-TO	Togdheer Region
SO-WO	Maroodi Jeeh
SR	Suriname
SR-BR	Brokopondo
SR-CM	Commewijne
SR-CR	Coronie
SR-MA	Marowijne
SR-NI	Nickerie
SR-PM	Paramaribo
SR-PR	Para
SR-SA	Saramacca
SR-SI	Sipaliwini
SR-WA	Wanica
SS	South Sudan
SS-BN	Northern Bahr el Ghazal
SS-BW	Western Bahr el Ghazal
SS-EC	Central Equatoria
SS-EE	Eastern Equatoria
SS-EW	Western Equatoria
SS-JG	Jonglei
SS-LK	Lakes
SS-NU	Upper Nile
SS-UY	Unity
SS-WR	Warrap
ST	São Tomé and Príncipe
ST-01	Água Grande
ST-02	Cantagalo
ST-03	Caué
ST-04	Lembá
ST-05	Lobata
ST-06	Mé-Zóchi
ST-P	Príncipe
ST-S	São Tomé
SV	El Salvador
SV-AH	Ahuachapán
SV-CA	Cabañas
SV-CH	Chalatenango
SV-CU	Cuscatlán
SV-LI	La Libertad
SV-MO	Morazán
SV-PA	La Paz
SV-SA	Santa Ana
SV-SM	San Miguel
SV-SO	Sonsonate
SV-SS	San Salvador
SV-SV	San Vicente
SV-UN	La Unión
SV-US	Usulután
SX	Sint Maarten
SY	Syria
SY-DI	Damascus
SY-DR	Daraa
SY-DY	Deir ez-Zor
SY-HA	Al-Hasakah
SY-HI	Homs
SY-HL	Aleppo
SY-HM	Hama
SY-ID	Idlib
SY-LA	Latakia
SY-QU	Quneitra
SY-RA	Al-Raqqah
SY-RD	Rif Dimashq
SY-SU	As-Suwayda
SY-TA	Tartus
SZ	Eswatini
SZ-HH	Hhohho
SZ-LU	Lubombo
SZ-MA	Manzini
SZ-SH	Shiselweni
TC	Turks and Caicos Islands
TD	Chad
TD-BA	Batha
TD-BG	Bahr el Gazel
TD-BO	Borkou
TD-CB	Chari-Baguirmi
TD-EE	Ennedi-Est
TD-EN	Ennedi Region
TD-EO	Ennedi-Ouest
TD-GR	Guéra
TD-HL	Hadjer-Lamis
TD-KA	Kanem
TD-LC	Lac
TD-LO	Logone Occidental
TD-LR	Logone Oriental
TD-MA	Mandoul
TD-MC	Moyen-Chari
TD-ME	Mayo-Kebbi Est
TD-MO	Mayo-Kebbi Ouest
TD-ND	N'Djamena
TD-OD	Ouaddaï
TD-SA	Salamat
TD-SI	Sila
TD-TA	Tandjilé
TD-TI	Tibesti
TD-WF	Wadi Fira
TF	French Southern and Antarctic Lands
TG	Togo
TG-C	Centre
TG-K	Kara
TG-M	Maritime
TG-P	Plateaux
TG-S	Savanes
TH	Thailand
TH-10	Bangkok
TH-11	Samut Prakan
TH-12	Nonthaburi
TH-13	Pathum Thani
TH-14	Phra Nakhon Si Ayutthaya
TH-15	Ang Thong
TH-16	Lopburi
TH-17	Sing Buri
TH-18	Chai Nat
TH-19	Saraburi
TH-20	Chon Buri
TH-21	Rayong
TH-22	Chanthaburi
TH-23	Trat
TH-24	Chachoengsao
TH-25	Prachin Buri
TH-26	Nakhon Nayok
TH-27	Sa Kaeo
TH-30	Nakhon Ratchasima
TH-31	Buri Ram
TH-32	Surin
TH-33	Si Sa Ket
TH-34	Ubon Ratchathani
TH-35	Yasothon
TH-36	Chaiyaphum
TH-37	Amnat Charoen
TH-38	Bueng Kan
TH-39	Nong Bua Lam Phu
TH-40	Khon Kaen
TH-41	Udon Thani
TH-42	Loei
TH-43	Nong Khai
TH-44	Maha Sarakham
TH-45	Roi Et
TH-46	Kalasin
TH-47	Sakon Nakhon
TH-48	Nakhon Phanom
TH-49	Mukdahan
TH-50	Chiang Mai
TH-51	Lamphun
TH-52	Lampang
TH-53	Uttaradit
TH-54	Phrae
TH-55	Nan
TH-56	Phayao
TH-57	Chiang Rai
TH-58	Mae Hong Son
TH-60	Nakhon Sawan
TH-61	Uthai Thani
TH-62	Kamphaeng Phet
TH-63	Tak
TH-64	Sukhothai
TH-65	Phitsanulok
TH-66	Phichit
TH-67	Phetchabun
TH-70	Ratchaburi
TH-71	Kanchanaburi
TH-72	Suphan Buri
TH-73	Nakhon Pathom
TH-74	Samut Sakhon
TH-75	Samut Songkhram
TH-76	Phetchaburi
TH-77	Prachuap Khiri Khan
TH-80	Nakhon Si Thammarat
TH-81	Krabi
TH-82	Phang Nga
TH-83	Phuket
TH-84	Surat Thani
TH-85	Ranong
TH-86	Chumphon
TH-90	Songkhla
TH-91	Satun
TH-92	Trang
TH-93	Phatthalung
TH-94	Pattani
TH-95	Yala
TH-96	Narathiwat
TH-S	Pattaya
TJ	Tajikistan
TJ-DU	Dushanbe
TJ-GB	Gorno-Badakhshan
TJ-KT	Khatlon
TJ-RA	Districts under Central Government Jurisdiction
TJ-SU	Khujand
TK	Tokelau
TL	East Timor
TL-AL	Aileu
TL-AN	Ainaro
TL-BA	Baucau
TL-BO	Bobonaro
TL-CO	Cova Lima
TL-DI	Dili
TL-ER	Ermera
TL-LA	Lautém
TL-LI	Liquiçá
TL-MF	Manufahi
TL-MT	Manatuto
TL-OE	Oe-Cusse Ambeno
TL-VI	Viqueque
TM	Turkmenistan
TM-A	Ahal
TM-B	Balkan
TM-D	Daşoguz
TM-L	Lebap
TM-M	Mary
TM-S	Ashgabat
TN	Tunisia
TN-11	Tunis
TN-12	Ariana Governorate
TN-13	Ben Arous
TN-14	Manouba
TN-21	Nabeul
TN-22	Zaghouan
TN-23	Bizerte
TN-31	Beja
TN-32	Jendouba
TN-33	Kef
TN-34	Siliana
TN-41	Kairouan
TN-42	Kasserine
TN-43	Sidi Bouzid
TN-51	Sousse
TN-52	Monastir
TN-53	Mahdia
TN-61	Sfax
TN-71	Gafsa
TN-72	Tozeur
TN-73	Kebili
TN-81	Gabès
TN-82	Medenine
TN-83	Tataouine
TO	Tonga
TO-01	ʻEua
TO-02	Haʻapai
TO-03	Niuas
TO-04	Tongatapu
TO-05	Vavaʻu
TR	Turkey
TR-01	Adana
TR-02	Adıyaman
TR-03	Afyonkarahisar
TR-04	Ağrı
TR-05	Amasya
TR-06	Ankara
TR-07	Antalya
TR-08	Artvin
TR-09	Aydın
TR-10	Balıkesir
TR-11	Bilecik
TR-12	Bingöl
TR-13	Bitlis
TR-14	Bolu
TR-15	Burdur
TR-16	Bursa
TR-17	Çanakkale
TR-18	Çankırı
TR-19	Çorum
TR-20	Denizli
TR-21	Diyarbakır
TR-22	Edirne
TR-23	Elazığ
TR-24	Erzincan
TR-25	Erzurum
TR-26	Eskişehir
TR-27	Gaziantep
TR-28	Giresun
TR-29	Gümüşhane
TR-30	Hakkâri
TR-31	Hatay
TR-32	Isparta
TR-33	Mersin
TR-34	Istanbul
TR-35	İzmir
TR-36	Kars
TR-37	Kastamonu
TR-38	Kayseri
TR-39	Kırklareli
TR-40	Kırşehir
TR-41	Kocaeli
TR-42	Konya
TR-43	Kütahya
TR-44	Malatya
TR-45	Manisa
TR-46	Kahramanmaraş
TR-47	Mardin
TR-48	Muğla
TR-49	Muş
TR-50	Nevşehir
TR-51	Niğde
TR-52	Ordu
TR-53	Rize
TR-54	Sakarya
TR-55	Samsun
TR-56	Siirt
TR-57	Sinop
TR-58	Sivas
TR-59	Tekirdağ
TR-60	Tokat
TR-61	Trabzon
TR-62	Tunceli
TR-63	Şanlıurfa
TR-64	Uşak
TR-65	Van
TR-66	Yozgat
TR-67	Zonguldak
TR-68	Aksaray
TR-69	Bayburt
TR-70	Karaman
TR-71	Kırıkkale
TR-72	Batman
TR-73	Şırnak
TR-74	Bartın
TR-75	Ardahan
TR-76	Iğdır
TR-77	Yalova
TR-78	Karabük
TR-79	Kilis
TR-80	Osmaniye
TR-81	Düzce
TT	Trinidad and Tobago
TT-ARI	Arima
TT-CHA	Chaguanas
TT-CTT	Couva-Tabaquite-Talparo
TT-DMN	Diego Martin Regional Corporation
TT-ETO	Tobago
TT-MRC	Mayaro-Rio Claro
TT-PED	Penal-Debe Regional Corporation
TT-POS	Port of Spain
TT-PRT	Princes Town
TT-PTF	Point Fortin
TT-RCM	Mayaro-Rio Claro
TT-SFO	San Fernando
TT-SGE	Sangre Grande Regional Corporation
TT-SIP	Siparia Regional Corporation
TT-SJL	San Juan–Laventille
TT-TOB	Tobago
TT-TUP	Tunapuna-Piarco Regional Corporation
TT-WTO	Tobago
TV	Tuvalu
TV-FUN	Funafuti
TV-NIT	Niutao Island Council
TV-NKF	Nukufetau
TV-NKL	Nukulaelae
TV-NMA	Nanumea
TV-NMG	Nanumanga
TV-NUI	Nui
TV-VAI	Vaitupu
TW	Taiwan
TW-CHA	Changhua
TW-CYI	Chiayi
TW-CYQ	Chiayi
TW-HSQ	Hsinchu
TW-HSZ	Hsinchu
TW-HUA	Hualien
TW-ILA	Yilan
TW-KEE	Keelung
TW-KHH	Kaohsiung
TW-KHQ	Kaohsiung County
TW-KIN	Kinmen
TW-LIE	Lienchiang County
TW-MIA	Miaoli
TW-NAN	Nantou
TW-NWT	New Taipei
TW-PEN	Penghu
TW-PIF	Pingtung
TW-TAO	Taoyuan
TW-TNN	Tainan
TW-TNQ	Tainan County
TW-TPE	Taipei
TW-TPQ	New Taipei
TW-TTT	Taitung
TW-TXG	Taichung City
TW-TXQ	Taichung County
TW-YUN	Yunlin
TZ	Tanzania
TZ-01	Arusha
TZ-02	Dar es Salaam
TZ-03	Dodoma
TZ-04	Iringa
TZ-05	Kagera
TZ-06	North Pemba
TZ-07	Unguja North
TZ-08	Kigoma
TZ-09	Kilimanjaro
TZ-10	South Pemba
TZ-11	Unguja South
TZ-12	Lindi
TZ-13	Mara
TZ-14	Mbeya
TZ-15	Mjini Magharibi
TZ-16	Morogoro
TZ-17	Mtwara
TZ-18	Mwanza
TZ-19	Pwani
TZ-20	Rukwa
TZ-21	Ruvuma
TZ-22	Shinyanga
TZ-23	Singida
TZ-24	Tabora
TZ-25	Tanga
TZ-26	Manyara
TZ-27	Geita
TZ-28	Katavi
TZ-29	Njombe
TZ-30	Simiyu
TZ-31	Songwe Region
UA	Ukraine
UA-05	Vinnytsia
UA-07	Volyn
UA-09	Luhansk
UA-12	Dnipropetrovsk
UA-14	Donetsk
UA-18	Zhytomyr
UA-21	Zakarpattia
UA-23	Zaporizhzhia
UA-26	Ivano-Frankivsk
UA-30	Kyiv
UA-32	Kyiv
UA-35	Kirovohrad
UA-40	Sevastopol
UA-43	Autonomous Republic of Crimea
UA-46	Lviv
UA-48	Mykolaiv
UA-51	Odessa
UA-53	Poltava
UA-56	Rivne
UA-59	Sumy
UA-61	Ternopil
UA-63	Kharkiv
UA-65	Kherson
UA-68	Khmelnytskyi
UA-71	Cherkasy
UA-74	Chernihiv
UA-77	Chernivtsi
UG	Uganda
UG-101	Kalangala
UG-102	Kampala
UG-103	Kiboga
UG-104	Luwero
UG-105	Masaka
UG-106	Mpigi
UG-107	Mubende
UG-108	Mukono
UG-109	Nakasongola
UG-110	Rakai
UG-111	Sembabule
UG-112	Kayunga
UG-113	Wakiso
UG-114	Mityana
UG-115	Nakaseke
UG-116	Lyantonde
UG-117	Buikwe
UG-118	Bukomansimbi
UG-119	Butambala
UG-120	Buvuma
UG-121	Gomba
UG-122	Kalungu
UG-123	Kyankwanzi
UG-124	Lwengo
UG-125	Kyotera District
UG-201	Bugiri
UG-202	Busia
UG-203	Iganga
UG-204	Jinja
UG-205	Kamuli
UG-206	Kapchorwa
UG-207	Katakwi
UG-208	Kumi
UG-209	Mbale
UG-210	Pallisa
UG-211	Soroti
UG-212	Tororo
UG-213	Kaberamaido
UG-214	Mayuge
UG-215	Sironko
UG-216	Amuria
UG-217	Budaka
UG-218	Bukwo
UG-219	Butaleja
UG-220	Kaliro
UG-221	Manafwa
UG-222	Namutumba
UG-223	Bududa
UG-224	Bukedea
UG-225	Bulambuli
UG-226	Buyende
UG-227	Kibuku
UG-228	Kween
UG-229	Luuka
UG-230	Namayingo
UG-231	Ngora
UG-232	Serere
UG-233	Butebo District
UG-234	Namisindwa District
UG-237	Kalaki District
UG-301	Adjumani
UG-302	Apac
UG-303	Arua
UG-304	Gulu
UG-305	Kitgum
UG-306	Kotido
UG-307	Lira
UG-308	Moroto
UG-309	Moyo
UG-310	Nebbi
UG-311	Nakapiripirit
UG-312	Pader
UG-313	Yumbe
UG-314	Amolatar
UG-315	Kaabong
UG-316	Koboko
UG-317	Abim
UG-318	Dokolo
UG-319	Amuru
UG-320	Maracha
UG-321	Oyam
UG-322	Agago
UG-323	Alebtong
UG-324	Amudat
UG-325	Buhweju
UG-326	Kole
UG-327	Lamwo
UG-328	Napak
UG-329	Nwoya
UG-330	Otuke
UG-331	Zombo
UG-332	Pakwach District
UG-335	Karenga District
UG-336	Madi-Okollo District
UG-337	Obongi District
UG-401	Bundibugyo
UG-402	Bushenyi
UG-403	Hoima
UG-404	Kabale
UG-405	Kabarole
UG-406	Kasese
UG-407	Kibaale
UG-408	Kisoro
UG-409	Masindi
UG-410	Mbarara
UG-411	Ntungamo
UG-412	Rukungiri
UG-413	Kamwenge
UG-414	Kanungu
UG-415	Kyenjojo
UG-416	Ibanda
UG-417	Isingiro
UG-418	Isingiro District
UG-419	Buliisa
UG-420	Kiryandongo
UG-421	Kyegegwa
UG-422	Mitooma
UG-423	Ntoroko
UG-424	Rubirizi
UG-425	Sheema
UG-426	Sheema District
UG-427	Kagadi District
UG-428	Kakumiro District
UG-429	Rubanda District
UG-430	Bunyangabu District
UG-431	Rukiga District
UG-433	Kazo District
UG-434	Kitagwenda District
UG-435	Rwampara district
UG-C	Central Region
UG-E	Eastern Region
UG-N	Northern Region
UG-W	Western Region
UM	United States Minor Outlying Islands
UM-67	Johnston Atoll
UM-71	Midway Atoll
UM-76	Navassa Island
UM-79	Wake Island
UM-81	Baker Island
UM-84	Howland Island
UM-86	Jarvis Island
UM-89	Kingman Reef
UM-95	Palmyra Atoll
US	United States of America
US-AK	Alaska
US-AL	Alabama
US-AR	Arkansas
US-AS	American Samoa
US-AZ	Arizona
US-CA	California
US-CO	Colorado
US-CT	Connecticut
US-DC	District of Columbia
US-DE	Delaware
US-FL	Florida
US-GA	Georgia
US-GU	Guam
US-HI	Hawaii
US-IA	Iowa
US-ID	Idaho
US-IL	Illinois
US-IN	Indiana
US-KS	Kansas
US-KY	Kentucky
US-LA	Louisiana
US-MA	Massachusetts
US-MD	Maryland
US-ME	Maine
US-MI	Michigan
US-MN	Minnesota
US-MO	Missouri
US-MP	Northern Mariana Islands
US-MS	Mississippi
US-MT	Montana
US-NC	North Carolina
US-ND	North Dakota
US-NE	Nebraska
US-NH	New Hampshire
US-NJ	New Jersey
US-NM	New Mexico
US-NV	Nevada
US-NY	New York
US-OH	Ohio
US-OK	Oklahoma
US-OR	Oregon
US-PA	Pennsylvania
US-PR	Puerto Rico
US-RI	Rhode Island
US-SC	South Carolina
US-SD	South Dakota
US-TN	Tennessee
US-TX	Texas
US-UM	United States Minor Outlying Islands
US-UT	Utah
US-VA	Virginia
US-VI	United States Virgin Islands
US-VT	Vermont
US-WA	Washington
US-WI	Wisconsin
US-WV	West Virginia
US-WY	Wyoming
UY	Uruguay
UY-AR	Artigas
UY-CA	Canelones
UY-CL	Cerro Largo
UY-CO	Colonia
UY-DU	Durazno
UY-FD	Florida
UY-FS	Flores
UY-LA	Lavalleja
UY-MA	Maldonado
UY-MO	Montevideo
UY-PA	Paysandú
UY-RN	Río Negro
UY-RO	Rocha
UY-RV	Rivera
UY-SA	Salto
UY-SJ	San José
UY-SO	Soriano
UY-TA	Tacuarembó
UY-TT	Treinta y Tres
UZ	Uzbekistan
UZ-AN	Andijan
UZ-BU	Bukhara
UZ-FA	Fergana
UZ-JI	Jizzakh
UZ-NG	Namangan
UZ-NW	Navoiy
UZ-QA	Qashqadaryo
UZ-QR	Karakalpakstan
UZ-SA	Samarqand
UZ-SI	Sirdaryo
UZ-SU	Surxondaryo
UZ-TK	Tashkent
UZ-TO	Tashkent
UZ-XO	Xorazm
VA	Vatican City
VC	Saint Vincent and the Grenadines
VC-01	Charlotte
VC-02	Saint Andrew
VC-03	Saint David
VC-04	Saint George
VC-05	Saint Patrick
VC-06	Grenadines
VE	Venezuela
VE-A	Capital
VE-B	Anzoátegui
VE-C	Apure
VE-D	Aragua
VE-E	Barinas
VE-F	Bolívar
VE-G	Carabobo
VE-H	Cojedes
VE-I	Falcón
VE-J	Guárico State
VE-K	Lara
VE-L	Merida
VE-M	Miranda
VE-N	Monagas
VE-O	Nueva Esparta
VE-P	Portuguesa
VE-R	Sucre
VE-S	Tachira
VE-T	Trujillo
VE-U	Yaracuy
VE-V	Zulia
VE-W	Federal Dependencies
VE-X	Vargas state
VE-Y	Delta Amacuro
VE-Z	Amazonas
VG	British Virgin Islands
VI	United States Virgin Islands
VN	Vietnam
VN-01	Lai Châu
VN-02	Lào Cai
VN-03	Hà Giang
VN-04	Cao Bằng
VN-05	Sơn La
VN-06	Yên Bái
VN-07	Tuyên Quang
VN-09	Lạng Sơn
VN-13	Quảng Ninh
VN-14	Hòa Bình
VN-15	Hà Tây
VN-18	Ninh Bình
VN-20	Thái Bình
VN-21	Thanh Hóa
VN-22	Nghệ An
VN-23	Hà Tĩnh
VN-24	Quảng Bình
VN-25	Quảng Trị
VN-26	Thừa Thiên Huế
VN-27	Quảng Nam
VN-28	Kon Tum
VN-29	Quảng Ngãi
VN-30	Gia Lai
VN-31	Bình Định
VN-32	Phú Yên
VN-33	Đắk Lắk
VN-34	Khánh Hòa
VN-35	Lâm Đồng
VN-36	Ninh Thuận
VN-37	Tây Ninh
VN-39	Đông Nam Bộ
VN-40	Bình Thuận
VN-41	Long An
VN-43	Bà Rịa-Vũng Tàu
VN-44	An Giang
VN-45	Đồng Tháp
VN-46	Tiền Giang
VN-47	Kiên Giang
VN-49	Vĩnh Long
VN-50	Bến Tre
VN-51	Trà Vinh
VN-52	Sóc Trăng
VN-53	Northeast Vietnam
VN-54	Bắc Giang
VN-55	Bạc Liêu
VN-56	Bắc Ninh
VN-57	Bình Dương
VN-58	Bình Phước
VN-59	Cà Mau
VN-61	Hải Dương
VN-63	Hà Nam
VN-66	Red River Delta
VN-67	Nam Định
VN-68	Phú Thọ
VN-69	Thái Nguyên
VN-70	Vĩnh Phúc
VN-71	Điện Biên
VN-72	Đắk Nông
VN-73	Hậu Giang
VN-CT	Cần Thơ
VN-DN	Da Nang
VN-HN	Hanoi
VN-HP	Haiphong
VN-SG	Ho Chi Minh
VU	Vanuatu
VU-MAP	Malampa
VU-PAM	Penama
VU-SAM	Sanma
VU-SEE	Shefa
VU-TAE	Tafea
VU-TOB	Torba
WF	Wallis and Futuna
WF-AL	Alo
WF-SG	Sigave
WF-UV	Uvea
WS	Samoa
WS-AA	A'ana
WS-AL	Aiga-i-le-Tai
WS-AT	Atua
WS-FA	Fa'asaleleaga
WS-GE	Gaga'emauga
WS-GI	Gaga'ifomauga
WS-PA	Palauli
WS-SA	Satupa'itea
WS-TU	Tuamasaga
WS-VF	Va'a-o-Fonoti
WS-VS	Vaisigano
XK	Kosovo
YE	Yemen
YE-AB	Abyan
YE-AD	'Adan
YE-AM	'Amran
YE-BA	Al Bayda'
YE-DA	Ad Dali'
YE-DH	Dhamar
YE-HD	Hadhramaut
YE-HJ	Hajjah
YE-HU	Al Hudaydah
YE-IB	Ibb
YE-JA	Al Jawf
YE-LA	Lahij
YE-MA	Ma'rib
YE-MR	Al Mahrah
YE-MW	Al Mahwit
YE-RA	Raymah
YE-SA	Sanaa
YE-SD	Sa'dah
YE-SH	Shabwah
YE-SN	Sanaa
YE-SU	Socotra Archipelago Governorate
YE-TA	Ta'izz
YT	Mayotte
YU-CG	Republic of Montenegro
YU-SR	Republic of Serbia
ZA	South Africa
ZA-EC	Eastern Cape
ZA-FS	Free State
ZA-GP	Gauteng
ZA-GT	Gauteng
ZA-KZN	KwaZulu-Natal
ZA-LP	Limpopo
ZA-MP	Mpumalanga
ZA-NC	Northern Cape
ZA-NL	KwaZulu-Natal
ZA-NW	North West
ZA-WC	Western Cape
ZM	Zambia
ZM-01	Western
ZM-02	Central
ZM-03	Eastern
ZM-04	Luapula
ZM-05	Northern
ZM-06	Northwestern
ZM-07	Southern
ZM-08	Copperbelt
ZM-09	Lusaka
ZM-10	Muchinga
ZW	Zimbabwe
ZW-BU	Bulawayo
ZW-HA	Harare
ZW-MA	Manicaland
ZW-MC	Mashonaland Central
ZW-ME	Mashonaland East
ZW-MI	Midlands
ZW-MN	Matabeleland North
ZW-MS	Matabeleland South
ZW-MV	Masvingo
ZW-MW	Mashonaland West
