id	resolution	upstream	target	note
AD	upstream	iso-3166-1-countries		
AD-02	upstream	iso-3166-2-subdivisions		
AD-03	upstream	iso-3166-2-subdivisions		
AD-04	upstream	iso-3166-2-subdivisions		
AD-05	upstream	iso-3166-2-subdivisions		
AD-06	upstream	iso-3166-2-subdivisions		
AD-07	upstream	iso-3166-2-subdivisions		
AD-08	upstream	iso-3166-2-subdivisions		
AE	upstream	iso-3166-1-countries		
AE-AJ	upstream	iso-3166-2-subdivisions		
AE-AZ	upstream	iso-3166-2-subdivisions		
AE-DU	upstream	iso-3166-2-subdivisions		
AE-FU	upstream	iso-3166-2-subdivisions		
AE-RK	upstream	iso-3166-2-subdivisions		
AE-SH	upstream	iso-3166-2-subdivisions		
AE-UQ	upstream	iso-3166-2-subdivisions		
AF	upstream	iso-3166-1-countries		
AF-BAL	upstream	iso-3166-2-subdivisions		
AF-BAM	upstream	iso-3166-2-subdivisions		
AF-BDG	upstream	iso-3166-2-subdivisions		
AF-BDS	upstream	iso-3166-2-subdivisions		
AF-BGL	upstream	iso-3166-2-subdivisions		
AF-DAY	placeholder-circle	iso-3166-2-placeholder-circle		coords from Wikidata P625
AF-FRA	upstream	iso-3166-2-subdivisions		
AF-FYB	upstream	iso-3166-2-subdivisions		
AF-GHA	upstream	iso-3166-2-subdivisions		
AF-GHO	upstream	iso-3166-2-subdivisions		
AF-HEL	upstream	iso-3166-2-subdivisions		
AF-HER	upstream	iso-3166-2-subdivisions		
AF-JOW	upstream	iso-3166-2-subdivisions		
AF-KAB	upstream	iso-3166-2-subdivisions		
AF-KAN	upstream	iso-3166-2-subdivisions		
AF-KAP	upstream	iso-3166-2-subdivisions		
AF-KDZ	upstream	iso-3166-2-subdivisions		
AF-KHO	upstream	iso-3166-2-subdivisions		
AF-KNR	upstream	iso-3166-2-subdivisions		
AF-LAG	upstream	iso-3166-2-subdivisions		
AF-LOG	upstream	iso-3166-2-subdivisions		
AF-NAN	upstream	iso-3166-2-subdivisions		
AF-NIM	upstream	iso-3166-2-subdivisions		
AF-NUR	upstream	iso-3166-2-subdivisions		
AF-PAN	placeholder-circle	iso-3166-2-placeholder-circle		coords from Wikidata P625
AF-PAR	upstream	iso-3166-2-subdivisions		
AF-PIA	upstream	iso-3166-2-subdivisions		
AF-PKA	upstream	iso-3166-2-subdivisions		
AF-SAM	upstream	iso-3166-2-subdivisions		
AF-SAR	upstream	iso-3166-2-subdivisions		
AF-TAK	upstream	iso-3166-2-subdivisions		
AF-URU	upstream	iso-3166-2-subdivisions		
AF-WAR	upstream	iso-3166-2-subdivisions		
AF-ZAB	upstream	iso-3166-2-subdivisions		
AG	upstream	iso-3166-1-countries		
AG-03	upstream	iso-3166-2-subdivisions		
AG-04	upstream	iso-3166-2-subdivisions		
AG-05	upstream	iso-3166-2-subdivisions		
AG-06	upstream	iso-3166-2-subdivisions		
AG-07	upstream	iso-3166-2-subdivisions		
AG-08	upstream	iso-3166-2-subdivisions		
AG-10	upstream	iso-3166-2-subdivisions		
AG-11	upstream	iso-3166-2-subdivisions		
AI	upstream	iso-3166-1-countries		
AI-X00	upstream	iso-3166-2-subdivisions		
AL	upstream	iso-3166-1-countries		
AL-01	upstream	iso-3166-2-subdivisions		
AL-02	upstream	iso-3166-2-subdivisions		
AL-03	upstream	iso-3166-2-subdivisions		
AL-04	upstream	iso-3166-2-subdivisions		
AL-05	upstream	iso-3166-2-subdivisions		
AL-06	upstream	iso-3166-2-subdivisions		
AL-07	upstream	iso-3166-2-subdivisions		
AL-08	upstream	iso-3166-2-subdivisions		
AL-09	upstream	iso-3166-2-subdivisions		
AL-10	upstream	iso-3166-2-subdivisions		
AL-11	upstream	iso-3166-2-subdivisions		
AL-12	upstream	iso-3166-2-subdivisions		
AL-BR	placeholder-circle	iso-3166-2-placeholder-circle		parent=AL-01
AL-BU	placeholder-circle	iso-3166-2-placeholder-circle		parent=AL-09
AL-DI	placeholder-circle	iso-3166-2-placeholder-circle		parent=AL-09
AL-DL	placeholder-circle	iso-3166-2-placeholder-circle		parent=AL-12
AL-DR	placeholder-circle	iso-3166-2-placeholder-circle		parent=AL-02
AL-DV	placeholder-circle	iso-3166-2-placeholder-circle		parent=AL-06
AL-EL	placeholder-circle	iso-3166-2-placeholder-circle		parent=AL-03
AL-ER	placeholder-circle	iso-3166-2-placeholder-circle		parent=AL-06
AL-FR	placeholder-circle	iso-3166-2-placeholder-circle		parent=AL-04
AL-GJ	placeholder-circle	iso-3166-2-placeholder-circle		parent=AL-05
AL-GR	placeholder-circle	iso-3166-2-placeholder-circle		parent=AL-03
AL-HA	placeholder-circle	iso-3166-2-placeholder-circle		parent=AL-07
AL-KA	placeholder-circle	iso-3166-2-placeholder-circle		parent=AL-11
AL-KB	placeholder-circle	iso-3166-2-placeholder-circle		parent=AL-08
AL-KC	placeholder-circle	iso-3166-2-placeholder-circle		parent=AL-01
AL-KO	placeholder-circle	iso-3166-2-placeholder-circle		parent=AL-06
AL-KR	placeholder-circle	iso-3166-2-placeholder-circle		parent=AL-02
AL-KU	placeholder-circle	iso-3166-2-placeholder-circle		parent=AL-07
AL-LB	placeholder-circle	iso-3166-2-placeholder-circle		parent=AL-03
AL-LE	placeholder-circle	iso-3166-2-placeholder-circle		parent=AL-08
AL-LU	placeholder-circle	iso-3166-2-placeholder-circle		parent=AL-04
AL-MK	placeholder-circle	iso-3166-2-placeholder-circle		parent=AL-04
AL-MM	placeholder-circle	iso-3166-2-placeholder-circle		parent=AL-10
AL-MR	placeholder-circle	iso-3166-2-placeholder-circle		parent=AL-08
AL-MT	placeholder-circle	iso-3166-2-placeholder-circle		parent=AL-09
AL-PG	placeholder-circle	iso-3166-2-placeholder-circle		parent=AL-06
AL-PQ	placeholder-circle	iso-3166-2-placeholder-circle		parent=AL-03
AL-PR	placeholder-circle	iso-3166-2-placeholder-circle		parent=AL-05
AL-PU	placeholder-circle	iso-3166-2-placeholder-circle		parent=AL-10
AL-SH	placeholder-circle	iso-3166-2-placeholder-circle		parent=AL-10
AL-SK	placeholder-circle	iso-3166-2-placeholder-circle		parent=AL-01
AL-SR	placeholder-circle	iso-3166-2-placeholder-circle		parent=AL-12
AL-TE	placeholder-circle	iso-3166-2-placeholder-circle		parent=AL-05
AL-TP	placeholder-circle	iso-3166-2-placeholder-circle		parent=AL-07
AL-TR	placeholder-circle	iso-3166-2-placeholder-circle		parent=AL-11
AL-VL	placeholder-circle	iso-3166-2-placeholder-circle		parent=AL-12
AM	upstream	iso-3166-1-countries		
AM-AG	upstream	iso-3166-2-subdivisions		
AM-AR	upstream	iso-3166-2-subdivisions		
AM-AV	upstream	iso-3166-2-subdivisions		
AM-ER	upstream	iso-3166-2-subdivisions		
AM-GR	upstream	iso-3166-2-subdivisions		
AM-KT	upstream	iso-3166-2-subdivisions		
AM-LO	upstream	iso-3166-2-subdivisions		
AM-SH	upstream	iso-3166-2-subdivisions		
AM-SU	upstream	iso-3166-2-subdivisions		
AM-TV	upstream	iso-3166-2-subdivisions		
AM-VD	upstream	iso-3166-2-subdivisions		
AN	dissolved	iso-3166-3-dissolved-successors		ISO 3166-3, withdrawn 2010
AO	upstream	iso-3166-1-countries		
AO-BGO	upstream	iso-3166-2-subdivisions		
AO-BGU	upstream	iso-3166-2-subdivisions		
AO-BIE	upstream	iso-3166-2-subdivisions		
AO-CAB	upstream	iso-3166-2-subdivisions		
AO-CCU	upstream	iso-3166-2-subdivisions		
AO-CNN	upstream	iso-3166-2-subdivisions		
AO-CNO	upstream	iso-3166-2-subdivisions		
AO-CUS	upstream	iso-3166-2-subdivisions		
AO-HUA	upstream	iso-3166-2-subdivisions		
AO-HUI	upstream	iso-3166-2-subdivisions		
AO-LNO	upstream	iso-3166-2-subdivisions		
AO-LSU	upstream	iso-3166-2-subdivisions		
AO-LUA	upstream	iso-3166-2-subdivisions		
AO-MAL	upstream	iso-3166-2-subdivisions		
AO-MOX	upstream	iso-3166-2-subdivisions		
AO-NAM	upstream	iso-3166-2-subdivisions		
AO-UIG	upstream	iso-3166-2-subdivisions		
AO-ZAI	upstream	iso-3166-2-subdivisions		
AQ	upstream	iso-3166-1-countries		
AR	upstream	iso-3166-1-countries		
AR-A	upstream	iso-3166-2-subdivisions		
AR-B	upstream	iso-3166-2-subdivisions		
AR-C	upstream	iso-3166-2-subdivisions		
AR-D	upstream	iso-3166-2-subdivisions		
AR-E	upstream	iso-3166-2-subdivisions		
AR-F	upstream	iso-3166-2-subdivisions		
AR-G	upstream	iso-3166-2-subdivisions		
AR-H	upstream	iso-3166-2-subdivisions		
AR-J	upstream	iso-3166-2-subdivisions		
AR-K	upstream	iso-3166-2-subdivisions		
AR-L	upstream	iso-3166-2-subdivisions		
AR-M	upstream	iso-3166-2-subdivisions		
AR-N	upstream	iso-3166-2-subdivisions		
AR-P	upstream	iso-3166-2-subdivisions		
AR-Q	upstream	iso-3166-2-subdivisions		
AR-R	upstream	iso-3166-2-subdivisions		
AR-S	upstream	iso-3166-2-subdivisions		
AR-T	upstream	iso-3166-2-subdivisions		
AR-U	upstream	iso-3166-2-subdivisions		
AR-V	upstream	iso-3166-2-subdivisions		
AR-W	upstream	iso-3166-2-subdivisions		
AR-X	upstream	iso-3166-2-subdivisions		
AR-Y	upstream	iso-3166-2-subdivisions		
AR-Z	upstream	iso-3166-2-subdivisions		
AS	upstream	iso-3166-1-countries		
AT	upstream	iso-3166-1-countries		
AT-1	upstream	iso-3166-2-subdivisions		
AT-2	upstream	iso-3166-2-subdivisions		
AT-3	upstream	iso-3166-2-subdivisions		
AT-4	upstream	iso-3166-2-subdivisions		
AT-5	upstream	iso-3166-2-subdivisions		
AT-6	upstream	iso-3166-2-subdivisions		
AT-7	upstream	iso-3166-2-subdivisions		
AT-8	upstream	iso-3166-2-subdivisions		
AT-9	upstream	iso-3166-2-subdivisions		
AU	upstream	iso-3166-1-countries		
AU-ACT	upstream	iso-3166-2-subdivisions		
AU-NSW	upstream	iso-3166-2-subdivisions		
AU-NT	upstream	iso-3166-2-subdivisions		
AU-QLD	upstream	iso-3166-2-subdivisions		
AU-SA	upstream	iso-3166-2-subdivisions		
AU-TAS	upstream	iso-3166-2-subdivisions		
AU-VIC	upstream	iso-3166-2-subdivisions		
AU-WA	upstream	iso-3166-2-subdivisions		
AW	upstream	iso-3166-1-countries		
AX	upstream	iso-3166-1-countries		
AZ	upstream	iso-3166-1-countries		
AZ-ABS	upstream	iso-3166-2-subdivisions		
AZ-AGA	upstream	iso-3166-2-subdivisions		
AZ-AGC	upstream	iso-3166-2-subdivisions		
AZ-AGM	upstream	iso-3166-2-subdivisions		
AZ-AGS	upstream	iso-3166-2-subdivisions		
AZ-AGU	upstream	iso-3166-2-subdivisions		
AZ-AST	upstream	iso-3166-2-subdivisions		
AZ-BA	upstream	iso-3166-2-subdivisions		
AZ-BAB	upstream	iso-3166-2-subdivisions		
AZ-BAL	upstream	iso-3166-2-subdivisions		
AZ-BAR	upstream	iso-3166-2-subdivisions		
AZ-BEY	upstream	iso-3166-2-subdivisions		
AZ-BIL	upstream	iso-3166-2-subdivisions		
AZ-CAB	upstream	iso-3166-2-subdivisions		
AZ-CAL	upstream	iso-3166-2-subdivisions		
AZ-CUL	upstream	iso-3166-2-subdivisions		
AZ-DAS	upstream	iso-3166-2-subdivisions		
AZ-FUZ	upstream	iso-3166-2-subdivisions		
AZ-GA	upstream	iso-3166-2-subdivisions		
AZ-GAD	upstream	iso-3166-2-subdivisions		
AZ-GOR	upstream	iso-3166-2-subdivisions		
AZ-GOY	upstream	iso-3166-2-subdivisions		
AZ-GYG	upstream	iso-3166-2-subdivisions		
AZ-HAC	upstream	iso-3166-2-subdivisions		
AZ-IMI	upstream	iso-3166-2-subdivisions		
AZ-ISM	upstream	iso-3166-2-subdivisions		
AZ-KAL	upstream	iso-3166-2-subdivisions		
AZ-KAN	upstream	iso-3166-2-subdivisions		
AZ-KUR	upstream	iso-3166-2-subdivisions		
AZ-LA	upstream	iso-3166-2-subdivisions		
AZ-LAC	placeholder-circle	iso-3166-2-placeholder-circle		coords from Wikidata P625
AZ-LAN	upstream	iso-3166-2-subdivisions		
AZ-LER	upstream	iso-3166-2-subdivisions		
AZ-MAS	upstream	iso-3166-2-subdivisions		
AZ-MI	upstream	iso-3166-2-subdivisions		
AZ-NA	upstream	iso-3166-2-subdivisions		
AZ-NEF	upstream	iso-3166-2-subdivisions		
AZ-NV	placeholder-circle	iso-3166-2-placeholder-circle		parent=AZ-NX
AZ-NX	upstream	iso-3166-2-subdivisions		
AZ-OGU	upstream	iso-3166-2-subdivisions		
AZ-ORD	upstream	iso-3166-2-subdivisions		
AZ-QAB	upstream	iso-3166-2-subdivisions		
AZ-QAX	upstream	iso-3166-2-subdivisions		
AZ-QAZ	upstream	iso-3166-2-subdivisions		
AZ-QBA	upstream	iso-3166-2-subdivisions		
AZ-QBI	upstream	iso-3166-2-subdivisions		
AZ-QOB	upstream	iso-3166-2-subdivisions		
AZ-QUS	upstream	iso-3166-2-subdivisions		
AZ-SA	upstream	iso-3166-2-subdivisions		
AZ-SAB	upstream	iso-3166-2-subdivisions		
AZ-SAD	upstream	iso-3166-2-subdivisions		
AZ-SAH	upstream	iso-3166-2-subdivisions		
AZ-SAK	placeholder-circle	iso-3166-2-placeholder-circle		coords from Wikidata P625
AZ-SAL	upstream	iso-3166-2-subdivisions		
AZ-SAR	upstream	iso-3166-2-subdivisions		
AZ-SAT	upstream	iso-3166-2-subdivisions		
AZ-SBN	upstream	iso-3166-2-subdivisions		
AZ-SIY	upstream	iso-3166-2-subdivisions		
AZ-SKR	upstream	iso-3166-2-subdivisions		
AZ-SM	upstream	iso-3166-2-subdivisions		
AZ-SMI	upstream	iso-3166-2-subdivisions		
AZ-SMX	upstream	iso-3166-2-subdivisions		
AZ-SR	upstream	iso-3166-2-subdivisions		
AZ-SUS	upstream	iso-3166-2-subdivisions		
AZ-TAR	upstream	iso-3166-2-subdivisions		
AZ-TOV	upstream	iso-3166-2-subdivisions		
AZ-UCA	upstream	iso-3166-2-subdivisions		
AZ-XA	upstream	iso-3166-2-subdivisions		
AZ-XAC	upstream	iso-3166-2-subdivisions		
AZ-XCI	upstream	iso-3166-2-subdivisions		
AZ-XIZ	upstream	iso-3166-2-subdivisions		
AZ-XVD	upstream	iso-3166-2-subdivisions		
AZ-YAR	upstream	iso-3166-2-subdivisions		
AZ-YE	placeholder-circle	iso-3166-2-placeholder-circle		parent=AZ-YEV
AZ-YEV	upstream	iso-3166-2-subdivisions		
AZ-ZAN	upstream	iso-3166-2-subdivisions		
AZ-ZAQ	upstream	iso-3166-2-subdivisions		
AZ-ZAR	upstream	iso-3166-2-subdivisions		
BA	upstream	iso-3166-1-countries		
BA-01	placeholder-circle	iso-3166-2-placeholder-circle		parent=BA-BIH
BA-02	placeholder-circle	iso-3166-2-placeholder-circle		parent=BA-BIH
BA-03	placeholder-circle	iso-3166-2-placeholder-circle		parent=BA-BIH
BA-04	placeholder-circle	iso-3166-2-placeholder-circle		parent=BA-BIH
BA-05	placeholder-circle	iso-3166-2-placeholder-circle		parent=BA-BIH
BA-06	placeholder-circle	iso-3166-2-placeholder-circle		parent=BA-BIH
BA-07	placeholder-circle	iso-3166-2-placeholder-circle		parent=BA-BIH
BA-08	placeholder-circle	iso-3166-2-placeholder-circle		parent=BA-BIH
BA-09	placeholder-circle	iso-3166-2-placeholder-circle		parent=BA-BIH
BA-10	placeholder-circle	iso-3166-2-placeholder-circle		parent=BA-BIH
BA-BIH	upstream	iso-3166-2-subdivisions		
BA-BRC	upstream	iso-3166-2-subdivisions		
BA-SRP	upstream	iso-3166-2-subdivisions		
BB	upstream	iso-3166-1-countries		
BB-01	upstream	iso-3166-2-subdivisions		
BB-02	upstream	iso-3166-2-subdivisions		
BB-03	upstream	iso-3166-2-subdivisions		
BB-04	upstream	iso-3166-2-subdivisions		
BB-05	upstream	iso-3166-2-subdivisions		
BB-06	upstream	iso-3166-2-subdivisions		
BB-07	upstream	iso-3166-2-subdivisions		
BB-08	upstream	iso-3166-2-subdivisions		
BB-09	upstream	iso-3166-2-subdivisions		
BB-10	upstream	iso-3166-2-subdivisions		
BB-11	upstream	iso-3166-2-subdivisions		
BD	upstream	iso-3166-1-countries		
BD-01	placeholder-circle	iso-3166-2-placeholder-circle		parent=BD-B
BD-02	placeholder-circle	iso-3166-2-placeholder-circle		parent=BD-A
BD-03	placeholder-circle	iso-3166-2-placeholder-circle		parent=BD-E
BD-04	placeholder-circle	iso-3166-2-placeholder-circle		parent=BD-B
BD-05	placeholder-circle	iso-3166-2-placeholder-circle		parent=BD-D
BD-06	placeholder-circle	iso-3166-2-placeholder-circle		parent=BD-A
BD-07	placeholder-circle	iso-3166-2-placeholder-circle		parent=BD-A
BD-08	placeholder-circle	iso-3166-2-placeholder-circle		parent=BD-B
BD-09	placeholder-circle	iso-3166-2-placeholder-circle		parent=BD-B
BD-10	placeholder-circle	iso-3166-2-placeholder-circle		parent=BD-B
BD-11	placeholder-circle	iso-3166-2-placeholder-circle		parent=BD-B
BD-12	placeholder-circle	iso-3166-2-placeholder-circle		parent=BD-D
BD-13	placeholder-circle	iso-3166-2-placeholder-circle		parent=BD-C
BD-14	placeholder-circle	iso-3166-2-placeholder-circle		parent=BD-F
BD-15	placeholder-circle	iso-3166-2-placeholder-circle		parent=BD-C
BD-16	placeholder-circle	iso-3166-2-placeholder-circle		parent=BD-B
BD-17	placeholder-circle	iso-3166-2-placeholder-circle		parent=BD-C
BD-18	placeholder-circle	iso-3166-2-placeholder-circle		parent=BD-C
BD-19	placeholder-circle	iso-3166-2-placeholder-circle		parent=BD-F
BD-20	placeholder-circle	iso-3166-2-placeholder-circle		parent=BD-G
BD-21	placeholder-circle	iso-3166-2-placeholder-circle		coords from Wikidata P625
BD-22	placeholder-circle	iso-3166-2-placeholder-circle		parent=BD-D
BD-23	placeholder-circle	iso-3166-2-placeholder-circle		parent=BD-D
BD-24	placeholder-circle	iso-3166-2-placeholder-circle		parent=BD-E
BD-25	placeholder-circle	iso-3166-2-placeholder-circle		parent=BD-A
BD-26	placeholder-circle	iso-3166-2-placeholder-circle		parent=BD-C
BD-27	placeholder-circle	iso-3166-2-placeholder-circle		parent=BD-D
BD-28	placeholder-circle	iso-3166-2-placeholder-circle		parent=BD-F
BD-29	placeholder-circle	iso-3166-2-placeholder-circle		parent=BD-B
BD-30	placeholder-circle	iso-3166-2-placeholder-circle		parent=BD-D
BD-31	placeholder-circle	iso-3166-2-placeholder-circle		parent=BD-B
BD-32	placeholder-circle	iso-3166-2-placeholder-circle		parent=BD-F
BD-33	placeholder-circle	iso-3166-2-placeholder-circle		parent=BD-C
BD-34	placeholder-circle	iso-3166-2-placeholder-circle		coords from Wikidata P625
BD-35	placeholder-circle	iso-3166-2-placeholder-circle		parent=BD-C
BD-36	placeholder-circle	iso-3166-2-placeholder-circle		parent=BD-C
BD-37	placeholder-circle	iso-3166-2-placeholder-circle		parent=BD-D
BD-38	placeholder-circle	iso-3166-2-placeholder-circle		parent=BD-G
BD-39	placeholder-circle	iso-3166-2-placeholder-circle		parent=BD-D
BD-40	placeholder-circle	iso-3166-2-placeholder-circle		parent=BD-C
BD-41	placeholder-circle	iso-3166-2-placeholder-circle		coords from Wikidata P625
BD-42	placeholder-circle	iso-3166-2-placeholder-circle		parent=BD-C
BD-43	placeholder-circle	iso-3166-2-placeholder-circle		parent=BD-D
BD-44	placeholder-circle	iso-3166-2-placeholder-circle		parent=BD-E
BD-45	placeholder-circle	iso-3166-2-placeholder-circle		parent=BD-E
BD-46	placeholder-circle	iso-3166-2-placeholder-circle		parent=BD-F
BD-47	placeholder-circle	iso-3166-2-placeholder-circle		parent=BD-B
BD-48	placeholder-circle	iso-3166-2-placeholder-circle		parent=BD-E
BD-49	placeholder-circle	iso-3166-2-placeholder-circle		parent=BD-E
BD-50	placeholder-circle	iso-3166-2-placeholder-circle		parent=BD-A
BD-51	placeholder-circle	iso-3166-2-placeholder-circle		parent=BD-A
BD-52	placeholder-circle	iso-3166-2-placeholder-circle		parent=BD-F
BD-53	placeholder-circle	iso-3166-2-placeholder-circle		parent=BD-C
BD-54	placeholder-circle	iso-3166-2-placeholder-circle		parent=BD-E
BD-55	placeholder-circle	iso-3166-2-placeholder-circle		parent=BD-F
BD-56	placeholder-circle	iso-3166-2-placeholder-circle		parent=BD-B
BD-57	placeholder-circle	iso-3166-2-placeholder-circle		coords from Wikidata P625
BD-58	placeholder-circle	iso-3166-2-placeholder-circle		parent=BD-D
BD-59	placeholder-circle	iso-3166-2-placeholder-circle		parent=BD-E
BD-60	placeholder-circle	iso-3166-2-placeholder-circle		parent=BD-G
BD-61	placeholder-circle	iso-3166-2-placeholder-circle		parent=BD-G
BD-62	placeholder-circle	iso-3166-2-placeholder-circle		parent=BD-C
BD-63	placeholder-circle	iso-3166-2-placeholder-circle		parent=BD-C
BD-64	placeholder-circle	iso-3166-2-placeholder-circle		parent=BD-F
BD-A	upstream	iso-3166-2-subdivisions		
BD-B	upstream	iso-3166-2-subdivisions		
BD-C	upstream	iso-3166-2-subdivisions		
BD-D	upstream	iso-3166-2-subdivisions		
BD-E	upstream	iso-3166-2-subdivisions		
BD-F	upstream	iso-3166-2-subdivisions		
BD-G	upstream	iso-3166-2-subdivisions		
BD-H	placeholder-circle	iso-3166-2-placeholder-circle		coords from Wikidata P625
BE	upstream	iso-3166-1-countries		
BE-BRU	upstream	iso-3166-2-subdivisions		
BE-VAN	upstream	iso-3166-2-subdivisions		
BE-VBR	upstream	iso-3166-2-subdivisions		
BE-VLG	placeholder-circle	iso-3166-2-placeholder-circle		coords from Wikidata P625
BE-VLI	upstream	iso-3166-2-subdivisions		
BE-VOV	upstream	iso-3166-2-subdivisions		
BE-VWV	upstream	iso-3166-2-subdivisions		
BE-WAL	placeholder-circle	iso-3166-2-placeholder-circle		coords from Wikidata P625
BE-WBR	upstream	iso-3166-2-subdivisions		
BE-WHT	upstream	iso-3166-2-subdivisions		
BE-WLG	upstream	iso-3166-2-subdivisions		
BE-WLX	upstream	iso-3166-2-subdivisions		
BE-WNA	upstream	iso-3166-2-subdivisions		
BF	upstream	iso-3166-1-countries		
BF-01	placeholder-circle	iso-3166-2-placeholder-circle		coords from Wikidata P625
BF-02	placeholder-circle	iso-3166-2-placeholder-circle		coords from Wikidata P625
BF-03	placeholder-circle	iso-3166-2-placeholder-circle		coords from Wikidata P625
BF-04	placeholder-circle	iso-3166-2-placeholder-circle		coords from Wikidata P625
BF-05	placeholder-circle	iso-3166-2-placeholder-circle		coords from Wikidata P625
BF-06	placeholder-circle	iso-3166-2-placeholder-circle		coords from Wikidata P625
BF-07	placeholder-circle	iso-3166-2-placeholder-circle		coords from Wikidata P625
BF-08	placeholder-circle	iso-3166-2-placeholder-circle		coords from Wikidata P625
BF-09	placeholder-circle	iso-3166-2-placeholder-circle		coords from Wikidata P625
BF-10	placeholder-circle	iso-3166-2-placeholder-circle		coords from Wikidata P625
BF-11	placeholder-circle	iso-3166-2-placeholder-circle		coords from Wikidata P625
BF-12	placeholder-circle	iso-3166-2-placeholder-circle		coords from Wikidata P625
BF-13	placeholder-circle	iso-3166-2-placeholder-circle		coords from Wikidata P625
BF-BAL	upstream	iso-3166-2-subdivisions		
BF-BAM	upstream	iso-3166-2-subdivisions		
BF-BAN	upstream	iso-3166-2-subdivisions		
BF-BAZ	upstream	iso-3166-2-subdivisions		
BF-BGR	upstream	iso-3166-2-subdivisions		
BF-BLG	upstream	iso-3166-2-subdivisions		
BF-BLK	upstream	iso-3166-2-subdivisions		
BF-COM	upstream	iso-3166-2-subdivisions		
BF-GAN	upstream	iso-3166-2-subdivisions		
BF-GNA	upstream	iso-3166-2-subdivisions		
BF-GOU	upstream	iso-3166-2-subdivisions		
BF-HOU	upstream	iso-3166-2-subdivisions		
BF-IOB	upstream	iso-3166-2-subdivisions		
BF-KAD	upstream	iso-3166-2-subdivisions		
BF-KEN	upstream	iso-3166-2-subdivisions		
BF-KMD	upstream	iso-3166-2-subdivisions		
BF-KMP	upstream	iso-3166-2-subdivisions		
BF-KOP	upstream	iso-3166-2-subdivisions		
BF-KOS	upstream	iso-3166-2-subdivisions		
BF-KOT	upstream	iso-3166-2-subdivisions		
BF-KOW	upstream	iso-3166-2-subdivisions		
BF-LER	upstream	iso-3166-2-subdivisions		
BF-LOR	upstream	iso-3166-2-subdivisions		
BF-MOU	upstream	iso-3166-2-subdivisions		
BF-NAM	upstream	iso-3166-2-subdivisions		
BF-NAO	upstream	iso-3166-2-subdivisions		
BF-NAY	upstream	iso-3166-2-subdivisions		
BF-NOU	upstream	iso-3166-2-subdivisions		
BF-OUB	upstream	iso-3166-2-subdivisions		
BF-OUD	upstream	iso-3166-2-subdivisions		
BF-PAS	upstream	iso-3166-2-subdivisions		
BF-PON	upstream	iso-3166-2-subdivisions		
BF-SEN	upstream	iso-3166-2-subdivisions		
BF-SIS	upstream	iso-3166-2-subdivisions		
BF-SMT	upstream	iso-3166-2-subdivisions		
BF-SNG	upstream	iso-3166-2-subdivisions		
BF-SOM	upstream	iso-3166-2-subdivisions		
BF-SOR	upstream	iso-3166-2-subdivisions		
BF-TAP	upstream	iso-3166-2-subdivisions		
BF-TUI	upstream	iso-3166-2-subdivisions		
BF-YAG	upstream	iso-3166-2-subdivisions		
BF-YAT	upstream	iso-3166-2-subdivisions		
BF-ZIR	upstream	iso-3166-2-subdivisions		
BF-ZON	upstream	iso-3166-2-subdivisions		
BF-ZOU	upstream	iso-3166-2-subdivisions		
BG	upstream	iso-3166-1-countries		
BG-01	upstream	iso-3166-2-subdivisions		
BG-02	upstream	iso-3166-2-subdivisions		
BG-03	upstream	iso-3166-2-subdivisions		
BG-04	upstream	iso-3166-2-subdivisions		
BG-05	upstream	iso-3166-2-subdivisions		
BG-06	upstream	iso-3166-2-subdivisions		
BG-07	upstream	iso-3166-2-subdivisions		
BG-08	upstream	iso-3166-2-subdivisions		
BG-09	upstream	iso-3166-2-subdivisions		
BG-10	upstream	iso-3166-2-subdivisions		
BG-11	upstream	iso-3166-2-subdivisions		
BG-12	upstream	iso-3166-2-subdivisions		
BG-13	upstream	iso-3166-2-subdivisions		
BG-14	upstream	iso-3166-2-subdivisions		
BG-15	upstream	iso-3166-2-subdivisions		
BG-16	upstream	iso-3166-2-subdivisions		
BG-17	upstream	iso-3166-2-subdivisions		
BG-18	upstream	iso-3166-2-subdivisions		
BG-19	upstream	iso-3166-2-subdivisions		
BG-20	upstream	iso-3166-2-subdivisions		
BG-21	upstream	iso-3166-2-subdivisions		
BG-22	upstream	iso-3166-2-subdivisions		
BG-23	upstream	iso-3166-2-subdivisions		
BG-24	upstream	iso-3166-2-subdivisions		
BG-25	upstream	iso-3166-2-subdivisions		
BG-26	upstream	iso-3166-2-subdivisions		
BG-27	upstream	iso-3166-2-subdivisions		
BG-28	upstream	iso-3166-2-subdivisions		
BH	upstream	iso-3166-1-countries		
BH-13	upstream	iso-3166-2-subdivisions		
BH-14	upstream	iso-3166-2-subdivisions		
BH-15	upstream	iso-3166-2-subdivisions		
BH-16	upstream	iso-3166-2-subdivisions		
BH-17	upstream	iso-3166-2-subdivisions		
BI	upstream	iso-3166-1-countries		
BI-BB	upstream	iso-3166-2-subdivisions		
BI-BL	upstream	iso-3166-2-subdivisions		
BI-BM	upstream	iso-3166-2-subdivisions		
BI-BR	upstream	iso-3166-2-subdivisions		
BI-CA	upstream	iso-3166-2-subdivisions		
BI-CI	upstream	iso-3166-2-subdivisions		
BI-GI	upstream	iso-3166-2-subdivisions		
BI-KI	upstream	iso-3166-2-subdivisions		
BI-KR	upstream	iso-3166-2-subdivisions		
BI-KY	upstream	iso-3166-2-subdivisions		
BI-MA	upstream	iso-3166-2-subdivisions		
BI-MU	upstream	iso-3166-2-subdivisions		
BI-MW	upstream	iso-3166-2-subdivisions		
BI-MY	upstream	iso-3166-2-subdivisions		
BI-NG	upstream	iso-3166-2-subdivisions		
BI-RM	placeholder-circle	iso-3166-2-placeholder-circle		coords from Wikidata P625
BI-RT	upstream	iso-3166-2-subdivisions		
BI-RY	upstream	iso-3166-2-subdivisions		
BJ	upstream	iso-3166-1-countries		
BJ-AK	upstream	iso-3166-2-subdivisions		
BJ-AL	upstream	iso-3166-2-subdivisions		
BJ-AQ	upstream	iso-3166-2-subdivisions		
BJ-BO	upstream	iso-3166-2-subdivisions		
BJ-CO	upstream	iso-3166-2-subdivisions		
BJ-DO	upstream	iso-3166-2-subdivisions		
BJ-KO	upstream	iso-3166-2-subdivisions		
BJ-LI	upstream	iso-3166-2-subdivisions		
BJ-MO	upstream	iso-3166-2-subdivisions		
BJ-OU	upstream	iso-3166-2-subdivisions		
BJ-PL	upstream	iso-3166-2-subdivisions		
BJ-ZO	upstream	iso-3166-2-subdivisions		
BL	upstream	iso-3166-1-countries		
BM	upstream	iso-3166-1-countries		
BM-DEV	upstream	iso-3166-2-subdivisions		
BM-HA	upstream	iso-3166-2-subdivisions		
BM-HAM	upstream	iso-3166-2-subdivisions		
BM-PAG	upstream	iso-3166-2-subdivisions		
BM-PEM	upstream	iso-3166-2-subdivisions		
BM-SAN	upstream	iso-3166-2-subdivisions		
BM-SG	upstream	iso-3166-2-subdivisions		
BM-SGE	upstream	iso-3166-2-subdivisions		
BM-SMI	upstream	iso-3166-2-subdivisions		
BM-SOU	upstream	iso-3166-2-subdivisions		
BM-WAR	upstream	iso-3166-2-subdivisions		
BN	upstream	iso-3166-1-countries		
BN-BE	upstream	iso-3166-2-subdivisions		
BN-BM	upstream	iso-3166-2-subdivisions		
BN-TE	upstream	iso-3166-2-subdivisions		
BN-TU	upstream	iso-3166-2-subdivisions		
BO	upstream	iso-3166-1-countries		
BO-B	upstream	iso-3166-2-subdivisions		
BO-C	upstream	iso-3166-2-subdivisions		
BO-H	upstream	iso-3166-2-subdivisions		
BO-L	upstream	iso-3166-2-subdivisions		
BO-N	upstream	iso-3166-2-subdivisions		
BO-O	upstream	iso-3166-2-subdivisions		
BO-P	upstream	iso-3166-2-subdivisions		
BO-S	upstream	iso-3166-2-subdivisions		
BO-T	upstream	iso-3166-2-subdivisions		
BQ	upstream	iso-3166-1-subunits		
BQ-BO	alias-symlink	iso-3166-2-subdivisions	NL-BQ1	
BQ-SA	alias-symlink	iso-3166-2-subdivisions	NL-BQ2	
BQ-SE	placeholder-circle	iso-3166-2-placeholder-circle		coords from Wikidata P625
BR	upstream	iso-3166-1-countries		
BR-AC	upstream	iso-3166-2-subdivisions		
BR-AL	upstream	iso-3166-2-subdivisions		
BR-AM	upstream	iso-3166-2-subdivisions		
BR-AP	upstream	iso-3166-2-subdivisions		
BR-BA	upstream	iso-3166-2-subdivisions		
BR-CE	upstream	iso-3166-2-subdivisions		
BR-DF	upstream	iso-3166-2-subdivisions		
BR-ES	upstream	iso-3166-2-subdivisions		
BR-GO	upstream	iso-3166-2-subdivisions		
BR-MA	upstream	iso-3166-2-subdivisions		
BR-MG	upstream	iso-3166-2-subdivisions		
BR-MS	upstream	iso-3166-2-subdivisions		
BR-MT	upstream	iso-3166-2-subdivisions		
BR-PA	upstream	iso-3166-2-subdivisions		
BR-PB	upstream	iso-3166-2-subdivisions		
BR-PE	upstream	iso-3166-2-subdivisions		
BR-PI	upstream	iso-3166-2-subdivisions		
BR-PR	upstream	iso-3166-2-subdivisions		
BR-RJ	upstream	iso-3166-2-subdivisions		
BR-RN	upstream	iso-3166-2-subdivisions		
BR-RO	upstream	iso-3166-2-subdivisions		
BR-RR	upstream	iso-3166-2-subdivisions		
BR-RS	upstream	iso-3166-2-subdivisions		
BR-SC	upstream	iso-3166-2-subdivisions		
BR-SE	upstream	iso-3166-2-subdivisions		
BR-SP	upstream	iso-3166-2-subdivisions		
BR-TO	upstream	iso-3166-2-subdivisions		
BS	upstream	iso-3166-1-countries		
BS-AC	placeholder-circle	iso-3166-2-placeholder-circle		coords from Wikidata P625
BS-AK	upstream	iso-3166-2-subdivisions		
BS-BI	upstream	iso-3166-2-subdivisions		
BS-BP	upstream	iso-3166-2-subdivisions		
BS-BY	upstream	iso-3166-2-subdivisions		
BS-CE	upstream	iso-3166-2-subdivisions		
BS-CI	upstream	iso-3166-2-subdivisions		
BS-CK	upstream	iso-3166-2-subdivisions		
BS-CO	upstream	iso-3166-2-subdivisions		
BS-CS	upstream	iso-3166-2-subdivisions		
BS-EG	upstream	iso-3166-2-subdivisions		
BS-EX	upstream	iso-3166-2-subdivisions		
BS-FC	placeholder-circle	iso-3166-2-placeholder-circle		coords from Wikidata P625
BS-FP	upstream	iso-3166-2-subdivisions		
BS-GC	placeholder-circle	iso-3166-2-placeholder-circle		coords from Wikidata P625
BS-GH	placeholder-circle	iso-3166-2-placeholder-circle		coords from Wikidata P625
BS-GT	placeholder-circle	iso-3166-2-placeholder-circle		coords from Wikidata P625
BS-HI	upstream	iso-3166-2-subdivisions		
BS-HR	placeholder-circle	iso-3166-2-placeholder-circle		coords from Wikidata P625
BS-HT	placeholder-circle	iso-3166-2-placeholder-circle		coords from Wikidata P625
BS-IN	upstream	iso-3166-2-subdivisions		
BS-KB	placeholder-circle	iso-3166-2-placeholder-circle		parent=BS-SA
BS-LI	upstream	iso-3166-2-subdivisions		
BS-MC	upstream	iso-3166-2-subdivisions		
BS-MG	upstream	iso-3166-2-subdivisions		
BS-MH	placeholder-circle	iso-3166-2-placeholder-circle		parent=BS-CO
BS-MI	upstream	iso-3166-2-subdivisions		
BS-NB	placeholder-circle	iso-3166-2-placeholder-circle		parent=BS-BY
BS-NE	upstream	iso-3166-2-subdivisions		
BS-NO	upstream	iso-3166-2-subdivisions		
BS-NP	placeholder-circle	iso-3166-2-placeholder-circle		coords from Wikidata P625
BS-NS	upstream	iso-3166-2-subdivisions		
BS-RC	upstream	iso-3166-2-subdivisions		
BS-RI	upstream	iso-3166-2-subdivisions		
BS-RS	placeholder-circle	iso-3166-2-placeholder-circle		parent=BS-SE
BS-SA	upstream	iso-3166-2-subdivisions		
BS-SE	upstream	iso-3166-2-subdivisions		
BS-SO	upstream	iso-3166-2-subdivisions		
BS-SP	placeholder-circle	iso-3166-2-placeholder-circle		coords from Wikidata P625
BS-SR	placeholder-circle	iso-3166-2-placeholder-circle		coords from Wikidata P625
BS-SS	upstream	iso-3166-2-subdivisions		
BS-SW	upstream	iso-3166-2-subdivisions		
BS-WG	upstream	iso-3166-2-subdivisions		
BT	upstream	iso-3166-1-countries		
BT-11	upstream	iso-3166-2-subdivisions		
BT-12	upstream	iso-3166-2-subdivisions		
BT-13	upstream	iso-3166-2-subdivisions		
BT-14	upstream	iso-3166-2-subdivisions		
BT-15	upstream	iso-3166-2-subdivisions		
BT-21	upstream	iso-3166-2-subdivisions		
BT-22	upstream	iso-3166-2-subdivisions		
BT-23	upstream	iso-3166-2-subdivisions		
BT-24	upstream	iso-3166-2-subdivisions		
BT-31	upstream	iso-3166-2-subdivisions		
BT-32	upstream	iso-3166-2-subdivisions		
BT-33	upstream	iso-3166-2-subdivisions		
BT-34	upstream	iso-3166-2-subdivisions		
BT-41	upstream	iso-3166-2-subdivisions		
BT-42	upstream	iso-3166-2-subdivisions		
BT-43	upstream	iso-3166-2-subdivisions		
BT-44	upstream	iso-3166-2-subdivisions		
BT-45	upstream	iso-3166-2-subdivisions		
BT-GA	upstream	iso-3166-2-subdivisions		
BT-TY	upstream	iso-3166-2-subdivisions		
BV	upstream	iso-3166-1-subunits		
BW	upstream	iso-3166-1-countries		
BW-CE	upstream	iso-3166-2-subdivisions		
BW-CH	placeholder-circle	iso-3166-2-placeholder-circle		coords from Wikidata P625
BW-FR	upstream	iso-3166-2-subdivisions		
BW-GA	upstream	iso-3166-2-subdivisions		
BW-GH	upstream	iso-3166-2-subdivisions		
BW-JW	upstream	iso-3166-2-subdivisions		
BW-KG	upstream	iso-3166-2-subdivisions		
BW-KL	upstream	iso-3166-2-subdivisions		
BW-KW	upstream	iso-3166-2-subdivisions		
BW-LO	upstream	iso-3166-2-subdivisions		
BW-NE	upstream	iso-3166-2-subdivisions		
BW-NG	placeholder-country-centroid	iso-3166-2-placeholder-country-centroid		no coords in Wikidata; centroid of BW
BW-NW	upstream	iso-3166-2-subdivisions		
BW-SE	upstream	iso-3166-2-subdivisions		
BW-SO	upstream	iso-3166-2-subdivisions		
BW-SP	upstream	iso-3166-2-subdivisions		
BW-ST	upstream	iso-3166-2-subdivisions		
BY	upstream	iso-3166-1-countries		
BY-BR	upstream	iso-3166-2-subdivisions		
BY-HM	upstream	iso-3166-2-subdivisions		
BY-HO	upstream	iso-3166-2-subdivisions		
BY-HR	upstream	iso-3166-2-subdivisions		
BY-MA	upstream	iso-3166-2-subdivisions		
BY-MI	upstream	iso-3166-2-subdivisions		
BY-VI	upstream	iso-3166-2-subdivisions		
BZ	upstream	iso-3166-1-countries		
BZ-BZ	upstream	iso-3166-2-subdivisions		
BZ-CY	upstream	iso-3166-2-subdivisions		
BZ-CZL	upstream	iso-3166-2-subdivisions		
BZ-OW	upstream	iso-3166-2-subdivisions		
BZ-SC	upstream	iso-3166-2-subdivisions		
BZ-TOL	upstream	iso-3166-2-subdivisions		
CA	upstream	iso-3166-1-countries		
CA-AB	upstream	iso-3166-2-subdivisions		
CA-BC	upstream	iso-3166-2-subdivisions		
CA-MB	upstream	iso-3166-2-subdivisions		
CA-NB	upstream	iso-3166-2-subdivisions		
CA-NL	upstream	iso-3166-2-subdivisions		
CA-NS	upstream	iso-3166-2-subdivisions		
CA-NT	upstream	iso-3166-2-subdivisions		
CA-NU	upstream	iso-3166-2-subdivisions		
CA-ON	upstream	iso-3166-2-subdivisions		
CA-PE	upstream	iso-3166-2-subdivisions		
CA-QC	upstream	iso-3166-2-subdivisions		
CA-SK	upstream	iso-3166-2-subdivisions		
CA-YT	upstream	iso-3166-2-subdivisions		
CC	upstream	iso-3166-1-subunits		
CD	upstream	iso-3166-1-countries		
CD-BC	upstream	iso-3166-2-subdivisions		
CD-BN	upstream	iso-3166-2-subdivisions		
CD-BU	placeholder-circle	iso-3166-2-placeholder-circle		coords from Wikidata P625
CD-EQ	upstream	iso-3166-2-subdivisions		
CD-HK	placeholder-circle	iso-3166-2-placeholder-circle		coords from Wikidata P625
CD-HL	placeholder-circle	iso-3166-2-placeholder-circle		coords from Wikidata P625
CD-HU	placeholder-circle	iso-3166-2-placeholder-circle		coords from Wikidata P625
CD-IT	placeholder-circle	iso-3166-2-placeholder-circle		coords from Wikidata P625
CD-KA	upstream	iso-3166-2-subdivisions		
CD-KC	placeholder-circle	iso-3166-2-placeholder-circle		parent=CD-KW
CD-KE	upstream	iso-3166-2-subdivisions		
CD-KG	placeholder-circle	iso-3166-2-placeholder-circle		coords from Wikidata P625
CD-KL	placeholder-circle	iso-3166-2-placeholder-circle		coords from Wikidata P625
CD-KN	upstream	iso-3166-2-subdivisions		
CD-KS	placeholder-circle	iso-3166-2-placeholder-circle		parent=CD-KW
CD-KW	upstream	iso-3166-2-subdivisions		
CD-LO	placeholder-circle	iso-3166-2-placeholder-circle		coords from Wikidata P625
CD-LU	placeholder-circle	iso-3166-2-placeholder-circle		coords from Wikidata P625
CD-MA	upstream	iso-3166-2-subdivisions		
CD-MN	placeholder-circle	iso-3166-2-placeholder-circle		coords from Wikidata P625
CD-MO	placeholder-circle	iso-3166-2-placeholder-circle		coords from Wikidata P625
CD-NK	upstream	iso-3166-2-subdivisions		
CD-NU	placeholder-circle	iso-3166-2-placeholder-circle		coords from Wikidata P625
CD-OR	upstream	iso-3166-2-subdivisions		
CD-SA	placeholder-circle	iso-3166-2-placeholder-circle		coords from Wikidata P625
CD-SK	upstream	iso-3166-2-subdivisions		
CD-SU	placeholder-circle	iso-3166-2-placeholder-circle		coords from Wikidata P625
CD-TA	placeholder-circle	iso-3166-2-placeholder-circle		coords from Wikidata P625
CD-TO	placeholder-circle	iso-3166-2-placeholder-circle		coords from Wikidata P625
CD-TU	placeholder-circle	iso-3166-2-placeholder-circle		coords from Wikidata P625
CF	upstream	iso-3166-1-countries		
CF-AC	upstream	iso-3166-2-subdivisions		
CF-BB	upstream	iso-3166-2-subdivisions		
CF-BGF	upstream	iso-3166-2-subdivisions		
CF-BK	upstream	iso-3166-2-subdivisions		
CF-HK	upstream	iso-3166-2-subdivisions		
CF-HM	upstream	iso-3166-2-subdivisions		
CF-HS	upstream	iso-3166-2-subdivisions		
CF-KB	upstream	iso-3166-2-subdivisions		
CF-KG	upstream	iso-3166-2-subdivisions		
CF-LB	upstream	iso-3166-2-subdivisions		
CF-MB	upstream	iso-3166-2-subdivisions		
CF-MP	upstream	iso-3166-2-subdivisions		
CF-NM	upstream	iso-3166-2-subdivisions		
CF-OP	upstream	iso-3166-2-subdivisions		
CF-SE	upstream	iso-3166-2-subdivisions		
CF-UK	upstream	iso-3166-2-subdivisions		
CF-VK	upstream	iso-3166-2-subdivisions		
CG	upstream	iso-3166-1-countries		
CG-11	upstream	iso-3166-2-subdivisions		
CG-12	upstream	iso-3166-2-subdivisions		
CG-13	upstream	iso-3166-2-subdivisions		
CG-14	upstream	iso-3166-2-subdivisions		
CG-15	upstream	iso-3166-2-subdivisions		
CG-16	upstream	iso-3166-2-subdivisions		
CG-2	upstream	iso-3166-2-subdivisions		
CG-5	upstream	iso-3166-2-subdivisions		
CG-7	upstream	iso-3166-2-subdivisions		
CG-8	upstream	iso-3166-2-subdivisions		
CG-9	upstream	iso-3166-2-subdivisions		
CG-BZV	upstream	iso-3166-2-subdivisions		
CH	upstream	iso-3166-1-countries		
CH-AG	upstream	iso-3166-2-subdivisions		
CH-AI	upstream	iso-3166-2-subdivisions		
CH-AR	upstream	iso-3166-2-subdivisions		
CH-BE	upstream	iso-3166-2-subdivisions		
CH-BL	upstream	iso-3166-2-subdivisions		
CH-BS	upstream	iso-3166-2-subdivisions		
CH-FR	upstream	iso-3166-2-subdivisions		
CH-GE	upstream	iso-3166-2-subdivisions		
CH-GL	upstream	iso-3166-2-subdivisions		
CH-GR	upstream	iso-3166-2-subdivisions		
CH-JU	upstream	iso-3166-2-subdivisions		
CH-LU	upstream	iso-3166-2-subdivisions		
CH-NE	upstream	iso-3166-2-subdivisions		
CH-NW	upstream	iso-3166-2-subdivisions		
CH-OW	upstream	iso-3166-2-subdivisions		
CH-SG	upstream	iso-3166-2-subdivisions		
CH-SH	upstream	iso-3166-2-subdivisions		
CH-SO	upstream	iso-3166-2-subdivisions		
CH-SZ	upstream	iso-3166-2-subdivisions		
CH-TG	upstream	iso-3166-2-subdivisions		
CH-TI	upstream	iso-3166-2-subdivisions		
CH-UR	upstream	iso-3166-2-subdivisions		
CH-VD	upstream	iso-3166-2-subdivisions		
CH-VS	upstream	iso-3166-2-subdivisions		
CH-ZG	upstream	iso-3166-2-subdivisions		
CH-ZH	upstream	iso-3166-2-subdivisions		
CI	upstream	iso-3166-1-countries		
CI-01	upstream	iso-3166-2-subdivisions		
CI-02	upstream	iso-3166-2-subdivisions		
CI-03	upstream	iso-3166-2-subdivisions		
CI-04	upstream	iso-3166-2-subdivisions		
CI-05	upstream	iso-3166-2-subdivisions		
CI-06	upstream	iso-3166-2-subdivisions		
CI-07	upstream	iso-3166-2-subdivisions		
CI-08	upstream	iso-3166-2-subdivisions		
CI-09	upstream	iso-3166-2-subdivisions		
CI-10	upstream	iso-3166-2-subdivisions		
CI-11	upstream	iso-3166-2-subdivisions		
CI-12	upstream	iso-3166-2-subdivisions		
CI-13	upstream	iso-3166-2-subdivisions		
CI-14	upstream	iso-3166-2-subdivisions		
CI-15	upstream	iso-3166-2-subdivisions		
CI-16	upstream	iso-3166-2-subdivisions		
CI-17	upstream	iso-3166-2-subdivisions		
CI-18	upstream	iso-3166-2-subdivisions		
CI-19	upstream	iso-3166-2-subdivisions		
CI-AB	placeholder-circle	iso-3166-2-placeholder-circle		coords from Wikidata P625
CI-BS	placeholder-circle	iso-3166-2-placeholder-circle		coords from Wikidata P625
CI-CM	placeholder-circle	iso-3166-2-placeholder-circle		coords from Wikidata P625
CI-DN	placeholder-circle	iso-3166-2-placeholder-circle		coords from Wikidata P625
CI-GD	placeholder-circle	iso-3166-2-placeholder-circle		coords from Wikidata P625
CI-LC	placeholder-circle	iso-3166-2-placeholder-circle		coords from Wikidata P625
CI-LG	placeholder-circle	iso-3166-2-placeholder-circle		coords from Wikidata P625
CI-MG	placeholder-circle	iso-3166-2-placeholder-circle		coords from Wikidata P625
CI-SM	placeholder-circle	iso-3166-2-placeholder-circle		coords from Wikidata P625
CI-SV	placeholder-circle	iso-3166-2-placeholder-circle		coords from Wikidata P625
CI-VB	placeholder-circle	iso-3166-2-placeholder-circle		coords from Wikidata P625
CI-WR	placeholder-circle	iso-3166-2-placeholder-circle		coords from Wikidata P625
CI-YM	placeholder-circle	iso-3166-2-placeholder-circle		coords from Wikidata P625
CI-ZZ	placeholder-circle	iso-3166-2-placeholder-circle		coords from Wikidata P625
CK	upstream	iso-3166-1-countries		
CL	upstream	iso-3166-1-countries		
CL-AI	upstream	iso-3166-2-subdivisions		
CL-AN	upstream	iso-3166-2-subdivisions		
CL-AP	upstream	iso-3166-2-subdivisions		
CL-AR	upstream	iso-3166-2-subdivisions		
CL-AT	upstream	iso-3166-2-subdivisions		
CL-BI	upstream	iso-3166-2-subdivisions		
CL-CO	upstream	iso-3166-2-subdivisions		
CL-LI	upstream	iso-3166-2-subdivisions		
CL-LL	upstream	iso-3166-2-subdivisions		
CL-LR	upstream	iso-3166-2-subdivisions		
CL-MA	upstream	iso-3166-2-subdivisions		
CL-ML	upstream	iso-3166-2-subdivisions		
CL-NB	upstream	iso-3166-2-subdivisions		
CL-RM	upstream	iso-3166-2-subdivisions		
CL-TA	upstream	iso-3166-2-subdivisions		
CL-VS	upstream	iso-3166-2-subdivisions		
CM	upstream	iso-3166-1-countries		
CM-AD	upstream	iso-3166-2-subdivisions		
CM-CE	upstream	iso-3166-2-subdivisions		
CM-EN	upstream	iso-3166-2-subdivisions		
CM-ES	upstream	iso-3166-2-subdivisions		
CM-LT	upstream	iso-3166-2-subdivisions		
CM-NO	upstream	iso-3166-2-subdivisions		
CM-NW	upstream	iso-3166-2-subdivisions		
CM-OU	upstream	iso-3166-2-subdivisions		
CM-SU	upstream	iso-3166-2-subdivisions		
CM-SW	upstream	iso-3166-2-subdivisions		
CN	upstream	iso-3166-1-countries		
CN-AH	upstream	iso-3166-2-subdivisions		
CN-BJ	upstream	iso-3166-2-subdivisions		
CN-CQ	upstream	iso-3166-2-subdivisions		
CN-FJ	upstream	iso-3166-2-subdivisions		
CN-GD	upstream	iso-3166-2-subdivisions		
CN-GS	upstream	iso-3166-2-subdivisions		
CN-GX	upstream	iso-3166-2-subdivisions		
CN-GZ	upstream	iso-3166-2-subdivisions		
CN-HA	upstream	iso-3166-2-subdivisions		
CN-HB	upstream	iso-3166-2-subdivisions		
CN-HE	upstream	iso-3166-2-subdivisions		
CN-HI	upstream	iso-3166-2-subdivisions		
CN-HK	placeholder-circle	iso-3166-2-placeholder-circle		coords from Wikidata P625
CN-HL	upstream	iso-3166-2-subdivisions		
CN-HN	upstream	iso-3166-2-subdivisions		
CN-JL	upstream	iso-3166-2-subdivisions		
CN-JS	upstream	iso-3166-2-subdivisions		
CN-JX	upstream	iso-3166-2-subdivisions		
CN-LN	upstream	iso-3166-2-subdivisions		
CN-MO	placeholder-circle	iso-3166-2-placeholder-circle		coords from Wikidata P625
CN-NM	upstream	iso-3166-2-subdivisions		
CN-NX	upstream	iso-3166-2-subdivisions		
CN-QH	upstream	iso-3166-2-subdivisions		
CN-SC	upstream	iso-3166-2-subdivisions		
CN-SD	upstream	iso-3166-2-subdivisions		
CN-SH	upstream	iso-3166-2-subdivisions		
CN-SN	upstream	iso-3166-2-subdivisions		
CN-SX	upstream	iso-3166-2-subdivisions		
CN-TJ	upstream	iso-3166-2-subdivisions		
CN-TW	placeholder-circle	iso-3166-2-placeholder-circle		coords from Wikidata P625
CN-XJ	upstream	iso-3166-2-subdivisions		
CN-XZ	upstream	iso-3166-2-subdivisions		
CN-YN	upstream	iso-3166-2-subdivisions		
CN-ZJ	upstream	iso-3166-2-subdivisions		
CO	upstream	iso-3166-1-countries		
CO-AMA	upstream	iso-3166-2-subdivisions		
CO-ANT	upstream	iso-3166-2-subdivisions		
CO-ARA	upstream	iso-3166-2-subdivisions		
CO-ATL	upstream	iso-3166-2-subdivisions		
CO-BOL	upstream	iso-3166-2-subdivisions		
CO-BOY	upstream	iso-3166-2-subdivisions		
CO-CAL	upstream	iso-3166-2-subdivisions		
CO-CAQ	upstream	iso-3166-2-subdivisions		
CO-CAS	upstream	iso-3166-2-subdivisions		
CO-CAU	upstream	iso-3166-2-subdivisions		
CO-CES	upstream	iso-3166-2-subdivisions		
CO-CHO	upstream	iso-3166-2-subdivisions		
CO-COR	upstream	iso-3166-2-subdivisions		
CO-CUN	upstream	iso-3166-2-subdivisions		
CO-DC	placeholder-circle	iso-3166-2-placeholder-circle		parent=CO-CUN
CO-GUA	upstream	iso-3166-2-subdivisions		
CO-GUV	upstream	iso-3166-2-subdivisions		
CO-HUI	upstream	iso-3166-2-subdivisions		
CO-LAG	upstream	iso-3166-2-subdivisions		
CO-MAG	upstream	iso-3166-2-subdivisions		
CO-MET	upstream	iso-3166-2-subdivisions		
CO-NAR	upstream	iso-3166-2-subdivisions		
CO-NSA	upstream	iso-3166-2-subdivisions		
CO-PUT	upstream	iso-3166-2-subdivisions		
CO-QUI	upstream	iso-3166-2-subdivisions		
CO-RIS	upstream	iso-3166-2-subdivisions		
CO-SAN	upstream	iso-3166-2-subdivisions		
CO-SAP	upstream	iso-3166-2-subdivisions		
CO-SUC	upstream	iso-3166-2-subdivisions		
CO-TOL	upstream	iso-3166-2-subdivisions		
CO-VAC	upstream	iso-3166-2-subdivisions		
CO-VAU	upstream	iso-3166-2-subdivisions		
CO-VID	upstream	iso-3166-2-subdivisions		
CR	upstream	iso-3166-1-countries		
CR-A	upstream	iso-3166-2-subdivisions		
CR-C	upstream	iso-3166-2-subdivisions		
CR-G	upstream	iso-3166-2-subdivisions		
CR-H	upstream	iso-3166-2-subdivisions		
CR-L	upstream	iso-3166-2-subdivisions		
CR-P	upstream	iso-3166-2-subdivisions		
CR-SJ	upstream	iso-3166-2-subdivisions		
CS-CG	placeholder-circle	iso-3166-2-placeholder-circle		coords from Wikidata P625
CS-SR	placeholder-circle	iso-3166-2-placeholder-circle		coords from Wikidata P625
CU	upstream	iso-3166-1-countries		
CU-01	upstream	iso-3166-2-subdivisions		
CU-02	placeholder-circle	iso-3166-2-placeholder-circle		split-into=CU-15,CU-16
CU-03	upstream	iso-3166-2-subdivisions		
CU-04	upstream	iso-3166-2-subdivisions		
CU-05	upstream	iso-3166-2-subdivisions		
CU-06	upstream	iso-3166-2-subdivisions		
CU-07	upstream	iso-3166-2-subdivisions		
CU-08	upstream	iso-3166-2-subdivisions		
CU-09	upstream	iso-3166-2-subdivisions		
CU-10	upstream	iso-3166-2-subdivisions		
CU-11	upstream	iso-3166-2-subdivisions		
CU-12	upstream	iso-3166-2-subdivisions		
CU-13	upstream	iso-3166-2-subdivisions		
CU-14	upstream	iso-3166-2-subdivisions		
CU-15	upstream	iso-3166-2-subdivisions		
CU-16	upstream	iso-3166-2-subdivisions		
CU-99	upstream	iso-3166-2-subdivisions		
CV	upstream	iso-3166-1-countries		
CV-B	placeholder-circle	iso-3166-2-placeholder-circle		coords from Wikidata P625
CV-BR	upstream	iso-3166-2-subdivisions		
CV-BV	upstream	iso-3166-2-subdivisions		
CV-CA	upstream	iso-3166-2-subdivisions		
CV-CF	upstream	iso-3166-2-subdivisions		
CV-CR	upstream	iso-3166-2-subdivisions		
CV-MA	upstream	iso-3166-2-subdivisions		
CV-MO	upstream	iso-3166-2-subdivisions		
CV-PA	upstream	iso-3166-2-subdivisions		
CV-PN	upstream	iso-3166-2-subdivisions		
CV-PR	upstream	iso-3166-2-subdivisions		
CV-RB	upstream	iso-3166-2-subdivisions		
CV-RG	upstream	iso-3166-2-subdivisions		
CV-RS	upstream	iso-3166-2-subdivisions		
CV-S	placeholder-circle	iso-3166-2-placeholder-circle		coords from Wikidata P625
CV-SD	upstream	iso-3166-2-subdivisions		
CV-SF	upstream	iso-3166-2-subdivisions		
CV-SL	upstream	iso-3166-2-subdivisions		
CV-SM	upstream	iso-3166-2-subdivisions		
CV-SO	upstream	iso-3166-2-subdivisions		
CV-SS	upstream	iso-3166-2-subdivisions		
CV-SV	upstream	iso-3166-2-subdivisions		
CV-TA	upstream	iso-3166-2-subdivisions		
CV-TS	upstream	iso-3166-2-subdivisions		
CW	upstream	iso-3166-1-countries		
CX	upstream	iso-3166-1-subunits		
CY	upstream	iso-3166-1-countries		
CY-01	upstream	iso-3166-2-subdivisions		
CY-02	upstream	iso-3166-2-subdivisions		
CY-03	upstream	iso-3166-2-subdivisions		
CY-04	upstream	iso-3166-2-subdivisions		
CY-05	upstream	iso-3166-2-subdivisions		
CY-06	placeholder-circle	iso-3166-2-placeholder-circle		coords from Wikidata P625
CZ	upstream	iso-3166-1-countries		
CZ-10	placeholder-circle	iso-3166-2-placeholder-circle		coords from Wikidata P625
CZ-101	placeholder-circle	iso-3166-2-placeholder-circle		coords from Wikidata P625
CZ-102	placeholder-circle	iso-3166-2-placeholder-circle		coords from Wikidata P625
CZ-103	placeholder-circle	iso-3166-2-placeholder-circle		coords from Wikidata P625
CZ-104	placeholder-circle	iso-3166-2-placeholder-circle		coords from Wikidata P625
CZ-105	placeholder-circle	iso-3166-2-placeholder-circle		coords from Wikidata P625
CZ-106	placeholder-circle	iso-3166-2-placeholder-circle		coords from Wikidata P625
CZ-107	placeholder-circle	iso-3166-2-placeholder-circle		coords from Wikidata P625
CZ-108	placeholder-circle	iso-3166-2-placeholder-circle		coords from Wikidata P625
CZ-109	placeholder-circle	iso-3166-2-placeholder-circle		coords from Wikidata P625
CZ-110	placeholder-circle	iso-3166-2-placeholder-circle		coords from Wikidata P625
CZ-111	placeholder-circle	iso-3166-2-placeholder-circle		coords from Wikidata P625
CZ-112	placeholder-circle	iso-3166-2-placeholder-circle		coords from Wikidata P625
CZ-113	placeholder-circle	iso-3166-2-placeholder-circle		coords from Wikidata P625
CZ-114	placeholder-circle	iso-3166-2-placeholder-circle		coords from Wikidata P625
CZ-115	placeholder-circle	iso-3166-2-placeholder-circle		coords from Wikidata P625
CZ-117	placeholder-circle	iso-3166-2-placeholder-circle		coords from Wikidata P625
CZ-118	placeholder-circle	iso-3166-2-placeholder-circle		coords from Wikidata P625
CZ-121	placeholder-circle	iso-3166-2-placeholder-circle		coords from Wikidata P625
CZ-122	placeholder-circle	iso-3166-2-placeholder-circle		coords from Wikidata P625
CZ-20	placeholder-circle	iso-3166-2-placeholder-circle		coords from Wikidata P625
CZ-201	placeholder-circle	iso-3166-2-placeholder-circle		coords from Wikidata P625
CZ-202	placeholder-circle	iso-3166-2-placeholder-circle		coords from Wikidata P625
CZ-203	placeholder-circle	iso-3166-2-placeholder-circle		coords from Wikidata P625
CZ-204	placeholder-circle	iso-3166-2-placeholder-circle		coords from Wikidata P625
CZ-205	placeholder-circle	iso-3166-2-placeholder-circle		coords from Wikidata P625
CZ-206	placeholder-circle	iso-3166-2-placeholder-circle		coords from Wikidata P625
CZ-207	placeholder-circle	iso-3166-2-placeholder-circle		coords from Wikidata P625
CZ-208	placeholder-circle	iso-3166-2-placeholder-circle		coords from Wikidata P625
CZ-209	placeholder-circle	iso-3166-2-placeholder-circle		coords from Wikidata P625
CZ-20A	placeholder-circle	iso-3166-2-placeholder-circle		coords from Wikidata P625
CZ-20B	placeholder-circle	iso-3166-2-placeholder-circle		coords from Wikidata P625
CZ-20C	placeholder-circle	iso-3166-2-placeholder-circle		coords from Wikidata P625
CZ-31	placeholder-circle	iso-3166-2-placeholder-circle		coords from Wikidata P625
CZ-311	placeholder-circle	iso-3166-2-placeholder-circle		coords from Wikidata P625
CZ-312	placeholder-circle	iso-3166-2-placeholder-circle		coords from Wikidata P625
CZ-313	placeholder-circle	iso-3166-2-placeholder-circle		coords from Wikidata P625
CZ-314	placeholder-circle	iso-3166-2-placeholder-circle		coords from Wikidata P625
CZ-315	placeholder-circle	iso-3166-2-placeholder-circle		coords from Wikidata P625
CZ-316	placeholder-circle	iso-3166-2-placeholder-circle		coords from Wikidata P625
CZ-317	placeholder-circle	iso-3166-2-placeholder-circle		coords from Wikidata P625
CZ-32	placeholder-circle	iso-3166-2-placeholder-circle		coords from Wikidata P625
CZ-321	placeholder-circle	iso-3166-2-placeholder-circle		coords from Wikidata P625
CZ-322	placeholder-circle	iso-3166-2-placeholder-circle		coords from Wikidata P625
CZ-323	placeholder-circle	iso-3166-2-placeholder-circle		coords from Wikidata P625
CZ-324	placeholder-circle	iso-3166-2-placeholder-circle		coords from Wikidata P625
CZ-325	placeholder-circle	iso-3166-2-placeholder-circle		coords from Wikidata P625
CZ-326	placeholder-circle	iso-3166-2-placeholder-circle		coords from Wikidata P625
CZ-327	placeholder-circle	iso-3166-2-placeholder-circle		coords from Wikidata P625
CZ-41	placeholder-circle	iso-3166-2-placeholder-circle		coords from Wikidata P625
CZ-411	placeholder-circle	iso-3166-2-placeholder-circle		coords from Wikidata P625
CZ-412	placeholder-circle	iso-3166-2-placeholder-circle		coords from Wikidata P625
CZ-413	placeholder-circle	iso-3166-2-placeholder-circle		coords from Wikidata P625
CZ-42	placeholder-circle	iso-3166-2-placeholder-circle		coords from Wikidata P625
CZ-421	placeholder-circle	iso-3166-2-placeholder-circle		coords from Wikidata P625
CZ-422	placeholder-circle	iso-3166-2-placeholder-circle		coords from Wikidata P625
CZ-423	placeholder-circle	iso-3166-2-placeholder-circle		coords from Wikidata P625
CZ-424	placeholder-circle	iso-3166-2-placeholder-circle		coords from Wikidata P625
CZ-425	placeholder-circle	iso-3166-2-placeholder-circle		coords from Wikidata P625
CZ-426	placeholder-circle	iso-3166-2-placeholder-circle		coords from Wikidata P625
CZ-427	placeholder-circle	iso-3166-2-placeholder-circle		coords from Wikidata P625
CZ-51	placeholder-circle	iso-3166-2-placeholder-circle		coords from Wikidata P625
CZ-511	placeholder-circle	iso-3166-2-placeholder-circle		coords from Wikidata P625
CZ-512	placeholder-circle	iso-3166-2-placeholder-circle		coords from Wikidata P625
CZ-513	placeholder-circle	iso-3166-2-placeholder-circle		coords from Wikidata P625
CZ-514	placeholder-circle	iso-3166-2-placeholder-circle		coords from Wikidata P625
CZ-52	placeholder-circle	iso-3166-2-placeholder-circle		coords from Wikidata P625
CZ-521	placeholder-circle	iso-3166-2-placeholder-circle		coords from Wikidata P625
CZ-522	placeholder-circle	iso-3166-2-placeholder-circle		coords from Wikidata P625
CZ-523	placeholder-circle	iso-3166-2-placeholder-circle		coords from Wikidata P625
CZ-524	placeholder-circle	iso-3166-2-placeholder-circle		coords from Wikidata P625
CZ-525	placeholder-circle	iso-3166-2-placeholder-circle		coords from Wikidata P625
CZ-53	placeholder-circle	iso-3166-2-placeholder-circle		coords from Wikidata P625
CZ-531	placeholder-circle	iso-3166-2-placeholder-circle		coords from Wikidata P625
CZ-532	placeholder-circle	iso-3166-2-placeholder-circle		coords from Wikidata P625
CZ-533	placeholder-circle	iso-3166-2-placeholder-circle		coords from Wikidata P625
CZ-534	placeholder-circle	iso-3166-2-placeholder-circle		coords from Wikidata P625
CZ-63	placeholder-circle	iso-3166-2-placeholder-circle		coords from Wikidata P625
CZ-631	placeholder-circle	iso-3166-2-placeholder-circle		coords from Wikidata P625
CZ-632	placeholder-circle	iso-3166-2-placeholder-circle		coords from Wikidata P625
CZ-633	placeholder-circle	iso-3166-2-placeholder-circle		coords from Wikidata P625
CZ-634	placeholder-circle	iso-3166-2-placeholder-circle		coords from Wikidata P625
CZ-635	placeholder-circle	iso-3166-2-placeholder-circle		coords from Wikidata P625
CZ-64	placeholder-circle	iso-3166-2-placeholder-circle		coords from Wikidata P625
CZ-641	placeholder-circle	iso-3166-2-placeholder-circle		coords from Wikidata P625
CZ-642	placeholder-circle	iso-3166-2-placeholder-circle		coords from Wikidata P625
CZ-643	placeholder-circle	iso-3166-2-placeholder-circle		coords from Wikidata P625
CZ-644	placeholder-circle	iso-3166-2-placeholder-circle		coords from Wikidata P625
CZ-645	placeholder-circle	iso-3166-2-placeholder-circle		coords from Wikidata P625
CZ-646	placeholder-circle	iso-3166-2-placeholder-circle		coords from Wikidata P625
CZ-647	placeholder-circle	iso-3166-2-placeholder-circle		coords from Wikidata P625
CZ-71	placeholder-circle	iso-3166-2-placeholder-circle		coords from Wikidata P625
CZ-711	placeholder-circle	iso-3166-2-placeholder-circle		coords from Wikidata P625
CZ-712	placeholder-circle	iso-3166-2-placeholder-circle		coords from Wikidata P625
CZ-713	placeholder-circle	iso-3166-2-placeholder-circle		coords from Wikidata P625
CZ-714	placeholder-circle	iso-3166-2-placeholder-circle		coords from Wikidata P625
CZ-715	placeholder-circle	iso-3166-2-placeholder-circle		coords from Wikidata P625
CZ-72	placeholder-circle	iso-3166-2-placeholder-circle		coords from Wikidata P625
CZ-721	placeholder-circle	iso-3166-2-placeholder-circle		coords from Wikidata P625
CZ-722	placeholder-circle	iso-3166-2-placeholder-circle		coords from Wikidata P625
CZ-723	placeholder-circle	iso-3166-2-placeholder-circle		coords from Wikidata P625
CZ-724	placeholder-circle	iso-3166-2-placeholder-circle		coords from Wikidata P625
CZ-80	placeholder-circle	iso-3166-2-placeholder-circle		coords from Wikidata P625
CZ-801	placeholder-circle	iso-3166-2-placeholder-circle		coords from Wikidata P625
CZ-802	placeholder-circle	iso-3166-2-placeholder-circle		coords from Wikidata P625
CZ-803	placeholder-circle	iso-3166-2-placeholder-circle		coords from Wikidata P625
CZ-804	placeholder-circle	iso-3166-2-placeholder-circle		coords from Wikidata P625
CZ-805	placeholder-circle	iso-3166-2-placeholder-circle		coords from Wikidata P625
CZ-806	placeholder-circle	iso-3166-2-placeholder-circle		coords from Wikidata P625
CZ-JC	upstream	iso-3166-2-subdivisions		
CZ-JM	upstream	iso-3166-2-subdivisions		
CZ-KA	upstream	iso-3166-2-subdivisions		
CZ-KR	upstream	iso-3166-2-subdivisions		
CZ-LI	upstream	iso-3166-2-subdivisions		
CZ-MO	upstream	iso-3166-2-subdivisions		
CZ-OL	upstream	iso-3166-2-subdivisions		
CZ-PA	upstream	iso-3166-2-subdivisions		
CZ-PL	upstream	iso-3166-2-subdivisions		
CZ-PR	upstream	iso-3166-2-subdivisions		
CZ-ST	upstream	iso-3166-2-subdivisions		
CZ-US	upstream	iso-3166-2-subdivisions		
CZ-VY	upstream	iso-3166-2-subdivisions		
CZ-ZL	upstream	iso-3166-2-subdivisions		
DE	upstream	iso-3166-1-countries		
DE-BB	upstream	iso-3166-2-subdivisions		
DE-BE	upstream	iso-3166-2-subdivisions		
DE-BW	upstream	iso-3166-2-subdivisions		
DE-BY	upstream	iso-3166-2-subdivisions		
DE-HB	upstream	iso-3166-2-subdivisions		
DE-HE	upstream	iso-3166-2-subdivisions		
DE-HH	upstream	iso-3166-2-subdivisions		
DE-MV	upstream	iso-3166-2-subdivisions		
DE-NI	upstream	iso-3166-2-subdivisions		
DE-NW	upstream	iso-3166-2-subdivisions		
DE-RP	upstream	iso-3166-2-subdivisions		
DE-SH	upstream	iso-3166-2-subdivisions		
DE-SL	upstream	iso-3166-2-subdivisions		
DE-SN	upstream	iso-3166-2-subdivisions		
DE-ST	upstream	iso-3166-2-subdivisions		
DE-TH	upstream	iso-3166-2-subdivisions		
DJ	upstream	iso-3166-1-countries		
DJ-AR	upstream	iso-3166-2-subdivisions		
DJ-AS	upstream	iso-3166-2-subdivisions		
DJ-DI	upstream	iso-3166-2-subdivisions		
DJ-DJ	upstream	iso-3166-2-subdivisions		
DJ-OB	upstream	iso-3166-2-subdivisions		
DJ-TA	upstream	iso-3166-2-subdivisions		
DK	upstream	iso-3166-1-countries		
DK-81	upstream	iso-3166-2-subdivisions		
DK-82	upstream	iso-3166-2-subdivisions		
DK-83	upstream	iso-3166-2-subdivisions		
DK-84	upstream	iso-3166-2-subdivisions		
DK-85	upstream	iso-3166-2-subdivisions		
DK-GL	alias-symlink	iso-3166-1-countries	GL	dual-coded with ISO 3166-1
DM	upstream	iso-3166-1-countries		
DM-02	upstream	iso-3166-2-subdivisions		
DM-03	upstream	iso-3166-2-subdivisions		
DM-04	upstream	iso-3166-2-subdivisions		
DM-05	upstream	iso-3166-2-subdivisions		
DM-06	upstream	iso-3166-2-subdivisions		
DM-07	upstream	iso-3166-2-subdivisions		
DM-08	upstream	iso-3166-2-subdivisions		
DM-09	upstream	iso-3166-2-subdivisions		
DM-10	upstream	iso-3166-2-subdivisions		
DM-11	upstream	iso-3166-2-subdivisions		
DO	upstream	iso-3166-1-countries		
DO-01	upstream	iso-3166-2-subdivisions		
DO-02	upstream	iso-3166-2-subdivisions		
DO-03	upstream	iso-3166-2-subdivisions		
DO-04	upstream	iso-3166-2-subdivisions		
DO-05	upstream	iso-3166-2-subdivisions		
DO-06	upstream	iso-3166-2-subdivisions		
DO-07	upstream	iso-3166-2-subdivisions		
DO-08	upstream	iso-3166-2-subdivisions		
DO-09	upstream	iso-3166-2-subdivisions		
DO-10	upstream	iso-3166-2-subdivisions		
DO-11	upstream	iso-3166-2-subdivisions		
DO-12	upstream	iso-3166-2-subdivisions		
DO-13	upstream	iso-3166-2-subdivisions		
DO-14	upstream	iso-3166-2-subdivisions		
DO-15	upstream	iso-3166-2-subdivisions		
DO-16	upstream	iso-3166-2-subdivisions		
DO-17	upstream	iso-3166-2-subdivisions		
DO-18	upstream	iso-3166-2-subdivisions		
DO-19	upstream	iso-3166-2-subdivisions		
DO-20	upstream	iso-3166-2-subdivisions		
DO-21	upstream	iso-3166-2-subdivisions		
DO-22	upstream	iso-3166-2-subdivisions		
DO-23	upstream	iso-3166-2-subdivisions		
DO-24	upstream	iso-3166-2-subdivisions		
DO-25	upstream	iso-3166-2-subdivisions		
DO-26	upstream	iso-3166-2-subdivisions		
DO-27	upstream	iso-3166-2-subdivisions		
DO-28	upstream	iso-3166-2-subdivisions		
DO-29	upstream	iso-3166-2-subdivisions		
DO-30	upstream	iso-3166-2-subdivisions		
DO-31	upstream	iso-3166-2-subdivisions		
DO-32	upstream	iso-3166-2-subdivisions		
DO-40	placeholder-country-centroid	iso-3166-2-placeholder-country-centroid		no coords in Wikidata; centroid of DO
DO-41	placeholder-country-centroid	iso-3166-2-placeholder-country-centroid		no coords in Wikidata; centroid of DO
DZ	upstream	iso-3166-1-countries		
DZ-01	upstream	iso-3166-2-subdivisions		
DZ-02	upstream	iso-3166-2-subdivisions		
DZ-03	upstream	iso-3166-2-subdivisions		
DZ-04	upstream	iso-3166-2-subdivisions		
DZ-05	upstream	iso-3166-2-subdivisions		
DZ-06	upstream	iso-3166-2-subdivisions		
DZ-07	upstream	iso-3166-2-subdivisions		
DZ-08	upstream	iso-3166-2-subdivisions		
DZ-09	upstream	iso-3166-2-subdivisions		
DZ-10	upstream	iso-3166-2-subdivisions		
DZ-11	upstream	iso-3166-2-subdivisions		
DZ-12	upstream	iso-3166-2-subdivisions		
DZ-13	upstream	iso-3166-2-subdivisions		
DZ-14	upstream	iso-3166-2-subdivisions		
DZ-15	upstream	iso-3166-2-subdivisions		
DZ-16	upstream	iso-3166-2-subdivisions		
DZ-17	upstream	iso-3166-2-subdivisions		
DZ-18	upstream	iso-3166-2-subdivisions		
DZ-19	upstream	iso-3166-2-subdivisions		
DZ-20	upstream	iso-3166-2-subdivisions		
DZ-21	upstream	iso-3166-2-subdivisions		
DZ-22	upstream	iso-3166-2-subdivisions		
DZ-23	upstream	iso-3166-2-subdivisions		
DZ-24	upstream	iso-3166-2-subdivisions		
DZ-25	upstream	iso-3166-2-subdivisions		
DZ-26	upstream	iso-3166-2-subdivisions		
DZ-27	upstream	iso-3166-2-subdivisions		
DZ-28	upstream	iso-3166-2-subdivisions		
DZ-29	upstream	iso-3166-2-subdivisions		
DZ-30	upstream	iso-3166-2-subdivisions		
DZ-31	upstream	iso-3166-2-subdivisions		
DZ-32	upstream	iso-3166-2-subdivisions		
DZ-33	upstream	iso-3166-2-subdivisions		
DZ-34	upstream	iso-3166-2-subdivisions		
DZ-35	upstream	iso-3166-2-subdivisions		
DZ-36	upstream	iso-3166-2-subdivisions		
DZ-37	upstream	iso-3166-2-subdivisions		
DZ-38	upstream	iso-3166-2-subdivisions		
DZ-39	upstream	iso-3166-2-subdivisions		
DZ-40	upstream	iso-3166-2-subdivisions		
DZ-41	upstream	iso-3166-2-subdivisions		
DZ-42	upstream	iso-3166-2-subdivisions		
DZ-43	upstream	iso-3166-2-subdivisions		
DZ-44	upstream	iso-3166-2-subdivisions		
DZ-45	upstream	iso-3166-2-subdivisions		
DZ-46	upstream	iso-3166-2-subdivisions		
DZ-47	upstream	iso-3166-2-subdivisions		
DZ-48	upstream	iso-3166-2-subdivisions		
DZ-49	placeholder-circle	iso-3166-2-placeholder-circle		coords from Wikidata P625
DZ-50	placeholder-circle	iso-3166-2-placeholder-circle		coords from Wikidata P625
DZ-51	placeholder-circle	iso-3166-2-placeholder-circle		coords from Wikidata P625
DZ-52	placeholder-circle	iso-3166-2-placeholder-circle		coords from Wikidata P625
DZ-53	placeholder-circle	iso-3166-2-placeholder-circle		coords from Wikidata P625
DZ-54	placeholder-circle	iso-3166-2-placeholder-circle		coords from Wikidata P625
DZ-55	placeholder-circle	iso-3166-2-placeholder-circle		coords from Wikidata P625
DZ-56	placeholder-circle	iso-3166-2-placeholder-circle		coords from Wikidata P625
DZ-57	placeholder-circle	iso-3166-2-placeholder-circle		coords from Wikidata P625
DZ-58	placeholder-circle	iso-3166-2-placeholder-circle		coords from Wikidata P625
EC	upstream	iso-3166-1-countries		
EC-A	upstream	iso-3166-2-subdivisions		
EC-B	upstream	iso-3166-2-subdivisions		
EC-C	upstream	iso-3166-2-subdivisions		
EC-D	upstream	iso-3166-2-subdivisions		
EC-E	upstream	iso-3166-2-subdivisions		
EC-F	upstream	iso-3166-2-subdivisions		
EC-G	upstream	iso-3166-2-subdivisions		
EC-H	upstream	iso-3166-2-subdivisions		
EC-I	upstream	iso-3166-2-subdivisions		
EC-L	upstream	iso-3166-2-subdivisions		
EC-M	upstream	iso-3166-2-subdivisions		
EC-N	upstream	iso-3166-2-subdivisions		
EC-O	upstream	iso-3166-2-subdivisions		
EC-P	upstream	iso-3166-2-subdivisions		
EC-R	upstream	iso-3166-2-subdivisions		
EC-S	upstream	iso-3166-2-subdivisions		
EC-SD	upstream	iso-3166-2-subdivisions		
EC-SE	upstream	iso-3166-2-subdivisions		
EC-T	upstream	iso-3166-2-subdivisions		
EC-U	upstream	iso-3166-2-subdivisions		
EC-W	upstream	iso-3166-2-subdivisions		
EC-X	upstream	iso-3166-2-subdivisions		
EC-Y	upstream	iso-3166-2-subdivisions		
EC-Z	upstream	iso-3166-2-subdivisions		
EE	upstream	iso-3166-1-countries		
EE-130	placeholder-circle	iso-3166-2-placeholder-circle		coords from Wikidata P625
EE-141	placeholder-circle	iso-3166-2-placeholder-circle		parent=EE-37
EE-142	placeholder-circle	iso-3166-2-placeholder-circle		coords from Wikidata P625
EE-171	placeholder-circle	iso-3166-2-placeholder-circle		coords from Wikidata P625
EE-205	placeholder-circle	iso-3166-2-placeholder-circle		parent=EE-39
EE-214	placeholder-circle	iso-3166-2-placeholder-circle		coords from Wikidata P625
EE-245	placeholder-circle	iso-3166-2-placeholder-circle		parent=EE-37
EE-247	placeholder-circle	iso-3166-2-placeholder-circle		coords from Wikidata P625
EE-251	placeholder-circle	iso-3166-2-placeholder-circle		coords from Wikidata P625
EE-255	placeholder-circle	iso-3166-2-placeholder-circle		coords from Wikidata P625
EE-321	placeholder-circle	iso-3166-2-placeholder-circle		coords from Wikidata P625
EE-37	upstream	iso-3166-2-subdivisions		
EE-39	upstream	iso-3166-2-subdivisions		
EE-430	placeholder-circle	iso-3166-2-placeholder-circle		coords from Wikidata P625
EE-431	placeholder-circle	iso-3166-2-placeholder-circle		parent=EE-37
EE-44	upstream	iso-3166-2-subdivisions		
EE-441	placeholder-circle	iso-3166-2-placeholder-circle		coords from Wikidata P625
EE-442	placeholder-circle	iso-3166-2-placeholder-circle		coords from Wikidata P625
EE-45	placeholder-circle	iso-3166-2-placeholder-circle		coords from Wikidata P625
EE-49	upstream	iso-3166-2-subdivisions		
EE-50	placeholder-circle	iso-3166-2-placeholder-circle		coords from Wikidata P625
EE-51	upstream	iso-3166-2-subdivisions		
EE-514	placeholder-circle	iso-3166-2-placeholder-circle		coords from Wikidata P625
EE-52	placeholder-circle	iso-3166-2-placeholder-circle		coords from Wikidata P625
EE-557	placeholder-circle	iso-3166-2-placeholder-circle		coords from Wikidata P625
EE-56	placeholder-circle	iso-3166-2-placeholder-circle		coords from Wikidata P625
EE-57	upstream	iso-3166-2-subdivisions		
EE-586	placeholder-circle	iso-3166-2-placeholder-circle		coords from Wikidata P625
EE-59	upstream	iso-3166-2-subdivisions		
EE-60	placeholder-circle	iso-3166-2-placeholder-circle		coords from Wikidata P625
EE-615	placeholder-circle	iso-3166-2-placeholder-circle		parent=EE-84
EE-618	placeholder-circle	iso-3166-2-placeholder-circle		coords from Wikidata P625
EE-638	placeholder-circle	iso-3166-2-placeholder-circle		coords from Wikidata P625
EE-64	placeholder-circle	iso-3166-2-placeholder-circle		coords from Wikidata P625
EE-65	upstream	iso-3166-2-subdivisions		
EE-67	upstream	iso-3166-2-subdivisions		
EE-68	placeholder-circle	iso-3166-2-placeholder-circle		coords from Wikidata P625
EE-698	placeholder-circle	iso-3166-2-placeholder-circle		coords from Wikidata P625
EE-70	upstream	iso-3166-2-subdivisions		
EE-71	placeholder-circle	iso-3166-2-placeholder-circle		coords from Wikidata P625
EE-735	placeholder-circle	iso-3166-2-placeholder-circle		coords from Wikidata P625
EE-74	upstream	iso-3166-2-subdivisions		
EE-78	upstream	iso-3166-2-subdivisions		
EE-79	placeholder-circle	iso-3166-2-placeholder-circle		coords from Wikidata P625
EE-809	placeholder-circle	iso-3166-2-placeholder-circle		coords from Wikidata P625
EE-81	placeholder-circle	iso-3166-2-placeholder-circle		coords from Wikidata P625
EE-82	upstream	iso-3166-2-subdivisions		
EE-834	placeholder-circle	iso-3166-2-placeholder-circle		coords from Wikidata P625
EE-84	upstream	iso-3166-2-subdivisions		
EE-86	upstream	iso-3166-2-subdivisions		
EE-87	placeholder-circle	iso-3166-2-placeholder-circle		coords from Wikidata P625
EE-928	placeholder-circle	iso-3166-2-placeholder-circle		coords from Wikidata P625
EG	upstream	iso-3166-1-countries		
EG-ALX	upstream	iso-3166-2-subdivisions		
EG-ASN	upstream	iso-3166-2-subdivisions		
EG-AST	upstream	iso-3166-2-subdivisions		
EG-BA	upstream	iso-3166-2-subdivisions		
EG-BH	upstream	iso-3166-2-subdivisions		
EG-BNS	upstream	iso-3166-2-subdivisions		
EG-C	upstream	iso-3166-2-subdivisions		
EG-DK	upstream	iso-3166-2-subdivisions		
EG-DT	upstream	iso-3166-2-subdivisions		
EG-FYM	upstream	iso-3166-2-subdivisions		
EG-GH	upstream	iso-3166-2-subdivisions		
EG-GZ	upstream	iso-3166-2-subdivisions		
EG-HU	placeholder-circle	iso-3166-2-placeholder-circle		coords from Wikidata P625
EG-IS	upstream	iso-3166-2-subdivisions		
EG-JS	upstream	iso-3166-2-subdivisions		
EG-KB	upstream	iso-3166-2-subdivisions		
EG-KFS	upstream	iso-3166-2-subdivisions		
EG-KN	upstream	iso-3166-2-subdivisions		
EG-LX	upstream	iso-3166-2-subdivisions		
EG-MN	upstream	iso-3166-2-subdivisions		
EG-MNF	upstream	iso-3166-2-subdivisions		
EG-MT	upstream	iso-3166-2-subdivisions		
EG-PTS	upstream	iso-3166-2-subdivisions		
EG-SHG	upstream	iso-3166-2-subdivisions		
EG-SHR	upstream	iso-3166-2-subdivisions		
EG-SIN	upstream	iso-3166-2-subdivisions		
EG-SU	placeholder-circle	iso-3166-2-placeholder-circle		coords from Wikidata P625
EG-SUZ	upstream	iso-3166-2-subdivisions		
EG-WAD	upstream	iso-3166-2-subdivisions		
EH	upstream	iso-3166-1-countries		
ER	upstream	iso-3166-1-countries		
ER-AN	upstream	iso-3166-2-subdivisions		
ER-DK	upstream	iso-3166-2-subdivisions		
ER-DU	upstream	iso-3166-2-subdivisions		
ER-GB	upstream	iso-3166-2-subdivisions		
ER-MA	upstream	iso-3166-2-subdivisions		
ER-SK	upstream	iso-3166-2-subdivisions		
ES	upstream	iso-3166-1-countries		
ES-A	upstream	iso-3166-2-subdivisions		
ES-AB	upstream	iso-3166-2-subdivisions		
ES-AL	upstream	iso-3166-2-subdivisions		
ES-AN	dissolved	iso-3166-2-es-autonomous-community		
ES-AR	dissolved	iso-3166-2-es-autonomous-community		
ES-AS	dissolved	iso-3166-2-es-autonomous-community		
ES-AV	upstream	iso-3166-2-subdivisions		
ES-B	upstream	iso-3166-2-subdivisions		
ES-BA	upstream	iso-3166-2-subdivisions		
ES-BI	upstream	iso-3166-2-subdivisions		
ES-BU	upstream	iso-3166-2-subdivisions		
ES-C	upstream	iso-3166-2-subdivisions		
ES-CA	upstream	iso-3166-2-subdivisions		
ES-CB	dissolved	iso-3166-2-es-autonomous-community		
ES-CC	upstream	iso-3166-2-subdivisions		
ES-CE	upstream	iso-3166-2-subdivisions		
ES-CL	dissolved	iso-3166-2-es-autonomous-community		
ES-CM	dissolved	iso-3166-2-es-autonomous-community		
ES-CN	dissolved	iso-3166-2-es-autonomous-community		
ES-CO	upstream	iso-3166-2-subdivisions		
ES-CR	upstream	iso-3166-2-subdivisions		
ES-CS	upstream	iso-3166-2-subdivisions		
ES-CT	dissolved	iso-3166-2-es-autonomous-community		
ES-CU	upstream	iso-3166-2-subdivisions		
ES-EX	dissolved	iso-3166-2-es-autonomous-community		
ES-GA	dissolved	iso-3166-2-es-autonomous-community		
ES-GC	upstream	iso-3166-2-subdivisions		
ES-GI	upstream	iso-3166-2-subdivisions		
ES-GR	upstream	iso-3166-2-subdivisions		
ES-GU	upstream	iso-3166-2-subdivisions		
ES-H	upstream	iso-3166-2-subdivisions		
ES-HU	upstream	iso-3166-2-subdivisions		
ES-IB	dissolved	iso-3166-2-es-autonomous-community		
ES-J	upstream	iso-3166-2-subdivisions		
ES-L	upstream	iso-3166-2-subdivisions		
ES-LE	upstream	iso-3166-2-subdivisions		
ES-LO	upstream	iso-3166-2-subdivisions		
ES-LU	upstream	iso-3166-2-subdivisions		
ES-M	upstream	iso-3166-2-subdivisions		
ES-MA	upstream	iso-3166-2-subdivisions		
ES-MC	dissolved	iso-3166-2-es-autonomous-community		
ES-MD	dissolved	iso-3166-2-es-autonomous-community		
ES-ML	upstream	iso-3166-2-subdivisions		
ES-MU	upstream	iso-3166-2-subdivisions		
ES-NA	upstream	iso-3166-2-subdivisions		
ES-NC	dissolved	iso-3166-2-es-autonomous-community		
ES-O	upstream	iso-3166-2-subdivisions		
ES-OR	upstream	iso-3166-2-subdivisions		
ES-P	upstream	iso-3166-2-subdivisions		
ES-PM	upstream	iso-3166-2-subdivisions		
ES-PO	upstream	iso-3166-2-subdivisions		
ES-PV	dissolved	iso-3166-2-es-autonomous-community		
ES-RI	dissolved	iso-3166-2-es-autonomous-community		
ES-S	upstream	iso-3166-2-subdivisions		
ES-SA	upstream	iso-3166-2-subdivisions		
ES-SE	upstream	iso-3166-2-subdivisions		
ES-SG	upstream	iso-3166-2-subdivisions		
ES-SO	upstream	iso-3166-2-subdivisions		
ES-SS	upstream	iso-3166-2-subdivisions		
ES-T	upstream	iso-3166-2-subdivisions		
ES-TE	upstream	iso-3166-2-subdivisions		
ES-TF	upstream	iso-3166-2-subdivisions		
ES-TO	upstream	iso-3166-2-subdivisions		
ES-V	upstream	iso-3166-2-subdivisions		
ES-VA	upstream	iso-3166-2-subdivisions		
ES-VC	dissolved	iso-3166-2-es-autonomous-community		
ES-VI	upstream	iso-3166-2-subdivisions		
ES-Z	upstream	iso-3166-2-subdivisions		
ES-ZA	upstream	iso-3166-2-subdivisions		
ET	upstream	iso-3166-1-countries		
ET-AA	upstream	iso-3166-2-subdivisions		
ET-AF	upstream	iso-3166-2-subdivisions		
ET-AM	upstream	iso-3166-2-subdivisions		
ET-BE	upstream	iso-3166-2-subdivisions		
ET-DD	upstream	iso-3166-2-subdivisions		
ET-GA	upstream	iso-3166-2-subdivisions		
ET-HA	upstream	iso-3166-2-subdivisions		
ET-OR	upstream	iso-3166-2-subdivisions		
ET-SI	placeholder-circle	iso-3166-2-placeholder-circle		coords from Wikidata P625
ET-SN	upstream	iso-3166-2-subdivisions		
ET-SO	upstream	iso-3166-2-subdivisions		
ET-SW	placeholder-circle	iso-3166-2-placeholder-circle		coords from Wikidata P625
ET-TI	upstream	iso-3166-2-subdivisions		
FI	upstream	iso-3166-1-countries		
FI-01	alias-symlink	iso-3166-1-countries	AX	dual-coded with ISO 3166-1
FI-02	upstream	iso-3166-2-subdivisions		
FI-03	upstream	iso-3166-2-subdivisions		
FI-04	upstream	iso-3166-2-subdivisions		
FI-05	upstream	iso-3166-2-subdivisions		
FI-06	upstream	iso-3166-2-subdivisions		
FI-07	upstream	iso-3166-2-subdivisions		
FI-08	upstream	iso-3166-2-subdivisions		
FI-09	upstream	iso-3166-2-subdivisions		
FI-10	upstream	iso-3166-2-subdivisions		
FI-11	upstream	iso-3166-2-subdivisions		
FI-12	upstream	iso-3166-2-subdivisions		
FI-13	upstream	iso-3166-2-subdivisions		
FI-14	upstream	iso-3166-2-subdivisions		
FI-15	upstream	iso-3166-2-subdivisions		
FI-16	upstream	iso-3166-2-subdivisions		
FI-17	upstream	iso-3166-2-subdivisions		
FI-18	upstream	iso-3166-2-subdivisions		
FI-19	upstream	iso-3166-2-subdivisions		
FI-IS	placeholder-circle	iso-3166-2-placeholder-circle		coords from Wikidata P625
FI-LL	placeholder-circle	iso-3166-2-placeholder-circle		coords from Wikidata P625
FI-LS	placeholder-circle	iso-3166-2-placeholder-circle		coords from Wikidata P625
FI-OL	placeholder-circle	iso-3166-2-placeholder-circle		coords from Wikidata P625
FJ	upstream	iso-3166-1-countries		
FJ-01	placeholder-circle	iso-3166-2-placeholder-circle		parent=FJ-W
FJ-02	placeholder-circle	iso-3166-2-placeholder-circle		parent=FJ-N
FJ-03	placeholder-circle	iso-3166-2-placeholder-circle		parent=FJ-N
FJ-04	placeholder-circle	iso-3166-2-placeholder-circle		parent=FJ-E
FJ-05	placeholder-circle	iso-3166-2-placeholder-circle		parent=FJ-E
FJ-06	placeholder-circle	iso-3166-2-placeholder-circle		parent=FJ-E
FJ-07	placeholder-circle	iso-3166-2-placeholder-circle		parent=FJ-N
FJ-08	placeholder-circle	iso-3166-2-placeholder-circle		parent=FJ-W
FJ-09	placeholder-circle	iso-3166-2-placeholder-circle		parent=FJ-C
FJ-10	placeholder-circle	iso-3166-2-placeholder-circle		parent=FJ-C
FJ-11	placeholder-circle	iso-3166-2-placeholder-circle		parent=FJ-W
FJ-12	placeholder-circle	iso-3166-2-placeholder-circle		parent=FJ-C
FJ-13	placeholder-circle	iso-3166-2-placeholder-circle		parent=FJ-C
FJ-14	placeholder-circle	iso-3166-2-placeholder-circle		parent=FJ-C
FJ-C	upstream	iso-3166-2-subdivisions		
FJ-E	upstream	iso-3166-2-subdivisions		
FJ-N	upstream	iso-3166-2-subdivisions		
FJ-R	upstream	iso-3166-2-subdivisions		
FJ-W	upstream	iso-3166-2-subdivisions		
FK	upstream	iso-3166-1-countries		
FM	upstream	iso-3166-1-countries		
FM-KSA	upstream	iso-3166-2-subdivisions		
FM-PNI	upstream	iso-3166-2-subdivisions		
FM-TRK	upstream	iso-3166-2-subdivisions		
FM-YAP	upstream	iso-3166-2-subdivisions		
FO	upstream	iso-3166-1-countries		
FR	upstream	iso-3166-1-countries		
FR-01	upstream	iso-3166-2-subdivisions		
FR-02	upstream	iso-3166-2-subdivisions		
FR-03	upstream	iso-3166-2-subdivisions		
FR-04	upstream	iso-3166-2-subdivisions		
FR-05	upstream	iso-3166-2-subdivisions		
FR-06	upstream	iso-3166-2-subdivisions		
FR-07	upstream	iso-3166-2-subdivisions		
FR-08	upstream	iso-3166-2-subdivisions		
FR-09	upstream	iso-3166-2-subdivisions		
FR-10	upstream	iso-3166-2-subdivisions		
FR-11	upstream	iso-3166-2-subdivisions		
FR-12	upstream	iso-3166-2-subdivisions		
FR-13	upstream	iso-3166-2-subdivisions		
FR-14	upstream	iso-3166-2-subdivisions		
FR-15	upstream	iso-3166-2-subdivisions		
FR-16	upstream	iso-3166-2-subdivisions		
FR-17	upstream	iso-3166-2-subdivisions		
FR-18	upstream	iso-3166-2-subdivisions		
FR-19	upstream	iso-3166-2-subdivisions		
FR-20R	placeholder-circle	iso-3166-2-placeholder-circle		coords from Wikidata P625
FR-21	upstream	iso-3166-2-subdivisions		
FR-22	upstream	iso-3166-2-subdivisions		
FR-23	upstream	iso-3166-2-subdivisions		
FR-24	upstream	iso-3166-2-subdivisions		
FR-25	upstream	iso-3166-2-subdivisions		
FR-26	upstream	iso-3166-2-subdivisions		
FR-27	upstream	iso-3166-2-subdivisions		
FR-28	upstream	iso-3166-2-subdivisions		
FR-29	upstream	iso-3166-2-subdivisions		
FR-2A	upstream	iso-3166-2-subdivisions		
FR-2B	upstream	iso-3166-2-subdivisions		
FR-30	upstream	iso-3166-2-subdivisions		
FR-31	upstream	iso-3166-2-subdivisions		
FR-32	upstream	iso-3166-2-subdivisions		
FR-33	upstream	iso-3166-2-subdivisions		
FR-34	upstream	iso-3166-2-subdivisions		
FR-35	upstream	iso-3166-2-subdivisions		
FR-36	upstream	iso-3166-2-subdivisions		
FR-37	upstream	iso-3166-2-subdivisions		
FR-38	upstream	iso-3166-2-subdivisions		
FR-39	upstream	iso-3166-2-subdivisions		
FR-40	upstream	iso-3166-2-subdivisions		
FR-41	upstream	iso-3166-2-subdivisions		
FR-42	upstream	iso-3166-2-subdivisions		
FR-43	upstream	iso-3166-2-subdivisions		
FR-44	upstream	iso-3166-2-subdivisions		
FR-45	upstream	iso-3166-2-subdivisions		
FR-46	upstream	iso-3166-2-subdivisions		
FR-47	upstream	iso-3166-2-subdivisions		
FR-48	upstream	iso-3166-2-subdivisions		
FR-49	upstream	iso-3166-2-subdivisions		
FR-50	upstream	iso-3166-2-subdivisions		
FR-51	upstream	iso-3166-2-subdivisions		
FR-52	upstream	iso-3166-2-subdivisions		
FR-53	upstream	iso-3166-2-subdivisions		
FR-54	upstream	iso-3166-2-subdivisions		
FR-55	upstream	iso-3166-2-subdivisions		
FR-56	upstream	iso-3166-2-subdivisions		
FR-57	upstream	iso-3166-2-subdivisions		
FR-58	upstream	iso-3166-2-subdivisions		
FR-59	upstream	iso-3166-2-subdivisions		
FR-60	upstream	iso-3166-2-subdivisions		
FR-61	upstream	iso-3166-2-subdivisions		
FR-62	upstream	iso-3166-2-subdivisions		
FR-63	upstream	iso-3166-2-subdivisions		
FR-64	upstream	iso-3166-2-subdivisions		
FR-65	upstream	iso-3166-2-subdivisions		
FR-66	upstream	iso-3166-2-subdivisions		
FR-67	upstream	iso-3166-2-subdivisions		
FR-68	upstream	iso-3166-2-subdivisions		
FR-69	upstream	iso-3166-2-subdivisions		
FR-6AE	placeholder-circle	iso-3166-2-placeholder-circle		parent=FR-GES
FR-70	upstream	iso-3166-2-subdivisions		
FR-71	upstream	iso-3166-2-subdivisions		
FR-72	upstream	iso-3166-2-subdivisions		
FR-73	upstream	iso-3166-2-subdivisions		
FR-74	upstream	iso-3166-2-subdivisions		
FR-75	upstream	iso-3166-2-subdivisions		
FR-75C	placeholder-circle	iso-3166-2-placeholder-circle		coords from Wikidata P625
FR-76	upstream	iso-3166-2-subdivisions		
FR-77	upstream	iso-3166-2-subdivisions		
FR-78	upstream	iso-3166-2-subdivisions		
FR-79	upstream	iso-3166-2-subdivisions		
FR-80	upstream	iso-3166-2-subdivisions		
FR-81	upstream	iso-3166-2-subdivisions		
FR-82	upstream	iso-3166-2-subdivisions		
FR-83	upstream	iso-3166-2-subdivisions		
FR-84	upstream	iso-3166-2-subdivisions		
FR-85	upstream	iso-3166-2-subdivisions		
FR-86	upstream	iso-3166-2-subdivisions		
FR-87	upstream	iso-3166-2-subdivisions		
FR-88	upstream	iso-3166-2-subdivisions		
FR-89	upstream	iso-3166-2-subdivisions		
FR-90	upstream	iso-3166-2-subdivisions		
FR-91	upstream	iso-3166-2-subdivisions		
FR-92	upstream	iso-3166-2-subdivisions		
FR-93	upstream	iso-3166-2-subdivisions		
FR-94	upstream	iso-3166-2-subdivisions		
FR-95	upstream	iso-3166-2-subdivisions		
FR-971	placeholder-circle	iso-3166-2-placeholder-circle		coords from Wikidata P625
FR-972	placeholder-circle	iso-3166-2-placeholder-circle		coords from Wikidata P625
FR-973	placeholder-circle	iso-3166-2-placeholder-circle		coords from Wikidata P625
FR-974	placeholder-circle	iso-3166-2-placeholder-circle		coords from Wikidata P625
FR-976	placeholder-circle	iso-3166-2-placeholder-circle		coords from Wikidata P625
FR-A	dissolved	iso-3166-2-fr-region-historic		historical region, pre-2016
FR-ARA	dissolved	iso-3166-2-fr-region-current		
FR-B	dissolved	iso-3166-2-fr-region-historic		historical region, pre-2016
FR-BFC	dissolved	iso-3166-2-fr-region-current		
FR-BL	alias-symlink	iso-3166-1-countries	BL	
FR-BRE	dissolved	iso-3166-2-fr-region-current		
FR-C	dissolved	iso-3166-2-fr-region-historic		historical region, pre-2016
FR-COR	dissolved	iso-3166-2-fr-region-current		
FR-CP	synthetic	iso-3166-2-fr-synthetic		
FR-CVL	dissolved	iso-3166-2-fr-region-current		
FR-D	dissolved	iso-3166-2-fr-region-historic		historical region, pre-2016
FR-E	dissolved	iso-3166-2-fr-region-historic		historical region, pre-2016
FR-F	dissolved	iso-3166-2-fr-region-historic		historical region, pre-2016
FR-G	dissolved	iso-3166-2-fr-region-historic		historical region, pre-2016
FR-GES	dissolved	iso-3166-2-fr-region-current		
FR-GF	upstream	iso-3166-2-subdivisions		
FR-GP	upstream	iso-3166-2-subdivisions		
FR-H	dissolved	iso-3166-2-fr-region-historic		historical region, pre-2016
FR-HDF	dissolved	iso-3166-2-fr-region-current		
FR-I	dissolved	iso-3166-2-fr-region-historic		historical region, pre-2016
FR-IDF	dissolved	iso-3166-2-fr-region-current		
FR-J	dissolved	iso-3166-2-fr-region-historic		historical region, pre-2016
FR-K	dissolved	iso-3166-2-fr-region-historic		historical region, pre-2016
FR-L	dissolved	iso-3166-2-fr-region-historic		historical region, pre-2016
FR-M	dissolved	iso-3166-2-fr-region-historic		historical region, pre-2016
FR-MF	alias-symlink	iso-3166-1-countries	MF	
FR-MQ	upstream	iso-3166-2-subdivisions		
FR-N	dissolved	iso-3166-2-fr-region-historic		historical region, pre-2016
FR-NAQ	dissolved	iso-3166-2-fr-region-current		
FR-NC	alias-symlink	iso-3166-1-countries	NC	
FR-NOR	dissolved	iso-3166-2-fr-region-current		
FR-O	dissolved	iso-3166-2-fr-region-historic		historical region, pre-2016
FR-OCC	dissolved	iso-3166-2-fr-region-current		
FR-P	dissolved	iso-3166-2-fr-region-historic		historical region, pre-2016
FR-PAC	dissolved	iso-3166-2-fr-region-current		
FR-PDL	dissolved	iso-3166-2-fr-region-current		
FR-PF	alias-symlink	iso-3166-1-countries	PF	
FR-PM	alias-symlink	iso-3166-1-countries	PM	
FR-Q	dissolved	iso-3166-2-fr-region-historic		historical region, pre-2016
FR-R	dissolved	iso-3166-2-fr-region-historic		historical region, pre-2016
FR-RE	upstream	iso-3166-2-subdivisions		
FR-S	dissolved	iso-3166-2-fr-region-historic		historical region, pre-2016
FR-T	dissolved	iso-3166-2-fr-region-historic		historical region, pre-2016
FR-TF	alias-symlink	iso-3166-1-countries	TF	
FR-U	dissolved	iso-3166-2-fr-region-historic		historical region, pre-2016
FR-V	dissolved	iso-3166-2-fr-region-historic		historical region, pre-2016
FR-WF	alias-symlink	iso-3166-1-countries	WF	
FR-YT	upstream	iso-3166-2-subdivisions		
GA	upstream	iso-3166-1-countries		
GA-1	upstream	iso-3166-2-subdivisions		
GA-2	upstream	iso-3166-2-subdivisions		
GA-3	upstream	iso-3166-2-subdivisions		
GA-4	upstream	iso-3166-2-subdivisions		
GA-5	upstream	iso-3166-2-subdivisions		
GA-6	upstream	iso-3166-2-subdivisions		
GA-7	upstream	iso-3166-2-subdivisions		
GA-8	upstream	iso-3166-2-subdivisions		
GA-9	upstream	iso-3166-2-subdivisions		
GB	upstream	iso-3166-1-countries		
GB-ABC	placeholder-circle	iso-3166-2-placeholder-circle		parent=GB-NIR
GB-ABD	upstream	iso-3166-2-subdivisions		
GB-ABE	upstream	iso-3166-2-subdivisions		
GB-AGB	upstream	iso-3166-2-subdivisions		
GB-AGY	upstream	iso-3166-2-subdivisions		
GB-AND	placeholder-circle	iso-3166-2-placeholder-circle		parent=GB-NIR
GB-ANN	placeholder-circle	iso-3166-2-placeholder-circle		parent=GB-NIR
GB-ANS	upstream	iso-3166-2-subdivisions		
GB-ANT	upstream	iso-3166-2-subdivisions		
GB-ARD	upstream	iso-3166-2-subdivisions		
GB-ARM	upstream	iso-3166-2-subdivisions		
GB-BAS	upstream	iso-3166-2-subdivisions		
GB-BBD	upstream	iso-3166-2-subdivisions		
GB-BCP	placeholder-circle	iso-3166-2-placeholder-circle		coords from Wikidata P625
GB-BDF	upstream	iso-3166-2-subdivisions		
GB-BDG	upstream	iso-3166-2-subdivisions		
GB-BEN	upstream	iso-3166-2-subdivisions		
GB-BEX	upstream	iso-3166-2-subdivisions		
GB-BFS	upstream	iso-3166-2-subdivisions		
GB-BGE	upstream	iso-3166-2-subdivisions		
GB-BGW	upstream	iso-3166-2-subdivisions		
GB-BIR	upstream	iso-3166-2-subdivisions		
GB-BKM	upstream	iso-3166-2-subdivisions		
GB-BLA	upstream	iso-3166-2-subdivisions		
GB-BLY	upstream	iso-3166-2-subdivisions		
GB-BMH	upstream	iso-3166-2-subdivisions		
GB-BNB	upstream	iso-3166-2-subdivisions		
GB-BNE	upstream	iso-3166-2-subdivisions		
GB-BNH	upstream	iso-3166-2-subdivisions		
GB-BNS	upstream	iso-3166-2-subdivisions		
GB-BOL	upstream	iso-3166-2-subdivisions		
GB-BPL	upstream	iso-3166-2-subdivisions		
GB-BRC	upstream	iso-3166-2-subdivisions		
GB-BRD	upstream	iso-3166-2-subdivisions		
GB-BRY	upstream	iso-3166-2-subdivisions		
GB-BST	upstream	iso-3166-2-subdivisions		
GB-BUR	upstream	iso-3166-2-subdivisions		
GB-CAM	upstream	iso-3166-2-subdivisions		
GB-CAY	upstream	iso-3166-2-subdivisions		
GB-CBF	upstream	iso-3166-2-subdivisions		
GB-CCG	placeholder-circle	iso-3166-2-placeholder-circle		parent=GB-NIR
GB-CGN	upstream	iso-3166-2-subdivisions		
GB-CGV	upstream	iso-3166-2-subdivisions		
GB-CHE	upstream	iso-3166-2-subdivisions		
GB-CHS	placeholder-circle	iso-3166-2-placeholder-circle		parent=GB-ENG
GB-CHW	upstream	iso-3166-2-subdivisions		
GB-CKF	upstream	iso-3166-2-subdivisions		
GB-CKT	upstream	iso-3166-2-subdivisions		
GB-CLD	upstream	iso-3166-2-subdivisions		
GB-CLK	upstream	iso-3166-2-subdivisions		
GB-CLR	upstream	iso-3166-2-subdivisions		
GB-CMA	upstream	iso-3166-2-subdivisions		
GB-CMD	upstream	iso-3166-2-subdivisions		
GB-CMN	upstream	iso-3166-2-subdivisions		
GB-CON	upstream	iso-3166-2-subdivisions		
GB-COV	upstream	iso-3166-2-subdivisions		
GB-CRF	upstream	iso-3166-2-subdivisions		
GB-CRY	upstream	iso-3166-2-subdivisions		
GB-CSR	upstream	iso-3166-2-subdivisions		
GB-CWY	upstream	iso-3166-2-subdivisions		
GB-DAL	upstream	iso-3166-2-subdivisions		
GB-DBY	upstream	iso-3166-2-subdivisions		
GB-DEN	upstream	iso-3166-2-subdivisions		
GB-DER	upstream	iso-3166-2-subdivisions		
GB-DEV	upstream	iso-3166-2-subdivisions		
GB-DGN	upstream	iso-3166-2-subdivisions		
GB-DGY	upstream	iso-3166-2-subdivisions		
GB-DNC	upstream	iso-3166-2-subdivisions		
GB-DND	upstream	iso-3166-2-subdivisions		
GB-DOR	upstream	iso-3166-2-subdivisions		
GB-DOW	upstream	iso-3166-2-subdivisions		
GB-DRS	placeholder-circle	iso-3166-2-placeholder-circle		parent=GB-NIR
GB-DRY	upstream	iso-3166-2-subdivisions		
GB-DUD	upstream	iso-3166-2-subdivisions		
GB-DUR	upstream	iso-3166-2-subdivisions		
GB-EAL	upstream	iso-3166-2-subdivisions		
GB-EAW	placeholder-country-centroid	iso-3166-2-placeholder-country-centroid		no coords in Wikidata; centroid of GB
GB-EAY	upstream	iso-3166-2-subdivisions		
GB-EDH	upstream	iso-3166-2-subdivisions		
GB-EDU	upstream	iso-3166-2-subdivisions		
GB-ELN	upstream	iso-3166-2-subdivisions		
GB-ELS	upstream	iso-3166-2-subdivisions		
GB-ENF	upstream	iso-3166-2-subdivisions		
GB-ENG	dissolved	iso-3166-2-gb-home-nation		
GB-ERW	upstream	iso-3166-2-subdivisions		
GB-ERY	upstream	iso-3166-2-subdivisions		
GB-ESS	upstream	iso-3166-2-subdivisions		
GB-ESX	upstream	iso-3166-2-subdivisions		
GB-FAL	upstream	iso-3166-2-subdivisions		
GB-FER	upstream	iso-3166-2-subdivisions		
GB-FIF	upstream	iso-3166-2-subdivisions		
GB-FLN	upstream	iso-3166-2-subdivisions		
GB-FMO	placeholder-circle	iso-3166-2-placeholder-circle		parent=GB-NIR
GB-GAT	upstream	iso-3166-2-subdivisions		
GB-GBN	placeholder-country-centroid	iso-3166-2-placeholder-country-centroid		no coords in Wikidata; centroid of GB
GB-GLG	upstream	iso-3166-2-subdivisions		
GB-GLS	upstream	iso-3166-2-subdivisions		
GB-GRE	upstream	iso-3166-2-subdivisions		
GB-GWN	upstream	iso-3166-2-subdivisions		
GB-HAL	upstream	iso-3166-2-subdivisions		
GB-HAM	upstream	iso-3166-2-subdivisions		
GB-HAV	upstream	iso-3166-2-subdivisions		
GB-HCK	upstream	iso-3166-2-subdivisions		
GB-HEF	upstream	iso-3166-2-subdivisions		
GB-HIL	upstream	iso-3166-2-subdivisions		
GB-HLD	upstream	iso-3166-2-subdivisions		
GB-HMF	upstream	iso-3166-2-subdivisions		
GB-HNS	upstream	iso-3166-2-subdivisions		
GB-HPL	upstream	iso-3166-2-subdivisions		
GB-HRT	upstream	iso-3166-2-subdivisions		
GB-HRW	upstream	iso-3166-2-subdivisions		
GB-HRY	upstream	iso-3166-2-subdivisions		
GB-IOS	upstream	iso-3166-2-subdivisions		
GB-IOW	upstream	iso-3166-2-subdivisions		
GB-ISL	upstream	iso-3166-2-subdivisions		
GB-IVC	upstream	iso-3166-2-subdivisions		
GB-JSY	alias-symlink	iso-3166-1-countries	JE	dual-coded with ISO 3166-1
GB-KEC	upstream	iso-3166-2-subdivisions		
GB-KEN	upstream	iso-3166-2-subdivisions		
GB-KHL	upstream	iso-3166-2-subdivisions		
GB-KIR	upstream	iso-3166-2-subdivisions		
GB-KTT	upstream	iso-3166-2-subdivisions		
GB-KWL	upstream	iso-3166-2-subdivisions		
GB-LAN	upstream	iso-3166-2-subdivisions		
GB-LBC	placeholder-circle	iso-3166-2-placeholder-circle		parent=GB-NIR
GB-LBH	upstream	iso-3166-2-subdivisions		
GB-LCE	upstream	iso-3166-2-subdivisions		
GB-LDS	upstream	iso-3166-2-subdivisions		
GB-LEC	upstream	iso-3166-2-subdivisions		
GB-LEW	upstream	iso-3166-2-subdivisions		
GB-LIN	upstream	iso-3166-2-subdivisions		
GB-LIV	upstream	iso-3166-2-subdivisions		
GB-LMV	upstream	iso-3166-2-subdivisions		
GB-LND	upstream	iso-3166-2-subdivisions		
GB-LRN	upstream	iso-3166-2-subdivisions		
GB-LSB	upstream	iso-3166-2-subdivisions		
GB-LUT	upstream	iso-3166-2-subdivisions		
GB-MAN	upstream	iso-3166-2-subdivisions		
GB-MDB	upstream	iso-3166-2-subdivisions		
GB-MDW	upstream	iso-3166-2-subdivisions		
GB-MEA	placeholder-circle	iso-3166-2-placeholder-circle		parent=GB-NIR
GB-MFT	upstream	iso-3166-2-subdivisions		
GB-MIK	upstream	iso-3166-2-subdivisions		
GB-MLN	upstream	iso-3166-2-subdivisions		
GB-MON	upstream	iso-3166-2-subdivisions		
GB-MRT	upstream	iso-3166-2-subdivisions		
GB-MRY	upstream	iso-3166-2-subdivisions		
GB-MTY	upstream	iso-3166-2-subdivisions		
GB-MUL	placeholder-circle	iso-3166-2-placeholder-circle		parent=GB-NIR
GB-MYL	upstream	iso-3166-2-subdivisions		
GB-NAY	upstream	iso-3166-2-subdivisions		
GB-NBL	upstream	iso-3166-2-subdivisions		
GB-NDN	upstream	iso-3166-2-subdivisions		
GB-NEL	upstream	iso-3166-2-subdivisions		
GB-NET	upstream	iso-3166-2-subdivisions		
GB-NFK	upstream	iso-3166-2-subdivisions		
GB-NGM	upstream	iso-3166-2-subdivisions		
GB-NIR	dissolved	iso-3166-2-gb-home-nation		
GB-NLK	upstream	iso-3166-2-subdivisions		
GB-NLN	upstream	iso-3166-2-subdivisions		
GB-NMD	placeholder-circle	iso-3166-2-placeholder-circle		parent=GB-NIR
GB-NSM	upstream	iso-3166-2-subdivisions		
GB-NTA	upstream	iso-3166-2-subdivisions		
GB-NTH	upstream	iso-3166-2-subdivisions		
GB-NTL	upstream	iso-3166-2-subdivisions		
GB-NTT	upstream	iso-3166-2-subdivisions		
GB-NTY	upstream	iso-3166-2-subdivisions		
GB-NWM	upstream	iso-3166-2-subdivisions		
GB-NWP	upstream	iso-3166-2-subdivisions		
GB-NYK	upstream	iso-3166-2-subdivisions		
GB-NYM	upstream	iso-3166-2-subdivisions		
GB-OLD	upstream	iso-3166-2-subdivisions		
GB-OMH	upstream	iso-3166-2-subdivisions		
GB-ORK	upstream	iso-3166-2-subdivisions		
GB-OXF	upstream	iso-3166-2-subdivisions		
GB-PEM	upstream	iso-3166-2-subdivisions		
GB-PKN	upstream	iso-3166-2-subdivisions		
GB-PLY	upstream	iso-3166-2-subdivisions		
GB-POL	upstream	iso-3166-2-subdivisions		
GB-POR	upstream	iso-3166-2-subdivisions		
GB-POW	upstream	iso-3166-2-subdivisions		
GB-PTE	upstream	iso-3166-2-subdivisions		
GB-RCC	upstream	iso-3166-2-subdivisions		
GB-RCH	upstream	iso-3166-2-subdivisions		
GB-RCT	upstream	iso-3166-2-subdivisions		
GB-RDB	upstream	iso-3166-2-subdivisions		
GB-RDG	upstream	iso-3166-2-subdivisions		
GB-RFW	upstream	iso-3166-2-subdivisions		
GB-RIC	upstream	iso-3166-2-subdivisions		
GB-ROT	upstream	iso-3166-2-subdivisions		
GB-RUT	upstream	iso-3166-2-subdivisions		
GB-SAW	upstream	iso-3166-2-subdivisions		
GB-SAY	upstream	iso-3166-2-subdivisions		
GB-SCB	upstream	iso-3166-2-subdivisions		
GB-SCT	dissolved	iso-3166-2-gb-home-nation		
GB-SFK	upstream	iso-3166-2-subdivisions		
GB-SFT	upstream	iso-3166-2-subdivisions		
GB-SGC	upstream	iso-3166-2-subdivisions		
GB-SHF	upstream	iso-3166-2-subdivisions		
GB-SHN	upstream	iso-3166-2-subdivisions		
GB-SHR	upstream	iso-3166-2-subdivisions		
GB-SKP	upstream	iso-3166-2-subdivisions		
GB-SLF	upstream	iso-3166-2-subdivisions		
GB-SLG	upstream	iso-3166-2-subdivisions		
GB-SLK	upstream	iso-3166-2-subdivisions		
GB-SND	upstream	iso-3166-2-subdivisions		
GB-SOL	upstream	iso-3166-2-subdivisions		
GB-SOM	upstream	iso-3166-2-subdivisions		
GB-SOS	upstream	iso-3166-2-subdivisions		
GB-SRY	upstream	iso-3166-2-subdivisions		
GB-STB	upstream	iso-3166-2-subdivisions		
GB-STE	upstream	iso-3166-2-subdivisions		
GB-STG	upstream	iso-3166-2-subdivisions		
GB-STH	upstream	iso-3166-2-subdivisions		
GB-STN	upstream	iso-3166-2-subdivisions		
GB-STS	upstream	iso-3166-2-subdivisions		
GB-STT	upstream	iso-3166-2-subdivisions		
GB-STY	upstream	iso-3166-2-subdivisions		
GB-SWA	upstream	iso-3166-2-subdivisions		
GB-SWD	upstream	iso-3166-2-subdivisions		
GB-SWK	upstream	iso-3166-2-subdivisions		
GB-TAM	upstream	iso-3166-2-subdivisions		
GB-TFW	upstream	iso-3166-2-subdivisions		
GB-THR	upstream	iso-3166-2-subdivisions		
GB-TOB	upstream	iso-3166-2-subdivisions		
GB-TOF	upstream	iso-3166-2-subdivisions		
GB-TRF	upstream	iso-3166-2-subdivisions		
GB-TWH	upstream	iso-3166-2-subdivisions		
GB-UKM	placeholder-circle	iso-3166-2-placeholder-circle		coords from Wikidata P625
GB-VGL	upstream	iso-3166-2-subdivisions		
GB-WAR	upstream	iso-3166-2-subdivisions		
GB-WBK	upstream	iso-3166-2-subdivisions		
GB-WDU	upstream	iso-3166-2-subdivisions		
GB-WFT	upstream	iso-3166-2-subdivisions		
GB-WGN	upstream	iso-3166-2-subdivisions		
GB-WIL	upstream	iso-3166-2-subdivisions		
GB-WKF	upstream	iso-3166-2-subdivisions		
GB-WLL	upstream	iso-3166-2-subdivisions		
GB-WLN	upstream	iso-3166-2-subdivisions		
GB-WLS	dissolved	iso-3166-2-gb-home-nation		
GB-WLV	upstream	iso-3166-2-subdivisions		
GB-WND	upstream	iso-3166-2-subdivisions		
GB-WNM	upstream	iso-3166-2-subdivisions		
GB-WOK	upstream	iso-3166-2-subdivisions		
GB-WOR	upstream	iso-3166-2-subdivisions		
GB-WRL	upstream	iso-3166-2-subdivisions		
GB-WRT	upstream	iso-3166-2-subdivisions		
GB-WRX	upstream	iso-3166-2-subdivisions		
GB-WSM	upstream	iso-3166-2-subdivisions		
GB-WSX	upstream	iso-3166-2-subdivisions		
GB-YOR	upstream	iso-3166-2-subdivisions		
GB-ZET	upstream	iso-3166-2-subdivisions		
GD	upstream	iso-3166-1-countries		
GD-01	upstream	iso-3166-2-subdivisions		
GD-02	upstream	iso-3166-2-subdivisions		
GD-03	upstream	iso-3166-2-subdivisions		
GD-04	upstream	iso-3166-2-subdivisions		
GD-05	upstream	iso-3166-2-subdivisions		
GD-06	upstream	iso-3166-2-subdivisions		
GD-10	upstream	iso-3166-2-subdivisions		
GE	upstream	iso-3166-1-countries		
GE-25	placeholder-circle	iso-3166-2-placeholder-circle		parent=GE-SK
GE-29	placeholder-circle	iso-3166-2-placeholder-circle		parent=GE-AJ
GE-37	placeholder-circle	iso-3166-2-placeholder-circle		parent=GE-KK
GE-44	placeholder-circle	iso-3166-2-placeholder-circle		parent=GE-GU
GE-50	placeholder-circle	iso-3166-2-placeholder-circle		parent=GE-SZ
GE-AB	upstream	iso-3166-2-subdivisions		
GE-AJ	upstream	iso-3166-2-subdivisions		
GE-GU	upstream	iso-3166-2-subdivisions		
GE-IM	upstream	iso-3166-2-subdivisions		
GE-KA	upstream	iso-3166-2-subdivisions		
GE-KK	upstream	iso-3166-2-subdivisions		
GE-MM	upstream	iso-3166-2-subdivisions		
GE-RL	upstream	iso-3166-2-subdivisions		
GE-SJ	upstream	iso-3166-2-subdivisions		
GE-SK	upstream	iso-3166-2-subdivisions		
GE-SZ	upstream	iso-3166-2-subdivisions		
GE-TB	upstream	iso-3166-2-subdivisions		
GF	upstream	iso-3166-1-subunits		
GG	upstream	iso-3166-1-countries		
GH	upstream	iso-3166-1-countries		
GH-AA	upstream	iso-3166-2-subdivisions		
GH-AF	placeholder-circle	iso-3166-2-placeholder-circle		coords from Wikidata P625
GH-AH	upstream	iso-3166-2-subdivisions		
GH-BA	upstream	iso-3166-2-subdivisions		
GH-BE	placeholder-circle	iso-3166-2-placeholder-circle		coords from Wikidata P625
GH-BO	placeholder-circle	iso-3166-2-placeholder-circle		coords from Wikidata P625
GH-CP	upstream	iso-3166-2-subdivisions		
GH-EP	upstream	iso-3166-2-subdivisions		
GH-NE	placeholder-circle	iso-3166-2-placeholder-circle		coords from Wikidata P625
GH-NP	upstream	iso-3166-2-subdivisions		
GH-OT	placeholder-circle	iso-3166-2-placeholder-circle		coords from Wikidata P625
GH-SV	placeholder-circle	iso-3166-2-placeholder-circle		coords from Wikidata P625
GH-TV	upstream	iso-3166-2-subdivisions		
GH-UE	upstream	iso-3166-2-subdivisions		
GH-UW	upstream	iso-3166-2-subdivisions		
GH-WN	placeholder-circle	iso-3166-2-placeholder-circle		coords from Wikidata P625
GH-WP	upstream	iso-3166-2-subdivisions		
GI	upstream	iso-3166-1-countries		
GL	upstream	iso-3166-1-countries		
GL-AV	placeholder-circle	iso-3166-2-placeholder-circle		coords from Wikidata P625
GL-KU	upstream	iso-3166-2-subdivisions		
GL-QA	upstream	iso-3166-2-subdivisions		
GL-QE	upstream	iso-3166-2-subdivisions		
GL-QT	placeholder-circle	iso-3166-2-placeholder-circle		coords from Wikidata P625
GL-SM	upstream	iso-3166-2-subdivisions		
GL-UO	upstream	iso-3166-2-subdivisions		
GM	upstream	iso-3166-1-countries		
GM-B	upstream	iso-3166-2-subdivisions		
GM-L	upstream	iso-3166-2-subdivisions		
GM-M	upstream	iso-3166-2-subdivisions		
GM-N	upstream	iso-3166-2-subdivisions		
GM-U	upstream	iso-3166-2-subdivisions		
GM-W	upstream	iso-3166-2-subdivisions		
GN	upstream	iso-3166-1-countries		
GN-B	placeholder-circle	iso-3166-2-placeholder-circle		coords from Wikidata P625
GN-BE	upstream	iso-3166-2-subdivisions		
GN-BF	upstream	iso-3166-2-subdivisions		
GN-BK	upstream	iso-3166-2-subdivisions		
GN-C	upstream	iso-3166-2-subdivisions		
GN-CO	upstream	iso-3166-2-subdivisions		
GN-D	placeholder-circle	iso-3166-2-placeholder-circle		coords from Wikidata P625
GN-DB	upstream	iso-3166-2-subdivisions		
GN-DI	upstream	iso-3166-2-subdivisions		
GN-DL	upstream	iso-3166-2-subdivisions		
GN-DU	upstream	iso-3166-2-subdivisions		
GN-F	placeholder-circle	iso-3166-2-placeholder-circle		coords from Wikidata P625
GN-FA	upstream	iso-3166-2-subdivisions		
GN-FO	upstream	iso-3166-2-subdivisions		
GN-FR	upstream	iso-3166-2-subdivisions		
GN-GA	upstream	iso-3166-2-subdivisions		
GN-GU	upstream	iso-3166-2-subdivisions		
GN-K	upstream	iso-3166-2-subdivisions		
GN-KA	placeholder-circle	iso-3166-2-placeholder-circle		parent=GN-K
GN-KB	upstream	iso-3166-2-subdivisions		
GN-KD	upstream	iso-3166-2-subdivisions		
GN-KE	upstream	iso-3166-2-subdivisions		
GN-KN	upstream	iso-3166-2-subdivisions		
GN-KO	upstream	iso-3166-2-subdivisions		
GN-KS	upstream	iso-3166-2-subdivisions		
GN-L	placeholder-circle	iso-3166-2-placeholder-circle		coords from Wikidata P625
GN-LA	upstream	iso-3166-2-subdivisions		
GN-LE	upstream	iso-3166-2-subdivisions		
GN-LO	upstream	iso-3166-2-subdivisions		
GN-M	placeholder-circle	iso-3166-2-placeholder-circle		coords from Wikidata P625
GN-MC	upstream	iso-3166-2-subdivisions		
GN-MD	upstream	iso-3166-2-subdivisions		
GN-ML	upstream	iso-3166-2-subdivisions		
GN-MM	upstream	iso-3166-2-subdivisions		
GN-N	placeholder-circle	iso-3166-2-placeholder-circle		coords from Wikidata P625
GN-NZ	upstream	iso-3166-2-subdivisions		
GN-PI	upstream	iso-3166-2-subdivisions		
GN-SI	upstream	iso-3166-2-subdivisions		
GN-TE	upstream	iso-3166-2-subdivisions		
GN-TO	upstream	iso-3166-2-subdivisions		
GN-YO	upstream	iso-3166-2-subdivisions		
GP	upstream	iso-3166-1-subunits		
GQ	upstream	iso-3166-1-countries		
GQ-AN	upstream	iso-3166-2-subdivisions		
GQ-BN	upstream	iso-3166-2-subdivisions		
GQ-BS	upstream	iso-3166-2-subdivisions		
GQ-C	placeholder-circle	iso-3166-2-placeholder-circle		coords from Wikidata P625
GQ-CS	upstream	iso-3166-2-subdivisions		
GQ-DJ	placeholder-circle	iso-3166-2-placeholder-circle		coords from Wikidata P625
GQ-I	placeholder-circle	iso-3166-2-placeholder-circle		coords from Wikidata P625
GQ-KN	upstream	iso-3166-2-subdivisions		
GQ-LI	upstream	iso-3166-2-subdivisions		
GQ-WN	upstream	iso-3166-2-subdivisions		
GR	upstream	iso-3166-1-countries		
GR-01	placeholder-circle	iso-3166-2-placeholder-circle		parent=GR-G
GR-03	placeholder-circle	iso-3166-2-placeholder-circle		parent=GR-H
GR-04	placeholder-circle	iso-3166-2-placeholder-circle		parent=GR-H
GR-05	placeholder-circle	iso-3166-2-placeholder-circle		parent=GR-H
GR-06	placeholder-circle	iso-3166-2-placeholder-circle		parent=GR-H
GR-07	placeholder-circle	iso-3166-2-placeholder-circle		parent=GR-H
GR-11	placeholder-circle	iso-3166-2-placeholder-circle		parent=GR-J
GR-12	placeholder-circle	iso-3166-2-placeholder-circle		parent=GR-J
GR-13	placeholder-circle	iso-3166-2-placeholder-circle		parent=GR-G
GR-14	placeholder-circle	iso-3166-2-placeholder-circle		parent=GR-G
GR-15	placeholder-circle	iso-3166-2-placeholder-circle		parent=GR-J
GR-16	placeholder-circle	iso-3166-2-placeholder-circle		parent=GR-J
GR-17	placeholder-circle	iso-3166-2-placeholder-circle		parent=GR-J
GR-21	placeholder-circle	iso-3166-2-placeholder-circle		coords from Wikidata P625
GR-22	placeholder-circle	iso-3166-2-placeholder-circle		parent=GR-F
GR-23	placeholder-circle	iso-3166-2-placeholder-circle		parent=GR-F
GR-24	placeholder-circle	iso-3166-2-placeholder-circle		parent=GR-F
GR-31	placeholder-circle	iso-3166-2-placeholder-circle		parent=GR-D
GR-32	placeholder-circle	iso-3166-2-placeholder-circle		parent=GR-D
GR-33	placeholder-circle	iso-3166-2-placeholder-circle		parent=GR-D
GR-34	placeholder-circle	iso-3166-2-placeholder-circle		parent=GR-D
GR-41	placeholder-circle	iso-3166-2-placeholder-circle		parent=GR-E
GR-42	placeholder-circle	iso-3166-2-placeholder-circle		parent=GR-E
GR-43	placeholder-circle	iso-3166-2-placeholder-circle		parent=GR-E
GR-44	placeholder-circle	iso-3166-2-placeholder-circle		parent=GR-E
GR-51	placeholder-circle	iso-3166-2-placeholder-circle		parent=GR-C
GR-52	placeholder-circle	iso-3166-2-placeholder-circle		parent=GR-A
GR-53	placeholder-circle	iso-3166-2-placeholder-circle		parent=GR-B
GR-54	placeholder-circle	iso-3166-2-placeholder-circle		parent=GR-B
GR-55	placeholder-circle	iso-3166-2-placeholder-circle		parent=GR-A
GR-56	placeholder-circle	iso-3166-2-placeholder-circle		parent=GR-C; withdrawn
GR-57	placeholder-circle	iso-3166-2-placeholder-circle		parent=GR-B
GR-58	placeholder-circle	iso-3166-2-placeholder-circle		parent=GR-C
GR-59	placeholder-circle	iso-3166-2-placeholder-circle		parent=GR-B
GR-61	placeholder-circle	iso-3166-2-placeholder-circle		coords from Wikidata P625
GR-62	placeholder-circle	iso-3166-2-placeholder-circle		parent=GR-B
GR-63	placeholder-circle	iso-3166-2-placeholder-circle		parent=GR-C
GR-64	placeholder-circle	iso-3166-2-placeholder-circle		coords from Wikidata P625
GR-69	upstream	iso-3166-2-subdivisions		
GR-71	placeholder-circle	iso-3166-2-placeholder-circle		coords from Wikidata P625
GR-72	placeholder-circle	iso-3166-2-placeholder-circle		parent=GR-A
GR-73	placeholder-circle	iso-3166-2-placeholder-circle		parent=GR-A
GR-81	placeholder-circle	iso-3166-2-placeholder-circle		parent=GR-L
GR-82	placeholder-circle	iso-3166-2-placeholder-circle		parent=GR-L
GR-83	placeholder-circle	iso-3166-2-placeholder-circle		parent=GR-K; withdrawn
GR-84	placeholder-circle	iso-3166-2-placeholder-circle		parent=GR-K
GR-85	placeholder-circle	iso-3166-2-placeholder-circle		parent=GR-K
GR-91	placeholder-circle	iso-3166-2-placeholder-circle		parent=GR-M
GR-92	placeholder-circle	iso-3166-2-placeholder-circle		parent=GR-M
GR-93	placeholder-circle	iso-3166-2-placeholder-circle		parent=GR-M
GR-94	placeholder-circle	iso-3166-2-placeholder-circle		parent=GR-M
GR-A	upstream	iso-3166-2-subdivisions		
GR-A1	upstream	iso-3166-2-subdivisions		
GR-A2	placeholder-circle	iso-3166-2-placeholder-circle		parent=GR-A1
GR-B	upstream	iso-3166-2-subdivisions		
GR-C	upstream	iso-3166-2-subdivisions		
GR-D	upstream	iso-3166-2-subdivisions		
GR-E	upstream	iso-3166-2-subdivisions		
GR-F	upstream	iso-3166-2-subdivisions		
GR-G	upstream	iso-3166-2-subdivisions		
GR-H	upstream	iso-3166-2-subdivisions		
GR-I	placeholder-circle	iso-3166-2-placeholder-circle		coords from Wikidata P625
GR-J	upstream	iso-3166-2-subdivisions		
GR-K	upstream	iso-3166-2-subdivisions		
GR-L	upstream	iso-3166-2-subdivisions		
GR-M	upstream	iso-3166-2-subdivisions		
GS	upstream	iso-3166-1-countries		
GT	upstream	iso-3166-1-countries		
GT-01	placeholder-circle	iso-3166-2-placeholder-circle		coords from Wikidata P625
GT-02	placeholder-circle	iso-3166-2-placeholder-circle		coords from Wikidata P625
GT-03	placeholder-circle	iso-3166-2-placeholder-circle		coords from Wikidata P625
GT-04	placeholder-circle	iso-3166-2-placeholder-circle		coords from Wikidata P625
GT-05	placeholder-circle	iso-3166-2-placeholder-circle		coords from Wikidata P625
GT-06	placeholder-circle	iso-3166-2-placeholder-circle		coords from Wikidata P625
GT-07	placeholder-circle	iso-3166-2-placeholder-circle		coords from Wikidata P625
GT-08	placeholder-circle	iso-3166-2-placeholder-circle		coords from Wikidata P625
GT-09	placeholder-circle	iso-3166-2-placeholder-circle		coords from Wikidata P625
GT-10	placeholder-circle	iso-3166-2-placeholder-circle		coords from Wikidata P625
GT-11	placeholder-circle	iso-3166-2-placeholder-circle		coords from Wikidata P625
GT-12	placeholder-circle	iso-3166-2-placeholder-circle		coords from Wikidata P625
GT-13	placeholder-circle	iso-3166-2-placeholder-circle		coords from Wikidata P625
GT-14	placeholder-circle	iso-3166-2-placeholder-circle		coords from Wikidata P625
GT-15	placeholder-circle	iso-3166-2-placeholder-circle		coords from Wikidata P625
GT-16	placeholder-circle	iso-3166-2-placeholder-circle		coords from Wikidata P625
GT-17	placeholder-circle	iso-3166-2-placeholder-circle		coords from Wikidata P625
GT-18	placeholder-circle	iso-3166-2-placeholder-circle		coords from Wikidata P625
GT-19	placeholder-circle	iso-3166-2-placeholder-circle		coords from Wikidata P625
GT-20	placeholder-circle	iso-3166-2-placeholder-circle		coords from Wikidata P625
GT-21	placeholder-circle	iso-3166-2-placeholder-circle		coords from Wikidata P625
GT-22	placeholder-circle	iso-3166-2-placeholder-circle		coords from Wikidata P625
GT-AV	upstream	iso-3166-2-subdivisions		
GT-BV	upstream	iso-3166-2-subdivisions		
GT-CM	upstream	iso-3166-2-subdivisions		
GT-CQ	upstream	iso-3166-2-subdivisions		
GT-ES	upstream	iso-3166-2-subdivisions		
GT-GU	upstream	iso-3166-2-subdivisions		
GT-HU	upstream	iso-3166-2-subdivisions		
GT-IZ	upstream	iso-3166-2-subdivisions		
GT-JA	upstream	iso-3166-2-subdivisions		
GT-JU	upstream	iso-3166-2-subdivisions		
GT-PE	upstream	iso-3166-2-subdivisions		
GT-PR	upstream	iso-3166-2-subdivisions		
GT-QC	upstream	iso-3166-2-subdivisions		
GT-QZ	upstream	iso-3166-2-subdivisions		
GT-RE	upstream	iso-3166-2-subdivisions		
GT-SA	upstream	iso-3166-2-subdivisions		
GT-SM	upstream	iso-3166-2-subdivisions		
GT-SO	upstream	iso-3166-2-subdivisions		
GT-SR	upstream	iso-3166-2-subdivisions		
GT-SU	upstream	iso-3166-2-subdivisions		
GT-TO	upstream	iso-3166-2-subdivisions		
GT-ZA	upstream	iso-3166-2-subdivisions		
GU	upstream	iso-3166-1-countries		
GW	upstream	iso-3166-1-countries		
GW-BA	upstream	iso-3166-2-subdivisions		
GW-BL	upstream	iso-3166-2-subdivisions		
GW-BM	upstream	iso-3166-2-subdivisions		
GW-BS	upstream	iso-3166-2-subdivisions		
GW-CA	upstream	iso-3166-2-subdivisions		
GW-GA	upstream	iso-3166-2-subdivisions		
GW-L	placeholder-circle	iso-3166-2-placeholder-circle		coords from Wikidata P625
GW-N	placeholder-circle	iso-3166-2-placeholder-circle		coords from Wikidata P625
GW-OI	upstream	iso-3166-2-subdivisions		
GW-QU	upstream	iso-3166-2-subdivisions		
GW-S	placeholder-circle	iso-3166-2-placeholder-circle		coords from Wikidata P625
GW-TO	upstream	iso-3166-2-subdivisions		
GY	upstream	iso-3166-1-countries		
GY-BA	upstream	iso-3166-2-subdivisions		
GY-CU	upstream	iso-3166-2-subdivisions		
GY-DE	upstream	iso-3166-2-subdivisions		
GY-EB	upstream	iso-3166-2-subdivisions		
GY-ES	upstream	iso-3166-2-subdivisions		
GY-MA	upstream	iso-3166-2-subdivisions		
GY-PM	upstream	iso-3166-2-subdivisions		
GY-PT	upstream	iso-3166-2-subdivisions		
GY-UD	upstream	iso-3166-2-subdivisions		
GY-UT	upstream	iso-3166-2-subdivisions		
HK	upstream	iso-3166-1-countries		
HM	upstream	iso-3166-1-countries		
HN	upstream	iso-3166-1-countries		
HN-AT	upstream	iso-3166-2-subdivisions		
HN-CH	upstream	iso-3166-2-subdivisions		
HN-CL	upstream	iso-3166-2-subdivisions		
HN-CM	upstream	iso-3166-2-subdivisions		
HN-CP	upstream	iso-3166-2-subdivisions		
HN-CR	upstream	iso-3166-2-subdivisions		
HN-EP	upstream	iso-3166-2-subdivisions		
HN-FM	upstream	iso-3166-2-subdivisions		
HN-GD	upstream	iso-3166-2-subdivisions		
HN-IB	upstream	iso-3166-2-subdivisions		
HN-IN	upstream	iso-3166-2-subdivisions		
HN-LE	upstream	iso-3166-2-subdivisions		
HN-LP	upstream	iso-3166-2-subdivisions		
HN-OC	upstream	iso-3166-2-subdivisions		
HN-OL	upstream	iso-3166-2-subdivisions		
HN-SB	upstream	iso-3166-2-subdivisions		
HN-VA	upstream	iso-3166-2-subdivisions		
HN-YO	upstream	iso-3166-2-subdivisions		
HR	upstream	iso-3166-1-countries		
HR-01	upstream	iso-3166-2-subdivisions		
HR-02	upstream	iso-3166-2-subdivisions		
HR-03	upstream	iso-3166-2-subdivisions		
HR-04	upstream	iso-3166-2-subdivisions		
HR-05	upstream	iso-3166-2-subdivisions		
HR-06	upstream	iso-3166-2-subdivisions		
HR-07	upstream	iso-3166-2-subdivisions		
HR-08	upstream	iso-3166-2-subdivisions		
HR-09	upstream	iso-3166-2-subdivisions		
HR-10	upstream	iso-3166-2-subdivisions		
HR-11	placeholder-circle	iso-3166-2-placeholder-circle		coords from Wikidata P625
HR-12	upstream	iso-3166-2-subdivisions		
HR-13	upstream	iso-3166-2-subdivisions		
HR-14	upstream	iso-3166-2-subdivisions		
HR-15	upstream	iso-3166-2-subdivisions		
HR-16	upstream	iso-3166-2-subdivisions		
HR-17	upstream	iso-3166-2-subdivisions		
HR-18	upstream	iso-3166-2-subdivisions		
HR-19	upstream	iso-3166-2-subdivisions		
HR-20	upstream	iso-3166-2-subdivisions		
HR-21	upstream	iso-3166-2-subdivisions		
HT	upstream	iso-3166-1-countries		
HT-AR	upstream	iso-3166-2-subdivisions		
HT-CE	upstream	iso-3166-2-subdivisions		
HT-GA	upstream	iso-3166-2-subdivisions		
HT-ND	upstream	iso-3166-2-subdivisions		
HT-NE	upstream	iso-3166-2-subdivisions		
HT-NI	upstream	iso-3166-2-subdivisions		
HT-NO	upstream	iso-3166-2-subdivisions		
HT-OU	upstream	iso-3166-2-subdivisions		
HT-SD	upstream	iso-3166-2-subdivisions		
HT-SE	upstream	iso-3166-2-subdivisions		
HU	upstream	iso-3166-1-countries		
HU-BA	upstream	iso-3166-2-subdivisions		
HU-BC	upstream	iso-3166-2-subdivisions		
HU-BE	upstream	iso-3166-2-subdivisions		
HU-BK	upstream	iso-3166-2-subdivisions		
HU-BU	upstream	iso-3166-2-subdivisions		
HU-BZ	upstream	iso-3166-2-subdivisions		
HU-CS	upstream	iso-3166-2-subdivisions		
HU-DE	upstream	iso-3166-2-subdivisions		
HU-DU	upstream	iso-3166-2-subdivisions		
HU-ED	upstream	iso-3166-2-subdivisions		
HU-EG	upstream	iso-3166-2-subdivisions		
HU-ER	placeholder-circle	iso-3166-2-placeholder-circle		coords from Wikidata P625
HU-FE	upstream	iso-3166-2-subdivisions		
HU-GS	upstream	iso-3166-2-subdivisions		
HU-GY	upstream	iso-3166-2-subdivisions		
HU-HB	upstream	iso-3166-2-subdivisions		
HU-HE	upstream	iso-3166-2-subdivisions		
HU-HV	upstream	iso-3166-2-subdivisions		
HU-JN	upstream	iso-3166-2-subdivisions		
HU-KE	upstream	iso-3166-2-subdivisions		
HU-KM	upstream	iso-3166-2-subdivisions		
HU-KV	upstream	iso-3166-2-subdivisions		
HU-MI	upstream	iso-3166-2-subdivisions		
HU-NK	upstream	iso-3166-2-subdivisions		
HU-NO	upstream	iso-3166-2-subdivisions		
HU-NY	upstream	iso-3166-2-subdivisions		
HU-PE	upstream	iso-3166-2-subdivisions		
HU-PS	upstream	iso-3166-2-subdivisions		
HU-SD	upstream	iso-3166-2-subdivisions		
HU-SF	upstream	iso-3166-2-subdivisions		
HU-SH	upstream	iso-3166-2-subdivisions		
HU-SK	upstream	iso-3166-2-subdivisions		
HU-SN	upstream	iso-3166-2-subdivisions		
HU-SO	upstream	iso-3166-2-subdivisions		
HU-SS	upstream	iso-3166-2-subdivisions		
HU-ST	upstream	iso-3166-2-subdivisions		
HU-SZ	upstream	iso-3166-2-subdivisions		
HU-TB	upstream	iso-3166-2-subdivisions		
HU-TO	upstream	iso-3166-2-subdivisions		
HU-VA	upstream	iso-3166-2-subdivisions		
HU-VE	upstream	iso-3166-2-subdivisions		
HU-VM	upstream	iso-3166-2-subdivisions		
HU-ZA	upstream	iso-3166-2-subdivisions		
HU-ZE	upstream	iso-3166-2-subdivisions		
ID	upstream	iso-3166-1-countries		
ID-AC	upstream	iso-3166-2-subdivisions		
ID-BA	upstream	iso-3166-2-subdivisions		
ID-BB	upstream	iso-3166-2-subdivisions		
ID-BE	upstream	iso-3166-2-subdivisions		
ID-BT	upstream	iso-3166-2-subdivisions		
ID-GO	upstream	iso-3166-2-subdivisions		
ID-JA	upstream	iso-3166-2-subdivisions		
ID-JB	upstream	iso-3166-2-subdivisions		
ID-JI	upstream	iso-3166-2-subdivisions		
ID-JK	upstream	iso-3166-2-subdivisions		
ID-JT	upstream	iso-3166-2-subdivisions		
ID-JW	placeholder-country-centroid	iso-3166-2-placeholder-country-centroid		no coords in Wikidata; centroid of ID
ID-KA	placeholder-circle	iso-3166-2-placeholder-circle		coords from Wikidata P625
ID-KB	upstream	iso-3166-2-subdivisions		
ID-KI	upstream	iso-3166-2-subdivisions		
ID-KR	upstream	iso-3166-2-subdivisions		
ID-KS	upstream	iso-3166-2-subdivisions		
ID-KT	upstream	iso-3166-2-subdivisions		
ID-KU	placeholder-circle	iso-3166-2-placeholder-circle		coords from Wikidata P625
ID-LA	upstream	iso-3166-2-subdivisions		
ID-MA	upstream	iso-3166-2-subdivisions		
ID-ML	placeholder-circle	iso-3166-2-placeholder-circle		coords from Wikidata P625
ID-MU	upstream	iso-3166-2-subdivisions		
ID-NB	upstream	iso-3166-2-subdivisions		
ID-NG	placeholder-circle	iso-3166-2-placeholder-circle		parent=ID-JI
ID-NT	upstream	iso-3166-2-subdivisions		
ID-NU	placeholder-circle	iso-3166-2-placeholder-circle		coords from Wikidata P625
ID-PA	upstream	iso-3166-2-subdivisions		
ID-PB	upstream	iso-3166-2-subdivisions		
ID-PD	placeholder-circle	iso-3166-2-placeholder-circle		coords from Wikidata P625
ID-PE	placeholder-circle	iso-3166-2-placeholder-circle		coords from Wikidata P625
ID-PP	placeholder-circle	iso-3166-2-placeholder-circle		coords from Wikidata P625
ID-PS	placeholder-circle	iso-3166-2-placeholder-circle		coords from Wikidata P625
ID-PT	placeholder-circle	iso-3166-2-placeholder-circle		coords from Wikidata P625
ID-RI	upstream	iso-3166-2-subdivisions		
ID-SA	upstream	iso-3166-2-subdivisions		
ID-SB	upstream	iso-3166-2-subdivisions		
ID-SG	upstream	iso-3166-2-subdivisions		
ID-SL	placeholder-circle	iso-3166-2-placeholder-circle		coords from Wikidata P625
ID-SM	placeholder-circle	iso-3166-2-placeholder-circle		coords from Wikidata P625
ID-SN	upstream	iso-3166-2-subdivisions		
ID-SR	upstream	iso-3166-2-subdivisions		
ID-SS	upstream	iso-3166-2-subdivisions		
ID-ST	upstream	iso-3166-2-subdivisions		
ID-SU	upstream	iso-3166-2-subdivisions		
ID-YO	upstream	iso-3166-2-subdivisions		
IE	upstream	iso-3166-1-countries		
IE-C	placeholder-circle	iso-3166-2-placeholder-circle		coords from Wikidata P625
IE-CE	upstream	iso-3166-2-subdivisions		
IE-CN	upstream	iso-3166-2-subdivisions		
IE-CO	upstream	iso-3166-2-subdivisions		
IE-CW	upstream	iso-3166-2-subdivisions		
IE-D	upstream	iso-3166-2-subdivisions		
IE-DL	upstream	iso-3166-2-subdivisions		
IE-G	upstream	iso-3166-2-subdivisions		
IE-KE	upstream	iso-3166-2-subdivisions		
IE-KK	upstream	iso-3166-2-subdivisions		
IE-KY	upstream	iso-3166-2-subdivisions		
IE-L	placeholder-circle	iso-3166-2-placeholder-circle		coords from Wikidata P625
IE-LD	upstream	iso-3166-2-subdivisions		
IE-LH	upstream	iso-3166-2-subdivisions		
IE-LK	upstream	iso-3166-2-subdivisions		
IE-LM	upstream	iso-3166-2-subdivisions		
IE-LS	upstream	iso-3166-2-subdivisions		
IE-M	placeholder-circle	iso-3166-2-placeholder-circle		coords from Wikidata P625
IE-MH	upstream	iso-3166-2-subdivisions		
IE-MN	upstream	iso-3166-2-subdivisions		
IE-MO	upstream	iso-3166-2-subdivisions		
IE-OY	upstream	iso-3166-2-subdivisions		
IE-RN	upstream	iso-3166-2-subdivisions		
IE-SO	upstream	iso-3166-2-subdivisions		
IE-TA	upstream	iso-3166-2-subdivisions		
IE-U	placeholder-circle	iso-3166-2-placeholder-circle		coords from Wikidata P625
IE-WD	upstream	iso-3166-2-subdivisions		
IE-WH	upstream	iso-3166-2-subdivisions		
IE-WW	upstream	iso-3166-2-subdivisions		
IE-WX	upstream	iso-3166-2-subdivisions		
IL	upstream	iso-3166-1-countries		
IL-D	upstream	iso-3166-2-subdivisions		
IL-HA	upstream	iso-3166-2-subdivisions		
IL-JM	upstream	iso-3166-2-subdivisions		
IL-M	upstream	iso-3166-2-subdivisions		
IL-TA	upstream	iso-3166-2-subdivisions		
IL-Z	upstream	iso-3166-2-subdivisions		
IM	upstream	iso-3166-1-countries		
IN	upstream	iso-3166-1-countries		
IN-AN	upstream	iso-3166-2-subdivisions		
IN-AP	upstream	iso-3166-2-subdivisions		
IN-AR	upstream	iso-3166-2-subdivisions		
IN-AS	upstream	iso-3166-2-subdivisions		
IN-BR	upstream	iso-3166-2-subdivisions		
IN-CG	placeholder-circle	iso-3166-2-placeholder-circle		coords from Wikidata P625
IN-CH	upstream	iso-3166-2-subdivisions		
IN-CT	upstream	iso-3166-2-subdivisions		
IN-DD	alias-symlink-superseded	wikidata-p1366	IN-DH	superseded by current code
IN-DH	upstream	iso-3166-2-subdivisions		
IN-DL	upstream	iso-3166-2-subdivisions		
IN-DN	placeholder-circle	iso-3166-2-placeholder-circle		parent=IN-DH
IN-GA	upstream	iso-3166-2-subdivisions		
IN-GJ	upstream	iso-3166-2-subdivisions		
IN-HP	upstream	iso-3166-2-subdivisions		
IN-HR	upstream	iso-3166-2-subdivisions		
IN-JH	upstream	iso-3166-2-subdivisions		
IN-JK	upstream	iso-3166-2-subdivisions		
IN-KA	upstream	iso-3166-2-subdivisions		
IN-KL	upstream	iso-3166-2-subdivisions		
IN-LA	upstream	iso-3166-2-subdivisions		
IN-LD	upstream	iso-3166-2-subdivisions		
IN-MH	upstream	iso-3166-2-subdivisions		
IN-ML	upstream	iso-3166-2-subdivisions		
IN-MN	upstream	iso-3166-2-subdivisions		
IN-MP	upstream	iso-3166-2-subdivisions		
IN-MZ	upstream	iso-3166-2-subdivisions		
IN-NL	upstream	iso-3166-2-subdivisions		
IN-OD	placeholder-circle	iso-3166-2-placeholder-circle		coords from Wikidata P625
IN-OR	upstream	iso-3166-2-subdivisions		
IN-PB	upstream	iso-3166-2-subdivisions		
IN-PY	upstream	iso-3166-2-subdivisions		
IN-RJ	upstream	iso-3166-2-subdivisions		
IN-SK	upstream	iso-3166-2-subdivisions		
IN-TG	upstream	iso-3166-2-subdivisions		
IN-TN	upstream	iso-3166-2-subdivisions		
IN-TR	upstream	iso-3166-2-subdivisions		
IN-TS	placeholder-circle	iso-3166-2-placeholder-circle		coords from Wikidata P625
IN-UK	placeholder-circle	iso-3166-2-placeholder-circle		coords from Wikidata P625
IN-UP	upstream	iso-3166-2-subdivisions		
IN-UT	upstream	iso-3166-2-subdivisions		
IN-WB	upstream	iso-3166-2-subdivisions		
IO	upstream	iso-3166-1-countries		
IQ	upstream	iso-3166-1-countries		
IQ-AN	upstream	iso-3166-2-subdivisions		
IQ-AR	upstream	iso-3166-2-subdivisions		
IQ-BA	upstream	iso-3166-2-subdivisions		
IQ-BB	upstream	iso-3166-2-subdivisions		
IQ-BG	upstream	iso-3166-2-subdivisions		
IQ-DA	upstream	iso-3166-2-subdivisions		
IQ-DI	upstream	iso-3166-2-subdivisions		
IQ-DQ	upstream	iso-3166-2-subdivisions		
IQ-HA	placeholder-circle	iso-3166-2-placeholder-circle		coords from Wikidata P625
IQ-KA	upstream	iso-3166-2-subdivisions		
IQ-KI	placeholder-circle	iso-3166-2-placeholder-circle		coords from Wikidata P625
IQ-MA	upstream	iso-3166-2-subdivisions		
IQ-MU	upstream	iso-3166-2-subdivisions		
IQ-NA	upstream	iso-3166-2-subdivisions		
IQ-NI	upstream	iso-3166-2-subdivisions		
IQ-QA	upstream	iso-3166-2-subdivisions		
IQ-SD	upstream	iso-3166-2-subdivisions		
IQ-SU	upstream	iso-3166-2-subdivisions		
IQ-TS	upstream	iso-3166-2-subdivisions		
IQ-WA	upstream	iso-3166-2-subdivisions		
IR	upstream	iso-3166-1-countries		
IR-00	placeholder-circle	iso-3166-2-placeholder-circle		coords from Wikidata P625
IR-01	upstream	iso-3166-2-subdivisions		
IR-02	upstream	iso-3166-2-subdivisions		
IR-03	upstream	iso-3166-2-subdivisions		
IR-04	upstream	iso-3166-2-subdivisions		
IR-05	upstream	iso-3166-2-subdivisions		
IR-06	upstream	iso-3166-2-subdivisions		
IR-07	upstream	iso-3166-2-subdivisions		
IR-08	upstream	iso-3166-2-subdivisions		
IR-09	placeholder-circle	iso-3166-2-placeholder-circle		coords from Wikidata P625
IR-10	upstream	iso-3166-2-subdivisions		
IR-11	upstream	iso-3166-2-subdivisions		
IR-12	upstream	iso-3166-2-subdivisions		
IR-13	upstream	iso-3166-2-subdivisions		
IR-14	upstream	iso-3166-2-subdivisions		
IR-15	upstream	iso-3166-2-subdivisions		
IR-16	upstream	iso-3166-2-subdivisions		
IR-17	upstream	iso-3166-2-subdivisions		
IR-18	upstream	iso-3166-2-subdivisions		
IR-19	upstream	iso-3166-2-subdivisions		
IR-20	upstream	iso-3166-2-subdivisions		
IR-21	upstream	iso-3166-2-subdivisions		
IR-22	upstream	iso-3166-2-subdivisions		
IR-23	upstream	iso-3166-2-subdivisions		
IR-24	upstream	iso-3166-2-subdivisions		
IR-25	upstream	iso-3166-2-subdivisions		
IR-26	upstream	iso-3166-2-subdivisions		
IR-27	upstream	iso-3166-2-subdivisions		
IR-28	upstream	iso-3166-2-subdivisions		
IR-29	upstream	iso-3166-2-subdivisions		
IR-30	upstream	iso-3166-2-subdivisions		
IR-31	upstream	iso-3166-2-subdivisions		
IS	upstream	iso-3166-1-countries		
IS-0	upstream	iso-3166-2-subdivisions		
IS-1	upstream	iso-3166-2-subdivisions		
IS-2	upstream	iso-3166-2-subdivisions		
IS-3	upstream	iso-3166-2-subdivisions		
IS-4	upstream	iso-3166-2-subdivisions		
IS-5	upstream	iso-3166-2-subdivisions		
IS-6	upstream	iso-3166-2-subdivisions		
IS-7	upstream	iso-3166-2-subdivisions		
IS-8	upstream	iso-3166-2-subdivisions		
IS-AKH	placeholder-circle	iso-3166-2-placeholder-circle		parent=IS-5
IS-AKN	placeholder-circle	iso-3166-2-placeholder-circle		parent=IS-3
IS-AKU	placeholder-circle	iso-3166-2-placeholder-circle		coords from Wikidata P625
IS-ARN	placeholder-circle	iso-3166-2-placeholder-circle		parent=IS-4
IS-ASA	placeholder-circle	iso-3166-2-placeholder-circle		parent=IS-8
IS-BFJ	placeholder-circle	iso-3166-2-placeholder-circle		parent=IS-7
IS-BLA	placeholder-circle	iso-3166-2-placeholder-circle		parent=IS-8
IS-BLO	placeholder-circle	iso-3166-2-placeholder-circle		parent=IS-5
IS-BOG	placeholder-circle	iso-3166-2-placeholder-circle		parent=IS-3
IS-BOL	placeholder-circle	iso-3166-2-placeholder-circle		parent=IS-4
IS-DAB	placeholder-circle	iso-3166-2-placeholder-circle		parent=IS-3
IS-DAV	placeholder-circle	iso-3166-2-placeholder-circle		parent=IS-6
IS-DJU	placeholder-circle	iso-3166-2-placeholder-circle		coords from Wikidata P625
IS-EOM	placeholder-circle	iso-3166-2-placeholder-circle		parent=IS-3
IS-EYF	placeholder-circle	iso-3166-2-placeholder-circle		parent=IS-6
IS-FJD	placeholder-circle	iso-3166-2-placeholder-circle		parent=IS-7
IS-FJL	placeholder-circle	iso-3166-2-placeholder-circle		parent=IS-6
IS-FLA	placeholder-circle	iso-3166-2-placeholder-circle		parent=IS-8
IS-FLD	placeholder-circle	iso-3166-2-placeholder-circle		parent=IS-7
IS-FLR	placeholder-circle	iso-3166-2-placeholder-circle		parent=IS-7
IS-GAR	placeholder-circle	iso-3166-2-placeholder-circle		coords from Wikidata P625
IS-GRN	placeholder-circle	iso-3166-2-placeholder-circle		parent=IS-2
IS-GRU	placeholder-circle	iso-3166-2-placeholder-circle		parent=IS-3
IS-HAF	placeholder-circle	iso-3166-2-placeholder-circle		coords from Wikidata P625
IS-HUG	placeholder-circle	iso-3166-2-placeholder-circle		parent=IS-5
IS-HUV	placeholder-circle	iso-3166-2-placeholder-circle		parent=IS-5
IS-HVE	placeholder-circle	iso-3166-2-placeholder-circle		parent=IS-8
IS-KOP	placeholder-circle	iso-3166-2-placeholder-circle		coords from Wikidata P625
IS-MUL	placeholder-circle	iso-3166-2-placeholder-circle		parent=IS-7
IS-RGE	placeholder-circle	iso-3166-2-placeholder-circle		parent=IS-8
IS-RGY	placeholder-circle	iso-3166-2-placeholder-circle		parent=IS-8
IS-RKV	placeholder-circle	iso-3166-2-placeholder-circle		coords from Wikidata P625
IS-SDN	placeholder-circle	iso-3166-2-placeholder-circle		parent=IS-2
IS-SDV	placeholder-circle	iso-3166-2-placeholder-circle		parent=IS-4
IS-SEL	placeholder-circle	iso-3166-2-placeholder-circle		parent=IS-1
IS-SFA	placeholder-circle	iso-3166-2-placeholder-circle		parent=IS-8
IS-SKR	placeholder-circle	iso-3166-2-placeholder-circle		parent=IS-5
IS-SOL	placeholder-circle	iso-3166-2-placeholder-circle		parent=IS-8
IS-SSS	placeholder-circle	iso-3166-2-placeholder-circle		parent=IS-5
IS-STR	placeholder-circle	iso-3166-2-placeholder-circle		parent=IS-4
IS-SVG	placeholder-circle	iso-3166-2-placeholder-circle		parent=IS-2
IS-TJO	placeholder-circle	iso-3166-2-placeholder-circle		parent=IS-6
IS-VEM	placeholder-circle	iso-3166-2-placeholder-circle		parent=IS-8
IT	upstream	iso-3166-1-countries		
IT-21	placeholder-circle	iso-3166-2-placeholder-circle		coords from Wikidata P625
IT-23	placeholder-circle	iso-3166-2-placeholder-circle		coords from Wikidata P625
IT-25	placeholder-circle	iso-3166-2-placeholder-circle		coords from Wikidata P625
IT-32	placeholder-circle	iso-3166-2-placeholder-circle		coords from Wikidata P625
IT-34	placeholder-circle	iso-3166-2-placeholder-circle		coords from Wikidata P625
IT-36	placeholder-circle	iso-3166-2-placeholder-circle		coords from Wikidata P625
IT-42	placeholder-circle	iso-3166-2-placeholder-circle		coords from Wikidata P625
IT-45	placeholder-circle	iso-3166-2-placeholder-circle		coords from Wikidata P625
IT-52	placeholder-circle	iso-3166-2-placeholder-circle		coords from Wikidata P625
IT-55	placeholder-circle	iso-3166-2-placeholder-circle		coords from Wikidata P625
IT-57	placeholder-circle	iso-3166-2-placeholder-circle		coords from Wikidata P625
IT-62	placeholder-circle	iso-3166-2-placeholder-circle		coords from Wikidata P625
IT-65	placeholder-circle	iso-3166-2-placeholder-circle		coords from Wikidata P625
IT-67	placeholder-circle	iso-3166-2-placeholder-circle		coords from Wikidata P625
IT-72	placeholder-circle	iso-3166-2-placeholder-circle		coords from Wikidata P625
IT-75	placeholder-circle	iso-3166-2-placeholder-circle		coords from Wikidata P625
IT-77	placeholder-circle	iso-3166-2-placeholder-circle		coords from Wikidata P625
IT-78	placeholder-circle	iso-3166-2-placeholder-circle		coords from Wikidata P625
IT-82	placeholder-circle	iso-3166-2-placeholder-circle		coords from Wikidata P625
IT-88	placeholder-circle	iso-3166-2-placeholder-circle		coords from Wikidata P625
IT-AG	upstream	iso-3166-2-subdivisions		
IT-AL	upstream	iso-3166-2-subdivisions		
IT-AN	upstream	iso-3166-2-subdivisions		
IT-AO	upstream	iso-3166-2-subdivisions		
IT-AP	upstream	iso-3166-2-subdivisions		
IT-AQ	upstream	iso-3166-2-subdivisions		
IT-AR	upstream	iso-3166-2-subdivisions		
IT-AT	upstream	iso-3166-2-subdivisions		
IT-AV	upstream	iso-3166-2-subdivisions		
IT-BA	upstream	iso-3166-2-subdivisions		
IT-BG	upstream	iso-3166-2-subdivisions		
IT-BI	upstream	iso-3166-2-subdivisions		
IT-BL	upstream	iso-3166-2-subdivisions		
IT-BN	upstream	iso-3166-2-subdivisions		
IT-BO	upstream	iso-3166-2-subdivisions		
IT-BR	upstream	iso-3166-2-subdivisions		
IT-BS	upstream	iso-3166-2-subdivisions		
IT-BT	upstream	iso-3166-2-subdivisions		
IT-BZ	upstream	iso-3166-2-subdivisions		
IT-CA	upstream	iso-3166-2-subdivisions		
IT-CB	upstream	iso-3166-2-subdivisions		
IT-CE	upstream	iso-3166-2-subdivisions		
IT-CH	upstream	iso-3166-2-subdivisions		
IT-CI	upstream	iso-3166-2-subdivisions		
IT-CL	upstream	iso-3166-2-subdivisions		
IT-CN	upstream	iso-3166-2-subdivisions		
IT-CO	upstream	iso-3166-2-subdivisions		
IT-CR	upstream	iso-3166-2-subdivisions		
IT-CS	upstream	iso-3166-2-subdivisions		
IT-CT	upstream	iso-3166-2-subdivisions		
IT-CZ	upstream	iso-3166-2-subdivisions		
IT-EN	upstream	iso-3166-2-subdivisions		
IT-FC	upstream	iso-3166-2-subdivisions		
IT-FE	upstream	iso-3166-2-subdivisions		
IT-FG	upstream	iso-3166-2-subdivisions		
IT-FI	upstream	iso-3166-2-subdivisions		
IT-FM	upstream	iso-3166-2-subdivisions		
IT-FR	upstream	iso-3166-2-subdivisions		
IT-GE	upstream	iso-3166-2-subdivisions		
IT-GO	upstream	iso-3166-2-subdivisions		
IT-GR	upstream	iso-3166-2-subdivisions		
IT-IM	upstream	iso-3166-2-subdivisions		
IT-IS	upstream	iso-3166-2-subdivisions		
IT-KR	upstream	iso-3166-2-subdivisions		
IT-LC	upstream	iso-3166-2-subdivisions		
IT-LE	upstream	iso-3166-2-subdivisions		
IT-LI	upstream	iso-3166-2-subdivisions		
IT-LO	upstream	iso-3166-2-subdivisions		
IT-LT	upstream	iso-3166-2-subdivisions		
IT-LU	upstream	iso-3166-2-subdivisions		
IT-MB	upstream	iso-3166-2-subdivisions		
IT-MC	upstream	iso-3166-2-subdivisions		
IT-ME	upstream	iso-3166-2-subdivisions		
IT-MI	upstream	iso-3166-2-subdivisions		
IT-MN	upstream	iso-3166-2-subdivisions		
IT-MO	upstream	iso-3166-2-subdivisions		
IT-MS	upstream	iso-3166-2-subdivisions		
IT-MT	upstream	iso-3166-2-subdivisions		
IT-NA	upstream	iso-3166-2-subdivisions		
IT-NO	upstream	iso-3166-2-subdivisions		
IT-NU	upstream	iso-3166-2-subdivisions		
IT-OG	upstream	iso-3166-2-subdivisions		
IT-OR	upstream	iso-3166-2-subdivisions		
IT-OT	upstream	iso-3166-2-subdivisions		
IT-PA	upstream	iso-3166-2-subdivisions		
IT-PC	upstream	iso-3166-2-subdivisions		
IT-PD	upstream	iso-3166-2-subdivisions		
IT-PE	upstream	iso-3166-2-subdivisions		
IT-PG	upstream	iso-3166-2-subdivisions		
IT-PI	upstream	iso-3166-2-subdivisions		
IT-PN	upstream	iso-3166-2-subdivisions		
IT-PO	upstream	iso-3166-2-subdivisions		
IT-PR	upstream	iso-3166-2-subdivisions		
IT-PT	upstream	iso-3166-2-subdivisions		
IT-PU	upstream	iso-3166-2-subdivisions		
IT-PV	upstream	iso-3166-2-subdivisions		
IT-PZ	upstream	iso-3166-2-subdivisions		
IT-RA	upstream	iso-3166-2-subdivisions		
IT-RC	upstream	iso-3166-2-subdivisions		
IT-RE	upstream	iso-3166-2-subdivisions		
IT-RG	upstream	iso-3166-2-subdivisions		
IT-RI	upstream	iso-3166-2-subdivisions		
IT-RM	upstream	iso-3166-2-subdivisions		
IT-RN	upstream	iso-3166-2-subdivisions		
IT-RO	upstream	iso-3166-2-subdivisions		
IT-SA	upstream	iso-3166-2-subdivisions		
IT-SI	upstream	iso-3166-2-subdivisions		
IT-SO	upstream	iso-3166-2-subdivisions		
IT-SP	upstream	iso-3166-2-subdivisions		
IT-SR	upstream	iso-3166-2-subdivisions		
IT-SS	upstream	iso-3166-2-subdivisions		
IT-SU	placeholder-circle	iso-3166-2-placeholder-circle		split-into=IT-CA,IT-OG,IT-VS
IT-SV	upstream	iso-3166-2-subdivisions		
IT-TA	upstream	iso-3166-2-subdivisions		
IT-TE	upstream	iso-3166-2-subdivisions		
IT-TN	upstream	iso-3166-2-subdivisions		
IT-TO	upstream	iso-3166-2-subdivisions		
IT-TP	upstream	iso-3166-2-subdivisions		
IT-TR	upstream	iso-3166-2-subdivisions		
IT-TS	upstream	iso-3166-2-subdivisions		
IT-TV	upstream	iso-3166-2-subdivisions		
IT-UD	upstream	iso-3166-2-subdivisions		
IT-VA	upstream	iso-3166-2-subdivisions		
IT-VB	upstream	iso-3166-2-subdivisions		
IT-VC	upstream	iso-3166-2-subdivisions		
IT-VE	upstream	iso-3166-2-subdivisions		
IT-VI	upstream	iso-3166-2-subdivisions		
IT-VR	upstream	iso-3166-2-subdivisions		
IT-VS	upstream	iso-3166-2-subdivisions		
IT-VT	upstream	iso-3166-2-subdivisions		
IT-VV	upstream	iso-3166-2-subdivisions		
JE	upstream	iso-3166-1-countries		
JM	upstream	iso-3166-1-countries		
JM-01	upstream	iso-3166-2-subdivisions		
JM-02	upstream	iso-3166-2-subdivisions		
JM-03	upstream	iso-3166-2-subdivisions		
JM-04	upstream	iso-3166-2-subdivisions		
JM-05	upstream	iso-3166-2-subdivisions		
JM-06	upstream	iso-3166-2-subdivisions		
JM-07	upstream	iso-3166-2-subdivisions		
JM-08	upstream	iso-3166-2-subdivisions		
JM-09	upstream	iso-3166-2-subdivisions		
JM-10	upstream	iso-3166-2-subdivisions		
JM-11	upstream	iso-3166-2-subdivisions		
JM-12	upstream	iso-3166-2-subdivisions		
JM-13	upstream	iso-3166-2-subdivisions		
JM-14	upstream	iso-3166-2-subdivisions		
JO	upstream	iso-3166-1-countries		
JO-AJ	upstream	iso-3166-2-subdivisions		
JO-AM	upstream	iso-3166-2-subdivisions		
JO-AQ	upstream	iso-3166-2-subdivisions		
JO-AT	upstream	iso-3166-2-subdivisions		
JO-AZ	upstream	iso-3166-2-subdivisions		
JO-BA	upstream	iso-3166-2-subdivisions		
JO-IR	upstream	iso-3166-2-subdivisions		
JO-JA	upstream	iso-3166-2-subdivisions		
JO-KA	upstream	iso-3166-2-subdivisions		
JO-MA	upstream	iso-3166-2-subdivisions		
JO-MD	upstream	iso-3166-2-subdivisions		
JO-MN	upstream	iso-3166-2-subdivisions		
JP	upstream	iso-3166-1-countries		
JP-01	upstream	iso-3166-2-subdivisions		
JP-02	upstream	iso-3166-2-subdivisions		
JP-03	upstream	iso-3166-2-subdivisions		
JP-04	upstream	iso-3166-2-subdivisions		
JP-05	upstream	iso-3166-2-subdivisions		
JP-06	upstream	iso-3166-2-subdivisions		
JP-07	upstream	iso-3166-2-subdivisions		
JP-08	upstream	iso-3166-2-subdivisions		
JP-09	upstream	iso-3166-2-subdivisions		
JP-10	upstream	iso-3166-2-subdivisions		
JP-11	upstream	iso-3166-2-subdivisions		
JP-12	upstream	iso-3166-2-subdivisions		
JP-13	upstream	iso-3166-2-subdivisions		
JP-14	upstream	iso-3166-2-subdivisions		
JP-15	upstream	iso-3166-2-subdivisions		
JP-16	upstream	iso-3166-2-subdivisions		
JP-17	upstream	iso-3166-2-subdivisions		
JP-18	upstream	iso-3166-2-subdivisions		
JP-19	upstream	iso-3166-2-subdivisions		
JP-20	upstream	iso-3166-2-subdivisions		
JP-21	upstream	iso-3166-2-subdivisions		
JP-22	upstream	iso-3166-2-subdivisions		
JP-23	upstream	iso-3166-2-subdivisions		
JP-24	upstream	iso-3166-2-subdivisions		
JP-25	upstream	iso-3166-2-subdivisions		
JP-26	upstream	iso-3166-2-subdivisions		
JP-27	upstream	iso-3166-2-subdivisions		
JP-28	upstream	iso-3166-2-subdivisions		
JP-29	upstream	iso-3166-2-subdivisions		
JP-30	upstream	iso-3166-2-subdivisions		
JP-31	upstream	iso-3166-2-subdivisions		
JP-32	upstream	iso-3166-2-subdivisions		
JP-33	upstream	iso-3166-2-subdivisions		
JP-34	upstream	iso-3166-2-subdivisions		
JP-35	upstream	iso-3166-2-subdivisions		
JP-36	upstream	iso-3166-2-subdivisions		
JP-37	upstream	iso-3166-2-subdivisions		
JP-38	upstream	iso-3166-2-subdivisions		
JP-39	upstream	iso-3166-2-subdivisions		
JP-40	upstream	iso-3166-2-subdivisions		
JP-41	upstream	iso-3166-2-subdivisions		
JP-42	upstream	iso-3166-2-subdivisions		
JP-43	upstream	iso-3166-2-subdivisions		
JP-44	upstream	iso-3166-2-subdivisions		
JP-45	upstream	iso-3166-2-subdivisions		
JP-46	upstream	iso-3166-2-subdivisions		
JP-47	upstream	iso-3166-2-subdivisions		
KE	upstream	iso-3166-1-countries		
KE-01	placeholder-circle	iso-3166-2-placeholder-circle		coords from Wikidata P625
KE-02	placeholder-circle	iso-3166-2-placeholder-circle		coords from Wikidata P625
KE-03	placeholder-circle	iso-3166-2-placeholder-circle		coords from Wikidata P625
KE-04	placeholder-circle	iso-3166-2-placeholder-circle		coords from Wikidata P625
KE-05	placeholder-circle	iso-3166-2-placeholder-circle		coords from Wikidata P625
KE-06	placeholder-circle	iso-3166-2-placeholder-circle		parent=KE-400
KE-07	placeholder-circle	iso-3166-2-placeholder-circle		coords from Wikidata P625
KE-08	placeholder-circle	iso-3166-2-placeholder-circle		coords from Wikidata P625
KE-09	placeholder-circle	iso-3166-2-placeholder-circle		coords from Wikidata P625
KE-10	placeholder-circle	iso-3166-2-placeholder-circle		coords from Wikidata P625
KE-11	placeholder-circle	iso-3166-2-placeholder-circle		coords from Wikidata P625
KE-110	upstream	iso-3166-2-subdivisions		
KE-12	placeholder-circle	iso-3166-2-placeholder-circle		coords from Wikidata P625
KE-13	placeholder-circle	iso-3166-2-placeholder-circle		parent=KE-200
KE-14	placeholder-circle	iso-3166-2-placeholder-circle		coords from Wikidata P625
KE-15	placeholder-circle	iso-3166-2-placeholder-circle		coords from Wikidata P625
KE-16	placeholder-circle	iso-3166-2-placeholder-circle		coords from Wikidata P625
KE-17	placeholder-circle	iso-3166-2-placeholder-circle		parent=KE-600
KE-18	placeholder-circle	iso-3166-2-placeholder-circle		coords from Wikidata P625
KE-19	placeholder-circle	iso-3166-2-placeholder-circle		coords from Wikidata P625
KE-20	placeholder-circle	iso-3166-2-placeholder-circle		coords from Wikidata P625
KE-200	upstream	iso-3166-2-subdivisions		
KE-21	placeholder-circle	iso-3166-2-placeholder-circle		coords from Wikidata P625
KE-22	placeholder-circle	iso-3166-2-placeholder-circle		coords from Wikidata P625
KE-23	placeholder-circle	iso-3166-2-placeholder-circle		parent=KE-400
KE-24	placeholder-circle	iso-3166-2-placeholder-circle		coords from Wikidata P625
KE-25	placeholder-circle	iso-3166-2-placeholder-circle		coords from Wikidata P625
KE-26	placeholder-circle	iso-3166-2-placeholder-circle		coords from Wikidata P625
KE-27	placeholder-circle	iso-3166-2-placeholder-circle		coords from Wikidata P625
KE-28	placeholder-circle	iso-3166-2-placeholder-circle		coords from Wikidata P625
KE-29	placeholder-circle	iso-3166-2-placeholder-circle		parent=KE-200
KE-30	placeholder-circle	iso-3166-2-placeholder-circle		coords from Wikidata P625
KE-300	upstream	iso-3166-2-subdivisions		
KE-31	placeholder-circle	iso-3166-2-placeholder-circle		coords from Wikidata P625
KE-32	placeholder-circle	iso-3166-2-placeholder-circle		parent=KE-700
KE-33	placeholder-circle	iso-3166-2-placeholder-circle		coords from Wikidata P625
KE-34	placeholder-circle	iso-3166-2-placeholder-circle		coords from Wikidata P625
KE-35	placeholder-circle	iso-3166-2-placeholder-circle		coords from Wikidata P625
KE-36	placeholder-circle	iso-3166-2-placeholder-circle		parent=KE-200
KE-37	placeholder-circle	iso-3166-2-placeholder-circle		coords from Wikidata P625
KE-38	placeholder-circle	iso-3166-2-placeholder-circle		parent=KE-600
KE-39	placeholder-circle	iso-3166-2-placeholder-circle		coords from Wikidata P625
KE-40	placeholder-circle	iso-3166-2-placeholder-circle		coords from Wikidata P625
KE-400	upstream	iso-3166-2-subdivisions		
KE-41	placeholder-circle	iso-3166-2-placeholder-circle		coords from Wikidata P625
KE-42	placeholder-circle	iso-3166-2-placeholder-circle		coords from Wikidata P625
KE-43	placeholder-circle	iso-3166-2-placeholder-circle		coords from Wikidata P625
KE-44	placeholder-circle	iso-3166-2-placeholder-circle		coords from Wikidata P625
KE-45	placeholder-circle	iso-3166-2-placeholder-circle		coords from Wikidata P625
KE-46	placeholder-circle	iso-3166-2-placeholder-circle		coords from Wikidata P625
KE-47	placeholder-circle	iso-3166-2-placeholder-circle		parent=KE-700
KE-500	upstream	iso-3166-2-subdivisions		
KE-600	upstream	iso-3166-2-subdivisions		
KE-700	upstream	iso-3166-2-subdivisions		
KE-800	upstream	iso-3166-2-subdivisions		
KG	upstream	iso-3166-1-countries		
KG-B	upstream	iso-3166-2-subdivisions		
KG-C	upstream	iso-3166-2-subdivisions		
KG-GB	upstream	iso-3166-2-subdivisions		
KG-GO	placeholder-circle	iso-3166-2-placeholder-circle		coords from Wikidata P625
KG-J	upstream	iso-3166-2-subdivisions		
KG-N	upstream	iso-3166-2-subdivisions		
KG-O	upstream	iso-3166-2-subdivisions		
KG-T	upstream	iso-3166-2-subdivisions		
KG-Y	upstream	iso-3166-2-subdivisions		
KH	upstream	iso-3166-1-countries		
KH-1	upstream	iso-3166-2-subdivisions		
KH-10	upstream	iso-3166-2-subdivisions		
KH-11	upstream	iso-3166-2-subdivisions		
KH-12	upstream	iso-3166-2-subdivisions		
KH-13	upstream	iso-3166-2-subdivisions		
KH-14	upstream	iso-3166-2-subdivisions		
KH-15	upstream	iso-3166-2-subdivisions		
KH-16	upstream	iso-3166-2-subdivisions		
KH-17	upstream	iso-3166-2-subdivisions		
KH-18	upstream	iso-3166-2-subdivisions		
KH-19	upstream	iso-3166-2-subdivisions		
KH-2	upstream	iso-3166-2-subdivisions		
KH-20	upstream	iso-3166-2-subdivisions		
KH-21	upstream	iso-3166-2-subdivisions		
KH-22	upstream	iso-3166-2-subdivisions		
KH-23	upstream	iso-3166-2-subdivisions		
KH-24	upstream	iso-3166-2-subdivisions		
KH-25	placeholder-circle	iso-3166-2-placeholder-circle		coords from Wikidata P625
KH-3	upstream	iso-3166-2-subdivisions		
KH-4	upstream	iso-3166-2-subdivisions		
KH-5	upstream	iso-3166-2-subdivisions		
KH-6	upstream	iso-3166-2-subdivisions		
KH-7	upstream	iso-3166-2-subdivisions		
KH-8	upstream	iso-3166-2-subdivisions		
KH-9	upstream	iso-3166-2-subdivisions		
KI	upstream	iso-3166-1-countries		
KI-G	placeholder-circle	iso-3166-2-placeholder-circle		coords from Wikidata P625
KI-L	placeholder-circle	iso-3166-2-placeholder-circle		coords from Wikidata P625
KI-P	placeholder-circle	iso-3166-2-placeholder-circle		coords from Wikidata P625
KM	upstream	iso-3166-1-countries		
KM-A	upstream	iso-3166-2-subdivisions		
KM-G	upstream	iso-3166-2-subdivisions		
KM-M	upstream	iso-3166-2-subdivisions		
KN	upstream	iso-3166-1-countries		
KN-01	upstream	iso-3166-2-subdivisions		
KN-02	upstream	iso-3166-2-subdivisions		
KN-03	upstream	iso-3166-2-subdivisions		
KN-04	upstream	iso-3166-2-subdivisions		
KN-05	upstream	iso-3166-2-subdivisions		
KN-06	upstream	iso-3166-2-subdivisions		
KN-07	upstream	iso-3166-2-subdivisions		
KN-08	upstream	iso-3166-2-subdivisions		
KN-09	upstream	iso-3166-2-subdivisions		
KN-10	upstream	iso-3166-2-subdivisions		
KN-11	upstream	iso-3166-2-subdivisions		
KN-12	upstream	iso-3166-2-subdivisions		
KN-13	upstream	iso-3166-2-subdivisions		
KN-14	upstream	iso-3166-2-subdivisions		
KN-15	placeholder-circle	iso-3166-2-placeholder-circle		coords from Wikidata P625
KN-K	placeholder-circle	iso-3166-2-placeholder-circle		coords from Wikidata P625
KN-N	placeholder-circle	iso-3166-2-placeholder-circle		coords from Wikidata P625
KP	upstream	iso-3166-1-countries		
KP-01	upstream	iso-3166-2-subdivisions		
KP-02	upstream	iso-3166-2-subdivisions		
KP-03	upstream	iso-3166-2-subdivisions		
KP-04	upstream	iso-3166-2-subdivisions		
KP-05	upstream	iso-3166-2-subdivisions		
KP-06	upstream	iso-3166-2-subdivisions		
KP-07	upstream	iso-3166-2-subdivisions		
KP-08	upstream	iso-3166-2-subdivisions		
KP-09	upstream	iso-3166-2-subdivisions		
KP-10	upstream	iso-3166-2-subdivisions		
KP-13	upstream	iso-3166-2-subdivisions		
KP-14	placeholder-circle	iso-3166-2-placeholder-circle		parent=KP-02
KP-15	placeholder-circle	iso-3166-2-placeholder-circle		parent=KP-06
KR	upstream	iso-3166-1-countries		
KR-11	upstream	iso-3166-2-subdivisions		
KR-26	upstream	iso-3166-2-subdivisions		
KR-27	upstream	iso-3166-2-subdivisions		
KR-28	upstream	iso-3166-2-subdivisions		
KR-29	upstream	iso-3166-2-subdivisions		
KR-30	upstream	iso-3166-2-subdivisions		
KR-31	upstream	iso-3166-2-subdivisions		
KR-41	upstream	iso-3166-2-subdivisions		
KR-42	upstream	iso-3166-2-subdivisions		
KR-43	upstream	iso-3166-2-subdivisions		
KR-44	upstream	iso-3166-2-subdivisions		
KR-45	upstream	iso-3166-2-subdivisions		
KR-46	upstream	iso-3166-2-subdivisions		
KR-47	upstream	iso-3166-2-subdivisions		
KR-48	upstream	iso-3166-2-subdivisions		
KR-49	upstream	iso-3166-2-subdivisions		
KR-50	upstream	iso-3166-2-subdivisions		
KW	upstream	iso-3166-1-countries		
KW-AH	upstream	iso-3166-2-subdivisions		
KW-FA	upstream	iso-3166-2-subdivisions		
KW-HA	upstream	iso-3166-2-subdivisions		
KW-JA	upstream	iso-3166-2-subdivisions		
KW-KU	upstream	iso-3166-2-subdivisions		
KW-MU	upstream	iso-3166-2-subdivisions		
KY	upstream	iso-3166-1-countries		
KZ	upstream	iso-3166-1-countries		
KZ-10	placeholder-circle	iso-3166-2-placeholder-circle		coords from Wikidata P625
KZ-11	placeholder-circle	iso-3166-2-placeholder-circle		coords from Wikidata P625
KZ-15	placeholder-circle	iso-3166-2-placeholder-circle		coords from Wikidata P625
KZ-19	placeholder-circle	iso-3166-2-placeholder-circle		coords from Wikidata P625
KZ-23	placeholder-circle	iso-3166-2-placeholder-circle		coords from Wikidata P625
KZ-27	placeholder-circle	iso-3166-2-placeholder-circle		coords from Wikidata P625
KZ-31	placeholder-circle	iso-3166-2-placeholder-circle		coords from Wikidata P625
KZ-33	placeholder-circle	iso-3166-2-placeholder-circle		coords from Wikidata P625
KZ-35	placeholder-circle	iso-3166-2-placeholder-circle		coords from Wikidata P625
KZ-39	placeholder-circle	iso-3166-2-placeholder-circle		coords from Wikidata P625
KZ-43	placeholder-circle	iso-3166-2-placeholder-circle		coords from Wikidata P625
KZ-47	placeholder-circle	iso-3166-2-placeholder-circle		coords from Wikidata P625
KZ-55	placeholder-circle	iso-3166-2-placeholder-circle		coords from Wikidata P625
KZ-59	placeholder-circle	iso-3166-2-placeholder-circle		coords from Wikidata P625
KZ-61	placeholder-circle	iso-3166-2-placeholder-circle		coords from Wikidata P625
KZ-62	placeholder-circle	iso-3166-2-placeholder-circle		coords from Wikidata P625
KZ-63	placeholder-circle	iso-3166-2-placeholder-circle		coords from Wikidata P625
KZ-71	placeholder-circle	iso-3166-2-placeholder-circle		coords from Wikidata P625
KZ-75	placeholder-circle	iso-3166-2-placeholder-circle		coords from Wikidata P625
KZ-79	placeholder-circle	iso-3166-2-placeholder-circle		coords from Wikidata P625
KZ-AKM	upstream	iso-3166-2-subdivisions		
KZ-AKT	upstream	iso-3166-2-subdivisions		
KZ-ALA	upstream	iso-3166-2-subdivisions		
KZ-AST	upstream	iso-3166-2-subdivisions		
KZ-ATY	upstream	iso-3166-2-subdivisions		
KZ-KAR	upstream	iso-3166-2-subdivisions		
KZ-KOK	placeholder-circle	iso-3166-2-placeholder-circle		coords from Wikidata P625
KZ-KUS	upstream	iso-3166-2-subdivisions		
KZ-KZY	upstream	iso-3166-2-subdivisions		
KZ-MAN	upstream	iso-3166-2-subdivisions		
KZ-PAV	upstream	iso-3166-2-subdivisions		
KZ-SEV	upstream	iso-3166-2-subdivisions		
KZ-VOS	upstream	iso-3166-2-subdivisions		
KZ-YUZ	upstream	iso-3166-2-subdivisions		
KZ-ZAP	upstream	iso-3166-2-subdivisions		
KZ-ZHA	upstream	iso-3166-2-subdivisions		
LA	upstream	iso-3166-1-countries		
LA-AT	upstream	iso-3166-2-subdivisions		
LA-BK	upstream	iso-3166-2-subdivisions		
LA-BL	upstream	iso-3166-2-subdivisions		
LA-CH	upstream	iso-3166-2-subdivisions		
LA-HO	upstream	iso-3166-2-subdivisions		
LA-KH	upstream	iso-3166-2-subdivisions		
LA-LM	upstream	iso-3166-2-subdivisions		
LA-LP	upstream	iso-3166-2-subdivisions		
LA-OU	upstream	iso-3166-2-subdivisions		
LA-PH	upstream	iso-3166-2-subdivisions		
LA-SL	upstream	iso-3166-2-subdivisions		
LA-SV	upstream	iso-3166-2-subdivisions		
LA-VI	upstream	iso-3166-2-subdivisions		
LA-VT	placeholder-circle	iso-3166-2-placeholder-circle		coords from Wikidata P625
LA-XA	upstream	iso-3166-2-subdivisions		
LA-XE	upstream	iso-3166-2-subdivisions		
LA-XI	upstream	iso-3166-2-subdivisions		
LA-XN	placeholder-circle	iso-3166-2-placeholder-circle		coords from Wikidata P625
LA-XS	placeholder-circle	iso-3166-2-placeholder-circle		coords from Wikidata P625
LB	upstream	iso-3166-1-countries		
LB-AK	placeholder-circle	iso-3166-2-placeholder-circle		coords from Wikidata P625
LB-AS	upstream	iso-3166-2-subdivisions		
LB-BA	upstream	iso-3166-2-subdivisions		
LB-BH	placeholder-circle	iso-3166-2-placeholder-circle		coords from Wikidata P625
LB-BI	upstream	iso-3166-2-subdivisions		
LB-JA	upstream	iso-3166-2-subdivisions		
LB-JL	upstream	iso-3166-2-subdivisions		
LB-NA	upstream	iso-3166-2-subdivisions		
LC	upstream	iso-3166-1-countries		
LC-01	upstream	iso-3166-2-subdivisions		
LC-02	upstream	iso-3166-2-subdivisions		
LC-03	upstream	iso-3166-2-subdivisions		
LC-04	upstream	iso-3166-2-subdivisions		
LC-05	upstream	iso-3166-2-subdivisions		
LC-06	upstream	iso-3166-2-subdivisions		
LC-07	upstream	iso-3166-2-subdivisions		
LC-08	upstream	iso-3166-2-subdivisions		
LC-09	upstream	iso-3166-2-subdivisions		
LC-10	upstream	iso-3166-2-subdivisions		
LC-11	upstream	iso-3166-2-subdivisions		
LC-12	placeholder-circle	iso-3166-2-placeholder-circle		coords from Wikidata P625
LI	upstream	iso-3166-1-countries		
LI-01	upstream	iso-3166-2-subdivisions		
LI-02	upstream	iso-3166-2-subdivisions		
LI-03	upstream	iso-3166-2-subdivisions		
LI-04	upstream	iso-3166-2-subdivisions		
LI-05	upstream	iso-3166-2-subdivisions		
LI-06	upstream	iso-3166-2-subdivisions		
LI-07	upstream	iso-3166-2-subdivisions		
LI-08	upstream	iso-3166-2-subdivisions		
LI-09	upstream	iso-3166-2-subdivisions		
LI-10	upstream	iso-3166-2-subdivisions		
LI-11	upstream	iso-3166-2-subdivisions		
LK	upstream	iso-3166-1-countries		
LK-1	placeholder-circle	iso-3166-2-placeholder-circle		coords from Wikidata P625
LK-11	upstream	iso-3166-2-subdivisions		
LK-12	upstream	iso-3166-2-subdivisions		
LK-13	upstream	iso-3166-2-subdivisions		
LK-2	placeholder-circle	iso-3166-2-placeholder-circle		coords from Wikidata P625
LK-21	upstream	iso-3166-2-subdivisions		
LK-22	upstream	iso-3166-2-subdivisions		
LK-23	upstream	iso-3166-2-subdivisions		
LK-3	placeholder-circle	iso-3166-2-placeholder-circle		coords from Wikidata P625
LK-31	upstream	iso-3166-2-subdivisions		
LK-32	upstream	iso-3166-2-subdivisions		
LK-33	upstream	iso-3166-2-subdivisions		
LK-4	placeholder-circle	iso-3166-2-placeholder-circle		coords from Wikidata P625
LK-41	upstream	iso-3166-2-subdivisions		
LK-42	upstream	iso-3166-2-subdivisions		
LK-43	upstream	iso-3166-2-subdivisions		
LK-44	upstream	iso-3166-2-subdivisions		
LK-45	upstream	iso-3166-2-subdivisions		
LK-5	placeholder-circle	iso-3166-2-placeholder-circle		coords from Wikidata P625
LK-51	upstream	iso-3166-2-subdivisions		
LK-52	upstream	iso-3166-2-subdivisions		
LK-53	upstream	iso-3166-2-subdivisions		
LK-6	placeholder-circle	iso-3166-2-placeholder-circle		coords from Wikidata P625
LK-61	upstream	iso-3166-2-subdivisions		
LK-62	upstream	iso-3166-2-subdivisions		
LK-7	placeholder-circle	iso-3166-2-placeholder-circle		coords from Wikidata P625
LK-71	upstream	iso-3166-2-subdivisions		
LK-72	upstream	iso-3166-2-subdivisions		
LK-8	placeholder-circle	iso-3166-2-placeholder-circle		coords from Wikidata P625
LK-81	upstream	iso-3166-2-subdivisions		
LK-82	upstream	iso-3166-2-subdivisions		
LK-9	placeholder-circle	iso-3166-2-placeholder-circle		coords from Wikidata P625
LK-91	upstream	iso-3166-2-subdivisions		
LK-92	upstream	iso-3166-2-subdivisions		
LR	upstream	iso-3166-1-countries		
LR-BG	upstream	iso-3166-2-subdivisions		
LR-BM	upstream	iso-3166-2-subdivisions		
LR-CM	upstream	iso-3166-2-subdivisions		
LR-GB	upstream	iso-3166-2-subdivisions		
LR-GG	upstream	iso-3166-2-subdivisions		
LR-GK	upstream	iso-3166-2-subdivisions		
LR-GP	placeholder-circle	iso-3166-2-placeholder-circle		coords from Wikidata P625
LR-LO	upstream	iso-3166-2-subdivisions		
LR-MG	upstream	iso-3166-2-subdivisions		
LR-MO	upstream	iso-3166-2-subdivisions		
LR-MY	upstream	iso-3166-2-subdivisions		
LR-NI	upstream	iso-3166-2-subdivisions		
LR-RG	placeholder-circle	iso-3166-2-placeholder-circle		coords from Wikidata P625
LR-RI	upstream	iso-3166-2-subdivisions		
LR-SI	upstream	iso-3166-2-subdivisions		
LS	upstream	iso-3166-1-countries		
LS-A	upstream	iso-3166-2-subdivisions		
LS-B	upstream	iso-3166-2-subdivisions		
LS-C	upstream	iso-3166-2-subdivisions		
LS-D	upstream	iso-3166-2-subdivisions		
LS-E	upstream	iso-3166-2-subdivisions		
LS-F	upstream	iso-3166-2-subdivisions		
LS-G	upstream	iso-3166-2-subdivisions		
LS-H	upstream	iso-3166-2-subdivisions		
LS-J	upstream	iso-3166-2-subdivisions		
LS-K	upstream	iso-3166-2-subdivisions		
LT	upstream	iso-3166-1-countries		
LT-01	placeholder-circle	iso-3166-2-placeholder-circle		coords from Wikidata P625
LT-02	placeholder-circle	iso-3166-2-placeholder-circle		coords from Wikidata P625
LT-03	placeholder-circle	iso-3166-2-placeholder-circle		coords from Wikidata P625
LT-04	placeholder-circle	iso-3166-2-placeholder-circle		coords from Wikidata P625
LT-05	placeholder-circle	iso-3166-2-placeholder-circle		coords from Wikidata P625
LT-06	placeholder-circle	iso-3166-2-placeholder-circle		coords from Wikidata P625
LT-07	placeholder-circle	iso-3166-2-placeholder-circle		coords from Wikidata P625
LT-08	placeholder-circle	iso-3166-2-placeholder-circle		coords from Wikidata P625
LT-09	placeholder-circle	iso-3166-2-placeholder-circle		coords from Wikidata P625
LT-10	placeholder-circle	iso-3166-2-placeholder-circle		coords from Wikidata P625
LT-11	placeholder-circle	iso-3166-2-placeholder-circle		coords from Wikidata P625
LT-12	placeholder-circle	iso-3166-2-placeholder-circle		coords from Wikidata P625
LT-13	placeholder-circle	iso-3166-2-placeholder-circle		coords from Wikidata P625
LT-14	placeholder-circle	iso-3166-2-placeholder-circle		coords from Wikidata P625
LT-15	placeholder-circle	iso-3166-2-placeholder-circle		coords from Wikidata P625
LT-16	placeholder-circle	iso-3166-2-placeholder-circle		coords from Wikidata P625
LT-17	placeholder-circle	iso-3166-2-placeholder-circle		coords from Wikidata P625
LT-18	placeholder-circle	iso-3166-2-placeholder-circle		coords from Wikidata P625
LT-19	placeholder-circle	iso-3166-2-placeholder-circle		coords from Wikidata P625
LT-20	placeholder-circle	iso-3166-2-placeholder-circle		coords from Wikidata P625
LT-21	placeholder-circle	iso-3166-2-placeholder-circle		coords from Wikidata P625
LT-22	placeholder-circle	iso-3166-2-placeholder-circle		coords from Wikidata P625
LT-23	placeholder-circle	iso-3166-2-placeholder-circle		coords from Wikidata P625
LT-24	placeholder-circle	iso-3166-2-placeholder-circle		coords from Wikidata P625
LT-25	placeholder-circle	iso-3166-2-placeholder-circle		coords from Wikidata P625
LT-26	placeholder-circle	iso-3166-2-placeholder-circle		coords from Wikidata P625
LT-27	placeholder-circle	iso-3166-2-placeholder-circle		coords from Wikidata P625
LT-28	placeholder-circle	iso-3166-2-placeholder-circle		coords from Wikidata P625
LT-29	placeholder-circle	iso-3166-2-placeholder-circle		coords from Wikidata P625
LT-30	placeholder-circle	iso-3166-2-placeholder-circle		coords from Wikidata P625
LT-31	placeholder-circle	iso-3166-2-placeholder-circle		coords from Wikidata P625
LT-32	placeholder-circle	iso-3166-2-placeholder-circle		coords from Wikidata P625
LT-33	placeholder-circle	iso-3166-2-placeholder-circle		coords from Wikidata P625
LT-34	placeholder-circle	iso-3166-2-placeholder-circle		coords from Wikidata P625
LT-35	placeholder-circle	iso-3166-2-placeholder-circle		coords from Wikidata P625
LT-36	placeholder-circle	iso-3166-2-placeholder-circle		coords from Wikidata P625
LT-37	placeholder-circle	iso-3166-2-placeholder-circle		coords from Wikidata P625
LT-38	placeholder-circle	iso-3166-2-placeholder-circle		coords from Wikidata P625
LT-39	placeholder-circle	iso-3166-2-placeholder-circle		coords from Wikidata P625
LT-40	placeholder-circle	iso-3166-2-placeholder-circle		coords from Wikidata P625
LT-41	placeholder-circle	iso-3166-2-placeholder-circle		coords from Wikidata P625
LT-42	placeholder-circle	iso-3166-2-placeholder-circle		coords from Wikidata P625
LT-43	placeholder-circle	iso-3166-2-placeholder-circle		coords from Wikidata P625
LT-44	placeholder-circle	iso-3166-2-placeholder-circle		coords from Wikidata P625
LT-45	placeholder-circle	iso-3166-2-placeholder-circle		coords from Wikidata P625
LT-46	placeholder-circle	iso-3166-2-placeholder-circle		coords from Wikidata P625
LT-47	placeholder-circle	iso-3166-2-placeholder-circle		coords from Wikidata P625
LT-48	placeholder-circle	iso-3166-2-placeholder-circle		coords from Wikidata P625
LT-49	placeholder-circle	iso-3166-2-placeholder-circle		coords from Wikidata P625
LT-50	placeholder-circle	iso-3166-2-placeholder-circle		coords from Wikidata P625
LT-51	placeholder-circle	iso-3166-2-placeholder-circle		coords from Wikidata P625
LT-52	placeholder-circle	iso-3166-2-placeholder-circle		coords from Wikidata P625
LT-53	placeholder-circle	iso-3166-2-placeholder-circle		coords from Wikidata P625
LT-54	placeholder-circle	iso-3166-2-placeholder-circle		coords from Wikidata P625
LT-55	placeholder-circle	iso-3166-2-placeholder-circle		coords from Wikidata P625
LT-56	placeholder-circle	iso-3166-2-placeholder-circle		coords from Wikidata P625
LT-57	placeholder-circle	iso-3166-2-placeholder-circle		coords from Wikidata P625
LT-58	placeholder-circle	iso-3166-2-placeholder-circle		coords from Wikidata P625
LT-59	placeholder-circle	iso-3166-2-placeholder-circle		coords from Wikidata P625
LT-60	placeholder-circle	iso-3166-2-placeholder-circle		coords from Wikidata P625
LT-AL	upstream	iso-3166-2-subdivisions		
LT-KL	upstream	iso-3166-2-subdivisions		
LT-KU	upstream	iso-3166-2-subdivisions		
LT-MR	upstream	iso-3166-2-subdivisions		
LT-PN	upstream	iso-3166-2-subdivisions		
LT-SA	upstream	iso-3166-2-subdivisions		
LT-TA	upstream	iso-3166-2-subdivisions		
LT-TE	upstream	iso-3166-2-subdivisions		
LT-UT	upstream	iso-3166-2-subdivisions		
LT-VL	upstream	iso-3166-2-subdivisions		
LU	upstream	iso-3166-1-countries		
LU-CA	placeholder-circle	iso-3166-2-placeholder-circle		coords from Wikidata P625
LU-CL	placeholder-circle	iso-3166-2-placeholder-circle		parent=LU-D
LU-D	upstream	iso-3166-2-subdivisions		
LU-DI	placeholder-circle	iso-3166-2-placeholder-circle		coords from Wikidata P625
LU-EC	placeholder-circle	iso-3166-2-placeholder-circle		coords from Wikidata P625
LU-ES	placeholder-circle	iso-3166-2-placeholder-circle		coords from Wikidata P625
LU-G	upstream	iso-3166-2-subdivisions		
LU-GR	placeholder-circle	iso-3166-2-placeholder-circle		parent=LU-G
LU-L	upstream	iso-3166-2-subdivisions		
LU-LU	placeholder-circle	iso-3166-2-placeholder-circle		coords from Wikidata P625
LU-ME	placeholder-circle	iso-3166-2-placeholder-circle		parent=LU-L
LU-RD	placeholder-circle	iso-3166-2-placeholder-circle		parent=LU-D
LU-RM	placeholder-circle	iso-3166-2-placeholder-circle		coords from Wikidata P625
LU-VD	placeholder-circle	iso-3166-2-placeholder-circle		coords from Wikidata P625
LU-WI	placeholder-circle	iso-3166-2-placeholder-circle		parent=LU-D
LV	upstream	iso-3166-1-countries		
LV-001	upstream	iso-3166-2-subdivisions		
LV-002	upstream	iso-3166-2-subdivisions		
LV-003	upstream	iso-3166-2-subdivisions		
LV-004	upstream	iso-3166-2-subdivisions		
LV-005	upstream	iso-3166-2-subdivisions		
LV-006	upstream	iso-3166-2-subdivisions		
LV-007	upstream	iso-3166-2-subdivisions		
LV-008	upstream	iso-3166-2-subdivisions		
LV-009	upstream	iso-3166-2-subdivisions		
LV-010	upstream	iso-3166-2-subdivisions		
LV-011	upstream	iso-3166-2-subdivisions		
LV-012	upstream	iso-3166-2-subdivisions		
LV-013	upstream	iso-3166-2-subdivisions		
LV-014	upstream	iso-3166-2-subdivisions		
LV-015	upstream	iso-3166-2-subdivisions		
LV-016	upstream	iso-3166-2-subdivisions		
LV-017	upstream	iso-3166-2-subdivisions		
LV-018	upstream	iso-3166-2-subdivisions		
LV-019	upstream	iso-3166-2-subdivisions		
LV-020	upstream	iso-3166-2-subdivisions		
LV-021	upstream	iso-3166-2-subdivisions		
LV-022	upstream	iso-3166-2-subdivisions		
LV-023	upstream	iso-3166-2-subdivisions		
LV-024	upstream	iso-3166-2-subdivisions		
LV-025	placeholder-circle	iso-3166-2-placeholder-circle		coords from Wikidata P625
LV-026	upstream	iso-3166-2-subdivisions		
LV-027	upstream	iso-3166-2-subdivisions		
LV-028	upstream	iso-3166-2-subdivisions		
LV-029	upstream	iso-3166-2-subdivisions		
LV-030	upstream	iso-3166-2-subdivisions		
LV-031	upstream	iso-3166-2-subdivisions		
LV-032	upstream	iso-3166-2-subdivisions		
LV-033	upstream	iso-3166-2-subdivisions		
LV-034	upstream	iso-3166-2-subdivisions		
LV-035	upstream	iso-3166-2-subdivisions		
LV-036	upstream	iso-3166-2-subdivisions		
LV-037	upstream	iso-3166-2-subdivisions		
LV-038	upstream	iso-3166-2-subdivisions		
LV-039	upstream	iso-3166-2-subdivisions		
LV-040	upstream	iso-3166-2-subdivisions		
LV-041	placeholder-circle	iso-3166-2-placeholder-circle		coords from Wikidata P625
LV-042	placeholder-circle	iso-3166-2-placeholder-circle		coords from Wikidata P625
LV-043	upstream	iso-3166-2-subdivisions		
LV-044	upstream	iso-3166-2-subdivisions		
LV-045	upstream	iso-3166-2-subdivisions		
LV-046	upstream	iso-3166-2-subdivisions		
LV-047	upstream	iso-3166-2-subdivisions		
LV-048	upstream	iso-3166-2-subdivisions		
LV-049	upstream	iso-3166-2-subdivisions		
LV-050	upstream	iso-3166-2-subdivisions		
LV-051	upstream	iso-3166-2-subdivisions		
LV-052	upstream	iso-3166-2-subdivisions		
LV-053	upstream	iso-3166-2-subdivisions		
LV-054	upstream	iso-3166-2-subdivisions		
LV-055	upstream	iso-3166-2-subdivisions		
LV-056	upstream	iso-3166-2-subdivisions		
LV-057	upstream	iso-3166-2-subdivisions		
LV-058	upstream	iso-3166-2-subdivisions		
LV-059	upstream	iso-3166-2-subdivisions		
LV-060	upstream	iso-3166-2-subdivisions		
LV-061	upstream	iso-3166-2-subdivisions		
LV-062	upstream	iso-3166-2-subdivisions		
LV-063	upstream	iso-3166-2-subdivisions		
LV-064	upstream	iso-3166-2-subdivisions		
LV-065	upstream	iso-3166-2-subdivisions		
LV-066	upstream	iso-3166-2-subdivisions		
LV-067	upstream	iso-3166-2-subdivisions		
LV-068	upstream	iso-3166-2-subdivisions		
LV-069	upstream	iso-3166-2-subdivisions		
LV-070	upstream	iso-3166-2-subdivisions		
LV-071	upstream	iso-3166-2-subdivisions		
LV-072	upstream	iso-3166-2-subdivisions		
LV-073	upstream	iso-3166-2-subdivisions		
LV-074	upstream	iso-3166-2-subdivisions		
LV-075	upstream	iso-3166-2-subdivisions		
LV-076	upstream	iso-3166-2-subdivisions		
LV-077	placeholder-circle	iso-3166-2-placeholder-circle		coords from Wikidata P625
LV-078	upstream	iso-3166-2-subdivisions		
LV-079	upstream	iso-3166-2-subdivisions		
LV-080	upstream	iso-3166-2-subdivisions		
LV-081	upstream	iso-3166-2-subdivisions		
LV-082	upstream	iso-3166-2-subdivisions		
LV-083	upstream	iso-3166-2-subdivisions		
LV-084	upstream	iso-3166-2-subdivisions		
LV-085	upstream	iso-3166-2-subdivisions		
LV-086	upstream	iso-3166-2-subdivisions		
LV-087	upstream	iso-3166-2-subdivisions		
LV-088	upstream	iso-3166-2-subdivisions		
LV-089	upstream	iso-3166-2-subdivisions		
LV-090	upstream	iso-3166-2-subdivisions		
LV-091	upstream	iso-3166-2-subdivisions		
LV-092	upstream	iso-3166-2-subdivisions		
LV-093	upstream	iso-3166-2-subdivisions		
LV-094	upstream	iso-3166-2-subdivisions		
LV-095	upstream	iso-3166-2-subdivisions		
LV-096	upstream	iso-3166-2-subdivisions		
LV-097	upstream	iso-3166-2-subdivisions		
LV-098	upstream	iso-3166-2-subdivisions		
LV-099	upstream	iso-3166-2-subdivisions		
LV-100	upstream	iso-3166-2-subdivisions		
LV-101	upstream	iso-3166-2-subdivisions		
LV-102	upstream	iso-3166-2-subdivisions		
LV-103	upstream	iso-3166-2-subdivisions		
LV-104	upstream	iso-3166-2-subdivisions		
LV-105	upstream	iso-3166-2-subdivisions		
LV-106	placeholder-circle	iso-3166-2-placeholder-circle		coords from Wikidata P625
LV-107	upstream	iso-3166-2-subdivisions		
LV-108	upstream	iso-3166-2-subdivisions		
LV-109	upstream	iso-3166-2-subdivisions		
LV-110	upstream	iso-3166-2-subdivisions		
LV-111	placeholder-circle	iso-3166-2-placeholder-circle		coords from Wikidata P625
LV-112	placeholder-circle	iso-3166-2-placeholder-circle		coords from Wikidata P625
LV-113	placeholder-circle	iso-3166-2-placeholder-circle		coords from Wikidata P625
LV-DGV	upstream	iso-3166-2-subdivisions		
LV-JEL	upstream	iso-3166-2-subdivisions		
LV-JKB	upstream	iso-3166-2-subdivisions		
LV-JUR	upstream	iso-3166-2-subdivisions		
LV-LPX	upstream	iso-3166-2-subdivisions		
LV-REZ	upstream	iso-3166-2-subdivisions		
LV-RIX	upstream	iso-3166-2-subdivisions		
LV-VEN	upstream	iso-3166-2-subdivisions		
LV-VMR	upstream	iso-3166-2-subdivisions		
LY	upstream	iso-3166-1-countries		
LY-AJ	upstream	iso-3166-2-subdivisions		
LY-BA	upstream	iso-3166-2-subdivisions		
LY-BU	upstream	iso-3166-2-subdivisions		
LY-DR	placeholder-circle	iso-3166-2-placeholder-circle		coords from Wikidata P625
LY-GD	upstream	iso-3166-2-subdivisions		
LY-GT	upstream	iso-3166-2-subdivisions		
LY-JA	upstream	iso-3166-2-subdivisions		
LY-JG	placeholder-circle	iso-3166-2-placeholder-circle		coords from Wikidata P625
LY-JI	upstream	iso-3166-2-subdivisions		
LY-JU	upstream	iso-3166-2-subdivisions		
LY-KF	upstream	iso-3166-2-subdivisions		
LY-MB	upstream	iso-3166-2-subdivisions		
LY-MI	upstream	iso-3166-2-subdivisions		
LY-MJ	upstream	iso-3166-2-subdivisions		
LY-MQ	upstream	iso-3166-2-subdivisions		
LY-MZ	upstream	iso-3166-2-subdivisions		
LY-NL	placeholder-circle	iso-3166-2-placeholder-circle		coords from Wikidata P625
LY-NQ	upstream	iso-3166-2-subdivisions		
LY-QB	upstream	iso-3166-2-subdivisions		
LY-SB	upstream	iso-3166-2-subdivisions		
LY-SR	upstream	iso-3166-2-subdivisions		
LY-TB	placeholder-circle	iso-3166-2-placeholder-circle		coords from Wikidata P625
LY-TN	upstream	iso-3166-2-subdivisions		
LY-WA	placeholder-circle	iso-3166-2-placeholder-circle		coords from Wikidata P625
LY-WD	upstream	iso-3166-2-subdivisions		
LY-WS	upstream	iso-3166-2-subdivisions		
LY-ZA	upstream	iso-3166-2-subdivisions		
MA	upstream	iso-3166-1-countries		
MA-01	upstream	iso-3166-2-subdivisions		
MA-02	upstream	iso-3166-2-subdivisions		
MA-03	upstream	iso-3166-2-subdivisions		
MA-04	upstream	iso-3166-2-subdivisions		
MA-05	upstream	iso-3166-2-subdivisions		
MA-06	upstream	iso-3166-2-subdivisions		
MA-07	upstream	iso-3166-2-subdivisions		
MA-08	upstream	iso-3166-2-subdivisions		
MA-09	upstream	iso-3166-2-subdivisions		
MA-10	upstream	iso-3166-2-subdivisions		
MA-11	upstream	iso-3166-2-subdivisions		
MA-12	upstream	iso-3166-2-subdivisions		
MA-13	upstream	iso-3166-2-subdivisions		
MA-14	upstream	iso-3166-2-subdivisions		
MA-15	upstream	iso-3166-2-subdivisions		
MA-16	upstream	iso-3166-2-subdivisions		
MA-AGD	placeholder-circle	iso-3166-2-placeholder-circle		parent=MA-09
MA-AOU	placeholder-circle	iso-3166-2-placeholder-circle		parent=MA-12
MA-ASZ	placeholder-circle	iso-3166-2-placeholder-circle		parent=MA-10
MA-AZI	placeholder-circle	iso-3166-2-placeholder-circle		parent=MA-05
MA-BEM	placeholder-circle	iso-3166-2-placeholder-circle		parent=MA-05
MA-BER	placeholder-circle	iso-3166-2-placeholder-circle		parent=MA-02
MA-BES	placeholder-circle	iso-3166-2-placeholder-circle		parent=MA-06,MA-09
MA-BOD	placeholder-circle	iso-3166-2-placeholder-circle		parent=MA-11
MA-BOM	placeholder-circle	iso-3166-2-placeholder-circle		parent=MA-03
MA-BRR	placeholder-circle	iso-3166-2-placeholder-circle		parent=MA-06
MA-CAS	placeholder-circle	iso-3166-2-placeholder-circle		parent=MA-06
MA-CHE	placeholder-circle	iso-3166-2-placeholder-circle		parent=MA-01
MA-CHI	placeholder-circle	iso-3166-2-placeholder-circle		parent=MA-07
MA-CHT	placeholder-circle	iso-3166-2-placeholder-circle		parent=MA-09
MA-DRI	placeholder-circle	iso-3166-2-placeholder-circle		parent=MA-02
MA-ERR	placeholder-circle	iso-3166-2-placeholder-circle		parent=MA-08
MA-ESI	placeholder-circle	iso-3166-2-placeholder-circle		parent=MA-07
MA-ESM	placeholder-circle	iso-3166-2-placeholder-circle		parent=MA-11
MA-FAH	placeholder-circle	iso-3166-2-placeholder-circle		parent=MA-01
MA-FES	placeholder-circle	iso-3166-2-placeholder-circle		parent=MA-03,MA-05
MA-FIG	placeholder-circle	iso-3166-2-placeholder-circle		parent=MA-02
MA-FQH	placeholder-circle	iso-3166-2-placeholder-circle		parent=MA-05
MA-GUE	placeholder-circle	iso-3166-2-placeholder-circle		parent=MA-10
MA-GUF	placeholder-circle	iso-3166-2-placeholder-circle		parent=MA-02
MA-HAJ	placeholder-circle	iso-3166-2-placeholder-circle		parent=MA-03
MA-HAO	placeholder-circle	iso-3166-2-placeholder-circle		parent=MA-07,MA-11
MA-HOC	placeholder-circle	iso-3166-2-placeholder-circle		parent=MA-01
MA-IFR	placeholder-circle	iso-3166-2-placeholder-circle		parent=MA-03
MA-INE	placeholder-circle	iso-3166-2-placeholder-circle		parent=MA-09
MA-JDI	placeholder-circle	iso-3166-2-placeholder-circle		parent=MA-06
MA-JRA	placeholder-circle	iso-3166-2-placeholder-circle		parent=MA-02
MA-KEN	placeholder-circle	iso-3166-2-placeholder-circle		parent=MA-04
MA-KES	placeholder-circle	iso-3166-2-placeholder-circle		parent=MA-07
MA-KHE	placeholder-circle	iso-3166-2-placeholder-circle		parent=MA-04
MA-KHN	placeholder-circle	iso-3166-2-placeholder-circle		parent=MA-05
MA-KHO	placeholder-circle	iso-3166-2-placeholder-circle		parent=MA-05
MA-LAA	placeholder-circle	iso-3166-2-placeholder-circle		parent=MA-11
MA-LAR	placeholder-circle	iso-3166-2-placeholder-circle		parent=MA-01
MA-MAR	placeholder-circle	iso-3166-2-placeholder-circle		parent=MA-07
MA-MDF	placeholder-circle	iso-3166-2-placeholder-circle		parent=MA-01
MA-MED	placeholder-circle	iso-3166-2-placeholder-circle		parent=MA-06
MA-MEK	placeholder-circle	iso-3166-2-placeholder-circle		parent=MA-03
MA-MID	placeholder-circle	iso-3166-2-placeholder-circle		parent=MA-08
MA-MMD	placeholder-country-centroid	iso-3166-2-placeholder-country-centroid		no coords in Wikidata; centroid of MA
MA-MMN	placeholder-country-centroid	iso-3166-2-placeholder-country-centroid		no coords in Wikidata; centroid of MA
MA-MOH	placeholder-circle	iso-3166-2-placeholder-circle		parent=MA-06
MA-MOU	placeholder-circle	iso-3166-2-placeholder-circle		parent=MA-03
MA-NAD	placeholder-circle	iso-3166-2-placeholder-circle		parent=MA-02
MA-NOU	placeholder-circle	iso-3166-2-placeholder-circle		parent=MA-06
MA-OUA	placeholder-circle	iso-3166-2-placeholder-circle		parent=MA-08
MA-OUD	placeholder-circle	iso-3166-2-placeholder-circle		parent=MA-12
MA-OUJ	placeholder-circle	iso-3166-2-placeholder-circle		parent=MA-02
MA-OUZ	placeholder-circle	iso-3166-2-placeholder-circle		parent=MA-01
MA-RAB	placeholder-circle	iso-3166-2-placeholder-circle		parent=MA-04
MA-REH	placeholder-circle	iso-3166-2-placeholder-circle		parent=MA-07
MA-SAF	placeholder-circle	iso-3166-2-placeholder-circle		parent=MA-07
MA-SAL	placeholder-circle	iso-3166-2-placeholder-circle		parent=MA-04
MA-SEF	placeholder-circle	iso-3166-2-placeholder-circle		parent=MA-03
MA-SET	placeholder-circle	iso-3166-2-placeholder-circle		parent=MA-06
MA-SIB	placeholder-circle	iso-3166-2-placeholder-circle		parent=MA-06,MA-10
MA-SIF	placeholder-circle	iso-3166-2-placeholder-circle		parent=MA-10
MA-SIK	placeholder-circle	iso-3166-2-placeholder-circle		parent=MA-04
MA-SIL	placeholder-circle	iso-3166-2-placeholder-circle		parent=MA-04
MA-SKH	placeholder-circle	iso-3166-2-placeholder-circle		parent=MA-04
MA-TAF	placeholder-circle	iso-3166-2-placeholder-circle		parent=MA-11
MA-TAI	placeholder-circle	iso-3166-2-placeholder-circle		parent=MA-02
MA-TAO	placeholder-circle	iso-3166-2-placeholder-circle		parent=MA-03
MA-TAR	placeholder-circle	iso-3166-2-placeholder-circle		parent=MA-09
MA-TAT	placeholder-circle	iso-3166-2-placeholder-circle		parent=MA-09
MA-TAZ	placeholder-circle	iso-3166-2-placeholder-circle		parent=MA-03
MA-TET	placeholder-circle	iso-3166-2-placeholder-circle		parent=MA-01
MA-TIN	placeholder-circle	iso-3166-2-placeholder-circle		parent=MA-08
MA-TIZ	placeholder-circle	iso-3166-2-placeholder-circle		parent=MA-09
MA-TNG	placeholder-circle	iso-3166-2-placeholder-circle		parent=MA-01
MA-TNT	placeholder-circle	iso-3166-2-placeholder-circle		parent=MA-10
MA-YUS	placeholder-circle	iso-3166-2-placeholder-circle		parent=MA-07,MA-10
MA-ZAG	placeholder-circle	iso-3166-2-placeholder-circle		parent=MA-08
MC	upstream	iso-3166-1-countries		
MC-CL	placeholder-circle	iso-3166-2-placeholder-circle		coords from Wikidata P625
MC-CO	placeholder-circle	iso-3166-2-placeholder-circle		coords from Wikidata P625
MC-FO	placeholder-circle	iso-3166-2-placeholder-circle		coords from Wikidata P625
MC-GA	placeholder-country-centroid	iso-3166-2-placeholder-country-centroid		no coords in Wikidata; centroid of MC
MC-JE	placeholder-circle	iso-3166-2-placeholder-circle		coords from Wikidata P625
MC-LA	placeholder-circle	iso-3166-2-placeholder-circle		coords from Wikidata P625
MC-MA	placeholder-country-centroid	iso-3166-2-placeholder-country-centroid		no coords in Wikidata; centroid of MC
MC-MC	placeholder-circle	iso-3166-2-placeholder-circle		coords from Wikidata P625
MC-MG	placeholder-circle	iso-3166-2-placeholder-circle		coords from Wikidata P625
MC-MO	placeholder-circle	iso-3166-2-placeholder-circle		coords from Wikidata P625
MC-MU	placeholder-circle	iso-3166-2-placeholder-circle		coords from Wikidata P625
MC-PH	placeholder-circle	iso-3166-2-placeholder-circle		coords from Wikidata P625
MC-SD	placeholder-circle	iso-3166-2-placeholder-circle		coords from Wikidata P625
MC-SO	placeholder-country-centroid	iso-3166-2-placeholder-country-centroid		no coords in Wikidata; centroid of MC
MC-SP	placeholder-circle	iso-3166-2-placeholder-circle		coords from Wikidata P625
MC-SR	placeholder-country-centroid	iso-3166-2-placeholder-country-centroid		no coords in Wikidata; centroid of MC
MC-VR	placeholder-country-centroid	iso-3166-2-placeholder-country-centroid		no coords in Wikidata; centroid of MC
MD	upstream	iso-3166-1-countries		
MD-AN	upstream	iso-3166-2-subdivisions		
MD-BA	upstream	iso-3166-2-subdivisions		
MD-BD	upstream	iso-3166-2-subdivisions		
MD-BR	upstream	iso-3166-2-subdivisions		
MD-BS	upstream	iso-3166-2-subdivisions		
MD-CA	upstream	iso-3166-2-subdivisions		
MD-CAM	upstream	iso-3166-2-subdivisions		
MD-CL	upstream	iso-3166-2-subdivisions		
MD-CM	upstream	iso-3166-2-subdivisions		
MD-CR	upstream	iso-3166-2-subdivisions		
MD-CS	upstream	iso-3166-2-subdivisions		
MD-CT	upstream	iso-3166-2-subdivisions		
MD-CU	upstream	iso-3166-2-subdivisions		
MD-DO	upstream	iso-3166-2-subdivisions		
MD-DR	upstream	iso-3166-2-subdivisions		
MD-DU	placeholder-circle	iso-3166-2-placeholder-circle		coords from Wikidata P625
MD-ED	upstream	iso-3166-2-subdivisions		
MD-FA	upstream	iso-3166-2-subdivisions		
MD-FL	upstream	iso-3166-2-subdivisions		
MD-GA	upstream	iso-3166-2-subdivisions		
MD-GL	upstream	iso-3166-2-subdivisions		
MD-GRI	upstream	iso-3166-2-subdivisions		
MD-HI	upstream	iso-3166-2-subdivisions		
MD-IA	upstream	iso-3166-2-subdivisions		
MD-LE	upstream	iso-3166-2-subdivisions		
MD-NI	upstream	iso-3166-2-subdivisions		
MD-OC	upstream	iso-3166-2-subdivisions		
MD-OR	upstream	iso-3166-2-subdivisions		
MD-RE	upstream	iso-3166-2-subdivisions		
MD-RI	upstream	iso-3166-2-subdivisions		
MD-SD	upstream	iso-3166-2-subdivisions		
MD-SI	upstream	iso-3166-2-subdivisions		
MD-SN	upstream	iso-3166-2-subdivisions		
MD-SO	upstream	iso-3166-2-subdivisions		
MD-ST	upstream	iso-3166-2-subdivisions		
MD-SV	upstream	iso-3166-2-subdivisions		
MD-TA	upstream	iso-3166-2-subdivisions		
MD-TE	upstream	iso-3166-2-subdivisions		
MD-UN	upstream	iso-3166-2-subdivisions		
ME	upstream	iso-3166-1-countries		
ME-01	upstream	iso-3166-2-subdivisions		
ME-02	upstream	iso-3166-2-subdivisions		
ME-03	upstream	iso-3166-2-subdivisions		
ME-04	upstream	iso-3166-2-subdivisions		
ME-05	upstream	iso-3166-2-subdivisions		
ME-06	upstream	iso-3166-2-subdivisions		
ME-07	upstream	iso-3166-2-subdivisions		
ME-08	upstream	iso-3166-2-subdivisions		
ME-09	upstream	iso-3166-2-subdivisions		
ME-10	upstream	iso-3166-2-subdivisions		
ME-11	upstream	iso-3166-2-subdivisions		
ME-12	upstream	iso-3166-2-subdivisions		
ME-13	upstream	iso-3166-2-subdivisions		
ME-14	upstream	iso-3166-2-subdivisions		
ME-15	upstream	iso-3166-2-subdivisions		
ME-16	upstream	iso-3166-2-subdivisions		
ME-17	upstream	iso-3166-2-subdivisions		
ME-18	upstream	iso-3166-2-subdivisions		
ME-19	upstream	iso-3166-2-subdivisions		
ME-20	upstream	iso-3166-2-subdivisions		
ME-21	upstream	iso-3166-2-subdivisions		
ME-22	placeholder-circle	iso-3166-2-placeholder-circle		coords from Wikidata P625
ME-23	placeholder-circle	iso-3166-2-placeholder-circle		coords from Wikidata P625
ME-24	placeholder-circle	iso-3166-2-placeholder-circle		coords from Wikidata P625
ME-25	placeholder-circle	iso-3166-2-placeholder-circle		coords from Wikidata P625
MF	upstream	iso-3166-1-countries		
MG	upstream	iso-3166-1-countries		
MG-A	upstream	iso-3166-2-subdivisions		
MG-D	upstream	iso-3166-2-subdivisions		
MG-F	upstream	iso-3166-2-subdivisions		
MG-M	upstream	iso-3166-2-subdivisions		
MG-T	upstream	iso-3166-2-subdivisions		
MG-U	upstream	iso-3166-2-subdivisions		
MH	upstream	iso-3166-1-countries		
MH-ALK	placeholder-circle	iso-3166-2-placeholder-circle		coords from Wikidata P625
MH-ALL	placeholder-circle	iso-3166-2-placeholder-circle		coords from Wikidata P625
MH-ARN	placeholder-circle	iso-3166-2-placeholder-circle		coords from Wikidata P625
MH-AUR	placeholder-circle	iso-3166-2-placeholder-circle		coords from Wikidata P625
MH-EBO	placeholder-circle	iso-3166-2-placeholder-circle		coords from Wikidata P625
MH-ENI	placeholder-circle	iso-3166-2-placeholder-circle		coords from Wikidata P625
MH-JAB	placeholder-circle	iso-3166-2-placeholder-circle		coords from Wikidata P625
MH-JAL	placeholder-circle	iso-3166-2-placeholder-circle		coords from Wikidata P625
MH-KIL	placeholder-circle	iso-3166-2-placeholder-circle		coords from Wikidata P625
MH-KWA	placeholder-circle	iso-3166-2-placeholder-circle		coords from Wikidata P625
MH-L	upstream	iso-3166-2-subdivisions		
MH-LAE	placeholder-circle	iso-3166-2-placeholder-circle		coords from Wikidata P625
MH-LIB	placeholder-circle	iso-3166-2-placeholder-circle		coords from Wikidata P625
MH-LIK	placeholder-circle	iso-3166-2-placeholder-circle		coords from Wikidata P625
MH-MAJ	placeholder-circle	iso-3166-2-placeholder-circle		coords from Wikidata P625
MH-MAL	placeholder-circle	iso-3166-2-placeholder-circle		coords from Wikidata P625
MH-MEJ	placeholder-circle	iso-3166-2-placeholder-circle		coords from Wikidata P625
MH-MIL	placeholder-circle	iso-3166-2-placeholder-circle		coords from Wikidata P625
MH-NMK	placeholder-circle	iso-3166-2-placeholder-circle		coords from Wikidata P625
MH-NMU	placeholder-circle	iso-3166-2-placeholder-circle		coords from Wikidata P625
MH-RON	placeholder-circle	iso-3166-2-placeholder-circle		coords from Wikidata P625
MH-T	upstream	iso-3166-2-subdivisions		
MH-UJA	placeholder-circle	iso-3166-2-placeholder-circle		coords from Wikidata P625
MH-UTI	placeholder-circle	iso-3166-2-placeholder-circle		coords from Wikidata P625
MH-WTH	placeholder-circle	iso-3166-2-placeholder-circle		coords from Wikidata P625
MH-WTJ	placeholder-circle	iso-3166-2-placeholder-circle		coords from Wikidata P625
MK	upstream	iso-3166-1-countries		
MK-01	upstream	iso-3166-2-subdivisions		
MK-02	upstream	iso-3166-2-subdivisions		
MK-03	upstream	iso-3166-2-subdivisions		
MK-04	upstream	iso-3166-2-subdivisions		
MK-05	upstream	iso-3166-2-subdivisions		
MK-06	upstream	iso-3166-2-subdivisions		
MK-07	upstream	iso-3166-2-subdivisions		
MK-08	upstream	iso-3166-2-subdivisions		
MK-09	upstream	iso-3166-2-subdivisions		
MK-10	upstream	iso-3166-2-subdivisions		
MK-101	placeholder-circle	iso-3166-2-placeholder-circle		coords from Wikidata P625
MK-102	placeholder-circle	iso-3166-2-placeholder-circle		coords from Wikidata P625
MK-103	placeholder-circle	iso-3166-2-placeholder-circle		coords from Wikidata P625
MK-104	placeholder-circle	iso-3166-2-placeholder-circle		coords from Wikidata P625
MK-105	placeholder-circle	iso-3166-2-placeholder-circle		coords from Wikidata P625
MK-106	placeholder-circle	iso-3166-2-placeholder-circle		coords from Wikidata P625
MK-107	placeholder-circle	iso-3166-2-placeholder-circle		coords from Wikidata P625
MK-108	placeholder-circle	iso-3166-2-placeholder-circle		coords from Wikidata P625
MK-109	placeholder-circle	iso-3166-2-placeholder-circle		coords from Wikidata P625
MK-11	upstream	iso-3166-2-subdivisions		
MK-12	upstream	iso-3166-2-subdivisions		
MK-13	upstream	iso-3166-2-subdivisions		
MK-14	upstream	iso-3166-2-subdivisions		
MK-15	upstream	iso-3166-2-subdivisions		
MK-16	upstream	iso-3166-2-subdivisions		
MK-17	upstream	iso-3166-2-subdivisions		
MK-18	upstream	iso-3166-2-subdivisions		
MK-19	upstream	iso-3166-2-subdivisions		
MK-20	upstream	iso-3166-2-subdivisions		
MK-201	placeholder-circle	iso-3166-2-placeholder-circle		coords from Wikidata P625
MK-202	placeholder-circle	iso-3166-2-placeholder-circle		coords from Wikidata P625
MK-203	placeholder-circle	iso-3166-2-placeholder-circle		coords from Wikidata P625
MK-204	placeholder-circle	iso-3166-2-placeholder-circle		coords from Wikidata P625
MK-205	placeholder-circle	iso-3166-2-placeholder-circle		coords from Wikidata P625
MK-206	placeholder-circle	iso-3166-2-placeholder-circle		coords from Wikidata P625
MK-207	placeholder-circle	iso-3166-2-placeholder-circle		coords from Wikidata P625
MK-208	placeholder-circle	iso-3166-2-placeholder-circle		coords from Wikidata P625
MK-209	placeholder-circle	iso-3166-2-placeholder-circle		coords from Wikidata P625
MK-21	upstream	iso-3166-2-subdivisions		
MK-210	placeholder-circle	iso-3166-2-placeholder-circle		coords from Wikidata P625
MK-211	placeholder-circle	iso-3166-2-placeholder-circle		coords from Wikidata P625
MK-22	upstream	iso-3166-2-subdivisions		
MK-23	upstream	iso-3166-2-subdivisions		
MK-24	upstream	iso-3166-2-subdivisions		
MK-25	upstream	iso-3166-2-subdivisions		
MK-26	upstream	iso-3166-2-subdivisions		
MK-27	upstream	iso-3166-2-subdivisions		
MK-28	upstream	iso-3166-2-subdivisions		
MK-29	upstream	iso-3166-2-subdivisions		
MK-30	upstream	iso-3166-2-subdivisions		
MK-301	placeholder-circle	iso-3166-2-placeholder-circle		coords from Wikidata P625
MK-303	placeholder-circle	iso-3166-2-placeholder-circle		coords from Wikidata P625
MK-304	placeholder-circle	iso-3166-2-placeholder-circle		coords from Wikidata P625
MK-307	placeholder-circle	iso-3166-2-placeholder-circle		coords from Wikidata P625
MK-308	placeholder-circle	iso-3166-2-placeholder-circle		coords from Wikidata P625
MK-31	upstream	iso-3166-2-subdivisions		
MK-310	placeholder-circle	iso-3166-2-placeholder-circle		coords from Wikidata P625
MK-311	placeholder-circle	iso-3166-2-placeholder-circle		coords from Wikidata P625
MK-312	placeholder-circle	iso-3166-2-placeholder-circle		coords from Wikidata P625
MK-313	placeholder-circle	iso-3166-2-placeholder-circle		coords from Wikidata P625
MK-32	upstream	iso-3166-2-subdivisions		
MK-33	upstream	iso-3166-2-subdivisions		
MK-34	upstream	iso-3166-2-subdivisions		
MK-35	upstream	iso-3166-2-subdivisions		
MK-36	upstream	iso-3166-2-subdivisions		
MK-37	upstream	iso-3166-2-subdivisions		
MK-38	upstream	iso-3166-2-subdivisions		
MK-39	upstream	iso-3166-2-subdivisions		
MK-40	upstream	iso-3166-2-subdivisions		
MK-401	placeholder-circle	iso-3166-2-placeholder-circle		coords from Wikidata P625
MK-402	placeholder-circle	iso-3166-2-placeholder-circle		coords from Wikidata P625
MK-403	placeholder-circle	iso-3166-2-placeholder-circle		coords from Wikidata P625
MK-404	placeholder-circle	iso-3166-2-placeholder-circle		coords from Wikidata P625
MK-405	placeholder-circle	iso-3166-2-placeholder-circle		coords from Wikidata P625
MK-406	placeholder-circle	iso-3166-2-placeholder-circle		withdrawn
MK-407	placeholder-circle	iso-3166-2-placeholder-circle		coords from Wikidata P625
MK-408	placeholder-circle	iso-3166-2-placeholder-circle		coords from Wikidata P625
MK-409	placeholder-circle	iso-3166-2-placeholder-circle		coords from Wikidata P625
MK-41	upstream	iso-3166-2-subdivisions		
MK-410	placeholder-circle	iso-3166-2-placeholder-circle		coords from Wikidata P625
MK-42	upstream	iso-3166-2-subdivisions		
MK-43	upstream	iso-3166-2-subdivisions		
MK-44	upstream	iso-3166-2-subdivisions		
MK-45	upstream	iso-3166-2-subdivisions		
MK-46	upstream	iso-3166-2-subdivisions		
MK-47	upstream	iso-3166-2-subdivisions		
MK-48	upstream	iso-3166-2-subdivisions		
MK-49	upstream	iso-3166-2-subdivisions		
MK-50	upstream	iso-3166-2-subdivisions		
MK-501	placeholder-circle	iso-3166-2-placeholder-circle		coords from Wikidata P625
MK-502	placeholder-circle	iso-3166-2-placeholder-circle		coords from Wikidata P625
MK-503	placeholder-circle	iso-3166-2-placeholder-circle		coords from Wikidata P625
MK-504	placeholder-circle	iso-3166-2-placeholder-circle		coords from Wikidata P625
MK-505	placeholder-circle	iso-3166-2-placeholder-circle		coords from Wikidata P625
MK-506	placeholder-circle	iso-3166-2-placeholder-circle		coords from Wikidata P625
MK-507	placeholder-circle	iso-3166-2-placeholder-circle		coords from Wikidata P625
MK-508	placeholder-circle	iso-3166-2-placeholder-circle		coords from Wikidata P625
MK-509	placeholder-circle	iso-3166-2-placeholder-circle		coords from Wikidata P625
MK-51	upstream	iso-3166-2-subdivisions		
MK-52	upstream	iso-3166-2-subdivisions		
MK-53	upstream	iso-3166-2-subdivisions		
MK-54	upstream	iso-3166-2-subdivisions		
MK-55	upstream	iso-3166-2-subdivisions		
MK-56	upstream	iso-3166-2-subdivisions		
MK-57	upstream	iso-3166-2-subdivisions		
MK-58	upstream	iso-3166-2-subdivisions		
MK-60	upstream	iso-3166-2-subdivisions		
MK-601	placeholder-circle	iso-3166-2-placeholder-circle		coords from Wikidata P625
MK-602	placeholder-circle	iso-3166-2-placeholder-circle		coords from Wikidata P625
MK-603	placeholder-circle	iso-3166-2-placeholder-circle		coords from Wikidata P625
MK-604	placeholder-circle	iso-3166-2-placeholder-circle		coords from Wikidata P625
MK-605	placeholder-circle	iso-3166-2-placeholder-circle		coords from Wikidata P625
MK-606	placeholder-circle	iso-3166-2-placeholder-circle		coords from Wikidata P625
MK-607	placeholder-circle	iso-3166-2-placeholder-circle		coords from Wikidata P625
MK-608	placeholder-circle	iso-3166-2-placeholder-circle		coords from Wikidata P625
MK-609	placeholder-circle	iso-3166-2-placeholder-circle		coords from Wikidata P625
MK-61	upstream	iso-3166-2-subdivisions		
MK-62	upstream	iso-3166-2-subdivisions		
MK-63	upstream	iso-3166-2-subdivisions		
MK-64	upstream	iso-3166-2-subdivisions		
MK-65	upstream	iso-3166-2-subdivisions		
MK-66	upstream	iso-3166-2-subdivisions		
MK-67	upstream	iso-3166-2-subdivisions		
MK-68	upstream	iso-3166-2-subdivisions		
MK-69	upstream	iso-3166-2-subdivisions		
MK-70	upstream	iso-3166-2-subdivisions		
MK-701	placeholder-circle	iso-3166-2-placeholder-circle		coords from Wikidata P625
MK-702	placeholder-circle	iso-3166-2-placeholder-circle		coords from Wikidata P625
MK-703	placeholder-circle	iso-3166-2-placeholder-circle		coords from Wikidata P625
MK-704	placeholder-circle	iso-3166-2-placeholder-circle		coords from Wikidata P625
MK-705	placeholder-circle	iso-3166-2-placeholder-circle		coords from Wikidata P625
MK-706	placeholder-circle	iso-3166-2-placeholder-circle		withdrawn
MK-71	upstream	iso-3166-2-subdivisions		
MK-72	upstream	iso-3166-2-subdivisions		
MK-73	upstream	iso-3166-2-subdivisions		
MK-74	upstream	iso-3166-2-subdivisions		
MK-75	upstream	iso-3166-2-subdivisions		
MK-76	upstream	iso-3166-2-subdivisions		
MK-77	upstream	iso-3166-2-subdivisions		
MK-78	upstream	iso-3166-2-subdivisions		
MK-79	upstream	iso-3166-2-subdivisions		
MK-80	upstream	iso-3166-2-subdivisions		
MK-801	placeholder-circle	iso-3166-2-placeholder-circle		parent=MK-85
MK-802	placeholder-circle	iso-3166-2-placeholder-circle		coords from Wikidata P625
MK-803	placeholder-circle	iso-3166-2-placeholder-circle		parent=MK-85; withdrawn
MK-804	placeholder-circle	iso-3166-2-placeholder-circle		parent=MK-85
MK-805	placeholder-circle	iso-3166-2-placeholder-circle		parent=MK-85
MK-806	placeholder-circle	iso-3166-2-placeholder-circle		withdrawn
MK-807	placeholder-circle	iso-3166-2-placeholder-circle		coords from Wikidata P625
MK-808	placeholder-circle	iso-3166-2-placeholder-circle		parent=MK-85
MK-809	placeholder-circle	iso-3166-2-placeholder-circle		parent=MK-85
MK-81	upstream	iso-3166-2-subdivisions		
MK-810	placeholder-circle	iso-3166-2-placeholder-circle		withdrawn
MK-811	placeholder-circle	iso-3166-2-placeholder-circle		parent=MK-85
MK-812	placeholder-circle	iso-3166-2-placeholder-circle		withdrawn
MK-813	placeholder-circle	iso-3166-2-placeholder-circle		withdrawn
MK-814	placeholder-circle	iso-3166-2-placeholder-circle		parent=MK-85
MK-815	placeholder-circle	iso-3166-2-placeholder-circle		parent=MK-85
MK-816	placeholder-circle	iso-3166-2-placeholder-circle		coords from Wikidata P625
MK-817	placeholder-circle	iso-3166-2-placeholder-circle		parent=MK-85
MK-82	upstream	iso-3166-2-subdivisions		
MK-83	upstream	iso-3166-2-subdivisions		
MK-84	upstream	iso-3166-2-subdivisions		
MK-85	upstream	iso-3166-2-subdivisions		
ML	upstream	iso-3166-1-countries		
ML-1	upstream	iso-3166-2-subdivisions		
ML-10	placeholder-circle	iso-3166-2-placeholder-circle		coords from Wikidata P625
ML-11	placeholder-circle	iso-3166-2-placeholder-circle		coords from Wikidata P625
ML-12	placeholder-circle	iso-3166-2-placeholder-circle		coords from Wikidata P625
ML-13	placeholder-circle	iso-3166-2-placeholder-circle		coords from Wikidata P625
ML-14	placeholder-circle	iso-3166-2-placeholder-circle		coords from Wikidata P625
ML-15	placeholder-circle	iso-3166-2-placeholder-circle		coords from Wikidata P625
ML-16	placeholder-circle	iso-3166-2-placeholder-circle		coords from Wikidata P625
ML-17	placeholder-circle	iso-3166-2-placeholder-circle		coords from Wikidata P625
ML-18	placeholder-circle	iso-3166-2-placeholder-circle		coords from Wikidata P625
ML-19	placeholder-circle	iso-3166-2-placeholder-circle		coords from Wikidata P625
ML-2	upstream	iso-3166-2-subdivisions		
ML-3	upstream	iso-3166-2-subdivisions		
ML-4	upstream	iso-3166-2-subdivisions		
ML-5	upstream	iso-3166-2-subdivisions		
ML-6	upstream	iso-3166-2-subdivisions		
ML-7	upstream	iso-3166-2-subdivisions		
ML-8	upstream	iso-3166-2-subdivisions		
ML-9	placeholder-circle	iso-3166-2-placeholder-circle		coords from Wikidata P625
ML-BKO	upstream	iso-3166-2-subdivisions		
MM	upstream	iso-3166-1-countries		
MM-01	upstream	iso-3166-2-subdivisions		
MM-02	upstream	iso-3166-2-subdivisions		
MM-03	upstream	iso-3166-2-subdivisions		
MM-04	upstream	iso-3166-2-subdivisions		
MM-05	upstream	iso-3166-2-subdivisions		
MM-06	upstream	iso-3166-2-subdivisions		
MM-07	upstream	iso-3166-2-subdivisions		
MM-11	upstream	iso-3166-2-subdivisions		
MM-12	upstream	iso-3166-2-subdivisions		
MM-13	upstream	iso-3166-2-subdivisions		
MM-14	upstream	iso-3166-2-subdivisions		
MM-15	upstream	iso-3166-2-subdivisions		
MM-16	upstream	iso-3166-2-subdivisions		
MM-17	upstream	iso-3166-2-subdivisions		
MM-18	placeholder-circle	iso-3166-2-placeholder-circle		coords from Wikidata P625
MN	upstream	iso-3166-1-countries		
MN-035	upstream	iso-3166-2-subdivisions		
MN-037	upstream	iso-3166-2-subdivisions		
MN-039	upstream	iso-3166-2-subdivisions		
MN-041	upstream	iso-3166-2-subdivisions		
MN-043	upstream	iso-3166-2-subdivisions		
MN-046	upstream	iso-3166-2-subdivisions		
MN-047	upstream	iso-3166-2-subdivisions		
MN-049	upstream	iso-3166-2-subdivisions		
MN-051	upstream	iso-3166-2-subdivisions		
MN-053	upstream	iso-3166-2-subdivisions		
MN-055	upstream	iso-3166-2-subdivisions		
MN-057	upstream	iso-3166-2-subdivisions		
MN-059	upstream	iso-3166-2-subdivisions		
MN-061	upstream	iso-3166-2-subdivisions		
MN-063	upstream	iso-3166-2-subdivisions		
MN-064	upstream	iso-3166-2-subdivisions		
MN-065	upstream	iso-3166-2-subdivisions		
MN-067	upstream	iso-3166-2-subdivisions		
MN-069	upstream	iso-3166-2-subdivisions		
MN-071	upstream	iso-3166-2-subdivisions		
MN-073	upstream	iso-3166-2-subdivisions		
MN-1	upstream	iso-3166-2-subdivisions		
MO	upstream	iso-3166-1-countries		
MO-M	upstream	iso-3166-2-subdivisions		
MP	upstream	iso-3166-1-countries		
MQ	upstream	iso-3166-1-subunits		
MR	upstream	iso-3166-1-countries		
MR-01	upstream	iso-3166-2-subdivisions		
MR-02	upstream	iso-3166-2-subdivisions		
MR-03	upstream	iso-3166-2-subdivisions		
MR-04	upstream	iso-3166-2-subdivisions		
MR-05	upstream	iso-3166-2-subdivisions		
MR-06	upstream	iso-3166-2-subdivisions		
MR-07	upstream	iso-3166-2-subdivisions		
MR-08	upstream	iso-3166-2-subdivisions		
MR-09	upstream	iso-3166-2-subdivisions		
MR-10	upstream	iso-3166-2-subdivisions		
MR-11	upstream	iso-3166-2-subdivisions		
MR-12	upstream	iso-3166-2-subdivisions		
MR-13	placeholder-circle	iso-3166-2-placeholder-circle		coords from Wikidata P625
MR-14	placeholder-circle	iso-3166-2-placeholder-circle		coords from Wikidata P625
MR-15	placeholder-circle	iso-3166-2-placeholder-circle		coords from Wikidata P625
MR-NKC	upstream	iso-3166-2-subdivisions		
MS	upstream	iso-3166-1-countries		
MS-A	upstream	iso-3166-2-subdivisions		
MS-G	upstream	iso-3166-2-subdivisions		
MS-P	upstream	iso-3166-2-subdivisions		
MT	upstream	iso-3166-1-countries		
MT-01	upstream	iso-3166-2-subdivisions		
MT-02	upstream	iso-3166-2-subdivisions		
MT-03	upstream	iso-3166-2-subdivisions		
MT-04	upstream	iso-3166-2-subdivisions		
MT-05	upstream	iso-3166-2-subdivisions		
MT-06	upstream	iso-3166-2-subdivisions		
MT-07	upstream	iso-3166-2-subdivisions		
MT-08	upstream	iso-3166-2-subdivisions		
MT-09	upstream	iso-3166-2-subdivisions		
MT-10	upstream	iso-3166-2-subdivisions		
MT-11	upstream	iso-3166-2-subdivisions		
MT-12	upstream	iso-3166-2-subdivisions		
MT-13	upstream	iso-3166-2-subdivisions		
MT-14	upstream	iso-3166-2-subdivisions		
MT-15	upstream	iso-3166-2-subdivisions		
MT-16	upstream	iso-3166-2-subdivisions		
MT-17	upstream	iso-3166-2-subdivisions		
MT-18	upstream	iso-3166-2-subdivisions		
MT-19	upstream	iso-3166-2-subdivisions		
MT-20	upstream	iso-3166-2-subdivisions		
MT-21	upstream	iso-3166-2-subdivisions		
MT-22	upstream	iso-3166-2-subdivisions		
MT-23	upstream	iso-3166-2-subdivisions		
MT-24	upstream	iso-3166-2-subdivisions		
MT-25	upstream	iso-3166-2-subdivisions		
MT-26	upstream	iso-3166-2-subdivisions		
MT-27	upstream	iso-3166-2-subdivisions		
MT-28	upstream	iso-3166-2-subdivisions		
MT-29	upstream	iso-3166-2-subdivisions		
MT-30	upstream	iso-3166-2-subdivisions		
MT-31	upstream	iso-3166-2-subdivisions		
MT-32	upstream	iso-3166-2-subdivisions		
MT-33	upstream	iso-3166-2-subdivisions		
MT-34	upstream	iso-3166-2-subdivisions		
MT-35	upstream	iso-3166-2-subdivisions		
MT-36	upstream	iso-3166-2-subdivisions		
MT-37	upstream	iso-3166-2-subdivisions		
MT-38	upstream	iso-3166-2-subdivisions		
MT-39	upstream	iso-3166-2-subdivisions		
MT-40	upstream	iso-3166-2-subdivisions		
MT-41	upstream	iso-3166-2-subdivisions		
MT-42	upstream	iso-3166-2-subdivisions		
MT-43	upstream	iso-3166-2-subdivisions		
MT-44	upstream	iso-3166-2-subdivisions		
MT-45	upstream	iso-3166-2-subdivisions		
MT-46	upstream	iso-3166-2-subdivisions		
MT-47	upstream	iso-3166-2-subdivisions		
MT-48	upstream	iso-3166-2-subdivisions		
MT-49	upstream	iso-3166-2-subdivisions		
MT-50	upstream	iso-3166-2-subdivisions		
MT-51	upstream	iso-3166-2-subdivisions		
MT-52	upstream	iso-3166-2-subdivisions		
MT-53	upstream	iso-3166-2-subdivisions		
MT-54	upstream	iso-3166-2-subdivisions		
MT-55	upstream	iso-3166-2-subdivisions		
MT-56	upstream	iso-3166-2-subdivisions		
MT-57	upstream	iso-3166-2-subdivisions		
MT-58	upstream	iso-3166-2-subdivisions		
MT-59	upstream	iso-3166-2-subdivisions		
MT-60	upstream	iso-3166-2-subdivisions		
MT-61	upstream	iso-3166-2-subdivisions		
MT-62	upstream	iso-3166-2-subdivisions		
MT-63	upstream	iso-3166-2-subdivisions		
MT-64	upstream	iso-3166-2-subdivisions		
MT-65	upstream	iso-3166-2-subdivisions		
MT-66	upstream	iso-3166-2-subdivisions		
MT-67	upstream	iso-3166-2-subdivisions		
MT-68	upstream	iso-3166-2-subdivisions		
MU	upstream	iso-3166-1-countries		
MU-AG	upstream	iso-3166-2-subdivisions		
MU-BL	upstream	iso-3166-2-subdivisions		
MU-BR	upstream	iso-3166-2-subdivisions		
MU-CC	placeholder-circle	iso-3166-2-placeholder-circle		coords from Wikidata P625
MU-CU	upstream	iso-3166-2-subdivisions		
MU-FL	upstream	iso-3166-2-subdivisions		
MU-GP	upstream	iso-3166-2-subdivisions		
MU-MO	upstream	iso-3166-2-subdivisions		
MU-PA	upstream	iso-3166-2-subdivisions		
MU-PL	upstream	iso-3166-2-subdivisions		
MU-PW	upstream	iso-3166-2-subdivisions		
MU-QB	upstream	iso-3166-2-subdivisions		
MU-RO	upstream	iso-3166-2-subdivisions		
MU-RR	upstream	iso-3166-2-subdivisions		
MU-SA	upstream	iso-3166-2-subdivisions		
MU-VP	upstream	iso-3166-2-subdivisions		
MV	upstream	iso-3166-1-countries		
MV-00	upstream	iso-3166-2-subdivisions		
MV-01	upstream	iso-3166-2-subdivisions		
MV-02	upstream	iso-3166-2-subdivisions		
MV-03	upstream	iso-3166-2-subdivisions		
MV-04	upstream	iso-3166-2-subdivisions		
MV-05	upstream	iso-3166-2-subdivisions		
MV-07	upstream	iso-3166-2-subdivisions		
MV-08	upstream	iso-3166-2-subdivisions		
MV-12	upstream	iso-3166-2-subdivisions		
MV-13	upstream	iso-3166-2-subdivisions		
MV-14	upstream	iso-3166-2-subdivisions		
MV-17	upstream	iso-3166-2-subdivisions		
MV-20	upstream	iso-3166-2-subdivisions		
MV-23	upstream	iso-3166-2-subdivisions		
MV-24	upstream	iso-3166-2-subdivisions		
MV-25	upstream	iso-3166-2-subdivisions		
MV-26	upstream	iso-3166-2-subdivisions		
MV-27	upstream	iso-3166-2-subdivisions		
MV-28	upstream	iso-3166-2-subdivisions		
MV-29	upstream	iso-3166-2-subdivisions		
MV-CE	placeholder-circle	iso-3166-2-placeholder-circle		coords from Wikidata P625
MV-MLE	placeholder-circle	iso-3166-2-placeholder-circle		parent=MV-26
MV-NC	placeholder-country-centroid	iso-3166-2-placeholder-country-centroid		no coords in Wikidata; centroid of MV
MV-NO	placeholder-country-centroid	iso-3166-2-placeholder-country-centroid		no coords in Wikidata; centroid of MV
MV-SC	placeholder-country-centroid	iso-3166-2-placeholder-country-centroid		no coords in Wikidata; centroid of MV
MV-SU	placeholder-country-centroid	iso-3166-2-placeholder-country-centroid		no coords in Wikidata; centroid of MV
MV-UN	placeholder-country-centroid	iso-3166-2-placeholder-country-centroid		no coords in Wikidata; centroid of MV
MV-US	placeholder-circle	iso-3166-2-placeholder-circle		coords from Wikidata P625
MW	upstream	iso-3166-1-countries		
MW-BA	upstream	iso-3166-2-subdivisions		
MW-BL	upstream	iso-3166-2-subdivisions		
MW-C	placeholder-circle	iso-3166-2-placeholder-circle		coords from Wikidata P625
MW-CK	upstream	iso-3166-2-subdivisions		
MW-CR	upstream	iso-3166-2-subdivisions		
MW-CT	upstream	iso-3166-2-subdivisions		
MW-DE	upstream	iso-3166-2-subdivisions		
MW-DO	upstream	iso-3166-2-subdivisions		
MW-KR	placeholder-circle	iso-3166-2-placeholder-circle		coords from Wikidata P625
MW-KS	upstream	iso-3166-2-subdivisions		
MW-LI	upstream	iso-3166-2-subdivisions		
MW-LK	upstream	iso-3166-2-subdivisions		
MW-MC	upstream	iso-3166-2-subdivisions		
MW-MG	upstream	iso-3166-2-subdivisions		
MW-MH	upstream	iso-3166-2-subdivisions		
MW-MU	upstream	iso-3166-2-subdivisions		
MW-MW	upstream	iso-3166-2-subdivisions		
MW-MZ	upstream	iso-3166-2-subdivisions		
MW-N	placeholder-circle	iso-3166-2-placeholder-circle		coords from Wikidata P625
MW-NB	upstream	iso-3166-2-subdivisions		
MW-NE	upstream	iso-3166-2-subdivisions		
MW-NI	upstream	iso-3166-2-subdivisions		
MW-NK	upstream	iso-3166-2-subdivisions		
MW-NS	upstream	iso-3166-2-subdivisions		
MW-NU	upstream	iso-3166-2-subdivisions		
MW-PH	upstream	iso-3166-2-subdivisions		
MW-RU	upstream	iso-3166-2-subdivisions		
MW-S	placeholder-circle	iso-3166-2-placeholder-circle		coords from Wikidata P625
MW-SA	upstream	iso-3166-2-subdivisions		
MW-TH	upstream	iso-3166-2-subdivisions		
MW-ZO	upstream	iso-3166-2-subdivisions		
MX	upstream	iso-3166-1-countries		
MX-AGU	upstream	iso-3166-2-subdivisions		
MX-BCN	upstream	iso-3166-2-subdivisions		
MX-BCS	upstream	iso-3166-2-subdivisions		
MX-CAM	upstream	iso-3166-2-subdivisions		
MX-CHH	upstream	iso-3166-2-subdivisions		
MX-CHP	upstream	iso-3166-2-subdivisions		
MX-CMX	placeholder-circle	iso-3166-2-placeholder-circle		coords from Wikidata P625
MX-COA	upstream	iso-3166-2-subdivisions		
MX-COL	upstream	iso-3166-2-subdivisions		
MX-DIF	upstream	iso-3166-2-subdivisions		
MX-DUR	upstream	iso-3166-2-subdivisions		
MX-GRO	upstream	iso-3166-2-subdivisions		
MX-GUA	upstream	iso-3166-2-subdivisions		
MX-HID	upstream	iso-3166-2-subdivisions		
MX-JAL	upstream	iso-3166-2-subdivisions		
MX-MEX	upstream	iso-3166-2-subdivisions		
MX-MIC	upstream	iso-3166-2-subdivisions		
MX-MOR	upstream	iso-3166-2-subdivisions		
MX-NAY	upstream	iso-3166-2-subdivisions		
MX-NLE	upstream	iso-3166-2-subdivisions		
MX-OAX	upstream	iso-3166-2-subdivisions		
MX-PUE	upstream	iso-3166-2-subdivisions		
MX-QUE	upstream	iso-3166-2-subdivisions		
MX-ROO	upstream	iso-3166-2-subdivisions		
MX-SIN	upstream	iso-3166-2-subdivisions		
MX-SLP	upstream	iso-3166-2-subdivisions		
MX-SON	upstream	iso-3166-2-subdivisions		
MX-TAB	upstream	iso-3166-2-subdivisions		
MX-TAM	upstream	iso-3166-2-subdivisions		
MX-TLA	upstream	iso-3166-2-subdivisions		
MX-VER	upstream	iso-3166-2-subdivisions		
MX-YUC	upstream	iso-3166-2-subdivisions		
MX-ZAC	upstream	iso-3166-2-subdivisions		
MY	upstream	iso-3166-1-countries		
MY-01	upstream	iso-3166-2-subdivisions		
MY-02	upstream	iso-3166-2-subdivisions		
MY-03	upstream	iso-3166-2-subdivisions		
MY-04	upstream	iso-3166-2-subdivisions		
MY-05	upstream	iso-3166-2-subdivisions		
MY-06	upstream	iso-3166-2-subdivisions		
MY-07	upstream	iso-3166-2-subdivisions		
MY-08	upstream	iso-3166-2-subdivisions		
MY-09	upstream	iso-3166-2-subdivisions		
MY-10	upstream	iso-3166-2-subdivisions		
MY-11	upstream	iso-3166-2-subdivisions		
MY-12	upstream	iso-3166-2-subdivisions		
MY-13	upstream	iso-3166-2-subdivisions		
MY-14	upstream	iso-3166-2-subdivisions		
MY-15	upstream	iso-3166-2-subdivisions		
MY-16	upstream	iso-3166-2-subdivisions		
MZ	upstream	iso-3166-1-countries		
MZ-A	upstream	iso-3166-2-subdivisions		
MZ-B	upstream	iso-3166-2-subdivisions		
MZ-G	upstream	iso-3166-2-subdivisions		
MZ-I	upstream	iso-3166-2-subdivisions		
MZ-L	upstream	iso-3166-2-subdivisions		
MZ-MPM	placeholder-circle	iso-3166-2-placeholder-circle		coords from Wikidata P625
MZ-N	upstream	iso-3166-2-subdivisions		
MZ-P	upstream	iso-3166-2-subdivisions		
MZ-Q	upstream	iso-3166-2-subdivisions		
MZ-S	upstream	iso-3166-2-subdivisions		
MZ-T	upstream	iso-3166-2-subdivisions		
NA	upstream	iso-3166-1-countries		
NA-CA	upstream	iso-3166-2-subdivisions		
NA-ER	upstream	iso-3166-2-subdivisions		
NA-HA	upstream	iso-3166-2-subdivisions		
NA-KA	upstream	iso-3166-2-subdivisions		
NA-KE	placeholder-circle	iso-3166-2-placeholder-circle		coords from Wikidata P625
NA-KH	upstream	iso-3166-2-subdivisions		
NA-KU	upstream	iso-3166-2-subdivisions		
NA-KW	placeholder-circle	iso-3166-2-placeholder-circle		coords from Wikidata P625
NA-OD	upstream	iso-3166-2-subdivisions		
NA-OH	upstream	iso-3166-2-subdivisions		
NA-OK	upstream	iso-3166-2-subdivisions		
NA-ON	upstream	iso-3166-2-subdivisions		
NA-OS	upstream	iso-3166-2-subdivisions		
NA-OT	upstream	iso-3166-2-subdivisions		
NA-OW	upstream	iso-3166-2-subdivisions		
NC	upstream	iso-3166-1-countries		
NE	upstream	iso-3166-1-countries		
NE-1	upstream	iso-3166-2-subdivisions		
NE-2	upstream	iso-3166-2-subdivisions		
NE-3	upstream	iso-3166-2-subdivisions		
NE-4	upstream	iso-3166-2-subdivisions		
NE-5	upstream	iso-3166-2-subdivisions		
NE-6	upstream	iso-3166-2-subdivisions		
NE-7	upstream	iso-3166-2-subdivisions		
NE-8	upstream	iso-3166-2-subdivisions		
NF	upstream	iso-3166-1-countries		
NG	upstream	iso-3166-1-countries		
NG-AB	upstream	iso-3166-2-subdivisions		
NG-AD	upstream	iso-3166-2-subdivisions		
NG-AK	upstream	iso-3166-2-subdivisions		
NG-AN	upstream	iso-3166-2-subdivisions		
NG-BA	upstream	iso-3166-2-subdivisions		
NG-BE	upstream	iso-3166-2-subdivisions		
NG-BO	upstream	iso-3166-2-subdivisions		
NG-BY	upstream	iso-3166-2-subdivisions		
NG-CR	upstream	iso-3166-2-subdivisions		
NG-DE	upstream	iso-3166-2-subdivisions		
NG-EB	upstream	iso-3166-2-subdivisions		
NG-ED	upstream	iso-3166-2-subdivisions		
NG-EK	upstream	iso-3166-2-subdivisions		
NG-EN	upstream	iso-3166-2-subdivisions		
NG-FC	upstream	iso-3166-2-subdivisions		
NG-GO	upstream	iso-3166-2-subdivisions		
NG-IM	upstream	iso-3166-2-subdivisions		
NG-JI	upstream	iso-3166-2-subdivisions		
NG-KD	upstream	iso-3166-2-subdivisions		
NG-KE	upstream	iso-3166-2-subdivisions		
NG-KN	upstream	iso-3166-2-subdivisions		
NG-KO	upstream	iso-3166-2-subdivisions		
NG-KT	upstream	iso-3166-2-subdivisions		
NG-KW	upstream	iso-3166-2-subdivisions		
NG-LA	upstream	iso-3166-2-subdivisions		
NG-NA	upstream	iso-3166-2-subdivisions		
NG-NI	upstream	iso-3166-2-subdivisions		
NG-OG	upstream	iso-3166-2-subdivisions		
NG-ON	upstream	iso-3166-2-subdivisions		
NG-OS	upstream	iso-3166-2-subdivisions		
NG-OY	upstream	iso-3166-2-subdivisions		
NG-PL	upstream	iso-3166-2-subdivisions		
NG-RI	upstream	iso-3166-2-subdivisions		
NG-SO	upstream	iso-3166-2-subdivisions		
NG-TA	upstream	iso-3166-2-subdivisions		
NG-YO	upstream	iso-3166-2-subdivisions		
NG-ZA	upstream	iso-3166-2-subdivisions		
NI	upstream	iso-3166-1-countries		
NI-AN	upstream	iso-3166-2-subdivisions		
NI-AS	upstream	iso-3166-2-subdivisions		
NI-BO	upstream	iso-3166-2-subdivisions		
NI-CA	upstream	iso-3166-2-subdivisions		
NI-CI	upstream	iso-3166-2-subdivisions		
NI-CO	upstream	iso-3166-2-subdivisions		
NI-ES	upstream	iso-3166-2-subdivisions		
NI-GR	upstream	iso-3166-2-subdivisions		
NI-JI	upstream	iso-3166-2-subdivisions		
NI-LE	upstream	iso-3166-2-subdivisions		
NI-MD	upstream	iso-3166-2-subdivisions		
NI-MN	upstream	iso-3166-2-subdivisions		
NI-MS	upstream	iso-3166-2-subdivisions		
NI-MT	upstream	iso-3166-2-subdivisions		
NI-NS	upstream	iso-3166-2-subdivisions		
NI-RI	upstream	iso-3166-2-subdivisions		
NI-SJ	upstream	iso-3166-2-subdivisions		
NI-ZC	placeholder-circle	iso-3166-2-placeholder-circle		coords from Wikidata P625
NI-ZE	placeholder-circle	iso-3166-2-placeholder-circle		coords from Wikidata P625
NL	upstream	iso-3166-1-countries		
NL-AW	alias-symlink	iso-3166-1-countries	AW	
NL-BQ1	upstream	iso-3166-2-subdivisions		
NL-BQ2	upstream	iso-3166-2-subdivisions		
NL-BQ3	upstream	iso-3166-2-subdivisions		
NL-CW	alias-symlink	iso-3166-1-countries	CW	
NL-DR	upstream	iso-3166-2-subdivisions		
NL-FL	upstream	iso-3166-2-subdivisions		
NL-FR	upstream	iso-3166-2-subdivisions		
NL-GE	upstream	iso-3166-2-subdivisions		
NL-GR	upstream	iso-3166-2-subdivisions		
NL-LI	upstream	iso-3166-2-subdivisions		
NL-NB	upstream	iso-3166-2-subdivisions		
NL-NH	upstream	iso-3166-2-subdivisions		
NL-OV	upstream	iso-3166-2-subdivisions		
NL-SX	upstream	iso-3166-2-subdivisions		
NL-UT	upstream	iso-3166-2-subdivisions		
NL-ZE	upstream	iso-3166-2-subdivisions		
NL-ZH	upstream	iso-3166-2-subdivisions		
NO	upstream	iso-3166-1-countries		
NO-01	upstream	iso-3166-2-subdivisions		
NO-02	upstream	iso-3166-2-subdivisions		
NO-03	upstream	iso-3166-2-subdivisions		
NO-04	upstream	iso-3166-2-subdivisions		
NO-05	upstream	iso-3166-2-subdivisions		
NO-06	upstream	iso-3166-2-subdivisions		
NO-07	upstream	iso-3166-2-subdivisions		
NO-08	upstream	iso-3166-2-subdivisions		
NO-09	upstream	iso-3166-2-subdivisions		
NO-10	upstream	iso-3166-2-subdivisions		
NO-11	upstream	iso-3166-2-subdivisions		
NO-12	upstream	iso-3166-2-subdivisions		
NO-14	upstream	iso-3166-2-subdivisions		
NO-15	upstream	iso-3166-2-subdivisions		
NO-16	upstream	iso-3166-2-subdivisions		
NO-17	upstream	iso-3166-2-subdivisions		
NO-18	upstream	iso-3166-2-subdivisions		
NO-19	upstream	iso-3166-2-subdivisions		
NO-20	upstream	iso-3166-2-subdivisions		
NO-21	upstream	iso-3166-2-subdivisions		
NO-22	alias-symlink	iso-3166-1-countries	SJ	dual-coded with ISO 3166-1
NO-30	placeholder-circle	iso-3166-2-placeholder-circle		coords from Wikidata P625
NO-31	placeholder-circle	iso-3166-2-placeholder-circle		coords from Wikidata P625
NO-32	placeholder-circle	iso-3166-2-placeholder-circle		coords from Wikidata P625
NO-33	placeholder-circle	iso-3166-2-placeholder-circle		coords from Wikidata P625
NO-34	placeholder-circle	iso-3166-2-placeholder-circle		coords from Wikidata P625
NO-38	placeholder-circle	iso-3166-2-placeholder-circle		coords from Wikidata P625
NO-39	placeholder-circle	iso-3166-2-placeholder-circle		coords from Wikidata P625
NO-40	placeholder-circle	iso-3166-2-placeholder-circle		coords from Wikidata P625
NO-42	placeholder-circle	iso-3166-2-placeholder-circle		coords from Wikidata P625
NO-46	placeholder-circle	iso-3166-2-placeholder-circle		coords from Wikidata P625
NO-50	placeholder-circle	iso-3166-2-placeholder-circle		coords from Wikidata P625
NO-54	placeholder-circle	iso-3166-2-placeholder-circle		coords from Wikidata P625
NO-55	placeholder-circle	iso-3166-2-placeholder-circle		coords from Wikidata P625
NO-56	placeholder-circle	iso-3166-2-placeholder-circle		coords from Wikidata P625
NP	upstream	iso-3166-1-countries		
NP-1	placeholder-circle	iso-3166-2-placeholder-circle		coords from Wikidata P625
NP-2	placeholder-circle	iso-3166-2-placeholder-circle		coords from Wikidata P625
NP-3	placeholder-circle	iso-3166-2-placeholder-circle		coords from Wikidata P625
NP-4	placeholder-circle	iso-3166-2-placeholder-circle		coords from Wikidata P625
NP-5	placeholder-circle	iso-3166-2-placeholder-circle		coords from Wikidata P625
NP-BA	upstream	iso-3166-2-subdivisions		
NP-BH	upstream	iso-3166-2-subdivisions		
NP-DH	upstream	iso-3166-2-subdivisions		
NP-GA	upstream	iso-3166-2-subdivisions		
NP-JA	upstream	iso-3166-2-subdivisions		
NP-KA	upstream	iso-3166-2-subdivisions		
NP-KO	upstream	iso-3166-2-subdivisions		
NP-LU	upstream	iso-3166-2-subdivisions		
NP-MA	upstream	iso-3166-2-subdivisions		
NP-ME	upstream	iso-3166-2-subdivisions		
NP-NA	upstream	iso-3166-2-subdivisions		
NP-P1	placeholder-circle	iso-3166-2-placeholder-circle		coords from Wikidata P625
NP-P2	placeholder-circle	iso-3166-2-placeholder-circle		coords from Wikidata P625
NP-P3	placeholder-circle	iso-3166-2-placeholder-circle		coords from Wikidata P625
NP-P5	placeholder-circle	iso-3166-2-placeholder-circle		coords from Wikidata P625
NP-P6	placeholder-circle	iso-3166-2-placeholder-circle		coords from Wikidata P625
NP-P7	placeholder-circle	iso-3166-2-placeholder-circle		coords from Wikidata P625
NP-RA	upstream	iso-3166-2-subdivisions		
NP-SA	upstream	iso-3166-2-subdivisions		
NP-SE	upstream	iso-3166-2-subdivisions		
NR	upstream	iso-3166-1-countries		
NR-01	upstream	iso-3166-2-subdivisions		
NR-02	upstream	iso-3166-2-subdivisions		
NR-03	upstream	iso-3166-2-subdivisions		
NR-04	upstream	iso-3166-2-subdivisions		
NR-05	upstream	iso-3166-2-subdivisions		
NR-06	upstream	iso-3166-2-subdivisions		
NR-07	upstream	iso-3166-2-subdivisions		
NR-08	upstream	iso-3166-2-subdivisions		
NR-09	upstream	iso-3166-2-subdivisions		
NR-10	upstream	iso-3166-2-subdivisions		
NR-11	upstream	iso-3166-2-subdivisions		
NR-12	upstream	iso-3166-2-subdivisions		
NR-13	upstream	iso-3166-2-subdivisions		
NR-14	upstream	iso-3166-2-subdivisions		
NU	upstream	iso-3166-1-countries		
NZ	upstream	iso-3166-1-countries		
NZ-AUK	upstream	iso-3166-2-subdivisions		
NZ-BOP	upstream	iso-3166-2-subdivisions		
NZ-CAN	upstream	iso-3166-2-subdivisions		
NZ-CIT	upstream	iso-3166-2-subdivisions		
NZ-GIS	upstream	iso-3166-2-subdivisions		
NZ-HKB	upstream	iso-3166-2-subdivisions		
NZ-MBH	upstream	iso-3166-2-subdivisions		
NZ-MWT	upstream	iso-3166-2-subdivisions		
NZ-N	placeholder-circle	iso-3166-2-placeholder-circle		coords from Wikidata P625
NZ-NSN	upstream	iso-3166-2-subdivisions		
NZ-NTL	upstream	iso-3166-2-subdivisions		
NZ-OTA	upstream	iso-3166-2-subdivisions		
NZ-S	placeholder-circle	iso-3166-2-placeholder-circle		coords from Wikidata P625
NZ-STL	upstream	iso-3166-2-subdivisions		
NZ-TAS	upstream	iso-3166-2-subdivisions		
NZ-TKI	upstream	iso-3166-2-subdivisions		
NZ-WGN	upstream	iso-3166-2-subdivisions		
NZ-WKO	upstream	iso-3166-2-subdivisions		
NZ-WTC	upstream	iso-3166-2-subdivisions		
OM	upstream	iso-3166-1-countries		
OM-BA	upstream	iso-3166-2-subdivisions		
OM-BJ	upstream	iso-3166-2-subdivisions		
OM-BS	placeholder-circle	iso-3166-2-placeholder-circle		coords from Wikidata P625
OM-BU	upstream	iso-3166-2-subdivisions		
OM-DA	upstream	iso-3166-2-subdivisions		
OM-MA	upstream	iso-3166-2-subdivisions		
OM-MU	upstream	iso-3166-2-subdivisions		
OM-SH	upstream	iso-3166-2-subdivisions		
OM-SJ	placeholder-circle	iso-3166-2-placeholder-circle		coords from Wikidata P625
OM-SS	upstream	iso-3166-2-subdivisions		
OM-WU	upstream	iso-3166-2-subdivisions		
OM-ZA	upstream	iso-3166-2-subdivisions		
OM-ZU	upstream	iso-3166-2-subdivisions		
PA	upstream	iso-3166-1-countries		
PA-1	upstream	iso-3166-2-subdivisions		
PA-10	placeholder-circle	iso-3166-2-placeholder-circle		coords from Wikidata P625
PA-2	upstream	iso-3166-2-subdivisions		
PA-3	upstream	iso-3166-2-subdivisions		
PA-4	upstream	iso-3166-2-subdivisions		
PA-5	upstream	iso-3166-2-subdivisions		
PA-6	upstream	iso-3166-2-subdivisions		
PA-7	upstream	iso-3166-2-subdivisions		
PA-8	upstream	iso-3166-2-subdivisions		
PA-9	upstream	iso-3166-2-subdivisions		
PA-EM	upstream	iso-3166-2-subdivisions		
PA-KY	upstream	iso-3166-2-subdivisions		
PA-NB	upstream	iso-3166-2-subdivisions		
PA-NT	placeholder-circle	iso-3166-2-placeholder-circle		coords from Wikidata P625
PE	upstream	iso-3166-1-countries		
PE-AMA	upstream	iso-3166-2-subdivisions		
PE-ANC	upstream	iso-3166-2-subdivisions		
PE-APU	upstream	iso-3166-2-subdivisions		
PE-ARE	upstream	iso-3166-2-subdivisions		
PE-AYA	upstream	iso-3166-2-subdivisions		
PE-CAJ	upstream	iso-3166-2-subdivisions		
PE-CAL	upstream	iso-3166-2-subdivisions		
PE-CUS	upstream	iso-3166-2-subdivisions		
PE-HUC	upstream	iso-3166-2-subdivisions		
PE-HUV	upstream	iso-3166-2-subdivisions		
PE-ICA	upstream	iso-3166-2-subdivisions		
PE-JUN	upstream	iso-3166-2-subdivisions		
PE-LAL	upstream	iso-3166-2-subdivisions		
PE-LAM	upstream	iso-3166-2-subdivisions		
PE-LIM	upstream	iso-3166-2-subdivisions		
PE-LMA	placeholder-circle	iso-3166-2-placeholder-circle		parent=PE-LIM
PE-LOR	upstream	iso-3166-2-subdivisions		
PE-MDD	upstream	iso-3166-2-subdivisions		
PE-MOQ	upstream	iso-3166-2-subdivisions		
PE-PAS	upstream	iso-3166-2-subdivisions		
PE-PIU	upstream	iso-3166-2-subdivisions		
PE-PUN	upstream	iso-3166-2-subdivisions		
PE-SAM	upstream	iso-3166-2-subdivisions		
PE-TAC	upstream	iso-3166-2-subdivisions		
PE-TUM	upstream	iso-3166-2-subdivisions		
PE-UCA	upstream	iso-3166-2-subdivisions		
PF	upstream	iso-3166-1-countries		
PG	upstream	iso-3166-1-countries		
PG-CPK	upstream	iso-3166-2-subdivisions		
PG-CPM	upstream	iso-3166-2-subdivisions		
PG-EBR	upstream	iso-3166-2-subdivisions		
PG-EHG	upstream	iso-3166-2-subdivisions		
PG-EPW	upstream	iso-3166-2-subdivisions		
PG-ESW	upstream	iso-3166-2-subdivisions		
PG-GPK	upstream	iso-3166-2-subdivisions		
PG-HLA	placeholder-circle	iso-3166-2-placeholder-circle		coords from Wikidata P625
PG-JWK	placeholder-circle	iso-3166-2-placeholder-circle		coords from Wikidata P625
PG-MBA	upstream	iso-3166-2-subdivisions		
PG-MPL	upstream	iso-3166-2-subdivisions		
PG-MPM	upstream	iso-3166-2-subdivisions		
PG-MRL	upstream	iso-3166-2-subdivisions		
PG-NCD	upstream	iso-3166-2-subdivisions		
PG-NIK	upstream	iso-3166-2-subdivisions		
PG-NPP	upstream	iso-3166-2-subdivisions		
PG-NSB	upstream	iso-3166-2-subdivisions		
PG-SAN	upstream	iso-3166-2-subdivisions		
PG-SHM	upstream	iso-3166-2-subdivisions		
PG-WBK	upstream	iso-3166-2-subdivisions		
PG-WHM	upstream	iso-3166-2-subdivisions		
PG-WPD	upstream	iso-3166-2-subdivisions		
PH	upstream	iso-3166-1-countries		
PH-00	placeholder-circle	iso-3166-2-placeholder-circle		coords from Wikidata P625
PH-01	placeholder-circle	iso-3166-2-placeholder-circle		coords from Wikidata P625
PH-02	placeholder-circle	iso-3166-2-placeholder-circle		coords from Wikidata P625
PH-03	placeholder-circle	iso-3166-2-placeholder-circle		coords from Wikidata P625
PH-05	placeholder-circle	iso-3166-2-placeholder-circle		coords from Wikidata P625
PH-06	placeholder-circle	iso-3166-2-placeholder-circle		coords from Wikidata P625
PH-07	placeholder-circle	iso-3166-2-placeholder-circle		coords from Wikidata P625
PH-08	placeholder-circle	iso-3166-2-placeholder-circle		coords from Wikidata P625
PH-09	placeholder-circle	iso-3166-2-placeholder-circle		coords from Wikidata P625
PH-10	placeholder-circle	iso-3166-2-placeholder-circle		coords from Wikidata P625
PH-11	placeholder-circle	iso-3166-2-placeholder-circle		coords from Wikidata P625
PH-12	placeholder-circle	iso-3166-2-placeholder-circle		coords from Wikidata P625
PH-13	placeholder-circle	iso-3166-2-placeholder-circle		coords from Wikidata P625
PH-14	placeholder-circle	iso-3166-2-placeholder-circle		coords from Wikidata P625
PH-15	placeholder-circle	iso-3166-2-placeholder-circle		coords from Wikidata P625
PH-40	placeholder-circle	iso-3166-2-placeholder-circle		coords from Wikidata P625
PH-41	placeholder-circle	iso-3166-2-placeholder-circle		coords from Wikidata P625
PH-ABR	upstream	iso-3166-2-subdivisions		
PH-AGN	upstream	iso-3166-2-subdivisions		
PH-AGS	upstream	iso-3166-2-subdivisions		
PH-AKL	upstream	iso-3166-2-subdivisions		
PH-ALB	upstream	iso-3166-2-subdivisions		
PH-ANT	upstream	iso-3166-2-subdivisions		
PH-APA	upstream	iso-3166-2-subdivisions		
PH-AUR	upstream	iso-3166-2-subdivisions		
PH-BAN	upstream	iso-3166-2-subdivisions		
PH-BAS	upstream	iso-3166-2-subdivisions		
PH-BCD	upstream	iso-3166-2-subdivisions		
PH-BEN	upstream	iso-3166-2-subdivisions		
PH-BIL	upstream	iso-3166-2-subdivisions		
PH-BOH	upstream	iso-3166-2-subdivisions		
PH-BTG	upstream	iso-3166-2-subdivisions		
PH-BTN	upstream	iso-3166-2-subdivisions		
PH-BUK	upstream	iso-3166-2-subdivisions		
PH-BUL	upstream	iso-3166-2-subdivisions		
PH-CAG	upstream	iso-3166-2-subdivisions		
PH-CAM	upstream	iso-3166-2-subdivisions		
PH-CAN	upstream	iso-3166-2-subdivisions		
PH-CAP	upstream	iso-3166-2-subdivisions		
PH-CAS	upstream	iso-3166-2-subdivisions		
PH-CAT	upstream	iso-3166-2-subdivisions		
PH-CAV	upstream	iso-3166-2-subdivisions		
PH-CEB	upstream	iso-3166-2-subdivisions		
PH-COM	upstream	iso-3166-2-subdivisions		
PH-DAO	upstream	iso-3166-2-subdivisions		
PH-DAS	upstream	iso-3166-2-subdivisions		
PH-DAV	upstream	iso-3166-2-subdivisions		
PH-DIN	placeholder-circle	iso-3166-2-placeholder-circle		coords from Wikidata P625
PH-DVO	placeholder-circle	iso-3166-2-placeholder-circle		coords from Wikidata P625
PH-EAS	upstream	iso-3166-2-subdivisions		
PH-GUI	upstream	iso-3166-2-subdivisions		
PH-IFU	upstream	iso-3166-2-subdivisions		
PH-ILI	upstream	iso-3166-2-subdivisions		
PH-ILN	upstream	iso-3166-2-subdivisions		
PH-ILS	upstream	iso-3166-2-subdivisions		
PH-ISA	upstream	iso-3166-2-subdivisions		
PH-KAL	upstream	iso-3166-2-subdivisions		
PH-LAG	upstream	iso-3166-2-subdivisions		
PH-LAN	upstream	iso-3166-2-subdivisions		
PH-LAP	upstream	iso-3166-2-subdivisions		
PH-LAS	upstream	iso-3166-2-subdivisions		
PH-LEY	upstream	iso-3166-2-subdivisions		
PH-LUN	upstream	iso-3166-2-subdivisions		
PH-MAD	upstream	iso-3166-2-subdivisions		
PH-MAG	upstream	iso-3166-2-subdivisions		
PH-MAS	upstream	iso-3166-2-subdivisions		
PH-MDC	upstream	iso-3166-2-subdivisions		
PH-MDE	upstream	iso-3166-2-subdivisions		
PH-MDR	upstream	iso-3166-2-subdivisions		
PH-MGN	placeholder-circle	iso-3166-2-placeholder-circle		coords from Wikidata P625
PH-MGS	placeholder-circle	iso-3166-2-placeholder-circle		coords from Wikidata P625
PH-MNL	upstream	iso-3166-2-subdivisions		
PH-MOU	upstream	iso-3166-2-subdivisions		
PH-MSC	upstream	iso-3166-2-subdivisions		
PH-MSR	upstream	iso-3166-2-subdivisions		
PH-NCO	upstream	iso-3166-2-subdivisions		
PH-NEC	upstream	iso-3166-2-subdivisions		
PH-NER	upstream	iso-3166-2-subdivisions		
PH-NSA	upstream	iso-3166-2-subdivisions		
PH-NUE	upstream	iso-3166-2-subdivisions		
PH-NUV	upstream	iso-3166-2-subdivisions		
PH-PAM	upstream	iso-3166-2-subdivisions		
PH-PAN	upstream	iso-3166-2-subdivisions		
PH-PLW	upstream	iso-3166-2-subdivisions		
PH-QUE	upstream	iso-3166-2-subdivisions		
PH-QUI	upstream	iso-3166-2-subdivisions		
PH-RIZ	upstream	iso-3166-2-subdivisions		
PH-ROM	upstream	iso-3166-2-subdivisions		
PH-SAR	upstream	iso-3166-2-subdivisions		
PH-SCO	upstream	iso-3166-2-subdivisions		
PH-SIG	upstream	iso-3166-2-subdivisions		
PH-SLE	upstream	iso-3166-2-subdivisions		
PH-SLU	upstream	iso-3166-2-subdivisions		
PH-SOR	upstream	iso-3166-2-subdivisions		
PH-SUK	upstream	iso-3166-2-subdivisions		
PH-SUN	upstream	iso-3166-2-subdivisions		
PH-SUR	upstream	iso-3166-2-subdivisions		
PH-TAR	upstream	iso-3166-2-subdivisions		
PH-TAW	upstream	iso-3166-2-subdivisions		
PH-WSA	upstream	iso-3166-2-subdivisions		
PH-ZAN	upstream	iso-3166-2-subdivisions		
PH-ZAS	upstream	iso-3166-2-subdivisions		
PH-ZMB	upstream	iso-3166-2-subdivisions		
PH-ZSI	upstream	iso-3166-2-subdivisions		
PK	upstream	iso-3166-1-countries		
PK-BA	upstream	iso-3166-2-subdivisions		
PK-GB	upstream	iso-3166-2-subdivisions		
PK-IS	upstream	iso-3166-2-subdivisions		
PK-JK	upstream	iso-3166-2-subdivisions		
PK-KP	upstream	iso-3166-2-subdivisions		
PK-PB	upstream	iso-3166-2-subdivisions		
PK-SD	upstream	iso-3166-2-subdivisions		
PK-TA	upstream	iso-3166-2-subdivisions		
PL	upstream	iso-3166-1-countries		
PL-02	placeholder-circle	iso-3166-2-placeholder-circle		coords from Wikidata P625
PL-04	placeholder-circle	iso-3166-2-placeholder-circle		coords from Wikidata P625
PL-06	placeholder-circle	iso-3166-2-placeholder-circle		coords from Wikidata P625
PL-08	placeholder-circle	iso-3166-2-placeholder-circle		coords from Wikidata P625
PL-10	placeholder-circle	iso-3166-2-placeholder-circle		coords from Wikidata P625
PL-12	placeholder-circle	iso-3166-2-placeholder-circle		coords from Wikidata P625
PL-14	placeholder-circle	iso-3166-2-placeholder-circle		coords from Wikidata P625
PL-16	placeholder-circle	iso-3166-2-placeholder-circle		coords from Wikidata P625
PL-18	placeholder-circle	iso-3166-2-placeholder-circle		coords from Wikidata P625
PL-20	placeholder-circle	iso-3166-2-placeholder-circle		coords from Wikidata P625
PL-22	placeholder-circle	iso-3166-2-placeholder-circle		coords from Wikidata P625
PL-24	placeholder-circle	iso-3166-2-placeholder-circle		coords from Wikidata P625
PL-26	placeholder-circle	iso-3166-2-placeholder-circle		coords from Wikidata P625
PL-28	placeholder-circle	iso-3166-2-placeholder-circle		coords from Wikidata P625
PL-30	placeholder-circle	iso-3166-2-placeholder-circle		coords from Wikidata P625
PL-32	placeholder-circle	iso-3166-2-placeholder-circle		coords from Wikidata P625
PL-DS	upstream	iso-3166-2-subdivisions		
PL-KI	placeholder-circle	iso-3166-2-placeholder-circle		coords from Wikidata P625
PL-KP	upstream	iso-3166-2-subdivisions		
PL-LB	upstream	iso-3166-2-subdivisions		
PL-LD	upstream	iso-3166-2-subdivisions		
PL-LU	upstream	iso-3166-2-subdivisions		
PL-MA	upstream	iso-3166-2-subdivisions		
PL-MZ	upstream	iso-3166-2-subdivisions		
PL-OP	upstream	iso-3166-2-subdivisions		
PL-PD	upstream	iso-3166-2-subdivisions		
PL-PK	upstream	iso-3166-2-subdivisions		
PL-PM	upstream	iso-3166-2-subdivisions		
PL-SK	upstream	iso-3166-2-subdivisions		
PL-SL	upstream	iso-3166-2-subdivisions		
PL-WN	upstream	iso-3166-2-subdivisions		
PL-WP	upstream	iso-3166-2-subdivisions		
PL-ZP	upstream	iso-3166-2-subdivisions		
PM	upstream	iso-3166-1-countries		
PN	upstream	iso-3166-1-countries		
PR	upstream	iso-3166-1-countries		
PS	upstream	iso-3166-1-countries		
PS-BTH	placeholder-circle	iso-3166-2-placeholder-circle		coords from Wikidata P625
PS-DEB	placeholder-circle	iso-3166-2-placeholder-circle		coords from Wikidata P625
PS-GZA	placeholder-circle	iso-3166-2-placeholder-circle		coords from Wikidata P625
PS-GZZ	upstream	iso-3166-2-subdivisions		
PS-HBN	placeholder-circle	iso-3166-2-placeholder-circle		coords from Wikidata P625
PS-JEM	placeholder-circle	iso-3166-2-placeholder-circle		coords from Wikidata P625
PS-JEN	placeholder-circle	iso-3166-2-placeholder-circle		coords from Wikidata P625
PS-JRH	placeholder-circle	iso-3166-2-placeholder-circle		coords from Wikidata P625
PS-KYS	placeholder-circle	iso-3166-2-placeholder-circle		coords from Wikidata P625
PS-NBS	placeholder-circle	iso-3166-2-placeholder-circle		coords from Wikidata P625
PS-NGZ	placeholder-circle	iso-3166-2-placeholder-circle		coords from Wikidata P625
PS-QQA	placeholder-circle	iso-3166-2-placeholder-circle		coords from Wikidata P625
PS-RBH	placeholder-circle	iso-3166-2-placeholder-circle		coords from Wikidata P625
PS-RFH	placeholder-circle	iso-3166-2-placeholder-circle		coords from Wikidata P625
PS-SLT	placeholder-circle	iso-3166-2-placeholder-circle		coords from Wikidata P625
PS-TBS	placeholder-circle	iso-3166-2-placeholder-circle		coords from Wikidata P625
PS-TKM	placeholder-circle	iso-3166-2-placeholder-circle		coords from Wikidata P625
PS-WBK	upstream	iso-3166-2-subdivisions		
PT	upstream	iso-3166-1-countries		
PT-01	upstream	iso-3166-2-subdivisions		
PT-02	upstream	iso-3166-2-subdivisions		
PT-03	upstream	iso-3166-2-subdivisions		
PT-04	upstream	iso-3166-2-subdivisions		
PT-05	upstream	iso-3166-2-subdivisions		
PT-06	upstream	iso-3166-2-subdivisions		
PT-07	upstream	iso-3166-2-subdivisions		
PT-08	upstream	iso-3166-2-subdivisions		
PT-09	upstream	iso-3166-2-subdivisions		
PT-10	upstream	iso-3166-2-subdivisions		
PT-11	upstream	iso-3166-2-subdivisions		
PT-12	upstream	iso-3166-2-subdivisions		
PT-13	upstream	iso-3166-2-subdivisions		
PT-14	upstream	iso-3166-2-subdivisions		
PT-15	upstream	iso-3166-2-subdivisions		
PT-16	upstream	iso-3166-2-subdivisions		
PT-17	upstream	iso-3166-2-subdivisions		
PT-18	upstream	iso-3166-2-subdivisions		
PT-20	upstream	iso-3166-2-subdivisions		
PT-30	upstream	iso-3166-2-subdivisions		
PW	upstream	iso-3166-1-countries		
PW-002	upstream	iso-3166-2-subdivisions		
PW-004	upstream	iso-3166-2-subdivisions		
PW-010	upstream	iso-3166-2-subdivisions		
PW-050	upstream	iso-3166-2-subdivisions		
PW-100	upstream	iso-3166-2-subdivisions		
PW-150	upstream	iso-3166-2-subdivisions		
PW-212	upstream	iso-3166-2-subdivisions		
PW-214	upstream	iso-3166-2-subdivisions		
PW-218	upstream	iso-3166-2-subdivisions		
PW-222	upstream	iso-3166-2-subdivisions		
PW-224	upstream	iso-3166-2-subdivisions		
PW-226	upstream	iso-3166-2-subdivisions		
PW-227	upstream	iso-3166-2-subdivisions		
PW-228	upstream	iso-3166-2-subdivisions		
PW-350	upstream	iso-3166-2-subdivisions		
PW-370	upstream	iso-3166-2-subdivisions		
PY	upstream	iso-3166-1-countries		
PY-1	upstream	iso-3166-2-subdivisions		
PY-10	upstream	iso-3166-2-subdivisions		
PY-11	upstream	iso-3166-2-subdivisions		
PY-12	upstream	iso-3166-2-subdivisions		
PY-13	upstream	iso-3166-2-subdivisions		
PY-14	upstream	iso-3166-2-subdivisions		
PY-15	upstream	iso-3166-2-subdivisions		
PY-16	upstream	iso-3166-2-subdivisions		
PY-19	upstream	iso-3166-2-subdivisions		
PY-2	upstream	iso-3166-2-subdivisions		
PY-3	upstream	iso-3166-2-subdivisions		
PY-4	upstream	iso-3166-2-subdivisions		
PY-5	upstream	iso-3166-2-subdivisions		
PY-6	upstream	iso-3166-2-subdivisions		
PY-7	upstream	iso-3166-2-subdivisions		
PY-8	upstream	iso-3166-2-subdivisions		
PY-9	upstream	iso-3166-2-subdivisions		
PY-ASU	upstream	iso-3166-2-subdivisions		
QA	upstream	iso-3166-1-countries		
QA-DA	upstream	iso-3166-2-subdivisions		
QA-KH	upstream	iso-3166-2-subdivisions		
QA-MS	upstream	iso-3166-2-subdivisions		
QA-RA	upstream	iso-3166-2-subdivisions		
QA-SH	placeholder-circle	iso-3166-2-placeholder-circle		coords from Wikidata P625
QA-US	upstream	iso-3166-2-subdivisions		
QA-WA	upstream	iso-3166-2-subdivisions		
QA-ZA	upstream	iso-3166-2-subdivisions		
RE	upstream	iso-3166-1-subunits		
RO	upstream	iso-3166-1-countries		
RO-AB	upstream	iso-3166-2-subdivisions		
RO-AG	upstream	iso-3166-2-subdivisions		
RO-AR	upstream	iso-3166-2-subdivisions		
RO-B	upstream	iso-3166-2-subdivisions		
RO-BC	upstream	iso-3166-2-subdivisions		
RO-BH	upstream	iso-3166-2-subdivisions		
RO-BN	upstream	iso-3166-2-subdivisions		
RO-BR	upstream	iso-3166-2-subdivisions		
RO-BT	upstream	iso-3166-2-subdivisions		
RO-BV	upstream	iso-3166-2-subdivisions		
RO-BZ	upstream	iso-3166-2-subdivisions		
RO-CJ	upstream	iso-3166-2-subdivisions		
RO-CL	upstream	iso-3166-2-subdivisions		
RO-CS	upstream	iso-3166-2-subdivisions		
RO-CT	upstream	iso-3166-2-subdivisions		
RO-CV	upstream	iso-3166-2-subdivisions		
RO-DB	upstream	iso-3166-2-subdivisions		
RO-DJ	upstream	iso-3166-2-subdivisions		
RO-GJ	upstream	iso-3166-2-subdivisions		
RO-GL	upstream	iso-3166-2-subdivisions		
RO-GR	upstream	iso-3166-2-subdivisions		
RO-HD	upstream	iso-3166-2-subdivisions		
RO-HR	upstream	iso-3166-2-subdivisions		
RO-IF	upstream	iso-3166-2-subdivisions		
RO-IL	upstream	iso-3166-2-subdivisions		
RO-IS	upstream	iso-3166-2-subdivisions		
RO-MH	upstream	iso-3166-2-subdivisions		
RO-MM	upstream	iso-3166-2-subdivisions		
RO-MS	upstream	iso-3166-2-subdivisions		
RO-NT	upstream	iso-3166-2-subdivisions		
RO-OT	upstream	iso-3166-2-subdivisions		
RO-PH	upstream	iso-3166-2-subdivisions		
RO-SB	upstream	iso-3166-2-subdivisions		
RO-SJ	upstream	iso-3166-2-subdivisions		
RO-SM	upstream	iso-3166-2-subdivisions		
RO-SV	upstream	iso-3166-2-subdivisions		
RO-TL	upstream	iso-3166-2-subdivisions		
RO-TM	upstream	iso-3166-2-subdivisions		
RO-TR	upstream	iso-3166-2-subdivisions		
RO-VL	upstream	iso-3166-2-subdivisions		
RO-VN	upstream	iso-3166-2-subdivisions		
RO-VS	upstream	iso-3166-2-subdivisions		
RS	upstream	iso-3166-1-countries		
RS-00	upstream	iso-3166-2-subdivisions		
RS-01	upstream	iso-3166-2-subdivisions		
RS-02	upstream	iso-3166-2-subdivisions		
RS-03	upstream	iso-3166-2-subdivisions		
RS-04	upstream	iso-3166-2-subdivisions		
RS-05	upstream	iso-3166-2-subdivisions		
RS-06	upstream	iso-3166-2-subdivisions		
RS-07	upstream	iso-3166-2-subdivisions		
RS-08	upstream	iso-3166-2-subdivisions		
RS-09	upstream	iso-3166-2-subdivisions		
RS-10	upstream	iso-3166-2-subdivisions		
RS-11	upstream	iso-3166-2-subdivisions		
RS-12	upstream	iso-3166-2-subdivisions		
RS-13	upstream	iso-3166-2-subdivisions		
RS-14	upstream	iso-3166-2-subdivisions		
RS-15	upstream	iso-3166-2-subdivisions		
RS-16	upstream	iso-3166-2-subdivisions		
RS-17	upstream	iso-3166-2-subdivisions		
RS-18	upstream	iso-3166-2-subdivisions		
RS-19	upstream	iso-3166-2-subdivisions		
RS-20	upstream	iso-3166-2-subdivisions		
RS-21	upstream	iso-3166-2-subdivisions		
RS-22	upstream	iso-3166-2-subdivisions		
RS-23	upstream	iso-3166-2-subdivisions		
RS-24	upstream	iso-3166-2-subdivisions		
RS-25	placeholder-circle	iso-3166-2-placeholder-circle		coords from Wikidata P625
RS-26	placeholder-country-centroid	iso-3166-2-placeholder-country-centroid		no coords in Wikidata; centroid of RS
RS-27	placeholder-circle	iso-3166-2-placeholder-circle		coords from Wikidata P625
RS-28	placeholder-circle	iso-3166-2-placeholder-circle		coords from Wikidata P625
RS-29	placeholder-circle	iso-3166-2-placeholder-circle		coords from Wikidata P625
RS-KM	placeholder-circle	iso-3166-2-placeholder-circle		coords from Wikidata P625
RS-VO	placeholder-circle	iso-3166-2-placeholder-circle		coords from Wikidata P625
RU	upstream	iso-3166-1-countries		
RU-AD	upstream	iso-3166-2-subdivisions		
RU-AL	upstream	iso-3166-2-subdivisions		
RU-ALT	upstream	iso-3166-2-subdivisions		
RU-AMU	upstream	iso-3166-2-subdivisions		
RU-ARK	upstream	iso-3166-2-subdivisions		
RU-AST	upstream	iso-3166-2-subdivisions		
RU-BA	upstream	iso-3166-2-subdivisions		
RU-BEL	upstream	iso-3166-2-subdivisions		
RU-BRY	upstream	iso-3166-2-subdivisions		
RU-BU	upstream	iso-3166-2-subdivisions		
RU-CE	upstream	iso-3166-2-subdivisions		
RU-CHE	upstream	iso-3166-2-subdivisions		
RU-CHU	upstream	iso-3166-2-subdivisions		
RU-CU	upstream	iso-3166-2-subdivisions		
RU-DA	upstream	iso-3166-2-subdivisions		
RU-IN	upstream	iso-3166-2-subdivisions		
RU-IRK	upstream	iso-3166-2-subdivisions		
RU-IVA	upstream	iso-3166-2-subdivisions		
RU-KAM	upstream	iso-3166-2-subdivisions		
RU-KB	upstream	iso-3166-2-subdivisions		
RU-KC	upstream	iso-3166-2-subdivisions		
RU-KDA	upstream	iso-3166-2-subdivisions		
RU-KEM	upstream	iso-3166-2-subdivisions		
RU-KGD	upstream	iso-3166-2-subdivisions		
RU-KGN	upstream	iso-3166-2-subdivisions		
RU-KHA	upstream	iso-3166-2-subdivisions		
RU-KHM	upstream	iso-3166-2-subdivisions		
RU-KIR	upstream	iso-3166-2-subdivisions		
RU-KK	upstream	iso-3166-2-subdivisions		
RU-KL	upstream	iso-3166-2-subdivisions		
RU-KLU	upstream	iso-3166-2-subdivisions		
RU-KO	upstream	iso-3166-2-subdivisions		
RU-KOS	upstream	iso-3166-2-subdivisions		
RU-KR	upstream	iso-3166-2-subdivisions		
RU-KRS	upstream	iso-3166-2-subdivisions		
RU-KYA	upstream	iso-3166-2-subdivisions		
RU-LEN	upstream	iso-3166-2-subdivisions		
RU-LIP	upstream	iso-3166-2-subdivisions		
RU-MAG	upstream	iso-3166-2-subdivisions		
RU-ME	upstream	iso-3166-2-subdivisions		
RU-MO	upstream	iso-3166-2-subdivisions		
RU-MOS	upstream	iso-3166-2-subdivisions		
RU-MOW	upstream	iso-3166-2-subdivisions		
RU-MUR	upstream	iso-3166-2-subdivisions		
RU-NEN	upstream	iso-3166-2-subdivisions		
RU-NGR	upstream	iso-3166-2-subdivisions		
RU-NIZ	upstream	iso-3166-2-subdivisions		
RU-NVS	upstream	iso-3166-2-subdivisions		
RU-OMS	upstream	iso-3166-2-subdivisions		
RU-ORE	upstream	iso-3166-2-subdivisions		
RU-ORL	upstream	iso-3166-2-subdivisions		
RU-PER	upstream	iso-3166-2-subdivisions		
RU-PNZ	upstream	iso-3166-2-subdivisions		
RU-PRI	upstream	iso-3166-2-subdivisions		
RU-PSK	upstream	iso-3166-2-subdivisions		
RU-ROS	upstream	iso-3166-2-subdivisions		
RU-RYA	upstream	iso-3166-2-subdivisions		
RU-SA	upstream	iso-3166-2-subdivisions		
RU-SAK	upstream	iso-3166-2-subdivisions		
RU-SAM	upstream	iso-3166-2-subdivisions		
RU-SAR	upstream	iso-3166-2-subdivisions		
RU-SE	upstream	iso-3166-2-subdivisions		
RU-SMO	upstream	iso-3166-2-subdivisions		
RU-SPE	upstream	iso-3166-2-subdivisions		
RU-STA	upstream	iso-3166-2-subdivisions		
RU-SVE	upstream	iso-3166-2-subdivisions		
RU-TA	upstream	iso-3166-2-subdivisions		
RU-TAM	upstream	iso-3166-2-subdivisions		
RU-TOM	upstream	iso-3166-2-subdivisions		
RU-TUL	upstream	iso-3166-2-subdivisions		
RU-TVE	upstream	iso-3166-2-subdivisions		
RU-TY	upstream	iso-3166-2-subdivisions		
RU-TYU	upstream	iso-3166-2-subdivisions		
RU-UD	upstream	iso-3166-2-subdivisions		
RU-ULY	upstream	iso-3166-2-subdivisions		
RU-VGG	upstream	iso-3166-2-subdivisions		
RU-VLA	upstream	iso-3166-2-subdivisions		
RU-VLG	upstream	iso-3166-2-subdivisions		
RU-VOR	upstream	iso-3166-2-subdivisions		
RU-YAN	upstream	iso-3166-2-subdivisions		
RU-YAR	upstream	iso-3166-2-subdivisions		
RU-YEV	upstream	iso-3166-2-subdivisions		
RU-ZAB	upstream	iso-3166-2-subdivisions		
RW	upstream	iso-3166-1-countries		
RW-01	upstream	iso-3166-2-subdivisions		
RW-02	upstream	iso-3166-2-subdivisions		
RW-03	upstream	iso-3166-2-subdivisions		
RW-04	upstream	iso-3166-2-subdivisions		
RW-05	upstream	iso-3166-2-subdivisions		
SA	upstream	iso-3166-1-countries		
SA-01	upstream	iso-3166-2-subdivisions		
SA-02	upstream	iso-3166-2-subdivisions		
SA-03	upstream	iso-3166-2-subdivisions		
SA-04	upstream	iso-3166-2-subdivisions		
SA-05	upstream	iso-3166-2-subdivisions		
SA-06	upstream	iso-3166-2-subdivisions		
SA-07	upstream	iso-3166-2-subdivisions		
SA-08	upstream	iso-3166-2-subdivisions		
SA-09	upstream	iso-3166-2-subdivisions		
SA-10	upstream	iso-3166-2-subdivisions		
SA-11	upstream	iso-3166-2-subdivisions		
SA-12	upstream	iso-3166-2-subdivisions		
SA-14	upstream	iso-3166-2-subdivisions		
SB	upstream	iso-3166-1-countries		
SB-CE	upstream	iso-3166-2-subdivisions		
SB-CH	upstream	iso-3166-2-subdivisions		
SB-CT	upstream	iso-3166-2-subdivisions		
SB-GU	upstream	iso-3166-2-subdivisions		
SB-IS	upstream	iso-3166-2-subdivisions		
SB-MK	upstream	iso-3166-2-subdivisions		
SB-ML	upstream	iso-3166-2-subdivisions		
SB-RB	upstream	iso-3166-2-subdivisions		
SB-TE	upstream	iso-3166-2-subdivisions		
SB-WE	placeholder-circle	iso-3166-2-placeholder-circle		coords from Wikidata P625
SC	upstream	iso-3166-1-countries		
SC-01	upstream	iso-3166-2-subdivisions		
SC-02	upstream	iso-3166-2-subdivisions		
SC-03	upstream	iso-3166-2-subdivisions		
SC-04	upstream	iso-3166-2-subdivisions		
SC-05	upstream	iso-3166-2-subdivisions		
SC-06	upstream	iso-3166-2-subdivisions		
SC-07	upstream	iso-3166-2-subdivisions		
SC-08	upstream	iso-3166-2-subdivisions		
SC-09	upstream	iso-3166-2-subdivisions		
SC-10	upstream	iso-3166-2-subdivisions		
SC-11	upstream	iso-3166-2-subdivisions		
SC-12	upstream	iso-3166-2-subdivisions		
SC-13	upstream	iso-3166-2-subdivisions		
SC-14	upstream	iso-3166-2-subdivisions		
SC-15	upstream	iso-3166-2-subdivisions		
SC-16	upstream	iso-3166-2-subdivisions		
SC-17	upstream	iso-3166-2-subdivisions		
SC-18	upstream	iso-3166-2-subdivisions		
SC-19	upstream	iso-3166-2-subdivisions		
SC-20	upstream	iso-3166-2-subdivisions		
SC-21	upstream	iso-3166-2-subdivisions		
SC-22	upstream	iso-3166-2-subdivisions		
SC-23	upstream	iso-3166-2-subdivisions		
SC-24	upstream	iso-3166-2-subdivisions		
SC-25	upstream	iso-3166-2-subdivisions		
SC-26	placeholder-country-centroid	iso-3166-2-placeholder-country-centroid		no coords in Wikidata; centroid of SC
SC-27	placeholder-country-centroid	iso-3166-2-placeholder-country-centroid		no coords in Wikidata; centroid of SC
SD	upstream	iso-3166-1-countries		
SD-DC	placeholder-circle	iso-3166-2-placeholder-circle		coords from Wikidata P625
SD-DE	upstream	iso-3166-2-subdivisions		
SD-DN	upstream	iso-3166-2-subdivisions		
SD-DS	upstream	iso-3166-2-subdivisions		
SD-DW	upstream	iso-3166-2-subdivisions		
SD-GD	upstream	iso-3166-2-subdivisions		
SD-GK	placeholder-circle	iso-3166-2-placeholder-circle		coords from Wikidata P625
SD-GZ	upstream	iso-3166-2-subdivisions		
SD-KA	upstream	iso-3166-2-subdivisions		
SD-KH	upstream	iso-3166-2-subdivisions		
SD-KN	upstream	iso-3166-2-subdivisions		
SD-KS	upstream	iso-3166-2-subdivisions		
SD-NB	upstream	iso-3166-2-subdivisions		
SD-NO	upstream	iso-3166-2-subdivisions		
SD-NR	upstream	iso-3166-2-subdivisions		
SD-NW	upstream	iso-3166-2-subdivisions		
SD-RS	upstream	iso-3166-2-subdivisions		
SD-SI	upstream	iso-3166-2-subdivisions		
SE	upstream	iso-3166-1-countries		
SE-AB	upstream	iso-3166-2-subdivisions		
SE-AC	upstream	iso-3166-2-subdivisions		
SE-BD	upstream	iso-3166-2-subdivisions		
SE-C	upstream	iso-3166-2-subdivisions		
SE-D	upstream	iso-3166-2-subdivisions		
SE-E	upstream	iso-3166-2-subdivisions		
SE-F	upstream	iso-3166-2-subdivisions		
SE-G	upstream	iso-3166-2-subdivisions		
SE-H	upstream	iso-3166-2-subdivisions		
SE-I	upstream	iso-3166-2-subdivisions		
SE-K	upstream	iso-3166-2-subdivisions		
SE-M	upstream	iso-3166-2-subdivisions		
SE-N	upstream	iso-3166-2-subdivisions		
SE-O	upstream	iso-3166-2-subdivisions		
SE-S	upstream	iso-3166-2-subdivisions		
SE-T	upstream	iso-3166-2-subdivisions		
SE-U	upstream	iso-3166-2-subdivisions		
SE-W	upstream	iso-3166-2-subdivisions		
SE-X	upstream	iso-3166-2-subdivisions		
SE-Y	upstream	iso-3166-2-subdivisions		
SE-Z	upstream	iso-3166-2-subdivisions		
SG	upstream	iso-3166-1-countries		
SG-01	upstream	iso-3166-2-subdivisions		
SG-02	upstream	iso-3166-2-subdivisions		
SG-03	upstream	iso-3166-2-subdivisions		
SG-04	upstream	iso-3166-2-subdivisions		
SG-05	upstream	iso-3166-2-subdivisions		
SH	upstream	iso-3166-1-countries		
SH-AC	upstream	iso-3166-2-subdivisions		
SH-HL	upstream	iso-3166-2-subdivisions		
SH-TA	upstream	iso-3166-2-subdivisions		
SI	upstream	iso-3166-1-countries		
SI-001	upstream	iso-3166-2-subdivisions		
SI-002	upstream	iso-3166-2-subdivisions		
SI-003	upstream	iso-3166-2-subdivisions		
SI-004	upstream	iso-3166-2-subdivisions		
SI-005	upstream	iso-3166-2-subdivisions		
SI-006	upstream	iso-3166-2-subdivisions		
SI-007	upstream	iso-3166-2-subdivisions		
SI-008	upstream	iso-3166-2-subdivisions		
SI-009	upstream	iso-3166-2-subdivisions		
SI-010	placeholder-circle	iso-3166-2-placeholder-circle		coords from Wikidata P625
SI-011	upstream	iso-3166-2-subdivisions		
SI-012	upstream	iso-3166-2-subdivisions		
SI-013	upstream	iso-3166-2-subdivisions		
SI-014	upstream	iso-3166-2-subdivisions		
SI-015	upstream	iso-3166-2-subdivisions		
SI-016	upstream	iso-3166-2-subdivisions		
SI-017	upstream	iso-3166-2-subdivisions		
SI-018	upstream	iso-3166-2-subdivisions		
SI-019	upstream	iso-3166-2-subdivisions		
SI-020	upstream	iso-3166-2-subdivisions		
SI-021	upstream	iso-3166-2-subdivisions		
SI-022	upstream	iso-3166-2-subdivisions		
SI-023	upstream	iso-3166-2-subdivisions		
SI-024	upstream	iso-3166-2-subdivisions		
SI-025	upstream	iso-3166-2-subdivisions		
SI-026	upstream	iso-3166-2-subdivisions		
SI-027	upstream	iso-3166-2-subdivisions		
SI-028	upstream	iso-3166-2-subdivisions		
SI-029	upstream	iso-3166-2-subdivisions		
SI-030	upstream	iso-3166-2-subdivisions		
SI-031	upstream	iso-3166-2-subdivisions		
SI-032	upstream	iso-3166-2-subdivisions		
SI-033	upstream	iso-3166-2-subdivisions		
SI-034	upstream	iso-3166-2-subdivisions		
SI-035	upstream	iso-3166-2-subdivisions		
SI-036	upstream	iso-3166-2-subdivisions		
SI-037	upstream	iso-3166-2-subdivisions		
SI-038	upstream	iso-3166-2-subdivisions		
SI-039	upstream	iso-3166-2-subdivisions		
SI-040	upstream	iso-3166-2-subdivisions		
SI-041	upstream	iso-3166-2-subdivisions		
SI-042	upstream	iso-3166-2-subdivisions		
SI-043	upstream	iso-3166-2-subdivisions		
SI-044	upstream	iso-3166-2-subdivisions		
SI-045	upstream	iso-3166-2-subdivisions		
SI-046	upstream	iso-3166-2-subdivisions		
SI-047	upstream	iso-3166-2-subdivisions		
SI-048	upstream	iso-3166-2-subdivisions		
SI-049	upstream	iso-3166-2-subdivisions		
SI-05	upstream	iso-3166-2-subdivisions		
SI-050	upstream	iso-3166-2-subdivisions		
SI-051	upstream	iso-3166-2-subdivisions		
SI-052	upstream	iso-3166-2-subdivisions		
SI-053	upstream	iso-3166-2-subdivisions		
SI-054	upstream	iso-3166-2-subdivisions		
SI-055	upstream	iso-3166-2-subdivisions		
SI-056	upstream	iso-3166-2-subdivisions		
SI-057	upstream	iso-3166-2-subdivisions		
SI-058	upstream	iso-3166-2-subdivisions		
SI-059	upstream	iso-3166-2-subdivisions		
SI-060	upstream	iso-3166-2-subdivisions		
SI-061	upstream	iso-3166-2-subdivisions		
SI-062	upstream	iso-3166-2-subdivisions		
SI-063	upstream	iso-3166-2-subdivisions		
SI-064	upstream	iso-3166-2-subdivisions		
SI-065	upstream	iso-3166-2-subdivisions		
SI-066	upstream	iso-3166-2-subdivisions		
SI-067	upstream	iso-3166-2-subdivisions		
SI-068	upstream	iso-3166-2-subdivisions		
SI-069	upstream	iso-3166-2-subdivisions		
SI-070	upstream	iso-3166-2-subdivisions		
SI-071	upstream	iso-3166-2-subdivisions		
SI-072	upstream	iso-3166-2-subdivisions		
SI-073	upstream	iso-3166-2-subdivisions		
SI-074	upstream	iso-3166-2-subdivisions		
SI-075	upstream	iso-3166-2-subdivisions		
SI-076	upstream	iso-3166-2-subdivisions		
SI-077	upstream	iso-3166-2-subdivisions		
SI-078	upstream	iso-3166-2-subdivisions		
SI-079	upstream	iso-3166-2-subdivisions		
SI-080	upstream	iso-3166-2-subdivisions		
SI-081	upstream	iso-3166-2-subdivisions		
SI-082	upstream	iso-3166-2-subdivisions		
SI-083	upstream	iso-3166-2-subdivisions		
SI-084	upstream	iso-3166-2-subdivisions		
SI-085	upstream	iso-3166-2-subdivisions		
SI-086	upstream	iso-3166-2-subdivisions		
SI-087	upstream	iso-3166-2-subdivisions		
SI-088	placeholder-circle	iso-3166-2-placeholder-circle		coords from Wikidata P625
SI-089	upstream	iso-3166-2-subdivisions		
SI-090	upstream	iso-3166-2-subdivisions		
SI-091	upstream	iso-3166-2-subdivisions		
SI-092	upstream	iso-3166-2-subdivisions		
SI-093	upstream	iso-3166-2-subdivisions		
SI-094	upstream	iso-3166-2-subdivisions		
SI-095	upstream	iso-3166-2-subdivisions		
SI-096	upstream	iso-3166-2-subdivisions		
SI-097	upstream	iso-3166-2-subdivisions		
SI-098	upstream	iso-3166-2-subdivisions		
SI-099	upstream	iso-3166-2-subdivisions		
SI-100	upstream	iso-3166-2-subdivisions		
SI-101	upstream	iso-3166-2-subdivisions		
SI-102	upstream	iso-3166-2-subdivisions		
SI-103	upstream	iso-3166-2-subdivisions		
SI-104	upstream	iso-3166-2-subdivisions		
SI-105	upstream	iso-3166-2-subdivisions		
SI-106	upstream	iso-3166-2-subdivisions		
SI-107	upstream	iso-3166-2-subdivisions		
SI-108	upstream	iso-3166-2-subdivisions		
SI-109	upstream	iso-3166-2-subdivisions		
SI-110	upstream	iso-3166-2-subdivisions		
SI-111	upstream	iso-3166-2-subdivisions		
SI-112	upstream	iso-3166-2-subdivisions		
SI-113	upstream	iso-3166-2-subdivisions		
SI-114	upstream	iso-3166-2-subdivisions		
SI-115	upstream	iso-3166-2-subdivisions		
SI-116	upstream	iso-3166-2-subdivisions		
SI-117	upstream	iso-3166-2-subdivisions		
SI-118	upstream	iso-3166-2-subdivisions		
SI-119	upstream	iso-3166-2-subdivisions		
SI-120	upstream	iso-3166-2-subdivisions		
SI-121	upstream	iso-3166-2-subdivisions		
SI-122	upstream	iso-3166-2-subdivisions		
SI-123	upstream	iso-3166-2-subdivisions		
SI-124	upstream	iso-3166-2-subdivisions		
SI-125	upstream	iso-3166-2-subdivisions		
SI-126	upstream	iso-3166-2-subdivisions		
SI-127	upstream	iso-3166-2-subdivisions		
SI-128	upstream	iso-3166-2-subdivisions		
SI-129	upstream	iso-3166-2-subdivisions		
SI-130	upstream	iso-3166-2-subdivisions		
SI-131	upstream	iso-3166-2-subdivisions		
SI-132	upstream	iso-3166-2-subdivisions		
SI-133	upstream	iso-3166-2-subdivisions		
SI-134	upstream	iso-3166-2-subdivisions		
SI-135	upstream	iso-3166-2-subdivisions		
SI-136	upstream	iso-3166-2-subdivisions		
SI-137	upstream	iso-3166-2-subdivisions		
SI-138	upstream	iso-3166-2-subdivisions		
SI-139	upstream	iso-3166-2-subdivisions		
SI-140	upstream	iso-3166-2-subdivisions		
SI-141	upstream	iso-3166-2-subdivisions		
SI-142	placeholder-circle	iso-3166-2-placeholder-circle		coords from Wikidata P625
SI-143	upstream	iso-3166-2-subdivisions		
SI-144	upstream	iso-3166-2-subdivisions		
SI-146	upstream	iso-3166-2-subdivisions		
SI-147	upstream	iso-3166-2-subdivisions		
SI-148	upstream	iso-3166-2-subdivisions		
SI-149	upstream	iso-3166-2-subdivisions		
SI-150	upstream	iso-3166-2-subdivisions		
SI-151	upstream	iso-3166-2-subdivisions		
SI-152	upstream	iso-3166-2-subdivisions		
SI-153	upstream	iso-3166-2-subdivisions		
SI-154	upstream	iso-3166-2-subdivisions		
SI-155	upstream	iso-3166-2-subdivisions		
SI-156	upstream	iso-3166-2-subdivisions		
SI-157	upstream	iso-3166-2-subdivisions		
SI-158	upstream	iso-3166-2-subdivisions		
SI-159	upstream	iso-3166-2-subdivisions		
SI-160	upstream	iso-3166-2-subdivisions		
SI-161	upstream	iso-3166-2-subdivisions		
SI-162	upstream	iso-3166-2-subdivisions		
SI-163	upstream	iso-3166-2-subdivisions		
SI-164	upstream	iso-3166-2-subdivisions		
SI-165	upstream	iso-3166-2-subdivisions		
SI-166	upstream	iso-3166-2-subdivisions		
SI-167	upstream	iso-3166-2-subdivisions		
SI-168	upstream	iso-3166-2-subdivisions		
SI-169	upstream	iso-3166-2-subdivisions		
SI-170	upstream	iso-3166-2-subdivisions		
SI-171	upstream	iso-3166-2-subdivisions		
SI-172	upstream	iso-3166-2-subdivisions		
SI-173	upstream	iso-3166-2-subdivisions		
SI-174	upstream	iso-3166-2-subdivisions		
SI-175	upstream	iso-3166-2-subdivisions		
SI-176	upstream	iso-3166-2-subdivisions		
SI-177	upstream	iso-3166-2-subdivisions		
SI-178	upstream	iso-3166-2-subdivisions		
SI-179	upstream	iso-3166-2-subdivisions		
SI-180	upstream	iso-3166-2-subdivisions		
SI-181	upstream	iso-3166-2-subdivisions		
SI-182	upstream	iso-3166-2-subdivisions		
SI-183	upstream	iso-3166-2-subdivisions		
SI-184	upstream	iso-3166-2-subdivisions		
SI-185	upstream	iso-3166-2-subdivisions		
SI-186	upstream	iso-3166-2-subdivisions		
SI-187	upstream	iso-3166-2-subdivisions		
SI-188	upstream	iso-3166-2-subdivisions		
SI-189	upstream	iso-3166-2-subdivisions		
SI-190	upstream	iso-3166-2-subdivisions		
SI-191	upstream	iso-3166-2-subdivisions		
SI-192	upstream	iso-3166-2-subdivisions		
SI-193	upstream	iso-3166-2-subdivisions		
SI-194	upstream	iso-3166-2-subdivisions		
SI-195	upstream	iso-3166-2-subdivisions		
SI-196	placeholder-circle	iso-3166-2-placeholder-circle		coords from Wikidata P625
SI-197	placeholder-circle	iso-3166-2-placeholder-circle		coords from Wikidata P625
SI-198	placeholder-circle	iso-3166-2-placeholder-circle		coords from Wikidata P625
SI-199	placeholder-circle	iso-3166-2-placeholder-circle		coords from Wikidata P625
SI-200	placeholder-circle	iso-3166-2-placeholder-circle		coords from Wikidata P625
SI-201	placeholder-circle	iso-3166-2-placeholder-circle		coords from Wikidata P625
SI-202	placeholder-circle	iso-3166-2-placeholder-circle		coords from Wikidata P625
SI-203	placeholder-circle	iso-3166-2-placeholder-circle		coords from Wikidata P625
SI-204	placeholder-circle	iso-3166-2-placeholder-circle		coords from Wikidata P625
SI-205	placeholder-circle	iso-3166-2-placeholder-circle		coords from Wikidata P625
SI-206	placeholder-circle	iso-3166-2-placeholder-circle		coords from Wikidata P625
SI-207	placeholder-circle	iso-3166-2-placeholder-circle		coords from Wikidata P625
SI-208	placeholder-circle	iso-3166-2-placeholder-circle		coords from Wikidata P625
SI-209	placeholder-circle	iso-3166-2-placeholder-circle		coords from Wikidata P625
SI-210	placeholder-circle	iso-3166-2-placeholder-circle		coords from Wikidata P625
SI-211	placeholder-circle	iso-3166-2-placeholder-circle		coords from Wikidata P625
SI-212	placeholder-circle	iso-3166-2-placeholder-circle		coords from Wikidata P625
SI-213	placeholder-circle	iso-3166-2-placeholder-circle		coords from Wikidata P625
SJ	upstream	iso-3166-1-subunits		
SK	upstream	iso-3166-1-countries		
SK-BC	upstream	iso-3166-2-subdivisions		
SK-BL	upstream	iso-3166-2-subdivisions		
SK-KI	upstream	iso-3166-2-subdivisions		
SK-NI	upstream	iso-3166-2-subdivisions		
SK-PV	upstream	iso-3166-2-subdivisions		
SK-TA	upstream	iso-3166-2-subdivisions		
SK-TC	upstream	iso-3166-2-subdivisions		
SK-ZI	upstream	iso-3166-2-subdivisions		
SL	upstream	iso-3166-1-countries		
SL-E	upstream	iso-3166-2-subdivisions		
SL-N	upstream	iso-3166-2-subdivisions		
SL-NW	placeholder-country-centroid	iso-3166-2-placeholder-country-centroid		no coords in Wikidata; centroid of SL
SL-S	upstream	iso-3166-2-subdivisions		
SL-W	upstream	iso-3166-2-subdivisions		
SM	upstream	iso-3166-1-countries		
SM-01	upstream	iso-3166-2-subdivisions		
SM-02	upstream	iso-3166-2-subdivisions		
SM-03	upstream	iso-3166-2-subdivisions		
SM-04	upstream	iso-3166-2-subdivisions		
SM-05	upstream	iso-3166-2-subdivisions		
SM-06	upstream	iso-3166-2-subdivisions		
SM-07	upstream	iso-3166-2-subdivisions		
SM-08	upstream	iso-3166-2-subdivisions		
SM-09	upstream	iso-3166-2-subdivisions		
SN	upstream	iso-3166-1-countries		
SN-DB	upstream	iso-3166-2-subdivisions		
SN-DK	upstream	iso-3166-2-subdivisions		
SN-FK	upstream	iso-3166-2-subdivisions		
SN-KA	upstream	iso-3166-2-subdivisions		
SN-KD	upstream	iso-3166-2-subdivisions		
SN-KE	upstream	iso-3166-2-subdivisions		
SN-KL	upstream	iso-3166-2-subdivisions		
SN-LG	upstream	iso-3166-2-subdivisions		
SN-MT	upstream	iso-3166-2-subdivisions		
SN-SE	upstream	iso-3166-2-subdivisions		
SN-SL	upstream	iso-3166-2-subdivisions		
SN-TC	upstream	iso-3166-2-subdivisions		
SN-TH	upstream	iso-3166-2-subdivisions		
SN-ZG	upstream	iso-3166-2-subdivisions		
SO	upstream	iso-3166-1-countries		
SO-AW	placeholder-circle	iso-3166-2-placeholder-circle		coords from Wikidata P625
SO-BK	upstream	iso-3166-2-subdivisions		
SO-BN	upstream	iso-3166-2-subdivisions		
SO-BR	upstream	iso-3166-2-subdivisions		
SO-BY	upstream	iso-3166-2-subdivisions		
SO-GA	upstream	iso-3166-2-subdivisions		
SO-GE	upstream	iso-3166-2-subdivisions		
SO-HI	upstream	iso-3166-2-subdivisions		
SO-JD	upstream	iso-3166-2-subdivisions		
SO-JH	upstream	iso-3166-2-subdivisions		
SO-MU	upstream	iso-3166-2-subdivisions		
SO-NU	upstream	iso-3166-2-subdivisions		
SO-SD	upstream	iso-3166-2-subdivisions		
SO-SH	upstream	iso-3166-2-subdivisions		
SO-SO	placeholder-circle	iso-3166-2-placeholder-circle		coords from Wikidata P625
SO-TO	placeholder-circle	iso-3166-2-placeholder-circle		coords from Wikidata P625
SO-WO	placeholder-circle	iso-3166-2-placeholder-circle		coords from Wikidata P625
SR	upstream	iso-3166-1-countries		
SR-BR	upstream	iso-3166-2-subdivisions		
SR-CM	upstream	iso-3166-2-subdivisions		
SR-CR	upstream	iso-3166-2-subdivisions		
SR-MA	upstream	iso-3166-2-subdivisions		
SR-NI	upstream	iso-3166-2-subdivisions		
SR-PM	upstream	iso-3166-2-subdivisions		
SR-PR	upstream	iso-3166-2-subdivisions		
SR-SA	upstream	iso-3166-2-subdivisions		
SR-SI	upstream	iso-3166-2-subdivisions		
SR-WA	upstream	iso-3166-2-subdivisions		
SS	upstream	iso-3166-1-countries		
SS-BN	upstream	iso-3166-2-subdivisions		
SS-BW	upstream	iso-3166-2-subdivisions		
SS-EC	upstream	iso-3166-2-subdivisions		
SS-EE	upstream	iso-3166-2-subdivisions		
SS-EW	upstream	iso-3166-2-subdivisions		
SS-JG	upstream	iso-3166-2-subdivisions		
SS-LK	upstream	iso-3166-2-subdivisions		
SS-NU	upstream	iso-3166-2-subdivisions		
SS-UY	upstream	iso-3166-2-subdivisions		
SS-WR	upstream	iso-3166-2-subdivisions		
ST	upstream	iso-3166-1-countries		
ST-01	placeholder-circle	iso-3166-2-placeholder-circle		coords from Wikidata P625
ST-02	placeholder-circle	iso-3166-2-placeholder-circle		coords from Wikidata P625
ST-03	placeholder-circle	iso-3166-2-placeholder-circle		coords from Wikidata P625
ST-04	placeholder-circle	iso-3166-2-placeholder-circle		coords from Wikidata P625
ST-05	placeholder-circle	iso-3166-2-placeholder-circle		coords from Wikidata P625
ST-06	placeholder-circle	iso-3166-2-placeholder-circle		coords from Wikidata P625
ST-P	upstream	iso-3166-2-subdivisions		
ST-S	upstream	iso-3166-2-subdivisions		
SV	upstream	iso-3166-1-countries		
SV-AH	upstream	iso-3166-2-subdivisions		
SV-CA	upstream	iso-3166-2-subdivisions		
SV-CH	upstream	iso-3166-2-subdivisions		
SV-CU	upstream	iso-3166-2-subdivisions		
SV-LI	upstream	iso-3166-2-subdivisions		
SV-MO	upstream	iso-3166-2-subdivisions		
SV-PA	upstream	iso-3166-2-subdivisions		
SV-SA	upstream	iso-3166-2-subdivisions		
SV-SM	upstream	iso-3166-2-subdivisions		
SV-SO	upstream	iso-3166-2-subdivisions		
SV-SS	upstream	iso-3166-2-subdivisions		
SV-SV	upstream	iso-3166-2-subdivisions		
SV-UN	upstream	iso-3166-2-subdivisions		
SV-US	upstream	iso-3166-2-subdivisions		
SX	upstream	iso-3166-1-countries		
SY	upstream	iso-3166-1-countries		
SY-DI	upstream	iso-3166-2-subdivisions		
SY-DR	upstream	iso-3166-2-subdivisions		
SY-DY	upstream	iso-3166-2-subdivisions		
SY-HA	upstream	iso-3166-2-subdivisions		
SY-HI	upstream	iso-3166-2-subdivisions		
SY-HL	upstream	iso-3166-2-subdivisions		
SY-HM	upstream	iso-3166-2-subdivisions		
SY-ID	upstream	iso-3166-2-subdivisions		
SY-LA	upstream	iso-3166-2-subdivisions		
SY-QU	upstream	iso-3166-2-subdivisions		
SY-RA	upstream	iso-3166-2-subdivisions		
SY-RD	upstream	iso-3166-2-subdivisions		
SY-SU	upstream	iso-3166-2-subdivisions		
SY-TA	upstream	iso-3166-2-subdivisions		
SZ	upstream	iso-3166-1-countries		
SZ-HH	upstream	iso-3166-2-subdivisions		
SZ-LU	upstream	iso-3166-2-subdivisions		
SZ-MA	upstream	iso-3166-2-subdivisions		
SZ-SH	upstream	iso-3166-2-subdivisions		
TC	upstream	iso-3166-1-countries		
TD	upstream	iso-3166-1-countries		
TD-BA	upstream	iso-3166-2-subdivisions		
TD-BG	upstream	iso-3166-2-subdivisions		
TD-BO	upstream	iso-3166-2-subdivisions		
TD-CB	upstream	iso-3166-2-subdivisions		
TD-EE	placeholder-circle	iso-3166-2-placeholder-circle		coords from Wikidata P625
TD-EN	placeholder-circle	iso-3166-2-placeholder-circle		coords from Wikidata P625
TD-EO	placeholder-circle	iso-3166-2-placeholder-circle		coords from Wikidata P625
TD-GR	upstream	iso-3166-2-subdivisions		
TD-HL	upstream	iso-3166-2-subdivisions		
TD-KA	upstream	iso-3166-2-subdivisions		
TD-LC	upstream	iso-3166-2-subdivisions		
TD-LO	upstream	iso-3166-2-subdivisions		
TD-LR	upstream	iso-3166-2-subdivisions		
TD-MA	upstream	iso-3166-2-subdivisions		
TD-MC	upstream	iso-3166-2-subdivisions		
TD-ME	upstream	iso-3166-2-subdivisions		
TD-MO	upstream	iso-3166-2-subdivisions		
TD-ND	upstream	iso-3166-2-subdivisions		
TD-OD	upstream	iso-3166-2-subdivisions		
TD-SA	upstream	iso-3166-2-subdivisions		
TD-SI	upstream	iso-3166-2-subdivisions		
TD-TA	upstream	iso-3166-2-subdivisions		
TD-TI	upstream	iso-3166-2-subdivisions		
TD-WF	upstream	iso-3166-2-subdivisions		
TF	upstream	iso-3166-1-countries		
TG	upstream	iso-3166-1-countries		
TG-C	upstream	iso-3166-2-subdivisions		
TG-K	upstream	iso-3166-2-subdivisions		
TG-M	upstream	iso-3166-2-subdivisions		
TG-P	upstream	iso-3166-2-subdivisions		
TG-S	upstream	iso-3166-2-subdivisions		
TH	upstream	iso-3166-1-countries		
TH-10	upstream	iso-3166-2-subdivisions		
TH-11	upstream	iso-3166-2-subdivisions		
TH-12	upstream	iso-3166-2-subdivisions		
TH-13	upstream	iso-3166-2-subdivisions		
TH-14	upstream	iso-3166-2-subdivisions		
TH-15	upstream	iso-3166-2-subdivisions		
TH-16	upstream	iso-3166-2-subdivisions		
TH-17	upstream	iso-3166-2-subdivisions		
TH-18	upstream	iso-3166-2-subdivisions		
TH-19	upstream	iso-3166-2-subdivisions		
TH-20	upstream	iso-3166-2-subdivisions		
TH-21	upstream	iso-3166-2-subdivisions		
TH-22	upstream	iso-3166-2-subdivisions		
TH-23	upstream	iso-3166-2-subdivisions		
TH-24	upstream	iso-3166-2-subdivisions		
TH-25	upstream	iso-3166-2-subdivisions		
TH-26	upstream	iso-3166-2-subdivisions		
TH-27	upstream	iso-3166-2-subdivisions		
TH-30	upstream	iso-3166-2-subdivisions		
TH-31	upstream	iso-3166-2-subdivisions		
TH-32	upstream	iso-3166-2-subdivisions		
TH-33	upstream	iso-3166-2-subdivisions		
TH-34	upstream	iso-3166-2-subdivisions		
TH-35	upstream	iso-3166-2-subdivisions		
TH-36	upstream	iso-3166-2-subdivisions		
TH-37	upstream	iso-3166-2-subdivisions		
TH-38	upstream	iso-3166-2-subdivisions		
TH-39	upstream	iso-3166-2-subdivisions		
TH-40	upstream	iso-3166-2-subdivisions		
TH-41	upstream	iso-3166-2-subdivisions		
TH-42	upstream	iso-3166-2-subdivisions		
TH-43	upstream	iso-3166-2-subdivisions		
TH-44	upstream	iso-3166-2-subdivisions		
TH-45	upstream	iso-3166-2-subdivisions		
TH-46	upstream	iso-3166-2-subdivisions		
TH-47	upstream	iso-3166-2-subdivisions		
TH-48	upstream	iso-3166-2-subdivisions		
TH-49	upstream	iso-3166-2-subdivisions		
TH-50	upstream	iso-3166-2-subdivisions		
TH-51	upstream	iso-3166-2-subdivisions		
TH-52	upstream	iso-3166-2-subdivisions		
TH-53	upstream	iso-3166-2-subdivisions		
TH-54	upstream	iso-3166-2-subdivisions		
TH-55	upstream	iso-3166-2-subdivisions		
TH-56	upstream	iso-3166-2-subdivisions		
TH-57	upstream	iso-3166-2-subdivisions		
TH-58	upstream	iso-3166-2-subdivisions		
TH-60	upstream	iso-3166-2-subdivisions		
TH-61	upstream	iso-3166-2-subdivisions		
TH-62	upstream	iso-3166-2-subdivisions		
TH-63	upstream	iso-3166-2-subdivisions		
TH-64	upstream	iso-3166-2-subdivisions		
TH-65	upstream	iso-3166-2-subdivisions		
TH-66	upstream	iso-3166-2-subdivisions		
TH-67	upstream	iso-3166-2-subdivisions		
TH-70	upstream	iso-3166-2-subdivisions		
TH-71	upstream	iso-3166-2-subdivisions		
TH-72	upstream	iso-3166-2-subdivisions		
TH-73	upstream	iso-3166-2-subdivisions		
TH-74	upstream	iso-3166-2-subdivisions		
TH-75	upstream	iso-3166-2-subdivisions		
TH-76	upstream	iso-3166-2-subdivisions		
TH-77	upstream	iso-3166-2-subdivisions		
TH-80	upstream	iso-3166-2-subdivisions		
TH-81	upstream	iso-3166-2-subdivisions		
TH-82	upstream	iso-3166-2-subdivisions		
TH-83	upstream	iso-3166-2-subdivisions		
TH-84	upstream	iso-3166-2-subdivisions		
TH-85	upstream	iso-3166-2-subdivisions		
TH-86	upstream	iso-3166-2-subdivisions		
TH-90	upstream	iso-3166-2-subdivisions		
TH-91	upstream	iso-3166-2-subdivisions		
TH-92	upstream	iso-3166-2-subdivisions		
TH-93	upstream	iso-3166-2-subdivisions		
TH-94	upstream	iso-3166-2-subdivisions		
TH-95	upstream	iso-3166-2-subdivisions		
TH-96	upstream	iso-3166-2-subdivisions		
TH-S	placeholder-circle	iso-3166-2-placeholder-circle		coords from Wikidata P625
TJ	upstream	iso-3166-1-countries		
TJ-DU	upstream	iso-3166-2-subdivisions		
TJ-GB	upstream	iso-3166-2-subdivisions		
TJ-KT	upstream	iso-3166-2-subdivisions		
TJ-RA	placeholder-circle	iso-3166-2-placeholder-circle		coords from Wikidata P625
TJ-SU	upstream	iso-3166-2-subdivisions		
TK	upstream	iso-3166-1-subunits		
TL	upstream	iso-3166-1-countries		
TL-AL	upstream	iso-3166-2-subdivisions		
TL-AN	upstream	iso-3166-2-subdivisions		
TL-BA	upstream	iso-3166-2-subdivisions		
TL-BO	upstream	iso-3166-2-subdivisions		
TL-CO	upstream	iso-3166-2-subdivisions		
TL-DI	upstream	iso-3166-2-subdivisions		
TL-ER	upstream	iso-3166-2-subdivisions		
TL-LA	upstream	iso-3166-2-subdivisions		
TL-LI	upstream	iso-3166-2-subdivisions		
TL-MF	upstream	iso-3166-2-subdivisions		
TL-MT	upstream	iso-3166-2-subdivisions		
TL-OE	upstream	iso-3166-2-subdivisions		
TL-VI	upstream	iso-3166-2-subdivisions		
TM	upstream	iso-3166-1-countries		
TM-A	upstream	iso-3166-2-subdivisions		
TM-B	upstream	iso-3166-2-subdivisions		
TM-D	upstream	iso-3166-2-subdivisions		
TM-L	upstream	iso-3166-2-subdivisions		
TM-M	upstream	iso-3166-2-subdivisions		
TM-S	placeholder-circle	iso-3166-2-placeholder-circle		coords from Wikidata P625
TN	upstream	iso-3166-1-countries		
TN-11	upstream	iso-3166-2-subdivisions		
TN-12	placeholder-circle	iso-3166-2-placeholder-circle		coords from Wikidata P625
TN-13	upstream	iso-3166-2-subdivisions		
TN-14	upstream	iso-3166-2-subdivisions		
TN-21	upstream	iso-3166-2-subdivisions		
TN-22	upstream	iso-3166-2-subdivisions		
TN-23	upstream	iso-3166-2-subdivisions		
TN-31	upstream	iso-3166-2-subdivisions		
TN-32	upstream	iso-3166-2-subdivisions		
TN-33	upstream	iso-3166-2-subdivisions		
TN-34	upstream	iso-3166-2-subdivisions		
TN-41	upstream	iso-3166-2-subdivisions		
TN-42	upstream	iso-3166-2-subdivisions		
TN-43	upstream	iso-3166-2-subdivisions		
TN-51	upstream	iso-3166-2-subdivisions		
TN-52	upstream	iso-3166-2-subdivisions		
TN-53	upstream	iso-3166-2-subdivisions		
TN-61	upstream	iso-3166-2-subdivisions		
TN-71	upstream	iso-3166-2-subdivisions		
TN-72	upstream	iso-3166-2-subdivisions		
TN-73	upstream	iso-3166-2-subdivisions		
TN-81	upstream	iso-3166-2-subdivisions		
TN-82	upstream	iso-3166-2-subdivisions		
TN-83	upstream	iso-3166-2-subdivisions		
TO	upstream	iso-3166-1-countries		
TO-01	upstream	iso-3166-2-subdivisions		
TO-02	upstream	iso-3166-2-subdivisions		
TO-03	upstream	iso-3166-2-subdivisions		
TO-04	upstream	iso-3166-2-subdivisions		
TO-05	upstream	iso-3166-2-subdivisions		
TP	alias-symlink	iso-3166-1-countries	TL	ISO 3166-3, withdrawn 2002 (replaced by TL)
TR	upstream	iso-3166-1-countries		
TR-01	upstream	iso-3166-2-subdivisions		
TR-02	upstream	iso-3166-2-subdivisions		
TR-03	upstream	iso-3166-2-subdivisions		
TR-04	upstream	iso-3166-2-subdivisions		
TR-05	upstream	iso-3166-2-subdivisions		
TR-06	upstream	iso-3166-2-subdivisions		
TR-07	upstream	iso-3166-2-subdivisions		
TR-08	upstream	iso-3166-2-subdivisions		
TR-09	upstream	iso-3166-2-subdivisions		
TR-10	upstream	iso-3166-2-subdivisions		
TR-11	upstream	iso-3166-2-subdivisions		
TR-12	upstream	iso-3166-2-subdivisions		
TR-13	upstream	iso-3166-2-subdivisions		
TR-14	upstream	iso-3166-2-subdivisions		
TR-15	upstream	iso-3166-2-subdivisions		
TR-16	upstream	iso-3166-2-subdivisions		
TR-17	upstream	iso-3166-2-subdivisions		
TR-18	upstream	iso-3166-2-subdivisions		
TR-19	upstream	iso-3166-2-subdivisions		
TR-20	upstream	iso-3166-2-subdivisions		
TR-21	upstream	iso-3166-2-subdivisions		
TR-22	upstream	iso-3166-2-subdivisions		
TR-23	upstream	iso-3166-2-subdivisions		
TR-24	upstream	iso-3166-2-subdivisions		
TR-25	upstream	iso-3166-2-subdivisions		
TR-26	upstream	iso-3166-2-subdivisions		
TR-27	upstream	iso-3166-2-subdivisions		
TR-28	upstream	iso-3166-2-subdivisions		
TR-29	upstream	iso-3166-2-subdivisions		
TR-30	upstream	iso-3166-2-subdivisions		
TR-31	upstream	iso-3166-2-subdivisions		
TR-32	upstream	iso-3166-2-subdivisions		
TR-33	upstream	iso-3166-2-subdivisions		
TR-34	upstream	iso-3166-2-subdivisions		
TR-35	upstream	iso-3166-2-subdivisions		
TR-36	upstream	iso-3166-2-subdivisions		
TR-37	upstream	iso-3166-2-subdivisions		
TR-38	upstream	iso-3166-2-subdivisions		
TR-39	upstream	iso-3166-2-subdivisions		
TR-40	upstream	iso-3166-2-subdivisions		
TR-41	upstream	iso-3166-2-subdivisions		
TR-42	upstream	iso-3166-2-subdivisions		
TR-43	upstream	iso-3166-2-subdivisions		
TR-44	upstream	iso-3166-2-subdivisions		
TR-45	upstream	iso-3166-2-subdivisions		
TR-46	upstream	iso-3166-2-subdivisions		
TR-47	upstream	iso-3166-2-subdivisions		
TR-48	upstream	iso-3166-2-subdivisions		
TR-49	upstream	iso-3166-2-subdivisions		
TR-50	upstream	iso-3166-2-subdivisions		
TR-51	upstream	iso-3166-2-subdivisions		
TR-52	upstream	iso-3166-2-subdivisions		
TR-53	upstream	iso-3166-2-subdivisions		
TR-54	upstream	iso-3166-2-subdivisions		
TR-55	upstream	iso-3166-2-subdivisions		
TR-56	upstream	iso-3166-2-subdivisions		
TR-57	upstream	iso-3166-2-subdivisions		
TR-58	upstream	iso-3166-2-subdivisions		
TR-59	upstream	iso-3166-2-subdivisions		
TR-60	upstream	iso-3166-2-subdivisions		
TR-61	upstream	iso-3166-2-subdivisions		
TR-62	upstream	iso-3166-2-subdivisions		
TR-63	upstream	iso-3166-2-subdivisions		
TR-64	upstream	iso-3166-2-subdivisions		
TR-65	upstream	iso-3166-2-subdivisions		
TR-66	upstream	iso-3166-2-subdivisions		
TR-67	upstream	iso-3166-2-subdivisions		
TR-68	upstream	iso-3166-2-subdivisions		
TR-69	upstream	iso-3166-2-subdivisions		
TR-70	upstream	iso-3166-2-subdivisions		
TR-71	upstream	iso-3166-2-subdivisions		
TR-72	upstream	iso-3166-2-subdivisions		
TR-73	upstream	iso-3166-2-subdivisions		
TR-74	upstream	iso-3166-2-subdivisions		
TR-75	upstream	iso-3166-2-subdivisions		
TR-76	upstream	iso-3166-2-subdivisions		
TR-77	upstream	iso-3166-2-subdivisions		
TR-78	upstream	iso-3166-2-subdivisions		
TR-79	upstream	iso-3166-2-subdivisions		
TR-80	upstream	iso-3166-2-subdivisions		
TR-81	upstream	iso-3166-2-subdivisions		
TT	upstream	iso-3166-1-countries		
TT-ARI	upstream	iso-3166-2-subdivisions		
TT-CHA	upstream	iso-3166-2-subdivisions		
TT-CTT	upstream	iso-3166-2-subdivisions		
TT-DMN	upstream	iso-3166-2-subdivisions		
TT-ETO	upstream	iso-3166-2-subdivisions		
TT-MRC	placeholder-circle	iso-3166-2-placeholder-circle		coords from Wikidata P625
TT-PED	upstream	iso-3166-2-subdivisions		
TT-POS	upstream	iso-3166-2-subdivisions		
TT-PRT	upstream	iso-3166-2-subdivisions		
TT-PTF	upstream	iso-3166-2-subdivisions		
TT-RCM	upstream	iso-3166-2-subdivisions		
TT-SFO	upstream	iso-3166-2-subdivisions		
TT-SGE	upstream	iso-3166-2-subdivisions		
TT-SIP	upstream	iso-3166-2-subdivisions		
TT-SJL	upstream	iso-3166-2-subdivisions		
TT-TOB	placeholder-circle	iso-3166-2-placeholder-circle		coords from Wikidata P625
TT-TUP	upstream	iso-3166-2-subdivisions		
TT-WTO	upstream	iso-3166-2-subdivisions		
TV	upstream	iso-3166-1-countries		
TV-FUN	placeholder-circle	iso-3166-2-placeholder-circle		coords from Wikidata P625
TV-NIT	placeholder-circle	iso-3166-2-placeholder-circle		coords from Wikidata P625
TV-NKF	placeholder-circle	iso-3166-2-placeholder-circle		coords from Wikidata P625
TV-NKL	placeholder-circle	iso-3166-2-placeholder-circle		coords from Wikidata P625
TV-NMA	placeholder-circle	iso-3166-2-placeholder-circle		coords from Wikidata P625
TV-NMG	placeholder-circle	iso-3166-2-placeholder-circle		coords from Wikidata P625
TV-NUI	placeholder-circle	iso-3166-2-placeholder-circle		coords from Wikidata P625
TV-VAI	placeholder-circle	iso-3166-2-placeholder-circle		coords from Wikidata P625
TW	upstream	iso-3166-1-countries		
TW-CHA	upstream	iso-3166-2-subdivisions		
TW-CYI	upstream	iso-3166-2-subdivisions		
TW-CYQ	upstream	iso-3166-2-subdivisions		
TW-HSQ	upstream	iso-3166-2-subdivisions		
TW-HSZ	upstream	iso-3166-2-subdivisions		
TW-HUA	upstream	iso-3166-2-subdivisions		
TW-ILA	upstream	iso-3166-2-subdivisions		
TW-KEE	upstream	iso-3166-2-subdivisions		
TW-KHH	upstream	iso-3166-2-subdivisions		
TW-KHQ	alias-symlink-superseded	wikidata-p1366	TW-KHH	superseded by current code
TW-KIN	upstream	iso-3166-2-subdivisions		
TW-LIE	placeholder-circle	iso-3166-2-placeholder-circle		coords from Wikidata P625
TW-MIA	upstream	iso-3166-2-subdivisions		
TW-NAN	upstream	iso-3166-2-subdivisions		
TW-NWT	placeholder-circle	iso-3166-2-placeholder-circle		coords from Wikidata P625
TW-PEN	upstream	iso-3166-2-subdivisions		
TW-PIF	upstream	iso-3166-2-subdivisions		
TW-TAO	upstream	iso-3166-2-subdivisions		
TW-TNN	upstream	iso-3166-2-subdivisions		
TW-TNQ	alias-symlink-superseded	wikidata-p1366	TW-TNN	superseded by current code
TW-TPE	upstream	iso-3166-2-subdivisions		
TW-TPQ	upstream	iso-3166-2-subdivisions		
TW-TTT	upstream	iso-3166-2-subdivisions		
TW-TXG	upstream	iso-3166-2-subdivisions		
TW-TXQ	alias-symlink-superseded	wikidata-p1366	TW-TXG	superseded by current code
TW-YUN	upstream	iso-3166-2-subdivisions		
TZ	upstream	iso-3166-1-countries		
TZ-01	upstream	iso-3166-2-subdivisions		
TZ-02	upstream	iso-3166-2-subdivisions		
TZ-03	upstream	iso-3166-2-subdivisions		
TZ-04	upstream	iso-3166-2-subdivisions		
TZ-05	upstream	iso-3166-2-subdivisions		
TZ-06	upstream	iso-3166-2-subdivisions		
TZ-07	upstream	iso-3166-2-subdivisions		
TZ-08	upstream	iso-3166-2-subdivisions		
TZ-09	upstream	iso-3166-2-subdivisions		
TZ-10	upstream	iso-3166-2-subdivisions		
TZ-11	upstream	iso-3166-2-subdivisions		
TZ-12	upstream	iso-3166-2-subdivisions		
TZ-13	upstream	iso-3166-2-subdivisions		
TZ-14	upstream	iso-3166-2-subdivisions		
TZ-15	upstream	iso-3166-2-subdivisions		
TZ-16	upstream	iso-3166-2-subdivisions		
TZ-17	upstream	iso-3166-2-subdivisions		
TZ-18	upstream	iso-3166-2-subdivisions		
TZ-19	upstream	iso-3166-2-subdivisions		
TZ-20	upstream	iso-3166-2-subdivisions		
TZ-21	upstream	iso-3166-2-subdivisions		
TZ-22	upstream	iso-3166-2-subdivisions		
TZ-23	upstream	iso-3166-2-subdivisions		
TZ-24	upstream	iso-3166-2-subdivisions		
TZ-25	upstream	iso-3166-2-subdivisions		
TZ-26	upstream	iso-3166-2-subdivisions		
TZ-27	upstream	iso-3166-2-subdivisions		
TZ-28	upstream	iso-3166-2-subdivisions		
TZ-29	upstream	iso-3166-2-subdivisions		
TZ-30	upstream	iso-3166-2-subdivisions		
TZ-31	placeholder-circle	iso-3166-2-placeholder-circle		coords from Wikidata P625
UA	upstream	iso-3166-1-countries		
UA-05	upstream	iso-3166-2-subdivisions		
UA-07	upstream	iso-3166-2-subdivisions		
UA-09	upstream	iso-3166-2-subdivisions		
UA-12	upstream	iso-3166-2-subdivisions		
UA-14	upstream	iso-3166-2-subdivisions		
UA-18	upstream	iso-3166-2-subdivisions		
UA-21	upstream	iso-3166-2-subdivisions		
UA-23	upstream	iso-3166-2-subdivisions		
UA-26	upstream	iso-3166-2-subdivisions		
UA-30	upstream	iso-3166-2-subdivisions		
UA-32	upstream	iso-3166-2-subdivisions		
UA-35	upstream	iso-3166-2-subdivisions		
UA-40	upstream	iso-3166-2-subdivisions		
UA-43	upstream	iso-3166-2-subdivisions		
UA-46	upstream	iso-3166-2-subdivisions		
UA-48	upstream	iso-3166-2-subdivisions		
UA-51	upstream	iso-3166-2-subdivisions		
UA-53	upstream	iso-3166-2-subdivisions		
UA-56	upstream	iso-3166-2-subdivisions		
UA-59	upstream	iso-3166-2-subdivisions		
UA-61	upstream	iso-3166-2-subdivisions		
UA-63	upstream	iso-3166-2-subdivisions		
UA-65	upstream	iso-3166-2-subdivisions		
UA-68	upstream	iso-3166-2-subdivisions		
UA-71	upstream	iso-3166-2-subdivisions		
UA-74	upstream	iso-3166-2-subdivisions		
UA-77	upstream	iso-3166-2-subdivisions		
UG	upstream	iso-3166-1-countries		
UG-101	upstream	iso-3166-2-subdivisions		
UG-102	upstream	iso-3166-2-subdivisions		
UG-103	upstream	iso-3166-2-subdivisions		
UG-104	upstream	iso-3166-2-subdivisions		
UG-105	upstream	iso-3166-2-subdivisions		
UG-106	upstream	iso-3166-2-subdivisions		
UG-107	upstream	iso-3166-2-subdivisions		
UG-108	upstream	iso-3166-2-subdivisions		
UG-109	upstream	iso-3166-2-subdivisions		
UG-110	upstream	iso-3166-2-subdivisions		
UG-111	upstream	iso-3166-2-subdivisions		
UG-112	upstream	iso-3166-2-subdivisions		
UG-113	upstream	iso-3166-2-subdivisions		
UG-114	upstream	iso-3166-2-subdivisions		
UG-115	upstream	iso-3166-2-subdivisions		
UG-116	upstream	iso-3166-2-subdivisions		
UG-117	upstream	iso-3166-2-subdivisions		
UG-118	upstream	iso-3166-2-subdivisions		
UG-119	upstream	iso-3166-2-subdivisions		
UG-120	upstream	iso-3166-2-subdivisions		
UG-121	upstream	iso-3166-2-subdivisions		
UG-122	upstream	iso-3166-2-subdivisions		
UG-123	upstream	iso-3166-2-subdivisions		
UG-124	upstream	iso-3166-2-subdivisions		
UG-125	placeholder-circle	iso-3166-2-placeholder-circle		coords from Wikidata P625
UG-201	upstream	iso-3166-2-subdivisions		
UG-202	upstream	iso-3166-2-subdivisions		
UG-203	upstream	iso-3166-2-subdivisions		
UG-204	upstream	iso-3166-2-subdivisions		
UG-205	upstream	iso-3166-2-subdivisions		
UG-206	upstream	iso-3166-2-subdivisions		
UG-207	upstream	iso-3166-2-subdivisions		
UG-208	upstream	iso-3166-2-subdivisions		
UG-209	upstream	iso-3166-2-subdivisions		
UG-210	upstream	iso-3166-2-subdivisions		
UG-211	upstream	iso-3166-2-subdivisions		
UG-212	upstream	iso-3166-2-subdivisions		
UG-213	upstream	iso-3166-2-subdivisions		
UG-214	upstream	iso-3166-2-subdivisions		
UG-215	upstream	iso-3166-2-subdivisions		
UG-216	upstream	iso-3166-2-subdivisions		
UG-217	upstream	iso-3166-2-subdivisions		
UG-218	upstream	iso-3166-2-subdivisions		
UG-219	upstream	iso-3166-2-subdivisions		
UG-220	upstream	iso-3166-2-subdivisions		
UG-221	upstream	iso-3166-2-subdivisions		
UG-222	upstream	iso-3166-2-subdivisions		
UG-223	upstream	iso-3166-2-subdivisions		
UG-224	upstream	iso-3166-2-subdivisions		
UG-225	upstream	iso-3166-2-subdivisions		
UG-226	upstream	iso-3166-2-subdivisions		
UG-227	upstream	iso-3166-2-subdivisions		
UG-228	upstream	iso-3166-2-subdivisions		
UG-229	upstream	iso-3166-2-subdivisions		
UG-230	upstream	iso-3166-2-subdivisions		
UG-231	upstream	iso-3166-2-subdivisions		
UG-232	upstream	iso-3166-2-subdivisions		
UG-233	placeholder-circle	iso-3166-2-placeholder-circle		coords from Wikidata P625
UG-234	placeholder-circle	iso-3166-2-placeholder-circle		coords from Wikidata P625
UG-237	placeholder-country-centroid	iso-3166-2-placeholder-country-centroid		no coords in Wikidata; centroid of UG
UG-301	upstream	iso-3166-2-subdivisions		
UG-302	upstream	iso-3166-2-subdivisions		
UG-303	upstream	iso-3166-2-subdivisions		
UG-304	upstream	iso-3166-2-subdivisions		
UG-305	upstream	iso-3166-2-subdivisions		
UG-306	upstream	iso-3166-2-subdivisions		
UG-307	upstream	iso-3166-2-subdivisions		
UG-308	upstream	iso-3166-2-subdivisions		
UG-309	upstream	iso-3166-2-subdivisions		
UG-310	upstream	iso-3166-2-subdivisions		
UG-311	upstream	iso-3166-2-subdivisions		
UG-312	upstream	iso-3166-2-subdivisions		
UG-313	upstream	iso-3166-2-subdivisions		
UG-314	upstream	iso-3166-2-subdivisions		
UG-315	upstream	iso-3166-2-subdivisions		
UG-316	upstream	iso-3166-2-subdivisions		
UG-317	upstream	iso-3166-2-subdivisions		
UG-318	upstream	iso-3166-2-subdivisions		
UG-319	upstream	iso-3166-2-subdivisions		
UG-320	upstream	iso-3166-2-subdivisions		
UG-321	upstream	iso-3166-2-subdivisions		
UG-322	upstream	iso-3166-2-subdivisions		
UG-323	upstream	iso-3166-2-subdivisions		
UG-324	upstream	iso-3166-2-subdivisions		
UG-325	upstream	iso-3166-2-subdivisions		
UG-326	upstream	iso-3166-2-subdivisions		
UG-327	upstream	iso-3166-2-subdivisions		
UG-328	upstream	iso-3166-2-subdivisions		
UG-329	upstream	iso-3166-2-subdivisions		
UG-330	upstream	iso-3166-2-subdivisions		
UG-331	upstream	iso-3166-2-subdivisions		
UG-332	placeholder-circle	iso-3166-2-placeholder-circle		coords from Wikidata P625
UG-335	placeholder-circle	iso-3166-2-placeholder-circle		coords from Wikidata P625
UG-336	placeholder-country-centroid	iso-3166-2-placeholder-country-centroid		no coords in Wikidata; centroid of UG
UG-337	placeholder-circle	iso-3166-2-placeholder-circle		coords from Wikidata P625
UG-401	upstream	iso-3166-2-subdivisions		
UG-402	upstream	iso-3166-2-subdivisions		
UG-403	upstream	iso-3166-2-subdivisions		
UG-404	upstream	iso-3166-2-subdivisions		
UG-405	upstream	iso-3166-2-subdivisions		
UG-406	upstream	iso-3166-2-subdivisions		
UG-407	upstream	iso-3166-2-subdivisions		
UG-408	upstream	iso-3166-2-subdivisions		
UG-409	upstream	iso-3166-2-subdivisions		
UG-410	upstream	iso-3166-2-subdivisions		
UG-411	upstream	iso-3166-2-subdivisions		
UG-412	upstream	iso-3166-2-subdivisions		
UG-413	upstream	iso-3166-2-subdivisions		
UG-414	upstream	iso-3166-2-subdivisions		
UG-415	upstream	iso-3166-2-subdivisions		
UG-416	upstream	iso-3166-2-subdivisions		
UG-417	upstream	iso-3166-2-subdivisions		
UG-418	placeholder-circle	iso-3166-2-placeholder-circle		coords from Wikidata P625
UG-419	upstream	iso-3166-2-subdivisions		
UG-420	upstream	iso-3166-2-subdivisions		
UG-421	upstream	iso-3166-2-subdivisions		
UG-422	upstream	iso-3166-2-subdivisions		
UG-423	upstream	iso-3166-2-subdivisions		
UG-424	upstream	iso-3166-2-subdivisions		
UG-425	upstream	iso-3166-2-subdivisions		
UG-426	placeholder-circle	iso-3166-2-placeholder-circle		coords from Wikidata P625
UG-427	placeholder-circle	iso-3166-2-placeholder-circle		coords from Wikidata P625
UG-428	placeholder-circle	iso-3166-2-placeholder-circle		coords from Wikidata P625
UG-429	placeholder-circle	iso-3166-2-placeholder-circle		coords from Wikidata P625
UG-430	placeholder-circle	iso-3166-2-placeholder-circle		coords from Wikidata P625
UG-431	placeholder-circle	iso-3166-2-placeholder-circle		coords from Wikidata P625
UG-433	placeholder-country-centroid	iso-3166-2-placeholder-country-centroid		no coords in Wikidata; centroid of UG
UG-434	placeholder-circle	iso-3166-2-placeholder-circle		coords from Wikidata P625
UG-435	placeholder-circle	iso-3166-2-placeholder-circle		coords from Wikidata P625
UG-C	placeholder-circle	iso-3166-2-placeholder-circle		coords from Wikidata P625
UG-E	placeholder-circle	iso-3166-2-placeholder-circle		coords from Wikidata P625
UG-N	placeholder-circle	iso-3166-2-placeholder-circle		coords from Wikidata P625
UG-W	placeholder-circle	iso-3166-2-placeholder-circle		coords from Wikidata P625
UM	upstream	iso-3166-1-countries		
UM-67	upstream	iso-3166-2-subdivisions		
UM-71	upstream	iso-3166-2-subdivisions		
UM-76	upstream	iso-3166-2-subdivisions		
UM-79	upstream	iso-3166-2-subdivisions		
UM-81	upstream	iso-3166-2-subdivisions		
UM-84	upstream	iso-3166-2-subdivisions		
UM-86	upstream	iso-3166-2-subdivisions		
UM-89	placeholder-circle	iso-3166-2-placeholder-circle		parent=US-UM
UM-95	upstream	iso-3166-2-subdivisions		
US	upstream	iso-3166-1-countries		
US-AK	upstream	iso-3166-2-subdivisions		
US-AL	upstream	iso-3166-2-subdivisions		
US-AR	upstream	iso-3166-2-subdivisions		
US-AS	alias-symlink	iso-3166-1-countries	AS	
US-AZ	upstream	iso-3166-2-subdivisions		
US-CA	upstream	iso-3166-2-subdivisions		
US-CO	upstream	iso-3166-2-subdivisions		
US-CT	upstream	iso-3166-2-subdivisions		
US-DC	upstream-relabel	iso-3166-2-subdivisions		label override: "District of Columbia"
US-DE	upstream	iso-3166-2-subdivisions		
US-FL	upstream	iso-3166-2-subdivisions		
US-GA	upstream	iso-3166-2-subdivisions		
US-GU	alias-symlink	iso-3166-1-countries	GU	
US-HI	upstream	iso-3166-2-subdivisions		
US-IA	upstream	iso-3166-2-subdivisions		
US-ID	upstream	iso-3166-2-subdivisions		
US-IL	upstream	iso-3166-2-subdivisions		
US-IN	upstream	iso-3166-2-subdivisions		
US-KS	upstream	iso-3166-2-subdivisions		
US-KY	upstream	iso-3166-2-subdivisions		
US-LA	upstream	iso-3166-2-subdivisions		
US-MA	upstream	iso-3166-2-subdivisions		
US-MD	upstream	iso-3166-2-subdivisions		
US-ME	upstream	iso-3166-2-subdivisions		
US-MI	upstream	iso-3166-2-subdivisions		
US-MN	upstream	iso-3166-2-subdivisions		
US-MO	upstream	iso-3166-2-subdivisions		
US-MP	alias-symlink	iso-3166-1-countries	MP	
US-MS	upstream	iso-3166-2-subdivisions		
US-MT	upstream	iso-3166-2-subdivisions		
US-NC	upstream	iso-3166-2-subdivisions		
US-ND	upstream	iso-3166-2-subdivisions		
US-NE	upstream	iso-3166-2-subdivisions		
US-NH	upstream	iso-3166-2-subdivisions		
US-NJ	upstream	iso-3166-2-subdivisions		
US-NM	upstream	iso-3166-2-subdivisions		
US-NV	upstream	iso-3166-2-subdivisions		
US-NY	upstream	iso-3166-2-subdivisions		
US-OH	upstream	iso-3166-2-subdivisions		
US-OK	upstream	iso-3166-2-subdivisions		
US-OR	upstream	iso-3166-2-subdivisions		
US-PA	upstream	iso-3166-2-subdivisions		
US-PR	upstream	iso-3166-2-subdivisions		
US-RI	upstream	iso-3166-2-subdivisions		
US-SC	upstream	iso-3166-2-subdivisions		
US-SD	upstream	iso-3166-2-subdivisions		
US-TN	upstream	iso-3166-2-subdivisions		
US-TX	upstream	iso-3166-2-subdivisions		
US-UM	alias-symlink	iso-3166-1-countries	UM	
US-UT	upstream	iso-3166-2-subdivisions		
US-VA	upstream	iso-3166-2-subdivisions		
US-VI	alias-symlink	iso-3166-1-countries	VI	
US-VT	upstream	iso-3166-2-subdivisions		
US-WA	upstream	iso-3166-2-subdivisions		
US-WI	upstream	iso-3166-2-subdivisions		
US-WV	upstream	iso-3166-2-subdivisions		
US-WY	upstream	iso-3166-2-subdivisions		
UY	upstream	iso-3166-1-countries		
UY-AR	upstream	iso-3166-2-subdivisions		
UY-CA	upstream	iso-3166-2-subdivisions		
UY-CL	upstream	iso-3166-2-subdivisions		
UY-CO	upstream	iso-3166-2-subdivisions		
UY-DU	upstream	iso-3166-2-subdivisions		
UY-FD	upstream	iso-3166-2-subdivisions		
UY-FS	upstream	iso-3166-2-subdivisions		
UY-LA	upstream	iso-3166-2-subdivisions		
UY-MA	upstream	iso-3166-2-subdivisions		
UY-MO	upstream	iso-3166-2-subdivisions		
UY-PA	upstream	iso-3166-2-subdivisions		
UY-RN	upstream	iso-3166-2-subdivisions		
UY-RO	upstream	iso-3166-2-subdivisions		
UY-RV	upstream	iso-3166-2-subdivisions		
UY-SA	upstream	iso-3166-2-subdivisions		
UY-SJ	upstream	iso-3166-2-subdivisions		
UY-SO	upstream	iso-3166-2-subdivisions		
UY-TA	upstream	iso-3166-2-subdivisions		
UY-TT	upstream	iso-3166-2-subdivisions		
UZ	upstream	iso-3166-1-countries		
UZ-AN	upstream	iso-3166-2-subdivisions		
UZ-BU	upstream	iso-3166-2-subdivisions		
UZ-FA	upstream	iso-3166-2-subdivisions		
UZ-JI	upstream	iso-3166-2-subdivisions		
UZ-NG	upstream	iso-3166-2-subdivisions		
UZ-NW	upstream	iso-3166-2-subdivisions		
UZ-QA	upstream	iso-3166-2-subdivisions		
UZ-QR	upstream	iso-3166-2-subdivisions		
UZ-SA	upstream	iso-3166-2-subdivisions		
UZ-SI	upstream	iso-3166-2-subdivisions		
UZ-SU	upstream	iso-3166-2-subdivisions		
UZ-TK	upstream	iso-3166-2-subdivisions		
UZ-TO	upstream	iso-3166-2-subdivisions		
UZ-XO	upstream	iso-3166-2-subdivisions		
VA	upstream	iso-3166-1-countries		
VC	upstream	iso-3166-1-countries		
VC-01	upstream	iso-3166-2-subdivisions		
VC-02	upstream	iso-3166-2-subdivisions		
VC-03	upstream	iso-3166-2-subdivisions		
VC-04	upstream	iso-3166-2-subdivisions		
VC-05	upstream	iso-3166-2-subdivisions		
VC-06	upstream	iso-3166-2-subdivisions		
VE	upstream	iso-3166-1-countries		
VE-A	upstream	iso-3166-2-subdivisions		
VE-B	upstream	iso-3166-2-subdivisions		
VE-C	upstream	iso-3166-2-subdivisions		
VE-D	upstream	iso-3166-2-subdivisions		
VE-E	upstream	iso-3166-2-subdivisions		
VE-F	upstream	iso-3166-2-subdivisions		
VE-G	upstream	iso-3166-2-subdivisions		
VE-H	upstream	iso-3166-2-subdivisions		
VE-I	upstream	iso-3166-2-subdivisions		
VE-J	upstream	iso-3166-2-subdivisions		
VE-K	upstream	iso-3166-2-subdivisions		
VE-L	upstream	iso-3166-2-subdivisions		
VE-M	upstream	iso-3166-2-subdivisions		
VE-N	upstream	iso-3166-2-subdivisions		
VE-O	upstream	iso-3166-2-subdivisions		
VE-P	upstream	iso-3166-2-subdivisions		
VE-R	upstream	iso-3166-2-subdivisions		
VE-S	upstream	iso-3166-2-subdivisions		
VE-T	upstream	iso-3166-2-subdivisions		
VE-U	upstream	iso-3166-2-subdivisions		
VE-V	upstream	iso-3166-2-subdivisions		
VE-W	upstream	iso-3166-2-subdivisions		
VE-X	upstream	iso-3166-2-subdivisions		
VE-Y	upstream	iso-3166-2-subdivisions		
VE-Z	upstream	iso-3166-2-subdivisions		
VG	upstream	iso-3166-1-countries		
VI	upstream	iso-3166-1-countries		
VN	upstream	iso-3166-1-countries		
VN-01	upstream	iso-3166-2-subdivisions		
VN-02	upstream	iso-3166-2-subdivisions		
VN-03	upstream	iso-3166-2-subdivisions		
VN-04	upstream	iso-3166-2-subdivisions		
VN-05	upstream	iso-3166-2-subdivisions		
VN-06	upstream	iso-3166-2-subdivisions		
VN-07	upstream	iso-3166-2-subdivisions		
VN-09	upstream	iso-3166-2-subdivisions		
VN-13	upstream	iso-3166-2-subdivisions		
VN-14	upstream	iso-3166-2-subdivisions		
VN-15	placeholder-circle	iso-3166-2-placeholder-circle		coords from Wikidata P625
VN-18	upstream	iso-3166-2-subdivisions		
VN-20	upstream	iso-3166-2-subdivisions		
VN-21	upstream	iso-3166-2-subdivisions		
VN-22	upstream	iso-3166-2-subdivisions		
VN-23	upstream	iso-3166-2-subdivisions		
VN-24	upstream	iso-3166-2-subdivisions		
VN-25	upstream	iso-3166-2-subdivisions		
VN-26	upstream	iso-3166-2-subdivisions		
VN-27	upstream	iso-3166-2-subdivisions		
VN-28	upstream	iso-3166-2-subdivisions		
VN-29	upstream	iso-3166-2-subdivisions		
VN-30	upstream	iso-3166-2-subdivisions		
VN-31	upstream	iso-3166-2-subdivisions		
VN-32	upstream	iso-3166-2-subdivisions		
VN-33	upstream	iso-3166-2-subdivisions		
VN-34	upstream	iso-3166-2-subdivisions		
VN-35	upstream	iso-3166-2-subdivisions		
VN-36	upstream	iso-3166-2-subdivisions		
VN-37	upstream	iso-3166-2-subdivisions		
VN-39	upstream	iso-3166-2-subdivisions		
VN-40	upstream	iso-3166-2-subdivisions		
VN-41	upstream	iso-3166-2-subdivisions		
VN-43	upstream	iso-3166-2-subdivisions		
VN-44	upstream	iso-3166-2-subdivisions		
VN-45	upstream	iso-3166-2-subdivisions		
VN-46	upstream	iso-3166-2-subdivisions		
VN-47	upstream	iso-3166-2-subdivisions		
VN-49	upstream	iso-3166-2-subdivisions		
VN-50	upstream	iso-3166-2-subdivisions		
VN-51	upstream	iso-3166-2-subdivisions		
VN-52	upstream	iso-3166-2-subdivisions		
VN-53	upstream	iso-3166-2-subdivisions		
VN-54	upstream	iso-3166-2-subdivisions		
VN-55	upstream	iso-3166-2-subdivisions		
VN-56	upstream	iso-3166-2-subdivisions		
VN-57	upstream	iso-3166-2-subdivisions		
VN-58	upstream	iso-3166-2-subdivisions		
VN-59	upstream	iso-3166-2-subdivisions		
VN-61	upstream	iso-3166-2-subdivisions		
VN-63	upstream	iso-3166-2-subdivisions		
VN-66	upstream	iso-3166-2-subdivisions		
VN-67	upstream	iso-3166-2-subdivisions		
VN-68	upstream	iso-3166-2-subdivisions		
VN-69	upstream	iso-3166-2-subdivisions		
VN-70	upstream	iso-3166-2-subdivisions		
VN-71	upstream	iso-3166-2-subdivisions		
VN-72	upstream	iso-3166-2-subdivisions		
VN-73	upstream	iso-3166-2-subdivisions		
VN-CT	upstream	iso-3166-2-subdivisions		
VN-DN	upstream	iso-3166-2-subdivisions		
VN-HN	upstream	iso-3166-2-subdivisions		
VN-HP	upstream	iso-3166-2-subdivisions		
VN-SG	upstream	iso-3166-2-subdivisions		
VU	upstream	iso-3166-1-countries		
VU-MAP	upstream	iso-3166-2-subdivisions		
VU-PAM	upstream	iso-3166-2-subdivisions		
VU-SAM	upstream	iso-3166-2-subdivisions		
VU-SEE	upstream	iso-3166-2-subdivisions		
VU-TAE	upstream	iso-3166-2-subdivisions		
VU-TOB	upstream	iso-3166-2-subdivisions		
WF	upstream	iso-3166-1-countries		
WF-AL	upstream	iso-3166-2-subdivisions		
WF-SG	upstream	iso-3166-2-subdivisions		
WF-UV	upstream	iso-3166-2-subdivisions		
WS	upstream	iso-3166-1-countries		
WS-AA	upstream	iso-3166-2-subdivisions		
WS-AL	upstream	iso-3166-2-subdivisions		
WS-AT	upstream	iso-3166-2-subdivisions		
WS-FA	upstream	iso-3166-2-subdivisions		
WS-GE	upstream	iso-3166-2-subdivisions		
WS-GI	upstream	iso-3166-2-subdivisions		
WS-PA	upstream	iso-3166-2-subdivisions		
WS-SA	upstream	iso-3166-2-subdivisions		
WS-TU	upstream	iso-3166-2-subdivisions		
WS-VF	upstream	iso-3166-2-subdivisions		
WS-VS	upstream	iso-3166-2-subdivisions		
XK	upstream	iso-3166-1-countries		
YE	upstream	iso-3166-1-countries		
YE-AB	upstream	iso-3166-2-subdivisions		
YE-AD	upstream	iso-3166-2-subdivisions		
YE-AM	upstream	iso-3166-2-subdivisions		
YE-BA	upstream	iso-3166-2-subdivisions		
YE-DA	upstream	iso-3166-2-subdivisions		
YE-DH	upstream	iso-3166-2-subdivisions		
YE-HD	upstream	iso-3166-2-subdivisions		
YE-HJ	upstream	iso-3166-2-subdivisions		
YE-HU	upstream	iso-3166-2-subdivisions		
YE-IB	upstream	iso-3166-2-subdivisions		
YE-JA	upstream	iso-3166-2-subdivisions		
YE-LA	upstream	iso-3166-2-subdivisions		
YE-MA	upstream	iso-3166-2-subdivisions		
YE-MR	upstream	iso-3166-2-subdivisions		
YE-MW	upstream	iso-3166-2-subdivisions		
YE-RA	upstream	iso-3166-2-subdivisions		
YE-SA	upstream	iso-3166-2-subdivisions		
YE-SD	upstream	iso-3166-2-subdivisions		
YE-SH	upstream	iso-3166-2-subdivisions		
YE-SN	upstream	iso-3166-2-subdivisions		
YE-SU	placeholder-circle	iso-3166-2-placeholder-circle		coords from Wikidata P625
YE-TA	upstream	iso-3166-2-subdivisions		
YT	upstream	iso-3166-1-subunits		
YU	dissolved	iso-3166-3-dissolved-successors		ISO 3166-3, withdrawn 2003
YU-CG	placeholder-circle	iso-3166-2-placeholder-circle		coords from Wikidata P625
YU-SR	placeholder-circle	iso-3166-2-placeholder-circle		coords from Wikidata P625
ZA	upstream	iso-3166-1-countries		
ZA-EC	upstream	iso-3166-2-subdivisions		
ZA-FS	upstream	iso-3166-2-subdivisions		
ZA-GP	placeholder-circle	iso-3166-2-placeholder-circle		coords from Wikidata P625
ZA-GT	upstream	iso-3166-2-subdivisions		
ZA-KZN	placeholder-circle	iso-3166-2-placeholder-circle		coords from Wikidata P625
ZA-LP	upstream	iso-3166-2-subdivisions		
ZA-MP	upstream	iso-3166-2-subdivisions		
ZA-NC	upstream	iso-3166-2-subdivisions		
ZA-NL	upstream	iso-3166-2-subdivisions		
ZA-NW	upstream	iso-3166-2-subdivisions		
ZA-WC	upstream	iso-3166-2-subdivisions		
ZM	upstream	iso-3166-1-countries		
ZM-01	upstream	iso-3166-2-subdivisions		
ZM-02	upstream	iso-3166-2-subdivisions		
ZM-03	upstream	iso-3166-2-subdivisions		
ZM-04	upstream	iso-3166-2-subdivisions		
ZM-05	upstream	iso-3166-2-subdivisions		
ZM-06	upstream	iso-3166-2-subdivisions		
ZM-07	upstream	iso-3166-2-subdivisions		
ZM-08	upstream	iso-3166-2-subdivisions		
ZM-09	upstream	iso-3166-2-subdivisions		
ZM-10	upstream	iso-3166-2-subdivisions		
ZW	upstream	iso-3166-1-countries		
ZW-BU	upstream	iso-3166-2-subdivisions		
ZW-HA	upstream	iso-3166-2-subdivisions		
ZW-MA	upstream	iso-3166-2-subdivisions		
ZW-MC	upstream	iso-3166-2-subdivisions		
ZW-ME	upstream	iso-3166-2-subdivisions		
ZW-MI	upstream	iso-3166-2-subdivisions		
ZW-MN	upstream	iso-3166-2-subdivisions		
ZW-MS	upstream	iso-3166-2-subdivisions		
ZW-MV	upstream	iso-3166-2-subdivisions		
ZW-MW	upstream	iso-3166-2-subdivisions		
